,client_id,workflow_id,job_id,was_completed,deadline,create_time,response_time
0,3aefe4fd-81eb-4d6e-981d-53277d7ee2fa,6,0,True,338,26,63.31088573728867
1,3aefe4fd-81eb-4d6e-981d-53277d7ee2fa,6,1,True,370,58,63.592489750271184
2,3aefe4fd-81eb-4d6e-981d-53277d7ee2fa,6,2,True,391,79,71.09885391212543
3,3aefe4fd-81eb-4d6e-981d-53277d7ee2fa,6,3,True,420,108,83.46919553638503
4,3aefe4fd-81eb-4d6e-981d-53277d7ee2fa,6,4,True,454,142,74.84859002171311
5,3aefe4fd-81eb-4d6e-981d-53277d7ee2fa,6,5,True,476,164,91.28117092457228
6,3aefe4fd-81eb-4d6e-981d-53277d7ee2fa,6,6,True,501,189,90.41892448171569
7,3aefe4fd-81eb-4d6e-981d-53277d7ee2fa,6,7,True,528,216,140.03039210059615
8,3aefe4fd-81eb-4d6e-981d-53277d7ee2fa,6,8,True,557,245,108.25018902382328
9,3aefe4fd-81eb-4d6e-981d-53277d7ee2fa,6,9,True,581,269,97.02547509326251
10,3aefe4fd-81eb-4d6e-981d-53277d7ee2fa,6,10,True,608,296,180.36487334617493
11,3aefe4fd-81eb-4d6e-981d-53277d7ee2fa,6,11,True,631,319,159.82391339127747
12,3aefe4fd-81eb-4d6e-981d-53277d7ee2fa,6,12,True,660,348,107.12809811252845
13,3aefe4fd-81eb-4d6e-981d-53277d7ee2fa,6,13,True,689,377,151.89801787574038
14,3aefe4fd-81eb-4d6e-981d-53277d7ee2fa,6,14,True,714,402,148.89585476509308
15,3aefe4fd-81eb-4d6e-981d-53277d7ee2fa,6,15,True,745,433,125.77618833794838
16,3aefe4fd-81eb-4d6e-981d-53277d7ee2fa,6,16,True,765,453,145.74210912006856
17,3aefe4fd-81eb-4d6e-981d-53277d7ee2fa,6,17,True,789,477,132.0019664458664
18,3aefe4fd-81eb-4d6e-981d-53277d7ee2fa,6,18,True,814,502,135.0214458856707
19,3aefe4fd-81eb-4d6e-981d-53277d7ee2fa,6,19,True,842,530,98.59577441425711
20,3aefe4fd-81eb-4d6e-981d-53277d7ee2fa,6,20,True,880,568,110.45888504456127
21,3aefe4fd-81eb-4d6e-981d-53277d7ee2fa,6,21,True,909,597,99.38885397581453
22,3aefe4fd-81eb-4d6e-981d-53277d7ee2fa,6,22,True,928,616,91.57009875688891
23,3aefe4fd-81eb-4d6e-981d-53277d7ee2fa,6,23,True,943,631,146.17862602401658
24,3aefe4fd-81eb-4d6e-981d-53277d7ee2fa,6,24,True,969,657,125.03928082671814
25,3aefe4fd-81eb-4d6e-981d-53277d7ee2fa,6,25,True,1003,691,139.3798367012588
26,3aefe4fd-81eb-4d6e-981d-53277d7ee2fa,6,26,True,1027,715,120.18212027421293
27,3aefe4fd-81eb-4d6e-981d-53277d7ee2fa,6,27,True,1048,736,144.30085138745187
28,3aefe4fd-81eb-4d6e-981d-53277d7ee2fa,6,28,True,1080,768,122.13616186575393
29,3aefe4fd-81eb-4d6e-981d-53277d7ee2fa,6,29,True,1111,799,201.50956483194614
30,3aefe4fd-81eb-4d6e-981d-53277d7ee2fa,6,30,True,1143,831,148.71156942413722
31,3aefe4fd-81eb-4d6e-981d-53277d7ee2fa,6,31,True,1168,856,193.33880861442321
32,3aefe4fd-81eb-4d6e-981d-53277d7ee2fa,6,32,True,1202,890,162.14237371959666
33,3aefe4fd-81eb-4d6e-981d-53277d7ee2fa,6,33,True,1227,915,179.88783899026998
34,3aefe4fd-81eb-4d6e-981d-53277d7ee2fa,6,34,True,1252,940,157.14024122233855
35,3aefe4fd-81eb-4d6e-981d-53277d7ee2fa,6,35,True,1283,971,178.38890900086813
36,3aefe4fd-81eb-4d6e-981d-53277d7ee2fa,6,36,True,1318,1006,197.37007717684446
37,3aefe4fd-81eb-4d6e-981d-53277d7ee2fa,6,37,True,1338,1026,173.83499561267104
38,3aefe4fd-81eb-4d6e-981d-53277d7ee2fa,6,38,True,1370,1058,198.36481129622393
39,3aefe4fd-81eb-4d6e-981d-53277d7ee2fa,6,39,True,1402,1090,157.45998021548075
40,3aefe4fd-81eb-4d6e-981d-53277d7ee2fa,6,40,True,1430,1118,191.7765780303871
41,3aefe4fd-81eb-4d6e-981d-53277d7ee2fa,6,41,True,1455,1143,181.57524515075784
42,3aefe4fd-81eb-4d6e-981d-53277d7ee2fa,6,42,True,1491,1179,189.36174521634007
43,3aefe4fd-81eb-4d6e-981d-53277d7ee2fa,6,43,True,1517,1205,147.1980075536885
44,3aefe4fd-81eb-4d6e-981d-53277d7ee2fa,6,44,True,1540,1228,189.17015688386186
45,3aefe4fd-81eb-4d6e-981d-53277d7ee2fa,6,45,True,1564,1252,124.11578858636176
46,3aefe4fd-81eb-4d6e-981d-53277d7ee2fa,6,46,True,1601,1289,174.9310314913007
47,3aefe4fd-81eb-4d6e-981d-53277d7ee2fa,6,47,True,1631,1319,135.7528432347474
48,3aefe4fd-81eb-4d6e-981d-53277d7ee2fa,6,48,True,1664,1352,165.45678430377689
49,3aefe4fd-81eb-4d6e-981d-53277d7ee2fa,6,49,True,1699,1387,192.13753672540224
50,3aefe4fd-81eb-4d6e-981d-53277d7ee2fa,6,50,True,1724,1412,144.3177780301728
51,3aefe4fd-81eb-4d6e-981d-53277d7ee2fa,6,51,True,1747,1435,131.73095450599112
52,3aefe4fd-81eb-4d6e-981d-53277d7ee2fa,6,52,True,1773,1461,199.22236167154892
53,3aefe4fd-81eb-4d6e-981d-53277d7ee2fa,6,53,True,1793,1481,156.2226782878513
54,3aefe4fd-81eb-4d6e-981d-53277d7ee2fa,6,54,True,1832,1520,167.58624057235215
55,3aefe4fd-81eb-4d6e-981d-53277d7ee2fa,6,55,True,1860,1548,188.73281246255078
56,3aefe4fd-81eb-4d6e-981d-53277d7ee2fa,6,56,True,1886,1574,160.10810444976073
57,3aefe4fd-81eb-4d6e-981d-53277d7ee2fa,6,57,True,1928,1616,146.00318299938226
58,3aefe4fd-81eb-4d6e-981d-53277d7ee2fa,6,58,True,1956,1644,112.94760986287838
59,3aefe4fd-81eb-4d6e-981d-53277d7ee2fa,6,59,True,1980,1668,114.85404115318079
60,3aefe4fd-81eb-4d6e-981d-53277d7ee2fa,6,60,True,2009,1697,146.07256648616794
61,3aefe4fd-81eb-4d6e-981d-53277d7ee2fa,6,61,True,2025,1713,150.71885765176148
62,3aefe4fd-81eb-4d6e-981d-53277d7ee2fa,6,62,True,2061,1749,145.9309303711268
63,3aefe4fd-81eb-4d6e-981d-53277d7ee2fa,6,63,True,2082,1770,142.99637806513533
64,3aefe4fd-81eb-4d6e-981d-53277d7ee2fa,6,64,True,2112,1800,209.75788948877334
65,3aefe4fd-81eb-4d6e-981d-53277d7ee2fa,6,65,True,2135,1823,189.35411655103053
66,3aefe4fd-81eb-4d6e-981d-53277d7ee2fa,6,66,True,2161,1849,157.9573849206838
67,3aefe4fd-81eb-4d6e-981d-53277d7ee2fa,6,67,True,2191,1879,204.59194592875156
68,3aefe4fd-81eb-4d6e-981d-53277d7ee2fa,6,68,True,2216,1904,182.1976211685269
69,3aefe4fd-81eb-4d6e-981d-53277d7ee2fa,6,69,True,2247,1935,193.52678172320066
70,3aefe4fd-81eb-4d6e-981d-53277d7ee2fa,6,70,True,2275,1963,170.3477761773861
71,3aefe4fd-81eb-4d6e-981d-53277d7ee2fa,6,71,True,2305,1993,150.44613466028295
72,3aefe4fd-81eb-4d6e-981d-53277d7ee2fa,6,72,True,2336,2024,150.39372190719905
73,3aefe4fd-81eb-4d6e-981d-53277d7ee2fa,6,73,True,2374,2062,152.15395480943926
74,3aefe4fd-81eb-4d6e-981d-53277d7ee2fa,6,74,True,2399,2087,158.88674170344893
75,3aefe4fd-81eb-4d6e-981d-53277d7ee2fa,6,75,True,2436,2124,141.49620730854258
76,3aefe4fd-81eb-4d6e-981d-53277d7ee2fa,6,76,True,2460,2148,115.19228543799727
77,3aefe4fd-81eb-4d6e-981d-53277d7ee2fa,6,77,True,2493,2181,152.5980686766493
78,3aefe4fd-81eb-4d6e-981d-53277d7ee2fa,6,78,True,2521,2209,132.44616549924876
79,3aefe4fd-81eb-4d6e-981d-53277d7ee2fa,6,79,True,2557,2245,139.98694864659228
80,3aefe4fd-81eb-4d6e-981d-53277d7ee2fa,6,80,True,2582,2270,125.35625960276457
81,3aefe4fd-81eb-4d6e-981d-53277d7ee2fa,6,81,True,2617,2305,113.41582258739754
82,3aefe4fd-81eb-4d6e-981d-53277d7ee2fa,6,82,True,2647,2335,133.03585229288637
83,3aefe4fd-81eb-4d6e-981d-53277d7ee2fa,6,83,True,2669,2357,130.12141578468572
84,3aefe4fd-81eb-4d6e-981d-53277d7ee2fa,6,84,True,2698,2386,108.06657838204228
85,3aefe4fd-81eb-4d6e-981d-53277d7ee2fa,6,85,True,2718,2406,137.97392054297552
86,3aefe4fd-81eb-4d6e-981d-53277d7ee2fa,6,86,True,2746,2434,120.17640807593762
87,3aefe4fd-81eb-4d6e-981d-53277d7ee2fa,6,87,True,2776,2464,137.26731345280677
88,3aefe4fd-81eb-4d6e-981d-53277d7ee2fa,6,88,True,2807,2495,121.5319927087221
89,3aefe4fd-81eb-4d6e-981d-53277d7ee2fa,6,89,True,2832,2520,141.6998187445738
90,3aefe4fd-81eb-4d6e-981d-53277d7ee2fa,6,90,True,2862,2550,125.67086823441423
91,3aefe4fd-81eb-4d6e-981d-53277d7ee2fa,6,91,True,2892,2580,106.07606383613756
92,3aefe4fd-81eb-4d6e-981d-53277d7ee2fa,6,92,True,2911,2599,141.38586877537819
93,3aefe4fd-81eb-4d6e-981d-53277d7ee2fa,6,93,True,2935,2623,120.85810515515413
94,3aefe4fd-81eb-4d6e-981d-53277d7ee2fa,6,94,True,2970,2658,117.8912842831669
95,3aefe4fd-81eb-4d6e-981d-53277d7ee2fa,6,95,True,3003,2691,148.14735221630872
96,3aefe4fd-81eb-4d6e-981d-53277d7ee2fa,6,96,True,3032,2720,136.7438681608137
97,3aefe4fd-81eb-4d6e-981d-53277d7ee2fa,6,97,True,3054,2742,126.46368962261886
98,3aefe4fd-81eb-4d6e-981d-53277d7ee2fa,6,98,True,3078,2766,148.33863571819438
99,3aefe4fd-81eb-4d6e-981d-53277d7ee2fa,6,99,True,3108,2796,124.31351392651777
100,3aefe4fd-81eb-4d6e-981d-53277d7ee2fa,6,100,True,3145,2833,115.12774658548051
101,3aefe4fd-81eb-4d6e-981d-53277d7ee2fa,6,101,True,3172,2860,138.26149178346805
102,3aefe4fd-81eb-4d6e-981d-53277d7ee2fa,6,102,True,3196,2884,122.64010066066021
103,3aefe4fd-81eb-4d6e-981d-53277d7ee2fa,6,103,True,3230,2918,119.8420657043007
104,3aefe4fd-81eb-4d6e-981d-53277d7ee2fa,6,104,True,3252,2940,108.23668028885504
105,3aefe4fd-81eb-4d6e-981d-53277d7ee2fa,6,105,True,3290,2978,110.3715177902859
106,3aefe4fd-81eb-4d6e-981d-53277d7ee2fa,6,106,True,3319,3007,99.10780708327457
107,3aefe4fd-81eb-4d6e-981d-53277d7ee2fa,6,107,True,3340,3028,142.1824868243907
108,3aefe4fd-81eb-4d6e-981d-53277d7ee2fa,6,108,True,3375,3063,139.40035746906688
109,3aefe4fd-81eb-4d6e-981d-53277d7ee2fa,6,109,True,3406,3094,88.31277949994137
110,3aefe4fd-81eb-4d6e-981d-53277d7ee2fa,6,110,True,3431,3119,166.6656731489852
111,3aefe4fd-81eb-4d6e-981d-53277d7ee2fa,6,111,True,3459,3147,115.74947286157521
112,3aefe4fd-81eb-4d6e-981d-53277d7ee2fa,6,112,True,3492,3180,108.29433795536625
113,3aefe4fd-81eb-4d6e-981d-53277d7ee2fa,6,113,True,3523,3211,159.8789899771864
114,3aefe4fd-81eb-4d6e-981d-53277d7ee2fa,6,114,True,3558,3246,127.58464862910478
115,3aefe4fd-81eb-4d6e-981d-53277d7ee2fa,6,115,True,3584,3272,149.43899540469465
116,3aefe4fd-81eb-4d6e-981d-53277d7ee2fa,6,116,True,3613,3301,108.59081854345686
117,3aefe4fd-81eb-4d6e-981d-53277d7ee2fa,6,117,True,3640,3328,104.87775242592443
118,3aefe4fd-81eb-4d6e-981d-53277d7ee2fa,6,118,True,3664,3352,121.48582296976883
119,3aefe4fd-81eb-4d6e-981d-53277d7ee2fa,6,119,True,3676,3364,94.1194327437488
120,3aefe4fd-81eb-4d6e-981d-53277d7ee2fa,6,120,True,3709,3397,151.02254138251237
121,3aefe4fd-81eb-4d6e-981d-53277d7ee2fa,6,121,True,3730,3418,132.28810648254876
122,3aefe4fd-81eb-4d6e-981d-53277d7ee2fa,6,122,True,3762,3450,174.43052820671664
123,3aefe4fd-81eb-4d6e-981d-53277d7ee2fa,6,123,True,3792,3480,123.92793493093905
124,3aefe4fd-81eb-4d6e-981d-53277d7ee2fa,6,124,True,3820,3508,143.25043405907672
125,3aefe4fd-81eb-4d6e-981d-53277d7ee2fa,6,125,True,3848,3536,145.3826587757967
126,3aefe4fd-81eb-4d6e-981d-53277d7ee2fa,6,126,True,3881,3569,146.47312150764992
127,3aefe4fd-81eb-4d6e-981d-53277d7ee2fa,6,127,True,3908,3596,136.1317197254184
128,3aefe4fd-81eb-4d6e-981d-53277d7ee2fa,6,128,True,3942,3630,171.67729682036907
129,3aefe4fd-81eb-4d6e-981d-53277d7ee2fa,6,129,True,3968,3656,116.43242205159731
130,3aefe4fd-81eb-4d6e-981d-53277d7ee2fa,6,130,True,3990,3678,179.92007819171795
131,3aefe4fd-81eb-4d6e-981d-53277d7ee2fa,6,131,True,4018,3706,115.28473093301409
132,3aefe4fd-81eb-4d6e-981d-53277d7ee2fa,6,132,True,4048,3736,179.58755018844158
133,3aefe4fd-81eb-4d6e-981d-53277d7ee2fa,6,133,True,4088,3776,115.52550878873353
134,3aefe4fd-81eb-4d6e-981d-53277d7ee2fa,6,134,True,4117,3805,161.7429911712402
135,3aefe4fd-81eb-4d6e-981d-53277d7ee2fa,6,135,True,4143,3831,117.62834172626617
136,3aefe4fd-81eb-4d6e-981d-53277d7ee2fa,6,136,True,4168,3856,163.9036806266654
137,3aefe4fd-81eb-4d6e-981d-53277d7ee2fa,6,137,True,4183,3871,120.37825322387198
138,3aefe4fd-81eb-4d6e-981d-53277d7ee2fa,6,138,True,4217,3905,145.92751490456203
139,3aefe4fd-81eb-4d6e-981d-53277d7ee2fa,6,139,True,4244,3932,140.83878902650122
140,3aefe4fd-81eb-4d6e-981d-53277d7ee2fa,6,140,True,4272,3960,139.42783046782733
141,3aefe4fd-81eb-4d6e-981d-53277d7ee2fa,6,141,True,4294,3982,142.54036024759716
142,3aefe4fd-81eb-4d6e-981d-53277d7ee2fa,6,142,True,4320,4008,126.27612256570956
143,3aefe4fd-81eb-4d6e-981d-53277d7ee2fa,6,143,True,4350,4038,138.70972343957055
144,3aefe4fd-81eb-4d6e-981d-53277d7ee2fa,6,144,True,4376,4064,140.52499197155612
145,3aefe4fd-81eb-4d6e-981d-53277d7ee2fa,6,145,True,4404,4092,109.14864301064335
146,3aefe4fd-81eb-4d6e-981d-53277d7ee2fa,6,146,True,4434,4122,132.09810110674061
147,3aefe4fd-81eb-4d6e-981d-53277d7ee2fa,6,147,True,4452,4140,127.42900961845407
148,3aefe4fd-81eb-4d6e-981d-53277d7ee2fa,6,148,True,4490,4178,153.8224807127781
149,3aefe4fd-81eb-4d6e-981d-53277d7ee2fa,6,149,True,4516,4204,125.17724877758064
150,3aefe4fd-81eb-4d6e-981d-53277d7ee2fa,6,150,True,4543,4231,179.316545816293
151,3aefe4fd-81eb-4d6e-981d-53277d7ee2fa,6,151,True,4581,4269,134.47341352706553
152,3aefe4fd-81eb-4d6e-981d-53277d7ee2fa,6,152,True,4603,4291,143.9439956480128
153,3aefe4fd-81eb-4d6e-981d-53277d7ee2fa,6,153,True,4623,4311,118.83519824165069
154,3aefe4fd-81eb-4d6e-981d-53277d7ee2fa,6,154,True,4642,4330,192.18715976288695
155,3aefe4fd-81eb-4d6e-981d-53277d7ee2fa,6,155,True,4660,4348,121.58204989669866
156,3aefe4fd-81eb-4d6e-981d-53277d7ee2fa,6,156,True,4694,4382,115.03352842667664
157,3aefe4fd-81eb-4d6e-981d-53277d7ee2fa,6,157,True,4727,4415,161.0160557243662
158,3aefe4fd-81eb-4d6e-981d-53277d7ee2fa,6,158,True,4747,4435,186.89927969503424
159,3aefe4fd-81eb-4d6e-981d-53277d7ee2fa,6,159,True,4777,4465,141.39978763860017
160,3aefe4fd-81eb-4d6e-981d-53277d7ee2fa,6,160,True,4801,4489,159.8100866033692
161,3aefe4fd-81eb-4d6e-981d-53277d7ee2fa,6,161,True,4827,4515,144.35259373193367
162,3aefe4fd-81eb-4d6e-981d-53277d7ee2fa,6,162,True,4852,4540,136.32128952619132
163,3aefe4fd-81eb-4d6e-981d-53277d7ee2fa,6,163,True,4886,4574,155.6304486350009
164,3aefe4fd-81eb-4d6e-981d-53277d7ee2fa,6,164,True,4918,4606,178.00374238736094
165,3aefe4fd-81eb-4d6e-981d-53277d7ee2fa,6,165,True,4938,4626,154.82994075083388
166,3aefe4fd-81eb-4d6e-981d-53277d7ee2fa,6,166,True,4966,4654,178.3201619912261
167,3aefe4fd-81eb-4d6e-981d-53277d7ee2fa,6,167,True,4991,4679,126.07364283178595
168,3aefe4fd-81eb-4d6e-981d-53277d7ee2fa,6,168,True,5017,4705,131.2638160196575
169,3aefe4fd-81eb-4d6e-981d-53277d7ee2fa,6,169,True,5053,4741,113.2441755633181
170,3aefe4fd-81eb-4d6e-981d-53277d7ee2fa,6,170,True,5078,4766,148.75462891214647
171,3aefe4fd-81eb-4d6e-981d-53277d7ee2fa,6,171,True,5118,4806,164.53410890119085
172,3aefe4fd-81eb-4d6e-981d-53277d7ee2fa,6,172,True,5148,4836,185.59389439801544
173,3aefe4fd-81eb-4d6e-981d-53277d7ee2fa,6,173,True,5172,4860,141.29290014385515
174,3aefe4fd-81eb-4d6e-981d-53277d7ee2fa,6,174,True,5202,4890,194.57729006025056
175,3aefe4fd-81eb-4d6e-981d-53277d7ee2fa,6,175,True,5221,4909,155.0836924015921
176,3aefe4fd-81eb-4d6e-981d-53277d7ee2fa,6,176,True,5238,4926,114.11555624200082
177,3aefe4fd-81eb-4d6e-981d-53277d7ee2fa,6,177,True,5265,4953,211.9982582441471
178,3aefe4fd-81eb-4d6e-981d-53277d7ee2fa,6,178,True,5290,4978,190.01792984075928
179,3aefe4fd-81eb-4d6e-981d-53277d7ee2fa,6,179,True,5311,4999,203.3612581818088
180,3aefe4fd-81eb-4d6e-981d-53277d7ee2fa,6,180,True,5341,5029,162.75462721082567
181,3aefe4fd-81eb-4d6e-981d-53277d7ee2fa,6,181,True,5360,5048,202.33909647710152
182,3aefe4fd-81eb-4d6e-981d-53277d7ee2fa,6,182,True,5391,5079,168.72872762003226
183,3aefe4fd-81eb-4d6e-981d-53277d7ee2fa,6,183,True,5417,5105,166.0870814088821
184,3aefe4fd-81eb-4d6e-981d-53277d7ee2fa,6,184,True,5443,5131,144.0988805064526
185,3aefe4fd-81eb-4d6e-981d-53277d7ee2fa,6,185,True,5475,5163,155.9130461705272
186,3aefe4fd-81eb-4d6e-981d-53277d7ee2fa,6,186,True,5502,5190,178.36988227406346
187,3aefe4fd-81eb-4d6e-981d-53277d7ee2fa,6,187,True,5522,5210,135.2342464082676
188,3aefe4fd-81eb-4d6e-981d-53277d7ee2fa,6,188,True,5539,5227,192.6145985709618
189,3aefe4fd-81eb-4d6e-981d-53277d7ee2fa,6,189,True,5559,5247,147.9650010827163
190,3aefe4fd-81eb-4d6e-981d-53277d7ee2fa,6,190,True,5591,5279,194.7568232392623
191,3aefe4fd-81eb-4d6e-981d-53277d7ee2fa,6,191,True,5633,5321,128.59161158383358
192,3aefe4fd-81eb-4d6e-981d-53277d7ee2fa,6,192,True,5657,5345,179.96851104147117
193,3aefe4fd-81eb-4d6e-981d-53277d7ee2fa,6,193,True,5675,5363,113.34440874459597
194,3aefe4fd-81eb-4d6e-981d-53277d7ee2fa,6,194,True,5705,5393,140.7476654901684
195,3aefe4fd-81eb-4d6e-981d-53277d7ee2fa,6,195,True,5732,5420,111.383285249055
196,3aefe4fd-81eb-4d6e-981d-53277d7ee2fa,6,196,True,5761,5449,131.90605266535204
197,3aefe4fd-81eb-4d6e-981d-53277d7ee2fa,6,197,True,5776,5464,197.73702740185308
198,3aefe4fd-81eb-4d6e-981d-53277d7ee2fa,6,198,True,5815,5503,133.1263769720581
199,3aefe4fd-81eb-4d6e-981d-53277d7ee2fa,6,199,True,5842,5530,103.93493958064755
200,3aefe4fd-81eb-4d6e-981d-53277d7ee2fa,6,200,True,5866,5554,146.04600932510493
201,3aefe4fd-81eb-4d6e-981d-53277d7ee2fa,6,201,True,5893,5581,153.79339111226454
202,3aefe4fd-81eb-4d6e-981d-53277d7ee2fa,6,202,True,5922,5610,149.25920970370225
203,3aefe4fd-81eb-4d6e-981d-53277d7ee2fa,6,203,True,5953,5641,153.19128662941148
204,3aefe4fd-81eb-4d6e-981d-53277d7ee2fa,6,204,True,5978,5666,126.00394328278708
205,3aefe4fd-81eb-4d6e-981d-53277d7ee2fa,6,205,True,6009,5697,163.67092685786974
206,3aefe4fd-81eb-4d6e-981d-53277d7ee2fa,6,206,True,6045,5733,166.42131084585435
207,3aefe4fd-81eb-4d6e-981d-53277d7ee2fa,6,207,True,6084,5772,181.88790591061206
208,3aefe4fd-81eb-4d6e-981d-53277d7ee2fa,6,208,True,6113,5801,133.7361385342674
209,3aefe4fd-81eb-4d6e-981d-53277d7ee2fa,6,209,True,6128,5816,192.21210760985468
210,3aefe4fd-81eb-4d6e-981d-53277d7ee2fa,6,210,True,6154,5842,146.71455958801744
211,3aefe4fd-81eb-4d6e-981d-53277d7ee2fa,6,211,True,6183,5871,188.42437837083526
212,3aefe4fd-81eb-4d6e-981d-53277d7ee2fa,6,212,True,6217,5905,135.63763686816037
213,3aefe4fd-81eb-4d6e-981d-53277d7ee2fa,6,213,True,6243,5931,142.53653849980492
214,3aefe4fd-81eb-4d6e-981d-53277d7ee2fa,6,214,True,6277,5965,157.75280048433433
215,3aefe4fd-81eb-4d6e-981d-53277d7ee2fa,6,215,True,6304,5992,181.25905432355194
216,3aefe4fd-81eb-4d6e-981d-53277d7ee2fa,6,216,True,6344,6032,125.65900200868418
217,3aefe4fd-81eb-4d6e-981d-53277d7ee2fa,6,217,True,6367,6055,170.83634015021926
218,3aefe4fd-81eb-4d6e-981d-53277d7ee2fa,6,218,True,6397,6085,143.18262380576562
219,3aefe4fd-81eb-4d6e-981d-53277d7ee2fa,6,219,True,6417,6105,144.096638148515
220,3aefe4fd-81eb-4d6e-981d-53277d7ee2fa,6,220,True,6445,6133,143.1663049061708
221,3aefe4fd-81eb-4d6e-981d-53277d7ee2fa,6,221,True,6473,6161,205.6539620280373
222,3aefe4fd-81eb-4d6e-981d-53277d7ee2fa,6,222,True,6502,6190,153.63525359886353
223,3aefe4fd-81eb-4d6e-981d-53277d7ee2fa,6,223,True,6537,6225,214.06560586948672
224,3aefe4fd-81eb-4d6e-981d-53277d7ee2fa,6,224,True,6558,6246,195.82747243841368
225,3aefe4fd-81eb-4d6e-981d-53277d7ee2fa,6,225,True,6590,6278,223.19785536458858
226,3aefe4fd-81eb-4d6e-981d-53277d7ee2fa,6,226,True,6621,6309,196.04107059798207
227,3aefe4fd-81eb-4d6e-981d-53277d7ee2fa,6,227,True,6642,6330,237.4502248810395
228,3aefe4fd-81eb-4d6e-981d-53277d7ee2fa,6,228,True,6667,6355,235.98869781783378
229,3aefe4fd-81eb-4d6e-981d-53277d7ee2fa,6,229,True,6693,6381,188.811913899538
230,3aefe4fd-81eb-4d6e-981d-53277d7ee2fa,6,230,True,6729,6417,193.76999661192076
231,3aefe4fd-81eb-4d6e-981d-53277d7ee2fa,6,231,True,6757,6445,194.07593775946862
232,3aefe4fd-81eb-4d6e-981d-53277d7ee2fa,6,232,True,6783,6471,165.40058957859765
233,3aefe4fd-81eb-4d6e-981d-53277d7ee2fa,6,233,True,6811,6499,186.32699267891076
234,3aefe4fd-81eb-4d6e-981d-53277d7ee2fa,6,234,True,6839,6527,231.8600658300429
235,3aefe4fd-81eb-4d6e-981d-53277d7ee2fa,6,235,True,6869,6557,166.26981145913305
236,3aefe4fd-81eb-4d6e-981d-53277d7ee2fa,6,236,True,6887,6575,119.76759327243053
237,3aefe4fd-81eb-4d6e-981d-53277d7ee2fa,6,237,True,6908,6596,196.57835484673615
238,3aefe4fd-81eb-4d6e-981d-53277d7ee2fa,6,238,True,6929,6617,141.8600658300429
239,3aefe4fd-81eb-4d6e-981d-53277d7ee2fa,6,239,True,6951,6639,199.66385312255898
240,3aefe4fd-81eb-4d6e-981d-53277d7ee2fa,6,240,True,6987,6675,141.7997906247292
241,3aefe4fd-81eb-4d6e-981d-53277d7ee2fa,6,241,True,7017,6705,183.49669352592628
242,3aefe4fd-81eb-4d6e-981d-53277d7ee2fa,6,242,True,7039,6727,135.92864026536336
243,3aefe4fd-81eb-4d6e-981d-53277d7ee2fa,6,243,True,7061,6749,164.93707218567124
244,3aefe4fd-81eb-4d6e-981d-53277d7ee2fa,6,244,True,7083,6771,198.23032104770027
245,3aefe4fd-81eb-4d6e-981d-53277d7ee2fa,6,245,True,7103,6791,150.13751903802313
246,3aefe4fd-81eb-4d6e-981d-53277d7ee2fa,6,246,True,7126,6814,124.60808831326813
247,3aefe4fd-81eb-4d6e-981d-53277d7ee2fa,6,247,True,7154,6842,123.0705257686177
248,3aefe4fd-81eb-4d6e-981d-53277d7ee2fa,6,248,True,7184,6872,138.28681688082543
249,3aefe4fd-81eb-4d6e-981d-53277d7ee2fa,6,249,True,7201,6889,135.96087124287806
250,3aefe4fd-81eb-4d6e-981d-53277d7ee2fa,6,250,True,7234,6922,210.5789625592588
251,3aefe4fd-81eb-4d6e-981d-53277d7ee2fa,6,251,True,7256,6944,141.81054795554246
252,3aefe4fd-81eb-4d6e-981d-53277d7ee2fa,6,252,True,7282,6970,158.4946321942425
253,3aefe4fd-81eb-4d6e-981d-53277d7ee2fa,6,253,True,7312,7000,208.8608051008996
254,3aefe4fd-81eb-4d6e-981d-53277d7ee2fa,6,254,True,7339,7027,159.13575646657318
255,3aefe4fd-81eb-4d6e-981d-53277d7ee2fa,6,255,True,7353,7041,167.8608051008996
256,3aefe4fd-81eb-4d6e-981d-53277d7ee2fa,6,256,True,7381,7069,136.68032126240905
257,3aefe4fd-81eb-4d6e-981d-53277d7ee2fa,6,257,True,7401,7089,143.1495548428502
258,3aefe4fd-81eb-4d6e-981d-53277d7ee2fa,6,258,True,7429,7117,144.22479139119878
259,3aefe4fd-81eb-4d6e-981d-53277d7ee2fa,6,259,True,7453,7141,212.4890421133723
260,3aefe4fd-81eb-4d6e-981d-53277d7ee2fa,6,260,True,7476,7164,184.89877836793403
261,3aefe4fd-81eb-4d6e-981d-53277d7ee2fa,6,261,True,7505,7193,204.28660743149794
262,3aefe4fd-81eb-4d6e-981d-53277d7ee2fa,6,262,True,7538,7226,178.41143854559868
263,3aefe4fd-81eb-4d6e-981d-53277d7ee2fa,6,263,True,7557,7245,209.10296125265086
264,3aefe4fd-81eb-4d6e-981d-53277d7ee2fa,6,264,True,7586,7274,174.06690547121525
265,3aefe4fd-81eb-4d6e-981d-53277d7ee2fa,6,265,True,7613,7301,153.10296125265086
266,3aefe4fd-81eb-4d6e-981d-53277d7ee2fa,6,266,True,7637,7325,176.58628395491178
267,3aefe4fd-81eb-4d6e-981d-53277d7ee2fa,6,267,True,7667,7355,149.18973475048188
268,3aefe4fd-81eb-4d6e-981d-53277d7ee2fa,6,268,True,7696,7384,154.442051794058
269,3aefe4fd-81eb-4d6e-981d-53277d7ee2fa,6,269,True,7716,7404,170.72185824302233
270,3aefe4fd-81eb-4d6e-981d-53277d7ee2fa,6,270,True,7739,7427,189.75466817529377
271,3aefe4fd-81eb-4d6e-981d-53277d7ee2fa,6,271,True,7761,7449,172.684338009748
272,3aefe4fd-81eb-4d6e-981d-53277d7ee2fa,6,272,True,7780,7468,159.96258472857244
273,3aefe4fd-81eb-4d6e-981d-53277d7ee2fa,6,273,True,7800,7488,139.96258472857244
274,3aefe4fd-81eb-4d6e-981d-53277d7ee2fa,6,274,True,7833,7521,136.44826635570735
275,3aefe4fd-81eb-4d6e-981d-53277d7ee2fa,6,275,True,7855,7543,123.39178524183808
276,3aefe4fd-81eb-4d6e-981d-53277d7ee2fa,6,276,True,7892,7580,173.2862453248781
277,3aefe4fd-81eb-4d6e-981d-53277d7ee2fa,6,277,True,7921,7609,192.60777552506988
278,3aefe4fd-81eb-4d6e-981d-53277d7ee2fa,6,278,True,7953,7641,138.50974189247245
279,3aefe4fd-81eb-4d6e-981d-53277d7ee2fa,6,279,True,7978,7666,140.03690492797614
280,3aefe4fd-81eb-4d6e-981d-53277d7ee2fa,6,280,True,8006,7694,135.74161528347759
281,3aefe4fd-81eb-4d6e-981d-53277d7ee2fa,6,281,True,8026,7714,140.7937829555285
282,3aefe4fd-81eb-4d6e-981d-53277d7ee2fa,6,282,True,8050,7738,140.02236162980262
283,3aefe4fd-81eb-4d6e-981d-53277d7ee2fa,6,283,True,8071,7759,124.84278575154985
284,3aefe4fd-81eb-4d6e-981d-53277d7ee2fa,6,284,True,8099,7787,187.58838395693056
285,3aefe4fd-81eb-4d6e-981d-53277d7ee2fa,6,285,True,8124,7812,160.32212547071595
286,3aefe4fd-81eb-4d6e-981d-53277d7ee2fa,6,286,True,8149,7837,186.3723342561334
287,3aefe4fd-81eb-4d6e-981d-53277d7ee2fa,6,287,True,8173,7861,155.60575957687252
288,3aefe4fd-81eb-4d6e-981d-53277d7ee2fa,6,288,True,8205,7893,125.96968397402907
289,3aefe4fd-81eb-4d6e-981d-53277d7ee2fa,6,289,True,8232,7920,232.32422376652175
290,3aefe4fd-81eb-4d6e-981d-53277d7ee2fa,6,290,True,8257,7945,198.09464466033023
291,3aefe4fd-81eb-4d6e-981d-53277d7ee2fa,6,291,True,8278,7966,182.02645349032355
292,3aefe4fd-81eb-4d6e-981d-53277d7ee2fa,6,292,True,8316,8004,192.8490584058036
293,3aefe4fd-81eb-4d6e-981d-53277d7ee2fa,6,293,True,8334,8022,179.573748583618
294,3aefe4fd-81eb-4d6e-981d-53277d7ee2fa,6,294,True,8363,8051,220.68902749150402
295,3aefe4fd-81eb-4d6e-981d-53277d7ee2fa,6,295,True,8384,8072,174.5164789589271
296,3aefe4fd-81eb-4d6e-981d-53277d7ee2fa,6,296,True,8407,8095,176.68902749150402
297,3aefe4fd-81eb-4d6e-981d-53277d7ee2fa,6,297,True,8429,8117,192.10683883234742
298,3aefe4fd-81eb-4d6e-981d-53277d7ee2fa,6,298,True,8459,8147,150.74682579317778
299,3aefe4fd-81eb-4d6e-981d-53277d7ee2fa,6,299,True,8484,8172,262.72958031504277
300,3aefe4fd-81eb-4d6e-981d-53277d7ee2fa,6,300,True,8510,8198,234.05676988476262
301,3aefe4fd-81eb-4d6e-981d-53277d7ee2fa,6,301,True,8537,8225,185.5353557772978
302,3aefe4fd-81eb-4d6e-981d-53277d7ee2fa,6,302,True,8564,8252,206.3965539523706
303,3aefe4fd-81eb-4d6e-981d-53277d7ee2fa,6,303,True,8596,8284,203.31519643172578
304,3aefe4fd-81eb-4d6e-981d-53277d7ee2fa,6,304,True,8622,8310,177.31519643172578
305,3aefe4fd-81eb-4d6e-981d-53277d7ee2fa,6,305,True,8658,8346,194.7426331740553
306,3aefe4fd-81eb-4d6e-981d-53277d7ee2fa,6,306,True,8688,8376,172.5832132423584
307,3aefe4fd-81eb-4d6e-981d-53277d7ee2fa,6,307,True,8709,8397,202.71475823848596
308,3aefe4fd-81eb-4d6e-981d-53277d7ee2fa,6,308,True,8739,8427,172.71475823848596
309,3aefe4fd-81eb-4d6e-981d-53277d7ee2fa,6,309,True,8760,8448,148.496394343274
310,3aefe4fd-81eb-4d6e-981d-53277d7ee2fa,6,310,True,8784,8472,300.681240076603
311,3aefe4fd-81eb-4d6e-981d-53277d7ee2fa,6,311,True,8809,8497,255.73345624023386
312,3aefe4fd-81eb-4d6e-981d-53277d7ee2fa,6,312,True,8830,8518,232.68118507358668
313,3aefe4fd-81eb-4d6e-981d-53277d7ee2fa,6,313,True,8863,8551,296.64443372034657
314,3aefe4fd-81eb-4d6e-981d-53277d7ee2fa,6,314,True,8886,8574,226.84428911834766
315,3aefe4fd-81eb-4d6e-981d-53277d7ee2fa,6,315,True,8917,8605,242.64443372034657
316,3aefe4fd-81eb-4d6e-981d-53277d7ee2fa,6,316,True,8948,8636,258.1598975152974
317,3aefe4fd-81eb-4d6e-981d-53277d7ee2fa,6,317,True,8972,8660,294.64574279548106
318,3aefe4fd-81eb-4d6e-981d-53277d7ee2fa,6,318,True,9001,8689,233.68219095995119
319,3aefe4fd-81eb-4d6e-981d-53277d7ee2fa,6,319,True,9028,8716,238.64574279548106
320,3aefe4fd-81eb-4d6e-981d-53277d7ee2fa,6,320,True,9049,8737,224.46095527522266
321,3aefe4fd-81eb-4d6e-981d-53277d7ee2fa,6,321,True,9077,8765,189.64574279548106
322,3aefe4fd-81eb-4d6e-981d-53277d7ee2fa,6,322,True,9115,8803,235.43557523452364
323,3aefe4fd-81eb-4d6e-981d-53277d7ee2fa,6,323,True,9146,8834,190.4717306632283
324,3aefe4fd-81eb-4d6e-981d-53277d7ee2fa,6,324,True,9175,8863,175.43557523452364
325,3aefe4fd-81eb-4d6e-981d-53277d7ee2fa,6,325,True,9202,8890,168.28043306008112
326,3aefe4fd-81eb-4d6e-981d-53277d7ee2fa,6,326,True,9229,8917,169.26698390310776
327,3aefe4fd-81eb-4d6e-981d-53277d7ee2fa,6,327,True,9250,8938,165.47996054472787
328,3aefe4fd-81eb-4d6e-981d-53277d7ee2fa,6,328,True,9285,8973,164.01637131401367
329,3aefe4fd-81eb-4d6e-981d-53277d7ee2fa,6,329,True,9314,9002,192.00711669869816
330,3aefe4fd-81eb-4d6e-981d-53277d7ee2fa,6,330,True,9331,9019,166.9304537326443
331,3aefe4fd-81eb-4d6e-981d-53277d7ee2fa,6,331,True,9364,9052,166.99112060659536
332,3aefe4fd-81eb-4d6e-981d-53277d7ee2fa,6,332,True,9389,9077,159.21880871269605
333,3aefe4fd-81eb-4d6e-981d-53277d7ee2fa,6,333,True,9417,9105,147.7634103971286
334,3aefe4fd-81eb-4d6e-981d-53277d7ee2fa,6,334,True,9442,9130,167.144565807459
335,3aefe4fd-81eb-4d6e-981d-53277d7ee2fa,6,335,True,9474,9162,137.9030432139807
336,3aefe4fd-81eb-4d6e-981d-53277d7ee2fa,6,336,True,9497,9185,193.8608882095068
337,3aefe4fd-81eb-4d6e-981d-53277d7ee2fa,6,337,True,9518,9206,149.73269735616304
338,3aefe4fd-81eb-4d6e-981d-53277d7ee2fa,6,338,True,9546,9234,175.1992630352015
339,3aefe4fd-81eb-4d6e-981d-53277d7ee2fa,6,339,True,9583,9271,135.5082700044004
340,3aefe4fd-81eb-4d6e-981d-53277d7ee2fa,6,340,True,9612,9300,187.48102336677948
341,3aefe4fd-81eb-4d6e-981d-53277d7ee2fa,6,341,True,9633,9321,145.3990504032845
342,3aefe4fd-81eb-4d6e-981d-53277d7ee2fa,6,342,True,9661,9349,143.05351278747548
343,3aefe4fd-81eb-4d6e-981d-53277d7ee2fa,6,343,True,9679,9367,127.33007245920635
344,3aefe4fd-81eb-4d6e-981d-53277d7ee2fa,6,344,True,9702,9390,156.33841160468546
345,3aefe4fd-81eb-4d6e-981d-53277d7ee2fa,6,345,True,9725,9413,130.92126892286979
346,3aefe4fd-81eb-4d6e-981d-53277d7ee2fa,6,346,True,9754,9442,149.87264191661234
347,3aefe4fd-81eb-4d6e-981d-53277d7ee2fa,6,347,True,9786,9474,178.97311196175724
348,3aefe4fd-81eb-4d6e-981d-53277d7ee2fa,6,348,True,9814,9502,120.44187220107051
349,3aefe4fd-81eb-4d6e-981d-53277d7ee2fa,6,349,True,9840,9528,144.62092439371736
350,3aefe4fd-81eb-4d6e-981d-53277d7ee2fa,6,350,True,9861,9549,157.43682227270438
351,3aefe4fd-81eb-4d6e-981d-53277d7ee2fa,6,351,True,9887,9575,170.24333462147297
352,3aefe4fd-81eb-4d6e-981d-53277d7ee2fa,6,352,True,9917,9605,153.34792780646967
353,3aefe4fd-81eb-4d6e-981d-53277d7ee2fa,6,353,True,9948,9636,177.96317599133727
354,3aefe4fd-81eb-4d6e-981d-53277d7ee2fa,6,354,True,9971,9659,128.8875446025486
355,3aefe4fd-81eb-4d6e-981d-53277d7ee2fa,6,355,True,10004,9692,119.52140226306983
356,3aefe4fd-81eb-4d6e-981d-53277d7ee2fa,6,356,True,10034,9722,123.59911107263542
357,3aefe4fd-81eb-4d6e-981d-53277d7ee2fa,6,357,True,10054,9742,168.7344471811466
358,3aefe4fd-81eb-4d6e-981d-53277d7ee2fa,6,358,True,10085,9773,143.1270686627122
359,3aefe4fd-81eb-4d6e-981d-53277d7ee2fa,6,359,True,10119,9807,139.74353701540167
360,3aefe4fd-81eb-4d6e-981d-53277d7ee2fa,6,360,True,10149,9837,125.69450236003286
361,3aefe4fd-81eb-4d6e-981d-53277d7ee2fa,6,361,True,10172,9860,191.74210078402757
362,3aefe4fd-81eb-4d6e-981d-53277d7ee2fa,6,362,True,10194,9882,143.66448853994916
363,3aefe4fd-81eb-4d6e-981d-53277d7ee2fa,6,363,True,10220,9908,169.13624123324917
364,3aefe4fd-81eb-4d6e-981d-53277d7ee2fa,6,364,True,10253,9941,132.49374076382264
365,3aefe4fd-81eb-4d6e-981d-53277d7ee2fa,6,365,True,10277,9965,161.97703956455734
366,3aefe4fd-81eb-4d6e-981d-53277d7ee2fa,6,366,True,10306,9994,105.01135832677937
367,3aefe4fd-81eb-4d6e-981d-53277d7ee2fa,6,367,True,10336,10024,151.21018839273347
368,3aefe4fd-81eb-4d6e-981d-53277d7ee2fa,6,368,True,10365,10053,124.36776760804605
369,3aefe4fd-81eb-4d6e-981d-53277d7ee2fa,6,369,True,10397,10085,149.25340430386495
370,3aefe4fd-81eb-4d6e-981d-53277d7ee2fa,6,370,True,10432,10120,111.9848372459619
371,3aefe4fd-81eb-4d6e-981d-53277d7ee2fa,6,371,True,10459,10147,137.80145841643025
372,3aefe4fd-81eb-4d6e-981d-53277d7ee2fa,6,372,True,10483,10171,115.76148347099843
373,3aefe4fd-81eb-4d6e-981d-53277d7ee2fa,6,373,True,10513,10201,133.218814245065
374,3aefe4fd-81eb-4d6e-981d-53277d7ee2fa,6,374,True,10534,10222,127.19901505737653
375,3aefe4fd-81eb-4d6e-981d-53277d7ee2fa,6,375,True,10556,10244,134.3569194261945
376,3aefe4fd-81eb-4d6e-981d-53277d7ee2fa,6,376,True,10576,10264,119.0133099142804
377,3aefe4fd-81eb-4d6e-981d-53277d7ee2fa,6,377,True,10600,10288,146.23207594247287
378,3aefe4fd-81eb-4d6e-981d-53277d7ee2fa,6,378,True,10630,10318,113.84949787808182
379,3aefe4fd-81eb-4d6e-981d-53277d7ee2fa,6,379,True,10653,10341,125.57496189368612
380,3aefe4fd-81eb-4d6e-981d-53277d7ee2fa,6,380,True,10688,10376,105.83815837886868
381,3aefe4fd-81eb-4d6e-981d-53277d7ee2fa,6,381,True,10717,10405,131.89446979275635
382,3aefe4fd-81eb-4d6e-981d-53277d7ee2fa,6,382,True,10743,10431,113.65801456311056
383,3aefe4fd-81eb-4d6e-981d-53277d7ee2fa,6,383,True,10771,10459,129.16255144197385
384,3aefe4fd-81eb-4d6e-981d-53277d7ee2fa,6,384,True,10793,10481,112.2143203205178
385,3aefe4fd-81eb-4d6e-981d-53277d7ee2fa,6,385,True,10812,10500,182.8913319375988
386,3aefe4fd-81eb-4d6e-981d-53277d7ee2fa,6,386,True,10835,10523,168.85130431947255
387,3aefe4fd-81eb-4d6e-981d-53277d7ee2fa,6,387,True,10859,10547,147.0397442964695
388,3aefe4fd-81eb-4d6e-981d-53277d7ee2fa,6,388,True,10890,10578,194.04147114612897
389,3aefe4fd-81eb-4d6e-981d-53277d7ee2fa,6,389,True,10919,10607,140.13910823874903
390,3aefe4fd-81eb-4d6e-981d-53277d7ee2fa,6,390,True,10951,10639,158.9091202864547
391,3aefe4fd-81eb-4d6e-981d-53277d7ee2fa,6,391,True,10980,10668,131.86187859397432
392,3aefe4fd-81eb-4d6e-981d-53277d7ee2fa,6,392,True,11008,10696,132.76688088226
393,3aefe4fd-81eb-4d6e-981d-53277d7ee2fa,6,393,True,11033,10721,157.82925116753904
394,3aefe4fd-81eb-4d6e-981d-53277d7ee2fa,6,394,True,11053,10741,134.04293878937096
395,3aefe4fd-81eb-4d6e-981d-53277d7ee2fa,6,395,True,11084,10772,119.00106407097155
396,3aefe4fd-81eb-4d6e-981d-53277d7ee2fa,6,396,True,11115,10803,135.31704466095107
397,3aefe4fd-81eb-4d6e-981d-53277d7ee2fa,6,397,True,11138,10826,123.30762043338655
398,3aefe4fd-81eb-4d6e-981d-53277d7ee2fa,6,398,True,11171,10859,102.41464242965048
399,3aefe4fd-81eb-4d6e-981d-53277d7ee2fa,6,399,True,11195,10883,159.32997454842916
400,3aefe4fd-81eb-4d6e-981d-53277d7ee2fa,6,400,True,11220,10908,147.15608176497153
401,3aefe4fd-81eb-4d6e-981d-53277d7ee2fa,6,401,True,11257,10945,146.14430471539163
402,3aefe4fd-81eb-4d6e-981d-53277d7ee2fa,6,402,True,11296,10984,122.46638503098075
403,3aefe4fd-81eb-4d6e-981d-53277d7ee2fa,6,403,True,11318,11006,121.42242940951473
404,3aefe4fd-81eb-4d6e-981d-53277d7ee2fa,6,404,True,11353,11041,98.35762464845175
405,3aefe4fd-81eb-4d6e-981d-53277d7ee2fa,6,405,True,11386,11074,90.44886977794886
406,3aefe4fd-81eb-4d6e-981d-53277d7ee2fa,6,406,True,11410,11098,107.8972611662848
407,3aefe4fd-81eb-4d6e-981d-53277d7ee2fa,6,407,True,11449,11137,122.29700443394904
408,3aefe4fd-81eb-4d6e-981d-53277d7ee2fa,6,408,True,11471,11159,104.52480511053545
409,3aefe4fd-81eb-4d6e-981d-53277d7ee2fa,6,409,True,11508,11196,89.296535292935
410,3aefe4fd-81eb-4d6e-981d-53277d7ee2fa,6,410,True,11539,11227,95.12426866244095
411,3aefe4fd-81eb-4d6e-981d-53277d7ee2fa,6,411,True,11578,11266,111.90866278401882
412,3aefe4fd-81eb-4d6e-981d-53277d7ee2fa,6,412,True,11612,11300,112.954127787385
413,3aefe4fd-81eb-4d6e-981d-53277d7ee2fa,6,413,True,11637,11325,114.08714140255688
414,3aefe4fd-81eb-4d6e-981d-53277d7ee2fa,6,414,True,11660,11348,134.79314593092568
415,3aefe4fd-81eb-4d6e-981d-53277d7ee2fa,6,415,True,11685,11373,119.9950922490134
416,3aefe4fd-81eb-4d6e-981d-53277d7ee2fa,6,416,True,11703,11391,170.82373011237542
417,3aefe4fd-81eb-4d6e-981d-53277d7ee2fa,6,417,True,11731,11419,140.3397504061395
418,3aefe4fd-81eb-4d6e-981d-53277d7ee2fa,6,418,True,11756,11444,162.27631497778566
419,3aefe4fd-81eb-4d6e-981d-53277d7ee2fa,6,419,True,11791,11479,130.05081392990905
420,3aefe4fd-81eb-4d6e-981d-53277d7ee2fa,6,420,True,11814,11502,156.22148949098664
421,3aefe4fd-81eb-4d6e-981d-53277d7ee2fa,6,421,True,11849,11537,127.83430984074585
422,3aefe4fd-81eb-4d6e-981d-53277d7ee2fa,6,422,True,11884,11572,116.60928032606171
423,3aefe4fd-81eb-4d6e-981d-53277d7ee2fa,6,423,True,11922,11610,100.5992682235792
424,3aefe4fd-81eb-4d6e-981d-53277d7ee2fa,6,424,True,11954,11642,193.999435129821
425,3aefe4fd-81eb-4d6e-981d-53277d7ee2fa,6,425,True,11981,11669,214.6121355449559
426,3aefe4fd-81eb-4d6e-981d-53277d7ee2fa,6,426,True,12013,11701,180.15342071937994
427,3aefe4fd-81eb-4d6e-981d-53277d7ee2fa,6,427,True,12039,11727,209.49754259972178
428,3aefe4fd-81eb-4d6e-981d-53277d7ee2fa,6,428,True,12062,11750,154.11346375321955
429,3aefe4fd-81eb-4d6e-981d-53277d7ee2fa,6,429,True,12087,11775,211.12598866510416
430,3aefe4fd-81eb-4d6e-981d-53277d7ee2fa,6,430,True,12111,11799,181.83087479083042
431,3aefe4fd-81eb-4d6e-981d-53277d7ee2fa,6,431,True,12126,11814,169.8405539075411
432,3aefe4fd-81eb-4d6e-981d-53277d7ee2fa,6,432,True,12152,11840,143.8405539075411
433,3aefe4fd-81eb-4d6e-981d-53277d7ee2fa,6,433,True,12185,11873,214.05209240549993
434,3aefe4fd-81eb-4d6e-981d-53277d7ee2fa,6,434,True,12211,11899,212.83600513437887
435,3aefe4fd-81eb-4d6e-981d-53277d7ee2fa,6,435,True,12250,11938,177.77683334590802
436,3aefe4fd-81eb-4d6e-981d-53277d7ee2fa,6,436,True,12279,11967,197.4397258682311
437,3aefe4fd-81eb-4d6e-981d-53277d7ee2fa,6,437,True,12318,12006,138.82477312614355
438,3aefe4fd-81eb-4d6e-981d-53277d7ee2fa,6,438,True,12347,12035,176.7297150141967
439,3aefe4fd-81eb-4d6e-981d-53277d7ee2fa,6,439,True,12370,12058,134.48572189271545
440,3aefe4fd-81eb-4d6e-981d-53277d7ee2fa,6,440,True,12393,12081,156.80576443566315
441,3aefe4fd-81eb-4d6e-981d-53277d7ee2fa,6,441,True,12425,12113,155.25643631697676
442,3aefe4fd-81eb-4d6e-981d-53277d7ee2fa,6,442,True,12451,12139,172.88086840839242
443,3aefe4fd-81eb-4d6e-981d-53277d7ee2fa,6,443,True,12482,12170,149.10257885308602
444,3aefe4fd-81eb-4d6e-981d-53277d7ee2fa,6,444,True,12515,12203,169.36237841156617
445,3aefe4fd-81eb-4d6e-981d-53277d7ee2fa,6,445,True,12538,12226,160.2998277896586
446,3aefe4fd-81eb-4d6e-981d-53277d7ee2fa,6,446,True,12567,12255,134.0867117524158
447,3aefe4fd-81eb-4d6e-981d-53277d7ee2fa,6,447,True,12591,12279,157.4816876619334
448,3aefe4fd-81eb-4d6e-981d-53277d7ee2fa,6,448,True,12625,12313,125.71153650455017
449,3aefe4fd-81eb-4d6e-981d-53277d7ee2fa,6,449,True,12655,12343,188.10475969579238
450,3aefe4fd-81eb-4d6e-981d-53277d7ee2fa,6,450,True,12674,12362,171.6198915636287
451,3aefe4fd-81eb-4d6e-981d-53277d7ee2fa,6,451,True,12700,12388,193.422806059516
452,3aefe4fd-81eb-4d6e-981d-53277d7ee2fa,6,452,True,12731,12419,185.73440050224417
453,3aefe4fd-81eb-4d6e-981d-53277d7ee2fa,6,453,True,12750,12438,132.25434760056305
454,3aefe4fd-81eb-4d6e-981d-53277d7ee2fa,6,454,True,12781,12469,186.1379597748546
455,3aefe4fd-81eb-4d6e-981d-53277d7ee2fa,6,455,True,12815,12503,135.46552027438156
456,3aefe4fd-81eb-4d6e-981d-53277d7ee2fa,6,456,True,12842,12530,174.50576983271276
457,3aefe4fd-81eb-4d6e-981d-53277d7ee2fa,6,457,True,12875,12563,146.48666496856276
458,3aefe4fd-81eb-4d6e-981d-53277d7ee2fa,6,458,True,12906,12594,167.18517299412088
459,3aefe4fd-81eb-4d6e-981d-53277d7ee2fa,6,459,True,12930,12618,140.90307297849722
460,3aefe4fd-81eb-4d6e-981d-53277d7ee2fa,6,460,True,12963,12651,163.59765518945642
461,3aefe4fd-81eb-4d6e-981d-53277d7ee2fa,6,461,True,12994,12682,144.15660090603342
462,3aefe4fd-81eb-4d6e-981d-53277d7ee2fa,6,462,True,13025,12713,128.43618998075726
463,3aefe4fd-81eb-4d6e-981d-53277d7ee2fa,6,463,True,13055,12743,124.91163227279321
464,3aefe4fd-81eb-4d6e-981d-53277d7ee2fa,6,464,True,13077,12765,153.83118943810405
465,3aefe4fd-81eb-4d6e-981d-53277d7ee2fa,6,465,True,13112,12800,135.74033351600337
466,3aefe4fd-81eb-4d6e-981d-53277d7ee2fa,6,466,True,13145,12833,127.99106101816687
467,3aefe4fd-81eb-4d6e-981d-53277d7ee2fa,6,467,True,13170,12858,160.2037979354718
468,3aefe4fd-81eb-4d6e-981d-53277d7ee2fa,6,468,True,13192,12880,141.63517802915885
469,3aefe4fd-81eb-4d6e-981d-53277d7ee2fa,6,469,True,13226,12914,152.56285920483606
470,3aefe4fd-81eb-4d6e-981d-53277d7ee2fa,6,470,True,13256,12944,126.9361899789219
471,3aefe4fd-81eb-4d6e-981d-53277d7ee2fa,6,471,True,13286,12974,153.01190595869048
472,3aefe4fd-81eb-4d6e-981d-53277d7ee2fa,6,472,True,13318,13006,141.10793266951805
473,3aefe4fd-81eb-4d6e-981d-53277d7ee2fa,6,473,True,13350,13038,156.07574469282372
474,3aefe4fd-81eb-4d6e-981d-53277d7ee2fa,6,474,True,13392,13080,158.27566410214968
475,3aefe4fd-81eb-4d6e-981d-53277d7ee2fa,6,475,True,13423,13111,113.538328335193
476,3aefe4fd-81eb-4d6e-981d-53277d7ee2fa,6,476,True,13447,13135,128.77031383527174
477,3aefe4fd-81eb-4d6e-981d-53277d7ee2fa,6,477,True,13465,13153,142.24086397075916
478,3aefe4fd-81eb-4d6e-981d-53277d7ee2fa,6,478,True,13490,13178,125.29336281705582
479,3aefe4fd-81eb-4d6e-981d-53277d7ee2fa,6,479,True,13522,13210,164.12488082440177
480,3aefe4fd-81eb-4d6e-981d-53277d7ee2fa,6,480,True,13554,13242,174.47106881737454
481,3aefe4fd-81eb-4d6e-981d-53277d7ee2fa,6,481,True,13582,13270,120.4965278496893
482,3aefe4fd-81eb-4d6e-981d-53277d7ee2fa,6,482,True,13613,13301,172.35988565702246
483,3aefe4fd-81eb-4d6e-981d-53277d7ee2fa,6,483,True,13640,13328,141.4635964679237
484,3aefe4fd-81eb-4d6e-981d-53277d7ee2fa,6,484,True,13662,13350,144.17105542124955
485,3aefe4fd-81eb-4d6e-981d-53277d7ee2fa,6,485,True,13693,13381,138.391142341452
486,3aefe4fd-81eb-4d6e-981d-53277d7ee2fa,6,486,True,13712,13400,104.80965260686389
487,3aefe4fd-81eb-4d6e-981d-53277d7ee2fa,6,487,True,13742,13430,128.93482893280088
488,3aefe4fd-81eb-4d6e-981d-53277d7ee2fa,6,488,True,13782,13470,154.6006468184678
489,3aefe4fd-81eb-4d6e-981d-53277d7ee2fa,6,489,True,13809,13497,102.01667672814074
490,3aefe4fd-81eb-4d6e-981d-53277d7ee2fa,6,490,True,13835,13523,138.22694759834485
491,3aefe4fd-81eb-4d6e-981d-53277d7ee2fa,6,491,True,13861,13549,128.7437400402905
492,3aefe4fd-81eb-4d6e-981d-53277d7ee2fa,6,492,True,13897,13585,131.48264896691035
493,3aefe4fd-81eb-4d6e-981d-53277d7ee2fa,6,493,True,13920,13608,120.19221277986617
494,3aefe4fd-81eb-4d6e-981d-53277d7ee2fa,6,494,True,13950,13638,143.74565373159567
495,3aefe4fd-81eb-4d6e-981d-53277d7ee2fa,6,495,True,13984,13672,107.3019696647807
496,3aefe4fd-81eb-4d6e-981d-53277d7ee2fa,6,496,True,14027,13715,88.12966636355122
497,3aefe4fd-81eb-4d6e-981d-53277d7ee2fa,6,497,True,14059,13747,136.30248863647466
498,3aefe4fd-81eb-4d6e-981d-53277d7ee2fa,6,498,True,14080,13768,112.85493430135466
499,3aefe4fd-81eb-4d6e-981d-53277d7ee2fa,6,499,True,14117,13805,99.29867554525117
500,3aefe4fd-81eb-4d6e-981d-53277d7ee2fa,6,500,True,14150,13838,113.8903719916907
501,3aefe4fd-81eb-4d6e-981d-53277d7ee2fa,6,501,True,14170,13858,143.7905672099405
502,3aefe4fd-81eb-4d6e-981d-53277d7ee2fa,6,502,True,14201,13889,115.0908807677406
503,3aefe4fd-81eb-4d6e-981d-53277d7ee2fa,6,503,True,14224,13912,152.7535735794827
504,3aefe4fd-81eb-4d6e-981d-53277d7ee2fa,6,504,True,14241,13929,149.6471344396832
505,3aefe4fd-81eb-4d6e-981d-53277d7ee2fa,6,505,True,14265,13953,136.27384198783875
506,3aefe4fd-81eb-4d6e-981d-53277d7ee2fa,6,506,True,14290,13978,115.68452438658096
507,3aefe4fd-81eb-4d6e-981d-53277d7ee2fa,6,507,True,14316,14004,136.49277963360692
508,3aefe4fd-81eb-4d6e-981d-53277d7ee2fa,6,508,True,14345,14033,118.81249837493124
509,3aefe4fd-81eb-4d6e-981d-53277d7ee2fa,6,509,True,14377,14065,125.4614435067324
510,3aefe4fd-81eb-4d6e-981d-53277d7ee2fa,6,510,True,14404,14092,148.47204996362052
511,3aefe4fd-81eb-4d6e-981d-53277d7ee2fa,6,511,True,14425,14113,109.08520859937016
512,3aefe4fd-81eb-4d6e-981d-53277d7ee2fa,6,512,True,14455,14143,128.76643887452337
513,3aefe4fd-81eb-4d6e-981d-53277d7ee2fa,6,513,True,14484,14172,151.79701381547602
514,3aefe4fd-81eb-4d6e-981d-53277d7ee2fa,6,514,True,14509,14197,132.01024834427517
515,3aefe4fd-81eb-4d6e-981d-53277d7ee2fa,6,515,True,14528,14216,135.2374503367355
516,3aefe4fd-81eb-4d6e-981d-53277d7ee2fa,6,516,True,14541,14229,119.62476495681403
517,3aefe4fd-81eb-4d6e-981d-53277d7ee2fa,6,517,True,14567,14255,120.19920762147376
518,3aefe4fd-81eb-4d6e-981d-53277d7ee2fa,6,518,True,14596,14284,199.90057156815965
519,3aefe4fd-81eb-4d6e-981d-53277d7ee2fa,6,519,True,14629,14317,190.11889518173848
520,3aefe4fd-81eb-4d6e-981d-53277d7ee2fa,6,520,True,14651,14339,200.81320131390385
521,3aefe4fd-81eb-4d6e-981d-53277d7ee2fa,6,521,True,14681,14369,233.90578804039615
522,3aefe4fd-81eb-4d6e-981d-53277d7ee2fa,6,522,True,14712,14400,214.31497550162385
523,3aefe4fd-81eb-4d6e-981d-53277d7ee2fa,6,523,True,14737,14425,162.32532947619256
524,3aefe4fd-81eb-4d6e-981d-53277d7ee2fa,6,524,True,14756,14444,208.3601551102456
525,3aefe4fd-81eb-4d6e-981d-53277d7ee2fa,6,525,True,14784,14472,166.5315659334392
526,3aefe4fd-81eb-4d6e-981d-53277d7ee2fa,6,526,True,14811,14499,185.4074857620817
527,3aefe4fd-81eb-4d6e-981d-53277d7ee2fa,6,527,True,14839,14527,175.78059735083662
528,3aefe4fd-81eb-4d6e-981d-53277d7ee2fa,6,528,True,14858,14546,207.27882912521272
529,3aefe4fd-81eb-4d6e-981d-53277d7ee2fa,6,529,True,14881,14569,159.83277392495256
530,3aefe4fd-81eb-4d6e-981d-53277d7ee2fa,6,530,True,14916,14604,190.85017724852332
531,3aefe4fd-81eb-4d6e-981d-53277d7ee2fa,6,531,True,14938,14626,148.8717508420068
532,3aefe4fd-81eb-4d6e-981d-53277d7ee2fa,6,532,True,14968,14656,155.92082302546623
533,3aefe4fd-81eb-4d6e-981d-53277d7ee2fa,6,533,True,14997,14685,132.25140325833308
534,3aefe4fd-81eb-4d6e-981d-53277d7ee2fa,6,534,True,15020,14708,157.7927817673717
535,3aefe4fd-81eb-4d6e-981d-53277d7ee2fa,6,535,True,15038,14726,159.9305534608884
536,3aefe4fd-81eb-4d6e-981d-53277d7ee2fa,6,536,True,15062,14750,142.2217362097963
537,3aefe4fd-81eb-4d6e-981d-53277d7ee2fa,6,537,True,15094,14782,188.046549920502
538,3aefe4fd-81eb-4d6e-981d-53277d7ee2fa,6,538,True,15119,14807,140.34893051510699
539,3aefe4fd-81eb-4d6e-981d-53277d7ee2fa,6,539,True,15154,14842,191.8150583065144
540,3aefe4fd-81eb-4d6e-981d-53277d7ee2fa,6,540,True,15181,14869,153.76056623714794
541,3aefe4fd-81eb-4d6e-981d-53277d7ee2fa,6,541,True,15209,14897,162.61804601648146
542,3aefe4fd-81eb-4d6e-981d-53277d7ee2fa,6,542,True,15245,14933,124.22341308783871
543,3aefe4fd-81eb-4d6e-981d-53277d7ee2fa,6,543,True,15269,14957,151.1596828813399
544,3aefe4fd-81eb-4d6e-981d-53277d7ee2fa,6,544,True,15305,14993,153.04803667976012
545,3aefe4fd-81eb-4d6e-981d-53277d7ee2fa,6,545,True,15335,15023,161.49535968939927
546,3aefe4fd-81eb-4d6e-981d-53277d7ee2fa,6,546,True,15367,15055,132.49995667657458
547,3aefe4fd-81eb-4d6e-981d-53277d7ee2fa,6,547,True,15389,15077,117.31100402031916
548,3aefe4fd-81eb-4d6e-981d-53277d7ee2fa,6,548,True,15433,15121,117.98879750071319
549,3aefe4fd-81eb-4d6e-981d-53277d7ee2fa,6,549,True,15467,15155,108.72278791637473
550,3aefe4fd-81eb-4d6e-981d-53277d7ee2fa,6,550,True,15494,15182,132.88039991702863
551,3aefe4fd-81eb-4d6e-981d-53277d7ee2fa,6,551,True,15519,15207,123.94921923767834
552,3aefe4fd-81eb-4d6e-981d-53277d7ee2fa,6,552,True,15541,15229,135.84459356403022
553,3aefe4fd-81eb-4d6e-981d-53277d7ee2fa,6,553,True,15584,15272,144.82671342074536
554,3aefe4fd-81eb-4d6e-981d-53277d7ee2fa,6,554,True,15614,15302,105.09020002818033
555,3aefe4fd-81eb-4d6e-981d-53277d7ee2fa,6,555,True,15646,15334,152.1620283716984
556,3aefe4fd-81eb-4d6e-981d-53277d7ee2fa,6,556,True,15669,15357,113.45822742351993
557,3aefe4fd-81eb-4d6e-981d-53277d7ee2fa,6,557,True,15691,15379,142.38424341219252
558,3aefe4fd-81eb-4d6e-981d-53277d7ee2fa,6,558,True,15716,15404,135.77731985995524
559,3aefe4fd-81eb-4d6e-981d-53277d7ee2fa,6,559,True,15743,15431,169.2932300092143
560,3aefe4fd-81eb-4d6e-981d-53277d7ee2fa,6,560,True,15773,15461,125.72027106176392
561,3aefe4fd-81eb-4d6e-981d-53277d7ee2fa,6,561,True,15795,15483,166.35823011451794
562,3aefe4fd-81eb-4d6e-981d-53277d7ee2fa,6,562,True,15825,15513,138.96549610355396
563,3aefe4fd-81eb-4d6e-981d-53277d7ee2fa,6,563,True,15854,15542,152.9924701317177
564,3aefe4fd-81eb-4d6e-981d-53277d7ee2fa,6,564,True,15877,15565,135.2319588427963
565,3aefe4fd-81eb-4d6e-981d-53277d7ee2fa,6,565,True,15901,15589,135.0347278066365
566,3aefe4fd-81eb-4d6e-981d-53277d7ee2fa,6,566,True,15929,15617,109.7345926840735
567,3aefe4fd-81eb-4d6e-981d-53277d7ee2fa,6,567,True,15943,15631,118.84109886704391
568,3aefe4fd-81eb-4d6e-981d-53277d7ee2fa,6,568,True,15970,15658,135.78431104160518
569,3aefe4fd-81eb-4d6e-981d-53277d7ee2fa,6,569,True,15995,15683,119.25474419712009
570,3aefe4fd-81eb-4d6e-981d-53277d7ee2fa,6,570,True,16010,15698,143.36944376333668
571,3aefe4fd-81eb-4d6e-981d-53277d7ee2fa,6,571,True,16040,15728,136.05131761624943
572,3aefe4fd-81eb-4d6e-981d-53277d7ee2fa,6,572,True,16067,15755,111.44553464271485
573,3aefe4fd-81eb-4d6e-981d-53277d7ee2fa,6,573,True,16095,15783,136.19696111739722
574,3aefe4fd-81eb-4d6e-981d-53277d7ee2fa,6,574,True,16116,15804,117.81738578718978
575,3aefe4fd-81eb-4d6e-981d-53277d7ee2fa,6,575,True,16141,15829,145.5003693229446
576,3aefe4fd-81eb-4d6e-981d-53277d7ee2fa,6,576,True,16164,15852,156.87840329697792
577,3aefe4fd-81eb-4d6e-981d-53277d7ee2fa,6,577,True,16208,15896,101.37005391867933
578,3aefe4fd-81eb-4d6e-981d-53277d7ee2fa,6,578,True,16238,15926,100.88270734555408
579,3aefe4fd-81eb-4d6e-981d-53277d7ee2fa,6,579,True,16273,15961,156.1821301157688
580,3aefe4fd-81eb-4d6e-981d-53277d7ee2fa,6,580,True,16304,15992,122.7155563697961
581,3aefe4fd-81eb-4d6e-981d-53277d7ee2fa,6,581,True,16343,16031,107.67068250876218
582,3aefe4fd-81eb-4d6e-981d-53277d7ee2fa,6,582,True,16371,16059,119.19002461123091
583,3aefe4fd-81eb-4d6e-981d-53277d7ee2fa,6,583,True,16406,16094,100.14741567636702
584,3aefe4fd-81eb-4d6e-981d-53277d7ee2fa,6,584,True,16437,16125,129.25554054330496
585,3aefe4fd-81eb-4d6e-981d-53277d7ee2fa,6,585,True,16460,16148,103.81898186298713
586,3aefe4fd-81eb-4d6e-981d-53277d7ee2fa,6,586,True,16486,16174,177.8712385962299
587,3aefe4fd-81eb-4d6e-981d-53277d7ee2fa,6,587,True,16506,16194,153.5746510432764
588,3aefe4fd-81eb-4d6e-981d-53277d7ee2fa,6,588,True,16535,16223,178.59742770401135
589,3aefe4fd-81eb-4d6e-981d-53277d7ee2fa,6,589,True,16570,16258,136.56676224235707
590,3aefe4fd-81eb-4d6e-981d-53277d7ee2fa,6,590,True,16595,16283,140.02912930362436
591,3aefe4fd-81eb-4d6e-981d-53277d7ee2fa,6,591,True,16628,16316,114.38105166003515
592,3aefe4fd-81eb-4d6e-981d-53277d7ee2fa,6,592,True,16661,16349,156.5478747056477
593,3aefe4fd-81eb-4d6e-981d-53277d7ee2fa,6,593,True,16694,16382,138.64424910007438
594,3aefe4fd-81eb-4d6e-981d-53277d7ee2fa,6,594,True,16722,16410,162.00154041725546
595,3aefe4fd-81eb-4d6e-981d-53277d7ee2fa,6,595,True,16747,16435,116.15363757865998
596,3aefe4fd-81eb-4d6e-981d-53277d7ee2fa,6,596,True,16773,16461,116.3715928842903
597,3aefe4fd-81eb-4d6e-981d-53277d7ee2fa,6,597,True,16799,16487,123.8938850606537
598,3aefe4fd-81eb-4d6e-981d-53277d7ee2fa,6,598,True,16822,16510,149.45655556595375
599,3aefe4fd-81eb-4d6e-981d-53277d7ee2fa,6,599,True,16845,16533,135.44531693231693
600,3aefe4fd-81eb-4d6e-981d-53277d7ee2fa,6,600,True,16874,16562,149.52370522944693
601,3aefe4fd-81eb-4d6e-981d-53277d7ee2fa,6,601,True,16904,16592,101.37021111753711
602,3aefe4fd-81eb-4d6e-981d-53277d7ee2fa,6,602,True,16930,16618,139.6713659325178
603,3aefe4fd-81eb-4d6e-981d-53277d7ee2fa,6,603,True,16958,16646,118.80081265321496
604,3aefe4fd-81eb-4d6e-981d-53277d7ee2fa,6,604,True,16984,16672,142.36650003999966
605,3aefe4fd-81eb-4d6e-981d-53277d7ee2fa,6,605,True,17013,16701,118.4070533467202
606,3aefe4fd-81eb-4d6e-981d-53277d7ee2fa,6,606,True,17042,16730,131.09691726253368
607,3aefe4fd-81eb-4d6e-981d-53277d7ee2fa,6,607,True,17075,16763,103.73436907823998
608,3aefe4fd-81eb-4d6e-981d-53277d7ee2fa,6,608,True,17115,16803,93.11192693736666
609,3aefe4fd-81eb-4d6e-981d-53277d7ee2fa,6,609,True,17137,16825,174.64102502587048
610,3aefe4fd-81eb-4d6e-981d-53277d7ee2fa,6,610,True,17167,16855,118.9009588555964
611,3aefe4fd-81eb-4d6e-981d-53277d7ee2fa,6,611,True,17192,16880,142.83965501032435
612,3aefe4fd-81eb-4d6e-981d-53277d7ee2fa,6,612,True,17219,16907,144.52160019070652
613,3aefe4fd-81eb-4d6e-981d-53277d7ee2fa,6,613,True,17243,16931,142.67179664124342
614,3aefe4fd-81eb-4d6e-981d-53277d7ee2fa,6,614,True,17276,16964,137.99328006977885
615,3aefe4fd-81eb-4d6e-981d-53277d7ee2fa,6,615,True,17301,16989,138.17521938688878
616,3aefe4fd-81eb-4d6e-981d-53277d7ee2fa,6,616,True,17332,17020,132.68137228443084
617,3aefe4fd-81eb-4d6e-981d-53277d7ee2fa,6,617,True,17358,17046,102.12090513023213
618,3aefe4fd-81eb-4d6e-981d-53277d7ee2fa,6,618,True,17380,17068,160.50209023661228
619,3aefe4fd-81eb-4d6e-981d-53277d7ee2fa,6,619,True,17402,17090,122.19168108277518
620,3aefe4fd-81eb-4d6e-981d-53277d7ee2fa,6,620,True,17433,17121,182.72752957879493
621,3aefe4fd-81eb-4d6e-981d-53277d7ee2fa,6,621,True,17462,17150,134.11410433263882
622,3aefe4fd-81eb-4d6e-981d-53277d7ee2fa,6,622,True,17504,17192,147.00647100447532
623,3aefe4fd-81eb-4d6e-981d-53277d7ee2fa,6,623,True,17537,17225,139.71892408557687
624,3aefe4fd-81eb-4d6e-981d-53277d7ee2fa,6,624,True,17577,17265,125.22303757927148
625,3aefe4fd-81eb-4d6e-981d-53277d7ee2fa,6,625,True,17600,17288,145.83453525112418
626,3aefe4fd-81eb-4d6e-981d-53277d7ee2fa,6,626,True,17629,17317,126.5544577552937
627,3aefe4fd-81eb-4d6e-981d-53277d7ee2fa,6,627,True,17654,17342,130.64579838689315
628,3aefe4fd-81eb-4d6e-981d-53277d7ee2fa,6,628,True,17686,17374,109.63694198589292
629,3aefe4fd-81eb-4d6e-981d-53277d7ee2fa,6,629,True,17719,17407,149.6191762184062
630,3aefe4fd-81eb-4d6e-981d-53277d7ee2fa,6,630,True,17749,17437,121.82230945928677
631,3aefe4fd-81eb-4d6e-981d-53277d7ee2fa,6,631,True,17779,17467,115.83946097451553
632,3aefe4fd-81eb-4d6e-981d-53277d7ee2fa,6,632,True,17808,17496,178.06939172954662
633,3aefe4fd-81eb-4d6e-981d-53277d7ee2fa,6,633,True,17831,17519,110.69547467284428
634,3aefe4fd-81eb-4d6e-981d-53277d7ee2fa,6,634,True,17860,17548,152.8041049114072
635,3aefe4fd-81eb-4d6e-981d-53277d7ee2fa,6,635,True,17883,17571,132.47542796132257
636,3aefe4fd-81eb-4d6e-981d-53277d7ee2fa,6,636,True,17912,17600,134.37010972285861
637,3aefe4fd-81eb-4d6e-981d-53277d7ee2fa,6,637,True,17943,17631,108.5632925579921
638,3aefe4fd-81eb-4d6e-981d-53277d7ee2fa,6,638,True,17970,17658,133.64846109845894
639,3aefe4fd-81eb-4d6e-981d-53277d7ee2fa,6,639,True,17991,17679,125.72895154610524
640,3aefe4fd-81eb-4d6e-981d-53277d7ee2fa,6,640,True,18022,17710,136.35253333362198
641,3aefe4fd-81eb-4d6e-981d-53277d7ee2fa,6,641,True,18046,17734,108.43877610082927
642,3aefe4fd-81eb-4d6e-981d-53277d7ee2fa,6,642,True,18068,17756,113.00505648151011
643,3aefe4fd-81eb-4d6e-981d-53277d7ee2fa,6,643,True,18091,17779,171.80034109529151
644,3aefe4fd-81eb-4d6e-981d-53277d7ee2fa,6,644,True,18109,17797,144.29797335312105
645,3aefe4fd-81eb-4d6e-981d-53277d7ee2fa,6,645,True,18127,17815,179.42424208001466
646,3aefe4fd-81eb-4d6e-981d-53277d7ee2fa,6,646,True,18150,17838,134.00939316959557
647,3aefe4fd-81eb-4d6e-981d-53277d7ee2fa,6,647,True,18185,17873,150.34778749356337
648,3aefe4fd-81eb-4d6e-981d-53277d7ee2fa,6,648,True,18213,17901,119.87926618620622
649,3aefe4fd-81eb-4d6e-981d-53277d7ee2fa,6,649,True,18238,17926,150.6708652843481
650,3aefe4fd-81eb-4d6e-981d-53277d7ee2fa,6,650,True,18267,17955,124.07695432322726
651,3aefe4fd-81eb-4d6e-981d-53277d7ee2fa,6,651,True,18294,17982,261.8018403494498
652,3aefe4fd-81eb-4d6e-981d-53277d7ee2fa,6,652,True,18316,18004,234.43045861582868
653,3aefe4fd-81eb-4d6e-981d-53277d7ee2fa,6,653,True,18339,18027,213.70676455254943
654,3aefe4fd-81eb-4d6e-981d-53277d7ee2fa,6,654,True,18358,18046,272.6323952152561
655,3aefe4fd-81eb-4d6e-981d-53277d7ee2fa,6,655,True,18390,18078,228.99431281065335
656,3aefe4fd-81eb-4d6e-981d-53277d7ee2fa,6,656,True,18420,18108,210.6323952152561
657,3aefe4fd-81eb-4d6e-981d-53277d7ee2fa,6,657,True,18457,18145,251.49807515092107
658,3aefe4fd-81eb-4d6e-981d-53277d7ee2fa,6,658,True,18483,18171,220.4587924786756
659,3aefe4fd-81eb-4d6e-981d-53277d7ee2fa,6,659,True,18511,18199,197.49807515092107
660,3aefe4fd-81eb-4d6e-981d-53277d7ee2fa,6,660,True,18539,18227,231.44861162782036
661,3aefe4fd-81eb-4d6e-981d-53277d7ee2fa,6,661,True,18558,18246,202.08013609307454
662,3aefe4fd-81eb-4d6e-981d-53277d7ee2fa,6,662,True,18579,18267,233.25834316411056
663,3aefe4fd-81eb-4d6e-981d-53277d7ee2fa,6,663,True,18611,18299,159.44861162782036
664,3aefe4fd-81eb-4d6e-981d-53277d7ee2fa,6,664,True,18625,18313,219.546678237366
665,3aefe4fd-81eb-4d6e-981d-53277d7ee2fa,6,665,True,18649,18337,201.7595910860873
666,3aefe4fd-81eb-4d6e-981d-53277d7ee2fa,6,666,True,18678,18366,184.6372746547131
667,3aefe4fd-81eb-4d6e-981d-53277d7ee2fa,6,667,True,18704,18392,167.02408293454573
668,3aefe4fd-81eb-4d6e-981d-53277d7ee2fa,6,668,True,18733,18421,167.8762901758637
669,3aefe4fd-81eb-4d6e-981d-53277d7ee2fa,6,669,True,18770,18458,195.37453432941038
670,3aefe4fd-81eb-4d6e-981d-53277d7ee2fa,6,670,True,18796,18484,213.30755007608968
671,3aefe4fd-81eb-4d6e-981d-53277d7ee2fa,6,671,True,18829,18517,183.09074894090736
672,3aefe4fd-81eb-4d6e-981d-53277d7ee2fa,6,672,True,18848,18536,161.30755007608968
673,3aefe4fd-81eb-4d6e-981d-53277d7ee2fa,6,673,True,18870,18558,186.34090708478107
674,3aefe4fd-81eb-4d6e-981d-53277d7ee2fa,6,674,True,18900,18588,136.89084729474416
675,3aefe4fd-81eb-4d6e-981d-53277d7ee2fa,6,675,True,18921,18609,160.5068723654622
676,3aefe4fd-81eb-4d6e-981d-53277d7ee2fa,6,676,True,18958,18646,130.0125469719569
677,3aefe4fd-81eb-4d6e-981d-53277d7ee2fa,6,677,True,18987,18675,182.51203188299405
678,3aefe4fd-81eb-4d6e-981d-53277d7ee2fa,6,678,True,19009,18697,122.26585904545937
679,3aefe4fd-81eb-4d6e-981d-53277d7ee2fa,6,679,True,19035,18723,147.0788306754912
680,3aefe4fd-81eb-4d6e-981d-53277d7ee2fa,6,680,True,19061,18749,137.34099674633762
681,3aefe4fd-81eb-4d6e-981d-53277d7ee2fa,6,681,True,19103,18791,122.04421803927835
682,3aefe4fd-81eb-4d6e-981d-53277d7ee2fa,6,682,True,19128,18816,121.20416657315945
683,3aefe4fd-81eb-4d6e-981d-53277d7ee2fa,6,683,True,19155,18843,127.78333528485018
684,3aefe4fd-81eb-4d6e-981d-53277d7ee2fa,6,684,True,19185,18873,115.14285419010412
685,3aefe4fd-81eb-4d6e-981d-53277d7ee2fa,6,685,True,19215,18903,129.26128740234708
686,3aefe4fd-81eb-4d6e-981d-53277d7ee2fa,6,686,True,19236,18924,112.67430042829073
687,3aefe4fd-81eb-4d6e-981d-53277d7ee2fa,6,687,True,19268,18956,161.6942578982853
688,3aefe4fd-81eb-4d6e-981d-53277d7ee2fa,6,688,True,19285,18973,108.18485599220003
689,3aefe4fd-81eb-4d6e-981d-53277d7ee2fa,6,689,True,19306,18994,149.5561884165727
690,3aefe4fd-81eb-4d6e-981d-53277d7ee2fa,6,690,True,19331,19019,135.99489550320504
691,3aefe4fd-81eb-4d6e-981d-53277d7ee2fa,6,691,True,19362,19050,157.84504899409876
692,3aefe4fd-81eb-4d6e-981d-53277d7ee2fa,6,692,True,19395,19083,127.3053492340332
693,3aefe4fd-81eb-4d6e-981d-53277d7ee2fa,6,693,True,19420,19108,157.3155871478375
694,3aefe4fd-81eb-4d6e-981d-53277d7ee2fa,6,694,True,19448,19136,131.6033969752243
695,3aefe4fd-81eb-4d6e-981d-53277d7ee2fa,6,695,True,19469,19157,125.70813239151903
696,3aefe4fd-81eb-4d6e-981d-53277d7ee2fa,6,696,True,19496,19184,150.35920172569968
697,3aefe4fd-81eb-4d6e-981d-53277d7ee2fa,6,697,True,19522,19210,130.08281333952254
698,3aefe4fd-81eb-4d6e-981d-53277d7ee2fa,6,698,True,19554,19242,124.13935856361422
699,3aefe4fd-81eb-4d6e-981d-53277d7ee2fa,6,699,True,19580,19268,114.92754096281715
700,3aefe4fd-81eb-4d6e-981d-53277d7ee2fa,6,700,True,19612,19300,124.47336859198913
701,3aefe4fd-81eb-4d6e-981d-53277d7ee2fa,6,701,True,19640,19328,147.05492125063756
702,3aefe4fd-81eb-4d6e-981d-53277d7ee2fa,6,702,True,19681,19369,151.46680094038675
703,3aefe4fd-81eb-4d6e-981d-53277d7ee2fa,6,703,True,19701,19389,113.27870718931445
704,3aefe4fd-81eb-4d6e-981d-53277d7ee2fa,6,704,True,19728,19416,133.42992014819174
705,3aefe4fd-81eb-4d6e-981d-53277d7ee2fa,6,705,True,19748,19436,116.86315760041907
706,3aefe4fd-81eb-4d6e-981d-53277d7ee2fa,6,706,True,19769,19457,152.55462294587414
707,3aefe4fd-81eb-4d6e-981d-53277d7ee2fa,6,707,True,19801,19489,123.22761919106779
708,3aefe4fd-81eb-4d6e-981d-53277d7ee2fa,6,708,True,19827,19515,166.28922031250113
709,3aefe4fd-81eb-4d6e-981d-53277d7ee2fa,6,709,True,19854,19542,183.62064956958784
710,3aefe4fd-81eb-4d6e-981d-53277d7ee2fa,6,710,True,19887,19575,134.0571519461737
711,3aefe4fd-81eb-4d6e-981d-53277d7ee2fa,6,711,True,19918,19606,172.81641320729614
712,3aefe4fd-81eb-4d6e-981d-53277d7ee2fa,6,712,True,19942,19630,116.7145713025493
713,3aefe4fd-81eb-4d6e-981d-53277d7ee2fa,6,713,True,19969,19657,192.07728360260808
714,3aefe4fd-81eb-4d6e-981d-53277d7ee2fa,6,714,True,19999,19687,142.44422409719482
715,3aefe4fd-81eb-4d6e-981d-53277d7ee2fa,6,715,True,20029,19717,156.62559937713013
716,3aefe4fd-81eb-4d6e-981d-53277d7ee2fa,6,716,True,20047,19735,145.61588299262075
717,3aefe4fd-81eb-4d6e-981d-53277d7ee2fa,6,717,True,20068,19756,132.401989476999
718,3aefe4fd-81eb-4d6e-981d-53277d7ee2fa,6,718,True,20096,19784,228.15533049995793
719,3aefe4fd-81eb-4d6e-981d-53277d7ee2fa,6,719,True,20111,19799,218.31541240525985
720,3aefe4fd-81eb-4d6e-981d-53277d7ee2fa,6,720,True,20142,19830,161.6034140712618
721,3aefe4fd-81eb-4d6e-981d-53277d7ee2fa,6,721,True,20160,19848,193.76891925308155
722,3aefe4fd-81eb-4d6e-981d-53277d7ee2fa,6,722,True,20200,19888,156.17953466072868
723,3aefe4fd-81eb-4d6e-981d-53277d7ee2fa,6,723,True,20225,19913,149.75782870423063
724,3aefe4fd-81eb-4d6e-981d-53277d7ee2fa,6,724,True,20250,19938,176.33973358906223
725,3aefe4fd-81eb-4d6e-981d-53277d7ee2fa,6,725,True,20280,19968,125.2789664553311
726,3aefe4fd-81eb-4d6e-981d-53277d7ee2fa,6,726,True,20302,19990,153.74111023054502
727,3aefe4fd-81eb-4d6e-981d-53277d7ee2fa,6,727,True,20332,20020,127.50837119693824
728,3aefe4fd-81eb-4d6e-981d-53277d7ee2fa,6,728,True,20356,20044,183.2252780916533
729,3aefe4fd-81eb-4d6e-981d-53277d7ee2fa,6,729,True,20380,20068,153.55551173380445
730,3aefe4fd-81eb-4d6e-981d-53277d7ee2fa,6,730,True,20410,20098,154.28962473835418
731,3aefe4fd-81eb-4d6e-981d-53277d7ee2fa,6,731,True,20433,20121,145.58251655856657
732,3aefe4fd-81eb-4d6e-981d-53277d7ee2fa,6,732,True,20463,20151,149.47333975433503
733,3aefe4fd-81eb-4d6e-981d-53277d7ee2fa,6,733,True,20493,20181,136.13341731836408
734,3aefe4fd-81eb-4d6e-981d-53277d7ee2fa,6,734,True,20526,20214,143.2948936089524
735,3aefe4fd-81eb-4d6e-981d-53277d7ee2fa,6,735,True,20555,20243,127.94349708079608
736,3aefe4fd-81eb-4d6e-981d-53277d7ee2fa,6,736,True,20588,20276,138.73173746185785
737,3aefe4fd-81eb-4d6e-981d-53277d7ee2fa,6,737,True,20609,20297,123.90663222538205
738,3aefe4fd-81eb-4d6e-981d-53277d7ee2fa,6,738,True,20646,20334,114.99606853555088
739,3aefe4fd-81eb-4d6e-981d-53277d7ee2fa,6,739,True,20672,20360,119.15573901850439
740,3aefe4fd-81eb-4d6e-981d-53277d7ee2fa,6,740,True,20699,20387,141.45948448162744
741,3aefe4fd-81eb-4d6e-981d-53277d7ee2fa,6,741,True,20738,20426,105.7109162725028
742,3aefe4fd-81eb-4d6e-981d-53277d7ee2fa,6,742,True,20758,20446,141.53620550789128
743,3aefe4fd-81eb-4d6e-981d-53277d7ee2fa,6,743,True,20793,20481,110.46976699703373
744,3aefe4fd-81eb-4d6e-981d-53277d7ee2fa,6,744,True,20817,20505,133.95705360954162
745,3aefe4fd-81eb-4d6e-981d-53277d7ee2fa,6,745,True,20851,20539,114.50183094370732
746,3aefe4fd-81eb-4d6e-981d-53277d7ee2fa,6,746,True,20888,20576,144.0182503518772
747,3aefe4fd-81eb-4d6e-981d-53277d7ee2fa,6,747,True,20920,20608,124.37048277485519
748,3aefe4fd-81eb-4d6e-981d-53277d7ee2fa,6,748,True,20954,20642,117.31195992799621
749,3aefe4fd-81eb-4d6e-981d-53277d7ee2fa,6,749,True,20986,20674,136.74842416926913
750,3aefe4fd-81eb-4d6e-981d-53277d7ee2fa,6,750,True,21008,20696,127.34763461763214
751,3aefe4fd-81eb-4d6e-981d-53277d7ee2fa,6,751,True,21023,20711,123.66893294908732
752,3aefe4fd-81eb-4d6e-981d-53277d7ee2fa,6,752,True,21044,20732,105.05349404302615
753,3aefe4fd-81eb-4d6e-981d-53277d7ee2fa,6,753,True,21077,20765,143.7304587391409
754,3aefe4fd-81eb-4d6e-981d-53277d7ee2fa,6,754,True,21105,20793,123.35570819831264
755,3aefe4fd-81eb-4d6e-981d-53277d7ee2fa,6,755,True,21137,20825,135.5136828665345
756,3aefe4fd-81eb-4d6e-981d-53277d7ee2fa,6,756,True,21166,20854,146.02310126362863
757,3aefe4fd-81eb-4d6e-981d-53277d7ee2fa,6,757,True,21190,20878,146.5042943198896
758,3aefe4fd-81eb-4d6e-981d-53277d7ee2fa,6,758,True,21220,20908,114.29670044520026
759,3aefe4fd-81eb-4d6e-981d-53277d7ee2fa,6,759,True,21242,20930,143.7799080786208
760,3aefe4fd-81eb-4d6e-981d-53277d7ee2fa,6,760,True,21262,20950,121.55254837562097
761,3aefe4fd-81eb-4d6e-981d-53277d7ee2fa,6,761,True,21295,20983,140.8990887455875
762,3aefe4fd-81eb-4d6e-981d-53277d7ee2fa,6,762,True,21324,21012,88.86693330826893
763,3aefe4fd-81eb-4d6e-981d-53277d7ee2fa,6,763,True,21354,21042,110.86848060451302
764,3aefe4fd-81eb-4d6e-981d-53277d7ee2fa,6,764,True,21379,21067,111.94432712885464
765,3aefe4fd-81eb-4d6e-981d-53277d7ee2fa,6,765,True,21408,21096,135.96679925702483
766,3aefe4fd-81eb-4d6e-981d-53277d7ee2fa,6,766,True,21440,21128,126.03751077775814
767,3aefe4fd-81eb-4d6e-981d-53277d7ee2fa,6,767,True,21472,21160,109.86716086634624
768,3aefe4fd-81eb-4d6e-981d-53277d7ee2fa,6,768,True,21513,21201,104.62898249526916
769,3aefe4fd-81eb-4d6e-981d-53277d7ee2fa,6,769,True,21538,21226,113.34316864520952
770,3aefe4fd-81eb-4d6e-981d-53277d7ee2fa,6,770,True,21563,21251,131.5826296624473
771,3aefe4fd-81eb-4d6e-981d-53277d7ee2fa,6,771,True,21590,21278,106.99832114365927
772,3aefe4fd-81eb-4d6e-981d-53277d7ee2fa,6,772,True,21625,21313,127.3951674417658
773,3aefe4fd-81eb-4d6e-981d-53277d7ee2fa,6,773,True,21651,21339,120.96655206856303
774,3aefe4fd-81eb-4d6e-981d-53277d7ee2fa,6,774,True,21682,21370,137.8708587232395
775,3aefe4fd-81eb-4d6e-981d-53277d7ee2fa,6,775,True,21712,21400,92.57049805403585
776,3aefe4fd-81eb-4d6e-981d-53277d7ee2fa,6,776,True,21745,21433,100.51897533808733
777,3aefe4fd-81eb-4d6e-981d-53277d7ee2fa,6,777,True,21774,21462,109.22524771277676
778,3aefe4fd-81eb-4d6e-981d-53277d7ee2fa,6,778,True,21804,21492,114.81767040432169
779,3aefe4fd-81eb-4d6e-981d-53277d7ee2fa,6,779,True,21833,21521,118.50662545281739
780,3aefe4fd-81eb-4d6e-981d-53277d7ee2fa,6,780,True,21862,21550,105.5106295597543
781,3aefe4fd-81eb-4d6e-981d-53277d7ee2fa,6,781,True,21893,21581,85.80109930159597
782,3aefe4fd-81eb-4d6e-981d-53277d7ee2fa,6,782,True,21917,21605,128.42441093792877
783,3aefe4fd-81eb-4d6e-981d-53277d7ee2fa,6,783,True,21945,21633,178.29154501281664
784,3aefe4fd-81eb-4d6e-981d-53277d7ee2fa,6,784,True,21962,21650,136.5506529579543
785,3aefe4fd-81eb-4d6e-981d-53277d7ee2fa,6,785,True,21995,21683,183.56779521444696
786,3aefe4fd-81eb-4d6e-981d-53277d7ee2fa,6,786,True,22028,21716,127.35881439925288
787,3aefe4fd-81eb-4d6e-981d-53277d7ee2fa,6,787,True,22055,21743,191.19910180231454
788,3aefe4fd-81eb-4d6e-981d-53277d7ee2fa,6,788,True,22080,21768,175.94706684540142
789,3aefe4fd-81eb-4d6e-981d-53277d7ee2fa,6,789,True,22099,21787,180.3001161050197
790,3aefe4fd-81eb-4d6e-981d-53277d7ee2fa,6,790,True,22128,21816,153.48905899288002
791,3aefe4fd-81eb-4d6e-981d-53277d7ee2fa,6,791,True,22158,21846,171.22115453115111
792,3aefe4fd-81eb-4d6e-981d-53277d7ee2fa,6,792,True,22188,21876,138.7923094625039
793,3aefe4fd-81eb-4d6e-981d-53277d7ee2fa,6,793,True,22208,21896,144.54117191262776
794,3aefe4fd-81eb-4d6e-981d-53277d7ee2fa,6,794,True,22242,21930,165.6448665154021
795,3aefe4fd-81eb-4d6e-981d-53277d7ee2fa,6,795,True,22271,21959,150.84550677083826
796,3aefe4fd-81eb-4d6e-981d-53277d7ee2fa,6,796,True,22293,21981,142.46520931987106
797,3aefe4fd-81eb-4d6e-981d-53277d7ee2fa,6,797,True,22318,22006,115.00502768025763
798,3aefe4fd-81eb-4d6e-981d-53277d7ee2fa,6,798,True,22342,22030,130.64341687743945
799,3aefe4fd-81eb-4d6e-981d-53277d7ee2fa,6,799,True,22366,22054,129.94039439280823
800,3aefe4fd-81eb-4d6e-981d-53277d7ee2fa,6,800,True,22388,22076,256.93034783501207
801,3aefe4fd-81eb-4d6e-981d-53277d7ee2fa,6,801,True,22415,22103,222.81728180436767
802,3aefe4fd-81eb-4d6e-981d-53277d7ee2fa,6,802,True,22436,22124,128.944296028174
803,3aefe4fd-81eb-4d6e-981d-53277d7ee2fa,6,803,True,22467,22155,197.6854255293183
804,3aefe4fd-81eb-4d6e-981d-53277d7ee2fa,6,804,True,22494,22182,196.90235404566192
805,3aefe4fd-81eb-4d6e-981d-53277d7ee2fa,6,805,True,22526,22214,216.89536278700325
806,3aefe4fd-81eb-4d6e-981d-53277d7ee2fa,6,806,True,22555,22243,169.03934419662255
807,3aefe4fd-81eb-4d6e-981d-53277d7ee2fa,6,807,True,22587,22275,185.2410642850882
808,3aefe4fd-81eb-4d6e-981d-53277d7ee2fa,6,808,True,22627,22315,165.27931427518706
809,3aefe4fd-81eb-4d6e-981d-53277d7ee2fa,6,809,True,22644,22332,174.23906927055214
810,3aefe4fd-81eb-4d6e-981d-53277d7ee2fa,6,810,True,22668,22356,152.53772888539243
811,3aefe4fd-81eb-4d6e-981d-53277d7ee2fa,6,811,True,22704,22392,191.0598441575603
812,3aefe4fd-81eb-4d6e-981d-53277d7ee2fa,6,812,True,22728,22416,197.97260431968607
813,3aefe4fd-81eb-4d6e-981d-53277d7ee2fa,6,813,True,22755,22443,191.46725337783937
814,3aefe4fd-81eb-4d6e-981d-53277d7ee2fa,6,814,True,22773,22461,175.80682707764936
815,3aefe4fd-81eb-4d6e-981d-53277d7ee2fa,6,815,True,22786,22474,187.73470687708686
816,3aefe4fd-81eb-4d6e-981d-53277d7ee2fa,6,816,True,22822,22510,209.3062448063065
817,3aefe4fd-81eb-4d6e-981d-53277d7ee2fa,6,817,True,22850,22538,172.13667854616142
818,3aefe4fd-81eb-4d6e-981d-53277d7ee2fa,6,818,True,22875,22563,190.69341762955446
819,3aefe4fd-81eb-4d6e-981d-53277d7ee2fa,6,819,True,22913,22601,145.35001021419885
820,3aefe4fd-81eb-4d6e-981d-53277d7ee2fa,6,820,True,22939,22627,175.78787772297437
821,3aefe4fd-81eb-4d6e-981d-53277d7ee2fa,6,821,True,22963,22651,169.93154728438094
822,3aefe4fd-81eb-4d6e-981d-53277d7ee2fa,6,822,True,22986,22674,195.69610322933295
823,3aefe4fd-81eb-4d6e-981d-53277d7ee2fa,6,823,True,23015,22703,193.50316143839154
824,3aefe4fd-81eb-4d6e-981d-53277d7ee2fa,6,824,True,23035,22723,163.34448839435208
825,3aefe4fd-81eb-4d6e-981d-53277d7ee2fa,6,825,True,23058,22746,148.1416888578642
826,3aefe4fd-81eb-4d6e-981d-53277d7ee2fa,6,826,True,23092,22780,212.4875502617797
827,3aefe4fd-81eb-4d6e-981d-53277d7ee2fa,6,827,True,23120,22808,154.23757107964775
828,3aefe4fd-81eb-4d6e-981d-53277d7ee2fa,6,828,True,23154,22842,203.44769204681143
829,3aefe4fd-81eb-4d6e-981d-53277d7ee2fa,6,829,True,23172,22860,152.44891011806612
830,3aefe4fd-81eb-4d6e-981d-53277d7ee2fa,6,830,True,23200,22888,172.70076440477715
831,3aefe4fd-81eb-4d6e-981d-53277d7ee2fa,6,831,True,23227,22915,155.66133657408864
832,3aefe4fd-81eb-4d6e-981d-53277d7ee2fa,6,832,True,23261,22949,150.9178515340791
833,3aefe4fd-81eb-4d6e-981d-53277d7ee2fa,6,833,True,23288,22976,126.24431730389915
834,3aefe4fd-81eb-4d6e-981d-53277d7ee2fa,6,834,True,23318,23006,147.17984650831568
835,3aefe4fd-81eb-4d6e-981d-53277d7ee2fa,6,835,True,23335,23023,199.00003785961962
836,3aefe4fd-81eb-4d6e-981d-53277d7ee2fa,6,836,True,23368,23056,191.53126237349716
837,3aefe4fd-81eb-4d6e-981d-53277d7ee2fa,6,837,True,23391,23079,174.34479393784568
838,3aefe4fd-81eb-4d6e-981d-53277d7ee2fa,6,838,True,23413,23101,193.213562647652
839,3aefe4fd-81eb-4d6e-981d-53277d7ee2fa,6,839,True,23445,23133,193.46224811141656
840,3aefe4fd-81eb-4d6e-981d-53277d7ee2fa,6,840,True,23468,23156,167.36976130322364
841,3aefe4fd-81eb-4d6e-981d-53277d7ee2fa,6,841,True,23491,23179,147.46224811141656
842,3aefe4fd-81eb-4d6e-981d-53277d7ee2fa,6,842,True,23518,23206,164.42874090094847
843,3aefe4fd-81eb-4d6e-981d-53277d7ee2fa,6,843,True,23546,23234,163.51753844570703
844,3aefe4fd-81eb-4d6e-981d-53277d7ee2fa,6,844,True,23566,23254,186.4489019770008
845,3aefe4fd-81eb-4d6e-981d-53277d7ee2fa,6,845,True,23599,23287,182.15030413490604
846,3aefe4fd-81eb-4d6e-981d-53277d7ee2fa,6,846,True,23622,23310,165.68406117215272
847,3aefe4fd-81eb-4d6e-981d-53277d7ee2fa,6,847,True,23646,23334,137.55680195373498
848,3aefe4fd-81eb-4d6e-981d-53277d7ee2fa,6,848,True,23675,23363,161.3894207651283
849,3aefe4fd-81eb-4d6e-981d-53277d7ee2fa,6,849,True,23708,23396,218.08291512514916
850,3aefe4fd-81eb-4d6e-981d-53277d7ee2fa,6,850,True,23745,23433,245.1980679358312
851,3aefe4fd-81eb-4d6e-981d-53277d7ee2fa,6,851,True,23767,23455,225.39629380853876
852,3aefe4fd-81eb-4d6e-981d-53277d7ee2fa,6,852,True,23800,23488,235.70318982559547
853,3aefe4fd-81eb-4d6e-981d-53277d7ee2fa,6,853,True,23821,23509,223.03199264168506
854,3aefe4fd-81eb-4d6e-981d-53277d7ee2fa,6,854,True,23851,23539,187.8415206029349
855,3aefe4fd-81eb-4d6e-981d-53277d7ee2fa,6,855,True,23878,23566,224.14907759440757
856,3aefe4fd-81eb-4d6e-981d-53277d7ee2fa,6,856,True,23911,23599,231.33762881471557
857,3aefe4fd-81eb-4d6e-981d-53277d7ee2fa,6,857,True,23941,23629,198.5976637497988
858,3aefe4fd-81eb-4d6e-981d-53277d7ee2fa,6,858,True,23976,23664,213.19275743772596
859,3aefe4fd-81eb-4d6e-981d-53277d7ee2fa,6,859,True,23998,23686,168.9849986646841
860,3aefe4fd-81eb-4d6e-981d-53277d7ee2fa,6,860,True,24027,23715,212.34006501182375
861,3aefe4fd-81eb-4d6e-981d-53277d7ee2fa,6,861,True,24046,23734,171.32513562108215
862,3aefe4fd-81eb-4d6e-981d-53277d7ee2fa,6,862,True,24079,23767,212.90305150139466
863,3aefe4fd-81eb-4d6e-981d-53277d7ee2fa,6,863,True,24110,23798,196.34732648374847
864,3aefe4fd-81eb-4d6e-981d-53277d7ee2fa,6,864,True,24137,23825,175.32877943601488
865,3aefe4fd-81eb-4d6e-981d-53277d7ee2fa,6,865,True,24164,23852,153.60923533096502
866,3aefe4fd-81eb-4d6e-981d-53277d7ee2fa,6,866,True,24192,23880,181.18369513447033
867,3aefe4fd-81eb-4d6e-981d-53277d7ee2fa,6,867,True,24217,23905,172.35850054424373
868,3aefe4fd-81eb-4d6e-981d-53277d7ee2fa,6,868,True,24248,23936,178.02190003791475
869,3aefe4fd-81eb-4d6e-981d-53277d7ee2fa,6,869,True,24268,23956,146.63024815370227
870,3aefe4fd-81eb-4d6e-981d-53277d7ee2fa,6,870,True,24289,23977,173.33705925573668
871,3aefe4fd-81eb-4d6e-981d-53277d7ee2fa,6,871,True,24316,24004,203.2230541830104
872,3aefe4fd-81eb-4d6e-981d-53277d7ee2fa,6,872,True,24346,24034,147.09648200905576
873,3aefe4fd-81eb-4d6e-981d-53277d7ee2fa,6,873,True,24371,24059,185.56374405343013
874,3aefe4fd-81eb-4d6e-981d-53277d7ee2fa,6,874,True,24401,24089,143.08962916550445
875,3aefe4fd-81eb-4d6e-981d-53277d7ee2fa,6,875,True,24432,24120,128.37207155974102
876,3aefe4fd-81eb-4d6e-981d-53277d7ee2fa,6,876,True,24463,24151,139.94973954566376
877,3aefe4fd-81eb-4d6e-981d-53277d7ee2fa,6,877,True,24485,24173,194.56416553521922
878,3aefe4fd-81eb-4d6e-981d-53277d7ee2fa,6,878,True,24508,24196,165.14555540514993
879,3aefe4fd-81eb-4d6e-981d-53277d7ee2fa,6,879,True,24532,24220,207.32739165657767
880,3aefe4fd-81eb-4d6e-981d-53277d7ee2fa,6,880,True,24563,24251,182.6104887760921
881,3aefe4fd-81eb-4d6e-981d-53277d7ee2fa,6,881,True,24588,24276,204.2748430827378
882,3aefe4fd-81eb-4d6e-981d-53277d7ee2fa,6,882,True,24621,24309,171.2748430827378
883,3aefe4fd-81eb-4d6e-981d-53277d7ee2fa,6,883,True,24645,24333,220.4437641255463
884,3aefe4fd-81eb-4d6e-981d-53277d7ee2fa,6,884,True,24675,24363,171.0065191061185
885,3aefe4fd-81eb-4d6e-981d-53277d7ee2fa,6,885,True,24695,24383,170.4437641255463
886,3aefe4fd-81eb-4d6e-981d-53277d7ee2fa,6,886,True,24722,24410,213.91252035633806
887,3aefe4fd-81eb-4d6e-981d-53277d7ee2fa,6,887,True,24750,24438,198.43478545711696
888,3aefe4fd-81eb-4d6e-981d-53277d7ee2fa,6,888,True,24776,24464,187.66448693565326
889,3aefe4fd-81eb-4d6e-981d-53277d7ee2fa,6,889,True,24800,24488,161.0117208498632
890,3aefe4fd-81eb-4d6e-981d-53277d7ee2fa,6,890,True,24832,24520,198.60100678695017
891,3aefe4fd-81eb-4d6e-981d-53277d7ee2fa,6,891,True,24863,24551,149.73620845902406
892,3aefe4fd-81eb-4d6e-981d-53277d7ee2fa,6,892,True,24897,24585,185.06582029390847
893,3aefe4fd-81eb-4d6e-981d-53277d7ee2fa,6,893,True,24932,24620,132.15933582378057
894,3aefe4fd-81eb-4d6e-981d-53277d7ee2fa,6,894,True,24963,24651,194.0805593832556
895,3aefe4fd-81eb-4d6e-981d-53277d7ee2fa,6,895,True,24982,24670,112.40401076409762
896,3aefe4fd-81eb-4d6e-981d-53277d7ee2fa,6,896,True,25006,24694,188.85795548275928
897,3aefe4fd-81eb-4d6e-981d-53277d7ee2fa,6,897,True,25030,24718,153.7126205571949
898,3aefe4fd-81eb-4d6e-981d-53277d7ee2fa,6,898,True,25062,24750,174.71134420958333
899,3aefe4fd-81eb-4d6e-981d-53277d7ee2fa,6,899,True,25092,24780,149.35968139812758
900,3aefe4fd-81eb-4d6e-981d-53277d7ee2fa,6,900,True,25127,24815,165.65649359243616
901,3aefe4fd-81eb-4d6e-981d-53277d7ee2fa,6,901,True,25146,24834,140.83825345654623
902,3aefe4fd-81eb-4d6e-981d-53277d7ee2fa,6,902,True,25179,24867,138.19608796745888
903,3aefe4fd-81eb-4d6e-981d-53277d7ee2fa,6,903,True,25213,24901,127.64281087884228
904,3aefe4fd-81eb-4d6e-981d-53277d7ee2fa,6,904,True,25242,24930,152.79323065516655
905,3aefe4fd-81eb-4d6e-981d-53277d7ee2fa,6,905,True,25272,24960,125.12032196340442
906,3aefe4fd-81eb-4d6e-981d-53277d7ee2fa,6,906,True,25307,24995,138.59249020928837
907,3aefe4fd-81eb-4d6e-981d-53277d7ee2fa,6,907,True,25335,25023,113.03987074544057
908,3aefe4fd-81eb-4d6e-981d-53277d7ee2fa,6,908,True,25360,25048,107.47984523662308
909,3aefe4fd-81eb-4d6e-981d-53277d7ee2fa,6,909,True,25392,25080,101.67507111053055
910,3aefe4fd-81eb-4d6e-981d-53277d7ee2fa,6,910,True,25427,25115,116.06289619395102
911,3aefe4fd-81eb-4d6e-981d-53277d7ee2fa,6,911,True,25456,25144,143.28700409972953
912,3aefe4fd-81eb-4d6e-981d-53277d7ee2fa,6,912,True,25485,25173,121.22619624300933
913,3aefe4fd-81eb-4d6e-981d-53277d7ee2fa,6,913,True,25508,25196,144.22643283036086
914,3aefe4fd-81eb-4d6e-981d-53277d7ee2fa,6,914,True,25528,25216,135.81110414613067
915,3aefe4fd-81eb-4d6e-981d-53277d7ee2fa,6,915,True,25556,25244,118.16469929507366
916,3aefe4fd-81eb-4d6e-981d-53277d7ee2fa,6,916,True,25596,25284,106.70995488912013
917,3aefe4fd-81eb-4d6e-981d-53277d7ee2fa,6,917,True,25628,25316,138.89542114950746
918,3aefe4fd-81eb-4d6e-981d-53277d7ee2fa,6,918,True,25658,25346,111.60075378901456
919,3aefe4fd-81eb-4d6e-981d-53277d7ee2fa,6,919,True,25682,25370,136.6868655553808
920,3aefe4fd-81eb-4d6e-981d-53277d7ee2fa,6,920,True,25709,25397,107.35022411787577
921,3aefe4fd-81eb-4d6e-981d-53277d7ee2fa,6,921,True,25730,25418,110.56219502788008
922,3aefe4fd-81eb-4d6e-981d-53277d7ee2fa,6,922,True,25774,25462,132.7365127878038
923,3aefe4fd-81eb-4d6e-981d-53277d7ee2fa,6,923,True,25801,25489,122.86368405348185
924,3aefe4fd-81eb-4d6e-981d-53277d7ee2fa,6,924,True,25830,25518,134.95064168920726
925,3aefe4fd-81eb-4d6e-981d-53277d7ee2fa,6,925,True,25853,25541,118.56188104927787
926,3aefe4fd-81eb-4d6e-981d-53277d7ee2fa,6,926,True,25876,25564,140.8107479122773
927,3aefe4fd-81eb-4d6e-981d-53277d7ee2fa,6,927,True,25896,25584,102.4176949540124
928,3aefe4fd-81eb-4d6e-981d-53277d7ee2fa,6,928,True,25929,25617,143.41117784315793
929,3aefe4fd-81eb-4d6e-981d-53277d7ee2fa,6,929,True,25957,25645,117.85003341727133
930,3aefe4fd-81eb-4d6e-981d-53277d7ee2fa,6,930,True,25995,25683,134.27160637021734
931,3aefe4fd-81eb-4d6e-981d-53277d7ee2fa,6,931,True,26014,25702,117.75302364947856
932,3aefe4fd-81eb-4d6e-981d-53277d7ee2fa,6,932,True,26034,25722,120.38845932935146
933,3aefe4fd-81eb-4d6e-981d-53277d7ee2fa,6,933,True,26062,25750,122.15266409477044
934,3aefe4fd-81eb-4d6e-981d-53277d7ee2fa,6,934,True,26090,25778,169.4444141144486
935,3aefe4fd-81eb-4d6e-981d-53277d7ee2fa,6,935,True,26114,25802,147.69790138246753
936,3aefe4fd-81eb-4d6e-981d-53277d7ee2fa,6,936,True,26140,25828,127.16989264655422
937,3aefe4fd-81eb-4d6e-981d-53277d7ee2fa,6,937,True,26176,25864,140.0198161688022
938,3aefe4fd-81eb-4d6e-981d-53277d7ee2fa,6,938,True,26205,25893,125.56568655949377
939,3aefe4fd-81eb-4d6e-981d-53277d7ee2fa,6,939,True,26238,25926,181.94004878005217
940,3aefe4fd-81eb-4d6e-981d-53277d7ee2fa,6,940,True,26268,25956,122.52422034872143
941,3aefe4fd-81eb-4d6e-981d-53277d7ee2fa,6,941,True,26292,25980,154.97352304702144
942,3aefe4fd-81eb-4d6e-981d-53277d7ee2fa,6,942,True,26321,26009,150.02891119659398
943,3aefe4fd-81eb-4d6e-981d-53277d7ee2fa,6,943,True,26341,26029,185.37971121074588
944,3aefe4fd-81eb-4d6e-981d-53277d7ee2fa,6,944,True,26368,26056,124.13845076348662
945,3aefe4fd-81eb-4d6e-981d-53277d7ee2fa,6,945,True,26388,26076,162.31157134215755
946,3aefe4fd-81eb-4d6e-981d-53277d7ee2fa,6,946,True,26420,26108,121.97750933672796
947,3aefe4fd-81eb-4d6e-981d-53277d7ee2fa,6,947,True,26439,26127,137.35581148890196
948,3aefe4fd-81eb-4d6e-981d-53277d7ee2fa,6,948,True,26477,26165,124.15845758253272
949,3aefe4fd-81eb-4d6e-981d-53277d7ee2fa,6,949,True,26508,26196,174.0339372503222
950,3aefe4fd-81eb-4d6e-981d-53277d7ee2fa,6,950,True,26537,26225,151.69584863248383
951,3aefe4fd-81eb-4d6e-981d-53277d7ee2fa,6,951,True,26566,26254,182.2578825098244
952,3aefe4fd-81eb-4d6e-981d-53277d7ee2fa,6,952,True,26597,26285,131.74858833212784
953,3aefe4fd-81eb-4d6e-981d-53277d7ee2fa,6,953,True,26633,26321,166.3176534329832
954,3aefe4fd-81eb-4d6e-981d-53277d7ee2fa,6,954,True,26661,26349,142.0502201815616
955,3aefe4fd-81eb-4d6e-981d-53277d7ee2fa,6,955,True,26685,26373,126.3519965716041
956,3aefe4fd-81eb-4d6e-981d-53277d7ee2fa,6,956,True,26714,26402,136.66535421385197
957,3aefe4fd-81eb-4d6e-981d-53277d7ee2fa,6,957,True,26735,26423,125.51795522206521
958,3aefe4fd-81eb-4d6e-981d-53277d7ee2fa,6,958,True,26760,26448,143.08394905824753
959,3aefe4fd-81eb-4d6e-981d-53277d7ee2fa,6,959,True,26790,26478,125.56609665353972
960,3aefe4fd-81eb-4d6e-981d-53277d7ee2fa,6,960,True,26821,26509,198.28437823931745
961,3aefe4fd-81eb-4d6e-981d-53277d7ee2fa,6,961,True,26851,26539,111.350928877353
962,3aefe4fd-81eb-4d6e-981d-53277d7ee2fa,6,962,True,26876,26564,145.8510041824884
963,3aefe4fd-81eb-4d6e-981d-53277d7ee2fa,6,963,True,26903,26591,121.143438053914
964,3aefe4fd-81eb-4d6e-981d-53277d7ee2fa,6,964,True,26940,26628,173.44960382443605
965,3aefe4fd-81eb-4d6e-981d-53277d7ee2fa,6,965,True,26965,26653,131.87336590201448
966,3aefe4fd-81eb-4d6e-981d-53277d7ee2fa,6,966,True,26991,26679,160.4014603020005
967,3aefe4fd-81eb-4d6e-981d-53277d7ee2fa,6,967,True,27022,26710,140.0889496161326
968,3aefe4fd-81eb-4d6e-981d-53277d7ee2fa,6,968,True,27048,26736,125.80710840699248
969,3aefe4fd-81eb-4d6e-981d-53277d7ee2fa,6,969,True,27075,26763,163.13182865015915
970,3aefe4fd-81eb-4d6e-981d-53277d7ee2fa,6,970,True,27110,26798,138.5828658341925
971,3aefe4fd-81eb-4d6e-981d-53277d7ee2fa,6,971,True,27131,26819,123.38648019242828
972,3aefe4fd-81eb-4d6e-981d-53277d7ee2fa,6,972,True,27161,26849,161.99770366904704
973,3aefe4fd-81eb-4d6e-981d-53277d7ee2fa,6,973,True,27186,26874,170.28131556510925
974,3aefe4fd-81eb-4d6e-981d-53277d7ee2fa,6,974,True,27212,26900,136.4303387702712
975,3aefe4fd-81eb-4d6e-981d-53277d7ee2fa,6,975,True,27243,26931,150.81009346436622
976,3aefe4fd-81eb-4d6e-981d-53277d7ee2fa,6,976,True,27269,26957,133.2117271271054
977,3aefe4fd-81eb-4d6e-981d-53277d7ee2fa,6,977,True,27300,26988,144.1191354948387
978,3aefe4fd-81eb-4d6e-981d-53277d7ee2fa,6,978,True,27327,27015,177.5929011336484
979,3aefe4fd-81eb-4d6e-981d-53277d7ee2fa,6,979,True,27353,27041,173.13047729943355
980,3aefe4fd-81eb-4d6e-981d-53277d7ee2fa,6,980,True,27375,27063,147.2228244929538
981,3aefe4fd-81eb-4d6e-981d-53277d7ee2fa,6,981,True,27407,27095,148.85328708381348
982,3aefe4fd-81eb-4d6e-981d-53277d7ee2fa,6,982,True,27432,27120,141.21656406220427
983,3aefe4fd-81eb-4d6e-981d-53277d7ee2fa,6,983,True,27461,27149,158.84368725263266
984,3aefe4fd-81eb-4d6e-981d-53277d7ee2fa,6,984,True,27502,27190,183.9091580268141
985,3aefe4fd-81eb-4d6e-981d-53277d7ee2fa,6,985,True,27528,27216,135.5491837266236
986,3aefe4fd-81eb-4d6e-981d-53277d7ee2fa,6,986,True,27556,27244,187.68979152158863
987,3aefe4fd-81eb-4d6e-981d-53277d7ee2fa,6,987,True,27585,27273,152.12117708645746
988,3aefe4fd-81eb-4d6e-981d-53277d7ee2fa,6,988,True,27612,27300,157.1522852359558
989,3aefe4fd-81eb-4d6e-981d-53277d7ee2fa,6,989,True,27636,27324,149.88166931791056
990,3aefe4fd-81eb-4d6e-981d-53277d7ee2fa,6,990,True,27653,27341,166.9615879170051
991,3aefe4fd-81eb-4d6e-981d-53277d7ee2fa,6,991,True,27682,27370,157.0129015024104
992,3aefe4fd-81eb-4d6e-981d-53277d7ee2fa,6,992,True,27711,27399,178.64844904280108
993,3aefe4fd-81eb-4d6e-981d-53277d7ee2fa,6,993,True,27738,27426,146.77688152408882
994,3aefe4fd-81eb-4d6e-981d-53277d7ee2fa,6,994,True,27766,27454,170.22024793742094
995,3aefe4fd-81eb-4d6e-981d-53277d7ee2fa,6,995,True,27796,27484,142.79345326858675
996,3aefe4fd-81eb-4d6e-981d-53277d7ee2fa,6,996,True,27826,27514,116.84831147687873
997,3aefe4fd-81eb-4d6e-981d-53277d7ee2fa,6,997,True,27852,27540,163.76719905327627
998,3aefe4fd-81eb-4d6e-981d-53277d7ee2fa,6,998,True,27879,27567,106.31479264412701
999,3aefe4fd-81eb-4d6e-981d-53277d7ee2fa,6,999,True,27915,27603,123.09996665278595
1000,7a6edff6-ba8b-4f1e-b4ba-ac7ef7066b72,7,1000,True,380,28,79.85157901363769
1001,7a6edff6-ba8b-4f1e-b4ba-ac7ef7066b72,7,1001,True,401,49,89.2749419846952
1002,7a6edff6-ba8b-4f1e-b4ba-ac7ef7066b72,7,1002,True,422,70,93.19013569656008
1003,7a6edff6-ba8b-4f1e-b4ba-ac7ef7066b72,7,1003,True,446,94,85.93286887207918
1004,7a6edff6-ba8b-4f1e-b4ba-ac7ef7066b72,7,1004,True,485,133,74.13870206664853
1005,7a6edff6-ba8b-4f1e-b4ba-ac7ef7066b72,7,1005,True,512,160,83.96576629387357
1006,7a6edff6-ba8b-4f1e-b4ba-ac7ef7066b72,7,1006,True,541,189,84.04131404984741
1007,7a6edff6-ba8b-4f1e-b4ba-ac7ef7066b72,7,1007,True,565,213,93.13041707939931
1008,7a6edff6-ba8b-4f1e-b4ba-ac7ef7066b72,7,1008,True,597,245,87.29789325343921
1009,7a6edff6-ba8b-4f1e-b4ba-ac7ef7066b72,7,1009,True,625,273,165.73499404560778
1010,7a6edff6-ba8b-4f1e-b4ba-ac7ef7066b72,7,1010,True,654,302,125.72249510563961
1011,7a6edff6-ba8b-4f1e-b4ba-ac7ef7066b72,7,1011,True,677,325,160.86199936811045
1012,7a6edff6-ba8b-4f1e-b4ba-ac7ef7066b72,7,1012,True,711,359,159.74446189894377
1013,7a6edff6-ba8b-4f1e-b4ba-ac7ef7066b72,7,1013,True,738,386,151.07211946244865
1014,7a6edff6-ba8b-4f1e-b4ba-ac7ef7066b72,7,1014,True,769,417,131.0967704783285
1015,7a6edff6-ba8b-4f1e-b4ba-ac7ef7066b72,7,1015,True,800,448,145.44552857435758
1016,7a6edff6-ba8b-4f1e-b4ba-ac7ef7066b72,7,1016,True,824,472,108.62637384692823
1017,7a6edff6-ba8b-4f1e-b4ba-ac7ef7066b72,7,1017,True,857,505,154.09996341268914
1018,7a6edff6-ba8b-4f1e-b4ba-ac7ef7066b72,7,1018,True,888,536,133.1321902721993
1019,7a6edff6-ba8b-4f1e-b4ba-ac7ef7066b72,7,1019,True,912,560,128.29739063791249
1020,7a6edff6-ba8b-4f1e-b4ba-ac7ef7066b72,7,1020,True,944,592,137.89444764514633
1021,7a6edff6-ba8b-4f1e-b4ba-ac7ef7066b72,7,1021,True,976,624,152.66557195195935
1022,7a6edff6-ba8b-4f1e-b4ba-ac7ef7066b72,7,1022,True,1006,654,111.50886012451042
1023,7a6edff6-ba8b-4f1e-b4ba-ac7ef7066b72,7,1023,True,1040,688,128.04175458323243
1024,7a6edff6-ba8b-4f1e-b4ba-ac7ef7066b72,7,1024,True,1059,707,118.93512422785955
1025,7a6edff6-ba8b-4f1e-b4ba-ac7ef7066b72,7,1025,True,1077,725,132.81466188295008
1026,7a6edff6-ba8b-4f1e-b4ba-ac7ef7066b72,7,1026,True,1103,751,156.7241981998369
1027,7a6edff6-ba8b-4f1e-b4ba-ac7ef7066b72,7,1027,True,1128,776,140.79469324841375
1028,7a6edff6-ba8b-4f1e-b4ba-ac7ef7066b72,7,1028,True,1156,804,181.74886595134603
1029,7a6edff6-ba8b-4f1e-b4ba-ac7ef7066b72,7,1029,True,1174,822,185.87068491622847
1030,7a6edff6-ba8b-4f1e-b4ba-ac7ef7066b72,7,1030,True,1207,855,215.35282629233325
1031,7a6edff6-ba8b-4f1e-b4ba-ac7ef7066b72,7,1031,True,1223,871,187.43441928914058
1032,7a6edff6-ba8b-4f1e-b4ba-ac7ef7066b72,7,1032,True,1249,897,214.64150416751204
1033,7a6edff6-ba8b-4f1e-b4ba-ac7ef7066b72,7,1033,True,1272,920,182.35593827430694
1034,7a6edff6-ba8b-4f1e-b4ba-ac7ef7066b72,7,1034,True,1298,946,219.48790741306289
1035,7a6edff6-ba8b-4f1e-b4ba-ac7ef7066b72,7,1035,True,1323,971,194.48790741306289
1036,7a6edff6-ba8b-4f1e-b4ba-ac7ef7066b72,7,1036,True,1346,994,159.76421847742108
1037,7a6edff6-ba8b-4f1e-b4ba-ac7ef7066b72,7,1037,True,1371,1019,183.15210381646557
1038,7a6edff6-ba8b-4f1e-b4ba-ac7ef7066b72,7,1038,True,1392,1040,172.48426153087144
1039,7a6edff6-ba8b-4f1e-b4ba-ac7ef7066b72,7,1039,True,1420,1068,196.4455797982764
1040,7a6edff6-ba8b-4f1e-b4ba-ac7ef7066b72,7,1040,True,1449,1097,158.55641707508516
1041,7a6edff6-ba8b-4f1e-b4ba-ac7ef7066b72,7,1041,True,1467,1115,194.53970222792145
1042,7a6edff6-ba8b-4f1e-b4ba-ac7ef7066b72,7,1042,True,1490,1138,180.41726358568644
1043,7a6edff6-ba8b-4f1e-b4ba-ac7ef7066b72,7,1043,True,1523,1171,162.75183528565663
1044,7a6edff6-ba8b-4f1e-b4ba-ac7ef7066b72,7,1044,True,1552,1200,159.59134603590041
1045,7a6edff6-ba8b-4f1e-b4ba-ac7ef7066b72,7,1045,True,1573,1221,200.97306799388207
1046,7a6edff6-ba8b-4f1e-b4ba-ac7ef7066b72,7,1046,True,1597,1245,166.10920554489576
1047,7a6edff6-ba8b-4f1e-b4ba-ac7ef7066b72,7,1047,True,1621,1269,195.8550145946274
1048,7a6edff6-ba8b-4f1e-b4ba-ac7ef7066b72,7,1048,True,1651,1299,176.03760676349475
1049,7a6edff6-ba8b-4f1e-b4ba-ac7ef7066b72,7,1049,True,1683,1331,197.79604282621358
1050,7a6edff6-ba8b-4f1e-b4ba-ac7ef7066b72,7,1050,True,1699,1347,168.54093971036127
1051,7a6edff6-ba8b-4f1e-b4ba-ac7ef7066b72,7,1051,True,1730,1378,150.79604282621358
1052,7a6edff6-ba8b-4f1e-b4ba-ac7ef7066b72,7,1052,True,1764,1412,178.8164497900998
1053,7a6edff6-ba8b-4f1e-b4ba-ac7ef7066b72,7,1053,True,1787,1435,167.11486812938574
1054,7a6edff6-ba8b-4f1e-b4ba-ac7ef7066b72,7,1054,True,1812,1460,158.3964946321521
1055,7a6edff6-ba8b-4f1e-b4ba-ac7ef7066b72,7,1055,True,1837,1485,166.82738859446386
1056,7a6edff6-ba8b-4f1e-b4ba-ac7ef7066b72,7,1056,True,1871,1519,174.34187122125172
1057,7a6edff6-ba8b-4f1e-b4ba-ac7ef7066b72,7,1057,True,1898,1546,158.6898483323073
1058,7a6edff6-ba8b-4f1e-b4ba-ac7ef7066b72,7,1058,True,1924,1572,152.40962102457684
1059,7a6edff6-ba8b-4f1e-b4ba-ac7ef7066b72,7,1059,True,1943,1591,154.53442949640885
1060,7a6edff6-ba8b-4f1e-b4ba-ac7ef7066b72,7,1060,True,1971,1619,165.74599834266792
1061,7a6edff6-ba8b-4f1e-b4ba-ac7ef7066b72,7,1061,True,2001,1649,146.40843972632297
1062,7a6edff6-ba8b-4f1e-b4ba-ac7ef7066b72,7,1062,True,2032,1680,164.51407042443088
1063,7a6edff6-ba8b-4f1e-b4ba-ac7ef7066b72,7,1063,True,2056,1704,152.9772027520071
1064,7a6edff6-ba8b-4f1e-b4ba-ac7ef7066b72,7,1064,True,2088,1736,185.26071626883322
1065,7a6edff6-ba8b-4f1e-b4ba-ac7ef7066b72,7,1065,True,2104,1752,123.04776430014249
1066,7a6edff6-ba8b-4f1e-b4ba-ac7ef7066b72,7,1066,True,2144,1792,152.7696180789153
1067,7a6edff6-ba8b-4f1e-b4ba-ac7ef7066b72,7,1067,True,2171,1819,136.72578015732074
1068,7a6edff6-ba8b-4f1e-b4ba-ac7ef7066b72,7,1068,True,2194,1842,198.53861244523364
1069,7a6edff6-ba8b-4f1e-b4ba-ac7ef7066b72,7,1069,True,2220,1868,181.39974381841557
1070,7a6edff6-ba8b-4f1e-b4ba-ac7ef7066b72,7,1070,True,2252,1900,176.3463369792721
1071,7a6edff6-ba8b-4f1e-b4ba-ac7ef7066b72,7,1071,True,2275,1923,142.24759173188477
1072,7a6edff6-ba8b-4f1e-b4ba-ac7ef7066b72,7,1072,True,2302,1950,201.2506768393573
1073,7a6edff6-ba8b-4f1e-b4ba-ac7ef7066b72,7,1073,True,2325,1973,163.46718813150846
1074,7a6edff6-ba8b-4f1e-b4ba-ac7ef7066b72,7,1074,True,2354,2002,196.61717682765402
1075,7a6edff6-ba8b-4f1e-b4ba-ac7ef7066b72,7,1075,True,2375,2023,199.26353816808341
1076,7a6edff6-ba8b-4f1e-b4ba-ac7ef7066b72,7,1076,True,2407,2055,154.93231931683113
1077,7a6edff6-ba8b-4f1e-b4ba-ac7ef7066b72,7,1077,True,2437,2085,137.26353816808341
1078,7a6edff6-ba8b-4f1e-b4ba-ac7ef7066b72,7,1078,True,2468,2116,130.70943246144543
1079,7a6edff6-ba8b-4f1e-b4ba-ac7ef7066b72,7,1079,True,2503,2151,132.57421477708021
1080,7a6edff6-ba8b-4f1e-b4ba-ac7ef7066b72,7,1080,True,2529,2177,158.67706748887758
1081,7a6edff6-ba8b-4f1e-b4ba-ac7ef7066b72,7,1081,True,2549,2197,127.97081491627205
1082,7a6edff6-ba8b-4f1e-b4ba-ac7ef7066b72,7,1082,True,2573,2221,154.25173560391022
1083,7a6edff6-ba8b-4f1e-b4ba-ac7ef7066b72,7,1083,True,2598,2246,138.89854209474333
1084,7a6edff6-ba8b-4f1e-b4ba-ac7ef7066b72,7,1084,True,2619,2267,133.579283477236
1085,7a6edff6-ba8b-4f1e-b4ba-ac7ef7066b72,7,1085,True,2647,2295,156.4307723396014
1086,7a6edff6-ba8b-4f1e-b4ba-ac7ef7066b72,7,1086,True,2675,2323,146.75280709435583
1087,7a6edff6-ba8b-4f1e-b4ba-ac7ef7066b72,7,1087,True,2706,2354,145.03297400623705
1088,7a6edff6-ba8b-4f1e-b4ba-ac7ef7066b72,7,1088,True,2738,2386,151.639723522826
1089,7a6edff6-ba8b-4f1e-b4ba-ac7ef7066b72,7,1089,True,2759,2407,140.96560439931818
1090,7a6edff6-ba8b-4f1e-b4ba-ac7ef7066b72,7,1090,True,2791,2439,163.9121908519428
1091,7a6edff6-ba8b-4f1e-b4ba-ac7ef7066b72,7,1091,True,2811,2459,123.81613513400498
1092,7a6edff6-ba8b-4f1e-b4ba-ac7ef7066b72,7,1092,True,2843,2491,143.8048060625124
1093,7a6edff6-ba8b-4f1e-b4ba-ac7ef7066b72,7,1093,True,2868,2516,129.15969171823917
1094,7a6edff6-ba8b-4f1e-b4ba-ac7ef7066b72,7,1094,True,2902,2550,124.9232138753764
1095,7a6edff6-ba8b-4f1e-b4ba-ac7ef7066b72,7,1095,True,2934,2582,116.70991974070967
1096,7a6edff6-ba8b-4f1e-b4ba-ac7ef7066b72,7,1096,True,2960,2608,118.04172769524621
1097,7a6edff6-ba8b-4f1e-b4ba-ac7ef7066b72,7,1097,True,2978,2626,172.41404992632897
1098,7a6edff6-ba8b-4f1e-b4ba-ac7ef7066b72,7,1098,True,3001,2649,181.07710541251026
1099,7a6edff6-ba8b-4f1e-b4ba-ac7ef7066b72,7,1099,True,3033,2681,137.71371589007003
1100,7a6edff6-ba8b-4f1e-b4ba-ac7ef7066b72,7,1100,True,3075,2723,125.46891851400142
1101,7a6edff6-ba8b-4f1e-b4ba-ac7ef7066b72,7,1101,True,3101,2749,161.19833303985433
1102,7a6edff6-ba8b-4f1e-b4ba-ac7ef7066b72,7,1102,True,3123,2771,128.90463583532346
1103,7a6edff6-ba8b-4f1e-b4ba-ac7ef7066b72,7,1103,True,3153,2801,153.30425487401726
1104,7a6edff6-ba8b-4f1e-b4ba-ac7ef7066b72,7,1104,True,3182,2830,146.53962258809088
1105,7a6edff6-ba8b-4f1e-b4ba-ac7ef7066b72,7,1105,True,3215,2863,124.09259300904523
1106,7a6edff6-ba8b-4f1e-b4ba-ac7ef7066b72,7,1106,True,3241,2889,163.82832234735497
1107,7a6edff6-ba8b-4f1e-b4ba-ac7ef7066b72,7,1107,True,3265,2913,158.3439532103921
1108,7a6edff6-ba8b-4f1e-b4ba-ac7ef7066b72,7,1108,True,3302,2950,161.4236439441629
1109,7a6edff6-ba8b-4f1e-b4ba-ac7ef7066b72,7,1109,True,3329,2977,144.70134332526095
1110,7a6edff6-ba8b-4f1e-b4ba-ac7ef7066b72,7,1110,True,3360,3008,139.84760330253494
1111,7a6edff6-ba8b-4f1e-b4ba-ac7ef7066b72,7,1111,True,3381,3029,131.68883178323858
1112,7a6edff6-ba8b-4f1e-b4ba-ac7ef7066b72,7,1112,True,3411,3059,126.64263246328846
1113,7a6edff6-ba8b-4f1e-b4ba-ac7ef7066b72,7,1113,True,3439,3087,117.51546454250047
1114,7a6edff6-ba8b-4f1e-b4ba-ac7ef7066b72,7,1114,True,3467,3115,130.59040927697106
1115,7a6edff6-ba8b-4f1e-b4ba-ac7ef7066b72,7,1115,True,3485,3133,123.61951655538769
1116,7a6edff6-ba8b-4f1e-b4ba-ac7ef7066b72,7,1116,True,3518,3166,166.23004073572793
1117,7a6edff6-ba8b-4f1e-b4ba-ac7ef7066b72,7,1117,True,3546,3194,149.41211214496707
1118,7a6edff6-ba8b-4f1e-b4ba-ac7ef7066b72,7,1118,True,3561,3209,134.41211214496707
1119,7a6edff6-ba8b-4f1e-b4ba-ac7ef7066b72,7,1119,True,3588,3236,127.33948705522607
1120,7a6edff6-ba8b-4f1e-b4ba-ac7ef7066b72,7,1120,True,3622,3270,122.08668206293987
1121,7a6edff6-ba8b-4f1e-b4ba-ac7ef7066b72,7,1121,True,3663,3311,122.8210673034032
1122,7a6edff6-ba8b-4f1e-b4ba-ac7ef7066b72,7,1122,True,3692,3340,123.87147838431929
1123,7a6edff6-ba8b-4f1e-b4ba-ac7ef7066b72,7,1123,True,3719,3367,136.0951322673136
1124,7a6edff6-ba8b-4f1e-b4ba-ac7ef7066b72,7,1124,True,3737,3385,105.98749986711118
1125,7a6edff6-ba8b-4f1e-b4ba-ac7ef7066b72,7,1125,True,3769,3417,108.13860183625911
1126,7a6edff6-ba8b-4f1e-b4ba-ac7ef7066b72,7,1126,True,3796,3444,143.59191860855526
1127,7a6edff6-ba8b-4f1e-b4ba-ac7ef7066b72,7,1127,True,3820,3468,151.010331140345
1128,7a6edff6-ba8b-4f1e-b4ba-ac7ef7066b72,7,1128,True,3850,3498,139.5954949832003
1129,7a6edff6-ba8b-4f1e-b4ba-ac7ef7066b72,7,1129,True,3879,3527,121.66394794404505
1130,7a6edff6-ba8b-4f1e-b4ba-ac7ef7066b72,7,1130,True,3907,3555,117.18271351681597
1131,7a6edff6-ba8b-4f1e-b4ba-ac7ef7066b72,7,1131,True,3944,3592,121.67103135120806
1132,7a6edff6-ba8b-4f1e-b4ba-ac7ef7066b72,7,1132,True,3974,3622,165.25164666222008
1133,7a6edff6-ba8b-4f1e-b4ba-ac7ef7066b72,7,1133,True,3999,3647,106.53004273038277
1134,7a6edff6-ba8b-4f1e-b4ba-ac7ef7066b72,7,1134,True,4030,3678,127.52542741527031
1135,7a6edff6-ba8b-4f1e-b4ba-ac7ef7066b72,7,1135,True,4057,3705,111.20807819200127
1136,7a6edff6-ba8b-4f1e-b4ba-ac7ef7066b72,7,1136,True,4084,3732,138.30956570725448
1137,7a6edff6-ba8b-4f1e-b4ba-ac7ef7066b72,7,1137,True,4104,3752,129.0868778381282
1138,7a6edff6-ba8b-4f1e-b4ba-ac7ef7066b72,7,1138,True,4130,3778,144.30489113215754
1139,7a6edff6-ba8b-4f1e-b4ba-ac7ef7066b72,7,1139,True,4162,3810,177.73403521984574
1140,7a6edff6-ba8b-4f1e-b4ba-ac7ef7066b72,7,1140,True,4188,3836,139.71149149526627
1141,7a6edff6-ba8b-4f1e-b4ba-ac7ef7066b72,7,1141,True,4217,3865,122.73403521984574
1142,7a6edff6-ba8b-4f1e-b4ba-ac7ef7066b72,7,1142,True,4250,3898,133.41434838082387
1143,7a6edff6-ba8b-4f1e-b4ba-ac7ef7066b72,7,1143,True,4279,3927,127.41375223413343
1144,7a6edff6-ba8b-4f1e-b4ba-ac7ef7066b72,7,1144,True,4309,3957,189.0593023601332
1145,7a6edff6-ba8b-4f1e-b4ba-ac7ef7066b72,7,1145,True,4329,3977,104.33696543891938
1146,7a6edff6-ba8b-4f1e-b4ba-ac7ef7066b72,7,1146,True,4352,4000,132.82818253303685
1147,7a6edff6-ba8b-4f1e-b4ba-ac7ef7066b72,7,1147,True,4387,4035,125.14132763001817
1148,7a6edff6-ba8b-4f1e-b4ba-ac7ef7066b72,7,1148,True,4427,4075,168.28494102262084
1149,7a6edff6-ba8b-4f1e-b4ba-ac7ef7066b72,7,1149,True,4454,4102,152.55572890020903
1150,7a6edff6-ba8b-4f1e-b4ba-ac7ef7066b72,7,1150,True,4482,4130,163.48893940764356
1151,7a6edff6-ba8b-4f1e-b4ba-ac7ef7066b72,7,1151,True,4506,4154,151.1097175709574
1152,7a6edff6-ba8b-4f1e-b4ba-ac7ef7066b72,7,1152,True,4541,4189,186.90385371765205
1153,7a6edff6-ba8b-4f1e-b4ba-ac7ef7066b72,7,1153,True,4573,4221,144.01398052360764
1154,7a6edff6-ba8b-4f1e-b4ba-ac7ef7066b72,7,1154,True,4601,4249,148.3891223796245
1155,7a6edff6-ba8b-4f1e-b4ba-ac7ef7066b72,7,1155,True,4630,4278,140.62447652963874
1156,7a6edff6-ba8b-4f1e-b4ba-ac7ef7066b72,7,1156,True,4655,4303,147.0558865120447
1157,7a6edff6-ba8b-4f1e-b4ba-ac7ef7066b72,7,1157,True,4678,4326,149.44654746918786
1158,7a6edff6-ba8b-4f1e-b4ba-ac7ef7066b72,7,1158,True,4706,4354,149.26811483836264
1159,7a6edff6-ba8b-4f1e-b4ba-ac7ef7066b72,7,1159,True,4731,4379,202.80384593912095
1160,7a6edff6-ba8b-4f1e-b4ba-ac7ef7066b72,7,1160,True,4763,4411,148.04255227149133
1161,7a6edff6-ba8b-4f1e-b4ba-ac7ef7066b72,7,1161,True,4791,4439,153.4978429423054
1162,7a6edff6-ba8b-4f1e-b4ba-ac7ef7066b72,7,1162,True,4818,4466,222.71386313645326
1163,7a6edff6-ba8b-4f1e-b4ba-ac7ef7066b72,7,1163,True,4839,4487,128.88317913955325
1164,7a6edff6-ba8b-4f1e-b4ba-ac7ef7066b72,7,1164,True,4867,4515,173.71386313645326
1165,7a6edff6-ba8b-4f1e-b4ba-ac7ef7066b72,7,1165,True,4912,4560,184.71747680571934
1166,7a6edff6-ba8b-4f1e-b4ba-ac7ef7066b72,7,1166,True,4937,4585,204.69006550386803
1167,7a6edff6-ba8b-4f1e-b4ba-ac7ef7066b72,7,1167,True,4960,4608,152.27382892889
1168,7a6edff6-ba8b-4f1e-b4ba-ac7ef7066b72,7,1168,True,4983,4631,187.29458155300745
1169,7a6edff6-ba8b-4f1e-b4ba-ac7ef7066b72,7,1169,True,5009,4657,191.6958084995431
1170,7a6edff6-ba8b-4f1e-b4ba-ac7ef7066b72,7,1170,True,5034,4682,155.66293826691162
1171,7a6edff6-ba8b-4f1e-b4ba-ac7ef7066b72,7,1171,True,5067,4715,199.94371200434944
1172,7a6edff6-ba8b-4f1e-b4ba-ac7ef7066b72,7,1172,True,5093,4741,143.61792102393701
1173,7a6edff6-ba8b-4f1e-b4ba-ac7ef7066b72,7,1173,True,5125,4773,183.08289191641325
1174,7a6edff6-ba8b-4f1e-b4ba-ac7ef7066b72,7,1174,True,5154,4802,123.33009568257694
1175,7a6edff6-ba8b-4f1e-b4ba-ac7ef7066b72,7,1175,True,5173,4821,163.94240739344605
1176,7a6edff6-ba8b-4f1e-b4ba-ac7ef7066b72,7,1176,True,5204,4852,144.28850833431807
1177,7a6edff6-ba8b-4f1e-b4ba-ac7ef7066b72,7,1177,True,5236,4884,188.59752590835433
1178,7a6edff6-ba8b-4f1e-b4ba-ac7ef7066b72,7,1178,True,5276,4924,167.9381313978165
1179,7a6edff6-ba8b-4f1e-b4ba-ac7ef7066b72,7,1179,True,5300,4948,179.15032465238983
1180,7a6edff6-ba8b-4f1e-b4ba-ac7ef7066b72,7,1180,True,5324,4972,144.41730428075334
1181,7a6edff6-ba8b-4f1e-b4ba-ac7ef7066b72,7,1181,True,5356,5004,223.47315191366852
1182,7a6edff6-ba8b-4f1e-b4ba-ac7ef7066b72,7,1182,True,5384,5032,178.19837917686164
1183,7a6edff6-ba8b-4f1e-b4ba-ac7ef7066b72,7,1183,True,5410,5058,198.28835599852573
1184,7a6edff6-ba8b-4f1e-b4ba-ac7ef7066b72,7,1184,True,5444,5092,185.54947634180553
1185,7a6edff6-ba8b-4f1e-b4ba-ac7ef7066b72,7,1185,True,5475,5123,207.35402752630853
1186,7a6edff6-ba8b-4f1e-b4ba-ac7ef7066b72,7,1186,True,5512,5160,142.70352167531564
1187,7a6edff6-ba8b-4f1e-b4ba-ac7ef7066b72,7,1187,True,5543,5191,149.65614875489064
1188,7a6edff6-ba8b-4f1e-b4ba-ac7ef7066b72,7,1188,True,5567,5215,162.48392918162244
1189,7a6edff6-ba8b-4f1e-b4ba-ac7ef7066b72,7,1189,True,5589,5237,150.89161363401035
1190,7a6edff6-ba8b-4f1e-b4ba-ac7ef7066b72,7,1190,True,5623,5271,157.58460466126417
1191,7a6edff6-ba8b-4f1e-b4ba-ac7ef7066b72,7,1191,True,5654,5302,137.82265338862817
1192,7a6edff6-ba8b-4f1e-b4ba-ac7ef7066b72,7,1192,True,5693,5341,140.66744313047184
1193,7a6edff6-ba8b-4f1e-b4ba-ac7ef7066b72,7,1193,True,5719,5367,140.27489883342696
1194,7a6edff6-ba8b-4f1e-b4ba-ac7ef7066b72,7,1194,True,5752,5400,155.86172752661514
1195,7a6edff6-ba8b-4f1e-b4ba-ac7ef7066b72,7,1195,True,5778,5426,140.9863436154901
1196,7a6edff6-ba8b-4f1e-b4ba-ac7ef7066b72,7,1196,True,5812,5460,148.60879525295513
1197,7a6edff6-ba8b-4f1e-b4ba-ac7ef7066b72,7,1197,True,5839,5487,130.83614064949597
1198,7a6edff6-ba8b-4f1e-b4ba-ac7ef7066b72,7,1198,True,5870,5518,150.06808832661227
1199,7a6edff6-ba8b-4f1e-b4ba-ac7ef7066b72,7,1199,True,5886,5534,161.7663481494601
1200,7a6edff6-ba8b-4f1e-b4ba-ac7ef7066b72,7,1200,True,5917,5565,179.95832321117723
1201,7a6edff6-ba8b-4f1e-b4ba-ac7ef7066b72,7,1201,True,5939,5587,172.57933573575883
1202,7a6edff6-ba8b-4f1e-b4ba-ac7ef7066b72,7,1202,True,5968,5616,182.95050460328184
1203,7a6edff6-ba8b-4f1e-b4ba-ac7ef7066b72,7,1203,True,5989,5637,131.39429751040097
1204,7a6edff6-ba8b-4f1e-b4ba-ac7ef7066b72,7,1204,True,6011,5659,198.27850331228547
1205,7a6edff6-ba8b-4f1e-b4ba-ac7ef7066b72,7,1205,True,6035,5683,157.3479326267643
1206,7a6edff6-ba8b-4f1e-b4ba-ac7ef7066b72,7,1206,True,6065,5713,200.5751687516895
1207,7a6edff6-ba8b-4f1e-b4ba-ac7ef7066b72,7,1207,True,6089,5737,156.81408110381653
1208,7a6edff6-ba8b-4f1e-b4ba-ac7ef7066b72,7,1208,True,6118,5766,189.96752131328685
1209,7a6edff6-ba8b-4f1e-b4ba-ac7ef7066b72,7,1209,True,6154,5802,164.93747376458396
1210,7a6edff6-ba8b-4f1e-b4ba-ac7ef7066b72,7,1210,True,6185,5833,142.07018990435336
1211,7a6edff6-ba8b-4f1e-b4ba-ac7ef7066b72,7,1211,True,6213,5861,163.30115154673786
1212,7a6edff6-ba8b-4f1e-b4ba-ac7ef7066b72,7,1212,True,6238,5886,147.9948162099081
1213,7a6edff6-ba8b-4f1e-b4ba-ac7ef7066b72,7,1213,True,6268,5916,234.95670147190594
1214,7a6edff6-ba8b-4f1e-b4ba-ac7ef7066b72,7,1214,True,6300,5948,163.4971546523402
1215,7a6edff6-ba8b-4f1e-b4ba-ac7ef7066b72,7,1215,True,6318,5966,184.95670147190594
1216,7a6edff6-ba8b-4f1e-b4ba-ac7ef7066b72,7,1216,True,6342,5990,148.486331203796
1217,7a6edff6-ba8b-4f1e-b4ba-ac7ef7066b72,7,1217,True,6373,6021,164.4025061844859
1218,7a6edff6-ba8b-4f1e-b4ba-ac7ef7066b72,7,1218,True,6390,6038,183.47786935115255
1219,7a6edff6-ba8b-4f1e-b4ba-ac7ef7066b72,7,1219,True,6429,6077,155.13293680299103
1220,7a6edff6-ba8b-4f1e-b4ba-ac7ef7066b72,7,1220,True,6459,6107,179.22163786975852
1221,7a6edff6-ba8b-4f1e-b4ba-ac7ef7066b72,7,1221,True,6482,6130,144.32439600090493
1222,7a6edff6-ba8b-4f1e-b4ba-ac7ef7066b72,7,1222,True,6514,6162,189.22907984208268
1223,7a6edff6-ba8b-4f1e-b4ba-ac7ef7066b72,7,1223,True,6538,6186,112.1660732392802
1224,7a6edff6-ba8b-4f1e-b4ba-ac7ef7066b72,7,1224,True,6556,6204,250.13405040686666
1225,7a6edff6-ba8b-4f1e-b4ba-ac7ef7066b72,7,1225,True,6576,6224,223.14037975768224
1226,7a6edff6-ba8b-4f1e-b4ba-ac7ef7066b72,7,1226,True,6608,6256,266.47591277908214
1227,7a6edff6-ba8b-4f1e-b4ba-ac7ef7066b72,7,1227,True,6634,6282,227.43462099554017
1228,7a6edff6-ba8b-4f1e-b4ba-ac7ef7066b72,7,1228,True,6660,6308,214.47591277908214
1229,7a6edff6-ba8b-4f1e-b4ba-ac7ef7066b72,7,1229,True,6683,6331,255.5743531287435
1230,7a6edff6-ba8b-4f1e-b4ba-ac7ef7066b72,7,1230,True,6707,6355,221.24057098824142
1231,7a6edff6-ba8b-4f1e-b4ba-ac7ef7066b72,7,1231,True,6736,6384,215.55465525805994
1232,7a6edff6-ba8b-4f1e-b4ba-ac7ef7066b72,7,1232,True,6760,6408,168.24057098824142
1233,7a6edff6-ba8b-4f1e-b4ba-ac7ef7066b72,7,1233,True,6789,6437,208.95101794276707
1234,7a6edff6-ba8b-4f1e-b4ba-ac7ef7066b72,7,1234,True,6819,6467,157.53158709100626
1235,7a6edff6-ba8b-4f1e-b4ba-ac7ef7066b72,7,1235,True,6843,6491,192.84482795715485
1236,7a6edff6-ba8b-4f1e-b4ba-ac7ef7066b72,7,1236,True,6874,6522,150.46090018104223
1237,7a6edff6-ba8b-4f1e-b4ba-ac7ef7066b72,7,1237,True,6899,6547,178.90091874414884
1238,7a6edff6-ba8b-4f1e-b4ba-ac7ef7066b72,7,1238,True,6928,6576,169.68678043559794
1239,7a6edff6-ba8b-4f1e-b4ba-ac7ef7066b72,7,1239,True,6967,6615,155.88414965814627
1240,7a6edff6-ba8b-4f1e-b4ba-ac7ef7066b72,7,1240,True,6990,6638,157.26029799418393
1241,7a6edff6-ba8b-4f1e-b4ba-ac7ef7066b72,7,1241,True,7021,6669,173.85969576638308
1242,7a6edff6-ba8b-4f1e-b4ba-ac7ef7066b72,7,1242,True,7047,6695,156.56662322069133
1243,7a6edff6-ba8b-4f1e-b4ba-ac7ef7066b72,7,1243,True,7076,6724,171.47258910825803
1244,7a6edff6-ba8b-4f1e-b4ba-ac7ef7066b72,7,1244,True,7103,6751,177.51268080015598
1245,7a6edff6-ba8b-4f1e-b4ba-ac7ef7066b72,7,1245,True,7129,6777,141.79619471760907
1246,7a6edff6-ba8b-4f1e-b4ba-ac7ef7066b72,7,1246,True,7151,6799,151.9118869899039
1247,7a6edff6-ba8b-4f1e-b4ba-ac7ef7066b72,7,1247,True,7198,6846,171.89893807572298
1248,7a6edff6-ba8b-4f1e-b4ba-ac7ef7066b72,7,1248,True,7217,6865,177.58704253048836
1249,7a6edff6-ba8b-4f1e-b4ba-ac7ef7066b72,7,1249,True,7253,6901,248.44245241841327
1250,7a6edff6-ba8b-4f1e-b4ba-ac7ef7066b72,7,1250,True,7277,6925,188.75252280249515
1251,7a6edff6-ba8b-4f1e-b4ba-ac7ef7066b72,7,1251,True,7308,6956,184.47348808600145
1252,7a6edff6-ba8b-4f1e-b4ba-ac7ef7066b72,7,1252,True,7337,6985,207.15572619024988
1253,7a6edff6-ba8b-4f1e-b4ba-ac7ef7066b72,7,1253,True,7367,7015,149.69751333701788
1254,7a6edff6-ba8b-4f1e-b4ba-ac7ef7066b72,7,1254,True,7398,7046,217.60372041432765
1255,7a6edff6-ba8b-4f1e-b4ba-ac7ef7066b72,7,1255,True,7421,7069,176.4789643333179
1256,7a6edff6-ba8b-4f1e-b4ba-ac7ef7066b72,7,1256,True,7453,7101,206.05629947552006
1257,7a6edff6-ba8b-4f1e-b4ba-ac7ef7066b72,7,1257,True,7477,7125,182.05629947552006
1258,7a6edff6-ba8b-4f1e-b4ba-ac7ef7066b72,7,1258,True,7501,7149,145.48911353815856
1259,7a6edff6-ba8b-4f1e-b4ba-ac7ef7066b72,7,1259,True,7518,7166,240.7642520696454
1260,7a6edff6-ba8b-4f1e-b4ba-ac7ef7066b72,7,1260,True,7550,7198,164.40253028244933
1261,7a6edff6-ba8b-4f1e-b4ba-ac7ef7066b72,7,1261,True,7580,7228,178.7642520696454
1262,7a6edff6-ba8b-4f1e-b4ba-ac7ef7066b72,7,1262,True,7618,7266,185.72872985602862
1263,7a6edff6-ba8b-4f1e-b4ba-ac7ef7066b72,7,1263,True,7641,7289,173.51620465223095
1264,7a6edff6-ba8b-4f1e-b4ba-ac7ef7066b72,7,1264,True,7673,7321,179.9122303189779
1265,7a6edff6-ba8b-4f1e-b4ba-ac7ef7066b72,7,1265,True,7701,7349,161.74888899335474
1266,7a6edff6-ba8b-4f1e-b4ba-ac7ef7066b72,7,1266,True,7727,7375,146.83517613109962
1267,7a6edff6-ba8b-4f1e-b4ba-ac7ef7066b72,7,1267,True,7756,7404,128.6248368773795
1268,7a6edff6-ba8b-4f1e-b4ba-ac7ef7066b72,7,1268,True,7780,7428,149.5611097705596
1269,7a6edff6-ba8b-4f1e-b4ba-ac7ef7066b72,7,1269,True,7816,7464,134.05920961469656
1270,7a6edff6-ba8b-4f1e-b4ba-ac7ef7066b72,7,1270,True,7849,7497,152.79139760487215
1271,7a6edff6-ba8b-4f1e-b4ba-ac7ef7066b72,7,1271,True,7879,7527,183.10582899782275
1272,7a6edff6-ba8b-4f1e-b4ba-ac7ef7066b72,7,1272,True,7910,7558,163.8341275355042
1273,7a6edff6-ba8b-4f1e-b4ba-ac7ef7066b72,7,1273,True,7937,7585,184.23688063791997
1274,7a6edff6-ba8b-4f1e-b4ba-ac7ef7066b72,7,1274,True,7975,7623,135.47272114227235
1275,7a6edff6-ba8b-4f1e-b4ba-ac7ef7066b72,7,1275,True,8008,7656,130.87244708623166
1276,7a6edff6-ba8b-4f1e-b4ba-ac7ef7066b72,7,1276,True,8035,7683,151.7762795740673
1277,7a6edff6-ba8b-4f1e-b4ba-ac7ef7066b72,7,1277,True,8059,7707,159.90277031328696
1278,7a6edff6-ba8b-4f1e-b4ba-ac7ef7066b72,7,1278,True,8076,7724,188.11042485540202
1279,7a6edff6-ba8b-4f1e-b4ba-ac7ef7066b72,7,1279,True,8113,7761,168.7232121226043
1280,7a6edff6-ba8b-4f1e-b4ba-ac7ef7066b72,7,1280,True,8145,7793,147.9929859281192
1281,7a6edff6-ba8b-4f1e-b4ba-ac7ef7066b72,7,1281,True,8175,7823,177.1433612538358
1282,7a6edff6-ba8b-4f1e-b4ba-ac7ef7066b72,7,1282,True,8197,7845,166.45621464426404
1283,7a6edff6-ba8b-4f1e-b4ba-ac7ef7066b72,7,1283,True,8215,7863,167.89586385236453
1284,7a6edff6-ba8b-4f1e-b4ba-ac7ef7066b72,7,1284,True,8245,7893,159.5710240190083
1285,7a6edff6-ba8b-4f1e-b4ba-ac7ef7066b72,7,1285,True,8278,7926,234.4965968671895
1286,7a6edff6-ba8b-4f1e-b4ba-ac7ef7066b72,7,1286,True,8298,7946,151.78366501093842
1287,7a6edff6-ba8b-4f1e-b4ba-ac7ef7066b72,7,1287,True,8323,7971,136.82987395065447
1288,7a6edff6-ba8b-4f1e-b4ba-ac7ef7066b72,7,1288,True,8351,7999,228.82864690208226
1289,7a6edff6-ba8b-4f1e-b4ba-ac7ef7066b72,7,1289,True,8376,8024,186.5243569665654
1290,7a6edff6-ba8b-4f1e-b4ba-ac7ef7066b72,7,1290,True,8401,8049,211.2577572989212
1291,7a6edff6-ba8b-4f1e-b4ba-ac7ef7066b72,7,1291,True,8441,8089,171.2577572989212
1292,7a6edff6-ba8b-4f1e-b4ba-ac7ef7066b72,7,1292,True,8466,8114,190.75183273412222
1293,7a6edff6-ba8b-4f1e-b4ba-ac7ef7066b72,7,1293,True,8504,8152,204.44248498205525
1294,7a6edff6-ba8b-4f1e-b4ba-ac7ef7066b72,7,1294,True,8524,8172,171.431179284491
1295,7a6edff6-ba8b-4f1e-b4ba-ac7ef7066b72,7,1295,True,8553,8201,165.99007460638677
1296,7a6edff6-ba8b-4f1e-b4ba-ac7ef7066b72,7,1296,True,8587,8235,141.6622095407165
1297,7a6edff6-ba8b-4f1e-b4ba-ac7ef7066b72,7,1297,True,8614,8262,256.26080217593153
1298,7a6edff6-ba8b-4f1e-b4ba-ac7ef7066b72,7,1298,True,8636,8284,275.55007586313695
1299,7a6edff6-ba8b-4f1e-b4ba-ac7ef7066b72,7,1299,True,8658,8306,183.61152234627298
1300,7a6edff6-ba8b-4f1e-b4ba-ac7ef7066b72,7,1300,True,8681,8329,189.26080217593153
1301,7a6edff6-ba8b-4f1e-b4ba-ac7ef7066b72,7,1301,True,8703,8351,197.4667051655215
1302,7a6edff6-ba8b-4f1e-b4ba-ac7ef7066b72,7,1302,True,8734,8382,192.14288474285604
1303,7a6edff6-ba8b-4f1e-b4ba-ac7ef7066b72,7,1303,True,8762,8410,174.48408460657265
1304,7a6edff6-ba8b-4f1e-b4ba-ac7ef7066b72,7,1304,True,8781,8429,272.5759355711871
1305,7a6edff6-ba8b-4f1e-b4ba-ac7ef7066b72,7,1305,True,8803,8451,239.22907248313277
1306,7a6edff6-ba8b-4f1e-b4ba-ac7ef7066b72,7,1306,True,8826,8474,196.2475064811024
1307,7a6edff6-ba8b-4f1e-b4ba-ac7ef7066b72,7,1307,True,8846,8494,285.70073743324247
1308,7a6edff6-ba8b-4f1e-b4ba-ac7ef7066b72,7,1308,True,8874,8522,237.72156192284092
1309,7a6edff6-ba8b-4f1e-b4ba-ac7ef7066b72,7,1309,True,8897,8545,329.82770104570227
1310,7a6edff6-ba8b-4f1e-b4ba-ac7ef7066b72,7,1310,True,8923,8571,237.99878266664928
1311,7a6edff6-ba8b-4f1e-b4ba-ac7ef7066b72,7,1311,True,8953,8601,273.82770104570227
1312,7a6edff6-ba8b-4f1e-b4ba-ac7ef7066b72,7,1312,True,8979,8627,228.63336973870173
1313,7a6edff6-ba8b-4f1e-b4ba-ac7ef7066b72,7,1313,True,9007,8655,280.78278893548486
1314,7a6edff6-ba8b-4f1e-b4ba-ac7ef7066b72,7,1314,True,9038,8686,249.78278893548486
1315,7a6edff6-ba8b-4f1e-b4ba-ac7ef7066b72,7,1315,True,9066,8714,189.1558001171161
1316,7a6edff6-ba8b-4f1e-b4ba-ac7ef7066b72,7,1316,True,9101,8749,186.78278893548486
1317,7a6edff6-ba8b-4f1e-b4ba-ac7ef7066b72,7,1317,True,9129,8777,255.33210419360694
1318,7a6edff6-ba8b-4f1e-b4ba-ac7ef7066b72,7,1318,True,9158,8806,179.47026055939568
1319,7a6edff6-ba8b-4f1e-b4ba-ac7ef7066b72,7,1319,True,9183,8831,188.06725567147987
1320,7a6edff6-ba8b-4f1e-b4ba-ac7ef7066b72,7,1320,True,9214,8862,203.9612142684564
1321,7a6edff6-ba8b-4f1e-b4ba-ac7ef7066b72,7,1321,True,9240,8888,221.3753699848512
1322,7a6edff6-ba8b-4f1e-b4ba-ac7ef7066b72,7,1322,True,9263,8911,209.07501174813297
1323,7a6edff6-ba8b-4f1e-b4ba-ac7ef7066b72,7,1323,True,9289,8937,172.3753699848512
1324,7a6edff6-ba8b-4f1e-b4ba-ac7ef7066b72,7,1324,True,9322,8970,194.1603895213284
1325,7a6edff6-ba8b-4f1e-b4ba-ac7ef7066b72,7,1325,True,9349,8997,167.1603895213284
1326,7a6edff6-ba8b-4f1e-b4ba-ac7ef7066b72,7,1326,True,9379,9027,165.9510556981677
1327,7a6edff6-ba8b-4f1e-b4ba-ac7ef7066b72,7,1327,True,9403,9051,158.89626505583146
1328,7a6edff6-ba8b-4f1e-b4ba-ac7ef7066b72,7,1328,True,9434,9082,137.5477812545705
1329,7a6edff6-ba8b-4f1e-b4ba-ac7ef7066b72,7,1329,True,9468,9116,163.9921252833392
1330,7a6edff6-ba8b-4f1e-b4ba-ac7ef7066b72,7,1330,True,9493,9141,129.37814636530857
1331,7a6edff6-ba8b-4f1e-b4ba-ac7ef7066b72,7,1331,True,9520,9168,161.1511133402546
1332,7a6edff6-ba8b-4f1e-b4ba-ac7ef7066b72,7,1332,True,9547,9195,144.6948611117332
1333,7a6edff6-ba8b-4f1e-b4ba-ac7ef7066b72,7,1333,True,9573,9221,177.92102866073947
1334,7a6edff6-ba8b-4f1e-b4ba-ac7ef7066b72,7,1334,True,9609,9257,130.26815289945262
1335,7a6edff6-ba8b-4f1e-b4ba-ac7ef7066b72,7,1335,True,9635,9283,142.0966826038548
1336,7a6edff6-ba8b-4f1e-b4ba-ac7ef7066b72,7,1336,True,9678,9326,152.24131595278232
1337,7a6edff6-ba8b-4f1e-b4ba-ac7ef7066b72,7,1337,True,9708,9356,194.83359840625053
1338,7a6edff6-ba8b-4f1e-b4ba-ac7ef7066b72,7,1338,True,9734,9382,177.57050618208086
1339,7a6edff6-ba8b-4f1e-b4ba-ac7ef7066b72,7,1339,True,9763,9411,179.12186503612793
1340,7a6edff6-ba8b-4f1e-b4ba-ac7ef7066b72,7,1340,True,9786,9434,146.60341133707698
1341,7a6edff6-ba8b-4f1e-b4ba-ac7ef7066b72,7,1341,True,9812,9460,173.37982834883587
1342,7a6edff6-ba8b-4f1e-b4ba-ac7ef7066b72,7,1342,True,9838,9486,174.81824021514694
1343,7a6edff6-ba8b-4f1e-b4ba-ac7ef7066b72,7,1343,True,9869,9517,198.49266568357052
1344,7a6edff6-ba8b-4f1e-b4ba-ac7ef7066b72,7,1344,True,9900,9548,135.63675220459845
1345,7a6edff6-ba8b-4f1e-b4ba-ac7ef7066b72,7,1345,True,9923,9571,174.0863089303548
1346,7a6edff6-ba8b-4f1e-b4ba-ac7ef7066b72,7,1346,True,9950,9598,135.91542626534283
1347,7a6edff6-ba8b-4f1e-b4ba-ac7ef7066b72,7,1347,True,9983,9631,170.5262812777546
1348,7a6edff6-ba8b-4f1e-b4ba-ac7ef7066b72,7,1348,True,10011,9659,160.79784792555984
1349,7a6edff6-ba8b-4f1e-b4ba-ac7ef7066b72,7,1349,True,10043,9691,181.4431639094073
1350,7a6edff6-ba8b-4f1e-b4ba-ac7ef7066b72,7,1350,True,10075,9723,123.36439354863433
1351,7a6edff6-ba8b-4f1e-b4ba-ac7ef7066b72,7,1351,True,10108,9756,128.92240129686616
1352,7a6edff6-ba8b-4f1e-b4ba-ac7ef7066b72,7,1352,True,10129,9777,122.00695027519578
1353,7a6edff6-ba8b-4f1e-b4ba-ac7ef7066b72,7,1353,True,10159,9807,138.45051160920775
1354,7a6edff6-ba8b-4f1e-b4ba-ac7ef7066b72,7,1354,True,10181,9829,126.63930269645425
1355,7a6edff6-ba8b-4f1e-b4ba-ac7ef7066b72,7,1355,True,10216,9864,166.64049469619567
1356,7a6edff6-ba8b-4f1e-b4ba-ac7ef7066b72,7,1356,True,10252,9900,109.14314735969492
1357,7a6edff6-ba8b-4f1e-b4ba-ac7ef7066b72,7,1357,True,10281,9929,151.64329785070004
1358,7a6edff6-ba8b-4f1e-b4ba-ac7ef7066b72,7,1358,True,10316,9964,127.73064032466391
1359,7a6edff6-ba8b-4f1e-b4ba-ac7ef7066b72,7,1359,True,10346,9994,136.95602049911395
1360,7a6edff6-ba8b-4f1e-b4ba-ac7ef7066b72,7,1360,True,10373,10021,136.46231859727595
1361,7a6edff6-ba8b-4f1e-b4ba-ac7ef7066b72,7,1361,True,10397,10045,126.0032104688562
1362,7a6edff6-ba8b-4f1e-b4ba-ac7ef7066b72,7,1362,True,10422,10070,124.10947186596786
1363,7a6edff6-ba8b-4f1e-b4ba-ac7ef7066b72,7,1363,True,10445,10093,119.92875907969574
1364,7a6edff6-ba8b-4f1e-b4ba-ac7ef7066b72,7,1364,True,10481,10129,123.74775322463029
1365,7a6edff6-ba8b-4f1e-b4ba-ac7ef7066b72,7,1365,True,10503,10151,115.91212868191542
1366,7a6edff6-ba8b-4f1e-b4ba-ac7ef7066b72,7,1366,True,10534,10182,121.74547980446914
1367,7a6edff6-ba8b-4f1e-b4ba-ac7ef7066b72,7,1367,True,10567,10215,144.6059219965191
1368,7a6edff6-ba8b-4f1e-b4ba-ac7ef7066b72,7,1368,True,10600,10248,131.3179628965645
1369,7a6edff6-ba8b-4f1e-b4ba-ac7ef7066b72,7,1369,True,10631,10279,126.5554885526144
1370,7a6edff6-ba8b-4f1e-b4ba-ac7ef7066b72,7,1370,True,10669,10317,105.40633881207759
1371,7a6edff6-ba8b-4f1e-b4ba-ac7ef7066b72,7,1371,True,10694,10342,155.1543864512405
1372,7a6edff6-ba8b-4f1e-b4ba-ac7ef7066b72,7,1372,True,10716,10364,113.3386377126335
1373,7a6edff6-ba8b-4f1e-b4ba-ac7ef7066b72,7,1373,True,10739,10387,125.70517175363057
1374,7a6edff6-ba8b-4f1e-b4ba-ac7ef7066b72,7,1374,True,10763,10411,150.69375488614241
1375,7a6edff6-ba8b-4f1e-b4ba-ac7ef7066b72,7,1375,True,10796,10444,133.56666640409276
1376,7a6edff6-ba8b-4f1e-b4ba-ac7ef7066b72,7,1376,True,10828,10476,115.12761383313955
1377,7a6edff6-ba8b-4f1e-b4ba-ac7ef7066b72,7,1377,True,10847,10495,141.3090060373106
1378,7a6edff6-ba8b-4f1e-b4ba-ac7ef7066b72,7,1378,True,10873,10521,125.18278563139211
1379,7a6edff6-ba8b-4f1e-b4ba-ac7ef7066b72,7,1379,True,10896,10544,174.67782853659264
1380,7a6edff6-ba8b-4f1e-b4ba-ac7ef7066b72,7,1380,True,10921,10569,162.23611625524245
1381,7a6edff6-ba8b-4f1e-b4ba-ac7ef7066b72,7,1381,True,10956,10604,137.68036077085162
1382,7a6edff6-ba8b-4f1e-b4ba-ac7ef7066b72,7,1382,True,10989,10637,133.20645605165555
1383,7a6edff6-ba8b-4f1e-b4ba-ac7ef7066b72,7,1383,True,11013,10661,160.70004758293726
1384,7a6edff6-ba8b-4f1e-b4ba-ac7ef7066b72,7,1384,True,11031,10679,192.1899949796789
1385,7a6edff6-ba8b-4f1e-b4ba-ac7ef7066b72,7,1385,True,11054,10702,192.60736921303032
1386,7a6edff6-ba8b-4f1e-b4ba-ac7ef7066b72,7,1386,True,11080,10728,154.47857665779702
1387,7a6edff6-ba8b-4f1e-b4ba-ac7ef7066b72,7,1387,True,11113,10761,145.8310099878654
1388,7a6edff6-ba8b-4f1e-b4ba-ac7ef7066b72,7,1388,True,11138,10786,138.51414543377723
1389,7a6edff6-ba8b-4f1e-b4ba-ac7ef7066b72,7,1389,True,11161,10809,186.2532772345494
1390,7a6edff6-ba8b-4f1e-b4ba-ac7ef7066b72,7,1390,True,11193,10841,144.14766767761284
1391,7a6edff6-ba8b-4f1e-b4ba-ac7ef7066b72,7,1391,True,11225,10873,172.5739847630848
1392,7a6edff6-ba8b-4f1e-b4ba-ac7ef7066b72,7,1392,True,11259,10907,127.59909862117092
1393,7a6edff6-ba8b-4f1e-b4ba-ac7ef7066b72,7,1393,True,11288,10936,127.23950014123693
1394,7a6edff6-ba8b-4f1e-b4ba-ac7ef7066b72,7,1394,True,11322,10970,140.52797862856096
1395,7a6edff6-ba8b-4f1e-b4ba-ac7ef7066b72,7,1395,True,11354,11002,121.93814911643676
1396,7a6edff6-ba8b-4f1e-b4ba-ac7ef7066b72,7,1396,True,11385,11033,129.8617015874661
1397,7a6edff6-ba8b-4f1e-b4ba-ac7ef7066b72,7,1397,True,11408,11056,118.0053277418101
1398,7a6edff6-ba8b-4f1e-b4ba-ac7ef7066b72,7,1398,True,11445,11093,104.5031002770138
1399,7a6edff6-ba8b-4f1e-b4ba-ac7ef7066b72,7,1399,True,11470,11118,128.3431554437775
1400,7a6edff6-ba8b-4f1e-b4ba-ac7ef7066b72,7,1400,True,11503,11151,147.54995511627385
1401,7a6edff6-ba8b-4f1e-b4ba-ac7ef7066b72,7,1401,True,11532,11180,136.6666384153723
1402,7a6edff6-ba8b-4f1e-b4ba-ac7ef7066b72,7,1402,True,11559,11207,151.15353474278527
1403,7a6edff6-ba8b-4f1e-b4ba-ac7ef7066b72,7,1403,True,11590,11238,132.19997377849722
1404,7a6edff6-ba8b-4f1e-b4ba-ac7ef7066b72,7,1404,True,11628,11276,147.41573182246248
1405,7a6edff6-ba8b-4f1e-b4ba-ac7ef7066b72,7,1405,True,11656,11304,128.9563908354594
1406,7a6edff6-ba8b-4f1e-b4ba-ac7ef7066b72,7,1406,True,11687,11335,139.65074546388496
1407,7a6edff6-ba8b-4f1e-b4ba-ac7ef7066b72,7,1407,True,11711,11359,125.31588670160636
1408,7a6edff6-ba8b-4f1e-b4ba-ac7ef7066b72,7,1408,True,11741,11389,147.3176737389058
1409,7a6edff6-ba8b-4f1e-b4ba-ac7ef7066b72,7,1409,True,11763,11411,132.19981060946338
1410,7a6edff6-ba8b-4f1e-b4ba-ac7ef7066b72,7,1410,True,11790,11438,181.89279363474998
1411,7a6edff6-ba8b-4f1e-b4ba-ac7ef7066b72,7,1411,True,11824,11472,121.15883374504119
1412,7a6edff6-ba8b-4f1e-b4ba-ac7ef7066b72,7,1412,True,11853,11501,173.202270125852
1413,7a6edff6-ba8b-4f1e-b4ba-ac7ef7066b72,7,1413,True,11894,11542,121.92985226686142
1414,7a6edff6-ba8b-4f1e-b4ba-ac7ef7066b72,7,1414,True,11922,11570,153.88409064969346
1415,7a6edff6-ba8b-4f1e-b4ba-ac7ef7066b72,7,1415,True,11943,11591,121.81685600347919
1416,7a6edff6-ba8b-4f1e-b4ba-ac7ef7066b72,7,1416,True,11972,11620,210.43497529789056
1417,7a6edff6-ba8b-4f1e-b4ba-ac7ef7066b72,7,1417,True,11997,11645,176.19239208465115
1418,7a6edff6-ba8b-4f1e-b4ba-ac7ef7066b72,7,1418,True,12016,11664,228.3694636201053
1419,7a6edff6-ba8b-4f1e-b4ba-ac7ef7066b72,7,1419,True,12046,11694,210.89230370987752
1420,7a6edff6-ba8b-4f1e-b4ba-ac7ef7066b72,7,1420,True,12068,11716,201.33696190788032
1421,7a6edff6-ba8b-4f1e-b4ba-ac7ef7066b72,7,1421,True,12092,11740,207.64507023726765
1422,7a6edff6-ba8b-4f1e-b4ba-ac7ef7066b72,7,1422,True,12128,11776,161.5767646533077
1423,7a6edff6-ba8b-4f1e-b4ba-ac7ef7066b72,7,1423,True,12162,11810,185.03162405565672
1424,7a6edff6-ba8b-4f1e-b4ba-ac7ef7066b72,7,1424,True,12187,11835,208.33261388397477
1425,7a6edff6-ba8b-4f1e-b4ba-ac7ef7066b72,7,1425,True,12206,11854,218.55386921100035
1426,7a6edff6-ba8b-4f1e-b4ba-ac7ef7066b72,7,1426,True,12224,11872,200.55386921100035
1427,7a6edff6-ba8b-4f1e-b4ba-ac7ef7066b72,7,1427,True,12247,11895,194.48318601621577
1428,7a6edff6-ba8b-4f1e-b4ba-ac7ef7066b72,7,1428,True,12271,11919,170.48318601621577
1429,7a6edff6-ba8b-4f1e-b4ba-ac7ef7066b72,7,1429,True,12293,11941,158.16473734858482
1430,7a6edff6-ba8b-4f1e-b4ba-ac7ef7066b72,7,1430,True,12317,11965,180.77670153194595
1431,7a6edff6-ba8b-4f1e-b4ba-ac7ef7066b72,7,1431,True,12342,11990,220.3332059371278
1432,7a6edff6-ba8b-4f1e-b4ba-ac7ef7066b72,7,1432,True,12365,12013,184.9066800185883
1433,7a6edff6-ba8b-4f1e-b4ba-ac7ef7066b72,7,1433,True,12389,12037,214.09197174310248
1434,7a6edff6-ba8b-4f1e-b4ba-ac7ef7066b72,7,1434,True,12420,12068,193.5105840074375
1435,7a6edff6-ba8b-4f1e-b4ba-ac7ef7066b72,7,1435,True,12443,12091,210.1554077136916
1436,7a6edff6-ba8b-4f1e-b4ba-ac7ef7066b72,7,1436,True,12464,12112,139.09197174310248
1437,7a6edff6-ba8b-4f1e-b4ba-ac7ef7066b72,7,1437,True,12499,12147,210.8940915309795
1438,7a6edff6-ba8b-4f1e-b4ba-ac7ef7066b72,7,1438,True,12518,12166,163.71105922354946
1439,7a6edff6-ba8b-4f1e-b4ba-ac7ef7066b72,7,1439,True,12543,12191,155.16598297742348
1440,7a6edff6-ba8b-4f1e-b4ba-ac7ef7066b72,7,1440,True,12576,12224,133.8940915309795
1441,7a6edff6-ba8b-4f1e-b4ba-ac7ef7066b72,7,1441,True,12605,12253,149.83000820339475
1442,7a6edff6-ba8b-4f1e-b4ba-ac7ef7066b72,7,1442,True,12626,12274,144.36255569681452
1443,7a6edff6-ba8b-4f1e-b4ba-ac7ef7066b72,7,1443,True,12650,12298,195.72979187326746
1444,7a6edff6-ba8b-4f1e-b4ba-ac7ef7066b72,7,1444,True,12669,12317,216.90611338690178
1445,7a6edff6-ba8b-4f1e-b4ba-ac7ef7066b72,7,1445,True,12694,12342,139.97389095721155
1446,7a6edff6-ba8b-4f1e-b4ba-ac7ef7066b72,7,1446,True,12711,12359,160.0698553602724
1447,7a6edff6-ba8b-4f1e-b4ba-ac7ef7066b72,7,1447,True,12738,12386,158.47458096227274
1448,7a6edff6-ba8b-4f1e-b4ba-ac7ef7066b72,7,1448,True,12767,12415,175.19354057882265
1449,7a6edff6-ba8b-4f1e-b4ba-ac7ef7066b72,7,1449,True,12792,12440,162.02788881754896
1450,7a6edff6-ba8b-4f1e-b4ba-ac7ef7066b72,7,1450,True,12827,12475,212.41824047931186
1451,7a6edff6-ba8b-4f1e-b4ba-ac7ef7066b72,7,1451,True,12849,12497,165.69249773571937
1452,7a6edff6-ba8b-4f1e-b4ba-ac7ef7066b72,7,1452,True,12881,12529,189.46097287753037
1453,7a6edff6-ba8b-4f1e-b4ba-ac7ef7066b72,7,1453,True,12908,12556,142.26208535475416
1454,7a6edff6-ba8b-4f1e-b4ba-ac7ef7066b72,7,1454,True,12934,12582,146.0843864622093
1455,7a6edff6-ba8b-4f1e-b4ba-ac7ef7066b72,7,1455,True,12960,12608,134.0074225006174
1456,7a6edff6-ba8b-4f1e-b4ba-ac7ef7066b72,7,1456,True,12987,12635,142.99986714465922
1457,7a6edff6-ba8b-4f1e-b4ba-ac7ef7066b72,7,1457,True,13008,12656,139.08947090050424
1458,7a6edff6-ba8b-4f1e-b4ba-ac7ef7066b72,7,1458,True,13048,12696,153.47623213207953
1459,7a6edff6-ba8b-4f1e-b4ba-ac7ef7066b72,7,1459,True,13077,12725,134.850356740395
1460,7a6edff6-ba8b-4f1e-b4ba-ac7ef7066b72,7,1460,True,13105,12753,150.3170579715279
1461,7a6edff6-ba8b-4f1e-b4ba-ac7ef7066b72,7,1461,True,13128,12776,143.05527859172253
1462,7a6edff6-ba8b-4f1e-b4ba-ac7ef7066b72,7,1462,True,13154,12802,165.01421569046397
1463,7a6edff6-ba8b-4f1e-b4ba-ac7ef7066b72,7,1463,True,13175,12823,190.07308844198815
1464,7a6edff6-ba8b-4f1e-b4ba-ac7ef7066b72,7,1464,True,13197,12845,154.65839419281292
1465,7a6edff6-ba8b-4f1e-b4ba-ac7ef7066b72,7,1465,True,13220,12868,207.2291185545564
1466,7a6edff6-ba8b-4f1e-b4ba-ac7ef7066b72,7,1466,True,13253,12901,152.7132853429266
1467,7a6edff6-ba8b-4f1e-b4ba-ac7ef7066b72,7,1467,True,13282,12930,170.54221156206586
1468,7a6edff6-ba8b-4f1e-b4ba-ac7ef7066b72,7,1468,True,13308,12956,158.2262154416985
1469,7a6edff6-ba8b-4f1e-b4ba-ac7ef7066b72,7,1469,True,13334,12982,147.42281726970214
1470,7a6edff6-ba8b-4f1e-b4ba-ac7ef7066b72,7,1470,True,13363,13011,159.41579708681274
1471,7a6edff6-ba8b-4f1e-b4ba-ac7ef7066b72,7,1471,True,13396,13044,137.90375469788887
1472,7a6edff6-ba8b-4f1e-b4ba-ac7ef7066b72,7,1472,True,13426,13074,133.57148925051297
1473,7a6edff6-ba8b-4f1e-b4ba-ac7ef7066b72,7,1473,True,13449,13097,153.55442479560406
1474,7a6edff6-ba8b-4f1e-b4ba-ac7ef7066b72,7,1474,True,13473,13121,140.8062779402644
1475,7a6edff6-ba8b-4f1e-b4ba-ac7ef7066b72,7,1475,True,13506,13154,121.9353416828053
1476,7a6edff6-ba8b-4f1e-b4ba-ac7ef7066b72,7,1476,True,13538,13186,163.05430548362347
1477,7a6edff6-ba8b-4f1e-b4ba-ac7ef7066b72,7,1477,True,13565,13213,146.35150523405355
1478,7a6edff6-ba8b-4f1e-b4ba-ac7ef7066b72,7,1478,True,13584,13232,141.9805624795208
1479,7a6edff6-ba8b-4f1e-b4ba-ac7ef7066b72,7,1479,True,13621,13269,154.92645691254438
1480,7a6edff6-ba8b-4f1e-b4ba-ac7ef7066b72,7,1480,True,13645,13293,141.04906087232303
1481,7a6edff6-ba8b-4f1e-b4ba-ac7ef7066b72,7,1481,True,13672,13320,155.41272393746294
1482,7a6edff6-ba8b-4f1e-b4ba-ac7ef7066b72,7,1482,True,13704,13352,185.65454181058885
1483,7a6edff6-ba8b-4f1e-b4ba-ac7ef7066b72,7,1483,True,13732,13380,120.26808515840094
1484,7a6edff6-ba8b-4f1e-b4ba-ac7ef7066b72,7,1484,True,13764,13412,164.95581882605984
1485,7a6edff6-ba8b-4f1e-b4ba-ac7ef7066b72,7,1485,True,13798,13446,148.01177352226478
1486,7a6edff6-ba8b-4f1e-b4ba-ac7ef7066b72,7,1486,True,13823,13471,148.65666998398774
1487,7a6edff6-ba8b-4f1e-b4ba-ac7ef7066b72,7,1487,True,13851,13499,134.0596984985532
1488,7a6edff6-ba8b-4f1e-b4ba-ac7ef7066b72,7,1488,True,13867,13515,143.1667551422397
1489,7a6edff6-ba8b-4f1e-b4ba-ac7ef7066b72,7,1489,True,13896,13544,125.95432437442469
1490,7a6edff6-ba8b-4f1e-b4ba-ac7ef7066b72,7,1490,True,13930,13578,157.59793016632466
1491,7a6edff6-ba8b-4f1e-b4ba-ac7ef7066b72,7,1491,True,13953,13601,148.4093661254792
1492,7a6edff6-ba8b-4f1e-b4ba-ac7ef7066b72,7,1492,True,13984,13632,164.10452651747073
1493,7a6edff6-ba8b-4f1e-b4ba-ac7ef7066b72,7,1493,True,14013,13661,152.44497922009032
1494,7a6edff6-ba8b-4f1e-b4ba-ac7ef7066b72,7,1494,True,14035,13683,145.81559087102323
1495,7a6edff6-ba8b-4f1e-b4ba-ac7ef7066b72,7,1495,True,14068,13716,124.99974929531709
1496,7a6edff6-ba8b-4f1e-b4ba-ac7ef7066b72,7,1496,True,14100,13748,142.86997253794107
1497,7a6edff6-ba8b-4f1e-b4ba-ac7ef7066b72,7,1497,True,14132,13780,163.35544690986353
1498,7a6edff6-ba8b-4f1e-b4ba-ac7ef7066b72,7,1498,True,14163,13811,147.5064471507485
1499,7a6edff6-ba8b-4f1e-b4ba-ac7ef7066b72,7,1499,True,14200,13848,136.78818073376715
1500,7a6edff6-ba8b-4f1e-b4ba-ac7ef7066b72,7,1500,True,14218,13866,132.38024399867209
1501,7a6edff6-ba8b-4f1e-b4ba-ac7ef7066b72,7,1501,True,14251,13899,146.25758597728964
1502,7a6edff6-ba8b-4f1e-b4ba-ac7ef7066b72,7,1502,True,14283,13931,139.61868801651144
1503,7a6edff6-ba8b-4f1e-b4ba-ac7ef7066b72,7,1503,True,14308,13956,168.19325062161806
1504,7a6edff6-ba8b-4f1e-b4ba-ac7ef7066b72,7,1504,True,14349,13997,140.3422979045481
1505,7a6edff6-ba8b-4f1e-b4ba-ac7ef7066b72,7,1505,True,14387,14035,163.75749485004962
1506,7a6edff6-ba8b-4f1e-b4ba-ac7ef7066b72,7,1506,True,14416,14064,110.96404177345175
1507,7a6edff6-ba8b-4f1e-b4ba-ac7ef7066b72,7,1507,True,14441,14089,123.3488320302622
1508,7a6edff6-ba8b-4f1e-b4ba-ac7ef7066b72,7,1508,True,14473,14121,134.6552144100133
1509,7a6edff6-ba8b-4f1e-b4ba-ac7ef7066b72,7,1509,True,14504,14152,148.18244652892463
1510,7a6edff6-ba8b-4f1e-b4ba-ac7ef7066b72,7,1510,True,14529,14177,133.5768003368994
1511,7a6edff6-ba8b-4f1e-b4ba-ac7ef7066b72,7,1511,True,14556,14204,155.26014535533432
1512,7a6edff6-ba8b-4f1e-b4ba-ac7ef7066b72,7,1512,True,14581,14229,152.71221987314675
1513,7a6edff6-ba8b-4f1e-b4ba-ac7ef7066b72,7,1513,True,14619,14267,141.32451815120294
1514,7a6edff6-ba8b-4f1e-b4ba-ac7ef7066b72,7,1514,True,14645,14293,237.17239128467918
1515,7a6edff6-ba8b-4f1e-b4ba-ac7ef7066b72,7,1515,True,14662,14310,156.20816697371083
1516,7a6edff6-ba8b-4f1e-b4ba-ac7ef7066b72,7,1516,True,14684,14332,184.06736633015862
1517,7a6edff6-ba8b-4f1e-b4ba-ac7ef7066b72,7,1517,True,14711,14359,171.17239128467918
1518,7a6edff6-ba8b-4f1e-b4ba-ac7ef7066b72,7,1518,True,14734,14382,196.09586411236705
1519,7a6edff6-ba8b-4f1e-b4ba-ac7ef7066b72,7,1519,True,14764,14412,155.0817245040289
1520,7a6edff6-ba8b-4f1e-b4ba-ac7ef7066b72,7,1520,True,14796,14444,190.1899251066643
1521,7a6edff6-ba8b-4f1e-b4ba-ac7ef7066b72,7,1521,True,14832,14480,164.62085468219266
1522,7a6edff6-ba8b-4f1e-b4ba-ac7ef7066b72,7,1522,True,14864,14512,180.76040173994625
1523,7a6edff6-ba8b-4f1e-b4ba-ac7ef7066b72,7,1523,True,14894,14542,160.33880849825982
1524,7a6edff6-ba8b-4f1e-b4ba-ac7ef7066b72,7,1524,True,14920,14568,181.13265718971343
1525,7a6edff6-ba8b-4f1e-b4ba-ac7ef7066b72,7,1525,True,14945,14593,167.65394243799528
1526,7a6edff6-ba8b-4f1e-b4ba-ac7ef7066b72,7,1526,True,14969,14617,183.52254370616902
1527,7a6edff6-ba8b-4f1e-b4ba-ac7ef7066b72,7,1527,True,14991,14639,239.71171672367382
1528,7a6edff6-ba8b-4f1e-b4ba-ac7ef7066b72,7,1528,True,15018,14666,204.81726797061856
1529,7a6edff6-ba8b-4f1e-b4ba-ac7ef7066b72,7,1529,True,15038,14686,164.49821688504744
1530,7a6edff6-ba8b-4f1e-b4ba-ac7ef7066b72,7,1530,True,15066,14714,216.96889204895706
1531,7a6edff6-ba8b-4f1e-b4ba-ac7ef7066b72,7,1531,True,15094,14742,177.3933351502783
1532,7a6edff6-ba8b-4f1e-b4ba-ac7ef7066b72,7,1532,True,15123,14771,159.96889204895706
1533,7a6edff6-ba8b-4f1e-b4ba-ac7ef7066b72,7,1533,True,15145,14793,237.49118625651136
1534,7a6edff6-ba8b-4f1e-b4ba-ac7ef7066b72,7,1534,True,15173,14821,189.03462627210865
1535,7a6edff6-ba8b-4f1e-b4ba-ac7ef7066b72,7,1535,True,15198,14846,194.1018638508849
1536,7a6edff6-ba8b-4f1e-b4ba-ac7ef7066b72,7,1536,True,15231,14879,203.0011913493854
1537,7a6edff6-ba8b-4f1e-b4ba-ac7ef7066b72,7,1537,True,15261,14909,209.4921602227496
1538,7a6edff6-ba8b-4f1e-b4ba-ac7ef7066b72,7,1538,True,15287,14935,158.539378478883
1539,7a6edff6-ba8b-4f1e-b4ba-ac7ef7066b72,7,1539,True,15320,14968,162.58689579602105
1540,7a6edff6-ba8b-4f1e-b4ba-ac7ef7066b72,7,1540,True,15349,14997,172.84519625918801
1541,7a6edff6-ba8b-4f1e-b4ba-ac7ef7066b72,7,1541,True,15372,15020,149.84519625918801
1542,7a6edff6-ba8b-4f1e-b4ba-ac7ef7066b72,7,1542,True,15401,15049,167.61343804797434
1543,7a6edff6-ba8b-4f1e-b4ba-ac7ef7066b72,7,1543,True,15429,15077,166.7531498600656
1544,7a6edff6-ba8b-4f1e-b4ba-ac7ef7066b72,7,1544,True,15451,15099,155.33782815015002
1545,7a6edff6-ba8b-4f1e-b4ba-ac7ef7066b72,7,1545,True,15478,15126,144.17274748499767
1546,7a6edff6-ba8b-4f1e-b4ba-ac7ef7066b72,7,1546,True,15494,15142,165.07461406008406
1547,7a6edff6-ba8b-4f1e-b4ba-ac7ef7066b72,7,1547,True,15525,15173,122.57089028355222
1548,7a6edff6-ba8b-4f1e-b4ba-ac7ef7066b72,7,1548,True,15548,15196,175.75362560814756
1549,7a6edff6-ba8b-4f1e-b4ba-ac7ef7066b72,7,1549,True,15572,15220,128.48780000276201
1550,7a6edff6-ba8b-4f1e-b4ba-ac7ef7066b72,7,1550,True,15597,15245,118.71376184985456
1551,7a6edff6-ba8b-4f1e-b4ba-ac7ef7066b72,7,1551,True,15630,15278,121.97275573314255
1552,7a6edff6-ba8b-4f1e-b4ba-ac7ef7066b72,7,1552,True,15655,15303,119.6032869255414
1553,7a6edff6-ba8b-4f1e-b4ba-ac7ef7066b72,7,1553,True,15688,15336,112.75282631399205
1554,7a6edff6-ba8b-4f1e-b4ba-ac7ef7066b72,7,1554,True,15711,15359,173.41443031963172
1555,7a6edff6-ba8b-4f1e-b4ba-ac7ef7066b72,7,1555,True,15738,15386,161.90080403597312
1556,7a6edff6-ba8b-4f1e-b4ba-ac7ef7066b72,7,1556,True,15772,15420,170.05856027620757
1557,7a6edff6-ba8b-4f1e-b4ba-ac7ef7066b72,7,1557,True,15798,15446,161.11624303015378
1558,7a6edff6-ba8b-4f1e-b4ba-ac7ef7066b72,7,1558,True,15831,15479,154.59313807084254
1559,7a6edff6-ba8b-4f1e-b4ba-ac7ef7066b72,7,1559,True,15858,15506,139.55319077638887
1560,7a6edff6-ba8b-4f1e-b4ba-ac7ef7066b72,7,1560,True,15896,15544,138.13577819917737
1561,7a6edff6-ba8b-4f1e-b4ba-ac7ef7066b72,7,1561,True,15934,15582,124.1283644099858
1562,7a6edff6-ba8b-4f1e-b4ba-ac7ef7066b72,7,1562,True,15962,15610,149.17522559222198
1563,7a6edff6-ba8b-4f1e-b4ba-ac7ef7066b72,7,1563,True,15989,15637,146.39108064562424
1564,7a6edff6-ba8b-4f1e-b4ba-ac7ef7066b72,7,1564,True,16011,15659,134.9425576474805
1565,7a6edff6-ba8b-4f1e-b4ba-ac7ef7066b72,7,1565,True,16042,15690,151.03956733538143
1566,7a6edff6-ba8b-4f1e-b4ba-ac7ef7066b72,7,1566,True,16068,15716,137.07223550729032
1567,7a6edff6-ba8b-4f1e-b4ba-ac7ef7066b72,7,1567,True,16097,15745,147.9085691014534
1568,7a6edff6-ba8b-4f1e-b4ba-ac7ef7066b72,7,1568,True,16127,15775,128.65187133171275
1569,7a6edff6-ba8b-4f1e-b4ba-ac7ef7066b72,7,1569,True,16152,15800,142.8356239708537
1570,7a6edff6-ba8b-4f1e-b4ba-ac7ef7066b72,7,1570,True,16178,15826,127.46456831586875
1571,7a6edff6-ba8b-4f1e-b4ba-ac7ef7066b72,7,1571,True,16211,15859,125.14980202411607
1572,7a6edff6-ba8b-4f1e-b4ba-ac7ef7066b72,7,1572,True,16237,15885,145.49892638716483
1573,7a6edff6-ba8b-4f1e-b4ba-ac7ef7066b72,7,1573,True,16257,15905,178.60095389957678
1574,7a6edff6-ba8b-4f1e-b4ba-ac7ef7066b72,7,1574,True,16283,15931,140.5093110022699
1575,7a6edff6-ba8b-4f1e-b4ba-ac7ef7066b72,7,1575,True,16313,15961,133.0838363557432
1576,7a6edff6-ba8b-4f1e-b4ba-ac7ef7066b72,7,1576,True,16339,15987,143.86248987136423
1577,7a6edff6-ba8b-4f1e-b4ba-ac7ef7066b72,7,1577,True,16361,16009,137.82127765108453
1578,7a6edff6-ba8b-4f1e-b4ba-ac7ef7066b72,7,1578,True,16376,16024,148.52807835050953
1579,7a6edff6-ba8b-4f1e-b4ba-ac7ef7066b72,7,1579,True,16398,16046,136.54154140593891
1580,7a6edff6-ba8b-4f1e-b4ba-ac7ef7066b72,7,1580,True,16427,16075,151.54945968924403
1581,7a6edff6-ba8b-4f1e-b4ba-ac7ef7066b72,7,1581,True,16455,16103,133.47953841094932
1582,7a6edff6-ba8b-4f1e-b4ba-ac7ef7066b72,7,1582,True,16496,16144,136.2259213005873
1583,7a6edff6-ba8b-4f1e-b4ba-ac7ef7066b72,7,1583,True,16533,16181,127.93723864029198
1584,7a6edff6-ba8b-4f1e-b4ba-ac7ef7066b72,7,1584,True,16563,16211,131.0686528022834
1585,7a6edff6-ba8b-4f1e-b4ba-ac7ef7066b72,7,1585,True,16595,16243,172.12205093538068
1586,7a6edff6-ba8b-4f1e-b4ba-ac7ef7066b72,7,1586,True,16626,16274,128.85135998205442
1587,7a6edff6-ba8b-4f1e-b4ba-ac7ef7066b72,7,1587,True,16654,16302,162.8274163824608
1588,7a6edff6-ba8b-4f1e-b4ba-ac7ef7066b72,7,1588,True,16681,16329,146.07978563254073
1589,7a6edff6-ba8b-4f1e-b4ba-ac7ef7066b72,7,1589,True,16718,16366,120.15831399939634
1590,7a6edff6-ba8b-4f1e-b4ba-ac7ef7066b72,7,1590,True,16752,16400,136.48073576159004
1591,7a6edff6-ba8b-4f1e-b4ba-ac7ef7066b72,7,1591,True,16780,16428,119.95899166051822
1592,7a6edff6-ba8b-4f1e-b4ba-ac7ef7066b72,7,1592,True,16809,16457,159.24598125745615
1593,7a6edff6-ba8b-4f1e-b4ba-ac7ef7066b72,7,1593,True,16851,16499,133.99299097896437
1594,7a6edff6-ba8b-4f1e-b4ba-ac7ef7066b72,7,1594,True,16882,16530,122.64387956324936
1595,7a6edff6-ba8b-4f1e-b4ba-ac7ef7066b72,7,1595,True,16912,16560,162.32870531767185
1596,7a6edff6-ba8b-4f1e-b4ba-ac7ef7066b72,7,1596,True,16951,16599,132.98660604513134
1597,7a6edff6-ba8b-4f1e-b4ba-ac7ef7066b72,7,1597,True,16984,16632,145.76922188963727
1598,7a6edff6-ba8b-4f1e-b4ba-ac7ef7066b72,7,1598,True,17013,16661,141.9944780291553
1599,7a6edff6-ba8b-4f1e-b4ba-ac7ef7066b72,7,1599,True,17044,16692,124.21974309922734
1600,7a6edff6-ba8b-4f1e-b4ba-ac7ef7066b72,7,1600,True,17082,16730,109.85944252164336
1601,7a6edff6-ba8b-4f1e-b4ba-ac7ef7066b72,7,1601,True,17112,16760,133.07870464845473
1602,7a6edff6-ba8b-4f1e-b4ba-ac7ef7066b72,7,1602,True,17137,16785,117.14353444731387
1603,7a6edff6-ba8b-4f1e-b4ba-ac7ef7066b72,7,1603,True,17163,16811,145.8613265652748
1604,7a6edff6-ba8b-4f1e-b4ba-ac7ef7066b72,7,1604,True,17185,16833,144.68756266393393
1605,7a6edff6-ba8b-4f1e-b4ba-ac7ef7066b72,7,1605,True,17204,16852,153.70040811134095
1606,7a6edff6-ba8b-4f1e-b4ba-ac7ef7066b72,7,1606,True,17224,16872,201.060714721556
1607,7a6edff6-ba8b-4f1e-b4ba-ac7ef7066b72,7,1607,True,17254,16902,131.9451292952217
1608,7a6edff6-ba8b-4f1e-b4ba-ac7ef7066b72,7,1608,True,17276,16924,136.38012574137974
1609,7a6edff6-ba8b-4f1e-b4ba-ac7ef7066b72,7,1609,True,17322,16970,135.23512761612437
1610,7a6edff6-ba8b-4f1e-b4ba-ac7ef7066b72,7,1610,True,17359,17007,123.0072321718726
1611,7a6edff6-ba8b-4f1e-b4ba-ac7ef7066b72,7,1611,True,17375,17023,143.41995373895043
1612,7a6edff6-ba8b-4f1e-b4ba-ac7ef7066b72,7,1612,True,17404,17052,134.36071933519997
1613,7a6edff6-ba8b-4f1e-b4ba-ac7ef7066b72,7,1613,True,17429,17077,117.97047149551145
1614,7a6edff6-ba8b-4f1e-b4ba-ac7ef7066b72,7,1614,True,17458,17106,159.33880130836042
1615,7a6edff6-ba8b-4f1e-b4ba-ac7ef7066b72,7,1615,True,17482,17130,163.68556929344777
1616,7a6edff6-ba8b-4f1e-b4ba-ac7ef7066b72,7,1616,True,17506,17154,156.49373149886378
1617,7a6edff6-ba8b-4f1e-b4ba-ac7ef7066b72,7,1617,True,17532,17180,186.34999966371834
1618,7a6edff6-ba8b-4f1e-b4ba-ac7ef7066b72,7,1618,True,17548,17196,151.10296259331153
1619,7a6edff6-ba8b-4f1e-b4ba-ac7ef7066b72,7,1619,True,17571,17219,147.34999966371834
1620,7a6edff6-ba8b-4f1e-b4ba-ac7ef7066b72,7,1620,True,17590,17238,174.50639057379522
1621,7a6edff6-ba8b-4f1e-b4ba-ac7ef7066b72,7,1621,True,17615,17263,149.50639057379522
1622,7a6edff6-ba8b-4f1e-b4ba-ac7ef7066b72,7,1622,True,17634,17282,156.1650644404981
1623,7a6edff6-ba8b-4f1e-b4ba-ac7ef7066b72,7,1623,True,17666,17314,112.03777817131777
1624,7a6edff6-ba8b-4f1e-b4ba-ac7ef7066b72,7,1624,True,17694,17342,164.2369895615193
1625,7a6edff6-ba8b-4f1e-b4ba-ac7ef7066b72,7,1625,True,17719,17367,112.78712764180818
1626,7a6edff6-ba8b-4f1e-b4ba-ac7ef7066b72,7,1626,True,17747,17395,154.0015237007865
1627,7a6edff6-ba8b-4f1e-b4ba-ac7ef7066b72,7,1627,True,17776,17424,114.12157656776981
1628,7a6edff6-ba8b-4f1e-b4ba-ac7ef7066b72,7,1628,True,17808,17456,135.69733531716338
1629,7a6edff6-ba8b-4f1e-b4ba-ac7ef7066b72,7,1629,True,17829,17477,138.2744870135648
1630,7a6edff6-ba8b-4f1e-b4ba-ac7ef7066b72,7,1630,True,17854,17502,193.0217810259055
1631,7a6edff6-ba8b-4f1e-b4ba-ac7ef7066b72,7,1631,True,17885,17533,149.24174728581784
1632,7a6edff6-ba8b-4f1e-b4ba-ac7ef7066b72,7,1632,True,17916,17564,131.0217810259055
1633,7a6edff6-ba8b-4f1e-b4ba-ac7ef7066b72,7,1633,True,17946,17594,123.04425953822283
1634,7a6edff6-ba8b-4f1e-b4ba-ac7ef7066b72,7,1634,True,17970,17618,172.76109529465612
1635,7a6edff6-ba8b-4f1e-b4ba-ac7ef7066b72,7,1635,True,17996,17644,121.68403640039833
1636,7a6edff6-ba8b-4f1e-b4ba-ac7ef7066b72,7,1636,True,18026,17674,128.08648250877377
1637,7a6edff6-ba8b-4f1e-b4ba-ac7ef7066b72,7,1637,True,18056,17704,122.48913729052583
1638,7a6edff6-ba8b-4f1e-b4ba-ac7ef7066b72,7,1638,True,18082,17730,164.60796386082802
1639,7a6edff6-ba8b-4f1e-b4ba-ac7ef7066b72,7,1639,True,18114,17762,161.25100829550138
1640,7a6edff6-ba8b-4f1e-b4ba-ac7ef7066b72,7,1640,True,18144,17792,139.98604845311274
1641,7a6edff6-ba8b-4f1e-b4ba-ac7ef7066b72,7,1641,True,18174,17822,189.9399171706391
1642,7a6edff6-ba8b-4f1e-b4ba-ac7ef7066b72,7,1642,True,18209,17857,144.51623990930239
1643,7a6edff6-ba8b-4f1e-b4ba-ac7ef7066b72,7,1643,True,18236,17884,154.9688897513588
1644,7a6edff6-ba8b-4f1e-b4ba-ac7ef7066b72,7,1644,True,18262,17910,144.7107309650528
1645,7a6edff6-ba8b-4f1e-b4ba-ac7ef7066b72,7,1645,True,18287,17935,220.64324417472744
1646,7a6edff6-ba8b-4f1e-b4ba-ac7ef7066b72,7,1646,True,18321,17969,168.19379102042512
1647,7a6edff6-ba8b-4f1e-b4ba-ac7ef7066b72,7,1647,True,18359,18007,245.59038028370196
1648,7a6edff6-ba8b-4f1e-b4ba-ac7ef7066b72,7,1648,True,18392,18040,272.7455311973572
1649,7a6edff6-ba8b-4f1e-b4ba-ac7ef7066b72,7,1649,True,18424,18072,251.36999108779128
1650,7a6edff6-ba8b-4f1e-b4ba-ac7ef7066b72,7,1650,True,18457,18105,297.2468207532511
1651,7a6edff6-ba8b-4f1e-b4ba-ac7ef7066b72,7,1651,True,18481,18129,284.78100480000285
1652,7a6edff6-ba8b-4f1e-b4ba-ac7ef7066b72,7,1652,True,18513,18161,252.78100480000285
1653,7a6edff6-ba8b-4f1e-b4ba-ac7ef7066b72,7,1653,True,18548,18196,206.2468207532511
1654,7a6edff6-ba8b-4f1e-b4ba-ac7ef7066b72,7,1654,True,18573,18221,244.3586914250409
1655,7a6edff6-ba8b-4f1e-b4ba-ac7ef7066b72,7,1655,True,18602,18250,226.57668881060454
1656,7a6edff6-ba8b-4f1e-b4ba-ac7ef7066b72,7,1656,True,18633,18281,211.86773413959963
1657,7a6edff6-ba8b-4f1e-b4ba-ac7ef7066b72,7,1657,True,18660,18308,195.46837506449447
1658,7a6edff6-ba8b-4f1e-b4ba-ac7ef7066b72,7,1658,True,18692,18340,199.94676465660814
1659,7a6edff6-ba8b-4f1e-b4ba-ac7ef7066b72,7,1659,True,18723,18371,211.51715349673395
1660,7a6edff6-ba8b-4f1e-b4ba-ac7ef7066b72,7,1660,True,18753,18401,210.08091946147033
1661,7a6edff6-ba8b-4f1e-b4ba-ac7ef7066b72,7,1661,True,18776,18424,173.66621729388498
1662,7a6edff6-ba8b-4f1e-b4ba-ac7ef7066b72,7,1662,True,18797,18445,191.71569346070828
1663,7a6edff6-ba8b-4f1e-b4ba-ac7ef7066b72,7,1663,True,18831,18479,185.49390430980566
1664,7a6edff6-ba8b-4f1e-b4ba-ac7ef7066b72,7,1664,True,18863,18511,204.95624334401873
1665,7a6edff6-ba8b-4f1e-b4ba-ac7ef7066b72,7,1665,True,18890,18538,167.36782007941292
1666,7a6edff6-ba8b-4f1e-b4ba-ac7ef7066b72,7,1666,True,18915,18563,188.0649304021863
1667,7a6edff6-ba8b-4f1e-b4ba-ac7ef7066b72,7,1667,True,18939,18587,153.80590466372814
1668,7a6edff6-ba8b-4f1e-b4ba-ac7ef7066b72,7,1668,True,18969,18617,189.44652991128896
1669,7a6edff6-ba8b-4f1e-b4ba-ac7ef7066b72,7,1669,True,18997,18645,149.88442614779706
1670,7a6edff6-ba8b-4f1e-b4ba-ac7ef7066b72,7,1670,True,19021,18669,198.642303617813
1671,7a6edff6-ba8b-4f1e-b4ba-ac7ef7066b72,7,1671,True,19063,18711,141.17770229888265
1672,7a6edff6-ba8b-4f1e-b4ba-ac7ef7066b72,7,1672,True,19098,18746,173.8726978931627
1673,7a6edff6-ba8b-4f1e-b4ba-ac7ef7066b72,7,1673,True,19127,18775,155.57523861650043
1674,7a6edff6-ba8b-4f1e-b4ba-ac7ef7066b72,7,1674,True,19145,18793,154.477968253188
1675,7a6edff6-ba8b-4f1e-b4ba-ac7ef7066b72,7,1675,True,19174,18822,135.78011339474688
1676,7a6edff6-ba8b-4f1e-b4ba-ac7ef7066b72,7,1676,True,19211,18859,162.40967421599635
1677,7a6edff6-ba8b-4f1e-b4ba-ac7ef7066b72,7,1677,True,19232,18880,123.21592976909596
1678,7a6edff6-ba8b-4f1e-b4ba-ac7ef7066b72,7,1678,True,19256,18904,152.2723252523174
1679,7a6edff6-ba8b-4f1e-b4ba-ac7ef7066b72,7,1679,True,19289,18937,136.46234983835893
1680,7a6edff6-ba8b-4f1e-b4ba-ac7ef7066b72,7,1680,True,19313,18961,150.39678148630992
1681,7a6edff6-ba8b-4f1e-b4ba-ac7ef7066b72,7,1681,True,19337,18985,137.75510666636546
1682,7a6edff6-ba8b-4f1e-b4ba-ac7ef7066b72,7,1682,True,19367,19015,160.8387432263953
1683,7a6edff6-ba8b-4f1e-b4ba-ac7ef7066b72,7,1683,True,19396,19044,142.47732212250048
1684,7a6edff6-ba8b-4f1e-b4ba-ac7ef7066b72,7,1684,True,19427,19075,164.9408836925213
1685,7a6edff6-ba8b-4f1e-b4ba-ac7ef7066b72,7,1685,True,19457,19105,146.1599452429291
1686,7a6edff6-ba8b-4f1e-b4ba-ac7ef7066b72,7,1686,True,19482,19130,167.93033963229755
1687,7a6edff6-ba8b-4f1e-b4ba-ac7ef7066b72,7,1687,True,19519,19167,155.00628689655787
1688,7a6edff6-ba8b-4f1e-b4ba-ac7ef7066b72,7,1688,True,19539,19187,145.87836868743398
1689,7a6edff6-ba8b-4f1e-b4ba-ac7ef7066b72,7,1689,True,19570,19218,164.4912174363526
1690,7a6edff6-ba8b-4f1e-b4ba-ac7ef7066b72,7,1690,True,19590,19238,119.78503059035575
1691,7a6edff6-ba8b-4f1e-b4ba-ac7ef7066b72,7,1691,True,19621,19269,195.23278136558656
1692,7a6edff6-ba8b-4f1e-b4ba-ac7ef7066b72,7,1692,True,19645,19293,159.6727930737652
1693,7a6edff6-ba8b-4f1e-b4ba-ac7ef7066b72,7,1693,True,19673,19321,143.23278136558656
1694,7a6edff6-ba8b-4f1e-b4ba-ac7ef7066b72,7,1694,True,19714,19362,150.64822014620222
1695,7a6edff6-ba8b-4f1e-b4ba-ac7ef7066b72,7,1695,True,19742,19390,144.72699699246004
1696,7a6edff6-ba8b-4f1e-b4ba-ac7ef7066b72,7,1696,True,19770,19418,156.12628940638024
1697,7a6edff6-ba8b-4f1e-b4ba-ac7ef7066b72,7,1697,True,19799,19447,138.04919341427376
1698,7a6edff6-ba8b-4f1e-b4ba-ac7ef7066b72,7,1698,True,19822,19470,151.4225713242049
1699,7a6edff6-ba8b-4f1e-b4ba-ac7ef7066b72,7,1699,True,19847,19495,148.48698217136916
1700,7a6edff6-ba8b-4f1e-b4ba-ac7ef7066b72,7,1700,True,19874,19522,224.83910850463508
1701,7a6edff6-ba8b-4f1e-b4ba-ac7ef7066b72,7,1701,True,19903,19551,182.79111080157963
1702,7a6edff6-ba8b-4f1e-b4ba-ac7ef7066b72,7,1702,True,19928,19576,170.83910850463508
1703,7a6edff6-ba8b-4f1e-b4ba-ac7ef7066b72,7,1703,True,19954,19602,159.0827790647818
1704,7a6edff6-ba8b-4f1e-b4ba-ac7ef7066b72,7,1704,True,19985,19633,139.36016902891424
1705,7a6edff6-ba8b-4f1e-b4ba-ac7ef7066b72,7,1705,True,20006,19654,157.41466335589212
1706,7a6edff6-ba8b-4f1e-b4ba-ac7ef7066b72,7,1706,True,20027,19675,145.44843156054776
1707,7a6edff6-ba8b-4f1e-b4ba-ac7ef7066b72,7,1707,True,20058,19706,157.60428010843316
1708,7a6edff6-ba8b-4f1e-b4ba-ac7ef7066b72,7,1708,True,20086,19734,140.15516891379957
1709,7a6edff6-ba8b-4f1e-b4ba-ac7ef7066b72,7,1709,True,20116,19764,190.29459032002342
1710,7a6edff6-ba8b-4f1e-b4ba-ac7ef7066b72,7,1710,True,20143,19791,152.8763614171694
1711,7a6edff6-ba8b-4f1e-b4ba-ac7ef7066b72,7,1711,True,20177,19825,195.5218892170269
1712,7a6edff6-ba8b-4f1e-b4ba-ac7ef7066b72,7,1712,True,20197,19845,118.76734731812758
1713,7a6edff6-ba8b-4f1e-b4ba-ac7ef7066b72,7,1713,True,20226,19874,203.96590506470966
1714,7a6edff6-ba8b-4f1e-b4ba-ac7ef7066b72,7,1714,True,20245,19893,195.95006416171964
1715,7a6edff6-ba8b-4f1e-b4ba-ac7ef7066b72,7,1715,True,20265,19913,187.7181362737756
1716,7a6edff6-ba8b-4f1e-b4ba-ac7ef7066b72,7,1716,True,20293,19941,186.18633777767536
1717,7a6edff6-ba8b-4f1e-b4ba-ac7ef7066b72,7,1717,True,20323,19971,179.29070123522615
1718,7a6edff6-ba8b-4f1e-b4ba-ac7ef7066b72,7,1718,True,20354,20002,178.57209629173667
1719,7a6edff6-ba8b-4f1e-b4ba-ac7ef7066b72,7,1719,True,20379,20027,215.27715360663933
1720,7a6edff6-ba8b-4f1e-b4ba-ac7ef7066b72,7,1720,True,20408,20056,174.33888488647062
1721,7a6edff6-ba8b-4f1e-b4ba-ac7ef7066b72,7,1721,True,20434,20082,148.33888488647062
1722,7a6edff6-ba8b-4f1e-b4ba-ac7ef7066b72,7,1722,True,20461,20109,165.73381117561803
1723,7a6edff6-ba8b-4f1e-b4ba-ac7ef7066b72,7,1723,True,20492,20140,158.0835245547787
1724,7a6edff6-ba8b-4f1e-b4ba-ac7ef7066b72,7,1724,True,20517,20165,162.44001543851482
1725,7a6edff6-ba8b-4f1e-b4ba-ac7ef7066b72,7,1725,True,20548,20196,142.23731032825162
1726,7a6edff6-ba8b-4f1e-b4ba-ac7ef7066b72,7,1726,True,20579,20227,123.80346298537916
1727,7a6edff6-ba8b-4f1e-b4ba-ac7ef7066b72,7,1727,True,20611,20259,154.0099864047661
1728,7a6edff6-ba8b-4f1e-b4ba-ac7ef7066b72,7,1728,True,20637,20285,117.66310679469098
1729,7a6edff6-ba8b-4f1e-b4ba-ac7ef7066b72,7,1729,True,20661,20309,130.21162702312358
1730,7a6edff6-ba8b-4f1e-b4ba-ac7ef7066b72,7,1730,True,20687,20335,152.83942798334465
1731,7a6edff6-ba8b-4f1e-b4ba-ac7ef7066b72,7,1731,True,20712,20360,140.73563543139608
1732,7a6edff6-ba8b-4f1e-b4ba-ac7ef7066b72,7,1732,True,20734,20382,127.83128466510243
1733,7a6edff6-ba8b-4f1e-b4ba-ac7ef7066b72,7,1733,True,20759,20407,146.35340669421203
1734,7a6edff6-ba8b-4f1e-b4ba-ac7ef7066b72,7,1734,True,20785,20433,130.55856242306982
1735,7a6edff6-ba8b-4f1e-b4ba-ac7ef7066b72,7,1735,True,20815,20463,143.8007785041409
1736,7a6edff6-ba8b-4f1e-b4ba-ac7ef7066b72,7,1736,True,20845,20493,128.91693004016633
1737,7a6edff6-ba8b-4f1e-b4ba-ac7ef7066b72,7,1737,True,20866,20514,124.77684186800252
1738,7a6edff6-ba8b-4f1e-b4ba-ac7ef7066b72,7,1738,True,20895,20543,142.6851626113821
1739,7a6edff6-ba8b-4f1e-b4ba-ac7ef7066b72,7,1739,True,20921,20569,155.03982987190466
1740,7a6edff6-ba8b-4f1e-b4ba-ac7ef7066b72,7,1740,True,20942,20590,122.22857769039183
1741,7a6edff6-ba8b-4f1e-b4ba-ac7ef7066b72,7,1741,True,20964,20612,149.6209955280865
1742,7a6edff6-ba8b-4f1e-b4ba-ac7ef7066b72,7,1742,True,20987,20635,144.39704227705442
1743,7a6edff6-ba8b-4f1e-b4ba-ac7ef7066b72,7,1743,True,21016,20664,130.4740556912002
1744,7a6edff6-ba8b-4f1e-b4ba-ac7ef7066b72,7,1744,True,21051,20699,118.90710920605488
1745,7a6edff6-ba8b-4f1e-b4ba-ac7ef7066b72,7,1745,True,21076,20724,172.34429798870042
1746,7a6edff6-ba8b-4f1e-b4ba-ac7ef7066b72,7,1746,True,21104,20752,155.51110996907664
1747,7a6edff6-ba8b-4f1e-b4ba-ac7ef7066b72,7,1747,True,21133,20781,151.23938722376988
1748,7a6edff6-ba8b-4f1e-b4ba-ac7ef7066b72,7,1748,True,21159,20807,135.01758323892864
1749,7a6edff6-ba8b-4f1e-b4ba-ac7ef7066b72,7,1749,True,21180,20828,152.35897517186822
1750,7a6edff6-ba8b-4f1e-b4ba-ac7ef7066b72,7,1750,True,21207,20855,139.2106321950123
1751,7a6edff6-ba8b-4f1e-b4ba-ac7ef7066b72,7,1751,True,21239,20887,178.80918099366318
1752,7a6edff6-ba8b-4f1e-b4ba-ac7ef7066b72,7,1752,True,21273,20921,133.02749167691582
1753,7a6edff6-ba8b-4f1e-b4ba-ac7ef7066b72,7,1753,True,21300,20948,117.80918099366318
1754,7a6edff6-ba8b-4f1e-b4ba-ac7ef7066b72,7,1754,True,21321,20969,109.87165752918008
1755,7a6edff6-ba8b-4f1e-b4ba-ac7ef7066b72,7,1755,True,21365,21013,149.1403652711706
1756,7a6edff6-ba8b-4f1e-b4ba-ac7ef7066b72,7,1756,True,21396,21044,155.411815127336
1757,7a6edff6-ba8b-4f1e-b4ba-ac7ef7066b72,7,1757,True,21422,21070,138.98493583703748
1758,7a6edff6-ba8b-4f1e-b4ba-ac7ef7066b72,7,1758,True,21452,21100,122.71725553116994
1759,7a6edff6-ba8b-4f1e-b4ba-ac7ef7066b72,7,1759,True,21471,21119,128.2667930217358
1760,7a6edff6-ba8b-4f1e-b4ba-ac7ef7066b72,7,1760,True,21495,21143,145.03896846441785
1761,7a6edff6-ba8b-4f1e-b4ba-ac7ef7066b72,7,1761,True,21522,21170,151.35975938869888
1762,7a6edff6-ba8b-4f1e-b4ba-ac7ef7066b72,7,1762,True,21548,21196,107.95770773775803
1763,7a6edff6-ba8b-4f1e-b4ba-ac7ef7066b72,7,1763,True,21577,21225,105.9746522007481
1764,7a6edff6-ba8b-4f1e-b4ba-ac7ef7066b72,7,1764,True,21603,21251,157.35928098649674
1765,7a6edff6-ba8b-4f1e-b4ba-ac7ef7066b72,7,1765,True,21630,21278,140.29436319364686
1766,7a6edff6-ba8b-4f1e-b4ba-ac7ef7066b72,7,1766,True,21663,21311,115.80129797469999
1767,7a6edff6-ba8b-4f1e-b4ba-ac7ef7066b72,7,1767,True,21692,21340,118.70687797388382
1768,7a6edff6-ba8b-4f1e-b4ba-ac7ef7066b72,7,1768,True,21725,21373,131.6964575399943
1769,7a6edff6-ba8b-4f1e-b4ba-ac7ef7066b72,7,1769,True,21758,21406,121.71839472130523
1770,7a6edff6-ba8b-4f1e-b4ba-ac7ef7066b72,7,1770,True,21791,21439,114.70719397679568
1771,7a6edff6-ba8b-4f1e-b4ba-ac7ef7066b72,7,1771,True,21819,21467,146.84850042580365
1772,7a6edff6-ba8b-4f1e-b4ba-ac7ef7066b72,7,1772,True,21842,21490,107.1211573905457
1773,7a6edff6-ba8b-4f1e-b4ba-ac7ef7066b72,7,1773,True,21871,21519,105.79813647431001
1774,7a6edff6-ba8b-4f1e-b4ba-ac7ef7066b72,7,1774,True,21888,21536,127.80657757502559
1775,7a6edff6-ba8b-4f1e-b4ba-ac7ef7066b72,7,1775,True,21920,21568,135.90124667482814
1776,7a6edff6-ba8b-4f1e-b4ba-ac7ef7066b72,7,1776,True,21943,21591,122.38773655635305
1777,7a6edff6-ba8b-4f1e-b4ba-ac7ef7066b72,7,1777,True,21962,21610,132.72231750192077
1778,7a6edff6-ba8b-4f1e-b4ba-ac7ef7066b72,7,1778,True,21984,21632,159.604770106238
1779,7a6edff6-ba8b-4f1e-b4ba-ac7ef7066b72,7,1779,True,22007,21655,164.810794988196
1780,7a6edff6-ba8b-4f1e-b4ba-ac7ef7066b72,7,1780,True,22023,21671,171.06931287884072
1781,7a6edff6-ba8b-4f1e-b4ba-ac7ef7066b72,7,1781,True,22051,21699,176.50534989444714
1782,7a6edff6-ba8b-4f1e-b4ba-ac7ef7066b72,7,1782,True,22077,21725,194.34425713717064
1783,7a6edff6-ba8b-4f1e-b4ba-ac7ef7066b72,7,1783,True,22098,21746,141.2457430918621
1784,7a6edff6-ba8b-4f1e-b4ba-ac7ef7066b72,7,1784,True,22115,21763,169.5476706784284
1785,7a6edff6-ba8b-4f1e-b4ba-ac7ef7066b72,7,1785,True,22144,21792,158.24409078902318
1786,7a6edff6-ba8b-4f1e-b4ba-ac7ef7066b72,7,1786,True,22179,21827,195.92071902292446
1787,7a6edff6-ba8b-4f1e-b4ba-ac7ef7066b72,7,1787,True,22220,21868,154.92071902292446
1788,7a6edff6-ba8b-4f1e-b4ba-ac7ef7066b72,7,1788,True,22240,21888,182.36932398943463
1789,7a6edff6-ba8b-4f1e-b4ba-ac7ef7066b72,7,1789,True,22262,21910,139.3487226217003
1790,7a6edff6-ba8b-4f1e-b4ba-ac7ef7066b72,7,1790,True,22292,21940,170.41798024463787
1791,7a6edff6-ba8b-4f1e-b4ba-ac7ef7066b72,7,1791,True,22316,21964,136.08110810695507
1792,7a6edff6-ba8b-4f1e-b4ba-ac7ef7066b72,7,1792,True,22338,21986,166.0259849647191
1793,7a6edff6-ba8b-4f1e-b4ba-ac7ef7066b72,7,1793,True,22359,22007,170.65133314574632
1794,7a6edff6-ba8b-4f1e-b4ba-ac7ef7066b72,7,1794,True,22382,22030,163.4609878907213
1795,7a6edff6-ba8b-4f1e-b4ba-ac7ef7066b72,7,1795,True,22421,22069,136.81444121333334
1796,7a6edff6-ba8b-4f1e-b4ba-ac7ef7066b72,7,1796,True,22447,22095,130.55193435277033
1797,7a6edff6-ba8b-4f1e-b4ba-ac7ef7066b72,7,1797,True,22465,22113,197.61047437997695
1798,7a6edff6-ba8b-4f1e-b4ba-ac7ef7066b72,7,1798,True,22495,22143,197.75013088706692
1799,7a6edff6-ba8b-4f1e-b4ba-ac7ef7066b72,7,1799,True,22521,22169,190.28223460752633
1800,7a6edff6-ba8b-4f1e-b4ba-ac7ef7066b72,7,1800,True,22547,22195,174.80935651041364
1801,7a6edff6-ba8b-4f1e-b4ba-ac7ef7066b72,7,1801,True,22572,22220,198.75770845843726
1802,7a6edff6-ba8b-4f1e-b4ba-ac7ef7066b72,7,1802,True,22592,22240,199.30324708685293
1803,7a6edff6-ba8b-4f1e-b4ba-ac7ef7066b72,7,1803,True,22621,22269,200.0757490652104
1804,7a6edff6-ba8b-4f1e-b4ba-ac7ef7066b72,7,1804,True,22646,22294,220.7356631147668
1805,7a6edff6-ba8b-4f1e-b4ba-ac7ef7066b72,7,1805,True,22669,22317,174.8568241569119
1806,7a6edff6-ba8b-4f1e-b4ba-ac7ef7066b72,7,1806,True,22691,22339,254.72099135019744
1807,7a6edff6-ba8b-4f1e-b4ba-ac7ef7066b72,7,1807,True,22722,22370,171.82838283881574
1808,7a6edff6-ba8b-4f1e-b4ba-ac7ef7066b72,7,1808,True,22749,22397,206.1661344561835
1809,7a6edff6-ba8b-4f1e-b4ba-ac7ef7066b72,7,1809,True,22767,22415,153.94724229904023
1810,7a6edff6-ba8b-4f1e-b4ba-ac7ef7066b72,7,1810,True,22792,22440,229.69189010917034
1811,7a6edff6-ba8b-4f1e-b4ba-ac7ef7066b72,7,1811,True,22815,22463,206.69189010917034
1812,7a6edff6-ba8b-4f1e-b4ba-ac7ef7066b72,7,1812,True,22837,22485,263.72840307737715
1813,7a6edff6-ba8b-4f1e-b4ba-ac7ef7066b72,7,1813,True,22862,22510,219.51459604993215
1814,7a6edff6-ba8b-4f1e-b4ba-ac7ef7066b72,7,1814,True,22888,22536,212.72840307737715
1815,7a6edff6-ba8b-4f1e-b4ba-ac7ef7066b72,7,1815,True,22923,22571,208.22599622096823
1816,7a6edff6-ba8b-4f1e-b4ba-ac7ef7066b72,7,1816,True,22954,22602,199.6472525413992
1817,7a6edff6-ba8b-4f1e-b4ba-ac7ef7066b72,7,1817,True,22980,22628,161.66445313306758
1818,7a6edff6-ba8b-4f1e-b4ba-ac7ef7066b72,7,1818,True,23006,22654,209.31444915414613
1819,7a6edff6-ba8b-4f1e-b4ba-ac7ef7066b72,7,1819,True,23037,22685,193.1659433045097
1820,7a6edff6-ba8b-4f1e-b4ba-ac7ef7066b72,7,1820,True,23058,22706,197.0364465675666
1821,7a6edff6-ba8b-4f1e-b4ba-ac7ef7066b72,7,1821,True,23097,22745,211.10835890859016
1822,7a6edff6-ba8b-4f1e-b4ba-ac7ef7066b72,7,1822,True,23120,22768,152.55014088356984
1823,7a6edff6-ba8b-4f1e-b4ba-ac7ef7066b72,7,1823,True,23150,22798,177.87575093543273
1824,7a6edff6-ba8b-4f1e-b4ba-ac7ef7066b72,7,1824,True,23176,22824,178.31869330950212
1825,7a6edff6-ba8b-4f1e-b4ba-ac7ef7066b72,7,1825,True,23205,22853,176.87148105265442
1826,7a6edff6-ba8b-4f1e-b4ba-ac7ef7066b72,7,1826,True,23227,22875,117.79130807545152
1827,7a6edff6-ba8b-4f1e-b4ba-ac7ef7066b72,7,1827,True,23256,22904,174.23655857813355
1828,7a6edff6-ba8b-4f1e-b4ba-ac7ef7066b72,7,1828,True,23279,22927,178.5810022603364
1829,7a6edff6-ba8b-4f1e-b4ba-ac7ef7066b72,7,1829,True,23311,22959,198.48399956831418
1830,7a6edff6-ba8b-4f1e-b4ba-ac7ef7066b72,7,1830,True,23335,22983,149.83756245173572
1831,7a6edff6-ba8b-4f1e-b4ba-ac7ef7066b72,7,1831,True,23364,23012,193.88100491119621
1832,7a6edff6-ba8b-4f1e-b4ba-ac7ef7066b72,7,1832,True,23396,23044,173.0670426058532
1833,7a6edff6-ba8b-4f1e-b4ba-ac7ef7066b72,7,1833,True,23424,23072,163.29607668876997
1834,7a6edff6-ba8b-4f1e-b4ba-ac7ef7066b72,7,1834,True,23448,23096,157.6053643303021
1835,7a6edff6-ba8b-4f1e-b4ba-ac7ef7066b72,7,1835,True,23477,23125,178.9915800567578
1836,7a6edff6-ba8b-4f1e-b4ba-ac7ef7066b72,7,1836,True,23501,23149,138.08123590951072
1837,7a6edff6-ba8b-4f1e-b4ba-ac7ef7066b72,7,1837,True,23529,23177,178.5457494957227
1838,7a6edff6-ba8b-4f1e-b4ba-ac7ef7066b72,7,1838,True,23561,23209,157.3922391388296
1839,7a6edff6-ba8b-4f1e-b4ba-ac7ef7066b72,7,1839,True,23583,23231,172.49522699201043
1840,7a6edff6-ba8b-4f1e-b4ba-ac7ef7066b72,7,1840,True,23602,23250,133.3395892629669
1841,7a6edff6-ba8b-4f1e-b4ba-ac7ef7066b72,7,1841,True,23630,23278,187.20207233163455
1842,7a6edff6-ba8b-4f1e-b4ba-ac7ef7066b72,7,1842,True,23658,23306,148.6806498614933
1843,7a6edff6-ba8b-4f1e-b4ba-ac7ef7066b72,7,1843,True,23680,23328,185.81488968267877
1844,7a6edff6-ba8b-4f1e-b4ba-ac7ef7066b72,7,1844,True,23714,23362,143.36865628746455
1845,7a6edff6-ba8b-4f1e-b4ba-ac7ef7066b72,7,1845,True,23749,23397,152.50917924916575
1846,7a6edff6-ba8b-4f1e-b4ba-ac7ef7066b72,7,1846,True,23782,23430,165.28101087557297
1847,7a6edff6-ba8b-4f1e-b4ba-ac7ef7066b72,7,1847,True,23811,23459,237.81720619049884
1848,7a6edff6-ba8b-4f1e-b4ba-ac7ef7066b72,7,1848,True,23835,23483,201.39615307397253
1849,7a6edff6-ba8b-4f1e-b4ba-ac7ef7066b72,7,1849,True,23858,23506,225.31820824729584
1850,7a6edff6-ba8b-4f1e-b4ba-ac7ef7066b72,7,1850,True,23887,23535,207.69689920207384
1851,7a6edff6-ba8b-4f1e-b4ba-ac7ef7066b72,7,1851,True,23914,23562,249.36959354991632
1852,7a6edff6-ba8b-4f1e-b4ba-ac7ef7066b72,7,1852,True,23933,23581,202.43166077063506
1853,7a6edff6-ba8b-4f1e-b4ba-ac7ef7066b72,7,1853,True,23955,23603,234.09709969058895
1854,7a6edff6-ba8b-4f1e-b4ba-ac7ef7066b72,7,1854,True,23978,23626,223.37154518393436
1855,7a6edff6-ba8b-4f1e-b4ba-ac7ef7066b72,7,1855,True,24004,23652,245.2887908130906
1856,7a6edff6-ba8b-4f1e-b4ba-ac7ef7066b72,7,1856,True,24034,23682,203.63177557669042
1857,7a6edff6-ba8b-4f1e-b4ba-ac7ef7066b72,7,1857,True,24072,23720,194.4337664872437
1858,7a6edff6-ba8b-4f1e-b4ba-ac7ef7066b72,7,1858,True,24099,23747,150.2887908130906
1859,7a6edff6-ba8b-4f1e-b4ba-ac7ef7066b72,7,1859,True,24129,23777,223.89795679806775
1860,7a6edff6-ba8b-4f1e-b4ba-ac7ef7066b72,7,1860,True,24160,23808,174.08519577823245
1861,7a6edff6-ba8b-4f1e-b4ba-ac7ef7066b72,7,1861,True,24195,23843,180.21390886174413
1862,7a6edff6-ba8b-4f1e-b4ba-ac7ef7066b72,7,1862,True,24219,23867,166.2725108006307
1863,7a6edff6-ba8b-4f1e-b4ba-ac7ef7066b72,7,1863,True,24247,23895,195.1380662240408
1864,7a6edff6-ba8b-4f1e-b4ba-ac7ef7066b72,7,1864,True,24270,23918,151.6557923359578
1865,7a6edff6-ba8b-4f1e-b4ba-ac7ef7066b72,7,1865,True,24302,23950,164.38122658714929
1866,7a6edff6-ba8b-4f1e-b4ba-ac7ef7066b72,7,1866,True,24328,23976,157.01416693209103
1867,7a6edff6-ba8b-4f1e-b4ba-ac7ef7066b72,7,1867,True,24366,24014,148.4094840822363
1868,7a6edff6-ba8b-4f1e-b4ba-ac7ef7066b72,7,1868,True,24398,24046,180.99980757109006
1869,7a6edff6-ba8b-4f1e-b4ba-ac7ef7066b72,7,1869,True,24424,24072,180.06943111190049
1870,7a6edff6-ba8b-4f1e-b4ba-ac7ef7066b72,7,1870,True,24454,24102,162.27792129742375
1871,7a6edff6-ba8b-4f1e-b4ba-ac7ef7066b72,7,1871,True,24483,24131,244.23645596254937
1872,7a6edff6-ba8b-4f1e-b4ba-ac7ef7066b72,7,1872,True,24511,24159,216.23645596254937
1873,7a6edff6-ba8b-4f1e-b4ba-ac7ef7066b72,7,1873,True,24538,24186,260.5878938598653
1874,7a6edff6-ba8b-4f1e-b4ba-ac7ef7066b72,7,1874,True,24570,24218,216.8012779063465
1875,7a6edff6-ba8b-4f1e-b4ba-ac7ef7066b72,7,1875,True,24596,24244,244.30054630100858
1876,7a6edff6-ba8b-4f1e-b4ba-ac7ef7066b72,7,1876,True,24619,24267,232.31937195846695
1877,7a6edff6-ba8b-4f1e-b4ba-ac7ef7066b72,7,1877,True,24655,24303,231.99880885937455
1878,7a6edff6-ba8b-4f1e-b4ba-ac7ef7066b72,7,1878,True,24689,24337,208.7606722467208
1879,7a6edff6-ba8b-4f1e-b4ba-ac7ef7066b72,7,1879,True,24729,24377,157.99880885937455
1880,7a6edff6-ba8b-4f1e-b4ba-ac7ef7066b72,7,1880,True,24754,24402,204.68851667075796
1881,7a6edff6-ba8b-4f1e-b4ba-ac7ef7066b72,7,1881,True,24781,24429,167.07010891948812
1882,7a6edff6-ba8b-4f1e-b4ba-ac7ef7066b72,7,1882,True,24805,24453,205.28260767953543
1883,7a6edff6-ba8b-4f1e-b4ba-ac7ef7066b72,7,1883,True,24830,24478,153.11263297524056
1884,7a6edff6-ba8b-4f1e-b4ba-ac7ef7066b72,7,1884,True,24864,24512,186.7411612150645
1885,7a6edff6-ba8b-4f1e-b4ba-ac7ef7066b72,7,1885,True,24885,24533,150.13814820152766
1886,7a6edff6-ba8b-4f1e-b4ba-ac7ef7066b72,7,1886,True,24924,24572,189.35073172888224
1887,7a6edff6-ba8b-4f1e-b4ba-ac7ef7066b72,7,1887,True,24949,24597,131.16130661081843
1888,7a6edff6-ba8b-4f1e-b4ba-ac7ef7066b72,7,1888,True,24979,24627,143.03357168420553
1889,7a6edff6-ba8b-4f1e-b4ba-ac7ef7066b72,7,1889,True,24999,24647,149.85060821284787
1890,7a6edff6-ba8b-4f1e-b4ba-ac7ef7066b72,7,1890,True,25024,24672,154.08414807389272
1891,7a6edff6-ba8b-4f1e-b4ba-ac7ef7066b72,7,1891,True,25063,24711,165.57203193231908
1892,7a6edff6-ba8b-4f1e-b4ba-ac7ef7066b72,7,1892,True,25097,24745,162.84294339506232
1893,7a6edff6-ba8b-4f1e-b4ba-ac7ef7066b72,7,1893,True,25128,24776,155.91717802829953
1894,7a6edff6-ba8b-4f1e-b4ba-ac7ef7066b72,7,1894,True,25159,24807,185.46709272611406
1895,7a6edff6-ba8b-4f1e-b4ba-ac7ef7066b72,7,1895,True,25194,24842,140.83436157519827
1896,7a6edff6-ba8b-4f1e-b4ba-ac7ef7066b72,7,1896,True,25221,24869,166.46316063611448
1897,7a6edff6-ba8b-4f1e-b4ba-ac7ef7066b72,7,1897,True,25247,24895,140.46316063611448
1898,7a6edff6-ba8b-4f1e-b4ba-ac7ef7066b72,7,1898,True,25281,24929,130.87720521193478
1899,7a6edff6-ba8b-4f1e-b4ba-ac7ef7066b72,7,1899,True,25303,24951,120.78869002976717
1900,7a6edff6-ba8b-4f1e-b4ba-ac7ef7066b72,7,1900,True,25331,24979,133.64716747864077
1901,7a6edff6-ba8b-4f1e-b4ba-ac7ef7066b72,7,1901,True,25358,25006,136.35282798243134
1902,7a6edff6-ba8b-4f1e-b4ba-ac7ef7066b72,7,1902,True,25378,25026,170.38698576943716
1903,7a6edff6-ba8b-4f1e-b4ba-ac7ef7066b72,7,1903,True,25408,25056,128.83853262860066
1904,7a6edff6-ba8b-4f1e-b4ba-ac7ef7066b72,7,1904,True,25434,25082,179.29431428384487
1905,7a6edff6-ba8b-4f1e-b4ba-ac7ef7066b72,7,1905,True,25465,25113,137.1253839998608
1906,7a6edff6-ba8b-4f1e-b4ba-ac7ef7066b72,7,1906,True,25491,25139,132.89772823954627
1907,7a6edff6-ba8b-4f1e-b4ba-ac7ef7066b72,7,1907,True,25522,25170,129.5932227868616
1908,7a6edff6-ba8b-4f1e-b4ba-ac7ef7066b72,7,1908,True,25546,25194,127.87453157112395
1909,7a6edff6-ba8b-4f1e-b4ba-ac7ef7066b72,7,1909,True,25585,25233,118.7267947854707
1910,7a6edff6-ba8b-4f1e-b4ba-ac7ef7066b72,7,1910,True,25617,25265,170.44881685611108
1911,7a6edff6-ba8b-4f1e-b4ba-ac7ef7066b72,7,1911,True,25638,25286,127.02671332348473
1912,7a6edff6-ba8b-4f1e-b4ba-ac7ef7066b72,7,1912,True,25664,25312,123.44881685611108
1913,7a6edff6-ba8b-4f1e-b4ba-ac7ef7066b72,7,1913,True,25689,25337,108.16436535617322
1914,7a6edff6-ba8b-4f1e-b4ba-ac7ef7066b72,7,1914,True,25716,25364,114.47059609805729
1915,7a6edff6-ba8b-4f1e-b4ba-ac7ef7066b72,7,1915,True,25744,25392,126.9642405208142
1916,7a6edff6-ba8b-4f1e-b4ba-ac7ef7066b72,7,1916,True,25768,25416,145.1787225872322
1917,7a6edff6-ba8b-4f1e-b4ba-ac7ef7066b72,7,1917,True,25798,25446,149.31610046967035
1918,7a6edff6-ba8b-4f1e-b4ba-ac7ef7066b72,7,1918,True,25824,25472,133.60669231684005
1919,7a6edff6-ba8b-4f1e-b4ba-ac7ef7066b72,7,1919,True,25857,25505,118.16832089550371
1920,7a6edff6-ba8b-4f1e-b4ba-ac7ef7066b72,7,1920,True,25890,25538,109.27887407225717
1921,7a6edff6-ba8b-4f1e-b4ba-ac7ef7066b72,7,1921,True,25916,25564,150.47195592717617
1922,7a6edff6-ba8b-4f1e-b4ba-ac7ef7066b72,7,1922,True,25940,25588,135.5289809003516
1923,7a6edff6-ba8b-4f1e-b4ba-ac7ef7066b72,7,1923,True,25968,25616,121.28471965669814
1924,7a6edff6-ba8b-4f1e-b4ba-ac7ef7066b72,7,1924,True,25995,25643,139.7828257649744
1925,7a6edff6-ba8b-4f1e-b4ba-ac7ef7066b72,7,1925,True,26020,25668,130.2903227695242
1926,7a6edff6-ba8b-4f1e-b4ba-ac7ef7066b72,7,1926,True,26043,25691,119.40388902310224
1927,7a6edff6-ba8b-4f1e-b4ba-ac7ef7066b72,7,1927,True,26066,25714,147.5444913278443
1928,7a6edff6-ba8b-4f1e-b4ba-ac7ef7066b72,7,1928,True,26098,25746,133.22170132333122
1929,7a6edff6-ba8b-4f1e-b4ba-ac7ef7066b72,7,1929,True,26118,25766,147.6191668723004
1930,7a6edff6-ba8b-4f1e-b4ba-ac7ef7066b72,7,1930,True,26145,25793,137.63164891002816
1931,7a6edff6-ba8b-4f1e-b4ba-ac7ef7066b72,7,1931,True,26173,25821,120.8964821801128
1932,7a6edff6-ba8b-4f1e-b4ba-ac7ef7066b72,7,1932,True,26199,25847,155.50633568055127
1933,7a6edff6-ba8b-4f1e-b4ba-ac7ef7066b72,7,1933,True,26230,25878,135.36246945759194
1934,7a6edff6-ba8b-4f1e-b4ba-ac7ef7066b72,7,1934,True,26253,25901,132.4329999707188
1935,7a6edff6-ba8b-4f1e-b4ba-ac7ef7066b72,7,1935,True,26275,25923,169.4486028909305
1936,7a6edff6-ba8b-4f1e-b4ba-ac7ef7066b72,7,1936,True,26301,25949,167.1835384165097
1937,7a6edff6-ba8b-4f1e-b4ba-ac7ef7066b72,7,1937,True,26326,25974,194.279459289668
1938,7a6edff6-ba8b-4f1e-b4ba-ac7ef7066b72,7,1938,True,26357,26005,129.5844462355817
1939,7a6edff6-ba8b-4f1e-b4ba-ac7ef7066b72,7,1939,True,26389,26037,155.74250949786074
1940,7a6edff6-ba8b-4f1e-b4ba-ac7ef7066b72,7,1940,True,26423,26071,139.96549868740476
1941,7a6edff6-ba8b-4f1e-b4ba-ac7ef7066b72,7,1941,True,26454,26102,155.44003945846634
1942,7a6edff6-ba8b-4f1e-b4ba-ac7ef7066b72,7,1942,True,26477,26125,147.05397686770812
1943,7a6edff6-ba8b-4f1e-b4ba-ac7ef7066b72,7,1943,True,26502,26150,160.73849653846628
1944,7a6edff6-ba8b-4f1e-b4ba-ac7ef7066b72,7,1944,True,26525,26173,148.41123263767804
1945,7a6edff6-ba8b-4f1e-b4ba-ac7ef7066b72,7,1945,True,26543,26191,176.44243848539554
1946,7a6edff6-ba8b-4f1e-b4ba-ac7ef7066b72,7,1946,True,26572,26220,137.5241759372293
1947,7a6edff6-ba8b-4f1e-b4ba-ac7ef7066b72,7,1947,True,26598,26246,182.6180685640138
1948,7a6edff6-ba8b-4f1e-b4ba-ac7ef7066b72,7,1948,True,26626,26274,171.09902620874345
1949,7a6edff6-ba8b-4f1e-b4ba-ac7ef7066b72,7,1949,True,26643,26291,166.3056804959524
1950,7a6edff6-ba8b-4f1e-b4ba-ac7ef7066b72,7,1950,True,26667,26315,160.61449380892736
1951,7a6edff6-ba8b-4f1e-b4ba-ac7ef7066b72,7,1951,True,26689,26337,149.3702352965338
1952,7a6edff6-ba8b-4f1e-b4ba-ac7ef7066b72,7,1952,True,26710,26358,188.56568483515002
1953,7a6edff6-ba8b-4f1e-b4ba-ac7ef7066b72,7,1953,True,26731,26379,141.79292143366547
1954,7a6edff6-ba8b-4f1e-b4ba-ac7ef7066b72,7,1954,True,26767,26415,184.83893553139933
1955,7a6edff6-ba8b-4f1e-b4ba-ac7ef7066b72,7,1955,True,26800,26448,137.20701845109215
1956,7a6edff6-ba8b-4f1e-b4ba-ac7ef7066b72,7,1956,True,26822,26470,158.99219454158447
1957,7a6edff6-ba8b-4f1e-b4ba-ac7ef7066b72,7,1957,True,26858,26506,151.79505855587195
1958,7a6edff6-ba8b-4f1e-b4ba-ac7ef7066b72,7,1958,True,26893,26541,149.60386634064344
1959,7a6edff6-ba8b-4f1e-b4ba-ac7ef7066b72,7,1959,True,26917,26565,194.43523261337396
1960,7a6edff6-ba8b-4f1e-b4ba-ac7ef7066b72,7,1960,True,26943,26591,152.7086851565764
1961,7a6edff6-ba8b-4f1e-b4ba-ac7ef7066b72,7,1961,True,26971,26619,175.93839436821509
1962,7a6edff6-ba8b-4f1e-b4ba-ac7ef7066b72,7,1962,True,27002,26650,159.17709445135188
1963,7a6edff6-ba8b-4f1e-b4ba-ac7ef7066b72,7,1963,True,27027,26675,182.69426001733518
1964,7a6edff6-ba8b-4f1e-b4ba-ac7ef7066b72,7,1964,True,27060,26708,139.4600496960702
1965,7a6edff6-ba8b-4f1e-b4ba-ac7ef7066b72,7,1965,True,27090,26738,176.67744206029602
1966,7a6edff6-ba8b-4f1e-b4ba-ac7ef7066b72,7,1966,True,27118,26766,135.60787808971145
1967,7a6edff6-ba8b-4f1e-b4ba-ac7ef7066b72,7,1967,True,27144,26792,122.67744206029602
1968,7a6edff6-ba8b-4f1e-b4ba-ac7ef7066b72,7,1968,True,27169,26817,142.1086793718532
1969,7a6edff6-ba8b-4f1e-b4ba-ac7ef7066b72,7,1969,True,27191,26839,131.2542018702261
1970,7a6edff6-ba8b-4f1e-b4ba-ac7ef7066b72,7,1970,True,27230,26878,140.6744911907772
1971,7a6edff6-ba8b-4f1e-b4ba-ac7ef7066b72,7,1971,True,27262,26910,159.37580513632201
1972,7a6edff6-ba8b-4f1e-b4ba-ac7ef7066b72,7,1972,True,27294,26942,138.40978620003443
1973,7a6edff6-ba8b-4f1e-b4ba-ac7ef7066b72,7,1973,True,27324,26972,142.58513187854987
1974,7a6edff6-ba8b-4f1e-b4ba-ac7ef7066b72,7,1974,True,27354,27002,173.1309652241689
1975,7a6edff6-ba8b-4f1e-b4ba-ac7ef7066b72,7,1975,True,27372,27020,144.46023360848994
1976,7a6edff6-ba8b-4f1e-b4ba-ac7ef7066b72,7,1976,True,27397,27045,144.94627332791424
1977,7a6edff6-ba8b-4f1e-b4ba-ac7ef7066b72,7,1977,True,27422,27070,182.18589226653785
1978,7a6edff6-ba8b-4f1e-b4ba-ac7ef7066b72,7,1978,True,27451,27099,173.28163834128281
1979,7a6edff6-ba8b-4f1e-b4ba-ac7ef7066b72,7,1979,True,27477,27125,200.31204216789774
1980,7a6edff6-ba8b-4f1e-b4ba-ac7ef7066b72,7,1980,True,27499,27147,135.42592675599371
1981,7a6edff6-ba8b-4f1e-b4ba-ac7ef7066b72,7,1981,True,27523,27171,188.920864245767
1982,7a6edff6-ba8b-4f1e-b4ba-ac7ef7066b72,7,1982,True,27552,27200,210.43687054558177
1983,7a6edff6-ba8b-4f1e-b4ba-ac7ef7066b72,7,1983,True,27578,27226,159.02537783342632
1984,7a6edff6-ba8b-4f1e-b4ba-ac7ef7066b72,7,1984,True,27601,27249,183.27878483500535
1985,7a6edff6-ba8b-4f1e-b4ba-ac7ef7066b72,7,1985,True,27634,27282,199.09610677031014
1986,7a6edff6-ba8b-4f1e-b4ba-ac7ef7066b72,7,1986,True,27659,27307,152.5465814426061
1987,7a6edff6-ba8b-4f1e-b4ba-ac7ef7066b72,7,1987,True,27684,27332,177.5543231384181
1988,7a6edff6-ba8b-4f1e-b4ba-ac7ef7066b72,7,1988,True,27713,27361,159.82678134315938
1989,7a6edff6-ba8b-4f1e-b4ba-ac7ef7066b72,7,1989,True,27739,27387,171.62238140814225
1990,7a6edff6-ba8b-4f1e-b4ba-ac7ef7066b72,7,1990,True,27760,27408,125.53504228448219
1991,7a6edff6-ba8b-4f1e-b4ba-ac7ef7066b72,7,1991,True,27781,27429,178.58910106911208
1992,7a6edff6-ba8b-4f1e-b4ba-ac7ef7066b72,7,1992,True,27818,27466,150.73073710532117
1993,7a6edff6-ba8b-4f1e-b4ba-ac7ef7066b72,7,1993,True,27860,27508,156.89873253733458
1994,7a6edff6-ba8b-4f1e-b4ba-ac7ef7066b72,7,1994,True,27892,27540,152.50936326842566
1995,7a6edff6-ba8b-4f1e-b4ba-ac7ef7066b72,7,1995,True,27927,27575,133.01695393843693
1996,7a6edff6-ba8b-4f1e-b4ba-ac7ef7066b72,7,1996,True,27955,27603,115.15189924178048
1997,7a6edff6-ba8b-4f1e-b4ba-ac7ef7066b72,7,1997,True,27980,27628,173.67199868044918
1998,7a6edff6-ba8b-4f1e-b4ba-ac7ef7066b72,7,1998,True,28012,27660,100.79250674913055
1999,7a6edff6-ba8b-4f1e-b4ba-ac7ef7066b72,7,1999,True,28041,27689,123.97868740148988
2000,9ef28ee7-0574-4ecf-8f24-653756257d43,8,2000,True,418,16,80.57745477884143
2001,9ef28ee7-0574-4ecf-8f24-653756257d43,8,2001,True,445,43,80.91174393607484
2002,9ef28ee7-0574-4ecf-8f24-653756257d43,8,2002,True,472,70,88.48219784610853
2003,9ef28ee7-0574-4ecf-8f24-653756257d43,8,2003,True,513,111,90.43798098562945
2004,9ef28ee7-0574-4ecf-8f24-653756257d43,8,2004,True,541,139,107.88094510293246
2005,9ef28ee7-0574-4ecf-8f24-653756257d43,8,2005,True,577,175,91.50831711133947
2006,9ef28ee7-0574-4ecf-8f24-653756257d43,8,2006,True,609,207,84.67388012636354
2007,9ef28ee7-0574-4ecf-8f24-653756257d43,8,2007,True,634,232,89.16132816551374
2008,9ef28ee7-0574-4ecf-8f24-653756257d43,8,2008,True,668,266,95.63947257106031
2009,9ef28ee7-0574-4ecf-8f24-653756257d43,8,2009,True,698,296,100.42985281856903
2010,9ef28ee7-0574-4ecf-8f24-653756257d43,8,2010,True,724,322,175.12285098800095
2011,9ef28ee7-0574-4ecf-8f24-653756257d43,8,2011,True,750,348,202.64603154623126
2012,9ef28ee7-0574-4ecf-8f24-653756257d43,8,2012,True,777,375,140.1898055333388
2013,9ef28ee7-0574-4ecf-8f24-653756257d43,8,2013,True,802,400,150.64603154623126
2014,9ef28ee7-0574-4ecf-8f24-653756257d43,8,2014,True,824,422,150.03865274500106
2015,9ef28ee7-0574-4ecf-8f24-653756257d43,8,2015,True,852,450,148.48407487363386
2016,9ef28ee7-0574-4ecf-8f24-653756257d43,8,2016,True,876,474,148.97882037017894
2017,9ef28ee7-0574-4ecf-8f24-653756257d43,8,2017,True,903,501,142.16728464138805
2018,9ef28ee7-0574-4ecf-8f24-653756257d43,8,2018,True,944,542,143.35816066882137
2019,9ef28ee7-0574-4ecf-8f24-653756257d43,8,2019,True,971,569,152.79121361127386
2020,9ef28ee7-0574-4ecf-8f24-653756257d43,8,2020,True,999,597,146.53670246455192
2021,9ef28ee7-0574-4ecf-8f24-653756257d43,8,2021,True,1023,621,145.28303133087854
2022,9ef28ee7-0574-4ecf-8f24-653756257d43,8,2022,True,1044,642,163.40867927041177
2023,9ef28ee7-0574-4ecf-8f24-653756257d43,8,2023,True,1074,672,153.46072552877354
2024,9ef28ee7-0574-4ecf-8f24-653756257d43,8,2024,True,1102,700,177.18369564905413
2025,9ef28ee7-0574-4ecf-8f24-653756257d43,8,2025,True,1133,731,172.01053565874327
2026,9ef28ee7-0574-4ecf-8f24-653756257d43,8,2026,True,1165,763,140.01053565874327
2027,9ef28ee7-0574-4ecf-8f24-653756257d43,8,2027,True,1190,788,163.1007522382714
2028,9ef28ee7-0574-4ecf-8f24-653756257d43,8,2028,True,1210,808,163.2087096846534
2029,9ef28ee7-0574-4ecf-8f24-653756257d43,8,2029,True,1243,841,251.04922238153813
2030,9ef28ee7-0574-4ecf-8f24-653756257d43,8,2030,True,1269,867,204.92326215792218
2031,9ef28ee7-0574-4ecf-8f24-653756257d43,8,2031,True,1303,901,209.545818360368
2032,9ef28ee7-0574-4ecf-8f24-653756257d43,8,2032,True,1338,936,190.9595601152912
2033,9ef28ee7-0574-4ecf-8f24-653756257d43,8,2033,True,1370,968,192.87784705126637
2034,9ef28ee7-0574-4ecf-8f24-653756257d43,8,2034,True,1392,990,193.49370684324754
2035,9ef28ee7-0574-4ecf-8f24-653756257d43,8,2035,True,1414,1012,218.5675456734316
2036,9ef28ee7-0574-4ecf-8f24-653756257d43,8,2036,True,1442,1040,170.26042319556723
2037,9ef28ee7-0574-4ecf-8f24-653756257d43,8,2037,True,1464,1062,231.18199345508015
2038,9ef28ee7-0574-4ecf-8f24-653756257d43,8,2038,True,1479,1077,191.83929160474395
2039,9ef28ee7-0574-4ecf-8f24-653756257d43,8,2039,True,1508,1106,210.34689154149828
2040,9ef28ee7-0574-4ecf-8f24-653756257d43,8,2040,True,1538,1136,180.34689154149828
2041,9ef28ee7-0574-4ecf-8f24-653756257d43,8,2041,True,1575,1173,215.408372829864
2042,9ef28ee7-0574-4ecf-8f24-653756257d43,8,2042,True,1599,1197,145.57814449983516
2043,9ef28ee7-0574-4ecf-8f24-653756257d43,8,2043,True,1630,1228,175.2382453561188
2044,9ef28ee7-0574-4ecf-8f24-653756257d43,8,2044,True,1655,1253,179.04283926142534
2045,9ef28ee7-0574-4ecf-8f24-653756257d43,8,2045,True,1684,1282,175.04054392928379
2046,9ef28ee7-0574-4ecf-8f24-653756257d43,8,2046,True,1706,1304,153.04054392928379
2047,9ef28ee7-0574-4ecf-8f24-653756257d43,8,2047,True,1738,1336,189.11676731847456
2048,9ef28ee7-0574-4ecf-8f24-653756257d43,8,2048,True,1760,1358,141.7023099350863
2049,9ef28ee7-0574-4ecf-8f24-653756257d43,8,2049,True,1790,1388,193.16044200096576
2050,9ef28ee7-0574-4ecf-8f24-653756257d43,8,2050,True,1818,1416,141.84250291318085
2051,9ef28ee7-0574-4ecf-8f24-653756257d43,8,2051,True,1843,1441,197.80805601150064
2052,9ef28ee7-0574-4ecf-8f24-653756257d43,8,2052,True,1865,1463,197.6828537990309
2053,9ef28ee7-0574-4ecf-8f24-653756257d43,8,2053,True,1892,1490,192.65971873563535
2054,9ef28ee7-0574-4ecf-8f24-653756257d43,8,2054,True,1919,1517,190.6142185862086
2055,9ef28ee7-0574-4ecf-8f24-653756257d43,8,2055,True,1948,1546,181.87615639985665
2056,9ef28ee7-0574-4ecf-8f24-653756257d43,8,2056,True,1976,1574,153.87615639985665
2057,9ef28ee7-0574-4ecf-8f24-653756257d43,8,2057,True,2008,1606,153.5329105726305
2058,9ef28ee7-0574-4ecf-8f24-653756257d43,8,2058,True,2035,1633,184.06395589592034
2059,9ef28ee7-0574-4ecf-8f24-653756257d43,8,2059,True,2072,1670,169.95580340630045
2060,9ef28ee7-0574-4ecf-8f24-653756257d43,8,2060,True,2101,1699,140.95580340630045
2061,9ef28ee7-0574-4ecf-8f24-653756257d43,8,2061,True,2128,1726,158.71122322085466
2062,9ef28ee7-0574-4ecf-8f24-653756257d43,8,2062,True,2158,1756,152.43232583999293
2063,9ef28ee7-0574-4ecf-8f24-653756257d43,8,2063,True,2185,1783,152.44899851396212
2064,9ef28ee7-0574-4ecf-8f24-653756257d43,8,2064,True,2203,1801,156.4667860001921
2065,9ef28ee7-0574-4ecf-8f24-653756257d43,8,2065,True,2237,1835,146.54479498759906
2066,9ef28ee7-0574-4ecf-8f24-653756257d43,8,2066,True,2259,1857,146.09832130360383
2067,9ef28ee7-0574-4ecf-8f24-653756257d43,8,2067,True,2291,1889,188.98954377314567
2068,9ef28ee7-0574-4ecf-8f24-653756257d43,8,2068,True,2320,1918,178.42613512744492
2069,9ef28ee7-0574-4ecf-8f24-653756257d43,8,2069,True,2334,1932,184.37783836396193
2070,9ef28ee7-0574-4ecf-8f24-653756257d43,8,2070,True,2368,1966,184.63764241592253
2071,9ef28ee7-0574-4ecf-8f24-653756257d43,8,2071,True,2402,2000,178.24461669417906
2072,9ef28ee7-0574-4ecf-8f24-653756257d43,8,2072,True,2428,2026,175.26717494278637
2073,9ef28ee7-0574-4ecf-8f24-653756257d43,8,2073,True,2455,2053,169.20883235796464
2074,9ef28ee7-0574-4ecf-8f24-653756257d43,8,2074,True,2484,2082,176.7037309146208
2075,9ef28ee7-0574-4ecf-8f24-653756257d43,8,2075,True,2509,2107,174.3474375563942
2076,9ef28ee7-0574-4ecf-8f24-653756257d43,8,2076,True,2535,2133,194.11101868035848
2077,9ef28ee7-0574-4ecf-8f24-653756257d43,8,2077,True,2564,2162,144.57783222583203
2078,9ef28ee7-0574-4ecf-8f24-653756257d43,8,2078,True,2588,2186,179.59884136385426
2079,9ef28ee7-0574-4ecf-8f24-653756257d43,8,2079,True,2615,2213,171.7905706499173
2080,9ef28ee7-0574-4ecf-8f24-653756257d43,8,2080,True,2647,2245,214.654795372011
2081,9ef28ee7-0574-4ecf-8f24-653756257d43,8,2081,True,2672,2270,166.88161389689003
2082,9ef28ee7-0574-4ecf-8f24-653756257d43,8,2082,True,2689,2287,172.654795372011
2083,9ef28ee7-0574-4ecf-8f24-653756257d43,8,2083,True,2725,2323,158.718045607141
2084,9ef28ee7-0574-4ecf-8f24-653756257d43,8,2084,True,2753,2351,147.52082230984524
2085,9ef28ee7-0574-4ecf-8f24-653756257d43,8,2085,True,2778,2376,158.9650934267611
2086,9ef28ee7-0574-4ecf-8f24-653756257d43,8,2086,True,2807,2405,148.43016788984733
2087,9ef28ee7-0574-4ecf-8f24-653756257d43,8,2087,True,2827,2425,168.58759242199585
2088,9ef28ee7-0574-4ecf-8f24-653756257d43,8,2088,True,2869,2467,155.49660069823403
2089,9ef28ee7-0574-4ecf-8f24-653756257d43,8,2089,True,2898,2496,168.73978550801803
2090,9ef28ee7-0574-4ecf-8f24-653756257d43,8,2090,True,2927,2525,155.6790179516538
2091,9ef28ee7-0574-4ecf-8f24-653756257d43,8,2091,True,2956,2554,162.29823128165162
2092,9ef28ee7-0574-4ecf-8f24-653756257d43,8,2092,True,2982,2580,182.8454483196415
2093,9ef28ee7-0574-4ecf-8f24-653756257d43,8,2093,True,3012,2610,128.93135071283587
2094,9ef28ee7-0574-4ecf-8f24-653756257d43,8,2094,True,3042,2640,142.2517520648821
2095,9ef28ee7-0574-4ecf-8f24-653756257d43,8,2095,True,3067,2665,135.83649192563007
2096,9ef28ee7-0574-4ecf-8f24-653756257d43,8,2096,True,3103,2701,140.42630537388277
2097,9ef28ee7-0574-4ecf-8f24-653756257d43,8,2097,True,3134,2732,145.06114653903387
2098,9ef28ee7-0574-4ecf-8f24-653756257d43,8,2098,True,3156,2754,145.82665006702382
2099,9ef28ee7-0574-4ecf-8f24-653756257d43,8,2099,True,3183,2781,157.5131819013941
2100,9ef28ee7-0574-4ecf-8f24-653756257d43,8,2100,True,3213,2811,150.42489642145802
2101,9ef28ee7-0574-4ecf-8f24-653756257d43,8,2101,True,3238,2836,180.42907062795712
2102,9ef28ee7-0574-4ecf-8f24-653756257d43,8,2102,True,3261,2859,134.4107325994728
2103,9ef28ee7-0574-4ecf-8f24-653756257d43,8,2103,True,3284,2882,153.7883233192456
2104,9ef28ee7-0574-4ecf-8f24-653756257d43,8,2104,True,3311,2909,146.04691286861498
2105,9ef28ee7-0574-4ecf-8f24-653756257d43,8,2105,True,3338,2936,158.9313391950468
2106,9ef28ee7-0574-4ecf-8f24-653756257d43,8,2106,True,3373,2971,144.17220670043343
2107,9ef28ee7-0574-4ecf-8f24-653756257d43,8,2107,True,3401,2999,174.23345551213924
2108,9ef28ee7-0574-4ecf-8f24-653756257d43,8,2108,True,3427,3025,126.84589040781566
2109,9ef28ee7-0574-4ecf-8f24-653756257d43,8,2109,True,3458,3056,137.5019621536867
2110,9ef28ee7-0574-4ecf-8f24-653756257d43,8,2110,True,3496,3094,131.0537276132427
2111,9ef28ee7-0574-4ecf-8f24-653756257d43,8,2111,True,3521,3119,163.05813832625063
2112,9ef28ee7-0574-4ecf-8f24-653756257d43,8,2112,True,3544,3142,163.59391631288054
2113,9ef28ee7-0574-4ecf-8f24-653756257d43,8,2113,True,3576,3174,149.60189557339618
2114,9ef28ee7-0574-4ecf-8f24-653756257d43,8,2114,True,3602,3200,123.60189557339618
2115,9ef28ee7-0574-4ecf-8f24-653756257d43,8,2115,True,3632,3230,138.46669874163717
2116,9ef28ee7-0574-4ecf-8f24-653756257d43,8,2116,True,3665,3263,150.72149619917127
2117,9ef28ee7-0574-4ecf-8f24-653756257d43,8,2117,True,3700,3298,136.6648397079498
2118,9ef28ee7-0574-4ecf-8f24-653756257d43,8,2118,True,3739,3337,130.96459208574424
2119,9ef28ee7-0574-4ecf-8f24-653756257d43,8,2119,True,3764,3362,157.42309183439556
2120,9ef28ee7-0574-4ecf-8f24-653756257d43,8,2120,True,3790,3388,152.7261494872173
2121,9ef28ee7-0574-4ecf-8f24-653756257d43,8,2121,True,3817,3415,167.23401030682317
2122,9ef28ee7-0574-4ecf-8f24-653756257d43,8,2122,True,3840,3438,161.22876988207508
2123,9ef28ee7-0574-4ecf-8f24-653756257d43,8,2123,True,3864,3462,167.57723347155388
2124,9ef28ee7-0574-4ecf-8f24-653756257d43,8,2124,True,3886,3484,164.78791887970237
2125,9ef28ee7-0574-4ecf-8f24-653756257d43,8,2125,True,3912,3510,188.08347589670393
2126,9ef28ee7-0574-4ecf-8f24-653756257d43,8,2126,True,3941,3539,183.14198101225247
2127,9ef28ee7-0574-4ecf-8f24-653756257d43,8,2127,True,3962,3560,182.21232675467627
2128,9ef28ee7-0574-4ecf-8f24-653756257d43,8,2128,True,3992,3590,132.14198101225247
2129,9ef28ee7-0574-4ecf-8f24-653756257d43,8,2129,True,4023,3621,142.9725974458638
2130,9ef28ee7-0574-4ecf-8f24-653756257d43,8,2130,True,4051,3649,171.1139972191363
2131,9ef28ee7-0574-4ecf-8f24-653756257d43,8,2131,True,4082,3680,166.1557579167038
2132,9ef28ee7-0574-4ecf-8f24-653756257d43,8,2132,True,4110,3708,170.35369986876003
2133,9ef28ee7-0574-4ecf-8f24-653756257d43,8,2133,True,4141,3739,171.06772779474932
2134,9ef28ee7-0574-4ecf-8f24-653756257d43,8,2134,True,4168,3766,167.12235147251658
2135,9ef28ee7-0574-4ecf-8f24-653756257d43,8,2135,True,4194,3792,163.80307507755106
2136,9ef28ee7-0574-4ecf-8f24-653756257d43,8,2136,True,4225,3823,166.34316651530617
2137,9ef28ee7-0574-4ecf-8f24-653756257d43,8,2137,True,4259,3857,160.14905061188801
2138,9ef28ee7-0574-4ecf-8f24-653756257d43,8,2138,True,4277,3875,163.7272212035482
2139,9ef28ee7-0574-4ecf-8f24-653756257d43,8,2139,True,4303,3901,176.11893940505797
2140,9ef28ee7-0574-4ecf-8f24-653756257d43,8,2140,True,4326,3924,134.57980982660047
2141,9ef28ee7-0574-4ecf-8f24-653756257d43,8,2141,True,4355,3953,144.59393794756306
2142,9ef28ee7-0574-4ecf-8f24-653756257d43,8,2142,True,4379,3977,137.8319699109161
2143,9ef28ee7-0574-4ecf-8f24-653756257d43,8,2143,True,4413,4011,212.43893554022452
2144,9ef28ee7-0574-4ecf-8f24-653756257d43,8,2144,True,4435,4033,146.08497845716192
2145,9ef28ee7-0574-4ecf-8f24-653756257d43,8,2145,True,4459,4057,142.6532801689782
2146,9ef28ee7-0574-4ecf-8f24-653756257d43,8,2146,True,4486,4084,159.744257528665
2147,9ef28ee7-0574-4ecf-8f24-653756257d43,8,2147,True,4508,4106,159.6624525664447
2148,9ef28ee7-0574-4ecf-8f24-653756257d43,8,2148,True,4546,4144,141.263429608126
2149,9ef28ee7-0574-4ecf-8f24-653756257d43,8,2149,True,4573,4171,134.68701756620794
2150,9ef28ee7-0574-4ecf-8f24-653756257d43,8,2150,True,4597,4195,180.17499120794855
2151,9ef28ee7-0574-4ecf-8f24-653756257d43,8,2151,True,4611,4209,189.1672311352895
2152,9ef28ee7-0574-4ecf-8f24-653756257d43,8,2152,True,4643,4241,200.44171346041458
2153,9ef28ee7-0574-4ecf-8f24-653756257d43,8,2153,True,4670,4268,149.4172409049297
2154,9ef28ee7-0574-4ecf-8f24-653756257d43,8,2154,True,4697,4295,207.58618000760544
2155,9ef28ee7-0574-4ecf-8f24-653756257d43,8,2155,True,4730,4328,150.80724322403694
2156,9ef28ee7-0574-4ecf-8f24-653756257d43,8,2156,True,4757,4355,177.47672822118147
2157,9ef28ee7-0574-4ecf-8f24-653756257d43,8,2157,True,4784,4382,173.57025908471678
2158,9ef28ee7-0574-4ecf-8f24-653756257d43,8,2158,True,4809,4407,169.9819151283773
2159,9ef28ee7-0574-4ecf-8f24-653756257d43,8,2159,True,4837,4435,159.60246924485728
2160,9ef28ee7-0574-4ecf-8f24-653756257d43,8,2160,True,4858,4456,194.3390228702956
2161,9ef28ee7-0574-4ecf-8f24-653756257d43,8,2161,True,4882,4480,186.66853499519402
2162,9ef28ee7-0574-4ecf-8f24-653756257d43,8,2162,True,4899,4497,249.89000940346978
2163,9ef28ee7-0574-4ecf-8f24-653756257d43,8,2163,True,4918,4516,207.17202211147014
2164,9ef28ee7-0574-4ecf-8f24-653756257d43,8,2164,True,4945,4543,203.89000940346978
2165,9ef28ee7-0574-4ecf-8f24-653756257d43,8,2165,True,4969,4567,202.97950365855286
2166,9ef28ee7-0574-4ecf-8f24-653756257d43,8,2166,True,4988,4586,183.97950365855286
2167,9ef28ee7-0574-4ecf-8f24-653756257d43,8,2167,True,5013,4611,182.83564206430583
2168,9ef28ee7-0574-4ecf-8f24-653756257d43,8,2168,True,5049,4647,167.56548822248897
2169,9ef28ee7-0574-4ecf-8f24-653756257d43,8,2169,True,5068,4666,211.5301511042362
2170,9ef28ee7-0574-4ecf-8f24-653756257d43,8,2170,True,5109,4707,189.3879367406762
2171,9ef28ee7-0574-4ecf-8f24-653756257d43,8,2171,True,5136,4734,182.29537292777513
2172,9ef28ee7-0574-4ecf-8f24-653756257d43,8,2172,True,5160,4758,179.68172653594502
2173,9ef28ee7-0574-4ecf-8f24-653756257d43,8,2173,True,5188,4786,177.70548592136856
2174,9ef28ee7-0574-4ecf-8f24-653756257d43,8,2174,True,5222,4820,168.44380022111454
2175,9ef28ee7-0574-4ecf-8f24-653756257d43,8,2175,True,5251,4849,170.76091598789753
2176,9ef28ee7-0574-4ecf-8f24-653756257d43,8,2176,True,5279,4877,163.63923383180736
2177,9ef28ee7-0574-4ecf-8f24-653756257d43,8,2177,True,5308,4906,155.37060682321317
2178,9ef28ee7-0574-4ecf-8f24-653756257d43,8,2178,True,5340,4938,221.8430003549638
2179,9ef28ee7-0574-4ecf-8f24-653756257d43,8,2179,True,5366,4964,218.46792305171493
2180,9ef28ee7-0574-4ecf-8f24-653756257d43,8,2180,True,5393,4991,213.1512260661866
2181,9ef28ee7-0574-4ecf-8f24-653756257d43,8,2181,True,5420,5018,248.65242571208728
2182,9ef28ee7-0574-4ecf-8f24-653756257d43,8,2182,True,5449,5047,189.65980672811656
2183,9ef28ee7-0574-4ecf-8f24-653756257d43,8,2183,True,5482,5080,209.6882983468795
2184,9ef28ee7-0574-4ecf-8f24-653756257d43,8,2184,True,5505,5103,186.6882983468795
2185,9ef28ee7-0574-4ecf-8f24-653756257d43,8,2185,True,5529,5127,190.53818940247947
2186,9ef28ee7-0574-4ecf-8f24-653756257d43,8,2186,True,5559,5157,182.65146783392083
2187,9ef28ee7-0574-4ecf-8f24-653756257d43,8,2187,True,5586,5184,180.59232773043368
2188,9ef28ee7-0574-4ecf-8f24-653756257d43,8,2188,True,5615,5213,172.45128833149192
2189,9ef28ee7-0574-4ecf-8f24-653756257d43,8,2189,True,5636,5234,179.801437873527
2190,9ef28ee7-0574-4ecf-8f24-653756257d43,8,2190,True,5671,5269,165.4807092506462
2191,9ef28ee7-0574-4ecf-8f24-653756257d43,8,2191,True,5702,5300,193.88806363274125
2192,9ef28ee7-0574-4ecf-8f24-653756257d43,8,2192,True,5721,5319,142.60338953526661
2193,9ef28ee7-0574-4ecf-8f24-653756257d43,8,2193,True,5747,5345,172.74577882780795
2194,9ef28ee7-0574-4ecf-8f24-653756257d43,8,2194,True,5788,5386,153.76542633608824
2195,9ef28ee7-0574-4ecf-8f24-653756257d43,8,2195,True,5813,5411,176.72020570900168
2196,9ef28ee7-0574-4ecf-8f24-653756257d43,8,2196,True,5838,5436,170.3037048820579
2197,9ef28ee7-0574-4ecf-8f24-653756257d43,8,2197,True,5869,5467,158.14288294333255
2198,9ef28ee7-0574-4ecf-8f24-653756257d43,8,2198,True,5901,5499,182.17726468689034
2199,9ef28ee7-0574-4ecf-8f24-653756257d43,8,2199,True,5917,5515,188.54276793055578
2200,9ef28ee7-0574-4ecf-8f24-653756257d43,8,2200,True,5942,5540,211.27205189226243
2201,9ef28ee7-0574-4ecf-8f24-653756257d43,8,2201,True,5970,5568,204.84269545859934
2202,9ef28ee7-0574-4ecf-8f24-653756257d43,8,2202,True,5992,5590,182.84269545859934
2203,9ef28ee7-0574-4ecf-8f24-653756257d43,8,2203,True,6019,5617,268.1056484124756
2204,9ef28ee7-0574-4ecf-8f24-653756257d43,8,2204,True,6050,5648,220.27577635360194
2205,9ef28ee7-0574-4ecf-8f24-653756257d43,8,2205,True,6079,5677,208.1056484124756
2206,9ef28ee7-0574-4ecf-8f24-653756257d43,8,2206,True,6110,5708,209.32516378523997
2207,9ef28ee7-0574-4ecf-8f24-653756257d43,8,2207,True,6139,5737,204.6818153799486
2208,9ef28ee7-0574-4ecf-8f24-653756257d43,8,2208,True,6162,5760,181.6818153799486
2209,9ef28ee7-0574-4ecf-8f24-653756257d43,8,2209,True,6189,5787,178.03310221573247
2210,9ef28ee7-0574-4ecf-8f24-653756257d43,8,2210,True,6207,5805,188.1420005598884
2211,9ef28ee7-0574-4ecf-8f24-653756257d43,8,2211,True,6232,5830,189.04310922513287
2212,9ef28ee7-0574-4ecf-8f24-653756257d43,8,2212,True,6260,5858,184.41029126321064
2213,9ef28ee7-0574-4ecf-8f24-653756257d43,8,2213,True,6284,5882,190.65777415013417
2214,9ef28ee7-0574-4ecf-8f24-653756257d43,8,2214,True,6307,5905,187.5980172042773
2215,9ef28ee7-0574-4ecf-8f24-653756257d43,8,2215,True,6338,5936,207.56796783149366
2216,9ef28ee7-0574-4ecf-8f24-653756257d43,8,2216,True,6364,5962,151.09307871792862
2217,9ef28ee7-0574-4ecf-8f24-653756257d43,8,2217,True,6397,5995,199.5921316004751
2218,9ef28ee7-0574-4ecf-8f24-653756257d43,8,2218,True,6415,6013,206.05358492461528
2219,9ef28ee7-0574-4ecf-8f24-653756257d43,8,2219,True,6439,6037,182.05358492461528
2220,9ef28ee7-0574-4ecf-8f24-653756257d43,8,2220,True,6473,6071,177.60335101143028
2221,9ef28ee7-0574-4ecf-8f24-653756257d43,8,2221,True,6504,6102,166.9358380150088
2222,9ef28ee7-0574-4ecf-8f24-653756257d43,8,2222,True,6529,6127,141.9358380150088
2223,9ef28ee7-0574-4ecf-8f24-653756257d43,8,2223,True,6561,6159,163.72306340959858
2224,9ef28ee7-0574-4ecf-8f24-653756257d43,8,2224,True,6594,6192,192.23176805111234
2225,9ef28ee7-0574-4ecf-8f24-653756257d43,8,2225,True,6621,6219,259.53168739177636
2226,9ef28ee7-0574-4ecf-8f24-653756257d43,8,2226,True,6644,6242,216.9373826681831
2227,9ef28ee7-0574-4ecf-8f24-653756257d43,8,2227,True,6673,6271,273.9636506458719
2228,9ef28ee7-0574-4ecf-8f24-653756257d43,8,2228,True,6695,6293,228.3965171405698
2229,9ef28ee7-0574-4ecf-8f24-653756257d43,8,2229,True,6724,6322,222.9636506458719
2230,9ef28ee7-0574-4ecf-8f24-653756257d43,8,2230,True,6751,6349,195.9636506458719
2231,9ef28ee7-0574-4ecf-8f24-653756257d43,8,2231,True,6780,6378,230.085431632353
2232,9ef28ee7-0574-4ecf-8f24-653756257d43,8,2232,True,6809,6407,178.47538483781045
2233,9ef28ee7-0574-4ecf-8f24-653756257d43,8,2233,True,6837,6435,212.31172339663317
2234,9ef28ee7-0574-4ecf-8f24-653756257d43,8,2234,True,6860,6458,171.02532898126537
2235,9ef28ee7-0574-4ecf-8f24-653756257d43,8,2235,True,6885,6483,226.37938544637382
2236,9ef28ee7-0574-4ecf-8f24-653756257d43,8,2236,True,6913,6511,175.75531573924218
2237,9ef28ee7-0574-4ecf-8f24-653756257d43,8,2237,True,6937,6535,212.62271257219254
2238,9ef28ee7-0574-4ecf-8f24-653756257d43,8,2238,True,6972,6570,158.00351607467383
2239,9ef28ee7-0574-4ecf-8f24-653756257d43,8,2239,True,6992,6590,176.82169975967645
2240,9ef28ee7-0574-4ecf-8f24-653756257d43,8,2240,True,7025,6623,187.44374794435316
2241,9ef28ee7-0574-4ecf-8f24-653756257d43,8,2241,True,7045,6643,209.341280869201
2242,9ef28ee7-0574-4ecf-8f24-653756257d43,8,2242,True,7079,6677,196.61701868631553
2243,9ef28ee7-0574-4ecf-8f24-653756257d43,8,2243,True,7109,6707,187.79480346675882
2244,9ef28ee7-0574-4ecf-8f24-653756257d43,8,2244,True,7137,6735,195.6325689936366
2245,9ef28ee7-0574-4ecf-8f24-653756257d43,8,2245,True,7167,6765,188.16434850678888
2246,9ef28ee7-0574-4ecf-8f24-653756257d43,8,2246,True,7194,6792,194.10368238961019
2247,9ef28ee7-0574-4ecf-8f24-653756257d43,8,2247,True,7222,6820,188.03538663832296
2248,9ef28ee7-0574-4ecf-8f24-653756257d43,8,2248,True,7253,6851,245.2675510259569
2249,9ef28ee7-0574-4ecf-8f24-653756257d43,8,2249,True,7275,6873,198.60132289160902
2250,9ef28ee7-0574-4ecf-8f24-653756257d43,8,2250,True,7303,6901,195.2675510259569
2251,9ef28ee7-0574-4ecf-8f24-653756257d43,8,2251,True,7323,6921,194.26840757082846
2252,9ef28ee7-0574-4ecf-8f24-653756257d43,8,2252,True,7353,6951,206.50033365349736
2253,9ef28ee7-0574-4ecf-8f24-653756257d43,8,2253,True,7373,6971,226.7143551861409
2254,9ef28ee7-0574-4ecf-8f24-653756257d43,8,2254,True,7397,6995,182.35249076824857
2255,9ef28ee7-0574-4ecf-8f24-653756257d43,8,2255,True,7421,7019,232.34088958287703
2256,9ef28ee7-0574-4ecf-8f24-653756257d43,8,2256,True,7460,7058,214.63980734412235
2257,9ef28ee7-0574-4ecf-8f24-653756257d43,8,2257,True,7494,7092,202.32027817454946
2258,9ef28ee7-0574-4ecf-8f24-653756257d43,8,2258,True,7514,7112,230.30031599730864
2259,9ef28ee7-0574-4ecf-8f24-653756257d43,8,2259,True,7538,7136,250.21410071194896
2260,9ef28ee7-0574-4ecf-8f24-653756257d43,8,2260,True,7562,7160,205.2855066438924
2261,9ef28ee7-0574-4ecf-8f24-653756257d43,8,2261,True,7600,7198,220.2505223741664
2262,9ef28ee7-0574-4ecf-8f24-653756257d43,8,2262,True,7631,7229,207.03645511249306
2263,9ef28ee7-0574-4ecf-8f24-653756257d43,8,2263,True,7677,7275,184.64675138774783
2264,9ef28ee7-0574-4ecf-8f24-653756257d43,8,2264,True,7710,7308,223.08927739933642
2265,9ef28ee7-0574-4ecf-8f24-653756257d43,8,2265,True,7740,7338,173.5995431137435
2266,9ef28ee7-0574-4ecf-8f24-653756257d43,8,2266,True,7776,7374,209.23076947304799
2267,9ef28ee7-0574-4ecf-8f24-653756257d43,8,2267,True,7809,7407,149.87763426320453
2268,9ef28ee7-0574-4ecf-8f24-653756257d43,8,2268,True,7836,7434,195.26325598733274
2269,9ef28ee7-0574-4ecf-8f24-653756257d43,8,2269,True,7863,7461,144.86515589862756
2270,9ef28ee7-0574-4ecf-8f24-653756257d43,8,2270,True,7900,7498,229.51447215785083
2271,9ef28ee7-0574-4ecf-8f24-653756257d43,8,2271,True,7925,7523,137.69996235124017
2272,9ef28ee7-0574-4ecf-8f24-653756257d43,8,2272,True,7950,7548,202.51262696947833
2273,9ef28ee7-0574-4ecf-8f24-653756257d43,8,2273,True,7975,7573,177.51262696947833
2274,9ef28ee7-0574-4ecf-8f24-653756257d43,8,2274,True,8005,7603,166.45931721726174
2275,9ef28ee7-0574-4ecf-8f24-653756257d43,8,2275,True,8029,7627,193.2092159513686
2276,9ef28ee7-0574-4ecf-8f24-653756257d43,8,2276,True,8050,7648,252.62525544080836
2277,9ef28ee7-0574-4ecf-8f24-653756257d43,8,2277,True,8077,7675,202.88212061578906
2278,9ef28ee7-0574-4ecf-8f24-653756257d43,8,2278,True,8095,7693,144.9222942399283
2279,9ef28ee7-0574-4ecf-8f24-653756257d43,8,2279,True,8128,7726,174.62525544080836
2280,9ef28ee7-0574-4ecf-8f24-653756257d43,8,2280,True,8154,7752,173.59495760133996
2281,9ef28ee7-0574-4ecf-8f24-653756257d43,8,2281,True,8189,7787,164.91931512513565
2282,9ef28ee7-0574-4ecf-8f24-653756257d43,8,2282,True,8217,7815,156.02173307957128
2283,9ef28ee7-0574-4ecf-8f24-653756257d43,8,2283,True,8237,7835,155.31122490280632
2284,9ef28ee7-0574-4ecf-8f24-653756257d43,8,2284,True,8270,7868,219.1528546694135
2285,9ef28ee7-0574-4ecf-8f24-653756257d43,8,2285,True,8297,7895,164.73708214992075
2286,9ef28ee7-0574-4ecf-8f24-653756257d43,8,2286,True,8325,7923,164.1528546694135
2287,9ef28ee7-0574-4ecf-8f24-653756257d43,8,2287,True,8357,7955,205.30175005085584
2288,9ef28ee7-0574-4ecf-8f24-653756257d43,8,2288,True,8379,7977,205.9314734116233
2289,9ef28ee7-0574-4ecf-8f24-653756257d43,8,2289,True,8401,7999,205.49417638697196
2290,9ef28ee7-0574-4ecf-8f24-653756257d43,8,2290,True,8430,8028,196.23089311905096
2291,9ef28ee7-0574-4ecf-8f24-653756257d43,8,2291,True,8459,8057,233.0281468620924
2292,9ef28ee7-0574-4ecf-8f24-653756257d43,8,2292,True,8484,8082,164.57457160462218
2293,9ef28ee7-0574-4ecf-8f24-653756257d43,8,2293,True,8513,8111,220.61388369945416
2294,9ef28ee7-0574-4ecf-8f24-653756257d43,8,2294,True,8543,8141,167.88843725552215
2295,9ef28ee7-0574-4ecf-8f24-653756257d43,8,2295,True,8575,8173,177.2118613993389
2296,9ef28ee7-0574-4ecf-8f24-653756257d43,8,2296,True,8598,8196,175.4863686305289
2297,9ef28ee7-0574-4ecf-8f24-653756257d43,8,2297,True,8619,8217,257.80566095833274
2298,9ef28ee7-0574-4ecf-8f24-653756257d43,8,2298,True,8641,8239,212.62249942144263
2299,9ef28ee7-0574-4ecf-8f24-653756257d43,8,2299,True,8674,8272,202.80566095833274
2300,9ef28ee7-0574-4ecf-8f24-653756257d43,8,2300,True,8704,8302,199.97295035656862
2301,9ef28ee7-0574-4ecf-8f24-653756257d43,8,2301,True,8735,8333,235.3962410401582
2302,9ef28ee7-0574-4ecf-8f24-653756257d43,8,2302,True,8769,8367,226.2920957510214
2303,9ef28ee7-0574-4ecf-8f24-653756257d43,8,2303,True,8799,8397,196.2920957510214
2304,9ef28ee7-0574-4ecf-8f24-653756257d43,8,2304,True,8840,8438,283.29928541045956
2305,9ef28ee7-0574-4ecf-8f24-653756257d43,8,2305,True,8869,8467,234.50940792161055
2306,9ef28ee7-0574-4ecf-8f24-653756257d43,8,2306,True,8900,8498,270.39749460302664
2307,9ef28ee7-0574-4ecf-8f24-653756257d43,8,2307,True,8923,8521,267.56782657270014
2308,9ef28ee7-0574-4ecf-8f24-653756257d43,8,2308,True,8960,8558,330.0360621071286
2309,9ef28ee7-0574-4ecf-8f24-653756257d43,8,2309,True,8981,8579,284.76912343106414
2310,9ef28ee7-0574-4ecf-8f24-653756257d43,8,2310,True,9009,8607,309.47603805088875
2311,9ef28ee7-0574-4ecf-8f24-653756257d43,8,2311,True,9030,8628,288.47603805088875
2312,9ef28ee7-0574-4ecf-8f24-653756257d43,8,2312,True,9053,8651,237.0360621071286
2313,9ef28ee7-0574-4ecf-8f24-653756257d43,8,2313,True,9084,8682,286.6855967703232
2314,9ef28ee7-0574-4ecf-8f24-653756257d43,8,2314,True,9116,8714,277.26489739892713
2315,9ef28ee7-0574-4ecf-8f24-653756257d43,8,2315,True,9143,8741,266.85075435770705
2316,9ef28ee7-0574-4ecf-8f24-653756257d43,8,2316,True,9167,8765,226.26489739892713
2317,9ef28ee7-0574-4ecf-8f24-653756257d43,8,2317,True,9196,8794,235.02594934093577
2318,9ef28ee7-0574-4ecf-8f24-653756257d43,8,2318,True,9233,8831,218.36666188416348
2319,9ef28ee7-0574-4ecf-8f24-653756257d43,8,2319,True,9269,8867,205.92461000171352
2320,9ef28ee7-0574-4ecf-8f24-653756257d43,8,2320,True,9299,8897,231.73723266534944
2321,9ef28ee7-0574-4ecf-8f24-653756257d43,8,2321,True,9326,8924,183.63050388808733
2322,9ef28ee7-0574-4ecf-8f24-653756257d43,8,2322,True,9357,8955,217.1499683386919
2323,9ef28ee7-0574-4ecf-8f24-653756257d43,8,2323,True,9379,8977,175.27394979706514
2324,9ef28ee7-0574-4ecf-8f24-653756257d43,8,2324,True,9398,8996,176.1499683386919
2325,9ef28ee7-0574-4ecf-8f24-653756257d43,8,2325,True,9418,9016,219.23329030938294
2326,9ef28ee7-0574-4ecf-8f24-653756257d43,8,2326,True,9451,9049,163.2946339864684
2327,9ef28ee7-0574-4ecf-8f24-653756257d43,8,2327,True,9472,9070,187.06759079063158
2328,9ef28ee7-0574-4ecf-8f24-653756257d43,8,2328,True,9494,9092,190.70218239901078
2329,9ef28ee7-0574-4ecf-8f24-653756257d43,8,2329,True,9527,9125,179.02063540749077
2330,9ef28ee7-0574-4ecf-8f24-653756257d43,8,2330,True,9557,9155,170.99290921512693
2331,9ef28ee7-0574-4ecf-8f24-653756257d43,8,2331,True,9588,9186,183.43248042879532
2332,9ef28ee7-0574-4ecf-8f24-653756257d43,8,2332,True,9618,9216,182.14816525076822
2333,9ef28ee7-0574-4ecf-8f24-653756257d43,8,2333,True,9653,9251,197.9508338850428
2334,9ef28ee7-0574-4ecf-8f24-653756257d43,8,2334,True,9675,9273,199.92431990925252
2335,9ef28ee7-0574-4ecf-8f24-653756257d43,8,2335,True,9698,9296,208.62837348803623
2336,9ef28ee7-0574-4ecf-8f24-653756257d43,8,2336,True,9718,9316,156.92431990925252
2337,9ef28ee7-0574-4ecf-8f24-653756257d43,8,2337,True,9754,9352,226.09040729367916
2338,9ef28ee7-0574-4ecf-8f24-653756257d43,8,2338,True,9784,9382,176.08005994706582
2339,9ef28ee7-0574-4ecf-8f24-653756257d43,8,2339,True,9811,9409,202.52254237683883
2340,9ef28ee7-0574-4ecf-8f24-653756257d43,8,2340,True,9849,9447,186.7510849558712
2341,9ef28ee7-0574-4ecf-8f24-653756257d43,8,2341,True,9884,9482,151.7510849558712
2342,9ef28ee7-0574-4ecf-8f24-653756257d43,8,2342,True,9908,9506,187.74710812396916
2343,9ef28ee7-0574-4ecf-8f24-653756257d43,8,2343,True,9932,9530,135.3421219799984
2344,9ef28ee7-0574-4ecf-8f24-653756257d43,8,2344,True,9962,9560,178.92498758503461
2345,9ef28ee7-0574-4ecf-8f24-653756257d43,8,2345,True,9986,9584,133.6386812370074
2346,9ef28ee7-0574-4ecf-8f24-653756257d43,8,2346,True,10016,9614,166.30777377225058
2347,9ef28ee7-0574-4ecf-8f24-653756257d43,8,2347,True,10049,9647,154.7735134871964
2348,9ef28ee7-0574-4ecf-8f24-653756257d43,8,2348,True,10079,9677,159.1554281525532
2349,9ef28ee7-0574-4ecf-8f24-653756257d43,8,2349,True,10108,9706,175.89641513444076
2350,9ef28ee7-0574-4ecf-8f24-653756257d43,8,2350,True,10132,9730,168.6420757737542
2351,9ef28ee7-0574-4ecf-8f24-653756257d43,8,2351,True,10156,9754,163.9808958734484
2352,9ef28ee7-0574-4ecf-8f24-653756257d43,8,2352,True,10184,9782,154.96873373114795
2353,9ef28ee7-0574-4ecf-8f24-653756257d43,8,2353,True,10226,9824,164.02122700594737
2354,9ef28ee7-0574-4ecf-8f24-653756257d43,8,2354,True,10250,9848,160.06848575234835
2355,9ef28ee7-0574-4ecf-8f24-653756257d43,8,2355,True,10274,9872,154.10602914830815
2356,9ef28ee7-0574-4ecf-8f24-653756257d43,8,2356,True,10300,9898,192.89122858511655
2357,9ef28ee7-0574-4ecf-8f24-653756257d43,8,2357,True,10330,9928,139.0686526806894
2358,9ef28ee7-0574-4ecf-8f24-653756257d43,8,2358,True,10363,9961,179.12615849129725
2359,9ef28ee7-0574-4ecf-8f24-653756257d43,8,2359,True,10381,9979,140.11311137927441
2360,9ef28ee7-0574-4ecf-8f24-653756257d43,8,2360,True,10401,9999,161.31037868514431
2361,9ef28ee7-0574-4ecf-8f24-653756257d43,8,2361,True,10438,10036,142.55925112929071
2362,9ef28ee7-0574-4ecf-8f24-653756257d43,8,2362,True,10472,10070,169.6770368889047
2363,9ef28ee7-0574-4ecf-8f24-653756257d43,8,2363,True,10503,10101,117.79361919000621
2364,9ef28ee7-0574-4ecf-8f24-653756257d43,8,2364,True,10525,10123,171.351539984822
2365,9ef28ee7-0574-4ecf-8f24-653756257d43,8,2365,True,10555,10153,122.98429768482129
2366,9ef28ee7-0574-4ecf-8f24-653756257d43,8,2366,True,10581,10179,161.72244189455887
2367,9ef28ee7-0574-4ecf-8f24-653756257d43,8,2367,True,10614,10212,150.5201586453968
2368,9ef28ee7-0574-4ecf-8f24-653756257d43,8,2368,True,10647,10245,137.91143065651886
2369,9ef28ee7-0574-4ecf-8f24-653756257d43,8,2369,True,10682,10280,142.57446013366825
2370,9ef28ee7-0574-4ecf-8f24-653756257d43,8,2370,True,10711,10309,150.59637513883536
2371,9ef28ee7-0574-4ecf-8f24-653756257d43,8,2371,True,10737,10335,145.98112110027068
2372,9ef28ee7-0574-4ecf-8f24-653756257d43,8,2372,True,10756,10354,170.43689916964468
2373,9ef28ee7-0574-4ecf-8f24-653756257d43,8,2373,True,10791,10389,153.36605547000727
2374,9ef28ee7-0574-4ecf-8f24-653756257d43,8,2374,True,10814,10412,147.14940260918775
2375,9ef28ee7-0574-4ecf-8f24-653756257d43,8,2375,True,10839,10437,150.90373615025055
2376,9ef28ee7-0574-4ecf-8f24-653756257d43,8,2376,True,10865,10463,169.15326115185053
2377,9ef28ee7-0574-4ecf-8f24-653756257d43,8,2377,True,10886,10484,168.12368939853877
2378,9ef28ee7-0574-4ecf-8f24-653756257d43,8,2378,True,10913,10511,197.12996061813647
2379,9ef28ee7-0574-4ecf-8f24-653756257d43,8,2379,True,10944,10542,143.53315414194367
2380,9ef28ee7-0574-4ecf-8f24-653756257d43,8,2380,True,10976,10574,160.03589157193346
2381,9ef28ee7-0574-4ecf-8f24-653756257d43,8,2381,True,11009,10607,183.55144722512887
2382,9ef28ee7-0574-4ecf-8f24-653756257d43,8,2382,True,11032,10630,182.06181399039633
2383,9ef28ee7-0574-4ecf-8f24-653756257d43,8,2383,True,11062,10660,152.06181399039633
2384,9ef28ee7-0574-4ecf-8f24-653756257d43,8,2384,True,11088,10686,157.59624357953726
2385,9ef28ee7-0574-4ecf-8f24-653756257d43,8,2385,True,11123,10721,143.92614912316094
2386,9ef28ee7-0574-4ecf-8f24-653756257d43,8,2386,True,11150,10748,176.1480080662477
2387,9ef28ee7-0574-4ecf-8f24-653756257d43,8,2387,True,11173,10771,190.0163810720278
2388,9ef28ee7-0574-4ecf-8f24-653756257d43,8,2388,True,11200,10798,143.34117172906008
2389,9ef28ee7-0574-4ecf-8f24-653756257d43,8,2389,True,11229,10827,155.13079176046267
2390,9ef28ee7-0574-4ecf-8f24-653756257d43,8,2390,True,11262,10860,149.97262911008875
2391,9ef28ee7-0574-4ecf-8f24-653756257d43,8,2391,True,11293,10891,142.7522321689721
2392,9ef28ee7-0574-4ecf-8f24-653756257d43,8,2392,True,11321,10919,211.0680674473988
2393,9ef28ee7-0574-4ecf-8f24-653756257d43,8,2393,True,11348,10946,184.0680674473988
2394,9ef28ee7-0574-4ecf-8f24-653756257d43,8,2394,True,11385,10983,127.05062836088291
2395,9ef28ee7-0574-4ecf-8f24-653756257d43,8,2395,True,11425,11023,126.31838552152658
2396,9ef28ee7-0574-4ecf-8f24-653756257d43,8,2396,True,11455,11053,145.83250847755698
2397,9ef28ee7-0574-4ecf-8f24-653756257d43,8,2397,True,11476,11074,146.4474199250235
2398,9ef28ee7-0574-4ecf-8f24-653756257d43,8,2398,True,11496,11094,176.39191291215502
2399,9ef28ee7-0574-4ecf-8f24-653756257d43,8,2399,True,11523,11121,128.5787526903605
2400,9ef28ee7-0574-4ecf-8f24-653756257d43,8,2400,True,11546,11144,144.42700379089183
2401,9ef28ee7-0574-4ecf-8f24-653756257d43,8,2401,True,11572,11170,137.8399737987802
2402,9ef28ee7-0574-4ecf-8f24-653756257d43,8,2402,True,11603,11201,150.6907176250461
2403,9ef28ee7-0574-4ecf-8f24-653756257d43,8,2403,True,11631,11229,139.41913451869368
2404,9ef28ee7-0574-4ecf-8f24-653756257d43,8,2404,True,11655,11253,134.36986385947785
2405,9ef28ee7-0574-4ecf-8f24-653756257d43,8,2405,True,11677,11275,131.75028223171103
2406,9ef28ee7-0574-4ecf-8f24-653756257d43,8,2406,True,11700,11298,129.00381323978945
2407,9ef28ee7-0574-4ecf-8f24-653756257d43,8,2407,True,11732,11330,144.41927203593332
2408,9ef28ee7-0574-4ecf-8f24-653756257d43,8,2408,True,11751,11349,148.59271988986984
2409,9ef28ee7-0574-4ecf-8f24-653756257d43,8,2409,True,11777,11375,173.1030307828678
2410,9ef28ee7-0574-4ecf-8f24-653756257d43,8,2410,True,11808,11406,119.91298886970071
2411,9ef28ee7-0574-4ecf-8f24-653756257d43,8,2411,True,11831,11429,169.15066593502343
2412,9ef28ee7-0574-4ecf-8f24-653756257d43,8,2412,True,11857,11455,178.3405630783691
2413,9ef28ee7-0574-4ecf-8f24-653756257d43,8,2413,True,11899,11497,156.47020030979365
2414,9ef28ee7-0574-4ecf-8f24-653756257d43,8,2414,True,11924,11522,131.47020030979365
2415,9ef28ee7-0574-4ecf-8f24-653756257d43,8,2415,True,11955,11553,149.32642089464935
2416,9ef28ee7-0574-4ecf-8f24-653756257d43,8,2416,True,11976,11574,146.57280191750033
2417,9ef28ee7-0574-4ecf-8f24-653756257d43,8,2417,True,12009,11607,186.05768339236965
2418,9ef28ee7-0574-4ecf-8f24-653756257d43,8,2418,True,12034,11632,143.19462465523247
2419,9ef28ee7-0574-4ecf-8f24-653756257d43,8,2419,True,12066,11664,191.18550818585936
2420,9ef28ee7-0574-4ecf-8f24-653756257d43,8,2420,True,12092,11690,207.60556125218318
2421,9ef28ee7-0574-4ecf-8f24-653756257d43,8,2421,True,12118,11716,204.50019864056048
2422,9ef28ee7-0574-4ecf-8f24-653756257d43,8,2422,True,12145,11743,206.87966963283725
2423,9ef28ee7-0574-4ecf-8f24-653756257d43,8,2423,True,12181,11779,218.8991916304658
2424,9ef28ee7-0574-4ecf-8f24-653756257d43,8,2424,True,12219,11817,275.9744257292932
2425,9ef28ee7-0574-4ecf-8f24-653756257d43,8,2425,True,12252,11850,199.42596424832664
2426,9ef28ee7-0574-4ecf-8f24-653756257d43,8,2426,True,12268,11866,183.42596424832664
2427,9ef28ee7-0574-4ecf-8f24-653756257d43,8,2427,True,12296,11894,175.03820568600167
2428,9ef28ee7-0574-4ecf-8f24-653756257d43,8,2428,True,12326,11924,225.42212020998159
2429,9ef28ee7-0574-4ecf-8f24-653756257d43,8,2429,True,12367,11965,161.656028139294
2430,9ef28ee7-0574-4ecf-8f24-653756257d43,8,2430,True,12388,11986,193.87961225722938
2431,9ef28ee7-0574-4ecf-8f24-653756257d43,8,2431,True,12418,12016,192.80595938713486
2432,9ef28ee7-0574-4ecf-8f24-653756257d43,8,2432,True,12445,12043,186.48889957102256
2433,9ef28ee7-0574-4ecf-8f24-653756257d43,8,2433,True,12463,12061,196.7395749430416
2434,9ef28ee7-0574-4ecf-8f24-653756257d43,8,2434,True,12491,12089,221.20067513634422
2435,9ef28ee7-0574-4ecf-8f24-653756257d43,8,2435,True,12518,12116,164.36385400226754
2436,9ef28ee7-0574-4ecf-8f24-653756257d43,8,2436,True,12548,12146,210.63330422295076
2437,9ef28ee7-0574-4ecf-8f24-653756257d43,8,2437,True,12583,12181,148.98037734636273
2438,9ef28ee7-0574-4ecf-8f24-653756257d43,8,2438,True,12611,12209,194.87446654964333
2439,9ef28ee7-0574-4ecf-8f24-653756257d43,8,2439,True,12641,12239,187.90182954002194
2440,9ef28ee7-0574-4ecf-8f24-653756257d43,8,2440,True,12668,12266,184.6299994961264
2441,9ef28ee7-0574-4ecf-8f24-653756257d43,8,2441,True,12689,12287,163.6299994961264
2442,9ef28ee7-0574-4ecf-8f24-653756257d43,8,2442,True,12717,12315,179.2662416545645
2443,9ef28ee7-0574-4ecf-8f24-653756257d43,8,2443,True,12743,12341,199.40732052590647
2444,9ef28ee7-0574-4ecf-8f24-653756257d43,8,2444,True,12777,12375,214.84303926520442
2445,9ef28ee7-0574-4ecf-8f24-653756257d43,8,2445,True,12796,12394,220.23264307226964
2446,9ef28ee7-0574-4ecf-8f24-653756257d43,8,2446,True,12831,12429,185.23264307226964
2447,9ef28ee7-0574-4ecf-8f24-653756257d43,8,2447,True,12862,12460,176.16270201136103
2448,9ef28ee7-0574-4ecf-8f24-653756257d43,8,2448,True,12892,12490,169.11326274792373
2449,9ef28ee7-0574-4ecf-8f24-653756257d43,8,2449,True,12925,12523,157.62442884278425
2450,9ef28ee7-0574-4ecf-8f24-653756257d43,8,2450,True,12955,12553,147.13903616515745
2451,9ef28ee7-0574-4ecf-8f24-653756257d43,8,2451,True,12976,12574,177.55287155165024
2452,9ef28ee7-0574-4ecf-8f24-653756257d43,8,2452,True,13005,12603,168.12181097947905
2453,9ef28ee7-0574-4ecf-8f24-653756257d43,8,2453,True,13032,12630,195.9664626894246
2454,9ef28ee7-0574-4ecf-8f24-653756257d43,8,2454,True,13063,12661,146.53233027405258
2455,9ef28ee7-0574-4ecf-8f24-653756257d43,8,2455,True,13083,12681,168.15411251357364
2456,9ef28ee7-0574-4ecf-8f24-653756257d43,8,2456,True,13111,12709,177.48451690762158
2457,9ef28ee7-0574-4ecf-8f24-653756257d43,8,2457,True,13145,12743,165.27870983064895
2458,9ef28ee7-0574-4ecf-8f24-653756257d43,8,2458,True,13172,12770,157.1775847237168
2459,9ef28ee7-0574-4ecf-8f24-653756257d43,8,2459,True,13198,12796,152.03064630840709
2460,9ef28ee7-0574-4ecf-8f24-653756257d43,8,2460,True,13226,12824,146.44101765894266
2461,9ef28ee7-0574-4ecf-8f24-653756257d43,8,2461,True,13249,12847,163.99207257918897
2462,9ef28ee7-0574-4ecf-8f24-653756257d43,8,2462,True,13276,12874,164.1062495576407
2463,9ef28ee7-0574-4ecf-8f24-653756257d43,8,2463,True,13296,12894,163.51837968649124
2464,9ef28ee7-0574-4ecf-8f24-653756257d43,8,2464,True,13335,12933,152.25284668270433
2465,9ef28ee7-0574-4ecf-8f24-653756257d43,8,2465,True,13357,12955,152.5842213237338
2466,9ef28ee7-0574-4ecf-8f24-653756257d43,8,2466,True,13382,12980,190.15130681956543
2467,9ef28ee7-0574-4ecf-8f24-653756257d43,8,2467,True,13407,13005,144.58499319941438
2468,9ef28ee7-0574-4ecf-8f24-653756257d43,8,2468,True,13436,13034,156.7665168600888
2469,9ef28ee7-0574-4ecf-8f24-653756257d43,8,2469,True,13463,13061,147.03085997451672
2470,9ef28ee7-0574-4ecf-8f24-653756257d43,8,2470,True,13489,13087,167.17555525106218
2471,9ef28ee7-0574-4ecf-8f24-653756257d43,8,2471,True,13512,13110,124.08031221638885
2472,9ef28ee7-0574-4ecf-8f24-653756257d43,8,2472,True,13544,13142,149.93374305625184
2473,9ef28ee7-0574-4ecf-8f24-653756257d43,8,2473,True,13575,13173,136.96212143679804
2474,9ef28ee7-0574-4ecf-8f24-653756257d43,8,2474,True,13601,13199,185.26716380426114
2475,9ef28ee7-0574-4ecf-8f24-653756257d43,8,2475,True,13626,13224,181.277122677051
2476,9ef28ee7-0574-4ecf-8f24-653756257d43,8,2476,True,13649,13247,175.97409571057324
2477,9ef28ee7-0574-4ecf-8f24-653756257d43,8,2477,True,13672,13270,172.04794207419764
2478,9ef28ee7-0574-4ecf-8f24-653756257d43,8,2478,True,13697,13295,169.96219821764316
2479,9ef28ee7-0574-4ecf-8f24-653756257d43,8,2479,True,13722,13320,144.96219821764316
2480,9ef28ee7-0574-4ecf-8f24-653756257d43,8,2480,True,13743,13341,155.25060378664602
2481,9ef28ee7-0574-4ecf-8f24-653756257d43,8,2481,True,13771,13369,169.17530572367286
2482,9ef28ee7-0574-4ecf-8f24-653756257d43,8,2482,True,13808,13406,157.44717921512165
2483,9ef28ee7-0574-4ecf-8f24-653756257d43,8,2483,True,13832,13430,155.1500635805769
2484,9ef28ee7-0574-4ecf-8f24-653756257d43,8,2484,True,13856,13454,151.70939102946795
2485,9ef28ee7-0574-4ecf-8f24-653756257d43,8,2485,True,13872,13470,159.2363320703189
2486,9ef28ee7-0574-4ecf-8f24-653756257d43,8,2486,True,13900,13498,155.00062658667412
2487,9ef28ee7-0574-4ecf-8f24-653756257d43,8,2487,True,13921,13519,175.38460303633656
2488,9ef28ee7-0574-4ecf-8f24-653756257d43,8,2488,True,13947,13545,170.7291124008334
2489,9ef28ee7-0574-4ecf-8f24-653756257d43,8,2489,True,13975,13573,162.76583851173928
2490,9ef28ee7-0574-4ecf-8f24-653756257d43,8,2490,True,14001,13599,136.76583851173928
2491,9ef28ee7-0574-4ecf-8f24-653756257d43,8,2491,True,14031,13629,139.0372301834559
2492,9ef28ee7-0574-4ecf-8f24-653756257d43,8,2492,True,14058,13656,131.4674180649963
2493,9ef28ee7-0574-4ecf-8f24-653756257d43,8,2493,True,14091,13689,163.8837988375053
2494,9ef28ee7-0574-4ecf-8f24-653756257d43,8,2494,True,14119,13717,158.23694070107376
2495,9ef28ee7-0574-4ecf-8f24-653756257d43,8,2495,True,14148,13746,146.03798739420745
2496,9ef28ee7-0574-4ecf-8f24-653756257d43,8,2496,True,14164,13762,130.03798739420745
2497,9ef28ee7-0574-4ecf-8f24-653756257d43,8,2497,True,14186,13784,142.67347270850405
2498,9ef28ee7-0574-4ecf-8f24-653756257d43,8,2498,True,14218,13816,137.72112826465855
2499,9ef28ee7-0574-4ecf-8f24-653756257d43,8,2499,True,14239,13837,144.95192198077348
2500,9ef28ee7-0574-4ecf-8f24-653756257d43,8,2500,True,14260,13858,144.27602958242278
2501,9ef28ee7-0574-4ecf-8f24-653756257d43,8,2501,True,14284,13882,155.6957855284836
2502,9ef28ee7-0574-4ecf-8f24-653756257d43,8,2502,True,14308,13906,153.8903595826905
2503,9ef28ee7-0574-4ecf-8f24-653756257d43,8,2503,True,14325,13923,154.61679016709604
2504,9ef28ee7-0574-4ecf-8f24-653756257d43,8,2504,True,14353,13951,171.25481185283752
2505,9ef28ee7-0574-4ecf-8f24-653756257d43,8,2505,True,14382,13980,180.83898787897124
2506,9ef28ee7-0574-4ecf-8f24-653756257d43,8,2506,True,14404,14002,181.17659265804286
2507,9ef28ee7-0574-4ecf-8f24-653756257d43,8,2507,True,14433,14031,169.4932860075678
2508,9ef28ee7-0574-4ecf-8f24-653756257d43,8,2508,True,14466,14064,167.77222629717653
2509,9ef28ee7-0574-4ecf-8f24-653756257d43,8,2509,True,14487,14085,173.0783409523683
2510,9ef28ee7-0574-4ecf-8f24-653756257d43,8,2510,True,14518,14116,165.45903966690094
2511,9ef28ee7-0574-4ecf-8f24-653756257d43,8,2511,True,14549,14147,158.761740113021
2512,9ef28ee7-0574-4ecf-8f24-653756257d43,8,2512,True,14572,14170,135.761740113021
2513,9ef28ee7-0574-4ecf-8f24-653756257d43,8,2513,True,14603,14201,137.53940509831227
2514,9ef28ee7-0574-4ecf-8f24-653756257d43,8,2514,True,14640,14238,181.73054542459795
2515,9ef28ee7-0574-4ecf-8f24-653756257d43,8,2515,True,14664,14262,215.47779775559502
2516,9ef28ee7-0574-4ecf-8f24-653756257d43,8,2516,True,14690,14288,213.70073719331413
2517,9ef28ee7-0574-4ecf-8f24-653756257d43,8,2517,True,14718,14316,261.19455001976166
2518,9ef28ee7-0574-4ecf-8f24-653756257d43,8,2518,True,14744,14342,210.23728087816562
2519,9ef28ee7-0574-4ecf-8f24-653756257d43,8,2519,True,14776,14374,203.19455001976166
2520,9ef28ee7-0574-4ecf-8f24-653756257d43,8,2520,True,14797,14395,227.9823141346733
2521,9ef28ee7-0574-4ecf-8f24-653756257d43,8,2521,True,14823,14421,223.97259278687852
2522,9ef28ee7-0574-4ecf-8f24-653756257d43,8,2522,True,14856,14454,211.8699239853231
2523,9ef28ee7-0574-4ecf-8f24-653756257d43,8,2523,True,14878,14476,229.26170919549259
2524,9ef28ee7-0574-4ecf-8f24-653756257d43,8,2524,True,14898,14496,232.15132901682045
2525,9ef28ee7-0574-4ecf-8f24-653756257d43,8,2525,True,14930,14528,223.82014181212799
2526,9ef28ee7-0574-4ecf-8f24-653756257d43,8,2526,True,14959,14557,212.23330814008295
2527,9ef28ee7-0574-4ecf-8f24-653756257d43,8,2527,True,14988,14586,207.34759761264831
2528,9ef28ee7-0574-4ecf-8f24-653756257d43,8,2528,True,15014,14612,203.68654070921548
2529,9ef28ee7-0574-4ecf-8f24-653756257d43,8,2529,True,15044,14642,173.68654070921548
2530,9ef28ee7-0574-4ecf-8f24-653756257d43,8,2530,True,15081,14679,222.52369702983924
2531,9ef28ee7-0574-4ecf-8f24-653756257d43,8,2531,True,15109,14707,174.0163760121868
2532,9ef28ee7-0574-4ecf-8f24-653756257d43,8,2532,True,15141,14739,181.25053616319747
2533,9ef28ee7-0574-4ecf-8f24-653756257d43,8,2533,True,15163,14761,206.3709280060575
2534,9ef28ee7-0574-4ecf-8f24-653756257d43,8,2534,True,15194,14792,192.02411559892607
2535,9ef28ee7-0574-4ecf-8f24-653756257d43,8,2535,True,15221,14819,186.40290472849483
2536,9ef28ee7-0574-4ecf-8f24-653756257d43,8,2536,True,15246,14844,161.40290472849483
2537,9ef28ee7-0574-4ecf-8f24-653756257d43,8,2537,True,15272,14870,179.4641898727641
2538,9ef28ee7-0574-4ecf-8f24-653756257d43,8,2538,True,15302,14900,165.89880575878487
2539,9ef28ee7-0574-4ecf-8f24-653756257d43,8,2539,True,15336,14934,192.96173870116763
2540,9ef28ee7-0574-4ecf-8f24-653756257d43,8,2540,True,15370,14968,200.33680785060642
2541,9ef28ee7-0574-4ecf-8f24-653756257d43,8,2541,True,15395,14993,152.90128354958688
2542,9ef28ee7-0574-4ecf-8f24-653756257d43,8,2542,True,15420,15018,174.07270715346385
2543,9ef28ee7-0574-4ecf-8f24-653756257d43,8,2543,True,15438,15036,156.07270715346385
2544,9ef28ee7-0574-4ecf-8f24-653756257d43,8,2544,True,15467,15065,194.4998639892965
2545,9ef28ee7-0574-4ecf-8f24-653756257d43,8,2545,True,15491,15089,149.6859184556306
2546,9ef28ee7-0574-4ecf-8f24-653756257d43,8,2546,True,15525,15123,160.90175786470536
2547,9ef28ee7-0574-4ecf-8f24-653756257d43,8,2547,True,15558,15156,166.0393579491447
2548,9ef28ee7-0574-4ecf-8f24-653756257d43,8,2548,True,15590,15188,158.28313474911374
2549,9ef28ee7-0574-4ecf-8f24-653756257d43,8,2549,True,15613,15211,167.44558620825046
2550,9ef28ee7-0574-4ecf-8f24-653756257d43,8,2550,True,15648,15246,173.22884265454923
2551,9ef28ee7-0574-4ecf-8f24-653756257d43,8,2551,True,15669,15267,133.3229041888444
2552,9ef28ee7-0574-4ecf-8f24-653756257d43,8,2552,True,15709,15307,153.8665548638528
2553,9ef28ee7-0574-4ecf-8f24-653756257d43,8,2553,True,15734,15332,153.8151020677251
2554,9ef28ee7-0574-4ecf-8f24-653756257d43,8,2554,True,15765,15363,148.27487483917685
2555,9ef28ee7-0574-4ecf-8f24-653756257d43,8,2555,True,15798,15396,141.63652482167163
2556,9ef28ee7-0574-4ecf-8f24-653756257d43,8,2556,True,15825,15423,152.3082354400267
2557,9ef28ee7-0574-4ecf-8f24-653756257d43,8,2557,True,15851,15449,147.76129899143234
2558,9ef28ee7-0574-4ecf-8f24-653756257d43,8,2558,True,15877,15475,169.01675628077282
2559,9ef28ee7-0574-4ecf-8f24-653756257d43,8,2559,True,15905,15503,123.71126589259802
2560,9ef28ee7-0574-4ecf-8f24-653756257d43,8,2560,True,15931,15529,162.4868027669254
2561,9ef28ee7-0574-4ecf-8f24-653756257d43,8,2561,True,15961,15559,156.78858450506777
2562,9ef28ee7-0574-4ecf-8f24-653756257d43,8,2562,True,15992,15590,143.10415828322402
2563,9ef28ee7-0574-4ecf-8f24-653756257d43,8,2563,True,16022,15620,145.07534353025403
2564,9ef28ee7-0574-4ecf-8f24-653756257d43,8,2564,True,16052,15650,137.335013986356
2565,9ef28ee7-0574-4ecf-8f24-653756257d43,8,2565,True,16080,15678,140.29775106749548
2566,9ef28ee7-0574-4ecf-8f24-653756257d43,8,2566,True,16099,15697,140.3510064715374
2567,9ef28ee7-0574-4ecf-8f24-653756257d43,8,2567,True,16139,15737,142.17086188734356
2568,9ef28ee7-0574-4ecf-8f24-653756257d43,8,2568,True,16166,15764,143.4869213441798
2569,9ef28ee7-0574-4ecf-8f24-653756257d43,8,2569,True,16194,15792,141.83055079941005
2570,9ef28ee7-0574-4ecf-8f24-653756257d43,8,2570,True,16217,15815,151.82002308976553
2571,9ef28ee7-0574-4ecf-8f24-653756257d43,8,2571,True,16239,15837,144.33453981910316
2572,9ef28ee7-0574-4ecf-8f24-653756257d43,8,2572,True,16266,15864,155.54767434075438
2573,9ef28ee7-0574-4ecf-8f24-653756257d43,8,2573,True,16290,15888,163.69220231821237
2574,9ef28ee7-0574-4ecf-8f24-653756257d43,8,2574,True,16320,15918,150.67068636450495
2575,9ef28ee7-0574-4ecf-8f24-653756257d43,8,2575,True,16346,15944,179.12842102349896
2576,9ef28ee7-0574-4ecf-8f24-653756257d43,8,2576,True,16375,15973,131.97360860385197
2577,9ef28ee7-0574-4ecf-8f24-653756257d43,8,2577,True,16403,16001,170.37898923796638
2578,9ef28ee7-0574-4ecf-8f24-653756257d43,8,2578,True,16442,16040,164.1097082489905
2579,9ef28ee7-0574-4ecf-8f24-653756257d43,8,2579,True,16460,16058,190.75945749166203
2580,9ef28ee7-0574-4ecf-8f24-653756257d43,8,2580,True,16483,16081,145.75159604897453
2581,9ef28ee7-0574-4ecf-8f24-653756257d43,8,2581,True,16510,16108,188.41189348924672
2582,9ef28ee7-0574-4ecf-8f24-653756257d43,8,2582,True,16535,16133,185.35415897661915
2583,9ef28ee7-0574-4ecf-8f24-653756257d43,8,2583,True,16563,16161,173.3000364556283
2584,9ef28ee7-0574-4ecf-8f24-653756257d43,8,2584,True,16593,16191,196.62228538747513
2585,9ef28ee7-0574-4ecf-8f24-653756257d43,8,2585,True,16616,16214,152.1570315146837
2586,9ef28ee7-0574-4ecf-8f24-653756257d43,8,2586,True,16645,16243,144.62228538747513
2587,9ef28ee7-0574-4ecf-8f24-653756257d43,8,2587,True,16672,16270,135.215096333759
2588,9ef28ee7-0574-4ecf-8f24-653756257d43,8,2588,True,16701,16299,153.61506408441346
2589,9ef28ee7-0574-4ecf-8f24-653756257d43,8,2589,True,16725,16323,147.1812858742669
2590,9ef28ee7-0574-4ecf-8f24-653756257d43,8,2590,True,16744,16342,173.38684779515097
2591,9ef28ee7-0574-4ecf-8f24-653756257d43,8,2591,True,16776,16374,161.70152233662157
2592,9ef28ee7-0574-4ecf-8f24-653756257d43,8,2592,True,16804,16402,170.93979967646737
2593,9ef28ee7-0574-4ecf-8f24-653756257d43,8,2593,True,16831,16429,163.79740017907534
2594,9ef28ee7-0574-4ecf-8f24-653756257d43,8,2594,True,16854,16452,163.71482954771636
2595,9ef28ee7-0574-4ecf-8f24-653756257d43,8,2595,True,16879,16477,157.06707785682374
2596,9ef28ee7-0574-4ecf-8f24-653756257d43,8,2596,True,16907,16505,169.89538702148639
2597,9ef28ee7-0574-4ecf-8f24-653756257d43,8,2597,True,16923,16521,136.05011551045027
2598,9ef28ee7-0574-4ecf-8f24-653756257d43,8,2598,True,16957,16555,169.2236962595598
2599,9ef28ee7-0574-4ecf-8f24-653756257d43,8,2599,True,16980,16578,125.34883206116865
2600,9ef28ee7-0574-4ecf-8f24-653756257d43,8,2600,True,17006,16604,177.89313619270615
2601,9ef28ee7-0574-4ecf-8f24-653756257d43,8,2601,True,17038,16636,121.90886020255857
2602,9ef28ee7-0574-4ecf-8f24-653756257d43,8,2602,True,17055,16653,148.99589585345166
2603,9ef28ee7-0574-4ecf-8f24-653756257d43,8,2603,True,17082,16680,144.09599669270392
2604,9ef28ee7-0574-4ecf-8f24-653756257d43,8,2604,True,17121,16719,142.02528843313848
2605,9ef28ee7-0574-4ecf-8f24-653756257d43,8,2605,True,17145,16743,139.9766093513026
2606,9ef28ee7-0574-4ecf-8f24-653756257d43,8,2606,True,17180,16778,126.10804734630801
2607,9ef28ee7-0574-4ecf-8f24-653756257d43,8,2607,True,17212,16810,118.0576685660053
2608,9ef28ee7-0574-4ecf-8f24-653756257d43,8,2608,True,17241,16839,124.21474203382604
2609,9ef28ee7-0574-4ecf-8f24-653756257d43,8,2609,True,17262,16860,178.7073993548147
2610,9ef28ee7-0574-4ecf-8f24-653756257d43,8,2610,True,17286,16884,130.49324066505505
2611,9ef28ee7-0574-4ecf-8f24-653756257d43,8,2611,True,17317,16915,149.66975064109283
2612,9ef28ee7-0574-4ecf-8f24-653756257d43,8,2612,True,17346,16944,194.7436332877187
2613,9ef28ee7-0574-4ecf-8f24-653756257d43,8,2613,True,17363,16961,155.62600390324224
2614,9ef28ee7-0574-4ecf-8f24-653756257d43,8,2614,True,17390,16988,150.7436332877187
2615,9ef28ee7-0574-4ecf-8f24-653756257d43,8,2615,True,17426,17024,133.21123283320412
2616,9ef28ee7-0574-4ecf-8f24-653756257d43,8,2616,True,17456,17054,148.8169861377828
2617,9ef28ee7-0574-4ecf-8f24-653756257d43,8,2617,True,17471,17069,157.5732152311648
2618,9ef28ee7-0574-4ecf-8f24-653756257d43,8,2618,True,17495,17093,153.27162867728111
2619,9ef28ee7-0574-4ecf-8f24-653756257d43,8,2619,True,17534,17132,142.705768166059
2620,9ef28ee7-0574-4ecf-8f24-653756257d43,8,2620,True,17567,17165,162.92151919303433
2621,9ef28ee7-0574-4ecf-8f24-653756257d43,8,2621,True,17595,17193,156.46332122729655
2622,9ef28ee7-0574-4ecf-8f24-653756257d43,8,2622,True,17633,17231,176.02107667289602
2623,9ef28ee7-0574-4ecf-8f24-653756257d43,8,2623,True,17663,17261,119.47338237680015
2624,9ef28ee7-0574-4ecf-8f24-653756257d43,8,2624,True,17691,17289,192.08734351984094
2625,9ef28ee7-0574-4ecf-8f24-653756257d43,8,2625,True,17719,17317,145.33723550065406
2626,9ef28ee7-0574-4ecf-8f24-653756257d43,8,2626,True,17748,17346,165.70994855543177
2627,9ef28ee7-0574-4ecf-8f24-653756257d43,8,2627,True,17778,17376,157.27104625290303
2628,9ef28ee7-0574-4ecf-8f24-653756257d43,8,2628,True,17800,17398,155.22357448885668
2629,9ef28ee7-0574-4ecf-8f24-653756257d43,8,2629,True,17840,17438,139.51396208379447
2630,9ef28ee7-0574-4ecf-8f24-653756257d43,8,2630,True,17867,17465,132.54758398940976
2631,9ef28ee7-0574-4ecf-8f24-653756257d43,8,2631,True,17896,17494,149.48837108947555
2632,9ef28ee7-0574-4ecf-8f24-653756257d43,8,2632,True,17922,17520,195.3759129400496
2633,9ef28ee7-0574-4ecf-8f24-653756257d43,8,2633,True,17964,17562,130.591985563864
2634,9ef28ee7-0574-4ecf-8f24-653756257d43,8,2634,True,17990,17588,153.86388389555577
2635,9ef28ee7-0574-4ecf-8f24-653756257d43,8,2635,True,18013,17611,164.65221453074992
2636,9ef28ee7-0574-4ecf-8f24-653756257d43,8,2636,True,18036,17634,166.47000025459784
2637,9ef28ee7-0574-4ecf-8f24-653756257d43,8,2637,True,18063,17661,175.1023641553511
2638,9ef28ee7-0574-4ecf-8f24-653756257d43,8,2638,True,18082,17680,172.52289057065718
2639,9ef28ee7-0574-4ecf-8f24-653756257d43,8,2639,True,18116,17714,163.24071560734228
2640,9ef28ee7-0574-4ecf-8f24-653756257d43,8,2640,True,18144,17742,155.94740376994378
2641,9ef28ee7-0574-4ecf-8f24-653756257d43,8,2641,True,18178,17776,186.9469465109687
2642,9ef28ee7-0574-4ecf-8f24-653756257d43,8,2642,True,18201,17799,182.83818404312842
2643,9ef28ee7-0574-4ecf-8f24-653756257d43,8,2643,True,18234,17832,185.16160702229536
2644,9ef28ee7-0574-4ecf-8f24-653756257d43,8,2644,True,18260,17858,182.23459586367608
2645,9ef28ee7-0574-4ecf-8f24-653756257d43,8,2645,True,18289,17887,174.3416290330133
2646,9ef28ee7-0574-4ecf-8f24-653756257d43,8,2646,True,18326,17924,160.9680362229701
2647,9ef28ee7-0574-4ecf-8f24-653756257d43,8,2647,True,18344,17942,204.33677829536464
2648,9ef28ee7-0574-4ecf-8f24-653756257d43,8,2648,True,18374,17972,194.40011805339236
2649,9ef28ee7-0574-4ecf-8f24-653756257d43,8,2649,True,18401,17999,259.34498139951756
2650,9ef28ee7-0574-4ecf-8f24-653756257d43,8,2650,True,18423,18021,262.19853321499613
2651,9ef28ee7-0574-4ecf-8f24-653756257d43,8,2651,True,18466,18064,255.8920191910438
2652,9ef28ee7-0574-4ecf-8f24-653756257d43,8,2652,True,18494,18092,247.8517638191006
2653,9ef28ee7-0574-4ecf-8f24-653756257d43,8,2653,True,18523,18121,289.47694638264875
2654,9ef28ee7-0574-4ecf-8f24-653756257d43,8,2654,True,18544,18142,296.7454707873294
2655,9ef28ee7-0574-4ecf-8f24-653756257d43,8,2655,True,18569,18167,271.7454707873294
2656,9ef28ee7-0574-4ecf-8f24-653756257d43,8,2656,True,18598,18196,242.7454707873294
2657,9ef28ee7-0574-4ecf-8f24-653756257d43,8,2657,True,18630,18228,259.9782530696939
2658,9ef28ee7-0574-4ecf-8f24-653756257d43,8,2658,True,18656,18254,210.22839614955592
2659,9ef28ee7-0574-4ecf-8f24-653756257d43,8,2659,True,18679,18277,210.9782530696939
2660,9ef28ee7-0574-4ecf-8f24-653756257d43,8,2660,True,18701,18299,218.49707794710412
2661,9ef28ee7-0574-4ecf-8f24-653756257d43,8,2661,True,18722,18320,234.62446681866277
2662,9ef28ee7-0574-4ecf-8f24-653756257d43,8,2662,True,18753,18351,222.20646642173597
2663,9ef28ee7-0574-4ecf-8f24-653756257d43,8,2663,True,18779,18377,268.71999035216504
2664,9ef28ee7-0574-4ecf-8f24-653756257d43,8,2664,True,18808,18406,216.7600172524326
2665,9ef28ee7-0574-4ecf-8f24-653756257d43,8,2665,True,18827,18425,248.67475686317994
2666,9ef28ee7-0574-4ecf-8f24-653756257d43,8,2666,True,18864,18462,230.40331354526643
2667,9ef28ee7-0574-4ecf-8f24-653756257d43,8,2667,True,18890,18488,185.67475686317994
2668,9ef28ee7-0574-4ecf-8f24-653756257d43,8,2668,True,18922,18520,214.53811809371473
2669,9ef28ee7-0574-4ecf-8f24-653756257d43,8,2669,True,18952,18550,167.13054939830909
2670,9ef28ee7-0574-4ecf-8f24-653756257d43,8,2670,True,18979,18577,225.956256417845
2671,9ef28ee7-0574-4ecf-8f24-653756257d43,8,2671,True,19001,18599,170.93481590805823
2672,9ef28ee7-0574-4ecf-8f24-653756257d43,8,2672,True,19028,18626,222.50557016468883
2673,9ef28ee7-0574-4ecf-8f24-653756257d43,8,2673,True,19054,18652,172.6042383096792
2674,9ef28ee7-0574-4ecf-8f24-653756257d43,8,2674,True,19086,18684,209.07593856129824
2675,9ef28ee7-0574-4ecf-8f24-653756257d43,8,2675,True,19106,18704,170.7467666705088
2676,9ef28ee7-0574-4ecf-8f24-653756257d43,8,2676,True,19143,18741,173.5938227136321
2677,9ef28ee7-0574-4ecf-8f24-653756257d43,8,2677,True,19171,18769,145.5938227136321
2678,9ef28ee7-0574-4ecf-8f24-653756257d43,8,2678,True,19197,18795,184.7034879115272
2679,9ef28ee7-0574-4ecf-8f24-653756257d43,8,2679,True,19225,18823,181.7522068875187
2680,9ef28ee7-0574-4ecf-8f24-653756257d43,8,2680,True,19246,18844,183.244964446807
2681,9ef28ee7-0574-4ecf-8f24-653756257d43,8,2681,True,19284,18882,165.3250794471096
2682,9ef28ee7-0574-4ecf-8f24-653756257d43,8,2682,True,19308,18906,191.19152765420222
2683,9ef28ee7-0574-4ecf-8f24-653756257d43,8,2683,True,19328,18926,149.7468917073311
2684,9ef28ee7-0574-4ecf-8f24-653756257d43,8,2684,True,19351,18949,163.8330876296386
2685,9ef28ee7-0574-4ecf-8f24-653756257d43,8,2685,True,19379,18977,170.23451683960593
2686,9ef28ee7-0574-4ecf-8f24-653756257d43,8,2686,True,19399,18997,173.54295292732422
2687,9ef28ee7-0574-4ecf-8f24-653756257d43,8,2687,True,19426,19024,173.6230276671522
2688,9ef28ee7-0574-4ecf-8f24-653756257d43,8,2688,True,19459,19057,159.4318878963786
2689,9ef28ee7-0574-4ecf-8f24-653756257d43,8,2689,True,19492,19090,169.79557842920258
2690,9ef28ee7-0574-4ecf-8f24-653756257d43,8,2690,True,19521,19119,160.93561252093423
2691,9ef28ee7-0574-4ecf-8f24-653756257d43,8,2691,True,19547,19145,163.20701703821396
2692,9ef28ee7-0574-4ecf-8f24-653756257d43,8,2692,True,19577,19175,156.7878846191852
2693,9ef28ee7-0574-4ecf-8f24-653756257d43,8,2693,True,19607,19205,168.7231823015427
2694,9ef28ee7-0574-4ecf-8f24-653756257d43,8,2694,True,19643,19241,171.84056916978807
2695,9ef28ee7-0574-4ecf-8f24-653756257d43,8,2695,True,19662,19260,191.76550607349054
2696,9ef28ee7-0574-4ecf-8f24-653756257d43,8,2696,True,19694,19292,139.10715461037398
2697,9ef28ee7-0574-4ecf-8f24-653756257d43,8,2697,True,19722,19320,193.5349107699185
2698,9ef28ee7-0574-4ecf-8f24-653756257d43,8,2698,True,19746,19344,139.41967037315044
2699,9ef28ee7-0574-4ecf-8f24-653756257d43,8,2699,True,19771,19369,144.5349107699185
2700,9ef28ee7-0574-4ecf-8f24-653756257d43,8,2700,True,19794,19392,147.9142603377295
2701,9ef28ee7-0574-4ecf-8f24-653756257d43,8,2701,True,19818,19416,146.43165366241374
2702,9ef28ee7-0574-4ecf-8f24-653756257d43,8,2702,True,19839,19437,154.16105603220058
2703,9ef28ee7-0574-4ecf-8f24-653756257d43,8,2703,True,19868,19466,147.09320355052841
2704,9ef28ee7-0574-4ecf-8f24-653756257d43,8,2704,True,19893,19491,162.9759500097898
2705,9ef28ee7-0574-4ecf-8f24-653756257d43,8,2705,True,19918,19516,158.30124193753727
2706,9ef28ee7-0574-4ecf-8f24-653756257d43,8,2706,True,19939,19537,194.1601880358212
2707,9ef28ee7-0574-4ecf-8f24-653756257d43,8,2707,True,19964,19562,142.13916567740307
2708,9ef28ee7-0574-4ecf-8f24-653756257d43,8,2708,True,19987,19585,248.93993787205545
2709,9ef28ee7-0574-4ecf-8f24-653756257d43,8,2709,True,20008,19606,187.5083305224216
2710,9ef28ee7-0574-4ecf-8f24-653756257d43,8,2710,True,20038,19636,178.8489480884018
2711,9ef28ee7-0574-4ecf-8f24-653756257d43,8,2711,True,20067,19665,192.04021997917516
2712,9ef28ee7-0574-4ecf-8f24-653756257d43,8,2712,True,20097,19695,185.18354009520772
2713,9ef28ee7-0574-4ecf-8f24-653756257d43,8,2713,True,20131,19729,189.04573314424124
2714,9ef28ee7-0574-4ecf-8f24-653756257d43,8,2714,True,20162,19760,180.78140777676163
2715,9ef28ee7-0574-4ecf-8f24-653756257d43,8,2715,True,20188,19786,154.78140777676163
2716,9ef28ee7-0574-4ecf-8f24-653756257d43,8,2716,True,20216,19814,172.81181934825509
2717,9ef28ee7-0574-4ecf-8f24-653756257d43,8,2717,True,20249,19847,186.4450823479565
2718,9ef28ee7-0574-4ecf-8f24-653756257d43,8,2718,True,20280,19878,175.2240152217637
2719,9ef28ee7-0574-4ecf-8f24-653756257d43,8,2719,True,20309,19907,174.95477961720098
2720,9ef28ee7-0574-4ecf-8f24-653756257d43,8,2720,True,20339,19937,173.30534866402377
2721,9ef28ee7-0574-4ecf-8f24-653756257d43,8,2721,True,20372,19970,168.13621618198158
2722,9ef28ee7-0574-4ecf-8f24-653756257d43,8,2722,True,20401,19999,186.60697829285346
2723,9ef28ee7-0574-4ecf-8f24-653756257d43,8,2723,True,20427,20025,180.55178632068782
2724,9ef28ee7-0574-4ecf-8f24-653756257d43,8,2724,True,20454,20052,194.62200141175344
2725,9ef28ee7-0574-4ecf-8f24-653756257d43,8,2725,True,20491,20089,182.80685969299884
2726,9ef28ee7-0574-4ecf-8f24-653756257d43,8,2726,True,20521,20119,152.80685969299884
2727,9ef28ee7-0574-4ecf-8f24-653756257d43,8,2727,True,20541,20139,155.1992326395739
2728,9ef28ee7-0574-4ecf-8f24-653756257d43,8,2728,True,20572,20170,143.34558710529745
2729,9ef28ee7-0574-4ecf-8f24-653756257d43,8,2729,True,20606,20204,158.2886777821186
2730,9ef28ee7-0574-4ecf-8f24-653756257d43,8,2730,True,20625,20223,164.23550819055163
2731,9ef28ee7-0574-4ecf-8f24-653756257d43,8,2731,True,20648,20246,162.04820377893702
2732,9ef28ee7-0574-4ecf-8f24-653756257d43,8,2732,True,20680,20278,180.6793121863302
2733,9ef28ee7-0574-4ecf-8f24-653756257d43,8,2733,True,20714,20312,167.04865352440902
2734,9ef28ee7-0574-4ecf-8f24-653756257d43,8,2734,True,20743,20341,160.42659354274292
2735,9ef28ee7-0574-4ecf-8f24-653756257d43,8,2735,True,20768,20366,157.46327035816284
2736,9ef28ee7-0574-4ecf-8f24-653756257d43,8,2736,True,20795,20393,152.1291075916779
2737,9ef28ee7-0574-4ecf-8f24-653756257d43,8,2737,True,20833,20431,148.801747813799
2738,9ef28ee7-0574-4ecf-8f24-653756257d43,8,2738,True,20855,20453,149.31098113468033
2739,9ef28ee7-0574-4ecf-8f24-653756257d43,8,2739,True,20894,20492,155.15888049059868
2740,9ef28ee7-0574-4ecf-8f24-653756257d43,8,2740,True,20916,20514,158.69993501504723
2741,9ef28ee7-0574-4ecf-8f24-653756257d43,8,2741,True,20945,20543,146.8658246649611
2742,9ef28ee7-0574-4ecf-8f24-653756257d43,8,2742,True,20976,20574,136.30577121724127
2743,9ef28ee7-0574-4ecf-8f24-653756257d43,8,2743,True,21000,20598,146.10130374758955
2744,9ef28ee7-0574-4ecf-8f24-653756257d43,8,2744,True,21025,20623,142.5740509466159
2745,9ef28ee7-0574-4ecf-8f24-653756257d43,8,2745,True,21059,20657,146.2137379808919
2746,9ef28ee7-0574-4ecf-8f24-653756257d43,8,2746,True,21083,20681,146.36455089969968
2747,9ef28ee7-0574-4ecf-8f24-653756257d43,8,2747,True,21105,20703,163.98245469271205
2748,9ef28ee7-0574-4ecf-8f24-653756257d43,8,2748,True,21140,20738,154.41535638527057
2749,9ef28ee7-0574-4ecf-8f24-653756257d43,8,2749,True,21170,20768,141.01537896388254
2750,9ef28ee7-0574-4ecf-8f24-653756257d43,8,2750,True,21197,20795,166.17311820511168
2751,9ef28ee7-0574-4ecf-8f24-653756257d43,8,2751,True,21229,20827,156.46996537926316
2752,9ef28ee7-0574-4ecf-8f24-653756257d43,8,2752,True,21254,20852,153.73299919282
2753,9ef28ee7-0574-4ecf-8f24-653756257d43,8,2753,True,21282,20880,147.62812489487624
2754,9ef28ee7-0574-4ecf-8f24-653756257d43,8,2754,True,21313,20911,135.9779497902091
2755,9ef28ee7-0574-4ecf-8f24-653756257d43,8,2755,True,21351,20949,187.57974035031293
2756,9ef28ee7-0574-4ecf-8f24-653756257d43,8,2756,True,21385,20983,133.63710038291902
2757,9ef28ee7-0574-4ecf-8f24-653756257d43,8,2757,True,21418,21016,140.57641617852278
2758,9ef28ee7-0574-4ecf-8f24-653756257d43,8,2758,True,21444,21042,132.44746507741365
2759,9ef28ee7-0574-4ecf-8f24-653756257d43,8,2759,True,21471,21069,154.90230975859959
2760,9ef28ee7-0574-4ecf-8f24-653756257d43,8,2760,True,21512,21110,137.15471767078634
2761,9ef28ee7-0574-4ecf-8f24-653756257d43,8,2761,True,21532,21130,136.29354792954473
2762,9ef28ee7-0574-4ecf-8f24-653756257d43,8,2762,True,21549,21147,139.0930615176403
2763,9ef28ee7-0574-4ecf-8f24-653756257d43,8,2763,True,21572,21170,134.1452318465963
2764,9ef28ee7-0574-4ecf-8f24-653756257d43,8,2764,True,21599,21197,160.57961742301268
2765,9ef28ee7-0574-4ecf-8f24-653756257d43,8,2765,True,21631,21229,146.78901130917438
2766,9ef28ee7-0574-4ecf-8f24-653756257d43,8,2766,True,21656,21254,145.40709572525884
2767,9ef28ee7-0574-4ecf-8f24-653756257d43,8,2767,True,21688,21286,164.2022382517098
2768,9ef28ee7-0574-4ecf-8f24-653756257d43,8,2768,True,21715,21313,158.4648210679261
2769,9ef28ee7-0574-4ecf-8f24-653756257d43,8,2769,True,21749,21347,143.12214425995626
2770,9ef28ee7-0574-4ecf-8f24-653756257d43,8,2770,True,21776,21374,136.665823547959
2771,9ef28ee7-0574-4ecf-8f24-653756257d43,8,2771,True,21799,21397,140.2698338266673
2772,9ef28ee7-0574-4ecf-8f24-653756257d43,8,2772,True,21821,21419,150.8416159950866
2773,9ef28ee7-0574-4ecf-8f24-653756257d43,8,2773,True,21852,21450,135.96598065742
2774,9ef28ee7-0574-4ecf-8f24-653756257d43,8,2774,True,21890,21488,179.66630369902487
2775,9ef28ee7-0574-4ecf-8f24-653756257d43,8,2775,True,21918,21516,134.29915240427363
2776,9ef28ee7-0574-4ecf-8f24-653756257d43,8,2776,True,21954,21552,149.2099280715338
2777,9ef28ee7-0574-4ecf-8f24-653756257d43,8,2777,True,21980,21578,177.78031710269715
2778,9ef28ee7-0574-4ecf-8f24-653756257d43,8,2778,True,22016,21614,164.37461635999716
2779,9ef28ee7-0574-4ecf-8f24-653756257d43,8,2779,True,22036,21634,164.24779931767262
2780,9ef28ee7-0574-4ecf-8f24-653756257d43,8,2780,True,22072,21670,193.61026982054318
2781,9ef28ee7-0574-4ecf-8f24-653756257d43,8,2781,True,22098,21696,133.8213362372153
2782,9ef28ee7-0574-4ecf-8f24-653756257d43,8,2782,True,22127,21725,161.78173851266183
2783,9ef28ee7-0574-4ecf-8f24-653756257d43,8,2783,True,22163,21761,188.9791482998662
2784,9ef28ee7-0574-4ecf-8f24-653756257d43,8,2784,True,22193,21791,187.28673891070503
2785,9ef28ee7-0574-4ecf-8f24-653756257d43,8,2785,True,22229,21827,225.71043961317628
2786,9ef28ee7-0574-4ecf-8f24-653756257d43,8,2786,True,22270,21868,164.0142607943817
2787,9ef28ee7-0574-4ecf-8f24-653756257d43,8,2787,True,22298,21896,215.7326706503809
2788,9ef28ee7-0574-4ecf-8f24-653756257d43,8,2788,True,22324,21922,163.24688709005932
2789,9ef28ee7-0574-4ecf-8f24-653756257d43,8,2789,True,22352,21950,182.10120188135625
2790,9ef28ee7-0574-4ecf-8f24-653756257d43,8,2790,True,22382,21980,177.0372876364272
2791,9ef28ee7-0574-4ecf-8f24-653756257d43,8,2791,True,22416,22014,163.94853200891157
2792,9ef28ee7-0574-4ecf-8f24-653756257d43,8,2792,True,22438,22036,196.47207158726815
2793,9ef28ee7-0574-4ecf-8f24-653756257d43,8,2793,True,22470,22068,183.79331658521187
2794,9ef28ee7-0574-4ecf-8f24-653756257d43,8,2794,True,22502,22100,173.16311285168922
2795,9ef28ee7-0574-4ecf-8f24-653756257d43,8,2795,True,22527,22125,219.88845082493572
2796,9ef28ee7-0574-4ecf-8f24-653756257d43,8,2796,True,22550,22148,277.65875658181903
2797,9ef28ee7-0574-4ecf-8f24-653756257d43,8,2797,True,22571,22169,230.40794816492053
2798,9ef28ee7-0574-4ecf-8f24-653756257d43,8,2798,True,22598,22196,229.65875658181903
2799,9ef28ee7-0574-4ecf-8f24-653756257d43,8,2799,True,22635,22233,272.8352913578856
2800,9ef28ee7-0574-4ecf-8f24-653756257d43,8,2800,True,22663,22261,222.7891443851331
2801,9ef28ee7-0574-4ecf-8f24-653756257d43,8,2801,True,22696,22294,211.83529135788558
2802,9ef28ee7-0574-4ecf-8f24-653756257d43,8,2802,True,22721,22319,219.23837898460988
2803,9ef28ee7-0574-4ecf-8f24-653756257d43,8,2803,True,22744,22342,217.34733907740156
2804,9ef28ee7-0574-4ecf-8f24-653756257d43,8,2804,True,22768,22366,254.3791299900804
2805,9ef28ee7-0574-4ecf-8f24-653756257d43,8,2805,True,22791,22389,211.56600573669493
2806,9ef28ee7-0574-4ecf-8f24-653756257d43,8,2806,True,22825,22423,231.9819298634029
2807,9ef28ee7-0574-4ecf-8f24-653756257d43,8,2807,True,22848,22446,193.4664002706304
2808,9ef28ee7-0574-4ecf-8f24-653756257d43,8,2808,True,22872,22470,215.85644739678537
2809,9ef28ee7-0574-4ecf-8f24-653756257d43,8,2809,True,22898,22496,211.94783965430543
2810,9ef28ee7-0574-4ecf-8f24-653756257d43,8,2810,True,22928,22526,181.94783965430543
2811,9ef28ee7-0574-4ecf-8f24-653756257d43,8,2811,True,22966,22564,246.58720261249255
2812,9ef28ee7-0574-4ecf-8f24-653756257d43,8,2812,True,22989,22587,185.62070186304845
2813,9ef28ee7-0574-4ecf-8f24-653756257d43,8,2813,True,23019,22617,222.7147218346472
2814,9ef28ee7-0574-4ecf-8f24-653756257d43,8,2814,True,23045,22643,240.5607887558399
2815,9ef28ee7-0574-4ecf-8f24-653756257d43,8,2815,True,23076,22674,209.5607887558399
2816,9ef28ee7-0574-4ecf-8f24-653756257d43,8,2816,True,23101,22699,161.61280050718779
2817,9ef28ee7-0574-4ecf-8f24-653756257d43,8,2817,True,23128,22726,211.4941086937506
2818,9ef28ee7-0574-4ecf-8f24-653756257d43,8,2818,True,23167,22765,214.894719610631
2819,9ef28ee7-0574-4ecf-8f24-653756257d43,8,2819,True,23192,22790,167.43446656440938
2820,9ef28ee7-0574-4ecf-8f24-653756257d43,8,2820,True,23220,22818,161.894719610631
2821,9ef28ee7-0574-4ecf-8f24-653756257d43,8,2821,True,23250,22848,164.39206674326124
2822,9ef28ee7-0574-4ecf-8f24-653756257d43,8,2822,True,23279,22877,182.96479077249023
2823,9ef28ee7-0574-4ecf-8f24-653756257d43,8,2823,True,23300,22898,178.71279543139826
2824,9ef28ee7-0574-4ecf-8f24-653756257d43,8,2824,True,23335,22933,183.33387443258107
2825,9ef28ee7-0574-4ecf-8f24-653756257d43,8,2825,True,23367,22965,178.4743605759104
2826,9ef28ee7-0574-4ecf-8f24-653756257d43,8,2826,True,23394,22992,175.57411380766644
2827,9ef28ee7-0574-4ecf-8f24-653756257d43,8,2827,True,23427,23025,164.40844288742665
2828,9ef28ee7-0574-4ecf-8f24-653756257d43,8,2828,True,23455,23053,187.2215559718279
2829,9ef28ee7-0574-4ecf-8f24-653756257d43,8,2829,True,23483,23081,186.2635923614398
2830,9ef28ee7-0574-4ecf-8f24-653756257d43,8,2830,True,23523,23121,189.15220427659733
2831,9ef28ee7-0574-4ecf-8f24-653756257d43,8,2831,True,23547,23145,186.6773258458743
2832,9ef28ee7-0574-4ecf-8f24-653756257d43,8,2832,True,23581,23179,210.513860829662
2833,9ef28ee7-0574-4ecf-8f24-653756257d43,8,2833,True,23611,23209,236.45900834028362
2834,9ef28ee7-0574-4ecf-8f24-653756257d43,8,2834,True,23634,23232,178.12813519544943
2835,9ef28ee7-0574-4ecf-8f24-653756257d43,8,2835,True,23651,23249,196.45900834028362
2836,9ef28ee7-0574-4ecf-8f24-653756257d43,8,2836,True,23679,23277,191.36808303167345
2837,9ef28ee7-0574-4ecf-8f24-653756257d43,8,2837,True,23711,23309,159.36808303167345
2838,9ef28ee7-0574-4ecf-8f24-653756257d43,8,2838,True,23733,23331,206.51476634099163
2839,9ef28ee7-0574-4ecf-8f24-653756257d43,8,2839,True,23767,23365,190.88855643666466
2840,9ef28ee7-0574-4ecf-8f24-653756257d43,8,2840,True,23794,23392,213.50212241386544
2841,9ef28ee7-0574-4ecf-8f24-653756257d43,8,2841,True,23816,23414,215.08495794870032
2842,9ef28ee7-0574-4ecf-8f24-653756257d43,8,2842,True,23855,23453,265.6395447069772
2843,9ef28ee7-0574-4ecf-8f24-653756257d43,8,2843,True,23878,23476,222.2492357463052
2844,9ef28ee7-0574-4ecf-8f24-653756257d43,8,2844,True,23915,23513,231.13865770881603
2845,9ef28ee7-0574-4ecf-8f24-653756257d43,8,2845,True,23945,23543,275.061892059668
2846,9ef28ee7-0574-4ecf-8f24-653756257d43,8,2846,True,23970,23568,273.65662563736623
2847,9ef28ee7-0574-4ecf-8f24-653756257d43,8,2847,True,23984,23582,211.31952884533894
2848,9ef28ee7-0574-4ecf-8f24-653756257d43,8,2848,True,24009,23607,211.06189205966803
2849,9ef28ee7-0574-4ecf-8f24-653756257d43,8,2849,True,24037,23635,206.65662563736623
2850,9ef28ee7-0574-4ecf-8f24-653756257d43,8,2850,True,24060,23658,204.28321962299015
2851,9ef28ee7-0574-4ecf-8f24-653756257d43,8,2851,True,24084,23682,284.64964109521316
2852,9ef28ee7-0574-4ecf-8f24-653756257d43,8,2852,True,24108,23706,237.45567858994036
2853,9ef28ee7-0574-4ecf-8f24-653756257d43,8,2853,True,24136,23734,258.5841386263237
2854,9ef28ee7-0574-4ecf-8f24-653756257d43,8,2854,True,24159,23757,209.64964109521316
2855,9ef28ee7-0574-4ecf-8f24-653756257d43,8,2855,True,24184,23782,210.5841386263237
2856,9ef28ee7-0574-4ecf-8f24-653756257d43,8,2856,True,24212,23810,205.6735694280287
2857,9ef28ee7-0574-4ecf-8f24-653756257d43,8,2857,True,24241,23839,176.6735694280287
2858,9ef28ee7-0574-4ecf-8f24-653756257d43,8,2858,True,24267,23865,184.94220113466508
2859,9ef28ee7-0574-4ecf-8f24-653756257d43,8,2859,True,24297,23895,203.31186086214439
2860,9ef28ee7-0574-4ecf-8f24-653756257d43,8,2860,True,24326,23924,196.6810657597889
2861,9ef28ee7-0574-4ecf-8f24-653756257d43,8,2861,True,24353,23951,209.68046841574323
2862,9ef28ee7-0574-4ecf-8f24-653756257d43,8,2862,True,24377,23975,164.57828874866027
2863,9ef28ee7-0574-4ecf-8f24-653756257d43,8,2863,True,24405,24003,196.4574636999896
2864,9ef28ee7-0574-4ecf-8f24-653756257d43,8,2864,True,24438,24036,187.2354088244938
2865,9ef28ee7-0574-4ecf-8f24-653756257d43,8,2865,True,24468,24066,223.323993126578
2866,9ef28ee7-0574-4ecf-8f24-653756257d43,8,2866,True,24506,24104,204.8445783325551
2867,9ef28ee7-0574-4ecf-8f24-653756257d43,8,2867,True,24537,24135,192.39474169615642
2868,9ef28ee7-0574-4ecf-8f24-653756257d43,8,2868,True,24560,24158,246.27796666997165
2869,9ef28ee7-0574-4ecf-8f24-653756257d43,8,2869,True,24595,24193,188.0912080118942
2870,9ef28ee7-0574-4ecf-8f24-653756257d43,8,2870,True,24632,24230,216.80324383179686
2871,9ef28ee7-0574-4ecf-8f24-653756257d43,8,2871,True,24660,24258,210.9080072787765
2872,9ef28ee7-0574-4ecf-8f24-653756257d43,8,2872,True,24693,24291,207.03506726467822
2873,9ef28ee7-0574-4ecf-8f24-653756257d43,8,2873,True,24732,24330,190.29706451395032
2874,9ef28ee7-0574-4ecf-8f24-653756257d43,8,2874,True,24763,24361,210.71439833912154
2875,9ef28ee7-0574-4ecf-8f24-653756257d43,8,2875,True,24784,24382,216.14005505311798
2876,9ef28ee7-0574-4ecf-8f24-653756257d43,8,2876,True,24805,24403,215.35360238280555
2877,9ef28ee7-0574-4ecf-8f24-653756257d43,8,2877,True,24831,24429,169.14005505311798
2878,9ef28ee7-0574-4ecf-8f24-653756257d43,8,2878,True,24861,24459,159.35360238280555
2879,9ef28ee7-0574-4ecf-8f24-653756257d43,8,2879,True,24889,24487,167.78486328065264
2880,9ef28ee7-0574-4ecf-8f24-653756257d43,8,2880,True,24918,24516,177.12132047803607
2881,9ef28ee7-0574-4ecf-8f24-653756257d43,8,2881,True,24947,24545,167.1714901722371
2882,9ef28ee7-0574-4ecf-8f24-653756257d43,8,2882,True,24972,24570,189.80726672956735
2883,9ef28ee7-0574-4ecf-8f24-653756257d43,8,2883,True,24999,24597,162.80726672956735
2884,9ef28ee7-0574-4ecf-8f24-653756257d43,8,2884,True,25029,24627,162.7787145872535
2885,9ef28ee7-0574-4ecf-8f24-653756257d43,8,2885,True,25059,24657,179.5882835043958
2886,9ef28ee7-0574-4ecf-8f24-653756257d43,8,2886,True,25084,24682,199.66362077329904
2887,9ef28ee7-0574-4ecf-8f24-653756257d43,8,2887,True,25115,24713,147.8607423380563
2888,9ef28ee7-0574-4ecf-8f24-653756257d43,8,2888,True,25140,24738,165.02721945217127
2889,9ef28ee7-0574-4ecf-8f24-653756257d43,8,2889,True,25174,24772,150.653886077067
2890,9ef28ee7-0574-4ecf-8f24-653756257d43,8,2890,True,25215,24813,154.13598631592686
2891,9ef28ee7-0574-4ecf-8f24-653756257d43,8,2891,True,25239,24837,155.7469521734456
2892,9ef28ee7-0574-4ecf-8f24-653756257d43,8,2892,True,25274,24872,169.04762665897215
2893,9ef28ee7-0574-4ecf-8f24-653756257d43,8,2893,True,25300,24898,119.3646529228572
2894,9ef28ee7-0574-4ecf-8f24-653756257d43,8,2894,True,25328,24926,152.00555228807934
2895,9ef28ee7-0574-4ecf-8f24-653756257d43,8,2895,True,25361,24959,141.15981292742435
2896,9ef28ee7-0574-4ecf-8f24-653756257d43,8,2896,True,25392,24990,187.35552215105417
2897,9ef28ee7-0574-4ecf-8f24-653756257d43,8,2897,True,25428,25026,129.51195071502661
2898,9ef28ee7-0574-4ecf-8f24-653756257d43,8,2898,True,25456,25054,164.48439435946784
2899,9ef28ee7-0574-4ecf-8f24-653756257d43,8,2899,True,25482,25080,162.14781272791515
2900,9ef28ee7-0574-4ecf-8f24-653756257d43,8,2900,True,25500,25098,144.14781272791515
2901,9ef28ee7-0574-4ecf-8f24-653756257d43,8,2901,True,25525,25123,182.6866230506057
2902,9ef28ee7-0574-4ecf-8f24-653756257d43,8,2902,True,25549,25147,138.1551097026968
2903,9ef28ee7-0574-4ecf-8f24-653756257d43,8,2903,True,25579,25177,176.39805103106482
2904,9ef28ee7-0574-4ecf-8f24-653756257d43,8,2904,True,25606,25204,130.59232457666803
2905,9ef28ee7-0574-4ecf-8f24-653756257d43,8,2905,True,25641,25239,155.4119047785498
2906,9ef28ee7-0574-4ecf-8f24-653756257d43,8,2906,True,25671,25269,147.54372167305337
2907,9ef28ee7-0574-4ecf-8f24-653756257d43,8,2907,True,25710,25308,127.79440243474892
2908,9ef28ee7-0574-4ecf-8f24-653756257d43,8,2908,True,25742,25340,120.4564827640861
2909,9ef28ee7-0574-4ecf-8f24-653756257d43,8,2909,True,25780,25378,120.40589939154961
2910,9ef28ee7-0574-4ecf-8f24-653756257d43,8,2910,True,25812,25410,142.29171803816644
2911,9ef28ee7-0574-4ecf-8f24-653756257d43,8,2911,True,25839,25437,141.06127395397925
2912,9ef28ee7-0574-4ecf-8f24-653756257d43,8,2912,True,25871,25469,132.55937086358244
2913,9ef28ee7-0574-4ecf-8f24-653756257d43,8,2913,True,25895,25493,145.78919180363664
2914,9ef28ee7-0574-4ecf-8f24-653756257d43,8,2914,True,25923,25521,142.64159298376762
2915,9ef28ee7-0574-4ecf-8f24-653756257d43,8,2915,True,25948,25546,171.1914606826831
2916,9ef28ee7-0574-4ecf-8f24-653756257d43,8,2916,True,25979,25577,116.87130668562531
2917,9ef28ee7-0574-4ecf-8f24-653756257d43,8,2917,True,26009,25607,142.04046894966086
2918,9ef28ee7-0574-4ecf-8f24-653756257d43,8,2918,True,26040,25638,134.51598226318674
2919,9ef28ee7-0574-4ecf-8f24-653756257d43,8,2919,True,26074,25672,131.7710467056677
2920,9ef28ee7-0574-4ecf-8f24-653756257d43,8,2920,True,26098,25696,164.5398158810276
2921,9ef28ee7-0574-4ecf-8f24-653756257d43,8,2921,True,26125,25723,178.76773521225186
2922,9ef28ee7-0574-4ecf-8f24-653756257d43,8,2922,True,26151,25749,175.7429186905356
2923,9ef28ee7-0574-4ecf-8f24-653756257d43,8,2923,True,26170,25768,156.7429186905356
2924,9ef28ee7-0574-4ecf-8f24-653756257d43,8,2924,True,26193,25791,152.74511048456043
2925,9ef28ee7-0574-4ecf-8f24-653756257d43,8,2925,True,26216,25814,179.38628684232026
2926,9ef28ee7-0574-4ecf-8f24-653756257d43,8,2926,True,26248,25846,164.1914693692852
2927,9ef28ee7-0574-4ecf-8f24-653756257d43,8,2927,True,26277,25875,170.44212380624595
2928,9ef28ee7-0574-4ecf-8f24-653756257d43,8,2928,True,26305,25903,165.66918168673874
2929,9ef28ee7-0574-4ecf-8f24-653756257d43,8,2929,True,26334,25932,162.28471403883304
2930,9ef28ee7-0574-4ecf-8f24-653756257d43,8,2930,True,26362,25960,160.21412599222822
2931,9ef28ee7-0574-4ecf-8f24-653756257d43,8,2931,True,26395,25993,143.5368400840016
2932,9ef28ee7-0574-4ecf-8f24-653756257d43,8,2932,True,26416,26014,155.58845677128193
2933,9ef28ee7-0574-4ecf-8f24-653756257d43,8,2933,True,26442,26040,152.7061012497652
2934,9ef28ee7-0574-4ecf-8f24-653756257d43,8,2934,True,26470,26068,180.97745033273168
2935,9ef28ee7-0574-4ecf-8f24-653756257d43,8,2935,True,26508,26106,123.39128451788201
2936,9ef28ee7-0574-4ecf-8f24-653756257d43,8,2936,True,26532,26130,181.81001299196214
2937,9ef28ee7-0574-4ecf-8f24-653756257d43,8,2937,True,26558,26156,136.07135384079447
2938,9ef28ee7-0574-4ecf-8f24-653756257d43,8,2938,True,26585,26183,150.95167795441375
2939,9ef28ee7-0574-4ecf-8f24-653756257d43,8,2939,True,26609,26207,148.1568923954328
2940,9ef28ee7-0574-4ecf-8f24-653756257d43,8,2940,True,26630,26228,169.70002033961646
2941,9ef28ee7-0574-4ecf-8f24-653756257d43,8,2941,True,26659,26257,161.856248637956
2942,9ef28ee7-0574-4ecf-8f24-653756257d43,8,2942,True,26698,26296,216.21321836877178
2943,9ef28ee7-0574-4ecf-8f24-653756257d43,8,2943,True,26719,26317,176.17441161775787
2944,9ef28ee7-0574-4ecf-8f24-653756257d43,8,2944,True,26753,26351,192.3265487062963
2945,9ef28ee7-0574-4ecf-8f24-653756257d43,8,2945,True,26792,26390,172.99369993075015
2946,9ef28ee7-0574-4ecf-8f24-653756257d43,8,2946,True,26817,26415,193.50193279644373
2947,9ef28ee7-0574-4ecf-8f24-653756257d43,8,2947,True,26846,26444,137.39169472972208
2948,9ef28ee7-0574-4ecf-8f24-653756257d43,8,2948,True,26876,26474,192.94794448606626
2949,9ef28ee7-0574-4ecf-8f24-653756257d43,8,2949,True,26896,26494,146.82825888427396
2950,9ef28ee7-0574-4ecf-8f24-653756257d43,8,2950,True,26920,26518,184.3183255463009
2951,9ef28ee7-0574-4ecf-8f24-653756257d43,8,2951,True,26950,26548,176.86030294175725
2952,9ef28ee7-0574-4ecf-8f24-653756257d43,8,2952,True,26972,26570,186.30911959150762
2953,9ef28ee7-0574-4ecf-8f24-653756257d43,8,2953,True,26996,26594,179.48249986223527
2954,9ef28ee7-0574-4ecf-8f24-653756257d43,8,2954,True,27021,26619,179.64522794307413
2955,9ef28ee7-0574-4ecf-8f24-653756257d43,8,2955,True,27037,26635,163.64522794307413
2956,9ef28ee7-0574-4ecf-8f24-653756257d43,8,2956,True,27068,26666,191.48788718134892
2957,9ef28ee7-0574-4ecf-8f24-653756257d43,8,2957,True,27092,26690,141.3103636162923
2958,9ef28ee7-0574-4ecf-8f24-653756257d43,8,2958,True,27122,26720,163.67351886769393
2959,9ef28ee7-0574-4ecf-8f24-653756257d43,8,2959,True,27155,26753,149.07383760469384
2960,9ef28ee7-0574-4ecf-8f24-653756257d43,8,2960,True,27177,26775,161.21143791262148
2961,9ef28ee7-0574-4ecf-8f24-653756257d43,8,2961,True,27204,26802,155.84209134991033
2962,9ef28ee7-0574-4ecf-8f24-653756257d43,8,2962,True,27234,26832,155.68286808439734
2963,9ef28ee7-0574-4ecf-8f24-653756257d43,8,2963,True,27261,26859,150.30469708804594
2964,9ef28ee7-0574-4ecf-8f24-653756257d43,8,2964,True,27285,26883,172.18053009254436
2965,9ef28ee7-0574-4ecf-8f24-653756257d43,8,2965,True,27317,26915,158.49116789174877
2966,9ef28ee7-0574-4ecf-8f24-653756257d43,8,2966,True,27346,26944,182.83296416009762
2967,9ef28ee7-0574-4ecf-8f24-653756257d43,8,2967,True,27367,26965,205.21979101384932
2968,9ef28ee7-0574-4ecf-8f24-653756257d43,8,2968,True,27390,26988,159.86284484692442
2969,9ef28ee7-0574-4ecf-8f24-653756257d43,8,2969,True,27418,27016,192.7584582773452
2970,9ef28ee7-0574-4ecf-8f24-653756257d43,8,2970,True,27457,27055,174.72473681773772
2971,9ef28ee7-0574-4ecf-8f24-653756257d43,8,2971,True,27488,27086,196.4284888508846
2972,9ef28ee7-0574-4ecf-8f24-653756257d43,8,2972,True,27508,27106,147.05896648310227
2973,9ef28ee7-0574-4ecf-8f24-653756257d43,8,2973,True,27530,27128,198.95695645072556
2974,9ef28ee7-0574-4ecf-8f24-653756257d43,8,2974,True,27556,27154,153.36923649533492
2975,9ef28ee7-0574-4ecf-8f24-653756257d43,8,2975,True,27577,27175,167.99617491948447
2976,9ef28ee7-0574-4ecf-8f24-653756257d43,8,2976,True,27601,27199,190.7811120391707
2977,9ef28ee7-0574-4ecf-8f24-653756257d43,8,2977,True,27635,27233,187.51828001863396
2978,9ef28ee7-0574-4ecf-8f24-653756257d43,8,2978,True,27668,27266,210.17136722902796
2979,9ef28ee7-0574-4ecf-8f24-653756257d43,8,2979,True,27693,27291,160.01927090187382
2980,9ef28ee7-0574-4ecf-8f24-653756257d43,8,2980,True,27720,27318,179.02537638872673
2981,9ef28ee7-0574-4ecf-8f24-653756257d43,8,2981,True,27743,27341,175.8358111102425
2982,9ef28ee7-0574-4ecf-8f24-653756257d43,8,2982,True,27770,27368,200.4152744313178
2983,9ef28ee7-0574-4ecf-8f24-653756257d43,8,2983,True,27788,27386,163.03472971295196
2984,9ef28ee7-0574-4ecf-8f24-653756257d43,8,2984,True,27811,27409,176.90614136625663
2985,9ef28ee7-0574-4ecf-8f24-653756257d43,8,2985,True,27833,27431,211.7233100816702
2986,9ef28ee7-0574-4ecf-8f24-653756257d43,8,2986,True,27856,27454,151.35092828275083
2987,9ef28ee7-0574-4ecf-8f24-653756257d43,8,2987,True,27895,27493,174.348134562224
2988,9ef28ee7-0574-4ecf-8f24-653756257d43,8,2988,True,27920,27518,169.6369487363554
2989,9ef28ee7-0574-4ecf-8f24-653756257d43,8,2989,True,27936,27534,172.34723902042606
2990,9ef28ee7-0574-4ecf-8f24-653756257d43,8,2990,True,27966,27564,181.15722610809826
2991,9ef28ee7-0574-4ecf-8f24-653756257d43,8,2991,True,28005,27603,164.18437405789155
2992,9ef28ee7-0574-4ecf-8f24-653756257d43,8,2992,True,28036,27634,154.59779858481488
2993,9ef28ee7-0574-4ecf-8f24-653756257d43,8,2993,True,28064,27662,146.73982170912132
2994,9ef28ee7-0574-4ecf-8f24-653756257d43,8,2994,True,28091,27689,168.94157430707128
2995,9ef28ee7-0574-4ecf-8f24-653756257d43,8,2995,True,28116,27714,119.48139517492746
2996,9ef28ee7-0574-4ecf-8f24-653756257d43,8,2996,True,28144,27742,115.94157430707128
2997,9ef28ee7-0574-4ecf-8f24-653756257d43,8,2997,True,28166,27764,113.178881964006
2998,9ef28ee7-0574-4ecf-8f24-653756257d43,8,2998,True,28197,27795,105.10520694771185
2999,9ef28ee7-0574-4ecf-8f24-653756257d43,8,2999,True,28225,27823,99.08197981160993
