{"clients": [{"6": {"client_id": 0, "slo": 249, "num_jobs": 5000, "throughput_qps": 30.09111629710625, "total_num_complete": 4219, "goodput_qps": 29.96273514201075, "total_num_tardy": 18, "median_tardiness_ms": 0.15587849068106152, "mean_tardiness_ms": 0.22402560479309208, "std_tardiness_ms": 0.17064775054801298, "median_latency_ms": 185.6681013497, "mean_latency_ms": 184.3659069898575, "std_latency_ms": 40.368649448841204, "p99_latency_ms": 247.61295777674007, "total_num_dropped": 781, "drop_rate_qps": 5.570315673865841}}, {"7": {"client_id": 1, "slo": 281, "num_jobs": 5000, "throughput_qps": 32.027434106351784, "total_num_complete": 4500, "goodput_qps": 31.892207162347184, "total_num_tardy": 19, "median_tardiness_ms": 0.39097678579310013, "mean_tardiness_ms": 0.5517964354539321, "std_tardiness_ms": 0.5761987088309926, "median_latency_ms": 213.96308863383683, "mean_latency_ms": 209.3028136268775, "std_latency_ms": 43.621354401009796, "p99_latency_ms": 279.6619640127818, "total_num_dropped": 500, "drop_rate_qps": 3.5586037895946423}}, {"8": {"client_id": 2, "slo": 321, "num_jobs": 5000, "throughput_qps": 32.987304636831205, "total_num_complete": 4603, "goodput_qps": 32.87264096657501, "total_num_tardy": 16, "median_tardiness_ms": 0.7884379933930177, "mean_tardiness_ms": 1.1575319963046269, "std_tardiness_ms": 1.0305211930420166, "median_latency_ms": 238.8821550165885, "mean_latency_ms": 236.3850088995033, "std_latency_ms": 47.56120276270882, "p99_latency_ms": 318.77467561045654, "total_num_dropped": 397, "drop_rate_qps": 2.8450923182320205}}]}