{"clients": [{"6": {"client_id": 0, "slo": 249, "num_jobs": 5000, "throughput_qps": 35.66118413601527, "total_num_complete": 5000, "goodput_qps": 35.41155584706317, "total_num_tardy": 35, "median_tardiness_ms": 8.209303397321492, "mean_tardiness_ms": 11.305546758125534, "std_tardiness_ms": 9.630523702491494, "median_latency_ms": 151.44333001505947, "mean_latency_ms": 155.51582533566778, "std_latency_ms": 29.4687057330107, "p99_latency_ms": 240.81683920468373, "total_num_dropped": 0, "drop_rate_qps": 0.0}}, {"7": {"client_id": 1, "slo": 281, "num_jobs": 5000, "throughput_qps": 35.585290451299464, "total_num_complete": 5000, "goodput_qps": 35.49988575421634, "total_num_tardy": 12, "median_tardiness_ms": 15.477582383977278, "mean_tardiness_ms": 16.668211219812445, "std_tardiness_ms": 10.472993943585465, "median_latency_ms": 162.07175508963337, "mean_latency_ms": 166.3041631003274, "std_latency_ms": 31.261462697420885, "p99_latency_ms": 257.6409549775736, "total_num_dropped": 0, "drop_rate_qps": 0.0}}, {"8": {"client_id": 2, "slo": 321, "num_jobs": 5000, "throughput_qps": 35.84516189730629, "total_num_complete": 5000, "goodput_qps": 35.809316735408984, "total_num_tardy": 5, "median_tardiness_ms": 3.7175116385769797, "mean_tardiness_ms": 9.196355914557353, "std_tardiness_ms": 9.087175604115991, "median_latency_ms": 180.1606514181858, "mean_latency_ms": 185.23201684176902, "std_latency_ms": 32.58204671082878, "p99_latency_ms": 283.624316657293, "total_num_dropped": 0, "drop_rate_qps": 0.0}}]}