{"clients": [{"6": {"client_id": 0, "slo": 249, "num_jobs": 5000, "throughput_qps": 25.96105150842625, "total_num_complete": 5000, "goodput_qps": 25.96105150842625, "total_num_tardy": 0, "median_latency_ms": 94.15358166840451, "mean_latency_ms": 97.94590172455867, "std_latency_ms": 15.144436794973885, "p99_latency_ms": 160.2702696465554, "total_num_dropped": 0, "drop_rate_qps": 0.0}}, {"7": {"client_id": 1, "slo": 281, "num_jobs": 5000, "throughput_qps": 25.988241680149795, "total_num_complete": 5000, "goodput_qps": 25.988241680149795, "total_num_tardy": 0, "median_latency_ms": 102.5203163207334, "mean_latency_ms": 106.959321374649, "std_latency_ms": 16.195886333806985, "p99_latency_ms": 168.60618160059332, "total_num_dropped": 0, "drop_rate_qps": 0.0}}, {"8": {"client_id": 2, "slo": 321, "num_jobs": 5000, "throughput_qps": 26.156353346088554, "total_num_complete": 5000, "goodput_qps": 26.156353346088554, "total_num_tardy": 0, "median_latency_ms": 113.60158315721492, "mean_latency_ms": 118.23165263573422, "std_latency_ms": 17.967088923669394, "p99_latency_ms": 187.3018055484105, "total_num_dropped": 0, "drop_rate_qps": 0.0}}]}