{"clients": [{"6": {"client_id": 0, "slo": 124, "num_jobs": 5000, "throughput_qps": 25.96141826592167, "total_num_complete": 5000, "goodput_qps": 25.96141826592167, "total_num_tardy": 0, "median_latency_ms": 81.4325903729623, "mean_latency_ms": 82.21827564934419, "std_latency_ms": 6.241835185552079, "p99_latency_ms": 100.06713153594731, "total_num_dropped": 0, "drop_rate_qps": 0.0}}, {"7": {"client_id": 1, "slo": 140, "num_jobs": 5000, "throughput_qps": 25.99059297692959, "total_num_complete": 5000, "goodput_qps": 25.99059297692959, "total_num_tardy": 0, "median_latency_ms": 89.36670570945216, "mean_latency_ms": 90.0712789600945, "std_latency_ms": 6.209513067754079, "p99_latency_ms": 108.06381640224879, "total_num_dropped": 0, "drop_rate_qps": 0.0}}, {"8": {"client_id": 2, "slo": 160, "num_jobs": 5000, "throughput_qps": 26.15645915963078, "total_num_complete": 5000, "goodput_qps": 26.15645915963078, "total_num_tardy": 0, "median_latency_ms": 99.47008067083152, "mean_latency_ms": 100.18634340912045, "std_latency_ms": 6.468988336968452, "p99_latency_ms": 118.22276383002952, "total_num_dropped": 0, "drop_rate_qps": 0.0}}]}