{"clients": [{"6": {"client_id": 0, "slo": 624, "num_jobs": 5000, "throughput_qps": 25.71241300088936, "total_num_complete": 4952, "goodput_qps": 25.71241300088936, "total_num_tardy": 0, "median_latency_ms": 81.62127145056729, "mean_latency_ms": 82.55807667557045, "std_latency_ms": 6.837034682464135, "p99_latency_ms": 103.84626997411252, "total_num_dropped": 48, "drop_rate_qps": 0.24923178999246548}}, {"7": {"client_id": 1, "slo": 704, "num_jobs": 5000, "throughput_qps": 25.776002075972393, "total_num_complete": 4959, "goodput_qps": 25.776002075972393, "total_num_tardy": 0, "median_latency_ms": 89.60250721584089, "mean_latency_ms": 90.5788846645118, "std_latency_ms": 6.8851011351819675, "p99_latency_ms": 112.29734367192783, "total_num_dropped": 41, "drop_rate_qps": 0.21311072496770886}}, {"8": {"client_id": 2, "slo": 804, "num_jobs": 5000, "throughput_qps": 25.927287731877158, "total_num_complete": 4956, "goodput_qps": 25.927287731877158, "total_num_tardy": 0, "median_latency_ms": 99.60792521118856, "mean_latency_ms": 100.50284174353926, "std_latency_ms": 7.131565921875218, "p99_latency_ms": 122.38873925257612, "total_num_dropped": 44, "drop_rate_qps": 0.23018576678825564}}]}