{"clients": [{"6": {"client_id": 0, "slo": 124, "num_jobs": 5000, "throughput_qps": 25.961838565080896, "total_num_complete": 5000, "goodput_qps": 25.961838565080896, "total_num_tardy": 0, "median_latency_ms": 81.53426384709019, "mean_latency_ms": 82.50532903530703, "std_latency_ms": 6.701189139158971, "p99_latency_ms": 103.35307336274654, "total_num_dropped": 0, "drop_rate_qps": 0.0}}, {"7": {"client_id": 1, "slo": 140, "num_jobs": 5000, "throughput_qps": 25.989913033308504, "total_num_complete": 5000, "goodput_qps": 25.989913033308504, "total_num_tardy": 0, "median_latency_ms": 89.59974314326428, "mean_latency_ms": 90.56571424382764, "std_latency_ms": 6.929315239653238, "p99_latency_ms": 111.48045992721332, "total_num_dropped": 0, "drop_rate_qps": 0.0}}, {"8": {"client_id": 2, "slo": 160, "num_jobs": 5000, "throughput_qps": 26.1561728096251, "total_num_complete": 5000, "goodput_qps": 26.1561728096251, "total_num_tardy": 0, "median_latency_ms": 99.73013788647222, "mean_latency_ms": 100.62521518387007, "std_latency_ms": 6.953287380819129, "p99_latency_ms": 121.62116636192161, "total_num_dropped": 0, "drop_rate_qps": 0.0}}]}