{"clients": [{"6": {"client_id": 0, "slo": 312, "num_jobs": 5000, "throughput_qps": 39.84086787512284, "total_num_complete": 5000, "goodput_qps": 2.3267066839071737, "total_num_tardy": 4708, "median_tardiness_ms": 99.72708336179494, "mean_tardiness_ms": 104.87214986567324, "std_tardiness_ms": 58.458187864199935, "median_latency_ms": 407.2067330706195, "mean_latency_ms": 408.43564818774314, "std_latency_ms": 67.04569098178025, "p99_latency_ms": 573.1433270386324, "total_num_dropped": 0, "drop_rate_qps": 0.0}}, {"7": {"client_id": 1, "slo": 352, "num_jobs": 5000, "throughput_qps": 39.83136510912802, "total_num_complete": 5000, "goodput_qps": 5.265706467426725, "total_num_tardy": 4339, "median_tardiness_ms": 80.97306439777458, "mean_tardiness_ms": 88.59767297736988, "std_tardiness_ms": 53.41953564784977, "median_latency_ms": 423.1525436053271, "mean_latency_ms": 423.8883206708747, "std_latency_ms": 67.56458242945072, "p99_latency_ms": 579.3382047844003, "total_num_dropped": 0, "drop_rate_qps": 0.0}}, {"8": {"client_id": 2, "slo": 402, "num_jobs": 5000, "throughput_qps": 39.99182811862287, "total_num_complete": 5000, "goodput_qps": 9.66613560039012, "total_num_tardy": 3811, "median_tardiness_ms": 69.61775816167938, "mean_tardiness_ms": 78.42578588105306, "std_tardiness_ms": 53.822705880827385, "median_latency_ms": 450.9635141415638, "mean_latency_ms": 452.30117186995903, "std_latency_ms": 71.36433035859896, "p99_latency_ms": 626.0624782898652, "total_num_dropped": 0, "drop_rate_qps": 0.0}}]}