{"clients": [{"6": {"client_id": 0, "slo": 0, "num_jobs": 5000, "throughput_qps": 34.931746031769954, "total_num_complete": 5000, "goodput_qps": 0, "total_num_tardy": 5000, "median_tardiness_ms": 9125.830556737004, "mean_tardiness_ms": 9221.728762917008, "std_tardiness_ms": 5337.187960861897, "median_latency_ms": 9125.830556737004, "mean_latency_ms": 9221.728762917008, "std_latency_ms": 5337.187960861897, "p99_latency_ms": 18039.3698173372, "total_num_dropped": 0, "drop_rate_qps": 0.0}}, {"7": {"client_id": 1, "slo": 0, "num_jobs": 5000, "throughput_qps": 34.92778874110446, "total_num_complete": 5000, "goodput_qps": 0, "total_num_tardy": 5000, "median_tardiness_ms": 9140.864495969625, "mean_tardiness_ms": 9240.975605060497, "std_tardiness_ms": 5341.834436924435, "median_latency_ms": 9140.864495969625, "mean_latency_ms": 9240.975605060497, "std_latency_ms": 5341.834436924435, "p99_latency_ms": 18048.491167847576, "total_num_dropped": 0, "drop_rate_qps": 0.0}}, {"8": {"client_id": 2, "slo": 0, "num_jobs": 5000, "throughput_qps": 35.09412583943466, "total_num_complete": 5000, "goodput_qps": 0, "total_num_tardy": 5000, "median_tardiness_ms": 9145.255720911038, "mean_tardiness_ms": 9201.65502883689, "std_tardiness_ms": 5305.11926365207, "median_latency_ms": 9145.255720911038, "mean_latency_ms": 9201.65502883689, "std_latency_ms": 5305.11926365207, "p99_latency_ms": 18048.618118314032, "total_num_dropped": 0, "drop_rate_qps": 0.0}}]}