{"clients": [{"6": {"client_id": 0, "slo": 124, "num_jobs": 5000, "throughput_qps": 7.995246671675812, "total_num_complete": 5000, "goodput_qps": 7.995246671675812, "total_num_tardy": 0, "median_latency_ms": 66.6652269741171, "mean_latency_ms": 67.2086816407202, "std_latency_ms": 5.136034383501341, "p99_latency_ms": 81.18943431837752, "total_num_dropped": 0, "drop_rate_qps": 0.0}}, {"7": {"client_id": 1, "slo": 140, "num_jobs": 5000, "throughput_qps": 7.992301011408782, "total_num_complete": 5000, "goodput_qps": 7.992301011408782, "total_num_tardy": 0, "median_latency_ms": 74.62307051765674, "mean_latency_ms": 75.17573828210995, "std_latency_ms": 5.229294300758369, "p99_latency_ms": 89.29962555669114, "total_num_dropped": 0, "drop_rate_qps": 0.0}}, {"8": {"client_id": 2, "slo": 160, "num_jobs": 5000, "throughput_qps": 8.021241998934729, "total_num_complete": 5000, "goodput_qps": 8.021241998934729, "total_num_tardy": 0, "median_latency_ms": 84.77906760784754, "mean_latency_ms": 85.31295736113023, "std_latency_ms": 5.484604423209151, "p99_latency_ms": 99.83470596508417, "total_num_dropped": 0, "drop_rate_qps": 0.0}}]}