{"clients": [{"6": {"client_id": 0, "slo": 0, "num_jobs": 5000, "throughput_qps": 30.60741127496, "total_num_complete": 4937, "goodput_qps": 0, "total_num_tardy": 4937, "median_tardiness_ms": 85.71152228082065, "mean_tardiness_ms": 87.1109254662278, "std_tardiness_ms": 8.868396317006418, "median_latency_ms": 85.71152228082065, "mean_latency_ms": 87.1109254662278, "std_latency_ms": 8.868396317006418, "p99_latency_ms": 113.68282765588147, "total_num_dropped": 63, "drop_rate_qps": 0.3905746223055459}}, {"7": {"client_id": 1, "slo": 0, "num_jobs": 5000, "throughput_qps": 30.35856029630893, "total_num_complete": 4899, "goodput_qps": 0, "total_num_tardy": 4899, "median_tardiness_ms": 93.64748402227633, "mean_tardiness_ms": 94.92568839031578, "std_tardiness_ms": 8.721336316918626, "median_latency_ms": 93.64748402227633, "mean_latency_ms": 94.92568839031578, "std_latency_ms": 8.721336316918626, "p99_latency_ms": 120.10113325884856, "total_num_dropped": 101, "drop_rate_qps": 0.6258858113752198}}, {"8": {"client_id": 2, "slo": 0, "num_jobs": 5000, "throughput_qps": 29.656754685014633, "total_num_complete": 4751, "goodput_qps": 0, "total_num_tardy": 4751, "median_tardiness_ms": 104.53020676375309, "mean_tardiness_ms": 105.68346049220573, "std_tardiness_ms": 9.021605711190647, "median_latency_ms": 104.53020676375309, "mean_latency_ms": 105.68346049220573, "std_latency_ms": 9.021605711190647, "p99_latency_ms": 132.75348994919477, "total_num_dropped": 249, "drop_rate_qps": 1.5543110748408007}}]}