{"clients": [{"6": {"client_id": 0, "slo": 0, "num_jobs": 5000, "throughput_qps": 25.68583024866255, "total_num_complete": 4947, "goodput_qps": 0, "total_num_tardy": 4947, "median_tardiness_ms": 81.52476275849767, "mean_tardiness_ms": 82.48518180844128, "std_tardiness_ms": 6.828319468838168, "median_latency_ms": 81.52476275849767, "mean_latency_ms": 82.48518180844128, "std_latency_ms": 6.828319468838168, "p99_latency_ms": 104.32289230796188, "total_num_dropped": 53, "drop_rate_qps": 0.2751867805092208}}, {"7": {"client_id": 1, "slo": 0, "num_jobs": 5000, "throughput_qps": 25.719943367201637, "total_num_complete": 4948, "goodput_qps": 0, "total_num_tardy": 4948, "median_tardiness_ms": 89.32128023260157, "mean_tardiness_ms": 90.4503112136823, "std_tardiness_ms": 6.990151230708576, "median_latency_ms": 89.32128023260157, "mean_latency_ms": 90.4503112136823, "std_latency_ms": 6.990151230708576, "p99_latency_ms": 112.85898825410167, "total_num_dropped": 52, "drop_rate_qps": 0.27029851558093876}}, {"8": {"client_id": 2, "slo": 0, "num_jobs": 5000, "throughput_qps": 25.68137024477924, "total_num_complete": 4909, "goodput_qps": 0, "total_num_tardy": 4909, "median_tardiness_ms": 99.71545650376356, "mean_tardiness_ms": 100.60436746369918, "std_tardiness_ms": 7.034592781592349, "median_latency_ms": 99.71545650376356, "mean_latency_ms": 100.60436746369918, "std_latency_ms": 7.034592781592349, "p99_latency_ms": 122.14545659494004, "total_num_dropped": 91, "drop_rate_qps": 0.47606532741391544}}]}