{"clients": [{"6": {"client_id": 0, "slo": 312, "num_jobs": 5000, "throughput_qps": 30.99832825388233, "total_num_complete": 5000, "goodput_qps": 30.99832825388233, "total_num_tardy": 0, "median_latency_ms": 95.8550416994185, "mean_latency_ms": 104.39295735076234, "std_latency_ms": 26.33677033715551, "p99_latency_ms": 187.85879682251374, "total_num_dropped": 0, "drop_rate_qps": 0.0}}, {"7": {"client_id": 1, "slo": 352, "num_jobs": 5000, "throughput_qps": 30.98382561788872, "total_num_complete": 5000, "goodput_qps": 30.98382561788872, "total_num_tardy": 0, "median_latency_ms": 104.47237700912046, "mean_latency_ms": 114.38711060221465, "std_latency_ms": 27.893546187452376, "p99_latency_ms": 197.1028050804901, "total_num_dropped": 0, "drop_rate_qps": 0.0}}, {"8": {"client_id": 2, "slo": 402, "num_jobs": 5000, "throughput_qps": 31.202291046474915, "total_num_complete": 5000, "goodput_qps": 31.202291046474915, "total_num_tardy": 0, "median_latency_ms": 121.63977325656015, "mean_latency_ms": 130.92719443432657, "std_latency_ms": 31.791191314143887, "p99_latency_ms": 221.8684997028067, "total_num_dropped": 0, "drop_rate_qps": 0.0}}]}