{"clients": [{"6": {"client_id": 0, "slo": 312, "num_jobs": 5000, "throughput_qps": 30.5609723775889, "total_num_complete": 4930, "goodput_qps": 30.486584615209374, "total_num_tardy": 12, "median_tardiness_ms": 2.180646990286732, "mean_tardiness_ms": 2.0621782306308583, "std_tardiness_ms": 1.029517626131915, "median_latency_ms": 143.72277877461602, "mean_latency_ms": 153.74368119673392, "std_latency_ms": 51.72715861741554, "p99_latency_ms": 305.9421318945964, "total_num_dropped": 70, "drop_rate_qps": 0.43392861388057263}}, {"7": {"client_id": 1, "slo": 352, "num_jobs": 5000, "throughput_qps": 30.493680216740696, "total_num_complete": 4921, "goodput_qps": 30.41932050070719, "total_num_tardy": 12, "median_tardiness_ms": 1.4814986827232133, "mean_tardiness_ms": 2.342987967479985, "std_tardiness_ms": 2.6497113345294006, "median_latency_ms": 162.64824435391347, "mean_latency_ms": 172.18744400861343, "std_latency_ms": 57.44490695217628, "p99_latency_ms": 341.94776330801255, "total_num_dropped": 79, "drop_rate_qps": 0.4895347972205883}}, {"8": {"client_id": 2, "slo": 402, "num_jobs": 5000, "throughput_qps": 30.561890331416727, "total_num_complete": 4898, "goodput_qps": 30.487014324071488, "total_num_tardy": 12, "median_tardiness_ms": 1.303456026926142, "mean_tardiness_ms": 2.4695158105843498, "std_tardiness_ms": 2.17894413028953, "median_latency_ms": 187.09566474959865, "mean_latency_ms": 196.99871787706803, "std_latency_ms": 62.043599780861044, "p99_latency_ms": 386.82645551485234, "total_num_dropped": 102, "drop_rate_qps": 0.6364460624345665}}]}