{"clients": [{"6": {"client_id": 0, "slo": 124, "num_jobs": 5000, "throughput_qps": 21.664621468629456, "total_num_complete": 2718, "goodput_qps": 16.069123208519862, "total_num_tardy": 702, "median_tardiness_ms": 4.672986677500376, "mean_tardiness_ms": 7.457978389029615, "std_tardiness_ms": 11.870858173367196, "median_latency_ms": 117.0069106687215, "mean_latency_ms": 116.51153373024488, "std_latency_ms": 13.525588018675725, "p99_latency_ms": 155.12317827359536, "total_num_dropped": 2282, "drop_rate_qps": 18.189354742977343}}, {"7": {"client_id": 1, "slo": 140, "num_jobs": 5000, "throughput_qps": 26.31607342681967, "total_num_complete": 3302, "goodput_qps": 23.70199950677217, "total_num_tardy": 328, "median_tardiness_ms": 4.009296719748818, "mean_tardiness_ms": 10.04719888016781, "std_tardiness_ms": 17.966066059717853, "median_latency_ms": 126.42598048381842, "mean_latency_ms": 126.3283211853104, "std_latency_ms": 13.789604672147352, "p99_latency_ms": 163.6445956383396, "total_num_dropped": 1698, "drop_rate_qps": 13.532614378782498}}, {"8": {"client_id": 2, "slo": 160, "num_jobs": 5000, "throughput_qps": 26.022055238931824, "total_num_complete": 3239, "goodput_qps": 25.403438921118376, "total_num_tardy": 77, "median_tardiness_ms": 10.71773000950634, "mean_tardiness_ms": 35.56840497753927, "std_tardiness_ms": 40.68904737027476, "median_latency_ms": 138.05519073919277, "mean_latency_ms": 138.10250380344664, "std_latency_ms": 14.971216631464996, "p99_latency_ms": 181.17538317176286, "total_num_dropped": 1761, "drop_rate_qps": 14.147835528175037}}]}