,client_id,workflow_id,job_id,was_completed,deadline,create_time,response_time
0,3b413ebe-d509-4c50-8c03-8c1381c4ffa1,6,0,True,338,26,66.56056256298928
1,3b413ebe-d509-4c50-8c03-8c1381c4ffa1,6,1,True,370,58,61.10876052845791
2,3b413ebe-d509-4c50-8c03-8c1381c4ffa1,6,2,True,391,79,77.83375603800178
3,3b413ebe-d509-4c50-8c03-8c1381c4ffa1,6,3,True,420,108,85.16286508988111
4,3b413ebe-d509-4c50-8c03-8c1381c4ffa1,6,4,True,454,142,68.14292211684526
5,3b413ebe-d509-4c50-8c03-8c1381c4ffa1,6,5,True,476,164,85.29303257043634
6,3b413ebe-d509-4c50-8c03-8c1381c4ffa1,6,6,True,501,189,72.72958746075943
7,3b413ebe-d509-4c50-8c03-8c1381c4ffa1,6,7,True,528,216,91.67619611335192
8,3b413ebe-d509-4c50-8c03-8c1381c4ffa1,6,8,True,557,245,97.7010842148519
9,3b413ebe-d509-4c50-8c03-8c1381c4ffa1,6,9,True,581,269,90.51111382349552
10,3b413ebe-d509-4c50-8c03-8c1381c4ffa1,6,10,True,608,296,133.3723358580187
11,3b413ebe-d509-4c50-8c03-8c1381c4ffa1,6,11,True,631,319,107.5671053830049
12,3b413ebe-d509-4c50-8c03-8c1381c4ffa1,6,12,True,660,348,106.47501392441279
13,3b413ebe-d509-4c50-8c03-8c1381c4ffa1,6,13,True,689,377,127.04193458293713
14,3b413ebe-d509-4c50-8c03-8c1381c4ffa1,6,14,True,714,402,124.20592057836143
15,3b413ebe-d509-4c50-8c03-8c1381c4ffa1,6,15,True,745,433,119.00006345655333
16,3b413ebe-d509-4c50-8c03-8c1381c4ffa1,6,16,True,765,453,150.6436825586045
17,3b413ebe-d509-4c50-8c03-8c1381c4ffa1,6,17,True,789,477,95.8199362347076
18,3b413ebe-d509-4c50-8c03-8c1381c4ffa1,6,18,True,814,502,138.1681466783814
19,3b413ebe-d509-4c50-8c03-8c1381c4ffa1,6,19,True,842,530,107.5850869514801
20,3b413ebe-d509-4c50-8c03-8c1381c4ffa1,6,20,True,880,568,94.81298192364568
21,3b413ebe-d509-4c50-8c03-8c1381c4ffa1,6,21,True,909,597,91.73850639419072
22,3b413ebe-d509-4c50-8c03-8c1381c4ffa1,6,22,True,928,616,104.11727470567723
23,3b413ebe-d509-4c50-8c03-8c1381c4ffa1,6,23,True,943,631,101.76163568499248
24,3b413ebe-d509-4c50-8c03-8c1381c4ffa1,6,24,True,969,657,142.00739748082867
25,3b413ebe-d509-4c50-8c03-8c1381c4ffa1,6,25,True,1003,691,182.81308649794585
26,3b413ebe-d509-4c50-8c03-8c1381c4ffa1,6,26,True,1027,715,138.88557100712217
27,3b413ebe-d509-4c50-8c03-8c1381c4ffa1,6,27,True,1048,736,163.51069535765396
28,3b413ebe-d509-4c50-8c03-8c1381c4ffa1,6,28,True,1080,768,134.9269909634611
29,3b413ebe-d509-4c50-8c03-8c1381c4ffa1,6,29,True,1111,799,154.7067938412772
30,3b413ebe-d509-4c50-8c03-8c1381c4ffa1,6,30,True,1143,831,142.18558420386353
31,3b413ebe-d509-4c50-8c03-8c1381c4ffa1,6,31,True,1168,856,150.27661415472176
32,3b413ebe-d509-4c50-8c03-8c1381c4ffa1,6,32,True,1202,890,141.8340965024861
33,3b413ebe-d509-4c50-8c03-8c1381c4ffa1,6,33,True,1227,915,132.42063485832637
34,3b413ebe-d509-4c50-8c03-8c1381c4ffa1,6,34,True,1252,940,165.67845911043742
35,3b413ebe-d509-4c50-8c03-8c1381c4ffa1,6,35,True,1283,971,122.47097718248574
36,3b413ebe-d509-4c50-8c03-8c1381c4ffa1,6,36,True,1318,1006,130.24980428091476
37,3b413ebe-d509-4c50-8c03-8c1381c4ffa1,6,37,True,1338,1026,128.10189342840818
38,3b413ebe-d509-4c50-8c03-8c1381c4ffa1,6,38,True,1370,1058,139.89579505114625
39,3b413ebe-d509-4c50-8c03-8c1381c4ffa1,6,39,True,1402,1090,140.36791574021436
40,3b413ebe-d509-4c50-8c03-8c1381c4ffa1,6,40,True,1430,1118,165.18311603980555
41,3b413ebe-d509-4c50-8c03-8c1381c4ffa1,6,41,True,1455,1143,154.98256720444874
42,3b413ebe-d509-4c50-8c03-8c1381c4ffa1,6,42,True,1491,1179,156.73096301870646
43,3b413ebe-d509-4c50-8c03-8c1381c4ffa1,6,43,True,1517,1205,143.4014939834624
44,3b413ebe-d509-4c50-8c03-8c1381c4ffa1,6,44,True,1540,1228,147.418204886485
45,3b413ebe-d509-4c50-8c03-8c1381c4ffa1,6,45,True,1564,1252,120.8701316703216
46,3b413ebe-d509-4c50-8c03-8c1381c4ffa1,6,46,True,1601,1289,156.3108653765055
47,3b413ebe-d509-4c50-8c03-8c1381c4ffa1,6,47,True,1631,1319,129.47654990120805
48,3b413ebe-d509-4c50-8c03-8c1381c4ffa1,6,48,True,1664,1352,150.92391218243756
49,3b413ebe-d509-4c50-8c03-8c1381c4ffa1,6,49,True,1699,1387,137.08929929305032
50,3b413ebe-d509-4c50-8c03-8c1381c4ffa1,6,50,True,1724,1412,118.12728718504445
51,3b413ebe-d509-4c50-8c03-8c1381c4ffa1,6,51,True,1747,1435,133.83708141869124
52,3b413ebe-d509-4c50-8c03-8c1381c4ffa1,6,52,True,1773,1461,193.3044081884525
53,3b413ebe-d509-4c50-8c03-8c1381c4ffa1,6,53,True,1793,1481,169.54094455778977
54,3b413ebe-d509-4c50-8c03-8c1381c4ffa1,6,54,True,1832,1520,100.14497912970728
55,3b413ebe-d509-4c50-8c03-8c1381c4ffa1,6,55,True,1860,1548,157.2153200661421
56,3b413ebe-d509-4c50-8c03-8c1381c4ffa1,6,56,True,1886,1574,126.42224807797334
57,3b413ebe-d509-4c50-8c03-8c1381c4ffa1,6,57,True,1928,1616,161.4665198775615
58,3b413ebe-d509-4c50-8c03-8c1381c4ffa1,6,58,True,1956,1644,157.5893617009367
59,3b413ebe-d509-4c50-8c03-8c1381c4ffa1,6,59,True,1980,1668,184.95859397690492
60,3b413ebe-d509-4c50-8c03-8c1381c4ffa1,6,60,True,2009,1697,176.31385079577944
61,3b413ebe-d509-4c50-8c03-8c1381c4ffa1,6,61,True,2025,1713,167.98797544054173
62,3b413ebe-d509-4c50-8c03-8c1381c4ffa1,6,62,True,2061,1749,175.34044359176573
63,3b413ebe-d509-4c50-8c03-8c1381c4ffa1,6,63,True,2082,1770,160.11826676647502
64,3b413ebe-d509-4c50-8c03-8c1381c4ffa1,6,64,True,2112,1800,166.26707222622713
65,3b413ebe-d509-4c50-8c03-8c1381c4ffa1,6,65,True,2135,1823,242.58511919422926
66,3b413ebe-d509-4c50-8c03-8c1381c4ffa1,6,66,True,2161,1849,171.9557875922701
67,3b413ebe-d509-4c50-8c03-8c1381c4ffa1,6,67,True,2191,1879,212.13964749082652
68,3b413ebe-d509-4c50-8c03-8c1381c4ffa1,6,68,True,2216,1904,161.58511919422926
69,3b413ebe-d509-4c50-8c03-8c1381c4ffa1,6,69,True,2247,1935,182.3490715979915
70,3b413ebe-d509-4c50-8c03-8c1381c4ffa1,6,70,True,2275,1963,156.87917483950923
71,3b413ebe-d509-4c50-8c03-8c1381c4ffa1,6,71,True,2305,1993,176.48701417034226
72,3b413ebe-d509-4c50-8c03-8c1381c4ffa1,6,72,True,2336,2024,142.78670600616488
73,3b413ebe-d509-4c50-8c03-8c1381c4ffa1,6,73,True,2374,2062,153.67014615175003
74,3b413ebe-d509-4c50-8c03-8c1381c4ffa1,6,74,True,2399,2087,125.7299570319351
75,3b413ebe-d509-4c50-8c03-8c1381c4ffa1,6,75,True,2436,2124,142.15401192365152
76,3b413ebe-d509-4c50-8c03-8c1381c4ffa1,6,76,True,2460,2148,110.04729828312975
77,3b413ebe-d509-4c50-8c03-8c1381c4ffa1,6,77,True,2493,2181,137.524817473472
78,3b413ebe-d509-4c50-8c03-8c1381c4ffa1,6,78,True,2521,2209,136.09354578902276
79,3b413ebe-d509-4c50-8c03-8c1381c4ffa1,6,79,True,2557,2245,95.85902049958077
80,3b413ebe-d509-4c50-8c03-8c1381c4ffa1,6,80,True,2582,2270,123.40921798873296
81,3b413ebe-d509-4c50-8c03-8c1381c4ffa1,6,81,True,2617,2305,148.21978347316963
82,3b413ebe-d509-4c50-8c03-8c1381c4ffa1,6,82,True,2647,2335,142.4379669301902
83,3b413ebe-d509-4c50-8c03-8c1381c4ffa1,6,83,True,2669,2357,90.98280139648796
84,3b413ebe-d509-4c50-8c03-8c1381c4ffa1,6,84,True,2698,2386,119.49289380651817
85,3b413ebe-d509-4c50-8c03-8c1381c4ffa1,6,85,True,2718,2406,101.95209246486411
86,3b413ebe-d509-4c50-8c03-8c1381c4ffa1,6,86,True,2746,2434,141.68117909467492
87,3b413ebe-d509-4c50-8c03-8c1381c4ffa1,6,87,True,2776,2464,114.99319454792703
88,3b413ebe-d509-4c50-8c03-8c1381c4ffa1,6,88,True,2807,2495,130.45211476499617
89,3b413ebe-d509-4c50-8c03-8c1381c4ffa1,6,89,True,2832,2520,111.78191322663315
90,3b413ebe-d509-4c50-8c03-8c1381c4ffa1,6,90,True,2862,2550,123.14712427098493
91,3b413ebe-d509-4c50-8c03-8c1381c4ffa1,6,91,True,2892,2580,167.06096529555316
92,3b413ebe-d509-4c50-8c03-8c1381c4ffa1,6,92,True,2911,2599,142.03939700770616
93,3b413ebe-d509-4c50-8c03-8c1381c4ffa1,6,93,True,2935,2623,124.06096529555316
94,3b413ebe-d509-4c50-8c03-8c1381c4ffa1,6,94,True,2970,2658,134.88814923924656
95,3b413ebe-d509-4c50-8c03-8c1381c4ffa1,6,95,True,3003,2691,130.52735088320833
96,3b413ebe-d509-4c50-8c03-8c1381c4ffa1,6,96,True,3032,2720,126.73586711198459
97,3b413ebe-d509-4c50-8c03-8c1381c4ffa1,6,97,True,3054,2742,122.38640517933072
98,3b413ebe-d509-4c50-8c03-8c1381c4ffa1,6,98,True,3078,2766,156.1621238000189
99,3b413ebe-d509-4c50-8c03-8c1381c4ffa1,6,99,True,3108,2796,143.38712869162418
100,3b413ebe-d509-4c50-8c03-8c1381c4ffa1,6,100,True,3145,2833,114.29915793796954
101,3b413ebe-d509-4c50-8c03-8c1381c4ffa1,6,101,True,3172,2860,141.42579398734188
102,3b413ebe-d509-4c50-8c03-8c1381c4ffa1,6,102,True,3196,2884,130.53223407441783
103,3b413ebe-d509-4c50-8c03-8c1381c4ffa1,6,103,True,3230,2918,139.6201143258445
104,3b413ebe-d509-4c50-8c03-8c1381c4ffa1,6,104,True,3252,2940,121.66659436329473
105,3b413ebe-d509-4c50-8c03-8c1381c4ffa1,6,105,True,3290,2978,113.14535941268696
106,3b413ebe-d509-4c50-8c03-8c1381c4ffa1,6,106,True,3319,3007,174.36481211750015
107,3b413ebe-d509-4c50-8c03-8c1381c4ffa1,6,107,True,3340,3028,129.93239433736608
108,3b413ebe-d509-4c50-8c03-8c1381c4ffa1,6,108,True,3375,3063,120.6365372713617
109,3b413ebe-d509-4c50-8c03-8c1381c4ffa1,6,109,True,3406,3094,135.63485762193295
110,3b413ebe-d509-4c50-8c03-8c1381c4ffa1,6,110,True,3431,3119,114.27457472441483
111,3b413ebe-d509-4c50-8c03-8c1381c4ffa1,6,111,True,3459,3147,112.96120874601775
112,3b413ebe-d509-4c50-8c03-8c1381c4ffa1,6,112,True,3492,3180,104.72875625562074
113,3b413ebe-d509-4c50-8c03-8c1381c4ffa1,6,113,True,3523,3211,103.45747042871335
114,3b413ebe-d509-4c50-8c03-8c1381c4ffa1,6,114,True,3558,3246,111.9737287103626
115,3b413ebe-d509-4c50-8c03-8c1381c4ffa1,6,115,True,3584,3272,128.64089890156265
116,3b413ebe-d509-4c50-8c03-8c1381c4ffa1,6,116,True,3613,3301,109.03346979551316
117,3b413ebe-d509-4c50-8c03-8c1381c4ffa1,6,117,True,3640,3328,105.84044364443344
118,3b413ebe-d509-4c50-8c03-8c1381c4ffa1,6,118,True,3664,3352,90.29275728904759
119,3b413ebe-d509-4c50-8c03-8c1381c4ffa1,6,119,True,3676,3364,106.9036163305891
120,3b413ebe-d509-4c50-8c03-8c1381c4ffa1,6,120,True,3709,3397,105.8840437791041
121,3b413ebe-d509-4c50-8c03-8c1381c4ffa1,6,121,True,3730,3418,109.03939041035665
122,3b413ebe-d509-4c50-8c03-8c1381c4ffa1,6,122,True,3762,3450,125.85519498723625
123,3b413ebe-d509-4c50-8c03-8c1381c4ffa1,6,123,True,3792,3480,137.349649570348
124,3b413ebe-d509-4c50-8c03-8c1381c4ffa1,6,124,True,3820,3508,112.60884533659646
125,3b413ebe-d509-4c50-8c03-8c1381c4ffa1,6,125,True,3848,3536,109.14906779114335
126,3b413ebe-d509-4c50-8c03-8c1381c4ffa1,6,126,True,3881,3569,135.6853680483041
127,3b413ebe-d509-4c50-8c03-8c1381c4ffa1,6,127,True,3908,3596,101.71711310964793
128,3b413ebe-d509-4c50-8c03-8c1381c4ffa1,6,128,True,3942,3630,96.44771774016453
129,3b413ebe-d509-4c50-8c03-8c1381c4ffa1,6,129,True,3968,3656,146.0956558267021
130,3b413ebe-d509-4c50-8c03-8c1381c4ffa1,6,130,True,3990,3678,127.76642620571693
131,3b413ebe-d509-4c50-8c03-8c1381c4ffa1,6,131,True,4018,3706,152.53126870417373
132,3b413ebe-d509-4c50-8c03-8c1381c4ffa1,6,132,True,4048,3736,151.3735603667701
133,3b413ebe-d509-4c50-8c03-8c1381c4ffa1,6,133,True,4088,3776,162.30899427248414
134,3b413ebe-d509-4c50-8c03-8c1381c4ffa1,6,134,True,4117,3805,129.65290239623027
135,3b413ebe-d509-4c50-8c03-8c1381c4ffa1,6,135,True,4143,3831,159.5134145531074
136,3b413ebe-d509-4c50-8c03-8c1381c4ffa1,6,136,True,4168,3856,132.1070599110658
137,3b413ebe-d509-4c50-8c03-8c1381c4ffa1,6,137,True,4183,3871,137.9295653107797
138,3b413ebe-d509-4c50-8c03-8c1381c4ffa1,6,138,True,4217,3905,137.29793169311597
139,3b413ebe-d509-4c50-8c03-8c1381c4ffa1,6,139,True,4244,3932,106.69849825623805
140,3b413ebe-d509-4c50-8c03-8c1381c4ffa1,6,140,True,4272,3960,139.58018012271077
141,3b413ebe-d509-4c50-8c03-8c1381c4ffa1,6,141,True,4294,3982,120.20051216688444
142,3b413ebe-d509-4c50-8c03-8c1381c4ffa1,6,142,True,4320,4008,163.15007261666324
143,3b413ebe-d509-4c50-8c03-8c1381c4ffa1,6,143,True,4350,4038,155.2080891898222
144,3b413ebe-d509-4c50-8c03-8c1381c4ffa1,6,144,True,4376,4064,165.01890721099608
145,3b413ebe-d509-4c50-8c03-8c1381c4ffa1,6,145,True,4404,4092,161.56237980506012
146,3b413ebe-d509-4c50-8c03-8c1381c4ffa1,6,146,True,4434,4122,198.12450064969926
147,3b413ebe-d509-4c50-8c03-8c1381c4ffa1,6,147,True,4452,4140,185.31685877954624
148,3b413ebe-d509-4c50-8c03-8c1381c4ffa1,6,148,True,4490,4178,190.3838433028277
149,3b413ebe-d509-4c50-8c03-8c1381c4ffa1,6,149,True,4516,4204,137.31723933617195
150,3b413ebe-d509-4c50-8c03-8c1381c4ffa1,6,150,True,4543,4231,137.3838433028277
151,3b413ebe-d509-4c50-8c03-8c1381c4ffa1,6,151,True,4581,4269,176.0831966944943
152,3b413ebe-d509-4c50-8c03-8c1381c4ffa1,6,152,True,4603,4291,127.68814437618767
153,3b413ebe-d509-4c50-8c03-8c1381c4ffa1,6,153,True,4623,4311,138.26661210079874
154,3b413ebe-d509-4c50-8c03-8c1381c4ffa1,6,154,True,4642,4330,135.10808766243463
155,3b413ebe-d509-4c50-8c03-8c1381c4ffa1,6,155,True,4660,4348,130.00992544082874
156,3b413ebe-d509-4c50-8c03-8c1381c4ffa1,6,156,True,4694,4382,135.8454336331397
157,3b413ebe-d509-4c50-8c03-8c1381c4ffa1,6,157,True,4727,4415,154.67121300794315
158,3b413ebe-d509-4c50-8c03-8c1381c4ffa1,6,158,True,4747,4435,131.59749689760338
159,3b413ebe-d509-4c50-8c03-8c1381c4ffa1,6,159,True,4777,4465,181.12882078694201
160,3b413ebe-d509-4c50-8c03-8c1381c4ffa1,6,160,True,4801,4489,126.40184715050054
161,3b413ebe-d509-4c50-8c03-8c1381c4ffa1,6,161,True,4827,4515,156.1176705381713
162,3b413ebe-d509-4c50-8c03-8c1381c4ffa1,6,162,True,4852,4540,133.80638211533187
163,3b413ebe-d509-4c50-8c03-8c1381c4ffa1,6,163,True,4886,4574,170.15104983171295
164,3b413ebe-d509-4c50-8c03-8c1381c4ffa1,6,164,True,4918,4606,141.34916614450503
165,3b413ebe-d509-4c50-8c03-8c1381c4ffa1,6,165,True,4938,4626,164.9535159377947
166,3b413ebe-d509-4c50-8c03-8c1381c4ffa1,6,166,True,4966,4654,168.03077164630122
167,3b413ebe-d509-4c50-8c03-8c1381c4ffa1,6,167,True,4991,4679,169.98467551801969
168,3b413ebe-d509-4c50-8c03-8c1381c4ffa1,6,168,True,5017,4705,146.18192545517377
169,3b413ebe-d509-4c50-8c03-8c1381c4ffa1,6,169,True,5053,4741,159.22586744852288
170,3b413ebe-d509-4c50-8c03-8c1381c4ffa1,6,170,True,5078,4766,137.8478660707242
171,3b413ebe-d509-4c50-8c03-8c1381c4ffa1,6,171,True,5118,4806,143.653136335025
172,3b413ebe-d509-4c50-8c03-8c1381c4ffa1,6,172,True,5148,4836,153.4539846035068
173,3b413ebe-d509-4c50-8c03-8c1381c4ffa1,6,173,True,5172,4860,141.33828223820456
174,3b413ebe-d509-4c50-8c03-8c1381c4ffa1,6,174,True,5202,4890,126.32474549951712
175,3b413ebe-d509-4c50-8c03-8c1381c4ffa1,6,175,True,5221,4909,144.27821430119093
176,3b413ebe-d509-4c50-8c03-8c1381c4ffa1,6,176,True,5238,4926,124.87539841724629
177,3b413ebe-d509-4c50-8c03-8c1381c4ffa1,6,177,True,5265,4953,146.63675948120726
178,3b413ebe-d509-4c50-8c03-8c1381c4ffa1,6,178,True,5290,4978,124.00452894305545
179,3b413ebe-d509-4c50-8c03-8c1381c4ffa1,6,179,True,5311,4999,185.03327441097372
180,3b413ebe-d509-4c50-8c03-8c1381c4ffa1,6,180,True,5341,5029,165.7115340463788
181,3b413ebe-d509-4c50-8c03-8c1381c4ffa1,6,181,True,5360,5048,152.1789404402025
182,3b413ebe-d509-4c50-8c03-8c1381c4ffa1,6,182,True,5391,5079,161.95906684260444
183,3b413ebe-d509-4c50-8c03-8c1381c4ffa1,6,183,True,5417,5105,159.038008676991
184,3b413ebe-d509-4c50-8c03-8c1381c4ffa1,6,184,True,5443,5131,158.53882641040218
185,3b413ebe-d509-4c50-8c03-8c1381c4ffa1,6,185,True,5475,5163,129.02558493119795
186,3b413ebe-d509-4c50-8c03-8c1381c4ffa1,6,186,True,5502,5190,166.184430600797
187,3b413ebe-d509-4c50-8c03-8c1381c4ffa1,6,187,True,5522,5210,153.38936314794228
188,3b413ebe-d509-4c50-8c03-8c1381c4ffa1,6,188,True,5539,5227,153.641401758533
189,3b413ebe-d509-4c50-8c03-8c1381c4ffa1,6,189,True,5559,5247,157.0445988679603
190,3b413ebe-d509-4c50-8c03-8c1381c4ffa1,6,190,True,5591,5279,127.18756006692365
191,3b413ebe-d509-4c50-8c03-8c1381c4ffa1,6,191,True,5633,5321,131.59655906797707
192,3b413ebe-d509-4c50-8c03-8c1381c4ffa1,6,192,True,5657,5345,164.68604209697605
193,3b413ebe-d509-4c50-8c03-8c1381c4ffa1,6,193,True,5675,5363,130.30080656384325
194,3b413ebe-d509-4c50-8c03-8c1381c4ffa1,6,194,True,5705,5393,129.97004584972728
195,3b413ebe-d509-4c50-8c03-8c1381c4ffa1,6,195,True,5732,5420,116.34271959504804
196,3b413ebe-d509-4c50-8c03-8c1381c4ffa1,6,196,True,5761,5449,122.39134851795643
197,3b413ebe-d509-4c50-8c03-8c1381c4ffa1,6,197,True,5776,5464,130.7356453441398
198,3b413ebe-d509-4c50-8c03-8c1381c4ffa1,6,198,True,5815,5503,137.74684626073758
199,3b413ebe-d509-4c50-8c03-8c1381c4ffa1,6,199,True,5842,5530,122.94942085508228
200,3b413ebe-d509-4c50-8c03-8c1381c4ffa1,6,200,True,5866,5554,131.87813638096577
201,3b413ebe-d509-4c50-8c03-8c1381c4ffa1,6,201,True,5893,5581,107.54637236470535
202,3b413ebe-d509-4c50-8c03-8c1381c4ffa1,6,202,True,5922,5610,139.88237079996998
203,3b413ebe-d509-4c50-8c03-8c1381c4ffa1,6,203,True,5953,5641,134.20985273000224
204,3b413ebe-d509-4c50-8c03-8c1381c4ffa1,6,204,True,5978,5666,145.04884405791654
205,3b413ebe-d509-4c50-8c03-8c1381c4ffa1,6,205,True,6009,5697,133.9249082325805
206,3b413ebe-d509-4c50-8c03-8c1381c4ffa1,6,206,True,6045,5733,123.15032162382431
207,3b413ebe-d509-4c50-8c03-8c1381c4ffa1,6,207,True,6084,5772,151.91306982926835
208,3b413ebe-d509-4c50-8c03-8c1381c4ffa1,6,208,True,6113,5801,139.05452956772115
209,3b413ebe-d509-4c50-8c03-8c1381c4ffa1,6,209,True,6128,5816,170.12511355848437
210,3b413ebe-d509-4c50-8c03-8c1381c4ffa1,6,210,True,6154,5842,114.12244858449412
211,3b413ebe-d509-4c50-8c03-8c1381c4ffa1,6,211,True,6183,5871,146.31186606328356
212,3b413ebe-d509-4c50-8c03-8c1381c4ffa1,6,212,True,6217,5905,155.871938024643
213,3b413ebe-d509-4c50-8c03-8c1381c4ffa1,6,213,True,6243,5931,168.4600641933739
214,3b413ebe-d509-4c50-8c03-8c1381c4ffa1,6,214,True,6277,5965,143.86293400393788
215,3b413ebe-d509-4c50-8c03-8c1381c4ffa1,6,215,True,6304,5992,169.58234179476221
216,3b413ebe-d509-4c50-8c03-8c1381c4ffa1,6,216,True,6344,6032,145.00003868652584
217,3b413ebe-d509-4c50-8c03-8c1381c4ffa1,6,217,True,6367,6055,130.00845162054247
218,3b413ebe-d509-4c50-8c03-8c1381c4ffa1,6,218,True,6397,6085,135.12129350111172
219,3b413ebe-d509-4c50-8c03-8c1381c4ffa1,6,219,True,6417,6105,166.74158172802072
220,3b413ebe-d509-4c50-8c03-8c1381c4ffa1,6,220,True,6445,6133,115.44045441159142
221,3b413ebe-d509-4c50-8c03-8c1381c4ffa1,6,221,True,6473,6161,113.25892031988951
222,3b413ebe-d509-4c50-8c03-8c1381c4ffa1,6,222,True,6502,6190,135.1185481165121
223,3b413ebe-d509-4c50-8c03-8c1381c4ffa1,6,223,True,6537,6225,125.61014893599531
224,3b413ebe-d509-4c50-8c03-8c1381c4ffa1,6,224,True,6558,6246,151.0638739678343
225,3b413ebe-d509-4c50-8c03-8c1381c4ffa1,6,225,True,6590,6278,123.91914151391666
226,3b413ebe-d509-4c50-8c03-8c1381c4ffa1,6,226,True,6621,6309,137.11967490298866
227,3b413ebe-d509-4c50-8c03-8c1381c4ffa1,6,227,True,6642,6330,125.17667816697121
228,3b413ebe-d509-4c50-8c03-8c1381c4ffa1,6,228,True,6667,6355,145.87370739645576
229,3b413ebe-d509-4c50-8c03-8c1381c4ffa1,6,229,True,6693,6381,126.86471100654035
230,3b413ebe-d509-4c50-8c03-8c1381c4ffa1,6,230,True,6729,6417,145.52717224677326
231,3b413ebe-d509-4c50-8c03-8c1381c4ffa1,6,231,True,6757,6445,113.09295109260074
232,3b413ebe-d509-4c50-8c03-8c1381c4ffa1,6,232,True,6783,6471,164.20159879024777
233,3b413ebe-d509-4c50-8c03-8c1381c4ffa1,6,233,True,6811,6499,142.27376566011844
234,3b413ebe-d509-4c50-8c03-8c1381c4ffa1,6,234,True,6839,6527,155.21030933865495
235,3b413ebe-d509-4c50-8c03-8c1381c4ffa1,6,235,True,6869,6557,194.48851723563803
236,3b413ebe-d509-4c50-8c03-8c1381c4ffa1,6,236,True,6887,6575,161.003164125078
237,3b413ebe-d509-4c50-8c03-8c1381c4ffa1,6,237,True,6908,6596,137.2220871360987
238,3b413ebe-d509-4c50-8c03-8c1381c4ffa1,6,238,True,6929,6617,160.09797883599003
239,3b413ebe-d509-4c50-8c03-8c1381c4ffa1,6,239,True,6951,6639,173.52264436292444
240,3b413ebe-d509-4c50-8c03-8c1381c4ffa1,6,240,True,6987,6675,151.70895211982315
241,3b413ebe-d509-4c50-8c03-8c1381c4ffa1,6,241,True,7017,6705,134.89028108723232
242,3b413ebe-d509-4c50-8c03-8c1381c4ffa1,6,242,True,7039,6727,146.72089520157897
243,3b413ebe-d509-4c50-8c03-8c1381c4ffa1,6,243,True,7061,6749,186.1776207109815
244,3b413ebe-d509-4c50-8c03-8c1381c4ffa1,6,244,True,7083,6771,161.4767216661894
245,3b413ebe-d509-4c50-8c03-8c1381c4ffa1,6,245,True,7103,6791,146.64883150358855
246,3b413ebe-d509-4c50-8c03-8c1381c4ffa1,6,246,True,7126,6814,225.4503897361801
247,3b413ebe-d509-4c50-8c03-8c1381c4ffa1,6,247,True,7154,6842,254.02155261494318
248,3b413ebe-d509-4c50-8c03-8c1381c4ffa1,6,248,True,7184,6872,220.75163397875622
249,3b413ebe-d509-4c50-8c03-8c1381c4ffa1,6,249,True,7201,6889,207.02155261494318
250,3b413ebe-d509-4c50-8c03-8c1381c4ffa1,6,250,True,7234,6922,170.75163397875622
251,3b413ebe-d509-4c50-8c03-8c1381c4ffa1,6,251,True,7256,6944,199.52059832616578
252,3b413ebe-d509-4c50-8c03-8c1381c4ffa1,6,252,True,7282,6970,146.98117308589462
253,3b413ebe-d509-4c50-8c03-8c1381c4ffa1,6,253,True,7312,7000,196.09792855417163
254,3b413ebe-d509-4c50-8c03-8c1381c4ffa1,6,254,True,7339,7027,190.41495088130705
255,3b413ebe-d509-4c50-8c03-8c1381c4ffa1,6,255,True,7353,7041,227.73172797060124
256,3b413ebe-d509-4c50-8c03-8c1381c4ffa1,6,256,True,7381,7069,170.08622139216914
257,3b413ebe-d509-4c50-8c03-8c1381c4ffa1,6,257,True,7401,7089,203.36965569737004
258,3b413ebe-d509-4c50-8c03-8c1381c4ffa1,6,258,True,7429,7117,182.5513499232693
259,3b413ebe-d509-4c50-8c03-8c1381c4ffa1,6,259,True,7453,7141,177.49620662004963
260,3b413ebe-d509-4c50-8c03-8c1381c4ffa1,6,260,True,7476,7164,208.78473205248793
261,3b413ebe-d509-4c50-8c03-8c1381c4ffa1,6,261,True,7505,7193,184.52939685131514
262,3b413ebe-d509-4c50-8c03-8c1381c4ffa1,6,262,True,7538,7226,149.04912733382116
263,3b413ebe-d509-4c50-8c03-8c1381c4ffa1,6,263,True,7557,7245,177.81299327796296
264,3b413ebe-d509-4c50-8c03-8c1381c4ffa1,6,264,True,7586,7274,179.62934478862735
265,3b413ebe-d509-4c50-8c03-8c1381c4ffa1,6,265,True,7613,7301,174.17728610221093
266,3b413ebe-d509-4c50-8c03-8c1381c4ffa1,6,266,True,7637,7325,155.56785906847472
267,3b413ebe-d509-4c50-8c03-8c1381c4ffa1,6,267,True,7667,7355,122.92723646885224
268,3b413ebe-d509-4c50-8c03-8c1381c4ffa1,6,268,True,7696,7384,148.6878688954539
269,3b413ebe-d509-4c50-8c03-8c1381c4ffa1,6,269,True,7716,7404,131.45759876597913
270,3b413ebe-d509-4c50-8c03-8c1381c4ffa1,6,270,True,7739,7427,186.77171076477134
271,3b413ebe-d509-4c50-8c03-8c1381c4ffa1,6,271,True,7761,7449,175.32406729819013
272,3b413ebe-d509-4c50-8c03-8c1381c4ffa1,6,272,True,7780,7468,119.92013606770888
273,3b413ebe-d509-4c50-8c03-8c1381c4ffa1,6,273,True,7800,7488,227.48158534270078
274,3b413ebe-d509-4c50-8c03-8c1381c4ffa1,6,274,True,7833,7521,171.13853507498698
275,3b413ebe-d509-4c50-8c03-8c1381c4ffa1,6,275,True,7855,7543,174.59207893268558
276,3b413ebe-d509-4c50-8c03-8c1381c4ffa1,6,276,True,7892,7580,187.43995779617399
277,3b413ebe-d509-4c50-8c03-8c1381c4ffa1,6,277,True,7921,7609,152.81922306357956
278,3b413ebe-d509-4c50-8c03-8c1381c4ffa1,6,278,True,7953,7641,175.1126879054591
279,3b413ebe-d509-4c50-8c03-8c1381c4ffa1,6,279,True,7978,7666,147.96410485980778
280,3b413ebe-d509-4c50-8c03-8c1381c4ffa1,6,280,True,8006,7694,170.40016221983842
281,3b413ebe-d509-4c50-8c03-8c1381c4ffa1,6,281,True,8026,7714,133.86121238244596
282,3b413ebe-d509-4c50-8c03-8c1381c4ffa1,6,282,True,8050,7738,138.55803873653895
283,3b413ebe-d509-4c50-8c03-8c1381c4ffa1,6,283,True,8071,7759,160.68254731692105
284,3b413ebe-d509-4c50-8c03-8c1381c4ffa1,6,284,True,8099,7787,167.14371034012856
285,3b413ebe-d509-4c50-8c03-8c1381c4ffa1,6,285,True,8124,7812,159.35590384764146
286,3b413ebe-d509-4c50-8c03-8c1381c4ffa1,6,286,True,8149,7837,172.35828309233602
287,3b413ebe-d509-4c50-8c03-8c1381c4ffa1,6,287,True,8173,7861,160.29858794239863
288,3b413ebe-d509-4c50-8c03-8c1381c4ffa1,6,288,True,8205,7893,131.94501944159947
289,3b413ebe-d509-4c50-8c03-8c1381c4ffa1,6,289,True,8232,7920,155.1436603978127
290,3b413ebe-d509-4c50-8c03-8c1381c4ffa1,6,290,True,8257,7945,132.68607242820326
291,3b413ebe-d509-4c50-8c03-8c1381c4ffa1,6,291,True,8278,7966,135.24623257982603
292,3b413ebe-d509-4c50-8c03-8c1381c4ffa1,6,292,True,8316,8004,159.3536345256798
293,3b413ebe-d509-4c50-8c03-8c1381c4ffa1,6,293,True,8334,8022,143.88311306678224
294,3b413ebe-d509-4c50-8c03-8c1381c4ffa1,6,294,True,8363,8051,216.63145826833534
295,3b413ebe-d509-4c50-8c03-8c1381c4ffa1,6,295,True,8384,8072,165.45369785156072
296,3b413ebe-d509-4c50-8c03-8c1381c4ffa1,6,296,True,8407,8095,167.87139763424238
297,3b413ebe-d509-4c50-8c03-8c1381c4ffa1,6,297,True,8429,8117,221.1015577897033
298,3b413ebe-d509-4c50-8c03-8c1381c4ffa1,6,298,True,8459,8147,165.75403538903447
299,3b413ebe-d509-4c50-8c03-8c1381c4ffa1,6,299,True,8484,8172,166.1015577897033
300,3b413ebe-d509-4c50-8c03-8c1381c4ffa1,6,300,True,8510,8198,164.7005849185698
301,3b413ebe-d509-4c50-8c03-8c1381c4ffa1,6,301,True,8537,8225,163.86728286189646
302,3b413ebe-d509-4c50-8c03-8c1381c4ffa1,6,302,True,8564,8252,163.2894942984476
303,3b413ebe-d509-4c50-8c03-8c1381c4ffa1,6,303,True,8596,8284,137.69523870646663
304,3b413ebe-d509-4c50-8c03-8c1381c4ffa1,6,304,True,8622,8310,184.9920724712665
305,3b413ebe-d509-4c50-8c03-8c1381c4ffa1,6,305,True,8658,8346,184.11265456654655
306,3b413ebe-d509-4c50-8c03-8c1381c4ffa1,6,306,True,8688,8376,139.28422977925038
307,3b413ebe-d509-4c50-8c03-8c1381c4ffa1,6,307,True,8709,8397,159.85307736101458
308,3b413ebe-d509-4c50-8c03-8c1381c4ffa1,6,308,True,8739,8427,136.02614770663786
309,3b413ebe-d509-4c50-8c03-8c1381c4ffa1,6,309,True,8760,8448,131.75302768554684
310,3b413ebe-d509-4c50-8c03-8c1381c4ffa1,6,310,True,8784,8472,178.68553294527737
311,3b413ebe-d509-4c50-8c03-8c1381c4ffa1,6,311,True,8809,8497,157.48745778265038
312,3b413ebe-d509-4c50-8c03-8c1381c4ffa1,6,312,True,8830,8518,130.24434411289258
313,3b413ebe-d509-4c50-8c03-8c1381c4ffa1,6,313,True,8863,8551,162.57182571159865
314,3b413ebe-d509-4c50-8c03-8c1381c4ffa1,6,314,True,8886,8574,153.5251377613895
315,3b413ebe-d509-4c50-8c03-8c1381c4ffa1,6,315,True,8917,8605,158.80021152548215
316,3b413ebe-d509-4c50-8c03-8c1381c4ffa1,6,316,True,8948,8636,138.9252356417146
317,3b413ebe-d509-4c50-8c03-8c1381c4ffa1,6,317,True,8972,8660,200.4198151505134
318,3b413ebe-d509-4c50-8c03-8c1381c4ffa1,6,318,True,9001,8689,179.49426543469053
319,3b413ebe-d509-4c50-8c03-8c1381c4ffa1,6,319,True,9028,8716,196.53046789082873
320,3b413ebe-d509-4c50-8c03-8c1381c4ffa1,6,320,True,9049,8737,193.82581059004042
321,3b413ebe-d509-4c50-8c03-8c1381c4ffa1,6,321,True,9077,8765,221.6288630390627
322,3b413ebe-d509-4c50-8c03-8c1381c4ffa1,6,322,True,9115,8803,183.6288630390627
323,3b413ebe-d509-4c50-8c03-8c1381c4ffa1,6,323,True,9146,8834,206.28707498078802
324,3b413ebe-d509-4c50-8c03-8c1381c4ffa1,6,324,True,9175,8863,164.7210335303971
325,3b413ebe-d509-4c50-8c03-8c1381c4ffa1,6,325,True,9202,8890,187.1936060612461
326,3b413ebe-d509-4c50-8c03-8c1381c4ffa1,6,326,True,9229,8917,160.1936060612461
327,3b413ebe-d509-4c50-8c03-8c1381c4ffa1,6,327,True,9250,8938,208.3128153868147
328,3b413ebe-d509-4c50-8c03-8c1381c4ffa1,6,328,True,9285,8973,150.00289507051275
329,3b413ebe-d509-4c50-8c03-8c1381c4ffa1,6,329,True,9314,9002,172.32038805940465
330,3b413ebe-d509-4c50-8c03-8c1381c4ffa1,6,330,True,9331,9019,182.24619011126742
331,3b413ebe-d509-4c50-8c03-8c1381c4ffa1,6,331,True,9364,9052,174.37470320587636
332,3b413ebe-d509-4c50-8c03-8c1381c4ffa1,6,332,True,9389,9077,154.80225124526805
333,3b413ebe-d509-4c50-8c03-8c1381c4ffa1,6,333,True,9417,9105,153.95285177805818
334,3b413ebe-d509-4c50-8c03-8c1381c4ffa1,6,334,True,9442,9130,131.24015961354417
335,3b413ebe-d509-4c50-8c03-8c1381c4ffa1,6,335,True,9474,9162,155.9451173514026
336,3b413ebe-d509-4c50-8c03-8c1381c4ffa1,6,336,True,9497,9185,157.79490713281848
337,3b413ebe-d509-4c50-8c03-8c1381c4ffa1,6,337,True,9518,9206,161.86614874325642
338,3b413ebe-d509-4c50-8c03-8c1381c4ffa1,6,338,True,9546,9234,239.34276657536066
339,3b413ebe-d509-4c50-8c03-8c1381c4ffa1,6,339,True,9583,9271,124.710369711569
340,3b413ebe-d509-4c50-8c03-8c1381c4ffa1,6,340,True,9612,9300,120.18985448212334
341,3b413ebe-d509-4c50-8c03-8c1381c4ffa1,6,341,True,9633,9321,190.74053930706577
342,3b413ebe-d509-4c50-8c03-8c1381c4ffa1,6,342,True,9661,9349,174.42261074014823
343,3b413ebe-d509-4c50-8c03-8c1381c4ffa1,6,343,True,9679,9367,132.24656424237583
344,3b413ebe-d509-4c50-8c03-8c1381c4ffa1,6,344,True,9702,9390,106.59672446662807
345,3b413ebe-d509-4c50-8c03-8c1381c4ffa1,6,345,True,9725,9413,134.00142866173337
346,3b413ebe-d509-4c50-8c03-8c1381c4ffa1,6,346,True,9754,9442,122.23912162867055
347,3b413ebe-d509-4c50-8c03-8c1381c4ffa1,6,347,True,9786,9474,167.67268845606122
348,3b413ebe-d509-4c50-8c03-8c1381c4ffa1,6,348,True,9814,9502,110.56406417776998
349,3b413ebe-d509-4c50-8c03-8c1381c4ffa1,6,349,True,9840,9528,176.64328555585053
350,3b413ebe-d509-4c50-8c03-8c1381c4ffa1,6,350,True,9861,9549,133.419973436492
351,3b413ebe-d509-4c50-8c03-8c1381c4ffa1,6,351,True,9887,9575,159.18405232820078
352,3b413ebe-d509-4c50-8c03-8c1381c4ffa1,6,352,True,9917,9605,127.0830368234474
353,3b413ebe-d509-4c50-8c03-8c1381c4ffa1,6,353,True,9948,9636,131.52966899375315
354,3b413ebe-d509-4c50-8c03-8c1381c4ffa1,6,354,True,9971,9659,161.6955229172072
355,3b413ebe-d509-4c50-8c03-8c1381c4ffa1,6,355,True,10004,9692,210.96887562937627
356,3b413ebe-d509-4c50-8c03-8c1381c4ffa1,6,356,True,10034,9722,155.7813229097792
357,3b413ebe-d509-4c50-8c03-8c1381c4ffa1,6,357,True,10054,9742,182.143335093142
358,3b413ebe-d509-4c50-8c03-8c1381c4ffa1,6,358,True,10085,9773,132.55127944280684
359,3b413ebe-d509-4c50-8c03-8c1381c4ffa1,6,359,True,10119,9807,148.50316149654464
360,3b413ebe-d509-4c50-8c03-8c1381c4ffa1,6,360,True,10149,9837,143.95468080371575
361,3b413ebe-d509-4c50-8c03-8c1381c4ffa1,6,361,True,10172,9860,173.75400226761303
362,3b413ebe-d509-4c50-8c03-8c1381c4ffa1,6,362,True,10194,9882,148.83039219976854
363,3b413ebe-d509-4c50-8c03-8c1381c4ffa1,6,363,True,10220,9908,166.83280284371722
364,3b413ebe-d509-4c50-8c03-8c1381c4ffa1,6,364,True,10253,9941,137.5858109080873
365,3b413ebe-d509-4c50-8c03-8c1381c4ffa1,6,365,True,10277,9965,137.00715427977957
366,3b413ebe-d509-4c50-8c03-8c1381c4ffa1,6,366,True,10306,9994,110.53025203638208
367,3b413ebe-d509-4c50-8c03-8c1381c4ffa1,6,367,True,10336,10024,128.25067772048533
368,3b413ebe-d509-4c50-8c03-8c1381c4ffa1,6,368,True,10365,10053,105.87935816498793
369,3b413ebe-d509-4c50-8c03-8c1381c4ffa1,6,369,True,10397,10085,146.43693133218403
370,3b413ebe-d509-4c50-8c03-8c1381c4ffa1,6,370,True,10432,10120,114.03090242100188
371,3b413ebe-d509-4c50-8c03-8c1381c4ffa1,6,371,True,10459,10147,138.32095062302506
372,3b413ebe-d509-4c50-8c03-8c1381c4ffa1,6,372,True,10483,10171,104.11029222786601
373,3b413ebe-d509-4c50-8c03-8c1381c4ffa1,6,373,True,10513,10201,162.03611344043202
374,3b413ebe-d509-4c50-8c03-8c1381c4ffa1,6,374,True,10534,10222,135.58664998896893
375,3b413ebe-d509-4c50-8c03-8c1381c4ffa1,6,375,True,10556,10244,119.03611344043202
376,3b413ebe-d509-4c50-8c03-8c1381c4ffa1,6,376,True,10576,10264,130.2580067718427
377,3b413ebe-d509-4c50-8c03-8c1381c4ffa1,6,377,True,10600,10288,150.9909488744961
378,3b413ebe-d509-4c50-8c03-8c1381c4ffa1,6,378,True,10630,10318,125.5942423128763
379,3b413ebe-d509-4c50-8c03-8c1381c4ffa1,6,379,True,10653,10341,125.83728349725425
380,3b413ebe-d509-4c50-8c03-8c1381c4ffa1,6,380,True,10688,10376,182.50788278012988
381,3b413ebe-d509-4c50-8c03-8c1381c4ffa1,6,381,True,10717,10405,141.08313709754475
382,3b413ebe-d509-4c50-8c03-8c1381c4ffa1,6,382,True,10743,10431,127.50788278012988
383,3b413ebe-d509-4c50-8c03-8c1381c4ffa1,6,383,True,10771,10459,139.23665234060354
384,3b413ebe-d509-4c50-8c03-8c1381c4ffa1,6,384,True,10793,10481,162.81898160877427
385,3b413ebe-d509-4c50-8c03-8c1381c4ffa1,6,385,True,10812,10500,152.7054442574008
386,3b413ebe-d509-4c50-8c03-8c1381c4ffa1,6,386,True,10835,10523,173.33628920591582
387,3b413ebe-d509-4c50-8c03-8c1381c4ffa1,6,387,True,10859,10547,161.88193024780958
388,3b413ebe-d509-4c50-8c03-8c1381c4ffa1,6,388,True,10890,10578,143.88505639178766
389,3b413ebe-d509-4c50-8c03-8c1381c4ffa1,6,389,True,10919,10607,139.9651024351133
390,3b413ebe-d509-4c50-8c03-8c1381c4ffa1,6,390,True,10951,10639,160.45535780527462
391,3b413ebe-d509-4c50-8c03-8c1381c4ffa1,6,391,True,10980,10668,133.4762004606
392,3b413ebe-d509-4c50-8c03-8c1381c4ffa1,6,392,True,11008,10696,127.59555678234028
393,3b413ebe-d509-4c50-8c03-8c1381c4ffa1,6,393,True,11033,10721,111.35989133206385
394,3b413ebe-d509-4c50-8c03-8c1381c4ffa1,6,394,True,11053,10741,236.5055119106728
395,3b413ebe-d509-4c50-8c03-8c1381c4ffa1,6,395,True,11084,10772,121.92205857471708
396,3b413ebe-d509-4c50-8c03-8c1381c4ffa1,6,396,True,11115,10803,249.34218070803763
397,3b413ebe-d509-4c50-8c03-8c1381c4ffa1,6,397,True,11138,10826,186.6482762392152
398,3b413ebe-d509-4c50-8c03-8c1381c4ffa1,6,398,True,11171,10859,202.16442672247467
399,3b413ebe-d509-4c50-8c03-8c1381c4ffa1,6,399,True,11195,10883,178.16442672247467
400,3b413ebe-d509-4c50-8c03-8c1381c4ffa1,6,400,True,11220,10908,215.7659218842091
401,3b413ebe-d509-4c50-8c03-8c1381c4ffa1,6,401,True,11257,10945,164.24699009625874
402,3b413ebe-d509-4c50-8c03-8c1381c4ffa1,6,402,True,11296,10984,142.1114956055044
403,3b413ebe-d509-4c50-8c03-8c1381c4ffa1,6,403,True,11318,11006,152.35054559825403
404,3b413ebe-d509-4c50-8c03-8c1381c4ffa1,6,404,True,11353,11041,122.23051805516297
405,3b413ebe-d509-4c50-8c03-8c1381c4ffa1,6,405,True,11386,11074,123.89513836133665
406,3b413ebe-d509-4c50-8c03-8c1381c4ffa1,6,406,True,11410,11098,130.77117759318935
407,3b413ebe-d509-4c50-8c03-8c1381c4ffa1,6,407,True,11449,11137,115.91780517510051
408,3b413ebe-d509-4c50-8c03-8c1381c4ffa1,6,408,True,11471,11159,136.8452593491511
409,3b413ebe-d509-4c50-8c03-8c1381c4ffa1,6,409,True,11508,11196,126.46815864644122
410,3b413ebe-d509-4c50-8c03-8c1381c4ffa1,6,410,True,11539,11227,120.16343736290946
411,3b413ebe-d509-4c50-8c03-8c1381c4ffa1,6,411,True,11578,11266,103.55678277012703
412,3b413ebe-d509-4c50-8c03-8c1381c4ffa1,6,412,True,11612,11300,153.22638916211326
413,3b413ebe-d509-4c50-8c03-8c1381c4ffa1,6,413,True,11637,11325,133.8516716145259
414,3b413ebe-d509-4c50-8c03-8c1381c4ffa1,6,414,True,11660,11348,152.8207101000662
415,3b413ebe-d509-4c50-8c03-8c1381c4ffa1,6,415,True,11685,11373,153.03736169705735
416,3b413ebe-d509-4c50-8c03-8c1381c4ffa1,6,416,True,11703,11391,137.65633685692592
417,3b413ebe-d509-4c50-8c03-8c1381c4ffa1,6,417,True,11731,11419,133.68448053637258
418,3b413ebe-d509-4c50-8c03-8c1381c4ffa1,6,418,True,11756,11444,134.19456186879324
419,3b413ebe-d509-4c50-8c03-8c1381c4ffa1,6,419,True,11791,11479,127.01625954116935
420,3b413ebe-d509-4c50-8c03-8c1381c4ffa1,6,420,True,11814,11502,149.39550614338987
421,3b413ebe-d509-4c50-8c03-8c1381c4ffa1,6,421,True,11849,11537,126.1204040518387
422,3b413ebe-d509-4c50-8c03-8c1381c4ffa1,6,422,True,11884,11572,129.964165334246
423,3b413ebe-d509-4c50-8c03-8c1381c4ffa1,6,423,True,11922,11610,117.67920650771703
424,3b413ebe-d509-4c50-8c03-8c1381c4ffa1,6,424,True,11954,11642,139.23129705649808
425,3b413ebe-d509-4c50-8c03-8c1381c4ffa1,6,425,True,11981,11669,109.68895378410161
426,3b413ebe-d509-4c50-8c03-8c1381c4ffa1,6,426,True,12013,11701,154.036834813498
427,3b413ebe-d509-4c50-8c03-8c1381c4ffa1,6,427,True,12039,11727,130.68423625545074
428,3b413ebe-d509-4c50-8c03-8c1381c4ffa1,6,428,True,12062,11750,113.019526047623
429,3b413ebe-d509-4c50-8c03-8c1381c4ffa1,6,429,True,12087,11775,129.52327760896878
430,3b413ebe-d509-4c50-8c03-8c1381c4ffa1,6,430,True,12111,11799,140.63497863595512
431,3b413ebe-d509-4c50-8c03-8c1381c4ffa1,6,431,True,12126,11814,93.4681558481825
432,3b413ebe-d509-4c50-8c03-8c1381c4ffa1,6,432,True,12152,11840,125.99734166552116
433,3b413ebe-d509-4c50-8c03-8c1381c4ffa1,6,433,True,12185,11873,115.93272664565848
434,3b413ebe-d509-4c50-8c03-8c1381c4ffa1,6,434,True,12211,11899,134.96208176445361
435,3b413ebe-d509-4c50-8c03-8c1381c4ffa1,6,435,True,12250,11938,130.77084224709506
436,3b413ebe-d509-4c50-8c03-8c1381c4ffa1,6,436,True,12279,11967,144.06592690827893
437,3b413ebe-d509-4c50-8c03-8c1381c4ffa1,6,437,True,12318,12006,158.5382004621515
438,3b413ebe-d509-4c50-8c03-8c1381c4ffa1,6,438,True,12347,12035,127.29638127694852
439,3b413ebe-d509-4c50-8c03-8c1381c4ffa1,6,439,True,12370,12058,156.501049979066
440,3b413ebe-d509-4c50-8c03-8c1381c4ffa1,6,440,True,12393,12081,130.76136275957833
441,3b413ebe-d509-4c50-8c03-8c1381c4ffa1,6,441,True,12425,12113,149.64997508803754
442,3b413ebe-d509-4c50-8c03-8c1381c4ffa1,6,442,True,12451,12139,152.21187397179347
443,3b413ebe-d509-4c50-8c03-8c1381c4ffa1,6,443,True,12482,12170,141.50403028172695
444,3b413ebe-d509-4c50-8c03-8c1381c4ffa1,6,444,True,12515,12203,138.33936702778374
445,3b413ebe-d509-4c50-8c03-8c1381c4ffa1,6,445,True,12538,12226,214.07093655120116
446,3b413ebe-d509-4c50-8c03-8c1381c4ffa1,6,446,True,12567,12255,188.1439314087329
447,3b413ebe-d509-4c50-8c03-8c1381c4ffa1,6,447,True,12591,12279,164.1439314087329
448,3b413ebe-d509-4c50-8c03-8c1381c4ffa1,6,448,True,12625,12313,308.82784526173236
449,3b413ebe-d509-4c50-8c03-8c1381c4ffa1,6,449,True,12655,12343,249.1176278497387
450,3b413ebe-d509-4c50-8c03-8c1381c4ffa1,6,450,True,12674,12362,259.82784526173236
451,3b413ebe-d509-4c50-8c03-8c1381c4ffa1,6,451,True,12700,12388,230.99370591037768
452,3b413ebe-d509-4c50-8c03-8c1381c4ffa1,6,452,True,12731,12419,251.87827095926696
453,3b413ebe-d509-4c50-8c03-8c1381c4ffa1,6,453,True,12750,12438,257.34814700890274
454,3b413ebe-d509-4c50-8c03-8c1381c4ffa1,6,454,True,12781,12469,291.4920064611597
455,3b413ebe-d509-4c50-8c03-8c1381c4ffa1,6,455,True,12815,12503,237.48210514430684
456,3b413ebe-d509-4c50-8c03-8c1381c4ffa1,6,456,True,12842,12530,230.4920064611597
457,3b413ebe-d509-4c50-8c03-8c1381c4ffa1,6,457,True,12875,12563,233.36836411954027
458,3b413ebe-d509-4c50-8c03-8c1381c4ffa1,6,458,True,12906,12594,248.81070255120176
459,3b413ebe-d509-4c50-8c03-8c1381c4ffa1,6,459,True,12930,12618,166.502059937573
460,3b413ebe-d509-4c50-8c03-8c1381c4ffa1,6,460,True,12963,12651,205.3046096158996
461,3b413ebe-d509-4c50-8c03-8c1381c4ffa1,6,461,True,12994,12682,231.1901842058396
462,3b413ebe-d509-4c50-8c03-8c1381c4ffa1,6,462,True,13025,12713,218.9824693048231
463,3b413ebe-d509-4c50-8c03-8c1381c4ffa1,6,463,True,13055,12743,240.59350267873015
464,3b413ebe-d509-4c50-8c03-8c1381c4ffa1,6,464,True,13077,12765,201.83050559150252
465,3b413ebe-d509-4c50-8c03-8c1381c4ffa1,6,465,True,13112,12800,248.46508004133648
466,3b413ebe-d509-4c50-8c03-8c1381c4ffa1,6,466,True,13145,12833,186.74081138768815
467,3b413ebe-d509-4c50-8c03-8c1381c4ffa1,6,467,True,13170,12858,171.17979663306687
468,3b413ebe-d509-4c50-8c03-8c1381c4ffa1,6,468,True,13192,12880,191.42606456843168
469,3b413ebe-d509-4c50-8c03-8c1381c4ffa1,6,469,True,13226,12914,186.25500170251144
470,3b413ebe-d509-4c50-8c03-8c1381c4ffa1,6,470,True,13256,12944,192.60100036154836
471,3b413ebe-d509-4c50-8c03-8c1381c4ffa1,6,471,True,13286,12974,174.4665252440118
472,3b413ebe-d509-4c50-8c03-8c1381c4ffa1,6,472,True,13318,13006,177.7667266714252
473,3b413ebe-d509-4c50-8c03-8c1381c4ffa1,6,473,True,13350,13038,145.7667266714252
474,3b413ebe-d509-4c50-8c03-8c1381c4ffa1,6,474,True,13392,13080,153.366529601406
475,3b413ebe-d509-4c50-8c03-8c1381c4ffa1,6,475,True,13423,13111,150.0288503643278
476,3b413ebe-d509-4c50-8c03-8c1381c4ffa1,6,476,True,13447,13135,144.88292428886962
477,3b413ebe-d509-4c50-8c03-8c1381c4ffa1,6,477,True,13465,13153,177.2179371437196
478,3b413ebe-d509-4c50-8c03-8c1381c4ffa1,6,478,True,13490,13178,124.90105603191296
479,3b413ebe-d509-4c50-8c03-8c1381c4ffa1,6,479,True,13522,13210,143.0296998793583
480,3b413ebe-d509-4c50-8c03-8c1381c4ffa1,6,480,True,13554,13242,113.65641500156744
481,3b413ebe-d509-4c50-8c03-8c1381c4ffa1,6,481,True,13582,13270,116.70165358647318
482,3b413ebe-d509-4c50-8c03-8c1381c4ffa1,6,482,True,13613,13301,147.19356844551476
483,3b413ebe-d509-4c50-8c03-8c1381c4ffa1,6,483,True,13640,13328,117.67964676858537
484,3b413ebe-d509-4c50-8c03-8c1381c4ffa1,6,484,True,13662,13350,147.9415570351939
485,3b413ebe-d509-4c50-8c03-8c1381c4ffa1,6,485,True,13693,13381,114.40068495456035
486,3b413ebe-d509-4c50-8c03-8c1381c4ffa1,6,486,True,13712,13400,147.55231824536713
487,3b413ebe-d509-4c50-8c03-8c1381c4ffa1,6,487,True,13742,13430,121.89818851017299
488,3b413ebe-d509-4c50-8c03-8c1381c4ffa1,6,488,True,13782,13470,129.20736228551323
489,3b413ebe-d509-4c50-8c03-8c1381c4ffa1,6,489,True,13809,13497,130.4518397204174
490,3b413ebe-d509-4c50-8c03-8c1381c4ffa1,6,490,True,13835,13523,115.04066397353017
491,3b413ebe-d509-4c50-8c03-8c1381c4ffa1,6,491,True,13861,13549,131.2364596057596
492,3b413ebe-d509-4c50-8c03-8c1381c4ffa1,6,492,True,13897,13585,115.12340201538973
493,3b413ebe-d509-4c50-8c03-8c1381c4ffa1,6,493,True,13920,13608,146.60997147437047
494,3b413ebe-d509-4c50-8c03-8c1381c4ffa1,6,494,True,13950,13638,121.46288743862169
495,3b413ebe-d509-4c50-8c03-8c1381c4ffa1,6,495,True,13984,13672,134.6296871800132
496,3b413ebe-d509-4c50-8c03-8c1381c4ffa1,6,496,True,14027,13715,122.02161419372896
497,3b413ebe-d509-4c50-8c03-8c1381c4ffa1,6,497,True,14059,13747,159.85758777887168
498,3b413ebe-d509-4c50-8c03-8c1381c4ffa1,6,498,True,14080,13768,180.80279783325386
499,3b413ebe-d509-4c50-8c03-8c1381c4ffa1,6,499,True,14117,13805,177.36572300437365
500,3b413ebe-d509-4c50-8c03-8c1381c4ffa1,6,500,True,14150,13838,161.6211150267045
501,3b413ebe-d509-4c50-8c03-8c1381c4ffa1,6,501,True,14170,13858,200.4407632891216
502,3b413ebe-d509-4c50-8c03-8c1381c4ffa1,6,502,True,14201,13889,220.3810012984377
503,3b413ebe-d509-4c50-8c03-8c1381c4ffa1,6,503,True,14224,13912,200.13942653057893
504,3b413ebe-d509-4c50-8c03-8c1381c4ffa1,6,504,True,14241,13929,186.72951402954823
505,3b413ebe-d509-4c50-8c03-8c1381c4ffa1,6,505,True,14265,13953,211.95085640993057
506,3b413ebe-d509-4c50-8c03-8c1381c4ffa1,6,506,True,14290,13978,204.91125692466812
507,3b413ebe-d509-4c50-8c03-8c1381c4ffa1,6,507,True,14316,14004,222.24880000297344
508,3b413ebe-d509-4c50-8c03-8c1381c4ffa1,6,508,True,14345,14033,174.45099159537858
509,3b413ebe-d509-4c50-8c03-8c1381c4ffa1,6,509,True,14377,14065,185.19338944334777
510,3b413ebe-d509-4c50-8c03-8c1381c4ffa1,6,510,True,14404,14092,217.96100722808478
511,3b413ebe-d509-4c50-8c03-8c1381c4ffa1,6,511,True,14425,14113,196.96100722808478
512,3b413ebe-d509-4c50-8c03-8c1381c4ffa1,6,512,True,14455,14143,163.42372649679237
513,3b413ebe-d509-4c50-8c03-8c1381c4ffa1,6,513,True,14484,14172,192.14497953514183
514,3b413ebe-d509-4c50-8c03-8c1381c4ffa1,6,514,True,14509,14197,164.75481686146668
515,3b413ebe-d509-4c50-8c03-8c1381c4ffa1,6,515,True,14528,14216,198.6208533640547
516,3b413ebe-d509-4c50-8c03-8c1381c4ffa1,6,516,True,14541,14229,158.38851722876643
517,3b413ebe-d509-4c50-8c03-8c1381c4ffa1,6,517,True,14567,14255,156.92993085053968
518,3b413ebe-d509-4c50-8c03-8c1381c4ffa1,6,518,True,14596,14284,170.25436691002506
519,3b413ebe-d509-4c50-8c03-8c1381c4ffa1,6,519,True,14629,14317,147.89680035818856
520,3b413ebe-d509-4c50-8c03-8c1381c4ffa1,6,520,True,14651,14339,192.1392996470131
521,3b413ebe-d509-4c50-8c03-8c1381c4ffa1,6,521,True,14681,14369,134.26284178633614
522,3b413ebe-d509-4c50-8c03-8c1381c4ffa1,6,522,True,14712,14400,182.6954779883199
523,3b413ebe-d509-4c50-8c03-8c1381c4ffa1,6,523,True,14737,14425,140.91547599106525
524,3b413ebe-d509-4c50-8c03-8c1381c4ffa1,6,524,True,14756,14444,138.6954779883199
525,3b413ebe-d509-4c50-8c03-8c1381c4ffa1,6,525,True,14784,14472,161.39793874479437
526,3b413ebe-d509-4c50-8c03-8c1381c4ffa1,6,526,True,14811,14499,224.14772074284156
527,3b413ebe-d509-4c50-8c03-8c1381c4ffa1,6,527,True,14839,14527,167.1652455473013
528,3b413ebe-d509-4c50-8c03-8c1381c4ffa1,6,528,True,14858,14546,173.2235209005321
529,3b413ebe-d509-4c50-8c03-8c1381c4ffa1,6,529,True,14881,14569,156.9232406858937
530,3b413ebe-d509-4c50-8c03-8c1381c4ffa1,6,530,True,14916,14604,193.70894686809515
531,3b413ebe-d509-4c50-8c03-8c1381c4ffa1,6,531,True,14938,14626,225.63498796032218
532,3b413ebe-d509-4c50-8c03-8c1381c4ffa1,6,532,True,14968,14656,195.63498796032218
533,3b413ebe-d509-4c50-8c03-8c1381c4ffa1,6,533,True,14997,14685,201.37314929923923
534,3b413ebe-d509-4c50-8c03-8c1381c4ffa1,6,534,True,15020,14708,199.49133748494387
535,3b413ebe-d509-4c50-8c03-8c1381c4ffa1,6,535,True,15038,14726,209.1121484617579
536,3b413ebe-d509-4c50-8c03-8c1381c4ffa1,6,536,True,15062,14750,201.32214343629676
537,3b413ebe-d509-4c50-8c03-8c1381c4ffa1,6,537,True,15094,14782,199.3292305811501
538,3b413ebe-d509-4c50-8c03-8c1381c4ffa1,6,538,True,15119,14807,170.18222100195635
539,3b413ebe-d509-4c50-8c03-8c1381c4ffa1,6,539,True,15154,14842,183.8103959566688
540,3b413ebe-d509-4c50-8c03-8c1381c4ffa1,6,540,True,15181,14869,210.1824002060439
541,3b413ebe-d509-4c50-8c03-8c1381c4ffa1,6,541,True,15209,14897,184.60471804612462
542,3b413ebe-d509-4c50-8c03-8c1381c4ffa1,6,542,True,15245,14933,201.68344360078845
543,3b413ebe-d509-4c50-8c03-8c1381c4ffa1,6,543,True,15269,14957,148.51720610115808
544,3b413ebe-d509-4c50-8c03-8c1381c4ffa1,6,544,True,15305,14993,165.8222457768734
545,3b413ebe-d509-4c50-8c03-8c1381c4ffa1,6,545,True,15335,15023,138.2207550630319
546,3b413ebe-d509-4c50-8c03-8c1381c4ffa1,6,546,True,15367,15055,149.38849594149178
547,3b413ebe-d509-4c50-8c03-8c1381c4ffa1,6,547,True,15389,15077,134.25433875664203
548,3b413ebe-d509-4c50-8c03-8c1381c4ffa1,6,548,True,15433,15121,141.93842429073993
549,3b413ebe-d509-4c50-8c03-8c1381c4ffa1,6,549,True,15467,15155,141.0565557959053
550,3b413ebe-d509-4c50-8c03-8c1381c4ffa1,6,550,True,15494,15182,138.4213842734971
551,3b413ebe-d509-4c50-8c03-8c1381c4ffa1,6,551,True,15519,15207,125.42425655706211
552,3b413ebe-d509-4c50-8c03-8c1381c4ffa1,6,552,True,15541,15229,134.82538137929987
553,3b413ebe-d509-4c50-8c03-8c1381c4ffa1,6,553,True,15584,15272,134.6781996132613
554,3b413ebe-d509-4c50-8c03-8c1381c4ffa1,6,554,True,15614,15302,143.64296820570416
555,3b413ebe-d509-4c50-8c03-8c1381c4ffa1,6,555,True,15646,15334,119.982940402253
556,3b413ebe-d509-4c50-8c03-8c1381c4ffa1,6,556,True,15669,15357,136.96824505177392
557,3b413ebe-d509-4c50-8c03-8c1381c4ffa1,6,557,True,15691,15379,112.31763247235358
558,3b413ebe-d509-4c50-8c03-8c1381c4ffa1,6,558,True,15716,15404,127.86714277556348
559,3b413ebe-d509-4c50-8c03-8c1381c4ffa1,6,559,True,15743,15431,98.29948804746346
560,3b413ebe-d509-4c50-8c03-8c1381c4ffa1,6,560,True,15773,15461,127.02666786480404
561,3b413ebe-d509-4c50-8c03-8c1381c4ffa1,6,561,True,15795,15483,96.74810677490677
562,3b413ebe-d509-4c50-8c03-8c1381c4ffa1,6,562,True,15825,15513,119.44842781608713
563,3b413ebe-d509-4c50-8c03-8c1381c4ffa1,6,563,True,15854,15542,120.06001405922689
564,3b413ebe-d509-4c50-8c03-8c1381c4ffa1,6,564,True,15877,15565,108.40393258194672
565,3b413ebe-d509-4c50-8c03-8c1381c4ffa1,6,565,True,15901,15589,101.29072228635778
566,3b413ebe-d509-4c50-8c03-8c1381c4ffa1,6,566,True,15929,15617,112.1929901995245
567,3b413ebe-d509-4c50-8c03-8c1381c4ffa1,6,567,True,15943,15631,127.18743512011679
568,3b413ebe-d509-4c50-8c03-8c1381c4ffa1,6,568,True,15970,15658,97.23514011793122
569,3b413ebe-d509-4c50-8c03-8c1381c4ffa1,6,569,True,15995,15683,132.74395970081605
570,3b413ebe-d509-4c50-8c03-8c1381c4ffa1,6,570,True,16010,15698,160.30295867773384
571,3b413ebe-d509-4c50-8c03-8c1381c4ffa1,6,571,True,16040,15728,145.6589147457671
572,3b413ebe-d509-4c50-8c03-8c1381c4ffa1,6,572,True,16067,15755,153.79730127160292
573,3b413ebe-d509-4c50-8c03-8c1381c4ffa1,6,573,True,16095,15783,149.3732879404124
574,3b413ebe-d509-4c50-8c03-8c1381c4ffa1,6,574,True,16116,15804,167.8588519295772
575,3b413ebe-d509-4c50-8c03-8c1381c4ffa1,6,575,True,16141,15829,162.22685694311986
576,3b413ebe-d509-4c50-8c03-8c1381c4ffa1,6,576,True,16164,15852,190.0906553871937
577,3b413ebe-d509-4c50-8c03-8c1381c4ffa1,6,577,True,16208,15896,146.0906553871937
578,3b413ebe-d509-4c50-8c03-8c1381c4ffa1,6,578,True,16238,15926,131.46959691062693
579,3b413ebe-d509-4c50-8c03-8c1381c4ffa1,6,579,True,16273,15961,131.63078504183613
580,3b413ebe-d509-4c50-8c03-8c1381c4ffa1,6,580,True,16304,15992,113.49508252236046
581,3b413ebe-d509-4c50-8c03-8c1381c4ffa1,6,581,True,16343,16031,153.65972611415418
582,3b413ebe-d509-4c50-8c03-8c1381c4ffa1,6,582,True,16371,16059,161.4663150413453
583,3b413ebe-d509-4c50-8c03-8c1381c4ffa1,6,583,True,16406,16094,124.12149947609396
584,3b413ebe-d509-4c50-8c03-8c1381c4ffa1,6,584,True,16437,16125,172.4466097252698
585,3b413ebe-d509-4c50-8c03-8c1381c4ffa1,6,585,True,16460,16148,152.18581267572154
586,3b413ebe-d509-4c50-8c03-8c1381c4ffa1,6,586,True,16486,16174,118.07711182115418
587,3b413ebe-d509-4c50-8c03-8c1381c4ffa1,6,587,True,16506,16194,175.32273632315628
588,3b413ebe-d509-4c50-8c03-8c1381c4ffa1,6,588,True,16535,16223,130.31650000954687
589,3b413ebe-d509-4c50-8c03-8c1381c4ffa1,6,589,True,16570,16258,117.72041447865922
590,3b413ebe-d509-4c50-8c03-8c1381c4ffa1,6,590,True,16595,16283,126.75237750763335
591,3b413ebe-d509-4c50-8c03-8c1381c4ffa1,6,591,True,16628,16316,115.07221342849516
592,3b413ebe-d509-4c50-8c03-8c1381c4ffa1,6,592,True,16661,16349,173.56753811979797
593,3b413ebe-d509-4c50-8c03-8c1381c4ffa1,6,593,True,16694,16382,142.76800407957126
594,3b413ebe-d509-4c50-8c03-8c1381c4ffa1,6,594,True,16722,16410,164.62330375572492
595,3b413ebe-d509-4c50-8c03-8c1381c4ffa1,6,595,True,16747,16435,139.62330375572492
596,3b413ebe-d509-4c50-8c03-8c1381c4ffa1,6,596,True,16773,16461,131.7295133720254
597,3b413ebe-d509-4c50-8c03-8c1381c4ffa1,6,597,True,16799,16487,136.49567735359233
598,3b413ebe-d509-4c50-8c03-8c1381c4ffa1,6,598,True,16822,16510,162.51841775647335
599,3b413ebe-d509-4c50-8c03-8c1381c4ffa1,6,599,True,16845,16533,164.8915616393715
600,3b413ebe-d509-4c50-8c03-8c1381c4ffa1,6,600,True,16874,16562,158.86718564495823
601,3b413ebe-d509-4c50-8c03-8c1381c4ffa1,6,601,True,16904,16592,133.7061508625702
602,3b413ebe-d509-4c50-8c03-8c1381c4ffa1,6,602,True,16930,16618,182.26300347103097
603,3b413ebe-d509-4c50-8c03-8c1381c4ffa1,6,603,True,16958,16646,171.93202910676337
604,3b413ebe-d509-4c50-8c03-8c1381c4ffa1,6,604,True,16984,16672,152.04510443107938
605,3b413ebe-d509-4c50-8c03-8c1381c4ffa1,6,605,True,17013,16701,154.5065946666473
606,3b413ebe-d509-4c50-8c03-8c1381c4ffa1,6,606,True,17042,16730,125.50659466664729
607,3b413ebe-d509-4c50-8c03-8c1381c4ffa1,6,607,True,17075,16763,117.69108678168777
608,3b413ebe-d509-4c50-8c03-8c1381c4ffa1,6,608,True,17115,16803,115.1304890202955
609,3b413ebe-d509-4c50-8c03-8c1381c4ffa1,6,609,True,17137,16825,108.79952819647224
610,3b413ebe-d509-4c50-8c03-8c1381c4ffa1,6,610,True,17167,16855,131.4435201087872
611,3b413ebe-d509-4c50-8c03-8c1381c4ffa1,6,611,True,17192,16880,134.80115432937964
612,3b413ebe-d509-4c50-8c03-8c1381c4ffa1,6,612,True,17219,16907,120.37033724304638
613,3b413ebe-d509-4c50-8c03-8c1381c4ffa1,6,613,True,17243,16931,111.00491399351813
614,3b413ebe-d509-4c50-8c03-8c1381c4ffa1,6,614,True,17276,16964,124.00596705545468
615,3b413ebe-d509-4c50-8c03-8c1381c4ffa1,6,615,True,17301,16989,145.89290047785107
616,3b413ebe-d509-4c50-8c03-8c1381c4ffa1,6,616,True,17332,17020,129.4901830664421
617,3b413ebe-d509-4c50-8c03-8c1381c4ffa1,6,617,True,17358,17046,133.8165671272618
618,3b413ebe-d509-4c50-8c03-8c1381c4ffa1,6,618,True,17380,17068,136.7055595650454
619,3b413ebe-d509-4c50-8c03-8c1381c4ffa1,6,619,True,17402,17090,122.46040411551803
620,3b413ebe-d509-4c50-8c03-8c1381c4ffa1,6,620,True,17433,17121,124.72077893646201
621,3b413ebe-d509-4c50-8c03-8c1381c4ffa1,6,621,True,17462,17150,122.93782934297997
622,3b413ebe-d509-4c50-8c03-8c1381c4ffa1,6,622,True,17504,17192,166.4527219391166
623,3b413ebe-d509-4c50-8c03-8c1381c4ffa1,6,623,True,17537,17225,130.77464299806525
624,3b413ebe-d509-4c50-8c03-8c1381c4ffa1,6,624,True,17577,17265,167.51487816620283
625,3b413ebe-d509-4c50-8c03-8c1381c4ffa1,6,625,True,17600,17288,196.98315299653405
626,3b413ebe-d509-4c50-8c03-8c1381c4ffa1,6,626,True,17629,17317,167.98315299653405
627,3b413ebe-d509-4c50-8c03-8c1381c4ffa1,6,627,True,17654,17342,197.56832655661856
628,3b413ebe-d509-4c50-8c03-8c1381c4ffa1,6,628,True,17686,17374,168.42599779509328
629,3b413ebe-d509-4c50-8c03-8c1381c4ffa1,6,629,True,17719,17407,126.66509629083885
630,3b413ebe-d509-4c50-8c03-8c1381c4ffa1,6,630,True,17749,17437,146.00220842463023
631,3b413ebe-d509-4c50-8c03-8c1381c4ffa1,6,631,True,17779,17467,124.0014786090178
632,3b413ebe-d509-4c50-8c03-8c1381c4ffa1,6,632,True,17808,17496,112.35322393463503
633,3b413ebe-d509-4c50-8c03-8c1381c4ffa1,6,633,True,17831,17519,141.0305043375738
634,3b413ebe-d509-4c50-8c03-8c1381c4ffa1,6,634,True,17860,17548,114.65432281825633
635,3b413ebe-d509-4c50-8c03-8c1381c4ffa1,6,635,True,17883,17571,114.80513787104792
636,3b413ebe-d509-4c50-8c03-8c1381c4ffa1,6,636,True,17912,17600,103.67218912943281
637,3b413ebe-d509-4c50-8c03-8c1381c4ffa1,6,637,True,17943,17631,148.19543108886865
638,3b413ebe-d509-4c50-8c03-8c1381c4ffa1,6,638,True,17970,17658,112.09564280749328
639,3b413ebe-d509-4c50-8c03-8c1381c4ffa1,6,639,True,17991,17679,157.69665871189136
640,3b413ebe-d509-4c50-8c03-8c1381c4ffa1,6,640,True,18022,17710,133.3598548909431
641,3b413ebe-d509-4c50-8c03-8c1381c4ffa1,6,641,True,18046,17734,127.75701239657064
642,3b413ebe-d509-4c50-8c03-8c1381c4ffa1,6,642,True,18068,17756,108.269404374656
643,3b413ebe-d509-4c50-8c03-8c1381c4ffa1,6,643,True,18091,17779,162.1100914763665
644,3b413ebe-d509-4c50-8c03-8c1381c4ffa1,6,644,True,18109,17797,179.1578326141098
645,3b413ebe-d509-4c50-8c03-8c1381c4ffa1,6,645,True,18127,17815,183.08098568642527
646,3b413ebe-d509-4c50-8c03-8c1381c4ffa1,6,646,True,18150,17838,189.26937372686007
647,3b413ebe-d509-4c50-8c03-8c1381c4ffa1,6,647,True,18185,17873,176.7944225046449
648,3b413ebe-d509-4c50-8c03-8c1381c4ffa1,6,648,True,18213,17901,203.38865084070858
649,3b413ebe-d509-4c50-8c03-8c1381c4ffa1,6,649,True,18238,17926,151.31585182052368
650,3b413ebe-d509-4c50-8c03-8c1381c4ffa1,6,650,True,18267,17955,201.26037189517228
651,3b413ebe-d509-4c50-8c03-8c1381c4ffa1,6,651,True,18294,17982,147.88809214183493
652,3b413ebe-d509-4c50-8c03-8c1381c4ffa1,6,652,True,18316,18004,155.01817426142588
653,3b413ebe-d509-4c50-8c03-8c1381c4ffa1,6,653,True,18339,18027,140.97247369270917
654,3b413ebe-d509-4c50-8c03-8c1381c4ffa1,6,654,True,18358,18046,145.07604609299597
655,3b413ebe-d509-4c50-8c03-8c1381c4ffa1,6,655,True,18390,18078,149.84780129156206
656,3b413ebe-d509-4c50-8c03-8c1381c4ffa1,6,656,True,18420,18108,126.60604435881396
657,3b413ebe-d509-4c50-8c03-8c1381c4ffa1,6,657,True,18457,18145,147.59784801220303
658,3b413ebe-d509-4c50-8c03-8c1381c4ffa1,6,658,True,18483,18171,105.26442934367151
659,3b413ebe-d509-4c50-8c03-8c1381c4ffa1,6,659,True,18511,18199,102.83534283568224
660,3b413ebe-d509-4c50-8c03-8c1381c4ffa1,6,660,True,18539,18227,121.1750030412586
661,3b413ebe-d509-4c50-8c03-8c1381c4ffa1,6,661,True,18558,18246,136.42768648867423
662,3b413ebe-d509-4c50-8c03-8c1381c4ffa1,6,662,True,18579,18267,135.54232434493315
663,3b413ebe-d509-4c50-8c03-8c1381c4ffa1,6,663,True,18611,18299,166.2736896126953
664,3b413ebe-d509-4c50-8c03-8c1381c4ffa1,6,664,True,18625,18313,120.47416637592687
665,3b413ebe-d509-4c50-8c03-8c1381c4ffa1,6,665,True,18649,18337,153.62428820171408
666,3b413ebe-d509-4c50-8c03-8c1381c4ffa1,6,666,True,18678,18366,135.03412583302998
667,3b413ebe-d509-4c50-8c03-8c1381c4ffa1,6,667,True,18704,18392,226.07889763182902
668,3b413ebe-d509-4c50-8c03-8c1381c4ffa1,6,668,True,18733,18421,191.1720361345033
669,3b413ebe-d509-4c50-8c03-8c1381c4ffa1,6,669,True,18770,18458,154.1720361345033
670,3b413ebe-d509-4c50-8c03-8c1381c4ffa1,6,670,True,18796,18484,187.92152031738806
671,3b413ebe-d509-4c50-8c03-8c1381c4ffa1,6,671,True,18829,18517,182.104196522243
672,3b413ebe-d509-4c50-8c03-8c1381c4ffa1,6,672,True,18848,18536,225.57579884485676
673,3b413ebe-d509-4c50-8c03-8c1381c4ffa1,6,673,True,18870,18558,203.57579884485676
674,3b413ebe-d509-4c50-8c03-8c1381c4ffa1,6,674,True,18900,18588,218.14987573406324
675,3b413ebe-d509-4c50-8c03-8c1381c4ffa1,6,675,True,18921,18609,199.78118804414407
676,3b413ebe-d509-4c50-8c03-8c1381c4ffa1,6,676,True,18958,18646,211.64999030276158
677,3b413ebe-d509-4c50-8c03-8c1381c4ffa1,6,677,True,18987,18675,180.33022942028765
678,3b413ebe-d509-4c50-8c03-8c1381c4ffa1,6,678,True,19009,18697,185.34715173483346
679,3b413ebe-d509-4c50-8c03-8c1381c4ffa1,6,679,True,19035,18723,177.37874632899548
680,3b413ebe-d509-4c50-8c03-8c1381c4ffa1,6,680,True,19061,18749,200.64157128370425
681,3b413ebe-d509-4c50-8c03-8c1381c4ffa1,6,681,True,19103,18791,148.21559858830005
682,3b413ebe-d509-4c50-8c03-8c1381c4ffa1,6,682,True,19128,18816,187.4867135294262
683,3b413ebe-d509-4c50-8c03-8c1381c4ffa1,6,683,True,19155,18843,160.4867135294262
684,3b413ebe-d509-4c50-8c03-8c1381c4ffa1,6,684,True,19185,18873,161.9035462153297
685,3b413ebe-d509-4c50-8c03-8c1381c4ffa1,6,685,True,19215,18903,150.60336583285607
686,3b413ebe-d509-4c50-8c03-8c1381c4ffa1,6,686,True,19236,18924,162.21149943317505
687,3b413ebe-d509-4c50-8c03-8c1381c4ffa1,6,687,True,19268,18956,176.86642081025275
688,3b413ebe-d509-4c50-8c03-8c1381c4ffa1,6,688,True,19285,18973,139.48097649302508
689,3b413ebe-d509-4c50-8c03-8c1381c4ffa1,6,689,True,19306,18994,138.86642081025275
690,3b413ebe-d509-4c50-8c03-8c1381c4ffa1,6,690,True,19331,19019,182.80526735931562
691,3b413ebe-d509-4c50-8c03-8c1381c4ffa1,6,691,True,19362,19050,151.80526735931562
692,3b413ebe-d509-4c50-8c03-8c1381c4ffa1,6,692,True,19395,19083,154.89561664658686
693,3b413ebe-d509-4c50-8c03-8c1381c4ffa1,6,693,True,19420,19108,120.21787092613522
694,3b413ebe-d509-4c50-8c03-8c1381c4ffa1,6,694,True,19448,19136,170.3990367940787
695,3b413ebe-d509-4c50-8c03-8c1381c4ffa1,6,695,True,19469,19157,126.01093500979914
696,3b413ebe-d509-4c50-8c03-8c1381c4ffa1,6,696,True,19496,19184,176.7514153507218
697,3b413ebe-d509-4c50-8c03-8c1381c4ffa1,6,697,True,19522,19210,174.66352358558288
698,3b413ebe-d509-4c50-8c03-8c1381c4ffa1,6,698,True,19554,19242,189.41761239238622
699,3b413ebe-d509-4c50-8c03-8c1381c4ffa1,6,699,True,19580,19268,139.02335876188226
700,3b413ebe-d509-4c50-8c03-8c1381c4ffa1,6,700,True,19612,19300,158.4113603419064
701,3b413ebe-d509-4c50-8c03-8c1381c4ffa1,6,701,True,19640,19328,127.7128870385568
702,3b413ebe-d509-4c50-8c03-8c1381c4ffa1,6,702,True,19681,19369,136.83235032028097
703,3b413ebe-d509-4c50-8c03-8c1381c4ffa1,6,703,True,19701,19389,147.66906881037357
704,3b413ebe-d509-4c50-8c03-8c1381c4ffa1,6,704,True,19728,19416,147.76700286391497
705,3b413ebe-d509-4c50-8c03-8c1381c4ffa1,6,705,True,19748,19436,139.0293598381977
706,3b413ebe-d509-4c50-8c03-8c1381c4ffa1,6,706,True,19769,19457,133.1624415940496
707,3b413ebe-d509-4c50-8c03-8c1381c4ffa1,6,707,True,19801,19489,145.41190463196835
708,3b413ebe-d509-4c50-8c03-8c1381c4ffa1,6,708,True,19827,19515,178.91217196315483
709,3b413ebe-d509-4c50-8c03-8c1381c4ffa1,6,709,True,19854,19542,148.71823634360044
710,3b413ebe-d509-4c50-8c03-8c1381c4ffa1,6,710,True,19887,19575,232.7488989222329
711,3b413ebe-d509-4c50-8c03-8c1381c4ffa1,6,711,True,19918,19606,179.36377350401017
712,3b413ebe-d509-4c50-8c03-8c1381c4ffa1,6,712,True,19942,19630,173.04030372067427
713,3b413ebe-d509-4c50-8c03-8c1381c4ffa1,6,713,True,19969,19657,200.62799476444343
714,3b413ebe-d509-4c50-8c03-8c1381c4ffa1,6,714,True,19999,19687,163.4540045734757
715,3b413ebe-d509-4c50-8c03-8c1381c4ffa1,6,715,True,20029,19717,155.02050231022076
716,3b413ebe-d509-4c50-8c03-8c1381c4ffa1,6,716,True,20047,19735,166.20062676918315
717,3b413ebe-d509-4c50-8c03-8c1381c4ffa1,6,717,True,20068,19756,179.0078949584058
718,3b413ebe-d509-4c50-8c03-8c1381c4ffa1,6,718,True,20096,19784,173.59058915849164
719,3b413ebe-d509-4c50-8c03-8c1381c4ffa1,6,719,True,20111,19799,126.66882600853205
720,3b413ebe-d509-4c50-8c03-8c1381c4ffa1,6,720,True,20142,19830,153.59071085453252
721,3b413ebe-d509-4c50-8c03-8c1381c4ffa1,6,721,True,20160,19848,191.98361694488995
722,3b413ebe-d509-4c50-8c03-8c1381c4ffa1,6,722,True,20200,19888,166.82580487144878
723,3b413ebe-d509-4c50-8c03-8c1381c4ffa1,6,723,True,20225,19913,147.50480501194397
724,3b413ebe-d509-4c50-8c03-8c1381c4ffa1,6,724,True,20250,19938,187.69059219755945
725,3b413ebe-d509-4c50-8c03-8c1381c4ffa1,6,725,True,20280,19968,160.67118939289503
726,3b413ebe-d509-4c50-8c03-8c1381c4ffa1,6,726,True,20302,19990,149.34072359301354
727,3b413ebe-d509-4c50-8c03-8c1381c4ffa1,6,727,True,20332,20020,233.52952181338333
728,3b413ebe-d509-4c50-8c03-8c1381c4ffa1,6,728,True,20356,20044,209.52952181338333
729,3b413ebe-d509-4c50-8c03-8c1381c4ffa1,6,729,True,20380,20068,180.33283452995965
730,3b413ebe-d509-4c50-8c03-8c1381c4ffa1,6,730,True,20410,20098,218.61963403755726
731,3b413ebe-d509-4c50-8c03-8c1381c4ffa1,6,731,True,20433,20121,178.59383706616427
732,3b413ebe-d509-4c50-8c03-8c1381c4ffa1,6,732,True,20463,20151,225.93127808845747
733,3b413ebe-d509-4c50-8c03-8c1381c4ffa1,6,733,True,20493,20181,169.94935383002667
734,3b413ebe-d509-4c50-8c03-8c1381c4ffa1,6,734,True,20526,20214,210.56670126465542
735,3b413ebe-d509-4c50-8c03-8c1381c4ffa1,6,735,True,20555,20243,161.22624473246105
736,3b413ebe-d509-4c50-8c03-8c1381c4ffa1,6,736,True,20588,20276,148.56670126465542
737,3b413ebe-d509-4c50-8c03-8c1381c4ffa1,6,737,True,20609,20297,182.8090379582427
738,3b413ebe-d509-4c50-8c03-8c1381c4ffa1,6,738,True,20646,20334,145.8090379582427
739,3b413ebe-d509-4c50-8c03-8c1381c4ffa1,6,739,True,20672,20360,171.35070516850828
740,3b413ebe-d509-4c50-8c03-8c1381c4ffa1,6,740,True,20699,20387,144.35070516850828
741,3b413ebe-d509-4c50-8c03-8c1381c4ffa1,6,741,True,20738,20426,183.12659664780222
742,3b413ebe-d509-4c50-8c03-8c1381c4ffa1,6,742,True,20758,20446,150.25259441049275
743,3b413ebe-d509-4c50-8c03-8c1381c4ffa1,6,743,True,20793,20481,153.21489247695354
744,3b413ebe-d509-4c50-8c03-8c1381c4ffa1,6,744,True,20817,20505,115.29196772626165
745,3b413ebe-d509-4c50-8c03-8c1381c4ffa1,6,745,True,20851,20539,148.2654748882269
746,3b413ebe-d509-4c50-8c03-8c1381c4ffa1,6,746,True,20888,20576,113.74786104140003
747,3b413ebe-d509-4c50-8c03-8c1381c4ffa1,6,747,True,20920,20608,107.4138443582051
748,3b413ebe-d509-4c50-8c03-8c1381c4ffa1,6,748,True,20954,20642,128.66749173060816
749,3b413ebe-d509-4c50-8c03-8c1381c4ffa1,6,749,True,20986,20674,100.98655631610018
750,3b413ebe-d509-4c50-8c03-8c1381c4ffa1,6,750,True,21008,20696,120.65403544110086
751,3b413ebe-d509-4c50-8c03-8c1381c4ffa1,6,751,True,21023,20711,146.48812267558242
752,3b413ebe-d509-4c50-8c03-8c1381c4ffa1,6,752,True,21044,20732,136.49263911037997
753,3b413ebe-d509-4c50-8c03-8c1381c4ffa1,6,753,True,21077,20765,146.2022498434926
754,3b413ebe-d509-4c50-8c03-8c1381c4ffa1,6,754,True,21105,20793,130.95114529641796
755,3b413ebe-d509-4c50-8c03-8c1381c4ffa1,6,755,True,21137,20825,136.08676142074546
756,3b413ebe-d509-4c50-8c03-8c1381c4ffa1,6,756,True,21166,20854,127.19841412915775
757,3b413ebe-d509-4c50-8c03-8c1381c4ffa1,6,757,True,21190,20878,138.3665260148373
758,3b413ebe-d509-4c50-8c03-8c1381c4ffa1,6,758,True,21220,20908,128.6354422635959
759,3b413ebe-d509-4c50-8c03-8c1381c4ffa1,6,759,True,21242,20930,110.48756847172262
760,3b413ebe-d509-4c50-8c03-8c1381c4ffa1,6,760,True,21262,20950,116.17532580719853
761,3b413ebe-d509-4c50-8c03-8c1381c4ffa1,6,761,True,21295,20983,130.3581570875249
762,3b413ebe-d509-4c50-8c03-8c1381c4ffa1,6,762,True,21324,21012,125.84408861786142
763,3b413ebe-d509-4c50-8c03-8c1381c4ffa1,6,763,True,21354,21042,132.81572858545405
764,3b413ebe-d509-4c50-8c03-8c1381c4ffa1,6,764,True,21379,21067,117.09470869254437
765,3b413ebe-d509-4c50-8c03-8c1381c4ffa1,6,765,True,21408,21096,139.42521962837418
766,3b413ebe-d509-4c50-8c03-8c1381c4ffa1,6,766,True,21440,21128,86.66615240393367
767,3b413ebe-d509-4c50-8c03-8c1381c4ffa1,6,767,True,21472,21160,94.35838486464854
768,3b413ebe-d509-4c50-8c03-8c1381c4ffa1,6,768,True,21513,21201,124.74296826672071
769,3b413ebe-d509-4c50-8c03-8c1381c4ffa1,6,769,True,21538,21226,97.06379137919794
770,3b413ebe-d509-4c50-8c03-8c1381c4ffa1,6,770,True,21563,21251,97.75303169235849
771,3b413ebe-d509-4c50-8c03-8c1381c4ffa1,6,771,True,21590,21278,111.11786852514706
772,3b413ebe-d509-4c50-8c03-8c1381c4ffa1,6,772,True,21625,21313,104.6513637439275
773,3b413ebe-d509-4c50-8c03-8c1381c4ffa1,6,773,True,21651,21339,110.21646387732108
774,3b413ebe-d509-4c50-8c03-8c1381c4ffa1,6,774,True,21682,21370,127.75010154019765
775,3b413ebe-d509-4c50-8c03-8c1381c4ffa1,6,775,True,21712,21400,94.01008392916992
776,3b413ebe-d509-4c50-8c03-8c1381c4ffa1,6,776,True,21745,21433,117.52991778392243
777,3b413ebe-d509-4c50-8c03-8c1381c4ffa1,6,777,True,21774,21462,107.0439601349317
778,3b413ebe-d509-4c50-8c03-8c1381c4ffa1,6,778,True,21804,21492,106.05900175246279
779,3b413ebe-d509-4c50-8c03-8c1381c4ffa1,6,779,True,21833,21521,131.29366542107527
780,3b413ebe-d509-4c50-8c03-8c1381c4ffa1,6,780,True,21862,21550,128.93678071333488
781,3b413ebe-d509-4c50-8c03-8c1381c4ffa1,6,781,True,21893,21581,143.6241784946833
782,3b413ebe-d509-4c50-8c03-8c1381c4ffa1,6,782,True,21917,21605,117.24611658155845
783,3b413ebe-d509-4c50-8c03-8c1381c4ffa1,6,783,True,21945,21633,142.25672943078462
784,3b413ebe-d509-4c50-8c03-8c1381c4ffa1,6,784,True,21962,21650,102.19050177969257
785,3b413ebe-d509-4c50-8c03-8c1381c4ffa1,6,785,True,21995,21683,173.7036318846731
786,3b413ebe-d509-4c50-8c03-8c1381c4ffa1,6,786,True,22028,21716,153.31954857073652
787,3b413ebe-d509-4c50-8c03-8c1381c4ffa1,6,787,True,22055,21743,152.381204193327
788,3b413ebe-d509-4c50-8c03-8c1381c4ffa1,6,788,True,22080,21768,142.61063947332877
789,3b413ebe-d509-4c50-8c03-8c1381c4ffa1,6,789,True,22099,21787,224.50829557722682
790,3b413ebe-d509-4c50-8c03-8c1381c4ffa1,6,790,True,22128,21816,170.75520951163708
791,3b413ebe-d509-4c50-8c03-8c1381c4ffa1,6,791,True,22158,21846,162.98342353682165
792,3b413ebe-d509-4c50-8c03-8c1381c4ffa1,6,792,True,22188,21876,158.71313000060763
793,3b413ebe-d509-4c50-8c03-8c1381c4ffa1,6,793,True,22208,21896,165.43322990700472
794,3b413ebe-d509-4c50-8c03-8c1381c4ffa1,6,794,True,22242,21930,188.37206856547346
795,3b413ebe-d509-4c50-8c03-8c1381c4ffa1,6,795,True,22271,21959,149.7463280191041
796,3b413ebe-d509-4c50-8c03-8c1381c4ffa1,6,796,True,22293,21981,186.68992491886092
797,3b413ebe-d509-4c50-8c03-8c1381c4ffa1,6,797,True,22318,22006,181.89169488561674
798,3b413ebe-d509-4c50-8c03-8c1381c4ffa1,6,798,True,22342,22030,132.48884524774985
799,3b413ebe-d509-4c50-8c03-8c1381c4ffa1,6,799,True,22366,22054,165.25318530229197
800,3b413ebe-d509-4c50-8c03-8c1381c4ffa1,6,800,True,22388,22076,135.0314773691025
801,3b413ebe-d509-4c50-8c03-8c1381c4ffa1,6,801,True,22415,22103,161.17258086626316
802,3b413ebe-d509-4c50-8c03-8c1381c4ffa1,6,802,True,22436,22124,144.22133574766485
803,3b413ebe-d509-4c50-8c03-8c1381c4ffa1,6,803,True,22467,22155,186.857693858321
804,3b413ebe-d509-4c50-8c03-8c1381c4ffa1,6,804,True,22494,22182,137.30975017068704
805,3b413ebe-d509-4c50-8c03-8c1381c4ffa1,6,805,True,22526,22214,157.72289757581893
806,3b413ebe-d509-4c50-8c03-8c1381c4ffa1,6,806,True,22555,22243,126.18196475138757
807,3b413ebe-d509-4c50-8c03-8c1381c4ffa1,6,807,True,22587,22275,146.3937730796315
808,3b413ebe-d509-4c50-8c03-8c1381c4ffa1,6,808,True,22627,22315,147.6400038498905
809,3b413ebe-d509-4c50-8c03-8c1381c4ffa1,6,809,True,22644,22332,179.82160272148394
810,3b413ebe-d509-4c50-8c03-8c1381c4ffa1,6,810,True,22668,22356,160.2982290923901
811,3b413ebe-d509-4c50-8c03-8c1381c4ffa1,6,811,True,22704,22392,144.49663038216386
812,3b413ebe-d509-4c50-8c03-8c1381c4ffa1,6,812,True,22728,22416,127.15283650026322
813,3b413ebe-d509-4c50-8c03-8c1381c4ffa1,6,813,True,22755,22443,151.6579707225501
814,3b413ebe-d509-4c50-8c03-8c1381c4ffa1,6,814,True,22773,22461,202.95047814480495
815,3b413ebe-d509-4c50-8c03-8c1381c4ffa1,6,815,True,22786,22474,171.04217444464302
816,3b413ebe-d509-4c50-8c03-8c1381c4ffa1,6,816,True,22822,22510,160.58614165505787
817,3b413ebe-d509-4c50-8c03-8c1381c4ffa1,6,817,True,22850,22538,242.55138372805231
818,3b413ebe-d509-4c50-8c03-8c1381c4ffa1,6,818,True,22875,22563,211.99050578997412
819,3b413ebe-d509-4c50-8c03-8c1381c4ffa1,6,819,True,22913,22601,173.99050578997412
820,3b413ebe-d509-4c50-8c03-8c1381c4ffa1,6,820,True,22939,22627,225.69507631988017
821,3b413ebe-d509-4c50-8c03-8c1381c4ffa1,6,821,True,22963,22651,204.02170211179327
822,3b413ebe-d509-4c50-8c03-8c1381c4ffa1,6,822,True,22986,22674,185.00604539580308
823,3b413ebe-d509-4c50-8c03-8c1381c4ffa1,6,823,True,23015,22703,270.7132200380147
824,3b413ebe-d509-4c50-8c03-8c1381c4ffa1,6,824,True,23035,22723,236.82222383315457
825,3b413ebe-d509-4c50-8c03-8c1381c4ffa1,6,825,True,23058,22746,163.4758218299903
826,3b413ebe-d509-4c50-8c03-8c1381c4ffa1,6,826,True,23092,22780,179.82222383315457
827,3b413ebe-d509-4c50-8c03-8c1381c4ffa1,6,827,True,23120,22808,154.81459143451139
828,3b413ebe-d509-4c50-8c03-8c1381c4ffa1,6,828,True,23154,22842,170.31634917389965
829,3b413ebe-d509-4c50-8c03-8c1381c4ffa1,6,829,True,23172,22860,162.61856276585604
830,3b413ebe-d509-4c50-8c03-8c1381c4ffa1,6,830,True,23200,22888,158.97026067031402
831,3b413ebe-d509-4c50-8c03-8c1381c4ffa1,6,831,True,23227,22915,140.58854175629313
832,3b413ebe-d509-4c50-8c03-8c1381c4ffa1,6,832,True,23261,22949,238.54803801657908
833,3b413ebe-d509-4c50-8c03-8c1381c4ffa1,6,833,True,23288,22976,211.54803801657908
834,3b413ebe-d509-4c50-8c03-8c1381c4ffa1,6,834,True,23318,23006,191.55080496130904
835,3b413ebe-d509-4c50-8c03-8c1381c4ffa1,6,835,True,23335,23023,174.55080496130904
836,3b413ebe-d509-4c50-8c03-8c1381c4ffa1,6,836,True,23368,23056,206.22005895866096
837,3b413ebe-d509-4c50-8c03-8c1381c4ffa1,6,837,True,23391,23079,169.47034269186406
838,3b413ebe-d509-4c50-8c03-8c1381c4ffa1,6,838,True,23413,23101,144.7189546147747
839,3b413ebe-d509-4c50-8c03-8c1381c4ffa1,6,839,True,23445,23133,190.42489085650595
840,3b413ebe-d509-4c50-8c03-8c1381c4ffa1,6,840,True,23468,23156,158.8841735152928
841,3b413ebe-d509-4c50-8c03-8c1381c4ffa1,6,841,True,23491,23179,192.94556053373526
842,3b413ebe-d509-4c50-8c03-8c1381c4ffa1,6,842,True,23518,23206,162.00049555556689
843,3b413ebe-d509-4c50-8c03-8c1381c4ffa1,6,843,True,23546,23234,187.08523373521166
844,3b413ebe-d509-4c50-8c03-8c1381c4ffa1,6,844,True,23566,23254,147.85096358286683
845,3b413ebe-d509-4c50-8c03-8c1381c4ffa1,6,845,True,23599,23287,170.21492578849575
846,3b413ebe-d509-4c50-8c03-8c1381c4ffa1,6,846,True,23622,23310,140.64662507618414
847,3b413ebe-d509-4c50-8c03-8c1381c4ffa1,6,847,True,23646,23334,169.2256189828331
848,3b413ebe-d509-4c50-8c03-8c1381c4ffa1,6,848,True,23675,23363,135.41039726453528
849,3b413ebe-d509-4c50-8c03-8c1381c4ffa1,6,849,True,23708,23396,197.16009538585058
850,3b413ebe-d509-4c50-8c03-8c1381c4ffa1,6,850,True,23745,23433,160.16009538585058
851,3b413ebe-d509-4c50-8c03-8c1381c4ffa1,6,851,True,23767,23455,189.6261628296088
852,3b413ebe-d509-4c50-8c03-8c1381c4ffa1,6,852,True,23800,23488,156.6261628296088
853,3b413ebe-d509-4c50-8c03-8c1381c4ffa1,6,853,True,23821,23509,183.60927921998154
854,3b413ebe-d509-4c50-8c03-8c1381c4ffa1,6,854,True,23851,23539,126.57054696526757
855,3b413ebe-d509-4c50-8c03-8c1381c4ffa1,6,855,True,23878,23566,153.2926511441692
856,3b413ebe-d509-4c50-8c03-8c1381c4ffa1,6,856,True,23911,23599,146.77786253696104
857,3b413ebe-d509-4c50-8c03-8c1381c4ffa1,6,857,True,23941,23629,121.38411879559862
858,3b413ebe-d509-4c50-8c03-8c1381c4ffa1,6,858,True,23976,23664,156.78962481108465
859,3b413ebe-d509-4c50-8c03-8c1381c4ffa1,6,859,True,23998,23686,116.10234086268247
860,3b413ebe-d509-4c50-8c03-8c1381c4ffa1,6,860,True,24027,23715,158.9451154282251
861,3b413ebe-d509-4c50-8c03-8c1381c4ffa1,6,861,True,24046,23734,137.52315229840315
862,3b413ebe-d509-4c50-8c03-8c1381c4ffa1,6,862,True,24079,23767,243.89695268975265
863,3b413ebe-d509-4c50-8c03-8c1381c4ffa1,6,863,True,24110,23798,189.66779624662377
864,3b413ebe-d509-4c50-8c03-8c1381c4ffa1,6,864,True,24137,23825,180.03854122368284
865,3b413ebe-d509-4c50-8c03-8c1381c4ffa1,6,865,True,24164,23852,185.53807755231537
866,3b413ebe-d509-4c50-8c03-8c1381c4ffa1,6,866,True,24192,23880,171.56748749110557
867,3b413ebe-d509-4c50-8c03-8c1381c4ffa1,6,867,True,24217,23905,185.87708689692226
868,3b413ebe-d509-4c50-8c03-8c1381c4ffa1,6,868,True,24248,23936,160.0154292333391
869,3b413ebe-d509-4c50-8c03-8c1381c4ffa1,6,869,True,24268,23956,204.88888212136953
870,3b413ebe-d509-4c50-8c03-8c1381c4ffa1,6,870,True,24289,23977,214.65969370511084
871,3b413ebe-d509-4c50-8c03-8c1381c4ffa1,6,871,True,24316,24004,209.8406320143331
872,3b413ebe-d509-4c50-8c03-8c1381c4ffa1,6,872,True,24346,24034,183.61220740553472
873,3b413ebe-d509-4c50-8c03-8c1381c4ffa1,6,873,True,24371,24059,179.82046332600657
874,3b413ebe-d509-4c50-8c03-8c1381c4ffa1,6,874,True,24401,24089,175.87744588532587
875,3b413ebe-d509-4c50-8c03-8c1381c4ffa1,6,875,True,24432,24120,165.87137046956195
876,3b413ebe-d509-4c50-8c03-8c1381c4ffa1,6,876,True,24463,24151,164.09220157377422
877,3b413ebe-d509-4c50-8c03-8c1381c4ffa1,6,877,True,24485,24173,121.56989934058947
878,3b413ebe-d509-4c50-8c03-8c1381c4ffa1,6,878,True,24508,24196,146.0685675763816
879,3b413ebe-d509-4c50-8c03-8c1381c4ffa1,6,879,True,24532,24220,148.37540917205843
880,3b413ebe-d509-4c50-8c03-8c1381c4ffa1,6,880,True,24563,24251,163.81716910668547
881,3b413ebe-d509-4c50-8c03-8c1381c4ffa1,6,881,True,24588,24276,172.88861344449833
882,3b413ebe-d509-4c50-8c03-8c1381c4ffa1,6,882,True,24621,24309,139.88861344449833
883,3b413ebe-d509-4c50-8c03-8c1381c4ffa1,6,883,True,24645,24333,157.56759853642507
884,3b413ebe-d509-4c50-8c03-8c1381c4ffa1,6,884,True,24675,24363,130.17375631862524
885,3b413ebe-d509-4c50-8c03-8c1381c4ffa1,6,885,True,24695,24383,123.42826010983481
886,3b413ebe-d509-4c50-8c03-8c1381c4ffa1,6,886,True,24722,24410,106.84396922818996
887,3b413ebe-d509-4c50-8c03-8c1381c4ffa1,6,887,True,24750,24438,128.60104044902255
888,3b413ebe-d509-4c50-8c03-8c1381c4ffa1,6,888,True,24776,24464,149.40871981870805
889,3b413ebe-d509-4c50-8c03-8c1381c4ffa1,6,889,True,24800,24488,148.6498297785438
890,3b413ebe-d509-4c50-8c03-8c1381c4ffa1,6,890,True,24832,24520,119.3724075938917
891,3b413ebe-d509-4c50-8c03-8c1381c4ffa1,6,891,True,24863,24551,134.55579779804975
892,3b413ebe-d509-4c50-8c03-8c1381c4ffa1,6,892,True,24897,24585,139.96025790575004
893,3b413ebe-d509-4c50-8c03-8c1381c4ffa1,6,893,True,24932,24620,133.22829347286097
894,3b413ebe-d509-4c50-8c03-8c1381c4ffa1,6,894,True,24963,24651,99.77422970621774
895,3b413ebe-d509-4c50-8c03-8c1381c4ffa1,6,895,True,24982,24670,122.81024958599664
896,3b413ebe-d509-4c50-8c03-8c1381c4ffa1,6,896,True,25006,24694,149.020808272071
897,3b413ebe-d509-4c50-8c03-8c1381c4ffa1,6,897,True,25030,24718,110.82495293625107
898,3b413ebe-d509-4c50-8c03-8c1381c4ffa1,6,898,True,25062,24750,121.817851763004
899,3b413ebe-d509-4c50-8c03-8c1381c4ffa1,6,899,True,25092,24780,101.16016673728518
900,3b413ebe-d509-4c50-8c03-8c1381c4ffa1,6,900,True,25127,24815,103.53339244813469
901,3b413ebe-d509-4c50-8c03-8c1381c4ffa1,6,901,True,25146,24834,96.83950361245297
902,3b413ebe-d509-4c50-8c03-8c1381c4ffa1,6,902,True,25179,24867,102.22442508766107
903,3b413ebe-d509-4c50-8c03-8c1381c4ffa1,6,903,True,25213,24901,98.76802502240025
904,3b413ebe-d509-4c50-8c03-8c1381c4ffa1,6,904,True,25242,24930,134.7338765610657
905,3b413ebe-d509-4c50-8c03-8c1381c4ffa1,6,905,True,25272,24960,102.457920065699
906,3b413ebe-d509-4c50-8c03-8c1381c4ffa1,6,906,True,25307,24995,129.88812696447712
907,3b413ebe-d509-4c50-8c03-8c1381c4ffa1,6,907,True,25335,25023,99.69129477611932
908,3b413ebe-d509-4c50-8c03-8c1381c4ffa1,6,908,True,25360,25048,101.00684080552674
909,3b413ebe-d509-4c50-8c03-8c1381c4ffa1,6,909,True,25392,25080,108.34501725521841
910,3b413ebe-d509-4c50-8c03-8c1381c4ffa1,6,910,True,25427,25115,116.11536521962626
911,3b413ebe-d509-4c50-8c03-8c1381c4ffa1,6,911,True,25456,25144,90.66529470020032
912,3b413ebe-d509-4c50-8c03-8c1381c4ffa1,6,912,True,25485,25173,128.12643861212564
913,3b413ebe-d509-4c50-8c03-8c1381c4ffa1,6,913,True,25508,25196,129.12166798767066
914,3b413ebe-d509-4c50-8c03-8c1381c4ffa1,6,914,True,25528,25216,135.165171343182
915,3b413ebe-d509-4c50-8c03-8c1381c4ffa1,6,915,True,25556,25244,104.59781337958339
916,3b413ebe-d509-4c50-8c03-8c1381c4ffa1,6,916,True,25596,25284,117.26916671876461
917,3b413ebe-d509-4c50-8c03-8c1381c4ffa1,6,917,True,25628,25316,95.31184326183939
918,3b413ebe-d509-4c50-8c03-8c1381c4ffa1,6,918,True,25658,25346,124.67356601920619
919,3b413ebe-d509-4c50-8c03-8c1381c4ffa1,6,919,True,25682,25370,107.62058082628937
920,3b413ebe-d509-4c50-8c03-8c1381c4ffa1,6,920,True,25709,25397,136.49932104241452
921,3b413ebe-d509-4c50-8c03-8c1381c4ffa1,6,921,True,25730,25418,98.95985424885293
922,3b413ebe-d509-4c50-8c03-8c1381c4ffa1,6,922,True,25774,25462,131.95940420409534
923,3b413ebe-d509-4c50-8c03-8c1381c4ffa1,6,923,True,25801,25489,111.68929525481508
924,3b413ebe-d509-4c50-8c03-8c1381c4ffa1,6,924,True,25830,25518,132.20931979839224
925,3b413ebe-d509-4c50-8c03-8c1381c4ffa1,6,925,True,25853,25541,148.2715705163937
926,3b413ebe-d509-4c50-8c03-8c1381c4ffa1,6,926,True,25876,25564,110.30121257418796
927,3b413ebe-d509-4c50-8c03-8c1381c4ffa1,6,927,True,25896,25584,157.68014974109974
928,3b413ebe-d509-4c50-8c03-8c1381c4ffa1,6,928,True,25929,25617,122.086047171877
929,3b413ebe-d509-4c50-8c03-8c1381c4ffa1,6,929,True,25957,25645,160.7568605110937
930,3b413ebe-d509-4c50-8c03-8c1381c4ffa1,6,930,True,25995,25683,147.28157542590998
931,3b413ebe-d509-4c50-8c03-8c1381c4ffa1,6,931,True,26014,25702,155.36998177418718
932,3b413ebe-d509-4c50-8c03-8c1381c4ffa1,6,932,True,26034,25722,133.03346205235357
933,3b413ebe-d509-4c50-8c03-8c1381c4ffa1,6,933,True,26062,25750,159.34112860198002
934,3b413ebe-d509-4c50-8c03-8c1381c4ffa1,6,934,True,26090,25778,148.93207785201957
935,3b413ebe-d509-4c50-8c03-8c1381c4ffa1,6,935,True,26114,25802,153.9622287865568
936,3b413ebe-d509-4c50-8c03-8c1381c4ffa1,6,936,True,26140,25828,130.9214650726426
937,3b413ebe-d509-4c50-8c03-8c1381c4ffa1,6,937,True,26176,25864,118.59202383452794
938,3b413ebe-d509-4c50-8c03-8c1381c4ffa1,6,938,True,26205,25893,145.66457533276844
939,3b413ebe-d509-4c50-8c03-8c1381c4ffa1,6,939,True,26238,25926,126.65429142316498
940,3b413ebe-d509-4c50-8c03-8c1381c4ffa1,6,940,True,26268,25956,169.93717624221244
941,3b413ebe-d509-4c50-8c03-8c1381c4ffa1,6,941,True,26292,25980,122.70076402938139
942,3b413ebe-d509-4c50-8c03-8c1381c4ffa1,6,942,True,26321,26009,131.84624998643994
943,3b413ebe-d509-4c50-8c03-8c1381c4ffa1,6,943,True,26341,26029,147.83283323392607
944,3b413ebe-d509-4c50-8c03-8c1381c4ffa1,6,944,True,26368,26056,133.3249174026896
945,3b413ebe-d509-4c50-8c03-8c1381c4ffa1,6,945,True,26388,26076,134.38957953847785
946,3b413ebe-d509-4c50-8c03-8c1381c4ffa1,6,946,True,26420,26108,100.37755675147855
947,3b413ebe-d509-4c50-8c03-8c1381c4ffa1,6,947,True,26439,26127,143.18591744761943
948,3b413ebe-d509-4c50-8c03-8c1381c4ffa1,6,948,True,26477,26165,157.62900687342335
949,3b413ebe-d509-4c50-8c03-8c1381c4ffa1,6,949,True,26508,26196,160.68874676672203
950,3b413ebe-d509-4c50-8c03-8c1381c4ffa1,6,950,True,26537,26225,160.66223558850834
951,3b413ebe-d509-4c50-8c03-8c1381c4ffa1,6,951,True,26566,26254,128.93578408159738
952,3b413ebe-d509-4c50-8c03-8c1381c4ffa1,6,952,True,26597,26285,208.97139440879982
953,3b413ebe-d509-4c50-8c03-8c1381c4ffa1,6,953,True,26633,26321,180.32454081943433
954,3b413ebe-d509-4c50-8c03-8c1381c4ffa1,6,954,True,26661,26349,224.28354292228323
955,3b413ebe-d509-4c50-8c03-8c1381c4ffa1,6,955,True,26685,26373,179.9948409587596
956,3b413ebe-d509-4c50-8c03-8c1381c4ffa1,6,956,True,26714,26402,230.0240061847544
957,3b413ebe-d509-4c50-8c03-8c1381c4ffa1,6,957,True,26735,26423,150.28354292228323
958,3b413ebe-d509-4c50-8c03-8c1381c4ffa1,6,958,True,26760,26448,212.2092872860485
959,3b413ebe-d509-4c50-8c03-8c1381c4ffa1,6,959,True,26790,26478,203.13717281124264
960,3b413ebe-d509-4c50-8c03-8c1381c4ffa1,6,960,True,26821,26509,196.81860289150427
961,3b413ebe-d509-4c50-8c03-8c1381c4ffa1,6,961,True,26851,26539,163.42189446382326
962,3b413ebe-d509-4c50-8c03-8c1381c4ffa1,6,962,True,26876,26564,186.79286776022855
963,3b413ebe-d509-4c50-8c03-8c1381c4ffa1,6,963,True,26903,26591,135.81481888765848
964,3b413ebe-d509-4c50-8c03-8c1381c4ffa1,6,964,True,26940,26628,208.21760433616146
965,3b413ebe-d509-4c50-8c03-8c1381c4ffa1,6,965,True,26965,26653,131.8844818305406
966,3b413ebe-d509-4c50-8c03-8c1381c4ffa1,6,966,True,26991,26679,145.70299715686997
967,3b413ebe-d509-4c50-8c03-8c1381c4ffa1,6,967,True,27022,26710,128.88457255878893
968,3b413ebe-d509-4c50-8c03-8c1381c4ffa1,6,968,True,27048,26736,160.26945478521156
969,3b413ebe-d509-4c50-8c03-8c1381c4ffa1,6,969,True,27075,26763,130.79195653439092
970,3b413ebe-d509-4c50-8c03-8c1381c4ffa1,6,970,True,27110,26798,146.77386211444536
971,3b413ebe-d509-4c50-8c03-8c1381c4ffa1,6,971,True,27131,26819,149.09888420901552
972,3b413ebe-d509-4c50-8c03-8c1381c4ffa1,6,972,True,27161,26849,156.53780145723067
973,3b413ebe-d509-4c50-8c03-8c1381c4ffa1,6,973,True,27186,26874,140.47147763728935
974,3b413ebe-d509-4c50-8c03-8c1381c4ffa1,6,974,True,27212,26900,155.3230387168187
975,3b413ebe-d509-4c50-8c03-8c1381c4ffa1,6,975,True,27243,26931,137.20280186656237
976,3b413ebe-d509-4c50-8c03-8c1381c4ffa1,6,976,True,27269,26957,165.3495633571838
977,3b413ebe-d509-4c50-8c03-8c1381c4ffa1,6,977,True,27300,26988,118.44272458571504
978,3b413ebe-d509-4c50-8c03-8c1381c4ffa1,6,978,True,27327,27015,147.87451968067762
979,3b413ebe-d509-4c50-8c03-8c1381c4ffa1,6,979,True,27353,27041,124.50540885919327
980,3b413ebe-d509-4c50-8c03-8c1381c4ffa1,6,980,True,27375,27063,200.09064074916023
981,3b413ebe-d509-4c50-8c03-8c1381c4ffa1,6,981,True,27407,27095,146.04011124964745
982,3b413ebe-d509-4c50-8c03-8c1381c4ffa1,6,982,True,27432,27120,212.03512815947397
983,3b413ebe-d509-4c50-8c03-8c1381c4ffa1,6,983,True,27461,27149,118.1594605242899
984,3b413ebe-d509-4c50-8c03-8c1381c4ffa1,6,984,True,27502,27190,168.8730425148642
985,3b413ebe-d509-4c50-8c03-8c1381c4ffa1,6,985,True,27528,27216,159.36596439659843
986,3b413ebe-d509-4c50-8c03-8c1381c4ffa1,6,986,True,27556,27244,212.071154470701
987,3b413ebe-d509-4c50-8c03-8c1381c4ffa1,6,987,True,27585,27273,193.86943129157225
988,3b413ebe-d509-4c50-8c03-8c1381c4ffa1,6,988,True,27612,27300,241.5743858822134
989,3b413ebe-d509-4c50-8c03-8c1381c4ffa1,6,989,True,27636,27324,220.77980660555113
990,3b413ebe-d509-4c50-8c03-8c1381c4ffa1,6,990,True,27653,27341,200.5743858822134
991,3b413ebe-d509-4c50-8c03-8c1381c4ffa1,6,991,True,27682,27370,174.77980660555113
992,3b413ebe-d509-4c50-8c03-8c1381c4ffa1,6,992,True,27711,27399,193.23628911274864
993,3b413ebe-d509-4c50-8c03-8c1381c4ffa1,6,993,True,27738,27426,190.37097527875812
994,3b413ebe-d509-4c50-8c03-8c1381c4ffa1,6,994,True,27766,27454,211.5374168444141
995,3b413ebe-d509-4c50-8c03-8c1381c4ffa1,6,995,True,27796,27484,229.35339126813415
996,3b413ebe-d509-4c50-8c03-8c1381c4ffa1,6,996,True,27826,27514,215.1066871075309
997,3b413ebe-d509-4c50-8c03-8c1381c4ffa1,6,997,True,27852,27540,189.1066871075309
998,3b413ebe-d509-4c50-8c03-8c1381c4ffa1,6,998,True,27879,27567,197.60048974374877
999,3b413ebe-d509-4c50-8c03-8c1381c4ffa1,6,999,True,27915,27603,173.64254588971744
1000,df7d3c82-7ed4-4fc6-9be3-0811568ddc4e,9,1000,True,380,28,77.32110337772636
1001,df7d3c82-7ed4-4fc6-9be3-0811568ddc4e,9,1001,True,401,49,88.07119263729302
1002,df7d3c82-7ed4-4fc6-9be3-0811568ddc4e,9,1002,True,422,70,93.17648712447877
1003,df7d3c82-7ed4-4fc6-9be3-0811568ddc4e,9,1003,True,446,94,88.61427734484465
1004,df7d3c82-7ed4-4fc6-9be3-0811568ddc4e,9,1004,True,485,133,84.66217258352435
1005,df7d3c82-7ed4-4fc6-9be3-0811568ddc4e,9,1005,True,512,160,89.5432045854925
1006,df7d3c82-7ed4-4fc6-9be3-0811568ddc4e,9,1006,True,541,189,103.61590510277478
1007,df7d3c82-7ed4-4fc6-9be3-0811568ddc4e,9,1007,True,565,213,99.89804540891305
1008,df7d3c82-7ed4-4fc6-9be3-0811568ddc4e,9,1008,True,597,245,142.62862678736695
1009,df7d3c82-7ed4-4fc6-9be3-0811568ddc4e,9,1009,True,625,273,115.14151465078726
1010,df7d3c82-7ed4-4fc6-9be3-0811568ddc4e,9,1010,True,654,302,97.23036364719752
1011,df7d3c82-7ed4-4fc6-9be3-0811568ddc4e,9,1011,True,677,325,126.10010708929224
1012,df7d3c82-7ed4-4fc6-9be3-0811568ddc4e,9,1012,True,711,359,118.73830736810186
1013,df7d3c82-7ed4-4fc6-9be3-0811568ddc4e,9,1013,True,738,386,134.6895710345898
1014,df7d3c82-7ed4-4fc6-9be3-0811568ddc4e,9,1014,True,769,417,108.15117688166004
1015,df7d3c82-7ed4-4fc6-9be3-0811568ddc4e,9,1015,True,800,448,128.00697811259306
1016,df7d3c82-7ed4-4fc6-9be3-0811568ddc4e,9,1016,True,824,472,128.91433407317334
1017,df7d3c82-7ed4-4fc6-9be3-0811568ddc4e,9,1017,True,857,505,121.82580607476098
1018,df7d3c82-7ed4-4fc6-9be3-0811568ddc4e,9,1018,True,888,536,139.51287080037275
1019,df7d3c82-7ed4-4fc6-9be3-0811568ddc4e,9,1019,True,912,560,126.21732646787791
1020,df7d3c82-7ed4-4fc6-9be3-0811568ddc4e,9,1020,True,944,592,108.85544450046518
1021,df7d3c82-7ed4-4fc6-9be3-0811568ddc4e,9,1021,True,976,624,147.78989385009038
1022,df7d3c82-7ed4-4fc6-9be3-0811568ddc4e,9,1022,True,1006,654,177.4740744823381
1023,df7d3c82-7ed4-4fc6-9be3-0811568ddc4e,9,1023,True,1040,688,141.52042831633605
1024,df7d3c82-7ed4-4fc6-9be3-0811568ddc4e,9,1024,True,1059,707,148.22151462041472
1025,df7d3c82-7ed4-4fc6-9be3-0811568ddc4e,9,1025,True,1077,725,146.52439679190093
1026,df7d3c82-7ed4-4fc6-9be3-0811568ddc4e,9,1026,True,1103,751,164.45344915738235
1027,df7d3c82-7ed4-4fc6-9be3-0811568ddc4e,9,1027,True,1128,776,147.31740294115673
1028,df7d3c82-7ed4-4fc6-9be3-0811568ddc4e,9,1028,True,1156,804,194.04749848795745
1029,df7d3c82-7ed4-4fc6-9be3-0811568ddc4e,9,1029,True,1174,822,153.97836456038897
1030,df7d3c82-7ed4-4fc6-9be3-0811568ddc4e,9,1030,True,1207,855,167.2474593331707
1031,df7d3c82-7ed4-4fc6-9be3-0811568ddc4e,9,1031,True,1223,871,153.48812317661304
1032,df7d3c82-7ed4-4fc6-9be3-0811568ddc4e,9,1032,True,1249,897,159.61419338915812
1033,df7d3c82-7ed4-4fc6-9be3-0811568ddc4e,9,1033,True,1272,920,183.14045869889492
1034,df7d3c82-7ed4-4fc6-9be3-0811568ddc4e,9,1034,True,1298,946,162.61207638040582
1035,df7d3c82-7ed4-4fc6-9be3-0811568ddc4e,9,1035,True,1323,971,154.99407635859984
1036,df7d3c82-7ed4-4fc6-9be3-0811568ddc4e,9,1036,True,1346,994,159.63672111406777
1037,df7d3c82-7ed4-4fc6-9be3-0811568ddc4e,9,1037,True,1371,1019,158.21373960783717
1038,df7d3c82-7ed4-4fc6-9be3-0811568ddc4e,9,1038,True,1392,1040,162.1662846045599
1039,df7d3c82-7ed4-4fc6-9be3-0811568ddc4e,9,1039,True,1420,1068,133.97054923458245
1040,df7d3c82-7ed4-4fc6-9be3-0811568ddc4e,9,1040,True,1449,1097,198.82852867224688
1041,df7d3c82-7ed4-4fc6-9be3-0811568ddc4e,9,1041,True,1467,1115,132.7437911893444
1042,df7d3c82-7ed4-4fc6-9be3-0811568ddc4e,9,1042,True,1490,1138,159.5674402902423
1043,df7d3c82-7ed4-4fc6-9be3-0811568ddc4e,9,1043,True,1523,1171,162.09715198607205
1044,df7d3c82-7ed4-4fc6-9be3-0811568ddc4e,9,1044,True,1552,1200,195.80266186809718
1045,df7d3c82-7ed4-4fc6-9be3-0811568ddc4e,9,1045,True,1573,1221,173.52144899688233
1046,df7d3c82-7ed4-4fc6-9be3-0811568ddc4e,9,1046,True,1597,1245,149.34548567796332
1047,df7d3c82-7ed4-4fc6-9be3-0811568ddc4e,9,1047,True,1621,1269,152.52409736823006
1048,df7d3c82-7ed4-4fc6-9be3-0811568ddc4e,9,1048,True,1651,1299,148.01692057984724
1049,df7d3c82-7ed4-4fc6-9be3-0811568ddc4e,9,1049,True,1683,1331,160.53557626140264
1050,df7d3c82-7ed4-4fc6-9be3-0811568ddc4e,9,1050,True,1699,1347,150.3533117830434
1051,df7d3c82-7ed4-4fc6-9be3-0811568ddc4e,9,1051,True,1730,1378,212.81933343741866
1052,df7d3c82-7ed4-4fc6-9be3-0811568ddc4e,9,1052,True,1764,1412,179.5082731801458
1053,df7d3c82-7ed4-4fc6-9be3-0811568ddc4e,9,1053,True,1787,1435,161.3705678177448
1054,df7d3c82-7ed4-4fc6-9be3-0811568ddc4e,9,1054,True,1812,1460,217.28595666139267
1055,df7d3c82-7ed4-4fc6-9be3-0811568ddc4e,9,1055,True,1837,1485,187.91998543361524
1056,df7d3c82-7ed4-4fc6-9be3-0811568ddc4e,9,1056,True,1871,1519,161.3551964496785
1057,df7d3c82-7ed4-4fc6-9be3-0811568ddc4e,9,1057,True,1898,1546,178.7466960732579
1058,df7d3c82-7ed4-4fc6-9be3-0811568ddc4e,9,1058,True,1924,1572,169.78395738458335
1059,df7d3c82-7ed4-4fc6-9be3-0811568ddc4e,9,1059,True,1943,1591,208.02065513195976
1060,df7d3c82-7ed4-4fc6-9be3-0811568ddc4e,9,1060,True,1971,1619,132.8510776660628
1061,df7d3c82-7ed4-4fc6-9be3-0811568ddc4e,9,1061,True,2001,1649,165.03402745468088
1062,df7d3c82-7ed4-4fc6-9be3-0811568ddc4e,9,1062,True,2032,1680,133.28469507948603
1063,df7d3c82-7ed4-4fc6-9be3-0811568ddc4e,9,1063,True,2056,1704,205.1812196021342
1064,df7d3c82-7ed4-4fc6-9be3-0811568ddc4e,9,1064,True,2088,1736,173.1812196021342
1065,df7d3c82-7ed4-4fc6-9be3-0811568ddc4e,9,1065,True,2104,1752,211.71202415338485
1066,df7d3c82-7ed4-4fc6-9be3-0811568ddc4e,9,1066,True,2144,1792,181.4804859999963
1067,df7d3c82-7ed4-4fc6-9be3-0811568ddc4e,9,1067,True,2171,1819,199.53366704584846
1068,df7d3c82-7ed4-4fc6-9be3-0811568ddc4e,9,1068,True,2194,1842,137.63576265740176
1069,df7d3c82-7ed4-4fc6-9be3-0811568ddc4e,9,1069,True,2220,1868,194.8890334126936
1070,df7d3c82-7ed4-4fc6-9be3-0811568ddc4e,9,1070,True,2252,1900,166.10781166833658
1071,df7d3c82-7ed4-4fc6-9be3-0811568ddc4e,9,1071,True,2275,1923,191.88888471665814
1072,df7d3c82-7ed4-4fc6-9be3-0811568ddc4e,9,1072,True,2302,1950,138.4014541659658
1073,df7d3c82-7ed4-4fc6-9be3-0811568ddc4e,9,1073,True,2325,1973,166.005608302602
1074,df7d3c82-7ed4-4fc6-9be3-0811568ddc4e,9,1074,True,2354,2002,135.26821481679872
1075,df7d3c82-7ed4-4fc6-9be3-0811568ddc4e,9,1075,True,2375,2023,191.3282917609008
1076,df7d3c82-7ed4-4fc6-9be3-0811568ddc4e,9,1076,True,2407,2055,135.85199197672364
1077,df7d3c82-7ed4-4fc6-9be3-0811568ddc4e,9,1077,True,2437,2085,178.520994647301
1078,df7d3c82-7ed4-4fc6-9be3-0811568ddc4e,9,1078,True,2468,2116,147.23824419130733
1079,df7d3c82-7ed4-4fc6-9be3-0811568ddc4e,9,1079,True,2503,2151,193.7577170021118
1080,df7d3c82-7ed4-4fc6-9be3-0811568ddc4e,9,1080,True,2529,2177,140.39762530718872
1081,df7d3c82-7ed4-4fc6-9be3-0811568ddc4e,9,1081,True,2549,2197,200.89192043647608
1082,df7d3c82-7ed4-4fc6-9be3-0811568ddc4e,9,1082,True,2573,2221,142.04405812099503
1083,df7d3c82-7ed4-4fc6-9be3-0811568ddc4e,9,1083,True,2598,2246,151.89192043647608
1084,df7d3c82-7ed4-4fc6-9be3-0811568ddc4e,9,1084,True,2619,2267,153.75395730068294
1085,df7d3c82-7ed4-4fc6-9be3-0811568ddc4e,9,1085,True,2647,2295,100.53155569057708
1086,df7d3c82-7ed4-4fc6-9be3-0811568ddc4e,9,1086,True,2675,2323,125.38838969690005
1087,df7d3c82-7ed4-4fc6-9be3-0811568ddc4e,9,1087,True,2706,2354,145.7882345107637
1088,df7d3c82-7ed4-4fc6-9be3-0811568ddc4e,9,1088,True,2738,2386,143.42147765069967
1089,df7d3c82-7ed4-4fc6-9be3-0811568ddc4e,9,1089,True,2759,2407,145.1881398185419
1090,df7d3c82-7ed4-4fc6-9be3-0811568ddc4e,9,1090,True,2791,2439,163.24945254683962
1091,df7d3c82-7ed4-4fc6-9be3-0811568ddc4e,9,1091,True,2811,2459,161.53020703596394
1092,df7d3c82-7ed4-4fc6-9be3-0811568ddc4e,9,1092,True,2843,2491,171.21619599381938
1093,df7d3c82-7ed4-4fc6-9be3-0811568ddc4e,9,1093,True,2868,2516,180.39033215900326
1094,df7d3c82-7ed4-4fc6-9be3-0811568ddc4e,9,1094,True,2902,2550,152.51386725472958
1095,df7d3c82-7ed4-4fc6-9be3-0811568ddc4e,9,1095,True,2934,2582,133.50029037773857
1096,df7d3c82-7ed4-4fc6-9be3-0811568ddc4e,9,1096,True,2960,2608,174.82801393133877
1097,df7d3c82-7ed4-4fc6-9be3-0811568ddc4e,9,1097,True,2978,2626,139.2309164435028
1098,df7d3c82-7ed4-4fc6-9be3-0811568ddc4e,9,1098,True,3001,2649,167.20732116102045
1099,df7d3c82-7ed4-4fc6-9be3-0811568ddc4e,9,1099,True,3033,2681,127.52805399613953
1100,df7d3c82-7ed4-4fc6-9be3-0811568ddc4e,9,1100,True,3075,2723,117.06340161181015
1101,df7d3c82-7ed4-4fc6-9be3-0811568ddc4e,9,1101,True,3101,2749,159.7889560326048
1102,df7d3c82-7ed4-4fc6-9be3-0811568ddc4e,9,1102,True,3123,2771,138.47745826886285
1103,df7d3c82-7ed4-4fc6-9be3-0811568ddc4e,9,1103,True,3153,2801,159.44694304350242
1104,df7d3c82-7ed4-4fc6-9be3-0811568ddc4e,9,1104,True,3182,2830,131.1176023086614
1105,df7d3c82-7ed4-4fc6-9be3-0811568ddc4e,9,1105,True,3215,2863,123.32401859910397
1106,df7d3c82-7ed4-4fc6-9be3-0811568ddc4e,9,1106,True,3241,2889,147.94855388854057
1107,df7d3c82-7ed4-4fc6-9be3-0811568ddc4e,9,1107,True,3265,2913,128.8326540299854
1108,df7d3c82-7ed4-4fc6-9be3-0811568ddc4e,9,1108,True,3302,2950,135.1503148512811
1109,df7d3c82-7ed4-4fc6-9be3-0811568ddc4e,9,1109,True,3329,2977,128.96577412551142
1110,df7d3c82-7ed4-4fc6-9be3-0811568ddc4e,9,1110,True,3360,3008,147.2548003443112
1111,df7d3c82-7ed4-4fc6-9be3-0811568ddc4e,9,1111,True,3381,3029,150.09321656687234
1112,df7d3c82-7ed4-4fc6-9be3-0811568ddc4e,9,1112,True,3411,3059,147.28016149519908
1113,df7d3c82-7ed4-4fc6-9be3-0811568ddc4e,9,1113,True,3439,3087,118.71611467074717
1114,df7d3c82-7ed4-4fc6-9be3-0811568ddc4e,9,1114,True,3467,3115,141.11205990392727
1115,df7d3c82-7ed4-4fc6-9be3-0811568ddc4e,9,1115,True,3485,3133,148.2927419672601
1116,df7d3c82-7ed4-4fc6-9be3-0811568ddc4e,9,1116,True,3518,3166,116.0777471459487
1117,df7d3c82-7ed4-4fc6-9be3-0811568ddc4e,9,1117,True,3546,3194,138.8165687808546
1118,df7d3c82-7ed4-4fc6-9be3-0811568ddc4e,9,1118,True,3561,3209,146.78847172138194
1119,df7d3c82-7ed4-4fc6-9be3-0811568ddc4e,9,1119,True,3588,3236,101.16307400999176
1120,df7d3c82-7ed4-4fc6-9be3-0811568ddc4e,9,1120,True,3622,3270,101.77383444236375
1121,df7d3c82-7ed4-4fc6-9be3-0811568ddc4e,9,1121,True,3663,3311,110.42477762973567
1122,df7d3c82-7ed4-4fc6-9be3-0811568ddc4e,9,1122,True,3692,3340,130.17140812701655
1123,df7d3c82-7ed4-4fc6-9be3-0811568ddc4e,9,1123,True,3719,3367,128.41243062652438
1124,df7d3c82-7ed4-4fc6-9be3-0811568ddc4e,9,1124,True,3737,3385,141.0776403738987
1125,df7d3c82-7ed4-4fc6-9be3-0811568ddc4e,9,1125,True,3769,3417,132.92940360728971
1126,df7d3c82-7ed4-4fc6-9be3-0811568ddc4e,9,1126,True,3796,3444,123.11487404511672
1127,df7d3c82-7ed4-4fc6-9be3-0811568ddc4e,9,1127,True,3820,3468,109.34312143193074
1128,df7d3c82-7ed4-4fc6-9be3-0811568ddc4e,9,1128,True,3850,3498,153.2918258873906
1129,df7d3c82-7ed4-4fc6-9be3-0811568ddc4e,9,1129,True,3879,3527,138.23933911052472
1130,df7d3c82-7ed4-4fc6-9be3-0811568ddc4e,9,1130,True,3907,3555,111.79645395976968
1131,df7d3c82-7ed4-4fc6-9be3-0811568ddc4e,9,1131,True,3944,3592,126.35761836144047
1132,df7d3c82-7ed4-4fc6-9be3-0811568ddc4e,9,1132,True,3974,3622,142.06539005826608
1133,df7d3c82-7ed4-4fc6-9be3-0811568ddc4e,9,1133,True,3999,3647,117.09994802053052
1134,df7d3c82-7ed4-4fc6-9be3-0811568ddc4e,9,1134,True,4030,3678,145.1155853201717
1135,df7d3c82-7ed4-4fc6-9be3-0811568ddc4e,9,1135,True,4057,3705,118.89998192203029
1136,df7d3c82-7ed4-4fc6-9be3-0811568ddc4e,9,1136,True,4084,3732,149.7450883817878
1137,df7d3c82-7ed4-4fc6-9be3-0811568ddc4e,9,1137,True,4104,3752,153.7735761474255
1138,df7d3c82-7ed4-4fc6-9be3-0811568ddc4e,9,1138,True,4130,3778,129.64895847209937
1139,df7d3c82-7ed4-4fc6-9be3-0811568ddc4e,9,1139,True,4162,3810,148.42243967063223
1140,df7d3c82-7ed4-4fc6-9be3-0811568ddc4e,9,1140,True,4188,3836,150.3409735646319
1141,df7d3c82-7ed4-4fc6-9be3-0811568ddc4e,9,1141,True,4217,3865,116.34253877422816
1142,df7d3c82-7ed4-4fc6-9be3-0811568ddc4e,9,1142,True,4250,3898,137.73861772738155
1143,df7d3c82-7ed4-4fc6-9be3-0811568ddc4e,9,1143,True,4279,3927,134.43481677564114
1144,df7d3c82-7ed4-4fc6-9be3-0811568ddc4e,9,1144,True,4309,3957,174.96889518205717
1145,df7d3c82-7ed4-4fc6-9be3-0811568ddc4e,9,1145,True,4329,3977,155.56957817482999
1146,df7d3c82-7ed4-4fc6-9be3-0811568ddc4e,9,1146,True,4352,4000,190.93559259828453
1147,df7d3c82-7ed4-4fc6-9be3-0811568ddc4e,9,1147,True,4387,4035,149.8913431456631
1148,df7d3c82-7ed4-4fc6-9be3-0811568ddc4e,9,1148,True,4427,4075,191.72157843881905
1149,df7d3c82-7ed4-4fc6-9be3-0811568ddc4e,9,1149,True,4454,4102,161.7976597849074
1150,df7d3c82-7ed4-4fc6-9be3-0811568ddc4e,9,1150,True,4482,4130,159.33236096181645
1151,df7d3c82-7ed4-4fc6-9be3-0811568ddc4e,9,1151,True,4506,4154,163.86909551766803
1152,df7d3c82-7ed4-4fc6-9be3-0811568ddc4e,9,1152,True,4541,4189,184.46543902771919
1153,df7d3c82-7ed4-4fc6-9be3-0811568ddc4e,9,1153,True,4573,4221,191.84706077704323
1154,df7d3c82-7ed4-4fc6-9be3-0811568ddc4e,9,1154,True,4601,4249,167.07585283913613
1155,df7d3c82-7ed4-4fc6-9be3-0811568ddc4e,9,1155,True,4630,4278,161.48083079327535
1156,df7d3c82-7ed4-4fc6-9be3-0811568ddc4e,9,1156,True,4655,4303,139.59826035900733
1157,df7d3c82-7ed4-4fc6-9be3-0811568ddc4e,9,1157,True,4678,4326,165.63008903799164
1158,df7d3c82-7ed4-4fc6-9be3-0811568ddc4e,9,1158,True,4706,4354,145.66703482922094
1159,df7d3c82-7ed4-4fc6-9be3-0811568ddc4e,9,1159,True,4731,4379,188.08914491294945
1160,df7d3c82-7ed4-4fc6-9be3-0811568ddc4e,9,1160,True,4763,4411,147.5987520325407
1161,df7d3c82-7ed4-4fc6-9be3-0811568ddc4e,9,1161,True,4791,4439,148.89182861677
1162,df7d3c82-7ed4-4fc6-9be3-0811568ddc4e,9,1162,True,4818,4466,164.7418295247462
1163,df7d3c82-7ed4-4fc6-9be3-0811568ddc4e,9,1163,True,4839,4487,227.28786501412378
1164,df7d3c82-7ed4-4fc6-9be3-0811568ddc4e,9,1164,True,4867,4515,179.21825365234054
1165,df7d3c82-7ed4-4fc6-9be3-0811568ddc4e,9,1165,True,4912,4560,158.99114513601944
1166,df7d3c82-7ed4-4fc6-9be3-0811568ddc4e,9,1166,True,4937,4585,152.74004847952074
1167,df7d3c82-7ed4-4fc6-9be3-0811568ddc4e,9,1167,True,4960,4608,188.79887780019908
1168,df7d3c82-7ed4-4fc6-9be3-0811568ddc4e,9,1168,True,4983,4631,210.74236319773445
1169,df7d3c82-7ed4-4fc6-9be3-0811568ddc4e,9,1169,True,5009,4657,162.4490548018448
1170,df7d3c82-7ed4-4fc6-9be3-0811568ddc4e,9,1170,True,5034,4682,186.27888529801567
1171,df7d3c82-7ed4-4fc6-9be3-0811568ddc4e,9,1171,True,5067,4715,160.9130663141732
1172,df7d3c82-7ed4-4fc6-9be3-0811568ddc4e,9,1172,True,5093,4741,151.850156084246
1173,df7d3c82-7ed4-4fc6-9be3-0811568ddc4e,9,1173,True,5125,4773,148.89930840233774
1174,df7d3c82-7ed4-4fc6-9be3-0811568ddc4e,9,1174,True,5154,4802,166.68255519028844
1175,df7d3c82-7ed4-4fc6-9be3-0811568ddc4e,9,1175,True,5173,4821,126.82607827918491
1176,df7d3c82-7ed4-4fc6-9be3-0811568ddc4e,9,1176,True,5204,4852,141.65677490805137
1177,df7d3c82-7ed4-4fc6-9be3-0811568ddc4e,9,1177,True,5236,4884,178.90744856893707
1178,df7d3c82-7ed4-4fc6-9be3-0811568ddc4e,9,1178,True,5276,4924,138.90744856893707
1179,df7d3c82-7ed4-4fc6-9be3-0811568ddc4e,9,1179,True,5300,4948,173.3053785758184
1180,df7d3c82-7ed4-4fc6-9be3-0811568ddc4e,9,1180,True,5324,4972,172.99551288290877
1181,df7d3c82-7ed4-4fc6-9be3-0811568ddc4e,9,1181,True,5356,5004,162.85152810623094
1182,df7d3c82-7ed4-4fc6-9be3-0811568ddc4e,9,1182,True,5384,5032,138.2046164226531
1183,df7d3c82-7ed4-4fc6-9be3-0811568ddc4e,9,1183,True,5410,5058,203.63933760883447
1184,df7d3c82-7ed4-4fc6-9be3-0811568ddc4e,9,1184,True,5444,5092,153.36462958201355
1185,df7d3c82-7ed4-4fc6-9be3-0811568ddc4e,9,1185,True,5475,5123,203.66356248450757
1186,df7d3c82-7ed4-4fc6-9be3-0811568ddc4e,9,1186,True,5512,5160,152.7565055891837
1187,df7d3c82-7ed4-4fc6-9be3-0811568ddc4e,9,1187,True,5543,5191,146.64435037930798
1188,df7d3c82-7ed4-4fc6-9be3-0811568ddc4e,9,1188,True,5567,5215,121.91247344554904
1189,df7d3c82-7ed4-4fc6-9be3-0811568ddc4e,9,1189,True,5589,5237,149.6345755189468
1190,df7d3c82-7ed4-4fc6-9be3-0811568ddc4e,9,1190,True,5623,5271,185.79433154752223
1191,df7d3c82-7ed4-4fc6-9be3-0811568ddc4e,9,1191,True,5654,5302,109.50821585429094
1192,df7d3c82-7ed4-4fc6-9be3-0811568ddc4e,9,1192,True,5693,5341,142.09090953077884
1193,df7d3c82-7ed4-4fc6-9be3-0811568ddc4e,9,1193,True,5719,5367,169.24026963224424
1194,df7d3c82-7ed4-4fc6-9be3-0811568ddc4e,9,1194,True,5752,5400,144.703430848861
1195,df7d3c82-7ed4-4fc6-9be3-0811568ddc4e,9,1195,True,5778,5426,157.91061197277395
1196,df7d3c82-7ed4-4fc6-9be3-0811568ddc4e,9,1196,True,5812,5460,123.42872261311823
1197,df7d3c82-7ed4-4fc6-9be3-0811568ddc4e,9,1197,True,5839,5487,139.43685599276887
1198,df7d3c82-7ed4-4fc6-9be3-0811568ddc4e,9,1198,True,5870,5518,114.70238485063783
1199,df7d3c82-7ed4-4fc6-9be3-0811568ddc4e,9,1199,True,5886,5534,164.23749119661352
1200,df7d3c82-7ed4-4fc6-9be3-0811568ddc4e,9,1200,True,5917,5565,141.76611325195518
1201,df7d3c82-7ed4-4fc6-9be3-0811568ddc4e,9,1201,True,5939,5587,183.55218990813046
1202,df7d3c82-7ed4-4fc6-9be3-0811568ddc4e,9,1202,True,5968,5616,142.86999045680113
1203,df7d3c82-7ed4-4fc6-9be3-0811568ddc4e,9,1203,True,5989,5637,161.0174921337857
1204,df7d3c82-7ed4-4fc6-9be3-0811568ddc4e,9,1204,True,6011,5659,141.53281316420362
1205,df7d3c82-7ed4-4fc6-9be3-0811568ddc4e,9,1205,True,6035,5683,141.4283127054523
1206,df7d3c82-7ed4-4fc6-9be3-0811568ddc4e,9,1206,True,6065,5713,144.40907159519156
1207,df7d3c82-7ed4-4fc6-9be3-0811568ddc4e,9,1207,True,6089,5737,137.17678404177695
1208,df7d3c82-7ed4-4fc6-9be3-0811568ddc4e,9,1208,True,6118,5766,171.55176851352553
1209,df7d3c82-7ed4-4fc6-9be3-0811568ddc4e,9,1209,True,6154,5802,150.32849890761918
1210,df7d3c82-7ed4-4fc6-9be3-0811568ddc4e,9,1210,True,6185,5833,180.22658360570313
1211,df7d3c82-7ed4-4fc6-9be3-0811568ddc4e,9,1211,True,6213,5861,180.79023830076858
1212,df7d3c82-7ed4-4fc6-9be3-0811568ddc4e,9,1212,True,6238,5886,127.67393452545821
1213,df7d3c82-7ed4-4fc6-9be3-0811568ddc4e,9,1213,True,6268,5916,156.29471813995133
1214,df7d3c82-7ed4-4fc6-9be3-0811568ddc4e,9,1214,True,6300,5948,144.28788236357377
1215,df7d3c82-7ed4-4fc6-9be3-0811568ddc4e,9,1215,True,6318,5966,157.75773504309927
1216,df7d3c82-7ed4-4fc6-9be3-0811568ddc4e,9,1216,True,6342,5990,128.29121719849263
1217,df7d3c82-7ed4-4fc6-9be3-0811568ddc4e,9,1217,True,6373,6021,144.98898796747017
1218,df7d3c82-7ed4-4fc6-9be3-0811568ddc4e,9,1218,True,6390,6038,174.78487706160104
1219,df7d3c82-7ed4-4fc6-9be3-0811568ddc4e,9,1219,True,6429,6077,169.09015547640138
1220,df7d3c82-7ed4-4fc6-9be3-0811568ddc4e,9,1220,True,6459,6107,157.06173982232212
1221,df7d3c82-7ed4-4fc6-9be3-0811568ddc4e,9,1221,True,6482,6130,158.33367916707084
1222,df7d3c82-7ed4-4fc6-9be3-0811568ddc4e,9,1222,True,6514,6162,132.89089062813673
1223,df7d3c82-7ed4-4fc6-9be3-0811568ddc4e,9,1223,True,6538,6186,150.08140073689538
1224,df7d3c82-7ed4-4fc6-9be3-0811568ddc4e,9,1224,True,6556,6204,119.98507728337881
1225,df7d3c82-7ed4-4fc6-9be3-0811568ddc4e,9,1225,True,6576,6224,138.76446099774876
1226,df7d3c82-7ed4-4fc6-9be3-0811568ddc4e,9,1226,True,6608,6256,119.99921551881289
1227,df7d3c82-7ed4-4fc6-9be3-0811568ddc4e,9,1227,True,6634,6282,137.13593474963727
1228,df7d3c82-7ed4-4fc6-9be3-0811568ddc4e,9,1228,True,6660,6308,122.42818519008233
1229,df7d3c82-7ed4-4fc6-9be3-0811568ddc4e,9,1229,True,6683,6331,135.8021244511965
1230,df7d3c82-7ed4-4fc6-9be3-0811568ddc4e,9,1230,True,6707,6355,163.69790180536165
1231,df7d3c82-7ed4-4fc6-9be3-0811568ddc4e,9,1231,True,6736,6384,140.18794268379315
1232,df7d3c82-7ed4-4fc6-9be3-0811568ddc4e,9,1232,True,6760,6408,196.55857551224653
1233,df7d3c82-7ed4-4fc6-9be3-0811568ddc4e,9,1233,True,6789,6437,176.81283231001817
1234,df7d3c82-7ed4-4fc6-9be3-0811568ddc4e,9,1234,True,6819,6467,120.37527926879011
1235,df7d3c82-7ed4-4fc6-9be3-0811568ddc4e,9,1235,True,6843,6491,200.1377593280704
1236,df7d3c82-7ed4-4fc6-9be3-0811568ddc4e,9,1236,True,6874,6522,152.56114985162822
1237,df7d3c82-7ed4-4fc6-9be3-0811568ddc4e,9,1237,True,6899,6547,151.8249375330406
1238,df7d3c82-7ed4-4fc6-9be3-0811568ddc4e,9,1238,True,6928,6576,184.11903552776675
1239,df7d3c82-7ed4-4fc6-9be3-0811568ddc4e,9,1239,True,6967,6615,207.41061204376547
1240,df7d3c82-7ed4-4fc6-9be3-0811568ddc4e,9,1240,True,6990,6638,161.10527698812257
1241,df7d3c82-7ed4-4fc6-9be3-0811568ddc4e,9,1241,True,7021,6669,201.84110627756127
1242,df7d3c82-7ed4-4fc6-9be3-0811568ddc4e,9,1242,True,7047,6695,151.25067295844565
1243,df7d3c82-7ed4-4fc6-9be3-0811568ddc4e,9,1243,True,7076,6724,172.66885851086954
1244,df7d3c82-7ed4-4fc6-9be3-0811568ddc4e,9,1244,True,7103,6751,148.51186651733224
1245,df7d3c82-7ed4-4fc6-9be3-0811568ddc4e,9,1245,True,7129,6777,207.8756060397518
1246,df7d3c82-7ed4-4fc6-9be3-0811568ddc4e,9,1246,True,7151,6799,211.98099899332374
1247,df7d3c82-7ed4-4fc6-9be3-0811568ddc4e,9,1247,True,7198,6846,191.50375997508036
1248,df7d3c82-7ed4-4fc6-9be3-0811568ddc4e,9,1248,True,7217,6865,168.7885451531747
1249,df7d3c82-7ed4-4fc6-9be3-0811568ddc4e,9,1249,True,7253,6901,213.8348554628974
1250,df7d3c82-7ed4-4fc6-9be3-0811568ddc4e,9,1250,True,7277,6925,215.42217488073584
1251,df7d3c82-7ed4-4fc6-9be3-0811568ddc4e,9,1251,True,7308,6956,211.72147184382175
1252,df7d3c82-7ed4-4fc6-9be3-0811568ddc4e,9,1252,True,7337,6985,182.84891930555386
1253,df7d3c82-7ed4-4fc6-9be3-0811568ddc4e,9,1253,True,7367,7015,200.12426231967856
1254,df7d3c82-7ed4-4fc6-9be3-0811568ddc4e,9,1254,True,7398,7046,190.63477745073305
1255,df7d3c82-7ed4-4fc6-9be3-0811568ddc4e,9,1255,True,7421,7069,194.907978199838
1256,df7d3c82-7ed4-4fc6-9be3-0811568ddc4e,9,1256,True,7453,7101,165.53905714975372
1257,df7d3c82-7ed4-4fc6-9be3-0811568ddc4e,9,1257,True,7477,7125,191.0102131500198
1258,df7d3c82-7ed4-4fc6-9be3-0811568ddc4e,9,1258,True,7501,7149,198.78170419533944
1259,df7d3c82-7ed4-4fc6-9be3-0811568ddc4e,9,1259,True,7518,7166,177.27815524775633
1260,df7d3c82-7ed4-4fc6-9be3-0811568ddc4e,9,1260,True,7550,7198,222.4716097445198
1261,df7d3c82-7ed4-4fc6-9be3-0811568ddc4e,9,1261,True,7580,7228,170.40057842714577
1262,df7d3c82-7ed4-4fc6-9be3-0811568ddc4e,9,1262,True,7618,7266,206.70699124286512
1263,df7d3c82-7ed4-4fc6-9be3-0811568ddc4e,9,1263,True,7641,7289,157.75411786867517
1264,df7d3c82-7ed4-4fc6-9be3-0811568ddc4e,9,1264,True,7673,7321,183.3738694338017
1265,df7d3c82-7ed4-4fc6-9be3-0811568ddc4e,9,1265,True,7701,7349,180.1435234646715
1266,df7d3c82-7ed4-4fc6-9be3-0811568ddc4e,9,1266,True,7727,7375,180.46675306175348
1267,df7d3c82-7ed4-4fc6-9be3-0811568ddc4e,9,1267,True,7756,7404,154.40061676819187
1268,df7d3c82-7ed4-4fc6-9be3-0811568ddc4e,9,1268,True,7780,7428,152.89684641692565
1269,df7d3c82-7ed4-4fc6-9be3-0811568ddc4e,9,1269,True,7816,7464,166.74655535046895
1270,df7d3c82-7ed4-4fc6-9be3-0811568ddc4e,9,1270,True,7849,7497,160.5521255629974
1271,df7d3c82-7ed4-4fc6-9be3-0811568ddc4e,9,1271,True,7879,7527,129.43530530859425
1272,df7d3c82-7ed4-4fc6-9be3-0811568ddc4e,9,1272,True,7910,7558,201.07229000594543
1273,df7d3c82-7ed4-4fc6-9be3-0811568ddc4e,9,1273,True,7937,7585,154.79038717780622
1274,df7d3c82-7ed4-4fc6-9be3-0811568ddc4e,9,1274,True,7975,7623,188.13358130833421
1275,df7d3c82-7ed4-4fc6-9be3-0811568ddc4e,9,1275,True,8008,7656,161.8908595023604
1276,df7d3c82-7ed4-4fc6-9be3-0811568ddc4e,9,1276,True,8035,7683,151.7275070304413
1277,df7d3c82-7ed4-4fc6-9be3-0811568ddc4e,9,1277,True,8059,7707,209.97406517252784
1278,df7d3c82-7ed4-4fc6-9be3-0811568ddc4e,9,1278,True,8076,7724,175.20873486958044
1279,df7d3c82-7ed4-4fc6-9be3-0811568ddc4e,9,1279,True,8113,7761,151.79796848793376
1280,df7d3c82-7ed4-4fc6-9be3-0811568ddc4e,9,1280,True,8145,7793,133.5371799684026
1281,df7d3c82-7ed4-4fc6-9be3-0811568ddc4e,9,1281,True,8175,7823,146.2772312589068
1282,df7d3c82-7ed4-4fc6-9be3-0811568ddc4e,9,1282,True,8197,7845,133.55704567552493
1283,df7d3c82-7ed4-4fc6-9be3-0811568ddc4e,9,1283,True,8215,7863,170.2405175147951
1284,df7d3c82-7ed4-4fc6-9be3-0811568ddc4e,9,1284,True,8245,7893,152.34129169000698
1285,df7d3c82-7ed4-4fc6-9be3-0811568ddc4e,9,1285,True,8278,7926,174.82854762929674
1286,df7d3c82-7ed4-4fc6-9be3-0811568ddc4e,9,1286,True,8298,7946,170.4211117662653
1287,df7d3c82-7ed4-4fc6-9be3-0811568ddc4e,9,1287,True,8323,7971,152.98469800633939
1288,df7d3c82-7ed4-4fc6-9be3-0811568ddc4e,9,1288,True,8351,7999,215.18140527232572
1289,df7d3c82-7ed4-4fc6-9be3-0811568ddc4e,9,1289,True,8376,8024,192.37111475752317
1290,df7d3c82-7ed4-4fc6-9be3-0811568ddc4e,9,1290,True,8401,8049,160.94316113219065
1291,df7d3c82-7ed4-4fc6-9be3-0811568ddc4e,9,1291,True,8441,8089,176.30523924949375
1292,df7d3c82-7ed4-4fc6-9be3-0811568ddc4e,9,1292,True,8466,8114,202.37672580571962
1293,df7d3c82-7ed4-4fc6-9be3-0811568ddc4e,9,1293,True,8504,8152,164.37672580571962
1294,df7d3c82-7ed4-4fc6-9be3-0811568ddc4e,9,1294,True,8524,8172,170.48359293555768
1295,df7d3c82-7ed4-4fc6-9be3-0811568ddc4e,9,1295,True,8553,8201,134.98795742769107
1296,df7d3c82-7ed4-4fc6-9be3-0811568ddc4e,9,1296,True,8587,8235,188.58452882238998
1297,df7d3c82-7ed4-4fc6-9be3-0811568ddc4e,9,1297,True,8614,8262,203.01171753304334
1298,df7d3c82-7ed4-4fc6-9be3-0811568ddc4e,9,1298,True,8636,8284,161.86884903758983
1299,df7d3c82-7ed4-4fc6-9be3-0811568ddc4e,9,1299,True,8658,8306,159.01171753304334
1300,df7d3c82-7ed4-4fc6-9be3-0811568ddc4e,9,1300,True,8681,8329,148.08331240001098
1301,df7d3c82-7ed4-4fc6-9be3-0811568ddc4e,9,1301,True,8703,8351,168.420026794558
1302,df7d3c82-7ed4-4fc6-9be3-0811568ddc4e,9,1302,True,8734,8382,145.57444087130898
1303,df7d3c82-7ed4-4fc6-9be3-0811568ddc4e,9,1303,True,8762,8410,135.9680746331469
1304,df7d3c82-7ed4-4fc6-9be3-0811568ddc4e,9,1304,True,8781,8429,189.26557245908043
1305,df7d3c82-7ed4-4fc6-9be3-0811568ddc4e,9,1305,True,8803,8451,176.304708147547
1306,df7d3c82-7ed4-4fc6-9be3-0811568ddc4e,9,1306,True,8826,8474,147.56290952909876
1307,df7d3c82-7ed4-4fc6-9be3-0811568ddc4e,9,1307,True,8846,8494,190.92565483340877
1308,df7d3c82-7ed4-4fc6-9be3-0811568ddc4e,9,1308,True,8874,8522,200.50495900938222
1309,df7d3c82-7ed4-4fc6-9be3-0811568ddc4e,9,1309,True,8897,8545,152.9999452999764
1310,df7d3c82-7ed4-4fc6-9be3-0811568ddc4e,9,1310,True,8923,8571,173.8282754294214
1311,df7d3c82-7ed4-4fc6-9be3-0811568ddc4e,9,1311,True,8953,8601,149.75773073101664
1312,df7d3c82-7ed4-4fc6-9be3-0811568ddc4e,9,1312,True,8979,8627,187.105908204323
1313,df7d3c82-7ed4-4fc6-9be3-0811568ddc4e,9,1313,True,9007,8655,158.96437331727793
1314,df7d3c82-7ed4-4fc6-9be3-0811568ddc4e,9,1314,True,9038,8686,180.0300870747069
1315,df7d3c82-7ed4-4fc6-9be3-0811568ddc4e,9,1315,True,9066,8714,168.66208359865595
1316,df7d3c82-7ed4-4fc6-9be3-0811568ddc4e,9,1316,True,9101,8749,215.57119814036741
1317,df7d3c82-7ed4-4fc6-9be3-0811568ddc4e,9,1317,True,9129,8777,187.57119814036741
1318,df7d3c82-7ed4-4fc6-9be3-0811568ddc4e,9,1318,True,9158,8806,219.28406129573523
1319,df7d3c82-7ed4-4fc6-9be3-0811568ddc4e,9,1319,True,9183,8831,158.8550798202068
1320,df7d3c82-7ed4-4fc6-9be3-0811568ddc4e,9,1320,True,9214,8862,174.75853320022543
1321,df7d3c82-7ed4-4fc6-9be3-0811568ddc4e,9,1321,True,9240,8888,149.8817313857926
1322,df7d3c82-7ed4-4fc6-9be3-0811568ddc4e,9,1322,True,9263,8911,178.16790531943116
1323,df7d3c82-7ed4-4fc6-9be3-0811568ddc4e,9,1323,True,9289,8937,157.39527889711098
1324,df7d3c82-7ed4-4fc6-9be3-0811568ddc4e,9,1324,True,9322,8970,201.69045915016432
1325,df7d3c82-7ed4-4fc6-9be3-0811568ddc4e,9,1325,True,9349,8997,146.66397660273287
1326,df7d3c82-7ed4-4fc6-9be3-0811568ddc4e,9,1326,True,9379,9027,202.73655070960012
1327,df7d3c82-7ed4-4fc6-9be3-0811568ddc4e,9,1327,True,9403,9051,151.95073664590018
1328,df7d3c82-7ed4-4fc6-9be3-0811568ddc4e,9,1328,True,9434,9082,149.67169113670752
1329,df7d3c82-7ed4-4fc6-9be3-0811568ddc4e,9,1329,True,9468,9116,174.4164211122843
1330,df7d3c82-7ed4-4fc6-9be3-0811568ddc4e,9,1330,True,9493,9141,193.83396013760284
1331,df7d3c82-7ed4-4fc6-9be3-0811568ddc4e,9,1331,True,9520,9168,175.31494938255491
1332,df7d3c82-7ed4-4fc6-9be3-0811568ddc4e,9,1332,True,9547,9195,198.1542546256096
1333,df7d3c82-7ed4-4fc6-9be3-0811568ddc4e,9,1333,True,9573,9221,167.33438892750382
1334,df7d3c82-7ed4-4fc6-9be3-0811568ddc4e,9,1334,True,9609,9257,159.67653118138514
1335,df7d3c82-7ed4-4fc6-9be3-0811568ddc4e,9,1335,True,9635,9283,134.11443906006753
1336,df7d3c82-7ed4-4fc6-9be3-0811568ddc4e,9,1336,True,9678,9326,145.16022506962145
1337,df7d3c82-7ed4-4fc6-9be3-0811568ddc4e,9,1337,True,9708,9356,178.62055053660333
1338,df7d3c82-7ed4-4fc6-9be3-0811568ddc4e,9,1338,True,9734,9382,162.96606066134336
1339,df7d3c82-7ed4-4fc6-9be3-0811568ddc4e,9,1339,True,9763,9411,175.381983235613
1340,df7d3c82-7ed4-4fc6-9be3-0811568ddc4e,9,1340,True,9786,9434,164.58018453738987
1341,df7d3c82-7ed4-4fc6-9be3-0811568ddc4e,9,1341,True,9812,9460,137.6723186326417
1342,df7d3c82-7ed4-4fc6-9be3-0811568ddc4e,9,1342,True,9838,9486,135.79632434299856
1343,df7d3c82-7ed4-4fc6-9be3-0811568ddc4e,9,1343,True,9869,9517,130.49106373239192
1344,df7d3c82-7ed4-4fc6-9be3-0811568ddc4e,9,1344,True,9900,9548,156.09193185145887
1345,df7d3c82-7ed4-4fc6-9be3-0811568ddc4e,9,1345,True,9923,9571,207.1613431422902
1346,df7d3c82-7ed4-4fc6-9be3-0811568ddc4e,9,1346,True,9950,9598,155.38420121642594
1347,df7d3c82-7ed4-4fc6-9be3-0811568ddc4e,9,1347,True,9983,9631,171.13854001505752
1348,df7d3c82-7ed4-4fc6-9be3-0811568ddc4e,9,1348,True,10011,9659,148.26303510563775
1349,df7d3c82-7ed4-4fc6-9be3-0811568ddc4e,9,1349,True,10043,9691,146.69211747438567
1350,df7d3c82-7ed4-4fc6-9be3-0811568ddc4e,9,1350,True,10075,9723,115.98982178992082
1351,df7d3c82-7ed4-4fc6-9be3-0811568ddc4e,9,1351,True,10108,9756,196.87890062808947
1352,df7d3c82-7ed4-4fc6-9be3-0811568ddc4e,9,1352,True,10129,9777,144.61332073839912
1353,df7d3c82-7ed4-4fc6-9be3-0811568ddc4e,9,1353,True,10159,9807,145.95223916278155
1354,df7d3c82-7ed4-4fc6-9be3-0811568ddc4e,9,1354,True,10181,9829,119.41738198367966
1355,df7d3c82-7ed4-4fc6-9be3-0811568ddc4e,9,1355,True,10216,9864,137.9018557365198
1356,df7d3c82-7ed4-4fc6-9be3-0811568ddc4e,9,1356,True,10252,9900,172.66177045683253
1357,df7d3c82-7ed4-4fc6-9be3-0811568ddc4e,9,1357,True,10281,9929,126.77272085559889
1358,df7d3c82-7ed4-4fc6-9be3-0811568ddc4e,9,1358,True,10316,9964,142.61813508778687
1359,df7d3c82-7ed4-4fc6-9be3-0811568ddc4e,9,1359,True,10346,9994,131.30673290790946
1360,df7d3c82-7ed4-4fc6-9be3-0811568ddc4e,9,1360,True,10373,10021,113.92977971718028
1361,df7d3c82-7ed4-4fc6-9be3-0811568ddc4e,9,1361,True,10397,10045,135.35590926371697
1362,df7d3c82-7ed4-4fc6-9be3-0811568ddc4e,9,1362,True,10422,10070,132.15271168211257
1363,df7d3c82-7ed4-4fc6-9be3-0811568ddc4e,9,1363,True,10445,10093,111.11219927427737
1364,df7d3c82-7ed4-4fc6-9be3-0811568ddc4e,9,1364,True,10481,10129,117.92184654907032
1365,df7d3c82-7ed4-4fc6-9be3-0811568ddc4e,9,1365,True,10503,10151,105.23287007272302
1366,df7d3c82-7ed4-4fc6-9be3-0811568ddc4e,9,1366,True,10534,10182,117.38096849620524
1367,df7d3c82-7ed4-4fc6-9be3-0811568ddc4e,9,1367,True,10567,10215,114.24785116583917
1368,df7d3c82-7ed4-4fc6-9be3-0811568ddc4e,9,1368,True,10600,10248,198.31716109125773
1369,df7d3c82-7ed4-4fc6-9be3-0811568ddc4e,9,1369,True,10631,10279,115.07764878246962
1370,df7d3c82-7ed4-4fc6-9be3-0811568ddc4e,9,1370,True,10669,10317,129.31716109125773
1371,df7d3c82-7ed4-4fc6-9be3-0811568ddc4e,9,1371,True,10694,10342,148.2944322887779
1372,df7d3c82-7ed4-4fc6-9be3-0811568ddc4e,9,1372,True,10716,10364,133.59725072601395
1373,df7d3c82-7ed4-4fc6-9be3-0811568ddc4e,9,1373,True,10739,10387,129.52668683775846
1374,df7d3c82-7ed4-4fc6-9be3-0811568ddc4e,9,1374,True,10763,10411,186.73160741809443
1375,df7d3c82-7ed4-4fc6-9be3-0811568ddc4e,9,1375,True,10796,10444,151.87412829778805
1376,df7d3c82-7ed4-4fc6-9be3-0811568ddc4e,9,1376,True,10828,10476,174.15149032379122
1377,df7d3c82-7ed4-4fc6-9be3-0811568ddc4e,9,1377,True,10847,10495,130.46309409576315
1378,df7d3c82-7ed4-4fc6-9be3-0811568ddc4e,9,1378,True,10873,10521,185.55964787605626
1379,df7d3c82-7ed4-4fc6-9be3-0811568ddc4e,9,1379,True,10896,10544,129.66514546403596
1380,df7d3c82-7ed4-4fc6-9be3-0811568ddc4e,9,1380,True,10921,10569,189.1097431291255
1381,df7d3c82-7ed4-4fc6-9be3-0811568ddc4e,9,1381,True,10956,10604,122.04798416104131
1382,df7d3c82-7ed4-4fc6-9be3-0811568ddc4e,9,1382,True,10989,10637,134.33289617191622
1383,df7d3c82-7ed4-4fc6-9be3-0811568ddc4e,9,1383,True,11013,10661,114.50182079826118
1384,df7d3c82-7ed4-4fc6-9be3-0811568ddc4e,9,1384,True,11031,10679,195.39857418731663
1385,df7d3c82-7ed4-4fc6-9be3-0811568ddc4e,9,1385,True,11054,10702,142.75159875133068
1386,df7d3c82-7ed4-4fc6-9be3-0811568ddc4e,9,1386,True,11080,10728,146.39857418731663
1387,df7d3c82-7ed4-4fc6-9be3-0811568ddc4e,9,1387,True,11113,10761,195.55030163506126
1388,df7d3c82-7ed4-4fc6-9be3-0811568ddc4e,9,1388,True,11138,10786,238.85492742535826
1389,df7d3c82-7ed4-4fc6-9be3-0811568ddc4e,9,1389,True,11161,10809,215.85492742535826
1390,df7d3c82-7ed4-4fc6-9be3-0811568ddc4e,9,1390,True,11193,10841,229.35673645206225
1391,df7d3c82-7ed4-4fc6-9be3-0811568ddc4e,9,1391,True,11225,10873,176.82585089444
1392,df7d3c82-7ed4-4fc6-9be3-0811568ddc4e,9,1392,True,11259,10907,199.6936356226579
1393,df7d3c82-7ed4-4fc6-9be3-0811568ddc4e,9,1393,True,11288,10936,185.16602386421982
1394,df7d3c82-7ed4-4fc6-9be3-0811568ddc4e,9,1394,True,11322,10970,190.65194702207555
1395,df7d3c82-7ed4-4fc6-9be3-0811568ddc4e,9,1395,True,11354,11002,167.23702689034326
1396,df7d3c82-7ed4-4fc6-9be3-0811568ddc4e,9,1396,True,11385,11033,174.49639476435186
1397,df7d3c82-7ed4-4fc6-9be3-0811568ddc4e,9,1397,True,11408,11056,151.49639476435186
1398,df7d3c82-7ed4-4fc6-9be3-0811568ddc4e,9,1398,True,11445,11093,149.9847424456093
1399,df7d3c82-7ed4-4fc6-9be3-0811568ddc4e,9,1399,True,11470,11118,116.31676557001083
1400,df7d3c82-7ed4-4fc6-9be3-0811568ddc4e,9,1400,True,11503,11151,134.34450938135342
1401,df7d3c82-7ed4-4fc6-9be3-0811568ddc4e,9,1401,True,11532,11180,154.5562329556451
1402,df7d3c82-7ed4-4fc6-9be3-0811568ddc4e,9,1402,True,11559,11207,136.56687083787438
1403,df7d3c82-7ed4-4fc6-9be3-0811568ddc4e,9,1403,True,11590,11238,123.49344953610125
1404,df7d3c82-7ed4-4fc6-9be3-0811568ddc4e,9,1404,True,11628,11276,94.3875819147579
1405,df7d3c82-7ed4-4fc6-9be3-0811568ddc4e,9,1405,True,11656,11304,96.687103858927
1406,df7d3c82-7ed4-4fc6-9be3-0811568ddc4e,9,1406,True,11687,11335,138.26452691489067
1407,df7d3c82-7ed4-4fc6-9be3-0811568ddc4e,9,1407,True,11711,11359,117.16910625822493
1408,df7d3c82-7ed4-4fc6-9be3-0811568ddc4e,9,1408,True,11741,11389,163.31955315215055
1409,df7d3c82-7ed4-4fc6-9be3-0811568ddc4e,9,1409,True,11763,11411,114.9516929322399
1410,df7d3c82-7ed4-4fc6-9be3-0811568ddc4e,9,1410,True,11790,11438,159.07965955666623
1411,df7d3c82-7ed4-4fc6-9be3-0811568ddc4e,9,1411,True,11824,11472,149.23786860004657
1412,df7d3c82-7ed4-4fc6-9be3-0811568ddc4e,9,1412,True,11853,11501,133.45837612003015
1413,df7d3c82-7ed4-4fc6-9be3-0811568ddc4e,9,1413,True,11894,11542,133.6237867349264
1414,df7d3c82-7ed4-4fc6-9be3-0811568ddc4e,9,1414,True,11922,11570,154.62843842105576
1415,df7d3c82-7ed4-4fc6-9be3-0811568ddc4e,9,1415,True,11943,11591,123.41574650908478
1416,df7d3c82-7ed4-4fc6-9be3-0811568ddc4e,9,1416,True,11972,11620,130.34823951012368
1417,df7d3c82-7ed4-4fc6-9be3-0811568ddc4e,9,1417,True,11997,11645,139.1896025335027
1418,df7d3c82-7ed4-4fc6-9be3-0811568ddc4e,9,1418,True,12016,11664,137.86771855443112
1419,df7d3c82-7ed4-4fc6-9be3-0811568ddc4e,9,1419,True,12046,11694,116.53973336073977
1420,df7d3c82-7ed4-4fc6-9be3-0811568ddc4e,9,1420,True,12068,11716,111.90286109687622
1421,df7d3c82-7ed4-4fc6-9be3-0811568ddc4e,9,1421,True,12092,11740,144.07671224173828
1422,df7d3c82-7ed4-4fc6-9be3-0811568ddc4e,9,1422,True,12128,11776,102.66238228802285
1423,df7d3c82-7ed4-4fc6-9be3-0811568ddc4e,9,1423,True,12162,11810,125.68089683795006
1424,df7d3c82-7ed4-4fc6-9be3-0811568ddc4e,9,1424,True,12187,11835,174.7695805620824
1425,df7d3c82-7ed4-4fc6-9be3-0811568ddc4e,9,1425,True,12206,11854,144.04418585966596
1426,df7d3c82-7ed4-4fc6-9be3-0811568ddc4e,9,1426,True,12224,11872,137.7695805620824
1427,df7d3c82-7ed4-4fc6-9be3-0811568ddc4e,9,1427,True,12247,11895,161.37920334917908
1428,df7d3c82-7ed4-4fc6-9be3-0811568ddc4e,9,1428,True,12271,11919,109.42126988555538
1429,df7d3c82-7ed4-4fc6-9be3-0811568ddc4e,9,1429,True,12293,11941,144.2859137337764
1430,df7d3c82-7ed4-4fc6-9be3-0811568ddc4e,9,1430,True,12317,11965,125.83972826270292
1431,df7d3c82-7ed4-4fc6-9be3-0811568ddc4e,9,1431,True,12342,11990,116.62426166041587
1432,df7d3c82-7ed4-4fc6-9be3-0811568ddc4e,9,1432,True,12365,12013,196.98261622302743
1433,df7d3c82-7ed4-4fc6-9be3-0811568ddc4e,9,1433,True,12389,12037,146.75682694278294
1434,df7d3c82-7ed4-4fc6-9be3-0811568ddc4e,9,1434,True,12420,12068,165.83350413814696
1435,df7d3c82-7ed4-4fc6-9be3-0811568ddc4e,9,1435,True,12443,12091,144.29042641573142
1436,df7d3c82-7ed4-4fc6-9be3-0811568ddc4e,9,1436,True,12464,12112,197.14782629424008
1437,df7d3c82-7ed4-4fc6-9be3-0811568ddc4e,9,1437,True,12499,12147,138.82502166828817
1438,df7d3c82-7ed4-4fc6-9be3-0811568ddc4e,9,1438,True,12518,12166,171.0438887934124
1439,df7d3c82-7ed4-4fc6-9be3-0811568ddc4e,9,1439,True,12543,12191,155.8308671251143
1440,df7d3c82-7ed4-4fc6-9be3-0811568ddc4e,9,1440,True,12576,12224,186.79488569289242
1441,df7d3c82-7ed4-4fc6-9be3-0811568ddc4e,9,1441,True,12605,12253,159.85673781023797
1442,df7d3c82-7ed4-4fc6-9be3-0811568ddc4e,9,1442,True,12626,12274,111.26526777479012
1443,df7d3c82-7ed4-4fc6-9be3-0811568ddc4e,9,1443,True,12650,12298,166.67698473838027
1444,df7d3c82-7ed4-4fc6-9be3-0811568ddc4e,9,1444,True,12669,12317,185.1697525702166
1445,df7d3c82-7ed4-4fc6-9be3-0811568ddc4e,9,1445,True,12694,12342,162.61568019611332
1446,df7d3c82-7ed4-4fc6-9be3-0811568ddc4e,9,1446,True,12711,12359,333.6930843000082
1447,df7d3c82-7ed4-4fc6-9be3-0811568ddc4e,9,1447,True,12738,12386,282.457223454594
1448,df7d3c82-7ed4-4fc6-9be3-0811568ddc4e,9,1448,True,12767,12415,277.85557814688764
1449,df7d3c82-7ed4-4fc6-9be3-0811568ddc4e,9,1449,True,12792,12440,298.60468324251997
1450,df7d3c82-7ed4-4fc6-9be3-0811568ddc4e,9,1450,True,12827,12475,263.60468324251997
1451,df7d3c82-7ed4-4fc6-9be3-0811568ddc4e,9,1451,True,12849,12497,260.4302248827935
1452,df7d3c82-7ed4-4fc6-9be3-0811568ddc4e,9,1452,True,12881,12529,264.83043072557666
1453,df7d3c82-7ed4-4fc6-9be3-0811568ddc4e,9,1453,True,12908,12556,226.05492106778183
1454,df7d3c82-7ed4-4fc6-9be3-0811568ddc4e,9,1454,True,12934,12582,198.3989553895044
1455,df7d3c82-7ed4-4fc6-9be3-0811568ddc4e,9,1455,True,12960,12608,218.43605891966945
1456,df7d3c82-7ed4-4fc6-9be3-0811568ddc4e,9,1456,True,12987,12635,263.0491530840336
1457,df7d3c82-7ed4-4fc6-9be3-0811568ddc4e,9,1457,True,13008,12656,254.4693390124212
1458,df7d3c82-7ed4-4fc6-9be3-0811568ddc4e,9,1458,True,13048,12696,285.3116054137263
1459,df7d3c82-7ed4-4fc6-9be3-0811568ddc4e,9,1459,True,13077,12725,239.10037527961867
1460,df7d3c82-7ed4-4fc6-9be3-0811568ddc4e,9,1460,True,13105,12753,176.52908505353844
1461,df7d3c82-7ed4-4fc6-9be3-0811568ddc4e,9,1461,True,13128,12776,188.10037527961867
1462,df7d3c82-7ed4-4fc6-9be3-0811568ddc4e,9,1462,True,13154,12802,178.95616903728478
1463,df7d3c82-7ed4-4fc6-9be3-0811568ddc4e,9,1463,True,13175,12823,194.26139037464782
1464,df7d3c82-7ed4-4fc6-9be3-0811568ddc4e,9,1464,True,13197,12845,200.49958880224585
1465,df7d3c82-7ed4-4fc6-9be3-0811568ddc4e,9,1465,True,13220,12868,201.05524125781994
1466,df7d3c82-7ed4-4fc6-9be3-0811568ddc4e,9,1466,True,13253,12901,196.71825148577227
1467,df7d3c82-7ed4-4fc6-9be3-0811568ddc4e,9,1467,True,13282,12930,203.97970670156792
1468,df7d3c82-7ed4-4fc6-9be3-0811568ddc4e,9,1468,True,13308,12956,224.4604434419689
1469,df7d3c82-7ed4-4fc6-9be3-0811568ddc4e,9,1469,True,13334,12982,151.97970670156792
1470,df7d3c82-7ed4-4fc6-9be3-0811568ddc4e,9,1470,True,13363,13011,171.7005201206448
1471,df7d3c82-7ed4-4fc6-9be3-0811568ddc4e,9,1471,True,13396,13044,153.55969283073682
1472,df7d3c82-7ed4-4fc6-9be3-0811568ddc4e,9,1472,True,13426,13074,151.14270548963577
1473,df7d3c82-7ed4-4fc6-9be3-0811568ddc4e,9,1473,True,13449,13097,135.75180610496318
1474,df7d3c82-7ed4-4fc6-9be3-0811568ddc4e,9,1474,True,13473,13121,179.33066759546273
1475,df7d3c82-7ed4-4fc6-9be3-0811568ddc4e,9,1475,True,13506,13154,155.49205528299535
1476,df7d3c82-7ed4-4fc6-9be3-0811568ddc4e,9,1476,True,13538,13186,141.95227966599487
1477,df7d3c82-7ed4-4fc6-9be3-0811568ddc4e,9,1477,True,13565,13213,143.49917829126025
1478,df7d3c82-7ed4-4fc6-9be3-0811568ddc4e,9,1478,True,13584,13232,144.55987626281058
1479,df7d3c82-7ed4-4fc6-9be3-0811568ddc4e,9,1479,True,13621,13269,142.53115025193438
1480,df7d3c82-7ed4-4fc6-9be3-0811568ddc4e,9,1480,True,13645,13293,130.52775760985787
1481,df7d3c82-7ed4-4fc6-9be3-0811568ddc4e,9,1481,True,13672,13320,148.37629107271096
1482,df7d3c82-7ed4-4fc6-9be3-0811568ddc4e,9,1482,True,13704,13352,130.75974973051052
1483,df7d3c82-7ed4-4fc6-9be3-0811568ddc4e,9,1483,True,13732,13380,137.94335542541194
1484,df7d3c82-7ed4-4fc6-9be3-0811568ddc4e,9,1484,True,13764,13412,122.08416413055238
1485,df7d3c82-7ed4-4fc6-9be3-0811568ddc4e,9,1485,True,13798,13446,126.44686082499175
1486,df7d3c82-7ed4-4fc6-9be3-0811568ddc4e,9,1486,True,13823,13471,139.55485213300744
1487,df7d3c82-7ed4-4fc6-9be3-0811568ddc4e,9,1487,True,13851,13499,123.29503839150675
1488,df7d3c82-7ed4-4fc6-9be3-0811568ddc4e,9,1488,True,13867,13515,155.141953375698
1489,df7d3c82-7ed4-4fc6-9be3-0811568ddc4e,9,1489,True,13896,13544,135.32396753532157
1490,df7d3c82-7ed4-4fc6-9be3-0811568ddc4e,9,1490,True,13930,13578,153.79550484648098
1491,df7d3c82-7ed4-4fc6-9be3-0811568ddc4e,9,1491,True,13953,13601,133.31045489255303
1492,df7d3c82-7ed4-4fc6-9be3-0811568ddc4e,9,1492,True,13984,13632,148.04135616305211
1493,df7d3c82-7ed4-4fc6-9be3-0811568ddc4e,9,1493,True,14013,13661,134.5138867937585
1494,df7d3c82-7ed4-4fc6-9be3-0811568ddc4e,9,1494,True,14035,13683,121.652012340297
1495,df7d3c82-7ed4-4fc6-9be3-0811568ddc4e,9,1495,True,14068,13716,104.04967874802787
1496,df7d3c82-7ed4-4fc6-9be3-0811568ddc4e,9,1496,True,14100,13748,112.72067795663497
1497,df7d3c82-7ed4-4fc6-9be3-0811568ddc4e,9,1497,True,14132,13780,171.91430121286066
1498,df7d3c82-7ed4-4fc6-9be3-0811568ddc4e,9,1498,True,14163,13811,172.7458778701439
1499,df7d3c82-7ed4-4fc6-9be3-0811568ddc4e,9,1499,True,14200,13848,209.0408242603553
1500,df7d3c82-7ed4-4fc6-9be3-0811568ddc4e,9,1500,True,14218,13866,191.0408242603553
1501,df7d3c82-7ed4-4fc6-9be3-0811568ddc4e,9,1501,True,14251,13899,207.9674391691824
1502,df7d3c82-7ed4-4fc6-9be3-0811568ddc4e,9,1502,True,14283,13931,245.74592996822685
1503,df7d3c82-7ed4-4fc6-9be3-0811568ddc4e,9,1503,True,14308,13956,206.54737456734983
1504,df7d3c82-7ed4-4fc6-9be3-0811568ddc4e,9,1504,True,14349,13997,179.74592996822685
1505,df7d3c82-7ed4-4fc6-9be3-0811568ddc4e,9,1505,True,14387,14035,203.77099844767326
1506,df7d3c82-7ed4-4fc6-9be3-0811568ddc4e,9,1506,True,14416,14064,159.91683663837102
1507,df7d3c82-7ed4-4fc6-9be3-0811568ddc4e,9,1507,True,14441,14089,163.32448460132946
1508,df7d3c82-7ed4-4fc6-9be3-0811568ddc4e,9,1508,True,14473,14121,181.85756207183113
1509,df7d3c82-7ed4-4fc6-9be3-0811568ddc4e,9,1509,True,14504,14152,153.5968482030039
1510,df7d3c82-7ed4-4fc6-9be3-0811568ddc4e,9,1510,True,14529,14177,151.72409164390774
1511,df7d3c82-7ed4-4fc6-9be3-0811568ddc4e,9,1511,True,14556,14204,148.15416925627142
1512,df7d3c82-7ed4-4fc6-9be3-0811568ddc4e,9,1512,True,14581,14229,173.2275749618293
1513,df7d3c82-7ed4-4fc6-9be3-0811568ddc4e,9,1513,True,14619,14267,169.6165327967392
1514,df7d3c82-7ed4-4fc6-9be3-0811568ddc4e,9,1514,True,14645,14293,140.16958612873896
1515,df7d3c82-7ed4-4fc6-9be3-0811568ddc4e,9,1515,True,14662,14310,178.03605263145437
1516,df7d3c82-7ed4-4fc6-9be3-0811568ddc4e,9,1516,True,14684,14332,155.6827692682018
1517,df7d3c82-7ed4-4fc6-9be3-0811568ddc4e,9,1517,True,14711,14359,178.5349536146623
1518,df7d3c82-7ed4-4fc6-9be3-0811568ddc4e,9,1518,True,14734,14382,130.30781519553238
1519,df7d3c82-7ed4-4fc6-9be3-0811568ddc4e,9,1519,True,14764,14412,192.65718026263494
1520,df7d3c82-7ed4-4fc6-9be3-0811568ddc4e,9,1520,True,14796,14444,211.8625440784872
1521,df7d3c82-7ed4-4fc6-9be3-0811568ddc4e,9,1521,True,14832,14480,175.8625440784872
1522,df7d3c82-7ed4-4fc6-9be3-0811568ddc4e,9,1522,True,14864,14512,204.54403097042996
1523,df7d3c82-7ed4-4fc6-9be3-0811568ddc4e,9,1523,True,14894,14542,178.64273980855796
1524,df7d3c82-7ed4-4fc6-9be3-0811568ddc4e,9,1524,True,14920,14568,205.078908825526
1525,df7d3c82-7ed4-4fc6-9be3-0811568ddc4e,9,1525,True,14945,14593,153.48781950062767
1526,df7d3c82-7ed4-4fc6-9be3-0811568ddc4e,9,1526,True,14969,14617,217.47697008930663
1527,df7d3c82-7ed4-4fc6-9be3-0811568ddc4e,9,1527,True,14991,14639,196.98400721767575
1528,df7d3c82-7ed4-4fc6-9be3-0811568ddc4e,9,1528,True,15018,14666,238.9462822498408
1529,df7d3c82-7ed4-4fc6-9be3-0811568ddc4e,9,1529,True,15038,14686,235.38345358714105
1530,df7d3c82-7ed4-4fc6-9be3-0811568ddc4e,9,1530,True,15066,14714,190.9462822498408
1531,df7d3c82-7ed4-4fc6-9be3-0811568ddc4e,9,1531,True,15094,14742,179.38345358714105
1532,df7d3c82-7ed4-4fc6-9be3-0811568ddc4e,9,1532,True,15123,14771,161.8260776918887
1533,df7d3c82-7ed4-4fc6-9be3-0811568ddc4e,9,1533,True,15145,14793,179.79414677747445
1534,df7d3c82-7ed4-4fc6-9be3-0811568ddc4e,9,1534,True,15173,14821,157.76299860216932
1535,df7d3c82-7ed4-4fc6-9be3-0811568ddc4e,9,1535,True,15198,14846,177.09202812086733
1536,df7d3c82-7ed4-4fc6-9be3-0811568ddc4e,9,1536,True,15231,14879,156.2638233073103
1537,df7d3c82-7ed4-4fc6-9be3-0811568ddc4e,9,1537,True,15261,14909,169.107243495102
1538,df7d3c82-7ed4-4fc6-9be3-0811568ddc4e,9,1538,True,15287,14935,147.96606942863946
1539,df7d3c82-7ed4-4fc6-9be3-0811568ddc4e,9,1539,True,15320,14968,161.9652872038714
1540,df7d3c82-7ed4-4fc6-9be3-0811568ddc4e,9,1540,True,15349,14997,137.8459359133085
1541,df7d3c82-7ed4-4fc6-9be3-0811568ddc4e,9,1541,True,15372,15020,163.11653893712355
1542,df7d3c82-7ed4-4fc6-9be3-0811568ddc4e,9,1542,True,15401,15049,139.25231669156892
1543,df7d3c82-7ed4-4fc6-9be3-0811568ddc4e,9,1543,True,15429,15077,149.22320544259128
1544,df7d3c82-7ed4-4fc6-9be3-0811568ddc4e,9,1544,True,15451,15099,178.48046841193354
1545,df7d3c82-7ed4-4fc6-9be3-0811568ddc4e,9,1545,True,15478,15126,160.65511819237872
1546,df7d3c82-7ed4-4fc6-9be3-0811568ddc4e,9,1546,True,15494,15142,151.54819139054234
1547,df7d3c82-7ed4-4fc6-9be3-0811568ddc4e,9,1547,True,15525,15173,164.40811422919433
1548,df7d3c82-7ed4-4fc6-9be3-0811568ddc4e,9,1548,True,15548,15196,116.2123994504982
1549,df7d3c82-7ed4-4fc6-9be3-0811568ddc4e,9,1549,True,15572,15220,159.21724999421167
1550,df7d3c82-7ed4-4fc6-9be3-0811568ddc4e,9,1550,True,15597,15245,119.33709364615424
1551,df7d3c82-7ed4-4fc6-9be3-0811568ddc4e,9,1551,True,15630,15278,136.296796792647
1552,df7d3c82-7ed4-4fc6-9be3-0811568ddc4e,9,1552,True,15655,15303,112.4887592790219
1553,df7d3c82-7ed4-4fc6-9be3-0811568ddc4e,9,1553,True,15688,15336,130.6578901142093
1554,df7d3c82-7ed4-4fc6-9be3-0811568ddc4e,9,1554,True,15711,15359,108.9283488121946
1555,df7d3c82-7ed4-4fc6-9be3-0811568ddc4e,9,1555,True,15738,15386,130.06109714938066
1556,df7d3c82-7ed4-4fc6-9be3-0811568ddc4e,9,1556,True,15772,15420,136.65540419236095
1557,df7d3c82-7ed4-4fc6-9be3-0811568ddc4e,9,1557,True,15798,15446,119.68548570556231
1558,df7d3c82-7ed4-4fc6-9be3-0811568ddc4e,9,1558,True,15831,15479,111.83963231792222
1559,df7d3c82-7ed4-4fc6-9be3-0811568ddc4e,9,1559,True,15858,15506,110.07454511443211
1560,df7d3c82-7ed4-4fc6-9be3-0811568ddc4e,9,1560,True,15896,15544,113.4047514981412
1561,df7d3c82-7ed4-4fc6-9be3-0811568ddc4e,9,1561,True,15934,15582,138.47179378739565
1562,df7d3c82-7ed4-4fc6-9be3-0811568ddc4e,9,1562,True,15962,15610,109.2769356439967
1563,df7d3c82-7ed4-4fc6-9be3-0811568ddc4e,9,1563,True,15989,15637,154.37854236675594
1564,df7d3c82-7ed4-4fc6-9be3-0811568ddc4e,9,1564,True,16011,15659,114.60801887673188
1565,df7d3c82-7ed4-4fc6-9be3-0811568ddc4e,9,1565,True,16042,15690,125.84731727648068
1566,df7d3c82-7ed4-4fc6-9be3-0811568ddc4e,9,1566,True,16068,15716,121.29172705626843
1567,df7d3c82-7ed4-4fc6-9be3-0811568ddc4e,9,1567,True,16097,15745,126.78521747011109
1568,df7d3c82-7ed4-4fc6-9be3-0811568ddc4e,9,1568,True,16127,15775,130.8586039032125
1569,df7d3c82-7ed4-4fc6-9be3-0811568ddc4e,9,1569,True,16152,15800,189.03163834849147
1570,df7d3c82-7ed4-4fc6-9be3-0811568ddc4e,9,1570,True,16178,15826,167.1803623424512
1571,df7d3c82-7ed4-4fc6-9be3-0811568ddc4e,9,1571,True,16211,15859,141.73805461594566
1572,df7d3c82-7ed4-4fc6-9be3-0811568ddc4e,9,1572,True,16237,15885,158.18674745862154
1573,df7d3c82-7ed4-4fc6-9be3-0811568ddc4e,9,1573,True,16257,15905,198.06026447298063
1574,df7d3c82-7ed4-4fc6-9be3-0811568ddc4e,9,1574,True,16283,15931,157.64024681895353
1575,df7d3c82-7ed4-4fc6-9be3-0811568ddc4e,9,1575,True,16313,15961,169.14937992328305
1576,df7d3c82-7ed4-4fc6-9be3-0811568ddc4e,9,1576,True,16339,15987,153.80030491983598
1577,df7d3c82-7ed4-4fc6-9be3-0811568ddc4e,9,1577,True,16361,16009,132.45186622656547
1578,df7d3c82-7ed4-4fc6-9be3-0811568ddc4e,9,1578,True,16376,16024,132.13865246345995
1579,df7d3c82-7ed4-4fc6-9be3-0811568ddc4e,9,1579,True,16398,16046,122.25769911922544
1580,df7d3c82-7ed4-4fc6-9be3-0811568ddc4e,9,1580,True,16427,16075,167.26851815695045
1581,df7d3c82-7ed4-4fc6-9be3-0811568ddc4e,9,1581,True,16455,16103,141.07199648564347
1582,df7d3c82-7ed4-4fc6-9be3-0811568ddc4e,9,1582,True,16496,16144,150.99882651212283
1583,df7d3c82-7ed4-4fc6-9be3-0811568ddc4e,9,1583,True,16533,16181,169.58067415408004
1584,df7d3c82-7ed4-4fc6-9be3-0811568ddc4e,9,1584,True,16563,16211,136.78891563869365
1585,df7d3c82-7ed4-4fc6-9be3-0811568ddc4e,9,1585,True,16595,16243,124.08027669619878
1586,df7d3c82-7ed4-4fc6-9be3-0811568ddc4e,9,1586,True,16626,16274,127.21759258041493
1587,df7d3c82-7ed4-4fc6-9be3-0811568ddc4e,9,1587,True,16654,16302,116.1291093515938
1588,df7d3c82-7ed4-4fc6-9be3-0811568ddc4e,9,1588,True,16681,16329,149.23216946343382
1589,df7d3c82-7ed4-4fc6-9be3-0811568ddc4e,9,1589,True,16718,16366,155.99425865420926
1590,df7d3c82-7ed4-4fc6-9be3-0811568ddc4e,9,1590,True,16752,16400,190.2222408598427
1591,df7d3c82-7ed4-4fc6-9be3-0811568ddc4e,9,1591,True,16780,16428,141.3851517004514
1592,df7d3c82-7ed4-4fc6-9be3-0811568ddc4e,9,1592,True,16809,16457,137.77933176079387
1593,df7d3c82-7ed4-4fc6-9be3-0811568ddc4e,9,1593,True,16851,16499,124.3960028794827
1594,df7d3c82-7ed4-4fc6-9be3-0811568ddc4e,9,1594,True,16882,16530,166.0197461412281
1595,df7d3c82-7ed4-4fc6-9be3-0811568ddc4e,9,1595,True,16912,16560,187.3321421545079
1596,df7d3c82-7ed4-4fc6-9be3-0811568ddc4e,9,1596,True,16951,16599,161.041065661233
1597,df7d3c82-7ed4-4fc6-9be3-0811568ddc4e,9,1597,True,16984,16632,173.48377808372607
1598,df7d3c82-7ed4-4fc6-9be3-0811568ddc4e,9,1598,True,17013,16661,136.70726224454847
1599,df7d3c82-7ed4-4fc6-9be3-0811568ddc4e,9,1599,True,17044,16692,173.96029661177818
1600,df7d3c82-7ed4-4fc6-9be3-0811568ddc4e,9,1600,True,17082,16730,161.53110895851205
1601,df7d3c82-7ed4-4fc6-9be3-0811568ddc4e,9,1601,True,17112,16760,132.3060828111702
1602,df7d3c82-7ed4-4fc6-9be3-0811568ddc4e,9,1602,True,17137,16785,121.41738401866678
1603,df7d3c82-7ed4-4fc6-9be3-0811568ddc4e,9,1603,True,17163,16811,136.21465722932408
1604,df7d3c82-7ed4-4fc6-9be3-0811568ddc4e,9,1604,True,17185,16833,115.99331649059968
1605,df7d3c82-7ed4-4fc6-9be3-0811568ddc4e,9,1605,True,17204,16852,144.1104769522899
1606,df7d3c82-7ed4-4fc6-9be3-0811568ddc4e,9,1606,True,17224,16872,135.64668247820373
1607,df7d3c82-7ed4-4fc6-9be3-0811568ddc4e,9,1607,True,17254,16902,156.95185913765818
1608,df7d3c82-7ed4-4fc6-9be3-0811568ddc4e,9,1608,True,17276,16924,156.50062431365586
1609,df7d3c82-7ed4-4fc6-9be3-0811568ddc4e,9,1609,True,17322,16970,149.96591021265704
1610,df7d3c82-7ed4-4fc6-9be3-0811568ddc4e,9,1610,True,17359,17007,147.17153104123645
1611,df7d3c82-7ed4-4fc6-9be3-0811568ddc4e,9,1611,True,17375,17023,173.84960542682165
1612,df7d3c82-7ed4-4fc6-9be3-0811568ddc4e,9,1612,True,17404,17052,131.84463525473984
1613,df7d3c82-7ed4-4fc6-9be3-0811568ddc4e,9,1613,True,17429,17077,142.22662356613364
1614,df7d3c82-7ed4-4fc6-9be3-0811568ddc4e,9,1614,True,17458,17106,153.05919927855211
1615,df7d3c82-7ed4-4fc6-9be3-0811568ddc4e,9,1615,True,17482,17130,147.08477718135327
1616,df7d3c82-7ed4-4fc6-9be3-0811568ddc4e,9,1616,True,17506,17154,128.73428937134668
1617,df7d3c82-7ed4-4fc6-9be3-0811568ddc4e,9,1617,True,17532,17180,113.89365462498245
1618,df7d3c82-7ed4-4fc6-9be3-0811568ddc4e,9,1618,True,17548,17196,133.83933380946473
1619,df7d3c82-7ed4-4fc6-9be3-0811568ddc4e,9,1619,True,17571,17219,210.96894766132027
1620,df7d3c82-7ed4-4fc6-9be3-0811568ddc4e,9,1620,True,17590,17238,135.17891172556483
1621,df7d3c82-7ed4-4fc6-9be3-0811568ddc4e,9,1621,True,17615,17263,114.12518932106104
1622,df7d3c82-7ed4-4fc6-9be3-0811568ddc4e,9,1622,True,17634,17282,180.20603850715997
1623,df7d3c82-7ed4-4fc6-9be3-0811568ddc4e,9,1623,True,17666,17314,143.85291893014073
1624,df7d3c82-7ed4-4fc6-9be3-0811568ddc4e,9,1624,True,17694,17342,146.93366503123616
1625,df7d3c82-7ed4-4fc6-9be3-0811568ddc4e,9,1625,True,17719,17367,164.24625925066357
1626,df7d3c82-7ed4-4fc6-9be3-0811568ddc4e,9,1626,True,17747,17395,165.5223460508605
1627,df7d3c82-7ed4-4fc6-9be3-0811568ddc4e,9,1627,True,17776,17424,140.75316058973112
1628,df7d3c82-7ed4-4fc6-9be3-0811568ddc4e,9,1628,True,17808,17456,168.41205148103836
1629,df7d3c82-7ed4-4fc6-9be3-0811568ddc4e,9,1629,True,17829,17477,145.6019137688818
1630,df7d3c82-7ed4-4fc6-9be3-0811568ddc4e,9,1630,True,17854,17502,126.43412965868265
1631,df7d3c82-7ed4-4fc6-9be3-0811568ddc4e,9,1631,True,17885,17533,149.06655503978982
1632,df7d3c82-7ed4-4fc6-9be3-0811568ddc4e,9,1632,True,17916,17564,162.22645344653574
1633,df7d3c82-7ed4-4fc6-9be3-0811568ddc4e,9,1633,True,17946,17594,140.88689093426729
1634,df7d3c82-7ed4-4fc6-9be3-0811568ddc4e,9,1634,True,17970,17618,124.03628699438923
1635,df7d3c82-7ed4-4fc6-9be3-0811568ddc4e,9,1635,True,17996,17644,106.91563178734214
1636,df7d3c82-7ed4-4fc6-9be3-0811568ddc4e,9,1636,True,18026,17674,166.94988228714647
1637,df7d3c82-7ed4-4fc6-9be3-0811568ddc4e,9,1637,True,18056,17704,130.87891084934017
1638,df7d3c82-7ed4-4fc6-9be3-0811568ddc4e,9,1638,True,18082,17730,142.91251667177494
1639,df7d3c82-7ed4-4fc6-9be3-0811568ddc4e,9,1639,True,18114,17762,126.20264418370789
1640,df7d3c82-7ed4-4fc6-9be3-0811568ddc4e,9,1640,True,18144,17792,148.56799253394638
1641,df7d3c82-7ed4-4fc6-9be3-0811568ddc4e,9,1641,True,18174,17822,203.03644919606813
1642,df7d3c82-7ed4-4fc6-9be3-0811568ddc4e,9,1642,True,18209,17857,190.5287328992199
1643,df7d3c82-7ed4-4fc6-9be3-0811568ddc4e,9,1643,True,18236,17884,165.53812200407629
1644,df7d3c82-7ed4-4fc6-9be3-0811568ddc4e,9,1644,True,18262,17910,187.73084304429358
1645,df7d3c82-7ed4-4fc6-9be3-0811568ddc4e,9,1645,True,18287,17935,192.3225904339306
1646,df7d3c82-7ed4-4fc6-9be3-0811568ddc4e,9,1646,True,18321,17969,172.84062035420357
1647,df7d3c82-7ed4-4fc6-9be3-0811568ddc4e,9,1647,True,18359,18007,168.77102315274533
1648,df7d3c82-7ed4-4fc6-9be3-0811568ddc4e,9,1648,True,18392,18040,166.74181576760748
1649,df7d3c82-7ed4-4fc6-9be3-0811568ddc4e,9,1649,True,18424,18072,127.48202006273641
1650,df7d3c82-7ed4-4fc6-9be3-0811568ddc4e,9,1650,True,18457,18105,153.7710824898022
1651,df7d3c82-7ed4-4fc6-9be3-0811568ddc4e,9,1651,True,18481,18129,155.24997071667894
1652,df7d3c82-7ed4-4fc6-9be3-0811568ddc4e,9,1652,True,18513,18161,148.237621252003
1653,df7d3c82-7ed4-4fc6-9be3-0811568ddc4e,9,1653,True,18548,18196,122.69846008347668
1654,df7d3c82-7ed4-4fc6-9be3-0811568ddc4e,9,1654,True,18573,18221,151.16977952449452
1655,df7d3c82-7ed4-4fc6-9be3-0811568ddc4e,9,1655,True,18602,18250,120.45062217408486
1656,df7d3c82-7ed4-4fc6-9be3-0811568ddc4e,9,1656,True,18633,18281,148.50885787199513
1657,df7d3c82-7ed4-4fc6-9be3-0811568ddc4e,9,1657,True,18660,18308,164.92912748262825
1658,df7d3c82-7ed4-4fc6-9be3-0811568ddc4e,9,1658,True,18692,18340,114.87849188817563
1659,df7d3c82-7ed4-4fc6-9be3-0811568ddc4e,9,1659,True,18723,18371,151.6462440298419
1660,df7d3c82-7ed4-4fc6-9be3-0811568ddc4e,9,1660,True,18753,18401,133.03751041734358
1661,df7d3c82-7ed4-4fc6-9be3-0811568ddc4e,9,1661,True,18776,18424,168.68818878450838
1662,df7d3c82-7ed4-4fc6-9be3-0811568ddc4e,9,1662,True,18797,18445,118.80159743027252
1663,df7d3c82-7ed4-4fc6-9be3-0811568ddc4e,9,1663,True,18831,18479,217.3549720324445
1664,df7d3c82-7ed4-4fc6-9be3-0811568ddc4e,9,1664,True,18863,18511,161.12412695915555
1665,df7d3c82-7ed4-4fc6-9be3-0811568ddc4e,9,1665,True,18890,18538,215.77447202882468
1666,df7d3c82-7ed4-4fc6-9be3-0811568ddc4e,9,1666,True,18915,18563,190.77447202882468
1667,df7d3c82-7ed4-4fc6-9be3-0811568ddc4e,9,1667,True,18939,18587,218.08988813613905
1668,df7d3c82-7ed4-4fc6-9be3-0811568ddc4e,9,1668,True,18969,18617,186.6105178384787
1669,df7d3c82-7ed4-4fc6-9be3-0811568ddc4e,9,1669,True,18997,18645,209.2094169884149
1670,df7d3c82-7ed4-4fc6-9be3-0811568ddc4e,9,1670,True,19021,18669,187.38989803799268
1671,df7d3c82-7ed4-4fc6-9be3-0811568ddc4e,9,1671,True,19063,18711,221.03287849491244
1672,df7d3c82-7ed4-4fc6-9be3-0811568ddc4e,9,1672,True,19098,18746,186.03287849491244
1673,df7d3c82-7ed4-4fc6-9be3-0811568ddc4e,9,1673,True,19127,18775,171.9509767694617
1674,df7d3c82-7ed4-4fc6-9be3-0811568ddc4e,9,1674,True,19145,18793,189.4534213480474
1675,df7d3c82-7ed4-4fc6-9be3-0811568ddc4e,9,1675,True,19174,18822,160.4534213480474
1676,df7d3c82-7ed4-4fc6-9be3-0811568ddc4e,9,1676,True,19211,18859,191.87335600502774
1677,df7d3c82-7ed4-4fc6-9be3-0811568ddc4e,9,1677,True,19232,18880,153.54893993087535
1678,df7d3c82-7ed4-4fc6-9be3-0811568ddc4e,9,1678,True,19256,18904,192.8136878457335
1679,df7d3c82-7ed4-4fc6-9be3-0811568ddc4e,9,1679,True,19289,18937,159.8136878457335
1680,df7d3c82-7ed4-4fc6-9be3-0811568ddc4e,9,1680,True,19313,18961,174.76569809572902
1681,df7d3c82-7ed4-4fc6-9be3-0811568ddc4e,9,1681,True,19337,18985,166.10817643153496
1682,df7d3c82-7ed4-4fc6-9be3-0811568ddc4e,9,1682,True,19367,19015,147.3870878616035
1683,df7d3c82-7ed4-4fc6-9be3-0811568ddc4e,9,1683,True,19396,19044,155.39009995103333
1684,df7d3c82-7ed4-4fc6-9be3-0811568ddc4e,9,1684,True,19427,19075,136.24037785736073
1685,df7d3c82-7ed4-4fc6-9be3-0811568ddc4e,9,1685,True,19457,19105,148.9887424229819
1686,df7d3c82-7ed4-4fc6-9be3-0811568ddc4e,9,1686,True,19482,19130,155.75261612038594
1687,df7d3c82-7ed4-4fc6-9be3-0811568ddc4e,9,1687,True,19519,19167,160.1128515178898
1688,df7d3c82-7ed4-4fc6-9be3-0811568ddc4e,9,1688,True,19539,19187,141.06919105497218
1689,df7d3c82-7ed4-4fc6-9be3-0811568ddc4e,9,1689,True,19570,19218,186.67832228351836
1690,df7d3c82-7ed4-4fc6-9be3-0811568ddc4e,9,1690,True,19590,19238,198.78312993830696
1691,df7d3c82-7ed4-4fc6-9be3-0811568ddc4e,9,1691,True,19621,19269,183.962617526955
1692,df7d3c82-7ed4-4fc6-9be3-0811568ddc4e,9,1692,True,19645,19293,169.08085866494366
1693,df7d3c82-7ed4-4fc6-9be3-0811568ddc4e,9,1693,True,19673,19321,158.83598916605115
1694,df7d3c82-7ed4-4fc6-9be3-0811568ddc4e,9,1694,True,19714,19362,145.74337008541988
1695,df7d3c82-7ed4-4fc6-9be3-0811568ddc4e,9,1695,True,19742,19390,158.42425325431032
1696,df7d3c82-7ed4-4fc6-9be3-0811568ddc4e,9,1696,True,19770,19418,144.22067720115592
1697,df7d3c82-7ed4-4fc6-9be3-0811568ddc4e,9,1697,True,19799,19447,158.77015495030355
1698,df7d3c82-7ed4-4fc6-9be3-0811568ddc4e,9,1698,True,19822,19470,138.63215045463585
1699,df7d3c82-7ed4-4fc6-9be3-0811568ddc4e,9,1699,True,19847,19495,142.70421501398596
1700,df7d3c82-7ed4-4fc6-9be3-0811568ddc4e,9,1700,True,19874,19522,121.43111962741386
1701,df7d3c82-7ed4-4fc6-9be3-0811568ddc4e,9,1701,True,19903,19551,186.78309448663276
1702,df7d3c82-7ed4-4fc6-9be3-0811568ddc4e,9,1702,True,19928,19576,162.61407927540495
1703,df7d3c82-7ed4-4fc6-9be3-0811568ddc4e,9,1703,True,19954,19602,134.99884402983662
1704,df7d3c82-7ed4-4fc6-9be3-0811568ddc4e,9,1704,True,19985,19633,221.15055337697413
1705,df7d3c82-7ed4-4fc6-9be3-0811568ddc4e,9,1705,True,20006,19654,194.01944778294637
1706,df7d3c82-7ed4-4fc6-9be3-0811568ddc4e,9,1706,True,20027,19675,179.15055337697413
1707,df7d3c82-7ed4-4fc6-9be3-0811568ddc4e,9,1707,True,20058,19706,199.91329659765324
1708,df7d3c82-7ed4-4fc6-9be3-0811568ddc4e,9,1708,True,20086,19734,144.18067200888254
1709,df7d3c82-7ed4-4fc6-9be3-0811568ddc4e,9,1709,True,20116,19764,162.6531632848637
1710,df7d3c82-7ed4-4fc6-9be3-0811568ddc4e,9,1710,True,20143,19791,159.48526722089082
1711,df7d3c82-7ed4-4fc6-9be3-0811568ddc4e,9,1711,True,20177,19825,151.03709353114755
1712,df7d3c82-7ed4-4fc6-9be3-0811568ddc4e,9,1712,True,20197,19845,161.63288064226072
1713,df7d3c82-7ed4-4fc6-9be3-0811568ddc4e,9,1713,True,20226,19874,159.2017529177283
1714,df7d3c82-7ed4-4fc6-9be3-0811568ddc4e,9,1714,True,20245,19893,169.14686083574634
1715,df7d3c82-7ed4-4fc6-9be3-0811568ddc4e,9,1715,True,20265,19913,200.44337865887064
1716,df7d3c82-7ed4-4fc6-9be3-0811568ddc4e,9,1716,True,20293,19941,136.8584253798981
1717,df7d3c82-7ed4-4fc6-9be3-0811568ddc4e,9,1717,True,20323,19971,191.61180209514714
1718,df7d3c82-7ed4-4fc6-9be3-0811568ddc4e,9,1718,True,20354,20002,190.36407794010665
1719,df7d3c82-7ed4-4fc6-9be3-0811568ddc4e,9,1719,True,20379,20027,219.34532829356976
1720,df7d3c82-7ed4-4fc6-9be3-0811568ddc4e,9,1720,True,20408,20056,193.34391310430146
1721,df7d3c82-7ed4-4fc6-9be3-0811568ddc4e,9,1721,True,20434,20082,239.99328826179772
1722,df7d3c82-7ed4-4fc6-9be3-0811568ddc4e,9,1722,True,20461,20109,212.99328826179772
1723,df7d3c82-7ed4-4fc6-9be3-0811568ddc4e,9,1723,True,20492,20140,208.18396339497485
1724,df7d3c82-7ed4-4fc6-9be3-0811568ddc4e,9,1724,True,20517,20165,219.30077606031773
1725,df7d3c82-7ed4-4fc6-9be3-0811568ddc4e,9,1725,True,20548,20196,205.79344228653645
1726,df7d3c82-7ed4-4fc6-9be3-0811568ddc4e,9,1726,True,20579,20227,157.30077606031773
1727,df7d3c82-7ed4-4fc6-9be3-0811568ddc4e,9,1727,True,20611,20259,217.61117746021773
1728,df7d3c82-7ed4-4fc6-9be3-0811568ddc4e,9,1728,True,20637,20285,149.7593412580136
1729,df7d3c82-7ed4-4fc6-9be3-0811568ddc4e,9,1729,True,20661,20309,177.29430827933538
1730,df7d3c82-7ed4-4fc6-9be3-0811568ddc4e,9,1730,True,20687,20335,182.15183029492619
1731,df7d3c82-7ed4-4fc6-9be3-0811568ddc4e,9,1731,True,20712,20360,174.45795651119624
1732,df7d3c82-7ed4-4fc6-9be3-0811568ddc4e,9,1732,True,20734,20382,161.40092123546856
1733,df7d3c82-7ed4-4fc6-9be3-0811568ddc4e,9,1733,True,20759,20407,152.66872732686898
1734,df7d3c82-7ed4-4fc6-9be3-0811568ddc4e,9,1734,True,20785,20433,160.8213296186259
1735,df7d3c82-7ed4-4fc6-9be3-0811568ddc4e,9,1735,True,20815,20463,144.34243704274922
1736,df7d3c82-7ed4-4fc6-9be3-0811568ddc4e,9,1736,True,20845,20493,150.68251749736373
1737,df7d3c82-7ed4-4fc6-9be3-0811568ddc4e,9,1737,True,20866,20514,144.1474882294242
1738,df7d3c82-7ed4-4fc6-9be3-0811568ddc4e,9,1738,True,20895,20543,148.9295169855941
1739,df7d3c82-7ed4-4fc6-9be3-0811568ddc4e,9,1739,True,20921,20569,168.65233023550536
1740,df7d3c82-7ed4-4fc6-9be3-0811568ddc4e,9,1740,True,20942,20590,145.8648659241626
1741,df7d3c82-7ed4-4fc6-9be3-0811568ddc4e,9,1741,True,20964,20612,128.37951462721685
1742,df7d3c82-7ed4-4fc6-9be3-0811568ddc4e,9,1742,True,20987,20635,153.18476455420023
1743,df7d3c82-7ed4-4fc6-9be3-0811568ddc4e,9,1743,True,21016,20664,135.74008117425547
1744,df7d3c82-7ed4-4fc6-9be3-0811568ddc4e,9,1744,True,21051,20699,143.2443684291502
1745,df7d3c82-7ed4-4fc6-9be3-0811568ddc4e,9,1745,True,21076,20724,129.99273077742328
1746,df7d3c82-7ed4-4fc6-9be3-0811568ddc4e,9,1746,True,21104,20752,144.29417555874534
1747,df7d3c82-7ed4-4fc6-9be3-0811568ddc4e,9,1747,True,21133,20781,130.70159495760163
1748,df7d3c82-7ed4-4fc6-9be3-0811568ddc4e,9,1748,True,21159,20807,128.56024826030261
1749,df7d3c82-7ed4-4fc6-9be3-0811568ddc4e,9,1749,True,21180,20828,105.93077117643043
1750,df7d3c82-7ed4-4fc6-9be3-0811568ddc4e,9,1750,True,21207,20855,133.16175594238666
1751,df7d3c82-7ed4-4fc6-9be3-0811568ddc4e,9,1751,True,21239,20887,125.72056882205652
1752,df7d3c82-7ed4-4fc6-9be3-0811568ddc4e,9,1752,True,21273,20921,190.16408767819303
1753,df7d3c82-7ed4-4fc6-9be3-0811568ddc4e,9,1753,True,21300,20948,136.9152268965372
1754,df7d3c82-7ed4-4fc6-9be3-0811568ddc4e,9,1754,True,21321,20969,185.31677580519317
1755,df7d3c82-7ed4-4fc6-9be3-0811568ddc4e,9,1755,True,21365,21013,99.75520322989178
1756,df7d3c82-7ed4-4fc6-9be3-0811568ddc4e,9,1756,True,21396,21044,110.31677580519317
1757,df7d3c82-7ed4-4fc6-9be3-0811568ddc4e,9,1757,True,21422,21070,93.27552139381805
1758,df7d3c82-7ed4-4fc6-9be3-0811568ddc4e,9,1758,True,21452,21100,109.02144495131142
1759,df7d3c82-7ed4-4fc6-9be3-0811568ddc4e,9,1759,True,21471,21119,115.07625128593281
1760,df7d3c82-7ed4-4fc6-9be3-0811568ddc4e,9,1760,True,21495,21143,134.52933211790878
1761,df7d3c82-7ed4-4fc6-9be3-0811568ddc4e,9,1761,True,21522,21170,123.44449252637423
1762,df7d3c82-7ed4-4fc6-9be3-0811568ddc4e,9,1762,True,21548,21196,135.16310459013403
1763,df7d3c82-7ed4-4fc6-9be3-0811568ddc4e,9,1763,True,21577,21225,123.26210269473813
1764,df7d3c82-7ed4-4fc6-9be3-0811568ddc4e,9,1764,True,21603,21251,149.13617657172654
1765,df7d3c82-7ed4-4fc6-9be3-0811568ddc4e,9,1765,True,21630,21278,128.275886641768
1766,df7d3c82-7ed4-4fc6-9be3-0811568ddc4e,9,1766,True,21663,21311,111.97378700826448
1767,df7d3c82-7ed4-4fc6-9be3-0811568ddc4e,9,1767,True,21692,21340,128.83272524259155
1768,df7d3c82-7ed4-4fc6-9be3-0811568ddc4e,9,1768,True,21725,21373,97.66494672605768
1769,df7d3c82-7ed4-4fc6-9be3-0811568ddc4e,9,1769,True,21758,21406,89.47782029713926
1770,df7d3c82-7ed4-4fc6-9be3-0811568ddc4e,9,1770,True,21791,21439,118.18949531748513
1771,df7d3c82-7ed4-4fc6-9be3-0811568ddc4e,9,1771,True,21819,21467,115.79809201088574
1772,df7d3c82-7ed4-4fc6-9be3-0811568ddc4e,9,1772,True,21842,21490,122.80095078714658
1773,df7d3c82-7ed4-4fc6-9be3-0811568ddc4e,9,1773,True,21871,21519,141.92615240480518
1774,df7d3c82-7ed4-4fc6-9be3-0811568ddc4e,9,1774,True,21888,21536,121.982049215203
1775,df7d3c82-7ed4-4fc6-9be3-0811568ddc4e,9,1775,True,21920,21568,125.98345253473963
1776,df7d3c82-7ed4-4fc6-9be3-0811568ddc4e,9,1776,True,21943,21591,109.59479949808883
1777,df7d3c82-7ed4-4fc6-9be3-0811568ddc4e,9,1777,True,21962,21610,136.0249339537113
1778,df7d3c82-7ed4-4fc6-9be3-0811568ddc4e,9,1778,True,21984,21632,146.39326281815374
1779,df7d3c82-7ed4-4fc6-9be3-0811568ddc4e,9,1779,True,22007,21655,143.41845057902174
1780,df7d3c82-7ed4-4fc6-9be3-0811568ddc4e,9,1780,True,22023,21671,160.504285754967
1781,df7d3c82-7ed4-4fc6-9be3-0811568ddc4e,9,1781,True,22051,21699,131.18510678443272
1782,df7d3c82-7ed4-4fc6-9be3-0811568ddc4e,9,1782,True,22077,21725,158.66218415206095
1783,df7d3c82-7ed4-4fc6-9be3-0811568ddc4e,9,1783,True,22098,21746,137.93169003604635
1784,df7d3c82-7ed4-4fc6-9be3-0811568ddc4e,9,1784,True,22115,21763,154.79923869967388
1785,df7d3c82-7ed4-4fc6-9be3-0811568ddc4e,9,1785,True,22144,21792,190.34035662030874
1786,df7d3c82-7ed4-4fc6-9be3-0811568ddc4e,9,1786,True,22179,21827,179.68080238577386
1787,df7d3c82-7ed4-4fc6-9be3-0811568ddc4e,9,1787,True,22220,21868,190.88639639772373
1788,df7d3c82-7ed4-4fc6-9be3-0811568ddc4e,9,1788,True,22240,21888,168.33336749661248
1789,df7d3c82-7ed4-4fc6-9be3-0811568ddc4e,9,1789,True,22262,21910,195.42316459148788
1790,df7d3c82-7ed4-4fc6-9be3-0811568ddc4e,9,1790,True,22292,21940,141.54067256300914
1791,df7d3c82-7ed4-4fc6-9be3-0811568ddc4e,9,1791,True,22316,21964,166.15531545603153
1792,df7d3c82-7ed4-4fc6-9be3-0811568ddc4e,9,1792,True,22338,21986,178.89877915918623
1793,df7d3c82-7ed4-4fc6-9be3-0811568ddc4e,9,1793,True,22359,22007,148.50504051484677
1794,df7d3c82-7ed4-4fc6-9be3-0811568ddc4e,9,1794,True,22382,22030,183.60644324308305
1795,df7d3c82-7ed4-4fc6-9be3-0811568ddc4e,9,1795,True,22421,22069,167.96124877248803
1796,df7d3c82-7ed4-4fc6-9be3-0811568ddc4e,9,1796,True,22447,22095,164.55555054784054
1797,df7d3c82-7ed4-4fc6-9be3-0811568ddc4e,9,1797,True,22465,22113,171.6443490739366
1798,df7d3c82-7ed4-4fc6-9be3-0811568ddc4e,9,1798,True,22495,22143,168.2979582608823
1799,df7d3c82-7ed4-4fc6-9be3-0811568ddc4e,9,1799,True,22521,22169,170.33194849106803
1800,df7d3c82-7ed4-4fc6-9be3-0811568ddc4e,9,1800,True,22547,22195,186.87609602142038
1801,df7d3c82-7ed4-4fc6-9be3-0811568ddc4e,9,1801,True,22572,22220,172.6893880234784
1802,df7d3c82-7ed4-4fc6-9be3-0811568ddc4e,9,1802,True,22592,22240,166.25928495792323
1803,df7d3c82-7ed4-4fc6-9be3-0811568ddc4e,9,1803,True,22621,22269,191.93482535439762
1804,df7d3c82-7ed4-4fc6-9be3-0811568ddc4e,9,1804,True,22646,22294,137.39275242796066
1805,df7d3c82-7ed4-4fc6-9be3-0811568ddc4e,9,1805,True,22669,22317,166.29798418965947
1806,df7d3c82-7ed4-4fc6-9be3-0811568ddc4e,9,1806,True,22691,22339,148.20395743034533
1807,df7d3c82-7ed4-4fc6-9be3-0811568ddc4e,9,1807,True,22722,22370,185.28042107860892
1808,df7d3c82-7ed4-4fc6-9be3-0811568ddc4e,9,1808,True,22749,22397,159.79635127177608
1809,df7d3c82-7ed4-4fc6-9be3-0811568ddc4e,9,1809,True,22767,22415,153.69925293441338
1810,df7d3c82-7ed4-4fc6-9be3-0811568ddc4e,9,1810,True,22792,22440,194.7799384292448
1811,df7d3c82-7ed4-4fc6-9be3-0811568ddc4e,9,1811,True,22815,22463,194.02862370129515
1812,df7d3c82-7ed4-4fc6-9be3-0811568ddc4e,9,1812,True,22837,22485,131.9753856924035
1813,df7d3c82-7ed4-4fc6-9be3-0811568ddc4e,9,1813,True,22862,22510,206.94009128322796
1814,df7d3c82-7ed4-4fc6-9be3-0811568ddc4e,9,1814,True,22888,22536,180.42802269443564
1815,df7d3c82-7ed4-4fc6-9be3-0811568ddc4e,9,1815,True,22923,22571,178.17498949127548
1816,df7d3c82-7ed4-4fc6-9be3-0811568ddc4e,9,1816,True,22954,22602,205.06852880677616
1817,df7d3c82-7ed4-4fc6-9be3-0811568ddc4e,9,1817,True,22980,22628,179.691789568049
1818,df7d3c82-7ed4-4fc6-9be3-0811568ddc4e,9,1818,True,23006,22654,176.000236558928
1819,df7d3c82-7ed4-4fc6-9be3-0811568ddc4e,9,1819,True,23037,22685,221.9541612858775
1820,df7d3c82-7ed4-4fc6-9be3-0811568ddc4e,9,1820,True,23058,22706,193.3222130826507
1821,df7d3c82-7ed4-4fc6-9be3-0811568ddc4e,9,1821,True,23097,22745,215.33104267602903
1822,df7d3c82-7ed4-4fc6-9be3-0811568ddc4e,9,1822,True,23120,22768,138.61295126959521
1823,df7d3c82-7ed4-4fc6-9be3-0811568ddc4e,9,1823,True,23150,22798,228.8530581440391
1824,df7d3c82-7ed4-4fc6-9be3-0811568ddc4e,9,1824,True,23176,22824,147.44438924992573
1825,df7d3c82-7ed4-4fc6-9be3-0811568ddc4e,9,1825,True,23205,22853,188.6056796244775
1826,df7d3c82-7ed4-4fc6-9be3-0811568ddc4e,9,1826,True,23227,22875,151.8530581440391
1827,df7d3c82-7ed4-4fc6-9be3-0811568ddc4e,9,1827,True,23256,22904,217.43607971016536
1828,df7d3c82-7ed4-4fc6-9be3-0811568ddc4e,9,1828,True,23279,22927,191.0766427671515
1829,df7d3c82-7ed4-4fc6-9be3-0811568ddc4e,9,1829,True,23311,22959,208.88487298310065
1830,df7d3c82-7ed4-4fc6-9be3-0811568ddc4e,9,1830,True,23335,22983,184.88487298310065
1831,df7d3c82-7ed4-4fc6-9be3-0811568ddc4e,9,1831,True,23364,23012,172.4117701157811
1832,df7d3c82-7ed4-4fc6-9be3-0811568ddc4e,9,1832,True,23396,23044,173.69084553361972
1833,df7d3c82-7ed4-4fc6-9be3-0811568ddc4e,9,1833,True,23424,23072,197.6836697328945
1834,df7d3c82-7ed4-4fc6-9be3-0811568ddc4e,9,1834,True,23448,23096,172.3759043353566
1835,df7d3c82-7ed4-4fc6-9be3-0811568ddc4e,9,1835,True,23477,23125,187.14957083886839
1836,df7d3c82-7ed4-4fc6-9be3-0811568ddc4e,9,1836,True,23501,23149,169.12437855610915
1837,df7d3c82-7ed4-4fc6-9be3-0811568ddc4e,9,1837,True,23529,23177,188.17604301037136
1838,df7d3c82-7ed4-4fc6-9be3-0811568ddc4e,9,1838,True,23561,23209,162.30084053759856
1839,df7d3c82-7ed4-4fc6-9be3-0811568ddc4e,9,1839,True,23583,23231,164.45785206586515
1840,df7d3c82-7ed4-4fc6-9be3-0811568ddc4e,9,1840,True,23602,23250,168.50354574903758
1841,df7d3c82-7ed4-4fc6-9be3-0811568ddc4e,9,1841,True,23630,23278,191.81817274004425
1842,df7d3c82-7ed4-4fc6-9be3-0811568ddc4e,9,1842,True,23658,23306,194.53356896107653
1843,df7d3c82-7ed4-4fc6-9be3-0811568ddc4e,9,1843,True,23680,23328,192.4317039029338
1844,df7d3c82-7ed4-4fc6-9be3-0811568ddc4e,9,1844,True,23714,23362,165.81719299819815
1845,df7d3c82-7ed4-4fc6-9be3-0811568ddc4e,9,1845,True,23749,23397,164.5678914925993
1846,df7d3c82-7ed4-4fc6-9be3-0811568ddc4e,9,1846,True,23782,23430,159.89500466818208
1847,df7d3c82-7ed4-4fc6-9be3-0811568ddc4e,9,1847,True,23811,23459,156.31386767891672
1848,df7d3c82-7ed4-4fc6-9be3-0811568ddc4e,9,1848,True,23835,23483,141.11166133907682
1849,df7d3c82-7ed4-4fc6-9be3-0811568ddc4e,9,1849,True,23858,23506,167.3951728175598
1850,df7d3c82-7ed4-4fc6-9be3-0811568ddc4e,9,1850,True,23887,23535,155.04154729714355
1851,df7d3c82-7ed4-4fc6-9be3-0811568ddc4e,9,1851,True,23914,23562,161.75805527112607
1852,df7d3c82-7ed4-4fc6-9be3-0811568ddc4e,9,1852,True,23933,23581,129.60887731711773
1853,df7d3c82-7ed4-4fc6-9be3-0811568ddc4e,9,1853,True,23955,23603,189.24586629455007
1854,df7d3c82-7ed4-4fc6-9be3-0811568ddc4e,9,1854,True,23978,23626,137.8368213117683
1855,df7d3c82-7ed4-4fc6-9be3-0811568ddc4e,9,1855,True,24004,23652,146.5427568696614
1856,df7d3c82-7ed4-4fc6-9be3-0811568ddc4e,9,1856,True,24034,23682,142.5955667792041
1857,df7d3c82-7ed4-4fc6-9be3-0811568ddc4e,9,1857,True,24072,23720,173.3592379252259
1858,df7d3c82-7ed4-4fc6-9be3-0811568ddc4e,9,1858,True,24099,23747,162.63867652559202
1859,df7d3c82-7ed4-4fc6-9be3-0811568ddc4e,9,1859,True,24129,23777,225.76931153037003
1860,df7d3c82-7ed4-4fc6-9be3-0811568ddc4e,9,1860,True,24160,23808,200.40096243510925
1861,df7d3c82-7ed4-4fc6-9be3-0811568ddc4e,9,1861,True,24195,23843,206.0764468433772
1862,df7d3c82-7ed4-4fc6-9be3-0811568ddc4e,9,1862,True,24219,23867,191.4145560363213
1863,df7d3c82-7ed4-4fc6-9be3-0811568ddc4e,9,1863,True,24247,23895,198.6059653156699
1864,df7d3c82-7ed4-4fc6-9be3-0811568ddc4e,9,1864,True,24270,23918,190.13414327746432
1865,df7d3c82-7ed4-4fc6-9be3-0811568ddc4e,9,1865,True,24302,23950,166.1437615285904
1866,df7d3c82-7ed4-4fc6-9be3-0811568ddc4e,9,1866,True,24328,23976,179.99503769662988
1867,df7d3c82-7ed4-4fc6-9be3-0811568ddc4e,9,1867,True,24366,24014,198.5785816537209
1868,df7d3c82-7ed4-4fc6-9be3-0811568ddc4e,9,1868,True,24398,24046,143.05485063681772
1869,df7d3c82-7ed4-4fc6-9be3-0811568ddc4e,9,1869,True,24424,24072,211.33815853247506
1870,df7d3c82-7ed4-4fc6-9be3-0811568ddc4e,9,1870,True,24454,24102,138.36589509552869
1871,df7d3c82-7ed4-4fc6-9be3-0811568ddc4e,9,1871,True,24483,24131,180.2348477172127
1872,df7d3c82-7ed4-4fc6-9be3-0811568ddc4e,9,1872,True,24511,24159,153.69359741128574
1873,df7d3c82-7ed4-4fc6-9be3-0811568ddc4e,9,1873,True,24538,24186,201.5886056025447
1874,df7d3c82-7ed4-4fc6-9be3-0811568ddc4e,9,1874,True,24570,24218,125.72266621969902
1875,df7d3c82-7ed4-4fc6-9be3-0811568ddc4e,9,1875,True,24596,24244,147.64078354831508
1876,df7d3c82-7ed4-4fc6-9be3-0811568ddc4e,9,1876,True,24619,24267,127.32302303495817
1877,df7d3c82-7ed4-4fc6-9be3-0811568ddc4e,9,1877,True,24655,24303,132.83880108336598
1878,df7d3c82-7ed4-4fc6-9be3-0811568ddc4e,9,1878,True,24689,24337,129.1697289594049
1879,df7d3c82-7ed4-4fc6-9be3-0811568ddc4e,9,1879,True,24729,24377,171.60419889141122
1880,df7d3c82-7ed4-4fc6-9be3-0811568ddc4e,9,1880,True,24754,24402,154.2900685464665
1881,df7d3c82-7ed4-4fc6-9be3-0811568ddc4e,9,1881,True,24781,24429,181.5747227561369
1882,df7d3c82-7ed4-4fc6-9be3-0811568ddc4e,9,1882,True,24805,24453,122.09525014002793
1883,df7d3c82-7ed4-4fc6-9be3-0811568ddc4e,9,1883,True,24830,24478,137.92857506693326
1884,df7d3c82-7ed4-4fc6-9be3-0811568ddc4e,9,1884,True,24864,24512,160.1018289771564
1885,df7d3c82-7ed4-4fc6-9be3-0811568ddc4e,9,1885,True,24885,24533,128.83070630003203
1886,df7d3c82-7ed4-4fc6-9be3-0811568ddc4e,9,1886,True,24924,24572,116.57467180503227
1887,df7d3c82-7ed4-4fc6-9be3-0811568ddc4e,9,1887,True,24949,24597,118.78587558625804
1888,df7d3c82-7ed4-4fc6-9be3-0811568ddc4e,9,1888,True,24979,24627,136.80855056689688
1889,df7d3c82-7ed4-4fc6-9be3-0811568ddc4e,9,1889,True,24999,24647,126.97652063566784
1890,df7d3c82-7ed4-4fc6-9be3-0811568ddc4e,9,1890,True,25024,24672,127.90886217220759
1891,df7d3c82-7ed4-4fc6-9be3-0811568ddc4e,9,1891,True,25063,24711,129.9688934455662
1892,df7d3c82-7ed4-4fc6-9be3-0811568ddc4e,9,1892,True,25097,24745,146.69909853565696
1893,df7d3c82-7ed4-4fc6-9be3-0811568ddc4e,9,1893,True,25128,24776,121.81970697042925
1894,df7d3c82-7ed4-4fc6-9be3-0811568ddc4e,9,1894,True,25159,24807,116.05591731911409
1895,df7d3c82-7ed4-4fc6-9be3-0811568ddc4e,9,1895,True,25194,24842,109.30554089725774
1896,df7d3c82-7ed4-4fc6-9be3-0811568ddc4e,9,1896,True,25221,24869,134.57040172172856
1897,df7d3c82-7ed4-4fc6-9be3-0811568ddc4e,9,1897,True,25247,24895,111.96249088470358
1898,df7d3c82-7ed4-4fc6-9be3-0811568ddc4e,9,1898,True,25281,24929,144.59310865237785
1899,df7d3c82-7ed4-4fc6-9be3-0811568ddc4e,9,1899,True,25303,24951,135.1651658735791
1900,df7d3c82-7ed4-4fc6-9be3-0811568ddc4e,9,1900,True,25331,24979,151.95730074967287
1901,df7d3c82-7ed4-4fc6-9be3-0811568ddc4e,9,1901,True,25358,25006,141.7481389609893
1902,df7d3c82-7ed4-4fc6-9be3-0811568ddc4e,9,1902,True,25378,25026,148.54566094072652
1903,df7d3c82-7ed4-4fc6-9be3-0811568ddc4e,9,1903,True,25408,25056,116.26770515440148
1904,df7d3c82-7ed4-4fc6-9be3-0811568ddc4e,9,1904,True,25434,25082,119.73752530639467
1905,df7d3c82-7ed4-4fc6-9be3-0811568ddc4e,9,1905,True,25465,25113,131.57555067685462
1906,df7d3c82-7ed4-4fc6-9be3-0811568ddc4e,9,1906,True,25491,25139,131.29795569713679
1907,df7d3c82-7ed4-4fc6-9be3-0811568ddc4e,9,1907,True,25522,25170,152.25714515703294
1908,df7d3c82-7ed4-4fc6-9be3-0811568ddc4e,9,1908,True,25546,25194,128.98102358319738
1909,df7d3c82-7ed4-4fc6-9be3-0811568ddc4e,9,1909,True,25585,25233,140.25634762588743
1910,df7d3c82-7ed4-4fc6-9be3-0811568ddc4e,9,1910,True,25617,25265,130.63576581879533
1911,df7d3c82-7ed4-4fc6-9be3-0811568ddc4e,9,1911,True,25638,25286,151.3647423493203
1912,df7d3c82-7ed4-4fc6-9be3-0811568ddc4e,9,1912,True,25664,25312,112.40194452590731
1913,df7d3c82-7ed4-4fc6-9be3-0811568ddc4e,9,1913,True,25689,25337,149.59638626239757
1914,df7d3c82-7ed4-4fc6-9be3-0811568ddc4e,9,1914,True,25716,25364,128.14006791499196
1915,df7d3c82-7ed4-4fc6-9be3-0811568ddc4e,9,1915,True,25744,25392,157.00860001531692
1916,df7d3c82-7ed4-4fc6-9be3-0811568ddc4e,9,1916,True,25768,25416,122.27975560375125
1917,df7d3c82-7ed4-4fc6-9be3-0811568ddc4e,9,1917,True,25798,25446,127.52527864932563
1918,df7d3c82-7ed4-4fc6-9be3-0811568ddc4e,9,1918,True,25824,25472,108.47580825315526
1919,df7d3c82-7ed4-4fc6-9be3-0811568ddc4e,9,1919,True,25857,25505,102.51963637153676
1920,df7d3c82-7ed4-4fc6-9be3-0811568ddc4e,9,1920,True,25890,25538,122.63124045995937
1921,df7d3c82-7ed4-4fc6-9be3-0811568ddc4e,9,1921,True,25916,25564,130.13292687614012
1922,df7d3c82-7ed4-4fc6-9be3-0811568ddc4e,9,1922,True,25940,25588,123.51067975647675
1923,df7d3c82-7ed4-4fc6-9be3-0811568ddc4e,9,1923,True,25968,25616,145.8877850518511
1924,df7d3c82-7ed4-4fc6-9be3-0811568ddc4e,9,1924,True,25995,25643,184.95966881573258
1925,df7d3c82-7ed4-4fc6-9be3-0811568ddc4e,9,1925,True,26020,25668,137.50415906169655
1926,df7d3c82-7ed4-4fc6-9be3-0811568ddc4e,9,1926,True,26043,25691,186.60059813759653
1927,df7d3c82-7ed4-4fc6-9be3-0811568ddc4e,9,1927,True,26066,25714,163.60059813759653
1928,df7d3c82-7ed4-4fc6-9be3-0811568ddc4e,9,1928,True,26098,25746,178.58095673189018
1929,df7d3c82-7ed4-4fc6-9be3-0811568ddc4e,9,1929,True,26118,25766,140.36867999619062
1930,df7d3c82-7ed4-4fc6-9be3-0811568ddc4e,9,1930,True,26145,25793,162.2198167953975
1931,df7d3c82-7ed4-4fc6-9be3-0811568ddc4e,9,1931,True,26173,25821,157.90482358674126
1932,df7d3c82-7ed4-4fc6-9be3-0811568ddc4e,9,1932,True,26199,25847,163.99228323499847
1933,df7d3c82-7ed4-4fc6-9be3-0811568ddc4e,9,1933,True,26230,25878,138.031449197053
1934,df7d3c82-7ed4-4fc6-9be3-0811568ddc4e,9,1934,True,26253,25901,161.51641421148452
1935,df7d3c82-7ed4-4fc6-9be3-0811568ddc4e,9,1935,True,26275,25923,146.04538747377228
1936,df7d3c82-7ed4-4fc6-9be3-0811568ddc4e,9,1936,True,26301,25949,189.1624224336374
1937,df7d3c82-7ed4-4fc6-9be3-0811568ddc4e,9,1937,True,26326,25974,149.29701200956333
1938,df7d3c82-7ed4-4fc6-9be3-0811568ddc4e,9,1938,True,26357,26005,143.1402162176455
1939,df7d3c82-7ed4-4fc6-9be3-0811568ddc4e,9,1939,True,26389,26037,110.79707759835583
1940,df7d3c82-7ed4-4fc6-9be3-0811568ddc4e,9,1940,True,26423,26071,172.10097606897034
1941,df7d3c82-7ed4-4fc6-9be3-0811568ddc4e,9,1941,True,26454,26102,165.07374857900504
1942,df7d3c82-7ed4-4fc6-9be3-0811568ddc4e,9,1942,True,26477,26125,167.55649218254257
1943,df7d3c82-7ed4-4fc6-9be3-0811568ddc4e,9,1943,True,26502,26150,144.80925675429535
1944,df7d3c82-7ed4-4fc6-9be3-0811568ddc4e,9,1944,True,26525,26173,153.84350474482562
1945,df7d3c82-7ed4-4fc6-9be3-0811568ddc4e,9,1945,True,26543,26191,165.57090217630684
1946,df7d3c82-7ed4-4fc6-9be3-0811568ddc4e,9,1946,True,26572,26220,232.1010742960898
1947,df7d3c82-7ed4-4fc6-9be3-0811568ddc4e,9,1947,True,26598,26246,181.26474487065207
1948,df7d3c82-7ed4-4fc6-9be3-0811568ddc4e,9,1948,True,26626,26274,223.9193157543341
1949,df7d3c82-7ed4-4fc6-9be3-0811568ddc4e,9,1949,True,26643,26291,208.00658889854094
1950,df7d3c82-7ed4-4fc6-9be3-0811568ddc4e,9,1950,True,26667,26315,176.76500959294572
1951,df7d3c82-7ed4-4fc6-9be3-0811568ddc4e,9,1951,True,26689,26337,179.89446454850258
1952,df7d3c82-7ed4-4fc6-9be3-0811568ddc4e,9,1952,True,26710,26358,190.48641518688964
1953,df7d3c82-7ed4-4fc6-9be3-0811568ddc4e,9,1953,True,26731,26379,195.52399656197304
1954,df7d3c82-7ed4-4fc6-9be3-0811568ddc4e,9,1954,True,26767,26415,203.93474289117876
1955,df7d3c82-7ed4-4fc6-9be3-0811568ddc4e,9,1955,True,26800,26448,181.26500942168423
1956,df7d3c82-7ed4-4fc6-9be3-0811568ddc4e,9,1956,True,26822,26470,148.93474289117876
1957,df7d3c82-7ed4-4fc6-9be3-0811568ddc4e,9,1957,True,26858,26506,172.65047928711283
1958,df7d3c82-7ed4-4fc6-9be3-0811568ddc4e,9,1958,True,26893,26541,165.85069433573517
1959,df7d3c82-7ed4-4fc6-9be3-0811568ddc4e,9,1959,True,26917,26565,168.47551077447133
1960,df7d3c82-7ed4-4fc6-9be3-0811568ddc4e,9,1960,True,26943,26591,188.82787585534243
1961,df7d3c82-7ed4-4fc6-9be3-0811568ddc4e,9,1961,True,26971,26619,155.37831824313253
1962,df7d3c82-7ed4-4fc6-9be3-0811568ddc4e,9,1962,True,27002,26650,183.7588009911342
1963,df7d3c82-7ed4-4fc6-9be3-0811568ddc4e,9,1963,True,27027,26675,209.98379600775297
1964,df7d3c82-7ed4-4fc6-9be3-0811568ddc4e,9,1964,True,27060,26708,176.98379600775297
1965,df7d3c82-7ed4-4fc6-9be3-0811568ddc4e,9,1965,True,27090,26738,178.10564821610024
1966,df7d3c82-7ed4-4fc6-9be3-0811568ddc4e,9,1966,True,27118,26766,164.21131422465623
1967,df7d3c82-7ed4-4fc6-9be3-0811568ddc4e,9,1967,True,27144,26792,174.5655506292169
1968,df7d3c82-7ed4-4fc6-9be3-0811568ddc4e,9,1968,True,27169,26817,161.38747512569898
1969,df7d3c82-7ed4-4fc6-9be3-0811568ddc4e,9,1969,True,27191,26839,173.030359447901
1970,df7d3c82-7ed4-4fc6-9be3-0811568ddc4e,9,1970,True,27230,26878,148.34286130230612
1971,df7d3c82-7ed4-4fc6-9be3-0811568ddc4e,9,1971,True,27262,26910,170.08878622966586
1972,df7d3c82-7ed4-4fc6-9be3-0811568ddc4e,9,1972,True,27294,26942,138.42631464900478
1973,df7d3c82-7ed4-4fc6-9be3-0811568ddc4e,9,1973,True,27324,26972,165.43614202390745
1974,df7d3c82-7ed4-4fc6-9be3-0811568ddc4e,9,1974,True,27354,27002,211.69503814326526
1975,df7d3c82-7ed4-4fc6-9be3-0811568ddc4e,9,1975,True,27372,27020,170.1115558273923
1976,df7d3c82-7ed4-4fc6-9be3-0811568ddc4e,9,1976,True,27397,27045,168.69503814326526
1977,df7d3c82-7ed4-4fc6-9be3-0811568ddc4e,9,1977,True,27422,27070,169.8896121820908
1978,df7d3c82-7ed4-4fc6-9be3-0811568ddc4e,9,1978,True,27451,27099,161.56128517148318
1979,df7d3c82-7ed4-4fc6-9be3-0811568ddc4e,9,1979,True,27477,27125,162.31417124710424
1980,df7d3c82-7ed4-4fc6-9be3-0811568ddc4e,9,1980,True,27499,27147,143.49628839402067
1981,df7d3c82-7ed4-4fc6-9be3-0811568ddc4e,9,1981,True,27523,27171,201.52479347938424
1982,df7d3c82-7ed4-4fc6-9be3-0811568ddc4e,9,1982,True,27552,27200,155.9535489548398
1983,df7d3c82-7ed4-4fc6-9be3-0811568ddc4e,9,1983,True,27578,27226,159.26217398967856
1984,df7d3c82-7ed4-4fc6-9be3-0811568ddc4e,9,1984,True,27601,27249,139.38534444935794
1985,df7d3c82-7ed4-4fc6-9be3-0811568ddc4e,9,1985,True,27634,27282,204.27412752551027
1986,df7d3c82-7ed4-4fc6-9be3-0811568ddc4e,9,1986,True,27659,27307,201.5361354975139
1987,df7d3c82-7ed4-4fc6-9be3-0811568ddc4e,9,1987,True,27684,27332,200.25450296038252
1988,df7d3c82-7ed4-4fc6-9be3-0811568ddc4e,9,1988,True,27713,27361,250.0119872084215
1989,df7d3c82-7ed4-4fc6-9be3-0811568ddc4e,9,1989,True,27739,27387,226.76202649901825
1990,df7d3c82-7ed4-4fc6-9be3-0811568ddc4e,9,1990,True,27760,27408,203.0119872084215
1991,df7d3c82-7ed4-4fc6-9be3-0811568ddc4e,9,1991,True,27781,27429,209.62468966355664
1992,df7d3c82-7ed4-4fc6-9be3-0811568ddc4e,9,1992,True,27818,27466,259.80236485759815
1993,df7d3c82-7ed4-4fc6-9be3-0811568ddc4e,9,1993,True,27860,27508,180.9010095705562
1994,df7d3c82-7ed4-4fc6-9be3-0811568ddc4e,9,1994,True,27892,27540,234.16308294403643
1995,df7d3c82-7ed4-4fc6-9be3-0811568ddc4e,9,1995,True,27927,27575,161.68785512337854
1996,df7d3c82-7ed4-4fc6-9be3-0811568ddc4e,9,1996,True,27955,27603,213.13651298380864
1997,df7d3c82-7ed4-4fc6-9be3-0811568ddc4e,9,1997,True,27980,27628,196.15190730258473
1998,df7d3c82-7ed4-4fc6-9be3-0811568ddc4e,9,1998,True,28012,27660,156.13651298380864
1999,df7d3c82-7ed4-4fc6-9be3-0811568ddc4e,9,1999,True,28041,27689,153.6166799373059
2000,c1508a60-92e3-4041-bf33-b331ee87691a,10,2000,True,418,16,79.16270699263497
2001,c1508a60-92e3-4041-bf33-b331ee87691a,10,2001,True,445,43,105.25431174087686
2002,c1508a60-92e3-4041-bf33-b331ee87691a,10,2002,True,472,70,101.58206912152474
2003,c1508a60-92e3-4041-bf33-b331ee87691a,10,2003,True,513,111,86.40702859215449
2004,c1508a60-92e3-4041-bf33-b331ee87691a,10,2004,True,541,139,91.51206397128126
2005,c1508a60-92e3-4041-bf33-b331ee87691a,10,2005,True,577,175,105.347269221425
2006,c1508a60-92e3-4041-bf33-b331ee87691a,10,2006,True,609,207,119.07581641863783
2007,c1508a60-92e3-4041-bf33-b331ee87691a,10,2007,True,634,232,120.03985372470788
2008,c1508a60-92e3-4041-bf33-b331ee87691a,10,2008,True,668,266,108.28233961571357
2009,c1508a60-92e3-4041-bf33-b331ee87691a,10,2009,True,698,296,126.60749979821219
2010,c1508a60-92e3-4041-bf33-b331ee87691a,10,2010,True,724,322,144.0230014656775
2011,c1508a60-92e3-4041-bf33-b331ee87691a,10,2011,True,750,348,150.52480146022202
2012,c1508a60-92e3-4041-bf33-b331ee87691a,10,2012,True,777,375,119.55217029758933
2013,c1508a60-92e3-4041-bf33-b331ee87691a,10,2013,True,802,400,144.74806648553022
2014,c1508a60-92e3-4041-bf33-b331ee87691a,10,2014,True,824,422,126.74284099814167
2015,c1508a60-92e3-4041-bf33-b331ee87691a,10,2015,True,852,450,146.83416850905348
2016,c1508a60-92e3-4041-bf33-b331ee87691a,10,2016,True,876,474,130.14664270446735
2017,c1508a60-92e3-4041-bf33-b331ee87691a,10,2017,True,903,501,148.82945373952134
2018,c1508a60-92e3-4041-bf33-b331ee87691a,10,2018,True,944,542,118.03323673195109
2019,c1508a60-92e3-4041-bf33-b331ee87691a,10,2019,True,971,569,147.2692940456668
2020,c1508a60-92e3-4041-bf33-b331ee87691a,10,2020,True,999,597,149.17981242733072
2021,c1508a60-92e3-4041-bf33-b331ee87691a,10,2021,True,1023,621,123.02898601883726
2022,c1508a60-92e3-4041-bf33-b331ee87691a,10,2022,True,1044,642,131.0997787680359
2023,c1508a60-92e3-4041-bf33-b331ee87691a,10,2023,True,1074,672,125.67800275716445
2024,c1508a60-92e3-4041-bf33-b331ee87691a,10,2024,True,1102,700,175.9065506370248
2025,c1508a60-92e3-4041-bf33-b331ee87691a,10,2025,True,1133,731,147.11667996602978
2026,c1508a60-92e3-4041-bf33-b331ee87691a,10,2026,True,1165,763,208.14639055773955
2027,c1508a60-92e3-4041-bf33-b331ee87691a,10,2027,True,1190,788,162.07256879424915
2028,c1508a60-92e3-4041-bf33-b331ee87691a,10,2028,True,1210,808,216.48812317661304
2029,c1508a60-92e3-4041-bf33-b331ee87691a,10,2029,True,1243,841,157.04749848795745
2030,c1508a60-92e3-4041-bf33-b331ee87691a,10,2030,True,1269,867,186.08190173909702
2031,c1508a60-92e3-4041-bf33-b331ee87691a,10,2031,True,1303,901,190.24865111939152
2032,c1508a60-92e3-4041-bf33-b331ee87691a,10,2032,True,1338,936,147.89497313474362
2033,c1508a60-92e3-4041-bf33-b331ee87691a,10,2033,True,1370,968,160.31759144085117
2034,c1508a60-92e3-4041-bf33-b331ee87691a,10,2034,True,1392,990,180.5268154842231
2035,c1508a60-92e3-4041-bf33-b331ee87691a,10,2035,True,1414,1012,165.36177172665816
2036,c1508a60-92e3-4041-bf33-b331ee87691a,10,2036,True,1442,1040,182.79848459375648
2037,c1508a60-92e3-4041-bf33-b331ee87691a,10,2037,True,1464,1062,218.75211987692387
2038,c1508a60-92e3-4041-bf33-b331ee87691a,10,2038,True,1479,1077,168.95433285457716
2039,c1508a60-92e3-4041-bf33-b331ee87691a,10,2039,True,1508,1106,167.88359278538792
2040,c1508a60-92e3-4041-bf33-b331ee87691a,10,2040,True,1538,1136,210.0442451069714
2041,c1508a60-92e3-4041-bf33-b331ee87691a,10,2041,True,1575,1173,145.74245286758674
2042,c1508a60-92e3-4041-bf33-b331ee87691a,10,2042,True,1599,1197,149.82248332249333
2043,c1508a60-92e3-4041-bf33-b331ee87691a,10,2043,True,1630,1228,132.05367528096122
2044,c1508a60-92e3-4041-bf33-b331ee87691a,10,2044,True,1655,1253,194.01692057984724
2045,c1508a60-92e3-4041-bf33-b331ee87691a,10,2045,True,1684,1282,137.972909378861
2046,c1508a60-92e3-4041-bf33-b331ee87691a,10,2046,True,1706,1304,166.85438427106055
2047,c1508a60-92e3-4041-bf33-b331ee87691a,10,2047,True,1738,1336,130.4490686035938
2048,c1508a60-92e3-4041-bf33-b331ee87691a,10,2048,True,1760,1358,157.98782577524457
2049,c1508a60-92e3-4041-bf33-b331ee87691a,10,2049,True,1790,1388,155.86251515888534
2050,c1508a60-92e3-4041-bf33-b331ee87691a,10,2050,True,1818,1416,129.8849754301823
2051,c1508a60-92e3-4041-bf33-b331ee87691a,10,2051,True,1843,1441,128.6451323497356
2052,c1508a60-92e3-4041-bf33-b331ee87691a,10,2052,True,1865,1463,157.66088639284112
2053,c1508a60-92e3-4041-bf33-b331ee87691a,10,2053,True,1892,1490,162.60911764920888
2054,c1508a60-92e3-4041-bf33-b331ee87691a,10,2054,True,1919,1517,197.01014503930628
2055,c1508a60-92e3-4041-bf33-b331ee87691a,10,2055,True,1948,1546,180.65105359803078
2056,c1508a60-92e3-4041-bf33-b331ee87691a,10,2056,True,1976,1574,177.78223268867532
2057,c1508a60-92e3-4041-bf33-b331ee87691a,10,2057,True,2008,1606,173.05756146151543
2058,c1508a60-92e3-4041-bf33-b331ee87691a,10,2058,True,2035,1633,237.89376367628142
2059,c1508a60-92e3-4041-bf33-b331ee87691a,10,2059,True,2072,1670,178.88887526662188
2060,c1508a60-92e3-4041-bf33-b331ee87691a,10,2060,True,2101,1699,201.98530245758684
2061,c1508a60-92e3-4041-bf33-b331ee87691a,10,2061,True,2128,1726,195.91456516839457
2062,c1508a60-92e3-4041-bf33-b331ee87691a,10,2062,True,2158,1756,196.96775405835433
2063,c1508a60-92e3-4041-bf33-b331ee87691a,10,2063,True,2185,1783,190.4804859999963
2064,c1508a60-92e3-4041-bf33-b331ee87691a,10,2064,True,2203,1801,187.27394340320643
2065,c1508a60-92e3-4041-bf33-b331ee87691a,10,2065,True,2237,1835,202.22930501320684
2066,c1508a60-92e3-4041-bf33-b331ee87691a,10,2066,True,2259,1857,209.10781166833658
2067,c1508a60-92e3-4041-bf33-b331ee87691a,10,2067,True,2291,1889,148.22930501320684
2068,c1508a60-92e3-4041-bf33-b331ee87691a,10,2068,True,2320,1918,193.83403880544938
2069,c1508a60-92e3-4041-bf33-b331ee87691a,10,2069,True,2334,1932,184.4724351024929
2070,c1508a60-92e3-4041-bf33-b331ee87691a,10,2070,True,2368,1966,198.23979333612078
2071,c1508a60-92e3-4041-bf33-b331ee87691a,10,2071,True,2402,2000,163.42567854710796
2072,c1508a60-92e3-4041-bf33-b331ee87691a,10,2072,True,2428,2026,160.1889489130449
2073,c1508a60-92e3-4041-bf33-b331ee87691a,10,2073,True,2455,2053,161.3282917609008
2074,c1508a60-92e3-4041-bf33-b331ee87691a,10,2074,True,2484,2082,181.23824419130733
2075,c1508a60-92e3-4041-bf33-b331ee87691a,10,2075,True,2509,2107,148.85152296193155
2076,c1508a60-92e3-4041-bf33-b331ee87691a,10,2076,True,2535,2133,154.5651024224162
2077,c1508a60-92e3-4041-bf33-b331ee87691a,10,2077,True,2564,2162,124.41477358365
2078,c1508a60-92e3-4041-bf33-b331ee87691a,10,2078,True,2588,2186,158.7577170021118
2079,c1508a60-92e3-4041-bf33-b331ee87691a,10,2079,True,2615,2213,153.0021009025627
2080,c1508a60-92e3-4041-bf33-b331ee87691a,10,2080,True,2647,2245,205.60454627326408
2081,c1508a60-92e3-4041-bf33-b331ee87691a,10,2081,True,2672,2270,147.9342460306848
2082,c1508a60-92e3-4041-bf33-b331ee87691a,10,2082,True,2689,2287,212.7882345107637
2083,c1508a60-92e3-4041-bf33-b331ee87691a,10,2083,True,2725,2323,149.24181906130207
2084,c1508a60-92e3-4041-bf33-b331ee87691a,10,2084,True,2753,2351,177.0388775471988
2085,c1508a60-92e3-4041-bf33-b331ee87691a,10,2085,True,2778,2376,154.28287382160124
2086,c1508a60-92e3-4041-bf33-b331ee87691a,10,2086,True,2807,2405,215.53020703596394
2087,c1508a60-92e3-4041-bf33-b331ee87691a,10,2087,True,2827,2425,174.78960955383627
2088,c1508a60-92e3-4041-bf33-b331ee87691a,10,2088,True,2869,2467,177.96867636630304
2089,c1508a60-92e3-4041-bf33-b331ee87691a,10,2089,True,2898,2496,151.02516196099486
2090,c1508a60-92e3-4041-bf33-b331ee87691a,10,2090,True,2927,2525,165.08446561051414
2091,c1508a60-92e3-4041-bf33-b331ee87691a,10,2091,True,2956,2554,142.39033215900326
2092,c1508a60-92e3-4041-bf33-b331ee87691a,10,2092,True,2982,2580,148.64876651415716
2093,c1508a60-92e3-4041-bf33-b331ee87691a,10,2093,True,3012,2610,158.35272934461364
2094,c1508a60-92e3-4041-bf33-b331ee87691a,10,2094,True,3042,2640,142.82801393133877
2095,c1508a60-92e3-4041-bf33-b331ee87691a,10,2095,True,3067,2665,127.96047025035296
2096,c1508a60-92e3-4041-bf33-b331ee87691a,10,2096,True,3103,2701,134.37273706828182
2097,c1508a60-92e3-4041-bf33-b331ee87691a,10,2097,True,3134,2732,154.0614768453038
2098,c1508a60-92e3-4041-bf33-b331ee87691a,10,2098,True,3156,2754,133.88722283790685
2099,c1508a60-92e3-4041-bf33-b331ee87691a,10,2099,True,3183,2781,154.52589117581556
2100,c1508a60-92e3-4041-bf33-b331ee87691a,10,2100,True,3213,2811,157.84634989176993
2101,c1508a60-92e3-4041-bf33-b331ee87691a,10,2101,True,3238,2836,148.65787439869337
2102,c1508a60-92e3-4041-bf33-b331ee87691a,10,2102,True,3261,2859,156.962190712577
2103,c1508a60-92e3-4041-bf33-b331ee87691a,10,2103,True,3284,2882,142.278521452502
2104,c1508a60-92e3-4041-bf33-b331ee87691a,10,2104,True,3311,2909,196.96577412551142
2105,c1508a60-92e3-4041-bf33-b331ee87691a,10,2105,True,3338,2936,129.82501988348076
2106,c1508a60-92e3-4041-bf33-b331ee87691a,10,2106,True,3373,2971,158.47021668563093
2107,c1508a60-92e3-4041-bf33-b331ee87691a,10,2107,True,3401,2999,130.4365459249143
2108,c1508a60-92e3-4041-bf33-b331ee87691a,10,2108,True,3427,3025,154.55968504757675
2109,c1508a60-92e3-4041-bf33-b331ee87691a,10,2109,True,3458,3056,147.76786277030806
2110,c1508a60-92e3-4041-bf33-b331ee87691a,10,2110,True,3496,3094,138.94507537045274
2111,c1508a60-92e3-4041-bf33-b331ee87691a,10,2111,True,3521,3119,136.0768927822569
2112,c1508a60-92e3-4041-bf33-b331ee87691a,10,2112,True,3544,3142,165.64498762535095
2113,c1508a60-92e3-4041-bf33-b331ee87691a,10,2113,True,3576,3174,132.28142293417613
2114,c1508a60-92e3-4041-bf33-b331ee87691a,10,2114,True,3602,3200,130.63832240364854
2115,c1508a60-92e3-4041-bf33-b331ee87691a,10,2115,True,3632,3230,153.67330294963222
2116,c1508a60-92e3-4041-bf33-b331ee87691a,10,2116,True,3665,3263,117.03132609354407
2117,c1508a60-92e3-4041-bf33-b331ee87691a,10,2117,True,3700,3298,112.4407178147444
2118,c1508a60-92e3-4041-bf33-b331ee87691a,10,2118,True,3739,3337,139.84178276033526
2119,c1508a60-92e3-4041-bf33-b331ee87691a,10,2119,True,3764,3362,130.94150948206243
2120,c1508a60-92e3-4041-bf33-b331ee87691a,10,2120,True,3790,3388,153.76229026318742
2121,c1508a60-92e3-4041-bf33-b331ee87691a,10,2121,True,3817,3415,135.48043588262226
2122,c1508a60-92e3-4041-bf33-b331ee87691a,10,2122,True,3840,3438,154.230028288197
2123,c1508a60-92e3-4041-bf33-b331ee87691a,10,2123,True,3864,3462,138.79861723031854
2124,c1508a60-92e3-4041-bf33-b331ee87691a,10,2124,True,3886,3484,143.73852128106319
2125,c1508a60-92e3-4041-bf33-b331ee87691a,10,2125,True,3912,3510,130.37321104071407
2126,c1508a60-92e3-4041-bf33-b331ee87691a,10,2126,True,3941,3539,138.5133649238851
2127,c1508a60-92e3-4041-bf33-b331ee87691a,10,2127,True,3962,3560,131.99707855634506
2128,c1508a60-92e3-4041-bf33-b331ee87691a,10,2128,True,3992,3590,148.40694649934585
2129,c1508a60-92e3-4041-bf33-b331ee87691a,10,2129,True,4023,3621,120.66540408559695
2130,c1508a60-92e3-4041-bf33-b331ee87691a,10,2130,True,4051,3649,121.81765705633552
2131,c1508a60-92e3-4041-bf33-b331ee87691a,10,2131,True,4082,3680,204.86232011717038
2132,c1508a60-92e3-4041-bf33-b331ee87691a,10,2132,True,4110,3708,149.2847896000235
2133,c1508a60-92e3-4041-bf33-b331ee87691a,10,2133,True,4141,3739,140.4156845079956
2134,c1508a60-92e3-4041-bf33-b331ee87691a,10,2134,True,4168,3766,169.82555691823381
2135,c1508a60-92e3-4041-bf33-b331ee87691a,10,2135,True,4194,3792,138.50856785466203
2136,c1508a60-92e3-4041-bf33-b331ee87691a,10,2136,True,4225,3823,134.85851484134082
2137,c1508a60-92e3-4041-bf33-b331ee87691a,10,2137,True,4259,3857,178.73861772738155
2138,c1508a60-92e3-4041-bf33-b331ee87691a,10,2138,True,4277,3875,133.64218559488972
2139,c1508a60-92e3-4041-bf33-b331ee87691a,10,2139,True,4303,3901,162.5495266731309
2140,c1508a60-92e3-4041-bf33-b331ee87691a,10,2140,True,4326,3924,138.6846546599204
2141,c1508a60-92e3-4041-bf33-b331ee87691a,10,2141,True,4355,3953,206.50125268918146
2142,c1508a60-92e3-4041-bf33-b331ee87691a,10,2142,True,4379,3977,182.50125268918146
2143,c1508a60-92e3-4041-bf33-b331ee87691a,10,2143,True,4413,4011,189.0438079780306
2144,c1508a60-92e3-4041-bf33-b331ee87691a,10,2144,True,4435,4033,175.60995991038544
2145,c1508a60-92e3-4041-bf33-b331ee87691a,10,2145,True,4459,4057,193.9455320281504
2146,c1508a60-92e3-4041-bf33-b331ee87691a,10,2146,True,4486,4084,149.28618842570359
2147,c1508a60-92e3-4041-bf33-b331ee87691a,10,2147,True,4508,4106,169.26774345194372
2148,c1508a60-92e3-4041-bf33-b331ee87691a,10,2148,True,4546,4144,194.622160485098
2149,c1508a60-92e3-4041-bf33-b331ee87691a,10,2149,True,4573,4171,151.75026941859232
2150,c1508a60-92e3-4041-bf33-b331ee87691a,10,2150,True,4597,4195,170.31488510429153
2151,c1508a60-92e3-4041-bf33-b331ee87691a,10,2151,True,4611,4209,164.46543902771919
2152,c1508a60-92e3-4041-bf33-b331ee87691a,10,2152,True,4643,4241,149.89029173124254
2153,c1508a60-92e3-4041-bf33-b331ee87691a,10,2153,True,4670,4268,144.84706077704323
2154,c1508a60-92e3-4041-bf33-b331ee87691a,10,2154,True,4697,4295,178.9932512140922
2155,c1508a60-92e3-4041-bf33-b331ee87691a,10,2155,True,4730,4328,187.63579455703803
2156,c1508a60-92e3-4041-bf33-b331ee87691a,10,2156,True,4757,4355,203.5987520325407
2157,c1508a60-92e3-4041-bf33-b331ee87691a,10,2157,True,4784,4382,181.96213330158207
2158,c1508a60-92e3-4041-bf33-b331ee87691a,10,2158,True,4809,4407,176.1848018057417
2159,c1508a60-92e3-4041-bf33-b331ee87691a,10,2159,True,4837,4435,157.45599443752508
2160,c1508a60-92e3-4041-bf33-b331ee87691a,10,2160,True,4858,4456,150.02384079449075
2161,c1508a60-92e3-4041-bf33-b331ee87691a,10,2161,True,4882,4480,163.62520214180768
2162,c1508a60-92e3-4041-bf33-b331ee87691a,10,2162,True,4899,4497,217.95619630431338
2163,c1508a60-92e3-4041-bf33-b331ee87691a,10,2163,True,4918,4516,198.28786501412378
2164,c1508a60-92e3-4041-bf33-b331ee87691a,10,2164,True,4945,4543,171.95619630431338
2165,c1508a60-92e3-4041-bf33-b331ee87691a,10,2165,True,4969,4567,197.09885729669077
2166,c1508a60-92e3-4041-bf33-b331ee87691a,10,2166,True,4988,4586,182.19742304994634
2167,c1508a60-92e3-4041-bf33-b331ee87691a,10,2167,True,5013,4611,160.30403560249488
2168,c1508a60-92e3-4041-bf33-b331ee87691a,10,2168,True,5049,4647,176.84549513632282
2169,c1508a60-92e3-4041-bf33-b331ee87691a,10,2169,True,5068,4666,175.74236319773445
2170,c1508a60-92e3-4041-bf33-b331ee87691a,10,2170,True,5109,4707,164.98924450188952
2171,c1508a60-92e3-4041-bf33-b331ee87691a,10,2171,True,5136,4734,186.60266995042002
2172,c1508a60-92e3-4041-bf33-b331ee87691a,10,2172,True,5160,4758,165.25369232732464
2173,c1508a60-92e3-4041-bf33-b331ee87691a,10,2173,True,5188,4786,159.14563145036664
2174,c1508a60-92e3-4041-bf33-b331ee87691a,10,2174,True,5222,4820,152.6848174536708
2175,c1508a60-92e3-4041-bf33-b331ee87691a,10,2175,True,5251,4849,172.98158967362633
2176,c1508a60-92e3-4041-bf33-b331ee87691a,10,2176,True,5279,4877,146.72944526736683
2177,c1508a60-92e3-4041-bf33-b331ee87691a,10,2177,True,5308,4906,167.05638678746345
2178,c1508a60-92e3-4041-bf33-b331ee87691a,10,2178,True,5340,4938,136.35636679263644
2179,c1508a60-92e3-4041-bf33-b331ee87691a,10,2179,True,5366,4964,161.25078795747413
2180,c1508a60-92e3-4041-bf33-b331ee87691a,10,2180,True,5393,4991,151.9118734006197
2181,c1508a60-92e3-4041-bf33-b331ee87691a,10,2181,True,5420,5018,192.24824487001297
2182,c1508a60-92e3-4041-bf33-b331ee87691a,10,2182,True,5449,5047,171.20949173497684
2183,c1508a60-92e3-4041-bf33-b331ee87691a,10,2183,True,5482,5080,183.54209483226532
2184,c1508a60-92e3-4041-bf33-b331ee87691a,10,2184,True,5505,5103,168.81649318665677
2185,c1508a60-92e3-4041-bf33-b331ee87691a,10,2185,True,5529,5127,183.83760872308176
2186,c1508a60-92e3-4041-bf33-b331ee87691a,10,2186,True,5559,5157,169.66356248450757
2187,c1508a60-92e3-4041-bf33-b331ee87691a,10,2187,True,5586,5184,192.23269087476456
2188,c1508a60-92e3-4041-bf33-b331ee87691a,10,2188,True,5615,5213,215.339756369749
2189,c1508a60-92e3-4041-bf33-b331ee87691a,10,2189,True,5636,5234,191.83826720456182
2190,c1508a60-92e3-4041-bf33-b331ee87691a,10,2190,True,5671,5269,169.1640578102424
2191,c1508a60-92e3-4041-bf33-b331ee87691a,10,2191,True,5702,5300,166.3084617999839
2192,c1508a60-92e3-4041-bf33-b331ee87691a,10,2192,True,5721,5319,168.02551752012732
2193,c1508a60-92e3-4041-bf33-b331ee87691a,10,2193,True,5747,5345,167.13599136706944
2194,c1508a60-92e3-4041-bf33-b331ee87691a,10,2194,True,5788,5386,173.55343126825392
2195,c1508a60-92e3-4041-bf33-b331ee87691a,10,2195,True,5813,5411,147.98883752827896
2196,c1508a60-92e3-4041-bf33-b331ee87691a,10,2196,True,5838,5436,169.8554815876396
2197,c1508a60-92e3-4041-bf33-b331ee87691a,10,2197,True,5869,5467,141.53378701163274
2198,c1508a60-92e3-4041-bf33-b331ee87691a,10,2198,True,5901,5499,160.28413430407818
2199,c1508a60-92e3-4041-bf33-b331ee87691a,10,2199,True,5917,5515,147.77086274939757
2200,c1508a60-92e3-4041-bf33-b331ee87691a,10,2200,True,5942,5540,185.9471754968872
2201,c1508a60-92e3-4041-bf33-b331ee87691a,10,2201,True,5970,5568,157.77124185190678
2202,c1508a60-92e3-4041-bf33-b331ee87691a,10,2202,True,5992,5590,142.8229101841871
2203,c1508a60-92e3-4041-bf33-b331ee87691a,10,2203,True,6019,5617,153.55218990813046
2204,c1508a60-92e3-4041-bf33-b331ee87691a,10,2204,True,6050,5648,135.18326320266897
2205,c1508a60-92e3-4041-bf33-b331ee87691a,10,2205,True,6079,5677,175.03489074236495
2206,c1508a60-92e3-4041-bf33-b331ee87691a,10,2206,True,6110,5708,125.52712295539732
2207,c1508a60-92e3-4041-bf33-b331ee87691a,10,2207,True,6139,5737,159.03866938492683
2208,c1508a60-92e3-4041-bf33-b331ee87691a,10,2208,True,6162,5760,138.36465341252824
2209,c1508a60-92e3-4041-bf33-b331ee87691a,10,2209,True,6189,5787,138.1019403293194
2210,c1508a60-92e3-4041-bf33-b331ee87691a,10,2210,True,6207,5805,208.22658360570313
2211,c1508a60-92e3-4041-bf33-b331ee87691a,10,2211,True,6232,5830,158.83085341976584
2212,c1508a60-92e3-4041-bf33-b331ee87691a,10,2212,True,6260,5858,200.5489412003135
2213,c1508a60-92e3-4041-bf33-b331ee87691a,10,2213,True,6284,5882,157.28996528503558
2214,c1508a60-92e3-4041-bf33-b331ee87691a,10,2214,True,6307,5905,201.65394032914355
2215,c1508a60-92e3-4041-bf33-b331ee87691a,10,2215,True,6338,5936,132.9321261895475
2216,c1508a60-92e3-4041-bf33-b331ee87691a,10,2216,True,6364,5962,180.06246988506882
2217,c1508a60-92e3-4041-bf33-b331ee87691a,10,2217,True,6397,5995,154.94807575029972
2218,c1508a60-92e3-4041-bf33-b331ee87691a,10,2218,True,6415,6013,177.15223498534488
2219,c1508a60-92e3-4041-bf33-b331ee87691a,10,2219,True,6439,6037,162.72961797332573
2220,c1508a60-92e3-4041-bf33-b331ee87691a,10,2220,True,6473,6071,193.06173982232212
2221,c1508a60-92e3-4041-bf33-b331ee87691a,10,2221,True,6504,6102,167.2215806757249
2222,c1508a60-92e3-4041-bf33-b331ee87691a,10,2222,True,6529,6127,169.31969280815065
2223,c1508a60-92e3-4041-bf33-b331ee87691a,10,2223,True,6561,6159,152.4624881484151
2224,c1508a60-92e3-4041-bf33-b331ee87691a,10,2224,True,6594,6192,156.27996053754032
2225,c1508a60-92e3-4041-bf33-b331ee87691a,10,2225,True,6621,6219,154.24047975797112
2226,c1508a60-92e3-4041-bf33-b331ee87691a,10,2226,True,6644,6242,161.1174949862734
2227,c1508a60-92e3-4041-bf33-b331ee87691a,10,2227,True,6673,6271,153.01428112871235
2228,c1508a60-92e3-4041-bf33-b331ee87691a,10,2228,True,6695,6293,172.5121988435285
2229,c1508a60-92e3-4041-bf33-b331ee87691a,10,2229,True,6724,6322,158.13889379723696
2230,c1508a60-92e3-4041-bf33-b331ee87691a,10,2230,True,6751,6349,145.0594097580215
2231,c1508a60-92e3-4041-bf33-b331ee87691a,10,2231,True,6780,6378,153.21044553573665
2232,c1508a60-92e3-4041-bf33-b331ee87691a,10,2232,True,6809,6407,138.31860330163818
2233,c1508a60-92e3-4041-bf33-b331ee87691a,10,2233,True,6837,6435,154.5066772312266
2234,c1508a60-92e3-4041-bf33-b331ee87691a,10,2234,True,6860,6458,155.0484998487873
2235,c1508a60-92e3-4041-bf33-b331ee87691a,10,2235,True,6885,6483,165.3674457575553
2236,c1508a60-92e3-4041-bf33-b331ee87691a,10,2236,True,6913,6511,169.1627914184428
2237,c1508a60-92e3-4041-bf33-b331ee87691a,10,2237,True,6937,6535,156.1377593280704
2238,c1508a60-92e3-4041-bf33-b331ee87691a,10,2238,True,6972,6570,132.914806010137
2239,c1508a60-92e3-4041-bf33-b331ee87691a,10,2239,True,6992,6590,165.54409820900673
2240,c1508a60-92e3-4041-bf33-b331ee87691a,10,2240,True,7025,6623,162.15691760749814
2241,c1508a60-92e3-4041-bf33-b331ee87691a,10,2241,True,7045,6643,179.41061204376547
2242,c1508a60-92e3-4041-bf33-b331ee87691a,10,2242,True,7079,6677,186.451852344695
2243,c1508a60-92e3-4041-bf33-b331ee87691a,10,2243,True,7109,6707,168.91201920750336
2244,c1508a60-92e3-4041-bf33-b331ee87691a,10,2244,True,7137,6735,154.97405505834013
2245,c1508a60-92e3-4041-bf33-b331ee87691a,10,2245,True,7167,6765,245.98099899332374
2246,c1508a60-92e3-4041-bf33-b331ee87691a,10,2246,True,7194,6792,193.95311689904065
2247,c1508a60-92e3-4041-bf33-b331ee87691a,10,2247,True,7222,6820,187.1874470305729
2248,c1508a60-92e3-4041-bf33-b331ee87691a,10,2248,True,7253,6851,159.3139001193622
2249,c1508a60-92e3-4041-bf33-b331ee87691a,10,2249,True,7275,6873,192.81936110686638
2250,c1508a60-92e3-4041-bf33-b331ee87691a,10,2250,True,7303,6901,239.42217488073584
2251,c1508a60-92e3-4041-bf33-b331ee87691a,10,2251,True,7323,6921,219.63927559423155
2252,c1508a60-92e3-4041-bf33-b331ee87691a,10,2252,True,7353,6951,188.6442188727624
2253,c1508a60-92e3-4041-bf33-b331ee87691a,10,2253,True,7373,6971,218.13815406134108
2254,c1508a60-92e3-4041-bf33-b331ee87691a,10,2254,True,7397,6995,223.6952219185814
2255,c1508a60-92e3-4041-bf33-b331ee87691a,10,2255,True,7421,7019,170.13815406134108
2256,c1508a60-92e3-4041-bf33-b331ee87691a,10,2256,True,7460,7058,187.2063336532292
2257,c1508a60-92e3-4041-bf33-b331ee87691a,10,2257,True,7494,7092,178.62515677401188
2258,c1508a60-92e3-4041-bf33-b331ee87691a,10,2258,True,7514,7112,205.23629267783053
2259,c1508a60-92e3-4041-bf33-b331ee87691a,10,2259,True,7538,7136,187.8173017301442
2260,c1508a60-92e3-4041-bf33-b331ee87691a,10,2260,True,7562,7160,189.20683577693308
2261,c1508a60-92e3-4041-bf33-b331ee87691a,10,2261,True,7600,7198,202.85761586706667
2262,c1508a60-92e3-4041-bf33-b331ee87691a,10,2262,True,7631,7229,196.2925709138226
2263,c1508a60-92e3-4041-bf33-b331ee87691a,10,2263,True,7677,7275,147.23408329752147
2264,c1508a60-92e3-4041-bf33-b331ee87691a,10,2264,True,7710,7308,221.1435234646715
2265,c1508a60-92e3-4041-bf33-b331ee87691a,10,2265,True,7740,7338,165.94688499813947
2266,c1508a60-92e3-4041-bf33-b331ee87691a,10,2266,True,7776,7374,203.14442079419132
2267,c1508a60-92e3-4041-bf33-b331ee87691a,10,2267,True,7809,7407,170.14442079419132
2268,c1508a60-92e3-4041-bf33-b331ee87691a,10,2268,True,7836,7434,188.31276932933542
2269,c1508a60-92e3-4041-bf33-b331ee87691a,10,2269,True,7863,7461,169.74655535046895
2270,c1508a60-92e3-4041-bf33-b331ee87691a,10,2270,True,7900,7498,215.39206950573953
2271,c1508a60-92e3-4041-bf33-b331ee87691a,10,2271,True,7925,7523,189.95552411006702
2272,c1508a60-92e3-4041-bf33-b331ee87691a,10,2272,True,7950,7548,191.79038717780622
2273,c1508a60-92e3-4041-bf33-b331ee87691a,10,2273,True,7975,7573,191.98811666322945
2274,c1508a60-92e3-4041-bf33-b331ee87691a,10,2274,True,8005,7603,160.15878751556738
2275,c1508a60-92e3-4041-bf33-b331ee87691a,10,2275,True,8029,7627,185.03533811792022
2276,c1508a60-92e3-4041-bf33-b331ee87691a,10,2276,True,8050,7648,142.96891683014746
2277,c1508a60-92e3-4041-bf33-b331ee87691a,10,2277,True,8077,7675,161.29284544593065
2278,c1508a60-92e3-4041-bf33-b331ee87691a,10,2278,True,8095,7693,171.56065013339412
2279,c1508a60-92e3-4041-bf33-b331ee87691a,10,2279,True,8128,7726,161.45969053145927
2280,c1508a60-92e3-4041-bf33-b331ee87691a,10,2280,True,8154,7752,216.85914400265574
2281,c1508a60-92e3-4041-bf33-b331ee87691a,10,2281,True,8189,7787,151.70204476367053
2282,c1508a60-92e3-4041-bf33-b331ee87691a,10,2282,True,8217,7815,178.00347704188425
2283,c1508a60-92e3-4041-bf33-b331ee87691a,10,2283,True,8237,7835,159.8225943867974
2284,c1508a60-92e3-4041-bf33-b331ee87691a,10,2284,True,8270,7868,180.11843475576188
2285,c1508a60-92e3-4041-bf33-b331ee87691a,10,2285,True,8297,7895,163.47272069388873
2286,c1508a60-92e3-4041-bf33-b331ee87691a,10,2286,True,8325,7923,165.59163290642573
2287,c1508a60-92e3-4041-bf33-b331ee87691a,10,2287,True,8357,7955,208.25788236604149
2288,c1508a60-92e3-4041-bf33-b331ee87691a,10,2288,True,8379,7977,212.86996723341417
2289,c1508a60-92e3-4041-bf33-b331ee87691a,10,2289,True,8401,7999,191.345703563421
2290,c1508a60-92e3-4041-bf33-b331ee87691a,10,2290,True,8430,8028,159.9691789466251
2291,c1508a60-92e3-4041-bf33-b331ee87691a,10,2291,True,8459,8057,208.30523924949375
2292,c1508a60-92e3-4041-bf33-b331ee87691a,10,2292,True,8484,8082,183.1180223733645
2293,c1508a60-92e3-4041-bf33-b331ee87691a,10,2293,True,8513,8111,223.7521987253076
2294,c1508a60-92e3-4041-bf33-b331ee87691a,10,2294,True,8543,8141,146.39711285881458
2295,c1508a60-92e3-4041-bf33-b331ee87691a,10,2295,True,8575,8173,213.64273184160447
2296,c1508a60-92e3-4041-bf33-b331ee87691a,10,2296,True,8598,8196,172.62642145485916
2297,c1508a60-92e3-4041-bf33-b331ee87691a,10,2297,True,8619,8217,175.31267643526917
2298,c1508a60-92e3-4041-bf33-b331ee87691a,10,2298,True,8641,8239,150.68665493411208
2299,c1508a60-92e3-4041-bf33-b331ee87691a,10,2299,True,8674,8272,205.08331240001098
2300,c1508a60-92e3-4041-bf33-b331ee87691a,10,2300,True,8704,8302,210.79936884288327
2301,c1508a60-92e3-4041-bf33-b331ee87691a,10,2301,True,8735,8333,159.5220637169441
2302,c1508a60-92e3-4041-bf33-b331ee87691a,10,2302,True,8769,8367,168.76717008022388
2303,c1508a60-92e3-4041-bf33-b331ee87691a,10,2303,True,8799,8397,172.29489574619038
2304,c1508a60-92e3-4041-bf33-b331ee87691a,10,2304,True,8840,8438,162.61889133928526
2305,c1508a60-92e3-4041-bf33-b331ee87691a,10,2305,True,8869,8467,131.570368409426
2306,c1508a60-92e3-4041-bf33-b331ee87691a,10,2306,True,8900,8498,173.75753115122825
2307,c1508a60-92e3-4041-bf33-b331ee87691a,10,2307,True,8923,8521,152.53995946545547
2308,c1508a60-92e3-4041-bf33-b331ee87691a,10,2308,True,8960,8558,164.50495900938222
2309,c1508a60-92e3-4041-bf33-b331ee87691a,10,2309,True,8981,8579,157.35442299747228
2310,c1508a60-92e3-4041-bf33-b331ee87691a,10,2310,True,9009,8607,251.0940744954296
2311,c1508a60-92e3-4041-bf33-b331ee87691a,10,2311,True,9030,8628,237.91724839510425
2312,c1508a60-92e3-4041-bf33-b331ee87691a,10,2312,True,9053,8651,188.94721558864876
2313,c1508a60-92e3-4041-bf33-b331ee87691a,10,2313,True,9084,8682,246.47403297810888
2314,c1508a60-92e3-4041-bf33-b331ee87691a,10,2314,True,9116,8714,186.06703985523927
2315,c1508a60-92e3-4041-bf33-b331ee87691a,10,2315,True,9143,8741,221.2568643554514
2316,c1508a60-92e3-4041-bf33-b331ee87691a,10,2316,True,9167,8765,197.2568643554514
2317,c1508a60-92e3-4041-bf33-b331ee87691a,10,2317,True,9196,8794,191.05192513087786
2318,c1508a60-92e3-4041-bf33-b331ee87691a,10,2318,True,9233,8831,205.75853320022543
2319,c1508a60-92e3-4041-bf33-b331ee87691a,10,2319,True,9269,8867,227.39527889711098
2320,c1508a60-92e3-4041-bf33-b331ee87691a,10,2320,True,9299,8897,192.16790531943116
2321,c1508a60-92e3-4041-bf33-b331ee87691a,10,2321,True,9326,8924,196.45845393901072
2322,c1508a60-92e3-4041-bf33-b331ee87691a,10,2322,True,9357,8955,159.0133509305506
2323,c1508a60-92e3-4041-bf33-b331ee87691a,10,2323,True,9379,8977,200.97882694189684
2324,c1508a60-92e3-4041-bf33-b331ee87691a,10,2324,True,9398,8996,149.35581715749868
2325,c1508a60-92e3-4041-bf33-b331ee87691a,10,2325,True,9418,9016,163.4642531287791
2326,c1508a60-92e3-4041-bf33-b331ee87691a,10,2326,True,9451,9049,240.06791353404878
2327,c1508a60-92e3-4041-bf33-b331ee87691a,10,2327,True,9472,9070,217.90262907884244
2328,c1508a60-92e3-4041-bf33-b331ee87691a,10,2328,True,9494,9092,156.6780982125474
2329,c1508a60-92e3-4041-bf33-b331ee87691a,10,2329,True,9527,9125,215.2934882373247
2330,c1508a60-92e3-4041-bf33-b331ee87691a,10,2330,True,9557,9155,155.22406455075543
2331,c1508a60-92e3-4041-bf33-b331ee87691a,10,2331,True,9588,9186,202.33438892750382
2332,c1508a60-92e3-4041-bf33-b331ee87691a,10,2332,True,9618,9216,174.69821745004083
2333,c1508a60-92e3-4041-bf33-b331ee87691a,10,2333,True,9653,9251,190.35304049362094
2334,c1508a60-92e3-4041-bf33-b331ee87691a,10,2334,True,9675,9273,169.57966869233314
2335,c1508a60-92e3-4041-bf33-b331ee87691a,10,2335,True,9698,9296,171.81554520278223
2336,c1508a60-92e3-4041-bf33-b331ee87691a,10,2336,True,9718,9316,149.02789287910127
2337,c1508a60-92e3-4041-bf33-b331ee87691a,10,2337,True,9754,9352,167.92181709597025
2338,c1508a60-92e3-4041-bf33-b331ee87691a,10,2338,True,9784,9382,216.58018453738987
2339,c1508a60-92e3-4041-bf33-b331ee87691a,10,2339,True,9811,9409,160.94223362817866
2340,c1508a60-92e3-4041-bf33-b331ee87691a,10,2340,True,9849,9447,175.3213473143951
2341,c1508a60-92e3-4041-bf33-b331ee87691a,10,2341,True,9884,9482,168.3478660926903
2342,c1508a60-92e3-4041-bf33-b331ee87691a,10,2342,True,9908,9506,175.15851319302965
2343,c1508a60-92e3-4041-bf33-b331ee87691a,10,2343,True,9932,9530,135.28835360387893
2344,c1508a60-92e3-4041-bf33-b331ee87691a,10,2344,True,9962,9560,151.14761186458782
2345,c1508a60-92e3-4041-bf33-b331ee87691a,10,2345,True,9986,9584,154.87203751265406
2346,c1508a60-92e3-4041-bf33-b331ee87691a,10,2346,True,10016,9614,166.3120061400623
2347,c1508a60-92e3-4041-bf33-b331ee87691a,10,2347,True,10049,9647,131.1613431422902
2348,c1508a60-92e3-4041-bf33-b331ee87691a,10,2348,True,10079,9677,141.34978629266516
2349,c1508a60-92e3-4041-bf33-b331ee87691a,10,2349,True,10108,9706,167.34267240866575
2350,c1508a60-92e3-4041-bf33-b331ee87691a,10,2350,True,10132,9730,170.61696404878785
2351,c1508a60-92e3-4041-bf33-b331ee87691a,10,2351,True,10156,9754,173.30930739046926
2352,c1508a60-92e3-4041-bf33-b331ee87691a,10,2352,True,10184,9782,193.8856077779019
2353,c1508a60-92e3-4041-bf33-b331ee87691a,10,2353,True,10226,9824,177.9018557365198
2354,c1508a60-92e3-4041-bf33-b331ee87691a,10,2354,True,10250,9848,153.13553736204994
2355,c1508a60-92e3-4041-bf33-b331ee87691a,10,2355,True,10274,9872,130.46805271752055
2356,c1508a60-92e3-4041-bf33-b331ee87691a,10,2356,True,10300,9898,132.80668586974753
2357,c1508a60-92e3-4041-bf33-b331ee87691a,10,2357,True,10330,9928,147.5053725236121
2358,c1508a60-92e3-4041-bf33-b331ee87691a,10,2358,True,10363,9961,119.49153099085197
2359,c1508a60-92e3-4041-bf33-b331ee87691a,10,2359,True,10381,9979,154.5138110752996
2360,c1508a60-92e3-4041-bf33-b331ee87691a,10,2360,True,10401,9999,167.41701601871318
2361,c1508a60-92e3-4041-bf33-b331ee87691a,10,2361,True,10438,10036,139.86326458786243
2362,c1508a60-92e3-4041-bf33-b331ee87691a,10,2362,True,10472,10070,123.3163510991908
2363,c1508a60-92e3-4041-bf33-b331ee87691a,10,2363,True,10503,10101,118.6817781635109
2364,c1508a60-92e3-4041-bf33-b331ee87691a,10,2364,True,10525,10123,142.71797572109972
2365,c1508a60-92e3-4041-bf33-b331ee87691a,10,2365,True,10555,10153,138.45902272670355
2366,c1508a60-92e3-4041-bf33-b331ee87691a,10,2366,True,10581,10179,152.13828275102242
2367,c1508a60-92e3-4041-bf33-b331ee87691a,10,2367,True,10614,10212,146.52483511369792
2368,c1508a60-92e3-4041-bf33-b331ee87691a,10,2368,True,10647,10245,191.72295941222183
2369,c1508a60-92e3-4041-bf33-b331ee87691a,10,2369,True,10682,10280,138.95923315703294
2370,c1508a60-92e3-4041-bf33-b331ee87691a,10,2370,True,10711,10309,163.7018658052384
2371,c1508a60-92e3-4041-bf33-b331ee87691a,10,2371,True,10737,10335,133.40352169091238
2372,c1508a60-92e3-4041-bf33-b331ee87691a,10,2372,True,10756,10354,160.29586655386993
2373,c1508a60-92e3-4041-bf33-b331ee87691a,10,2373,True,10791,10389,150.1057133641516
2374,c1508a60-92e3-4041-bf33-b331ee87691a,10,2374,True,10814,10412,185.73160741809443
2375,c1508a60-92e3-4041-bf33-b331ee87691a,10,2375,True,10839,10437,140.7812791017077
2376,c1508a60-92e3-4041-bf33-b331ee87691a,10,2376,True,10865,10463,154.1029500627501
2377,c1508a60-92e3-4041-bf33-b331ee87691a,10,2377,True,10886,10484,165.86142524918068
2378,c1508a60-92e3-4041-bf33-b331ee87691a,10,2378,True,10913,10511,155.90821010777108
2379,c1508a60-92e3-4041-bf33-b331ee87691a,10,2379,True,10944,10542,157.7352616600001
2380,c1508a60-92e3-4041-bf33-b331ee87691a,10,2380,True,10976,10574,177.93481191285355
2381,c1508a60-92e3-4041-bf33-b331ee87691a,10,2381,True,11009,10607,151.1097431291255
2382,c1508a60-92e3-4041-bf33-b331ee87691a,10,2382,True,11032,10630,176.22537340842428
2383,c1508a60-92e3-4041-bf33-b331ee87691a,10,2383,True,11062,10660,161.34663084287422
2384,c1508a60-92e3-4041-bf33-b331ee87691a,10,2384,True,11088,10686,169.331749126648
2385,c1508a60-92e3-4041-bf33-b331ee87691a,10,2385,True,11123,10721,169.26818929384717
2386,c1508a60-92e3-4041-bf33-b331ee87691a,10,2386,True,11150,10748,208.92779069926655
2387,c1508a60-92e3-4041-bf33-b331ee87691a,10,2387,True,11173,10771,204.21616843621268
2388,c1508a60-92e3-4041-bf33-b331ee87691a,10,2388,True,11200,10798,212.61348514295423
2389,c1508a60-92e3-4041-bf33-b331ee87691a,10,2389,True,11229,10827,222.82585089444
2390,c1508a60-92e3-4041-bf33-b331ee87691a,10,2390,True,11262,10860,164.85492742535826
2391,c1508a60-92e3-4041-bf33-b331ee87691a,10,2391,True,11293,10891,231.83801478023088
2392,c1508a60-92e3-4041-bf33-b331ee87691a,10,2392,True,11321,10919,151.35673645206225
2393,c1508a60-92e3-4041-bf33-b331ee87691a,10,2393,True,11348,10946,175.16602386421982
2394,c1508a60-92e3-4041-bf33-b331ee87691a,10,2394,True,11385,10983,173.09955775004346
2395,c1508a60-92e3-4041-bf33-b331ee87691a,10,2395,True,11425,11023,146.23702689034326
2396,c1508a60-92e3-4041-bf33-b331ee87691a,10,2396,True,11455,11053,163.2775130629634
2397,c1508a60-92e3-4041-bf33-b331ee87691a,10,2397,True,11476,11074,142.2775130629634
2398,c1508a60-92e3-4041-bf33-b331ee87691a,10,2398,True,11496,11094,172.3381177521951
2399,c1508a60-92e3-4041-bf33-b331ee87691a,10,2399,True,11523,11121,147.6771344130848
2400,c1508a60-92e3-4041-bf33-b331ee87691a,10,2400,True,11546,11144,165.0368054189894
2401,c1508a60-92e3-4041-bf33-b331ee87691a,10,2401,True,11572,11170,126.1356523491213
2402,c1508a60-92e3-4041-bf33-b331ee87691a,10,2402,True,11603,11201,120.51755654273984
2403,c1508a60-92e3-4041-bf33-b331ee87691a,10,2403,True,11631,11229,158.94651180943947
2404,c1508a60-92e3-4041-bf33-b331ee87691a,10,2404,True,11655,11253,142.04860343910332
2405,c1508a60-92e3-4041-bf33-b331ee87691a,10,2405,True,11677,11275,154.48095580756853
2406,c1508a60-92e3-4041-bf33-b331ee87691a,10,2406,True,11700,11298,133.52758575537518
2407,c1508a60-92e3-4041-bf33-b331ee87691a,10,2407,True,11732,11330,193.64107106285155
2408,c1508a60-92e3-4041-bf33-b331ee87691a,10,2408,True,11751,11349,153.53704702993855
2409,c1508a60-92e3-4041-bf33-b331ee87691a,10,2409,True,11777,11375,196.8723799284744
2410,c1508a60-92e3-4041-bf33-b331ee87691a,10,2410,True,11808,11406,165.8723799284744
2411,c1508a60-92e3-4041-bf33-b331ee87691a,10,2411,True,11831,11429,187.3368552233569
2412,c1508a60-92e3-4041-bf33-b331ee87691a,10,2412,True,11857,11455,124.84171624753799
2413,c1508a60-92e3-4041-bf33-b331ee87691a,10,2413,True,11899,11497,175.82980361810405
2414,c1508a60-92e3-4041-bf33-b331ee87691a,10,2414,True,11924,11522,118.78852498538254
2415,c1508a60-92e3-4041-bf33-b331ee87691a,10,2415,True,11955,11553,133.97234560798097
2416,c1508a60-92e3-4041-bf33-b331ee87691a,10,2416,True,11976,11574,126.39322783701937
2417,c1508a60-92e3-4041-bf33-b331ee87691a,10,2417,True,12009,11607,144.0382811620202
2418,c1508a60-92e3-4041-bf33-b331ee87691a,10,2418,True,12034,11632,120.74201981283841
2419,c1508a60-92e3-4041-bf33-b331ee87691a,10,2419,True,12066,11664,137.48693612310126
2420,c1508a60-92e3-4041-bf33-b331ee87691a,10,2420,True,12092,11690,145.01299506267787
2421,c1508a60-92e3-4041-bf33-b331ee87691a,10,2421,True,12118,11716,136.6614837388297
2422,c1508a60-92e3-4041-bf33-b331ee87691a,10,2422,True,12145,11743,133.54705604608898
2423,c1508a60-92e3-4041-bf33-b331ee87691a,10,2423,True,12181,11779,169.61332002412746
2424,c1508a60-92e3-4041-bf33-b331ee87691a,10,2424,True,12219,11817,146.3351154366119
2425,c1508a60-92e3-4041-bf33-b331ee87691a,10,2425,True,12252,11850,121.57221972400112
2426,c1508a60-92e3-4041-bf33-b331ee87691a,10,2426,True,12268,11866,173.8363110998871
2427,c1508a60-92e3-4041-bf33-b331ee87691a,10,2427,True,12296,11894,164.8847478736261
2428,c1508a60-92e3-4041-bf33-b331ee87691a,10,2428,True,12326,11924,156.9128228404843
2429,c1508a60-92e3-4041-bf33-b331ee87691a,10,2429,True,12367,11965,158.52472220403615
2430,c1508a60-92e3-4041-bf33-b331ee87691a,10,2430,True,12388,11986,150.02243287156125
2431,c1508a60-92e3-4041-bf33-b331ee87691a,10,2431,True,12418,12016,172.374353304147
2432,c1508a60-92e3-4041-bf33-b331ee87691a,10,2432,True,12445,12043,166.98261622302743
2433,c1508a60-92e3-4041-bf33-b331ee87691a,10,2433,True,12463,12061,175.71319410769138
2434,c1508a60-92e3-4041-bf33-b331ee87691a,10,2434,True,12491,12089,170.07431314530186
2435,c1508a60-92e3-4041-bf33-b331ee87691a,10,2435,True,12518,12116,145.92065597770306
2436,c1508a60-92e3-4041-bf33-b331ee87691a,10,2436,True,12548,12146,166.79538050682277
2437,c1508a60-92e3-4041-bf33-b331ee87691a,10,2437,True,12583,12181,133.07677276558388
2438,c1508a60-92e3-4041-bf33-b331ee87691a,10,2438,True,12611,12209,151.8968870345634
2439,c1508a60-92e3-4041-bf33-b331ee87691a,10,2439,True,12641,12239,144.89586194838193
2440,c1508a60-92e3-4041-bf33-b331ee87691a,10,2440,True,12668,12266,147.72784903817956
2441,c1508a60-92e3-4041-bf33-b331ee87691a,10,2441,True,12689,12287,216.6586490851114
2442,c1508a60-92e3-4041-bf33-b331ee87691a,10,2442,True,12717,12315,150.88329043966587
2443,c1508a60-92e3-4041-bf33-b331ee87691a,10,2443,True,12743,12341,275.6695566127255
2444,c1508a60-92e3-4041-bf33-b331ee87691a,10,2444,True,12777,12375,317.85557814688764
2445,c1508a60-92e3-4041-bf33-b331ee87691a,10,2445,True,12796,12394,298.6930843000082
2446,c1508a60-92e3-4041-bf33-b331ee87691a,10,2446,True,12831,12429,263.6930843000082
2447,c1508a60-92e3-4041-bf33-b331ee87691a,10,2447,True,12862,12460,333.83043072557666
2448,c1508a60-92e3-4041-bf33-b331ee87691a,10,2448,True,12892,12490,303.83043072557666
2449,c1508a60-92e3-4041-bf33-b331ee87691a,10,2449,True,12925,12523,317.0674964795908
2450,c1508a60-92e3-4041-bf33-b331ee87691a,10,2450,True,12955,12553,273.43605891966945
2451,c1508a60-92e3-4041-bf33-b331ee87691a,10,2451,True,12976,12574,231.31252782635602
2452,c1508a60-92e3-4041-bf33-b331ee87691a,10,2452,True,13005,12603,250.6436156341024
2453,c1508a60-92e3-4041-bf33-b331ee87691a,10,2453,True,13032,12630,280.4693390124212
2454,c1508a60-92e3-4041-bf33-b331ee87691a,10,2454,True,13063,12661,237.0491530840336
2455,c1508a60-92e3-4041-bf33-b331ee87691a,10,2455,True,13083,12681,248.52908505353844
2456,c1508a60-92e3-4041-bf33-b331ee87691a,10,2456,True,13111,12709,189.0491530840336
2457,c1508a60-92e3-4041-bf33-b331ee87691a,10,2457,True,13145,12743,237.95616903728478
2458,c1508a60-92e3-4041-bf33-b331ee87691a,10,2458,True,13172,12770,211.31160541372628
2459,c1508a60-92e3-4041-bf33-b331ee87691a,10,2459,True,13198,12796,230.8530338231376
2460,c1508a60-92e3-4041-bf33-b331ee87691a,10,2460,True,13226,12824,221.49958880224585
2461,c1508a60-92e3-4041-bf33-b331ee87691a,10,2461,True,13249,12847,250.71825148577227
2462,c1508a60-92e3-4041-bf33-b331ee87691a,10,2462,True,13276,12874,242.92094033312242
2463,c1508a60-92e3-4041-bf33-b331ee87691a,10,2463,True,13296,12894,222.92094033312242
2464,c1508a60-92e3-4041-bf33-b331ee87691a,10,2464,True,13335,12933,183.92094033312242
2465,c1508a60-92e3-4041-bf33-b331ee87691a,10,2465,True,13357,12955,190.84864833771462
2466,c1508a60-92e3-4041-bf33-b331ee87691a,10,2466,True,13382,12980,202.7005201206448
2467,c1508a60-92e3-4041-bf33-b331ee87691a,10,2467,True,13407,13005,192.55969283073682
2468,c1508a60-92e3-4041-bf33-b331ee87691a,10,2468,True,13436,13034,198.75180610496318
2469,c1508a60-92e3-4041-bf33-b331ee87691a,10,2469,True,13463,13061,170.0748817771164
2470,c1508a60-92e3-4041-bf33-b331ee87691a,10,2470,True,13489,13087,190.49995967081122
2471,c1508a60-92e3-4041-bf33-b331ee87691a,10,2471,True,13512,13110,144.9399962118805
2472,c1508a60-92e3-4041-bf33-b331ee87691a,10,2472,True,13544,13142,143.54147015041235
2473,c1508a60-92e3-4041-bf33-b331ee87691a,10,2473,True,13575,13173,153.65700352299427
2474,c1508a60-92e3-4041-bf33-b331ee87691a,10,2474,True,13601,13199,134.52087296958234
2475,c1508a60-92e3-4041-bf33-b331ee87691a,10,2475,True,13626,13224,150.3025469895565
2476,c1508a60-92e3-4041-bf33-b331ee87691a,10,2476,True,13649,13247,152.17870647152995
2477,c1508a60-92e3-4041-bf33-b331ee87691a,10,2477,True,13672,13270,131.7821983851427
2478,c1508a60-92e3-4041-bf33-b331ee87691a,10,2478,True,13697,13295,163.47320782809038
2479,c1508a60-92e3-4041-bf33-b331ee87691a,10,2479,True,13722,13320,148.47759413578024
2480,c1508a60-92e3-4041-bf33-b331ee87691a,10,2480,True,13743,13341,168.3008866280761
2481,c1508a60-92e3-4041-bf33-b331ee87691a,10,2481,True,13771,13369,156.01749503767132
2482,c1508a60-92e3-4041-bf33-b331ee87691a,10,2482,True,13808,13406,153.6914730826793
2483,c1508a60-92e3-4041-bf33-b331ee87691a,10,2483,True,13832,13430,143.68727987694183
2484,c1508a60-92e3-4041-bf33-b331ee87691a,10,2484,True,13856,13454,131.13443602635743
2485,c1508a60-92e3-4041-bf33-b331ee87691a,10,2485,True,13872,13470,131.60566766494048
2486,c1508a60-92e3-4041-bf33-b331ee87691a,10,2486,True,13900,13498,156.45210634632713
2487,c1508a60-92e3-4041-bf33-b331ee87691a,10,2487,True,13921,13519,135.19698951085047
2488,c1508a60-92e3-4041-bf33-b331ee87691a,10,2488,True,13947,13545,163.9698614311128
2489,c1508a60-92e3-4041-bf33-b331ee87691a,10,2489,True,13975,13573,134.7110321051532
2490,c1508a60-92e3-4041-bf33-b331ee87691a,10,2490,True,14001,13599,170.5104321484141
2491,c1508a60-92e3-4041-bf33-b331ee87691a,10,2491,True,14031,13629,148.67487417307893
2492,c1508a60-92e3-4041-bf33-b331ee87691a,10,2492,True,14058,13656,186.73673569283346
2493,c1508a60-92e3-4041-bf33-b331ee87691a,10,2493,True,14091,13689,159.1106483165022
2494,c1508a60-92e3-4041-bf33-b331ee87691a,10,2494,True,14119,13717,153.21199700570105
2495,c1508a60-92e3-4041-bf33-b331ee87691a,10,2495,True,14148,13746,156.0673969117197
2496,c1508a60-92e3-4041-bf33-b331ee87691a,10,2496,True,14164,13762,210.6537708937267
2497,c1508a60-92e3-4041-bf33-b331ee87691a,10,2497,True,14186,13784,188.6537708937267
2498,c1508a60-92e3-4041-bf33-b331ee87691a,10,2498,True,14218,13816,240.14170536694473
2499,c1508a60-92e3-4041-bf33-b331ee87691a,10,2499,True,14239,13837,219.58286225560732
2500,c1508a60-92e3-4041-bf33-b331ee87691a,10,2500,True,14260,13858,198.58286225560732
2501,c1508a60-92e3-4041-bf33-b331ee87691a,10,2501,True,14284,13882,225.16142168924125
2502,c1508a60-92e3-4041-bf33-b331ee87691a,10,2502,True,14308,13906,207.026923733456
2503,c1508a60-92e3-4041-bf33-b331ee87691a,10,2503,True,14325,13923,257.6224194354909
2504,c1508a60-92e3-4041-bf33-b331ee87691a,10,2504,True,14353,13951,225.74592996822685
2505,c1508a60-92e3-4041-bf33-b331ee87691a,10,2505,True,14382,13980,224.81602623015897
2506,c1508a60-92e3-4041-bf33-b331ee87691a,10,2506,True,14404,14002,178.62241943549088
2507,c1508a60-92e3-4041-bf33-b331ee87691a,10,2507,True,14433,14031,221.32448460132946
2508,c1508a60-92e3-4041-bf33-b331ee87691a,10,2508,True,14466,14064,174.77099844767326
2509,c1508a60-92e3-4041-bf33-b331ee87691a,10,2509,True,14487,14085,217.85756207183113
2510,c1508a60-92e3-4041-bf33-b331ee87691a,10,2510,True,14518,14116,187.42345253833264
2511,c1508a60-92e3-4041-bf33-b331ee87691a,10,2511,True,14549,14147,205.15416925627142
2512,c1508a60-92e3-4041-bf33-b331ee87691a,10,2512,True,14572,14170,159.3476570122275
2513,c1508a60-92e3-4041-bf33-b331ee87691a,10,2513,True,14603,14201,175.1438860393282
2514,c1508a60-92e3-4041-bf33-b331ee87691a,10,2514,True,14640,14238,173.25985431196023
2515,c1508a60-92e3-4041-bf33-b331ee87691a,10,2515,True,14664,14262,165.45991298836634
2516,c1508a60-92e3-4041-bf33-b331ee87691a,10,2516,True,14690,14288,175.8795816277343
2517,c1508a60-92e3-4041-bf33-b331ee87691a,10,2517,True,14718,14316,160.31315444934808
2518,c1508a60-92e3-4041-bf33-b331ee87691a,10,2518,True,14744,14342,172.00558758427724
2519,c1508a60-92e3-4041-bf33-b331ee87691a,10,2519,True,14776,14374,164.49088968927208
2520,c1508a60-92e3-4041-bf33-b331ee87691a,10,2520,True,14797,14395,171.72291629325628
2521,c1508a60-92e3-4041-bf33-b331ee87691a,10,2521,True,14823,14421,183.91594596328832
2522,c1508a60-92e3-4041-bf33-b331ee87691a,10,2522,True,14856,14454,149.90527143480904
2523,c1508a60-92e3-4041-bf33-b331ee87691a,10,2523,True,14878,14476,152.57977708714134
2524,c1508a60-92e3-4041-bf33-b331ee87691a,10,2524,True,14898,14496,162.60022047171333
2525,c1508a60-92e3-4041-bf33-b331ee87691a,10,2525,True,14930,14528,129.07403456943757
2526,c1508a60-92e3-4041-bf33-b331ee87691a,10,2526,True,14959,14557,238.26665579580367
2527,c1508a60-92e3-4041-bf33-b331ee87691a,10,2527,True,14988,14586,188.25627954939773
2528,c1508a60-92e3-4041-bf33-b331ee87691a,10,2528,True,15014,14612,223.98400721767575
2529,c1508a60-92e3-4041-bf33-b331ee87691a,10,2529,True,15044,14642,192.47697008930663
2530,c1508a60-92e3-4041-bf33-b331ee87691a,10,2530,True,15081,14679,204.95390787834185
2531,c1508a60-92e3-4041-bf33-b331ee87691a,10,2531,True,15109,14707,214.38345358714105
2532,c1508a60-92e3-4041-bf33-b331ee87691a,10,2532,True,15141,14739,236.03514132371856
2533,c1508a60-92e3-4041-bf33-b331ee87691a,10,2533,True,15163,14761,187.77302903604323
2534,c1508a60-92e3-4041-bf33-b331ee87691a,10,2534,True,15194,14792,232.83982989837932
2535,c1508a60-92e3-4041-bf33-b331ee87691a,10,2535,True,15221,14819,216.2638233073103
2536,c1508a60-92e3-4041-bf33-b331ee87691a,10,2536,True,15246,14844,180.83982989837932
2537,c1508a60-92e3-4041-bf33-b331ee87691a,10,2537,True,15272,14870,212.96606942863946
2538,c1508a60-92e3-4041-bf33-b331ee87691a,10,2538,True,15302,14900,176.7832278146634
2539,c1508a60-92e3-4041-bf33-b331ee87691a,10,2539,True,15336,14934,200.8459359133085
2540,c1508a60-92e3-4041-bf33-b331ee87691a,10,2540,True,15370,14968,163.80519981965517
2541,c1508a60-92e3-4041-bf33-b331ee87691a,10,2541,True,15395,14993,172.755896060964
2542,c1508a60-92e3-4041-bf33-b331ee87691a,10,2542,True,15420,15018,162.13731269109485
2543,c1508a60-92e3-4041-bf33-b331ee87691a,10,2543,True,15438,15036,177.70892549940072
2544,c1508a60-92e3-4041-bf33-b331ee87691a,10,2544,True,15467,15065,167.81534963480954
2545,c1508a60-92e3-4041-bf33-b331ee87691a,10,2545,True,15491,15089,152.20031674979327
2546,c1508a60-92e3-4041-bf33-b331ee87691a,10,2546,True,15525,15123,129.15786455358284
2547,c1508a60-92e3-4041-bf33-b331ee87691a,10,2547,True,15558,15156,146.8980575994974
2548,c1508a60-92e3-4041-bf33-b331ee87691a,10,2548,True,15590,15188,156.81178207600897
2549,c1508a60-92e3-4041-bf33-b331ee87691a,10,2549,True,15613,15211,180.70525252706466
2550,c1508a60-92e3-4041-bf33-b331ee87691a,10,2550,True,15648,15246,140.4839261867055
2551,c1508a60-92e3-4041-bf33-b331ee87691a,10,2551,True,15669,15267,161.8329847644709
2552,c1508a60-92e3-4041-bf33-b331ee87691a,10,2552,True,15709,15307,135.3811472071211
2553,c1508a60-92e3-4041-bf33-b331ee87691a,10,2553,True,15734,15332,142.1369901503349
2554,c1508a60-92e3-4041-bf33-b331ee87691a,10,2554,True,15765,15363,137.1828519991741
2555,c1508a60-92e3-4041-bf33-b331ee87691a,10,2555,True,15798,15396,142.8300070923906
2556,c1508a60-92e3-4041-bf33-b331ee87691a,10,2556,True,15825,15423,128.32708472890954
2557,c1508a60-92e3-4041-bf33-b331ee87691a,10,2557,True,15851,15449,153.5604166000885
2558,c1508a60-92e3-4041-bf33-b331ee87691a,10,2558,True,15877,15475,133.56504107098772
2559,c1508a60-92e3-4041-bf33-b331ee87691a,10,2559,True,15905,15503,132.50864581553833
2560,c1508a60-92e3-4041-bf33-b331ee87691a,10,2560,True,15931,15529,115.23787902378172
2561,c1508a60-92e3-4041-bf33-b331ee87691a,10,2561,True,15961,15559,122.33158871427804
2562,c1508a60-92e3-4041-bf33-b331ee87691a,10,2562,True,15992,15590,106.95478862854361
2563,c1508a60-92e3-4041-bf33-b331ee87691a,10,2563,True,16022,15620,124.6834026188335
2564,c1508a60-92e3-4041-bf33-b331ee87691a,10,2564,True,16052,15650,140.2096600377954
2565,c1508a60-92e3-4041-bf33-b331ee87691a,10,2565,True,16080,15678,152.09809865719762
2566,c1508a60-92e3-4041-bf33-b331ee87691a,10,2566,True,16099,15697,145.87999587363447
2567,c1508a60-92e3-4041-bf33-b331ee87691a,10,2567,True,16139,15737,192.90219270037778
2568,c1508a60-92e3-4041-bf33-b331ee87691a,10,2568,True,16166,15764,167.69040488599967
2569,c1508a60-92e3-4041-bf33-b331ee87691a,10,2569,True,16194,15792,141.86765713356363
2570,c1508a60-92e3-4041-bf33-b331ee87691a,10,2570,True,16217,15815,157.53952124626812
2571,c1508a60-92e3-4041-bf33-b331ee87691a,10,2571,True,16239,15837,192.69307396620388
2572,c1508a60-92e3-4041-bf33-b331ee87691a,10,2572,True,16266,15864,152.9088408208263
2573,c1508a60-92e3-4041-bf33-b331ee87691a,10,2573,True,16290,15888,176.083998331349
2574,c1508a60-92e3-4041-bf33-b331ee87691a,10,2574,True,16320,15918,171.99031687476054
2575,c1508a60-92e3-4041-bf33-b331ee87691a,10,2575,True,16346,15944,169.02031703924695
2576,c1508a60-92e3-4041-bf33-b331ee87691a,10,2576,True,16375,15973,142.18381365056848
2577,c1508a60-92e3-4041-bf33-b331ee87691a,10,2577,True,16403,16001,166.20332108169168
2578,c1508a60-92e3-4041-bf33-b331ee87691a,10,2578,True,16442,16040,150.8341173326644
2579,c1508a60-92e3-4041-bf33-b331ee87691a,10,2579,True,16460,16058,186.07199648564347
2580,c1508a60-92e3-4041-bf33-b331ee87691a,10,2580,True,16483,16081,162.12983915497898
2581,c1508a60-92e3-4041-bf33-b331ee87691a,10,2581,True,16510,16108,181.7348163370316
2582,c1508a60-92e3-4041-bf33-b331ee87691a,10,2582,True,16535,16133,163.6988981304512
2583,c1508a60-92e3-4041-bf33-b331ee87691a,10,2583,True,16563,16161,157.25065612032085
2584,c1508a60-92e3-4041-bf33-b331ee87691a,10,2584,True,16593,16191,131.15995319731883
2585,c1508a60-92e3-4041-bf33-b331ee87691a,10,2585,True,16616,16214,170.29126884367724
2586,c1508a60-92e3-4041-bf33-b331ee87691a,10,2586,True,16645,16243,148.18247617215457
2587,c1508a60-92e3-4041-bf33-b331ee87691a,10,2587,True,16672,16270,160.7375773913227
2588,c1508a60-92e3-4041-bf33-b331ee87691a,10,2588,True,16701,16299,145.66082614995685
2589,c1508a60-92e3-4041-bf33-b331ee87691a,10,2589,True,16725,16323,131.28839438733485
2590,c1508a60-92e3-4041-bf33-b331ee87691a,10,2590,True,16744,16342,139.1098597400087
2591,c1508a60-92e3-4041-bf33-b331ee87691a,10,2591,True,16776,16374,216.2222408598427
2592,c1508a60-92e3-4041-bf33-b331ee87691a,10,2592,True,16804,16402,167.3851517004514
2593,c1508a60-92e3-4041-bf33-b331ee87691a,10,2593,True,16831,16429,168.5563534607718
2594,c1508a60-92e3-4041-bf33-b331ee87691a,10,2594,True,16854,16452,162.37844653585853
2595,c1508a60-92e3-4041-bf33-b331ee87691a,10,2595,True,16879,16477,218.21679047983707
2596,c1508a60-92e3-4041-bf33-b331ee87691a,10,2596,True,16907,16505,167.83865921280812
2597,c1508a60-92e3-4041-bf33-b331ee87691a,10,2597,True,16923,16521,176.42185782815068
2598,c1508a60-92e3-4041-bf33-b331ee87691a,10,2598,True,16957,16555,205.041065661233
2599,c1508a60-92e3-4041-bf33-b331ee87691a,10,2599,True,16980,16578,170.00388130307329
2600,c1508a60-92e3-4041-bf33-b331ee87691a,10,2600,True,17006,16604,211.23093441804303
2601,c1508a60-92e3-4041-bf33-b331ee87691a,10,2601,True,17038,16636,169.48377808372607
2602,c1508a60-92e3-4041-bf33-b331ee87691a,10,2602,True,17055,16653,162.23093441804303
2603,c1508a60-92e3-4041-bf33-b331ee87691a,10,2603,True,17082,16680,187.2120634187122
2604,c1508a60-92e3-4041-bf33-b331ee87691a,10,2604,True,17121,16719,146.96029661177818
2605,c1508a60-92e3-4041-bf33-b331ee87691a,10,2605,True,17145,16743,124.2120634187122
2606,c1508a60-92e3-4041-bf33-b331ee87691a,10,2606,True,17180,16778,136.9733456159156
2607,c1508a60-92e3-4041-bf33-b331ee87691a,10,2607,True,17212,16810,152.8572496177876
2608,c1508a60-92e3-4041-bf33-b331ee87691a,10,2608,True,17241,16839,131.4897776705584
2609,c1508a60-92e3-4041-bf33-b331ee87691a,10,2609,True,17262,16860,127.98165911918113
2610,c1508a60-92e3-4041-bf33-b331ee87691a,10,2610,True,17286,16884,147.61332044337541
2611,c1508a60-92e3-4041-bf33-b331ee87691a,10,2611,True,17317,16915,145.4153789984921
2612,c1508a60-92e3-4041-bf33-b331ee87691a,10,2612,True,17346,16944,148.8222038480817
2613,c1508a60-92e3-4041-bf33-b331ee87691a,10,2613,True,17363,16961,144.3063436702323
2614,c1508a60-92e3-4041-bf33-b331ee87691a,10,2614,True,17390,16988,130.9925937082371
2615,c1508a60-92e3-4041-bf33-b331ee87691a,10,2615,True,17426,17024,134.59284110417502
2616,c1508a60-92e3-4041-bf33-b331ee87691a,10,2616,True,17456,17054,142.84960542682165
2617,c1508a60-92e3-4041-bf33-b331ee87691a,10,2617,True,17471,17069,166.05069546028244
2618,c1508a60-92e3-4041-bf33-b331ee87691a,10,2618,True,17495,17093,134.42421828548686
2619,c1508a60-92e3-4041-bf33-b331ee87691a,10,2619,True,17534,17132,121.05722520004201
2620,c1508a60-92e3-4041-bf33-b331ee87691a,10,2620,True,17567,17165,164.28110866755014
2621,c1508a60-92e3-4041-bf33-b331ee87691a,10,2621,True,17595,17193,120.43772988164346
2622,c1508a60-92e3-4041-bf33-b331ee87691a,10,2622,True,17633,17231,180.86514928273755
2623,c1508a60-92e3-4041-bf33-b331ee87691a,10,2623,True,17663,17261,147.36485392081522
2624,c1508a60-92e3-4041-bf33-b331ee87691a,10,2624,True,17691,17289,173.20603850715997
2625,c1508a60-92e3-4041-bf33-b331ee87691a,10,2625,True,17719,17317,140.85291893014073
2626,c1508a60-92e3-4041-bf33-b331ee87691a,10,2626,True,17748,17346,142.34949123584374
2627,c1508a60-92e3-4041-bf33-b331ee87691a,10,2627,True,17778,17376,160.95509448807934
2628,c1508a60-92e3-4041-bf33-b331ee87691a,10,2628,True,17800,17398,140.3229980030992
2629,c1508a60-92e3-4041-bf33-b331ee87691a,10,2629,True,17840,17438,142.24362899282642
2630,c1508a60-92e3-4041-bf33-b331ee87691a,10,2630,True,17867,17465,121.18035789751957
2631,c1508a60-92e3-4041-bf33-b331ee87691a,10,2631,True,17896,17494,182.02367506175506
2632,c1508a60-92e3-4041-bf33-b331ee87691a,10,2632,True,17922,17520,130.59330834506545
2633,c1508a60-92e3-4041-bf33-b331ee87691a,10,2633,True,17964,17562,147.72285435735103
2634,c1508a60-92e3-4041-bf33-b331ee87691a,10,2634,True,17990,17588,122.53369526741517
2635,c1508a60-92e3-4041-bf33-b331ee87691a,10,2635,True,18013,17611,148.39057683909414
2636,c1508a60-92e3-4041-bf33-b331ee87691a,10,2636,True,18036,17634,151.3162547540269
2637,c1508a60-92e3-4041-bf33-b331ee87691a,10,2637,True,18063,17661,148.3552750425406
2638,c1508a60-92e3-4041-bf33-b331ee87691a,10,2638,True,18082,17680,130.86508863487688
2639,c1508a60-92e3-4041-bf33-b331ee87691a,10,2639,True,18116,17714,193.33066913761286
2640,c1508a60-92e3-4041-bf33-b331ee87691a,10,2640,True,18144,17742,166.4737830484737
2641,c1508a60-92e3-4041-bf33-b331ee87691a,10,2641,True,18178,17776,219.4566738384092
2642,c1508a60-92e3-4041-bf33-b331ee87691a,10,2642,True,18201,17799,172.69209580230017
2643,c1508a60-92e3-4041-bf33-b331ee87691a,10,2643,True,18234,17832,166.16728800023702
2644,c1508a60-92e3-4041-bf33-b331ee87691a,10,2644,True,18260,17858,167.03644919606813
2645,c1508a60-92e3-4041-bf33-b331ee87691a,10,2645,True,18289,17887,164.81977390210886
2646,c1508a60-92e3-4041-bf33-b331ee87691a,10,2646,True,18326,17924,173.73084304429358
2647,c1508a60-92e3-4041-bf33-b331ee87691a,10,2647,True,18344,17942,160.14933392427338
2648,c1508a60-92e3-4041-bf33-b331ee87691a,10,2648,True,18374,17972,169.84062035420357
2649,c1508a60-92e3-4041-bf33-b331ee87691a,10,2649,True,18401,17999,154.75544663917026
2650,c1508a60-92e3-4041-bf33-b331ee87691a,10,2650,True,18423,18021,158.55718520444498
2651,c1508a60-92e3-4041-bf33-b331ee87691a,10,2651,True,18466,18064,149.28125396617543
2652,c1508a60-92e3-4041-bf33-b331ee87691a,10,2652,True,18494,18092,148.824238202149
2653,c1508a60-92e3-4041-bf33-b331ee87691a,10,2653,True,18523,18121,127.19440890017722
2654,c1508a60-92e3-4041-bf33-b331ee87691a,10,2654,True,18544,18142,148.2822807745397
2655,c1508a60-92e3-4041-bf33-b331ee87691a,10,2655,True,18569,18167,159.05652573694897
2656,c1508a60-92e3-4041-bf33-b331ee87691a,10,2656,True,18598,18196,135.45099603497874
2657,c1508a60-92e3-4041-bf33-b331ee87691a,10,2657,True,18630,18228,125.1260229771724
2658,c1508a60-92e3-4041-bf33-b331ee87691a,10,2658,True,18656,18254,147.18294582067028
2659,c1508a60-92e3-4041-bf33-b331ee87691a,10,2659,True,18679,18277,126.09363813015807
2660,c1508a60-92e3-4041-bf33-b331ee87691a,10,2660,True,18701,18299,147.29202541405903
2661,c1508a60-92e3-4041-bf33-b331ee87691a,10,2661,True,18722,18320,159.977086060102
2662,c1508a60-92e3-4041-bf33-b331ee87691a,10,2662,True,18753,18351,157.68134470161021
2663,c1508a60-92e3-4041-bf33-b331ee87691a,10,2663,True,18779,18377,137.79733576020953
2664,c1508a60-92e3-4041-bf33-b331ee87691a,10,2664,True,18808,18406,156.3978199598023
2665,c1508a60-92e3-4041-bf33-b331ee87691a,10,2665,True,18827,18425,190.8917809804334
2666,c1508a60-92e3-4041-bf33-b331ee87691a,10,2666,True,18864,18462,162.52435204817084
2667,c1508a60-92e3-4041-bf33-b331ee87691a,10,2667,True,18890,18488,151.11670047983353
2668,c1508a60-92e3-4041-bf33-b331ee87691a,10,2668,True,18922,18520,232.26426532967162
2669,c1508a60-92e3-4041-bf33-b331ee87691a,10,2669,True,18952,18550,202.26426532967162
2670,c1508a60-92e3-4041-bf33-b331ee87691a,10,2670,True,18979,18577,224.21935176991974
2671,c1508a60-92e3-4041-bf33-b331ee87691a,10,2671,True,19001,18599,202.21935176991974
2672,c1508a60-92e3-4041-bf33-b331ee87691a,10,2672,True,19028,18626,226.81626018867246
2673,c1508a60-92e3-4041-bf33-b331ee87691a,10,2673,True,19054,18652,204.38989803799268
2674,c1508a60-92e3-4041-bf33-b331ee87691a,10,2674,True,19086,18684,213.75419874693762
2675,c1508a60-92e3-4041-bf33-b331ee87691a,10,2675,True,19106,18704,178.4841784084383
2676,c1508a60-92e3-4041-bf33-b331ee87691a,10,2676,True,19143,18741,195.92092774045886
2677,c1508a60-92e3-4041-bf33-b331ee87691a,10,2677,True,19171,18769,213.52591215785287
2678,c1508a60-92e3-4041-bf33-b331ee87691a,10,2678,True,19197,18795,187.52591215785287
2679,c1508a60-92e3-4041-bf33-b331ee87691a,10,2679,True,19225,18823,210.54893993087535
2680,c1508a60-92e3-4041-bf33-b331ee87691a,10,2680,True,19246,18844,188.3774608515705
2681,c1508a60-92e3-4041-bf33-b331ee87691a,10,2681,True,19284,18882,175.31997251486973
2682,c1508a60-92e3-4041-bf33-b331ee87691a,10,2682,True,19308,18906,152.5643865383572
2683,c1508a60-92e3-4041-bf33-b331ee87691a,10,2683,True,19328,18926,158.55682164507016
2684,c1508a60-92e3-4041-bf33-b331ee87691a,10,2684,True,19351,18949,202.10817643153496
2685,c1508a60-92e3-4041-bf33-b331ee87691a,10,2685,True,19379,18977,199.36906716725935
2686,c1508a60-92e3-4041-bf33-b331ee87691a,10,2686,True,19399,18997,191.0744681984106
2687,c1508a60-92e3-4041-bf33-b331ee87691a,10,2687,True,19426,19024,152.36906716725935
2688,c1508a60-92e3-4041-bf33-b331ee87691a,10,2688,True,19459,19057,167.51741872543425
2689,c1508a60-92e3-4041-bf33-b331ee87691a,10,2689,True,19492,19090,160.2204322713369
2690,c1508a60-92e3-4041-bf33-b331ee87691a,10,2690,True,19521,19119,142.29799321054088
2691,c1508a60-92e3-4041-bf33-b331ee87691a,10,2691,True,19547,19145,159.0752743050034
2692,c1508a60-92e3-4041-bf33-b331ee87691a,10,2692,True,19577,19175,207.3654018715206
2693,c1508a60-92e3-4041-bf33-b331ee87691a,10,2693,True,19607,19205,152.35482858728938
2694,c1508a60-92e3-4041-bf33-b331ee87691a,10,2694,True,19643,19241,143.6504855606654
2695,c1508a60-92e3-4041-bf33-b331ee87691a,10,2695,True,19662,19260,168.8632009767025
2696,c1508a60-92e3-4041-bf33-b331ee87691a,10,2696,True,19694,19292,144.78312993830696
2697,c1508a60-92e3-4041-bf33-b331ee87691a,10,2697,True,19722,19320,169.01872309398823
2698,c1508a60-92e3-4041-bf33-b331ee87691a,10,2698,True,19746,19344,132.31460915170828
2699,c1508a60-92e3-4041-bf33-b331ee87691a,10,2699,True,19771,19369,144.78763511766374
2700,c1508a60-92e3-4041-bf33-b331ee87691a,10,2700,True,19794,19392,144.0900160240417
2701,c1508a60-92e3-4041-bf33-b331ee87691a,10,2701,True,19818,19416,172.09699979312063
2702,c1508a60-92e3-4041-bf33-b331ee87691a,10,2702,True,19839,19437,179.57499118085252
2703,c1508a60-92e3-4041-bf33-b331ee87691a,10,2703,True,19868,19466,196.18739013481172
2704,c1508a60-92e3-4041-bf33-b331ee87691a,10,2704,True,19893,19491,172.78194685934068
2705,c1508a60-92e3-4041-bf33-b331ee87691a,10,2705,True,19918,19516,152.10712504639378
2706,c1508a60-92e3-4041-bf33-b331ee87691a,10,2706,True,19939,19537,157.0314848281596
2707,c1508a60-92e3-4041-bf33-b331ee87691a,10,2707,True,19964,19562,152.07289862434118
2708,c1508a60-92e3-4041-bf33-b331ee87691a,10,2708,True,19987,19585,215.70522613056892
2709,c1508a60-92e3-4041-bf33-b331ee87691a,10,2709,True,20008,19606,199.19057936076933
2710,c1508a60-92e3-4041-bf33-b331ee87691a,10,2710,True,20038,19636,168.6162304724312
2711,c1508a60-92e3-4041-bf33-b331ee87691a,10,2711,True,20067,19665,190.05043846216358
2712,c1508a60-92e3-4041-bf33-b331ee87691a,10,2712,True,20097,19695,207.84174668176274
2713,c1508a60-92e3-4041-bf33-b331ee87691a,10,2713,True,20131,19729,176.91329659765324
2714,c1508a60-92e3-4041-bf33-b331ee87691a,10,2714,True,20162,19760,224.39290259973495
2715,c1508a60-92e3-4041-bf33-b331ee87691a,10,2715,True,20188,19786,198.39290259973495
2716,c1508a60-92e3-4041-bf33-b331ee87691a,10,2716,True,20216,19814,188.19118973544755
2717,c1508a60-92e3-4041-bf33-b331ee87691a,10,2717,True,20249,19847,190.53038823791576
2718,c1508a60-92e3-4041-bf33-b331ee87691a,10,2718,True,20280,19878,149.32982652885767
2719,c1508a60-92e3-4041-bf33-b331ee87691a,10,2719,True,20309,19907,178.40034948705943
2720,c1508a60-92e3-4041-bf33-b331ee87691a,10,2720,True,20339,19937,176.44337865887064
2721,c1508a60-92e3-4041-bf33-b331ee87691a,10,2721,True,20372,19970,222.36407794010665
2722,c1508a60-92e3-4041-bf33-b331ee87691a,10,2722,True,20401,19999,165.11502492331783
2723,c1508a60-92e3-4041-bf33-b331ee87691a,10,2723,True,20427,20025,224.34391310430146
2724,c1508a60-92e3-4041-bf33-b331ee87691a,10,2724,True,20454,20052,262.27413812182203
2725,c1508a60-92e3-4041-bf33-b331ee87691a,10,2725,True,20491,20089,208.0919846077304
2726,c1508a60-92e3-4041-bf33-b331ee87691a,10,2726,True,20521,20119,195.27413812182203
2727,c1508a60-92e3-4041-bf33-b331ee87691a,10,2727,True,20541,20139,182.99328826179772
2728,c1508a60-92e3-4041-bf33-b331ee87691a,10,2728,True,20572,20170,214.30077606031773
2729,c1508a60-92e3-4041-bf33-b331ee87691a,10,2729,True,20606,20204,170.47043262453008
2730,c1508a60-92e3-4041-bf33-b331ee87691a,10,2730,True,20625,20223,211.7593412580136
2731,c1508a60-92e3-4041-bf33-b331ee87691a,10,2731,True,20648,20246,223.03593196254224
2732,c1508a60-92e3-4041-bf33-b331ee87691a,10,2732,True,20680,20278,191.03593196254224
2733,c1508a60-92e3-4041-bf33-b331ee87691a,10,2733,True,20714,20312,174.29430827933538
2734,c1508a60-92e3-4041-bf33-b331ee87691a,10,2734,True,20743,20341,176.15183029492619
2735,c1508a60-92e3-4041-bf33-b331ee87691a,10,2735,True,20768,20366,168.45795651119624
2736,c1508a60-92e3-4041-bf33-b331ee87691a,10,2736,True,20795,20393,161.9644485693425
2737,c1508a60-92e3-4041-bf33-b331ee87691a,10,2737,True,20833,20431,153.86386830267656
2738,c1508a60-92e3-4041-bf33-b331ee87691a,10,2738,True,20855,20453,153.88792663597997
2739,c1508a60-92e3-4041-bf33-b331ee87691a,10,2739,True,20894,20492,140.64635436099707
2740,c1508a60-92e3-4041-bf33-b331ee87691a,10,2740,True,20916,20514,145.29812017482618
2741,c1508a60-92e3-4041-bf33-b331ee87691a,10,2741,True,20945,20543,122.5659533992839
2742,c1508a60-92e3-4041-bf33-b331ee87691a,10,2742,True,20976,20574,142.93195333551557
2743,c1508a60-92e3-4041-bf33-b331ee87691a,10,2743,True,21000,20598,139.65233023550536
2744,c1508a60-92e3-4041-bf33-b331ee87691a,10,2744,True,21025,20623,140.93352715116634
2745,c1508a60-92e3-4041-bf33-b331ee87691a,10,2745,True,21059,20657,138.68505450834346
2746,c1508a60-92e3-4041-bf33-b331ee87691a,10,2746,True,21083,20681,148.56880928545434
2747,c1508a60-92e3-4041-bf33-b331ee87691a,10,2747,True,21105,20703,125.96690984448287
2748,c1508a60-92e3-4041-bf33-b331ee87691a,10,2748,True,21140,20738,147.66023904200483
2749,c1508a60-92e3-4041-bf33-b331ee87691a,10,2749,True,21170,20768,116.2282573774246
2750,c1508a60-92e3-4041-bf33-b331ee87691a,10,2750,True,21197,20795,157.1917349996511
2751,c1508a60-92e3-4041-bf33-b331ee87691a,10,2751,True,21229,20827,134.15663224159653
2752,c1508a60-92e3-4041-bf33-b331ee87691a,10,2752,True,21254,20852,155.86480723756904
2753,c1508a60-92e3-4041-bf33-b331ee87691a,10,2753,True,21282,20880,109.32768703937472
2754,c1508a60-92e3-4041-bf33-b331ee87691a,10,2754,True,21313,20911,149.65966406017105
2755,c1508a60-92e3-4041-bf33-b331ee87691a,10,2755,True,21351,20949,139.01469726836513
2756,c1508a60-92e3-4041-bf33-b331ee87691a,10,2756,True,21385,20983,128.49611791185453
2757,c1508a60-92e3-4041-bf33-b331ee87691a,10,2757,True,21418,21016,119.39304748730865
2758,c1508a60-92e3-4041-bf33-b331ee87691a,10,2758,True,21444,21042,145.54145121843976
2759,c1508a60-92e3-4041-bf33-b331ee87691a,10,2759,True,21471,21069,127.71233552346894
2760,c1508a60-92e3-4041-bf33-b331ee87691a,10,2760,True,21512,21110,113.18479320180268
2761,c1508a60-92e3-4041-bf33-b331ee87691a,10,2761,True,21532,21130,139.86599586658485
2762,c1508a60-92e3-4041-bf33-b331ee87691a,10,2762,True,21549,21147,120.91486355832603
2763,c1508a60-92e3-4041-bf33-b331ee87691a,10,2763,True,21572,21170,125.65523136132833
2764,c1508a60-92e3-4041-bf33-b331ee87691a,10,2764,True,21599,21197,109.26746572570482
2765,c1508a60-92e3-4041-bf33-b331ee87691a,10,2765,True,21631,21229,154.72162206766006
2766,c1508a60-92e3-4041-bf33-b331ee87691a,10,2766,True,21656,21254,115.99643482887768
2767,c1508a60-92e3-4041-bf33-b331ee87691a,10,2767,True,21688,21286,145.78289099390167
2768,c1508a60-92e3-4041-bf33-b331ee87691a,10,2768,True,21715,21313,130.64013360325043
2769,c1508a60-92e3-4041-bf33-b331ee87691a,10,2769,True,21749,21347,110.9083601634884
2770,c1508a60-92e3-4041-bf33-b331ee87691a,10,2770,True,21776,21374,150.62550553931942
2771,c1508a60-92e3-4041-bf33-b331ee87691a,10,2771,True,21799,21397,132.1841884485293
2772,c1508a60-92e3-4041-bf33-b331ee87691a,10,2772,True,21821,21419,124.0989860120535
2773,c1508a60-92e3-4041-bf33-b331ee87691a,10,2773,True,21852,21450,121.18152963015746
2774,c1508a60-92e3-4041-bf33-b331ee87691a,10,2774,True,21890,21488,140.35721985320197
2775,c1508a60-92e3-4041-bf33-b331ee87691a,10,2775,True,21918,21516,115.01516100368099
2776,c1508a60-92e3-4041-bf33-b331ee87691a,10,2776,True,21954,21552,133.12078156614734
2777,c1508a60-92e3-4041-bf33-b331ee87691a,10,2777,True,21980,21578,146.08074737509378
2778,c1508a60-92e3-4041-bf33-b331ee87691a,10,2778,True,22016,21614,132.4500502189985
2779,c1508a60-92e3-4041-bf33-b331ee87691a,10,2779,True,22036,21634,137.70345776358954
2780,c1508a60-92e3-4041-bf33-b331ee87691a,10,2780,True,22072,21670,196.918698426849
2781,c1508a60-92e3-4041-bf33-b331ee87691a,10,2781,True,22098,21696,160.34230193347685
2782,c1508a60-92e3-4041-bf33-b331ee87691a,10,2782,True,22127,21725,184.82302136824728
2783,c1508a60-92e3-4041-bf33-b331ee87691a,10,2783,True,22163,21761,182.44743654043123
2784,c1508a60-92e3-4041-bf33-b331ee87691a,10,2784,True,22193,21791,151.34998909910792
2785,c1508a60-92e3-4041-bf33-b331ee87691a,10,2785,True,22229,21827,179.62127684745064
2786,c1508a60-92e3-4041-bf33-b331ee87691a,10,2786,True,22270,21868,192.71143683808623
2787,c1508a60-92e3-4041-bf33-b331ee87691a,10,2787,True,22298,21896,164.71143683808623
2788,c1508a60-92e3-4041-bf33-b331ee87691a,10,2788,True,22324,21922,193.93053249282457
2789,c1508a60-92e3-4041-bf33-b331ee87691a,10,2789,True,22352,21950,155.42316459148788
2790,c1508a60-92e3-4041-bf33-b331ee87691a,10,2790,True,22382,21980,152.06368657139683
2791,c1508a60-92e3-4041-bf33-b331ee87691a,10,2791,True,22416,22014,169.07921567310404
2792,c1508a60-92e3-4041-bf33-b331ee87691a,10,2792,True,22438,22036,180.42095155986317
2793,c1508a60-92e3-4041-bf33-b331ee87691a,10,2793,True,22470,22068,191.55555054784054
2794,c1508a60-92e3-4041-bf33-b331ee87691a,10,2794,True,22502,22100,139.17931532270813
2795,c1508a60-92e3-4041-bf33-b331ee87691a,10,2795,True,22527,22125,166.0518589077692
2796,c1508a60-92e3-4041-bf33-b331ee87691a,10,2796,True,22550,22148,140.09658003267032
2797,c1508a60-92e3-4041-bf33-b331ee87691a,10,2797,True,22571,22169,172.37368920622976
2798,c1508a60-92e3-4041-bf33-b331ee87691a,10,2798,True,22598,22196,137.53539057109447
2799,c1508a60-92e3-4041-bf33-b331ee87691a,10,2799,True,22635,22233,159.6928174484492
2800,c1508a60-92e3-4041-bf33-b331ee87691a,10,2800,True,22663,22261,157.10970312232894
2801,c1508a60-92e3-4041-bf33-b331ee87691a,10,2801,True,22696,22294,210.8202502773347
2802,c1508a60-92e3-4041-bf33-b331ee87691a,10,2802,True,22721,22319,140.84308538213736
2803,c1508a60-92e3-4041-bf33-b331ee87691a,10,2803,True,22744,22342,186.75128015823066
2804,c1508a60-92e3-4041-bf33-b331ee87691a,10,2804,True,22768,22366,211.86871341129154
2805,c1508a60-92e3-4041-bf33-b331ee87691a,10,2805,True,22791,22389,191.70607875318092
2806,c1508a60-92e3-4041-bf33-b331ee87691a,10,2806,True,22825,22423,186.47411373677096
2807,c1508a60-92e3-4041-bf33-b331ee87691a,10,2807,True,22848,22446,160.9302274022557
2808,c1508a60-92e3-4041-bf33-b331ee87691a,10,2808,True,22872,22470,160.51368376209575
2809,c1508a60-92e3-4041-bf33-b331ee87691a,10,2809,True,22898,22496,191.3965590782136
2810,c1508a60-92e3-4041-bf33-b331ee87691a,10,2810,True,22928,22526,157.36451986726024
2811,c1508a60-92e3-4041-bf33-b331ee87691a,10,2811,True,22966,22564,155.9078074834979
2812,c1508a60-92e3-4041-bf33-b331ee87691a,10,2812,True,22989,22587,190.93555967364955
2813,c1508a60-92e3-4041-bf33-b331ee87691a,10,2813,True,23019,22617,159.47796579827627
2814,c1508a60-92e3-4041-bf33-b331ee87691a,10,2814,True,23045,22643,162.1311105008317
2815,c1508a60-92e3-4041-bf33-b331ee87691a,10,2815,True,23076,22674,225.3222130826507
2816,c1508a60-92e3-4041-bf33-b331ee87691a,10,2816,True,23101,22699,207.61295126959521
2817,c1508a60-92e3-4041-bf33-b331ee87691a,10,2817,True,23128,22726,245.44438924992573
2818,c1508a60-92e3-4041-bf33-b331ee87691a,10,2818,True,23167,22765,255.3349620331428
2819,c1508a60-92e3-4041-bf33-b331ee87691a,10,2819,True,23192,22790,236.8530581440391
2820,c1508a60-92e3-4041-bf33-b331ee87691a,10,2820,True,23220,22818,192.2247428564042
2821,c1508a60-92e3-4041-bf33-b331ee87691a,10,2821,True,23250,22848,273.43607971016536
2822,c1508a60-92e3-4041-bf33-b331ee87691a,10,2822,True,23279,22877,241.0766427671515
2823,c1508a60-92e3-4041-bf33-b331ee87691a,10,2823,True,23300,22898,192.50846605050174
2824,c1508a60-92e3-4041-bf33-b331ee87691a,10,2824,True,23335,22933,215.43554428177958
2825,c1508a60-92e3-4041-bf33-b331ee87691a,10,2825,True,23367,22965,183.43554428177958
2826,c1508a60-92e3-4041-bf33-b331ee87691a,10,2826,True,23394,22992,225.69084553361972
2827,c1508a60-92e3-4041-bf33-b331ee87691a,10,2827,True,23427,23025,207.81250727301813
2828,c1508a60-92e3-4041-bf33-b331ee87691a,10,2828,True,23455,23053,167.01874810089794
2829,c1508a60-92e3-4041-bf33-b331ee87691a,10,2829,True,23483,23081,151.81250727301813
2830,c1508a60-92e3-4041-bf33-b331ee87691a,10,2830,True,23523,23121,199.99928979809556
2831,c1508a60-92e3-4041-bf33-b331ee87691a,10,2831,True,23547,23145,173.12437855610915
2832,c1508a60-92e3-4041-bf33-b331ee87691a,10,2832,True,23581,23179,192.30084053759856
2833,c1508a60-92e3-4041-bf33-b331ee87691a,10,2833,True,23611,23209,160.80546151513045
2834,c1508a60-92e3-4041-bf33-b331ee87691a,10,2834,True,23634,23232,222.68640172352025
2835,c1508a60-92e3-4041-bf33-b331ee87691a,10,2835,True,23651,23249,199.14848231002543
2836,c1508a60-92e3-4041-bf33-b331ee87691a,10,2836,True,23679,23277,192.81817274004425
2837,c1508a60-92e3-4041-bf33-b331ee87691a,10,2837,True,23711,23309,186.71409261830922
2838,c1508a60-92e3-4041-bf33-b331ee87691a,10,2838,True,23733,23331,189.4317039029338
2839,c1508a60-92e3-4041-bf33-b331ee87691a,10,2839,True,23767,23365,166.92206690226885
2840,c1508a60-92e3-4041-bf33-b331ee87691a,10,2840,True,23794,23392,155.6370014411841
2841,c1508a60-92e3-4041-bf33-b331ee87691a,10,2841,True,23816,23414,158.77838830955807
2842,c1508a60-92e3-4041-bf33-b331ee87691a,10,2842,True,23855,23453,145.75528467223194
2843,c1508a60-92e3-4041-bf33-b331ee87691a,10,2843,True,23878,23476,163.67950612490677
2844,c1508a60-92e3-4041-bf33-b331ee87691a,10,2844,True,23915,23513,136.53727698105286
2845,c1508a60-92e3-4041-bf33-b331ee87691a,10,2845,True,23945,23543,142.90981670840483
2846,c1508a60-92e3-4041-bf33-b331ee87691a,10,2846,True,23970,23568,129.494417586262
2847,c1508a60-92e3-4041-bf33-b331ee87691a,10,2847,True,23984,23582,155.59586154100543
2848,c1508a60-92e3-4041-bf33-b331ee87691a,10,2848,True,24009,23607,164.28537779948238
2849,c1508a60-92e3-4041-bf33-b331ee87691a,10,2849,True,24037,23635,157.24586629455007
2850,c1508a60-92e3-4041-bf33-b331ee87691a,10,2850,True,24060,23658,168.22316818211402
2851,c1508a60-92e3-4041-bf33-b331ee87691a,10,2851,True,24084,23682,162.7939930563698
2852,c1508a60-92e3-4041-bf33-b331ee87691a,10,2852,True,24108,23706,203.63867652559202
2853,c1508a60-92e3-4041-bf33-b331ee87691a,10,2853,True,24136,23734,160.24961576420174
2854,c1508a60-92e3-4041-bf33-b331ee87691a,10,2854,True,24159,23757,174.70471163687762
2855,c1508a60-92e3-4041-bf33-b331ee87691a,10,2855,True,24184,23782,147.84556129733028
2856,c1508a60-92e3-4041-bf33-b331ee87691a,10,2856,True,24212,23810,225.27242485752504
2857,c1508a60-92e3-4041-bf33-b331ee87691a,10,2857,True,24241,23839,219.4145560363213
2858,c1508a60-92e3-4041-bf33-b331ee87691a,10,2858,True,24267,23865,195.71045760342895
2859,c1508a60-92e3-4041-bf33-b331ee87691a,10,2859,True,24297,23895,213.13414327746432
2860,c1508a60-92e3-4041-bf33-b331ee87691a,10,2860,True,24326,23924,208.6755173406782
2861,c1508a60-92e3-4041-bf33-b331ee87691a,10,2861,True,24353,23951,190.0114611237368
2862,c1508a60-92e3-4041-bf33-b331ee87691a,10,2862,True,24377,23975,180.99503769662988
2863,c1508a60-92e3-4041-bf33-b331ee87691a,10,2863,True,24405,24003,208.09751488284746
2864,c1508a60-92e3-4041-bf33-b331ee87691a,10,2864,True,24438,24036,176.5785816537209
2865,c1508a60-92e3-4041-bf33-b331ee87691a,10,2865,True,24468,24066,172.49149521854633
2866,c1508a60-92e3-4041-bf33-b331ee87691a,10,2866,True,24506,24104,161.37217476612568
2867,c1508a60-92e3-4041-bf33-b331ee87691a,10,2867,True,24537,24135,182.95024501044463
2868,c1508a60-92e3-4041-bf33-b331ee87691a,10,2868,True,24560,24158,178.99234637895643
2869,c1508a60-92e3-4041-bf33-b331ee87691a,10,2869,True,24595,24193,176.7017229244775
2870,c1508a60-92e3-4041-bf33-b331ee87691a,10,2870,True,24632,24230,157.5886056025447
2871,c1508a60-92e3-4041-bf33-b331ee87691a,10,2871,True,24660,24258,154.35948539721358
2872,c1508a60-92e3-4041-bf33-b331ee87691a,10,2872,True,24693,24291,147.05491591598184
2873,c1508a60-92e3-4041-bf33-b331ee87691a,10,2873,True,24732,24330,133.27821646381926
2874,c1508a60-92e3-4041-bf33-b331ee87691a,10,2874,True,24763,24361,108.42611590423621
2875,c1508a60-92e3-4041-bf33-b331ee87691a,10,2875,True,24784,24382,147.80988627938495
2876,c1508a60-92e3-4041-bf33-b331ee87691a,10,2876,True,24805,24403,125.17474853921158
2877,c1508a60-92e3-4041-bf33-b331ee87691a,10,2877,True,24831,24429,155.3899704844771
2878,c1508a60-92e3-4041-bf33-b331ee87691a,10,2878,True,24861,24459,131.6153155730608
2879,c1508a60-92e3-4041-bf33-b331ee87691a,10,2879,True,24889,24487,153.86493018490364
2880,c1508a60-92e3-4041-bf33-b331ee87691a,10,2880,True,24918,24516,143.7078890769808
2881,c1508a60-92e3-4041-bf33-b331ee87691a,10,2881,True,24947,24545,152.7558303965743
2882,c1508a60-92e3-4041-bf33-b331ee87691a,10,2882,True,24972,24570,139.29559369415074
2883,c1508a60-92e3-4041-bf33-b331ee87691a,10,2883,True,24999,24597,138.0616241048847
2884,c1508a60-92e3-4041-bf33-b331ee87691a,10,2884,True,25029,24627,147.96221905275888
2885,c1508a60-92e3-4041-bf33-b331ee87691a,10,2885,True,25059,24657,141.80801662169324
2886,c1508a60-92e3-4041-bf33-b331ee87691a,10,2886,True,25084,24682,134.15542077687132
2887,c1508a60-92e3-4041-bf33-b331ee87691a,10,2887,True,25115,24713,139.5014049721176
2888,c1508a60-92e3-4041-bf33-b331ee87691a,10,2888,True,25140,24738,126.72983264777577
2889,c1508a60-92e3-4041-bf33-b331ee87691a,10,2889,True,25174,24772,133.3282898400539
2890,c1508a60-92e3-4041-bf33-b331ee87691a,10,2890,True,25215,24813,130.66364311838333
2891,c1508a60-92e3-4041-bf33-b331ee87691a,10,2891,True,25239,24837,113.9533350065467
2892,c1508a60-92e3-4041-bf33-b331ee87691a,10,2892,True,25274,24872,105.04373372741975
2893,c1508a60-92e3-4041-bf33-b331ee87691a,10,2893,True,25300,24898,127.05709494286202
2894,c1508a60-92e3-4041-bf33-b331ee87691a,10,2894,True,25328,24926,110.72056305041406
2895,c1508a60-92e3-4041-bf33-b331ee87691a,10,2895,True,25361,24959,126.40678911802752
2896,c1508a60-92e3-4041-bf33-b331ee87691a,10,2896,True,25392,24990,111.12688483958482
2897,c1508a60-92e3-4041-bf33-b331ee87691a,10,2897,True,25428,25026,132.60489929339383
2898,c1508a60-92e3-4041-bf33-b331ee87691a,10,2898,True,25456,25054,154.60469728536555
2899,c1508a60-92e3-4041-bf33-b331ee87691a,10,2899,True,25482,25080,131.11696416656923
2900,c1508a60-92e3-4041-bf33-b331ee87691a,10,2900,True,25500,25098,159.9945846365481
2901,c1508a60-92e3-4041-bf33-b331ee87691a,10,2901,True,25525,25123,131.3553709403168
2902,c1508a60-92e3-4041-bf33-b331ee87691a,10,2902,True,25549,25147,149.27354930256843
2903,c1508a60-92e3-4041-bf33-b331ee87691a,10,2903,True,25579,25177,120.60089658953439
2904,c1508a60-92e3-4041-bf33-b331ee87691a,10,2904,True,25606,25204,165.4566886641478
2905,c1508a60-92e3-4041-bf33-b331ee87691a,10,2905,True,25641,25239,159.5556912615175
2906,c1508a60-92e3-4041-bf33-b331ee87691a,10,2906,True,25671,25269,152.78218273786842
2907,c1508a60-92e3-4041-bf33-b331ee87691a,10,2907,True,25710,25308,137.74086289088518
2908,c1508a60-92e3-4041-bf33-b331ee87691a,10,2908,True,25742,25340,116.82039299922326
2909,c1508a60-92e3-4041-bf33-b331ee87691a,10,2909,True,25780,25378,134.67770227734582
2910,c1508a60-92e3-4041-bf33-b331ee87691a,10,2910,True,25812,25410,147.38908259795426
2911,c1508a60-92e3-4041-bf33-b331ee87691a,10,2911,True,25839,25437,128.16678733079243
2912,c1508a60-92e3-4041-bf33-b331ee87691a,10,2912,True,25871,25469,166.1366838119684
2913,c1508a60-92e3-4041-bf33-b331ee87691a,10,2913,True,25895,25493,142.07108761176642
2914,c1508a60-92e3-4041-bf33-b331ee87691a,10,2914,True,25923,25521,137.8482406369876
2915,c1508a60-92e3-4041-bf33-b331ee87691a,10,2915,True,25948,25546,137.93973328519496
2916,c1508a60-92e3-4041-bf33-b331ee87691a,10,2916,True,25979,25577,168.1670932199777
2917,c1508a60-92e3-4041-bf33-b331ee87691a,10,2917,True,26009,25607,158.1815403531873
2918,c1508a60-92e3-4041-bf33-b331ee87691a,10,2918,True,26040,25638,135.3222851849314
2919,c1508a60-92e3-4041-bf33-b331ee87691a,10,2919,True,26074,25672,180.78102472642058
2920,c1508a60-92e3-4041-bf33-b331ee87691a,10,2920,True,26098,25696,134.15028151319348
2921,c1508a60-92e3-4041-bf33-b331ee87691a,10,2921,True,26125,25723,157.52157610474023
2922,c1508a60-92e3-4041-bf33-b331ee87691a,10,2922,True,26151,25749,132.56226597138448
2923,c1508a60-92e3-4041-bf33-b331ee87691a,10,2923,True,26170,25768,188.121732665968
2924,c1508a60-92e3-4041-bf33-b331ee87691a,10,2924,True,26193,25791,138.33680245790674
2925,c1508a60-92e3-4041-bf33-b331ee87691a,10,2925,True,26216,25814,167.639655737039
2926,c1508a60-92e3-4041-bf33-b331ee87691a,10,2926,True,26248,25846,178.95556931506144
2927,c1508a60-92e3-4041-bf33-b331ee87691a,10,2927,True,26277,25875,168.23198867436804
2928,c1508a60-92e3-4041-bf33-b331ee87691a,10,2928,True,26305,25903,173.44998524409675
2929,c1508a60-92e3-4041-bf33-b331ee87691a,10,2929,True,26334,25932,155.41053998063944
2930,c1508a60-92e3-4041-bf33-b331ee87691a,10,2930,True,26362,25960,163.8820123819678
2931,c1508a60-92e3-4041-bf33-b331ee87691a,10,2931,True,26395,25993,168.84307569252633
2932,c1508a60-92e3-4041-bf33-b331ee87691a,10,2932,True,26416,26014,160.07510470303532
2933,c1508a60-92e3-4041-bf33-b331ee87691a,10,2933,True,26442,26040,227.07374857900504
2934,c1508a60-92e3-4041-bf33-b331ee87691a,10,2934,True,26470,26068,174.42407634312258
2935,c1508a60-92e3-4041-bf33-b331ee87691a,10,2935,True,26508,26106,214.19405028282563
2936,c1508a60-92e3-4041-bf33-b331ee87691a,10,2936,True,26532,26130,137.19453845805765
2937,c1508a60-92e3-4041-bf33-b331ee87691a,10,2937,True,26558,26156,225.1313223084435
2938,c1508a60-92e3-4041-bf33-b331ee87691a,10,2938,True,26585,26183,143.6840896593494
2939,c1508a60-92e3-4041-bf33-b331ee87691a,10,2939,True,26609,26207,174.968804174634
2940,c1508a60-92e3-4041-bf33-b331ee87691a,10,2940,True,26630,26228,196.99368865292126
2941,c1508a60-92e3-4041-bf33-b331ee87691a,10,2941,True,26659,26257,195.1010742960898
2942,c1508a60-92e3-4041-bf33-b331ee87691a,10,2942,True,26698,26296,201.9193157543341
2943,c1508a60-92e3-4041-bf33-b331ee87691a,10,2943,True,26719,26317,231.48641518688964
2944,c1508a60-92e3-4041-bf33-b331ee87691a,10,2944,True,26753,26351,174.34729988834079
2945,c1508a60-92e3-4041-bf33-b331ee87691a,10,2945,True,26792,26390,217.05641248681422
2946,c1508a60-92e3-4041-bf33-b331ee87691a,10,2946,True,26817,26415,192.05641248681422
2947,c1508a60-92e3-4041-bf33-b331ee87691a,10,2947,True,26846,26444,200.29842932631436
2948,c1508a60-92e3-4041-bf33-b331ee87691a,10,2948,True,26876,26474,183.90673640482055
2949,c1508a60-92e3-4041-bf33-b331ee87691a,10,2949,True,26896,26494,212.85069433573517
2950,c1508a60-92e3-4041-bf33-b331ee87691a,10,2950,True,26920,26518,181.816913209248
2951,c1508a60-92e3-4041-bf33-b331ee87691a,10,2951,True,26950,26548,180.2459053710736
2952,c1508a60-92e3-4041-bf33-b331ee87691a,10,2952,True,26972,26570,188.1101442945801
2953,c1508a60-92e3-4041-bf33-b331ee87691a,10,2953,True,26996,26594,185.82787585534243
2954,c1508a60-92e3-4041-bf33-b331ee87691a,10,2954,True,27021,26619,190.69996062981954
2955,c1508a60-92e3-4041-bf33-b331ee87691a,10,2955,True,27037,26635,162.67206035238632
2956,c1508a60-92e3-4041-bf33-b331ee87691a,10,2956,True,27068,26666,195.69806853208866
2957,c1508a60-92e3-4041-bf33-b331ee87691a,10,2957,True,27092,26690,156.48291884478022
2958,c1508a60-92e3-4041-bf33-b331ee87691a,10,2958,True,27122,26720,210.21131422465623
2959,c1508a60-92e3-4041-bf33-b331ee87691a,10,2959,True,27155,26753,164.11032244943635
2960,c1508a60-92e3-4041-bf33-b331ee87691a,10,2960,True,27177,26775,179.77852667804837
2961,c1508a60-92e3-4041-bf33-b331ee87691a,10,2961,True,27204,26802,139.7588237185264
2962,c1508a60-92e3-4041-bf33-b331ee87691a,10,2962,True,27234,26832,186.78666627707935
2963,c1508a60-92e3-4041-bf33-b331ee87691a,10,2963,True,27261,26859,132.16128248216046
2964,c1508a60-92e3-4041-bf33-b331ee87691a,10,2964,True,27285,26883,156.11912838391072
2965,c1508a60-92e3-4041-bf33-b331ee87691a,10,2965,True,27317,26915,128.54467439184373
2966,c1508a60-92e3-4041-bf33-b331ee87691a,10,2966,True,27346,26944,147.0529741734681
2967,c1508a60-92e3-4041-bf33-b331ee87691a,10,2967,True,27367,26965,155.94009856193225
2968,c1508a60-92e3-4041-bf33-b331ee87691a,10,2968,True,27390,26988,158.15644679046818
2969,c1508a60-92e3-4041-bf33-b331ee87691a,10,2969,True,27418,27016,174.37173841903495
2970,c1508a60-92e3-4041-bf33-b331ee87691a,10,2970,True,27457,27055,159.79944267516112
2971,c1508a60-92e3-4041-bf33-b331ee87691a,10,2971,True,27488,27086,128.53396660902217
2972,c1508a60-92e3-4041-bf33-b331ee87691a,10,2972,True,27508,27106,160.3028395090514
2973,c1508a60-92e3-4041-bf33-b331ee87691a,10,2973,True,27530,27128,202.34608611439762
2974,c1508a60-92e3-4041-bf33-b331ee87691a,10,2974,True,27556,27154,179.02698191386662
2975,c1508a60-92e3-4041-bf33-b331ee87691a,10,2975,True,27577,27175,278.47157952908674
2976,c1508a60-92e3-4041-bf33-b331ee87691a,10,2976,True,27601,27199,265.3553661088845
2977,c1508a60-92e3-4041-bf33-b331ee87691a,10,2977,True,27635,27233,205.64732845873732
2978,c1508a60-92e3-4041-bf33-b331ee87691a,10,2978,True,27668,27266,242.5361354975139
2979,c1508a60-92e3-4041-bf33-b331ee87691a,10,2979,True,27693,27291,197.2138990116655
2980,c1508a60-92e3-4041-bf33-b331ee87691a,10,2980,True,27720,27318,238.56767870586918
2981,c1508a60-92e3-4041-bf33-b331ee87691a,10,2981,True,27743,27341,222.54739291729857
2982,c1508a60-92e3-4041-bf33-b331ee87691a,10,2982,True,27770,27368,197.94136066320425
2983,c1508a60-92e3-4041-bf33-b331ee87691a,10,2983,True,27788,27386,272.5015099415905
2984,c1508a60-92e3-4041-bf33-b331ee87691a,10,2984,True,27811,27409,254.13395266888983
2985,c1508a60-92e3-4041-bf33-b331ee87691a,10,2985,True,27833,27431,257.9010095705562
2986,c1508a60-92e3-4041-bf33-b331ee87691a,10,2986,True,27856,27454,204.50150994159048
2987,c1508a60-92e3-4041-bf33-b331ee87691a,10,2987,True,27895,27493,243.68785512337854
2988,c1508a60-92e3-4041-bf33-b331ee87691a,10,2988,True,27920,27518,192.95644458472816
2989,c1508a60-92e3-4041-bf33-b331ee87691a,10,2989,True,27936,27534,226.5758222286422
2990,c1508a60-92e3-4041-bf33-b331ee87691a,10,2990,True,27966,27564,196.5758222286422
2991,c1508a60-92e3-4041-bf33-b331ee87691a,10,2991,True,28005,27603,182.2886001119914
2992,c1508a60-92e3-4041-bf33-b331ee87691a,10,2992,True,28036,27634,200.2045773227328
2993,c1508a60-92e3-4041-bf33-b331ee87691a,10,2993,True,28064,27662,162.15190730258473
2994,c1508a60-92e3-4041-bf33-b331ee87691a,10,2994,True,28091,27689,145.2045773227328
2995,c1508a60-92e3-4041-bf33-b331ee87691a,10,2995,True,28116,27714,133.89350798062515
2996,c1508a60-92e3-4041-bf33-b331ee87691a,10,2996,True,28144,27742,119.2862534896085
2997,c1508a60-92e3-4041-bf33-b331ee87691a,10,2997,True,28166,27764,104.9501019535819
2998,c1508a60-92e3-4041-bf33-b331ee87691a,10,2998,True,28197,27795,84.1478234242968
2999,c1508a60-92e3-4041-bf33-b331ee87691a,10,2999,True,28225,27823,80.56785927416422
