{"clients": [{"6": {"client_id": 0, "slo": 312, "num_jobs": 5000, "throughput_qps": 15.353496614008755, "total_num_complete": 2153, "goodput_qps": 13.834548737193211, "total_num_tardy": 213, "median_tardiness_ms": 1.6605929794823169, "mean_tardiness_ms": 1.5908174212200408, "std_tardiness_ms": 0.8667422770483049, "median_latency_ms": 297.3121885994942, "mean_latency_ms": 284.07618923943056, "std_latency_ms": 36.19375995140416, "p99_latency_ms": 314.6958370723453, "total_num_dropped": 2847, "drop_rate_qps": 20.302556832365504}}, {"7": {"client_id": 1, "slo": 352, "num_jobs": 5000, "throughput_qps": 14.076713063642975, "total_num_complete": 1978, "goodput_qps": 12.738784825035857, "total_num_tardy": 188, "median_tardiness_ms": 1.3590526273983414, "mean_tardiness_ms": 1.6135266152375625, "std_tardiness_ms": 1.2128354034024136, "median_latency_ms": 333.9762134581106, "mean_latency_ms": 316.05983849330363, "std_latency_ms": 45.617202724366514, "p99_latency_ms": 354.970525522925, "total_num_dropped": 3022, "drop_rate_qps": 21.506484771652715}}, {"8": {"client_id": 2, "slo": 402, "num_jobs": 5000, "throughput_qps": 12.216136803968576, "total_num_complete": 1706, "goodput_qps": 11.299568509180782, "total_num_tardy": 128, "median_tardiness_ms": 2.0715359235473443, "mean_tardiness_ms": 2.3568727870462745, "std_tardiness_ms": 1.6996104115262072, "median_latency_ms": 369.5737320551907, "mean_latency_ms": 351.8779913566067, "std_latency_ms": 51.664914460052444, "p99_latency_ms": 406.3615160678994, "total_num_dropped": 3294, "drop_rate_qps": 23.587312211179658}}]}