{"clients": [{"6": {"client_id": 0, "slo": 124, "num_jobs": 1000, "throughput_qps": 16.04255822450991, "total_num_complete": 1000, "goodput_qps": 15.97838799161187, "total_num_tardy": 4, "median_tardiness_ms": 4.575306785260182, "mean_tardiness_ms": 4.849186767089122, "std_tardiness_ms": 2.014666881933892, "median_latency_ms": 71.76808004642248, "mean_latency_ms": 76.04193605400111, "std_latency_ms": 13.41982615614764, "p99_latency_ms": 115.10218983750114, "total_num_dropped": 0, "drop_rate_qps": 0.0}}, {"7": {"client_id": 1, "slo": 140, "num_jobs": 1000, "throughput_qps": 16.005489493440564, "total_num_complete": 1000, "goodput_qps": 16.005489493440564, "total_num_tardy": 0, "median_latency_ms": 78.10188231169923, "mean_latency_ms": 80.74226891292264, "std_latency_ms": 10.819273357546296, "p99_latency_ms": 113.4688764486623, "total_num_dropped": 0, "drop_rate_qps": 0.0}}, {"8": {"client_id": 2, "slo": 160, "num_jobs": 1000, "throughput_qps": 15.999946175924709, "total_num_complete": 1000, "goodput_qps": 15.999946175924709, "total_num_tardy": 0, "median_latency_ms": 87.44908083614064, "mean_latency_ms": 90.05990629749101, "std_latency_ms": 10.318696800212049, "p99_latency_ms": 118.51677331042781, "total_num_dropped": 0, "drop_rate_qps": 0.0}}]}