{"clients": [{"6": {"client_id": 0, "slo": 124, "num_jobs": 5000, "throughput_qps": 25.961838565080896, "total_num_complete": 5000, "goodput_qps": 25.961838565080896, "total_num_tardy": 0, "median_latency_ms": 81.58052653216146, "mean_latency_ms": 82.54652474952815, "std_latency_ms": 6.685602983575629, "p99_latency_ms": 102.88095343012351, "total_num_dropped": 0, "drop_rate_qps": 0.0}}, {"7": {"client_id": 1, "slo": 140, "num_jobs": 5000, "throughput_qps": 25.989913033308504, "total_num_complete": 5000, "goodput_qps": 25.989913033308504, "total_num_tardy": 0, "median_latency_ms": 89.60619032656541, "mean_latency_ms": 90.59515454432784, "std_latency_ms": 7.001085452111881, "p99_latency_ms": 111.44977102382717, "total_num_dropped": 0, "drop_rate_qps": 0.0}}, {"8": {"client_id": 2, "slo": 160, "num_jobs": 5000, "throughput_qps": 26.1561728096251, "total_num_complete": 5000, "goodput_qps": 26.1561728096251, "total_num_tardy": 0, "median_latency_ms": 99.7502916521953, "mean_latency_ms": 100.68330049152519, "std_latency_ms": 7.054921170349407, "p99_latency_ms": 122.29451411277421, "total_num_dropped": 0, "drop_rate_qps": 0.0}}]}