,client_id,workflow_id,job_id,was_completed,deadline,create_time,response_time
0,39cc6afc-cb4d-41eb-b9b1-6e21dc42bc93,6,0,True,26,26,63.31088573728867
1,39cc6afc-cb4d-41eb-b9b1-6e21dc42bc93,6,1,True,58,58,63.592489750271184
2,39cc6afc-cb4d-41eb-b9b1-6e21dc42bc93,6,2,True,79,79,71.09885391212543
3,39cc6afc-cb4d-41eb-b9b1-6e21dc42bc93,6,3,True,108,108,83.46919553638503
4,39cc6afc-cb4d-41eb-b9b1-6e21dc42bc93,6,4,True,142,142,74.84859002171311
5,39cc6afc-cb4d-41eb-b9b1-6e21dc42bc93,6,5,True,164,164,91.28117092457228
6,39cc6afc-cb4d-41eb-b9b1-6e21dc42bc93,6,6,True,189,189,90.41892448171569
7,39cc6afc-cb4d-41eb-b9b1-6e21dc42bc93,6,7,True,216,216,140.03039210059615
8,39cc6afc-cb4d-41eb-b9b1-6e21dc42bc93,6,8,True,245,245,108.25018902382328
9,39cc6afc-cb4d-41eb-b9b1-6e21dc42bc93,6,9,True,269,269,97.02547509326251
10,39cc6afc-cb4d-41eb-b9b1-6e21dc42bc93,6,10,True,296,296,180.36487334617493
11,39cc6afc-cb4d-41eb-b9b1-6e21dc42bc93,6,11,True,319,319,160.60697419044953
12,39cc6afc-cb4d-41eb-b9b1-6e21dc42bc93,6,12,True,348,348,131.60697419044953
13,39cc6afc-cb4d-41eb-b9b1-6e21dc42bc93,6,13,True,377,377,151.32603094413219
14,39cc6afc-cb4d-41eb-b9b1-6e21dc42bc93,6,14,True,402,402,153.57029809321534
15,39cc6afc-cb4d-41eb-b9b1-6e21dc42bc93,6,15,True,433,433,125.14549771309237
16,39cc6afc-cb4d-41eb-b9b1-6e21dc42bc93,6,16,True,453,453,145.84739933774222
17,39cc6afc-cb4d-41eb-b9b1-6e21dc42bc93,6,17,True,477,477,148.42604516142876
18,39cc6afc-cb4d-41eb-b9b1-6e21dc42bc93,6,18,True,502,502,120.68316076369229
19,39cc6afc-cb4d-41eb-b9b1-6e21dc42bc93,6,19,True,530,530,118.50502712078446
20,39cc6afc-cb4d-41eb-b9b1-6e21dc42bc93,6,20,True,568,568,129.31215379518778
21,39cc6afc-cb4d-41eb-b9b1-6e21dc42bc93,6,21,True,597,597,125.66598164156915
22,39cc6afc-cb4d-41eb-b9b1-6e21dc42bc93,6,22,True,616,616,132.97537689195735
23,39cc6afc-cb4d-41eb-b9b1-6e21dc42bc93,6,23,True,631,631,122.05716619870259
24,39cc6afc-cb4d-41eb-b9b1-6e21dc42bc93,6,24,True,657,657,144.57579495268442
25,39cc6afc-cb4d-41eb-b9b1-6e21dc42bc93,6,25,True,691,691,119.849663948993
26,39cc6afc-cb4d-41eb-b9b1-6e21dc42bc93,6,26,True,715,715,137.02066643486194
27,39cc6afc-cb4d-41eb-b9b1-6e21dc42bc93,6,27,True,736,736,126.05930602744172
28,39cc6afc-cb4d-41eb-b9b1-6e21dc42bc93,6,28,True,768,768,138.3108088630812
29,39cc6afc-cb4d-41eb-b9b1-6e21dc42bc93,6,29,True,799,799,112.54535972200836
30,39cc6afc-cb4d-41eb-b9b1-6e21dc42bc93,6,30,True,831,831,116.62219615527863
31,39cc6afc-cb4d-41eb-b9b1-6e21dc42bc93,6,31,True,856,856,144.18015441095542
32,39cc6afc-cb4d-41eb-b9b1-6e21dc42bc93,6,32,True,890,890,120.86137126727749
33,39cc6afc-cb4d-41eb-b9b1-6e21dc42bc93,6,33,True,915,915,155.71711807148495
34,39cc6afc-cb4d-41eb-b9b1-6e21dc42bc93,6,34,True,940,940,124.6861034960898
35,39cc6afc-cb4d-41eb-b9b1-6e21dc42bc93,6,35,True,971,971,153.2989408798901
36,39cc6afc-cb4d-41eb-b9b1-6e21dc42bc93,6,36,True,1006,1006,136.92268531866762
37,39cc6afc-cb4d-41eb-b9b1-6e21dc42bc93,6,37,True,1026,1026,136.4803348837388
38,39cc6afc-cb4d-41eb-b9b1-6e21dc42bc93,6,38,True,1058,1058,149.28362218052916
39,39cc6afc-cb4d-41eb-b9b1-6e21dc42bc93,6,39,True,1090,1090,177.48121820436313
40,39cc6afc-cb4d-41eb-b9b1-6e21dc42bc93,6,40,True,1118,1118,124.69221970738386
41,39cc6afc-cb4d-41eb-b9b1-6e21dc42bc93,6,41,True,1143,1143,148.55801293798982
42,39cc6afc-cb4d-41eb-b9b1-6e21dc42bc93,6,42,True,1179,1179,130.32170877729027
43,39cc6afc-cb4d-41eb-b9b1-6e21dc42bc93,6,43,True,1205,1205,137.02502067537398
44,39cc6afc-cb4d-41eb-b9b1-6e21dc42bc93,6,44,True,1228,1228,133.87122790189665
45,39cc6afc-cb4d-41eb-b9b1-6e21dc42bc93,6,45,True,1252,1252,139.92149974478434
46,39cc6afc-cb4d-41eb-b9b1-6e21dc42bc93,6,46,True,1289,1289,125.05349151964901
47,39cc6afc-cb4d-41eb-b9b1-6e21dc42bc93,6,47,True,1319,1319,135.88146647830376
48,39cc6afc-cb4d-41eb-b9b1-6e21dc42bc93,6,48,True,1352,1352,127.84926295212722
49,39cc6afc-cb4d-41eb-b9b1-6e21dc42bc93,6,49,True,1387,1387,176.89563360689635
50,39cc6afc-cb4d-41eb-b9b1-6e21dc42bc93,6,50,True,1412,1412,114.60981649675546
51,39cc6afc-cb4d-41eb-b9b1-6e21dc42bc93,6,51,True,1435,1435,171.8570840399991
52,39cc6afc-cb4d-41eb-b9b1-6e21dc42bc93,6,52,True,1461,1461,145.8570840399991
53,39cc6afc-cb4d-41eb-b9b1-6e21dc42bc93,6,53,True,1481,1481,172.94459765670126
54,39cc6afc-cb4d-41eb-b9b1-6e21dc42bc93,6,54,True,1520,1520,143.69388471229718
55,39cc6afc-cb4d-41eb-b9b1-6e21dc42bc93,6,55,True,1548,1548,162.15288260133366
56,39cc6afc-cb4d-41eb-b9b1-6e21dc42bc93,6,56,True,1574,1574,133.6940828712004
57,39cc6afc-cb4d-41eb-b9b1-6e21dc42bc93,6,57,True,1616,1616,149.7036165433094
58,39cc6afc-cb4d-41eb-b9b1-6e21dc42bc93,6,58,True,1644,1644,131.53283976000193
59,39cc6afc-cb4d-41eb-b9b1-6e21dc42bc93,6,59,True,1668,1668,113.66042874819868
60,39cc6afc-cb4d-41eb-b9b1-6e21dc42bc93,6,60,True,1697,1697,162.66973197487005
61,39cc6afc-cb4d-41eb-b9b1-6e21dc42bc93,6,61,True,1713,1713,138.5186271102716
62,39cc6afc-cb4d-41eb-b9b1-6e21dc42bc93,6,62,True,1749,1749,137.15997457442654
63,39cc6afc-cb4d-41eb-b9b1-6e21dc42bc93,6,63,True,1770,1770,132.3622764781294
64,39cc6afc-cb4d-41eb-b9b1-6e21dc42bc93,6,64,True,1800,1800,164.54270093376158
65,39cc6afc-cb4d-41eb-b9b1-6e21dc42bc93,6,65,True,1823,1823,127.20644065206534
66,39cc6afc-cb4d-41eb-b9b1-6e21dc42bc93,6,66,True,1849,1849,149.41087636912857
67,39cc6afc-cb4d-41eb-b9b1-6e21dc42bc93,6,67,True,1879,1879,122.19985924235357
68,39cc6afc-cb4d-41eb-b9b1-6e21dc42bc93,6,68,True,1904,1904,136.59733861726522
69,39cc6afc-cb4d-41eb-b9b1-6e21dc42bc93,6,69,True,1935,1935,131.2960382332567
70,39cc6afc-cb4d-41eb-b9b1-6e21dc42bc93,6,70,True,1963,1963,128.67501894241605
71,39cc6afc-cb4d-41eb-b9b1-6e21dc42bc93,6,71,True,1993,1993,114.74349929004347
72,39cc6afc-cb4d-41eb-b9b1-6e21dc42bc93,6,72,True,2024,2024,187.8625727689746
73,39cc6afc-cb4d-41eb-b9b1-6e21dc42bc93,6,73,True,2062,2062,149.8625727689746
74,39cc6afc-cb4d-41eb-b9b1-6e21dc42bc93,6,74,True,2087,2087,155.01530171286413
75,39cc6afc-cb4d-41eb-b9b1-6e21dc42bc93,6,75,True,2124,2124,134.22844457005704
76,39cc6afc-cb4d-41eb-b9b1-6e21dc42bc93,6,76,True,2148,2148,120.95629054507253
77,39cc6afc-cb4d-41eb-b9b1-6e21dc42bc93,6,77,True,2181,2181,140.04467740770679
78,39cc6afc-cb4d-41eb-b9b1-6e21dc42bc93,6,78,True,2209,2209,118.33287898570552
79,39cc6afc-cb4d-41eb-b9b1-6e21dc42bc93,6,79,True,2245,2245,129.434193809921
80,39cc6afc-cb4d-41eb-b9b1-6e21dc42bc93,6,80,True,2270,2270,131.29666701442784
81,39cc6afc-cb4d-41eb-b9b1-6e21dc42bc93,6,81,True,2305,2305,121.6757023365517
82,39cc6afc-cb4d-41eb-b9b1-6e21dc42bc93,6,82,True,2335,2335,133.16754716542846
83,39cc6afc-cb4d-41eb-b9b1-6e21dc42bc93,6,83,True,2357,2357,122.74188947182984
84,39cc6afc-cb4d-41eb-b9b1-6e21dc42bc93,6,84,True,2386,2386,117.01561620403663
85,39cc6afc-cb4d-41eb-b9b1-6e21dc42bc93,6,85,True,2406,2406,159.0584348590719
86,39cc6afc-cb4d-41eb-b9b1-6e21dc42bc93,6,86,True,2434,2434,133.57901625931936
87,39cc6afc-cb4d-41eb-b9b1-6e21dc42bc93,6,87,True,2464,2464,151.82708464090638
88,39cc6afc-cb4d-41eb-b9b1-6e21dc42bc93,6,88,True,2495,2495,118.2634686521983
89,39cc6afc-cb4d-41eb-b9b1-6e21dc42bc93,6,89,True,2520,2520,146.02587113053414
90,39cc6afc-cb4d-41eb-b9b1-6e21dc42bc93,6,90,True,2550,2550,105.29585278634477
91,39cc6afc-cb4d-41eb-b9b1-6e21dc42bc93,6,91,True,2580,2580,131.2533085215532
92,39cc6afc-cb4d-41eb-b9b1-6e21dc42bc93,6,92,True,2599,2599,114.60148143833203
93,39cc6afc-cb4d-41eb-b9b1-6e21dc42bc93,6,93,True,2623,2623,148.94908744132817
94,39cc6afc-cb4d-41eb-b9b1-6e21dc42bc93,6,94,True,2658,2658,142.294708492454
95,39cc6afc-cb4d-41eb-b9b1-6e21dc42bc93,6,95,True,2691,2691,141.73541121879634
96,39cc6afc-cb4d-41eb-b9b1-6e21dc42bc93,6,96,True,2720,2720,109.98343174384081
97,39cc6afc-cb4d-41eb-b9b1-6e21dc42bc93,6,97,True,2742,2742,139.47561597381355
98,39cc6afc-cb4d-41eb-b9b1-6e21dc42bc93,6,98,True,2766,2766,117.69868959264613
99,39cc6afc-cb4d-41eb-b9b1-6e21dc42bc93,6,99,True,2796,2796,137.08163670808017
100,39cc6afc-cb4d-41eb-b9b1-6e21dc42bc93,6,100,True,2833,2833,124.57534515406951
101,39cc6afc-cb4d-41eb-b9b1-6e21dc42bc93,6,101,True,2860,2860,137.15292794994957
102,39cc6afc-cb4d-41eb-b9b1-6e21dc42bc93,6,102,True,2884,2884,119.70199243951038
103,39cc6afc-cb4d-41eb-b9b1-6e21dc42bc93,6,103,True,2918,2918,120.77544429268801
104,39cc6afc-cb4d-41eb-b9b1-6e21dc42bc93,6,104,True,2940,2940,161.02414105236403
105,39cc6afc-cb4d-41eb-b9b1-6e21dc42bc93,6,105,True,2978,2978,148.79473151179172
106,39cc6afc-cb4d-41eb-b9b1-6e21dc42bc93,6,106,True,3007,3007,199.49169358823156
107,39cc6afc-cb4d-41eb-b9b1-6e21dc42bc93,6,107,True,3028,3028,178.49169358823156
108,39cc6afc-cb4d-41eb-b9b1-6e21dc42bc93,6,108,True,3063,3063,256.2247679013376
109,39cc6afc-cb4d-41eb-b9b1-6e21dc42bc93,6,109,True,3094,3094,162.0446541571314
110,39cc6afc-cb4d-41eb-b9b1-6e21dc42bc93,6,110,True,3119,3119,200.2247679013376
111,39cc6afc-cb4d-41eb-b9b1-6e21dc42bc93,6,111,True,3147,3147,172.2247679013376
112,39cc6afc-cb4d-41eb-b9b1-6e21dc42bc93,6,112,True,3180,3180,147.09853430972043
113,39cc6afc-cb4d-41eb-b9b1-6e21dc42bc93,6,113,True,3211,3211,229.17920153771593
114,39cc6afc-cb4d-41eb-b9b1-6e21dc42bc93,6,114,True,3246,3246,153.93959908064608
115,39cc6afc-cb4d-41eb-b9b1-6e21dc42bc93,6,115,True,3272,3272,177.47335788090413
116,39cc6afc-cb4d-41eb-b9b1-6e21dc42bc93,6,116,True,3301,3301,139.17920153771593
117,39cc6afc-cb4d-41eb-b9b1-6e21dc42bc93,6,117,True,3328,3328,126.32264762006571
118,39cc6afc-cb4d-41eb-b9b1-6e21dc42bc93,6,118,True,3352,3352,155.44064770942487
119,39cc6afc-cb4d-41eb-b9b1-6e21dc42bc93,6,119,True,3364,3364,114.51092803993015
120,39cc6afc-cb4d-41eb-b9b1-6e21dc42bc93,6,120,True,3397,3397,137.24429086669033
121,39cc6afc-cb4d-41eb-b9b1-6e21dc42bc93,6,121,True,3418,3418,135.50505156475492
122,39cc6afc-cb4d-41eb-b9b1-6e21dc42bc93,6,122,True,3450,3450,134.24740259751343
123,39cc6afc-cb4d-41eb-b9b1-6e21dc42bc93,6,123,True,3480,3480,123.05248526926107
124,39cc6afc-cb4d-41eb-b9b1-6e21dc42bc93,6,124,True,3508,3508,160.1399360336668
125,39cc6afc-cb4d-41eb-b9b1-6e21dc42bc93,6,125,True,3536,3536,126.7125778766399
126,39cc6afc-cb4d-41eb-b9b1-6e21dc42bc93,6,126,True,3569,3569,152.94351099967753
127,39cc6afc-cb4d-41eb-b9b1-6e21dc42bc93,6,127,True,3596,3596,128.46090097848628
128,39cc6afc-cb4d-41eb-b9b1-6e21dc42bc93,6,128,True,3630,3630,160.15802091384194
129,39cc6afc-cb4d-41eb-b9b1-6e21dc42bc93,6,129,True,3656,3656,161.30008462841488
130,39cc6afc-cb4d-41eb-b9b1-6e21dc42bc93,6,130,True,3678,3678,141.85508494904707
131,39cc6afc-cb4d-41eb-b9b1-6e21dc42bc93,6,131,True,3706,3706,111.30008462841488
132,39cc6afc-cb4d-41eb-b9b1-6e21dc42bc93,6,132,True,3736,3736,133.48293346147602
133,39cc6afc-cb4d-41eb-b9b1-6e21dc42bc93,6,133,True,3776,3776,102.5842308586648
134,39cc6afc-cb4d-41eb-b9b1-6e21dc42bc93,6,134,True,3805,3805,135.88395379191434
135,39cc6afc-cb4d-41eb-b9b1-6e21dc42bc93,6,135,True,3831,3831,165.1851690777903
136,39cc6afc-cb4d-41eb-b9b1-6e21dc42bc93,6,136,True,3856,3856,163.33742496731338
137,39cc6afc-cb4d-41eb-b9b1-6e21dc42bc93,6,137,True,3871,3871,122.31497208076371
138,39cc6afc-cb4d-41eb-b9b1-6e21dc42bc93,6,138,True,3905,3905,167.5740383878906
139,39cc6afc-cb4d-41eb-b9b1-6e21dc42bc93,6,139,True,3932,3932,138.17184174805425
140,39cc6afc-cb4d-41eb-b9b1-6e21dc42bc93,6,140,True,3960,3960,162.3041550179305
141,39cc6afc-cb4d-41eb-b9b1-6e21dc42bc93,6,141,True,3982,3982,175.70197374388772
142,39cc6afc-cb4d-41eb-b9b1-6e21dc42bc93,6,142,True,4008,4008,149.70197374388772
143,39cc6afc-cb4d-41eb-b9b1-6e21dc42bc93,6,143,True,4038,4038,143.42016701953435
144,39cc6afc-cb4d-41eb-b9b1-6e21dc42bc93,6,144,True,4064,4064,155.83363825540164
145,39cc6afc-cb4d-41eb-b9b1-6e21dc42bc93,6,145,True,4092,4092,130.32053401066787
146,39cc6afc-cb4d-41eb-b9b1-6e21dc42bc93,6,146,True,4122,4122,174.95967759200994
147,39cc6afc-cb4d-41eb-b9b1-6e21dc42bc93,6,147,True,4140,4140,109.74813228505718
148,39cc6afc-cb4d-41eb-b9b1-6e21dc42bc93,6,148,True,4178,4178,143.86875293920366
149,39cc6afc-cb4d-41eb-b9b1-6e21dc42bc93,6,149,True,4204,4204,122.14240320372664
150,39cc6afc-cb4d-41eb-b9b1-6e21dc42bc93,6,150,True,4231,4231,142.24454948736638
151,39cc6afc-cb4d-41eb-b9b1-6e21dc42bc93,6,151,True,4269,4269,128.49399601724144
152,39cc6afc-cb4d-41eb-b9b1-6e21dc42bc93,6,152,True,4291,4291,132.19004850119018
153,39cc6afc-cb4d-41eb-b9b1-6e21dc42bc93,6,153,True,4311,4311,124.45388129236107
154,39cc6afc-cb4d-41eb-b9b1-6e21dc42bc93,6,154,True,4330,4330,148.322834423544
155,39cc6afc-cb4d-41eb-b9b1-6e21dc42bc93,6,155,True,4348,4348,149.4977330510501
156,39cc6afc-cb4d-41eb-b9b1-6e21dc42bc93,6,156,True,4382,4382,125.50047469607944
157,39cc6afc-cb4d-41eb-b9b1-6e21dc42bc93,6,157,True,4415,4415,119.75530657772742
158,39cc6afc-cb4d-41eb-b9b1-6e21dc42bc93,6,158,True,4435,4435,141.4050387534371
159,39cc6afc-cb4d-41eb-b9b1-6e21dc42bc93,6,159,True,4465,4465,108.97010694936671
160,39cc6afc-cb4d-41eb-b9b1-6e21dc42bc93,6,160,True,4489,4489,137.19055437387124
161,39cc6afc-cb4d-41eb-b9b1-6e21dc42bc93,6,161,True,4515,4515,204.52913668201654
162,39cc6afc-cb4d-41eb-b9b1-6e21dc42bc93,6,162,True,4540,4540,155.86881420501868
163,39cc6afc-cb4d-41eb-b9b1-6e21dc42bc93,6,163,True,4574,4574,170.21967824654803
164,39cc6afc-cb4d-41eb-b9b1-6e21dc42bc93,6,164,True,4606,4606,140.78904839900042
165,39cc6afc-cb4d-41eb-b9b1-6e21dc42bc93,6,165,True,4626,4626,202.7845336819837
166,39cc6afc-cb4d-41eb-b9b1-6e21dc42bc93,6,166,True,4654,4654,174.7845336819837
167,39cc6afc-cb4d-41eb-b9b1-6e21dc42bc93,6,167,True,4679,4679,146.4687536859601
168,39cc6afc-cb4d-41eb-b9b1-6e21dc42bc93,6,168,True,4705,4705,207.1178327798416
169,39cc6afc-cb4d-41eb-b9b1-6e21dc42bc93,6,169,True,4741,4741,221.10546170757152
170,39cc6afc-cb4d-41eb-b9b1-6e21dc42bc93,6,170,True,4766,4766,250.64403919850065
171,39cc6afc-cb4d-41eb-b9b1-6e21dc42bc93,6,171,True,4806,4806,210.64403919850065
172,39cc6afc-cb4d-41eb-b9b1-6e21dc42bc93,6,172,True,4836,4836,177.2857094915089
173,39cc6afc-cb4d-41eb-b9b1-6e21dc42bc93,6,173,True,4860,4860,184.78720128402438
174,39cc6afc-cb4d-41eb-b9b1-6e21dc42bc93,6,174,True,4890,4890,171.06763005081666
175,39cc6afc-cb4d-41eb-b9b1-6e21dc42bc93,6,175,True,4909,4909,219.77627532747556
176,39cc6afc-cb4d-41eb-b9b1-6e21dc42bc93,6,176,True,4926,4926,172.17377499330087
177,39cc6afc-cb4d-41eb-b9b1-6e21dc42bc93,6,177,True,4953,4953,175.77627532747556
178,39cc6afc-cb4d-41eb-b9b1-6e21dc42bc93,6,178,True,4978,4978,163.00508774064383
179,39cc6afc-cb4d-41eb-b9b1-6e21dc42bc93,6,179,True,4999,4999,153.3489712844721
180,39cc6afc-cb4d-41eb-b9b1-6e21dc42bc93,6,180,True,5029,5029,177.28007456586238
181,39cc6afc-cb4d-41eb-b9b1-6e21dc42bc93,6,181,True,5048,5048,153.50766819366982
182,39cc6afc-cb4d-41eb-b9b1-6e21dc42bc93,6,182,True,5079,5079,171.01189124989287
183,39cc6afc-cb4d-41eb-b9b1-6e21dc42bc93,6,183,True,5105,5105,185.62618260834734
184,39cc6afc-cb4d-41eb-b9b1-6e21dc42bc93,6,184,True,5131,5131,200.47716474970912
185,39cc6afc-cb4d-41eb-b9b1-6e21dc42bc93,6,185,True,5163,5163,152.62904143007836
186,39cc6afc-cb4d-41eb-b9b1-6e21dc42bc93,6,186,True,5190,5190,141.47716474970912
187,39cc6afc-cb4d-41eb-b9b1-6e21dc42bc93,6,187,True,5210,5210,129.29095591560963
188,39cc6afc-cb4d-41eb-b9b1-6e21dc42bc93,6,188,True,5227,5227,138.79798015551114
189,39cc6afc-cb4d-41eb-b9b1-6e21dc42bc93,6,189,True,5247,5247,169.6242535804995
190,39cc6afc-cb4d-41eb-b9b1-6e21dc42bc93,6,190,True,5279,5279,126.96841627680351
191,39cc6afc-cb4d-41eb-b9b1-6e21dc42bc93,6,191,True,5321,5321,151.73117188040214
192,39cc6afc-cb4d-41eb-b9b1-6e21dc42bc93,6,192,True,5345,5345,113.48624267937066
193,39cc6afc-cb4d-41eb-b9b1-6e21dc42bc93,6,193,True,5363,5363,132.38935234223118
194,39cc6afc-cb4d-41eb-b9b1-6e21dc42bc93,6,194,True,5393,5393,160.9852842363598
195,39cc6afc-cb4d-41eb-b9b1-6e21dc42bc93,6,195,True,5420,5420,131.7224996861696
196,39cc6afc-cb4d-41eb-b9b1-6e21dc42bc93,6,196,True,5449,5449,146.11662584678288
197,39cc6afc-cb4d-41eb-b9b1-6e21dc42bc93,6,197,True,5464,5464,112.16082280303272
198,39cc6afc-cb4d-41eb-b9b1-6e21dc42bc93,6,198,True,5503,5503,159.10516803891278
199,39cc6afc-cb4d-41eb-b9b1-6e21dc42bc93,6,199,True,5530,5530,140.60423746291508
200,39cc6afc-cb4d-41eb-b9b1-6e21dc42bc93,6,200,True,5554,5554,167.7439851352283
201,39cc6afc-cb4d-41eb-b9b1-6e21dc42bc93,6,201,True,5581,5581,132.3441129225248
202,39cc6afc-cb4d-41eb-b9b1-6e21dc42bc93,6,202,True,5610,5610,152.926288855022
203,39cc6afc-cb4d-41eb-b9b1-6e21dc42bc93,6,203,True,5641,5641,118.64051845988888
204,39cc6afc-cb4d-41eb-b9b1-6e21dc42bc93,6,204,True,5666,5666,135.19316600769253
205,39cc6afc-cb4d-41eb-b9b1-6e21dc42bc93,6,205,True,5697,5697,112.04631719363533
206,39cc6afc-cb4d-41eb-b9b1-6e21dc42bc93,6,206,True,5733,5733,125.65839121178396
207,39cc6afc-cb4d-41eb-b9b1-6e21dc42bc93,6,207,True,5772,5772,113.44968239479113
208,39cc6afc-cb4d-41eb-b9b1-6e21dc42bc93,6,208,True,5801,5801,141.49436573279127
209,39cc6afc-cb4d-41eb-b9b1-6e21dc42bc93,6,209,True,5816,5816,128.50840896074533
210,39cc6afc-cb4d-41eb-b9b1-6e21dc42bc93,6,210,True,5842,5842,191.11515413876805
211,39cc6afc-cb4d-41eb-b9b1-6e21dc42bc93,6,211,True,5871,5871,179.9102719017037
212,39cc6afc-cb4d-41eb-b9b1-6e21dc42bc93,6,212,True,5905,5905,157.18568472711104
213,39cc6afc-cb4d-41eb-b9b1-6e21dc42bc93,6,213,True,5931,5931,133.40092830089452
214,39cc6afc-cb4d-41eb-b9b1-6e21dc42bc93,6,214,True,5965,5965,179.35202549941096
215,39cc6afc-cb4d-41eb-b9b1-6e21dc42bc93,6,215,True,5992,5992,148.584485683823
216,39cc6afc-cb4d-41eb-b9b1-6e21dc42bc93,6,216,True,6032,6032,160.56559386935714
217,39cc6afc-cb4d-41eb-b9b1-6e21dc42bc93,6,217,True,6055,6055,140.5726300296783
218,39cc6afc-cb4d-41eb-b9b1-6e21dc42bc93,6,218,True,6085,6085,161.1270358227721
219,39cc6afc-cb4d-41eb-b9b1-6e21dc42bc93,6,219,True,6105,6105,138.7294995644079
220,39cc6afc-cb4d-41eb-b9b1-6e21dc42bc93,6,220,True,6133,6133,163.4163510467697
221,39cc6afc-cb4d-41eb-b9b1-6e21dc42bc93,6,221,True,6161,6161,127.85318517775886
222,39cc6afc-cb4d-41eb-b9b1-6e21dc42bc93,6,222,True,6190,6190,128.372089178828
223,39cc6afc-cb4d-41eb-b9b1-6e21dc42bc93,6,223,True,6225,6225,152.02869196015035
224,39cc6afc-cb4d-41eb-b9b1-6e21dc42bc93,6,224,True,6246,6246,154.95261740262686
225,39cc6afc-cb4d-41eb-b9b1-6e21dc42bc93,6,225,True,6278,6278,130.26433642570646
226,39cc6afc-cb4d-41eb-b9b1-6e21dc42bc93,6,226,True,6309,6309,119.46456039793338
227,39cc6afc-cb4d-41eb-b9b1-6e21dc42bc93,6,227,True,6330,6330,133.85073823503717
228,39cc6afc-cb4d-41eb-b9b1-6e21dc42bc93,6,228,True,6355,6355,148.33597690259194
229,39cc6afc-cb4d-41eb-b9b1-6e21dc42bc93,6,229,True,6381,6381,130.76113818251451
230,39cc6afc-cb4d-41eb-b9b1-6e21dc42bc93,6,230,True,6417,6417,119.99503809491671
231,39cc6afc-cb4d-41eb-b9b1-6e21dc42bc93,6,231,True,6445,6445,144.6372950347668
232,39cc6afc-cb4d-41eb-b9b1-6e21dc42bc93,6,232,True,6471,6471,122.6292474163265
233,39cc6afc-cb4d-41eb-b9b1-6e21dc42bc93,6,233,True,6499,6499,144.56055607366852
234,39cc6afc-cb4d-41eb-b9b1-6e21dc42bc93,6,234,True,6527,6527,118.56515934752679
235,39cc6afc-cb4d-41eb-b9b1-6e21dc42bc93,6,235,True,6557,6557,150.73008540960018
236,39cc6afc-cb4d-41eb-b9b1-6e21dc42bc93,6,236,True,6575,6575,157.56883392662075
237,39cc6afc-cb4d-41eb-b9b1-6e21dc42bc93,6,237,True,6596,6596,151.43622311642412
238,39cc6afc-cb4d-41eb-b9b1-6e21dc42bc93,6,238,True,6617,6617,213.53381737828022
239,39cc6afc-cb4d-41eb-b9b1-6e21dc42bc93,6,239,True,6639,6639,164.78649362113902
240,39cc6afc-cb4d-41eb-b9b1-6e21dc42bc93,6,240,True,6675,6675,184.26848715362758
241,39cc6afc-cb4d-41eb-b9b1-6e21dc42bc93,6,241,True,6705,6705,180.21227669287782
242,39cc6afc-cb4d-41eb-b9b1-6e21dc42bc93,6,242,True,6727,6727,154.0785461646292
243,39cc6afc-cb4d-41eb-b9b1-6e21dc42bc93,6,243,True,6749,6749,164.69560213147543
244,39cc6afc-cb4d-41eb-b9b1-6e21dc42bc93,6,244,True,6771,6771,195.4614444824174
245,39cc6afc-cb4d-41eb-b9b1-6e21dc42bc93,6,245,True,6791,6791,172.82275328838568
246,39cc6afc-cb4d-41eb-b9b1-6e21dc42bc93,6,246,True,6814,6814,144.9976265925552
247,39cc6afc-cb4d-41eb-b9b1-6e21dc42bc93,6,247,True,6842,6842,173.75599772202622
248,39cc6afc-cb4d-41eb-b9b1-6e21dc42bc93,6,248,True,6872,6872,170.8309315006918
249,39cc6afc-cb4d-41eb-b9b1-6e21dc42bc93,6,249,True,6889,6889,156.45827871858546
250,39cc6afc-cb4d-41eb-b9b1-6e21dc42bc93,6,250,True,6922,6922,194.79545648286876
251,39cc6afc-cb4d-41eb-b9b1-6e21dc42bc93,6,251,True,6944,6944,175.0906515267052
252,39cc6afc-cb4d-41eb-b9b1-6e21dc42bc93,6,252,True,6970,6970,146.79545648286876
253,39cc6afc-cb4d-41eb-b9b1-6e21dc42bc93,6,253,True,7000,7000,189.41158507567343
254,39cc6afc-cb4d-41eb-b9b1-6e21dc42bc93,6,254,True,7027,7027,166.54441307540037
255,39cc6afc-cb4d-41eb-b9b1-6e21dc42bc93,6,255,True,7041,7041,185.23283651396832
256,39cc6afc-cb4d-41eb-b9b1-6e21dc42bc93,6,256,True,7069,7069,211.27683455548777
257,39cc6afc-cb4d-41eb-b9b1-6e21dc42bc93,6,257,True,7089,7089,160.32982323779743
258,39cc6afc-cb4d-41eb-b9b1-6e21dc42bc93,6,258,True,7117,7117,199.860696755748
259,39cc6afc-cb4d-41eb-b9b1-6e21dc42bc93,6,259,True,7141,7141,178.33056212906013
260,39cc6afc-cb4d-41eb-b9b1-6e21dc42bc93,6,260,True,7164,7164,150.72196947966768
261,39cc6afc-cb4d-41eb-b9b1-6e21dc42bc93,6,261,True,7193,7193,189.36891070805723
262,39cc6afc-cb4d-41eb-b9b1-6e21dc42bc93,6,262,True,7226,7226,206.61453268054902
263,39cc6afc-cb4d-41eb-b9b1-6e21dc42bc93,6,263,True,7245,7245,202.78486683823303
264,39cc6afc-cb4d-41eb-b9b1-6e21dc42bc93,6,264,True,7274,7274,180.7149943921777
265,39cc6afc-cb4d-41eb-b9b1-6e21dc42bc93,6,265,True,7301,7301,198.67594066772654
266,39cc6afc-cb4d-41eb-b9b1-6e21dc42bc93,6,266,True,7325,7325,153.55319084429811
267,39cc6afc-cb4d-41eb-b9b1-6e21dc42bc93,6,267,True,7355,7355,197.0122735023624
268,39cc6afc-cb4d-41eb-b9b1-6e21dc42bc93,6,268,True,7384,7384,172.43756284921255
269,39cc6afc-cb4d-41eb-b9b1-6e21dc42bc93,6,269,True,7404,7404,148.0122735023624
270,39cc6afc-cb4d-41eb-b9b1-6e21dc42bc93,6,270,True,7427,7427,179.29052984529426
271,39cc6afc-cb4d-41eb-b9b1-6e21dc42bc93,6,271,True,7449,7449,208.4141577852206
272,39cc6afc-cb4d-41eb-b9b1-6e21dc42bc93,6,272,True,7468,7468,167.96790461573164
273,39cc6afc-cb4d-41eb-b9b1-6e21dc42bc93,6,273,True,7488,7488,199.07745736530978
274,39cc6afc-cb4d-41eb-b9b1-6e21dc42bc93,6,274,True,7521,7521,141.9527299107267
275,39cc6afc-cb4d-41eb-b9b1-6e21dc42bc93,6,275,True,7543,7543,208.4205643724481
276,39cc6afc-cb4d-41eb-b9b1-6e21dc42bc93,6,276,True,7580,7580,126.64427459195849
277,39cc6afc-cb4d-41eb-b9b1-6e21dc42bc93,6,277,True,7609,7609,138.36033561224667
278,39cc6afc-cb4d-41eb-b9b1-6e21dc42bc93,6,278,True,7641,7641,145.61353885502103
279,39cc6afc-cb4d-41eb-b9b1-6e21dc42bc93,6,279,True,7666,7666,143.37306015543618
280,39cc6afc-cb4d-41eb-b9b1-6e21dc42bc93,6,280,True,7694,7694,130.64342029795534
281,39cc6afc-cb4d-41eb-b9b1-6e21dc42bc93,6,281,True,7714,7714,126.03410609817365
282,39cc6afc-cb4d-41eb-b9b1-6e21dc42bc93,6,282,True,7738,7738,151.24430103953455
283,39cc6afc-cb4d-41eb-b9b1-6e21dc42bc93,6,283,True,7759,7759,157.58491531724667
284,39cc6afc-cb4d-41eb-b9b1-6e21dc42bc93,6,284,True,7787,7787,144.79240620497694
285,39cc6afc-cb4d-41eb-b9b1-6e21dc42bc93,6,285,True,7812,7812,128.39083908422253
286,39cc6afc-cb4d-41eb-b9b1-6e21dc42bc93,6,286,True,7837,7837,194.06232303758952
287,39cc6afc-cb4d-41eb-b9b1-6e21dc42bc93,6,287,True,7861,7861,120.24309852316492
288,39cc6afc-cb4d-41eb-b9b1-6e21dc42bc93,6,288,True,7893,7893,189.03091692659564
289,39cc6afc-cb4d-41eb-b9b1-6e21dc42bc93,6,289,True,7920,7920,134.54109965492898
290,39cc6afc-cb4d-41eb-b9b1-6e21dc42bc93,6,290,True,7945,7945,163.94543797622373
291,39cc6afc-cb4d-41eb-b9b1-6e21dc42bc93,6,291,True,7966,7966,138.37625755709723
292,39cc6afc-cb4d-41eb-b9b1-6e21dc42bc93,6,292,True,8004,8004,127.6026996470664
293,39cc6afc-cb4d-41eb-b9b1-6e21dc42bc93,6,293,True,8022,8022,140.31534876949354
294,39cc6afc-cb4d-41eb-b9b1-6e21dc42bc93,6,294,True,8051,8051,181.230065118496
295,39cc6afc-cb4d-41eb-b9b1-6e21dc42bc93,6,295,True,8072,8072,213.570771334269
296,39cc6afc-cb4d-41eb-b9b1-6e21dc42bc93,6,296,True,8095,8095,214.63950409740573
297,39cc6afc-cb4d-41eb-b9b1-6e21dc42bc93,6,297,True,8117,8117,242.22309658385166
298,39cc6afc-cb4d-41eb-b9b1-6e21dc42bc93,6,298,True,8147,8147,191.78741167174485
299,39cc6afc-cb4d-41eb-b9b1-6e21dc42bc93,6,299,True,8172,8172,230.0027575851218
300,39cc6afc-cb4d-41eb-b9b1-6e21dc42bc93,6,300,True,8198,8198,201.4108552589205
301,39cc6afc-cb4d-41eb-b9b1-6e21dc42bc93,6,301,True,8225,8225,186.58016717299688
302,39cc6afc-cb4d-41eb-b9b1-6e21dc42bc93,6,302,True,8252,8252,207.16969696320666
303,39cc6afc-cb4d-41eb-b9b1-6e21dc42bc93,6,303,True,8284,8284,165.6523978388159
304,39cc6afc-cb4d-41eb-b9b1-6e21dc42bc93,6,304,True,8310,8310,175.70364004306612
305,39cc6afc-cb4d-41eb-b9b1-6e21dc42bc93,6,305,True,8346,8346,155.67029807613835
306,39cc6afc-cb4d-41eb-b9b1-6e21dc42bc93,6,306,True,8376,8376,176.2957861902978
307,39cc6afc-cb4d-41eb-b9b1-6e21dc42bc93,6,307,True,8397,8397,179.44489241724477
308,39cc6afc-cb4d-41eb-b9b1-6e21dc42bc93,6,308,True,8427,8427,163.37453006564647
309,39cc6afc-cb4d-41eb-b9b1-6e21dc42bc93,6,309,True,8448,8448,194.66305642297084
310,39cc6afc-cb4d-41eb-b9b1-6e21dc42bc93,6,310,True,8472,8472,155.0188817430826
311,39cc6afc-cb4d-41eb-b9b1-6e21dc42bc93,6,311,True,8497,8497,194.97561837192734
312,39cc6afc-cb4d-41eb-b9b1-6e21dc42bc93,6,312,True,8518,8518,148.58431781779473
313,39cc6afc-cb4d-41eb-b9b1-6e21dc42bc93,6,313,True,8551,8551,155.43439004317588
314,39cc6afc-cb4d-41eb-b9b1-6e21dc42bc93,6,314,True,8574,8574,259.73523391201525
315,39cc6afc-cb4d-41eb-b9b1-6e21dc42bc93,6,315,True,8605,8605,231.75969754207472
316,39cc6afc-cb4d-41eb-b9b1-6e21dc42bc93,6,316,True,8636,8636,330.54773975631724
317,39cc6afc-cb4d-41eb-b9b1-6e21dc42bc93,6,317,True,8660,8660,282.7904909535082
318,39cc6afc-cb4d-41eb-b9b1-6e21dc42bc93,6,318,True,8689,8689,253.7904909535082
319,39cc6afc-cb4d-41eb-b9b1-6e21dc42bc93,6,319,True,8716,8716,320.91456353999456
320,39cc6afc-cb4d-41eb-b9b1-6e21dc42bc93,6,320,True,8737,8737,340.26454690857463
321,39cc6afc-cb4d-41eb-b9b1-6e21dc42bc93,6,321,True,8765,8765,285.08396393369003
322,39cc6afc-cb4d-41eb-b9b1-6e21dc42bc93,6,322,True,8803,8803,274.26454690857463
323,39cc6afc-cb4d-41eb-b9b1-6e21dc42bc93,6,323,True,8834,8834,290.69543853136383
324,39cc6afc-cb4d-41eb-b9b1-6e21dc42bc93,6,324,True,8863,8863,306.45922196518404
325,39cc6afc-cb4d-41eb-b9b1-6e21dc42bc93,6,325,True,8890,8890,256.9159452421063
326,39cc6afc-cb4d-41eb-b9b1-6e21dc42bc93,6,326,True,8917,8917,252.45922196518404
327,39cc6afc-cb4d-41eb-b9b1-6e21dc42bc93,6,327,True,8938,8938,208.91594524210632
328,39cc6afc-cb4d-41eb-b9b1-6e21dc42bc93,6,328,True,8973,8973,280.52497583214426
329,39cc6afc-cb4d-41eb-b9b1-6e21dc42bc93,6,329,True,9002,9002,186.6452068786839
330,39cc6afc-cb4d-41eb-b9b1-6e21dc42bc93,6,330,True,9019,9019,240.0415731780231
331,39cc6afc-cb4d-41eb-b9b1-6e21dc42bc93,6,331,True,9052,9052,207.0415731780231
332,39cc6afc-cb4d-41eb-b9b1-6e21dc42bc93,6,332,True,9077,9077,237.33904901288588
333,39cc6afc-cb4d-41eb-b9b1-6e21dc42bc93,6,333,True,9105,9105,178.9676776152337
334,39cc6afc-cb4d-41eb-b9b1-6e21dc42bc93,6,334,True,9130,9130,184.33904901288588
335,39cc6afc-cb4d-41eb-b9b1-6e21dc42bc93,6,335,True,9162,9162,175.1601410163621
336,39cc6afc-cb4d-41eb-b9b1-6e21dc42bc93,6,336,True,9185,9185,201.82319579642171
337,39cc6afc-cb4d-41eb-b9b1-6e21dc42bc93,6,337,True,9206,9206,151.06514058672838
338,39cc6afc-cb4d-41eb-b9b1-6e21dc42bc93,6,338,True,9234,9234,205.62709499939774
339,39cc6afc-cb4d-41eb-b9b1-6e21dc42bc93,6,339,True,9271,9271,136.49697147302504
340,39cc6afc-cb4d-41eb-b9b1-6e21dc42bc93,6,340,True,9300,9300,167.35604200916168
341,39cc6afc-cb4d-41eb-b9b1-6e21dc42bc93,6,341,True,9321,9321,134.64168440136382
342,39cc6afc-cb4d-41eb-b9b1-6e21dc42bc93,6,342,True,9349,9349,138.7804791173785
343,39cc6afc-cb4d-41eb-b9b1-6e21dc42bc93,6,343,True,9367,9367,126.1107181060379
344,39cc6afc-cb4d-41eb-b9b1-6e21dc42bc93,6,344,True,9390,9390,149.4167655677793
345,39cc6afc-cb4d-41eb-b9b1-6e21dc42bc93,6,345,True,9413,9413,132.45547083489873
346,39cc6afc-cb4d-41eb-b9b1-6e21dc42bc93,6,346,True,9442,9442,159.7061352351193
347,39cc6afc-cb4d-41eb-b9b1-6e21dc42bc93,6,347,True,9474,9474,147.26149934192654
348,39cc6afc-cb4d-41eb-b9b1-6e21dc42bc93,6,348,True,9502,9502,157.70153868941634
349,39cc6afc-cb4d-41eb-b9b1-6e21dc42bc93,6,349,True,9528,9528,166.8279957030245
350,39cc6afc-cb4d-41eb-b9b1-6e21dc42bc93,6,350,True,9549,9549,157.63173023939999
351,39cc6afc-cb4d-41eb-b9b1-6e21dc42bc93,6,351,True,9575,9575,166.9371879226801
352,39cc6afc-cb4d-41eb-b9b1-6e21dc42bc93,6,352,True,9605,9605,154.26817517950985
353,39cc6afc-cb4d-41eb-b9b1-6e21dc42bc93,6,353,True,9636,9636,162.2260619324934
354,39cc6afc-cb4d-41eb-b9b1-6e21dc42bc93,6,354,True,9659,9659,180.24998811010664
355,39cc6afc-cb4d-41eb-b9b1-6e21dc42bc93,6,355,True,9692,9692,149.8531982970744
356,39cc6afc-cb4d-41eb-b9b1-6e21dc42bc93,6,356,True,9722,9722,142.27969756942002
357,39cc6afc-cb4d-41eb-b9b1-6e21dc42bc93,6,357,True,9742,9742,124.81869868344802
358,39cc6afc-cb4d-41eb-b9b1-6e21dc42bc93,6,358,True,9773,9773,141.72207173234528
359,39cc6afc-cb4d-41eb-b9b1-6e21dc42bc93,6,359,True,9807,9807,110.40255764838366
360,39cc6afc-cb4d-41eb-b9b1-6e21dc42bc93,6,360,True,9837,9837,125.95287207212095
361,39cc6afc-cb4d-41eb-b9b1-6e21dc42bc93,6,361,True,9860,9860,105.2592570105844
362,39cc6afc-cb4d-41eb-b9b1-6e21dc42bc93,6,362,True,9882,9882,143.23613200866203
363,39cc6afc-cb4d-41eb-b9b1-6e21dc42bc93,6,363,True,9908,9908,119.32808859122633
364,39cc6afc-cb4d-41eb-b9b1-6e21dc42bc93,6,364,True,9941,9941,137.97200618502393
365,39cc6afc-cb4d-41eb-b9b1-6e21dc42bc93,6,365,True,9965,9965,117.78694654593528
366,39cc6afc-cb4d-41eb-b9b1-6e21dc42bc93,6,366,True,9994,9994,120.09148744195409
367,39cc6afc-cb4d-41eb-b9b1-6e21dc42bc93,6,367,True,10024,10024,111.22213380433277
368,39cc6afc-cb4d-41eb-b9b1-6e21dc42bc93,6,368,True,10053,10053,127.25188502323545
369,39cc6afc-cb4d-41eb-b9b1-6e21dc42bc93,6,369,True,10085,10085,103.52943673870868
370,39cc6afc-cb4d-41eb-b9b1-6e21dc42bc93,6,370,True,10120,10120,113.67685218050974
371,39cc6afc-cb4d-41eb-b9b1-6e21dc42bc93,6,371,True,10147,10147,129.87892054622534
372,39cc6afc-cb4d-41eb-b9b1-6e21dc42bc93,6,372,True,10171,10171,118.06676958079515
373,39cc6afc-cb4d-41eb-b9b1-6e21dc42bc93,6,373,True,10201,10201,131.6103414039735
374,39cc6afc-cb4d-41eb-b9b1-6e21dc42bc93,6,374,True,10222,10222,117.8354402553723
375,39cc6afc-cb4d-41eb-b9b1-6e21dc42bc93,6,375,True,10244,10244,136.86278013938863
376,39cc6afc-cb4d-41eb-b9b1-6e21dc42bc93,6,376,True,10264,10264,114.33276578464574
377,39cc6afc-cb4d-41eb-b9b1-6e21dc42bc93,6,377,True,10288,10288,132.37103333272898
378,39cc6afc-cb4d-41eb-b9b1-6e21dc42bc93,6,378,True,10318,10318,111.94258192379675
379,39cc6afc-cb4d-41eb-b9b1-6e21dc42bc93,6,379,True,10341,10341,114.20394029785348
380,39cc6afc-cb4d-41eb-b9b1-6e21dc42bc93,6,380,True,10376,10376,105.0453727850927
381,39cc6afc-cb4d-41eb-b9b1-6e21dc42bc93,6,381,True,10405,10405,139.30507413187843
382,39cc6afc-cb4d-41eb-b9b1-6e21dc42bc93,6,382,True,10431,10431,116.38551251635363
383,39cc6afc-cb4d-41eb-b9b1-6e21dc42bc93,6,383,True,10459,10459,147.65866608079705
384,39cc6afc-cb4d-41eb-b9b1-6e21dc42bc93,6,384,True,10481,10481,123.49695017870908
385,39cc6afc-cb4d-41eb-b9b1-6e21dc42bc93,6,385,True,10500,10500,154.67738458848362
386,39cc6afc-cb4d-41eb-b9b1-6e21dc42bc93,6,386,True,10523,10523,134.37322607606256
387,39cc6afc-cb4d-41eb-b9b1-6e21dc42bc93,6,387,True,10547,10547,163.65456402889686
388,39cc6afc-cb4d-41eb-b9b1-6e21dc42bc93,6,388,True,10578,10578,145.1744069248798
389,39cc6afc-cb4d-41eb-b9b1-6e21dc42bc93,6,389,True,10607,10607,154.79408730885734
390,39cc6afc-cb4d-41eb-b9b1-6e21dc42bc93,6,390,True,10639,10639,136.57845031862416
391,39cc6afc-cb4d-41eb-b9b1-6e21dc42bc93,6,391,True,10668,10668,139.86177802760176
392,39cc6afc-cb4d-41eb-b9b1-6e21dc42bc93,6,392,True,10696,10696,151.61283423495843
393,39cc6afc-cb4d-41eb-b9b1-6e21dc42bc93,6,393,True,10721,10721,140.1131201373355
394,39cc6afc-cb4d-41eb-b9b1-6e21dc42bc93,6,394,True,10741,10741,155.77978535578768
395,39cc6afc-cb4d-41eb-b9b1-6e21dc42bc93,6,395,True,10772,10772,149.98423980203552
396,39cc6afc-cb4d-41eb-b9b1-6e21dc42bc93,6,396,True,10803,10803,121.38769823633265
397,39cc6afc-cb4d-41eb-b9b1-6e21dc42bc93,6,397,True,10826,10826,147.1187858199355
398,39cc6afc-cb4d-41eb-b9b1-6e21dc42bc93,6,398,True,10859,10859,163.7320230837704
399,39cc6afc-cb4d-41eb-b9b1-6e21dc42bc93,6,399,True,10883,10883,166.71899840033984
400,39cc6afc-cb4d-41eb-b9b1-6e21dc42bc93,6,400,True,10908,10908,164.81658158903338
401,39cc6afc-cb4d-41eb-b9b1-6e21dc42bc93,6,401,True,10945,10945,152.57461344095827
402,39cc6afc-cb4d-41eb-b9b1-6e21dc42bc93,6,402,True,10984,10984,165.8942501478723
403,39cc6afc-cb4d-41eb-b9b1-6e21dc42bc93,6,403,True,11006,11006,143.8942501478723
404,39cc6afc-cb4d-41eb-b9b1-6e21dc42bc93,6,404,True,11041,11041,105.11496711012114
405,39cc6afc-cb4d-41eb-b9b1-6e21dc42bc93,6,405,True,11074,11074,130.02464494385276
406,39cc6afc-cb4d-41eb-b9b1-6e21dc42bc93,6,406,True,11098,11098,141.8875834351311
407,39cc6afc-cb4d-41eb-b9b1-6e21dc42bc93,6,407,True,11137,11137,100.38647568282795
408,39cc6afc-cb4d-41eb-b9b1-6e21dc42bc93,6,408,True,11159,11159,128.85984014363203
409,39cc6afc-cb4d-41eb-b9b1-6e21dc42bc93,6,409,True,11196,11196,113.23747163153166
410,39cc6afc-cb4d-41eb-b9b1-6e21dc42bc93,6,410,True,11227,11227,134.21453942405424
411,39cc6afc-cb4d-41eb-b9b1-6e21dc42bc93,6,411,True,11266,11266,125.11768473759912
412,39cc6afc-cb4d-41eb-b9b1-6e21dc42bc93,6,412,True,11300,11300,115.35193865536166
413,39cc6afc-cb4d-41eb-b9b1-6e21dc42bc93,6,413,True,11325,11325,118.61579107297985
414,39cc6afc-cb4d-41eb-b9b1-6e21dc42bc93,6,414,True,11348,11348,143.0211632489645
415,39cc6afc-cb4d-41eb-b9b1-6e21dc42bc93,6,415,True,11373,11373,129.86213206306638
416,39cc6afc-cb4d-41eb-b9b1-6e21dc42bc93,6,416,True,11391,11391,152.26579783012676
417,39cc6afc-cb4d-41eb-b9b1-6e21dc42bc93,6,417,True,11419,11419,132.39521275724837
418,39cc6afc-cb4d-41eb-b9b1-6e21dc42bc93,6,418,True,11444,11444,125.57598965761645
419,39cc6afc-cb4d-41eb-b9b1-6e21dc42bc93,6,419,True,11479,11479,138.67469265920408
420,39cc6afc-cb4d-41eb-b9b1-6e21dc42bc93,6,420,True,11502,11502,110.68766689546464
421,39cc6afc-cb4d-41eb-b9b1-6e21dc42bc93,6,421,True,11537,11537,101.16788692442242
422,39cc6afc-cb4d-41eb-b9b1-6e21dc42bc93,6,422,True,11572,11572,108.22517128445179
423,39cc6afc-cb4d-41eb-b9b1-6e21dc42bc93,6,423,True,11610,11610,99.52506328199524
424,39cc6afc-cb4d-41eb-b9b1-6e21dc42bc93,6,424,True,11642,11642,121.4534648727149
425,39cc6afc-cb4d-41eb-b9b1-6e21dc42bc93,6,425,True,11669,11669,118.77486832665454
426,39cc6afc-cb4d-41eb-b9b1-6e21dc42bc93,6,426,True,11701,11701,125.89413693178903
427,39cc6afc-cb4d-41eb-b9b1-6e21dc42bc93,6,427,True,11727,11727,109.05118710882925
428,39cc6afc-cb4d-41eb-b9b1-6e21dc42bc93,6,428,True,11750,11750,136.79853097206978
429,39cc6afc-cb4d-41eb-b9b1-6e21dc42bc93,6,429,True,11775,11775,139.63107235608186
430,39cc6afc-cb4d-41eb-b9b1-6e21dc42bc93,6,430,True,11799,11799,118.32367291749506
431,39cc6afc-cb4d-41eb-b9b1-6e21dc42bc93,6,431,True,11814,11814,127.83334749139613
432,39cc6afc-cb4d-41eb-b9b1-6e21dc42bc93,6,432,True,11840,11840,133.06842632078042
433,39cc6afc-cb4d-41eb-b9b1-6e21dc42bc93,6,433,True,11873,11873,123.65585193384504
434,39cc6afc-cb4d-41eb-b9b1-6e21dc42bc93,6,434,True,11899,11899,155.15600525727496
435,39cc6afc-cb4d-41eb-b9b1-6e21dc42bc93,6,435,True,11938,11938,118.45516978124215
436,39cc6afc-cb4d-41eb-b9b1-6e21dc42bc93,6,436,True,11967,11967,134.14089926533597
437,39cc6afc-cb4d-41eb-b9b1-6e21dc42bc93,6,437,True,12006,12006,132.92590293090507
438,39cc6afc-cb4d-41eb-b9b1-6e21dc42bc93,6,438,True,12035,12035,115.85722480737059
439,39cc6afc-cb4d-41eb-b9b1-6e21dc42bc93,6,439,True,12058,12058,132.1486417420383
440,39cc6afc-cb4d-41eb-b9b1-6e21dc42bc93,6,440,True,12081,12081,118.91727358078424
441,39cc6afc-cb4d-41eb-b9b1-6e21dc42bc93,6,441,True,12113,12113,123.03854496970052
442,39cc6afc-cb4d-41eb-b9b1-6e21dc42bc93,6,442,True,12139,12139,149.10868268757804
443,39cc6afc-cb4d-41eb-b9b1-6e21dc42bc93,6,443,True,12170,12170,128.0253213835349
444,39cc6afc-cb4d-41eb-b9b1-6e21dc42bc93,6,444,True,12203,12203,142.0458655076709
445,39cc6afc-cb4d-41eb-b9b1-6e21dc42bc93,6,445,True,12226,12226,137.37215263433427
446,39cc6afc-cb4d-41eb-b9b1-6e21dc42bc93,6,446,True,12255,12255,189.92759671804743
447,39cc6afc-cb4d-41eb-b9b1-6e21dc42bc93,6,447,True,12279,12279,143.59204099878662
448,39cc6afc-cb4d-41eb-b9b1-6e21dc42bc93,6,448,True,12313,12313,158.17612283262133
449,39cc6afc-cb4d-41eb-b9b1-6e21dc42bc93,6,449,True,12343,12343,203.57987004272218
450,39cc6afc-cb4d-41eb-b9b1-6e21dc42bc93,6,450,True,12362,12362,135.52274647946615
451,39cc6afc-cb4d-41eb-b9b1-6e21dc42bc93,6,451,True,12388,12388,214.94934542563897
452,39cc6afc-cb4d-41eb-b9b1-6e21dc42bc93,6,452,True,12419,12419,179.72305080469414
453,39cc6afc-cb4d-41eb-b9b1-6e21dc42bc93,6,453,True,12438,12438,160.72305080469414
454,39cc6afc-cb4d-41eb-b9b1-6e21dc42bc93,6,454,True,12469,12469,183.8225801099743
455,39cc6afc-cb4d-41eb-b9b1-6e21dc42bc93,6,455,True,12503,12503,121.26588044407254
456,39cc6afc-cb4d-41eb-b9b1-6e21dc42bc93,6,456,True,12530,12530,151.2548856463727
457,39cc6afc-cb4d-41eb-b9b1-6e21dc42bc93,6,457,True,12563,12563,120.53698566199637
458,39cc6afc-cb4d-41eb-b9b1-6e21dc42bc93,6,458,True,12594,12594,141.5458760340116
459,39cc6afc-cb4d-41eb-b9b1-6e21dc42bc93,6,459,True,12618,12618,119.98463620563962
460,39cc6afc-cb4d-41eb-b9b1-6e21dc42bc93,6,460,True,12651,12651,139.99703121500352
461,39cc6afc-cb4d-41eb-b9b1-6e21dc42bc93,6,461,True,12682,12682,152.1993373604746
462,39cc6afc-cb4d-41eb-b9b1-6e21dc42bc93,6,462,True,12713,12713,222.38355161151048
463,39cc6afc-cb4d-41eb-b9b1-6e21dc42bc93,6,463,True,12743,12743,107.44741631510988
464,39cc6afc-cb4d-41eb-b9b1-6e21dc42bc93,6,464,True,12765,12765,150.67895576453884
465,39cc6afc-cb4d-41eb-b9b1-6e21dc42bc93,6,465,True,12800,12800,177.93748078112185
466,39cc6afc-cb4d-41eb-b9b1-6e21dc42bc93,6,466,True,12833,12833,179.14125818078537
467,39cc6afc-cb4d-41eb-b9b1-6e21dc42bc93,6,467,True,12858,12858,131.0366214360074
468,39cc6afc-cb4d-41eb-b9b1-6e21dc42bc93,6,468,True,12880,12880,174.18792661118823
469,39cc6afc-cb4d-41eb-b9b1-6e21dc42bc93,6,469,True,12914,12914,149.6343141353118
470,39cc6afc-cb4d-41eb-b9b1-6e21dc42bc93,6,470,True,12944,12944,149.84752459390256
471,39cc6afc-cb4d-41eb-b9b1-6e21dc42bc93,6,471,True,12974,12974,146.2507594110557
472,39cc6afc-cb4d-41eb-b9b1-6e21dc42bc93,6,472,True,13006,13006,139.7137858406404
473,39cc6afc-cb4d-41eb-b9b1-6e21dc42bc93,6,473,True,13038,13038,148.16425898487432
474,39cc6afc-cb4d-41eb-b9b1-6e21dc42bc93,6,474,True,13080,13080,131.985212403888
475,39cc6afc-cb4d-41eb-b9b1-6e21dc42bc93,6,475,True,13111,13111,112.53410298440213
476,39cc6afc-cb4d-41eb-b9b1-6e21dc42bc93,6,476,True,13135,13135,126.99832887610137
477,39cc6afc-cb4d-41eb-b9b1-6e21dc42bc93,6,477,True,13153,13153,133.25351744975524
478,39cc6afc-cb4d-41eb-b9b1-6e21dc42bc93,6,478,True,13178,13178,131.98759160976078
479,39cc6afc-cb4d-41eb-b9b1-6e21dc42bc93,6,479,True,13210,13210,127.21802719854531
480,39cc6afc-cb4d-41eb-b9b1-6e21dc42bc93,6,480,True,13242,13242,122.88347594861807
481,39cc6afc-cb4d-41eb-b9b1-6e21dc42bc93,6,481,True,13270,13270,123.6766101444664
482,39cc6afc-cb4d-41eb-b9b1-6e21dc42bc93,6,482,True,13301,13301,134.17077691514532
483,39cc6afc-cb4d-41eb-b9b1-6e21dc42bc93,6,483,True,13328,13328,117.18213122015732
484,39cc6afc-cb4d-41eb-b9b1-6e21dc42bc93,6,484,True,13350,13350,131.2728796685915
485,39cc6afc-cb4d-41eb-b9b1-6e21dc42bc93,6,485,True,13381,13381,122.14718207796614
486,39cc6afc-cb4d-41eb-b9b1-6e21dc42bc93,6,486,True,13400,13400,127.3087826914234
487,39cc6afc-cb4d-41eb-b9b1-6e21dc42bc93,6,487,True,13430,13430,144.14674798969827
488,39cc6afc-cb4d-41eb-b9b1-6e21dc42bc93,6,488,True,13470,13470,128.30845462947582
489,39cc6afc-cb4d-41eb-b9b1-6e21dc42bc93,6,489,True,13497,13497,136.39337382596023
490,39cc6afc-cb4d-41eb-b9b1-6e21dc42bc93,6,490,True,13523,13523,157.3634213601581
491,39cc6afc-cb4d-41eb-b9b1-6e21dc42bc93,6,491,True,13549,13549,133.75726082225447
492,39cc6afc-cb4d-41eb-b9b1-6e21dc42bc93,6,492,True,13585,13585,196.3646717107622
493,39cc6afc-cb4d-41eb-b9b1-6e21dc42bc93,6,493,True,13608,13608,147.17067272287022
494,39cc6afc-cb4d-41eb-b9b1-6e21dc42bc93,6,494,True,13638,13638,172.22923317572713
495,39cc6afc-cb4d-41eb-b9b1-6e21dc42bc93,6,495,True,13672,13672,135.8880053116627
496,39cc6afc-cb4d-41eb-b9b1-6e21dc42bc93,6,496,True,13715,13715,123.1056971159469
497,39cc6afc-cb4d-41eb-b9b1-6e21dc42bc93,6,497,True,13747,13747,116.78326695387841
498,39cc6afc-cb4d-41eb-b9b1-6e21dc42bc93,6,498,True,13768,13768,142.18259397960173
499,39cc6afc-cb4d-41eb-b9b1-6e21dc42bc93,6,499,True,13805,13805,108.64272616581002
500,39cc6afc-cb4d-41eb-b9b1-6e21dc42bc93,6,500,True,13838,13838,128.08281697745224
501,39cc6afc-cb4d-41eb-b9b1-6e21dc42bc93,6,501,True,13858,13858,142.81760229790234
502,39cc6afc-cb4d-41eb-b9b1-6e21dc42bc93,6,502,True,13889,13889,127.41601788646585
503,39cc6afc-cb4d-41eb-b9b1-6e21dc42bc93,6,503,True,13912,13912,178.69129547457305
504,39cc6afc-cb4d-41eb-b9b1-6e21dc42bc93,6,504,True,13929,13929,132.07117214923528
505,39cc6afc-cb4d-41eb-b9b1-6e21dc42bc93,6,505,True,13953,13953,110.76244286718429
506,39cc6afc-cb4d-41eb-b9b1-6e21dc42bc93,6,506,True,13978,13978,138.02135817450107
507,39cc6afc-cb4d-41eb-b9b1-6e21dc42bc93,6,507,True,14004,14004,140.739559518639
508,39cc6afc-cb4d-41eb-b9b1-6e21dc42bc93,6,508,True,14033,14033,158.49295626842104
509,39cc6afc-cb4d-41eb-b9b1-6e21dc42bc93,6,509,True,14065,14065,128.59396523579926
510,39cc6afc-cb4d-41eb-b9b1-6e21dc42bc93,6,510,True,14092,14092,156.52014964211594
511,39cc6afc-cb4d-41eb-b9b1-6e21dc42bc93,6,511,True,14113,14113,158.3699335236106
512,39cc6afc-cb4d-41eb-b9b1-6e21dc42bc93,6,512,True,14143,14143,130.6092969704805
513,39cc6afc-cb4d-41eb-b9b1-6e21dc42bc93,6,513,True,14172,14172,163.08743804588812
514,39cc6afc-cb4d-41eb-b9b1-6e21dc42bc93,6,514,True,14197,14197,141.14105945500523
515,39cc6afc-cb4d-41eb-b9b1-6e21dc42bc93,6,515,True,14216,14216,213.88139802782462
516,39cc6afc-cb4d-41eb-b9b1-6e21dc42bc93,6,516,True,14229,14229,136.43287298099858
517,39cc6afc-cb4d-41eb-b9b1-6e21dc42bc93,6,517,True,14255,14255,174.88139802782462
518,39cc6afc-cb4d-41eb-b9b1-6e21dc42bc93,6,518,True,14284,14284,196.58645937092115
519,39cc6afc-cb4d-41eb-b9b1-6e21dc42bc93,6,519,True,14317,14317,190.73173841553216
520,39cc6afc-cb4d-41eb-b9b1-6e21dc42bc93,6,520,True,14339,14339,198.8377942838015
521,39cc6afc-cb4d-41eb-b9b1-6e21dc42bc93,6,521,True,14369,14369,171.42812220546875
522,39cc6afc-cb4d-41eb-b9b1-6e21dc42bc93,6,522,True,14400,14400,177.91607024031146
523,39cc6afc-cb4d-41eb-b9b1-6e21dc42bc93,6,523,True,14425,14425,272.61039682963565
524,39cc6afc-cb4d-41eb-b9b1-6e21dc42bc93,6,524,True,14444,14444,273.626183398379
525,39cc6afc-cb4d-41eb-b9b1-6e21dc42bc93,6,525,True,14472,14472,245.626183398379
526,39cc6afc-cb4d-41eb-b9b1-6e21dc42bc93,6,526,True,14499,14499,257.87117289638263
527,39cc6afc-cb4d-41eb-b9b1-6e21dc42bc93,6,527,True,14527,14527,241.46077595843963
528,39cc6afc-cb4d-41eb-b9b1-6e21dc42bc93,6,528,True,14546,14546,273.8108037478087
529,39cc6afc-cb4d-41eb-b9b1-6e21dc42bc93,6,529,True,14569,14569,250.81080374780868
530,39cc6afc-cb4d-41eb-b9b1-6e21dc42bc93,6,530,True,14604,14604,207.57592977276
531,39cc6afc-cb4d-41eb-b9b1-6e21dc42bc93,6,531,True,14626,14626,247.95681284872444
532,39cc6afc-cb4d-41eb-b9b1-6e21dc42bc93,6,532,True,14656,14656,232.69525881479967
533,39cc6afc-cb4d-41eb-b9b1-6e21dc42bc93,6,533,True,14685,14685,260.4501370072321
534,39cc6afc-cb4d-41eb-b9b1-6e21dc42bc93,6,534,True,14708,14708,237.45013700723212
535,39cc6afc-cb4d-41eb-b9b1-6e21dc42bc93,6,535,True,14726,14726,260.1417852305967
536,39cc6afc-cb4d-41eb-b9b1-6e21dc42bc93,6,536,True,14750,14750,236.14178523059672
537,39cc6afc-cb4d-41eb-b9b1-6e21dc42bc93,6,537,True,14782,14782,289.7600193712715
538,39cc6afc-cb4d-41eb-b9b1-6e21dc42bc93,6,538,True,14807,14807,264.7600193712715
539,39cc6afc-cb4d-41eb-b9b1-6e21dc42bc93,6,539,True,14842,14842,229.76001937127148
540,39cc6afc-cb4d-41eb-b9b1-6e21dc42bc93,6,540,True,14869,14869,198.31022369974562
541,39cc6afc-cb4d-41eb-b9b1-6e21dc42bc93,6,541,True,14897,14897,244.33785927696408
542,39cc6afc-cb4d-41eb-b9b1-6e21dc42bc93,6,542,True,14933,14933,194.73521919890482
543,39cc6afc-cb4d-41eb-b9b1-6e21dc42bc93,6,543,True,14957,14957,184.33785927696408
544,39cc6afc-cb4d-41eb-b9b1-6e21dc42bc93,6,544,True,14993,14993,209.3011323945775
545,39cc6afc-cb4d-41eb-b9b1-6e21dc42bc93,6,545,True,15023,15023,231.994943092217
546,39cc6afc-cb4d-41eb-b9b1-6e21dc42bc93,6,546,True,15055,15055,183.45923938220767
547,39cc6afc-cb4d-41eb-b9b1-6e21dc42bc93,6,547,True,15077,15077,205.8332057764419
548,39cc6afc-cb4d-41eb-b9b1-6e21dc42bc93,6,548,True,15121,15121,189.2364150459798
549,39cc6afc-cb4d-41eb-b9b1-6e21dc42bc93,6,549,True,15155,15155,177.7636921378853
550,39cc6afc-cb4d-41eb-b9b1-6e21dc42bc93,6,550,True,15182,15182,173.59202223237298
551,39cc6afc-cb4d-41eb-b9b1-6e21dc42bc93,6,551,True,15207,15207,174.3039467199742
552,39cc6afc-cb4d-41eb-b9b1-6e21dc42bc93,6,552,True,15229,15229,179.90581460001158
553,39cc6afc-cb4d-41eb-b9b1-6e21dc42bc93,6,553,True,15272,15272,158.8644664445019
554,39cc6afc-cb4d-41eb-b9b1-6e21dc42bc93,6,554,True,15302,15302,164.5269448839972
555,39cc6afc-cb4d-41eb-b9b1-6e21dc42bc93,6,555,True,15334,15334,182.45013843450943
556,39cc6afc-cb4d-41eb-b9b1-6e21dc42bc93,6,556,True,15357,15357,126.79857017263566
557,39cc6afc-cb4d-41eb-b9b1-6e21dc42bc93,6,557,True,15379,15379,173.49689342954116
558,39cc6afc-cb4d-41eb-b9b1-6e21dc42bc93,6,558,True,15404,15404,136.681108900053
559,39cc6afc-cb4d-41eb-b9b1-6e21dc42bc93,6,559,True,15431,15431,149.21642867870105
560,39cc6afc-cb4d-41eb-b9b1-6e21dc42bc93,6,560,True,15461,15461,129.52695223715637
561,39cc6afc-cb4d-41eb-b9b1-6e21dc42bc93,6,561,True,15483,15483,145.56069770986687
562,39cc6afc-cb4d-41eb-b9b1-6e21dc42bc93,6,562,True,15513,15513,129.7075393535124
563,39cc6afc-cb4d-41eb-b9b1-6e21dc42bc93,6,563,True,15542,15542,113.70968635709323
564,39cc6afc-cb4d-41eb-b9b1-6e21dc42bc93,6,564,True,15565,15565,134.19021463547688
565,39cc6afc-cb4d-41eb-b9b1-6e21dc42bc93,6,565,True,15589,15589,135.59114259547823
566,39cc6afc-cb4d-41eb-b9b1-6e21dc42bc93,6,566,True,15617,15617,110.18558397404377
567,39cc6afc-cb4d-41eb-b9b1-6e21dc42bc93,6,567,True,15631,15631,116.97580530275445
568,39cc6afc-cb4d-41eb-b9b1-6e21dc42bc93,6,568,True,15658,15658,142.70353364070615
569,39cc6afc-cb4d-41eb-b9b1-6e21dc42bc93,6,569,True,15683,15683,124.38551933113195
570,39cc6afc-cb4d-41eb-b9b1-6e21dc42bc93,6,570,True,15698,15698,150.97681440297856
571,39cc6afc-cb4d-41eb-b9b1-6e21dc42bc93,6,571,True,15728,15728,145.26576804049
572,39cc6afc-cb4d-41eb-b9b1-6e21dc42bc93,6,572,True,15755,15755,120.71438335699713
573,39cc6afc-cb4d-41eb-b9b1-6e21dc42bc93,6,573,True,15783,15783,177.71092757381848
574,39cc6afc-cb4d-41eb-b9b1-6e21dc42bc93,6,574,True,15804,15804,159.72672586764747
575,39cc6afc-cb4d-41eb-b9b1-6e21dc42bc93,6,575,True,15829,15829,134.72672586764747
576,39cc6afc-cb4d-41eb-b9b1-6e21dc42bc93,6,576,True,15852,15852,145.84732060825627
577,39cc6afc-cb4d-41eb-b9b1-6e21dc42bc93,6,577,True,15896,15896,127.11932408523353
578,39cc6afc-cb4d-41eb-b9b1-6e21dc42bc93,6,578,True,15926,15926,136.77374701030385
579,39cc6afc-cb4d-41eb-b9b1-6e21dc42bc93,6,579,True,15961,15961,113.98872110589218
580,39cc6afc-cb4d-41eb-b9b1-6e21dc42bc93,6,580,True,15992,15992,118.24003668843397
581,39cc6afc-cb4d-41eb-b9b1-6e21dc42bc93,6,581,True,16031,16031,198.27008125983411
582,39cc6afc-cb4d-41eb-b9b1-6e21dc42bc93,6,582,True,16059,16059,131.2464648496789
583,39cc6afc-cb4d-41eb-b9b1-6e21dc42bc93,6,583,True,16094,16094,164.55561536606
584,39cc6afc-cb4d-41eb-b9b1-6e21dc42bc93,6,584,True,16125,16125,157.23979648667773
585,39cc6afc-cb4d-41eb-b9b1-6e21dc42bc93,6,585,True,16148,16148,174.30168513700846
586,39cc6afc-cb4d-41eb-b9b1-6e21dc42bc93,6,586,True,16174,16174,202.87882475137667
587,39cc6afc-cb4d-41eb-b9b1-6e21dc42bc93,6,587,True,16194,16194,208.53992564012515
588,39cc6afc-cb4d-41eb-b9b1-6e21dc42bc93,6,588,True,16223,16223,179.53992564012515
589,39cc6afc-cb4d-41eb-b9b1-6e21dc42bc93,6,589,True,16258,16258,140.92922849997194
590,39cc6afc-cb4d-41eb-b9b1-6e21dc42bc93,6,590,True,16283,16283,172.9602288491078
591,39cc6afc-cb4d-41eb-b9b1-6e21dc42bc93,6,591,True,16316,16316,164.97650349467222
592,39cc6afc-cb4d-41eb-b9b1-6e21dc42bc93,6,592,True,16349,16349,172.787521672788
593,39cc6afc-cb4d-41eb-b9b1-6e21dc42bc93,6,593,True,16382,16382,169.9277842719821
594,39cc6afc-cb4d-41eb-b9b1-6e21dc42bc93,6,594,True,16410,16410,166.89693379811797
595,39cc6afc-cb4d-41eb-b9b1-6e21dc42bc93,6,595,True,16435,16435,183.44040088358815
596,39cc6afc-cb4d-41eb-b9b1-6e21dc42bc93,6,596,True,16461,16461,166.50959665466507
597,39cc6afc-cb4d-41eb-b9b1-6e21dc42bc93,6,597,True,16487,16487,163.96178491133833
598,39cc6afc-cb4d-41eb-b9b1-6e21dc42bc93,6,598,True,16510,16510,197.7022376337045
599,39cc6afc-cb4d-41eb-b9b1-6e21dc42bc93,6,599,True,16533,16533,185.87631595888888
600,39cc6afc-cb4d-41eb-b9b1-6e21dc42bc93,6,600,True,16562,16562,203.61744831420583
601,39cc6afc-cb4d-41eb-b9b1-6e21dc42bc93,6,601,True,16592,16592,168.85161726698425
602,39cc6afc-cb4d-41eb-b9b1-6e21dc42bc93,6,602,True,16618,16618,147.61744831420583
603,39cc6afc-cb4d-41eb-b9b1-6e21dc42bc93,6,603,True,16646,16646,167.28679083821407
604,39cc6afc-cb4d-41eb-b9b1-6e21dc42bc93,6,604,True,16672,16672,138.9907930890804
605,39cc6afc-cb4d-41eb-b9b1-6e21dc42bc93,6,605,True,16701,16701,179.11215832110975
606,39cc6afc-cb4d-41eb-b9b1-6e21dc42bc93,6,606,True,16730,16730,134.10972123417378
607,39cc6afc-cb4d-41eb-b9b1-6e21dc42bc93,6,607,True,16763,16763,125.17563083193818
608,39cc6afc-cb4d-41eb-b9b1-6e21dc42bc93,6,608,True,16803,16803,111.67858628678368
609,39cc6afc-cb4d-41eb-b9b1-6e21dc42bc93,6,609,True,16825,16825,105.3418359312891
610,39cc6afc-cb4d-41eb-b9b1-6e21dc42bc93,6,610,True,16855,16855,166.92856639389356
611,39cc6afc-cb4d-41eb-b9b1-6e21dc42bc93,6,611,True,16880,16880,123.11721646175283
612,39cc6afc-cb4d-41eb-b9b1-6e21dc42bc93,6,612,True,16907,16907,166.91183232756885
613,39cc6afc-cb4d-41eb-b9b1-6e21dc42bc93,6,613,True,16931,16931,137.7464621240215
614,39cc6afc-cb4d-41eb-b9b1-6e21dc42bc93,6,614,True,16964,16964,156.15172148015336
615,39cc6afc-cb4d-41eb-b9b1-6e21dc42bc93,6,615,True,16989,16989,133.35218743992664
616,39cc6afc-cb4d-41eb-b9b1-6e21dc42bc93,6,616,True,17020,17020,176.35050590516767
617,39cc6afc-cb4d-41eb-b9b1-6e21dc42bc93,6,617,True,17046,17046,123.49846114575485
618,39cc6afc-cb4d-41eb-b9b1-6e21dc42bc93,6,618,True,17068,17068,190.9755188641211
619,39cc6afc-cb4d-41eb-b9b1-6e21dc42bc93,6,619,True,17090,17090,142.95170552922718
620,39cc6afc-cb4d-41eb-b9b1-6e21dc42bc93,6,620,True,17121,17121,209.03174014140677
621,39cc6afc-cb4d-41eb-b9b1-6e21dc42bc93,6,621,True,17150,17150,154.7500956547592
622,39cc6afc-cb4d-41eb-b9b1-6e21dc42bc93,6,622,True,17192,17192,242.12043529028233
623,39cc6afc-cb4d-41eb-b9b1-6e21dc42bc93,6,623,True,17225,17225,227.76923479788456
624,39cc6afc-cb4d-41eb-b9b1-6e21dc42bc93,6,624,True,17265,17265,169.12043529028233
625,39cc6afc-cb4d-41eb-b9b1-6e21dc42bc93,6,625,True,17288,17288,195.5207590969403
626,39cc6afc-cb4d-41eb-b9b1-6e21dc42bc93,6,626,True,17317,17317,148.96707745587264
627,39cc6afc-cb4d-41eb-b9b1-6e21dc42bc93,6,627,True,17342,17342,206.32774162070564
628,39cc6afc-cb4d-41eb-b9b1-6e21dc42bc93,6,628,True,17374,17374,145.33447633023752
629,39cc6afc-cb4d-41eb-b9b1-6e21dc42bc93,6,629,True,17407,17407,186.95396887569586
630,39cc6afc-cb4d-41eb-b9b1-6e21dc42bc93,6,630,True,17437,17437,161.5312697898189
631,39cc6afc-cb4d-41eb-b9b1-6e21dc42bc93,6,631,True,17467,17467,144.93327576022057
632,39cc6afc-cb4d-41eb-b9b1-6e21dc42bc93,6,632,True,17496,17496,127.4331923282407
633,39cc6afc-cb4d-41eb-b9b1-6e21dc42bc93,6,633,True,17519,17519,129.5405958337651
634,39cc6afc-cb4d-41eb-b9b1-6e21dc42bc93,6,634,True,17548,17548,145.18798335117026
635,39cc6afc-cb4d-41eb-b9b1-6e21dc42bc93,6,635,True,17571,17571,119.4278869771988
636,39cc6afc-cb4d-41eb-b9b1-6e21dc42bc93,6,636,True,17600,17600,170.15832316314845
637,39cc6afc-cb4d-41eb-b9b1-6e21dc42bc93,6,637,True,17631,17631,132.6756794202629
638,39cc6afc-cb4d-41eb-b9b1-6e21dc42bc93,6,638,True,17658,17658,134.58301489124278
639,39cc6afc-cb4d-41eb-b9b1-6e21dc42bc93,6,639,True,17679,17679,132.91387543729797
640,39cc6afc-cb4d-41eb-b9b1-6e21dc42bc93,6,640,True,17710,17710,133.7149333017187
641,39cc6afc-cb4d-41eb-b9b1-6e21dc42bc93,6,641,True,17734,17734,128.33995864895041
642,39cc6afc-cb4d-41eb-b9b1-6e21dc42bc93,6,642,True,17756,17756,135.85898711258778
643,39cc6afc-cb4d-41eb-b9b1-6e21dc42bc93,6,643,True,17779,17779,110.46559874669038
644,39cc6afc-cb4d-41eb-b9b1-6e21dc42bc93,6,644,True,17797,17797,132.83930393771516
645,39cc6afc-cb4d-41eb-b9b1-6e21dc42bc93,6,645,True,17815,17815,180.67707579581474
646,39cc6afc-cb4d-41eb-b9b1-6e21dc42bc93,6,646,True,17838,17838,138.4033599473405
647,39cc6afc-cb4d-41eb-b9b1-6e21dc42bc93,6,647,True,17873,17873,145.2500633402924
648,39cc6afc-cb4d-41eb-b9b1-6e21dc42bc93,6,648,True,17901,17901,128.90705925048314
649,39cc6afc-cb4d-41eb-b9b1-6e21dc42bc93,6,649,True,17926,17926,136.28140819080363
650,39cc6afc-cb4d-41eb-b9b1-6e21dc42bc93,6,650,True,17955,17955,153.65606467769612
651,39cc6afc-cb4d-41eb-b9b1-6e21dc42bc93,6,651,True,17982,17982,132.95776566357017
652,39cc6afc-cb4d-41eb-b9b1-6e21dc42bc93,6,652,True,18004,18004,132.05858780453855
653,39cc6afc-cb4d-41eb-b9b1-6e21dc42bc93,6,653,True,18027,18027,112.82076076711382
654,39cc6afc-cb4d-41eb-b9b1-6e21dc42bc93,6,654,True,18046,18046,198.206357560397
655,39cc6afc-cb4d-41eb-b9b1-6e21dc42bc93,6,655,True,18078,18078,166.206357560397
656,39cc6afc-cb4d-41eb-b9b1-6e21dc42bc93,6,656,True,18108,18108,197.60608410825444
657,39cc6afc-cb4d-41eb-b9b1-6e21dc42bc93,6,657,True,18145,18145,160.60608410825444
658,39cc6afc-cb4d-41eb-b9b1-6e21dc42bc93,6,658,True,18171,18171,213.9758880778354
659,39cc6afc-cb4d-41eb-b9b1-6e21dc42bc93,6,659,True,18199,18199,157.9993478835204
660,39cc6afc-cb4d-41eb-b9b1-6e21dc42bc93,6,660,True,18227,18227,151.6771351393727
661,39cc6afc-cb4d-41eb-b9b1-6e21dc42bc93,6,661,True,18246,18246,135.34948517938028
662,39cc6afc-cb4d-41eb-b9b1-6e21dc42bc93,6,662,True,18267,18267,142.89478208350556
663,39cc6afc-cb4d-41eb-b9b1-6e21dc42bc93,6,663,True,18299,18299,130.89642002189794
664,39cc6afc-cb4d-41eb-b9b1-6e21dc42bc93,6,664,True,18313,18313,148.2393433086836
665,39cc6afc-cb4d-41eb-b9b1-6e21dc42bc93,6,665,True,18337,18337,142.97496120900541
666,39cc6afc-cb4d-41eb-b9b1-6e21dc42bc93,6,666,True,18366,18366,120.48365242069121
667,39cc6afc-cb4d-41eb-b9b1-6e21dc42bc93,6,667,True,18392,18392,177.19006787369653
668,39cc6afc-cb4d-41eb-b9b1-6e21dc42bc93,6,668,True,18421,18421,132.93672515016078
669,39cc6afc-cb4d-41eb-b9b1-6e21dc42bc93,6,669,True,18458,18458,124.9160898354894
670,39cc6afc-cb4d-41eb-b9b1-6e21dc42bc93,6,670,True,18484,18484,153.26765578403501
671,39cc6afc-cb4d-41eb-b9b1-6e21dc42bc93,6,671,True,18517,18517,117.90391135364189
672,39cc6afc-cb4d-41eb-b9b1-6e21dc42bc93,6,672,True,18536,18536,123.81400395730816
673,39cc6afc-cb4d-41eb-b9b1-6e21dc42bc93,6,673,True,18558,18558,154.34255619331452
674,39cc6afc-cb4d-41eb-b9b1-6e21dc42bc93,6,674,True,18588,18588,168.28016713779652
675,39cc6afc-cb4d-41eb-b9b1-6e21dc42bc93,6,675,True,18609,18609,199.15815843711607
676,39cc6afc-cb4d-41eb-b9b1-6e21dc42bc93,6,676,True,18646,18646,185.1840266362051
677,39cc6afc-cb4d-41eb-b9b1-6e21dc42bc93,6,677,True,18675,18675,130.65323318111405
678,39cc6afc-cb4d-41eb-b9b1-6e21dc42bc93,6,678,True,18697,18697,134.1840266362051
679,39cc6afc-cb4d-41eb-b9b1-6e21dc42bc93,6,679,True,18723,18723,187.295859395952
680,39cc6afc-cb4d-41eb-b9b1-6e21dc42bc93,6,680,True,18749,18749,128.3014472308423
681,39cc6afc-cb4d-41eb-b9b1-6e21dc42bc93,6,681,True,18791,18791,146.55439985214252
682,39cc6afc-cb4d-41eb-b9b1-6e21dc42bc93,6,682,True,18816,18816,117.40123552518344
683,39cc6afc-cb4d-41eb-b9b1-6e21dc42bc93,6,683,True,18843,18843,147.19436879894783
684,39cc6afc-cb4d-41eb-b9b1-6e21dc42bc93,6,684,True,18873,18873,113.27123830567507
685,39cc6afc-cb4d-41eb-b9b1-6e21dc42bc93,6,685,True,18903,18903,192.78314860545652
686,39cc6afc-cb4d-41eb-b9b1-6e21dc42bc93,6,686,True,18924,18924,143.14787538518794
687,39cc6afc-cb4d-41eb-b9b1-6e21dc42bc93,6,687,True,18956,18956,137.3255633525987
688,39cc6afc-cb4d-41eb-b9b1-6e21dc42bc93,6,688,True,18973,18973,145.75911739147705
689,39cc6afc-cb4d-41eb-b9b1-6e21dc42bc93,6,689,True,18994,18994,199.81734345403675
690,39cc6afc-cb4d-41eb-b9b1-6e21dc42bc93,6,690,True,19019,19019,148.42413281362678
691,39cc6afc-cb4d-41eb-b9b1-6e21dc42bc93,6,691,True,19050,19050,169.2748321438703
692,39cc6afc-cb4d-41eb-b9b1-6e21dc42bc93,6,692,True,19083,19083,133.0658408316558
693,39cc6afc-cb4d-41eb-b9b1-6e21dc42bc93,6,693,True,19108,19108,162.55266703107918
694,39cc6afc-cb4d-41eb-b9b1-6e21dc42bc93,6,694,True,19136,19136,139.34323732274788
695,39cc6afc-cb4d-41eb-b9b1-6e21dc42bc93,6,695,True,19157,19157,203.76817816543917
696,39cc6afc-cb4d-41eb-b9b1-6e21dc42bc93,6,696,True,19184,19184,151.07349475045703
697,39cc6afc-cb4d-41eb-b9b1-6e21dc42bc93,6,697,True,19210,19210,148.0013970566688
698,39cc6afc-cb4d-41eb-b9b1-6e21dc42bc93,6,698,True,19242,19242,168.83986861716767
699,39cc6afc-cb4d-41eb-b9b1-6e21dc42bc93,6,699,True,19268,19268,192.3393016570626
700,39cc6afc-cb4d-41eb-b9b1-6e21dc42bc93,6,700,True,19300,19300,160.3393016570626
701,39cc6afc-cb4d-41eb-b9b1-6e21dc42bc93,6,701,True,19328,19328,159.86609085414966
702,39cc6afc-cb4d-41eb-b9b1-6e21dc42bc93,6,702,True,19369,19369,141.75652394928693
703,39cc6afc-cb4d-41eb-b9b1-6e21dc42bc93,6,703,True,19389,19389,119.1427965267867
704,39cc6afc-cb4d-41eb-b9b1-6e21dc42bc93,6,704,True,19416,19416,140.1830853396932
705,39cc6afc-cb4d-41eb-b9b1-6e21dc42bc93,6,705,True,19436,19436,122.34086993016172
706,39cc6afc-cb4d-41eb-b9b1-6e21dc42bc93,6,706,True,19457,19457,199.95897450857228
707,39cc6afc-cb4d-41eb-b9b1-6e21dc42bc93,6,707,True,19489,19489,146.07002571941848
708,39cc6afc-cb4d-41eb-b9b1-6e21dc42bc93,6,708,True,19515,19515,146.71827988523364
709,39cc6afc-cb4d-41eb-b9b1-6e21dc42bc93,6,709,True,19542,19542,173.0705313782346
710,39cc6afc-cb4d-41eb-b9b1-6e21dc42bc93,6,710,True,19575,19575,188.58742883295054
711,39cc6afc-cb4d-41eb-b9b1-6e21dc42bc93,6,711,True,19606,19606,147.9434797301983
712,39cc6afc-cb4d-41eb-b9b1-6e21dc42bc93,6,712,True,19630,19630,150.08042418651166
713,39cc6afc-cb4d-41eb-b9b1-6e21dc42bc93,6,713,True,19657,19657,132.2525513680048
714,39cc6afc-cb4d-41eb-b9b1-6e21dc42bc93,6,714,True,19687,19687,134.37424997838752
715,39cc6afc-cb4d-41eb-b9b1-6e21dc42bc93,6,715,True,19717,19717,114.27492338763113
716,39cc6afc-cb4d-41eb-b9b1-6e21dc42bc93,6,716,True,19735,19735,148.88375913863274
717,39cc6afc-cb4d-41eb-b9b1-6e21dc42bc93,6,717,True,19756,19756,191.76453954740282
718,39cc6afc-cb4d-41eb-b9b1-6e21dc42bc93,6,718,True,19784,19784,160.25672722209492
719,39cc6afc-cb4d-41eb-b9b1-6e21dc42bc93,6,719,True,19799,19799,148.76453954740282
720,39cc6afc-cb4d-41eb-b9b1-6e21dc42bc93,6,720,True,19830,19830,195.3168024104998
721,39cc6afc-cb4d-41eb-b9b1-6e21dc42bc93,6,721,True,19848,19848,151.23166337993098
722,39cc6afc-cb4d-41eb-b9b1-6e21dc42bc93,6,722,True,19888,19888,240.8850561608524
723,39cc6afc-cb4d-41eb-b9b1-6e21dc42bc93,6,723,True,19913,19913,213.22441105169855
724,39cc6afc-cb4d-41eb-b9b1-6e21dc42bc93,6,724,True,19938,19938,196.15487725572893
725,39cc6afc-cb4d-41eb-b9b1-6e21dc42bc93,6,725,True,19968,19968,228.61879300320652
726,39cc6afc-cb4d-41eb-b9b1-6e21dc42bc93,6,726,True,19990,19990,209.99738810758572
727,39cc6afc-cb4d-41eb-b9b1-6e21dc42bc93,6,727,True,20020,20020,174.34376854864968
728,39cc6afc-cb4d-41eb-b9b1-6e21dc42bc93,6,728,True,20044,20044,155.99738810758572
729,39cc6afc-cb4d-41eb-b9b1-6e21dc42bc93,6,729,True,20068,20068,222.9787590193555
730,39cc6afc-cb4d-41eb-b9b1-6e21dc42bc93,6,730,True,20098,20098,174.88384633011447
731,39cc6afc-cb4d-41eb-b9b1-6e21dc42bc93,6,731,True,20121,20121,204.6390007742375
732,39cc6afc-cb4d-41eb-b9b1-6e21dc42bc93,6,732,True,20151,20151,170.30833981923206
733,39cc6afc-cb4d-41eb-b9b1-6e21dc42bc93,6,733,True,20181,20181,192.14664078527858
734,39cc6afc-cb4d-41eb-b9b1-6e21dc42bc93,6,734,True,20214,20214,162.59780414993293
735,39cc6afc-cb4d-41eb-b9b1-6e21dc42bc93,6,735,True,20243,20243,133.59780414993293
736,39cc6afc-cb4d-41eb-b9b1-6e21dc42bc93,6,736,True,20276,20276,150.39155086528262
737,39cc6afc-cb4d-41eb-b9b1-6e21dc42bc93,6,737,True,20297,20297,146.03409994299
738,39cc6afc-cb4d-41eb-b9b1-6e21dc42bc93,6,738,True,20334,20334,158.10878892851906
739,39cc6afc-cb4d-41eb-b9b1-6e21dc42bc93,6,739,True,20360,20360,203.0551290067524
740,39cc6afc-cb4d-41eb-b9b1-6e21dc42bc93,6,740,True,20387,20387,225.2867905413841
741,39cc6afc-cb4d-41eb-b9b1-6e21dc42bc93,6,741,True,20426,20426,137.0551290067524
742,39cc6afc-cb4d-41eb-b9b1-6e21dc42bc93,6,742,True,20446,20446,143.92412472410797
743,39cc6afc-cb4d-41eb-b9b1-6e21dc42bc93,6,743,True,20481,20481,184.98978423052904
744,39cc6afc-cb4d-41eb-b9b1-6e21dc42bc93,6,744,True,20505,20505,134.16173644057199
745,39cc6afc-cb4d-41eb-b9b1-6e21dc42bc93,6,745,True,20539,20539,123.97597142559243
746,39cc6afc-cb4d-41eb-b9b1-6e21dc42bc93,6,746,True,20576,20576,140.65496781293405
747,39cc6afc-cb4d-41eb-b9b1-6e21dc42bc93,6,747,True,20608,20608,136.97125205945122
748,39cc6afc-cb4d-41eb-b9b1-6e21dc42bc93,6,748,True,20642,20642,124.70124113403654
749,39cc6afc-cb4d-41eb-b9b1-6e21dc42bc93,6,749,True,20674,20674,146.79565022618044
750,39cc6afc-cb4d-41eb-b9b1-6e21dc42bc93,6,750,True,20696,20696,141.6484725557384
751,39cc6afc-cb4d-41eb-b9b1-6e21dc42bc93,6,751,True,20711,20711,132.44586773491028
752,39cc6afc-cb4d-41eb-b9b1-6e21dc42bc93,6,752,True,20732,20732,132.10640837647225
753,39cc6afc-cb4d-41eb-b9b1-6e21dc42bc93,6,753,True,20765,20765,149.07319912938328
754,39cc6afc-cb4d-41eb-b9b1-6e21dc42bc93,6,754,True,20793,20793,118.59950633924745
755,39cc6afc-cb4d-41eb-b9b1-6e21dc42bc93,6,755,True,20825,20825,151.05163823702605
756,39cc6afc-cb4d-41eb-b9b1-6e21dc42bc93,6,756,True,20854,20854,151.03237372592048
757,39cc6afc-cb4d-41eb-b9b1-6e21dc42bc93,6,757,True,20878,20878,145.6281394057769
758,39cc6afc-cb4d-41eb-b9b1-6e21dc42bc93,6,758,True,20908,20908,123.13106381389662
759,39cc6afc-cb4d-41eb-b9b1-6e21dc42bc93,6,759,True,20930,20930,154.91446856999391
760,39cc6afc-cb4d-41eb-b9b1-6e21dc42bc93,6,760,True,20950,20950,132.2655774089908
761,39cc6afc-cb4d-41eb-b9b1-6e21dc42bc93,6,761,True,20983,20983,150.48421903739654
762,39cc6afc-cb4d-41eb-b9b1-6e21dc42bc93,6,762,True,21012,21012,107.1612974973832
763,39cc6afc-cb4d-41eb-b9b1-6e21dc42bc93,6,763,True,21042,21042,127.75010938947162
764,39cc6afc-cb4d-41eb-b9b1-6e21dc42bc93,6,764,True,21067,21067,121.22764975349492
765,39cc6afc-cb4d-41eb-b9b1-6e21dc42bc93,6,765,True,21096,21096,122.02153063412698
766,39cc6afc-cb4d-41eb-b9b1-6e21dc42bc93,6,766,True,21128,21128,128.1976884352407
767,39cc6afc-cb4d-41eb-b9b1-6e21dc42bc93,6,767,True,21160,21160,130.68827626609345
768,39cc6afc-cb4d-41eb-b9b1-6e21dc42bc93,6,768,True,21201,21201,114.88405345429055
769,39cc6afc-cb4d-41eb-b9b1-6e21dc42bc93,6,769,True,21226,21226,108.28858847115771
770,39cc6afc-cb4d-41eb-b9b1-6e21dc42bc93,6,770,True,21251,21251,111.59454462529175
771,39cc6afc-cb4d-41eb-b9b1-6e21dc42bc93,6,771,True,21278,21278,126.7292016744359
772,39cc6afc-cb4d-41eb-b9b1-6e21dc42bc93,6,772,True,21313,21313,133.12397765409696
773,39cc6afc-cb4d-41eb-b9b1-6e21dc42bc93,6,773,True,21339,21339,157.5266218446268
774,39cc6afc-cb4d-41eb-b9b1-6e21dc42bc93,6,774,True,21370,21370,103.7535960850837
775,39cc6afc-cb4d-41eb-b9b1-6e21dc42bc93,6,775,True,21400,21400,105.2757858755831
776,39cc6afc-cb4d-41eb-b9b1-6e21dc42bc93,6,776,True,21433,21433,111.75868455408272
777,39cc6afc-cb4d-41eb-b9b1-6e21dc42bc93,6,777,True,21462,21462,108.96708541151747
778,39cc6afc-cb4d-41eb-b9b1-6e21dc42bc93,6,778,True,21492,21492,129.54880143131595
779,39cc6afc-cb4d-41eb-b9b1-6e21dc42bc93,6,779,True,21521,21521,98.27954947406033
780,39cc6afc-cb4d-41eb-b9b1-6e21dc42bc93,6,780,True,21550,21550,99.45328981939383
781,39cc6afc-cb4d-41eb-b9b1-6e21dc42bc93,6,781,True,21581,21581,93.87902482719073
782,39cc6afc-cb4d-41eb-b9b1-6e21dc42bc93,6,782,True,21605,21605,106.88226083114932
783,39cc6afc-cb4d-41eb-b9b1-6e21dc42bc93,6,783,True,21633,21633,119.59078716115982
784,39cc6afc-cb4d-41eb-b9b1-6e21dc42bc93,6,784,True,21650,21650,129.59003911441687
785,39cc6afc-cb4d-41eb-b9b1-6e21dc42bc93,6,785,True,21683,21683,117.18685729298886
786,39cc6afc-cb4d-41eb-b9b1-6e21dc42bc93,6,786,True,21716,21716,163.66538286098876
787,39cc6afc-cb4d-41eb-b9b1-6e21dc42bc93,6,787,True,21743,21743,102.42569873016691
788,39cc6afc-cb4d-41eb-b9b1-6e21dc42bc93,6,788,True,21768,21768,160.15527053509504
789,39cc6afc-cb4d-41eb-b9b1-6e21dc42bc93,6,789,True,21787,21787,133.6966623950284
790,39cc6afc-cb4d-41eb-b9b1-6e21dc42bc93,6,790,True,21816,21816,136.45588032292653
791,39cc6afc-cb4d-41eb-b9b1-6e21dc42bc93,6,791,True,21846,21846,133.8528785432827
792,39cc6afc-cb4d-41eb-b9b1-6e21dc42bc93,6,792,True,21876,21876,138.77930403588107
793,39cc6afc-cb4d-41eb-b9b1-6e21dc42bc93,6,793,True,21896,21896,121.35030968152569
794,39cc6afc-cb4d-41eb-b9b1-6e21dc42bc93,6,794,True,21930,21930,111.3023355241603
795,39cc6afc-cb4d-41eb-b9b1-6e21dc42bc93,6,795,True,21959,21959,140.31359449592492
796,39cc6afc-cb4d-41eb-b9b1-6e21dc42bc93,6,796,True,21981,21981,115.88327127100274
797,39cc6afc-cb4d-41eb-b9b1-6e21dc42bc93,6,797,True,22006,22006,151.33507644763813
798,39cc6afc-cb4d-41eb-b9b1-6e21dc42bc93,6,798,True,22030,22030,154.71002882247922
799,39cc6afc-cb4d-41eb-b9b1-6e21dc42bc93,6,799,True,22054,22054,150.73168731242185
800,39cc6afc-cb4d-41eb-b9b1-6e21dc42bc93,6,800,True,22076,22076,176.2390322555293
801,39cc6afc-cb4d-41eb-b9b1-6e21dc42bc93,6,801,True,22103,22103,179.71981261203473
802,39cc6afc-cb4d-41eb-b9b1-6e21dc42bc93,6,802,True,22124,22124,184.34803356837438
803,39cc6afc-cb4d-41eb-b9b1-6e21dc42bc93,6,803,True,22155,22155,177.80839795708744
804,39cc6afc-cb4d-41eb-b9b1-6e21dc42bc93,6,804,True,22182,22182,164.5989884141054
805,39cc6afc-cb4d-41eb-b9b1-6e21dc42bc93,6,805,True,22214,22214,173.75368339860142
806,39cc6afc-cb4d-41eb-b9b1-6e21dc42bc93,6,806,True,22243,22243,194.14324587142983
807,39cc6afc-cb4d-41eb-b9b1-6e21dc42bc93,6,807,True,22275,22275,144.55988564904692
808,39cc6afc-cb4d-41eb-b9b1-6e21dc42bc93,6,808,True,22315,22315,182.97894457477014
809,39cc6afc-cb4d-41eb-b9b1-6e21dc42bc93,6,809,True,22332,22332,169.13594385732722
810,39cc6afc-cb4d-41eb-b9b1-6e21dc42bc93,6,810,True,22356,22356,145.13594385732722
811,39cc6afc-cb4d-41eb-b9b1-6e21dc42bc93,6,811,True,22392,22392,178.13299472906874
812,39cc6afc-cb4d-41eb-b9b1-6e21dc42bc93,6,812,True,22416,22416,164.74681669638449
813,39cc6afc-cb4d-41eb-b9b1-6e21dc42bc93,6,813,True,22443,22443,209.09940618308246
814,39cc6afc-cb4d-41eb-b9b1-6e21dc42bc93,6,814,True,22461,22461,159.17441180590322
815,39cc6afc-cb4d-41eb-b9b1-6e21dc42bc93,6,815,True,22474,22474,159.21692736329715
816,39cc6afc-cb4d-41eb-b9b1-6e21dc42bc93,6,816,True,22510,22510,305.780642342761
817,39cc6afc-cb4d-41eb-b9b1-6e21dc42bc93,6,817,True,22538,22538,275.3995553284112
818,39cc6afc-cb4d-41eb-b9b1-6e21dc42bc93,6,818,True,22563,22563,231.47514043923366
819,39cc6afc-cb4d-41eb-b9b1-6e21dc42bc93,6,819,True,22601,22601,322.1605754658958
820,39cc6afc-cb4d-41eb-b9b1-6e21dc42bc93,6,820,True,22627,22627,296.1605754658958
821,39cc6afc-cb4d-41eb-b9b1-6e21dc42bc93,6,821,True,22651,22651,319.3759659747848
822,39cc6afc-cb4d-41eb-b9b1-6e21dc42bc93,6,822,True,22674,22674,301.6266565361584
823,39cc6afc-cb4d-41eb-b9b1-6e21dc42bc93,6,823,True,22703,22703,269.92279948406576
824,39cc6afc-cb4d-41eb-b9b1-6e21dc42bc93,6,824,True,22723,22723,252.6266565361584
825,39cc6afc-cb4d-41eb-b9b1-6e21dc42bc93,6,825,True,22746,22746,273.50799243278016
826,39cc6afc-cb4d-41eb-b9b1-6e21dc42bc93,6,826,True,22780,22780,239.50799243278016
827,39cc6afc-cb4d-41eb-b9b1-6e21dc42bc93,6,827,True,22808,22808,233.42299065379484
828,39cc6afc-cb4d-41eb-b9b1-6e21dc42bc93,6,828,True,22842,22842,267.9580853821644
829,39cc6afc-cb4d-41eb-b9b1-6e21dc42bc93,6,829,True,22860,22860,252.5751384843752
830,39cc6afc-cb4d-41eb-b9b1-6e21dc42bc93,6,830,True,22888,22888,221.95808538216443
831,39cc6afc-cb4d-41eb-b9b1-6e21dc42bc93,6,831,True,22915,22915,232.22093971551658
832,39cc6afc-cb4d-41eb-b9b1-6e21dc42bc93,6,832,True,22949,22949,226.14402639977197
833,39cc6afc-cb4d-41eb-b9b1-6e21dc42bc93,6,833,True,22976,22976,238.69768687578107
834,39cc6afc-cb4d-41eb-b9b1-6e21dc42bc93,6,834,True,23006,23006,292.5962787034805
835,39cc6afc-cb4d-41eb-b9b1-6e21dc42bc93,6,835,True,23023,23023,233.78822696830684
836,39cc6afc-cb4d-41eb-b9b1-6e21dc42bc93,6,836,True,23056,23056,242.5962787034805
837,39cc6afc-cb4d-41eb-b9b1-6e21dc42bc93,6,837,True,23079,23079,201.3329883744991
838,39cc6afc-cb4d-41eb-b9b1-6e21dc42bc93,6,838,True,23101,23101,197.5962787034805
839,39cc6afc-cb4d-41eb-b9b1-6e21dc42bc93,6,839,True,23133,23133,223.3849121799467
840,39cc6afc-cb4d-41eb-b9b1-6e21dc42bc93,6,840,True,23156,23156,216.0113981441027
841,39cc6afc-cb4d-41eb-b9b1-6e21dc42bc93,6,841,True,23179,23179,193.0113981441027
842,39cc6afc-cb4d-41eb-b9b1-6e21dc42bc93,6,842,True,23206,23206,166.0113981441027
843,39cc6afc-cb4d-41eb-b9b1-6e21dc42bc93,6,843,True,23234,23234,186.59705654838035
844,39cc6afc-cb4d-41eb-b9b1-6e21dc42bc93,6,844,True,23254,23254,186.97165634474004
845,39cc6afc-cb4d-41eb-b9b1-6e21dc42bc93,6,845,True,23287,23287,198.48997583990786
846,39cc6afc-cb4d-41eb-b9b1-6e21dc42bc93,6,846,True,23310,23310,183.90175462747357
847,39cc6afc-cb4d-41eb-b9b1-6e21dc42bc93,6,847,True,23334,23334,157.55493042608214
848,39cc6afc-cb4d-41eb-b9b1-6e21dc42bc93,6,848,True,23363,23363,191.44536802525545
849,39cc6afc-cb4d-41eb-b9b1-6e21dc42bc93,6,849,True,23396,23396,223.57731355218857
850,39cc6afc-cb4d-41eb-b9b1-6e21dc42bc93,6,850,True,23433,23433,233.34676319202845
851,39cc6afc-cb4d-41eb-b9b1-6e21dc42bc93,6,851,True,23455,23455,211.34676319202845
852,39cc6afc-cb4d-41eb-b9b1-6e21dc42bc93,6,852,True,23488,23488,193.4725237104758
853,39cc6afc-cb4d-41eb-b9b1-6e21dc42bc93,6,853,True,23509,23509,213.04081204760587
854,39cc6afc-cb4d-41eb-b9b1-6e21dc42bc93,6,854,True,23539,23539,179.79836977778905
855,39cc6afc-cb4d-41eb-b9b1-6e21dc42bc93,6,855,True,23566,23566,156.04081204760587
856,39cc6afc-cb4d-41eb-b9b1-6e21dc42bc93,6,856,True,23599,23599,228.320466805646
857,39cc6afc-cb4d-41eb-b9b1-6e21dc42bc93,6,857,True,23629,23629,171.35259450724698
858,39cc6afc-cb4d-41eb-b9b1-6e21dc42bc93,6,858,True,23664,23664,217.00316595918775
859,39cc6afc-cb4d-41eb-b9b1-6e21dc42bc93,6,859,True,23686,23686,150.72909751092084
860,39cc6afc-cb4d-41eb-b9b1-6e21dc42bc93,6,860,True,23715,23715,189.01000615345765
861,39cc6afc-cb4d-41eb-b9b1-6e21dc42bc93,6,861,True,23734,23734,196.08369319085614
862,39cc6afc-cb4d-41eb-b9b1-6e21dc42bc93,6,862,True,23767,23767,144.31303126390048
863,39cc6afc-cb4d-41eb-b9b1-6e21dc42bc93,6,863,True,23798,23798,165.29025775229093
864,39cc6afc-cb4d-41eb-b9b1-6e21dc42bc93,6,864,True,23825,23825,163.68947048656992
865,39cc6afc-cb4d-41eb-b9b1-6e21dc42bc93,6,865,True,23852,23852,185.00578824133845
866,39cc6afc-cb4d-41eb-b9b1-6e21dc42bc93,6,866,True,23880,23880,181.64108344271517
867,39cc6afc-cb4d-41eb-b9b1-6e21dc42bc93,6,867,True,23905,23905,225.55283646738826
868,39cc6afc-cb4d-41eb-b9b1-6e21dc42bc93,6,868,True,23936,23936,189.5389560785443
869,39cc6afc-cb4d-41eb-b9b1-6e21dc42bc93,6,869,True,23956,23956,174.55283646738826
870,39cc6afc-cb4d-41eb-b9b1-6e21dc42bc93,6,870,True,23977,23977,155.8327845105232
871,39cc6afc-cb4d-41eb-b9b1-6e21dc42bc93,6,871,True,24004,24004,176.05414752338766
872,39cc6afc-cb4d-41eb-b9b1-6e21dc42bc93,6,872,True,24034,24034,151.5522787165537
873,39cc6afc-cb4d-41eb-b9b1-6e21dc42bc93,6,873,True,24059,24059,159.6249983236812
874,39cc6afc-cb4d-41eb-b9b1-6e21dc42bc93,6,874,True,24089,24089,154.03171689901137
875,39cc6afc-cb4d-41eb-b9b1-6e21dc42bc93,6,875,True,24120,24120,169.72995707991504
876,39cc6afc-cb4d-41eb-b9b1-6e21dc42bc93,6,876,True,24151,24151,166.43279040319976
877,39cc6afc-cb4d-41eb-b9b1-6e21dc42bc93,6,877,True,24173,24173,173.13628755780883
878,39cc6afc-cb4d-41eb-b9b1-6e21dc42bc93,6,878,True,24196,24196,167.80910160170606
879,39cc6afc-cb4d-41eb-b9b1-6e21dc42bc93,6,879,True,24220,24220,172.41730166256457
880,39cc6afc-cb4d-41eb-b9b1-6e21dc42bc93,6,880,True,24251,24251,122.8309453994334
881,39cc6afc-cb4d-41eb-b9b1-6e21dc42bc93,6,881,True,24276,24276,165.27208597734352
882,39cc6afc-cb4d-41eb-b9b1-6e21dc42bc93,6,882,True,24309,24309,153.12741016272412
883,39cc6afc-cb4d-41eb-b9b1-6e21dc42bc93,6,883,True,24333,24333,157.22730712707562
884,39cc6afc-cb4d-41eb-b9b1-6e21dc42bc93,6,884,True,24363,24363,123.06281579619463
885,39cc6afc-cb4d-41eb-b9b1-6e21dc42bc93,6,885,True,24383,24383,173.48253473771547
886,39cc6afc-cb4d-41eb-b9b1-6e21dc42bc93,6,886,True,24410,24410,130.21669616772124
887,39cc6afc-cb4d-41eb-b9b1-6e21dc42bc93,6,887,True,24438,24438,146.199587307794
888,39cc6afc-cb4d-41eb-b9b1-6e21dc42bc93,6,888,True,24464,24464,125.0882708768695
889,39cc6afc-cb4d-41eb-b9b1-6e21dc42bc93,6,889,True,24488,24488,150.36900818604408
890,39cc6afc-cb4d-41eb-b9b1-6e21dc42bc93,6,890,True,24520,24520,115.86483957013843
891,39cc6afc-cb4d-41eb-b9b1-6e21dc42bc93,6,891,True,24551,24551,146.78678886848138
892,39cc6afc-cb4d-41eb-b9b1-6e21dc42bc93,6,892,True,24585,24585,115.36595059168394
893,39cc6afc-cb4d-41eb-b9b1-6e21dc42bc93,6,893,True,24620,24620,133.8995546637816
894,39cc6afc-cb4d-41eb-b9b1-6e21dc42bc93,6,894,True,24651,24651,128.04208859044957
895,39cc6afc-cb4d-41eb-b9b1-6e21dc42bc93,6,895,True,24670,24670,159.06556041450676
896,39cc6afc-cb4d-41eb-b9b1-6e21dc42bc93,6,896,True,24694,24694,163.37247364544237
897,39cc6afc-cb4d-41eb-b9b1-6e21dc42bc93,6,897,True,24718,24718,157.0476874725391
898,39cc6afc-cb4d-41eb-b9b1-6e21dc42bc93,6,898,True,24750,24750,165.32537940242037
899,39cc6afc-cb4d-41eb-b9b1-6e21dc42bc93,6,899,True,24780,24780,165.61873434760855
900,39cc6afc-cb4d-41eb-b9b1-6e21dc42bc93,6,900,True,24815,24815,166.88431090336235
901,39cc6afc-cb4d-41eb-b9b1-6e21dc42bc93,6,901,True,24834,24834,137.62488474291968
902,39cc6afc-cb4d-41eb-b9b1-6e21dc42bc93,6,902,True,24867,24867,141.8114134601965
903,39cc6afc-cb4d-41eb-b9b1-6e21dc42bc93,6,903,True,24901,24901,146.3689643798789
904,39cc6afc-cb4d-41eb-b9b1-6e21dc42bc93,6,904,True,24930,24930,152.06087530128207
905,39cc6afc-cb4d-41eb-b9b1-6e21dc42bc93,6,905,True,24960,24960,124.37962104811595
906,39cc6afc-cb4d-41eb-b9b1-6e21dc42bc93,6,906,True,24995,24995,136.11775286082775
907,39cc6afc-cb4d-41eb-b9b1-6e21dc42bc93,6,907,True,25023,25023,138.69637609659912
908,39cc6afc-cb4d-41eb-b9b1-6e21dc42bc93,6,908,True,25048,25048,116.04990429441386
909,39cc6afc-cb4d-41eb-b9b1-6e21dc42bc93,6,909,True,25080,25080,134.4012708720402
910,39cc6afc-cb4d-41eb-b9b1-6e21dc42bc93,6,910,True,25115,25115,160.36714527207005
911,39cc6afc-cb4d-41eb-b9b1-6e21dc42bc93,6,911,True,25144,25144,136.33986467487193
912,39cc6afc-cb4d-41eb-b9b1-6e21dc42bc93,6,912,True,25173,25173,156.18885021885944
913,39cc6afc-cb4d-41eb-b9b1-6e21dc42bc93,6,913,True,25196,25196,135.94791516595797
914,39cc6afc-cb4d-41eb-b9b1-6e21dc42bc93,6,914,True,25216,25216,138.46467169210882
915,39cc6afc-cb4d-41eb-b9b1-6e21dc42bc93,6,915,True,25244,25244,112.9114956620906
916,39cc6afc-cb4d-41eb-b9b1-6e21dc42bc93,6,916,True,25284,25284,115.94068767996941
917,39cc6afc-cb4d-41eb-b9b1-6e21dc42bc93,6,917,True,25316,25316,125.73041669513259
918,39cc6afc-cb4d-41eb-b9b1-6e21dc42bc93,6,918,True,25346,25346,173.49091892554134
919,39cc6afc-cb4d-41eb-b9b1-6e21dc42bc93,6,919,True,25370,25370,99.29865211171636
920,39cc6afc-cb4d-41eb-b9b1-6e21dc42bc93,6,920,True,25397,25397,128.1623654095638
921,39cc6afc-cb4d-41eb-b9b1-6e21dc42bc93,6,921,True,25418,25418,126.92174389524735
922,39cc6afc-cb4d-41eb-b9b1-6e21dc42bc93,6,922,True,25462,25462,87.05294073143159
923,39cc6afc-cb4d-41eb-b9b1-6e21dc42bc93,6,923,True,25489,25489,95.27013738488677
924,39cc6afc-cb4d-41eb-b9b1-6e21dc42bc93,6,924,True,25518,25518,125.58673318223737
925,39cc6afc-cb4d-41eb-b9b1-6e21dc42bc93,6,925,True,25541,25541,105.19561896641608
926,39cc6afc-cb4d-41eb-b9b1-6e21dc42bc93,6,926,True,25564,25564,131.3862460739765
927,39cc6afc-cb4d-41eb-b9b1-6e21dc42bc93,6,927,True,25584,25584,108.84421900954476
928,39cc6afc-cb4d-41eb-b9b1-6e21dc42bc93,6,928,True,25617,25617,138.66044739527933
929,39cc6afc-cb4d-41eb-b9b1-6e21dc42bc93,6,929,True,25645,25645,118.07723778688523
930,39cc6afc-cb4d-41eb-b9b1-6e21dc42bc93,6,930,True,25683,25683,125.70640061404265
931,39cc6afc-cb4d-41eb-b9b1-6e21dc42bc93,6,931,True,25702,25702,125.04794939661588
932,39cc6afc-cb4d-41eb-b9b1-6e21dc42bc93,6,932,True,25722,25722,123.58381302387352
933,39cc6afc-cb4d-41eb-b9b1-6e21dc42bc93,6,933,True,25750,25750,120.75324484231533
934,39cc6afc-cb4d-41eb-b9b1-6e21dc42bc93,6,934,True,25778,25778,157.88135425373912
935,39cc6afc-cb4d-41eb-b9b1-6e21dc42bc93,6,935,True,25802,25802,143.9460521334695
936,39cc6afc-cb4d-41eb-b9b1-6e21dc42bc93,6,936,True,25828,25828,159.23492980943774
937,39cc6afc-cb4d-41eb-b9b1-6e21dc42bc93,6,937,True,25864,25864,129.02162193583717
938,39cc6afc-cb4d-41eb-b9b1-6e21dc42bc93,6,938,True,25893,25893,148.5105035043416
939,39cc6afc-cb4d-41eb-b9b1-6e21dc42bc93,6,939,True,25926,25926,164.32713295169742
940,39cc6afc-cb4d-41eb-b9b1-6e21dc42bc93,6,940,True,25956,25956,155.47569737934828
941,39cc6afc-cb4d-41eb-b9b1-6e21dc42bc93,6,941,True,25980,25980,135.78709834058463
942,39cc6afc-cb4d-41eb-b9b1-6e21dc42bc93,6,942,True,26009,26009,151.8227253582627
943,39cc6afc-cb4d-41eb-b9b1-6e21dc42bc93,6,943,True,26029,26029,127.29287792622563
944,39cc6afc-cb4d-41eb-b9b1-6e21dc42bc93,6,944,True,26056,26056,137.02302840635457
945,39cc6afc-cb4d-41eb-b9b1-6e21dc42bc93,6,945,True,26076,26076,134.1759652095352
946,39cc6afc-cb4d-41eb-b9b1-6e21dc42bc93,6,946,True,26108,26108,150.28487228111408
947,39cc6afc-cb4d-41eb-b9b1-6e21dc42bc93,6,947,True,26127,26127,112.44863663352226
948,39cc6afc-cb4d-41eb-b9b1-6e21dc42bc93,6,948,True,26165,26165,147.74459554746863
949,39cc6afc-cb4d-41eb-b9b1-6e21dc42bc93,6,949,True,26196,26196,163.94481290097974
950,39cc6afc-cb4d-41eb-b9b1-6e21dc42bc93,6,950,True,26225,26225,137.43272125706062
951,39cc6afc-cb4d-41eb-b9b1-6e21dc42bc93,6,951,True,26254,26254,193.682640012521
952,39cc6afc-cb4d-41eb-b9b1-6e21dc42bc93,6,952,True,26285,26285,142.00487292639446
953,39cc6afc-cb4d-41eb-b9b1-6e21dc42bc93,6,953,True,26321,26321,151.38050278973242
954,39cc6afc-cb4d-41eb-b9b1-6e21dc42bc93,6,954,True,26349,26349,112.06785903677519
955,39cc6afc-cb4d-41eb-b9b1-6e21dc42bc93,6,955,True,26373,26373,145.24839963005434
956,39cc6afc-cb4d-41eb-b9b1-6e21dc42bc93,6,956,True,26402,26402,123.73073210015718
957,39cc6afc-cb4d-41eb-b9b1-6e21dc42bc93,6,957,True,26423,26423,145.3357450093681
958,39cc6afc-cb4d-41eb-b9b1-6e21dc42bc93,6,958,True,26448,26448,130.34357828007342
959,39cc6afc-cb4d-41eb-b9b1-6e21dc42bc93,6,959,True,26478,26478,152.9625774032429
960,39cc6afc-cb4d-41eb-b9b1-6e21dc42bc93,6,960,True,26509,26509,119.69379626703449
961,39cc6afc-cb4d-41eb-b9b1-6e21dc42bc93,6,961,True,26539,26539,133.83785574735884
962,39cc6afc-cb4d-41eb-b9b1-6e21dc42bc93,6,962,True,26564,26564,153.70504185567916
963,39cc6afc-cb4d-41eb-b9b1-6e21dc42bc93,6,963,True,26591,26591,146.3567567834143
964,39cc6afc-cb4d-41eb-b9b1-6e21dc42bc93,6,964,True,26628,26628,134.76762289666294
965,39cc6afc-cb4d-41eb-b9b1-6e21dc42bc93,6,965,True,26653,26653,145.50721067616905
966,39cc6afc-cb4d-41eb-b9b1-6e21dc42bc93,6,966,True,26679,26679,127.89682605989583
967,39cc6afc-cb4d-41eb-b9b1-6e21dc42bc93,6,967,True,26710,26710,146.26187810341435
968,39cc6afc-cb4d-41eb-b9b1-6e21dc42bc93,6,968,True,26736,26736,123.09070896085541
969,39cc6afc-cb4d-41eb-b9b1-6e21dc42bc93,6,969,True,26763,26763,145.3135934806196
970,39cc6afc-cb4d-41eb-b9b1-6e21dc42bc93,6,970,True,26798,26798,163.556868983007
971,39cc6afc-cb4d-41eb-b9b1-6e21dc42bc93,6,971,True,26819,26819,160.5565258837014
972,39cc6afc-cb4d-41eb-b9b1-6e21dc42bc93,6,972,True,26849,26849,161.9270028990286
973,39cc6afc-cb4d-41eb-b9b1-6e21dc42bc93,6,973,True,26874,26874,163.52587911191222
974,39cc6afc-cb4d-41eb-b9b1-6e21dc42bc93,6,974,True,26900,26900,161.09957705200577
975,39cc6afc-cb4d-41eb-b9b1-6e21dc42bc93,6,975,True,26931,26931,180.4309842934781
976,39cc6afc-cb4d-41eb-b9b1-6e21dc42bc93,6,976,True,26957,26957,144.06358724352322
977,39cc6afc-cb4d-41eb-b9b1-6e21dc42bc93,6,977,True,26988,26988,138.8275849231286
978,39cc6afc-cb4d-41eb-b9b1-6e21dc42bc93,6,978,True,27015,27015,119.47548606494456
979,39cc6afc-cb4d-41eb-b9b1-6e21dc42bc93,6,979,True,27041,27041,145.03500438789342
980,39cc6afc-cb4d-41eb-b9b1-6e21dc42bc93,6,980,True,27063,27063,125.65739460960685
981,39cc6afc-cb4d-41eb-b9b1-6e21dc42bc93,6,981,True,27095,27095,140.75664046630845
982,39cc6afc-cb4d-41eb-b9b1-6e21dc42bc93,6,982,True,27120,27120,119.77820705120394
983,39cc6afc-cb4d-41eb-b9b1-6e21dc42bc93,6,983,True,27149,27149,138.173282806496
984,39cc6afc-cb4d-41eb-b9b1-6e21dc42bc93,6,984,True,27190,27190,119.36698418604283
985,39cc6afc-cb4d-41eb-b9b1-6e21dc42bc93,6,985,True,27216,27216,172.54564762168957
986,39cc6afc-cb4d-41eb-b9b1-6e21dc42bc93,6,986,True,27244,27244,115.50707005982622
987,39cc6afc-cb4d-41eb-b9b1-6e21dc42bc93,6,987,True,27273,27273,142.32447218450034
988,39cc6afc-cb4d-41eb-b9b1-6e21dc42bc93,6,988,True,27300,27300,120.87274536574114
989,39cc6afc-cb4d-41eb-b9b1-6e21dc42bc93,6,989,True,27324,27324,145.96967981483613
990,39cc6afc-cb4d-41eb-b9b1-6e21dc42bc93,6,990,True,27341,27341,164.3999451435193
991,39cc6afc-cb4d-41eb-b9b1-6e21dc42bc93,6,991,True,27370,27370,210.02686075315432
992,39cc6afc-cb4d-41eb-b9b1-6e21dc42bc93,6,992,True,27399,27399,184.49299877680824
993,39cc6afc-cb4d-41eb-b9b1-6e21dc42bc93,6,993,True,27426,27426,157.49299877680824
994,39cc6afc-cb4d-41eb-b9b1-6e21dc42bc93,6,994,True,27454,27454,203.21296783659636
995,39cc6afc-cb4d-41eb-b9b1-6e21dc42bc93,6,995,True,27484,27484,198.70536168760736
996,39cc6afc-cb4d-41eb-b9b1-6e21dc42bc93,6,996,True,27514,27514,216.41801041502913
997,39cc6afc-cb4d-41eb-b9b1-6e21dc42bc93,6,997,True,27540,27540,190.41801041502913
998,39cc6afc-cb4d-41eb-b9b1-6e21dc42bc93,6,998,True,27567,27567,241.6608393767856
999,39cc6afc-cb4d-41eb-b9b1-6e21dc42bc93,6,999,True,27603,27603,186.26947689948793
1000,1e70dd2e-1d52-416d-8e33-d47074bac21c,7,1000,True,28,28,79.85157901363769
1001,1e70dd2e-1d52-416d-8e33-d47074bac21c,7,1001,True,49,49,89.2749419846952
1002,1e70dd2e-1d52-416d-8e33-d47074bac21c,7,1002,True,70,70,93.19013569656008
1003,1e70dd2e-1d52-416d-8e33-d47074bac21c,7,1003,True,94,94,85.93286887207918
1004,1e70dd2e-1d52-416d-8e33-d47074bac21c,7,1004,True,133,133,74.13870206664853
1005,1e70dd2e-1d52-416d-8e33-d47074bac21c,7,1005,True,160,160,83.96576629387357
1006,1e70dd2e-1d52-416d-8e33-d47074bac21c,7,1006,True,189,189,84.04131404984741
1007,1e70dd2e-1d52-416d-8e33-d47074bac21c,7,1007,True,213,213,93.13041707939931
1008,1e70dd2e-1d52-416d-8e33-d47074bac21c,7,1008,True,245,245,87.29789325343921
1009,1e70dd2e-1d52-416d-8e33-d47074bac21c,7,1009,True,273,273,165.73499404560778
1010,1e70dd2e-1d52-416d-8e33-d47074bac21c,7,1010,True,302,302,125.72249510563961
1011,1e70dd2e-1d52-416d-8e33-d47074bac21c,7,1011,True,325,325,160.86199936811045
1012,1e70dd2e-1d52-416d-8e33-d47074bac21c,7,1012,True,359,359,158.42009739024252
1013,1e70dd2e-1d52-416d-8e33-d47074bac21c,7,1013,True,386,386,150.6265306228995
1014,1e70dd2e-1d52-416d-8e33-d47074bac21c,7,1014,True,417,417,130.31483800402816
1015,1e70dd2e-1d52-416d-8e33-d47074bac21c,7,1015,True,448,448,133.8374372590947
1016,1e70dd2e-1d52-416d-8e33-d47074bac21c,7,1016,True,472,472,119.51333071774218
1017,1e70dd2e-1d52-416d-8e33-d47074bac21c,7,1017,True,505,505,200.33540357285597
1018,1e70dd2e-1d52-416d-8e33-d47074bac21c,7,1018,True,536,536,143.26013306267066
1019,1e70dd2e-1d52-416d-8e33-d47074bac21c,7,1019,True,560,560,145.33540357285597
1020,1e70dd2e-1d52-416d-8e33-d47074bac21c,7,1020,True,592,592,123.3509313634305
1021,1e70dd2e-1d52-416d-8e33-d47074bac21c,7,1021,True,624,624,151.14329762659384
1022,1e70dd2e-1d52-416d-8e33-d47074bac21c,7,1022,True,654,654,133.16220260015234
1023,1e70dd2e-1d52-416d-8e33-d47074bac21c,7,1023,True,688,688,138.18298239424018
1024,1e70dd2e-1d52-416d-8e33-d47074bac21c,7,1024,True,707,707,128.0143121620905
1025,1e70dd2e-1d52-416d-8e33-d47074bac21c,7,1025,True,725,725,124.69074107817823
1026,1e70dd2e-1d52-416d-8e33-d47074bac21c,7,1026,True,751,751,143.0635096671549
1027,1e70dd2e-1d52-416d-8e33-d47074bac21c,7,1027,True,776,776,130.7384183729789
1028,1e70dd2e-1d52-416d-8e33-d47074bac21c,7,1028,True,804,804,149.98248749392155
1029,1e70dd2e-1d52-416d-8e33-d47074bac21c,7,1029,True,822,822,158.63250616543985
1030,1e70dd2e-1d52-416d-8e33-d47074bac21c,7,1030,True,855,855,134.85193963789482
1031,1e70dd2e-1d52-416d-8e33-d47074bac21c,7,1031,True,871,871,158.30785056528111
1032,1e70dd2e-1d52-416d-8e33-d47074bac21c,7,1032,True,897,897,146.63718411751847
1033,1e70dd2e-1d52-416d-8e33-d47074bac21c,7,1033,True,920,920,136.54533656302965
1034,1e70dd2e-1d52-416d-8e33-d47074bac21c,7,1034,True,946,946,153.698621146684
1035,1e70dd2e-1d52-416d-8e33-d47074bac21c,7,1035,True,971,971,145.8940271620404
1036,1e70dd2e-1d52-416d-8e33-d47074bac21c,7,1036,True,994,994,132.95484980431934
1037,1e70dd2e-1d52-416d-8e33-d47074bac21c,7,1037,True,1019,1019,167.5130201130969
1038,1e70dd2e-1d52-416d-8e33-d47074bac21c,7,1038,True,1040,1040,136.5438081538082
1039,1e70dd2e-1d52-416d-8e33-d47074bac21c,7,1039,True,1068,1068,182.96758346588217
1040,1e70dd2e-1d52-416d-8e33-d47074bac21c,7,1040,True,1097,1097,143.08766812248587
1041,1e70dd2e-1d52-416d-8e33-d47074bac21c,7,1041,True,1115,1115,177.5236853176841
1042,1e70dd2e-1d52-416d-8e33-d47074bac21c,7,1042,True,1138,1138,144.0628407649524
1043,1e70dd2e-1d52-416d-8e33-d47074bac21c,7,1043,True,1171,1171,150.4000024521465
1044,1e70dd2e-1d52-416d-8e33-d47074bac21c,7,1044,True,1200,1200,148.6072741983553
1045,1e70dd2e-1d52-416d-8e33-d47074bac21c,7,1045,True,1221,1221,152.4822407394497
1046,1e70dd2e-1d52-416d-8e33-d47074bac21c,7,1046,True,1245,1245,138.3309851219044
1047,1e70dd2e-1d52-416d-8e33-d47074bac21c,7,1047,True,1269,1269,191.39628677644555
1048,1e70dd2e-1d52-416d-8e33-d47074bac21c,7,1048,True,1299,1299,150.164128266817
1049,1e70dd2e-1d52-416d-8e33-d47074bac21c,7,1049,True,1331,1331,157.904416718633
1050,1e70dd2e-1d52-416d-8e33-d47074bac21c,7,1050,True,1347,1347,125.99256003246501
1051,1e70dd2e-1d52-416d-8e33-d47074bac21c,7,1051,True,1378,1378,155.75288289884384
1052,1e70dd2e-1d52-416d-8e33-d47074bac21c,7,1052,True,1412,1412,145.6686627734232
1053,1e70dd2e-1d52-416d-8e33-d47074bac21c,7,1053,True,1435,1435,163.28195063746875
1054,1e70dd2e-1d52-416d-8e33-d47074bac21c,7,1054,True,1460,1460,124.9051164120583
1055,1e70dd2e-1d52-416d-8e33-d47074bac21c,7,1055,True,1485,1485,188.34911813985923
1056,1e70dd2e-1d52-416d-8e33-d47074bac21c,7,1056,True,1519,1519,144.95113636365954
1057,1e70dd2e-1d52-416d-8e33-d47074bac21c,7,1057,True,1546,1546,142.28277454034446
1058,1e70dd2e-1d52-416d-8e33-d47074bac21c,7,1058,True,1572,1572,126.71862230159331
1059,1e70dd2e-1d52-416d-8e33-d47074bac21c,7,1059,True,1591,1591,147.0565329048536
1060,1e70dd2e-1d52-416d-8e33-d47074bac21c,7,1060,True,1619,1619,129.5059522277536
1061,1e70dd2e-1d52-416d-8e33-d47074bac21c,7,1061,True,1649,1649,152.49059745603677
1062,1e70dd2e-1d52-416d-8e33-d47074bac21c,7,1062,True,1680,1680,131.96200895609854
1063,1e70dd2e-1d52-416d-8e33-d47074bac21c,7,1063,True,1704,1704,157.8867311871661
1064,1e70dd2e-1d52-416d-8e33-d47074bac21c,7,1064,True,1736,1736,138.26536566305617
1065,1e70dd2e-1d52-416d-8e33-d47074bac21c,7,1065,True,1752,1752,135.35882663248276
1066,1e70dd2e-1d52-416d-8e33-d47074bac21c,7,1066,True,1792,1792,127.30407063875327
1067,1e70dd2e-1d52-416d-8e33-d47074bac21c,7,1067,True,1819,1819,140.62301306865606
1068,1e70dd2e-1d52-416d-8e33-d47074bac21c,7,1068,True,1842,1842,130.02066268213093
1069,1e70dd2e-1d52-416d-8e33-d47074bac21c,7,1069,True,1868,1868,142.92575756949464
1070,1e70dd2e-1d52-416d-8e33-d47074bac21c,7,1070,True,1900,1900,130.55555947161042
1071,1e70dd2e-1d52-416d-8e33-d47074bac21c,7,1071,True,1923,1923,165.031246588062
1072,1e70dd2e-1d52-416d-8e33-d47074bac21c,7,1072,True,1950,1950,148.64461202140455
1073,1e70dd2e-1d52-416d-8e33-d47074bac21c,7,1073,True,1973,1973,168.8977614937926
1074,1e70dd2e-1d52-416d-8e33-d47074bac21c,7,1074,True,2002,2002,149.59682613640962
1075,1e70dd2e-1d52-416d-8e33-d47074bac21c,7,1075,True,2023,2023,149.59245414375346
1076,1e70dd2e-1d52-416d-8e33-d47074bac21c,7,1076,True,2055,2055,139.50109788352574
1077,1e70dd2e-1d52-416d-8e33-d47074bac21c,7,1077,True,2085,2085,181.35888967129858
1078,1e70dd2e-1d52-416d-8e33-d47074bac21c,7,1078,True,2116,2116,127.79206890769183
1079,1e70dd2e-1d52-416d-8e33-d47074bac21c,7,1079,True,2151,2151,126.58647605305077
1080,1e70dd2e-1d52-416d-8e33-d47074bac21c,7,1080,True,2177,2177,132.79907076991503
1081,1e70dd2e-1d52-416d-8e33-d47074bac21c,7,1081,True,2197,2197,123.01906906471322
1082,1e70dd2e-1d52-416d-8e33-d47074bac21c,7,1082,True,2221,2221,163.7896580804677
1083,1e70dd2e-1d52-416d-8e33-d47074bac21c,7,1083,True,2246,2246,129.2214189680344
1084,1e70dd2e-1d52-416d-8e33-d47074bac21c,7,1084,True,2267,2267,159.64665019901486
1085,1e70dd2e-1d52-416d-8e33-d47074bac21c,7,1085,True,2295,2295,168.44441404149302
1086,1e70dd2e-1d52-416d-8e33-d47074bac21c,7,1086,True,2323,2323,128.86597988463336
1087,1e70dd2e-1d52-416d-8e33-d47074bac21c,7,1087,True,2354,2354,158.00409831098568
1088,1e70dd2e-1d52-416d-8e33-d47074bac21c,7,1088,True,2386,2386,140.6825965010753
1089,1e70dd2e-1d52-416d-8e33-d47074bac21c,7,1089,True,2407,2407,129.99661821264044
1090,1e70dd2e-1d52-416d-8e33-d47074bac21c,7,1090,True,2439,2439,145.53765133381694
1091,1e70dd2e-1d52-416d-8e33-d47074bac21c,7,1091,True,2459,2459,140.9927502448254
1092,1e70dd2e-1d52-416d-8e33-d47074bac21c,7,1092,True,2491,2491,118.79236439082615
1093,1e70dd2e-1d52-416d-8e33-d47074bac21c,7,1093,True,2516,2516,130.85644607899303
1094,1e70dd2e-1d52-416d-8e33-d47074bac21c,7,1094,True,2550,2550,125.86237099876325
1095,1e70dd2e-1d52-416d-8e33-d47074bac21c,7,1095,True,2582,2582,119.2439766847624
1096,1e70dd2e-1d52-416d-8e33-d47074bac21c,7,1096,True,2608,2608,138.5583070130474
1097,1e70dd2e-1d52-416d-8e33-d47074bac21c,7,1097,True,2626,2626,170.5402321853485
1098,1e70dd2e-1d52-416d-8e33-d47074bac21c,7,1098,True,2649,2649,137.7234323670018
1099,1e70dd2e-1d52-416d-8e33-d47074bac21c,7,1099,True,2681,2681,182.80643202406554
1100,1e70dd2e-1d52-416d-8e33-d47074bac21c,7,1100,True,2723,2723,140.80643202406554
1101,1e70dd2e-1d52-416d-8e33-d47074bac21c,7,1101,True,2749,2749,142.29082639895796
1102,1e70dd2e-1d52-416d-8e33-d47074bac21c,7,1102,True,2771,2771,142.44684322188687
1103,1e70dd2e-1d52-416d-8e33-d47074bac21c,7,1103,True,2801,2801,155.74659734991974
1104,1e70dd2e-1d52-416d-8e33-d47074bac21c,7,1104,True,2830,2830,117.80417101689409
1105,1e70dd2e-1d52-416d-8e33-d47074bac21c,7,1105,True,2863,2863,113.44300612015513
1106,1e70dd2e-1d52-416d-8e33-d47074bac21c,7,1106,True,2889,2889,156.85734386186914
1107,1e70dd2e-1d52-416d-8e33-d47074bac21c,7,1107,True,2913,2913,176.7418610756963
1108,1e70dd2e-1d52-416d-8e33-d47074bac21c,7,1108,True,2950,2950,197.76082711812478
1109,1e70dd2e-1d52-416d-8e33-d47074bac21c,7,1109,True,2977,2977,160.0062120243265
1110,1e70dd2e-1d52-416d-8e33-d47074bac21c,7,1110,True,3008,3008,229.62204931692077
1111,1e70dd2e-1d52-416d-8e33-d47074bac21c,7,1111,True,3029,3029,208.62204931692077
1112,1e70dd2e-1d52-416d-8e33-d47074bac21c,7,1112,True,3059,3059,203.6488972975194
1113,1e70dd2e-1d52-416d-8e33-d47074bac21c,7,1113,True,3087,3087,187.00439730335438
1114,1e70dd2e-1d52-416d-8e33-d47074bac21c,7,1114,True,3115,3115,219.47524902447094
1115,1e70dd2e-1d52-416d-8e33-d47074bac21c,7,1115,True,3133,3133,180.49679916482455
1116,1e70dd2e-1d52-416d-8e33-d47074bac21c,7,1116,True,3166,3166,198.04445375513887
1117,1e70dd2e-1d52-416d-8e33-d47074bac21c,7,1117,True,3194,3194,181.71040016901134
1118,1e70dd2e-1d52-416d-8e33-d47074bac21c,7,1118,True,3209,3209,198.24338996255256
1119,1e70dd2e-1d52-416d-8e33-d47074bac21c,7,1119,True,3236,3236,181.95724921694182
1120,1e70dd2e-1d52-416d-8e33-d47074bac21c,7,1120,True,3270,3270,176.61470896718038
1121,1e70dd2e-1d52-416d-8e33-d47074bac21c,7,1121,True,3311,3311,147.1845825869409
1122,1e70dd2e-1d52-416d-8e33-d47074bac21c,7,1122,True,3340,3340,140.10742997641228
1123,1e70dd2e-1d52-416d-8e33-d47074bac21c,7,1123,True,3367,3367,145.21196118811122
1124,1e70dd2e-1d52-416d-8e33-d47074bac21c,7,1124,True,3385,3385,137.86366335443518
1125,1e70dd2e-1d52-416d-8e33-d47074bac21c,7,1125,True,3417,3417,122.2658817935353
1126,1e70dd2e-1d52-416d-8e33-d47074bac21c,7,1126,True,3444,3444,165.75426498910247
1127,1e70dd2e-1d52-416d-8e33-d47074bac21c,7,1127,True,3468,3468,124.48663019534979
1128,1e70dd2e-1d52-416d-8e33-d47074bac21c,7,1128,True,3498,3498,156.82119189709556
1129,1e70dd2e-1d52-416d-8e33-d47074bac21c,7,1129,True,3527,3527,117.32912567700214
1130,1e70dd2e-1d52-416d-8e33-d47074bac21c,7,1130,True,3555,3555,142.44613363089638
1131,1e70dd2e-1d52-416d-8e33-d47074bac21c,7,1131,True,3592,3592,114.41237756453393
1132,1e70dd2e-1d52-416d-8e33-d47074bac21c,7,1132,True,3622,3622,147.19977521353167
1133,1e70dd2e-1d52-416d-8e33-d47074bac21c,7,1133,True,3647,3647,133.28152333818844
1134,1e70dd2e-1d52-416d-8e33-d47074bac21c,7,1134,True,3678,3678,127.21353102725652
1135,1e70dd2e-1d52-416d-8e33-d47074bac21c,7,1135,True,3705,3705,145.12967400581783
1136,1e70dd2e-1d52-416d-8e33-d47074bac21c,7,1136,True,3732,3732,128.64935140687203
1137,1e70dd2e-1d52-416d-8e33-d47074bac21c,7,1137,True,3752,3752,204.23165590136296
1138,1e70dd2e-1d52-416d-8e33-d47074bac21c,7,1138,True,3778,3778,145.91359807643994
1139,1e70dd2e-1d52-416d-8e33-d47074bac21c,7,1139,True,3810,3810,174.74040761123524
1140,1e70dd2e-1d52-416d-8e33-d47074bac21c,7,1140,True,3836,3836,137.83940574041935
1141,1e70dd2e-1d52-416d-8e33-d47074bac21c,7,1141,True,3865,3865,139.28927596004905
1142,1e70dd2e-1d52-416d-8e33-d47074bac21c,7,1142,True,3898,3898,137.51453189341146
1143,1e70dd2e-1d52-416d-8e33-d47074bac21c,7,1143,True,3927,3927,130.8405940240973
1144,1e70dd2e-1d52-416d-8e33-d47074bac21c,7,1144,True,3957,3957,161.19780908793564
1145,1e70dd2e-1d52-416d-8e33-d47074bac21c,7,1145,True,3977,3977,128.58936510622243
1146,1e70dd2e-1d52-416d-8e33-d47074bac21c,7,1146,True,4000,4000,168.15850048332504
1147,1e70dd2e-1d52-416d-8e33-d47074bac21c,7,1147,True,4035,4035,133.15850048332504
1148,1e70dd2e-1d52-416d-8e33-d47074bac21c,7,1148,True,4075,4075,160.34637252990615
1149,1e70dd2e-1d52-416d-8e33-d47074bac21c,7,1149,True,4102,4102,151.79959296258767
1150,1e70dd2e-1d52-416d-8e33-d47074bac21c,7,1150,True,4130,4130,154.00830687572852
1151,1e70dd2e-1d52-416d-8e33-d47074bac21c,7,1151,True,4154,4154,152.75908835216342
1152,1e70dd2e-1d52-416d-8e33-d47074bac21c,7,1152,True,4189,4189,146.72746827574883
1153,1e70dd2e-1d52-416d-8e33-d47074bac21c,7,1153,True,4221,4221,151.45921641436053
1154,1e70dd2e-1d52-416d-8e33-d47074bac21c,7,1154,True,4249,4249,112.7186909664515
1155,1e70dd2e-1d52-416d-8e33-d47074bac21c,7,1155,True,4278,4278,139.77331319576297
1156,1e70dd2e-1d52-416d-8e33-d47074bac21c,7,1156,True,4303,4303,125.2505538096575
1157,1e70dd2e-1d52-416d-8e33-d47074bac21c,7,1157,True,4326,4326,128.5706752313872
1158,1e70dd2e-1d52-416d-8e33-d47074bac21c,7,1158,True,4354,4354,124.74975803089455
1159,1e70dd2e-1d52-416d-8e33-d47074bac21c,7,1159,True,4379,4379,127.54023788792165
1160,1e70dd2e-1d52-416d-8e33-d47074bac21c,7,1160,True,4411,4411,121.4572497393192
1161,1e70dd2e-1d52-416d-8e33-d47074bac21c,7,1161,True,4439,4439,188.06828075199155
1162,1e70dd2e-1d52-416d-8e33-d47074bac21c,7,1162,True,4466,4466,172.179096454488
1163,1e70dd2e-1d52-416d-8e33-d47074bac21c,7,1163,True,4487,4487,162.53947651403996
1164,1e70dd2e-1d52-416d-8e33-d47074bac21c,7,1164,True,4515,4515,145.55960608152054
1165,1e70dd2e-1d52-416d-8e33-d47074bac21c,7,1165,True,4560,4560,198.22646292306854
1166,1e70dd2e-1d52-416d-8e33-d47074bac21c,7,1166,True,4585,4585,192.64247813436668
1167,1e70dd2e-1d52-416d-8e33-d47074bac21c,7,1167,True,4608,4608,180.1569958653763
1168,1e70dd2e-1d52-416d-8e33-d47074bac21c,7,1168,True,4631,4631,297.08144947778146
1169,1e70dd2e-1d52-416d-8e33-d47074bac21c,7,1169,True,4657,4657,260.0246692496057
1170,1e70dd2e-1d52-416d-8e33-d47074bac21c,7,1170,True,4682,4682,212.6257242867032
1171,1e70dd2e-1d52-416d-8e33-d47074bac21c,7,1171,True,4715,4715,264.24150865113825
1172,1e70dd2e-1d52-416d-8e33-d47074bac21c,7,1172,True,4741,4741,228.14856872500695
1173,1e70dd2e-1d52-416d-8e33-d47074bac21c,7,1173,True,4773,4773,196.14856872500695
1174,1e70dd2e-1d52-416d-8e33-d47074bac21c,7,1174,True,4802,4802,219.4123512259548
1175,1e70dd2e-1d52-416d-8e33-d47074bac21c,7,1175,True,4821,4821,210.0253466184413
1176,1e70dd2e-1d52-416d-8e33-d47074bac21c,7,1176,True,4852,4852,221.6488688122099
1177,1e70dd2e-1d52-416d-8e33-d47074bac21c,7,1177,True,4884,4884,222.16433236415196
1178,1e70dd2e-1d52-416d-8e33-d47074bac21c,7,1178,True,4924,4924,222.58348893754646
1179,1e70dd2e-1d52-416d-8e33-d47074bac21c,7,1179,True,4948,4948,187.4121804309725
1180,1e70dd2e-1d52-416d-8e33-d47074bac21c,7,1180,True,4972,4972,191.67006209789088
1181,1e70dd2e-1d52-416d-8e33-d47074bac21c,7,1181,True,5004,5004,209.21355625554133
1182,1e70dd2e-1d52-416d-8e33-d47074bac21c,7,1182,True,5032,5032,167.53460671533048
1183,1e70dd2e-1d52-416d-8e33-d47074bac21c,7,1183,True,5058,5058,209.5120068989727
1184,1e70dd2e-1d52-416d-8e33-d47074bac21c,7,1184,True,5092,5092,160.71643756748654
1185,1e70dd2e-1d52-416d-8e33-d47074bac21c,7,1185,True,5123,5123,144.5120068989727
1186,1e70dd2e-1d52-416d-8e33-d47074bac21c,7,1186,True,5160,5160,213.81473055329025
1187,1e70dd2e-1d52-416d-8e33-d47074bac21c,7,1187,True,5191,5191,216.95210533272711
1188,1e70dd2e-1d52-416d-8e33-d47074bac21c,7,1188,True,5215,5215,172.75302257146177
1189,1e70dd2e-1d52-416d-8e33-d47074bac21c,7,1189,True,5237,5237,161.34925378625212
1190,1e70dd2e-1d52-416d-8e33-d47074bac21c,7,1190,True,5271,5271,167.66123834734117
1191,1e70dd2e-1d52-416d-8e33-d47074bac21c,7,1191,True,5302,5302,150.46642855599293
1192,1e70dd2e-1d52-416d-8e33-d47074bac21c,7,1192,True,5341,5341,151.2049097893032
1193,1e70dd2e-1d52-416d-8e33-d47074bac21c,7,1193,True,5367,5367,160.98392274190883
1194,1e70dd2e-1d52-416d-8e33-d47074bac21c,7,1194,True,5400,5400,112.71368273259395
1195,1e70dd2e-1d52-416d-8e33-d47074bac21c,7,1195,True,5426,5426,151.80496897897683
1196,1e70dd2e-1d52-416d-8e33-d47074bac21c,7,1196,True,5460,5460,156.88602354353225
1197,1e70dd2e-1d52-416d-8e33-d47074bac21c,7,1197,True,5487,5487,139.79125573531564
1198,1e70dd2e-1d52-416d-8e33-d47074bac21c,7,1198,True,5518,5518,126.04803904485834
1199,1e70dd2e-1d52-416d-8e33-d47074bac21c,7,1199,True,5534,5534,123.71554688955075
1200,1e70dd2e-1d52-416d-8e33-d47074bac21c,7,1200,True,5565,5565,152.04051290969983
1201,1e70dd2e-1d52-416d-8e33-d47074bac21c,7,1201,True,5587,5587,142.9439138577054
1202,1e70dd2e-1d52-416d-8e33-d47074bac21c,7,1202,True,5616,5616,143.64549504001934
1203,1e70dd2e-1d52-416d-8e33-d47074bac21c,7,1203,True,5637,5637,148.20562938154126
1204,1e70dd2e-1d52-416d-8e33-d47074bac21c,7,1204,True,5659,5659,179.0280966681421
1205,1e70dd2e-1d52-416d-8e33-d47074bac21c,7,1205,True,5683,5683,165.9585512307185
1206,1e70dd2e-1d52-416d-8e33-d47074bac21c,7,1206,True,5713,5713,135.9585512307185
1207,1e70dd2e-1d52-416d-8e33-d47074bac21c,7,1207,True,5737,5737,128.74223197647552
1208,1e70dd2e-1d52-416d-8e33-d47074bac21c,7,1208,True,5766,5766,124.4207787345631
1209,1e70dd2e-1d52-416d-8e33-d47074bac21c,7,1209,True,5802,5802,208.96746109432206
1210,1e70dd2e-1d52-416d-8e33-d47074bac21c,7,1210,True,5833,5833,177.96746109432206
1211,1e70dd2e-1d52-416d-8e33-d47074bac21c,7,1211,True,5861,5861,212.21840145901024
1212,1e70dd2e-1d52-416d-8e33-d47074bac21c,7,1212,True,5886,5886,172.137215952529
1213,1e70dd2e-1d52-416d-8e33-d47074bac21c,7,1213,True,5916,5916,207.29473592223076
1214,1e70dd2e-1d52-416d-8e33-d47074bac21c,7,1214,True,5948,5948,160.64397741776884
1215,1e70dd2e-1d52-416d-8e33-d47074bac21c,7,1215,True,5966,5966,182.57105311383475
1216,1e70dd2e-1d52-416d-8e33-d47074bac21c,7,1216,True,5990,5990,133.29473592223076
1217,1e70dd2e-1d52-416d-8e33-d47074bac21c,7,1217,True,6021,6021,157.6996858625862
1218,1e70dd2e-1d52-416d-8e33-d47074bac21c,7,1218,True,6038,6038,160.78448684891828
1219,1e70dd2e-1d52-416d-8e33-d47074bac21c,7,1219,True,6077,6077,151.12716997639927
1220,1e70dd2e-1d52-416d-8e33-d47074bac21c,7,1220,True,6107,6107,145.81521713797065
1221,1e70dd2e-1d52-416d-8e33-d47074bac21c,7,1221,True,6130,6130,147.41956123085492
1222,1e70dd2e-1d52-416d-8e33-d47074bac21c,7,1222,True,6162,6162,139.92480446309855
1223,1e70dd2e-1d52-416d-8e33-d47074bac21c,7,1223,True,6186,6186,133.8239613991327
1224,1e70dd2e-1d52-416d-8e33-d47074bac21c,7,1224,True,6204,6204,125.77218323242687
1225,1e70dd2e-1d52-416d-8e33-d47074bac21c,7,1225,True,6224,6224,130.31754660431488
1226,1e70dd2e-1d52-416d-8e33-d47074bac21c,7,1226,True,6256,6256,124.85523955757799
1227,1e70dd2e-1d52-416d-8e33-d47074bac21c,7,1227,True,6282,6282,152.7385137185138
1228,1e70dd2e-1d52-416d-8e33-d47074bac21c,7,1228,True,6308,6308,155.6822496549721
1229,1e70dd2e-1d52-416d-8e33-d47074bac21c,7,1229,True,6331,6331,154.0040799361659
1230,1e70dd2e-1d52-416d-8e33-d47074bac21c,7,1230,True,6355,6355,140.10171431328945
1231,1e70dd2e-1d52-416d-8e33-d47074bac21c,7,1231,True,6384,6384,159.63904438684494
1232,1e70dd2e-1d52-416d-8e33-d47074bac21c,7,1232,True,6408,6408,161.63684922981793
1233,1e70dd2e-1d52-416d-8e33-d47074bac21c,7,1233,True,6437,6437,150.13439585243668
1234,1e70dd2e-1d52-416d-8e33-d47074bac21c,7,1234,True,6467,6467,161.04171601619055
1235,1e70dd2e-1d52-416d-8e33-d47074bac21c,7,1235,True,6491,6491,145.06664531684328
1236,1e70dd2e-1d52-416d-8e33-d47074bac21c,7,1236,True,6522,6522,160.90046576515124
1237,1e70dd2e-1d52-416d-8e33-d47074bac21c,7,1237,True,6547,6547,154.3297835022695
1238,1e70dd2e-1d52-416d-8e33-d47074bac21c,7,1238,True,6576,6576,138.42583889969956
1239,1e70dd2e-1d52-416d-8e33-d47074bac21c,7,1239,True,6615,6615,169.70216475370034
1240,1e70dd2e-1d52-416d-8e33-d47074bac21c,7,1240,True,6638,6638,136.20882368407274
1241,1e70dd2e-1d52-416d-8e33-d47074bac21c,7,1241,True,6669,6669,193.10602911670867
1242,1e70dd2e-1d52-416d-8e33-d47074bac21c,7,1242,True,6695,6695,144.07636985704175
1243,1e70dd2e-1d52-416d-8e33-d47074bac21c,7,1243,True,6724,6724,199.0055843730206
1244,1e70dd2e-1d52-416d-8e33-d47074bac21c,7,1244,True,6751,6751,229.44908718173792
1245,1e70dd2e-1d52-416d-8e33-d47074bac21c,7,1245,True,6777,6777,190.61626648230413
1246,1e70dd2e-1d52-416d-8e33-d47074bac21c,7,1246,True,6799,6799,181.44908718173792
1247,1e70dd2e-1d52-416d-8e33-d47074bac21c,7,1247,True,6846,6846,168.41983188422273
1248,1e70dd2e-1d52-416d-8e33-d47074bac21c,7,1248,True,6865,6865,160.71314433278803
1249,1e70dd2e-1d52-416d-8e33-d47074bac21c,7,1249,True,6901,6901,225.31839757737907
1250,1e70dd2e-1d52-416d-8e33-d47074bac21c,7,1250,True,6925,6925,139.07872254053382
1251,1e70dd2e-1d52-416d-8e33-d47074bac21c,7,1251,True,6956,6956,203.30267849672327
1252,1e70dd2e-1d52-416d-8e33-d47074bac21c,7,1252,True,6985,6985,163.63383549943046
1253,1e70dd2e-1d52-416d-8e33-d47074bac21c,7,1253,True,7015,7015,144.30267849672327
1254,1e70dd2e-1d52-416d-8e33-d47074bac21c,7,1254,True,7046,7046,156.04951061468273
1255,1e70dd2e-1d52-416d-8e33-d47074bac21c,7,1255,True,7069,7069,159.64419565006392
1256,1e70dd2e-1d52-416d-8e33-d47074bac21c,7,1256,True,7101,7101,186.7394412553549
1257,1e70dd2e-1d52-416d-8e33-d47074bac21c,7,1257,True,7125,7125,170.95910148890653
1258,1e70dd2e-1d52-416d-8e33-d47074bac21c,7,1258,True,7149,7149,251.47388931781097
1259,1e70dd2e-1d52-416d-8e33-d47074bac21c,7,1259,True,7166,7166,223.03010105267913
1260,1e70dd2e-1d52-416d-8e33-d47074bac21c,7,1260,True,7198,7198,202.47388931781097
1261,1e70dd2e-1d52-416d-8e33-d47074bac21c,7,1261,True,7228,7228,211.39381086831327
1262,1e70dd2e-1d52-416d-8e33-d47074bac21c,7,1262,True,7266,7266,222.38804323110435
1263,1e70dd2e-1d52-416d-8e33-d47074bac21c,7,1263,True,7289,7289,168.86906956934308
1264,1e70dd2e-1d52-416d-8e33-d47074bac21c,7,1264,True,7321,7321,194.62924915782878
1265,1e70dd2e-1d52-416d-8e33-d47074bac21c,7,1265,True,7349,7349,156.35432352653424
1266,1e70dd2e-1d52-416d-8e33-d47074bac21c,7,1266,True,7375,7375,188.1742450964739
1267,1e70dd2e-1d52-416d-8e33-d47074bac21c,7,1267,True,7404,7404,150.14839099223536
1268,1e70dd2e-1d52-416d-8e33-d47074bac21c,7,1268,True,7428,7428,183.6616269470196
1269,1e70dd2e-1d52-416d-8e33-d47074bac21c,7,1269,True,7464,7464,114.11354776678036
1270,1e70dd2e-1d52-416d-8e33-d47074bac21c,7,1270,True,7497,7497,145.91140523756167
1271,1e70dd2e-1d52-416d-8e33-d47074bac21c,7,1271,True,7527,7527,167.66707060681438
1272,1e70dd2e-1d52-416d-8e33-d47074bac21c,7,1272,True,7558,7558,198.4408153434788
1273,1e70dd2e-1d52-416d-8e33-d47074bac21c,7,1273,True,7585,7585,182.2883987730429
1274,1e70dd2e-1d52-416d-8e33-d47074bac21c,7,1274,True,7623,7623,195.47652199648564
1275,1e70dd2e-1d52-416d-8e33-d47074bac21c,7,1275,True,7656,7656,208.72990291117458
1276,1e70dd2e-1d52-416d-8e33-d47074bac21c,7,1276,True,7683,7683,191.88951462698606
1277,1e70dd2e-1d52-416d-8e33-d47074bac21c,7,1277,True,7707,7707,167.88951462698606
1278,1e70dd2e-1d52-416d-8e33-d47074bac21c,7,1278,True,7724,7724,194.98481888019978
1279,1e70dd2e-1d52-416d-8e33-d47074bac21c,7,1279,True,7761,7761,157.98481888019978
1280,1e70dd2e-1d52-416d-8e33-d47074bac21c,7,1280,True,7793,7793,169.85385637377385
1281,1e70dd2e-1d52-416d-8e33-d47074bac21c,7,1281,True,7823,7823,150.7153215609851
1282,1e70dd2e-1d52-416d-8e33-d47074bac21c,7,1282,True,7845,7845,168.14953247970698
1283,1e70dd2e-1d52-416d-8e33-d47074bac21c,7,1283,True,7863,7863,171.75460546465638
1284,1e70dd2e-1d52-416d-8e33-d47074bac21c,7,1284,True,7893,7893,152.52479394109287
1285,1e70dd2e-1d52-416d-8e33-d47074bac21c,7,1285,True,7926,7926,137.5939708866881
1286,1e70dd2e-1d52-416d-8e33-d47074bac21c,7,1286,True,7946,7946,140.37356705560342
1287,1e70dd2e-1d52-416d-8e33-d47074bac21c,7,1287,True,7971,7971,237.49985382044542
1288,1e70dd2e-1d52-416d-8e33-d47074bac21c,7,1288,True,7999,7999,197.2250896921032
1289,1e70dd2e-1d52-416d-8e33-d47074bac21c,7,1289,True,8024,8024,184.49985382044542
1290,1e70dd2e-1d52-416d-8e33-d47074bac21c,7,1290,True,8049,8049,216.7821409118278
1291,1e70dd2e-1d52-416d-8e33-d47074bac21c,7,1291,True,8089,8089,236.54617126683115
1292,1e70dd2e-1d52-416d-8e33-d47074bac21c,7,1292,True,8114,8114,200.88066000338586
1293,1e70dd2e-1d52-416d-8e33-d47074bac21c,7,1293,True,8152,8152,228.1234344355271
1294,1e70dd2e-1d52-416d-8e33-d47074bac21c,7,1294,True,8172,8172,196.04747866708203
1295,1e70dd2e-1d52-416d-8e33-d47074bac21c,7,1295,True,8201,8201,179.1234344355271
1296,1e70dd2e-1d52-416d-8e33-d47074bac21c,7,1296,True,8235,8235,159.8517382550981
1297,1e70dd2e-1d52-416d-8e33-d47074bac21c,7,1297,True,8262,8262,205.90783677001127
1298,1e70dd2e-1d52-416d-8e33-d47074bac21c,7,1298,True,8284,8284,225.70139430562813
1299,1e70dd2e-1d52-416d-8e33-d47074bac21c,7,1299,True,8306,8306,178.88611272572962
1300,1e70dd2e-1d52-416d-8e33-d47074bac21c,7,1300,True,8329,8329,217.8211016914247
1301,1e70dd2e-1d52-416d-8e33-d47074bac21c,7,1301,True,8351,8351,187.11650566826393
1302,1e70dd2e-1d52-416d-8e33-d47074bac21c,7,1302,True,8382,8382,215.62509611340465
1303,1e70dd2e-1d52-416d-8e33-d47074bac21c,7,1303,True,8410,8410,175.9966233622472
1304,1e70dd2e-1d52-416d-8e33-d47074bac21c,7,1304,True,8429,8429,208.1165093026175
1305,1e70dd2e-1d52-416d-8e33-d47074bac21c,7,1305,True,8451,8451,199.11287403006463
1306,1e70dd2e-1d52-416d-8e33-d47074bac21c,7,1306,True,8474,8474,197.87154980479863
1307,1e70dd2e-1d52-416d-8e33-d47074bac21c,7,1307,True,8494,8494,167.16589741722237
1308,1e70dd2e-1d52-416d-8e33-d47074bac21c,7,1308,True,8522,8522,165.8835466647124
1309,1e70dd2e-1d52-416d-8e33-d47074bac21c,7,1309,True,8545,8545,179.7696694803435
1310,1e70dd2e-1d52-416d-8e33-d47074bac21c,7,1310,True,8571,8571,166.08762387928255
1311,1e70dd2e-1d52-416d-8e33-d47074bac21c,7,1311,True,8601,8601,250.7312924517555
1312,1e70dd2e-1d52-416d-8e33-d47074bac21c,7,1312,True,8627,8627,215.08248199033733
1313,1e70dd2e-1d52-416d-8e33-d47074bac21c,7,1313,True,8655,8655,300.731581624088
1314,1e70dd2e-1d52-416d-8e33-d47074bac21c,7,1314,True,8686,8686,269.731581624088
1315,1e70dd2e-1d52-416d-8e33-d47074bac21c,7,1315,True,8714,8714,259.80286163099663
1316,1e70dd2e-1d52-416d-8e33-d47074bac21c,7,1316,True,8749,8749,299.506668527958
1317,1e70dd2e-1d52-416d-8e33-d47074bac21c,7,1317,True,8777,8777,271.506668527958
1318,1e70dd2e-1d52-416d-8e33-d47074bac21c,7,1318,True,8806,8806,253.1009606692096
1319,1e70dd2e-1d52-416d-8e33-d47074bac21c,7,1319,True,8831,8831,217.50666852795803
1320,1e70dd2e-1d52-416d-8e33-d47074bac21c,7,1320,True,8862,8862,293.4928752656415
1321,1e70dd2e-1d52-416d-8e33-d47074bac21c,7,1321,True,8888,8888,246.41939179229666
1322,1e70dd2e-1d52-416d-8e33-d47074bac21c,7,1322,True,8911,8911,244.4928752656415
1323,1e70dd2e-1d52-416d-8e33-d47074bac21c,7,1323,True,8937,8937,197.41939179229666
1324,1e70dd2e-1d52-416d-8e33-d47074bac21c,7,1324,True,8970,8970,276.7803013293724
1325,1e70dd2e-1d52-416d-8e33-d47074bac21c,7,1325,True,8997,8997,249.78030132937238
1326,1e70dd2e-1d52-416d-8e33-d47074bac21c,7,1326,True,9027,9027,235.38375328475922
1327,1e70dd2e-1d52-416d-8e33-d47074bac21c,7,1327,True,9051,9051,195.78030132937238
1328,1e70dd2e-1d52-416d-8e33-d47074bac21c,7,1328,True,9082,9082,180.38375328475922
1329,1e70dd2e-1d52-416d-8e33-d47074bac21c,7,1329,True,9116,9116,198.6206017181139
1330,1e70dd2e-1d52-416d-8e33-d47074bac21c,7,1330,True,9141,9141,184.298970271906
1331,1e70dd2e-1d52-416d-8e33-d47074bac21c,7,1331,True,9168,9168,196.46465265592087
1332,1e70dd2e-1d52-416d-8e33-d47074bac21c,7,1332,True,9195,9195,178.67690501387187
1333,1e70dd2e-1d52-416d-8e33-d47074bac21c,7,1333,True,9221,9221,193.96849239108087
1334,1e70dd2e-1d52-416d-8e33-d47074bac21c,7,1334,True,9257,9257,144.01777054600825
1335,1e70dd2e-1d52-416d-8e33-d47074bac21c,7,1335,True,9283,9283,156.21794109058283
1336,1e70dd2e-1d52-416d-8e33-d47074bac21c,7,1336,True,9326,9326,174.16029338592125
1337,1e70dd2e-1d52-416d-8e33-d47074bac21c,7,1337,True,9356,9356,163.04677362885013
1338,1e70dd2e-1d52-416d-8e33-d47074bac21c,7,1338,True,9382,9382,173.9828485306134
1339,1e70dd2e-1d52-416d-8e33-d47074bac21c,7,1339,True,9411,9411,170.92548018233174
1340,1e70dd2e-1d52-416d-8e33-d47074bac21c,7,1340,True,9434,9434,139.13072709014523
1341,1e70dd2e-1d52-416d-8e33-d47074bac21c,7,1341,True,9460,9460,208.19924856550824
1342,1e70dd2e-1d52-416d-8e33-d47074bac21c,7,1342,True,9486,9486,135.61258521498712
1343,1e70dd2e-1d52-416d-8e33-d47074bac21c,7,1343,True,9517,9517,176.5039283628539
1344,1e70dd2e-1d52-416d-8e33-d47074bac21c,7,1344,True,9548,9548,135.1867120704228
1345,1e70dd2e-1d52-416d-8e33-d47074bac21c,7,1345,True,9571,9571,197.12004335337951
1346,1e70dd2e-1d52-416d-8e33-d47074bac21c,7,1346,True,9598,9598,155.59376180489198
1347,1e70dd2e-1d52-416d-8e33-d47074bac21c,7,1347,True,9631,9631,162.61895987474054
1348,1e70dd2e-1d52-416d-8e33-d47074bac21c,7,1348,True,9659,9659,144.6488796582471
1349,1e70dd2e-1d52-416d-8e33-d47074bac21c,7,1349,True,9691,9691,142.8673943473168
1350,1e70dd2e-1d52-416d-8e33-d47074bac21c,7,1350,True,9723,9723,133.63101382935747
1351,1e70dd2e-1d52-416d-8e33-d47074bac21c,7,1351,True,9756,9756,142.0922728964324
1352,1e70dd2e-1d52-416d-8e33-d47074bac21c,7,1352,True,9777,9777,132.33754278592824
1353,1e70dd2e-1d52-416d-8e33-d47074bac21c,7,1353,True,9807,9807,140.31116368159746
1354,1e70dd2e-1d52-416d-8e33-d47074bac21c,7,1354,True,9829,9829,144.76128683340175
1355,1e70dd2e-1d52-416d-8e33-d47074bac21c,7,1355,True,9864,9864,133.6990051741068
1356,1e70dd2e-1d52-416d-8e33-d47074bac21c,7,1356,True,9900,9900,161.76488888630956
1357,1e70dd2e-1d52-416d-8e33-d47074bac21c,7,1357,True,9929,9929,142.04250476952802
1358,1e70dd2e-1d52-416d-8e33-d47074bac21c,7,1358,True,9964,9964,147.00256537147652
1359,1e70dd2e-1d52-416d-8e33-d47074bac21c,7,1359,True,9994,9994,144.28588718713763
1360,1e70dd2e-1d52-416d-8e33-d47074bac21c,7,1360,True,10021,10021,149.57861955020417
1361,1e70dd2e-1d52-416d-8e33-d47074bac21c,7,1361,True,10045,10045,135.69430222324263
1362,1e70dd2e-1d52-416d-8e33-d47074bac21c,7,1362,True,10070,10070,133.11200323439516
1363,1e70dd2e-1d52-416d-8e33-d47074bac21c,7,1363,True,10093,10093,121.83482547183303
1364,1e70dd2e-1d52-416d-8e33-d47074bac21c,7,1364,True,10129,10129,142.24027636768187
1365,1e70dd2e-1d52-416d-8e33-d47074bac21c,7,1365,True,10151,10151,109.07779343965012
1366,1e70dd2e-1d52-416d-8e33-d47074bac21c,7,1366,True,10182,10182,142.00813405256122
1367,1e70dd2e-1d52-416d-8e33-d47074bac21c,7,1367,True,10215,10215,118.91656456094461
1368,1e70dd2e-1d52-416d-8e33-d47074bac21c,7,1368,True,10248,10248,149.4692764892916
1369,1e70dd2e-1d52-416d-8e33-d47074bac21c,7,1369,True,10279,10279,132.5565078422842
1370,1e70dd2e-1d52-416d-8e33-d47074bac21c,7,1370,True,10317,10317,145.53342032475848
1371,1e70dd2e-1d52-416d-8e33-d47074bac21c,7,1371,True,10342,10342,140.64140936468175
1372,1e70dd2e-1d52-416d-8e33-d47074bac21c,7,1372,True,10364,10364,152.72235978100798
1373,1e70dd2e-1d52-416d-8e33-d47074bac21c,7,1373,True,10387,10387,120.63511114819084
1374,1e70dd2e-1d52-416d-8e33-d47074bac21c,7,1374,True,10411,10411,198.33457357237785
1375,1e70dd2e-1d52-416d-8e33-d47074bac21c,7,1375,True,10444,10444,165.33457357237785
1376,1e70dd2e-1d52-416d-8e33-d47074bac21c,7,1376,True,10476,10476,162.1323242766939
1377,1e70dd2e-1d52-416d-8e33-d47074bac21c,7,1377,True,10495,10495,166.18312420981056
1378,1e70dd2e-1d52-416d-8e33-d47074bac21c,7,1378,True,10521,10521,211.02993492436508
1379,1e70dd2e-1d52-416d-8e33-d47074bac21c,7,1379,True,10544,10544,171.7049391546061
1380,1e70dd2e-1d52-416d-8e33-d47074bac21c,7,1380,True,10569,10569,187.06523200244192
1381,1e70dd2e-1d52-416d-8e33-d47074bac21c,7,1381,True,10604,10604,140.9856843107591
1382,1e70dd2e-1d52-416d-8e33-d47074bac21c,7,1382,True,10637,10637,171.8706742346294
1383,1e70dd2e-1d52-416d-8e33-d47074bac21c,7,1383,True,10661,10661,161.23251584375612
1384,1e70dd2e-1d52-416d-8e33-d47074bac21c,7,1384,True,10679,10679,190.67309979867423
1385,1e70dd2e-1d52-416d-8e33-d47074bac21c,7,1385,True,10702,10702,140.93812925807833
1386,1e70dd2e-1d52-416d-8e33-d47074bac21c,7,1386,True,10728,10728,164.66691729755257
1387,1e70dd2e-1d52-416d-8e33-d47074bac21c,7,1387,True,10761,10761,140.1913986793752
1388,1e70dd2e-1d52-416d-8e33-d47074bac21c,7,1388,True,10786,10786,167.79853019867187
1389,1e70dd2e-1d52-416d-8e33-d47074bac21c,7,1389,True,10809,10809,157.48527245620608
1390,1e70dd2e-1d52-416d-8e33-d47074bac21c,7,1390,True,10841,10841,214.66836778649667
1391,1e70dd2e-1d52-416d-8e33-d47074bac21c,7,1391,True,10873,10873,158.7130503316257
1392,1e70dd2e-1d52-416d-8e33-d47074bac21c,7,1392,True,10907,10907,197.6425150908526
1393,1e70dd2e-1d52-416d-8e33-d47074bac21c,7,1393,True,10936,10936,142.45769837804255
1394,1e70dd2e-1d52-416d-8e33-d47074bac21c,7,1394,True,10970,10970,170.75493638905573
1395,1e70dd2e-1d52-416d-8e33-d47074bac21c,7,1395,True,11002,11002,126.63058048038693
1396,1e70dd2e-1d52-416d-8e33-d47074bac21c,7,1396,True,11033,11033,149.5736433150032
1397,1e70dd2e-1d52-416d-8e33-d47074bac21c,7,1397,True,11056,11056,137.71726946934723
1398,1e70dd2e-1d52-416d-8e33-d47074bac21c,7,1398,True,11093,11093,124.88101421968713
1399,1e70dd2e-1d52-416d-8e33-d47074bac21c,7,1399,True,11118,11118,143.46546105921516
1400,1e70dd2e-1d52-416d-8e33-d47074bac21c,7,1400,True,11151,11151,140.051410461665
1401,1e70dd2e-1d52-416d-8e33-d47074bac21c,7,1401,True,11180,11180,138.0743810006752
1402,1e70dd2e-1d52-416d-8e33-d47074bac21c,7,1402,True,11207,11207,131.45145198708815
1403,1e70dd2e-1d52-416d-8e33-d47074bac21c,7,1403,True,11238,11238,130.99549795361236
1404,1e70dd2e-1d52-416d-8e33-d47074bac21c,7,1404,True,11276,11276,179.4755173262929
1405,1e70dd2e-1d52-416d-8e33-d47074bac21c,7,1405,True,11304,11304,140.22435634271642
1406,1e70dd2e-1d52-416d-8e33-d47074bac21c,7,1406,True,11335,11335,172.66557180208656
1407,1e70dd2e-1d52-416d-8e33-d47074bac21c,7,1407,True,11359,11359,138.1009695688881
1408,1e70dd2e-1d52-416d-8e33-d47074bac21c,7,1408,True,11389,11389,167.88994660371827
1409,1e70dd2e-1d52-416d-8e33-d47074bac21c,7,1409,True,11411,11411,135.59041998204702
1410,1e70dd2e-1d52-416d-8e33-d47074bac21c,7,1410,True,11438,11438,169.11617451006168
1411,1e70dd2e-1d52-416d-8e33-d47074bac21c,7,1411,True,11472,11472,122.67401184267692
1412,1e70dd2e-1d52-416d-8e33-d47074bac21c,7,1412,True,11501,11501,117.37261507626863
1413,1e70dd2e-1d52-416d-8e33-d47074bac21c,7,1413,True,11542,11542,123.80199127300693
1414,1e70dd2e-1d52-416d-8e33-d47074bac21c,7,1414,True,11570,11570,111.16701595120685
1415,1e70dd2e-1d52-416d-8e33-d47074bac21c,7,1415,True,11591,11591,140.73772160395674
1416,1e70dd2e-1d52-416d-8e33-d47074bac21c,7,1416,True,11620,11620,123.58672332044625
1417,1e70dd2e-1d52-416d-8e33-d47074bac21c,7,1417,True,11645,11645,131.74652045986295
1418,1e70dd2e-1d52-416d-8e33-d47074bac21c,7,1418,True,11664,11664,142.7697747942948
1419,1e70dd2e-1d52-416d-8e33-d47074bac21c,7,1419,True,11694,11694,129.6726247828774
1420,1e70dd2e-1d52-416d-8e33-d47074bac21c,7,1420,True,11716,11716,117.68074177440576
1421,1e70dd2e-1d52-416d-8e33-d47074bac21c,7,1421,True,11740,11740,120.05372921832532
1422,1e70dd2e-1d52-416d-8e33-d47074bac21c,7,1422,True,11776,11776,144.33587118008654
1423,1e70dd2e-1d52-416d-8e33-d47074bac21c,7,1423,True,11810,11810,135.28615063570214
1424,1e70dd2e-1d52-416d-8e33-d47074bac21c,7,1424,True,11835,11835,119.7758244235174
1425,1e70dd2e-1d52-416d-8e33-d47074bac21c,7,1425,True,11854,11854,149.80893634603854
1426,1e70dd2e-1d52-416d-8e33-d47074bac21c,7,1426,True,11872,11872,158.51726392516866
1427,1e70dd2e-1d52-416d-8e33-d47074bac21c,7,1427,True,11895,11895,144.5573643146472
1428,1e70dd2e-1d52-416d-8e33-d47074bac21c,7,1428,True,11919,11919,133.34748076673895
1429,1e70dd2e-1d52-416d-8e33-d47074bac21c,7,1429,True,11941,11941,150.71425556602662
1430,1e70dd2e-1d52-416d-8e33-d47074bac21c,7,1430,True,11965,11965,150.67149378761678
1431,1e70dd2e-1d52-416d-8e33-d47074bac21c,7,1431,True,11990,11990,136.3962131772987
1432,1e70dd2e-1d52-416d-8e33-d47074bac21c,7,1432,True,12013,12013,128.39784534530554
1433,1e70dd2e-1d52-416d-8e33-d47074bac21c,7,1433,True,12037,12037,143.21533390565492
1434,1e70dd2e-1d52-416d-8e33-d47074bac21c,7,1434,True,12068,12068,210.87041678978494
1435,1e70dd2e-1d52-416d-8e33-d47074bac21c,7,1435,True,12091,12091,206.81965581528493
1436,1e70dd2e-1d52-416d-8e33-d47074bac21c,7,1436,True,12112,12112,157.6099372527624
1437,1e70dd2e-1d52-416d-8e33-d47074bac21c,7,1437,True,12147,12147,185.27927807513151
1438,1e70dd2e-1d52-416d-8e33-d47074bac21c,7,1438,True,12166,12166,181.1790033541747
1439,1e70dd2e-1d52-416d-8e33-d47074bac21c,7,1439,True,12191,12191,128.35509454409475
1440,1e70dd2e-1d52-416d-8e33-d47074bac21c,7,1440,True,12224,12224,134.1380207711136
1441,1e70dd2e-1d52-416d-8e33-d47074bac21c,7,1441,True,12253,12253,163.1787005666356
1442,1e70dd2e-1d52-416d-8e33-d47074bac21c,7,1442,True,12274,12274,129.28365107337777
1443,1e70dd2e-1d52-416d-8e33-d47074bac21c,7,1443,True,12298,12298,160.3842332209406
1444,1e70dd2e-1d52-416d-8e33-d47074bac21c,7,1444,True,12317,12317,151.95270079631155
1445,1e70dd2e-1d52-416d-8e33-d47074bac21c,7,1445,True,12342,12342,162.9784422847133
1446,1e70dd2e-1d52-416d-8e33-d47074bac21c,7,1446,True,12359,12359,174.29302292653665
1447,1e70dd2e-1d52-416d-8e33-d47074bac21c,7,1447,True,12386,12386,156.3816175229349
1448,1e70dd2e-1d52-416d-8e33-d47074bac21c,7,1448,True,12415,12415,193.73103825112776
1449,1e70dd2e-1d52-416d-8e33-d47074bac21c,7,1449,True,12440,12440,140.09898604283626
1450,1e70dd2e-1d52-416d-8e33-d47074bac21c,7,1450,True,12475,12475,180.51621159088245
1451,1e70dd2e-1d52-416d-8e33-d47074bac21c,7,1451,True,12497,12497,158.51621159088245
1452,1e70dd2e-1d52-416d-8e33-d47074bac21c,7,1452,True,12529,12529,207.4603839167794
1453,1e70dd2e-1d52-416d-8e33-d47074bac21c,7,1453,True,12556,12556,159.0289753456691
1454,1e70dd2e-1d52-416d-8e33-d47074bac21c,7,1454,True,12582,12582,192.47678423886828
1455,1e70dd2e-1d52-416d-8e33-d47074bac21c,7,1455,True,12608,12608,177.65372810390727
1456,1e70dd2e-1d52-416d-8e33-d47074bac21c,7,1456,True,12635,12635,161.61348847324552
1457,1e70dd2e-1d52-416d-8e33-d47074bac21c,7,1457,True,12656,12656,183.00548345174866
1458,1e70dd2e-1d52-416d-8e33-d47074bac21c,7,1458,True,12696,12696,130.62431408224256
1459,1e70dd2e-1d52-416d-8e33-d47074bac21c,7,1459,True,12725,12725,177.69982502409584
1460,1e70dd2e-1d52-416d-8e33-d47074bac21c,7,1460,True,12753,12753,140.869550274816
1461,1e70dd2e-1d52-416d-8e33-d47074bac21c,7,1461,True,12776,12776,172.97754825034826
1462,1e70dd2e-1d52-416d-8e33-d47074bac21c,7,1462,True,12802,12802,169.1250774465061
1463,1e70dd2e-1d52-416d-8e33-d47074bac21c,7,1463,True,12823,12823,159.32294920101594
1464,1e70dd2e-1d52-416d-8e33-d47074bac21c,7,1464,True,12845,12845,147.93634789477983
1465,1e70dd2e-1d52-416d-8e33-d47074bac21c,7,1465,True,12868,12868,153.72917022388356
1466,1e70dd2e-1d52-416d-8e33-d47074bac21c,7,1466,True,12901,12901,145.00691073935377
1467,1e70dd2e-1d52-416d-8e33-d47074bac21c,7,1467,True,12930,12930,146.63481318700724
1468,1e70dd2e-1d52-416d-8e33-d47074bac21c,7,1468,True,12956,12956,159.40409979409924
1469,1e70dd2e-1d52-416d-8e33-d47074bac21c,7,1469,True,12982,12982,175.1279735333137
1470,1e70dd2e-1d52-416d-8e33-d47074bac21c,7,1470,True,13011,13011,156.2277777445397
1471,1e70dd2e-1d52-416d-8e33-d47074bac21c,7,1471,True,13044,13044,168.17001324368903
1472,1e70dd2e-1d52-416d-8e33-d47074bac21c,7,1472,True,13074,13074,127.46832886044285
1473,1e70dd2e-1d52-416d-8e33-d47074bac21c,7,1473,True,13097,13097,148.426857725417
1474,1e70dd2e-1d52-416d-8e33-d47074bac21c,7,1474,True,13121,13121,134.51207684308974
1475,1e70dd2e-1d52-416d-8e33-d47074bac21c,7,1475,True,13154,13154,163.83645536727818
1476,1e70dd2e-1d52-416d-8e33-d47074bac21c,7,1476,True,13186,13186,143.4295926295872
1477,1e70dd2e-1d52-416d-8e33-d47074bac21c,7,1477,True,13213,13213,162.31871526090436
1478,1e70dd2e-1d52-416d-8e33-d47074bac21c,7,1478,True,13232,13232,132.64493457206663
1479,1e70dd2e-1d52-416d-8e33-d47074bac21c,7,1479,True,13269,13269,145.626836923253
1480,1e70dd2e-1d52-416d-8e33-d47074bac21c,7,1480,True,13293,13293,132.61670865296946
1481,1e70dd2e-1d52-416d-8e33-d47074bac21c,7,1481,True,13320,13320,143.54984960530055
1482,1e70dd2e-1d52-416d-8e33-d47074bac21c,7,1482,True,13352,13352,157.72974927754876
1483,1e70dd2e-1d52-416d-8e33-d47074bac21c,7,1483,True,13380,13380,155.2333338697972
1484,1e70dd2e-1d52-416d-8e33-d47074bac21c,7,1484,True,13412,13412,148.81969673908134
1485,1e70dd2e-1d52-416d-8e33-d47074bac21c,7,1485,True,13446,13446,126.13594240918428
1486,1e70dd2e-1d52-416d-8e33-d47074bac21c,7,1486,True,13471,13471,161.84818042771985
1487,1e70dd2e-1d52-416d-8e33-d47074bac21c,7,1487,True,13499,13499,144.54141604616598
1488,1e70dd2e-1d52-416d-8e33-d47074bac21c,7,1488,True,13515,13515,141.76720477284834
1489,1e70dd2e-1d52-416d-8e33-d47074bac21c,7,1489,True,13544,13544,165.39458618970457
1490,1e70dd2e-1d52-416d-8e33-d47074bac21c,7,1490,True,13578,13578,152.157593676322
1491,1e70dd2e-1d52-416d-8e33-d47074bac21c,7,1491,True,13601,13601,141.07748571532102
1492,1e70dd2e-1d52-416d-8e33-d47074bac21c,7,1492,True,13632,13632,164.72407897556513
1493,1e70dd2e-1d52-416d-8e33-d47074bac21c,7,1493,True,13661,13661,125.09197059091639
1494,1e70dd2e-1d52-416d-8e33-d47074bac21c,7,1494,True,13683,13683,160.41101826725935
1495,1e70dd2e-1d52-416d-8e33-d47074bac21c,7,1495,True,13716,13716,153.86793985364238
1496,1e70dd2e-1d52-416d-8e33-d47074bac21c,7,1496,True,13748,13748,149.6304519794212
1497,1e70dd2e-1d52-416d-8e33-d47074bac21c,7,1497,True,13780,13780,143.41485919174193
1498,1e70dd2e-1d52-416d-8e33-d47074bac21c,7,1498,True,13811,13811,148.06369878095757
1499,1e70dd2e-1d52-416d-8e33-d47074bac21c,7,1499,True,13848,13848,149.9142876685073
1500,1e70dd2e-1d52-416d-8e33-d47074bac21c,7,1500,True,13866,13866,143.18314948421175
1501,1e70dd2e-1d52-416d-8e33-d47074bac21c,7,1501,True,13899,13899,149.95562762004556
1502,1e70dd2e-1d52-416d-8e33-d47074bac21c,7,1502,True,13931,13931,173.6652623569007
1503,1e70dd2e-1d52-416d-8e33-d47074bac21c,7,1503,True,13956,13956,138.5437128263111
1504,1e70dd2e-1d52-416d-8e33-d47074bac21c,7,1504,True,13997,13997,205.4849926124516
1505,1e70dd2e-1d52-416d-8e33-d47074bac21c,7,1505,True,14035,14035,194.393256622443
1506,1e70dd2e-1d52-416d-8e33-d47074bac21c,7,1506,True,14064,14064,194.41060425277465
1507,1e70dd2e-1d52-416d-8e33-d47074bac21c,7,1507,True,14089,14089,169.41060425277465
1508,1e70dd2e-1d52-416d-8e33-d47074bac21c,7,1508,True,14121,14121,126.89489198254341
1509,1e70dd2e-1d52-416d-8e33-d47074bac21c,7,1509,True,14152,14152,163.569547182522
1510,1e70dd2e-1d52-416d-8e33-d47074bac21c,7,1510,True,14177,14177,149.21894989365137
1511,1e70dd2e-1d52-416d-8e33-d47074bac21c,7,1511,True,14204,14204,167.11347148444838
1512,1e70dd2e-1d52-416d-8e33-d47074bac21c,7,1512,True,14229,14229,184.88780023651634
1513,1e70dd2e-1d52-416d-8e33-d47074bac21c,7,1513,True,14267,14267,196.89152920696324
1514,1e70dd2e-1d52-416d-8e33-d47074bac21c,7,1514,True,14293,14293,170.89152920696324
1515,1e70dd2e-1d52-416d-8e33-d47074bac21c,7,1515,True,14310,14310,177.86198875962327
1516,1e70dd2e-1d52-416d-8e33-d47074bac21c,7,1516,True,14332,14332,182.25445017944185
1517,1e70dd2e-1d52-416d-8e33-d47074bac21c,7,1517,True,14359,14359,166.64269751653046
1518,1e70dd2e-1d52-416d-8e33-d47074bac21c,7,1518,True,14382,14382,207.39028930474342
1519,1e70dd2e-1d52-416d-8e33-d47074bac21c,7,1519,True,14412,14412,200.49293016008414
1520,1e70dd2e-1d52-416d-8e33-d47074bac21c,7,1520,True,14444,14444,257.14082388660245
1521,1e70dd2e-1d52-416d-8e33-d47074bac21c,7,1521,True,14480,14480,287.71600349169785
1522,1e70dd2e-1d52-416d-8e33-d47074bac21c,7,1522,True,14512,14512,255.71600349169785
1523,1e70dd2e-1d52-416d-8e33-d47074bac21c,7,1523,True,14542,14542,225.71600349169785
1524,1e70dd2e-1d52-416d-8e33-d47074bac21c,7,1524,True,14568,14568,220.38760581449242
1525,1e70dd2e-1d52-416d-8e33-d47074bac21c,7,1525,True,14593,14593,288.4654207488038
1526,1e70dd2e-1d52-416d-8e33-d47074bac21c,7,1526,True,14617,14617,279.88342196957274
1527,1e70dd2e-1d52-416d-8e33-d47074bac21c,7,1527,True,14639,14639,314.3583924082195
1528,1e70dd2e-1d52-416d-8e33-d47074bac21c,7,1528,True,14666,14666,262.12797763244635
1529,1e70dd2e-1d52-416d-8e33-d47074bac21c,7,1529,True,14686,14686,242.12797763244635
1530,1e70dd2e-1d52-416d-8e33-d47074bac21c,7,1530,True,14714,14714,278.87746202492417
1531,1e70dd2e-1d52-416d-8e33-d47074bac21c,7,1531,True,14742,14742,250.87746202492417
1532,1e70dd2e-1d52-416d-8e33-d47074bac21c,7,1532,True,14771,14771,285.0936951159256
1533,1e70dd2e-1d52-416d-8e33-d47074bac21c,7,1533,True,14793,14793,263.0936951159256
1534,1e70dd2e-1d52-416d-8e33-d47074bac21c,7,1534,True,14821,14821,235.09369511592558
1535,1e70dd2e-1d52-416d-8e33-d47074bac21c,7,1535,True,14846,14846,290.791302210564
1536,1e70dd2e-1d52-416d-8e33-d47074bac21c,7,1536,True,14879,14879,267.78889793454437
1537,1e70dd2e-1d52-416d-8e33-d47074bac21c,7,1537,True,14909,14909,227.79130221056403
1538,1e70dd2e-1d52-416d-8e33-d47074bac21c,7,1538,True,14935,14935,211.78889793454437
1539,1e70dd2e-1d52-416d-8e33-d47074bac21c,7,1539,True,14968,14968,219.90146914612342
1540,1e70dd2e-1d52-416d-8e33-d47074bac21c,7,1540,True,14997,14997,190.90146914612342
1541,1e70dd2e-1d52-416d-8e33-d47074bac21c,7,1541,True,15020,15020,220.70794624466362
1542,1e70dd2e-1d52-416d-8e33-d47074bac21c,7,1542,True,15049,15049,159.63559525244636
1543,1e70dd2e-1d52-416d-8e33-d47074bac21c,7,1543,True,15077,15077,186.24528867064328
1544,1e70dd2e-1d52-416d-8e33-d47074bac21c,7,1544,True,15099,15099,175.07156764191677
1545,1e70dd2e-1d52-416d-8e33-d47074bac21c,7,1545,True,15126,15126,186.80351154166237
1546,1e70dd2e-1d52-416d-8e33-d47074bac21c,7,1546,True,15142,15142,197.5062625129358
1547,1e70dd2e-1d52-416d-8e33-d47074bac21c,7,1547,True,15173,15173,194.02545578877834
1548,1e70dd2e-1d52-416d-8e33-d47074bac21c,7,1548,True,15196,15196,192.4055025688249
1549,1e70dd2e-1d52-416d-8e33-d47074bac21c,7,1549,True,15220,15220,206.1578216531052
1550,1e70dd2e-1d52-416d-8e33-d47074bac21c,7,1550,True,15245,15245,171.1459702648881
1551,1e70dd2e-1d52-416d-8e33-d47074bac21c,7,1551,True,15278,15278,212.46299563205866
1552,1e70dd2e-1d52-416d-8e33-d47074bac21c,7,1552,True,15303,15303,143.023558009314
1553,1e70dd2e-1d52-416d-8e33-d47074bac21c,7,1553,True,15336,15336,164.89989528916885
1554,1e70dd2e-1d52-416d-8e33-d47074bac21c,7,1554,True,15359,15359,161.06398177568008
1555,1e70dd2e-1d52-416d-8e33-d47074bac21c,7,1555,True,15386,15386,145.54430152857276
1556,1e70dd2e-1d52-416d-8e33-d47074bac21c,7,1556,True,15420,15420,179.37944611679995
1557,1e70dd2e-1d52-416d-8e33-d47074bac21c,7,1557,True,15446,15446,125.66861779292958
1558,1e70dd2e-1d52-416d-8e33-d47074bac21c,7,1558,True,15479,15479,134.95376137484163
1559,1e70dd2e-1d52-416d-8e33-d47074bac21c,7,1559,True,15506,15506,152.14418103477328
1560,1e70dd2e-1d52-416d-8e33-d47074bac21c,7,1560,True,15544,15544,131.3160373879291
1561,1e70dd2e-1d52-416d-8e33-d47074bac21c,7,1561,True,15582,15582,116.77859398491455
1562,1e70dd2e-1d52-416d-8e33-d47074bac21c,7,1562,True,15610,15610,128.21422760004498
1563,1e70dd2e-1d52-416d-8e33-d47074bac21c,7,1563,True,15637,15637,160.6726848085873
1564,1e70dd2e-1d52-416d-8e33-d47074bac21c,7,1564,True,15659,15659,128.76509479995912
1565,1e70dd2e-1d52-416d-8e33-d47074bac21c,7,1565,True,15690,15690,151.9370203301405
1566,1e70dd2e-1d52-416d-8e33-d47074bac21c,7,1566,True,15716,15716,136.02803863679765
1567,1e70dd2e-1d52-416d-8e33-d47074bac21c,7,1567,True,15745,15745,158.73997745777706
1568,1e70dd2e-1d52-416d-8e33-d47074bac21c,7,1568,True,15775,15775,138.7417498790128
1569,1e70dd2e-1d52-416d-8e33-d47074bac21c,7,1569,True,15800,15800,135.383208033576
1570,1e70dd2e-1d52-416d-8e33-d47074bac21c,7,1570,True,15826,15826,121.45839778122354
1571,1e70dd2e-1d52-416d-8e33-d47074bac21c,7,1571,True,15859,15859,183.2031234026217
1572,1e70dd2e-1d52-416d-8e33-d47074bac21c,7,1572,True,15885,15885,157.2031234026217
1573,1e70dd2e-1d52-416d-8e33-d47074bac21c,7,1573,True,15905,15905,152.82716303821144
1574,1e70dd2e-1d52-416d-8e33-d47074bac21c,7,1574,True,15931,15931,137.72793667871156
1575,1e70dd2e-1d52-416d-8e33-d47074bac21c,7,1575,True,15961,15961,154.36115694077307
1576,1e70dd2e-1d52-416d-8e33-d47074bac21c,7,1576,True,15987,15987,142.95436217560382
1577,1e70dd2e-1d52-416d-8e33-d47074bac21c,7,1577,True,16009,16009,135.96151725069285
1578,1e70dd2e-1d52-416d-8e33-d47074bac21c,7,1578,True,16024,16024,157.59421115258192
1579,1e70dd2e-1d52-416d-8e33-d47074bac21c,7,1579,True,16046,16046,124.07546924251074
1580,1e70dd2e-1d52-416d-8e33-d47074bac21c,7,1580,True,16075,16075,225.74502935844976
1581,1e70dd2e-1d52-416d-8e33-d47074bac21c,7,1581,True,16103,16103,164.0664028587289
1582,1e70dd2e-1d52-416d-8e33-d47074bac21c,7,1582,True,16144,16144,147.02724038489032
1583,1e70dd2e-1d52-416d-8e33-d47074bac21c,7,1583,True,16181,16181,174.64433361080228
1584,1e70dd2e-1d52-416d-8e33-d47074bac21c,7,1584,True,16211,16211,171.18715095257176
1585,1e70dd2e-1d52-416d-8e33-d47074bac21c,7,1585,True,16243,16243,198.69402781992176
1586,1e70dd2e-1d52-416d-8e33-d47074bac21c,7,1586,True,16274,16274,157.4487344183326
1587,1e70dd2e-1d52-416d-8e33-d47074bac21c,7,1587,True,16302,16302,228.63595007701224
1588,1e70dd2e-1d52-416d-8e33-d47074bac21c,7,1588,True,16329,16329,186.0721822468695
1589,1e70dd2e-1d52-416d-8e33-d47074bac21c,7,1589,True,16366,16366,175.98271617979117
1590,1e70dd2e-1d52-416d-8e33-d47074bac21c,7,1590,True,16400,16400,177.13903935311828
1591,1e70dd2e-1d52-416d-8e33-d47074bac21c,7,1591,True,16428,16428,173.18499178613274
1592,1e70dd2e-1d52-416d-8e33-d47074bac21c,7,1592,True,16457,16457,220.94725913611546
1593,1e70dd2e-1d52-416d-8e33-d47074bac21c,7,1593,True,16499,16499,159.65652964241235
1594,1e70dd2e-1d52-416d-8e33-d47074bac21c,7,1594,True,16530,16530,203.90544003889954
1595,1e70dd2e-1d52-416d-8e33-d47074bac21c,7,1595,True,16560,16560,155.21722901384055
1596,1e70dd2e-1d52-416d-8e33-d47074bac21c,7,1596,True,16599,16599,161.5476175990225
1597,1e70dd2e-1d52-416d-8e33-d47074bac21c,7,1597,True,16632,16632,171.37317593005355
1598,1e70dd2e-1d52-416d-8e33-d47074bac21c,7,1598,True,16661,16661,132.97273681629667
1599,1e70dd2e-1d52-416d-8e33-d47074bac21c,7,1599,True,16692,16692,147.29291996319444
1600,1e70dd2e-1d52-416d-8e33-d47074bac21c,7,1600,True,16730,16730,167.9311406413217
1601,1e70dd2e-1d52-416d-8e33-d47074bac21c,7,1601,True,16760,16760,154.19253751057477
1602,1e70dd2e-1d52-416d-8e33-d47074bac21c,7,1602,True,16785,16785,142.03604630753762
1603,1e70dd2e-1d52-416d-8e33-d47074bac21c,7,1603,True,16811,16811,150.6016344703603
1604,1e70dd2e-1d52-416d-8e33-d47074bac21c,7,1604,True,16833,16833,115.1280314062642
1605,1e70dd2e-1d52-416d-8e33-d47074bac21c,7,1605,True,16852,16852,144.96823419872817
1606,1e70dd2e-1d52-416d-8e33-d47074bac21c,7,1606,True,16872,16872,114.24792155812247
1607,1e70dd2e-1d52-416d-8e33-d47074bac21c,7,1607,True,16902,16902,155.32537935595246
1608,1e70dd2e-1d52-416d-8e33-d47074bac21c,7,1608,True,16924,16924,124.90933615620088
1609,1e70dd2e-1d52-416d-8e33-d47074bac21c,7,1609,True,16970,16970,130.4100095387621
1610,1e70dd2e-1d52-416d-8e33-d47074bac21c,7,1610,True,17007,17007,138.14190293769934
1611,1e70dd2e-1d52-416d-8e33-d47074bac21c,7,1611,True,17023,17023,155.87620575737674
1612,1e70dd2e-1d52-416d-8e33-d47074bac21c,7,1612,True,17052,17052,152.62583010072194
1613,1e70dd2e-1d52-416d-8e33-d47074bac21c,7,1613,True,17077,17077,139.59618943176974
1614,1e70dd2e-1d52-416d-8e33-d47074bac21c,7,1614,True,17106,17106,159.74920815486985
1615,1e70dd2e-1d52-416d-8e33-d47074bac21c,7,1615,True,17130,17130,183.11936124816202
1616,1e70dd2e-1d52-416d-8e33-d47074bac21c,7,1616,True,17154,17154,183.09031385275375
1617,1e70dd2e-1d52-416d-8e33-d47074bac21c,7,1617,True,17180,17180,186.94864796553884
1618,1e70dd2e-1d52-416d-8e33-d47074bac21c,7,1618,True,17196,17196,192.50879741043536
1619,1e70dd2e-1d52-416d-8e33-d47074bac21c,7,1619,True,17219,17219,205.29465893538145
1620,1e70dd2e-1d52-416d-8e33-d47074bac21c,7,1620,True,17238,17238,186.29465893538145
1621,1e70dd2e-1d52-416d-8e33-d47074bac21c,7,1621,True,17263,17263,200.3564936304465
1622,1e70dd2e-1d52-416d-8e33-d47074bac21c,7,1622,True,17282,17282,181.3564936304465
1623,1e70dd2e-1d52-416d-8e33-d47074bac21c,7,1623,True,17314,17314,213.13554644635587
1624,1e70dd2e-1d52-416d-8e33-d47074bac21c,7,1624,True,17342,17342,169.11406197834367
1625,1e70dd2e-1d52-416d-8e33-d47074bac21c,7,1625,True,17367,17367,230.00179096243664
1626,1e70dd2e-1d52-416d-8e33-d47074bac21c,7,1626,True,17395,17395,165.09645755634847
1627,1e70dd2e-1d52-416d-8e33-d47074bac21c,7,1627,True,17424,17424,173.00179096243664
1628,1e70dd2e-1d52-416d-8e33-d47074bac21c,7,1628,True,17456,17456,150.81134007278888
1629,1e70dd2e-1d52-416d-8e33-d47074bac21c,7,1629,True,17477,17477,151.880228519698
1630,1e70dd2e-1d52-416d-8e33-d47074bac21c,7,1630,True,17502,17502,169.83281953387996
1631,1e70dd2e-1d52-416d-8e33-d47074bac21c,7,1631,True,17533,17533,148.0217251002323
1632,1e70dd2e-1d52-416d-8e33-d47074bac21c,7,1632,True,17564,17564,126.20874324917531
1633,1e70dd2e-1d52-416d-8e33-d47074bac21c,7,1633,True,17594,17594,148.37055841298206
1634,1e70dd2e-1d52-416d-8e33-d47074bac21c,7,1634,True,17618,17618,133.9877999225755
1635,1e70dd2e-1d52-416d-8e33-d47074bac21c,7,1635,True,17644,17644,147.268510205231
1636,1e70dd2e-1d52-416d-8e33-d47074bac21c,7,1636,True,17674,17674,127.75597519769508
1637,1e70dd2e-1d52-416d-8e33-d47074bac21c,7,1637,True,17704,17704,140.50648309927783
1638,1e70dd2e-1d52-416d-8e33-d47074bac21c,7,1638,True,17730,17730,123.94727509910444
1639,1e70dd2e-1d52-416d-8e33-d47074bac21c,7,1639,True,17762,17762,145.104192482886
1640,1e70dd2e-1d52-416d-8e33-d47074bac21c,7,1640,True,17792,17792,131.09302184798798
1641,1e70dd2e-1d52-416d-8e33-d47074bac21c,7,1641,True,17822,17822,165.4536124173137
1642,1e70dd2e-1d52-416d-8e33-d47074bac21c,7,1642,True,17857,17857,146.59079421032584
1643,1e70dd2e-1d52-416d-8e33-d47074bac21c,7,1643,True,17884,17884,148.3545101641539
1644,1e70dd2e-1d52-416d-8e33-d47074bac21c,7,1644,True,17910,17910,136.13913297952968
1645,1e70dd2e-1d52-416d-8e33-d47074bac21c,7,1645,True,17935,17935,162.84297216919003
1646,1e70dd2e-1d52-416d-8e33-d47074bac21c,7,1646,True,17969,17969,149.1367214210586
1647,1e70dd2e-1d52-416d-8e33-d47074bac21c,7,1647,True,18007,18007,121.47545883181738
1648,1e70dd2e-1d52-416d-8e33-d47074bac21c,7,1648,True,18040,18040,150.90549497850225
1649,1e70dd2e-1d52-416d-8e33-d47074bac21c,7,1649,True,18072,18072,153.1526615333787
1650,1e70dd2e-1d52-416d-8e33-d47074bac21c,7,1650,True,18105,18105,146.66068334616284
1651,1e70dd2e-1d52-416d-8e33-d47074bac21c,7,1651,True,18129,18129,148.72400800282776
1652,1e70dd2e-1d52-416d-8e33-d47074bac21c,7,1652,True,18161,18161,171.9425313054162
1653,1e70dd2e-1d52-416d-8e33-d47074bac21c,7,1653,True,18196,18196,168.93006778178824
1654,1e70dd2e-1d52-416d-8e33-d47074bac21c,7,1654,True,18221,18221,169.99951208681887
1655,1e70dd2e-1d52-416d-8e33-d47074bac21c,7,1655,True,18250,18250,188.01383287357748
1656,1e70dd2e-1d52-416d-8e33-d47074bac21c,7,1656,True,18281,18281,184.81850864196167
1657,1e70dd2e-1d52-416d-8e33-d47074bac21c,7,1657,True,18308,18308,141.53799408899795
1658,1e70dd2e-1d52-416d-8e33-d47074bac21c,7,1658,True,18340,18340,150.3103630581354
1659,1e70dd2e-1d52-416d-8e33-d47074bac21c,7,1659,True,18371,18371,175.3627399664365
1660,1e70dd2e-1d52-416d-8e33-d47074bac21c,7,1660,True,18401,18401,133.96627759278272
1661,1e70dd2e-1d52-416d-8e33-d47074bac21c,7,1661,True,18424,18424,168.77499173334581
1662,1e70dd2e-1d52-416d-8e33-d47074bac21c,7,1662,True,18445,18445,159.68777418330865
1663,1e70dd2e-1d52-416d-8e33-d47074bac21c,7,1663,True,18479,18479,139.1863586576692
1664,1e70dd2e-1d52-416d-8e33-d47074bac21c,7,1664,True,18511,18511,195.25968891088996
1665,1e70dd2e-1d52-416d-8e33-d47074bac21c,7,1665,True,18538,18538,155.76244961367047
1666,1e70dd2e-1d52-416d-8e33-d47074bac21c,7,1666,True,18563,18563,143.25968891088996
1667,1e70dd2e-1d52-416d-8e33-d47074bac21c,7,1667,True,18587,18587,132.67899389854938
1668,1e70dd2e-1d52-416d-8e33-d47074bac21c,7,1668,True,18617,18617,144.36959939894587
1669,1e70dd2e-1d52-416d-8e33-d47074bac21c,7,1669,True,18645,18645,142.3653611427544
1670,1e70dd2e-1d52-416d-8e33-d47074bac21c,7,1670,True,18669,18669,204.17260870767132
1671,1e70dd2e-1d52-416d-8e33-d47074bac21c,7,1671,True,18711,18711,162.17260870767132
1672,1e70dd2e-1d52-416d-8e33-d47074bac21c,7,1672,True,18746,18746,145.99166062357472
1673,1e70dd2e-1d52-416d-8e33-d47074bac21c,7,1673,True,18775,18775,152.61532512759732
1674,1e70dd2e-1d52-416d-8e33-d47074bac21c,7,1674,True,18793,18793,124.29784327476955
1675,1e70dd2e-1d52-416d-8e33-d47074bac21c,7,1675,True,18822,18822,143.07030953356298
1676,1e70dd2e-1d52-416d-8e33-d47074bac21c,7,1676,True,18859,18859,139.10029772370035
1677,1e70dd2e-1d52-416d-8e33-d47074bac21c,7,1677,True,18880,18880,162.84125028249764
1678,1e70dd2e-1d52-416d-8e33-d47074bac21c,7,1678,True,18904,18904,128.46839393537084
1679,1e70dd2e-1d52-416d-8e33-d47074bac21c,7,1679,True,18937,18937,164.43974816676564
1680,1e70dd2e-1d52-416d-8e33-d47074bac21c,7,1680,True,18961,18961,167.5863491532691
1681,1e70dd2e-1d52-416d-8e33-d47074bac21c,7,1681,True,18985,18985,167.0214376499498
1682,1e70dd2e-1d52-416d-8e33-d47074bac21c,7,1682,True,19015,19015,160.252344479959
1683,1e70dd2e-1d52-416d-8e33-d47074bac21c,7,1683,True,19044,19044,157.60975149534715
1684,1e70dd2e-1d52-416d-8e33-d47074bac21c,7,1684,True,19075,19075,152.2797146206758
1685,1e70dd2e-1d52-416d-8e33-d47074bac21c,7,1685,True,19105,19105,145.38517494530242
1686,1e70dd2e-1d52-416d-8e33-d47074bac21c,7,1686,True,19130,19130,131.06945144074052
1687,1e70dd2e-1d52-416d-8e33-d47074bac21c,7,1687,True,19167,19167,177.11921435649492
1688,1e70dd2e-1d52-416d-8e33-d47074bac21c,7,1688,True,19187,19187,181.2242750496298
1689,1e70dd2e-1d52-416d-8e33-d47074bac21c,7,1689,True,19218,19218,200.7595852793056
1690,1e70dd2e-1d52-416d-8e33-d47074bac21c,7,1690,True,19238,19238,190.8452432771628
1691,1e70dd2e-1d52-416d-8e33-d47074bac21c,7,1691,True,19269,19269,183.44513720957184
1692,1e70dd2e-1d52-416d-8e33-d47074bac21c,7,1692,True,19293,19293,148.17528740804482
1693,1e70dd2e-1d52-416d-8e33-d47074bac21c,7,1693,True,19321,19321,172.52998519417088
1694,1e70dd2e-1d52-416d-8e33-d47074bac21c,7,1694,True,19362,19362,131.52998519417088
1695,1e70dd2e-1d52-416d-8e33-d47074bac21c,7,1695,True,19390,19390,175.56864732768736
1696,1e70dd2e-1d52-416d-8e33-d47074bac21c,7,1696,True,19418,19418,164.63496490330726
1697,1e70dd2e-1d52-416d-8e33-d47074bac21c,7,1697,True,19447,19447,146.2840232618364
1698,1e70dd2e-1d52-416d-8e33-d47074bac21c,7,1698,True,19470,19470,177.3916215759673
1699,1e70dd2e-1d52-416d-8e33-d47074bac21c,7,1699,True,19495,19495,171.5056625029756
1700,1e70dd2e-1d52-416d-8e33-d47074bac21c,7,1700,True,19522,19522,166.7219081307012
1701,1e70dd2e-1d52-416d-8e33-d47074bac21c,7,1701,True,19551,19551,148.41483494949716
1702,1e70dd2e-1d52-416d-8e33-d47074bac21c,7,1702,True,19576,19576,147.63913862049958
1703,1e70dd2e-1d52-416d-8e33-d47074bac21c,7,1703,True,19602,19602,169.30287135926847
1704,1e70dd2e-1d52-416d-8e33-d47074bac21c,7,1704,True,19633,19633,165.22524134626656
1705,1e70dd2e-1d52-416d-8e33-d47074bac21c,7,1705,True,19654,19654,192.1665118831188
1706,1e70dd2e-1d52-416d-8e33-d47074bac21c,7,1706,True,19675,19675,199.16781652562713
1707,1e70dd2e-1d52-416d-8e33-d47074bac21c,7,1707,True,19706,19706,156.2315182505772
1708,1e70dd2e-1d52-416d-8e33-d47074bac21c,7,1708,True,19734,19734,178.2357151788965
1709,1e70dd2e-1d52-416d-8e33-d47074bac21c,7,1709,True,19764,19764,130.0827644410383
1710,1e70dd2e-1d52-416d-8e33-d47074bac21c,7,1710,True,19791,19791,186.87286119252894
1711,1e70dd2e-1d52-416d-8e33-d47074bac21c,7,1711,True,19825,19825,163.43047032878167
1712,1e70dd2e-1d52-416d-8e33-d47074bac21c,7,1712,True,19845,19845,159.05961563122764
1713,1e70dd2e-1d52-416d-8e33-d47074bac21c,7,1713,True,19874,19874,260.04745762513267
1714,1e70dd2e-1d52-416d-8e33-d47074bac21c,7,1714,True,19893,19893,254.47862743895166
1715,1e70dd2e-1d52-416d-8e33-d47074bac21c,7,1715,True,19913,19913,234.47862743895166
1716,1e70dd2e-1d52-416d-8e33-d47074bac21c,7,1716,True,19941,19941,258.47990331467736
1717,1e70dd2e-1d52-416d-8e33-d47074bac21c,7,1717,True,19971,19971,240.7837120485674
1718,1e70dd2e-1d52-416d-8e33-d47074bac21c,7,1718,True,20002,20002,209.7837120485674
1719,1e70dd2e-1d52-416d-8e33-d47074bac21c,7,1719,True,20027,20027,204.93022119038505
1720,1e70dd2e-1d52-416d-8e33-d47074bac21c,7,1720,True,20056,20056,196.22609863833713
1721,1e70dd2e-1d52-416d-8e33-d47074bac21c,7,1721,True,20082,20082,197.7527400347899
1722,1e70dd2e-1d52-416d-8e33-d47074bac21c,7,1722,True,20109,20109,189.17930397844248
1723,1e70dd2e-1d52-416d-8e33-d47074bac21c,7,1723,True,20140,20140,211.62679338653834
1724,1e70dd2e-1d52-416d-8e33-d47074bac21c,7,1724,True,20165,20165,186.62679338653834
1725,1e70dd2e-1d52-416d-8e33-d47074bac21c,7,1725,True,20196,20196,227.8486700326648
1726,1e70dd2e-1d52-416d-8e33-d47074bac21c,7,1726,True,20227,20227,196.8486700326648
1727,1e70dd2e-1d52-416d-8e33-d47074bac21c,7,1727,True,20259,20259,175.85378754854173
1728,1e70dd2e-1d52-416d-8e33-d47074bac21c,7,1728,True,20285,20285,216.06921804735612
1729,1e70dd2e-1d52-416d-8e33-d47074bac21c,7,1729,True,20309,20309,202.46684456524963
1730,1e70dd2e-1d52-416d-8e33-d47074bac21c,7,1730,True,20335,20335,176.46684456524963
1731,1e70dd2e-1d52-416d-8e33-d47074bac21c,7,1731,True,20360,20360,195.68762738356963
1732,1e70dd2e-1d52-416d-8e33-d47074bac21c,7,1732,True,20382,20382,161.81024134784457
1733,1e70dd2e-1d52-416d-8e33-d47074bac21c,7,1733,True,20407,20407,162.83398799585484
1734,1e70dd2e-1d52-416d-8e33-d47074bac21c,7,1734,True,20433,20433,197.6331699919283
1735,1e70dd2e-1d52-416d-8e33-d47074bac21c,7,1735,True,20463,20463,167.6331699919283
1736,1e70dd2e-1d52-416d-8e33-d47074bac21c,7,1736,True,20493,20493,126.40033128578216
1737,1e70dd2e-1d52-416d-8e33-d47074bac21c,7,1737,True,20514,20514,156.66177232254995
1738,1e70dd2e-1d52-416d-8e33-d47074bac21c,7,1738,True,20543,20543,157.37611115819163
1739,1e70dd2e-1d52-416d-8e33-d47074bac21c,7,1739,True,20569,20569,184.85993063037313
1740,1e70dd2e-1d52-416d-8e33-d47074bac21c,7,1740,True,20590,20590,134.36087510855214
1741,1e70dd2e-1d52-416d-8e33-d47074bac21c,7,1741,True,20612,20612,168.0692294878936
1742,1e70dd2e-1d52-416d-8e33-d47074bac21c,7,1742,True,20635,20635,157.68155439487964
1743,1e70dd2e-1d52-416d-8e33-d47074bac21c,7,1743,True,20664,20664,141.61704056817325
1744,1e70dd2e-1d52-416d-8e33-d47074bac21c,7,1744,True,20699,20699,124.03555289510041
1745,1e70dd2e-1d52-416d-8e33-d47074bac21c,7,1745,True,20724,20724,157.3532433214641
1746,1e70dd2e-1d52-416d-8e33-d47074bac21c,7,1746,True,20752,20752,142.14717389996804
1747,1e70dd2e-1d52-416d-8e33-d47074bac21c,7,1747,True,20781,20781,161.02739491299144
1748,1e70dd2e-1d52-416d-8e33-d47074bac21c,7,1748,True,20807,20807,145.78879771861466
1749,1e70dd2e-1d52-416d-8e33-d47074bac21c,7,1749,True,20828,20828,163.22598123170974
1750,1e70dd2e-1d52-416d-8e33-d47074bac21c,7,1750,True,20855,20855,150.65456350698878
1751,1e70dd2e-1d52-416d-8e33-d47074bac21c,7,1751,True,20887,20887,155.72884915229224
1752,1e70dd2e-1d52-416d-8e33-d47074bac21c,7,1752,True,20921,20921,136.31425593743916
1753,1e70dd2e-1d52-416d-8e33-d47074bac21c,7,1753,True,20948,20948,119.50778554954013
1754,1e70dd2e-1d52-416d-8e33-d47074bac21c,7,1754,True,20969,20969,147.70851979473446
1755,1e70dd2e-1d52-416d-8e33-d47074bac21c,7,1755,True,21013,21013,128.7776260943101
1756,1e70dd2e-1d52-416d-8e33-d47074bac21c,7,1756,True,21044,21044,156.24344071781525
1757,1e70dd2e-1d52-416d-8e33-d47074bac21c,7,1757,True,21070,21070,141.88412807966597
1758,1e70dd2e-1d52-416d-8e33-d47074bac21c,7,1758,True,21100,21100,124.88462025769331
1759,1e70dd2e-1d52-416d-8e33-d47074bac21c,7,1759,True,21119,21119,115.06475580263577
1760,1e70dd2e-1d52-416d-8e33-d47074bac21c,7,1760,True,21143,21143,147.75193279575615
1761,1e70dd2e-1d52-416d-8e33-d47074bac21c,7,1761,True,21170,21170,142.45451480188422
1762,1e70dd2e-1d52-416d-8e33-d47074bac21c,7,1762,True,21196,21196,127.42070096093448
1763,1e70dd2e-1d52-416d-8e33-d47074bac21c,7,1763,True,21225,21225,149.62191288143003
1764,1e70dd2e-1d52-416d-8e33-d47074bac21c,7,1764,True,21251,21251,152.71751075950306
1765,1e70dd2e-1d52-416d-8e33-d47074bac21c,7,1765,True,21278,21278,148.0871528388525
1766,1e70dd2e-1d52-416d-8e33-d47074bac21c,7,1766,True,21311,21311,126.27080964286142
1767,1e70dd2e-1d52-416d-8e33-d47074bac21c,7,1767,True,21340,21340,123.38401205519403
1768,1e70dd2e-1d52-416d-8e33-d47074bac21c,7,1768,True,21373,21373,141.32786879668492
1769,1e70dd2e-1d52-416d-8e33-d47074bac21c,7,1769,True,21406,21406,123.4672749267047
1770,1e70dd2e-1d52-416d-8e33-d47074bac21c,7,1770,True,21439,21439,152.32151332886497
1771,1e70dd2e-1d52-416d-8e33-d47074bac21c,7,1771,True,21467,21467,124.32151332886497
1772,1e70dd2e-1d52-416d-8e33-d47074bac21c,7,1772,True,21490,21490,112.64256565374671
1773,1e70dd2e-1d52-416d-8e33-d47074bac21c,7,1773,True,21519,21519,98.00556039800722
1774,1e70dd2e-1d52-416d-8e33-d47074bac21c,7,1774,True,21536,21536,116.41606432141998
1775,1e70dd2e-1d52-416d-8e33-d47074bac21c,7,1775,True,21568,21568,126.89691685009893
1776,1e70dd2e-1d52-416d-8e33-d47074bac21c,7,1776,True,21591,21591,115.23205057672385
1777,1e70dd2e-1d52-416d-8e33-d47074bac21c,7,1777,True,21610,21610,150.21290400675935
1778,1e70dd2e-1d52-416d-8e33-d47074bac21c,7,1778,True,21632,21632,153.9485669062342
1779,1e70dd2e-1d52-416d-8e33-d47074bac21c,7,1779,True,21655,21655,155.34536252839462
1780,1e70dd2e-1d52-416d-8e33-d47074bac21c,7,1780,True,21671,21671,164.09196190096554
1781,1e70dd2e-1d52-416d-8e33-d47074bac21c,7,1781,True,21699,21699,154.7492943248726
1782,1e70dd2e-1d52-416d-8e33-d47074bac21c,7,1782,True,21725,21725,191.98104115179376
1783,1e70dd2e-1d52-416d-8e33-d47074bac21c,7,1783,True,21746,21746,140.96233634385862
1784,1e70dd2e-1d52-416d-8e33-d47074bac21c,7,1784,True,21763,21763,197.6090144863374
1785,1e70dd2e-1d52-416d-8e33-d47074bac21c,7,1785,True,21792,21792,113.57295013043768
1786,1e70dd2e-1d52-416d-8e33-d47074bac21c,7,1786,True,21827,21827,163.89348550985596
1787,1e70dd2e-1d52-416d-8e33-d47074bac21c,7,1787,True,21868,21868,122.89348550985596
1788,1e70dd2e-1d52-416d-8e33-d47074bac21c,7,1788,True,21888,21888,123.2761330360263
1789,1e70dd2e-1d52-416d-8e33-d47074bac21c,7,1789,True,21910,21910,154.63485285398565
1790,1e70dd2e-1d52-416d-8e33-d47074bac21c,7,1790,True,21940,21940,136.3926976318544
1791,1e70dd2e-1d52-416d-8e33-d47074bac21c,7,1791,True,21964,21964,212.6978391148441
1792,1e70dd2e-1d52-416d-8e33-d47074bac21c,7,1792,True,21986,21986,150.17718555300962
1793,1e70dd2e-1d52-416d-8e33-d47074bac21c,7,1793,True,22007,22007,169.6978391148441
1794,1e70dd2e-1d52-416d-8e33-d47074bac21c,7,1794,True,22030,22030,132.68710167525933
1795,1e70dd2e-1d52-416d-8e33-d47074bac21c,7,1795,True,22069,22069,221.76218137671822
1796,1e70dd2e-1d52-416d-8e33-d47074bac21c,7,1796,True,22095,22095,134.5493174393814
1797,1e70dd2e-1d52-416d-8e33-d47074bac21c,7,1797,True,22113,22113,193.87052528065396
1798,1e70dd2e-1d52-416d-8e33-d47074bac21c,7,1798,True,22143,22143,163.87052528065396
1799,1e70dd2e-1d52-416d-8e33-d47074bac21c,7,1799,True,22169,22169,162.02987602989742
1800,1e70dd2e-1d52-416d-8e33-d47074bac21c,7,1800,True,22195,22195,174.4924789067627
1801,1e70dd2e-1d52-416d-8e33-d47074bac21c,7,1801,True,22220,22220,200.1398397202429
1802,1e70dd2e-1d52-416d-8e33-d47074bac21c,7,1802,True,22240,22240,206.43481105347018
1803,1e70dd2e-1d52-416d-8e33-d47074bac21c,7,1803,True,22269,22269,135.8781476503209
1804,1e70dd2e-1d52-416d-8e33-d47074bac21c,7,1804,True,22294,22294,187.7484195622601
1805,1e70dd2e-1d52-416d-8e33-d47074bac21c,7,1805,True,22317,22317,155.84492344065802
1806,1e70dd2e-1d52-416d-8e33-d47074bac21c,7,1806,True,22339,22339,214.7394189636434
1807,1e70dd2e-1d52-416d-8e33-d47074bac21c,7,1807,True,22370,22370,183.7394189636434
1808,1e70dd2e-1d52-416d-8e33-d47074bac21c,7,1808,True,22397,22397,187.56336379380082
1809,1e70dd2e-1d52-416d-8e33-d47074bac21c,7,1809,True,22415,22415,148.37448482915352
1810,1e70dd2e-1d52-416d-8e33-d47074bac21c,7,1810,True,22440,22440,188.27453335280734
1811,1e70dd2e-1d52-416d-8e33-d47074bac21c,7,1811,True,22463,22463,200.40293843539257
1812,1e70dd2e-1d52-416d-8e33-d47074bac21c,7,1812,True,22485,22485,191.47594693955398
1813,1e70dd2e-1d52-416d-8e33-d47074bac21c,7,1813,True,22510,22510,221.8747908147452
1814,1e70dd2e-1d52-416d-8e33-d47074bac21c,7,1814,True,22536,22536,205.99973588291687
1815,1e70dd2e-1d52-416d-8e33-d47074bac21c,7,1815,True,22571,22571,251.58651334418755
1816,1e70dd2e-1d52-416d-8e33-d47074bac21c,7,1816,True,22602,22602,307.33790224663244
1817,1e70dd2e-1d52-416d-8e33-d47074bac21c,7,1817,True,22628,22628,281.33790224663244
1818,1e70dd2e-1d52-416d-8e33-d47074bac21c,7,1818,True,22654,22654,277.7976611048289
1819,1e70dd2e-1d52-416d-8e33-d47074bac21c,7,1819,True,22685,22685,293.87501210869596
1820,1e70dd2e-1d52-416d-8e33-d47074bac21c,7,1820,True,22706,22706,272.87501210869596
1821,1e70dd2e-1d52-416d-8e33-d47074bac21c,7,1821,True,22745,22745,287.72734221678184
1822,1e70dd2e-1d52-416d-8e33-d47074bac21c,7,1822,True,22768,22768,264.72734221678184
1823,1e70dd2e-1d52-416d-8e33-d47074bac21c,7,1823,True,22798,22798,321.90326649351846
1824,1e70dd2e-1d52-416d-8e33-d47074bac21c,7,1824,True,22824,22824,307.8458919174809
1825,1e70dd2e-1d52-416d-8e33-d47074bac21c,7,1825,True,22853,22853,304.329571729304
1826,1e70dd2e-1d52-416d-8e33-d47074bac21c,7,1826,True,22875,22875,244.90326649351846
1827,1e70dd2e-1d52-416d-8e33-d47074bac21c,7,1827,True,22904,22904,277.9102055281328
1828,1e70dd2e-1d52-416d-8e33-d47074bac21c,7,1828,True,22927,22927,230.329571729304
1829,1e70dd2e-1d52-416d-8e33-d47074bac21c,7,1829,True,22959,22959,257.07094950811006
1830,1e70dd2e-1d52-416d-8e33-d47074bac21c,7,1830,True,22983,22983,198.9102055281328
1831,1e70dd2e-1d52-416d-8e33-d47074bac21c,7,1831,True,23012,23012,253.32129955039636
1832,1e70dd2e-1d52-416d-8e33-d47074bac21c,7,1832,True,23044,23044,182.95288327190792
1833,1e70dd2e-1d52-416d-8e33-d47074bac21c,7,1833,True,23072,23072,193.32129955039636
1834,1e70dd2e-1d52-416d-8e33-d47074bac21c,7,1834,True,23096,23096,190.75560607978696
1835,1e70dd2e-1d52-416d-8e33-d47074bac21c,7,1835,True,23125,23125,197.47319437305487
1836,1e70dd2e-1d52-416d-8e33-d47074bac21c,7,1836,True,23149,23149,164.6789211992691
1837,1e70dd2e-1d52-416d-8e33-d47074bac21c,7,1837,True,23177,23177,224.28725566271896
1838,1e70dd2e-1d52-416d-8e33-d47074bac21c,7,1838,True,23209,23209,213.3604892480471
1839,1e70dd2e-1d52-416d-8e33-d47074bac21c,7,1839,True,23231,23231,180.63062731719765
1840,1e70dd2e-1d52-416d-8e33-d47074bac21c,7,1840,True,23250,23250,139.73841836712745
1841,1e70dd2e-1d52-416d-8e33-d47074bac21c,7,1841,True,23278,23278,177.84190305681477
1842,1e70dd2e-1d52-416d-8e33-d47074bac21c,7,1842,True,23306,23306,167.11896463181256
1843,1e70dd2e-1d52-416d-8e33-d47074bac21c,7,1843,True,23328,23328,233.2386300625767
1844,1e70dd2e-1d52-416d-8e33-d47074bac21c,7,1844,True,23362,23362,178.8492873328105
1845,1e70dd2e-1d52-416d-8e33-d47074bac21c,7,1845,True,23397,23397,228.61110912423828
1846,1e70dd2e-1d52-416d-8e33-d47074bac21c,7,1846,True,23430,23430,205.55988301391335
1847,1e70dd2e-1d52-416d-8e33-d47074bac21c,7,1847,True,23459,23459,218.67857818349512
1848,1e70dd2e-1d52-416d-8e33-d47074bac21c,7,1848,True,23483,23483,206.76709967092393
1849,1e70dd2e-1d52-416d-8e33-d47074bac21c,7,1849,True,23506,23506,222.81102671889312
1850,1e70dd2e-1d52-416d-8e33-d47074bac21c,7,1850,True,23535,23535,221.9095424510342
1851,1e70dd2e-1d52-416d-8e33-d47074bac21c,7,1851,True,23562,23562,194.9095424510342
1852,1e70dd2e-1d52-416d-8e33-d47074bac21c,7,1852,True,23581,23581,198.28838622240073
1853,1e70dd2e-1d52-416d-8e33-d47074bac21c,7,1853,True,23603,23603,223.87677860579424
1854,1e70dd2e-1d52-416d-8e33-d47074bac21c,7,1854,True,23626,23626,200.87677860579424
1855,1e70dd2e-1d52-416d-8e33-d47074bac21c,7,1855,True,23652,23652,206.08864148861176
1856,1e70dd2e-1d52-416d-8e33-d47074bac21c,7,1856,True,23682,23682,187.9039248077679
1857,1e70dd2e-1d52-416d-8e33-d47074bac21c,7,1857,True,23720,23720,214.17206952600827
1858,1e70dd2e-1d52-416d-8e33-d47074bac21c,7,1858,True,23747,23747,172.95259510197138
1859,1e70dd2e-1d52-416d-8e33-d47074bac21c,7,1859,True,23777,23777,222.8287047099584
1860,1e70dd2e-1d52-416d-8e33-d47074bac21c,7,1860,True,23808,23808,181.37145485023575
1861,1e70dd2e-1d52-416d-8e33-d47074bac21c,7,1861,True,23843,23843,199.3496120546297
1862,1e70dd2e-1d52-416d-8e33-d47074bac21c,7,1862,True,23867,23867,156.3269326952468
1863,1e70dd2e-1d52-416d-8e33-d47074bac21c,7,1863,True,23895,23895,243.0198846538442
1864,1e70dd2e-1d52-416d-8e33-d47074bac21c,7,1864,True,23918,23918,154.0156085712406
1865,1e70dd2e-1d52-416d-8e33-d47074bac21c,7,1865,True,23950,23950,168.5799551908749
1866,1e70dd2e-1d52-416d-8e33-d47074bac21c,7,1866,True,23976,23976,224.98704519185412
1867,1e70dd2e-1d52-416d-8e33-d47074bac21c,7,1867,True,24014,24014,149.60144298521118
1868,1e70dd2e-1d52-416d-8e33-d47074bac21c,7,1868,True,24046,24046,145.93341582832363
1869,1e70dd2e-1d52-416d-8e33-d47074bac21c,7,1869,True,24072,24072,142.29587793322935
1870,1e70dd2e-1d52-416d-8e33-d47074bac21c,7,1870,True,24102,24102,222.36415765192578
1871,1e70dd2e-1d52-416d-8e33-d47074bac21c,7,1871,True,24131,24131,169.09160694560705
1872,1e70dd2e-1d52-416d-8e33-d47074bac21c,7,1872,True,24159,24159,176.32156560810836
1873,1e70dd2e-1d52-416d-8e33-d47074bac21c,7,1873,True,24186,24186,185.83002224650045
1874,1e70dd2e-1d52-416d-8e33-d47074bac21c,7,1874,True,24218,24218,201.85410034647066
1875,1e70dd2e-1d52-416d-8e33-d47074bac21c,7,1875,True,24244,24244,156.3113322898571
1876,1e70dd2e-1d52-416d-8e33-d47074bac21c,7,1876,True,24267,24267,204.80619039434896
1877,1e70dd2e-1d52-416d-8e33-d47074bac21c,7,1877,True,24303,24303,146.1156704684363
1878,1e70dd2e-1d52-416d-8e33-d47074bac21c,7,1878,True,24337,24337,163.57014354775674
1879,1e70dd2e-1d52-416d-8e33-d47074bac21c,7,1879,True,24377,24377,113.91315638344895
1880,1e70dd2e-1d52-416d-8e33-d47074bac21c,7,1880,True,24402,24402,113.26784853371646
1881,1e70dd2e-1d52-416d-8e33-d47074bac21c,7,1881,True,24429,24429,152.76221840981816
1882,1e70dd2e-1d52-416d-8e33-d47074bac21c,7,1882,True,24453,24453,120.09805979758676
1883,1e70dd2e-1d52-416d-8e33-d47074bac21c,7,1883,True,24478,24478,144.6041501800537
1884,1e70dd2e-1d52-416d-8e33-d47074bac21c,7,1884,True,24512,24512,120.4272721534071
1885,1e70dd2e-1d52-416d-8e33-d47074bac21c,7,1885,True,24533,24533,122.35756546068296
1886,1e70dd2e-1d52-416d-8e33-d47074bac21c,7,1886,True,24572,24572,164.35701369660092
1887,1e70dd2e-1d52-416d-8e33-d47074bac21c,7,1887,True,24597,24597,151.56550388212418
1888,1e70dd2e-1d52-416d-8e33-d47074bac21c,7,1888,True,24627,24627,218.59799544169437
1889,1e70dd2e-1d52-416d-8e33-d47074bac21c,7,1889,True,24647,24647,161.97759034550472
1890,1e70dd2e-1d52-416d-8e33-d47074bac21c,7,1890,True,24672,24672,173.59799544169437
1891,1e70dd2e-1d52-416d-8e33-d47074bac21c,7,1891,True,24711,24711,123.71078958311045
1892,1e70dd2e-1d52-416d-8e33-d47074bac21c,7,1892,True,24745,24745,216.6991960624291
1893,1e70dd2e-1d52-416d-8e33-d47074bac21c,7,1893,True,24776,24776,146.96681417261425
1894,1e70dd2e-1d52-416d-8e33-d47074bac21c,7,1894,True,24807,24807,144.12431778715836
1895,1e70dd2e-1d52-416d-8e33-d47074bac21c,7,1895,True,24842,24842,163.2621237040803
1896,1e70dd2e-1d52-416d-8e33-d47074bac21c,7,1896,True,24869,24869,146.1797949068714
1897,1e70dd2e-1d52-416d-8e33-d47074bac21c,7,1897,True,24895,24895,160.1219163786809
1898,1e70dd2e-1d52-416d-8e33-d47074bac21c,7,1898,True,24929,24929,137.18528703957054
1899,1e70dd2e-1d52-416d-8e33-d47074bac21c,7,1899,True,24951,24951,187.53580878114008
1900,1e70dd2e-1d52-416d-8e33-d47074bac21c,7,1900,True,24979,24979,140.0058180068554
1901,1e70dd2e-1d52-416d-8e33-d47074bac21c,7,1901,True,25006,25006,143.33275589108598
1902,1e70dd2e-1d52-416d-8e33-d47074bac21c,7,1902,True,25026,25026,123.33275589108598
1903,1e70dd2e-1d52-416d-8e33-d47074bac21c,7,1903,True,25056,25056,145.14337442646138
1904,1e70dd2e-1d52-416d-8e33-d47074bac21c,7,1904,True,25082,25082,138.0597522351818
1905,1e70dd2e-1d52-416d-8e33-d47074bac21c,7,1905,True,25113,25113,133.89601792359463
1906,1e70dd2e-1d52-416d-8e33-d47074bac21c,7,1906,True,25139,25139,117.61236516873032
1907,1e70dd2e-1d52-416d-8e33-d47074bac21c,7,1907,True,25170,25170,129.67439385197576
1908,1e70dd2e-1d52-416d-8e33-d47074bac21c,7,1908,True,25194,25194,117.75298198013479
1909,1e70dd2e-1d52-416d-8e33-d47074bac21c,7,1909,True,25233,25233,150.33446533310416
1910,1e70dd2e-1d52-416d-8e33-d47074bac21c,7,1910,True,25265,25265,127.93500658363337
1911,1e70dd2e-1d52-416d-8e33-d47074bac21c,7,1911,True,25286,25286,165.22218297496875
1912,1e70dd2e-1d52-416d-8e33-d47074bac21c,7,1912,True,25312,25312,99.11188771724846
1913,1e70dd2e-1d52-416d-8e33-d47074bac21c,7,1913,True,25337,25337,125.79613777304257
1914,1e70dd2e-1d52-416d-8e33-d47074bac21c,7,1914,True,25364,25364,115.2127930554525
1915,1e70dd2e-1d52-416d-8e33-d47074bac21c,7,1915,True,25392,25392,111.2338910166618
1916,1e70dd2e-1d52-416d-8e33-d47074bac21c,7,1916,True,25416,25416,114.8938685518151
1917,1e70dd2e-1d52-416d-8e33-d47074bac21c,7,1917,True,25446,25446,135.83579321892103
1918,1e70dd2e-1d52-416d-8e33-d47074bac21c,7,1918,True,25472,25472,120.98248178311042
1919,1e70dd2e-1d52-416d-8e33-d47074bac21c,7,1919,True,25505,25505,112.57892365163207
1920,1e70dd2e-1d52-416d-8e33-d47074bac21c,7,1920,True,25538,25538,97.51175740086182
1921,1e70dd2e-1d52-416d-8e33-d47074bac21c,7,1921,True,25564,25564,124.16940581653034
1922,1e70dd2e-1d52-416d-8e33-d47074bac21c,7,1922,True,25588,25588,124.33302708000338
1923,1e70dd2e-1d52-416d-8e33-d47074bac21c,7,1923,True,25616,25616,155.36138815004233
1924,1e70dd2e-1d52-416d-8e33-d47074bac21c,7,1924,True,25643,25643,109.02089652012
1925,1e70dd2e-1d52-416d-8e33-d47074bac21c,7,1925,True,25668,25668,132.3368529117106
1926,1e70dd2e-1d52-416d-8e33-d47074bac21c,7,1926,True,25691,25691,98.02875696445699
1927,1e70dd2e-1d52-416d-8e33-d47074bac21c,7,1927,True,25714,25714,124.21381567919161
1928,1e70dd2e-1d52-416d-8e33-d47074bac21c,7,1928,True,25746,25746,142.15262956606603
1929,1e70dd2e-1d52-416d-8e33-d47074bac21c,7,1929,True,25766,25766,133.35434450138564
1930,1e70dd2e-1d52-416d-8e33-d47074bac21c,7,1930,True,25793,25793,131.03150315863604
1931,1e70dd2e-1d52-416d-8e33-d47074bac21c,7,1931,True,25821,25821,180.26955957197788
1932,1e70dd2e-1d52-416d-8e33-d47074bac21c,7,1932,True,25847,25847,137.20499587122686
1933,1e70dd2e-1d52-416d-8e33-d47074bac21c,7,1933,True,25878,25878,159.0967182400891
1934,1e70dd2e-1d52-416d-8e33-d47074bac21c,7,1934,True,25901,25901,194.16017802070564
1935,1e70dd2e-1d52-416d-8e33-d47074bac21c,7,1935,True,25923,25923,140.97045339848773
1936,1e70dd2e-1d52-416d-8e33-d47074bac21c,7,1936,True,25949,25949,158.1324236689179
1937,1e70dd2e-1d52-416d-8e33-d47074bac21c,7,1937,True,25974,25974,142.01307026449285
1938,1e70dd2e-1d52-416d-8e33-d47074bac21c,7,1938,True,26005,26005,142.67035069388658
1939,1e70dd2e-1d52-416d-8e33-d47074bac21c,7,1939,True,26037,26037,138.8790887924697
1940,1e70dd2e-1d52-416d-8e33-d47074bac21c,7,1940,True,26071,26071,125.74558364104814
1941,1e70dd2e-1d52-416d-8e33-d47074bac21c,7,1941,True,26102,26102,125.89918826462235
1942,1e70dd2e-1d52-416d-8e33-d47074bac21c,7,1942,True,26125,26125,162.10477601756065
1943,1e70dd2e-1d52-416d-8e33-d47074bac21c,7,1943,True,26150,26150,149.91306514236567
1944,1e70dd2e-1d52-416d-8e33-d47074bac21c,7,1944,True,26173,26173,187.06389013833905
1945,1e70dd2e-1d52-416d-8e33-d47074bac21c,7,1945,True,26191,26191,132.4056814687101
1946,1e70dd2e-1d52-416d-8e33-d47074bac21c,7,1946,True,26220,26220,166.76276068723018
1947,1e70dd2e-1d52-416d-8e33-d47074bac21c,7,1947,True,26246,26246,150.91240565780754
1948,1e70dd2e-1d52-416d-8e33-d47074bac21c,7,1948,True,26274,26274,164.14684899134227
1949,1e70dd2e-1d52-416d-8e33-d47074bac21c,7,1949,True,26291,26291,119.12579435019143
1950,1e70dd2e-1d52-416d-8e33-d47074bac21c,7,1950,True,26315,26315,186.85780007511494
1951,1e70dd2e-1d52-416d-8e33-d47074bac21c,7,1951,True,26337,26337,176.740116979101
1952,1e70dd2e-1d52-416d-8e33-d47074bac21c,7,1952,True,26358,26358,166.2014471311013
1953,1e70dd2e-1d52-416d-8e33-d47074bac21c,7,1953,True,26379,26379,174.06266993371537
1954,1e70dd2e-1d52-416d-8e33-d47074bac21c,7,1954,True,26415,26415,164.23210004961584
1955,1e70dd2e-1d52-416d-8e33-d47074bac21c,7,1955,True,26448,26448,164.60585357357195
1956,1e70dd2e-1d52-416d-8e33-d47074bac21c,7,1956,True,26470,26470,131.8980968382857
1957,1e70dd2e-1d52-416d-8e33-d47074bac21c,7,1957,True,26506,26506,169.7097608302829
1958,1e70dd2e-1d52-416d-8e33-d47074bac21c,7,1958,True,26541,26541,179.62615990838458
1959,1e70dd2e-1d52-416d-8e33-d47074bac21c,7,1959,True,26565,26565,140.7601737480254
1960,1e70dd2e-1d52-416d-8e33-d47074bac21c,7,1960,True,26591,26591,139.568556229362
1961,1e70dd2e-1d52-416d-8e33-d47074bac21c,7,1961,True,26619,26619,157.1993667853203
1962,1e70dd2e-1d52-416d-8e33-d47074bac21c,7,1962,True,26650,26650,142.5707066692994
1963,1e70dd2e-1d52-416d-8e33-d47074bac21c,7,1963,True,26675,26675,126.63631024409187
1964,1e70dd2e-1d52-416d-8e33-d47074bac21c,7,1964,True,26708,26708,173.48044838434362
1965,1e70dd2e-1d52-416d-8e33-d47074bac21c,7,1965,True,26738,26738,143.48044838434362
1966,1e70dd2e-1d52-416d-8e33-d47074bac21c,7,1966,True,26766,26766,172.15830773531343
1967,1e70dd2e-1d52-416d-8e33-d47074bac21c,7,1967,True,26792,26792,121.60982317884555
1968,1e70dd2e-1d52-416d-8e33-d47074bac21c,7,1968,True,26817,26817,144.76837696364237
1969,1e70dd2e-1d52-416d-8e33-d47074bac21c,7,1969,True,26839,26839,164.3844657890295
1970,1e70dd2e-1d52-416d-8e33-d47074bac21c,7,1970,True,26878,26878,142.99165967865338
1971,1e70dd2e-1d52-416d-8e33-d47074bac21c,7,1971,True,26910,26910,122.29016867452447
1972,1e70dd2e-1d52-416d-8e33-d47074bac21c,7,1972,True,26942,26942,129.7259130089151
1973,1e70dd2e-1d52-416d-8e33-d47074bac21c,7,1973,True,26972,26972,171.2798180653008
1974,1e70dd2e-1d52-416d-8e33-d47074bac21c,7,1974,True,27002,27002,177.99152040491026
1975,1e70dd2e-1d52-416d-8e33-d47074bac21c,7,1975,True,27020,27020,146.8448447130395
1976,1e70dd2e-1d52-416d-8e33-d47074bac21c,7,1976,True,27045,27045,134.99152040491026
1977,1e70dd2e-1d52-416d-8e33-d47074bac21c,7,1977,True,27070,27070,153.2865063928475
1978,1e70dd2e-1d52-416d-8e33-d47074bac21c,7,1978,True,27099,27099,134.53564026291497
1979,1e70dd2e-1d52-416d-8e33-d47074bac21c,7,1979,True,27125,27125,158.19539569683548
1980,1e70dd2e-1d52-416d-8e33-d47074bac21c,7,1980,True,27147,27147,147.30420902375045
1981,1e70dd2e-1d52-416d-8e33-d47074bac21c,7,1981,True,27171,27171,137.60128383860138
1982,1e70dd2e-1d52-416d-8e33-d47074bac21c,7,1982,True,27200,27200,146.278023040697
1983,1e70dd2e-1d52-416d-8e33-d47074bac21c,7,1983,True,27226,27226,133.28899579382778
1984,1e70dd2e-1d52-416d-8e33-d47074bac21c,7,1984,True,27249,27249,153.63877158241667
1985,1e70dd2e-1d52-416d-8e33-d47074bac21c,7,1985,True,27282,27282,132.84119987975282
1986,1e70dd2e-1d52-416d-8e33-d47074bac21c,7,1986,True,27307,27307,153.71306901308344
1987,1e70dd2e-1d52-416d-8e33-d47074bac21c,7,1987,True,27332,27332,137.6518635104003
1988,1e70dd2e-1d52-416d-8e33-d47074bac21c,7,1988,True,27361,27361,205.87574016129656
1989,1e70dd2e-1d52-416d-8e33-d47074bac21c,7,1989,True,27387,27387,129.70275802563992
1990,1e70dd2e-1d52-416d-8e33-d47074bac21c,7,1990,True,27408,27408,148.11861231788498
1991,1e70dd2e-1d52-416d-8e33-d47074bac21c,7,1991,True,27429,27429,260.3314872653391
1992,1e70dd2e-1d52-416d-8e33-d47074bac21c,7,1992,True,27466,27466,153.99706936837902
1993,1e70dd2e-1d52-416d-8e33-d47074bac21c,7,1993,True,27508,27508,222.4382772316858
1994,1e70dd2e-1d52-416d-8e33-d47074bac21c,7,1994,True,27540,27540,240.3435508021721
1995,1e70dd2e-1d52-416d-8e33-d47074bac21c,7,1995,True,27575,27575,241.94879817708716
1996,1e70dd2e-1d52-416d-8e33-d47074bac21c,7,1996,True,27603,27603,177.3435508021721
1997,1e70dd2e-1d52-416d-8e33-d47074bac21c,7,1997,True,27628,27628,168.6510569054335
1998,1e70dd2e-1d52-416d-8e33-d47074bac21c,7,1998,True,27660,27660,172.1073874761023
1999,1e70dd2e-1d52-416d-8e33-d47074bac21c,7,1999,True,27689,27689,179.05650742798753
2000,cfbb0d15-6ffb-4980-8ac9-dfcc58f74661,8,2000,True,16,16,80.57745477884143
2001,cfbb0d15-6ffb-4980-8ac9-dfcc58f74661,8,2001,True,43,43,80.91174393607484
2002,cfbb0d15-6ffb-4980-8ac9-dfcc58f74661,8,2002,True,70,70,88.48219784610853
2003,cfbb0d15-6ffb-4980-8ac9-dfcc58f74661,8,2003,True,111,111,90.43798098562945
2004,cfbb0d15-6ffb-4980-8ac9-dfcc58f74661,8,2004,True,139,139,107.88094510293246
2005,cfbb0d15-6ffb-4980-8ac9-dfcc58f74661,8,2005,True,175,175,91.50831711133947
2006,cfbb0d15-6ffb-4980-8ac9-dfcc58f74661,8,2006,True,207,207,84.67388012636354
2007,cfbb0d15-6ffb-4980-8ac9-dfcc58f74661,8,2007,True,232,232,89.16132816551374
2008,cfbb0d15-6ffb-4980-8ac9-dfcc58f74661,8,2008,True,266,266,95.63947257106031
2009,cfbb0d15-6ffb-4980-8ac9-dfcc58f74661,8,2009,True,296,296,100.42985281856903
2010,cfbb0d15-6ffb-4980-8ac9-dfcc58f74661,8,2010,True,322,322,149.38791349900765
2011,cfbb0d15-6ffb-4980-8ac9-dfcc58f74661,8,2011,True,348,348,218.1989501522712
2012,cfbb0d15-6ffb-4980-8ac9-dfcc58f74661,8,2012,True,375,375,127.1923321192225
2013,cfbb0d15-6ffb-4980-8ac9-dfcc58f74661,8,2013,True,400,400,142.94889426270834
2014,cfbb0d15-6ffb-4980-8ac9-dfcc58f74661,8,2014,True,422,422,164.7929813627377
2015,cfbb0d15-6ffb-4980-8ac9-dfcc58f74661,8,2015,True,450,450,195.93245970916792
2016,cfbb0d15-6ffb-4980-8ac9-dfcc58f74661,8,2016,True,474,474,152.82692595248932
2017,cfbb0d15-6ffb-4980-8ac9-dfcc58f74661,8,2017,True,501,501,166.41206730032263
2018,cfbb0d15-6ffb-4980-8ac9-dfcc58f74661,8,2018,True,542,542,150.68373995457114
2019,cfbb0d15-6ffb-4980-8ac9-dfcc58f74661,8,2019,True,569,569,165.31872117978287
2020,cfbb0d15-6ffb-4980-8ac9-dfcc58f74661,8,2020,True,597,597,154.26304778163274
2021,cfbb0d15-6ffb-4980-8ac9-dfcc58f74661,8,2021,True,621,621,152.22361718132947
2022,cfbb0d15-6ffb-4980-8ac9-dfcc58f74661,8,2022,True,642,642,160.68540269789253
2023,cfbb0d15-6ffb-4980-8ac9-dfcc58f74661,8,2023,True,672,672,153.5308366041388
2024,cfbb0d15-6ffb-4980-8ac9-dfcc58f74661,8,2024,True,700,700,155.65886339032113
2025,cfbb0d15-6ffb-4980-8ac9-dfcc58f74661,8,2025,True,731,731,152.2300221377427
2026,cfbb0d15-6ffb-4980-8ac9-dfcc58f74661,8,2026,True,763,763,143.7219247954116
2027,cfbb0d15-6ffb-4980-8ac9-dfcc58f74661,8,2027,True,788,788,149.8068815958959
2028,cfbb0d15-6ffb-4980-8ac9-dfcc58f74661,8,2028,True,808,808,148.28817779420717
2029,cfbb0d15-6ffb-4980-8ac9-dfcc58f74661,8,2029,True,841,841,162.05877797520225
2030,cfbb0d15-6ffb-4980-8ac9-dfcc58f74661,8,2030,True,867,867,159.075767999532
2031,cfbb0d15-6ffb-4980-8ac9-dfcc58f74661,8,2031,True,901,901,141.61915856752512
2032,cfbb0d15-6ffb-4980-8ac9-dfcc58f74661,8,2032,True,936,936,163.62745797345292
2033,cfbb0d15-6ffb-4980-8ac9-dfcc58f74661,8,2033,True,968,968,151.36502551392027
2034,cfbb0d15-6ffb-4980-8ac9-dfcc58f74661,8,2034,True,990,990,161.2460233216009
2035,cfbb0d15-6ffb-4980-8ac9-dfcc58f74661,8,2035,True,1012,1012,156.7370746244203
2036,cfbb0d15-6ffb-4980-8ac9-dfcc58f74661,8,2036,True,1040,1040,170.13658365778838
2037,cfbb0d15-6ffb-4980-8ac9-dfcc58f74661,8,2037,True,1062,1062,172.47928550812458
2038,cfbb0d15-6ffb-4980-8ac9-dfcc58f74661,8,2038,True,1077,1077,178.18265312355788
2039,cfbb0d15-6ffb-4980-8ac9-dfcc58f74661,8,2039,True,1106,1106,207.464189381064
2040,cfbb0d15-6ffb-4980-8ac9-dfcc58f74661,8,2040,True,1136,1136,156.59126089897745
2041,cfbb0d15-6ffb-4980-8ac9-dfcc58f74661,8,2041,True,1173,1173,182.42143561562443
2042,cfbb0d15-6ffb-4980-8ac9-dfcc58f74661,8,2042,True,1197,1197,140.3505840791247
2043,cfbb0d15-6ffb-4980-8ac9-dfcc58f74661,8,2043,True,1228,1228,177.80711863665715
2044,cfbb0d15-6ffb-4980-8ac9-dfcc58f74661,8,2044,True,1253,1253,173.92847579829117
2045,cfbb0d15-6ffb-4980-8ac9-dfcc58f74661,8,2045,True,1282,1282,166.67446482593346
2046,cfbb0d15-6ffb-4980-8ac9-dfcc58f74661,8,2046,True,1304,1304,168.76093316051788
2047,cfbb0d15-6ffb-4980-8ac9-dfcc58f74661,8,2047,True,1336,1336,170.24021703778794
2048,cfbb0d15-6ffb-4980-8ac9-dfcc58f74661,8,2048,True,1358,1358,170.29581558825316
2049,cfbb0d15-6ffb-4980-8ac9-dfcc58f74661,8,2049,True,1388,1388,182.49796759940364
2050,cfbb0d15-6ffb-4980-8ac9-dfcc58f74661,8,2050,True,1416,1416,175.99399026555375
2051,cfbb0d15-6ffb-4980-8ac9-dfcc58f74661,8,2051,True,1441,1441,182.84234130597065
2052,cfbb0d15-6ffb-4980-8ac9-dfcc58f74661,8,2052,True,1463,1463,180.57481867962133
2053,cfbb0d15-6ffb-4980-8ac9-dfcc58f74661,8,2053,True,1490,1490,194.4186124374212
2054,cfbb0d15-6ffb-4980-8ac9-dfcc58f74661,8,2054,True,1517,1517,145.84191279012816
2055,cfbb0d15-6ffb-4980-8ac9-dfcc58f74661,8,2055,True,1546,1546,165.14688451847792
2056,cfbb0d15-6ffb-4980-8ac9-dfcc58f74661,8,2056,True,1574,1574,161.57681519735252
2057,cfbb0d15-6ffb-4980-8ac9-dfcc58f74661,8,2057,True,1606,1606,162.59559634096195
2058,cfbb0d15-6ffb-4980-8ac9-dfcc58f74661,8,2058,True,1633,1633,155.79485881469236
2059,cfbb0d15-6ffb-4980-8ac9-dfcc58f74661,8,2059,True,1670,1670,197.03417874373372
2060,cfbb0d15-6ffb-4980-8ac9-dfcc58f74661,8,2060,True,1699,1699,149.92051256061018
2061,cfbb0d15-6ffb-4980-8ac9-dfcc58f74661,8,2061,True,1726,1726,164.9918350612079
2062,cfbb0d15-6ffb-4980-8ac9-dfcc58f74661,8,2062,True,1756,1756,164.6873626093036
2063,cfbb0d15-6ffb-4980-8ac9-dfcc58f74661,8,2063,True,1783,1783,184.8311947749944
2064,cfbb0d15-6ffb-4980-8ac9-dfcc58f74661,8,2064,True,1801,1801,143.37851588933995
2065,cfbb0d15-6ffb-4980-8ac9-dfcc58f74661,8,2065,True,1835,1835,153.47132435224785
2066,cfbb0d15-6ffb-4980-8ac9-dfcc58f74661,8,2066,True,1857,1857,157.22719057162567
2067,cfbb0d15-6ffb-4980-8ac9-dfcc58f74661,8,2067,True,1889,1889,187.08870939597182
2068,cfbb0d15-6ffb-4980-8ac9-dfcc58f74661,8,2068,True,1918,1918,188.77618838528133
2069,cfbb0d15-6ffb-4980-8ac9-dfcc58f74661,8,2069,True,1932,1932,125.61256909579834
2070,cfbb0d15-6ffb-4980-8ac9-dfcc58f74661,8,2070,True,1966,1966,185.48785818037322
2071,cfbb0d15-6ffb-4980-8ac9-dfcc58f74661,8,2071,True,2000,2000,134.94321455443287
2072,cfbb0d15-6ffb-4980-8ac9-dfcc58f74661,8,2072,True,2026,2026,177.59750725817503
2073,cfbb0d15-6ffb-4980-8ac9-dfcc58f74661,8,2073,True,2053,2053,129.476142155052
2074,cfbb0d15-6ffb-4980-8ac9-dfcc58f74661,8,2074,True,2082,2082,166.47276968652113
2075,cfbb0d15-6ffb-4980-8ac9-dfcc58f74661,8,2075,True,2107,2107,121.83763278700917
2076,cfbb0d15-6ffb-4980-8ac9-dfcc58f74661,8,2076,True,2133,2133,166.65418504680838
2077,cfbb0d15-6ffb-4980-8ac9-dfcc58f74661,8,2077,True,2162,2162,156.91701205774143
2078,cfbb0d15-6ffb-4980-8ac9-dfcc58f74661,8,2078,True,2186,2186,165.47842464575842
2079,cfbb0d15-6ffb-4980-8ac9-dfcc58f74661,8,2079,True,2213,2213,160.668116630437
2080,cfbb0d15-6ffb-4980-8ac9-dfcc58f74661,8,2080,True,2245,2245,165.62523247709169
2081,cfbb0d15-6ffb-4980-8ac9-dfcc58f74661,8,2081,True,2270,2270,165.4161064469754
2082,cfbb0d15-6ffb-4980-8ac9-dfcc58f74661,8,2082,True,2287,2287,170.33641088555896
2083,cfbb0d15-6ffb-4980-8ac9-dfcc58f74661,8,2083,True,2323,2323,152.91845566606708
2084,cfbb0d15-6ffb-4980-8ac9-dfcc58f74661,8,2084,True,2351,2351,147.49759862186283
2085,cfbb0d15-6ffb-4980-8ac9-dfcc58f74661,8,2085,True,2376,2376,146.4657372205611
2086,cfbb0d15-6ffb-4980-8ac9-dfcc58f74661,8,2086,True,2405,2405,142.19988796072084
2087,cfbb0d15-6ffb-4980-8ac9-dfcc58f74661,8,2087,True,2425,2425,146.81891251909929
2088,cfbb0d15-6ffb-4980-8ac9-dfcc58f74661,8,2088,True,2467,2467,139.2707167342246
2089,cfbb0d15-6ffb-4980-8ac9-dfcc58f74661,8,2089,True,2496,2496,147.65303651157592
2090,cfbb0d15-6ffb-4980-8ac9-dfcc58f74661,8,2090,True,2525,2525,142.33352428301941
2091,cfbb0d15-6ffb-4980-8ac9-dfcc58f74661,8,2091,True,2554,2554,152.05889569936198
2092,cfbb0d15-6ffb-4980-8ac9-dfcc58f74661,8,2092,True,2580,2580,156.96274151746775
2093,cfbb0d15-6ffb-4980-8ac9-dfcc58f74661,8,2093,True,2610,2610,162.09502064115213
2094,cfbb0d15-6ffb-4980-8ac9-dfcc58f74661,8,2094,True,2640,2640,153.82521406979913
2095,cfbb0d15-6ffb-4980-8ac9-dfcc58f74661,8,2095,True,2665,2665,155.80559671921355
2096,cfbb0d15-6ffb-4980-8ac9-dfcc58f74661,8,2096,True,2701,2701,140.00887313717658
2097,cfbb0d15-6ffb-4980-8ac9-dfcc58f74661,8,2097,True,2732,2732,142.80955744662788
2098,cfbb0d15-6ffb-4980-8ac9-dfcc58f74661,8,2098,True,2754,2754,142.99903226478318
2099,cfbb0d15-6ffb-4980-8ac9-dfcc58f74661,8,2099,True,2781,2781,153.85631581204598
2100,cfbb0d15-6ffb-4980-8ac9-dfcc58f74661,8,2100,True,2811,2811,143.7703893295361
2101,cfbb0d15-6ffb-4980-8ac9-dfcc58f74661,8,2101,True,2836,2836,153.2123914460367
2102,cfbb0d15-6ffb-4980-8ac9-dfcc58f74661,8,2102,True,2859,2859,151.98538797005813
2103,cfbb0d15-6ffb-4980-8ac9-dfcc58f74661,8,2103,True,2882,2882,150.60088067209517
2104,cfbb0d15-6ffb-4980-8ac9-dfcc58f74661,8,2104,True,2909,2909,212.42739309050694
2105,cfbb0d15-6ffb-4980-8ac9-dfcc58f74661,8,2105,True,2936,2936,162.76127844356733
2106,cfbb0d15-6ffb-4980-8ac9-dfcc58f74661,8,2106,True,2971,2971,280.13243302455976
2107,cfbb0d15-6ffb-4980-8ac9-dfcc58f74661,8,2107,True,2999,2999,233.49806662743367
2108,cfbb0d15-6ffb-4980-8ac9-dfcc58f74661,8,2108,True,3025,3025,207.49806662743367
2109,cfbb0d15-6ffb-4980-8ac9-dfcc58f74661,8,2109,True,3056,3056,218.5980060397237
2110,cfbb0d15-6ffb-4980-8ac9-dfcc58f74661,8,2110,True,3094,3094,252.5152282163408
2111,cfbb0d15-6ffb-4980-8ac9-dfcc58f74661,8,2111,True,3119,3119,227.5152282163408
2112,cfbb0d15-6ffb-4980-8ac9-dfcc58f74661,8,2112,True,3142,3142,182.9440219856765
2113,cfbb0d15-6ffb-4980-8ac9-dfcc58f74661,8,2113,True,3174,3174,242.93960887252797
2114,cfbb0d15-6ffb-4980-8ac9-dfcc58f74661,8,2114,True,3200,3200,173.6719149854771
2115,cfbb0d15-6ffb-4980-8ac9-dfcc58f74661,8,2115,True,3230,3230,163.66930012102512
2116,cfbb0d15-6ffb-4980-8ac9-dfcc58f74661,8,2116,True,3263,3263,174.01384527054324
2117,cfbb0d15-6ffb-4980-8ac9-dfcc58f74661,8,2117,True,3298,3298,173.5907195362347
2118,cfbb0d15-6ffb-4980-8ac9-dfcc58f74661,8,2118,True,3337,3337,156.78787665672098
2119,cfbb0d15-6ffb-4980-8ac9-dfcc58f74661,8,2119,True,3362,3362,154.01492801502127
2120,cfbb0d15-6ffb-4980-8ac9-dfcc58f74661,8,2120,True,3388,3388,159.2748385463392
2121,cfbb0d15-6ffb-4980-8ac9-dfcc58f74661,8,2121,True,3415,3415,159.96270496270927
2122,cfbb0d15-6ffb-4980-8ac9-dfcc58f74661,8,2122,True,3438,3438,155.1259672616152
2123,cfbb0d15-6ffb-4980-8ac9-dfcc58f74661,8,2123,True,3462,3462,181.81060074398238
2124,cfbb0d15-6ffb-4980-8ac9-dfcc58f74661,8,2124,True,3484,3484,140.13456493130025
2125,cfbb0d15-6ffb-4980-8ac9-dfcc58f74661,8,2125,True,3510,3510,200.3430817393546
2126,cfbb0d15-6ffb-4980-8ac9-dfcc58f74661,8,2126,True,3539,3539,149.86802027067415
2127,cfbb0d15-6ffb-4980-8ac9-dfcc58f74661,8,2127,True,3560,3560,171.41547426698207
2128,cfbb0d15-6ffb-4980-8ac9-dfcc58f74661,8,2128,True,3590,3590,168.68125488792748
2129,cfbb0d15-6ffb-4980-8ac9-dfcc58f74661,8,2129,True,3621,3621,157.52078470580318
2130,cfbb0d15-6ffb-4980-8ac9-dfcc58f74661,8,2130,True,3649,3649,149.01897134519186
2131,cfbb0d15-6ffb-4980-8ac9-dfcc58f74661,8,2131,True,3680,3680,190.01201915434285
2132,cfbb0d15-6ffb-4980-8ac9-dfcc58f74661,8,2132,True,3708,3708,184.3893164550891
2133,cfbb0d15-6ffb-4980-8ac9-dfcc58f74661,8,2133,True,3739,3739,171.97580343318486
2134,cfbb0d15-6ffb-4980-8ac9-dfcc58f74661,8,2134,True,3766,3766,171.83734041292882
2135,cfbb0d15-6ffb-4980-8ac9-dfcc58f74661,8,2135,True,3792,3792,189.60672742180896
2136,cfbb0d15-6ffb-4980-8ac9-dfcc58f74661,8,2136,True,3823,3823,138.02454564984646
2137,cfbb0d15-6ffb-4980-8ac9-dfcc58f74661,8,2137,True,3857,3857,201.9891120747211
2138,cfbb0d15-6ffb-4980-8ac9-dfcc58f74661,8,2138,True,3875,3875,163.0615005403797
2139,cfbb0d15-6ffb-4980-8ac9-dfcc58f74661,8,2139,True,3901,3901,183.95673108306346
2140,cfbb0d15-6ffb-4980-8ac9-dfcc58f74661,8,2140,True,3924,3924,160.95673108306346
2141,cfbb0d15-6ffb-4980-8ac9-dfcc58f74661,8,2141,True,3953,3953,151.76126313241366
2142,cfbb0d15-6ffb-4980-8ac9-dfcc58f74661,8,2142,True,3977,3977,149.3498953822691
2143,cfbb0d15-6ffb-4980-8ac9-dfcc58f74661,8,2143,True,4011,4011,173.39101884980573
2144,cfbb0d15-6ffb-4980-8ac9-dfcc58f74661,8,2144,True,4033,4033,132.25802637977904
2145,cfbb0d15-6ffb-4980-8ac9-dfcc58f74661,8,2145,True,4057,4057,152.73925636618878
2146,cfbb0d15-6ffb-4980-8ac9-dfcc58f74661,8,2146,True,4084,4084,149.06779702098538
2147,cfbb0d15-6ffb-4980-8ac9-dfcc58f74661,8,2147,True,4106,4106,158.77798265540787
2148,cfbb0d15-6ffb-4980-8ac9-dfcc58f74661,8,2148,True,4144,4144,143.32139311455649
2149,cfbb0d15-6ffb-4980-8ac9-dfcc58f74661,8,2149,True,4171,4171,168.463399143272
2150,cfbb0d15-6ffb-4980-8ac9-dfcc58f74661,8,2150,True,4195,4195,122.21414403386825
2151,cfbb0d15-6ffb-4980-8ac9-dfcc58f74661,8,2151,True,4209,4209,154.80885431699699
2152,cfbb0d15-6ffb-4980-8ac9-dfcc58f74661,8,2152,True,4241,4241,174.63739122977677
2153,cfbb0d15-6ffb-4980-8ac9-dfcc58f74661,8,2153,True,4268,4268,128.8479135932539
2154,cfbb0d15-6ffb-4980-8ac9-dfcc58f74661,8,2154,True,4295,4295,169.00163299873475
2155,cfbb0d15-6ffb-4980-8ac9-dfcc58f74661,8,2155,True,4328,4328,155.3535943736515
2156,cfbb0d15-6ffb-4980-8ac9-dfcc58f74661,8,2156,True,4355,4355,148.48177214796488
2157,cfbb0d15-6ffb-4980-8ac9-dfcc58f74661,8,2157,True,4382,4382,175.85665858862194
2158,cfbb0d15-6ffb-4980-8ac9-dfcc58f74661,8,2158,True,4407,4407,199.71663687308683
2159,cfbb0d15-6ffb-4980-8ac9-dfcc58f74661,8,2159,True,4435,4435,197.49795797525712
2160,cfbb0d15-6ffb-4980-8ac9-dfcc58f74661,8,2160,True,4456,4456,176.49795797525712
2161,cfbb0d15-6ffb-4980-8ac9-dfcc58f74661,8,2161,True,4480,4480,229.97343389017897
2162,cfbb0d15-6ffb-4980-8ac9-dfcc58f74661,8,2162,True,4497,4497,191.54304805928768
2163,cfbb0d15-6ffb-4980-8ac9-dfcc58f74661,8,2163,True,4516,4516,193.97343389017897
2164,cfbb0d15-6ffb-4980-8ac9-dfcc58f74661,8,2164,True,4543,4543,189.21891914821845
2165,cfbb0d15-6ffb-4980-8ac9-dfcc58f74661,8,2165,True,4567,4567,190.7032163162412
2166,cfbb0d15-6ffb-4980-8ac9-dfcc58f74661,8,2166,True,4586,4586,171.7032163162412
2167,cfbb0d15-6ffb-4980-8ac9-dfcc58f74661,8,2167,True,4611,4611,146.7032163162412
2168,cfbb0d15-6ffb-4980-8ac9-dfcc58f74661,8,2168,True,4647,4647,155.8138178180834
2169,cfbb0d15-6ffb-4980-8ac9-dfcc58f74661,8,2169,True,4666,4666,154.71783924120973
2170,cfbb0d15-6ffb-4980-8ac9-dfcc58f74661,8,2170,True,4707,4707,276.8707842101585
2171,cfbb0d15-6ffb-4980-8ac9-dfcc58f74661,8,2171,True,4734,4734,191.8167988296027
2172,cfbb0d15-6ffb-4980-8ac9-dfcc58f74661,8,2172,True,4758,4758,247.95498205233707
2173,cfbb0d15-6ffb-4980-8ac9-dfcc58f74661,8,2173,True,4786,4786,197.8707842101585
2174,cfbb0d15-6ffb-4980-8ac9-dfcc58f74661,8,2174,True,4820,4820,208.34966588235693
2175,cfbb0d15-6ffb-4980-8ac9-dfcc58f74661,8,2175,True,4849,4849,230.01104981924436
2176,cfbb0d15-6ffb-4980-8ac9-dfcc58f74661,8,2176,True,4877,4877,221.05311593359693
2177,cfbb0d15-6ffb-4980-8ac9-dfcc58f74661,8,2177,True,4906,4906,246.3550065405816
2178,cfbb0d15-6ffb-4980-8ac9-dfcc58f74661,8,2178,True,4938,4938,235.08607243257757
2179,cfbb0d15-6ffb-4980-8ac9-dfcc58f74661,8,2179,True,4964,4964,188.3550065405816
2180,cfbb0d15-6ffb-4980-8ac9-dfcc58f74661,8,2180,True,4991,4991,216.2427866064072
2181,cfbb0d15-6ffb-4980-8ac9-dfcc58f74661,8,2181,True,5018,5018,209.11567748152265
2182,cfbb0d15-6ffb-4980-8ac9-dfcc58f74661,8,2182,True,5047,5047,212.87496135674337
2183,cfbb0d15-6ffb-4980-8ac9-dfcc58f74661,8,2183,True,5080,5080,202.13870391817363
2184,cfbb0d15-6ffb-4980-8ac9-dfcc58f74661,8,2184,True,5103,5103,245.62529984898265
2185,cfbb0d15-6ffb-4980-8ac9-dfcc58f74661,8,2185,True,5127,5127,175.68409949525721
2186,cfbb0d15-6ffb-4980-8ac9-dfcc58f74661,8,2186,True,5157,5157,167.9627720411163
2187,cfbb0d15-6ffb-4980-8ac9-dfcc58f74661,8,2187,True,5184,5184,164.62529984898265
2188,cfbb0d15-6ffb-4980-8ac9-dfcc58f74661,8,2188,True,5213,5213,160.0790604814856
2189,cfbb0d15-6ffb-4980-8ac9-dfcc58f74661,8,2189,True,5234,5234,159.381080629174
2190,cfbb0d15-6ffb-4980-8ac9-dfcc58f74661,8,2190,True,5269,5269,165.51156651707424
2191,cfbb0d15-6ffb-4980-8ac9-dfcc58f74661,8,2191,True,5300,5300,162.84293348145457
2192,cfbb0d15-6ffb-4980-8ac9-dfcc58f74661,8,2192,True,5319,5319,192.4168745112056
2193,cfbb0d15-6ffb-4980-8ac9-dfcc58f74661,8,2193,True,5345,5345,166.4168745112056
2194,cfbb0d15-6ffb-4980-8ac9-dfcc58f74661,8,2194,True,5386,5386,156.18638620323873
2195,cfbb0d15-6ffb-4980-8ac9-dfcc58f74661,8,2195,True,5411,5411,151.44345305503884
2196,cfbb0d15-6ffb-4980-8ac9-dfcc58f74661,8,2196,True,5436,5436,159.6788411895095
2197,cfbb0d15-6ffb-4980-8ac9-dfcc58f74661,8,2197,True,5467,5467,149.16381805132096
2198,cfbb0d15-6ffb-4980-8ac9-dfcc58f74661,8,2198,True,5499,5499,149.73233621647978
2199,cfbb0d15-6ffb-4980-8ac9-dfcc58f74661,8,2199,True,5515,5515,155.51330185607912
2200,cfbb0d15-6ffb-4980-8ac9-dfcc58f74661,8,2200,True,5540,5540,177.94954481939203
2201,cfbb0d15-6ffb-4980-8ac9-dfcc58f74661,8,2201,True,5568,5568,131.69763047880224
2202,cfbb0d15-6ffb-4980-8ac9-dfcc58f74661,8,2202,True,5590,5590,164.18035403766407
2203,cfbb0d15-6ffb-4980-8ac9-dfcc58f74661,8,2203,True,5617,5617,154.32590258694836
2204,cfbb0d15-6ffb-4980-8ac9-dfcc58f74661,8,2204,True,5648,5648,152.8460758684614
2205,cfbb0d15-6ffb-4980-8ac9-dfcc58f74661,8,2205,True,5677,5677,143.19743971624393
2206,cfbb0d15-6ffb-4980-8ac9-dfcc58f74661,8,2206,True,5708,5708,164.52751056045963
2207,cfbb0d15-6ffb-4980-8ac9-dfcc58f74661,8,2207,True,5737,5737,163.71400716421522
2208,cfbb0d15-6ffb-4980-8ac9-dfcc58f74661,8,2208,True,5760,5760,161.9917455591003
2209,cfbb0d15-6ffb-4980-8ac9-dfcc58f74661,8,2209,True,5787,5787,156.00673040345555
2210,cfbb0d15-6ffb-4980-8ac9-dfcc58f74661,8,2210,True,5805,5805,190.04144660993188
2211,cfbb0d15-6ffb-4980-8ac9-dfcc58f74661,8,2211,True,5830,5830,190.31434356036425
2212,cfbb0d15-6ffb-4980-8ac9-dfcc58f74661,8,2212,True,5858,5858,183.48394385018673
2213,cfbb0d15-6ffb-4980-8ac9-dfcc58f74661,8,2213,True,5882,5882,179.57157449113947
2214,cfbb0d15-6ffb-4980-8ac9-dfcc58f74661,8,2214,True,5905,5905,212.35001647695935
2215,cfbb0d15-6ffb-4980-8ac9-dfcc58f74661,8,2215,True,5936,5936,205.32200701317925
2216,cfbb0d15-6ffb-4980-8ac9-dfcc58f74661,8,2216,True,5962,5962,179.32200701317925
2217,cfbb0d15-6ffb-4980-8ac9-dfcc58f74661,8,2217,True,5995,5995,170.68510277633413
2218,cfbb0d15-6ffb-4980-8ac9-dfcc58f74661,8,2218,True,6013,6013,196.8455549488517
2219,cfbb0d15-6ffb-4980-8ac9-dfcc58f74661,8,2219,True,6037,6037,149.8670374854255
2220,cfbb0d15-6ffb-4980-8ac9-dfcc58f74661,8,2220,True,6071,6071,166.21254122510618
2221,cfbb0d15-6ffb-4980-8ac9-dfcc58f74661,8,2221,True,6102,6102,159.54720621488377
2222,cfbb0d15-6ffb-4980-8ac9-dfcc58f74661,8,2222,True,6127,6127,182.7648050606349
2223,cfbb0d15-6ffb-4980-8ac9-dfcc58f74661,8,2223,True,6159,6159,129.77839705399037
2224,cfbb0d15-6ffb-4980-8ac9-dfcc58f74661,8,2224,True,6192,6192,188.094704964451
2225,cfbb0d15-6ffb-4980-8ac9-dfcc58f74661,8,2225,True,6219,6219,141.16125879623814
2226,cfbb0d15-6ffb-4980-8ac9-dfcc58f74661,8,2226,True,6242,6242,198.212196565084
2227,cfbb0d15-6ffb-4980-8ac9-dfcc58f74661,8,2227,True,6271,6271,149.00433541488292
2228,cfbb0d15-6ffb-4980-8ac9-dfcc58f74661,8,2228,True,6293,6293,166.6679085871383
2229,cfbb0d15-6ffb-4980-8ac9-dfcc58f74661,8,2229,True,6322,6322,157.27735364740602
2230,cfbb0d15-6ffb-4980-8ac9-dfcc58f74661,8,2230,True,6349,6349,199.81957344476632
2231,cfbb0d15-6ffb-4980-8ac9-dfcc58f74661,8,2231,True,6378,6378,146.90160655621185
2232,cfbb0d15-6ffb-4980-8ac9-dfcc58f74661,8,2232,True,6407,6407,167.12497552086097
2233,cfbb0d15-6ffb-4980-8ac9-dfcc58f74661,8,2233,True,6435,6435,161.43048279672075
2234,cfbb0d15-6ffb-4980-8ac9-dfcc58f74661,8,2234,True,6458,6458,161.5906227605892
2235,cfbb0d15-6ffb-4980-8ac9-dfcc58f74661,8,2235,True,6483,6483,156.20981925810793
2236,cfbb0d15-6ffb-4980-8ac9-dfcc58f74661,8,2236,True,6511,6511,174.05709593211577
2237,cfbb0d15-6ffb-4980-8ac9-dfcc58f74661,8,2237,True,6535,6535,167.97529891298927
2238,cfbb0d15-6ffb-4980-8ac9-dfcc58f74661,8,2238,True,6570,6570,200.876125425385
2239,cfbb0d15-6ffb-4980-8ac9-dfcc58f74661,8,2239,True,6590,6590,161.8696982759302
2240,cfbb0d15-6ffb-4980-8ac9-dfcc58f74661,8,2240,True,6623,6623,200.51128588852862
2241,cfbb0d15-6ffb-4980-8ac9-dfcc58f74661,8,2241,True,6643,6643,204.18987757007017
2242,cfbb0d15-6ffb-4980-8ac9-dfcc58f74661,8,2242,True,6677,6677,215.20676652015482
2243,cfbb0d15-6ffb-4980-8ac9-dfcc58f74661,8,2243,True,6707,6707,164.66271427839365
2244,cfbb0d15-6ffb-4980-8ac9-dfcc58f74661,8,2244,True,6735,6735,175.06061074999798
2245,cfbb0d15-6ffb-4980-8ac9-dfcc58f74661,8,2245,True,6765,6765,166.70195384727322
2246,cfbb0d15-6ffb-4980-8ac9-dfcc58f74661,8,2246,True,6792,6792,210.65707561920863
2247,cfbb0d15-6ffb-4980-8ac9-dfcc58f74661,8,2247,True,6820,6820,215.66859761102205
2248,cfbb0d15-6ffb-4980-8ac9-dfcc58f74661,8,2248,True,6851,6851,207.40326416151402
2249,cfbb0d15-6ffb-4980-8ac9-dfcc58f74661,8,2249,True,6873,6873,238.46449762785596
2250,cfbb0d15-6ffb-4980-8ac9-dfcc58f74661,8,2250,True,6901,6901,184.96816129923445
2251,cfbb0d15-6ffb-4980-8ac9-dfcc58f74661,8,2251,True,6921,6921,137.40326416151402
2252,cfbb0d15-6ffb-4980-8ac9-dfcc58f74661,8,2252,True,6951,6951,160.46449762785596
2253,cfbb0d15-6ffb-4980-8ac9-dfcc58f74661,8,2253,True,6971,6971,259.92674915222324
2254,cfbb0d15-6ffb-4980-8ac9-dfcc58f74661,8,2254,True,6995,6995,235.92674915222324
2255,cfbb0d15-6ffb-4980-8ac9-dfcc58f74661,8,2255,True,7019,7019,188.8885539288458
2256,cfbb0d15-6ffb-4980-8ac9-dfcc58f74661,8,2256,True,7058,7058,218.16438517969436
2257,cfbb0d15-6ffb-4980-8ac9-dfcc58f74661,8,2257,True,7092,7092,161.33068094995542
2258,cfbb0d15-6ffb-4980-8ac9-dfcc58f74661,8,2258,True,7112,7112,164.16438517969436
2259,cfbb0d15-6ffb-4980-8ac9-dfcc58f74661,8,2259,True,7136,7136,261.8029436834413
2260,cfbb0d15-6ffb-4980-8ac9-dfcc58f74661,8,2260,True,7160,7160,258.2072804371919
2261,cfbb0d15-6ffb-4980-8ac9-dfcc58f74661,8,2261,True,7198,7198,291.84031667395084
2262,cfbb0d15-6ffb-4980-8ac9-dfcc58f74661,8,2262,True,7229,7229,239.54454569201334
2263,cfbb0d15-6ffb-4980-8ac9-dfcc58f74661,8,2263,True,7275,7275,214.84031667395084
2264,cfbb0d15-6ffb-4980-8ac9-dfcc58f74661,8,2264,True,7308,7308,200.86492168011318
2265,cfbb0d15-6ffb-4980-8ac9-dfcc58f74661,8,2265,True,7338,7338,190.58119402346802
2266,cfbb0d15-6ffb-4980-8ac9-dfcc58f74661,8,2266,True,7374,7374,193.0094741694429
2267,cfbb0d15-6ffb-4980-8ac9-dfcc58f74661,8,2267,True,7407,7407,190.00919081699885
2268,cfbb0d15-6ffb-4980-8ac9-dfcc58f74661,8,2268,True,7434,7434,182.80344939262886
2269,cfbb0d15-6ffb-4980-8ac9-dfcc58f74661,8,2269,True,7461,7461,191.4274075178073
2270,cfbb0d15-6ffb-4980-8ac9-dfcc58f74661,8,2270,True,7498,7498,201.17247330933606
2271,cfbb0d15-6ffb-4980-8ac9-dfcc58f74661,8,2271,True,7523,7523,153.14261477714263
2272,cfbb0d15-6ffb-4980-8ac9-dfcc58f74661,8,2272,True,7548,7548,173.2956240666108
2273,cfbb0d15-6ffb-4980-8ac9-dfcc58f74661,8,2273,True,7573,7573,175.7831341819201
2274,cfbb0d15-6ffb-4980-8ac9-dfcc58f74661,8,2274,True,7603,7603,168.10532033067193
2275,cfbb0d15-6ffb-4980-8ac9-dfcc58f74661,8,2275,True,7627,7627,166.71890083735525
2276,cfbb0d15-6ffb-4980-8ac9-dfcc58f74661,8,2276,True,7648,7648,174.45517933660176
2277,cfbb0d15-6ffb-4980-8ac9-dfcc58f74661,8,2277,True,7675,7675,163.84176601147465
2278,cfbb0d15-6ffb-4980-8ac9-dfcc58f74661,8,2278,True,7693,7693,167.99866306645345
2279,cfbb0d15-6ffb-4980-8ac9-dfcc58f74661,8,2279,True,7726,7726,206.30463321232492
2280,cfbb0d15-6ffb-4980-8ac9-dfcc58f74661,8,2280,True,7752,7752,152.11120021942315
2281,cfbb0d15-6ffb-4980-8ac9-dfcc58f74661,8,2281,True,7787,7787,190.61490266203236
2282,cfbb0d15-6ffb-4980-8ac9-dfcc58f74661,8,2282,True,7815,7815,226.29733934472006
2283,cfbb0d15-6ffb-4980-8ac9-dfcc58f74661,8,2283,True,7835,7835,164.1823828276456
2284,cfbb0d15-6ffb-4980-8ac9-dfcc58f74661,8,2284,True,7868,7868,196.40729492105766
2285,cfbb0d15-6ffb-4980-8ac9-dfcc58f74661,8,2285,True,7895,7895,190.3127978465909
2286,cfbb0d15-6ffb-4980-8ac9-dfcc58f74661,8,2286,True,7923,7923,180.42566866921152
2287,cfbb0d15-6ffb-4980-8ac9-dfcc58f74661,8,2287,True,7955,7955,186.07817369167242
2288,cfbb0d15-6ffb-4980-8ac9-dfcc58f74661,8,2288,True,7977,7977,189.2775958011871
2289,cfbb0d15-6ffb-4980-8ac9-dfcc58f74661,8,2289,True,7999,7999,188.40371671639423
2290,cfbb0d15-6ffb-4980-8ac9-dfcc58f74661,8,2290,True,8028,8028,250.30246496627115
2291,cfbb0d15-6ffb-4980-8ac9-dfcc58f74661,8,2291,True,8057,8057,192.65557855189581
2292,cfbb0d15-6ffb-4980-8ac9-dfcc58f74661,8,2292,True,8082,8082,196.30246496627115
2293,cfbb0d15-6ffb-4980-8ac9-dfcc58f74661,8,2293,True,8111,8111,212.67181477233498
2294,cfbb0d15-6ffb-4980-8ac9-dfcc58f74661,8,2294,True,8141,8141,162.8596485960661
2295,cfbb0d15-6ffb-4980-8ac9-dfcc58f74661,8,2295,True,8173,8173,180.64955739180186
2296,cfbb0d15-6ffb-4980-8ac9-dfcc58f74661,8,2296,True,8196,8196,181.39742005710468
2297,cfbb0d15-6ffb-4980-8ac9-dfcc58f74661,8,2297,True,8217,8217,271.5154847435915
2298,cfbb0d15-6ffb-4980-8ac9-dfcc58f74661,8,2298,True,8239,8239,228.45378158455424
2299,cfbb0d15-6ffb-4980-8ac9-dfcc58f74661,8,2299,True,8272,8272,216.51548474359151
2300,cfbb0d15-6ffb-4980-8ac9-dfcc58f74661,8,2300,True,8302,8302,248.5160299255258
2301,cfbb0d15-6ffb-4980-8ac9-dfcc58f74661,8,2301,True,8333,8333,238.8671959311414
2302,cfbb0d15-6ffb-4980-8ac9-dfcc58f74661,8,2302,True,8367,8367,204.8671959311414
2303,cfbb0d15-6ffb-4980-8ac9-dfcc58f74661,8,2303,True,8397,8397,200.1064792451034
2304,cfbb0d15-6ffb-4980-8ac9-dfcc58f74661,8,2304,True,8438,8438,207.20509934618713
2305,cfbb0d15-6ffb-4980-8ac9-dfcc58f74661,8,2305,True,8467,8467,155.7331975625002
2306,cfbb0d15-6ffb-4980-8ac9-dfcc58f74661,8,2306,True,8498,8498,199.40762423834713
2307,cfbb0d15-6ffb-4980-8ac9-dfcc58f74661,8,2307,True,8521,8521,220.76963639706082
2308,cfbb0d15-6ffb-4980-8ac9-dfcc58f74661,8,2308,True,8558,8558,240.07171752870272
2309,cfbb0d15-6ffb-4980-8ac9-dfcc58f74661,8,2309,True,8579,8579,219.07171752870272
2310,cfbb0d15-6ffb-4980-8ac9-dfcc58f74661,8,2310,True,8607,8607,165.9399766462284
2311,cfbb0d15-6ffb-4980-8ac9-dfcc58f74661,8,2311,True,8628,8628,226.2541499342915
2312,cfbb0d15-6ffb-4980-8ac9-dfcc58f74661,8,2312,True,8651,8651,220.54604523282433
2313,cfbb0d15-6ffb-4980-8ac9-dfcc58f74661,8,2313,True,8682,8682,303.02575852323935
2314,cfbb0d15-6ffb-4980-8ac9-dfcc58f74661,8,2314,True,8714,8714,357.75283290988773
2315,cfbb0d15-6ffb-4980-8ac9-dfcc58f74661,8,2315,True,8741,8741,330.75283290988773
2316,cfbb0d15-6ffb-4980-8ac9-dfcc58f74661,8,2316,True,8765,8765,330.7648708576944
2317,cfbb0d15-6ffb-4980-8ac9-dfcc58f74661,8,2317,True,8794,8794,301.7648708576944
2318,cfbb0d15-6ffb-4980-8ac9-dfcc58f74661,8,2318,True,8831,8831,240.75283290988773
2319,cfbb0d15-6ffb-4980-8ac9-dfcc58f74661,8,2319,True,8867,8867,228.7648708576944
2320,cfbb0d15-6ffb-4980-8ac9-dfcc58f74661,8,2320,True,8897,8897,244.71014180623024
2321,cfbb0d15-6ffb-4980-8ac9-dfcc58f74661,8,2321,True,8924,8924,267.722201623259
2322,cfbb0d15-6ffb-4980-8ac9-dfcc58f74661,8,2322,True,8955,8955,255.3929281836081
2323,cfbb0d15-6ffb-4980-8ac9-dfcc58f74661,8,2323,True,8977,8977,214.72220162325902
2324,cfbb0d15-6ffb-4980-8ac9-dfcc58f74661,8,2324,True,8996,8996,214.3929281836081
2325,cfbb0d15-6ffb-4980-8ac9-dfcc58f74661,8,2325,True,9016,9016,234.5586710728876
2326,cfbb0d15-6ffb-4980-8ac9-dfcc58f74661,8,2326,True,9049,9049,223.06470289893332
2327,cfbb0d15-6ffb-4980-8ac9-dfcc58f74661,8,2327,True,9070,9070,243.23551524373215
2328,cfbb0d15-6ffb-4980-8ac9-dfcc58f74661,8,2328,True,9092,9092,198.65274760648572
2329,cfbb0d15-6ffb-4980-8ac9-dfcc58f74661,8,2329,True,9125,9125,233.10219034812144
2330,cfbb0d15-6ffb-4980-8ac9-dfcc58f74661,8,2330,True,9155,9155,176.64280403754856
2331,cfbb0d15-6ffb-4980-8ac9-dfcc58f74661,8,2331,True,9186,9186,195.83961022319636
2332,cfbb0d15-6ffb-4980-8ac9-dfcc58f74661,8,2332,True,9216,9216,188.4985613989702
2333,cfbb0d15-6ffb-4980-8ac9-dfcc58f74661,8,2333,True,9251,9251,185.69635232531982
2334,cfbb0d15-6ffb-4980-8ac9-dfcc58f74661,8,2334,True,9273,9273,187.40497695361955
2335,cfbb0d15-6ffb-4980-8ac9-dfcc58f74661,8,2335,True,9296,9296,215.37114084160203
2336,cfbb0d15-6ffb-4980-8ac9-dfcc58f74661,8,2336,True,9316,9316,167.29336199953468
2337,cfbb0d15-6ffb-4980-8ac9-dfcc58f74661,8,2337,True,9352,9352,211.47514446858986
2338,cfbb0d15-6ffb-4980-8ac9-dfcc58f74661,8,2338,True,9382,9382,154.479666058176
2339,cfbb0d15-6ffb-4980-8ac9-dfcc58f74661,8,2339,True,9409,9409,220.50077408698235
2340,cfbb0d15-6ffb-4980-8ac9-dfcc58f74661,8,2340,True,9447,9447,158.25994482205533
2341,cfbb0d15-6ffb-4980-8ac9-dfcc58f74661,8,2341,True,9482,9482,147.50077408698235
2342,cfbb0d15-6ffb-4980-8ac9-dfcc58f74661,8,2342,True,9506,9506,175.30274426337746
2343,cfbb0d15-6ffb-4980-8ac9-dfcc58f74661,8,2343,True,9530,9530,133.3356961945392
2344,cfbb0d15-6ffb-4980-8ac9-dfcc58f74661,8,2344,True,9560,9560,175.7780215502571
2345,cfbb0d15-6ffb-4980-8ac9-dfcc58f74661,8,2345,True,9584,9584,173.19152505980492
2346,cfbb0d15-6ffb-4980-8ac9-dfcc58f74661,8,2346,True,9614,9614,172.10802773095565
2347,cfbb0d15-6ffb-4980-8ac9-dfcc58f74661,8,2347,True,9647,9647,162.7541898364816
2348,cfbb0d15-6ffb-4980-8ac9-dfcc58f74661,8,2348,True,9677,9677,155.97256455600473
2349,cfbb0d15-6ffb-4980-8ac9-dfcc58f74661,8,2349,True,9706,9706,151.35884161561808
2350,cfbb0d15-6ffb-4980-8ac9-dfcc58f74661,8,2350,True,9730,9730,160.58581616828815
2351,cfbb0d15-6ffb-4980-8ac9-dfcc58f74661,8,2351,True,9754,9754,159.65225144768374
2352,cfbb0d15-6ffb-4980-8ac9-dfcc58f74661,8,2352,True,9782,9782,175.66810241251005
2353,cfbb0d15-6ffb-4980-8ac9-dfcc58f74661,8,2353,True,9824,9824,155.80712516999665
2354,cfbb0d15-6ffb-4980-8ac9-dfcc58f74661,8,2354,True,9848,9848,189.56077942887714
2355,cfbb0d15-6ffb-4980-8ac9-dfcc58f74661,8,2355,True,9872,9872,139.75064240513893
2356,cfbb0d15-6ffb-4980-8ac9-dfcc58f74661,8,2356,True,9898,9898,139.56077942887714
2357,cfbb0d15-6ffb-4980-8ac9-dfcc58f74661,8,2357,True,9928,9928,143.83985197742368
2358,cfbb0d15-6ffb-4980-8ac9-dfcc58f74661,8,2358,True,9961,9961,185.65937639071126
2359,cfbb0d15-6ffb-4980-8ac9-dfcc58f74661,8,2359,True,9979,9979,148.7598788219293
2360,cfbb0d15-6ffb-4980-8ac9-dfcc58f74661,8,2360,True,9999,9999,169.24164052002016
2361,cfbb0d15-6ffb-4980-8ac9-dfcc58f74661,8,2361,True,10036,10036,161.12223469324817
2362,cfbb0d15-6ffb-4980-8ac9-dfcc58f74661,8,2362,True,10070,10070,160.92165997281882
2363,cfbb0d15-6ffb-4980-8ac9-dfcc58f74661,8,2363,True,10101,10101,153.62617839868471
2364,cfbb0d15-6ffb-4980-8ac9-dfcc58f74661,8,2364,True,10123,10123,149.6632451303285
2365,cfbb0d15-6ffb-4980-8ac9-dfcc58f74661,8,2365,True,10153,10153,169.00719967112127
2366,cfbb0d15-6ffb-4980-8ac9-dfcc58f74661,8,2366,True,10179,10179,143.00719967112127
2367,cfbb0d15-6ffb-4980-8ac9-dfcc58f74661,8,2367,True,10212,10212,131.47551221378671
2368,cfbb0d15-6ffb-4980-8ac9-dfcc58f74661,8,2368,True,10245,10245,123.89277577262692
2369,cfbb0d15-6ffb-4980-8ac9-dfcc58f74661,8,2369,True,10280,10280,140.24421712331423
2370,cfbb0d15-6ffb-4980-8ac9-dfcc58f74661,8,2370,True,10309,10309,136.60050783512452
2371,cfbb0d15-6ffb-4980-8ac9-dfcc58f74661,8,2371,True,10335,10335,131.06402746586173
2372,cfbb0d15-6ffb-4980-8ac9-dfcc58f74661,8,2372,True,10354,10354,146.69556498600105
2373,cfbb0d15-6ffb-4980-8ac9-dfcc58f74661,8,2373,True,10389,10389,137.6568221295438
2374,cfbb0d15-6ffb-4980-8ac9-dfcc58f74661,8,2374,True,10412,10412,182.940870546292
2375,cfbb0d15-6ffb-4980-8ac9-dfcc58f74661,8,2375,True,10437,10437,177.92322313375553
2376,cfbb0d15-6ffb-4980-8ac9-dfcc58f74661,8,2376,True,10463,10463,209.059488115945
2377,cfbb0d15-6ffb-4980-8ac9-dfcc58f74661,8,2377,True,10484,10484,164.27967902435012
2378,cfbb0d15-6ffb-4980-8ac9-dfcc58f74661,8,2378,True,10511,10511,217.5214600397103
2379,cfbb0d15-6ffb-4980-8ac9-dfcc58f74661,8,2379,True,10542,10542,162.233469693394
2380,cfbb0d15-6ffb-4980-8ac9-dfcc58f74661,8,2380,True,10574,10574,193.68747754543074
2381,cfbb0d15-6ffb-4980-8ac9-dfcc58f74661,8,2381,True,10607,10607,183.23264226192623
2382,cfbb0d15-6ffb-4980-8ac9-dfcc58f74661,8,2382,True,10630,10630,181.96241621927402
2383,cfbb0d15-6ffb-4980-8ac9-dfcc58f74661,8,2383,True,10660,10660,151.96241621927402
2384,cfbb0d15-6ffb-4980-8ac9-dfcc58f74661,8,2384,True,10686,10686,181.72607130271354
2385,cfbb0d15-6ffb-4980-8ac9-dfcc58f74661,8,2385,True,10721,10721,168.93430590189382
2386,cfbb0d15-6ffb-4980-8ac9-dfcc58f74661,8,2386,True,10748,10748,160.99954846838045
2387,cfbb0d15-6ffb-4980-8ac9-dfcc58f74661,8,2387,True,10771,10771,157.28272940311945
2388,cfbb0d15-6ffb-4980-8ac9-dfcc58f74661,8,2388,True,10798,10798,173.15681782502725
2389,cfbb0d15-6ffb-4980-8ac9-dfcc58f74661,8,2389,True,10827,10827,176.0082116837275
2390,cfbb0d15-6ffb-4980-8ac9-dfcc58f74661,8,2390,True,10860,10860,166.78781474261086
2391,cfbb0d15-6ffb-4980-8ac9-dfcc58f74661,8,2391,True,10891,10891,193.9256832323008
2392,cfbb0d15-6ffb-4980-8ac9-dfcc58f74661,8,2392,True,10919,10919,146.87458883933868
2393,cfbb0d15-6ffb-4980-8ac9-dfcc58f74661,8,2393,True,10946,10946,190.53844042141282
2394,cfbb0d15-6ffb-4980-8ac9-dfcc58f74661,8,2394,True,10983,10983,179.46238319987606
2395,cfbb0d15-6ffb-4980-8ac9-dfcc58f74661,8,2395,True,11023,11023,172.98549181332055
2396,cfbb0d15-6ffb-4980-8ac9-dfcc58f74661,8,2396,True,11053,11053,161.8489405308519
2397,cfbb0d15-6ffb-4980-8ac9-dfcc58f74661,8,2397,True,11074,11074,169.66424762206225
2398,cfbb0d15-6ffb-4980-8ac9-dfcc58f74661,8,2398,True,11094,11094,149.66424762206225
2399,cfbb0d15-6ffb-4980-8ac9-dfcc58f74661,8,2399,True,11121,11121,177.9816954312373
2400,cfbb0d15-6ffb-4980-8ac9-dfcc58f74661,8,2400,True,11144,11144,137.74537378144305
2401,cfbb0d15-6ffb-4980-8ac9-dfcc58f74661,8,2401,True,11170,11170,180.50605786686356
2402,cfbb0d15-6ffb-4980-8ac9-dfcc58f74661,8,2402,True,11201,11201,192.47745061775095
2403,cfbb0d15-6ffb-4980-8ac9-dfcc58f74661,8,2403,True,11229,11229,144.2625094915311
2404,cfbb0d15-6ffb-4980-8ac9-dfcc58f74661,8,2404,True,11253,11253,140.47745061775095
2405,cfbb0d15-6ffb-4980-8ac9-dfcc58f74661,8,2405,True,11275,11275,141.53195750718805
2406,cfbb0d15-6ffb-4980-8ac9-dfcc58f74661,8,2406,True,11298,11298,118.53195750718805
2407,cfbb0d15-6ffb-4980-8ac9-dfcc58f74661,8,2407,True,11330,11330,180.28478955979335
2408,cfbb0d15-6ffb-4980-8ac9-dfcc58f74661,8,2408,True,11349,11349,138.44294019992776
2409,cfbb0d15-6ffb-4980-8ac9-dfcc58f74661,8,2409,True,11375,11375,158.8531456289984
2410,cfbb0d15-6ffb-4980-8ac9-dfcc58f74661,8,2410,True,11406,11406,152.7848037029289
2411,cfbb0d15-6ffb-4980-8ac9-dfcc58f74661,8,2411,True,11429,11429,151.07500705531675
2412,cfbb0d15-6ffb-4980-8ac9-dfcc58f74661,8,2412,True,11455,11455,145.5554291176668
2413,cfbb0d15-6ffb-4980-8ac9-dfcc58f74661,8,2413,True,11497,11497,152.45342452100522
2414,cfbb0d15-6ffb-4980-8ac9-dfcc58f74661,8,2414,True,11522,11522,142.65482649486512
2415,cfbb0d15-6ffb-4980-8ac9-dfcc58f74661,8,2415,True,11553,11553,137.58833632971982
2416,cfbb0d15-6ffb-4980-8ac9-dfcc58f74661,8,2416,True,11574,11574,140.13221192933634
2417,cfbb0d15-6ffb-4980-8ac9-dfcc58f74661,8,2417,True,11607,11607,128.63305785964621
2418,cfbb0d15-6ffb-4980-8ac9-dfcc58f74661,8,2418,True,11632,11632,124.35925904946271
2419,cfbb0d15-6ffb-4980-8ac9-dfcc58f74661,8,2419,True,11664,11664,115.2437907127296
2420,cfbb0d15-6ffb-4980-8ac9-dfcc58f74661,8,2420,True,11690,11690,126.36454334005793
2421,cfbb0d15-6ffb-4980-8ac9-dfcc58f74661,8,2421,True,11716,11716,152.89738220524123
2422,cfbb0d15-6ffb-4980-8ac9-dfcc58f74661,8,2422,True,11743,11743,143.44225666869352
2423,cfbb0d15-6ffb-4980-8ac9-dfcc58f74661,8,2423,True,11779,11779,130.02828959440558
2424,cfbb0d15-6ffb-4980-8ac9-dfcc58f74661,8,2424,True,11817,11817,190.61240327440282
2425,cfbb0d15-6ffb-4980-8ac9-dfcc58f74661,8,2425,True,11850,11850,134.1680485032466
2426,cfbb0d15-6ffb-4980-8ac9-dfcc58f74661,8,2426,True,11866,11866,160.33623604018794
2427,cfbb0d15-6ffb-4980-8ac9-dfcc58f74661,8,2427,True,11894,11894,153.4610001964047
2428,cfbb0d15-6ffb-4980-8ac9-dfcc58f74661,8,2428,True,11924,11924,168.28357064591546
2429,cfbb0d15-6ffb-4980-8ac9-dfcc58f74661,8,2429,True,11965,11965,153.00875274507598
2430,cfbb0d15-6ffb-4980-8ac9-dfcc58f74661,8,2430,True,11986,11986,162.79856258656218
2431,cfbb0d15-6ffb-4980-8ac9-dfcc58f74661,8,2431,True,12016,12016,162.36086627242548
2432,cfbb0d15-6ffb-4980-8ac9-dfcc58f74661,8,2432,True,12043,12043,153.58680583635396
2433,cfbb0d15-6ffb-4980-8ac9-dfcc58f74661,8,2433,True,12061,12061,156.557907681683
2434,cfbb0d15-6ffb-4980-8ac9-dfcc58f74661,8,2434,True,12089,12089,165.5338730991025
2435,cfbb0d15-6ffb-4980-8ac9-dfcc58f74661,8,2435,True,12116,12116,173.88898929628522
2436,cfbb0d15-6ffb-4980-8ac9-dfcc58f74661,8,2436,True,12146,12146,164.82225459738765
2437,cfbb0d15-6ffb-4980-8ac9-dfcc58f74661,8,2437,True,12181,12181,174.4210340514146
2438,cfbb0d15-6ffb-4980-8ac9-dfcc58f74661,8,2438,True,12209,12209,171.68312339726435
2439,cfbb0d15-6ffb-4980-8ac9-dfcc58f74661,8,2439,True,12239,12239,160.94953682018422
2440,cfbb0d15-6ffb-4980-8ac9-dfcc58f74661,8,2440,True,12266,12266,175.3336269725205
2441,cfbb0d15-6ffb-4980-8ac9-dfcc58f74661,8,2441,True,12287,12287,175.9371204244453
2442,cfbb0d15-6ffb-4980-8ac9-dfcc58f74661,8,2442,True,12315,12315,202.33077732143101
2443,cfbb0d15-6ffb-4980-8ac9-dfcc58f74661,8,2443,True,12341,12341,151.16035221427956
2444,cfbb0d15-6ffb-4980-8ac9-dfcc58f74661,8,2444,True,12375,12375,217.25537387806435
2445,cfbb0d15-6ffb-4980-8ac9-dfcc58f74661,8,2445,True,12394,12394,174.5884928916039
2446,cfbb0d15-6ffb-4980-8ac9-dfcc58f74661,8,2446,True,12429,12429,185.5992118332979
2447,cfbb0d15-6ffb-4980-8ac9-dfcc58f74661,8,2447,True,12460,12460,227.8551678888325
2448,cfbb0d15-6ffb-4980-8ac9-dfcc58f74661,8,2448,True,12490,12490,176.5473318026343
2449,cfbb0d15-6ffb-4980-8ac9-dfcc58f74661,8,2449,True,12523,12523,186.95202642201184
2450,cfbb0d15-6ffb-4980-8ac9-dfcc58f74661,8,2450,True,12553,12553,177.25482144102716
2451,cfbb0d15-6ffb-4980-8ac9-dfcc58f74661,8,2451,True,12574,12574,174.68895385639917
2452,cfbb0d15-6ffb-4980-8ac9-dfcc58f74661,8,2452,True,12603,12603,168.87660368054821
2453,cfbb0d15-6ffb-4980-8ac9-dfcc58f74661,8,2453,True,12630,12630,162.30863885165854
2454,cfbb0d15-6ffb-4980-8ac9-dfcc58f74661,8,2454,True,12661,12661,176.05794813168723
2455,cfbb0d15-6ffb-4980-8ac9-dfcc58f74661,8,2455,True,12681,12681,136.02235088477937
2456,cfbb0d15-6ffb-4980-8ac9-dfcc58f74661,8,2456,True,12709,12709,152.27474770272238
2457,cfbb0d15-6ffb-4980-8ac9-dfcc58f74661,8,2457,True,12743,12743,191.52066971930435
2458,cfbb0d15-6ffb-4980-8ac9-dfcc58f74661,8,2458,True,12770,12770,209.80039266755375
2459,cfbb0d15-6ffb-4980-8ac9-dfcc58f74661,8,2459,True,12796,12796,164.8656832176548
2460,cfbb0d15-6ffb-4980-8ac9-dfcc58f74661,8,2460,True,12824,12824,225.16087226729724
2461,cfbb0d15-6ffb-4980-8ac9-dfcc58f74661,8,2461,True,12847,12847,182.52710436615416
2462,cfbb0d15-6ffb-4980-8ac9-dfcc58f74661,8,2462,True,12874,12874,208.4141060808288
2463,cfbb0d15-6ffb-4980-8ac9-dfcc58f74661,8,2463,True,12894,12894,155.16087226729724
2464,cfbb0d15-6ffb-4980-8ac9-dfcc58f74661,8,2464,True,12933,12933,206.09903148225567
2465,cfbb0d15-6ffb-4980-8ac9-dfcc58f74661,8,2465,True,12955,12955,151.32242123989454
2466,cfbb0d15-6ffb-4980-8ac9-dfcc58f74661,8,2466,True,12980,12980,197.9675026870318
2467,cfbb0d15-6ffb-4980-8ac9-dfcc58f74661,8,2467,True,13005,13005,155.1739065693764
2468,cfbb0d15-6ffb-4980-8ac9-dfcc58f74661,8,2468,True,13034,13034,183.53206440974827
2469,cfbb0d15-6ffb-4980-8ac9-dfcc58f74661,8,2469,True,13061,13061,135.89210598870704
2470,cfbb0d15-6ffb-4980-8ac9-dfcc58f74661,8,2470,True,13087,13087,150.4355202153638
2471,cfbb0d15-6ffb-4980-8ac9-dfcc58f74661,8,2471,True,13110,13110,156.45524180124085
2472,cfbb0d15-6ffb-4980-8ac9-dfcc58f74661,8,2472,True,13142,13142,159.41080010064616
2473,cfbb0d15-6ffb-4980-8ac9-dfcc58f74661,8,2473,True,13173,13173,149.18525962354943
2474,cfbb0d15-6ffb-4980-8ac9-dfcc58f74661,8,2474,True,13199,13199,152.19042553872168
2475,cfbb0d15-6ffb-4980-8ac9-dfcc58f74661,8,2475,True,13224,13224,148.9333416362224
2476,cfbb0d15-6ffb-4980-8ac9-dfcc58f74661,8,2476,True,13247,13247,153.40991182994912
2477,cfbb0d15-6ffb-4980-8ac9-dfcc58f74661,8,2477,True,13270,13270,166.5277646044633
2478,cfbb0d15-6ffb-4980-8ac9-dfcc58f74661,8,2478,True,13295,13295,162.2091303519246
2479,cfbb0d15-6ffb-4980-8ac9-dfcc58f74661,8,2479,True,13320,13320,183.13268567999148
2480,cfbb0d15-6ffb-4980-8ac9-dfcc58f74661,8,2480,True,13341,13341,140.3277249987259
2481,cfbb0d15-6ffb-4980-8ac9-dfcc58f74661,8,2481,True,13369,13369,157.7803504363019
2482,cfbb0d15-6ffb-4980-8ac9-dfcc58f74661,8,2482,True,13406,13406,145.3030776590258
2483,cfbb0d15-6ffb-4980-8ac9-dfcc58f74661,8,2483,True,13430,13430,188.27648776187198
2484,cfbb0d15-6ffb-4980-8ac9-dfcc58f74661,8,2484,True,13454,13454,141.18572429750202
2485,cfbb0d15-6ffb-4980-8ac9-dfcc58f74661,8,2485,True,13470,13470,171.96655414109227
2486,cfbb0d15-6ffb-4980-8ac9-dfcc58f74661,8,2486,True,13498,13498,143.96655414109227
2487,cfbb0d15-6ffb-4980-8ac9-dfcc58f74661,8,2487,True,13519,13519,151.85861347210084
2488,cfbb0d15-6ffb-4980-8ac9-dfcc58f74661,8,2488,True,13545,13545,143.13595172084933
2489,cfbb0d15-6ffb-4980-8ac9-dfcc58f74661,8,2489,True,13573,13573,151.50158349945923
2490,cfbb0d15-6ffb-4980-8ac9-dfcc58f74661,8,2490,True,13599,13599,171.7723169993733
2491,cfbb0d15-6ffb-4980-8ac9-dfcc58f74661,8,2491,True,13629,13629,169.59455496128248
2492,cfbb0d15-6ffb-4980-8ac9-dfcc58f74661,8,2492,True,13656,13656,173.49349223035279
2493,cfbb0d15-6ffb-4980-8ac9-dfcc58f74661,8,2493,True,13689,13689,163.7583814919708
2494,cfbb0d15-6ffb-4980-8ac9-dfcc58f74661,8,2494,True,13717,13717,208.82808134218612
2495,cfbb0d15-6ffb-4980-8ac9-dfcc58f74661,8,2495,True,13746,13746,159.89377130415778
2496,cfbb0d15-6ffb-4980-8ac9-dfcc58f74661,8,2496,True,13762,13762,163.82808134218612
2497,cfbb0d15-6ffb-4980-8ac9-dfcc58f74661,8,2497,True,13784,13784,193.56086459328435
2498,cfbb0d15-6ffb-4980-8ac9-dfcc58f74661,8,2498,True,13816,13816,139.95380435831248
2499,cfbb0d15-6ffb-4980-8ac9-dfcc58f74661,8,2499,True,13837,13837,165.04929526262458
2500,cfbb0d15-6ffb-4980-8ac9-dfcc58f74661,8,2500,True,13858,13858,144.04929526262458
2501,cfbb0d15-6ffb-4980-8ac9-dfcc58f74661,8,2501,True,13882,13882,150.99864302845708
2502,cfbb0d15-6ffb-4980-8ac9-dfcc58f74661,8,2502,True,13906,13906,149.89714076795644
2503,cfbb0d15-6ffb-4980-8ac9-dfcc58f74661,8,2503,True,13923,13923,154.96887869337297
2504,cfbb0d15-6ffb-4980-8ac9-dfcc58f74661,8,2504,True,13951,13951,182.58958643789083
2505,cfbb0d15-6ffb-4980-8ac9-dfcc58f74661,8,2505,True,13980,13980,178.2685063033714
2506,cfbb0d15-6ffb-4980-8ac9-dfcc58f74661,8,2506,True,14002,14002,185.49734540013014
2507,cfbb0d15-6ffb-4980-8ac9-dfcc58f74661,8,2507,True,14031,14031,180.8437938125444
2508,cfbb0d15-6ffb-4980-8ac9-dfcc58f74661,8,2508,True,14064,14064,167.61920148015815
2509,cfbb0d15-6ffb-4980-8ac9-dfcc58f74661,8,2509,True,14085,14085,164.03451153857895
2510,cfbb0d15-6ffb-4980-8ac9-dfcc58f74661,8,2510,True,14116,14116,190.14792430302623
2511,cfbb0d15-6ffb-4980-8ac9-dfcc58f74661,8,2511,True,14147,14147,182.8772959308535
2512,cfbb0d15-6ffb-4980-8ac9-dfcc58f74661,8,2512,True,14170,14170,197.26254596285798
2513,cfbb0d15-6ffb-4980-8ac9-dfcc58f74661,8,2513,True,14201,14201,166.26254596285798
2514,cfbb0d15-6ffb-4980-8ac9-dfcc58f74661,8,2514,True,14238,14238,184.1290379029415
2515,cfbb0d15-6ffb-4980-8ac9-dfcc58f74661,8,2515,True,14262,14262,214.00111634439418
2516,cfbb0d15-6ffb-4980-8ac9-dfcc58f74661,8,2516,True,14288,14288,188.00111634439418
2517,cfbb0d15-6ffb-4980-8ac9-dfcc58f74661,8,2517,True,14316,14316,237.13116120189989
2518,cfbb0d15-6ffb-4980-8ac9-dfcc58f74661,8,2518,True,14342,14342,161.82454679744296
2519,cfbb0d15-6ffb-4980-8ac9-dfcc58f74661,8,2519,True,14374,14374,247.364191010809
2520,cfbb0d15-6ffb-4980-8ac9-dfcc58f74661,8,2520,True,14395,14395,364.8510946407441
2521,cfbb0d15-6ffb-4980-8ac9-dfcc58f74661,8,2521,True,14421,14421,291.65528728733807
2522,cfbb0d15-6ffb-4980-8ac9-dfcc58f74661,8,2522,True,14454,14454,280.20773005614865
2523,cfbb0d15-6ffb-4980-8ac9-dfcc58f74661,8,2523,True,14476,14476,304.1478793071692
2524,cfbb0d15-6ffb-4980-8ac9-dfcc58f74661,8,2524,True,14496,14496,301.2462941775502
2525,cfbb0d15-6ffb-4980-8ac9-dfcc58f74661,8,2525,True,14528,14528,252.1478793071692
2526,cfbb0d15-6ffb-4980-8ac9-dfcc58f74661,8,2526,True,14557,14557,275.53459899996415
2527,cfbb0d15-6ffb-4980-8ac9-dfcc58f74661,8,2527,True,14586,14586,327.0301333682437
2528,cfbb0d15-6ffb-4980-8ac9-dfcc58f74661,8,2528,True,14612,14612,278.48028323309336
2529,cfbb0d15-6ffb-4980-8ac9-dfcc58f74661,8,2529,True,14642,14642,248.48028323309336
2530,cfbb0d15-6ffb-4980-8ac9-dfcc58f74661,8,2530,True,14679,14679,279.0440072136298
2531,cfbb0d15-6ffb-4980-8ac9-dfcc58f74661,8,2531,True,14707,14707,251.0440072136298
2532,cfbb0d15-6ffb-4980-8ac9-dfcc58f74661,8,2532,True,14739,14739,270.1017161803429
2533,cfbb0d15-6ffb-4980-8ac9-dfcc58f74661,8,2533,True,14761,14761,248.10171618034292
2534,cfbb0d15-6ffb-4980-8ac9-dfcc58f74661,8,2534,True,14792,14792,296.4959253692068
2535,cfbb0d15-6ffb-4980-8ac9-dfcc58f74661,8,2535,True,14819,14819,269.4959253692068
2536,cfbb0d15-6ffb-4980-8ac9-dfcc58f74661,8,2536,True,14844,14844,314.41774297525444
2537,cfbb0d15-6ffb-4980-8ac9-dfcc58f74661,8,2537,True,14870,14870,240.18037235268457
2538,cfbb0d15-6ffb-4980-8ac9-dfcc58f74661,8,2538,True,14900,14900,258.41774297525444
2539,cfbb0d15-6ffb-4980-8ac9-dfcc58f74661,8,2539,True,14934,14934,248.37365790005242
2540,cfbb0d15-6ffb-4980-8ac9-dfcc58f74661,8,2540,True,14968,14968,241.57878952219653
2541,cfbb0d15-6ffb-4980-8ac9-dfcc58f74661,8,2541,True,14993,14993,235.62032438191636
2542,cfbb0d15-6ffb-4980-8ac9-dfcc58f74661,8,2542,True,15018,15018,191.57878952219653
2543,cfbb0d15-6ffb-4980-8ac9-dfcc58f74661,8,2543,True,15036,15036,230.01313825051875
2544,cfbb0d15-6ffb-4980-8ac9-dfcc58f74661,8,2544,True,15065,15065,183.17563677566977
2545,cfbb0d15-6ffb-4980-8ac9-dfcc58f74661,8,2545,True,15089,15089,209.98216067456997
2546,cfbb0d15-6ffb-4980-8ac9-dfcc58f74661,8,2546,True,15123,15123,201.16261839102663
2547,cfbb0d15-6ffb-4980-8ac9-dfcc58f74661,8,2547,True,15156,15156,187.57507065545906
2548,cfbb0d15-6ffb-4980-8ac9-dfcc58f74661,8,2548,True,15188,15188,184.65484590192318
2549,cfbb0d15-6ffb-4980-8ac9-dfcc58f74661,8,2549,True,15211,15211,181.79012091136974
2550,cfbb0d15-6ffb-4980-8ac9-dfcc58f74661,8,2550,True,15246,15246,201.14025943822526
2551,cfbb0d15-6ffb-4980-8ac9-dfcc58f74661,8,2551,True,15267,15267,163.8695768826219
2552,cfbb0d15-6ffb-4980-8ac9-dfcc58f74661,8,2552,True,15307,15307,194.49288602155502
2553,cfbb0d15-6ffb-4980-8ac9-dfcc58f74661,8,2553,True,15332,15332,150.4787041586278
2554,cfbb0d15-6ffb-4980-8ac9-dfcc58f74661,8,2554,True,15363,15363,171.97779028917648
2555,cfbb0d15-6ffb-4980-8ac9-dfcc58f74661,8,2555,True,15396,15396,165.0830775922641
2556,cfbb0d15-6ffb-4980-8ac9-dfcc58f74661,8,2556,True,15423,15423,160.8179601931006
2557,cfbb0d15-6ffb-4980-8ac9-dfcc58f74661,8,2557,True,15449,15449,159.3044639801301
2558,cfbb0d15-6ffb-4980-8ac9-dfcc58f74661,8,2558,True,15475,15475,181.12445455712077
2559,cfbb0d15-6ffb-4980-8ac9-dfcc58f74661,8,2559,True,15503,15503,134.4515987827981
2560,cfbb0d15-6ffb-4980-8ac9-dfcc58f74661,8,2560,True,15529,15529,165.68084587733574
2561,cfbb0d15-6ffb-4980-8ac9-dfcc58f74661,8,2561,True,15559,15559,156.32178820609806
2562,cfbb0d15-6ffb-4980-8ac9-dfcc58f74661,8,2562,True,15590,15590,145.531749642656
2563,cfbb0d15-6ffb-4980-8ac9-dfcc58f74661,8,2563,True,15620,15620,151.08806049068698
2564,cfbb0d15-6ffb-4980-8ac9-dfcc58f74661,8,2564,True,15650,15650,141.40676591583724
2565,cfbb0d15-6ffb-4980-8ac9-dfcc58f74661,8,2565,True,15678,15678,153.09927954209888
2566,cfbb0d15-6ffb-4980-8ac9-dfcc58f74661,8,2566,True,15697,15697,153.03375280248474
2567,cfbb0d15-6ffb-4980-8ac9-dfcc58f74661,8,2567,True,15737,15737,134.90601741657701
2568,cfbb0d15-6ffb-4980-8ac9-dfcc58f74661,8,2568,True,15764,15764,157.6397115972195
2569,cfbb0d15-6ffb-4980-8ac9-dfcc58f74661,8,2569,True,15792,15792,148.47111833641793
2570,cfbb0d15-6ffb-4980-8ac9-dfcc58f74661,8,2570,True,15815,15815,188.31703013630977
2571,cfbb0d15-6ffb-4980-8ac9-dfcc58f74661,8,2571,True,15837,15837,184.58195042761872
2572,cfbb0d15-6ffb-4980-8ac9-dfcc58f74661,8,2572,True,15864,15864,199.24584769904686
2573,cfbb0d15-6ffb-4980-8ac9-dfcc58f74661,8,2573,True,15888,15888,175.24584769904686
2574,cfbb0d15-6ffb-4980-8ac9-dfcc58f74661,8,2574,True,15918,15918,185.09558074600864
2575,cfbb0d15-6ffb-4980-8ac9-dfcc58f74661,8,2575,True,15944,15944,180.03841731545072
2576,cfbb0d15-6ffb-4980-8ac9-dfcc58f74661,8,2576,True,15973,15973,180.06986577246062
2577,cfbb0d15-6ffb-4980-8ac9-dfcc58f74661,8,2577,True,16001,16001,172.8486571592075
2578,cfbb0d15-6ffb-4980-8ac9-dfcc58f74661,8,2578,True,16040,16040,156.35233114219955
2579,cfbb0d15-6ffb-4980-8ac9-dfcc58f74661,8,2579,True,16058,16058,207.4438758810229
2580,cfbb0d15-6ffb-4980-8ac9-dfcc58f74661,8,2580,True,16081,16081,165.32795122257812
2581,cfbb0d15-6ffb-4980-8ac9-dfcc58f74661,8,2581,True,16108,16108,192.5061444540661
2582,cfbb0d15-6ffb-4980-8ac9-dfcc58f74661,8,2582,True,16133,16133,234.74654072699013
2583,cfbb0d15-6ffb-4980-8ac9-dfcc58f74661,8,2583,True,16161,16161,178.32441750827275
2584,cfbb0d15-6ffb-4980-8ac9-dfcc58f74661,8,2584,True,16191,16191,198.95259837109188
2585,cfbb0d15-6ffb-4980-8ac9-dfcc58f74661,8,2585,True,16214,16214,194.6361260562444
2586,cfbb0d15-6ffb-4980-8ac9-dfcc58f74661,8,2586,True,16243,16243,183.3963542204001
2587,cfbb0d15-6ffb-4980-8ac9-dfcc58f74661,8,2587,True,16270,16270,227.57953845447628
2588,cfbb0d15-6ffb-4980-8ac9-dfcc58f74661,8,2588,True,16299,16299,170.4951430507317
2589,cfbb0d15-6ffb-4980-8ac9-dfcc58f74661,8,2589,True,16323,16323,221.57335959172997
2590,cfbb0d15-6ffb-4980-8ac9-dfcc58f74661,8,2590,True,16342,16342,243.95723263372201
2591,cfbb0d15-6ffb-4980-8ac9-dfcc58f74661,8,2591,True,16374,16374,228.81109191600262
2592,cfbb0d15-6ffb-4980-8ac9-dfcc58f74661,8,2592,True,16402,16402,224.47828830215803
2593,cfbb0d15-6ffb-4980-8ac9-dfcc58f74661,8,2593,True,16429,16429,217.5909618212645
2594,cfbb0d15-6ffb-4980-8ac9-dfcc58f74661,8,2594,True,16452,16452,174.47828830215803
2595,cfbb0d15-6ffb-4980-8ac9-dfcc58f74661,8,2595,True,16477,16477,234.0191305340777
2596,cfbb0d15-6ffb-4980-8ac9-dfcc58f74661,8,2596,True,16505,16505,182.3896225845674
2597,cfbb0d15-6ffb-4980-8ac9-dfcc58f74661,8,2597,True,16521,16521,190.0191305340777
2598,cfbb0d15-6ffb-4980-8ac9-dfcc58f74661,8,2598,True,16555,16555,182.03604796383297
2599,cfbb0d15-6ffb-4980-8ac9-dfcc58f74661,8,2599,True,16578,16578,180.18933041396667
2600,cfbb0d15-6ffb-4980-8ac9-dfcc58f74661,8,2600,True,16604,16604,154.18933041396667
2601,cfbb0d15-6ffb-4980-8ac9-dfcc58f74661,8,2601,True,16636,16636,190.26054170078714
2602,cfbb0d15-6ffb-4980-8ac9-dfcc58f74661,8,2602,True,16653,16653,173.26054170078714
2603,cfbb0d15-6ffb-4980-8ac9-dfcc58f74661,8,2603,True,16680,16680,197.85187662592216
2604,cfbb0d15-6ffb-4980-8ac9-dfcc58f74661,8,2604,True,16719,16719,136.93305877280363
2605,cfbb0d15-6ffb-4980-8ac9-dfcc58f74661,8,2605,True,16743,16743,158.17439087310777
2606,cfbb0d15-6ffb-4980-8ac9-dfcc58f74661,8,2606,True,16778,16778,142.8920031446214
2607,cfbb0d15-6ffb-4980-8ac9-dfcc58f74661,8,2607,True,16810,16810,178.04977966479782
2608,cfbb0d15-6ffb-4980-8ac9-dfcc58f74661,8,2608,True,16839,16839,149.04977966479782
2609,cfbb0d15-6ffb-4980-8ac9-dfcc58f74661,8,2609,True,16860,16860,164.54741168324472
2610,cfbb0d15-6ffb-4980-8ac9-dfcc58f74661,8,2610,True,16884,16884,161.5199180572963
2611,cfbb0d15-6ffb-4980-8ac9-dfcc58f74661,8,2611,True,16915,16915,170.8696088823599
2612,cfbb0d15-6ffb-4980-8ac9-dfcc58f74661,8,2612,True,16944,16944,161.9450467934621
2613,cfbb0d15-6ffb-4980-8ac9-dfcc58f74661,8,2613,True,16961,16961,165.48579062061253
2614,cfbb0d15-6ffb-4980-8ac9-dfcc58f74661,8,2614,True,16988,16988,138.48579062061253
2615,cfbb0d15-6ffb-4980-8ac9-dfcc58f74661,8,2615,True,17024,17024,137.6934762595447
2616,cfbb0d15-6ffb-4980-8ac9-dfcc58f74661,8,2616,True,17054,17054,162.69404270977975
2617,cfbb0d15-6ffb-4980-8ac9-dfcc58f74661,8,2617,True,17069,17069,180.77954421366303
2618,cfbb0d15-6ffb-4980-8ac9-dfcc58f74661,8,2618,True,17093,17093,183.46384341614248
2619,cfbb0d15-6ffb-4980-8ac9-dfcc58f74661,8,2619,True,17132,17132,166.20493775683644
2620,cfbb0d15-6ffb-4980-8ac9-dfcc58f74661,8,2620,True,17165,17165,234.2417494708534
2621,cfbb0d15-6ffb-4980-8ac9-dfcc58f74661,8,2621,True,17193,17193,181.2276898606906
2622,cfbb0d15-6ffb-4980-8ac9-dfcc58f74661,8,2622,True,17231,17231,221.0427455926656
2623,cfbb0d15-6ffb-4980-8ac9-dfcc58f74661,8,2623,True,17261,17261,218.8968279151668
2624,cfbb0d15-6ffb-4980-8ac9-dfcc58f74661,8,2624,True,17289,17289,233.9739807631886
2625,cfbb0d15-6ffb-4980-8ac9-dfcc58f74661,8,2625,True,17317,17317,183.61286817783184
2626,cfbb0d15-6ffb-4980-8ac9-dfcc58f74661,8,2626,True,17346,17346,245.4949371990151
2627,cfbb0d15-6ffb-4980-8ac9-dfcc58f74661,8,2627,True,17376,17376,192.57521677398472
2628,cfbb0d15-6ffb-4980-8ac9-dfcc58f74661,8,2628,True,17398,17398,170.57521677398472
2629,cfbb0d15-6ffb-4980-8ac9-dfcc58f74661,8,2629,True,17438,17438,175.16283310399376
2630,cfbb0d15-6ffb-4980-8ac9-dfcc58f74661,8,2630,True,17465,17465,148.16283310399376
2631,cfbb0d15-6ffb-4980-8ac9-dfcc58f74661,8,2631,True,17494,17494,205.21110612345728
2632,cfbb0d15-6ffb-4980-8ac9-dfcc58f74661,8,2632,True,17520,17520,159.10315491244546
2633,cfbb0d15-6ffb-4980-8ac9-dfcc58f74661,8,2633,True,17562,17562,168.88432826204735
2634,cfbb0d15-6ffb-4980-8ac9-dfcc58f74661,8,2634,True,17588,17588,160.27220508848404
2635,cfbb0d15-6ffb-4980-8ac9-dfcc58f74661,8,2635,True,17611,17611,169.3957617247288
2636,cfbb0d15-6ffb-4980-8ac9-dfcc58f74661,8,2636,True,17634,17634,165.50098171086938
2637,cfbb0d15-6ffb-4980-8ac9-dfcc58f74661,8,2637,True,17661,17661,167.68389986962939
2638,cfbb0d15-6ffb-4980-8ac9-dfcc58f74661,8,2638,True,17680,17680,169.9594191356664
2639,cfbb0d15-6ffb-4980-8ac9-dfcc58f74661,8,2639,True,17714,17714,168.79352875176846
2640,cfbb0d15-6ffb-4980-8ac9-dfcc58f74661,8,2640,True,17742,17742,164.81652492223293
2641,cfbb0d15-6ffb-4980-8ac9-dfcc58f74661,8,2641,True,17776,17776,157.91787499586644
2642,cfbb0d15-6ffb-4980-8ac9-dfcc58f74661,8,2642,True,17799,17799,191.5806428171636
2643,cfbb0d15-6ffb-4980-8ac9-dfcc58f74661,8,2643,True,17832,17832,136.55434999841236
2644,cfbb0d15-6ffb-4980-8ac9-dfcc58f74661,8,2644,True,17858,17858,184.92643657805456
2645,cfbb0d15-6ffb-4980-8ac9-dfcc58f74661,8,2645,True,17887,17887,135.30816101051823
2646,cfbb0d15-6ffb-4980-8ac9-dfcc58f74661,8,2646,True,17924,17924,169.0670289029731
2647,cfbb0d15-6ffb-4980-8ac9-dfcc58f74661,8,2647,True,17942,17942,129.96709885414384
2648,cfbb0d15-6ffb-4980-8ac9-dfcc58f74661,8,2648,True,17972,17972,142.64016982138128
2649,cfbb0d15-6ffb-4980-8ac9-dfcc58f74661,8,2649,True,17999,17999,228.55331149671474
2650,cfbb0d15-6ffb-4980-8ac9-dfcc58f74661,8,2650,True,18021,18021,181.70536181411444
2651,cfbb0d15-6ffb-4980-8ac9-dfcc58f74661,8,2651,True,18064,18064,206.3567665419032
2652,cfbb0d15-6ffb-4980-8ac9-dfcc58f74661,8,2652,True,18092,18092,178.3567665419032
2653,cfbb0d15-6ffb-4980-8ac9-dfcc58f74661,8,2653,True,18121,18121,175.89802914660686
2654,cfbb0d15-6ffb-4980-8ac9-dfcc58f74661,8,2654,True,18142,18142,201.6140190595761
2655,cfbb0d15-6ffb-4980-8ac9-dfcc58f74661,8,2655,True,18167,18167,176.6140190595761
2656,cfbb0d15-6ffb-4980-8ac9-dfcc58f74661,8,2656,True,18196,18196,165.57395794767217
2657,cfbb0d15-6ffb-4980-8ac9-dfcc58f74661,8,2657,True,18228,18228,167.94501810224392
2658,cfbb0d15-6ffb-4980-8ac9-dfcc58f74661,8,2658,True,18254,18254,162.9960193684783
2659,cfbb0d15-6ffb-4980-8ac9-dfcc58f74661,8,2659,True,18277,18277,158.67665394250434
2660,cfbb0d15-6ffb-4980-8ac9-dfcc58f74661,8,2660,True,18299,18299,175.10128138532673
2661,cfbb0d15-6ffb-4980-8ac9-dfcc58f74661,8,2661,True,18320,18320,177.03113023414699
2662,cfbb0d15-6ffb-4980-8ac9-dfcc58f74661,8,2662,True,18351,18351,169.60305416304982
2663,cfbb0d15-6ffb-4980-8ac9-dfcc58f74661,8,2663,True,18377,18377,163.34340520102342
2664,cfbb0d15-6ffb-4980-8ac9-dfcc58f74661,8,2664,True,18406,18406,169.19949609865216
2665,cfbb0d15-6ffb-4980-8ac9-dfcc58f74661,8,2665,True,18425,18425,170.75390311768206
2666,cfbb0d15-6ffb-4980-8ac9-dfcc58f74661,8,2666,True,18462,18462,162.98170997077614
2667,cfbb0d15-6ffb-4980-8ac9-dfcc58f74661,8,2667,True,18488,18488,159.80880191314645
2668,cfbb0d15-6ffb-4980-8ac9-dfcc58f74661,8,2668,True,18520,18520,161.74357515796873
2669,cfbb0d15-6ffb-4980-8ac9-dfcc58f74661,8,2669,True,18550,18550,157.02866746296058
2670,cfbb0d15-6ffb-4980-8ac9-dfcc58f74661,8,2670,True,18577,18577,156.9813398799015
2671,cfbb0d15-6ffb-4980-8ac9-dfcc58f74661,8,2671,True,18599,18599,157.09061227118582
2672,cfbb0d15-6ffb-4980-8ac9-dfcc58f74661,8,2672,True,18626,18626,173.92051449724022
2673,cfbb0d15-6ffb-4980-8ac9-dfcc58f74661,8,2673,True,18652,18652,168.26049279132712
2674,cfbb0d15-6ffb-4980-8ac9-dfcc58f74661,8,2674,True,18684,18684,162.46727747156183
2675,cfbb0d15-6ffb-4980-8ac9-dfcc58f74661,8,2675,True,18704,18704,170.54149415532447
2676,cfbb0d15-6ffb-4980-8ac9-dfcc58f74661,8,2676,True,18741,18741,156.77693334514333
2677,cfbb0d15-6ffb-4980-8ac9-dfcc58f74661,8,2677,True,18769,18769,153.35374601589865
2678,cfbb0d15-6ffb-4980-8ac9-dfcc58f74661,8,2678,True,18795,18795,156.63825504634224
2679,cfbb0d15-6ffb-4980-8ac9-dfcc58f74661,8,2679,True,18823,18823,176.81174250064214
2680,cfbb0d15-6ffb-4980-8ac9-dfcc58f74661,8,2680,True,18844,18844,133.17190997365833
2681,cfbb0d15-6ffb-4980-8ac9-dfcc58f74661,8,2681,True,18882,18882,151.11402961283602
2682,cfbb0d15-6ffb-4980-8ac9-dfcc58f74661,8,2682,True,18906,18906,177.7509073460169
2683,cfbb0d15-6ffb-4980-8ac9-dfcc58f74661,8,2683,True,18926,18926,183.119399862906
2684,cfbb0d15-6ffb-4980-8ac9-dfcc58f74661,8,2684,True,18949,18949,214.24411833538034
2685,cfbb0d15-6ffb-4980-8ac9-dfcc58f74661,8,2685,True,18977,18977,227.53606264825794
2686,cfbb0d15-6ffb-4980-8ac9-dfcc58f74661,8,2686,True,18997,18997,186.57674527729978
2687,cfbb0d15-6ffb-4980-8ac9-dfcc58f74661,8,2687,True,19024,19024,205.71403346347506
2688,cfbb0d15-6ffb-4980-8ac9-dfcc58f74661,8,2688,True,19057,19057,172.71403346347506
2689,cfbb0d15-6ffb-4980-8ac9-dfcc58f74661,8,2689,True,19090,19090,176.80249511199145
2690,cfbb0d15-6ffb-4980-8ac9-dfcc58f74661,8,2690,True,19119,19119,165.41266063587318
2691,cfbb0d15-6ffb-4980-8ac9-dfcc58f74661,8,2691,True,19145,19145,168.46536789272068
2692,cfbb0d15-6ffb-4980-8ac9-dfcc58f74661,8,2692,True,19175,19175,157.30261548799535
2693,cfbb0d15-6ffb-4980-8ac9-dfcc58f74661,8,2693,True,19205,19205,197.0432331761731
2694,cfbb0d15-6ffb-4980-8ac9-dfcc58f74661,8,2694,True,19241,19241,161.0432331761731
2695,cfbb0d15-6ffb-4980-8ac9-dfcc58f74661,8,2695,True,19260,19260,191.45712369256216
2696,cfbb0d15-6ffb-4980-8ac9-dfcc58f74661,8,2696,True,19292,19292,137.26958590348295
2697,cfbb0d15-6ffb-4980-8ac9-dfcc58f74661,8,2697,True,19320,19320,185.04337978228432
2698,cfbb0d15-6ffb-4980-8ac9-dfcc58f74661,8,2698,True,19344,19344,183.79471643874786
2699,cfbb0d15-6ffb-4980-8ac9-dfcc58f74661,8,2699,True,19369,19369,179.04153446566852
2700,cfbb0d15-6ffb-4980-8ac9-dfcc58f74661,8,2700,True,19392,19392,199.12293055671398
2701,cfbb0d15-6ffb-4980-8ac9-dfcc58f74661,8,2701,True,19416,19416,154.6402087096867
2702,cfbb0d15-6ffb-4980-8ac9-dfcc58f74661,8,2702,True,19437,19437,199.743309962083
2703,cfbb0d15-6ffb-4980-8ac9-dfcc58f74661,8,2703,True,19466,19466,149.17146711053647
2704,cfbb0d15-6ffb-4980-8ac9-dfcc58f74661,8,2704,True,19491,19491,218.1516486655346
2705,cfbb0d15-6ffb-4980-8ac9-dfcc58f74661,8,2705,True,19516,19516,216.0923719438324
2706,cfbb0d15-6ffb-4980-8ac9-dfcc58f74661,8,2706,True,19537,19537,135.7549252359786
2707,cfbb0d15-6ffb-4980-8ac9-dfcc58f74661,8,2707,True,19562,19562,210.47302058037167
2708,cfbb0d15-6ffb-4980-8ac9-dfcc58f74661,8,2708,True,19585,19585,187.47302058037167
2709,cfbb0d15-6ffb-4980-8ac9-dfcc58f74661,8,2709,True,19606,19606,145.16249547827465
2710,cfbb0d15-6ffb-4980-8ac9-dfcc58f74661,8,2710,True,19636,19636,188.55451500369963
2711,cfbb0d15-6ffb-4980-8ac9-dfcc58f74661,8,2711,True,19665,19665,176.889843836183
2712,cfbb0d15-6ffb-4980-8ac9-dfcc58f74661,8,2712,True,19695,19695,186.42281740730323
2713,cfbb0d15-6ffb-4980-8ac9-dfcc58f74661,8,2713,True,19729,19729,173.46333044551284
2714,cfbb0d15-6ffb-4980-8ac9-dfcc58f74661,8,2714,True,19760,19760,160.76934326146147
2715,cfbb0d15-6ffb-4980-8ac9-dfcc58f74661,8,2715,True,19786,19786,156.364388364178
2716,cfbb0d15-6ffb-4980-8ac9-dfcc58f74661,8,2716,True,19814,19814,178.188443191877
2717,cfbb0d15-6ffb-4980-8ac9-dfcc58f74661,8,2717,True,19847,19847,190.43569910218503
2718,cfbb0d15-6ffb-4980-8ac9-dfcc58f74661,8,2718,True,19878,19878,177.0983774164888
2719,cfbb0d15-6ffb-4980-8ac9-dfcc58f74661,8,2719,True,19907,19907,172.72701360596693
2720,cfbb0d15-6ffb-4980-8ac9-dfcc58f74661,8,2720,True,19937,19937,142.72701360596693
2721,cfbb0d15-6ffb-4980-8ac9-dfcc58f74661,8,2721,True,19970,19970,246.88223050272063
2722,cfbb0d15-6ffb-4980-8ac9-dfcc58f74661,8,2722,True,19999,19999,240.61790513524102
2723,cfbb0d15-6ffb-4980-8ac9-dfcc58f74661,8,2723,True,20025,20025,214.61790513524102
2724,cfbb0d15-6ffb-4980-8ac9-dfcc58f74661,8,2724,True,20052,20052,207.96998794094543
2725,cfbb0d15-6ffb-4980-8ac9-dfcc58f74661,8,2725,True,20089,20089,192.85314589058908
2726,cfbb0d15-6ffb-4980-8ac9-dfcc58f74661,8,2726,True,20119,20119,219.67900967551395
2727,cfbb0d15-6ffb-4980-8ac9-dfcc58f74661,8,2727,True,20139,20139,222.97757306807034
2728,cfbb0d15-6ffb-4980-8ac9-dfcc58f74661,8,2728,True,20170,20170,217.1268597271337
2729,cfbb0d15-6ffb-4980-8ac9-dfcc58f74661,8,2729,True,20204,20204,203.0637162708008
2730,cfbb0d15-6ffb-4980-8ac9-dfcc58f74661,8,2730,True,20223,20223,226.10419838127928
2731,cfbb0d15-6ffb-4980-8ac9-dfcc58f74661,8,2731,True,20246,20246,184.5180410071698
2732,cfbb0d15-6ffb-4980-8ac9-dfcc58f74661,8,2732,True,20278,20278,230.92011131537583
2733,cfbb0d15-6ffb-4980-8ac9-dfcc58f74661,8,2733,True,20312,20312,196.92011131537583
2734,cfbb0d15-6ffb-4980-8ac9-dfcc58f74661,8,2734,True,20341,20341,237.61607805481617
2735,cfbb0d15-6ffb-4980-8ac9-dfcc58f74661,8,2735,True,20366,20366,228.49217522023173
2736,cfbb0d15-6ffb-4980-8ac9-dfcc58f74661,8,2736,True,20393,20393,163.68550678163228
2737,cfbb0d15-6ffb-4980-8ac9-dfcc58f74661,8,2737,True,20431,20431,180.48717258522447
2738,cfbb0d15-6ffb-4980-8ac9-dfcc58f74661,8,2738,True,20453,20453,180.9885383335095
2739,cfbb0d15-6ffb-4980-8ac9-dfcc58f74661,8,2739,True,20492,20492,160.3965922193711
2740,cfbb0d15-6ffb-4980-8ac9-dfcc58f74661,8,2740,True,20514,20514,168.51947945868596
2741,cfbb0d15-6ffb-4980-8ac9-dfcc58f74661,8,2741,True,20543,20543,162.97654200343095
2742,cfbb0d15-6ffb-4980-8ac9-dfcc58f74661,8,2742,True,20574,20574,150.88845714612034
2743,cfbb0d15-6ffb-4980-8ac9-dfcc58f74661,8,2743,True,20598,20598,181.7596899452692
2744,cfbb0d15-6ffb-4980-8ac9-dfcc58f74661,8,2744,True,20623,20623,135.7833572096024
2745,cfbb0d15-6ffb-4980-8ac9-dfcc58f74661,8,2745,True,20657,20657,153.95474829372324
2746,cfbb0d15-6ffb-4980-8ac9-dfcc58f74661,8,2746,True,20681,20681,151.1022139912311
2747,cfbb0d15-6ffb-4980-8ac9-dfcc58f74661,8,2747,True,20703,20703,176.39404315123465
2748,cfbb0d15-6ffb-4980-8ac9-dfcc58f74661,8,2748,True,20738,20738,170.55577730810182
2749,cfbb0d15-6ffb-4980-8ac9-dfcc58f74661,8,2749,True,20768,20768,163.06501062898315
2750,cfbb0d15-6ffb-4980-8ac9-dfcc58f74661,8,2750,True,20795,20795,163.94043873422925
2751,cfbb0d15-6ffb-4980-8ac9-dfcc58f74661,8,2751,True,20827,20827,152.56246646791988
2752,cfbb0d15-6ffb-4980-8ac9-dfcc58f74661,8,2752,True,20852,20852,150.63647148575546
2753,cfbb0d15-6ffb-4980-8ac9-dfcc58f74661,8,2753,True,20880,20880,146.0676892613228
2754,cfbb0d15-6ffb-4980-8ac9-dfcc58f74661,8,2754,True,20911,20911,160.0493990046125
2755,cfbb0d15-6ffb-4980-8ac9-dfcc58f74661,8,2755,True,20949,20949,161.45226937723783
2756,cfbb0d15-6ffb-4980-8ac9-dfcc58f74661,8,2756,True,20983,20983,148.74410243450257
2757,cfbb0d15-6ffb-4980-8ac9-dfcc58f74661,8,2757,True,21016,21016,145.54687881535938
2758,cfbb0d15-6ffb-4980-8ac9-dfcc58f74661,8,2758,True,21042,21042,141.68434372442061
2759,cfbb0d15-6ffb-4980-8ac9-dfcc58f74661,8,2759,True,21069,21069,114.68434372442061
2760,cfbb0d15-6ffb-4980-8ac9-dfcc58f74661,8,2760,True,21110,21110,147.61126525767395
2761,cfbb0d15-6ffb-4980-8ac9-dfcc58f74661,8,2761,True,21130,21130,146.66393715810045
2762,cfbb0d15-6ffb-4980-8ac9-dfcc58f74661,8,2762,True,21147,21147,149.61721007675806
2763,cfbb0d15-6ffb-4980-8ac9-dfcc58f74661,8,2763,True,21170,21170,147.32387707916496
2764,cfbb0d15-6ffb-4980-8ac9-dfcc58f74661,8,2764,True,21197,21197,160.78276212800483
2765,cfbb0d15-6ffb-4980-8ac9-dfcc58f74661,8,2765,True,21229,21229,167.9792403956817
2766,cfbb0d15-6ffb-4980-8ac9-dfcc58f74661,8,2766,True,21254,21254,159.65756086836336
2767,cfbb0d15-6ffb-4980-8ac9-dfcc58f74661,8,2767,True,21286,21286,163.13666612976886
2768,cfbb0d15-6ffb-4980-8ac9-dfcc58f74661,8,2768,True,21313,21313,157.80480055958833
2769,cfbb0d15-6ffb-4980-8ac9-dfcc58f74661,8,2769,True,21347,21347,151.22564596746452
2770,cfbb0d15-6ffb-4980-8ac9-dfcc58f74661,8,2770,True,21374,21374,141.15924550216369
2771,cfbb0d15-6ffb-4980-8ac9-dfcc58f74661,8,2771,True,21397,21397,154.43360492085776
2772,cfbb0d15-6ffb-4980-8ac9-dfcc58f74661,8,2772,True,21419,21419,153.67599886843527
2773,cfbb0d15-6ffb-4980-8ac9-dfcc58f74661,8,2773,True,21450,21450,144.1105719080624
2774,cfbb0d15-6ffb-4980-8ac9-dfcc58f74661,8,2774,True,21488,21488,124.5827364068391
2775,cfbb0d15-6ffb-4980-8ac9-dfcc58f74661,8,2775,True,21516,21516,138.18963706740396
2776,cfbb0d15-6ffb-4980-8ac9-dfcc58f74661,8,2776,True,21552,21552,127.91353730907576
2777,cfbb0d15-6ffb-4980-8ac9-dfcc58f74661,8,2777,True,21578,21578,142.13543502896937
2778,cfbb0d15-6ffb-4980-8ac9-dfcc58f74661,8,2778,True,21614,21614,200.30739707447356
2779,cfbb0d15-6ffb-4980-8ac9-dfcc58f74661,8,2779,True,21634,21634,160.63836414623438
2780,cfbb0d15-6ffb-4980-8ac9-dfcc58f74661,8,2780,True,21670,21670,190.18406746381152
2781,cfbb0d15-6ffb-4980-8ac9-dfcc58f74661,8,2781,True,21696,21696,144.79618041568392
2782,cfbb0d15-6ffb-4980-8ac9-dfcc58f74661,8,2782,True,21725,21725,164.1271678639423
2783,cfbb0d15-6ffb-4980-8ac9-dfcc58f74661,8,2783,True,21761,21761,156.59611101835617
2784,cfbb0d15-6ffb-4980-8ac9-dfcc58f74661,8,2784,True,21791,21791,152.90383830427527
2785,cfbb0d15-6ffb-4980-8ac9-dfcc58f74661,8,2785,True,21827,21827,135.03120887030673
2786,cfbb0d15-6ffb-4980-8ac9-dfcc58f74661,8,2786,True,21868,21868,140.95352021036888
2787,cfbb0d15-6ffb-4980-8ac9-dfcc58f74661,8,2787,True,21896,21896,155.8227110291009
2788,cfbb0d15-6ffb-4980-8ac9-dfcc58f74661,8,2788,True,21922,21922,150.14198106137337
2789,cfbb0d15-6ffb-4980-8ac9-dfcc58f74661,8,2789,True,21950,21950,146.7338710498807
2790,cfbb0d15-6ffb-4980-8ac9-dfcc58f74661,8,2790,True,21980,21980,164.19409115610688
2791,cfbb0d15-6ffb-4980-8ac9-dfcc58f74661,8,2791,True,22014,22014,208.6910809790752
2792,cfbb0d15-6ffb-4980-8ac9-dfcc58f74661,8,2792,True,22036,22036,161.3803464554403
2793,cfbb0d15-6ffb-4980-8ac9-dfcc58f74661,8,2793,True,22068,22068,175.60214018309125
2794,cfbb0d15-6ffb-4980-8ac9-dfcc58f74661,8,2794,True,22100,22100,175.87676387635292
2795,cfbb0d15-6ffb-4980-8ac9-dfcc58f74661,8,2795,True,22125,22125,227.88353378605825
2796,cfbb0d15-6ffb-4980-8ac9-dfcc58f74661,8,2796,True,22148,22148,175.62059649028743
2797,cfbb0d15-6ffb-4980-8ac9-dfcc58f74661,8,2797,True,22169,22169,254.2277381494605
2798,cfbb0d15-6ffb-4980-8ac9-dfcc58f74661,8,2798,True,22196,22196,182.62999272542584
2799,cfbb0d15-6ffb-4980-8ac9-dfcc58f74661,8,2799,True,22233,22233,165.5710247072202
2800,cfbb0d15-6ffb-4980-8ac9-dfcc58f74661,8,2800,True,22261,22261,162.2277381494605
2801,cfbb0d15-6ffb-4980-8ac9-dfcc58f74661,8,2801,True,22294,22294,162.04394061674247
2802,cfbb0d15-6ffb-4980-8ac9-dfcc58f74661,8,2802,True,22319,22319,162.23881064789748
2803,cfbb0d15-6ffb-4980-8ac9-dfcc58f74661,8,2803,True,22342,22342,218.9059330409218
2804,cfbb0d15-6ffb-4980-8ac9-dfcc58f74661,8,2804,True,22366,22366,177.4157338004079
2805,cfbb0d15-6ffb-4980-8ac9-dfcc58f74661,8,2805,True,22389,22389,209.366099335748
2806,cfbb0d15-6ffb-4980-8ac9-dfcc58f74661,8,2806,True,22423,22423,196.23060006245942
2807,cfbb0d15-6ffb-4980-8ac9-dfcc58f74661,8,2807,True,22446,22446,191.5618101944783
2808,cfbb0d15-6ffb-4980-8ac9-dfcc58f74661,8,2808,True,22470,22470,228.51932150505672
2809,cfbb0d15-6ffb-4980-8ac9-dfcc58f74661,8,2809,True,22496,22496,226.57448008595748
2810,cfbb0d15-6ffb-4980-8ac9-dfcc58f74661,8,2810,True,22526,22526,196.57448008595748
2811,cfbb0d15-6ffb-4980-8ac9-dfcc58f74661,8,2811,True,22564,22564,182.3209445265784
2812,cfbb0d15-6ffb-4980-8ac9-dfcc58f74661,8,2812,True,22587,22587,245.65168254907985
2813,cfbb0d15-6ffb-4980-8ac9-dfcc58f74661,8,2813,True,22617,22617,309.7475947918174
2814,cfbb0d15-6ffb-4980-8ac9-dfcc58f74661,8,2814,True,22643,22643,283.7475947918174
2815,cfbb0d15-6ffb-4980-8ac9-dfcc58f74661,8,2815,True,22674,22674,320.2986170509903
2816,cfbb0d15-6ffb-4980-8ac9-dfcc58f74661,8,2816,True,22699,22699,314.4877730242624
2817,cfbb0d15-6ffb-4980-8ac9-dfcc58f74661,8,2817,True,22726,22726,335.2118287598678
2818,cfbb0d15-6ffb-4980-8ac9-dfcc58f74661,8,2818,True,22765,22765,296.2118287598678
2819,cfbb0d15-6ffb-4980-8ac9-dfcc58f74661,8,2819,True,22790,22790,338.4630603014266
2820,cfbb0d15-6ffb-4980-8ac9-dfcc58f74661,8,2820,True,22818,22818,343.01838855523965
2821,cfbb0d15-6ffb-4980-8ac9-dfcc58f74661,8,2821,True,22848,22848,313.01838855523965
2822,cfbb0d15-6ffb-4980-8ac9-dfcc58f74661,8,2822,True,22877,22877,251.4630603014266
2823,cfbb0d15-6ffb-4980-8ac9-dfcc58f74661,8,2823,True,22898,22898,331.0055656618133
2824,cfbb0d15-6ffb-4980-8ac9-dfcc58f74661,8,2824,True,22933,22933,296.0055656618133
2825,cfbb0d15-6ffb-4980-8ac9-dfcc58f74661,8,2825,True,22965,22965,281.324017984447
2826,cfbb0d15-6ffb-4980-8ac9-dfcc58f74661,8,2826,True,22992,22992,237.0055656618133
2827,cfbb0d15-6ffb-4980-8ac9-dfcc58f74661,8,2827,True,23025,23025,275.78029452591727
2828,cfbb0d15-6ffb-4980-8ac9-dfcc58f74661,8,2828,True,23053,23053,268.8590448353898
2829,cfbb0d15-6ffb-4980-8ac9-dfcc58f74661,8,2829,True,23081,23081,191.25235411616086
2830,cfbb0d15-6ffb-4980-8ac9-dfcc58f74661,8,2830,True,23121,23121,244.10755400320704
2831,cfbb0d15-6ffb-4980-8ac9-dfcc58f74661,8,2831,True,23145,23145,198.99633500191703
2832,cfbb0d15-6ffb-4980-8ac9-dfcc58f74661,8,2832,True,23179,23179,208.1273787007376
2833,cfbb0d15-6ffb-4980-8ac9-dfcc58f74661,8,2833,True,23209,23209,156.10755400320704
2834,cfbb0d15-6ffb-4980-8ac9-dfcc58f74661,8,2834,True,23232,23232,180.3680681452788
2835,cfbb0d15-6ffb-4980-8ac9-dfcc58f74661,8,2835,True,23249,23249,208.8543561427541
2836,cfbb0d15-6ffb-4980-8ac9-dfcc58f74661,8,2836,True,23277,23277,207.15300487840068
2837,cfbb0d15-6ffb-4980-8ac9-dfcc58f74661,8,2837,True,23309,23309,175.15300487840068
2838,cfbb0d15-6ffb-4980-8ac9-dfcc58f74661,8,2838,True,23331,23331,219.90839088946814
2839,cfbb0d15-6ffb-4980-8ac9-dfcc58f74661,8,2839,True,23365,23365,292.57219104629985
2840,cfbb0d15-6ffb-4980-8ac9-dfcc58f74661,8,2840,True,23392,23392,243.95786129705812
2841,cfbb0d15-6ffb-4980-8ac9-dfcc58f74661,8,2841,True,23414,23414,221.95786129705812
2842,cfbb0d15-6ffb-4980-8ac9-dfcc58f74661,8,2842,True,23453,23453,252.12796857105423
2843,cfbb0d15-6ffb-4980-8ac9-dfcc58f74661,8,2843,True,23476,23476,210.4918908874206
2844,cfbb0d15-6ffb-4980-8ac9-dfcc58f74661,8,2844,True,23513,23513,278.5104873955279
2845,cfbb0d15-6ffb-4980-8ac9-dfcc58f74661,8,2845,True,23543,23543,248.5104873955279
2846,cfbb0d15-6ffb-4980-8ac9-dfcc58f74661,8,2846,True,23568,23568,223.5104873955279
2847,cfbb0d15-6ffb-4980-8ac9-dfcc58f74661,8,2847,True,23582,23582,187.34103943949594
2848,cfbb0d15-6ffb-4980-8ac9-dfcc58f74661,8,2848,True,23607,23607,212.0512219029988
2849,cfbb0d15-6ffb-4980-8ac9-dfcc58f74661,8,2849,True,23635,23635,210.38559814441396
2850,cfbb0d15-6ffb-4980-8ac9-dfcc58f74661,8,2850,True,23658,23658,210.28141454281285
2851,cfbb0d15-6ffb-4980-8ac9-dfcc58f74661,8,2851,True,23682,23682,232.7804075838685
2852,cfbb0d15-6ffb-4980-8ac9-dfcc58f74661,8,2852,True,23706,23706,187.5084595491644
2853,cfbb0d15-6ffb-4980-8ac9-dfcc58f74661,8,2853,True,23734,23734,208.46467154030324
2854,cfbb0d15-6ffb-4980-8ac9-dfcc58f74661,8,2854,True,23757,23757,242.10137270856285
2855,cfbb0d15-6ffb-4980-8ac9-dfcc58f74661,8,2855,True,23782,23782,177.6121296738129
2856,cfbb0d15-6ffb-4980-8ac9-dfcc58f74661,8,2856,True,23810,23810,270.0734693200211
2857,cfbb0d15-6ffb-4980-8ac9-dfcc58f74661,8,2857,True,23839,23839,214.66525630161414
2858,cfbb0d15-6ffb-4980-8ac9-dfcc58f74661,8,2858,True,23865,23865,151.9760915377119
2859,cfbb0d15-6ffb-4980-8ac9-dfcc58f74661,8,2859,True,23895,23895,185.0734693200211
2860,cfbb0d15-6ffb-4980-8ac9-dfcc58f74661,8,2860,True,23924,23924,178.80164039575538
2861,cfbb0d15-6ffb-4980-8ac9-dfcc58f74661,8,2861,True,23951,23951,173.45453885116876
2862,cfbb0d15-6ffb-4980-8ac9-dfcc58f74661,8,2862,True,23975,23975,170.5401770845383
2863,cfbb0d15-6ffb-4980-8ac9-dfcc58f74661,8,2863,True,24003,24003,175.48657954195733
2864,cfbb0d15-6ffb-4980-8ac9-dfcc58f74661,8,2864,True,24036,24036,236.38503616704475
2865,cfbb0d15-6ffb-4980-8ac9-dfcc58f74661,8,2865,True,24066,24066,182.03092169526644
2866,cfbb0d15-6ffb-4980-8ac9-dfcc58f74661,8,2866,True,24104,24104,168.38503616704475
2867,cfbb0d15-6ffb-4980-8ac9-dfcc58f74661,8,2867,True,24135,24135,160.63953715858588
2868,cfbb0d15-6ffb-4980-8ac9-dfcc58f74661,8,2868,True,24158,24158,201.59362856511143
2869,cfbb0d15-6ffb-4980-8ac9-dfcc58f74661,8,2869,True,24193,24193,166.59362856511143
2870,cfbb0d15-6ffb-4980-8ac9-dfcc58f74661,8,2870,True,24230,24230,223.0245000696632
2871,cfbb0d15-6ffb-4980-8ac9-dfcc58f74661,8,2871,True,24258,24258,170.8648104448548
2872,cfbb0d15-6ffb-4980-8ac9-dfcc58f74661,8,2872,True,24291,24291,162.0245000696632
2873,cfbb0d15-6ffb-4980-8ac9-dfcc58f74661,8,2873,True,24330,24330,170.05048693800563
2874,cfbb0d15-6ffb-4980-8ac9-dfcc58f74661,8,2874,True,24361,24361,167.23003925270314
2875,cfbb0d15-6ffb-4980-8ac9-dfcc58f74661,8,2875,True,24382,24382,167.1822449303363
2876,cfbb0d15-6ffb-4980-8ac9-dfcc58f74661,8,2876,True,24403,24403,167.34853397207553
2877,cfbb0d15-6ffb-4980-8ac9-dfcc58f74661,8,2877,True,24429,24429,162.81071548830369
2878,cfbb0d15-6ffb-4980-8ac9-dfcc58f74661,8,2878,True,24459,24459,154.2490544713728
2879,cfbb0d15-6ffb-4980-8ac9-dfcc58f74661,8,2879,True,24487,24487,147.35123413845577
2880,cfbb0d15-6ffb-4980-8ac9-dfcc58f74661,8,2880,True,24516,24516,163.76341277517713
2881,cfbb0d15-6ffb-4980-8ac9-dfcc58f74661,8,2881,True,24545,24545,154.11488177877618
2882,cfbb0d15-6ffb-4980-8ac9-dfcc58f74661,8,2882,True,24570,24570,207.97708245863396
2883,cfbb0d15-6ffb-4980-8ac9-dfcc58f74661,8,2883,True,24597,24597,180.97708245863396
2884,cfbb0d15-6ffb-4980-8ac9-dfcc58f74661,8,2884,True,24627,24627,171.22672360802244
2885,cfbb0d15-6ffb-4980-8ac9-dfcc58f74661,8,2885,True,24657,24657,164.18614325879753
2886,cfbb0d15-6ffb-4980-8ac9-dfcc58f74661,8,2886,True,24682,24682,211.70238186239294
2887,cfbb0d15-6ffb-4980-8ac9-dfcc58f74661,8,2887,True,24713,24713,161.29688662743138
2888,cfbb0d15-6ffb-4980-8ac9-dfcc58f74661,8,2888,True,24738,24738,177.14712560861517
2889,cfbb0d15-6ffb-4980-8ac9-dfcc58f74661,8,2889,True,24772,24772,143.14712560861517
2890,cfbb0d15-6ffb-4980-8ac9-dfcc58f74661,8,2890,True,24813,24813,143.9977602935869
2891,cfbb0d15-6ffb-4980-8ac9-dfcc58f74661,8,2891,True,24837,24837,163.3110903312445
2892,cfbb0d15-6ffb-4980-8ac9-dfcc58f74661,8,2892,True,24872,24872,197.98079722470357
2893,cfbb0d15-6ffb-4980-8ac9-dfcc58f74661,8,2893,True,24898,24898,149.56645813223076
2894,cfbb0d15-6ffb-4980-8ac9-dfcc58f74661,8,2894,True,24926,24926,164.82183582330254
2895,cfbb0d15-6ffb-4980-8ac9-dfcc58f74661,8,2895,True,24959,24959,152.15262617478584
2896,cfbb0d15-6ffb-4980-8ac9-dfcc58f74661,8,2896,True,24990,24990,141.94814050038622
2897,cfbb0d15-6ffb-4980-8ac9-dfcc58f74661,8,2897,True,25026,25026,149.5802903681688
2898,cfbb0d15-6ffb-4980-8ac9-dfcc58f74661,8,2898,True,25054,25054,151.50969673387226
2899,cfbb0d15-6ffb-4980-8ac9-dfcc58f74661,8,2899,True,25080,25080,145.23706233276243
2900,cfbb0d15-6ffb-4980-8ac9-dfcc58f74661,8,2900,True,25098,25098,147.2062244136505
2901,cfbb0d15-6ffb-4980-8ac9-dfcc58f74661,8,2901,True,25123,25123,148.508507068138
2902,cfbb0d15-6ffb-4980-8ac9-dfcc58f74661,8,2902,True,25147,25147,143.60242698708316
2903,cfbb0d15-6ffb-4980-8ac9-dfcc58f74661,8,2903,True,25177,25177,146.6228762034989
2904,cfbb0d15-6ffb-4980-8ac9-dfcc58f74661,8,2904,True,25204,25204,141.13879040466782
2905,cfbb0d15-6ffb-4980-8ac9-dfcc58f74661,8,2905,True,25239,25239,125.40256897924701
2906,cfbb0d15-6ffb-4980-8ac9-dfcc58f74661,8,2906,True,25269,25269,124.55425868716702
2907,cfbb0d15-6ffb-4980-8ac9-dfcc58f74661,8,2907,True,25308,25308,110.47489610898992
2908,cfbb0d15-6ffb-4980-8ac9-dfcc58f74661,8,2908,True,25340,25340,149.73090346266326
2909,cfbb0d15-6ffb-4980-8ac9-dfcc58f74661,8,2909,True,25378,25378,133.53953491374705
2910,cfbb0d15-6ffb-4980-8ac9-dfcc58f74661,8,2910,True,25410,25410,128.4961965766015
2911,cfbb0d15-6ffb-4980-8ac9-dfcc58f74661,8,2911,True,25437,25437,128.2012412394797
2912,cfbb0d15-6ffb-4980-8ac9-dfcc58f74661,8,2912,True,25469,25469,167.63862200187577
2913,cfbb0d15-6ffb-4980-8ac9-dfcc58f74661,8,2913,True,25493,25493,123.42184295807601
2914,cfbb0d15-6ffb-4980-8ac9-dfcc58f74661,8,2914,True,25521,25521,157.23538901616848
2915,cfbb0d15-6ffb-4980-8ac9-dfcc58f74661,8,2915,True,25546,25546,152.7128680839669
2916,cfbb0d15-6ffb-4980-8ac9-dfcc58f74661,8,2916,True,25577,25577,179.89570490577535
2917,cfbb0d15-6ffb-4980-8ac9-dfcc58f74661,8,2917,True,25607,25607,125.56297633459326
2918,cfbb0d15-6ffb-4980-8ac9-dfcc58f74661,8,2918,True,25638,25638,118.89570490577535
2919,cfbb0d15-6ffb-4980-8ac9-dfcc58f74661,8,2919,True,25672,25672,151.57860369107948
2920,cfbb0d15-6ffb-4980-8ac9-dfcc58f74661,8,2920,True,25696,25696,146.66431364394157
2921,cfbb0d15-6ffb-4980-8ac9-dfcc58f74661,8,2921,True,25723,25723,174.93560471974706
2922,cfbb0d15-6ffb-4980-8ac9-dfcc58f74661,8,2922,True,25749,25749,124.32501023420991
2923,cfbb0d15-6ffb-4980-8ac9-dfcc58f74661,8,2923,True,25768,25768,169.07538164466314
2924,cfbb0d15-6ffb-4980-8ac9-dfcc58f74661,8,2924,True,25791,25791,173.42136771658625
2925,cfbb0d15-6ffb-4980-8ac9-dfcc58f74661,8,2925,True,25814,25814,170.43093636396952
2926,cfbb0d15-6ffb-4980-8ac9-dfcc58f74661,8,2926,True,25846,25846,200.16490176364823
2927,cfbb0d15-6ffb-4980-8ac9-dfcc58f74661,8,2927,True,25875,25875,152.15828887568932
2928,cfbb0d15-6ffb-4980-8ac9-dfcc58f74661,8,2928,True,25903,25903,163.52394738008297
2929,cfbb0d15-6ffb-4980-8ac9-dfcc58f74661,8,2929,True,25932,25932,195.1456335492876
2930,cfbb0d15-6ffb-4980-8ac9-dfcc58f74661,8,2930,True,25960,25960,147.91255008012376
2931,cfbb0d15-6ffb-4980-8ac9-dfcc58f74661,8,2931,True,25993,25993,158.4830600067835
2932,cfbb0d15-6ffb-4980-8ac9-dfcc58f74661,8,2932,True,26014,26014,158.8458577525489
2933,cfbb0d15-6ffb-4980-8ac9-dfcc58f74661,8,2933,True,26040,26040,164.42130741602887
2934,cfbb0d15-6ffb-4980-8ac9-dfcc58f74661,8,2934,True,26068,26068,168.7179336245208
2935,cfbb0d15-6ffb-4980-8ac9-dfcc58f74661,8,2935,True,26106,26106,150.66144261796944
2936,cfbb0d15-6ffb-4980-8ac9-dfcc58f74661,8,2936,True,26130,26130,149.04010467362605
2937,cfbb0d15-6ffb-4980-8ac9-dfcc58f74661,8,2937,True,26156,26156,149.92410551976354
2938,cfbb0d15-6ffb-4980-8ac9-dfcc58f74661,8,2938,True,26183,26183,140.41388321022168
2939,cfbb0d15-6ffb-4980-8ac9-dfcc58f74661,8,2939,True,26207,26207,148.378646744859
2940,cfbb0d15-6ffb-4980-8ac9-dfcc58f74661,8,2940,True,26228,26228,149.3845330218246
2941,cfbb0d15-6ffb-4980-8ac9-dfcc58f74661,8,2941,True,26257,26257,160.76681276335148
2942,cfbb0d15-6ffb-4980-8ac9-dfcc58f74661,8,2942,True,26296,26296,170.41968038342748
2943,cfbb0d15-6ffb-4980-8ac9-dfcc58f74661,8,2943,True,26317,26317,167.39476714091506
2944,cfbb0d15-6ffb-4980-8ac9-dfcc58f74661,8,2944,True,26351,26351,154.06913508105208
2945,cfbb0d15-6ffb-4980-8ac9-dfcc58f74661,8,2945,True,26390,26390,194.3059502364631
2946,cfbb0d15-6ffb-4980-8ac9-dfcc58f74661,8,2946,True,26415,26415,147.74015710051026
2947,cfbb0d15-6ffb-4980-8ac9-dfcc58f74661,8,2947,True,26444,26444,169.6982866511098
2948,cfbb0d15-6ffb-4980-8ac9-dfcc58f74661,8,2948,True,26474,26474,161.26662764922003
2949,cfbb0d15-6ffb-4980-8ac9-dfcc58f74661,8,2949,True,26494,26494,170.7062804432062
2950,cfbb0d15-6ffb-4980-8ac9-dfcc58f74661,8,2950,True,26518,26518,168.48836162289808
2951,cfbb0d15-6ffb-4980-8ac9-dfcc58f74661,8,2951,True,26548,26548,163.61235883380505
2952,cfbb0d15-6ffb-4980-8ac9-dfcc58f74661,8,2952,True,26570,26570,161.3510179849727
2953,cfbb0d15-6ffb-4980-8ac9-dfcc58f74661,8,2953,True,26594,26594,185.4987521641633
2954,cfbb0d15-6ffb-4980-8ac9-dfcc58f74661,8,2954,True,26619,26619,140.99828286947013
2955,cfbb0d15-6ffb-4980-8ac9-dfcc58f74661,8,2955,True,26635,26635,166.9236529673326
2956,cfbb0d15-6ffb-4980-8ac9-dfcc58f74661,8,2956,True,26666,26666,206.34473212338708
2957,cfbb0d15-6ffb-4980-8ac9-dfcc58f74661,8,2957,True,26690,26690,163.11037534418574
2958,cfbb0d15-6ffb-4980-8ac9-dfcc58f74661,8,2958,True,26720,26720,252.23932471828084
2959,cfbb0d15-6ffb-4980-8ac9-dfcc58f74661,8,2959,True,26753,26753,238.3911609195784
2960,cfbb0d15-6ffb-4980-8ac9-dfcc58f74661,8,2960,True,26775,26775,197.23932471828084
2961,cfbb0d15-6ffb-4980-8ac9-dfcc58f74661,8,2961,True,26802,26802,234.47529115746147
2962,cfbb0d15-6ffb-4980-8ac9-dfcc58f74661,8,2962,True,26832,26832,185.92773924765424
2963,cfbb0d15-6ffb-4980-8ac9-dfcc58f74661,8,2963,True,26859,26859,224.17248637871307
2964,cfbb0d15-6ffb-4980-8ac9-dfcc58f74661,8,2964,True,26883,26883,179.78107599405848
2965,cfbb0d15-6ffb-4980-8ac9-dfcc58f74661,8,2965,True,26915,26915,204.39125828464603
2966,cfbb0d15-6ffb-4980-8ac9-dfcc58f74661,8,2966,True,26944,26944,200.01920215563223
2967,cfbb0d15-6ffb-4980-8ac9-dfcc58f74661,8,2967,True,26965,26965,179.01920215563223
2968,cfbb0d15-6ffb-4980-8ac9-dfcc58f74661,8,2968,True,26988,26988,156.01920215563223
2969,cfbb0d15-6ffb-4980-8ac9-dfcc58f74661,8,2969,True,27016,27016,159.80904446357454
2970,cfbb0d15-6ffb-4980-8ac9-dfcc58f74661,8,2970,True,27055,27055,161.41489824007294
2971,cfbb0d15-6ffb-4980-8ac9-dfcc58f74661,8,2971,True,27086,27086,150.36271369704264
2972,cfbb0d15-6ffb-4980-8ac9-dfcc58f74661,8,2972,True,27106,27106,170.02404131128787
2973,cfbb0d15-6ffb-4980-8ac9-dfcc58f74661,8,2973,True,27128,27128,168.15488250583803
2974,cfbb0d15-6ffb-4980-8ac9-dfcc58f74661,8,2974,True,27154,27154,209.37368444967797
2975,cfbb0d15-6ffb-4980-8ac9-dfcc58f74661,8,2975,True,27175,27175,164.08529777020885
2976,cfbb0d15-6ffb-4980-8ac9-dfcc58f74661,8,2976,True,27199,27199,164.37368444967797
2977,cfbb0d15-6ffb-4980-8ac9-dfcc58f74661,8,2977,True,27233,27233,163.4592249411944
2978,cfbb0d15-6ffb-4980-8ac9-dfcc58f74661,8,2978,True,27266,27266,150.8230884237746
2979,cfbb0d15-6ffb-4980-8ac9-dfcc58f74661,8,2979,True,27291,27291,153.54379661814528
2980,cfbb0d15-6ffb-4980-8ac9-dfcc58f74661,8,2980,True,27318,27318,147.8653814262434
2981,cfbb0d15-6ffb-4980-8ac9-dfcc58f74661,8,2981,True,27341,27341,150.30581039931712
2982,cfbb0d15-6ffb-4980-8ac9-dfcc58f74661,8,2982,True,27368,27368,157.6135843534321
2983,cfbb0d15-6ffb-4980-8ac9-dfcc58f74661,8,2983,True,27386,27386,181.05586456331366
2984,cfbb0d15-6ffb-4980-8ac9-dfcc58f74661,8,2984,True,27409,27409,239.9511385929727
2985,cfbb0d15-6ffb-4980-8ac9-dfcc58f74661,8,2985,True,27431,27431,201.74640305867433
2986,cfbb0d15-6ffb-4980-8ac9-dfcc58f74661,8,2986,True,27454,27454,255.2949483806624
2987,cfbb0d15-6ffb-4980-8ac9-dfcc58f74661,8,2987,True,27493,27493,216.2949483806624
2988,cfbb0d15-6ffb-4980-8ac9-dfcc58f74661,8,2988,True,27518,27518,276.9335206636424
2989,cfbb0d15-6ffb-4980-8ac9-dfcc58f74661,8,2989,True,27534,27534,204.13363133432358
2990,cfbb0d15-6ffb-4980-8ac9-dfcc58f74661,8,2990,True,27564,27564,248.18440080359505
2991,cfbb0d15-6ffb-4980-8ac9-dfcc58f74661,8,2991,True,27603,27603,191.9335206636424
2992,cfbb0d15-6ffb-4980-8ac9-dfcc58f74661,8,2992,True,27634,27634,201.19951388775735
2993,cfbb0d15-6ffb-4980-8ac9-dfcc58f74661,8,2993,True,27662,27662,193.24067683292378
2994,cfbb0d15-6ffb-4980-8ac9-dfcc58f74661,8,2994,True,27689,27689,166.24067683292378
2995,cfbb0d15-6ffb-4980-8ac9-dfcc58f74661,8,2995,True,27714,27714,141.24067683292378
2996,cfbb0d15-6ffb-4980-8ac9-dfcc58f74661,8,2996,True,27742,27742,159.30133661490254
2997,cfbb0d15-6ffb-4980-8ac9-dfcc58f74661,8,2997,True,27764,27764,112.60961738445621
2998,cfbb0d15-6ffb-4980-8ac9-dfcc58f74661,8,2998,True,27795,27795,106.30133661490254
2999,cfbb0d15-6ffb-4980-8ac9-dfcc58f74661,8,2999,True,27823,27823,99.73333648110929
