{"clients": [{"6": {"client_id": 0, "slo": 249, "num_jobs": 5000, "throughput_qps": 34.0971793618913, "total_num_complete": 4781, "goodput_qps": 34.0971793618913, "total_num_tardy": 0, "median_latency_ms": 136.60405878044548, "mean_latency_ms": 136.5764619951071, "std_latency_ms": 20.777081829263512, "p99_latency_ms": 185.43505496523656, "total_num_dropped": 219, "drop_rate_qps": 1.5618661954097879}}, {"7": {"client_id": 1, "slo": 281, "num_jobs": 5000, "throughput_qps": 30.34169329988013, "total_num_complete": 4263, "goodput_qps": 30.34169329988013, "total_num_tardy": 0, "median_latency_ms": 143.59657400896867, "mean_latency_ms": 144.42834433157103, "std_latency_ms": 21.21174782124822, "p99_latency_ms": 200.97090570893812, "total_num_dropped": 737, "drop_rate_qps": 5.245561332866915}}, {"8": {"client_id": 2, "slo": 321, "num_jobs": 5000, "throughput_qps": 33.49934083975992, "total_num_complete": 4672, "goodput_qps": 33.49934083975992, "total_num_tardy": 0, "median_latency_ms": 159.76300920648646, "mean_latency_ms": 161.02251835190359, "std_latency_ms": 20.848336930548037, "p99_latency_ms": 216.90178116435547, "total_num_dropped": 328, "drop_rate_qps": 2.351837284983145}}]}