{"clients": [{"6": {"client_id": 0, "slo": 0, "num_jobs": 5000, "throughput_qps": 30.99544099786007, "total_num_complete": 5000, "goodput_qps": 0, "total_num_tardy": 5000, "median_tardiness_ms": 161.69432668497075, "mean_tardiness_ms": 178.4315025766544, "std_tardiness_ms": 72.10195732177436, "median_latency_ms": 161.69432668497075, "mean_latency_ms": 178.4315025766544, "std_latency_ms": 72.10195732177436, "p99_latency_ms": 412.07748078661643, "total_num_dropped": 0, "drop_rate_qps": 0.0}}, {"7": {"client_id": 1, "slo": 0, "num_jobs": 5000, "throughput_qps": 30.980960364170844, "total_num_complete": 5000, "goodput_qps": 0, "total_num_tardy": 5000, "median_tardiness_ms": 171.2800780188627, "mean_tardiness_ms": 187.6382459901829, "std_tardiness_ms": 72.62272224801713, "median_latency_ms": 171.2800780188627, "mean_latency_ms": 187.6382459901829, "std_latency_ms": 72.62272224801713, "p99_latency_ms": 418.5126096228674, "total_num_dropped": 0, "drop_rate_qps": 0.0}}, {"8": {"client_id": 2, "slo": 0, "num_jobs": 5000, "throughput_qps": 31.16237754309497, "total_num_complete": 5000, "goodput_qps": 0, "total_num_tardy": 5000, "median_tardiness_ms": 186.90881448341315, "mean_tardiness_ms": 204.4366575007372, "std_tardiness_ms": 73.88611435110043, "median_latency_ms": 186.90881448341315, "mean_latency_ms": 204.4366575007372, "std_latency_ms": 73.88611435110043, "p99_latency_ms": 439.19220623203546, "total_num_dropped": 0, "drop_rate_qps": 0.0}}]}