{"clients": [{"6": {"client_id": 0, "slo": 249, "num_jobs": 5000, "throughput_qps": 5.323888637486422, "total_num_complete": 668, "goodput_qps": 5.092761735559616, "total_num_tardy": 29, "median_tardiness_ms": 1.5499208153341897, "mean_tardiness_ms": 1.5795987183807194, "std_tardiness_ms": 0.841088300760864, "median_latency_ms": 218.7072152671335, "mean_latency_ms": 208.85145005474894, "std_latency_ms": 34.3255283753923, "p99_latency_ms": 251.41270665424227, "total_num_dropped": 4332, "drop_rate_qps": 34.52557721196285}}, {"7": {"client_id": 1, "slo": 281, "num_jobs": 5000, "throughput_qps": 6.566224383883926, "total_num_complete": 824, "goodput_qps": 6.2474756273847065, "total_num_tardy": 40, "median_tardiness_ms": 1.1978243746889348, "mean_tardiness_ms": 1.501058359526678, "std_tardiness_ms": 1.0825726392024582, "median_latency_ms": 243.03046795597038, "mean_latency_ms": 234.7282608106188, "std_latency_ms": 39.58763719648893, "p99_latency_ms": 283.3896938361497, "total_num_dropped": 4176, "drop_rate_qps": 33.27737017851853}}, {"8": {"client_id": 2, "slo": 321, "num_jobs": 5000, "throughput_qps": 10.426221574647482, "total_num_complete": 1299, "goodput_qps": 9.800166699495438, "total_num_tardy": 78, "median_tardiness_ms": 1.8473208595823962, "mean_tardiness_ms": 1.968677089553105, "std_tardiness_ms": 1.4656651257341051, "median_latency_ms": 292.6178957972006, "mean_latency_ms": 278.21382834920576, "std_latency_ms": 40.67858617279474, "p99_latency_ms": 324.18964798542805, "total_num_dropped": 3701, "drop_rate_qps": 29.705501191509107}}]}