{"clients": [{"6": {"client_id": 0, "slo": 124, "num_jobs": 5000, "throughput_qps": 3.451688269569169, "total_num_complete": 484, "goodput_qps": 3.116503664879601, "total_num_tardy": 47, "median_tardiness_ms": 1.2002203281517723, "mean_tardiness_ms": 1.3604234782067874, "std_tardiness_ms": 0.8208599605608546, "median_latency_ms": 109.62737337426734, "mean_latency_ms": 106.91787980198788, "std_latency_ms": 13.68150597362536, "p99_latency_ms": 126.38135860592931, "total_num_dropped": 4516, "drop_rate_qps": 32.20624839953381}}, {"7": {"client_id": 1, "slo": 140, "num_jobs": 5000, "throughput_qps": 4.597223948434715, "total_num_complete": 646, "goodput_qps": 4.241401661404165, "total_num_tardy": 50, "median_tardiness_ms": 1.1931191284056695, "mean_tardiness_ms": 1.5220719199378119, "std_tardiness_ms": 1.2810092636714085, "median_latency_ms": 122.00263450588318, "mean_latency_ms": 118.63303329298694, "std_latency_ms": 16.768653140582188, "p99_latency_ms": 142.97335049521115, "total_num_dropped": 4354, "drop_rate_qps": 30.985004754620356}}, {"8": {"client_id": 2, "slo": 160, "num_jobs": 5000, "throughput_qps": 6.438459590981681, "total_num_complete": 895, "goodput_qps": 5.898923871067016, "total_num_tardy": 75, "median_tardiness_ms": 1.9198986458795844, "mean_tardiness_ms": 2.204686549009481, "std_tardiness_ms": 1.5098028369727967, "median_latency_ms": 141.2351911170117, "mean_latency_ms": 136.96868044881066, "std_latency_ms": 18.910511938183404, "p99_latency_ms": 163.9277104800399, "total_num_dropped": 4105, "drop_rate_qps": 29.530588403329386}}]}