{"clients": [{"6": {"client_id": 0, "slo": 0, "num_jobs": 5000, "throughput_qps": 34.09741143042718, "total_num_complete": 4781, "goodput_qps": 0, "total_num_tardy": 4781, "median_tardiness_ms": 86.92928874092468, "mean_tardiness_ms": 89.15824451784694, "std_tardiness_ms": 11.69806254338346, "median_latency_ms": 86.92928874092468, "mean_latency_ms": 89.15824451784694, "std_latency_ms": 11.69806254338346, "p99_latency_ms": 128.33189681201765, "total_num_dropped": 219, "drop_rate_qps": 1.5618768256146314}}, {"7": {"client_id": 1, "slo": 0, "num_jobs": 5000, "throughput_qps": 28.02148674906541, "total_num_complete": 3936, "goodput_qps": 0, "total_num_tardy": 3936, "median_tardiness_ms": 95.78921025053069, "mean_tardiness_ms": 97.84483774706668, "std_tardiness_ms": 11.979706344847585, "median_latency_ms": 95.78921025053069, "mean_latency_ms": 97.84483774706668, "std_latency_ms": 11.979706344847585, "p99_latency_ms": 138.61981076095253, "total_num_dropped": 1064, "drop_rate_qps": 7.574914100865243}}, {"8": {"client_id": 2, "slo": 0, "num_jobs": 5000, "throughput_qps": 24.530272201782854, "total_num_complete": 3418, "goodput_qps": 0, "total_num_tardy": 3418, "median_tardiness_ms": 106.77631125344215, "mean_tardiness_ms": 108.71959547342958, "std_tardiness_ms": 12.411740673249945, "median_latency_ms": 106.77631125344215, "mean_latency_ms": 108.71959547342958, "std_latency_ms": 12.411740673249945, "p99_latency_ms": 152.97532273474818, "total_num_dropped": 1582, "drop_rate_qps": 11.353683622943379}}]}