{"clients": [{"6": {"client_id": 0, "slo": 312, "num_jobs": 5000, "throughput_qps": 15.447979784006598, "total_num_complete": 2166, "goodput_qps": 13.907461024382673, "total_num_tardy": 216, "median_tardiness_ms": 1.3770400565044838, "mean_tardiness_ms": 1.4062029876399804, "std_tardiness_ms": 0.8109450755236853, "median_latency_ms": 295.6096861526894, "mean_latency_ms": 279.3308754349205, "std_latency_ms": 41.658828898204206, "p99_latency_ms": 314.5596796277977, "total_num_dropped": 2834, "drop_rate_qps": 20.212176688769485}}, {"7": {"client_id": 1, "slo": 352, "num_jobs": 5000, "throughput_qps": 14.625321957401642, "total_num_complete": 2055, "goodput_qps": 13.258868519045869, "total_num_tardy": 192, "median_tardiness_ms": 1.4282789940552902, "mean_tardiness_ms": 1.6028375658835998, "std_tardiness_ms": 1.1177322249565695, "median_latency_ms": 330.31613557103265, "mean_latency_ms": 310.7341848320693, "std_latency_ms": 50.076112289529334, "p99_latency_ms": 355.02560248923504, "total_num_dropped": 2945, "drop_rate_qps": 20.959402999779968}}, {"8": {"client_id": 2, "slo": 402, "num_jobs": 5000, "throughput_qps": 12.632507577162828, "total_num_complete": 1764, "goodput_qps": 11.594121183348424, "total_num_tardy": 145, "median_tardiness_ms": 2.480905160511611, "mean_tardiness_ms": 2.778793280135281, "std_tardiness_ms": 2.0497314236527324, "median_latency_ms": 362.6767603302913, "mean_latency_ms": 344.41674359846735, "std_latency_ms": 56.55599435531563, "p99_latency_ms": 406.9346888305839, "total_num_dropped": 3236, "drop_rate_qps": 23.17391979574768}}]}