{"clients": [{"6": {"client_id": 0, "slo": 124, "num_jobs": 1000, "throughput_qps": 30.503681387315964, "total_num_complete": 1000, "goodput_qps": 3.4566836429559844, "total_num_tardy": 893, "median_tardiness_ms": 394.36744030620866, "mean_tardiness_ms": 620.4876123277949, "std_tardiness_ms": 568.6410640054424, "median_latency_ms": 457.34260647235715, "mean_latency_ms": 674.9666407374252, "std_latency_ms": 573.6937276793503, "p99_latency_ms": 1989.782959658215, "total_num_dropped": 0, "drop_rate_qps": 0.0}}, {"7": {"client_id": 1, "slo": 140, "num_jobs": 1000, "throughput_qps": 30.473355579820804, "total_num_complete": 1000, "goodput_qps": 7.514488538918296, "total_num_tardy": 766, "median_tardiness_ms": 362.45042181792087, "mean_tardiness_ms": 611.9636588650059, "std_tardiness_ms": 577.8602964843795, "median_latency_ms": 380.3731473890839, "mean_latency_ms": 599.0033947010744, "std_latency_ms": 576.5928008796454, "p99_latency_ms": 1977.3090975356174, "total_num_dropped": 0, "drop_rate_qps": 0.0}}, {"8": {"client_id": 2, "slo": 160, "num_jobs": 1000, "throughput_qps": 30.390543271624388, "total_num_complete": 1000, "goodput_qps": 8.769479748551783, "total_num_tardy": 724, "median_tardiness_ms": 380.512741098265, "mean_tardiness_ms": 624.6038453913314, "std_tardiness_ms": 572.902281109747, "median_latency_ms": 385.3264184329273, "mean_latency_ms": 598.1352363330932, "std_latency_ms": 573.5579914477952, "p99_latency_ms": 1970.5669366361312, "total_num_dropped": 0, "drop_rate_qps": 0.0}}]}