,client_id,workflow_id,job_id,was_completed,deadline,create_time,response_time
0,5794eaad-819e-456b-a1e0-32b808f2ff58,6,0,True,338,26,63.31088573728867
1,5794eaad-819e-456b-a1e0-32b808f2ff58,6,1,True,370,58,63.592489750271184
2,5794eaad-819e-456b-a1e0-32b808f2ff58,6,2,True,391,79,71.09885391212543
3,5794eaad-819e-456b-a1e0-32b808f2ff58,6,3,True,420,108,83.46919553638503
4,5794eaad-819e-456b-a1e0-32b808f2ff58,6,4,True,454,142,74.84859002171311
5,5794eaad-819e-456b-a1e0-32b808f2ff58,6,5,True,476,164,91.28117092457228
6,5794eaad-819e-456b-a1e0-32b808f2ff58,6,6,True,501,189,90.41892448171569
7,5794eaad-819e-456b-a1e0-32b808f2ff58,6,7,True,528,216,140.03039210059615
8,5794eaad-819e-456b-a1e0-32b808f2ff58,6,8,True,557,245,108.25018902382328
9,5794eaad-819e-456b-a1e0-32b808f2ff58,6,9,True,581,269,97.02547509326251
10,5794eaad-819e-456b-a1e0-32b808f2ff58,6,10,True,608,296,180.36487334617493
11,5794eaad-819e-456b-a1e0-32b808f2ff58,6,11,True,631,319,159.82391339127747
12,5794eaad-819e-456b-a1e0-32b808f2ff58,6,12,True,660,348,107.12809811252845
13,5794eaad-819e-456b-a1e0-32b808f2ff58,6,13,True,689,377,151.89801787574038
14,5794eaad-819e-456b-a1e0-32b808f2ff58,6,14,True,714,402,148.89585476509308
15,5794eaad-819e-456b-a1e0-32b808f2ff58,6,15,True,745,433,125.77618833794838
16,5794eaad-819e-456b-a1e0-32b808f2ff58,6,16,True,765,453,145.74210912006856
17,5794eaad-819e-456b-a1e0-32b808f2ff58,6,17,True,789,477,132.0019664458664
18,5794eaad-819e-456b-a1e0-32b808f2ff58,6,18,True,814,502,135.0214458856707
19,5794eaad-819e-456b-a1e0-32b808f2ff58,6,19,True,842,530,98.59577441425711
20,5794eaad-819e-456b-a1e0-32b808f2ff58,6,20,True,880,568,110.45888504456127
21,5794eaad-819e-456b-a1e0-32b808f2ff58,6,21,True,909,597,99.38885397581453
22,5794eaad-819e-456b-a1e0-32b808f2ff58,6,22,True,928,616,91.57009875688891
23,5794eaad-819e-456b-a1e0-32b808f2ff58,6,23,True,943,631,146.17862602401658
24,5794eaad-819e-456b-a1e0-32b808f2ff58,6,24,True,969,657,125.03928082671814
25,5794eaad-819e-456b-a1e0-32b808f2ff58,6,25,True,1003,691,139.3798367012588
26,5794eaad-819e-456b-a1e0-32b808f2ff58,6,26,True,1027,715,120.18212027421293
27,5794eaad-819e-456b-a1e0-32b808f2ff58,6,27,True,1048,736,144.30085138745187
28,5794eaad-819e-456b-a1e0-32b808f2ff58,6,28,True,1080,768,122.13616186575393
29,5794eaad-819e-456b-a1e0-32b808f2ff58,6,29,True,1111,799,201.50956483194614
30,5794eaad-819e-456b-a1e0-32b808f2ff58,6,30,True,1143,831,148.71156942413722
31,5794eaad-819e-456b-a1e0-32b808f2ff58,6,31,True,1168,856,193.33880861442321
32,5794eaad-819e-456b-a1e0-32b808f2ff58,6,32,True,1202,890,162.14237371959666
33,5794eaad-819e-456b-a1e0-32b808f2ff58,6,33,True,1227,915,179.88783899026998
34,5794eaad-819e-456b-a1e0-32b808f2ff58,6,34,True,1252,940,157.14024122233855
35,5794eaad-819e-456b-a1e0-32b808f2ff58,6,35,True,1283,971,178.38890900086813
36,5794eaad-819e-456b-a1e0-32b808f2ff58,6,36,True,1318,1006,197.37007717684446
37,5794eaad-819e-456b-a1e0-32b808f2ff58,6,37,True,1338,1026,173.83499561267104
38,5794eaad-819e-456b-a1e0-32b808f2ff58,6,38,True,1370,1058,198.36481129622393
39,5794eaad-819e-456b-a1e0-32b808f2ff58,6,39,True,1402,1090,157.45998021548075
40,5794eaad-819e-456b-a1e0-32b808f2ff58,6,40,True,1430,1118,191.7765780303871
41,5794eaad-819e-456b-a1e0-32b808f2ff58,6,41,True,1455,1143,181.57524515075784
42,5794eaad-819e-456b-a1e0-32b808f2ff58,6,42,True,1491,1179,189.36174521634007
43,5794eaad-819e-456b-a1e0-32b808f2ff58,6,43,True,1517,1205,147.1980075536885
44,5794eaad-819e-456b-a1e0-32b808f2ff58,6,44,True,1540,1228,189.17015688386186
45,5794eaad-819e-456b-a1e0-32b808f2ff58,6,45,True,1564,1252,124.11578858636176
46,5794eaad-819e-456b-a1e0-32b808f2ff58,6,46,True,1601,1289,174.9310314913007
47,5794eaad-819e-456b-a1e0-32b808f2ff58,6,47,True,1631,1319,135.7528432347474
48,5794eaad-819e-456b-a1e0-32b808f2ff58,6,48,True,1664,1352,165.45678430377689
49,5794eaad-819e-456b-a1e0-32b808f2ff58,6,49,True,1699,1387,192.13753672540224
50,5794eaad-819e-456b-a1e0-32b808f2ff58,6,50,True,1724,1412,144.3177780301728
51,5794eaad-819e-456b-a1e0-32b808f2ff58,6,51,True,1747,1435,131.73095450599112
52,5794eaad-819e-456b-a1e0-32b808f2ff58,6,52,True,1773,1461,199.22236167154892
53,5794eaad-819e-456b-a1e0-32b808f2ff58,6,53,True,1793,1481,156.2226782878513
54,5794eaad-819e-456b-a1e0-32b808f2ff58,6,54,True,1832,1520,167.58624057235215
55,5794eaad-819e-456b-a1e0-32b808f2ff58,6,55,True,1860,1548,188.73281246255078
56,5794eaad-819e-456b-a1e0-32b808f2ff58,6,56,True,1886,1574,160.10810444976073
57,5794eaad-819e-456b-a1e0-32b808f2ff58,6,57,True,1928,1616,146.00318299938226
58,5794eaad-819e-456b-a1e0-32b808f2ff58,6,58,True,1956,1644,112.94760986287838
59,5794eaad-819e-456b-a1e0-32b808f2ff58,6,59,True,1980,1668,114.85404115318079
60,5794eaad-819e-456b-a1e0-32b808f2ff58,6,60,True,2009,1697,146.07256648616794
61,5794eaad-819e-456b-a1e0-32b808f2ff58,6,61,True,2025,1713,150.71885765176148
62,5794eaad-819e-456b-a1e0-32b808f2ff58,6,62,True,2061,1749,145.9309303711268
63,5794eaad-819e-456b-a1e0-32b808f2ff58,6,63,True,2082,1770,142.99637806513533
64,5794eaad-819e-456b-a1e0-32b808f2ff58,6,64,True,2112,1800,209.75788948877334
65,5794eaad-819e-456b-a1e0-32b808f2ff58,6,65,True,2135,1823,189.35411655103053
66,5794eaad-819e-456b-a1e0-32b808f2ff58,6,66,True,2161,1849,157.9573849206838
67,5794eaad-819e-456b-a1e0-32b808f2ff58,6,67,True,2191,1879,204.59194592875156
68,5794eaad-819e-456b-a1e0-32b808f2ff58,6,68,True,2216,1904,182.1976211685269
69,5794eaad-819e-456b-a1e0-32b808f2ff58,6,69,True,2247,1935,193.52678172320066
70,5794eaad-819e-456b-a1e0-32b808f2ff58,6,70,True,2275,1963,170.3477761773861
71,5794eaad-819e-456b-a1e0-32b808f2ff58,6,71,True,2305,1993,150.44613466028295
72,5794eaad-819e-456b-a1e0-32b808f2ff58,6,72,True,2336,2024,150.39372190719905
73,5794eaad-819e-456b-a1e0-32b808f2ff58,6,73,True,2374,2062,152.15395480943926
74,5794eaad-819e-456b-a1e0-32b808f2ff58,6,74,True,2399,2087,158.88674170344893
75,5794eaad-819e-456b-a1e0-32b808f2ff58,6,75,True,2436,2124,141.49620730854258
76,5794eaad-819e-456b-a1e0-32b808f2ff58,6,76,True,2460,2148,115.19228543799727
77,5794eaad-819e-456b-a1e0-32b808f2ff58,6,77,True,2493,2181,152.5980686766493
78,5794eaad-819e-456b-a1e0-32b808f2ff58,6,78,True,2521,2209,132.44616549924876
79,5794eaad-819e-456b-a1e0-32b808f2ff58,6,79,True,2557,2245,139.98694864659228
80,5794eaad-819e-456b-a1e0-32b808f2ff58,6,80,True,2582,2270,125.35625960276457
81,5794eaad-819e-456b-a1e0-32b808f2ff58,6,81,True,2617,2305,113.41582258739754
82,5794eaad-819e-456b-a1e0-32b808f2ff58,6,82,True,2647,2335,133.03585229288637
83,5794eaad-819e-456b-a1e0-32b808f2ff58,6,83,True,2669,2357,130.12141578468572
84,5794eaad-819e-456b-a1e0-32b808f2ff58,6,84,True,2698,2386,106.35452394861522
85,5794eaad-819e-456b-a1e0-32b808f2ff58,6,85,True,2718,2406,137.97392054297552
86,5794eaad-819e-456b-a1e0-32b808f2ff58,6,86,True,2746,2434,120.17640807593762
87,5794eaad-819e-456b-a1e0-32b808f2ff58,6,87,True,2776,2464,137.26731345280677
88,5794eaad-819e-456b-a1e0-32b808f2ff58,6,88,True,2807,2495,121.5319927087221
89,5794eaad-819e-456b-a1e0-32b808f2ff58,6,89,True,2832,2520,141.6998187445738
90,5794eaad-819e-456b-a1e0-32b808f2ff58,6,90,True,2862,2550,125.67086823441423
91,5794eaad-819e-456b-a1e0-32b808f2ff58,6,91,True,2892,2580,106.07606383613756
92,5794eaad-819e-456b-a1e0-32b808f2ff58,6,92,True,2911,2599,141.38586877537819
93,5794eaad-819e-456b-a1e0-32b808f2ff58,6,93,True,2935,2623,120.85810515515413
94,5794eaad-819e-456b-a1e0-32b808f2ff58,6,94,True,2970,2658,132.10559386457317
95,5794eaad-819e-456b-a1e0-32b808f2ff58,6,95,True,3003,2691,148.14735221630872
96,5794eaad-819e-456b-a1e0-32b808f2ff58,6,96,True,3032,2720,136.7438681608137
97,5794eaad-819e-456b-a1e0-32b808f2ff58,6,97,True,3054,2742,126.46368962261886
98,5794eaad-819e-456b-a1e0-32b808f2ff58,6,98,True,3078,2766,148.33863571819438
99,5794eaad-819e-456b-a1e0-32b808f2ff58,6,99,True,3108,2796,124.31351392651777
100,5794eaad-819e-456b-a1e0-32b808f2ff58,6,100,True,3145,2833,112.94303993207268
101,5794eaad-819e-456b-a1e0-32b808f2ff58,6,101,True,3172,2860,138.26149178346805
102,5794eaad-819e-456b-a1e0-32b808f2ff58,6,102,True,3196,2884,122.64010066066021
103,5794eaad-819e-456b-a1e0-32b808f2ff58,6,103,True,3230,2918,119.8420657043007
104,5794eaad-819e-456b-a1e0-32b808f2ff58,6,104,True,3252,2940,108.23668028885504
105,5794eaad-819e-456b-a1e0-32b808f2ff58,6,105,True,3290,2978,110.3715177902859
106,5794eaad-819e-456b-a1e0-32b808f2ff58,6,106,True,3319,3007,99.10780708327457
107,5794eaad-819e-456b-a1e0-32b808f2ff58,6,107,True,3340,3028,142.1824868243907
108,5794eaad-819e-456b-a1e0-32b808f2ff58,6,108,True,3375,3063,139.40035746906688
109,5794eaad-819e-456b-a1e0-32b808f2ff58,6,109,True,3406,3094,88.31277949994137
110,5794eaad-819e-456b-a1e0-32b808f2ff58,6,110,True,3431,3119,166.6656731489852
111,5794eaad-819e-456b-a1e0-32b808f2ff58,6,111,True,3459,3147,115.74947286157521
112,5794eaad-819e-456b-a1e0-32b808f2ff58,6,112,True,3492,3180,108.29433795536625
113,5794eaad-819e-456b-a1e0-32b808f2ff58,6,113,True,3523,3211,159.8789899771864
114,5794eaad-819e-456b-a1e0-32b808f2ff58,6,114,True,3558,3246,127.58464862910478
115,5794eaad-819e-456b-a1e0-32b808f2ff58,6,115,True,3584,3272,149.43899540469465
116,5794eaad-819e-456b-a1e0-32b808f2ff58,6,116,True,3613,3301,108.59081854345686
117,5794eaad-819e-456b-a1e0-32b808f2ff58,6,117,True,3640,3328,104.87775242592443
118,5794eaad-819e-456b-a1e0-32b808f2ff58,6,118,True,3664,3352,121.48582296976883
119,5794eaad-819e-456b-a1e0-32b808f2ff58,6,119,True,3676,3364,94.1194327437488
120,5794eaad-819e-456b-a1e0-32b808f2ff58,6,120,True,3709,3397,151.02254138251237
121,5794eaad-819e-456b-a1e0-32b808f2ff58,6,121,True,3730,3418,132.28810648254876
122,5794eaad-819e-456b-a1e0-32b808f2ff58,6,122,True,3762,3450,174.43052820671664
123,5794eaad-819e-456b-a1e0-32b808f2ff58,6,123,True,3792,3480,123.92793493093905
124,5794eaad-819e-456b-a1e0-32b808f2ff58,6,124,True,3820,3508,143.25043405907672
125,5794eaad-819e-456b-a1e0-32b808f2ff58,6,125,True,3848,3536,145.3826587757967
126,5794eaad-819e-456b-a1e0-32b808f2ff58,6,126,True,3881,3569,150.21072601325886
127,5794eaad-819e-456b-a1e0-32b808f2ff58,6,127,True,3908,3596,134.54253480843636
128,5794eaad-819e-456b-a1e0-32b808f2ff58,6,128,True,3942,3630,150.7890274813085
129,5794eaad-819e-456b-a1e0-32b808f2ff58,6,129,True,3968,3656,115.87813304292376
130,5794eaad-819e-456b-a1e0-32b808f2ff58,6,130,True,3990,3678,144.93431243955501
131,5794eaad-819e-456b-a1e0-32b808f2ff58,6,131,True,4018,3706,114.39578159487701
132,5794eaad-819e-456b-a1e0-32b808f2ff58,6,132,True,4048,3736,147.0133360319678
133,5794eaad-819e-456b-a1e0-32b808f2ff58,6,133,True,4088,3776,124.02756811294648
134,5794eaad-819e-456b-a1e0-32b808f2ff58,6,134,True,4117,3805,103.05089023068604
135,5794eaad-819e-456b-a1e0-32b808f2ff58,6,135,True,4143,3831,130.46900292483133
136,5794eaad-819e-456b-a1e0-32b808f2ff58,6,136,True,4168,3856,145.44593531819737
137,5794eaad-819e-456b-a1e0-32b808f2ff58,6,137,True,4183,3871,140.0466941069658
138,5794eaad-819e-456b-a1e0-32b808f2ff58,6,138,True,4217,3905,109.82018945781829
139,5794eaad-819e-456b-a1e0-32b808f2ff58,6,139,True,4244,3932,140.7034508722495
140,5794eaad-819e-456b-a1e0-32b808f2ff58,6,140,True,4272,3960,122.59443954710741
141,5794eaad-819e-456b-a1e0-32b808f2ff58,6,141,True,4294,3982,138.20735885636168
142,5794eaad-819e-456b-a1e0-32b808f2ff58,6,142,True,4320,4008,152.56066028988425
143,5794eaad-819e-456b-a1e0-32b808f2ff58,6,143,True,4350,4038,131.6384382895758
144,5794eaad-819e-456b-a1e0-32b808f2ff58,6,144,True,4376,4064,131.85571052462092
145,5794eaad-819e-456b-a1e0-32b808f2ff58,6,145,True,4404,4092,117.3518262274265
146,5794eaad-819e-456b-a1e0-32b808f2ff58,6,146,True,4434,4122,133.68304641782743
147,5794eaad-819e-456b-a1e0-32b808f2ff58,6,147,True,4452,4140,98.17350243844157
148,5794eaad-819e-456b-a1e0-32b808f2ff58,6,148,True,4490,4178,131.85983881357788
149,5794eaad-819e-456b-a1e0-32b808f2ff58,6,149,True,4516,4204,113.27636666714443
150,5794eaad-819e-456b-a1e0-32b808f2ff58,6,150,True,4543,4231,113.9935874690882
151,5794eaad-819e-456b-a1e0-32b808f2ff58,6,151,True,4581,4269,101.64985067565067
152,5794eaad-819e-456b-a1e0-32b808f2ff58,6,152,True,4603,4291,100.77720838718051
153,5794eaad-819e-456b-a1e0-32b808f2ff58,6,153,True,4623,4311,153.1330063446967
154,5794eaad-819e-456b-a1e0-32b808f2ff58,6,154,True,4642,4330,131.48177193742958
155,5794eaad-819e-456b-a1e0-32b808f2ff58,6,155,True,4660,4348,136.4992806869168
156,5794eaad-819e-456b-a1e0-32b808f2ff58,6,156,True,4694,4382,132.07051098051397
157,5794eaad-819e-456b-a1e0-32b808f2ff58,6,157,True,4727,4415,144.80886514031863
158,5794eaad-819e-456b-a1e0-32b808f2ff58,6,158,True,4747,4435,111.78432389775844
159,5794eaad-819e-456b-a1e0-32b808f2ff58,6,159,True,4777,4465,107.61030734308406
160,5794eaad-819e-456b-a1e0-32b808f2ff58,6,160,True,4801,4489,111.56776818970866
161,5794eaad-819e-456b-a1e0-32b808f2ff58,6,161,True,4827,4515,152.97971421821785
162,5794eaad-819e-456b-a1e0-32b808f2ff58,6,162,True,4852,4540,177.26334285030498
163,5794eaad-819e-456b-a1e0-32b808f2ff58,6,163,True,4886,4574,148.43159068880414
164,5794eaad-819e-456b-a1e0-32b808f2ff58,6,164,True,4918,4606,137.1049417291497
165,5794eaad-819e-456b-a1e0-32b808f2ff58,6,165,True,4938,4626,169.56131352122702
166,5794eaad-819e-456b-a1e0-32b808f2ff58,6,166,True,4966,4654,135.33943288337468
167,5794eaad-819e-456b-a1e0-32b808f2ff58,6,167,True,4991,4679,194.25982907647995
168,5794eaad-819e-456b-a1e0-32b808f2ff58,6,168,True,5017,4705,145.6599584888745
169,5794eaad-819e-456b-a1e0-32b808f2ff58,6,169,True,5053,4741,157.89678298524905
170,5794eaad-819e-456b-a1e0-32b808f2ff58,6,170,True,5078,4766,125.54343302603138
171,5794eaad-819e-456b-a1e0-32b808f2ff58,6,171,True,5118,4806,122.95787292276691
172,5794eaad-819e-456b-a1e0-32b808f2ff58,6,172,True,5148,4836,148.67328843961877
173,5794eaad-819e-456b-a1e0-32b808f2ff58,6,173,True,5172,4860,133.8907047220946
174,5794eaad-819e-456b-a1e0-32b808f2ff58,6,174,True,5202,4890,144.1967640144985
175,5794eaad-819e-456b-a1e0-32b808f2ff58,6,175,True,5221,4909,141.9168629480464
176,5794eaad-819e-456b-a1e0-32b808f2ff58,6,176,True,5238,4926,144.8075774878953
177,5794eaad-819e-456b-a1e0-32b808f2ff58,6,177,True,5265,4953,123.22154725671044
178,5794eaad-819e-456b-a1e0-32b808f2ff58,6,178,True,5290,4978,143.36831833133056
179,5794eaad-819e-456b-a1e0-32b808f2ff58,6,179,True,5311,4999,140.02495366895528
180,5794eaad-819e-456b-a1e0-32b808f2ff58,6,180,True,5341,5029,117.44807122648581
181,5794eaad-819e-456b-a1e0-32b808f2ff58,6,181,True,5360,5048,158.16907972428817
182,5794eaad-819e-456b-a1e0-32b808f2ff58,6,182,True,5391,5079,150.58582056254545
183,5794eaad-819e-456b-a1e0-32b808f2ff58,6,183,True,5417,5105,152.73020564661783
184,5794eaad-819e-456b-a1e0-32b808f2ff58,6,184,True,5443,5131,129.99312483331778
185,5794eaad-819e-456b-a1e0-32b808f2ff58,6,185,True,5475,5163,145.8688060597433
186,5794eaad-819e-456b-a1e0-32b808f2ff58,6,186,True,5502,5190,163.3197283240197
187,5794eaad-819e-456b-a1e0-32b808f2ff58,6,187,True,5522,5210,128.07880854613177
188,5794eaad-819e-456b-a1e0-32b808f2ff58,6,188,True,5539,5227,126.3197283240197
189,5794eaad-819e-456b-a1e0-32b808f2ff58,6,189,True,5559,5247,163.46272399356621
190,5794eaad-819e-456b-a1e0-32b808f2ff58,6,190,True,5591,5279,129.2868001307288
191,5794eaad-819e-456b-a1e0-32b808f2ff58,6,191,True,5633,5321,114.9871476078597
192,5794eaad-819e-456b-a1e0-32b808f2ff58,6,192,True,5657,5345,113.03454881182915
193,5794eaad-819e-456b-a1e0-32b808f2ff58,6,193,True,5675,5363,120.45076238961792
194,5794eaad-819e-456b-a1e0-32b808f2ff58,6,194,True,5705,5393,140.6201837933222
195,5794eaad-819e-456b-a1e0-32b808f2ff58,6,195,True,5732,5420,121.79305288621435
196,5794eaad-819e-456b-a1e0-32b808f2ff58,6,196,True,5761,5449,131.55000398253105
197,5794eaad-819e-456b-a1e0-32b808f2ff58,6,197,True,5776,5464,104.13788103474235
198,5794eaad-819e-456b-a1e0-32b808f2ff58,6,198,True,5815,5503,155.47129347312784
199,5794eaad-819e-456b-a1e0-32b808f2ff58,6,199,True,5842,5530,111.93808104125583
200,5794eaad-819e-456b-a1e0-32b808f2ff58,6,200,True,5866,5554,139.5964094756073
201,5794eaad-819e-456b-a1e0-32b808f2ff58,6,201,True,5893,5581,132.28574055872377
202,5794eaad-819e-456b-a1e0-32b808f2ff58,6,202,True,5922,5610,136.36533860509917
203,5794eaad-819e-456b-a1e0-32b808f2ff58,6,203,True,5953,5641,132.09990553499392
204,5794eaad-819e-456b-a1e0-32b808f2ff58,6,204,True,5978,5666,104.79395399183431
205,5794eaad-819e-456b-a1e0-32b808f2ff58,6,205,True,6009,5697,124.3825418579263
206,5794eaad-819e-456b-a1e0-32b808f2ff58,6,206,True,6045,5733,133.68486270366975
207,5794eaad-819e-456b-a1e0-32b808f2ff58,6,207,True,6084,5772,137.17622481788203
208,5794eaad-819e-456b-a1e0-32b808f2ff58,6,208,True,6113,5801,135.06910271596462
209,5794eaad-819e-456b-a1e0-32b808f2ff58,6,209,True,6128,5816,123.77489596755822
210,5794eaad-819e-456b-a1e0-32b808f2ff58,6,210,True,6154,5842,146.73115567479272
211,5794eaad-819e-456b-a1e0-32b808f2ff58,6,211,True,6183,5871,122.55903410746032
212,5794eaad-819e-456b-a1e0-32b808f2ff58,6,212,True,6217,5905,165.80281788918
213,5794eaad-819e-456b-a1e0-32b808f2ff58,6,213,True,6243,5931,124.96299100016404
214,5794eaad-819e-456b-a1e0-32b808f2ff58,6,214,True,6277,5965,144.91982735797865
215,5794eaad-819e-456b-a1e0-32b808f2ff58,6,215,True,6304,5992,129.84650644751855
216,5794eaad-819e-456b-a1e0-32b808f2ff58,6,216,True,6344,6032,103.60754006928892
217,5794eaad-819e-456b-a1e0-32b808f2ff58,6,217,True,6367,6055,132.33600193507027
218,5794eaad-819e-456b-a1e0-32b808f2ff58,6,218,True,6397,6085,147.37879597280335
219,5794eaad-819e-456b-a1e0-32b808f2ff58,6,219,True,6417,6105,111.93317548276809
220,5794eaad-819e-456b-a1e0-32b808f2ff58,6,220,True,6445,6133,186.05214302947934
221,5794eaad-819e-456b-a1e0-32b808f2ff58,6,221,True,6473,6161,90.07781867552512
222,5794eaad-819e-456b-a1e0-32b808f2ff58,6,222,True,6502,6190,132.6996229405413
223,5794eaad-819e-456b-a1e0-32b808f2ff58,6,223,True,6537,6225,167.73160837592968
224,5794eaad-819e-456b-a1e0-32b808f2ff58,6,224,True,6558,6246,125.52789919938459
225,5794eaad-819e-456b-a1e0-32b808f2ff58,6,225,True,6590,6278,126.59779572161642
226,5794eaad-819e-456b-a1e0-32b808f2ff58,6,226,True,6621,6309,145.56541218284656
227,5794eaad-819e-456b-a1e0-32b808f2ff58,6,227,True,6642,6330,118.87519871198037
228,5794eaad-819e-456b-a1e0-32b808f2ff58,6,228,True,6667,6355,145.1470911715487
229,5794eaad-819e-456b-a1e0-32b808f2ff58,6,229,True,6693,6381,116.37078150674097
230,5794eaad-819e-456b-a1e0-32b808f2ff58,6,230,True,6729,6417,191.76101239179206
231,5794eaad-819e-456b-a1e0-32b808f2ff58,6,231,True,6757,6445,132.72134810540047
232,5794eaad-819e-456b-a1e0-32b808f2ff58,6,232,True,6783,6471,187.45310251645697
233,5794eaad-819e-456b-a1e0-32b808f2ff58,6,233,True,6811,6499,126.08529286659996
234,5794eaad-819e-456b-a1e0-32b808f2ff58,6,234,True,6839,6527,179.66978766006923
235,5794eaad-819e-456b-a1e0-32b808f2ff58,6,235,True,6869,6557,126.74972661004358
236,5794eaad-819e-456b-a1e0-32b808f2ff58,6,236,True,6887,6575,160.39922445410684
237,5794eaad-819e-456b-a1e0-32b808f2ff58,6,237,True,6908,6596,130.87086304199966
238,5794eaad-819e-456b-a1e0-32b808f2ff58,6,238,True,6929,6617,137.70759147478657
239,5794eaad-819e-456b-a1e0-32b808f2ff58,6,239,True,6951,6639,166.20826056855276
240,5794eaad-819e-456b-a1e0-32b808f2ff58,6,240,True,6987,6675,127.64731166641377
241,5794eaad-819e-456b-a1e0-32b808f2ff58,6,241,True,7017,6705,147.7468369694343
242,5794eaad-819e-456b-a1e0-32b808f2ff58,6,242,True,7039,6727,132.31265993778015
243,5794eaad-819e-456b-a1e0-32b808f2ff58,6,243,True,7061,6749,175.11862162079888
244,5794eaad-819e-456b-a1e0-32b808f2ff58,6,244,True,7083,6771,140.87974788275187
245,5794eaad-819e-456b-a1e0-32b808f2ff58,6,245,True,7103,6791,148.08129088863734
246,5794eaad-819e-456b-a1e0-32b808f2ff58,6,246,True,7126,6814,122.78730651331261
247,5794eaad-819e-456b-a1e0-32b808f2ff58,6,247,True,7154,6842,122.62076715787498
248,5794eaad-819e-456b-a1e0-32b808f2ff58,6,248,True,7184,6872,116.79552548312586
249,5794eaad-819e-456b-a1e0-32b808f2ff58,6,249,True,7201,6889,121.7367115810921
250,5794eaad-819e-456b-a1e0-32b808f2ff58,6,250,True,7234,6922,167.15343213370215
251,5794eaad-819e-456b-a1e0-32b808f2ff58,6,251,True,7256,6944,133.00889298797938
252,5794eaad-819e-456b-a1e0-32b808f2ff58,6,252,True,7282,6970,146.17416063904238
253,5794eaad-819e-456b-a1e0-32b808f2ff58,6,253,True,7312,7000,129.33843201203308
254,5794eaad-819e-456b-a1e0-32b808f2ff58,6,254,True,7339,7027,165.18702274757743
255,5794eaad-819e-456b-a1e0-32b808f2ff58,6,255,True,7353,7041,111.21052404982402
256,5794eaad-819e-456b-a1e0-32b808f2ff58,6,256,True,7381,7069,155.9973498528252
257,5794eaad-819e-456b-a1e0-32b808f2ff58,6,257,True,7401,7089,187.6410453847875
258,5794eaad-819e-456b-a1e0-32b808f2ff58,6,258,True,7429,7117,184.90664852819464
259,5794eaad-819e-456b-a1e0-32b808f2ff58,6,259,True,7453,7141,165.71789932346837
260,5794eaad-819e-456b-a1e0-32b808f2ff58,6,260,True,7476,7164,140.5029081020848
261,5794eaad-819e-456b-a1e0-32b808f2ff58,6,261,True,7505,7193,158.62715545613992
262,5794eaad-819e-456b-a1e0-32b808f2ff58,6,262,True,7538,7226,178.74243251490407
263,5794eaad-819e-456b-a1e0-32b808f2ff58,6,263,True,7557,7245,165.76057820664118
264,5794eaad-819e-456b-a1e0-32b808f2ff58,6,264,True,7586,7274,183.6358271826357
265,5794eaad-819e-456b-a1e0-32b808f2ff58,6,265,True,7613,7301,129.84472158702283
266,5794eaad-819e-456b-a1e0-32b808f2ff58,6,266,True,7637,7325,160.58205140770406
267,5794eaad-819e-456b-a1e0-32b808f2ff58,6,267,True,7667,7355,156.10566959836615
268,5794eaad-819e-456b-a1e0-32b808f2ff58,6,268,True,7696,7384,152.74189889121953
269,5794eaad-819e-456b-a1e0-32b808f2ff58,6,269,True,7716,7404,160.4001704597258
270,5794eaad-819e-456b-a1e0-32b808f2ff58,6,270,True,7739,7427,134.30840882356188
271,5794eaad-819e-456b-a1e0-32b808f2ff58,6,271,True,7761,7449,115.40017045972581
272,5794eaad-819e-456b-a1e0-32b808f2ff58,6,272,True,7780,7468,150.96888110095733
273,5794eaad-819e-456b-a1e0-32b808f2ff58,6,273,True,7800,7488,151.51620825115606
274,5794eaad-819e-456b-a1e0-32b808f2ff58,6,274,True,7833,7521,123.22582153120402
275,5794eaad-819e-456b-a1e0-32b808f2ff58,6,275,True,7855,7543,153.36617388826198
276,5794eaad-819e-456b-a1e0-32b808f2ff58,6,276,True,7892,7580,128.3303743165634
277,5794eaad-819e-456b-a1e0-32b808f2ff58,6,277,True,7921,7609,154.7948689506029
278,5794eaad-819e-456b-a1e0-32b808f2ff58,6,278,True,7953,7641,138.42901556402194
279,5794eaad-819e-456b-a1e0-32b808f2ff58,6,279,True,7978,7666,153.5213509981795
280,5794eaad-819e-456b-a1e0-32b808f2ff58,6,280,True,8006,7694,158.0259843410813
281,5794eaad-819e-456b-a1e0-32b808f2ff58,6,281,True,8026,7714,169.0166297574251
282,5794eaad-819e-456b-a1e0-32b808f2ff58,6,282,True,8050,7738,148.5314459558631
283,5794eaad-819e-456b-a1e0-32b808f2ff58,6,283,True,8071,7759,166.2432995712079
284,5794eaad-819e-456b-a1e0-32b808f2ff58,6,284,True,8099,7787,147.3437437325656
285,5794eaad-819e-456b-a1e0-32b808f2ff58,6,285,True,8124,7812,138.8423681079321
286,5794eaad-819e-456b-a1e0-32b808f2ff58,6,286,True,8149,7837,156.5253735395545
287,5794eaad-819e-456b-a1e0-32b808f2ff58,6,287,True,8173,7861,185.81744439542854
288,5794eaad-819e-456b-a1e0-32b808f2ff58,6,288,True,8205,7893,132.36149551538347
289,5794eaad-819e-456b-a1e0-32b808f2ff58,6,289,True,8232,7920,152.4182106231474
290,5794eaad-819e-456b-a1e0-32b808f2ff58,6,290,True,8257,7945,130.69742010419122
291,5794eaad-819e-456b-a1e0-32b808f2ff58,6,291,True,8278,7966,190.22015597182872
292,5794eaad-819e-456b-a1e0-32b808f2ff58,6,292,True,8316,8004,198.23801627659668
293,5794eaad-819e-456b-a1e0-32b808f2ff58,6,293,True,8334,8022,205.53610181048316
294,5794eaad-819e-456b-a1e0-32b808f2ff58,6,294,True,8363,8051,129.2610891731665
295,5794eaad-819e-456b-a1e0-32b808f2ff58,6,295,True,8384,8072,159.34384046639389
296,5794eaad-819e-456b-a1e0-32b808f2ff58,6,296,True,8407,8095,187.73845813810476
297,5794eaad-819e-456b-a1e0-32b808f2ff58,6,297,True,8429,8117,168.05121600908205
298,5794eaad-819e-456b-a1e0-32b808f2ff58,6,298,True,8459,8147,190.74441227476746
299,5794eaad-819e-456b-a1e0-32b808f2ff58,6,299,True,8484,8172,143.82182881978952
300,5794eaad-819e-456b-a1e0-32b808f2ff58,6,300,True,8510,8198,147.91589297283826
301,5794eaad-819e-456b-a1e0-32b808f2ff58,6,301,True,8537,8225,134.8209996898422
302,5794eaad-819e-456b-a1e0-32b808f2ff58,6,302,True,8564,8252,177.5618807382034
303,5794eaad-819e-456b-a1e0-32b808f2ff58,6,303,True,8596,8284,142.9735946185192
304,5794eaad-819e-456b-a1e0-32b808f2ff58,6,304,True,8622,8310,176.76104103297985
305,5794eaad-819e-456b-a1e0-32b808f2ff58,6,305,True,8658,8346,189.699134320932
306,5794eaad-819e-456b-a1e0-32b808f2ff58,6,306,True,8688,8376,150.00628163254805
307,5794eaad-819e-456b-a1e0-32b808f2ff58,6,307,True,8709,8397,158.21860274771643
308,5794eaad-819e-456b-a1e0-32b808f2ff58,6,308,True,8739,8427,153.72559473091678
309,5794eaad-819e-456b-a1e0-32b808f2ff58,6,309,True,8760,8448,142.03851629905148
310,5794eaad-819e-456b-a1e0-32b808f2ff58,6,310,True,8784,8472,144.88269516733817
311,5794eaad-819e-456b-a1e0-32b808f2ff58,6,311,True,8809,8497,132.41374567412277
312,5794eaad-819e-456b-a1e0-32b808f2ff58,6,312,True,8830,8518,162.87749103887472
313,5794eaad-819e-456b-a1e0-32b808f2ff58,6,313,True,8863,8551,177.08364786102356
314,5794eaad-819e-456b-a1e0-32b808f2ff58,6,314,True,8886,8574,175.68724075718274
315,5794eaad-819e-456b-a1e0-32b808f2ff58,6,315,True,8917,8605,171.5188389474406
316,5794eaad-819e-456b-a1e0-32b808f2ff58,6,316,True,8948,8636,188.56743317385008
317,5794eaad-819e-456b-a1e0-32b808f2ff58,6,317,True,8972,8660,166.66107877024479
318,5794eaad-819e-456b-a1e0-32b808f2ff58,6,318,True,9001,8689,185.7021106588527
319,5794eaad-819e-456b-a1e0-32b808f2ff58,6,319,True,9028,8716,138.24689370635497
320,5794eaad-819e-456b-a1e0-32b808f2ff58,6,320,True,9049,8737,135.31631561276845
321,5794eaad-819e-456b-a1e0-32b808f2ff58,6,321,True,9077,8765,177.86916677521185
322,5794eaad-819e-456b-a1e0-32b808f2ff58,6,322,True,9115,8803,154.3675969097967
323,5794eaad-819e-456b-a1e0-32b808f2ff58,6,323,True,9146,8834,115.38758558895097
324,5794eaad-819e-456b-a1e0-32b808f2ff58,6,324,True,9175,8863,112.16830909538112
325,5794eaad-819e-456b-a1e0-32b808f2ff58,6,325,True,9202,8890,120.90262868859645
326,5794eaad-819e-456b-a1e0-32b808f2ff58,6,326,True,9229,8917,102.36294515115878
327,5794eaad-819e-456b-a1e0-32b808f2ff58,6,327,True,9250,8938,130.66442165186527
328,5794eaad-819e-456b-a1e0-32b808f2ff58,6,328,True,9285,8973,98.83135127659443
329,5794eaad-819e-456b-a1e0-32b808f2ff58,6,329,True,9314,9002,181.88358575122766
330,5794eaad-819e-456b-a1e0-32b808f2ff58,6,330,True,9331,9019,167.0985426415009
331,5794eaad-819e-456b-a1e0-32b808f2ff58,6,331,True,9364,9052,185.81869378635383
332,5794eaad-819e-456b-a1e0-32b808f2ff58,6,332,True,9389,9077,130.56230483546642
333,5794eaad-819e-456b-a1e0-32b808f2ff58,6,333,True,9417,9105,188.50707642420093
334,5794eaad-819e-456b-a1e0-32b808f2ff58,6,334,True,9442,9130,138.24058747693562
335,5794eaad-819e-456b-a1e0-32b808f2ff58,6,335,True,9474,9162,177.56929903525997
336,5794eaad-819e-456b-a1e0-32b808f2ff58,6,336,True,9497,9185,200.50776885644518
337,5794eaad-819e-456b-a1e0-32b808f2ff58,6,337,True,9518,9206,157.7930531593047
338,5794eaad-819e-456b-a1e0-32b808f2ff58,6,338,True,9546,9234,155.87547108615763
339,5794eaad-819e-456b-a1e0-32b808f2ff58,6,339,True,9583,9271,144.02366817866823
340,5794eaad-819e-456b-a1e0-32b808f2ff58,6,340,True,9612,9300,166.10843901237058
341,5794eaad-819e-456b-a1e0-32b808f2ff58,6,341,True,9633,9321,140.38822384022023
342,5794eaad-819e-456b-a1e0-32b808f2ff58,6,342,True,9661,9349,120.34133872550046
343,5794eaad-819e-456b-a1e0-32b808f2ff58,6,343,True,9679,9367,124.68735743093566
344,5794eaad-819e-456b-a1e0-32b808f2ff58,6,344,True,9702,9390,156.4100329132034
345,5794eaad-819e-456b-a1e0-32b808f2ff58,6,345,True,9725,9413,135.50176054441545
346,5794eaad-819e-456b-a1e0-32b808f2ff58,6,346,True,9754,9442,148.18795369015425
347,5794eaad-819e-456b-a1e0-32b808f2ff58,6,347,True,9786,9474,181.97810543026753
348,5794eaad-819e-456b-a1e0-32b808f2ff58,6,348,True,9814,9502,132.29099375442274
349,5794eaad-819e-456b-a1e0-32b808f2ff58,6,349,True,9840,9528,199.84982259171557
350,5794eaad-819e-456b-a1e0-32b808f2ff58,6,350,True,9861,9549,154.48440661656423
351,5794eaad-819e-456b-a1e0-32b808f2ff58,6,351,True,9887,9575,190.83696290068656
352,5794eaad-819e-456b-a1e0-32b808f2ff58,6,352,True,9917,9605,177.16632311295507
353,5794eaad-819e-456b-a1e0-32b808f2ff58,6,353,True,9948,9636,216.0243843006574
354,5794eaad-819e-456b-a1e0-32b808f2ff58,6,354,True,9971,9659,179.15655419524592
355,5794eaad-819e-456b-a1e0-32b808f2ff58,6,355,True,10004,9692,146.15655419524592
356,5794eaad-819e-456b-a1e0-32b808f2ff58,6,356,True,10034,9722,161.80425360709523
357,5794eaad-819e-456b-a1e0-32b808f2ff58,6,357,True,10054,9742,191.89454778124855
358,5794eaad-819e-456b-a1e0-32b808f2ff58,6,358,True,10085,9773,137.9243606236887
359,5794eaad-819e-456b-a1e0-32b808f2ff58,6,359,True,10119,9807,181.9792534604021
360,5794eaad-819e-456b-a1e0-32b808f2ff58,6,360,True,10149,9837,158.20310106302531
361,5794eaad-819e-456b-a1e0-32b808f2ff58,6,361,True,10172,9860,177.61273614805214
362,5794eaad-819e-456b-a1e0-32b808f2ff58,6,362,True,10194,9882,138.37434151286652
363,5794eaad-819e-456b-a1e0-32b808f2ff58,6,363,True,10220,9908,129.61273614805214
364,5794eaad-819e-456b-a1e0-32b808f2ff58,6,364,True,10253,9941,142.0414227655874
365,5794eaad-819e-456b-a1e0-32b808f2ff58,6,365,True,10277,9965,154.30618058708205
366,5794eaad-819e-456b-a1e0-32b808f2ff58,6,366,True,10306,9994,105.20428901120977
367,5794eaad-819e-456b-a1e0-32b808f2ff58,6,367,True,10336,10024,98.77916927929436
368,5794eaad-819e-456b-a1e0-32b808f2ff58,6,368,True,10365,10053,126.03115967571102
369,5794eaad-819e-456b-a1e0-32b808f2ff58,6,369,True,10397,10085,119.332574487491
370,5794eaad-819e-456b-a1e0-32b808f2ff58,6,370,True,10432,10120,111.46813902298709
371,5794eaad-819e-456b-a1e0-32b808f2ff58,6,371,True,10459,10147,134.23401715066757
372,5794eaad-819e-456b-a1e0-32b808f2ff58,6,372,True,10483,10171,117.87993840325362
373,5794eaad-819e-456b-a1e0-32b808f2ff58,6,373,True,10513,10201,165.23457975938618
374,5794eaad-819e-456b-a1e0-32b808f2ff58,6,374,True,10534,10222,141.55267486920638
375,5794eaad-819e-456b-a1e0-32b808f2ff58,6,375,True,10556,10244,146.91903916350566
376,5794eaad-819e-456b-a1e0-32b808f2ff58,6,376,True,10576,10264,124.2416393458443
377,5794eaad-819e-456b-a1e0-32b808f2ff58,6,377,True,10600,10288,155.09678625853485
378,5794eaad-819e-456b-a1e0-32b808f2ff58,6,378,True,10630,10318,120.1255912890465
379,5794eaad-819e-456b-a1e0-32b808f2ff58,6,379,True,10653,10341,99.8451355546531
380,5794eaad-819e-456b-a1e0-32b808f2ff58,6,380,True,10688,10376,117.28379714630319
381,5794eaad-819e-456b-a1e0-32b808f2ff58,6,381,True,10717,10405,141.14216087763816
382,5794eaad-819e-456b-a1e0-32b808f2ff58,6,382,True,10743,10431,117.56414912065702
383,5794eaad-819e-456b-a1e0-32b808f2ff58,6,383,True,10771,10459,143.38006143176062
384,5794eaad-819e-456b-a1e0-32b808f2ff58,6,384,True,10793,10481,119.1888235012575
385,5794eaad-819e-456b-a1e0-32b808f2ff58,6,385,True,10812,10500,275.5776512472585
386,5794eaad-819e-456b-a1e0-32b808f2ff58,6,386,True,10835,10523,256.61754137630123
387,5794eaad-819e-456b-a1e0-32b808f2ff58,6,387,True,10859,10547,199.01338134596517
388,5794eaad-819e-456b-a1e0-32b808f2ff58,6,388,True,10890,10578,230.33996189606296
389,5794eaad-819e-456b-a1e0-32b808f2ff58,6,389,True,10919,10607,215.47095952232485
390,5794eaad-819e-456b-a1e0-32b808f2ff58,6,390,True,10951,10639,225.22807483918587
391,5794eaad-819e-456b-a1e0-32b808f2ff58,6,391,True,10980,10668,206.22012668275784
392,5794eaad-819e-456b-a1e0-32b808f2ff58,6,392,True,11008,10696,214.73913507444377
393,5794eaad-819e-456b-a1e0-32b808f2ff58,6,393,True,11033,10721,207.51105671746518
394,5794eaad-819e-456b-a1e0-32b808f2ff58,6,394,True,11053,10741,194.72606080529113
395,5794eaad-819e-456b-a1e0-32b808f2ff58,6,395,True,11084,10772,196.14938701808205
396,5794eaad-819e-456b-a1e0-32b808f2ff58,6,396,True,11115,10803,205.84883596536747
397,5794eaad-819e-456b-a1e0-32b808f2ff58,6,397,True,11138,10826,205.7125809926365
398,5794eaad-819e-456b-a1e0-32b808f2ff58,6,398,True,11171,10859,238.82708690057189
399,5794eaad-819e-456b-a1e0-32b808f2ff58,6,399,True,11195,10883,187.39926919701247
400,5794eaad-819e-456b-a1e0-32b808f2ff58,6,400,True,11220,10908,168.44909410488435
401,5794eaad-819e-456b-a1e0-32b808f2ff58,6,401,True,11257,10945,173.68596265535598
402,5794eaad-819e-456b-a1e0-32b808f2ff58,6,402,True,11296,10984,172.5147940138031
403,5794eaad-819e-456b-a1e0-32b808f2ff58,6,403,True,11318,11006,168.18767808948178
404,5794eaad-819e-456b-a1e0-32b808f2ff58,6,404,True,11353,11041,125.08995457246056
405,5794eaad-819e-456b-a1e0-32b808f2ff58,6,405,True,11386,11074,169.55330185792445
406,5794eaad-819e-456b-a1e0-32b808f2ff58,6,406,True,11410,11098,135.3328071318665
407,5794eaad-819e-456b-a1e0-32b808f2ff58,6,407,True,11449,11137,153.27414578859498
408,5794eaad-819e-456b-a1e0-32b808f2ff58,6,408,True,11471,11159,128.8267404642611
409,5794eaad-819e-456b-a1e0-32b808f2ff58,6,409,True,11508,11196,118.3796904521405
410,5794eaad-819e-456b-a1e0-32b808f2ff58,6,410,True,11539,11227,140.85989719737336
411,5794eaad-819e-456b-a1e0-32b808f2ff58,6,411,True,11578,11266,117.58530953936679
412,5794eaad-819e-456b-a1e0-32b808f2ff58,6,412,True,11612,11300,109.63923035197695
413,5794eaad-819e-456b-a1e0-32b808f2ff58,6,413,True,11637,11325,157.3299391260516
414,5794eaad-819e-456b-a1e0-32b808f2ff58,6,414,True,11660,11348,124.95292445471932
415,5794eaad-819e-456b-a1e0-32b808f2ff58,6,415,True,11685,11373,155.90168985751552
416,5794eaad-819e-456b-a1e0-32b808f2ff58,6,416,True,11703,11391,142.48233521696784
417,5794eaad-819e-456b-a1e0-32b808f2ff58,6,417,True,11731,11419,159.1382963831711
418,5794eaad-819e-456b-a1e0-32b808f2ff58,6,418,True,11756,11444,139.1705579912923
419,5794eaad-819e-456b-a1e0-32b808f2ff58,6,419,True,11791,11479,147.23008642418608
420,5794eaad-819e-456b-a1e0-32b808f2ff58,6,420,True,11814,11502,126.75326657332698
421,5794eaad-819e-456b-a1e0-32b808f2ff58,6,421,True,11849,11537,96.54521801738338
422,5794eaad-819e-456b-a1e0-32b808f2ff58,6,422,True,11884,11572,92.79525427544831
423,5794eaad-819e-456b-a1e0-32b808f2ff58,6,423,True,11922,11610,93.89260652352641
424,5794eaad-819e-456b-a1e0-32b808f2ff58,6,424,True,11954,11642,127.90219288605476
425,5794eaad-819e-456b-a1e0-32b808f2ff58,6,425,True,11981,11669,112.78934700125137
426,5794eaad-819e-456b-a1e0-32b808f2ff58,6,426,True,12013,11701,165.44994061652324
427,5794eaad-819e-456b-a1e0-32b808f2ff58,6,427,True,12039,11727,119.20279183608181
428,5794eaad-819e-456b-a1e0-32b808f2ff58,6,428,True,12062,11750,234.3859058960079
429,5794eaad-819e-456b-a1e0-32b808f2ff58,6,429,True,12087,11775,183.54567910857259
430,5794eaad-819e-456b-a1e0-32b808f2ff58,6,430,True,12111,11799,161.77666184445297
431,5794eaad-819e-456b-a1e0-32b808f2ff58,6,431,True,12126,11814,210.2470716695807
432,5794eaad-819e-456b-a1e0-32b808f2ff58,6,432,True,12152,11840,180.29418282388178
433,5794eaad-819e-456b-a1e0-32b808f2ff58,6,433,True,12185,11873,200.0953302191101
434,5794eaad-819e-456b-a1e0-32b808f2ff58,6,434,True,12211,11899,223.93582605234587
435,5794eaad-819e-456b-a1e0-32b808f2ff58,6,435,True,12250,11938,177.1695051145889
436,5794eaad-819e-456b-a1e0-32b808f2ff58,6,436,True,12279,11967,179.78435653992165
437,5794eaad-819e-456b-a1e0-32b808f2ff58,6,437,True,12318,12006,207.73888164668824
438,5794eaad-819e-456b-a1e0-32b808f2ff58,6,438,True,12347,12035,165.45136754701707
439,5794eaad-819e-456b-a1e0-32b808f2ff58,6,439,True,12370,12058,186.14870093974423
440,5794eaad-819e-456b-a1e0-32b808f2ff58,6,440,True,12393,12081,189.43130046361875
441,5794eaad-819e-456b-a1e0-32b808f2ff58,6,441,True,12425,12113,157.43130046361875
442,5794eaad-819e-456b-a1e0-32b808f2ff58,6,442,True,12451,12139,151.69585733299027
443,5794eaad-819e-456b-a1e0-32b808f2ff58,6,443,True,12482,12170,151.78577986349956
444,5794eaad-819e-456b-a1e0-32b808f2ff58,6,444,True,12515,12203,189.52318893736265
445,5794eaad-819e-456b-a1e0-32b808f2ff58,6,445,True,12538,12226,121.66494211860481
446,5794eaad-819e-456b-a1e0-32b808f2ff58,6,446,True,12567,12255,188.3638908887442
447,5794eaad-819e-456b-a1e0-32b808f2ff58,6,447,True,12591,12279,119.38694596232563
448,5794eaad-819e-456b-a1e0-32b808f2ff58,6,448,True,12625,12313,177.50492672039582
449,5794eaad-819e-456b-a1e0-32b808f2ff58,6,449,True,12655,12343,125.93379859154265
450,5794eaad-819e-456b-a1e0-32b808f2ff58,6,450,True,12674,12362,131.5178208731686
451,5794eaad-819e-456b-a1e0-32b808f2ff58,6,451,True,12700,12388,146.55921816857153
452,5794eaad-819e-456b-a1e0-32b808f2ff58,6,452,True,12731,12419,153.63953159572338
453,5794eaad-819e-456b-a1e0-32b808f2ff58,6,453,True,12750,12438,132.26888451471314
454,5794eaad-819e-456b-a1e0-32b808f2ff58,6,454,True,12781,12469,167.90599392069635
455,5794eaad-819e-456b-a1e0-32b808f2ff58,6,455,True,12815,12503,148.61270497430633
456,5794eaad-819e-456b-a1e0-32b808f2ff58,6,456,True,12842,12530,133.5805779859602
457,5794eaad-819e-456b-a1e0-32b808f2ff58,6,457,True,12875,12563,138.4050000077841
458,5794eaad-819e-456b-a1e0-32b808f2ff58,6,458,True,12906,12594,110.59996565874462
459,5794eaad-819e-456b-a1e0-32b808f2ff58,6,459,True,12930,12618,190.82349838773916
460,5794eaad-819e-456b-a1e0-32b808f2ff58,6,460,True,12963,12651,144.2717332944012
461,5794eaad-819e-456b-a1e0-32b808f2ff58,6,461,True,12994,12682,166.18175131412136
462,5794eaad-819e-456b-a1e0-32b808f2ff58,6,462,True,13025,12713,144.9866375239635
463,5794eaad-819e-456b-a1e0-32b808f2ff58,6,463,True,13055,12743,156.26819511552458
464,5794eaad-819e-456b-a1e0-32b808f2ff58,6,464,True,13077,12765,117.63092042860808
465,5794eaad-819e-456b-a1e0-32b808f2ff58,6,465,True,13112,12800,149.9787528557281
466,5794eaad-819e-456b-a1e0-32b808f2ff58,6,466,True,13145,12833,177.719001822692
467,5794eaad-819e-456b-a1e0-32b808f2ff58,6,467,True,13170,12858,157.33656536008493
468,5794eaad-819e-456b-a1e0-32b808f2ff58,6,468,True,13192,12880,150.27896717537442
469,5794eaad-819e-456b-a1e0-32b808f2ff58,6,469,True,13226,12914,168.6530849709834
470,5794eaad-819e-456b-a1e0-32b808f2ff58,6,470,True,13256,12944,136.02417287467324
471,5794eaad-819e-456b-a1e0-32b808f2ff58,6,471,True,13286,12974,155.07663120319557
472,5794eaad-819e-456b-a1e0-32b808f2ff58,6,472,True,13318,13006,145.62230246380568
473,5794eaad-819e-456b-a1e0-32b808f2ff58,6,473,True,13350,13038,116.27510501017423
474,5794eaad-819e-456b-a1e0-32b808f2ff58,6,474,True,13392,13080,129.1931917151469
475,5794eaad-819e-456b-a1e0-32b808f2ff58,6,475,True,13423,13111,122.8500751710053
476,5794eaad-819e-456b-a1e0-32b808f2ff58,6,476,True,13447,13135,120.30141416796323
477,5794eaad-819e-456b-a1e0-32b808f2ff58,6,477,True,13465,13153,128.2485111486003
478,5794eaad-819e-456b-a1e0-32b808f2ff58,6,478,True,13490,13178,150.37121444727927
479,5794eaad-819e-456b-a1e0-32b808f2ff58,6,479,True,13522,13210,124.822330844916
480,5794eaad-819e-456b-a1e0-32b808f2ff58,6,480,True,13554,13242,136.0112969829679
481,5794eaad-819e-456b-a1e0-32b808f2ff58,6,481,True,13582,13270,105.44339631978255
482,5794eaad-819e-456b-a1e0-32b808f2ff58,6,482,True,13613,13301,159.20551149316634
483,5794eaad-819e-456b-a1e0-32b808f2ff58,6,483,True,13640,13328,150.79718010974102
484,5794eaad-819e-456b-a1e0-32b808f2ff58,6,484,True,13662,13350,133.98686294680738
485,5794eaad-819e-456b-a1e0-32b808f2ff58,6,485,True,13693,13381,128.98094918630704
486,5794eaad-819e-456b-a1e0-32b808f2ff58,6,486,True,13712,13400,153.41558270530732
487,5794eaad-819e-456b-a1e0-32b808f2ff58,6,487,True,13742,13430,130.3244741438357
488,5794eaad-819e-456b-a1e0-32b808f2ff58,6,488,True,13782,13470,197.6977807006515
489,5794eaad-819e-456b-a1e0-32b808f2ff58,6,489,True,13809,13497,113.35183775280348
490,5794eaad-819e-456b-a1e0-32b808f2ff58,6,490,True,13835,13523,174.23970447420652
491,5794eaad-819e-456b-a1e0-32b808f2ff58,6,491,True,13861,13549,171.0131597160198
492,5794eaad-819e-456b-a1e0-32b808f2ff58,6,492,True,13897,13585,187.78478971869845
493,5794eaad-819e-456b-a1e0-32b808f2ff58,6,493,True,13920,13608,168.23187388495717
494,5794eaad-819e-456b-a1e0-32b808f2ff58,6,494,True,13950,13638,156.80177490714414
495,5794eaad-819e-456b-a1e0-32b808f2ff58,6,495,True,13984,13672,173.08985214377753
496,5794eaad-819e-456b-a1e0-32b808f2ff58,6,496,True,14027,13715,134.80296859072587
497,5794eaad-819e-456b-a1e0-32b808f2ff58,6,497,True,14059,13747,155.47107243784922
498,5794eaad-819e-456b-a1e0-32b808f2ff58,6,498,True,14080,13768,117.16861217916085
499,5794eaad-819e-456b-a1e0-32b808f2ff58,6,499,True,14117,13805,105.57609521120139
500,5794eaad-819e-456b-a1e0-32b808f2ff58,6,500,True,14150,13838,136.9919342939029
501,5794eaad-819e-456b-a1e0-32b808f2ff58,6,501,True,14170,13858,99.05379689836809
502,5794eaad-819e-456b-a1e0-32b808f2ff58,6,502,True,14201,13889,185.98073222345192
503,5794eaad-819e-456b-a1e0-32b808f2ff58,6,503,True,14224,13912,159.72390898876438
504,5794eaad-819e-456b-a1e0-32b808f2ff58,6,504,True,14241,13929,244.50043878192264
505,5794eaad-819e-456b-a1e0-32b808f2ff58,6,505,True,14265,13953,189.74782449969462
506,5794eaad-819e-456b-a1e0-32b808f2ff58,6,506,True,14290,13978,214.11366450796595
507,5794eaad-819e-456b-a1e0-32b808f2ff58,6,507,True,14316,14004,209.17182799180773
508,5794eaad-819e-456b-a1e0-32b808f2ff58,6,508,True,14345,14033,229.37946611065854
509,5794eaad-819e-456b-a1e0-32b808f2ff58,6,509,True,14377,14065,181.99381968220587
510,5794eaad-819e-456b-a1e0-32b808f2ff58,6,510,True,14404,14092,223.28538725347425
511,5794eaad-819e-456b-a1e0-32b808f2ff58,6,511,True,14425,14113,209.7095279344303
512,5794eaad-819e-456b-a1e0-32b808f2ff58,6,512,True,14455,14143,220.78915018564658
513,5794eaad-819e-456b-a1e0-32b808f2ff58,6,513,True,14484,14172,191.78915018564658
514,5794eaad-819e-456b-a1e0-32b808f2ff58,6,514,True,14509,14197,202.1623120535951
515,5794eaad-819e-456b-a1e0-32b808f2ff58,6,515,True,14528,14216,247.8359937389887
516,5794eaad-819e-456b-a1e0-32b808f2ff58,6,516,True,14541,14229,187.67913447633146
517,5794eaad-819e-456b-a1e0-32b808f2ff58,6,517,True,14567,14255,208.8359937389887
518,5794eaad-819e-456b-a1e0-32b808f2ff58,6,518,True,14596,14284,188.48176790362777
519,5794eaad-819e-456b-a1e0-32b808f2ff58,6,519,True,14629,14317,187.8742527013419
520,5794eaad-819e-456b-a1e0-32b808f2ff58,6,520,True,14651,14339,150.7051517144646
521,5794eaad-819e-456b-a1e0-32b808f2ff58,6,521,True,14681,14369,188.78117661283977
522,5794eaad-819e-456b-a1e0-32b808f2ff58,6,522,True,14712,14400,191.97851170291688
523,5794eaad-819e-456b-a1e0-32b808f2ff58,6,523,True,14737,14425,184.10266257680814
524,5794eaad-819e-456b-a1e0-32b808f2ff58,6,524,True,14756,14444,198.9993020827951
525,5794eaad-819e-456b-a1e0-32b808f2ff58,6,525,True,14784,14472,170.9993020827951
526,5794eaad-819e-456b-a1e0-32b808f2ff58,6,526,True,14811,14499,155.5653408136368
527,5794eaad-819e-456b-a1e0-32b808f2ff58,6,527,True,14839,14527,184.94256906607188
528,5794eaad-819e-456b-a1e0-32b808f2ff58,6,528,True,14858,14546,174.19082970046475
529,5794eaad-819e-456b-a1e0-32b808f2ff58,6,529,True,14881,14569,148.416411835693
530,5794eaad-819e-456b-a1e0-32b808f2ff58,6,530,True,14916,14604,201.36433112919622
531,5794eaad-819e-456b-a1e0-32b808f2ff58,6,531,True,14938,14626,208.15983583102388
532,5794eaad-819e-456b-a1e0-32b808f2ff58,6,532,True,14968,14656,188.55033401478067
533,5794eaad-819e-456b-a1e0-32b808f2ff58,6,533,True,14997,14685,184.5789804482265
534,5794eaad-819e-456b-a1e0-32b808f2ff58,6,534,True,15020,14708,173.68413987002532
535,5794eaad-819e-456b-a1e0-32b808f2ff58,6,535,True,15038,14726,168.9747488739813
536,5794eaad-819e-456b-a1e0-32b808f2ff58,6,536,True,15062,14750,155.64388480565322
537,5794eaad-819e-456b-a1e0-32b808f2ff58,6,537,True,15094,14782,186.03382941948075
538,5794eaad-819e-456b-a1e0-32b808f2ff58,6,538,True,15119,14807,217.16473122732896
539,5794eaad-819e-456b-a1e0-32b808f2ff58,6,539,True,15154,14842,136.3718305543698
540,5794eaad-819e-456b-a1e0-32b808f2ff58,6,540,True,15181,14869,162.5208000128623
541,5794eaad-819e-456b-a1e0-32b808f2ff58,6,541,True,15209,14897,148.01229145111938
542,5794eaad-819e-456b-a1e0-32b808f2ff58,6,542,True,15245,14933,175.81892507591147
543,5794eaad-819e-456b-a1e0-32b808f2ff58,6,543,True,15269,14957,139.71814955259651
544,5794eaad-819e-456b-a1e0-32b808f2ff58,6,544,True,15305,14993,127.97605937395565
545,5794eaad-819e-456b-a1e0-32b808f2ff58,6,545,True,15335,15023,126.89168488261566
546,5794eaad-819e-456b-a1e0-32b808f2ff58,6,546,True,15367,15055,149.24903248330702
547,5794eaad-819e-456b-a1e0-32b808f2ff58,6,547,True,15389,15077,134.60241082833818
548,5794eaad-819e-456b-a1e0-32b808f2ff58,6,548,True,15433,15121,132.88152486260697
549,5794eaad-819e-456b-a1e0-32b808f2ff58,6,549,True,15467,15155,140.48157836658356
550,5794eaad-819e-456b-a1e0-32b808f2ff58,6,550,True,15494,15182,124.76434624411559
551,5794eaad-819e-456b-a1e0-32b808f2ff58,6,551,True,15519,15207,152.2479617734407
552,5794eaad-819e-456b-a1e0-32b808f2ff58,6,552,True,15541,15229,165.88241304136318
553,5794eaad-819e-456b-a1e0-32b808f2ff58,6,553,True,15584,15272,122.88241304136318
554,5794eaad-819e-456b-a1e0-32b808f2ff58,6,554,True,15614,15302,107.38040215744695
555,5794eaad-819e-456b-a1e0-32b808f2ff58,6,555,True,15646,15334,125.73703215279784
556,5794eaad-819e-456b-a1e0-32b808f2ff58,6,556,True,15669,15357,111.1006572854767
557,5794eaad-819e-456b-a1e0-32b808f2ff58,6,557,True,15691,15379,146.950480689522
558,5794eaad-819e-456b-a1e0-32b808f2ff58,6,558,True,15716,15404,136.3618443146861
559,5794eaad-819e-456b-a1e0-32b808f2ff58,6,559,True,15743,15431,146.17287399448105
560,5794eaad-819e-456b-a1e0-32b808f2ff58,6,560,True,15773,15461,112.79547495726365
561,5794eaad-819e-456b-a1e0-32b808f2ff58,6,561,True,15795,15483,160.48470110252129
562,5794eaad-819e-456b-a1e0-32b808f2ff58,6,562,True,15825,15513,128.22257947622347
563,5794eaad-819e-456b-a1e0-32b808f2ff58,6,563,True,15854,15542,123.48607237367833
564,5794eaad-819e-456b-a1e0-32b808f2ff58,6,564,True,15877,15565,208.0877770412808
565,5794eaad-819e-456b-a1e0-32b808f2ff58,6,565,True,15901,15589,157.4840437073035
566,5794eaad-819e-456b-a1e0-32b808f2ff58,6,566,True,15929,15617,131.54805752825268
567,5794eaad-819e-456b-a1e0-32b808f2ff58,6,567,True,15943,15631,165.19034562347588
568,5794eaad-819e-456b-a1e0-32b808f2ff58,6,568,True,15970,15658,217.80426112681562
569,5794eaad-819e-456b-a1e0-32b808f2ff58,6,569,True,15995,15683,166.43840912254564
570,5794eaad-819e-456b-a1e0-32b808f2ff58,6,570,True,16010,15698,149.12107623537304
571,5794eaad-819e-456b-a1e0-32b808f2ff58,6,571,True,16040,15728,145.10241127006339
572,5794eaad-819e-456b-a1e0-32b808f2ff58,6,572,True,16067,15755,167.8269938380472
573,5794eaad-819e-456b-a1e0-32b808f2ff58,6,573,True,16095,15783,142.20125144928716
574,5794eaad-819e-456b-a1e0-32b808f2ff58,6,574,True,16116,15804,145.86032538082145
575,5794eaad-819e-456b-a1e0-32b808f2ff58,6,575,True,16141,15829,192.26840886768878
576,5794eaad-819e-456b-a1e0-32b808f2ff58,6,576,True,16164,15852,152.33752060216648
577,5794eaad-819e-456b-a1e0-32b808f2ff58,6,577,True,16208,15896,131.58899123690753
578,5794eaad-819e-456b-a1e0-32b808f2ff58,6,578,True,16238,15926,170.2501810993581
579,5794eaad-819e-456b-a1e0-32b808f2ff58,6,579,True,16273,15961,151.73029772893278
580,5794eaad-819e-456b-a1e0-32b808f2ff58,6,580,True,16304,15992,130.0806996419069
581,5794eaad-819e-456b-a1e0-32b808f2ff58,6,581,True,16343,16031,109.68033123459827
582,5794eaad-819e-456b-a1e0-32b808f2ff58,6,582,True,16371,16059,176.78869259584098
583,5794eaad-819e-456b-a1e0-32b808f2ff58,6,583,True,16406,16094,139.1435842985502
584,5794eaad-819e-456b-a1e0-32b808f2ff58,6,584,True,16437,16125,157.65267919012513
585,5794eaad-819e-456b-a1e0-32b808f2ff58,6,585,True,16460,16148,148.7070957902688
586,5794eaad-819e-456b-a1e0-32b808f2ff58,6,586,True,16486,16174,134.35850739555644
587,5794eaad-819e-456b-a1e0-32b808f2ff58,6,587,True,16506,16194,117.27695196535387
588,5794eaad-819e-456b-a1e0-32b808f2ff58,6,588,True,16535,16223,147.3617600357702
589,5794eaad-819e-456b-a1e0-32b808f2ff58,6,589,True,16570,16258,109.80399140323425
590,5794eaad-819e-456b-a1e0-32b808f2ff58,6,590,True,16595,16283,156.5653166829652
591,5794eaad-819e-456b-a1e0-32b808f2ff58,6,591,True,16628,16316,120.90267272972415
592,5794eaad-819e-456b-a1e0-32b808f2ff58,6,592,True,16661,16349,162.77602992978427
593,5794eaad-819e-456b-a1e0-32b808f2ff58,6,593,True,16694,16382,127.58652058698499
594,5794eaad-819e-456b-a1e0-32b808f2ff58,6,594,True,16722,16410,173.20837458922324
595,5794eaad-819e-456b-a1e0-32b808f2ff58,6,595,True,16747,16435,124.2969169234093
596,5794eaad-819e-456b-a1e0-32b808f2ff58,6,596,True,16773,16461,148.05914637901878
597,5794eaad-819e-456b-a1e0-32b808f2ff58,6,597,True,16799,16487,145.18718304543654
598,5794eaad-819e-456b-a1e0-32b808f2ff58,6,598,True,16822,16510,124.5033915790882
599,5794eaad-819e-456b-a1e0-32b808f2ff58,6,599,True,16845,16533,166.302936694432
600,5794eaad-819e-456b-a1e0-32b808f2ff58,6,600,True,16874,16562,139.78766093199374
601,5794eaad-819e-456b-a1e0-32b808f2ff58,6,601,True,16904,16592,158.79858747930484
602,5794eaad-819e-456b-a1e0-32b808f2ff58,6,602,True,16930,16618,135.3640342038634
603,5794eaad-819e-456b-a1e0-32b808f2ff58,6,603,True,16958,16646,181.20807793147105
604,5794eaad-819e-456b-a1e0-32b808f2ff58,6,604,True,16984,16672,163.36149167522308
605,5794eaad-819e-456b-a1e0-32b808f2ff58,6,605,True,17013,16701,176.07568583143802
606,5794eaad-819e-456b-a1e0-32b808f2ff58,6,606,True,17042,16730,155.29060823986583
607,5794eaad-819e-456b-a1e0-32b808f2ff58,6,607,True,17075,16763,116.79802988206575
608,5794eaad-819e-456b-a1e0-32b808f2ff58,6,608,True,17115,16803,101.25477064299048
609,5794eaad-819e-456b-a1e0-32b808f2ff58,6,609,True,17137,16825,108.18650539981172
610,5794eaad-819e-456b-a1e0-32b808f2ff58,6,610,True,17167,16855,112.96207157574827
611,5794eaad-819e-456b-a1e0-32b808f2ff58,6,611,True,17192,16880,136.5249390197132
612,5794eaad-819e-456b-a1e0-32b808f2ff58,6,612,True,17219,16907,124.5125937073135
613,5794eaad-819e-456b-a1e0-32b808f2ff58,6,613,True,17243,16931,146.26213412666402
614,5794eaad-819e-456b-a1e0-32b808f2ff58,6,614,True,17276,16964,118.6509894506562
615,5794eaad-819e-456b-a1e0-32b808f2ff58,6,615,True,17301,16989,150.45000016548147
616,5794eaad-819e-456b-a1e0-32b808f2ff58,6,616,True,17332,17020,107.05212229286553
617,5794eaad-819e-456b-a1e0-32b808f2ff58,6,617,True,17358,17046,137.4828564666277
618,5794eaad-819e-456b-a1e0-32b808f2ff58,6,618,True,17380,17068,118.1957243056604
619,5794eaad-819e-456b-a1e0-32b808f2ff58,6,619,True,17402,17090,189.71707769261775
620,5794eaad-819e-456b-a1e0-32b808f2ff58,6,620,True,17433,17121,131.3390732338812
621,5794eaad-819e-456b-a1e0-32b808f2ff58,6,621,True,17462,17150,156.24751438469684
622,5794eaad-819e-456b-a1e0-32b808f2ff58,6,622,True,17504,17192,142.4699825038697
623,5794eaad-819e-456b-a1e0-32b808f2ff58,6,623,True,17537,17225,106.11011485517156
624,5794eaad-819e-456b-a1e0-32b808f2ff58,6,624,True,17577,17265,141.7743636376581
625,5794eaad-819e-456b-a1e0-32b808f2ff58,6,625,True,17600,17288,135.9551768449528
626,5794eaad-819e-456b-a1e0-32b808f2ff58,6,626,True,17629,17317,138.85196840481876
627,5794eaad-819e-456b-a1e0-32b808f2ff58,6,627,True,17654,17342,149.78366686509617
628,5794eaad-819e-456b-a1e0-32b808f2ff58,6,628,True,17686,17374,143.73806111211525
629,5794eaad-819e-456b-a1e0-32b808f2ff58,6,629,True,17719,17407,102.40794621384339
630,5794eaad-819e-456b-a1e0-32b808f2ff58,6,630,True,17749,17437,177.31237856178996
631,5794eaad-819e-456b-a1e0-32b808f2ff58,6,631,True,17779,17467,111.26895479534869
632,5794eaad-819e-456b-a1e0-32b808f2ff58,6,632,True,17808,17496,133.37146595561717
633,5794eaad-819e-456b-a1e0-32b808f2ff58,6,633,True,17831,17519,159.71952241353938
634,5794eaad-819e-456b-a1e0-32b808f2ff58,6,634,True,17860,17548,153.91718162503093
635,5794eaad-819e-456b-a1e0-32b808f2ff58,6,635,True,17883,17571,133.77551066097294
636,5794eaad-819e-456b-a1e0-32b808f2ff58,6,636,True,17912,17600,153.83903430258215
637,5794eaad-819e-456b-a1e0-32b808f2ff58,6,637,True,17943,17631,125.23129846148004
638,5794eaad-819e-456b-a1e0-32b808f2ff58,6,638,True,17970,17658,151.76221026758867
639,5794eaad-819e-456b-a1e0-32b808f2ff58,6,639,True,17991,17679,140.85388072793648
640,5794eaad-819e-456b-a1e0-32b808f2ff58,6,640,True,18022,17710,144.9825311976856
641,5794eaad-819e-456b-a1e0-32b808f2ff58,6,641,True,18046,17734,137.40587597344347
642,5794eaad-819e-456b-a1e0-32b808f2ff58,6,642,True,18068,17756,178.57536274889208
643,5794eaad-819e-456b-a1e0-32b808f2ff58,6,643,True,18091,17779,132.56682960077524
644,5794eaad-819e-456b-a1e0-32b808f2ff58,6,644,True,18109,17797,140.36277804308338
645,5794eaad-819e-456b-a1e0-32b808f2ff58,6,645,True,18127,17815,165.957550733885
646,5794eaad-819e-456b-a1e0-32b808f2ff58,6,646,True,18150,17838,145.13093620956352
647,5794eaad-819e-456b-a1e0-32b808f2ff58,6,647,True,18185,17873,177.68909881489162
648,5794eaad-819e-456b-a1e0-32b808f2ff58,6,648,True,18213,17901,147.08727679866934
649,5794eaad-819e-456b-a1e0-32b808f2ff58,6,649,True,18238,17926,175.26425342774746
650,5794eaad-819e-456b-a1e0-32b808f2ff58,6,650,True,18267,17955,143.31598512575147
651,5794eaad-819e-456b-a1e0-32b808f2ff58,6,651,True,18294,17982,185.7371362214617
652,5794eaad-819e-456b-a1e0-32b808f2ff58,6,652,True,18316,18004,128.8044329169752
653,5794eaad-819e-456b-a1e0-32b808f2ff58,6,653,True,18339,18027,194.1420752621416
654,5794eaad-819e-456b-a1e0-32b808f2ff58,6,654,True,18358,18046,153.23074052677475
655,5794eaad-819e-456b-a1e0-32b808f2ff58,6,655,True,18390,18078,147.95456526939597
656,5794eaad-819e-456b-a1e0-32b808f2ff58,6,656,True,18420,18108,144.13753376565364
657,5794eaad-819e-456b-a1e0-32b808f2ff58,6,657,True,18457,18145,180.85805203542623
658,5794eaad-819e-456b-a1e0-32b808f2ff58,6,658,True,18483,18171,173.5402384925328
659,5794eaad-819e-456b-a1e0-32b808f2ff58,6,659,True,18511,18199,155.21504992198243
660,5794eaad-819e-456b-a1e0-32b808f2ff58,6,660,True,18539,18227,176.68338102957932
661,5794eaad-819e-456b-a1e0-32b808f2ff58,6,661,True,18558,18246,137.685392910862
662,5794eaad-819e-456b-a1e0-32b808f2ff58,6,662,True,18579,18267,185.2251694952356
663,5794eaad-819e-456b-a1e0-32b808f2ff58,6,663,True,18611,18299,134.02114506597718
664,5794eaad-819e-456b-a1e0-32b808f2ff58,6,664,True,18625,18313,169.5496506688978
665,5794eaad-819e-456b-a1e0-32b808f2ff58,6,665,True,18649,18337,121.14136429252176
666,5794eaad-819e-456b-a1e0-32b808f2ff58,6,666,True,18678,18366,167.8853726016241
667,5794eaad-819e-456b-a1e0-32b808f2ff58,6,667,True,18704,18392,116.97654950895594
668,5794eaad-819e-456b-a1e0-32b808f2ff58,6,668,True,18733,18421,136.48728367437798
669,5794eaad-819e-456b-a1e0-32b808f2ff58,6,669,True,18770,18458,125.84278689429993
670,5794eaad-819e-456b-a1e0-32b808f2ff58,6,670,True,18796,18484,170.95415015939216
671,5794eaad-819e-456b-a1e0-32b808f2ff58,6,671,True,18829,18517,150.46413300035783
672,5794eaad-819e-456b-a1e0-32b808f2ff58,6,672,True,18848,18536,145.69349251292806
673,5794eaad-819e-456b-a1e0-32b808f2ff58,6,673,True,18870,18558,126.3529176680131
674,5794eaad-819e-456b-a1e0-32b808f2ff58,6,674,True,18900,18588,197.14666781816777
675,5794eaad-819e-456b-a1e0-32b808f2ff58,6,675,True,18921,18609,130.35576447519998
676,5794eaad-819e-456b-a1e0-32b808f2ff58,6,676,True,18958,18646,186.92198281845413
677,5794eaad-819e-456b-a1e0-32b808f2ff58,6,677,True,18987,18675,139.38681814303345
678,5794eaad-819e-456b-a1e0-32b808f2ff58,6,678,True,19009,18697,155.25231542345136
679,5794eaad-819e-456b-a1e0-32b808f2ff58,6,679,True,19035,18723,126.81103970606637
680,5794eaad-819e-456b-a1e0-32b808f2ff58,6,680,True,19061,18749,153.8818851695396
681,5794eaad-819e-456b-a1e0-32b808f2ff58,6,681,True,19103,18791,107.75971035943076
682,5794eaad-819e-456b-a1e0-32b808f2ff58,6,682,True,19128,18816,161.38690282601965
683,5794eaad-819e-456b-a1e0-32b808f2ff58,6,683,True,19155,18843,106.47372004421777
684,5794eaad-819e-456b-a1e0-32b808f2ff58,6,684,True,19185,18873,133.07660848094747
685,5794eaad-819e-456b-a1e0-32b808f2ff58,6,685,True,19215,18903,105.26826198556591
686,5794eaad-819e-456b-a1e0-32b808f2ff58,6,686,True,19236,18924,148.77786379456666
687,5794eaad-819e-456b-a1e0-32b808f2ff58,6,687,True,19268,18956,155.94627115095864
688,5794eaad-819e-456b-a1e0-32b808f2ff58,6,688,True,19285,18973,218.05485022817447
689,5794eaad-819e-456b-a1e0-32b808f2ff58,6,689,True,19306,18994,197.05485022817447
690,5794eaad-819e-456b-a1e0-32b808f2ff58,6,690,True,19331,19019,169.08933359960065
691,5794eaad-819e-456b-a1e0-32b808f2ff58,6,691,True,19362,19050,232.4874498534591
692,5794eaad-819e-456b-a1e0-32b808f2ff58,6,692,True,19395,19083,199.4874498534591
693,5794eaad-819e-456b-a1e0-32b808f2ff58,6,693,True,19420,19108,251.8603352027494
694,5794eaad-819e-456b-a1e0-32b808f2ff58,6,694,True,19448,19136,200.3222921174456
695,5794eaad-819e-456b-a1e0-32b808f2ff58,6,695,True,19469,19157,202.8603352027494
696,5794eaad-819e-456b-a1e0-32b808f2ff58,6,696,True,19496,19184,152.3222921174456
697,5794eaad-819e-456b-a1e0-32b808f2ff58,6,697,True,19522,19210,219.58338604281744
698,5794eaad-819e-456b-a1e0-32b808f2ff58,6,698,True,19554,19242,190.12593330198433
699,5794eaad-819e-456b-a1e0-32b808f2ff58,6,699,True,19580,19268,161.58338604281744
700,5794eaad-819e-456b-a1e0-32b808f2ff58,6,700,True,19612,19300,184.65037186753398
701,5794eaad-819e-456b-a1e0-32b808f2ff58,6,701,True,19640,19328,178.3191833921519
702,5794eaad-819e-456b-a1e0-32b808f2ff58,6,702,True,19681,19369,219.83079453166647
703,5794eaad-819e-456b-a1e0-32b808f2ff58,6,703,True,19701,19389,142.71293137959583
704,5794eaad-819e-456b-a1e0-32b808f2ff58,6,704,True,19728,19416,117.90206474807565
705,5794eaad-819e-456b-a1e0-32b808f2ff58,6,705,True,19748,19436,122.63854344149877
706,5794eaad-819e-456b-a1e0-32b808f2ff58,6,706,True,19769,19457,149.26650085082656
707,5794eaad-819e-456b-a1e0-32b808f2ff58,6,707,True,19801,19489,124.95161160131829
708,5794eaad-819e-456b-a1e0-32b808f2ff58,6,708,True,19827,19515,93.89708280338891
709,5794eaad-819e-456b-a1e0-32b808f2ff58,6,709,True,19854,19542,168.12382284107662
710,5794eaad-819e-456b-a1e0-32b808f2ff58,6,710,True,19887,19575,199.27350729616592
711,5794eaad-819e-456b-a1e0-32b808f2ff58,6,711,True,19918,19606,123.06656477379147
712,5794eaad-819e-456b-a1e0-32b808f2ff58,6,712,True,19942,19630,202.9350520065309
713,5794eaad-819e-456b-a1e0-32b808f2ff58,6,713,True,19969,19657,154.50389941144022
714,5794eaad-819e-456b-a1e0-32b808f2ff58,6,714,True,19999,19687,215.00325067228187
715,5794eaad-819e-456b-a1e0-32b808f2ff58,6,715,True,20029,19717,181.8226513282716
716,5794eaad-819e-456b-a1e0-32b808f2ff58,6,716,True,20047,19735,175.26511280382692
717,5794eaad-819e-456b-a1e0-32b808f2ff58,6,717,True,20068,19756,214.8506714323703
718,5794eaad-819e-456b-a1e0-32b808f2ff58,6,718,True,20096,19784,185.01859004508515
719,5794eaad-819e-456b-a1e0-32b808f2ff58,6,719,True,20111,19799,244.03169749643712
720,5794eaad-819e-456b-a1e0-32b808f2ff58,6,720,True,20142,19830,209.96226468415625
721,5794eaad-819e-456b-a1e0-32b808f2ff58,6,721,True,20160,19848,195.03169749643712
722,5794eaad-819e-456b-a1e0-32b808f2ff58,6,722,True,20200,19888,151.96226468415625
723,5794eaad-819e-456b-a1e0-32b808f2ff58,6,723,True,20225,19913,178.73517308206647
724,5794eaad-819e-456b-a1e0-32b808f2ff58,6,724,True,20250,19938,157.70772867052438
725,5794eaad-819e-456b-a1e0-32b808f2ff58,6,725,True,20280,19968,144.67361096661625
726,5794eaad-819e-456b-a1e0-32b808f2ff58,6,726,True,20302,19990,204.52660600608579
727,5794eaad-819e-456b-a1e0-32b808f2ff58,6,727,True,20332,20020,147.22539693961517
728,5794eaad-819e-456b-a1e0-32b808f2ff58,6,728,True,20356,20044,180.93618862110088
729,5794eaad-819e-456b-a1e0-32b808f2ff58,6,729,True,20380,20068,160.28850753186998
730,5794eaad-819e-456b-a1e0-32b808f2ff58,6,730,True,20410,20098,199.88063815176065
731,5794eaad-819e-456b-a1e0-32b808f2ff58,6,731,True,20433,20121,174.0976620247493
732,5794eaad-819e-456b-a1e0-32b808f2ff58,6,732,True,20463,20151,149.4899318010066
733,5794eaad-819e-456b-a1e0-32b808f2ff58,6,733,True,20493,20181,164.8543809296898
734,5794eaad-819e-456b-a1e0-32b808f2ff58,6,734,True,20526,20214,134.39536775148372
735,5794eaad-819e-456b-a1e0-32b808f2ff58,6,735,True,20555,20243,152.96732126371717
736,5794eaad-819e-456b-a1e0-32b808f2ff58,6,736,True,20588,20276,122.55674417747286
737,5794eaad-819e-456b-a1e0-32b808f2ff58,6,737,True,20609,20297,151.34330761085585
738,5794eaad-819e-456b-a1e0-32b808f2ff58,6,738,True,20646,20334,111.42886106364676
739,5794eaad-819e-456b-a1e0-32b808f2ff58,6,739,True,20672,20360,107.70283224897503
740,5794eaad-819e-456b-a1e0-32b808f2ff58,6,740,True,20699,20387,130.14704496926788
741,5794eaad-819e-456b-a1e0-32b808f2ff58,6,741,True,20738,20426,140.68683774694
742,5794eaad-819e-456b-a1e0-32b808f2ff58,6,742,True,20758,20446,124.96690089315962
743,5794eaad-819e-456b-a1e0-32b808f2ff58,6,743,True,20793,20481,154.5984204616143
744,5794eaad-819e-456b-a1e0-32b808f2ff58,6,744,True,20817,20505,132.75094692660423
745,5794eaad-819e-456b-a1e0-32b808f2ff58,6,745,True,20851,20539,134.19653960996584
746,5794eaad-819e-456b-a1e0-32b808f2ff58,6,746,True,20888,20576,162.42037857955802
747,5794eaad-819e-456b-a1e0-32b808f2ff58,6,747,True,20920,20608,127.4190572304833
748,5794eaad-819e-456b-a1e0-32b808f2ff58,6,748,True,20954,20642,198.4662362039162
749,5794eaad-819e-456b-a1e0-32b808f2ff58,6,749,True,20986,20674,139.07721244554705
750,5794eaad-819e-456b-a1e0-32b808f2ff58,6,750,True,21008,20696,167.59708901545673
751,5794eaad-819e-456b-a1e0-32b808f2ff58,6,751,True,21023,20711,147.32301149854902
752,5794eaad-819e-456b-a1e0-32b808f2ff58,6,752,True,21044,20732,178.3819142273387
753,5794eaad-819e-456b-a1e0-32b808f2ff58,6,753,True,21077,20765,179.64510745090593
754,5794eaad-819e-456b-a1e0-32b808f2ff58,6,754,True,21105,20793,148.2486598611904
755,5794eaad-819e-456b-a1e0-32b808f2ff58,6,755,True,21137,20825,168.68423454398726
756,5794eaad-819e-456b-a1e0-32b808f2ff58,6,756,True,21166,20854,136.0393145070302
757,5794eaad-819e-456b-a1e0-32b808f2ff58,6,757,True,21190,20878,166.7312646801547
758,5794eaad-819e-456b-a1e0-32b808f2ff58,6,758,True,21220,20908,133.12018362530216
759,5794eaad-819e-456b-a1e0-32b808f2ff58,6,759,True,21242,20930,207.34974322442577
760,5794eaad-819e-456b-a1e0-32b808f2ff58,6,760,True,21262,20950,187.34974322442577
761,5794eaad-819e-456b-a1e0-32b808f2ff58,6,761,True,21295,20983,151.2346401333234
762,5794eaad-819e-456b-a1e0-32b808f2ff58,6,762,True,21324,21012,82.05441312419862
763,5794eaad-819e-456b-a1e0-32b808f2ff58,6,763,True,21354,21042,119.3849882653667
764,5794eaad-819e-456b-a1e0-32b808f2ff58,6,764,True,21379,21067,100.74862398298137
765,5794eaad-819e-456b-a1e0-32b808f2ff58,6,765,True,21408,21096,141.2437782852321
766,5794eaad-819e-456b-a1e0-32b808f2ff58,6,766,True,21440,21128,116.22195722860124
767,5794eaad-819e-456b-a1e0-32b808f2ff58,6,767,True,21472,21160,134.97826338854065
768,5794eaad-819e-456b-a1e0-32b808f2ff58,6,768,True,21513,21201,122.35032562075503
769,5794eaad-819e-456b-a1e0-32b808f2ff58,6,769,True,21538,21226,132.5948462747001
770,5794eaad-819e-456b-a1e0-32b808f2ff58,6,770,True,21563,21251,120.30441104916099
771,5794eaad-819e-456b-a1e0-32b808f2ff58,6,771,True,21590,21278,131.60668253109543
772,5794eaad-819e-456b-a1e0-32b808f2ff58,6,772,True,21625,21313,109.47885873640917
773,5794eaad-819e-456b-a1e0-32b808f2ff58,6,773,True,21651,21339,109.61656914036212
774,5794eaad-819e-456b-a1e0-32b808f2ff58,6,774,True,21682,21370,133.1367655073882
775,5794eaad-819e-456b-a1e0-32b808f2ff58,6,775,True,21712,21400,100.77082322964998
776,5794eaad-819e-456b-a1e0-32b808f2ff58,6,776,True,21745,21433,96.15796587162185
777,5794eaad-819e-456b-a1e0-32b808f2ff58,6,777,True,21774,21462,102.28060457084575
778,5794eaad-819e-456b-a1e0-32b808f2ff58,6,778,True,21804,21492,104.33933024935686
779,5794eaad-819e-456b-a1e0-32b808f2ff58,6,779,True,21833,21521,98.79810178648404
780,5794eaad-819e-456b-a1e0-32b808f2ff58,6,780,True,21862,21550,134.94878749472628
781,5794eaad-819e-456b-a1e0-32b808f2ff58,6,781,True,21893,21581,123.17823626316385
782,5794eaad-819e-456b-a1e0-32b808f2ff58,6,782,True,21917,21605,186.29906090968143
783,5794eaad-819e-456b-a1e0-32b808f2ff58,6,783,True,21945,21633,132.91792868455013
784,5794eaad-819e-456b-a1e0-32b808f2ff58,6,784,True,21962,21650,184.6897569541361
785,5794eaad-819e-456b-a1e0-32b808f2ff58,6,785,True,21995,21683,135.24500205905497
786,5794eaad-819e-456b-a1e0-32b808f2ff58,6,786,True,22028,21716,175.39441576010358
787,5794eaad-819e-456b-a1e0-32b808f2ff58,6,787,True,22055,21743,122.78259253592478
788,5794eaad-819e-456b-a1e0-32b808f2ff58,6,788,True,22080,21768,128.59312097251677
789,5794eaad-819e-456b-a1e0-32b808f2ff58,6,789,True,22099,21787,172.61724377265273
790,5794eaad-819e-456b-a1e0-32b808f2ff58,6,790,True,22128,21816,201.55074115874595
791,5794eaad-819e-456b-a1e0-32b808f2ff58,6,791,True,22158,21846,178.0460470996295
792,5794eaad-819e-456b-a1e0-32b808f2ff58,6,792,True,22188,21876,175.73100550982417
793,5794eaad-819e-456b-a1e0-32b808f2ff58,6,793,True,22208,21896,121.55074115874595
794,5794eaad-819e-456b-a1e0-32b808f2ff58,6,794,True,22242,21930,175.9990505448477
795,5794eaad-819e-456b-a1e0-32b808f2ff58,6,795,True,22271,21959,136.05891062119554
796,5794eaad-819e-456b-a1e0-32b808f2ff58,6,796,True,22293,21981,195.24677343182339
797,5794eaad-819e-456b-a1e0-32b808f2ff58,6,797,True,22318,22006,117.0330386267633
798,5794eaad-819e-456b-a1e0-32b808f2ff58,6,798,True,22342,22030,148.76025446464337
799,5794eaad-819e-456b-a1e0-32b808f2ff58,6,799,True,22366,22054,150.53290704338724
800,5794eaad-819e-456b-a1e0-32b808f2ff58,6,800,True,22388,22076,152.8040069631279
801,5794eaad-819e-456b-a1e0-32b808f2ff58,6,801,True,22415,22103,151.40154899729896
802,5794eaad-819e-456b-a1e0-32b808f2ff58,6,802,True,22436,22124,162.52858366166402
803,5794eaad-819e-456b-a1e0-32b808f2ff58,6,803,True,22467,22155,164.47935932025212
804,5794eaad-819e-456b-a1e0-32b808f2ff58,6,804,True,22494,22182,151.06298008584054
805,5794eaad-819e-456b-a1e0-32b808f2ff58,6,805,True,22526,22214,162.39926161474796
806,5794eaad-819e-456b-a1e0-32b808f2ff58,6,806,True,22555,22243,179.4756829823673
807,5794eaad-819e-456b-a1e0-32b808f2ff58,6,807,True,22587,22275,149.62290398651749
808,5794eaad-819e-456b-a1e0-32b808f2ff58,6,808,True,22627,22315,118.53167547902922
809,5794eaad-819e-456b-a1e0-32b808f2ff58,6,809,True,22644,22332,172.06271934854522
810,5794eaad-819e-456b-a1e0-32b808f2ff58,6,810,True,22668,22356,141.95735632794094
811,5794eaad-819e-456b-a1e0-32b808f2ff58,6,811,True,22704,22392,131.82353892707033
812,5794eaad-819e-456b-a1e0-32b808f2ff58,6,812,True,22728,22416,197.95099900950663
813,5794eaad-819e-456b-a1e0-32b808f2ff58,6,813,True,22755,22443,174.1907145695841
814,5794eaad-819e-456b-a1e0-32b808f2ff58,6,814,True,22773,22461,179.4633935645652
815,5794eaad-819e-456b-a1e0-32b808f2ff58,6,815,True,22786,22474,169.57575601374992
816,5794eaad-819e-456b-a1e0-32b808f2ff58,6,816,True,22822,22510,184.99780535149694
817,5794eaad-819e-456b-a1e0-32b808f2ff58,6,817,True,22850,22538,159.48983012172903
818,5794eaad-819e-456b-a1e0-32b808f2ff58,6,818,True,22875,22563,181.71255451409525
819,5794eaad-819e-456b-a1e0-32b808f2ff58,6,819,True,22913,22601,178.75166231518597
820,5794eaad-819e-456b-a1e0-32b808f2ff58,6,820,True,22939,22627,150.03899669848033
821,5794eaad-819e-456b-a1e0-32b808f2ff58,6,821,True,22963,22651,182.82547483255985
822,5794eaad-819e-456b-a1e0-32b808f2ff58,6,822,True,22986,22674,163.1132018365024
823,5794eaad-819e-456b-a1e0-32b808f2ff58,6,823,True,23015,22703,144.4487289746503
824,5794eaad-819e-456b-a1e0-32b808f2ff58,6,824,True,23035,22723,175.7182351416377
825,5794eaad-819e-456b-a1e0-32b808f2ff58,6,825,True,23058,22746,187.344697446395
826,5794eaad-819e-456b-a1e0-32b808f2ff58,6,826,True,23092,22780,159.7801619467573
827,5794eaad-819e-456b-a1e0-32b808f2ff58,6,827,True,23120,22808,172.38584155494027
828,5794eaad-819e-456b-a1e0-32b808f2ff58,6,828,True,23154,22842,150.3630260129139
829,5794eaad-819e-456b-a1e0-32b808f2ff58,6,829,True,23172,22860,179.21106050966046
830,5794eaad-819e-456b-a1e0-32b808f2ff58,6,830,True,23200,22888,141.26250053222248
831,5794eaad-819e-456b-a1e0-32b808f2ff58,6,831,True,23227,22915,178.02112649616538
832,5794eaad-819e-456b-a1e0-32b808f2ff58,6,832,True,23261,22949,141.5131673066062
833,5794eaad-819e-456b-a1e0-32b808f2ff58,6,833,True,23288,22976,169.61821522174432
834,5794eaad-819e-456b-a1e0-32b808f2ff58,6,834,True,23318,23006,137.06550124243222
835,5794eaad-819e-456b-a1e0-32b808f2ff58,6,835,True,23335,23023,175.51096765165494
836,5794eaad-819e-456b-a1e0-32b808f2ff58,6,836,True,23368,23056,121.78250666576423
837,5794eaad-819e-456b-a1e0-32b808f2ff58,6,837,True,23391,23079,144.467397812914
838,5794eaad-819e-456b-a1e0-32b808f2ff58,6,838,True,23413,23101,131.38591672698385
839,5794eaad-819e-456b-a1e0-32b808f2ff58,6,839,True,23445,23133,203.95176323258784
840,5794eaad-819e-456b-a1e0-32b808f2ff58,6,840,True,23468,23156,184.0272763136818
841,5794eaad-819e-456b-a1e0-32b808f2ff58,6,841,True,23491,23179,161.0272763136818
842,5794eaad-819e-456b-a1e0-32b808f2ff58,6,842,True,23518,23206,179.7663828868972
843,5794eaad-819e-456b-a1e0-32b808f2ff58,6,843,True,23546,23234,154.03960640569494
844,5794eaad-819e-456b-a1e0-32b808f2ff58,6,844,True,23566,23254,138.00756681508938
845,5794eaad-819e-456b-a1e0-32b808f2ff58,6,845,True,23599,23287,200.44556878217554
846,5794eaad-819e-456b-a1e0-32b808f2ff58,6,846,True,23622,23310,182.2377308535033
847,5794eaad-819e-456b-a1e0-32b808f2ff58,6,847,True,23646,23334,155.8520943455842
848,5794eaad-819e-456b-a1e0-32b808f2ff58,6,848,True,23675,23363,174.95261901820413
849,5794eaad-819e-456b-a1e0-32b808f2ff58,6,849,True,23708,23396,187.80718925153633
850,5794eaad-819e-456b-a1e0-32b808f2ff58,6,850,True,23745,23433,159.33087802654336
851,5794eaad-819e-456b-a1e0-32b808f2ff58,6,851,True,23767,23455,152.28485957292287
852,5794eaad-819e-456b-a1e0-32b808f2ff58,6,852,True,23800,23488,156.42060178061
853,5794eaad-819e-456b-a1e0-32b808f2ff58,6,853,True,23821,23509,150.0072620410283
854,5794eaad-819e-456b-a1e0-32b808f2ff58,6,854,True,23851,23539,131.0059873376813
855,5794eaad-819e-456b-a1e0-32b808f2ff58,6,855,True,23878,23566,144.88374439644394
856,5794eaad-819e-456b-a1e0-32b808f2ff58,6,856,True,23911,23599,146.4093860651774
857,5794eaad-819e-456b-a1e0-32b808f2ff58,6,857,True,23941,23629,158.4577608269028
858,5794eaad-819e-456b-a1e0-32b808f2ff58,6,858,True,23976,23664,204.81339129491244
859,5794eaad-819e-456b-a1e0-32b808f2ff58,6,859,True,23998,23686,232.4220757969706
860,5794eaad-819e-456b-a1e0-32b808f2ff58,6,860,True,24027,23715,265.37639167465386
861,5794eaad-819e-456b-a1e0-32b808f2ff58,6,861,True,24046,23734,162.40809506704682
862,5794eaad-819e-456b-a1e0-32b808f2ff58,6,862,True,24079,23767,291.4110719984201
863,5794eaad-819e-456b-a1e0-32b808f2ff58,6,863,True,24110,23798,258.0501353618456
864,5794eaad-819e-456b-a1e0-32b808f2ff58,6,864,True,24137,23825,211.3444146565016
865,5794eaad-819e-456b-a1e0-32b808f2ff58,6,865,True,24164,23852,184.3444146565016
866,5794eaad-819e-456b-a1e0-32b808f2ff58,6,866,True,24192,23880,225.80629229878105
867,5794eaad-819e-456b-a1e0-32b808f2ff58,6,867,True,24217,23905,220.77117844451277
868,5794eaad-819e-456b-a1e0-32b808f2ff58,6,868,True,24248,23936,272.3460078745993
869,5794eaad-819e-456b-a1e0-32b808f2ff58,6,869,True,24268,23956,244.80120441105464
870,5794eaad-819e-456b-a1e0-32b808f2ff58,6,870,True,24289,23977,307.4190788461783
871,5794eaad-819e-456b-a1e0-32b808f2ff58,6,871,True,24316,24004,267.8741817713635
872,5794eaad-819e-456b-a1e0-32b808f2ff58,6,872,True,24346,24034,237.8741817713635
873,5794eaad-819e-456b-a1e0-32b808f2ff58,6,873,True,24371,24059,212.8741817713635
874,5794eaad-819e-456b-a1e0-32b808f2ff58,6,874,True,24401,24089,275.07501160760876
875,5794eaad-819e-456b-a1e0-32b808f2ff58,6,875,True,24432,24120,244.07501160760876
876,5794eaad-819e-456b-a1e0-32b808f2ff58,6,876,True,24463,24151,213.07501160760876
877,5794eaad-819e-456b-a1e0-32b808f2ff58,6,877,True,24485,24173,246.99651724446448
878,5794eaad-819e-456b-a1e0-32b808f2ff58,6,878,True,24508,24196,212.04266027241465
879,5794eaad-819e-456b-a1e0-32b808f2ff58,6,879,True,24532,24220,241.0749065646487
880,5794eaad-819e-456b-a1e0-32b808f2ff58,6,880,True,24563,24251,261.38074228471305
881,5794eaad-819e-456b-a1e0-32b808f2ff58,6,881,True,24588,24276,185.0749065646487
882,5794eaad-819e-456b-a1e0-32b808f2ff58,6,882,True,24621,24309,218.3262708737093
883,5794eaad-819e-456b-a1e0-32b808f2ff58,6,883,True,24645,24333,249.7200450719829
884,5794eaad-819e-456b-a1e0-32b808f2ff58,6,884,True,24675,24363,238.2790460639335
885,5794eaad-819e-456b-a1e0-32b808f2ff58,6,885,True,24695,24383,162.8383343289861
886,5794eaad-819e-456b-a1e0-32b808f2ff58,6,886,True,24722,24410,222.5427593910863
887,5794eaad-819e-456b-a1e0-32b808f2ff58,6,887,True,24750,24438,163.2790460639335
888,5794eaad-819e-456b-a1e0-32b808f2ff58,6,888,True,24776,24464,239.35787928432183
889,5794eaad-819e-456b-a1e0-32b808f2ff58,6,889,True,24800,24488,162.72312702912677
890,5794eaad-819e-456b-a1e0-32b808f2ff58,6,890,True,24832,24520,180.2715314748857
891,5794eaad-819e-456b-a1e0-32b808f2ff58,6,891,True,24863,24551,152.35787928432183
892,5794eaad-819e-456b-a1e0-32b808f2ff58,6,892,True,24897,24585,169.4959985804744
893,5794eaad-819e-456b-a1e0-32b808f2ff58,6,893,True,24932,24620,137.33589081805258
894,5794eaad-819e-456b-a1e0-32b808f2ff58,6,894,True,24963,24651,154.04706494206403
895,5794eaad-819e-456b-a1e0-32b808f2ff58,6,895,True,24982,24670,132.43032724550721
896,5794eaad-819e-456b-a1e0-32b808f2ff58,6,896,True,25006,24694,187.11571790677772
897,5794eaad-819e-456b-a1e0-32b808f2ff58,6,897,True,25030,24718,135.30401249003262
898,5794eaad-819e-456b-a1e0-32b808f2ff58,6,898,True,25062,24750,154.0901959541734
899,5794eaad-819e-456b-a1e0-32b808f2ff58,6,899,True,25092,24780,126.59901535088648
900,5794eaad-819e-456b-a1e0-32b808f2ff58,6,900,True,25127,24815,114.70171011321145
901,5794eaad-819e-456b-a1e0-32b808f2ff58,6,901,True,25146,24834,123.22600996441906
902,5794eaad-819e-456b-a1e0-32b808f2ff58,6,902,True,25179,24867,118.13160656201217
903,5794eaad-819e-456b-a1e0-32b808f2ff58,6,903,True,25213,24901,107.17528751324062
904,5794eaad-819e-456b-a1e0-32b808f2ff58,6,904,True,25242,24930,102.89555676198142
905,5794eaad-819e-456b-a1e0-32b808f2ff58,6,905,True,25272,24960,98.73855020695191
906,5794eaad-819e-456b-a1e0-32b808f2ff58,6,906,True,25307,24995,114.45338720914515
907,5794eaad-819e-456b-a1e0-32b808f2ff58,6,907,True,25335,25023,127.60820692237758
908,5794eaad-819e-456b-a1e0-32b808f2ff58,6,908,True,25360,25048,116.50414310653287
909,5794eaad-819e-456b-a1e0-32b808f2ff58,6,909,True,25392,25080,97.88209300531526
910,5794eaad-819e-456b-a1e0-32b808f2ff58,6,910,True,25427,25115,143.25844894976035
911,5794eaad-819e-456b-a1e0-32b808f2ff58,6,911,True,25456,25144,117.94145996700172
912,5794eaad-819e-456b-a1e0-32b808f2ff58,6,912,True,25485,25173,138.1269164520454
913,5794eaad-819e-456b-a1e0-32b808f2ff58,6,913,True,25508,25196,128.06359728603275
914,5794eaad-819e-456b-a1e0-32b808f2ff58,6,914,True,25528,25216,134.21498786936354
915,5794eaad-819e-456b-a1e0-32b808f2ff58,6,915,True,25556,25244,119.64922416886111
916,5794eaad-819e-456b-a1e0-32b808f2ff58,6,916,True,25596,25284,122.2506590410012
917,5794eaad-819e-456b-a1e0-32b808f2ff58,6,917,True,25628,25316,138.0251326775724
918,5794eaad-819e-456b-a1e0-32b808f2ff58,6,918,True,25658,25346,102.97639735636403
919,5794eaad-819e-456b-a1e0-32b808f2ff58,6,919,True,25682,25370,107.35306464815585
920,5794eaad-819e-456b-a1e0-32b808f2ff58,6,920,True,25709,25397,131.89843918853876
921,5794eaad-819e-456b-a1e0-32b808f2ff58,6,921,True,25730,25418,126.96064462967843
922,5794eaad-819e-456b-a1e0-32b808f2ff58,6,922,True,25774,25462,92.83162440945671
923,5794eaad-819e-456b-a1e0-32b808f2ff58,6,923,True,25801,25489,92.17271104734027
924,5794eaad-819e-456b-a1e0-32b808f2ff58,6,924,True,25830,25518,107.2375348295318
925,5794eaad-819e-456b-a1e0-32b808f2ff58,6,925,True,25853,25541,127.68753133283826
926,5794eaad-819e-456b-a1e0-32b808f2ff58,6,926,True,25876,25564,131.83327959471717
927,5794eaad-819e-456b-a1e0-32b808f2ff58,6,927,True,25896,25584,114.37328950839219
928,5794eaad-819e-456b-a1e0-32b808f2ff58,6,928,True,25929,25617,115.99047971778054
929,5794eaad-819e-456b-a1e0-32b808f2ff58,6,929,True,25957,25645,110.67543942706106
930,5794eaad-819e-456b-a1e0-32b808f2ff58,6,930,True,25995,25683,127.49302620214803
931,5794eaad-819e-456b-a1e0-32b808f2ff58,6,931,True,26014,25702,118.60513365298175
932,5794eaad-819e-456b-a1e0-32b808f2ff58,6,932,True,26034,25722,126.53556178837971
933,5794eaad-819e-456b-a1e0-32b808f2ff58,6,933,True,26062,25750,113.84344638979383
934,5794eaad-819e-456b-a1e0-32b808f2ff58,6,934,True,26090,25778,145.73760048634722
935,5794eaad-819e-456b-a1e0-32b808f2ff58,6,935,True,26114,25802,139.06370162606618
936,5794eaad-819e-456b-a1e0-32b808f2ff58,6,936,True,26140,25828,149.11807250377387
937,5794eaad-819e-456b-a1e0-32b808f2ff58,6,937,True,26176,25864,126.52914006954597
938,5794eaad-819e-456b-a1e0-32b808f2ff58,6,938,True,26205,25893,136.8234401628979
939,5794eaad-819e-456b-a1e0-32b808f2ff58,6,939,True,26238,25926,116.62338172101954
940,5794eaad-819e-456b-a1e0-32b808f2ff58,6,940,True,26268,25956,188.83164765686888
941,5794eaad-819e-456b-a1e0-32b808f2ff58,6,941,True,26292,25980,141.52600783996968
942,5794eaad-819e-456b-a1e0-32b808f2ff58,6,942,True,26321,26009,159.4778490507233
943,5794eaad-819e-456b-a1e0-32b808f2ff58,6,943,True,26341,26029,171.18244767102078
944,5794eaad-819e-456b-a1e0-32b808f2ff58,6,944,True,26368,26056,191.3433491613614
945,5794eaad-819e-456b-a1e0-32b808f2ff58,6,945,True,26388,26076,141.71772133047853
946,5794eaad-819e-456b-a1e0-32b808f2ff58,6,946,True,26420,26108,189.19548477679928
947,5794eaad-819e-456b-a1e0-32b808f2ff58,6,947,True,26439,26127,118.04175791243324
948,5794eaad-819e-456b-a1e0-32b808f2ff58,6,948,True,26477,26165,134.44261200511755
949,5794eaad-819e-456b-a1e0-32b808f2ff58,6,949,True,26508,26196,128.64025244207733
950,5794eaad-819e-456b-a1e0-32b808f2ff58,6,950,True,26537,26225,213.77688518409923
951,5794eaad-819e-456b-a1e0-32b808f2ff58,6,951,True,26566,26254,165.79478715866935
952,5794eaad-819e-456b-a1e0-32b808f2ff58,6,952,True,26597,26285,222.47790501490817
953,5794eaad-819e-456b-a1e0-32b808f2ff58,6,953,True,26633,26321,144.67078674876393
954,5794eaad-819e-456b-a1e0-32b808f2ff58,6,954,True,26661,26349,209.87895229192873
955,5794eaad-819e-456b-a1e0-32b808f2ff58,6,955,True,26685,26373,161.17479674452989
956,5794eaad-819e-456b-a1e0-32b808f2ff58,6,956,True,26714,26402,184.35227247560397
957,5794eaad-819e-456b-a1e0-32b808f2ff58,6,957,True,26735,26423,166.15200488227856
958,5794eaad-819e-456b-a1e0-32b808f2ff58,6,958,True,26760,26448,238.26348491116732
959,5794eaad-819e-456b-a1e0-32b808f2ff58,6,959,True,26790,26478,135.74639358108107
960,5794eaad-819e-456b-a1e0-32b808f2ff58,6,960,True,26821,26509,177.26348491116732
961,5794eaad-819e-456b-a1e0-32b808f2ff58,6,961,True,26851,26539,173.70488719298737
962,5794eaad-819e-456b-a1e0-32b808f2ff58,6,962,True,26876,26564,173.4269195611123
963,5794eaad-819e-456b-a1e0-32b808f2ff58,6,963,True,26903,26591,146.4269195611123
964,5794eaad-819e-456b-a1e0-32b808f2ff58,6,964,True,26940,26628,133.13922531705612
965,5794eaad-819e-456b-a1e0-32b808f2ff58,6,965,True,26965,26653,157.57601693856486
966,5794eaad-819e-456b-a1e0-32b808f2ff58,6,966,True,26991,26679,135.66142625104112
967,5794eaad-819e-456b-a1e0-32b808f2ff58,6,967,True,27022,26710,148.65711296482186
968,5794eaad-819e-456b-a1e0-32b808f2ff58,6,968,True,27048,26736,147.57572907830036
969,5794eaad-819e-456b-a1e0-32b808f2ff58,6,969,True,27075,26763,123.0409841592882
970,5794eaad-819e-456b-a1e0-32b808f2ff58,6,970,True,27110,26798,124.31422555736572
971,5794eaad-819e-456b-a1e0-32b808f2ff58,6,971,True,27131,26819,129.50265159421906
972,5794eaad-819e-456b-a1e0-32b808f2ff58,6,972,True,27161,26849,111.8564568345464
973,5794eaad-819e-456b-a1e0-32b808f2ff58,6,973,True,27186,26874,118.47575692722967
974,5794eaad-819e-456b-a1e0-32b808f2ff58,6,974,True,27212,26900,149.37300864709323
975,5794eaad-819e-456b-a1e0-32b808f2ff58,6,975,True,27243,26931,123.62547623899809
976,5794eaad-819e-456b-a1e0-32b808f2ff58,6,976,True,27269,26957,156.33938572406623
977,5794eaad-819e-456b-a1e0-32b808f2ff58,6,977,True,27300,26988,138.10991460161677
978,5794eaad-819e-456b-a1e0-32b808f2ff58,6,978,True,27327,27015,214.91574757803755
979,5794eaad-819e-456b-a1e0-32b808f2ff58,6,979,True,27353,27041,159.4580406208588
980,5794eaad-819e-456b-a1e0-32b808f2ff58,6,980,True,27375,27063,200.44535937915134
981,5794eaad-819e-456b-a1e0-32b808f2ff58,6,981,True,27407,27095,151.79738000592988
982,5794eaad-819e-456b-a1e0-32b808f2ff58,6,982,True,27432,27120,180.45738253778836
983,5794eaad-819e-456b-a1e0-32b808f2ff58,6,983,True,27461,27149,169.49713680343484
984,5794eaad-819e-456b-a1e0-32b808f2ff58,6,984,True,27502,27190,182.75432450753215
985,5794eaad-819e-456b-a1e0-32b808f2ff58,6,985,True,27528,27216,151.43646160375283
986,5794eaad-819e-456b-a1e0-32b808f2ff58,6,986,True,27556,27244,179.12608758279748
987,5794eaad-819e-456b-a1e0-32b808f2ff58,6,987,True,27585,27273,144.45053016332895
988,5794eaad-819e-456b-a1e0-32b808f2ff58,6,988,True,27612,27300,186.91787588238367
989,5794eaad-819e-456b-a1e0-32b808f2ff58,6,989,True,27636,27324,160.40819857176393
990,5794eaad-819e-456b-a1e0-32b808f2ff58,6,990,True,27653,27341,161.18635066983552
991,5794eaad-819e-456b-a1e0-32b808f2ff58,6,991,True,27682,27370,200.84252541984824
992,5794eaad-819e-456b-a1e0-32b808f2ff58,6,992,True,27711,27399,169.61802448554226
993,5794eaad-819e-456b-a1e0-32b808f2ff58,6,993,True,27738,27426,150.88039947454672
994,5794eaad-819e-456b-a1e0-32b808f2ff58,6,994,True,27766,27454,160.8659007163369
995,5794eaad-819e-456b-a1e0-32b808f2ff58,6,995,True,27796,27484,143.99515558771964
996,5794eaad-819e-456b-a1e0-32b808f2ff58,6,996,True,27826,27514,174.19711863675548
997,5794eaad-819e-456b-a1e0-32b808f2ff58,6,997,True,27852,27540,138.84766379759458
998,5794eaad-819e-456b-a1e0-32b808f2ff58,6,998,True,27879,27567,148.6980047357938
999,5794eaad-819e-456b-a1e0-32b808f2ff58,6,999,True,27915,27603,98.31745947618401
1000,da4c7c03-ab36-4350-9717-b444e216efc0,7,1000,True,380,28,79.85157901363769
1001,da4c7c03-ab36-4350-9717-b444e216efc0,7,1001,True,401,49,89.2749419846952
1002,da4c7c03-ab36-4350-9717-b444e216efc0,7,1002,True,422,70,93.19013569656008
1003,da4c7c03-ab36-4350-9717-b444e216efc0,7,1003,True,446,94,85.93286887207918
1004,da4c7c03-ab36-4350-9717-b444e216efc0,7,1004,True,485,133,74.13870206664853
1005,da4c7c03-ab36-4350-9717-b444e216efc0,7,1005,True,512,160,83.96576629387357
1006,da4c7c03-ab36-4350-9717-b444e216efc0,7,1006,True,541,189,84.04131404984741
1007,da4c7c03-ab36-4350-9717-b444e216efc0,7,1007,True,565,213,93.13041707939931
1008,da4c7c03-ab36-4350-9717-b444e216efc0,7,1008,True,597,245,87.29789325343921
1009,da4c7c03-ab36-4350-9717-b444e216efc0,7,1009,True,625,273,165.73499404560778
1010,da4c7c03-ab36-4350-9717-b444e216efc0,7,1010,True,654,302,125.72249510563961
1011,da4c7c03-ab36-4350-9717-b444e216efc0,7,1011,True,677,325,160.86199936811045
1012,da4c7c03-ab36-4350-9717-b444e216efc0,7,1012,True,711,359,159.74446189894377
1013,da4c7c03-ab36-4350-9717-b444e216efc0,7,1013,True,738,386,151.07211946244865
1014,da4c7c03-ab36-4350-9717-b444e216efc0,7,1014,True,769,417,131.0967704783285
1015,da4c7c03-ab36-4350-9717-b444e216efc0,7,1015,True,800,448,145.44552857435758
1016,da4c7c03-ab36-4350-9717-b444e216efc0,7,1016,True,824,472,108.62637384692823
1017,da4c7c03-ab36-4350-9717-b444e216efc0,7,1017,True,857,505,154.09996341268914
1018,da4c7c03-ab36-4350-9717-b444e216efc0,7,1018,True,888,536,133.1321902721993
1019,da4c7c03-ab36-4350-9717-b444e216efc0,7,1019,True,912,560,128.29739063791249
1020,da4c7c03-ab36-4350-9717-b444e216efc0,7,1020,True,944,592,137.89444764514633
1021,da4c7c03-ab36-4350-9717-b444e216efc0,7,1021,True,976,624,152.66557195195935
1022,da4c7c03-ab36-4350-9717-b444e216efc0,7,1022,True,1006,654,111.50886012451042
1023,da4c7c03-ab36-4350-9717-b444e216efc0,7,1023,True,1040,688,128.04175458323243
1024,da4c7c03-ab36-4350-9717-b444e216efc0,7,1024,True,1059,707,118.93512422785955
1025,da4c7c03-ab36-4350-9717-b444e216efc0,7,1025,True,1077,725,132.81466188295008
1026,da4c7c03-ab36-4350-9717-b444e216efc0,7,1026,True,1103,751,156.7241981998369
1027,da4c7c03-ab36-4350-9717-b444e216efc0,7,1027,True,1128,776,140.79469324841375
1028,da4c7c03-ab36-4350-9717-b444e216efc0,7,1028,True,1156,804,181.74886595134603
1029,da4c7c03-ab36-4350-9717-b444e216efc0,7,1029,True,1174,822,185.87068491622847
1030,da4c7c03-ab36-4350-9717-b444e216efc0,7,1030,True,1207,855,215.35282629233325
1031,da4c7c03-ab36-4350-9717-b444e216efc0,7,1031,True,1223,871,187.43441928914058
1032,da4c7c03-ab36-4350-9717-b444e216efc0,7,1032,True,1249,897,214.64150416751204
1033,da4c7c03-ab36-4350-9717-b444e216efc0,7,1033,True,1272,920,182.35593827430694
1034,da4c7c03-ab36-4350-9717-b444e216efc0,7,1034,True,1298,946,219.48790741306289
1035,da4c7c03-ab36-4350-9717-b444e216efc0,7,1035,True,1323,971,194.48790741306289
1036,da4c7c03-ab36-4350-9717-b444e216efc0,7,1036,True,1346,994,159.76421847742108
1037,da4c7c03-ab36-4350-9717-b444e216efc0,7,1037,True,1371,1019,183.15210381646557
1038,da4c7c03-ab36-4350-9717-b444e216efc0,7,1038,True,1392,1040,172.48426153087144
1039,da4c7c03-ab36-4350-9717-b444e216efc0,7,1039,True,1420,1068,196.4455797982764
1040,da4c7c03-ab36-4350-9717-b444e216efc0,7,1040,True,1449,1097,158.55641707508516
1041,da4c7c03-ab36-4350-9717-b444e216efc0,7,1041,True,1467,1115,194.53970222792145
1042,da4c7c03-ab36-4350-9717-b444e216efc0,7,1042,True,1490,1138,180.41726358568644
1043,da4c7c03-ab36-4350-9717-b444e216efc0,7,1043,True,1523,1171,162.75183528565663
1044,da4c7c03-ab36-4350-9717-b444e216efc0,7,1044,True,1552,1200,159.59134603590041
1045,da4c7c03-ab36-4350-9717-b444e216efc0,7,1045,True,1573,1221,200.97306799388207
1046,da4c7c03-ab36-4350-9717-b444e216efc0,7,1046,True,1597,1245,166.10920554489576
1047,da4c7c03-ab36-4350-9717-b444e216efc0,7,1047,True,1621,1269,195.8550145946274
1048,da4c7c03-ab36-4350-9717-b444e216efc0,7,1048,True,1651,1299,176.03760676349475
1049,da4c7c03-ab36-4350-9717-b444e216efc0,7,1049,True,1683,1331,197.79604282621358
1050,da4c7c03-ab36-4350-9717-b444e216efc0,7,1050,True,1699,1347,168.54093971036127
1051,da4c7c03-ab36-4350-9717-b444e216efc0,7,1051,True,1730,1378,150.79604282621358
1052,da4c7c03-ab36-4350-9717-b444e216efc0,7,1052,True,1764,1412,178.8164497900998
1053,da4c7c03-ab36-4350-9717-b444e216efc0,7,1053,True,1787,1435,167.11486812938574
1054,da4c7c03-ab36-4350-9717-b444e216efc0,7,1054,True,1812,1460,158.3964946321521
1055,da4c7c03-ab36-4350-9717-b444e216efc0,7,1055,True,1837,1485,166.82738859446386
1056,da4c7c03-ab36-4350-9717-b444e216efc0,7,1056,True,1871,1519,174.34187122125172
1057,da4c7c03-ab36-4350-9717-b444e216efc0,7,1057,True,1898,1546,158.6898483323073
1058,da4c7c03-ab36-4350-9717-b444e216efc0,7,1058,True,1924,1572,152.40962102457684
1059,da4c7c03-ab36-4350-9717-b444e216efc0,7,1059,True,1943,1591,154.53442949640885
1060,da4c7c03-ab36-4350-9717-b444e216efc0,7,1060,True,1971,1619,165.74599834266792
1061,da4c7c03-ab36-4350-9717-b444e216efc0,7,1061,True,2001,1649,146.40843972632297
1062,da4c7c03-ab36-4350-9717-b444e216efc0,7,1062,True,2032,1680,164.51407042443088
1063,da4c7c03-ab36-4350-9717-b444e216efc0,7,1063,True,2056,1704,152.9772027520071
1064,da4c7c03-ab36-4350-9717-b444e216efc0,7,1064,True,2088,1736,185.26071626883322
1065,da4c7c03-ab36-4350-9717-b444e216efc0,7,1065,True,2104,1752,123.04776430014249
1066,da4c7c03-ab36-4350-9717-b444e216efc0,7,1066,True,2144,1792,152.7696180789153
1067,da4c7c03-ab36-4350-9717-b444e216efc0,7,1067,True,2171,1819,136.72578015732074
1068,da4c7c03-ab36-4350-9717-b444e216efc0,7,1068,True,2194,1842,198.53861244523364
1069,da4c7c03-ab36-4350-9717-b444e216efc0,7,1069,True,2220,1868,181.39974381841557
1070,da4c7c03-ab36-4350-9717-b444e216efc0,7,1070,True,2252,1900,176.3463369792721
1071,da4c7c03-ab36-4350-9717-b444e216efc0,7,1071,True,2275,1923,142.24759173188477
1072,da4c7c03-ab36-4350-9717-b444e216efc0,7,1072,True,2302,1950,201.2506768393573
1073,da4c7c03-ab36-4350-9717-b444e216efc0,7,1073,True,2325,1973,163.46718813150846
1074,da4c7c03-ab36-4350-9717-b444e216efc0,7,1074,True,2354,2002,196.61717682765402
1075,da4c7c03-ab36-4350-9717-b444e216efc0,7,1075,True,2375,2023,199.26353816808341
1076,da4c7c03-ab36-4350-9717-b444e216efc0,7,1076,True,2407,2055,154.93231931683113
1077,da4c7c03-ab36-4350-9717-b444e216efc0,7,1077,True,2437,2085,137.26353816808341
1078,da4c7c03-ab36-4350-9717-b444e216efc0,7,1078,True,2468,2116,130.70943246144543
1079,da4c7c03-ab36-4350-9717-b444e216efc0,7,1079,True,2503,2151,132.57421477708021
1080,da4c7c03-ab36-4350-9717-b444e216efc0,7,1080,True,2529,2177,158.67706748887758
1081,da4c7c03-ab36-4350-9717-b444e216efc0,7,1081,True,2549,2197,127.97081491627205
1082,da4c7c03-ab36-4350-9717-b444e216efc0,7,1082,True,2573,2221,154.25173560391022
1083,da4c7c03-ab36-4350-9717-b444e216efc0,7,1083,True,2598,2246,138.89854209474333
1084,da4c7c03-ab36-4350-9717-b444e216efc0,7,1084,True,2619,2267,133.579283477236
1085,da4c7c03-ab36-4350-9717-b444e216efc0,7,1085,True,2647,2295,156.4307723396014
1086,da4c7c03-ab36-4350-9717-b444e216efc0,7,1086,True,2675,2323,146.75280709435583
1087,da4c7c03-ab36-4350-9717-b444e216efc0,7,1087,True,2706,2354,147.38557470580372
1088,da4c7c03-ab36-4350-9717-b444e216efc0,7,1088,True,2738,2386,151.639723522826
1089,da4c7c03-ab36-4350-9717-b444e216efc0,7,1089,True,2759,2407,140.96560439931818
1090,da4c7c03-ab36-4350-9717-b444e216efc0,7,1090,True,2791,2439,163.9121908519428
1091,da4c7c03-ab36-4350-9717-b444e216efc0,7,1091,True,2811,2459,123.81613513400498
1092,da4c7c03-ab36-4350-9717-b444e216efc0,7,1092,True,2843,2491,143.8048060625124
1093,da4c7c03-ab36-4350-9717-b444e216efc0,7,1093,True,2868,2516,129.15969171823917
1094,da4c7c03-ab36-4350-9717-b444e216efc0,7,1094,True,2902,2550,124.9232138753764
1095,da4c7c03-ab36-4350-9717-b444e216efc0,7,1095,True,2934,2582,116.70991974070967
1096,da4c7c03-ab36-4350-9717-b444e216efc0,7,1096,True,2960,2608,118.04172769524621
1097,da4c7c03-ab36-4350-9717-b444e216efc0,7,1097,True,2978,2626,157.42960649114048
1098,da4c7c03-ab36-4350-9717-b444e216efc0,7,1098,True,3001,2649,181.07710541251026
1099,da4c7c03-ab36-4350-9717-b444e216efc0,7,1099,True,3033,2681,137.71371589007003
1100,da4c7c03-ab36-4350-9717-b444e216efc0,7,1100,True,3075,2723,125.46891851400142
1101,da4c7c03-ab36-4350-9717-b444e216efc0,7,1101,True,3101,2749,161.19833303985433
1102,da4c7c03-ab36-4350-9717-b444e216efc0,7,1102,True,3123,2771,128.90463583532346
1103,da4c7c03-ab36-4350-9717-b444e216efc0,7,1103,True,3153,2801,155.45587422607468
1104,da4c7c03-ab36-4350-9717-b444e216efc0,7,1104,True,3182,2830,146.53962258809088
1105,da4c7c03-ab36-4350-9717-b444e216efc0,7,1105,True,3215,2863,124.09259300904523
1106,da4c7c03-ab36-4350-9717-b444e216efc0,7,1106,True,3241,2889,163.82832234735497
1107,da4c7c03-ab36-4350-9717-b444e216efc0,7,1107,True,3265,2913,158.3439532103921
1108,da4c7c03-ab36-4350-9717-b444e216efc0,7,1108,True,3302,2950,161.4236439441629
1109,da4c7c03-ab36-4350-9717-b444e216efc0,7,1109,True,3329,2977,144.70134332526095
1110,da4c7c03-ab36-4350-9717-b444e216efc0,7,1110,True,3360,3008,139.84760330253494
1111,da4c7c03-ab36-4350-9717-b444e216efc0,7,1111,True,3381,3029,131.68883178323858
1112,da4c7c03-ab36-4350-9717-b444e216efc0,7,1112,True,3411,3059,126.64263246328846
1113,da4c7c03-ab36-4350-9717-b444e216efc0,7,1113,True,3439,3087,117.51546454250047
1114,da4c7c03-ab36-4350-9717-b444e216efc0,7,1114,True,3467,3115,130.59040927697106
1115,da4c7c03-ab36-4350-9717-b444e216efc0,7,1115,True,3485,3133,123.61951655538769
1116,da4c7c03-ab36-4350-9717-b444e216efc0,7,1116,True,3518,3166,166.23004073572793
1117,da4c7c03-ab36-4350-9717-b444e216efc0,7,1117,True,3546,3194,149.41211214496707
1118,da4c7c03-ab36-4350-9717-b444e216efc0,7,1118,True,3561,3209,134.41211214496707
1119,da4c7c03-ab36-4350-9717-b444e216efc0,7,1119,True,3588,3236,127.33948705522607
1120,da4c7c03-ab36-4350-9717-b444e216efc0,7,1120,True,3622,3270,122.08668206293987
1121,da4c7c03-ab36-4350-9717-b444e216efc0,7,1121,True,3663,3311,122.8210673034032
1122,da4c7c03-ab36-4350-9717-b444e216efc0,7,1122,True,3692,3340,123.87147838431929
1123,da4c7c03-ab36-4350-9717-b444e216efc0,7,1123,True,3719,3367,136.0951322673136
1124,da4c7c03-ab36-4350-9717-b444e216efc0,7,1124,True,3737,3385,105.98749986711118
1125,da4c7c03-ab36-4350-9717-b444e216efc0,7,1125,True,3769,3417,108.13860183625911
1126,da4c7c03-ab36-4350-9717-b444e216efc0,7,1126,True,3796,3444,143.59191860855526
1127,da4c7c03-ab36-4350-9717-b444e216efc0,7,1127,True,3820,3468,151.010331140345
1128,da4c7c03-ab36-4350-9717-b444e216efc0,7,1128,True,3850,3498,139.5954949832003
1129,da4c7c03-ab36-4350-9717-b444e216efc0,7,1129,True,3879,3527,121.66394794404505
1130,da4c7c03-ab36-4350-9717-b444e216efc0,7,1130,True,3907,3555,132.6786488913026
1131,da4c7c03-ab36-4350-9717-b444e216efc0,7,1131,True,3944,3592,122.0328806112093
1132,da4c7c03-ab36-4350-9717-b444e216efc0,7,1132,True,3974,3622,155.86859047782173
1133,da4c7c03-ab36-4350-9717-b444e216efc0,7,1133,True,3999,3647,111.62106758390792
1134,da4c7c03-ab36-4350-9717-b444e216efc0,7,1134,True,4030,3678,135.8773760780996
1135,da4c7c03-ab36-4350-9717-b444e216efc0,7,1135,True,4057,3705,98.85488976028364
1136,da4c7c03-ab36-4350-9717-b444e216efc0,7,1136,True,4084,3732,139.82390528441692
1137,da4c7c03-ab36-4350-9717-b444e216efc0,7,1137,True,4104,3752,129.15043492129553
1138,da4c7c03-ab36-4350-9717-b444e216efc0,7,1138,True,4130,3778,147.8860583830733
1139,da4c7c03-ab36-4350-9717-b444e216efc0,7,1139,True,4162,3810,127.85226668640507
1140,da4c7c03-ab36-4350-9717-b444e216efc0,7,1140,True,4188,3836,166.6797788478325
1141,da4c7c03-ab36-4350-9717-b444e216efc0,7,1141,True,4217,3865,127.37278948678522
1142,da4c7c03-ab36-4350-9717-b444e216efc0,7,1142,True,4250,3898,174.0973279007644
1143,da4c7c03-ab36-4350-9717-b444e216efc0,7,1143,True,4279,3927,134.01546166447633
1144,da4c7c03-ab36-4350-9717-b444e216efc0,7,1144,True,4309,3957,160.6459803302114
1145,da4c7c03-ab36-4350-9717-b444e216efc0,7,1145,True,4329,3977,117.79849340483906
1146,da4c7c03-ab36-4350-9717-b444e216efc0,7,1146,True,4352,4000,142.7511025396716
1147,da4c7c03-ab36-4350-9717-b444e216efc0,7,1147,True,4387,4035,136.10145031173306
1148,da4c7c03-ab36-4350-9717-b444e216efc0,7,1148,True,4427,4075,145.90835814988077
1149,da4c7c03-ab36-4350-9717-b444e216efc0,7,1149,True,4454,4102,130.17914602746896
1150,da4c7c03-ab36-4350-9717-b444e216efc0,7,1150,True,4482,4130,149.84030281930245
1151,da4c7c03-ab36-4350-9717-b444e216efc0,7,1151,True,4506,4154,138.39130359164392
1152,da4c7c03-ab36-4350-9717-b444e216efc0,7,1152,True,4541,4189,151.91517095785548
1153,da4c7c03-ab36-4350-9717-b444e216efc0,7,1153,True,4573,4221,144.8633142237577
1154,da4c7c03-ab36-4350-9717-b444e216efc0,7,1154,True,4601,4249,127.64622863871591
1155,da4c7c03-ab36-4350-9717-b444e216efc0,7,1155,True,4630,4278,138.62027887907243
1156,da4c7c03-ab36-4350-9717-b444e216efc0,7,1156,True,4655,4303,124.5157256838429
1157,da4c7c03-ab36-4350-9717-b444e216efc0,7,1157,True,4678,4326,113.66635176043656
1158,da4c7c03-ab36-4350-9717-b444e216efc0,7,1158,True,4706,4354,123.28923760486123
1159,da4c7c03-ab36-4350-9717-b444e216efc0,7,1159,True,4731,4379,121.39104681190202
1160,da4c7c03-ab36-4350-9717-b444e216efc0,7,1160,True,4763,4411,130.17247624984793
1161,da4c7c03-ab36-4350-9717-b444e216efc0,7,1161,True,4791,4439,143.82614388574711
1162,da4c7c03-ab36-4350-9717-b444e216efc0,7,1162,True,4818,4466,144.9634861069726
1163,da4c7c03-ab36-4350-9717-b444e216efc0,7,1163,True,4839,4487,195.51288661652325
1164,da4c7c03-ab36-4350-9717-b444e216efc0,7,1164,True,4867,4515,156.54004614155292
1165,da4c7c03-ab36-4350-9717-b444e216efc0,7,1165,True,4912,4560,139.09985994097406
1166,da4c7c03-ab36-4350-9717-b444e216efc0,7,1166,True,4937,4585,222.24672629661927
1167,da4c7c03-ab36-4350-9717-b444e216efc0,7,1167,True,4960,4608,189.14804518663095
1168,da4c7c03-ab36-4350-9717-b444e216efc0,7,1168,True,4983,4631,146.83714457973383
1169,da4c7c03-ab36-4350-9717-b444e216efc0,7,1169,True,5009,4657,166.6345995231004
1170,da4c7c03-ab36-4350-9717-b444e216efc0,7,1170,True,5034,4682,152.41455367522303
1171,da4c7c03-ab36-4350-9717-b444e216efc0,7,1171,True,5067,4715,159.61961221335878
1172,da4c7c03-ab36-4350-9717-b444e216efc0,7,1172,True,5093,4741,144.81590677659278
1173,da4c7c03-ab36-4350-9717-b444e216efc0,7,1173,True,5125,4773,167.70480919230886
1174,da4c7c03-ab36-4350-9717-b444e216efc0,7,1174,True,5154,4802,156.46650625920847
1175,da4c7c03-ab36-4350-9717-b444e216efc0,7,1175,True,5173,4821,145.6896136923924
1176,da4c7c03-ab36-4350-9717-b444e216efc0,7,1176,True,5204,4852,155.71358591645821
1177,da4c7c03-ab36-4350-9717-b444e216efc0,7,1177,True,5236,4884,133.23240936770162
1178,da4c7c03-ab36-4350-9717-b444e216efc0,7,1178,True,5276,4924,129.22270423571536
1179,da4c7c03-ab36-4350-9717-b444e216efc0,7,1179,True,5300,4948,147.80779731520124
1180,da4c7c03-ab36-4350-9717-b444e216efc0,7,1180,True,5324,4972,133.03575523064683
1181,da4c7c03-ab36-4350-9717-b444e216efc0,7,1181,True,5356,5004,131.3638671776098
1182,da4c7c03-ab36-4350-9717-b444e216efc0,7,1182,True,5384,5032,150.84136026561828
1183,da4c7c03-ab36-4350-9717-b444e216efc0,7,1183,True,5410,5058,136.50198160122818
1184,da4c7c03-ab36-4350-9717-b444e216efc0,7,1184,True,5444,5092,152.83557598833704
1185,da4c7c03-ab36-4350-9717-b444e216efc0,7,1185,True,5475,5123,139.15126481263815
1186,da4c7c03-ab36-4350-9717-b444e216efc0,7,1186,True,5512,5160,128.78191798949138
1187,da4c7c03-ab36-4350-9717-b444e216efc0,7,1187,True,5543,5191,127.252710459642
1188,da4c7c03-ab36-4350-9717-b444e216efc0,7,1188,True,5567,5215,155.89108074359137
1189,da4c7c03-ab36-4350-9717-b444e216efc0,7,1189,True,5589,5237,144.74805800519334
1190,da4c7c03-ab36-4350-9717-b444e216efc0,7,1190,True,5623,5271,157.98875422764104
1191,da4c7c03-ab36-4350-9717-b444e216efc0,7,1191,True,5654,5302,139.92437337651972
1192,da4c7c03-ab36-4350-9717-b444e216efc0,7,1192,True,5693,5341,155.43600804043217
1193,da4c7c03-ab36-4350-9717-b444e216efc0,7,1193,True,5719,5367,140.4439585117043
1194,da4c7c03-ab36-4350-9717-b444e216efc0,7,1194,True,5752,5400,120.195758069367
1195,da4c7c03-ab36-4350-9717-b444e216efc0,7,1195,True,5778,5426,131.4954323419388
1196,da4c7c03-ab36-4350-9717-b444e216efc0,7,1196,True,5812,5460,107.82320028910362
1197,da4c7c03-ab36-4350-9717-b444e216efc0,7,1197,True,5839,5487,136.73708137728408
1198,da4c7c03-ab36-4350-9717-b444e216efc0,7,1198,True,5870,5518,131.8707901088901
1199,da4c7c03-ab36-4350-9717-b444e216efc0,7,1199,True,5886,5534,150.9035056683233
1200,da4c7c03-ab36-4350-9717-b444e216efc0,7,1200,True,5917,5565,109.28350413953558
1201,da4c7c03-ab36-4350-9717-b444e216efc0,7,1201,True,5939,5587,140.46034370788766
1202,da4c7c03-ab36-4350-9717-b444e216efc0,7,1202,True,5968,5616,119.15431964373875
1203,da4c7c03-ab36-4350-9717-b444e216efc0,7,1203,True,5989,5637,135.42826489602066
1204,da4c7c03-ab36-4350-9717-b444e216efc0,7,1204,True,6011,5659,147.5358189384906
1205,da4c7c03-ab36-4350-9717-b444e216efc0,7,1205,True,6035,5683,142.28055952286195
1206,da4c7c03-ab36-4350-9717-b444e216efc0,7,1206,True,6065,5713,167.61582331507998
1207,da4c7c03-ab36-4350-9717-b444e216efc0,7,1207,True,6089,5737,107.80643519183832
1208,da4c7c03-ab36-4350-9717-b444e216efc0,7,1208,True,6118,5766,130.79116647583123
1209,da4c7c03-ab36-4350-9717-b444e216efc0,7,1209,True,6154,5802,117.38892027216207
1210,da4c7c03-ab36-4350-9717-b444e216efc0,7,1210,True,6185,5833,140.12363399913193
1211,da4c7c03-ab36-4350-9717-b444e216efc0,7,1211,True,6213,5861,121.93934012146292
1212,da4c7c03-ab36-4350-9717-b444e216efc0,7,1212,True,6238,5886,153.73721250966628
1213,da4c7c03-ab36-4350-9717-b444e216efc0,7,1213,True,6268,5916,135.44821615490855
1214,da4c7c03-ab36-4350-9717-b444e216efc0,7,1214,True,6300,5948,152.11005904482226
1215,da4c7c03-ab36-4350-9717-b444e216efc0,7,1215,True,6318,5966,124.05987775300127
1216,da4c7c03-ab36-4350-9717-b444e216efc0,7,1216,True,6342,5990,121.62673538506351
1217,da4c7c03-ab36-4350-9717-b444e216efc0,7,1217,True,6373,6021,156.9706544097171
1218,da4c7c03-ab36-4350-9717-b444e216efc0,7,1218,True,6390,6038,157.83170622364378
1219,da4c7c03-ab36-4350-9717-b444e216efc0,7,1219,True,6429,6077,151.49756154783245
1220,da4c7c03-ab36-4350-9717-b444e216efc0,7,1220,True,6459,6107,142.0508826776877
1221,da4c7c03-ab36-4350-9717-b444e216efc0,7,1221,True,6482,6130,136.3579778867388
1222,da4c7c03-ab36-4350-9717-b444e216efc0,7,1222,True,6514,6162,143.0050097399362
1223,da4c7c03-ab36-4350-9717-b444e216efc0,7,1223,True,6538,6186,194.0644780287057
1224,da4c7c03-ab36-4350-9717-b444e216efc0,7,1224,True,6556,6204,160.7488554692054
1225,da4c7c03-ab36-4350-9717-b444e216efc0,7,1225,True,6576,6224,190.05763707942788
1226,da4c7c03-ab36-4350-9717-b444e216efc0,7,1226,True,6608,6256,173.5241856323546
1227,da4c7c03-ab36-4350-9717-b444e216efc0,7,1227,True,6634,6282,173.5144546208703
1228,da4c7c03-ab36-4350-9717-b444e216efc0,7,1228,True,6660,6308,157.738975088806
1229,da4c7c03-ab36-4350-9717-b444e216efc0,7,1229,True,6683,6331,228.23947212689836
1230,da4c7c03-ab36-4350-9717-b444e216efc0,7,1230,True,6707,6355,214.17488851931284
1231,da4c7c03-ab36-4350-9717-b444e216efc0,7,1231,True,6736,6384,156.08615783811547
1232,da4c7c03-ab36-4350-9717-b444e216efc0,7,1232,True,6760,6408,178.41163073336793
1233,da4c7c03-ab36-4350-9717-b444e216efc0,7,1233,True,6789,6437,164.48432202857748
1234,da4c7c03-ab36-4350-9717-b444e216efc0,7,1234,True,6819,6467,166.65085668510528
1235,da4c7c03-ab36-4350-9717-b444e216efc0,7,1235,True,6843,6491,166.2112760232858
1236,da4c7c03-ab36-4350-9717-b444e216efc0,7,1236,True,6874,6522,144.8634825279687
1237,da4c7c03-ab36-4350-9717-b444e216efc0,7,1237,True,6899,6547,137.85375113761165
1238,da4c7c03-ab36-4350-9717-b444e216efc0,7,1238,True,6928,6576,187.76120030273705
1239,da4c7c03-ab36-4350-9717-b444e216efc0,7,1239,True,6967,6615,127.9244898148736
1240,da4c7c03-ab36-4350-9717-b444e216efc0,7,1240,True,6990,6638,170.91015490675727
1241,da4c7c03-ab36-4350-9717-b444e216efc0,7,1241,True,7021,6669,126.16977984761797
1242,da4c7c03-ab36-4350-9717-b444e216efc0,7,1242,True,7047,6695,146.76827888333446
1243,da4c7c03-ab36-4350-9717-b444e216efc0,7,1243,True,7076,6724,127.97692484007621
1244,da4c7c03-ab36-4350-9717-b444e216efc0,7,1244,True,7103,6751,167.0032028265241
1245,da4c7c03-ab36-4350-9717-b444e216efc0,7,1245,True,7129,6777,154.85947276022398
1246,da4c7c03-ab36-4350-9717-b444e216efc0,7,1246,True,7151,6799,181.90726187060773
1247,da4c7c03-ab36-4350-9717-b444e216efc0,7,1247,True,7198,6846,150.62760288480604
1248,da4c7c03-ab36-4350-9717-b444e216efc0,7,1248,True,7217,6865,166.0980136262442
1249,da4c7c03-ab36-4350-9717-b444e216efc0,7,1249,True,7253,6901,180.9717445476881
1250,da4c7c03-ab36-4350-9717-b444e216efc0,7,1250,True,7277,6925,131.2071085599373
1251,da4c7c03-ab36-4350-9717-b444e216efc0,7,1251,True,7308,6956,148.46135904539824
1252,da4c7c03-ab36-4350-9717-b444e216efc0,7,1252,True,7337,6985,130.16784357942652
1253,da4c7c03-ab36-4350-9717-b444e216efc0,7,1253,True,7367,7015,159.95900735785835
1254,da4c7c03-ab36-4350-9717-b444e216efc0,7,1254,True,7398,7046,139.261581523494
1255,da4c7c03-ab36-4350-9717-b444e216efc0,7,1255,True,7421,7069,142.81436661078624
1256,da4c7c03-ab36-4350-9717-b444e216efc0,7,1256,True,7453,7101,137.33746348641944
1257,da4c7c03-ab36-4350-9717-b444e216efc0,7,1257,True,7477,7125,234.20029186403735
1258,da4c7c03-ab36-4350-9717-b444e216efc0,7,1258,True,7501,7149,219.44139250674925
1259,da4c7c03-ab36-4350-9717-b444e216efc0,7,1259,True,7518,7166,170.18470220277868
1260,da4c7c03-ab36-4350-9717-b444e216efc0,7,1260,True,7550,7198,179.4672466109878
1261,da4c7c03-ab36-4350-9717-b444e216efc0,7,1261,True,7580,7228,161.12726529079282
1262,da4c7c03-ab36-4350-9717-b444e216efc0,7,1262,True,7618,7266,178.57690666341568
1263,da4c7c03-ab36-4350-9717-b444e216efc0,7,1263,True,7641,7289,176.49901538453923
1264,da4c7c03-ab36-4350-9717-b444e216efc0,7,1264,True,7673,7321,197.2327350368123
1265,da4c7c03-ab36-4350-9717-b444e216efc0,7,1265,True,7701,7349,146.43844148031076
1266,da4c7c03-ab36-4350-9717-b444e216efc0,7,1266,True,7727,7375,170.67862418867117
1267,da4c7c03-ab36-4350-9717-b444e216efc0,7,1267,True,7756,7404,126.25520961521033
1268,da4c7c03-ab36-4350-9717-b444e216efc0,7,1268,True,7780,7428,193.98084355754145
1269,da4c7c03-ab36-4350-9717-b444e216efc0,7,1269,True,7816,7464,132.42153699654136
1270,da4c7c03-ab36-4350-9717-b444e216efc0,7,1270,True,7849,7497,155.3328565488
1271,da4c7c03-ab36-4350-9717-b444e216efc0,7,1271,True,7879,7527,154.64009203837213
1272,da4c7c03-ab36-4350-9717-b444e216efc0,7,1272,True,7910,7558,134.86162018015784
1273,da4c7c03-ab36-4350-9717-b444e216efc0,7,1273,True,7937,7585,159.81521230114413
1274,da4c7c03-ab36-4350-9717-b444e216efc0,7,1274,True,7975,7623,131.13249896841262
1275,da4c7c03-ab36-4350-9717-b444e216efc0,7,1275,True,8008,7656,156.54663521604652
1276,da4c7c03-ab36-4350-9717-b444e216efc0,7,1276,True,8035,7683,138.69221429976096
1277,da4c7c03-ab36-4350-9717-b444e216efc0,7,1277,True,8059,7707,163.77206179800578
1278,da4c7c03-ab36-4350-9717-b444e216efc0,7,1278,True,8076,7724,136.7842045492971
1279,da4c7c03-ab36-4350-9717-b444e216efc0,7,1279,True,8113,7761,170.84597816045334
1280,da4c7c03-ab36-4350-9717-b444e216efc0,7,1280,True,8145,7793,181.98505972054772
1281,da4c7c03-ab36-4350-9717-b444e216efc0,7,1281,True,8175,7823,161.84241993620253
1282,da4c7c03-ab36-4350-9717-b444e216efc0,7,1282,True,8197,7845,150.7087345912896
1283,da4c7c03-ab36-4350-9717-b444e216efc0,7,1283,True,8215,7863,150.69844379695496
1284,da4c7c03-ab36-4350-9717-b444e216efc0,7,1284,True,8245,7893,164.46321900832845
1285,da4c7c03-ab36-4350-9717-b444e216efc0,7,1285,True,8278,7926,212.49227714151857
1286,da4c7c03-ab36-4350-9717-b444e216efc0,7,1286,True,8298,7946,148.72967101555696
1287,da4c7c03-ab36-4350-9717-b444e216efc0,7,1287,True,8323,7971,136.90896258532302
1288,da4c7c03-ab36-4350-9717-b444e216efc0,7,1288,True,8351,7999,186.24310995524957
1289,da4c7c03-ab36-4350-9717-b444e216efc0,7,1289,True,8376,8024,173.4160224551415
1290,da4c7c03-ab36-4350-9717-b444e216efc0,7,1290,True,8401,8049,189.92460411784123
1291,da4c7c03-ab36-4350-9717-b444e216efc0,7,1291,True,8441,8089,199.7966121009722
1292,da4c7c03-ab36-4350-9717-b444e216efc0,7,1292,True,8466,8114,150.57798647605523
1293,da4c7c03-ab36-4350-9717-b444e216efc0,7,1293,True,8504,8152,166.42031299070368
1294,da4c7c03-ab36-4350-9717-b444e216efc0,7,1294,True,8524,8172,172.45229053185722
1295,da4c7c03-ab36-4350-9717-b444e216efc0,7,1295,True,8553,8201,182.45854197885637
1296,da4c7c03-ab36-4350-9717-b444e216efc0,7,1296,True,8587,8235,158.16517919277612
1297,da4c7c03-ab36-4350-9717-b444e216efc0,7,1297,True,8614,8262,197.7178539483175
1298,da4c7c03-ab36-4350-9717-b444e216efc0,7,1298,True,8636,8284,200.87573723143214
1299,da4c7c03-ab36-4350-9717-b444e216efc0,7,1299,True,8658,8306,211.27019769732033
1300,da4c7c03-ab36-4350-9717-b444e216efc0,7,1300,True,8681,8329,205.83144442929915
1301,da4c7c03-ab36-4350-9717-b444e216efc0,7,1301,True,8703,8351,166.27019769732033
1302,da4c7c03-ab36-4350-9717-b444e216efc0,7,1302,True,8734,8382,175.7670722512794
1303,da4c7c03-ab36-4350-9717-b444e216efc0,7,1303,True,8762,8410,159.94303306474285
1304,da4c7c03-ab36-4350-9717-b444e216efc0,7,1304,True,8781,8429,151.44302759107995
1305,da4c7c03-ab36-4350-9717-b444e216efc0,7,1305,True,8803,8451,211.55663628345428
1306,da4c7c03-ab36-4350-9717-b444e216efc0,7,1306,True,8826,8474,197.27485669024463
1307,da4c7c03-ab36-4350-9717-b444e216efc0,7,1307,True,8846,8494,196.82142974669114
1308,da4c7c03-ab36-4350-9717-b444e216efc0,7,1308,True,8874,8522,231.31771571303034
1309,da4c7c03-ab36-4350-9717-b444e216efc0,7,1309,True,8897,8545,155.79318882655934
1310,da4c7c03-ab36-4350-9717-b444e216efc0,7,1310,True,8923,8571,192.6310229009341
1311,da4c7c03-ab36-4350-9717-b444e216efc0,7,1311,True,8953,8601,162.6310229009341
1312,da4c7c03-ab36-4350-9717-b444e216efc0,7,1312,True,8979,8627,154.68540380780905
1313,da4c7c03-ab36-4350-9717-b444e216efc0,7,1313,True,9007,8655,180.28304013325396
1314,da4c7c03-ab36-4350-9717-b444e216efc0,7,1314,True,9038,8686,195.03748315244593
1315,da4c7c03-ab36-4350-9717-b444e216efc0,7,1315,True,9066,8714,175.9512236978626
1316,da4c7c03-ab36-4350-9717-b444e216efc0,7,1316,True,9101,8749,158.00756179999007
1317,da4c7c03-ab36-4350-9717-b444e216efc0,7,1317,True,9129,8777,141.02324140482233
1318,da4c7c03-ab36-4350-9717-b444e216efc0,7,1318,True,9158,8806,159.69380268145323
1319,da4c7c03-ab36-4350-9717-b444e216efc0,7,1319,True,9183,8831,145.68144959110214
1320,da4c7c03-ab36-4350-9717-b444e216efc0,7,1320,True,9214,8862,126.49310372460968
1321,da4c7c03-ab36-4350-9717-b444e216efc0,7,1321,True,9240,8888,166.57373170228675
1322,da4c7c03-ab36-4350-9717-b444e216efc0,7,1322,True,9263,8911,154.27256063193818
1323,da4c7c03-ab36-4350-9717-b444e216efc0,7,1323,True,9289,8937,210.47050325565033
1324,da4c7c03-ab36-4350-9717-b444e216efc0,7,1324,True,9322,8970,158.8536219024918
1325,da4c7c03-ab36-4350-9717-b444e216efc0,7,1325,True,9349,8997,171.25471784193178
1326,da4c7c03-ab36-4350-9717-b444e216efc0,7,1326,True,9379,9027,173.52156152676798
1327,da4c7c03-ab36-4350-9717-b444e216efc0,7,1327,True,9403,9051,173.57390267576193
1328,da4c7c03-ab36-4350-9717-b444e216efc0,7,1328,True,9434,9082,163.42901696692388
1329,da4c7c03-ab36-4350-9717-b444e216efc0,7,1329,True,9468,9116,180.1647089412927
1330,da4c7c03-ab36-4350-9717-b444e216efc0,7,1330,True,9493,9141,165.1023773795041
1331,da4c7c03-ab36-4350-9717-b444e216efc0,7,1331,True,9520,9168,191.50450182043824
1332,da4c7c03-ab36-4350-9717-b444e216efc0,7,1332,True,9547,9195,152.9781783617418
1333,da4c7c03-ab36-4350-9717-b444e216efc0,7,1333,True,9573,9221,154.62870426544941
1334,da4c7c03-ab36-4350-9717-b444e216efc0,7,1334,True,9609,9257,137.4085407678922
1335,da4c7c03-ab36-4350-9717-b444e216efc0,7,1335,True,9635,9283,137.8256006561951
1336,da4c7c03-ab36-4350-9717-b444e216efc0,7,1336,True,9678,9326,143.57671951480188
1337,da4c7c03-ab36-4350-9717-b444e216efc0,7,1337,True,9708,9356,165.8376007774841
1338,da4c7c03-ab36-4350-9717-b444e216efc0,7,1338,True,9734,9382,113.47413998425327
1339,da4c7c03-ab36-4350-9717-b444e216efc0,7,1339,True,9763,9411,178.65615940058706
1340,da4c7c03-ab36-4350-9717-b444e216efc0,7,1340,True,9786,9434,146.6809518718892
1341,da4c7c03-ab36-4350-9717-b444e216efc0,7,1341,True,9812,9460,181.02266377841988
1342,da4c7c03-ab36-4350-9717-b444e216efc0,7,1342,True,9838,9486,177.1271242369803
1343,da4c7c03-ab36-4350-9717-b444e216efc0,7,1343,True,9869,9517,195.8228263015335
1344,da4c7c03-ab36-4350-9717-b444e216efc0,7,1344,True,9900,9548,186.93884674463516
1345,da4c7c03-ab36-4350-9717-b444e216efc0,7,1345,True,9923,9571,212.35298312712803
1346,da4c7c03-ab36-4350-9717-b444e216efc0,7,1346,True,9950,9598,175.2747823813479
1347,da4c7c03-ab36-4350-9717-b444e216efc0,7,1347,True,9983,9631,198.34498494816035
1348,da4c7c03-ab36-4350-9717-b444e216efc0,7,1348,True,10011,9659,201.47591331244257
1349,da4c7c03-ab36-4350-9717-b444e216efc0,7,1349,True,10043,9691,189.88792619482228
1350,da4c7c03-ab36-4350-9717-b444e216efc0,7,1350,True,10075,9723,167.88701101109837
1351,da4c7c03-ab36-4350-9717-b444e216efc0,7,1351,True,10108,9756,145.98351151422503
1352,da4c7c03-ab36-4350-9717-b444e216efc0,7,1352,True,10129,9777,181.2569830507582
1353,da4c7c03-ab36-4350-9717-b444e216efc0,7,1353,True,10159,9807,191.19412063753225
1354,da4c7c03-ab36-4350-9717-b444e216efc0,7,1354,True,10181,9829,181.0716858450087
1355,da4c7c03-ab36-4350-9717-b444e216efc0,7,1355,True,10216,9864,146.0716858450087
1356,da4c7c03-ab36-4350-9717-b444e216efc0,7,1356,True,10252,9900,155.48088556762013
1357,da4c7c03-ab36-4350-9717-b444e216efc0,7,1357,True,10281,9929,138.36097913747471
1358,da4c7c03-ab36-4350-9717-b444e216efc0,7,1358,True,10316,9964,116.67089477667469
1359,da4c7c03-ab36-4350-9717-b444e216efc0,7,1359,True,10346,9994,146.82499030323015
1360,da4c7c03-ab36-4350-9717-b444e216efc0,7,1360,True,10373,10021,131.47744650581808
1361,da4c7c03-ab36-4350-9717-b444e216efc0,7,1361,True,10397,10045,118.75375566219373
1362,da4c7c03-ab36-4350-9717-b444e216efc0,7,1362,True,10422,10070,172.4521476018217
1363,da4c7c03-ab36-4350-9717-b444e216efc0,7,1363,True,10445,10093,120.41005421246518
1364,da4c7c03-ab36-4350-9717-b444e216efc0,7,1364,True,10481,10129,145.03564559007282
1365,da4c7c03-ab36-4350-9717-b444e216efc0,7,1365,True,10503,10151,112.79755156052852
1366,da4c7c03-ab36-4350-9717-b444e216efc0,7,1366,True,10534,10182,140.91653554076947
1367,da4c7c03-ab36-4350-9717-b444e216efc0,7,1367,True,10567,10215,117.40807016470899
1368,da4c7c03-ab36-4350-9717-b444e216efc0,7,1368,True,10600,10248,203.13701692184986
1369,da4c7c03-ab36-4350-9717-b444e216efc0,7,1369,True,10631,10279,119.1371927003056
1370,da4c7c03-ab36-4350-9717-b444e216efc0,7,1370,True,10669,10317,159.56020041633565
1371,da4c7c03-ab36-4350-9717-b444e216efc0,7,1371,True,10694,10342,196.47162611680687
1372,da4c7c03-ab36-4350-9717-b444e216efc0,7,1372,True,10716,10364,139.43010516786853
1373,da4c7c03-ab36-4350-9717-b444e216efc0,7,1373,True,10739,10387,151.47162611680687
1374,da4c7c03-ab36-4350-9717-b444e216efc0,7,1374,True,10763,10411,115.46156270762731
1375,da4c7c03-ab36-4350-9717-b444e216efc0,7,1375,True,10796,10444,124.36127448422667
1376,da4c7c03-ab36-4350-9717-b444e216efc0,7,1376,True,10828,10476,137.97290854698076
1377,da4c7c03-ab36-4350-9717-b444e216efc0,7,1377,True,10847,10495,138.6296875942935
1378,da4c7c03-ab36-4350-9717-b444e216efc0,7,1378,True,10873,10521,167.11869268257396
1379,da4c7c03-ab36-4350-9717-b444e216efc0,7,1379,True,10896,10544,135.7654984949604
1380,da4c7c03-ab36-4350-9717-b444e216efc0,7,1380,True,10921,10569,216.036950588541
1381,da4c7c03-ab36-4350-9717-b444e216efc0,7,1381,True,10956,10604,229.21539377431327
1382,da4c7c03-ab36-4350-9717-b444e216efc0,7,1382,True,10989,10637,285.7929746275495
1383,da4c7c03-ab36-4350-9717-b444e216efc0,7,1383,True,11013,10661,210.26414723036396
1384,da4c7c03-ab36-4350-9717-b444e216efc0,7,1384,True,11031,10679,202.43051870793897
1385,da4c7c03-ab36-4350-9717-b444e216efc0,7,1385,True,11054,10702,220.79297462754948
1386,da4c7c03-ab36-4350-9717-b444e216efc0,7,1386,True,11080,10728,207.238789287263
1387,da4c7c03-ab36-4350-9717-b444e216efc0,7,1387,True,11113,10761,206.64937113388078
1388,da4c7c03-ab36-4350-9717-b444e216efc0,7,1388,True,11138,10786,198.69322914270924
1389,da4c7c03-ab36-4350-9717-b444e216efc0,7,1389,True,11161,10809,215.56201780694028
1390,da4c7c03-ab36-4350-9717-b444e216efc0,7,1390,True,11193,10841,196.7197246042815
1391,da4c7c03-ab36-4350-9717-b444e216efc0,7,1391,True,11225,10873,205.93588291061678
1392,da4c7c03-ab36-4350-9717-b444e216efc0,7,1392,True,11259,10907,182.7829172075617
1393,da4c7c03-ab36-4350-9717-b444e216efc0,7,1393,True,11288,10936,169.9333213215923
1394,da4c7c03-ab36-4350-9717-b444e216efc0,7,1394,True,11322,10970,194.68262016402696
1395,da4c7c03-ab36-4350-9717-b444e216efc0,7,1395,True,11354,11002,173.97311111238196
1396,da4c7c03-ab36-4350-9717-b444e216efc0,7,1396,True,11385,11033,151.73122714589772
1397,da4c7c03-ab36-4350-9717-b444e216efc0,7,1397,True,11408,11056,140.61752346926187
1398,da4c7c03-ab36-4350-9717-b444e216efc0,7,1398,True,11445,11093,123.60716112070804
1399,da4c7c03-ab36-4350-9717-b444e216efc0,7,1399,True,11470,11118,134.4408469041391
1400,da4c7c03-ab36-4350-9717-b444e216efc0,7,1400,True,11503,11151,121.31427478248224
1401,da4c7c03-ab36-4350-9717-b444e216efc0,7,1401,True,11532,11180,153.89103268092185
1402,da4c7c03-ab36-4350-9717-b444e216efc0,7,1402,True,11559,11207,138.63293804667592
1403,da4c7c03-ab36-4350-9717-b444e216efc0,7,1403,True,11590,11238,120.51210505369454
1404,da4c7c03-ab36-4350-9717-b444e216efc0,7,1404,True,11628,11276,122.96122196486795
1405,da4c7c03-ab36-4350-9717-b444e216efc0,7,1405,True,11656,11304,153.95633142875886
1406,da4c7c03-ab36-4350-9717-b444e216efc0,7,1406,True,11687,11335,133.012024117068
1407,da4c7c03-ab36-4350-9717-b444e216efc0,7,1407,True,11711,11359,150.31265683570564
1408,da4c7c03-ab36-4350-9717-b444e216efc0,7,1408,True,11741,11389,130.14670344594742
1409,da4c7c03-ab36-4350-9717-b444e216efc0,7,1409,True,11763,11411,176.36032931206864
1410,da4c7c03-ab36-4350-9717-b444e216efc0,7,1410,True,11790,11438,124.52603571680083
1411,da4c7c03-ab36-4350-9717-b444e216efc0,7,1411,True,11824,11472,139.41031573277178
1412,da4c7c03-ab36-4350-9717-b444e216efc0,7,1412,True,11853,11501,121.92093332080003
1413,da4c7c03-ab36-4350-9717-b444e216efc0,7,1413,True,11894,11542,142.15029387866707
1414,da4c7c03-ab36-4350-9717-b444e216efc0,7,1414,True,11922,11570,90.53832909987432
1415,da4c7c03-ab36-4350-9717-b444e216efc0,7,1415,True,11943,11591,140.57974535141147
1416,da4c7c03-ab36-4350-9717-b444e216efc0,7,1416,True,11972,11620,121.88352548911644
1417,da4c7c03-ab36-4350-9717-b444e216efc0,7,1417,True,11997,11645,157.04598852810523
1418,da4c7c03-ab36-4350-9717-b444e216efc0,7,1418,True,12016,11664,114.53959212566588
1419,da4c7c03-ab36-4350-9717-b444e216efc0,7,1419,True,12046,11694,157.8968944267217
1420,da4c7c03-ab36-4350-9717-b444e216efc0,7,1420,True,12068,11716,159.48960308384812
1421,da4c7c03-ab36-4350-9717-b444e216efc0,7,1421,True,12092,11740,146.6802715057911
1422,da4c7c03-ab36-4350-9717-b444e216efc0,7,1422,True,12128,11776,122.76209331648533
1423,da4c7c03-ab36-4350-9717-b444e216efc0,7,1423,True,12162,11810,234.1594836166023
1424,da4c7c03-ab36-4350-9717-b444e216efc0,7,1424,True,12187,11835,197.30034763643016
1425,da4c7c03-ab36-4350-9717-b444e216efc0,7,1425,True,12206,11854,217.41794737817145
1426,da4c7c03-ab36-4350-9717-b444e216efc0,7,1426,True,12224,11872,199.41794737817145
1427,da4c7c03-ab36-4350-9717-b444e216efc0,7,1427,True,12247,11895,198.21052850416163
1428,da4c7c03-ab36-4350-9717-b444e216efc0,7,1428,True,12271,11919,223.71051835906655
1429,da4c7c03-ab36-4350-9717-b444e216efc0,7,1429,True,12293,11941,190.5111734855418
1430,da4c7c03-ab36-4350-9717-b444e216efc0,7,1430,True,12317,11965,188.40021406696178
1431,da4c7c03-ab36-4350-9717-b444e216efc0,7,1431,True,12342,11990,217.36764771346498
1432,da4c7c03-ab36-4350-9717-b444e216efc0,7,1432,True,12365,12013,194.36764771346498
1433,da4c7c03-ab36-4350-9717-b444e216efc0,7,1433,True,12389,12037,184.18372694709615
1434,da4c7c03-ab36-4350-9717-b444e216efc0,7,1434,True,12420,12068,195.20874670819103
1435,da4c7c03-ab36-4350-9717-b444e216efc0,7,1435,True,12443,12091,162.53280771045138
1436,da4c7c03-ab36-4350-9717-b444e216efc0,7,1436,True,12464,12112,217.5965575746086
1437,da4c7c03-ab36-4350-9717-b444e216efc0,7,1437,True,12499,12147,158.569277590992
1438,da4c7c03-ab36-4350-9717-b444e216efc0,7,1438,True,12518,12166,187.7002886940536
1439,da4c7c03-ab36-4350-9717-b444e216efc0,7,1439,True,12543,12191,211.44004468735693
1440,da4c7c03-ab36-4350-9717-b444e216efc0,7,1440,True,12576,12224,154.9449045928941
1441,da4c7c03-ab36-4350-9717-b444e216efc0,7,1441,True,12605,12253,149.44004468735693
1442,da4c7c03-ab36-4350-9717-b444e216efc0,7,1442,True,12626,12274,155.48255910108855
1443,da4c7c03-ab36-4350-9717-b444e216efc0,7,1443,True,12650,12298,153.98731566041351
1444,da4c7c03-ab36-4350-9717-b444e216efc0,7,1444,True,12669,12317,182.12381219275994
1445,da4c7c03-ab36-4350-9717-b444e216efc0,7,1445,True,12694,12342,166.08802611132887
1446,da4c7c03-ab36-4350-9717-b444e216efc0,7,1446,True,12711,12359,179.01563923562207
1447,da4c7c03-ab36-4350-9717-b444e216efc0,7,1447,True,12738,12386,141.62205422611441
1448,da4c7c03-ab36-4350-9717-b444e216efc0,7,1448,True,12767,12415,176.28369561404907
1449,da4c7c03-ab36-4350-9717-b444e216efc0,7,1449,True,12792,12440,173.83824126414765
1450,da4c7c03-ab36-4350-9717-b444e216efc0,7,1450,True,12827,12475,128.99472132670962
1451,da4c7c03-ab36-4350-9717-b444e216efc0,7,1451,True,12849,12497,157.79951691363567
1452,da4c7c03-ab36-4350-9717-b444e216efc0,7,1452,True,12881,12529,189.42483768130114
1453,da4c7c03-ab36-4350-9717-b444e216efc0,7,1453,True,12908,12556,177.63663841256312
1454,da4c7c03-ab36-4350-9717-b444e216efc0,7,1454,True,12934,12582,162.41184518878617
1455,da4c7c03-ab36-4350-9717-b444e216efc0,7,1455,True,12960,12608,166.73195738747017
1456,da4c7c03-ab36-4350-9717-b444e216efc0,7,1456,True,12987,12635,150.02687691918254
1457,da4c7c03-ab36-4350-9717-b444e216efc0,7,1457,True,13008,12656,150.19192150159324
1458,da4c7c03-ab36-4350-9717-b444e216efc0,7,1458,True,13048,12696,158.02549061137688
1459,da4c7c03-ab36-4350-9717-b444e216efc0,7,1459,True,13077,12725,155.14396219412265
1460,da4c7c03-ab36-4350-9717-b444e216efc0,7,1460,True,13105,12753,138.62311225010126
1461,da4c7c03-ab36-4350-9717-b444e216efc0,7,1461,True,13128,12776,157.1154612981045
1462,da4c7c03-ab36-4350-9717-b444e216efc0,7,1462,True,13154,12802,142.81696072405975
1463,da4c7c03-ab36-4350-9717-b444e216efc0,7,1463,True,13175,12823,121.81696072405975
1464,da4c7c03-ab36-4350-9717-b444e216efc0,7,1464,True,13197,12845,147.34835796010702
1465,da4c7c03-ab36-4350-9717-b444e216efc0,7,1465,True,13220,12868,114.51740659997813
1466,da4c7c03-ab36-4350-9717-b444e216efc0,7,1466,True,13253,12901,162.45270172398887
1467,da4c7c03-ab36-4350-9717-b444e216efc0,7,1467,True,13282,12930,117.197778790749
1468,da4c7c03-ab36-4350-9717-b444e216efc0,7,1468,True,13308,12956,146.34446778129495
1469,da4c7c03-ab36-4350-9717-b444e216efc0,7,1469,True,13334,12982,132.73612214195418
1470,da4c7c03-ab36-4350-9717-b444e216efc0,7,1470,True,13363,13011,157.74602887559558
1471,da4c7c03-ab36-4350-9717-b444e216efc0,7,1471,True,13396,13044,143.04625000766646
1472,da4c7c03-ab36-4350-9717-b444e216efc0,7,1472,True,13426,13074,140.88027105179754
1473,da4c7c03-ab36-4350-9717-b444e216efc0,7,1473,True,13449,13097,127.9668673581873
1474,da4c7c03-ab36-4350-9717-b444e216efc0,7,1474,True,13473,13121,163.9809992539267
1475,da4c7c03-ab36-4350-9717-b444e216efc0,7,1475,True,13506,13154,112.9990866147964
1476,da4c7c03-ab36-4350-9717-b444e216efc0,7,1476,True,13538,13186,133.02361716029918
1477,da4c7c03-ab36-4350-9717-b444e216efc0,7,1477,True,13565,13213,116.98341425316357
1478,da4c7c03-ab36-4350-9717-b444e216efc0,7,1478,True,13584,13232,158.73160506298518
1479,da4c7c03-ab36-4350-9717-b444e216efc0,7,1479,True,13621,13269,138.10033570886299
1480,da4c7c03-ab36-4350-9717-b444e216efc0,7,1480,True,13645,13293,168.30625457069254
1481,da4c7c03-ab36-4350-9717-b444e216efc0,7,1481,True,13672,13320,152.46516708864328
1482,da4c7c03-ab36-4350-9717-b444e216efc0,7,1482,True,13704,13352,183.5868470935602
1483,da4c7c03-ab36-4350-9717-b444e216efc0,7,1483,True,13732,13380,113.96087595703648
1484,da4c7c03-ab36-4350-9717-b444e216efc0,7,1484,True,13764,13412,162.60062566278248
1485,da4c7c03-ab36-4350-9717-b444e216efc0,7,1485,True,13798,13446,138.91345365752022
1486,da4c7c03-ab36-4350-9717-b444e216efc0,7,1486,True,13823,13471,185.7739342058103
1487,da4c7c03-ab36-4350-9717-b444e216efc0,7,1487,True,13851,13499,147.1612917194343
1488,da4c7c03-ab36-4350-9717-b444e216efc0,7,1488,True,13867,13515,104.41167993747877
1489,da4c7c03-ab36-4350-9717-b444e216efc0,7,1489,True,13896,13544,185.712519263594
1490,da4c7c03-ab36-4350-9717-b444e216efc0,7,1490,True,13930,13578,175.3280035136013
1491,da4c7c03-ab36-4350-9717-b444e216efc0,7,1491,True,13953,13601,162.3841609748324
1492,da4c7c03-ab36-4350-9717-b444e216efc0,7,1492,True,13984,13632,146.04951103028725
1493,da4c7c03-ab36-4350-9717-b444e216efc0,7,1493,True,14013,13661,166.98637104213958
1494,da4c7c03-ab36-4350-9717-b444e216efc0,7,1494,True,14035,13683,122.582066997722
1495,da4c7c03-ab36-4350-9717-b444e216efc0,7,1495,True,14068,13716,124.49361503997534
1496,da4c7c03-ab36-4350-9717-b444e216efc0,7,1496,True,14100,13748,120.49739322071946
1497,da4c7c03-ab36-4350-9717-b444e216efc0,7,1497,True,14132,13780,149.74135741634927
1498,da4c7c03-ab36-4350-9717-b444e216efc0,7,1498,True,14163,13811,129.37175691481207
1499,da4c7c03-ab36-4350-9717-b444e216efc0,7,1499,True,14200,13848,166.4531760382033
1500,da4c7c03-ab36-4350-9717-b444e216efc0,7,1500,True,14218,13866,158.22204457159387
1501,da4c7c03-ab36-4350-9717-b444e216efc0,7,1501,True,14251,13899,281.01288488990394
1502,da4c7c03-ab36-4350-9717-b444e216efc0,7,1502,True,14283,13931,149.10480630768143
1503,da4c7c03-ab36-4350-9717-b444e216efc0,7,1503,True,14308,13956,291.06923167898094
1504,da4c7c03-ab36-4350-9717-b444e216efc0,7,1504,True,14349,13997,204.0664962573719
1505,da4c7c03-ab36-4350-9717-b444e216efc0,7,1505,True,14387,14035,212.06923167898094
1506,da4c7c03-ab36-4350-9717-b444e216efc0,7,1506,True,14416,14064,214.53620021875577
1507,da4c7c03-ab36-4350-9717-b444e216efc0,7,1507,True,14441,14089,189.53620021875577
1508,da4c7c03-ab36-4350-9717-b444e216efc0,7,1508,True,14473,14121,208.7842505927183
1509,da4c7c03-ab36-4350-9717-b444e216efc0,7,1509,True,14504,14152,188.54789639141745
1510,da4c7c03-ab36-4350-9717-b444e216efc0,7,1510,True,14529,14177,152.7842505927183
1511,da4c7c03-ab36-4350-9717-b444e216efc0,7,1511,True,14556,14204,208.44144501438495
1512,da4c7c03-ab36-4350-9717-b444e216efc0,7,1512,True,14581,14229,173.3260007575882
1513,da4c7c03-ab36-4350-9717-b444e216efc0,7,1513,True,14619,14267,212.13581610893198
1514,da4c7c03-ab36-4350-9717-b444e216efc0,7,1514,True,14645,14293,231.26433400170572
1515,da4c7c03-ab36-4350-9717-b444e216efc0,7,1515,True,14662,14310,179.72678850072225
1516,da4c7c03-ab36-4350-9717-b444e216efc0,7,1516,True,14684,14332,204.84685100114257
1517,da4c7c03-ab36-4350-9717-b444e216efc0,7,1517,True,14711,14359,211.65395446337243
1518,da4c7c03-ab36-4350-9717-b444e216efc0,7,1518,True,14734,14382,198.75476133458324
1519,da4c7c03-ab36-4350-9717-b444e216efc0,7,1519,True,14764,14412,204.2725057209518
1520,da4c7c03-ab36-4350-9717-b444e216efc0,7,1520,True,14796,14444,183.75831589963855
1521,da4c7c03-ab36-4350-9717-b444e216efc0,7,1521,True,14832,14480,194.2797283483469
1522,da4c7c03-ab36-4350-9717-b444e216efc0,7,1522,True,14864,14512,175.86309882737805
1523,da4c7c03-ab36-4350-9717-b444e216efc0,7,1523,True,14894,14542,211.7126376092565
1524,da4c7c03-ab36-4350-9717-b444e216efc0,7,1524,True,14920,14568,204.73396841418798
1525,da4c7c03-ab36-4350-9717-b444e216efc0,7,1525,True,14945,14593,191.1624630268616
1526,da4c7c03-ab36-4350-9717-b444e216efc0,7,1526,True,14969,14617,249.92121745348413
1527,da4c7c03-ab36-4350-9717-b444e216efc0,7,1527,True,14991,14639,156.15301799166446
1528,da4c7c03-ab36-4350-9717-b444e216efc0,7,1528,True,15018,14666,138.59356521039808
1529,da4c7c03-ab36-4350-9717-b444e216efc0,7,1529,True,15038,14686,180.92121745348413
1530,da4c7c03-ab36-4350-9717-b444e216efc0,7,1530,True,15066,14714,161.38071289649452
1531,da4c7c03-ab36-4350-9717-b444e216efc0,7,1531,True,15094,14742,206.23605823321486
1532,da4c7c03-ab36-4350-9717-b444e216efc0,7,1532,True,15123,14771,165.76996505198804
1533,da4c7c03-ab36-4350-9717-b444e216efc0,7,1533,True,15145,14793,155.23605823321486
1534,da4c7c03-ab36-4350-9717-b444e216efc0,7,1534,True,15173,14821,205.34755908178704
1535,da4c7c03-ab36-4350-9717-b444e216efc0,7,1535,True,15198,14846,190.29597271400417
1536,da4c7c03-ab36-4350-9717-b444e216efc0,7,1536,True,15231,14879,202.74152252697604
1537,da4c7c03-ab36-4350-9717-b444e216efc0,7,1537,True,15261,14909,153.1436188980624
1538,da4c7c03-ab36-4350-9717-b444e216efc0,7,1538,True,15287,14935,197.4716399745048
1539,da4c7c03-ab36-4350-9717-b444e216efc0,7,1539,True,15320,14968,164.4716399745048
1540,da4c7c03-ab36-4350-9717-b444e216efc0,7,1540,True,15349,14997,176.31728115454098
1541,da4c7c03-ab36-4350-9717-b444e216efc0,7,1541,True,15372,15020,165.58571012800712
1542,da4c7c03-ab36-4350-9717-b444e216efc0,7,1542,True,15401,15049,136.58571012800712
1543,da4c7c03-ab36-4350-9717-b444e216efc0,7,1543,True,15429,15077,154.0095262275754
1544,da4c7c03-ab36-4350-9717-b444e216efc0,7,1544,True,15451,15099,141.41722228780054
1545,da4c7c03-ab36-4350-9717-b444e216efc0,7,1545,True,15478,15126,160.36880775917234
1546,da4c7c03-ab36-4350-9717-b444e216efc0,7,1546,True,15494,15142,132.14204848173176
1547,da4c7c03-ab36-4350-9717-b444e216efc0,7,1547,True,15525,15173,174.4224944839916
1548,da4c7c03-ab36-4350-9717-b444e216efc0,7,1548,True,15548,15196,132.23385393791614
1549,da4c7c03-ab36-4350-9717-b444e216efc0,7,1549,True,15572,15220,161.0407066331536
1550,da4c7c03-ab36-4350-9717-b444e216efc0,7,1550,True,15597,15245,112.32519855575265
1551,da4c7c03-ab36-4350-9717-b444e216efc0,7,1551,True,15630,15278,151.02640623692605
1552,da4c7c03-ab36-4350-9717-b444e216efc0,7,1552,True,15655,15303,104.22038045957379
1553,da4c7c03-ab36-4350-9717-b444e216efc0,7,1553,True,15688,15336,155.01823455536214
1554,da4c7c03-ab36-4350-9717-b444e216efc0,7,1554,True,15711,15359,111.55795302230035
1555,da4c7c03-ab36-4350-9717-b444e216efc0,7,1555,True,15738,15386,146.14193214771512
1556,da4c7c03-ab36-4350-9717-b444e216efc0,7,1556,True,15772,15420,101.8998859082003
1557,da4c7c03-ab36-4350-9717-b444e216efc0,7,1557,True,15798,15446,125.7920424930362
1558,da4c7c03-ab36-4350-9717-b444e216efc0,7,1558,True,15831,15479,123.40600652338435
1559,da4c7c03-ab36-4350-9717-b444e216efc0,7,1559,True,15858,15506,154.31223567954294
1560,da4c7c03-ab36-4350-9717-b444e216efc0,7,1560,True,15896,15544,176.91855371987913
1561,da4c7c03-ab36-4350-9717-b444e216efc0,7,1561,True,15934,15582,130.5213968715634
1562,da4c7c03-ab36-4350-9717-b444e216efc0,7,1562,True,15962,15610,168.57850955076538
1563,da4c7c03-ab36-4350-9717-b444e216efc0,7,1563,True,15989,15637,167.90803952701208
1564,da4c7c03-ab36-4350-9717-b444e216efc0,7,1564,True,16011,15659,172.06941920340068
1565,da4c7c03-ab36-4350-9717-b444e216efc0,7,1565,True,16042,15690,190.91006424200532
1566,da4c7c03-ab36-4350-9717-b444e216efc0,7,1566,True,16068,15716,174.05359525914355
1567,da4c7c03-ab36-4350-9717-b444e216efc0,7,1567,True,16097,15745,186.19514587476988
1568,da4c7c03-ab36-4350-9717-b444e216efc0,7,1568,True,16127,15775,165.71968592372286
1569,da4c7c03-ab36-4350-9717-b444e216efc0,7,1569,True,16152,15800,172.72012132497912
1570,da4c7c03-ab36-4350-9717-b444e216efc0,7,1570,True,16178,15826,136.29913680161917
1571,da4c7c03-ab36-4350-9717-b444e216efc0,7,1571,True,16211,15859,156.18919225472746
1572,da4c7c03-ab36-4350-9717-b444e216efc0,7,1572,True,16237,15885,144.66887532910368
1573,da4c7c03-ab36-4350-9717-b444e216efc0,7,1573,True,16257,15905,167.91677698163585
1574,da4c7c03-ab36-4350-9717-b444e216efc0,7,1574,True,16283,15931,150.9878404403953
1575,da4c7c03-ab36-4350-9717-b444e216efc0,7,1575,True,16313,15961,152.86656723672058
1576,da4c7c03-ab36-4350-9717-b444e216efc0,7,1576,True,16339,15987,176.2804528631259
1577,da4c7c03-ab36-4350-9717-b444e216efc0,7,1577,True,16361,16009,165.76344049713953
1578,da4c7c03-ab36-4350-9717-b444e216efc0,7,1578,True,16376,16024,162.4054119099892
1579,da4c7c03-ab36-4350-9717-b444e216efc0,7,1579,True,16398,16046,152.22230842208774
1580,da4c7c03-ab36-4350-9717-b444e216efc0,7,1580,True,16427,16075,141.39049778516164
1581,da4c7c03-ab36-4350-9717-b444e216efc0,7,1581,True,16455,16103,121.51910822379978
1582,da4c7c03-ab36-4350-9717-b444e216efc0,7,1582,True,16496,16144,122.14879598185689
1583,da4c7c03-ab36-4350-9717-b444e216efc0,7,1583,True,16533,16181,161.54618669879164
1584,da4c7c03-ab36-4350-9717-b444e216efc0,7,1584,True,16563,16211,141.5376860640281
1585,da4c7c03-ab36-4350-9717-b444e216efc0,7,1585,True,16595,16243,198.9466949171001
1586,da4c7c03-ab36-4350-9717-b444e216efc0,7,1586,True,16626,16274,142.42529630279023
1587,da4c7c03-ab36-4350-9717-b444e216efc0,7,1587,True,16654,16302,191.20297992455744
1588,da4c7c03-ab36-4350-9717-b444e216efc0,7,1588,True,16681,16329,140.28953248280595
1589,da4c7c03-ab36-4350-9717-b444e216efc0,7,1589,True,16718,16366,136.0208964246849
1590,da4c7c03-ab36-4350-9717-b444e216efc0,7,1590,True,16752,16400,138.27312177946078
1591,da4c7c03-ab36-4350-9717-b444e216efc0,7,1591,True,16780,16428,163.6867767243275
1592,da4c7c03-ab36-4350-9717-b444e216efc0,7,1592,True,16809,16457,134.6867767243275
1593,da4c7c03-ab36-4350-9717-b444e216efc0,7,1593,True,16851,16499,125.9550213356415
1594,da4c7c03-ab36-4350-9717-b444e216efc0,7,1594,True,16882,16530,144.4985208731996
1595,da4c7c03-ab36-4350-9717-b444e216efc0,7,1595,True,16912,16560,147.09994445173288
1596,da4c7c03-ab36-4350-9717-b444e216efc0,7,1596,True,16951,16599,137.56261588679263
1597,da4c7c03-ab36-4350-9717-b444e216efc0,7,1597,True,16984,16632,160.00245468798676
1598,da4c7c03-ab36-4350-9717-b444e216efc0,7,1598,True,17013,16661,157.9223204233349
1599,da4c7c03-ab36-4350-9717-b444e216efc0,7,1599,True,17044,16692,142.78524897089665
1600,da4c7c03-ab36-4350-9717-b444e216efc0,7,1600,True,17082,16730,131.54999374720137
1601,da4c7c03-ab36-4350-9717-b444e216efc0,7,1601,True,17112,16760,134.98243733179334
1602,da4c7c03-ab36-4350-9717-b444e216efc0,7,1602,True,17137,16785,132.5344086059631
1603,da4c7c03-ab36-4350-9717-b444e216efc0,7,1603,True,17163,16811,153.92605467154135
1604,da4c7c03-ab36-4350-9717-b444e216efc0,7,1604,True,17185,16833,165.92228262251956
1605,da4c7c03-ab36-4350-9717-b444e216efc0,7,1605,True,17204,16852,137.04211257632778
1606,da4c7c03-ab36-4350-9717-b444e216efc0,7,1606,True,17224,16872,126.92228262251956
1607,da4c7c03-ab36-4350-9717-b444e216efc0,7,1607,True,17254,16902,137.84312402063006
1608,da4c7c03-ab36-4350-9717-b444e216efc0,7,1608,True,17276,16924,127.467577928237
1609,da4c7c03-ab36-4350-9717-b444e216efc0,7,1609,True,17322,16970,146.99507736765008
1610,da4c7c03-ab36-4350-9717-b444e216efc0,7,1610,True,17359,17007,121.12060987025689
1611,da4c7c03-ab36-4350-9717-b444e216efc0,7,1611,True,17375,17023,130.44750835329978
1612,da4c7c03-ab36-4350-9717-b444e216efc0,7,1612,True,17404,17052,158.00717928195445
1613,da4c7c03-ab36-4350-9717-b444e216efc0,7,1613,True,17429,17077,161.1338854790847
1614,da4c7c03-ab36-4350-9717-b444e216efc0,7,1614,True,17458,17106,141.79407128330058
1615,da4c7c03-ab36-4350-9717-b444e216efc0,7,1615,True,17482,17130,156.40448364050098
1616,da4c7c03-ab36-4350-9717-b444e216efc0,7,1616,True,17506,17154,180.954790822816
1617,da4c7c03-ab36-4350-9717-b444e216efc0,7,1617,True,17532,17180,132.45677250643348
1618,da4c7c03-ab36-4350-9717-b444e216efc0,7,1618,True,17548,17196,202.10497989025316
1619,da4c7c03-ab36-4350-9717-b444e216efc0,7,1619,True,17571,17219,166.52590001103454
1620,da4c7c03-ab36-4350-9717-b444e216efc0,7,1620,True,17590,17238,160.10497989025316
1621,da4c7c03-ab36-4350-9717-b444e216efc0,7,1621,True,17615,17263,179.19319012242704
1622,da4c7c03-ab36-4350-9717-b444e216efc0,7,1622,True,17634,17282,116.10497989025316
1623,da4c7c03-ab36-4350-9717-b444e216efc0,7,1623,True,17666,17314,118.41930305850838
1624,da4c7c03-ab36-4350-9717-b444e216efc0,7,1624,True,17694,17342,148.02203518087117
1625,da4c7c03-ab36-4350-9717-b444e216efc0,7,1625,True,17719,17367,132.39074952090596
1626,da4c7c03-ab36-4350-9717-b444e216efc0,7,1626,True,17747,17395,146.5784277713792
1627,da4c7c03-ab36-4350-9717-b444e216efc0,7,1627,True,17776,17424,127.45510694603217
1628,da4c7c03-ab36-4350-9717-b444e216efc0,7,1628,True,17808,17456,181.56461785382635
1629,da4c7c03-ab36-4350-9717-b444e216efc0,7,1629,True,17829,17477,138.67037621513373
1630,da4c7c03-ab36-4350-9717-b444e216efc0,7,1630,True,17854,17502,163.43003392339233
1631,da4c7c03-ab36-4350-9717-b444e216efc0,7,1631,True,17885,17533,168.0298714609853
1632,da4c7c03-ab36-4350-9717-b444e216efc0,7,1632,True,17916,17564,125.70448424686765
1633,da4c7c03-ab36-4350-9717-b444e216efc0,7,1633,True,17946,17594,142.6315177568722
1634,da4c7c03-ab36-4350-9717-b444e216efc0,7,1634,True,17970,17618,130.5485088444475
1635,da4c7c03-ab36-4350-9717-b444e216efc0,7,1635,True,17996,17644,158.53235629176197
1636,da4c7c03-ab36-4350-9717-b444e216efc0,7,1636,True,18026,17674,140.88321248413195
1637,da4c7c03-ab36-4350-9717-b444e216efc0,7,1637,True,18056,17704,129.59293276034805
1638,da4c7c03-ab36-4350-9717-b444e216efc0,7,1638,True,18082,17730,125.75227548358453
1639,da4c7c03-ab36-4350-9717-b444e216efc0,7,1639,True,18114,17762,165.19215724797323
1640,da4c7c03-ab36-4350-9717-b444e216efc0,7,1640,True,18144,17792,150.45390916700853
1641,da4c7c03-ab36-4350-9717-b444e216efc0,7,1641,True,18174,17822,132.64711870049723
1642,da4c7c03-ab36-4350-9717-b444e216efc0,7,1642,True,18209,17857,196.45495278646922
1643,da4c7c03-ab36-4350-9717-b444e216efc0,7,1643,True,18236,17884,148.66825077394242
1644,da4c7c03-ab36-4350-9717-b444e216efc0,7,1644,True,18262,17910,197.6973654048561
1645,da4c7c03-ab36-4350-9717-b444e216efc0,7,1645,True,18287,17935,182.4084480106394
1646,da4c7c03-ab36-4350-9717-b444e216efc0,7,1646,True,18321,17969,162.73964301899832
1647,da4c7c03-ab36-4350-9717-b444e216efc0,7,1647,True,18359,18007,168.8745189109286
1648,da4c7c03-ab36-4350-9717-b444e216efc0,7,1648,True,18392,18040,219.10849059627435
1649,da4c7c03-ab36-4350-9717-b444e216efc0,7,1649,True,18424,18072,228.0697235409898
1650,da4c7c03-ab36-4350-9717-b444e216efc0,7,1650,True,18457,18105,208.4328596387386
1651,da4c7c03-ab36-4350-9717-b444e216efc0,7,1651,True,18481,18129,154.418266014829
1652,da4c7c03-ab36-4350-9717-b444e216efc0,7,1652,True,18513,18161,184.0345612844285
1653,da4c7c03-ab36-4350-9717-b444e216efc0,7,1653,True,18548,18196,138.46075189519252
1654,da4c7c03-ab36-4350-9717-b444e216efc0,7,1654,True,18573,18221,168.49875042036
1655,da4c7c03-ab36-4350-9717-b444e216efc0,7,1655,True,18602,18250,161.0178544136652
1656,da4c7c03-ab36-4350-9717-b444e216efc0,7,1656,True,18633,18281,140.2045318749515
1657,da4c7c03-ab36-4350-9717-b444e216efc0,7,1657,True,18660,18308,156.47756308551834
1658,da4c7c03-ab36-4350-9717-b444e216efc0,7,1658,True,18692,18340,164.6091248982775
1659,da4c7c03-ab36-4350-9717-b444e216efc0,7,1659,True,18723,18371,180.60283028543927
1660,da4c7c03-ab36-4350-9717-b444e216efc0,7,1660,True,18753,18401,140.81151250801486
1661,da4c7c03-ab36-4350-9717-b444e216efc0,7,1661,True,18776,18424,187.41850748872093
1662,da4c7c03-ab36-4350-9717-b444e216efc0,7,1662,True,18797,18445,124.01237611805118
1663,da4c7c03-ab36-4350-9717-b444e216efc0,7,1663,True,18831,18479,142.05238863779232
1664,da4c7c03-ab36-4350-9717-b444e216efc0,7,1664,True,18863,18511,110.05238863779232
1665,da4c7c03-ab36-4350-9717-b444e216efc0,7,1665,True,18890,18538,202.18399227511327
1666,da4c7c03-ab36-4350-9717-b444e216efc0,7,1666,True,18915,18563,156.5588662342816
1667,da4c7c03-ab36-4350-9717-b444e216efc0,7,1667,True,18939,18587,162.55068795784246
1668,da4c7c03-ab36-4350-9717-b444e216efc0,7,1668,True,18969,18617,155.59316025255976
1669,da4c7c03-ab36-4350-9717-b444e216efc0,7,1669,True,18997,18645,152.75650203086843
1670,da4c7c03-ab36-4350-9717-b444e216efc0,7,1670,True,19021,18669,141.52304901886237
1671,da4c7c03-ab36-4350-9717-b444e216efc0,7,1671,True,19063,18711,196.03547695512316
1672,da4c7c03-ab36-4350-9717-b444e216efc0,7,1672,True,19098,18746,139.8912988971424
1673,da4c7c03-ab36-4350-9717-b444e216efc0,7,1673,True,19127,18775,186.32017000357519
1674,da4c7c03-ab36-4350-9717-b444e216efc0,7,1674,True,19145,18793,138.02410167512426
1675,da4c7c03-ab36-4350-9717-b444e216efc0,7,1675,True,19174,18822,161.77831857142155
1676,da4c7c03-ab36-4350-9717-b444e216efc0,7,1676,True,19211,18859,147.3938033749946
1677,da4c7c03-ab36-4350-9717-b444e216efc0,7,1677,True,19232,18880,186.30627964749874
1678,da4c7c03-ab36-4350-9717-b444e216efc0,7,1678,True,19256,18904,151.03642984597172
1679,da4c7c03-ab36-4350-9717-b444e216efc0,7,1679,True,19289,18937,140.76794560778217
1680,da4c7c03-ab36-4350-9717-b444e216efc0,7,1680,True,19313,18961,127.2603536107963
1681,da4c7c03-ab36-4350-9717-b444e216efc0,7,1681,True,19337,18985,158.6419017078406
1682,da4c7c03-ab36-4350-9717-b444e216efc0,7,1682,True,19367,19015,139.83516039904134
1683,da4c7c03-ab36-4350-9717-b444e216efc0,7,1683,True,19396,19044,229.49091900847634
1684,da4c7c03-ab36-4350-9717-b444e216efc0,7,1684,True,19427,19075,198.49091900847634
1685,da4c7c03-ab36-4350-9717-b444e216efc0,7,1685,True,19457,19105,282.53866976643985
1686,da4c7c03-ab36-4350-9717-b444e216efc0,7,1686,True,19482,19130,213.77222549063663
1687,da4c7c03-ab36-4350-9717-b444e216efc0,7,1687,True,19519,19167,232.99351071200363
1688,da4c7c03-ab36-4350-9717-b444e216efc0,7,1688,True,19539,19187,200.53866976643985
1689,da4c7c03-ab36-4350-9717-b444e216efc0,7,1689,True,19570,19218,220.73562909328757
1690,da4c7c03-ab36-4350-9717-b444e216efc0,7,1690,True,19590,19238,161.99351071200363
1691,da4c7c03-ab36-4350-9717-b444e216efc0,7,1691,True,19621,19269,219.0235879537213
1692,da4c7c03-ab36-4350-9717-b444e216efc0,7,1692,True,19645,19293,195.0235879537213
1693,da4c7c03-ab36-4350-9717-b444e216efc0,7,1693,True,19673,19321,178.87355033223503
1694,da4c7c03-ab36-4350-9717-b444e216efc0,7,1694,True,19714,19362,137.87355033223503
1695,da4c7c03-ab36-4350-9717-b444e216efc0,7,1695,True,19742,19390,203.3222152850867
1696,da4c7c03-ab36-4350-9717-b444e216efc0,7,1696,True,19770,19418,194.89350146174183
1697,da4c7c03-ab36-4350-9717-b444e216efc0,7,1697,True,19799,19447,224.72923049200108
1698,da4c7c03-ab36-4350-9717-b444e216efc0,7,1698,True,19822,19470,211.7832183418177
1699,da4c7c03-ab36-4350-9717-b444e216efc0,7,1699,True,19847,19495,166.92733553317157
1700,da4c7c03-ab36-4350-9717-b444e216efc0,7,1700,True,19874,19522,170.25053621224288
1701,da4c7c03-ab36-4350-9717-b444e216efc0,7,1701,True,19903,19551,173.66522001179692
1702,da4c7c03-ab36-4350-9717-b444e216efc0,7,1702,True,19928,19576,184.97553870086267
1703,da4c7c03-ab36-4350-9717-b444e216efc0,7,1703,True,19954,19602,175.57900670386516
1704,da4c7c03-ab36-4350-9717-b444e216efc0,7,1704,True,19985,19633,186.5818293840166
1705,da4c7c03-ab36-4350-9717-b444e216efc0,7,1705,True,20006,19654,191.06923112712684
1706,da4c7c03-ab36-4350-9717-b444e216efc0,7,1706,True,20027,19675,181.79438456337084
1707,da4c7c03-ab36-4350-9717-b444e216efc0,7,1707,True,20058,19706,164.50078450105502
1708,da4c7c03-ab36-4350-9717-b444e216efc0,7,1708,True,20086,19734,161.07988661174022
1709,da4c7c03-ab36-4350-9717-b444e216efc0,7,1709,True,20116,19764,224.61996173702573
1710,da4c7c03-ab36-4350-9717-b444e216efc0,7,1710,True,20143,19791,186.45380671500607
1711,da4c7c03-ab36-4350-9717-b444e216efc0,7,1711,True,20177,19825,225.01249130494762
1712,da4c7c03-ab36-4350-9717-b444e216efc0,7,1712,True,20197,19845,186.55401149440877
1713,da4c7c03-ab36-4350-9717-b444e216efc0,7,1713,True,20226,19874,198.7831374664347
1714,da4c7c03-ab36-4350-9717-b444e216efc0,7,1714,True,20245,19893,192.7452930270956
1715,da4c7c03-ab36-4350-9717-b444e216efc0,7,1715,True,20265,19913,181.6897722783906
1716,da4c7c03-ab36-4350-9717-b444e216efc0,7,1716,True,20293,19941,223.9129180655582
1717,da4c7c03-ab36-4350-9717-b444e216efc0,7,1717,True,20323,19971,177.20980424312802
1718,da4c7c03-ab36-4350-9717-b444e216efc0,7,1718,True,20354,20002,203.2447505073178
1719,da4c7c03-ab36-4350-9717-b444e216efc0,7,1719,True,20379,20027,189.73644745333877
1720,da4c7c03-ab36-4350-9717-b444e216efc0,7,1720,True,20408,20056,171.1557881068984
1721,da4c7c03-ab36-4350-9717-b444e216efc0,7,1721,True,20434,20082,173.44310682077776
1722,da4c7c03-ab36-4350-9717-b444e216efc0,7,1722,True,20461,20109,156.1933579740362
1723,da4c7c03-ab36-4350-9717-b444e216efc0,7,1723,True,20492,20140,213.5448226273911
1724,da4c7c03-ab36-4350-9717-b444e216efc0,7,1724,True,20517,20165,115.02175007764163
1725,da4c7c03-ab36-4350-9717-b444e216efc0,7,1725,True,20548,20196,134.62184149716632
1726,da4c7c03-ab36-4350-9717-b444e216efc0,7,1726,True,20579,20227,150.49852553983874
1727,da4c7c03-ab36-4350-9717-b444e216efc0,7,1727,True,20611,20259,183.19552571157692
1728,da4c7c03-ab36-4350-9717-b444e216efc0,7,1728,True,20637,20285,144.2304069327147
1729,da4c7c03-ab36-4350-9717-b444e216efc0,7,1729,True,20661,20309,133.19552571157692
1730,da4c7c03-ab36-4350-9717-b444e216efc0,7,1730,True,20687,20335,147.5887360885681
1731,da4c7c03-ab36-4350-9717-b444e216efc0,7,1731,True,20712,20360,159.72123742483745
1732,da4c7c03-ab36-4350-9717-b444e216efc0,7,1732,True,20734,20382,127.47058975663458
1733,da4c7c03-ab36-4350-9717-b444e216efc0,7,1733,True,20759,20407,147.04389053854538
1734,da4c7c03-ab36-4350-9717-b444e216efc0,7,1734,True,20785,20433,131.44085776837164
1735,da4c7c03-ab36-4350-9717-b444e216efc0,7,1735,True,20815,20463,148.07172359488686
1736,da4c7c03-ab36-4350-9717-b444e216efc0,7,1736,True,20845,20493,127.98611351788713
1737,da4c7c03-ab36-4350-9717-b444e216efc0,7,1737,True,20866,20514,165.63324742000987
1738,da4c7c03-ab36-4350-9717-b444e216efc0,7,1738,True,20895,20543,224.18994809899596
1739,da4c7c03-ab36-4350-9717-b444e216efc0,7,1739,True,20921,20569,139.29140743933385
1740,da4c7c03-ab36-4350-9717-b444e216efc0,7,1740,True,20942,20590,212.81680030600546
1741,da4c7c03-ab36-4350-9717-b444e216efc0,7,1741,True,20964,20612,166.22291997832508
1742,da4c7c03-ab36-4350-9717-b444e216efc0,7,1742,True,20987,20635,192.29090514478594
1743,da4c7c03-ab36-4350-9717-b444e216efc0,7,1743,True,21016,20664,153.41933563194834
1744,da4c7c03-ab36-4350-9717-b444e216efc0,7,1744,True,21051,20699,201.66806710476885
1745,da4c7c03-ab36-4350-9717-b444e216efc0,7,1745,True,21076,20724,146.12371861041538
1746,da4c7c03-ab36-4350-9717-b444e216efc0,7,1746,True,21104,20752,206.30841825852985
1747,da4c7c03-ab36-4350-9717-b444e216efc0,7,1747,True,21133,20781,167.13296464665473
1748,da4c7c03-ab36-4350-9717-b444e216efc0,7,1748,True,21159,20807,182.567437963673
1749,da4c7c03-ab36-4350-9717-b444e216efc0,7,1749,True,21180,20828,174.69287382861876
1750,da4c7c03-ab36-4350-9717-b444e216efc0,7,1750,True,21207,20855,184.83466548692013
1751,da4c7c03-ab36-4350-9717-b444e216efc0,7,1751,True,21239,20887,141.4066577283811
1752,da4c7c03-ab36-4350-9717-b444e216efc0,7,1752,True,21273,20921,144.86969100491478
1753,da4c7c03-ab36-4350-9717-b444e216efc0,7,1753,True,21300,20948,131.71401256054014
1754,da4c7c03-ab36-4350-9717-b444e216efc0,7,1754,True,21321,20969,120.84444458952566
1755,da4c7c03-ab36-4350-9717-b444e216efc0,7,1755,True,21365,21013,100.9456327412081
1756,da4c7c03-ab36-4350-9717-b444e216efc0,7,1756,True,21396,21044,148.85679841374076
1757,da4c7c03-ab36-4350-9717-b444e216efc0,7,1757,True,21422,21070,172.79933157907362
1758,da4c7c03-ab36-4350-9717-b444e216efc0,7,1758,True,21452,21100,153.75880559888537
1759,da4c7c03-ab36-4350-9717-b444e216efc0,7,1759,True,21471,21119,123.79933157907362
1760,da4c7c03-ab36-4350-9717-b444e216efc0,7,1760,True,21495,21143,159.01356273587226
1761,da4c7c03-ab36-4350-9717-b444e216efc0,7,1761,True,21522,21170,122.64717288231986
1762,da4c7c03-ab36-4350-9717-b444e216efc0,7,1762,True,21548,21196,181.9801927243825
1763,da4c7c03-ab36-4350-9717-b444e216efc0,7,1763,True,21577,21225,131.36956887362976
1764,da4c7c03-ab36-4350-9717-b444e216efc0,7,1764,True,21603,21251,155.50621558732382
1765,da4c7c03-ab36-4350-9717-b444e216efc0,7,1765,True,21630,21278,139.74107730653486
1766,da4c7c03-ab36-4350-9717-b444e216efc0,7,1766,True,21663,21311,121.9568387873187
1767,da4c7c03-ab36-4350-9717-b444e216efc0,7,1767,True,21692,21340,159.40870402978908
1768,da4c7c03-ab36-4350-9717-b444e216efc0,7,1768,True,21725,21373,111.5965698236796
1769,da4c7c03-ab36-4350-9717-b444e216efc0,7,1769,True,21758,21406,127.04530286700174
1770,da4c7c03-ab36-4350-9717-b444e216efc0,7,1770,True,21791,21439,108.3167212677472
1771,da4c7c03-ab36-4350-9717-b444e216efc0,7,1771,True,21819,21467,137.82406950968652
1772,da4c7c03-ab36-4350-9717-b444e216efc0,7,1772,True,21842,21490,128.2276505272166
1773,da4c7c03-ab36-4350-9717-b444e216efc0,7,1773,True,21871,21519,108.641124468224
1774,da4c7c03-ab36-4350-9717-b444e216efc0,7,1774,True,21888,21536,127.98630922704979
1775,da4c7c03-ab36-4350-9717-b444e216efc0,7,1775,True,21920,21568,158.63278394817462
1776,da4c7c03-ab36-4350-9717-b444e216efc0,7,1776,True,21943,21591,147.5837924690677
1777,da4c7c03-ab36-4350-9717-b444e216efc0,7,1777,True,21962,21610,163.84737749744818
1778,da4c7c03-ab36-4350-9717-b444e216efc0,7,1778,True,21984,21632,167.9105888400518
1779,da4c7c03-ab36-4350-9717-b444e216efc0,7,1779,True,22007,21655,168.80309167733867
1780,da4c7c03-ab36-4350-9717-b444e216efc0,7,1780,True,22023,21671,171.29226302581083
1781,da4c7c03-ab36-4350-9717-b444e216efc0,7,1781,True,22051,21699,173.50158461384854
1782,da4c7c03-ab36-4350-9717-b444e216efc0,7,1782,True,22077,21725,173.2213171061121
1783,da4c7c03-ab36-4350-9717-b444e216efc0,7,1783,True,22098,21746,163.80044409979018
1784,da4c7c03-ab36-4350-9717-b444e216efc0,7,1784,True,22115,21763,184.07966172209126
1785,da4c7c03-ab36-4350-9717-b444e216efc0,7,1785,True,22144,21792,186.52575845524552
1786,da4c7c03-ab36-4350-9717-b444e216efc0,7,1786,True,22179,21827,161.07967559371173
1787,da4c7c03-ab36-4350-9717-b444e216efc0,7,1787,True,22220,21868,145.8923706745736
1788,da4c7c03-ab36-4350-9717-b444e216efc0,7,1788,True,22240,21888,150.6534090482637
1789,da4c7c03-ab36-4350-9717-b444e216efc0,7,1789,True,22262,21910,141.3902987436595
1790,da4c7c03-ab36-4350-9717-b444e216efc0,7,1790,True,22292,21940,164.6888076997384
1791,da4c7c03-ab36-4350-9717-b444e216efc0,7,1791,True,22316,21964,150.85979701450924
1792,da4c7c03-ab36-4350-9717-b444e216efc0,7,1792,True,22338,21986,163.111426701671
1793,da4c7c03-ab36-4350-9717-b444e216efc0,7,1793,True,22359,22007,179.39508317483342
1794,da4c7c03-ab36-4350-9717-b444e216efc0,7,1794,True,22382,22030,203.35965849729837
1795,da4c7c03-ab36-4350-9717-b444e216efc0,7,1795,True,22421,22069,139.92615053499685
1796,da4c7c03-ab36-4350-9717-b444e216efc0,7,1796,True,22447,22095,149.03409636065408
1797,da4c7c03-ab36-4350-9717-b444e216efc0,7,1797,True,22465,22113,186.03715710056713
1798,da4c7c03-ab36-4350-9717-b444e216efc0,7,1798,True,22495,22143,144.99907339464698
1799,da4c7c03-ab36-4350-9717-b444e216efc0,7,1799,True,22521,22169,205.73170910546105
1800,da4c7c03-ab36-4350-9717-b444e216efc0,7,1800,True,22547,22195,163.6889480521022
1801,da4c7c03-ab36-4350-9717-b444e216efc0,7,1801,True,22572,22220,187.78449072111107
1802,da4c7c03-ab36-4350-9717-b444e216efc0,7,1802,True,22592,22240,150.52224478324933
1803,da4c7c03-ab36-4350-9717-b444e216efc0,7,1803,True,22621,22269,189.40655204509676
1804,da4c7c03-ab36-4350-9717-b444e216efc0,7,1804,True,22646,22294,223.73982222213817
1805,da4c7c03-ab36-4350-9717-b444e216efc0,7,1805,True,22669,22317,189.87881922391898
1806,da4c7c03-ab36-4350-9717-b444e216efc0,7,1806,True,22691,22339,156.52541473422025
1807,da4c7c03-ab36-4350-9717-b444e216efc0,7,1807,True,22722,22370,156.42222249201586
1808,da4c7c03-ab36-4350-9717-b444e216efc0,7,1808,True,22749,22397,201.70262891882885
1809,da4c7c03-ab36-4350-9717-b444e216efc0,7,1809,True,22767,22415,146.9304622538657
1810,da4c7c03-ab36-4350-9717-b444e216efc0,7,1810,True,22792,22440,212.5415753581001
1811,da4c7c03-ab36-4350-9717-b444e216efc0,7,1811,True,22815,22463,162.74387103767003
1812,da4c7c03-ab36-4350-9717-b444e216efc0,7,1812,True,22837,22485,219.9123098786622
1813,da4c7c03-ab36-4350-9717-b444e216efc0,7,1813,True,22862,22510,215.3370095440514
1814,da4c7c03-ab36-4350-9717-b444e216efc0,7,1814,True,22888,22536,199.1605510145455
1815,da4c7c03-ab36-4350-9717-b444e216efc0,7,1815,True,22923,22571,233.09929144746275
1816,da4c7c03-ab36-4350-9717-b444e216efc0,7,1816,True,22954,22602,185.23574360710336
1817,da4c7c03-ab36-4350-9717-b444e216efc0,7,1817,True,22980,22628,176.09929144746275
1818,da4c7c03-ab36-4350-9717-b444e216efc0,7,1818,True,23006,22654,240.2791015677285
1819,da4c7c03-ab36-4350-9717-b444e216efc0,7,1819,True,23037,22685,219.6224732222072
1820,da4c7c03-ab36-4350-9717-b444e216efc0,7,1820,True,23058,22706,188.2791015677285
1821,da4c7c03-ab36-4350-9717-b444e216efc0,7,1821,True,23097,22745,203.88684320444008
1822,da4c7c03-ab36-4350-9717-b444e216efc0,7,1822,True,23120,22768,164.25938942048015
1823,da4c7c03-ab36-4350-9717-b444e216efc0,7,1823,True,23150,22798,201.52664512236515
1824,da4c7c03-ab36-4350-9717-b444e216efc0,7,1824,True,23176,22824,159.42257780687214
1825,da4c7c03-ab36-4350-9717-b444e216efc0,7,1825,True,23205,22853,176.0847182566431
1826,da4c7c03-ab36-4350-9717-b444e216efc0,7,1826,True,23227,22875,134.44287518303827
1827,da4c7c03-ab36-4350-9717-b444e216efc0,7,1827,True,23256,22904,169.19115086319653
1828,da4c7c03-ab36-4350-9717-b444e216efc0,7,1828,True,23279,22927,129.07397610659245
1829,da4c7c03-ab36-4350-9717-b444e216efc0,7,1829,True,23311,22959,148.66208561231542
1830,da4c7c03-ab36-4350-9717-b444e216efc0,7,1830,True,23335,22983,143.28713229898494
1831,da4c7c03-ab36-4350-9717-b444e216efc0,7,1831,True,23364,23012,152.45407360016543
1832,da4c7c03-ab36-4350-9717-b444e216efc0,7,1832,True,23396,23044,131.84697668745503
1833,da4c7c03-ab36-4350-9717-b444e216efc0,7,1833,True,23424,23072,141.83801027945447
1834,da4c7c03-ab36-4350-9717-b444e216efc0,7,1834,True,23448,23096,134.8924643404025
1835,da4c7c03-ab36-4350-9717-b444e216efc0,7,1835,True,23477,23125,142.77633927766146
1836,da4c7c03-ab36-4350-9717-b444e216efc0,7,1836,True,23501,23149,133.37025757264928
1837,da4c7c03-ab36-4350-9717-b444e216efc0,7,1837,True,23529,23177,118.47692553557135
1838,da4c7c03-ab36-4350-9717-b444e216efc0,7,1838,True,23561,23209,107.55593035065613
1839,da4c7c03-ab36-4350-9717-b444e216efc0,7,1839,True,23583,23231,139.65129728676766
1840,da4c7c03-ab36-4350-9717-b444e216efc0,7,1840,True,23602,23250,131.32210000733176
1841,da4c7c03-ab36-4350-9717-b444e216efc0,7,1841,True,23630,23278,167.29695389258268
1842,da4c7c03-ab36-4350-9717-b444e216efc0,7,1842,True,23658,23306,149.5163740801654
1843,da4c7c03-ab36-4350-9717-b444e216efc0,7,1843,True,23680,23328,141.66621824999675
1844,da4c7c03-ab36-4350-9717-b444e216efc0,7,1844,True,23714,23362,189.3793889066219
1845,da4c7c03-ab36-4350-9717-b444e216efc0,7,1845,True,23749,23397,154.3793889066219
1846,da4c7c03-ab36-4350-9717-b444e216efc0,7,1846,True,23782,23430,144.7136248501447
1847,da4c7c03-ab36-4350-9717-b444e216efc0,7,1847,True,23811,23459,136.0007608586784
1848,da4c7c03-ab36-4350-9717-b444e216efc0,7,1848,True,23835,23483,149.2459606863522
1849,da4c7c03-ab36-4350-9717-b444e216efc0,7,1849,True,23858,23506,116.08230172538606
1850,da4c7c03-ab36-4350-9717-b444e216efc0,7,1850,True,23887,23535,142.2855644550291
1851,da4c7c03-ab36-4350-9717-b444e216efc0,7,1851,True,23914,23562,129.42312284498985
1852,da4c7c03-ab36-4350-9717-b444e216efc0,7,1852,True,23933,23581,151.265038813508
1853,da4c7c03-ab36-4350-9717-b444e216efc0,7,1853,True,23955,23603,140.58913401412792
1854,da4c7c03-ab36-4350-9717-b444e216efc0,7,1854,True,23978,23626,131.4555752681299
1855,da4c7c03-ab36-4350-9717-b444e216efc0,7,1855,True,24004,23652,201.1536585170179
1856,da4c7c03-ab36-4350-9717-b444e216efc0,7,1856,True,24034,23682,189.91275773106463
1857,da4c7c03-ab36-4350-9717-b444e216efc0,7,1857,True,24072,23720,182.978886970217
1858,da4c7c03-ab36-4350-9717-b444e216efc0,7,1858,True,24099,23747,221.73749490875343
1859,da4c7c03-ab36-4350-9717-b444e216efc0,7,1859,True,24129,23777,210.87108329178955
1860,da4c7c03-ab36-4350-9717-b444e216efc0,7,1860,True,24160,23808,256.02833458724126
1861,da4c7c03-ab36-4350-9717-b444e216efc0,7,1861,True,24195,23843,290.05736236947996
1862,da4c7c03-ab36-4350-9717-b444e216efc0,7,1862,True,24219,23867,244.72394129421082
1863,da4c7c03-ab36-4350-9717-b444e216efc0,7,1863,True,24247,23895,216.72394129421082
1864,da4c7c03-ab36-4350-9717-b444e216efc0,7,1864,True,24270,23918,295.28167525387835
1865,da4c7c03-ab36-4350-9717-b444e216efc0,7,1865,True,24302,23950,263.28167525387835
1866,da4c7c03-ab36-4350-9717-b444e216efc0,7,1866,True,24328,23976,290.6418031271678
1867,da4c7c03-ab36-4350-9717-b444e216efc0,7,1867,True,24366,24014,252.6418031271678
1868,da4c7c03-ab36-4350-9717-b444e216efc0,7,1868,False,24398,24046,371.52546837675254
1869,da4c7c03-ab36-4350-9717-b444e216efc0,7,1869,True,24424,24072,258.1310992922954
1870,da4c7c03-ab36-4350-9717-b444e216efc0,7,1870,True,24454,24102,326.90083450598104
1871,da4c7c03-ab36-4350-9717-b444e216efc0,7,1871,True,24483,24131,285.9026314975381
1872,da4c7c03-ab36-4350-9717-b444e216efc0,7,1872,True,24511,24159,269.90083450598104
1873,da4c7c03-ab36-4350-9717-b444e216efc0,7,1873,True,24538,24186,284.64743392716264
1874,da4c7c03-ab36-4350-9717-b444e216efc0,7,1874,True,24570,24218,252.64743392716264
1875,da4c7c03-ab36-4350-9717-b444e216efc0,7,1875,True,24596,24244,246.9171616425083
1876,da4c7c03-ab36-4350-9717-b444e216efc0,7,1876,True,24619,24267,269.41881516638387
1877,da4c7c03-ab36-4350-9717-b444e216efc0,7,1877,True,24655,24303,187.9171616425083
1878,da4c7c03-ab36-4350-9717-b444e216efc0,7,1878,True,24689,24337,216.94964990905646
1879,da4c7c03-ab36-4350-9717-b444e216efc0,7,1879,True,24729,24377,159.41881516638387
1880,da4c7c03-ab36-4350-9717-b444e216efc0,7,1880,True,24754,24402,186.79708778817803
1881,da4c7c03-ab36-4350-9717-b444e216efc0,7,1881,True,24781,24429,176.68130268301684
1882,da4c7c03-ab36-4350-9717-b444e216efc0,7,1882,True,24805,24453,186.7428720099888
1883,da4c7c03-ab36-4350-9717-b444e216efc0,7,1883,True,24830,24478,179.74362847445445
1884,da4c7c03-ab36-4350-9717-b444e216efc0,7,1884,True,24864,24512,204.19127586967807
1885,da4c7c03-ab36-4350-9717-b444e216efc0,7,1885,True,24885,24533,172.57020591583932
1886,da4c7c03-ab36-4350-9717-b444e216efc0,7,1886,True,24924,24572,195.27899548523055
1887,da4c7c03-ab36-4350-9717-b444e216efc0,7,1887,True,24949,24597,160.31736189653748
1888,da4c7c03-ab36-4350-9717-b444e216efc0,7,1888,True,24979,24627,193.11885108222123
1889,da4c7c03-ab36-4350-9717-b444e216efc0,7,1889,True,24999,24647,162.81857890970787
1890,da4c7c03-ab36-4350-9717-b444e216efc0,7,1890,True,25024,24672,166.08456372540968
1891,da4c7c03-ab36-4350-9717-b444e216efc0,7,1891,True,25063,24711,146.87446603201533
1892,da4c7c03-ab36-4350-9717-b444e216efc0,7,1892,True,25097,24745,140.6073642384399
1893,da4c7c03-ab36-4350-9717-b444e216efc0,7,1893,True,25128,24776,162.97932464476617
1894,da4c7c03-ab36-4350-9717-b444e216efc0,7,1894,True,25159,24807,131.97932464476617
1895,da4c7c03-ab36-4350-9717-b444e216efc0,7,1895,True,25194,24842,123.15497548173516
1896,da4c7c03-ab36-4350-9717-b444e216efc0,7,1896,True,25221,24869,120.24153427567944
1897,da4c7c03-ab36-4350-9717-b444e216efc0,7,1897,True,25247,24895,122.79061708242443
1898,da4c7c03-ab36-4350-9717-b444e216efc0,7,1898,True,25281,24929,111.86452651310537
1899,da4c7c03-ab36-4350-9717-b444e216efc0,7,1899,True,25303,24951,151.02019245101474
1900,da4c7c03-ab36-4350-9717-b444e216efc0,7,1900,True,25331,24979,131.1695873988392
1901,da4c7c03-ab36-4350-9717-b444e216efc0,7,1901,True,25358,25006,140.3351771626294
1902,da4c7c03-ab36-4350-9717-b444e216efc0,7,1902,True,25378,25026,106.51879428990651
1903,da4c7c03-ab36-4350-9717-b444e216efc0,7,1903,True,25408,25056,143.1586506336971
1904,da4c7c03-ab36-4350-9717-b444e216efc0,7,1904,True,25434,25082,128.41732973494072
1905,da4c7c03-ab36-4350-9717-b444e216efc0,7,1905,True,25465,25113,131.92426212623832
1906,da4c7c03-ab36-4350-9717-b444e216efc0,7,1906,True,25491,25139,115.06700663919037
1907,da4c7c03-ab36-4350-9717-b444e216efc0,7,1907,True,25522,25170,136.05008145422835
1908,da4c7c03-ab36-4350-9717-b444e216efc0,7,1908,True,25546,25194,123.15646471201762
1909,da4c7c03-ab36-4350-9717-b444e216efc0,7,1909,True,25585,25233,121.45010917148466
1910,da4c7c03-ab36-4350-9717-b444e216efc0,7,1910,True,25617,25265,146.571874200803
1911,da4c7c03-ab36-4350-9717-b444e216efc0,7,1911,True,25638,25286,136.6428202886309
1912,da4c7c03-ab36-4350-9717-b444e216efc0,7,1912,True,25664,25312,121.87233458865376
1913,da4c7c03-ab36-4350-9717-b444e216efc0,7,1913,True,25689,25337,131.65975235586302
1914,da4c7c03-ab36-4350-9717-b444e216efc0,7,1914,True,25716,25364,122.86298594083928
1915,da4c7c03-ab36-4350-9717-b444e216efc0,7,1915,True,25744,25392,139.8472383654007
1916,da4c7c03-ab36-4350-9717-b444e216efc0,7,1916,True,25768,25416,103.93355104391594
1917,da4c7c03-ab36-4350-9717-b444e216efc0,7,1917,True,25798,25446,141.57822049031165
1918,da4c7c03-ab36-4350-9717-b444e216efc0,7,1918,True,25824,25472,106.60868365677743
1919,da4c7c03-ab36-4350-9717-b444e216efc0,7,1919,True,25857,25505,111.4902785751292
1920,da4c7c03-ab36-4350-9717-b444e216efc0,7,1920,True,25890,25538,97.51537496674791
1921,da4c7c03-ab36-4350-9717-b444e216efc0,7,1921,True,25916,25564,117.113806836187
1922,da4c7c03-ab36-4350-9717-b444e216efc0,7,1922,True,25940,25588,150.27709262246935
1923,da4c7c03-ab36-4350-9717-b444e216efc0,7,1923,True,25968,25616,142.33574295130165
1924,da4c7c03-ab36-4350-9717-b444e216efc0,7,1924,True,25995,25643,127.13822320856707
1925,da4c7c03-ab36-4350-9717-b444e216efc0,7,1925,True,26020,25668,114.88599759739736
1926,da4c7c03-ab36-4350-9717-b444e216efc0,7,1926,True,26043,25691,144.14493480938836
1927,da4c7c03-ab36-4350-9717-b444e216efc0,7,1927,True,26066,25714,131.8879654963348
1928,da4c7c03-ab36-4350-9717-b444e216efc0,7,1928,True,26098,25746,146.09512186318534
1929,da4c7c03-ab36-4350-9717-b444e216efc0,7,1929,True,26118,25766,136.22747422324392
1930,da4c7c03-ab36-4350-9717-b444e216efc0,7,1930,True,26145,25793,130.89058781994754
1931,da4c7c03-ab36-4350-9717-b444e216efc0,7,1931,True,26173,25821,178.60610228189762
1932,da4c7c03-ab36-4350-9717-b444e216efc0,7,1932,True,26199,25847,128.09300523535785
1933,da4c7c03-ab36-4350-9717-b444e216efc0,7,1933,True,26230,25878,148.03008053108715
1934,da4c7c03-ab36-4350-9717-b444e216efc0,7,1934,True,26253,25901,162.4618157163677
1935,da4c7c03-ab36-4350-9717-b444e216efc0,7,1935,True,26275,25923,129.82859528986592
1936,da4c7c03-ab36-4350-9717-b444e216efc0,7,1936,True,26301,25949,180.70993810774598
1937,da4c7c03-ab36-4350-9717-b444e216efc0,7,1937,True,26326,25974,180.0821957499429
1938,da4c7c03-ab36-4350-9717-b444e216efc0,7,1938,True,26357,26005,173.5682394032956
1939,da4c7c03-ab36-4350-9717-b444e216efc0,7,1939,True,26389,26037,177.93348337757197
1940,da4c7c03-ab36-4350-9717-b444e216efc0,7,1940,True,26423,26071,133.83087956704185
1941,da4c7c03-ab36-4350-9717-b444e216efc0,7,1941,True,26454,26102,123.69422588471207
1942,da4c7c03-ab36-4350-9717-b444e216efc0,7,1942,True,26477,26125,153.3005657545291
1943,da4c7c03-ab36-4350-9717-b444e216efc0,7,1943,True,26502,26150,155.492241611817
1944,da4c7c03-ab36-4350-9717-b444e216efc0,7,1944,True,26525,26173,185.05020328295723
1945,da4c7c03-ab36-4350-9717-b444e216efc0,7,1945,True,26543,26191,125.26116232723507
1946,da4c7c03-ab36-4350-9717-b444e216efc0,7,1946,True,26572,26220,152.11947999403856
1947,da4c7c03-ab36-4350-9717-b444e216efc0,7,1947,True,26598,26246,126.11947999403856
1948,da4c7c03-ab36-4350-9717-b444e216efc0,7,1948,True,26626,26274,150.79676705679958
1949,da4c7c03-ab36-4350-9717-b444e216efc0,7,1949,True,26643,26291,161.31827290101864
1950,da4c7c03-ab36-4350-9717-b444e216efc0,7,1950,True,26667,26315,196.55399983697134
1951,da4c7c03-ab36-4350-9717-b444e216efc0,7,1951,True,26689,26337,182.71028344749357
1952,da4c7c03-ab36-4350-9717-b444e216efc0,7,1952,True,26710,26358,257.3256501552496
1953,da4c7c03-ab36-4350-9717-b444e216efc0,7,1953,True,26731,26379,162.3691054373594
1954,da4c7c03-ab36-4350-9717-b444e216efc0,7,1954,True,26767,26415,179.8521408383458
1955,da4c7c03-ab36-4350-9717-b444e216efc0,7,1955,True,26800,26448,194.2720948804381
1956,da4c7c03-ab36-4350-9717-b444e216efc0,7,1956,True,26822,26470,145.3256501552496
1957,da4c7c03-ab36-4350-9717-b444e216efc0,7,1957,True,26858,26506,162.7499215727512
1958,da4c7c03-ab36-4350-9717-b444e216efc0,7,1958,True,26893,26541,176.73107361240545
1959,da4c7c03-ab36-4350-9717-b444e216efc0,7,1959,True,26917,26565,203.97951795886547
1960,da4c7c03-ab36-4350-9717-b444e216efc0,7,1960,True,26943,26591,187.49606940864032
1961,da4c7c03-ab36-4350-9717-b444e216efc0,7,1961,True,26971,26619,170.1622637495384
1962,da4c7c03-ab36-4350-9717-b444e216efc0,7,1962,True,27002,26650,150.04948788457477
1963,da4c7c03-ab36-4350-9717-b444e216efc0,7,1963,True,27027,26675,164.30245897837085
1964,da4c7c03-ab36-4350-9717-b444e216efc0,7,1964,True,27060,26708,141.0987663345295
1965,da4c7c03-ab36-4350-9717-b444e216efc0,7,1965,True,27090,26738,137.05629689279885
1966,da4c7c03-ab36-4350-9717-b444e216efc0,7,1966,True,27118,26766,156.77450353712993
1967,da4c7c03-ab36-4350-9717-b444e216efc0,7,1967,True,27144,26792,150.24622406077106
1968,da4c7c03-ab36-4350-9717-b444e216efc0,7,1968,True,27169,26817,135.3237972979914
1969,da4c7c03-ab36-4350-9717-b444e216efc0,7,1969,True,27191,26839,158.28184958309066
1970,da4c7c03-ab36-4350-9717-b444e216efc0,7,1970,True,27230,26878,138.30065088090487
1971,da4c7c03-ab36-4350-9717-b444e216efc0,7,1971,True,27262,26910,117.31249820047742
1972,da4c7c03-ab36-4350-9717-b444e216efc0,7,1972,True,27294,26942,109.33909618931284
1973,da4c7c03-ab36-4350-9717-b444e216efc0,7,1973,True,27324,26972,203.99655649499255
1974,da4c7c03-ab36-4350-9717-b444e216efc0,7,1974,True,27354,27002,185.54977512561527
1975,da4c7c03-ab36-4350-9717-b444e216efc0,7,1975,True,27372,27020,167.54977512561527
1976,da4c7c03-ab36-4350-9717-b444e216efc0,7,1976,True,27397,27045,159.32790286639647
1977,da4c7c03-ab36-4350-9717-b444e216efc0,7,1977,True,27422,27070,239.62178723175384
1978,da4c7c03-ab36-4350-9717-b444e216efc0,7,1978,True,27451,27099,172.57717433038852
1979,da4c7c03-ab36-4350-9717-b444e216efc0,7,1979,True,27477,27125,195.70919350462282
1980,da4c7c03-ab36-4350-9717-b444e216efc0,7,1980,True,27499,27147,162.62178723175384
1981,da4c7c03-ab36-4350-9717-b444e216efc0,7,1981,True,27523,27171,204.75364047045514
1982,da4c7c03-ab36-4350-9717-b444e216efc0,7,1982,True,27552,27200,136.03150576477492
1983,da4c7c03-ab36-4350-9717-b444e216efc0,7,1983,True,27578,27226,182.6193549281743
1984,da4c7c03-ab36-4350-9717-b444e216efc0,7,1984,True,27601,27249,180.85963071166407
1985,da4c7c03-ab36-4350-9717-b444e216efc0,7,1985,True,27634,27282,180.84484518859608
1986,da4c7c03-ab36-4350-9717-b444e216efc0,7,1986,True,27659,27307,167.55916111381157
1987,da4c7c03-ab36-4350-9717-b444e216efc0,7,1987,True,27684,27332,153.95650222695622
1988,da4c7c03-ab36-4350-9717-b444e216efc0,7,1988,True,27713,27361,200.1398406382068
1989,da4c7c03-ab36-4350-9717-b444e216efc0,7,1989,True,27739,27387,136.97029129745715
1990,da4c7c03-ab36-4350-9717-b444e216efc0,7,1990,True,27760,27408,143.18073541739432
1991,da4c7c03-ab36-4350-9717-b444e216efc0,7,1991,True,27781,27429,203.93808080509916
1992,da4c7c03-ab36-4350-9717-b444e216efc0,7,1992,True,27818,27466,156.68532034290183
1993,da4c7c03-ab36-4350-9717-b444e216efc0,7,1993,True,27860,27508,141.75113703090392
1994,da4c7c03-ab36-4350-9717-b444e216efc0,7,1994,True,27892,27540,163.08777680861385
1995,da4c7c03-ab36-4350-9717-b444e216efc0,7,1995,True,27927,27575,172.79305950316848
1996,da4c7c03-ab36-4350-9717-b444e216efc0,7,1996,True,27955,27603,154.92800480651204
1997,da4c7c03-ab36-4350-9717-b444e216efc0,7,1997,True,27980,27628,139.61786993505302
1998,da4c7c03-ab36-4350-9717-b444e216efc0,7,1998,True,28012,27660,117.38680195520283
1999,da4c7c03-ab36-4350-9717-b444e216efc0,7,1999,True,28041,27689,109.49757442160626
2000,83a79ea7-b9b8-44f0-a8f7-e6b1d5e05377,8,2000,True,418,16,80.57745477884143
2001,83a79ea7-b9b8-44f0-a8f7-e6b1d5e05377,8,2001,True,445,43,80.91174393607484
2002,83a79ea7-b9b8-44f0-a8f7-e6b1d5e05377,8,2002,True,472,70,88.48219784610853
2003,83a79ea7-b9b8-44f0-a8f7-e6b1d5e05377,8,2003,True,513,111,90.43798098562945
2004,83a79ea7-b9b8-44f0-a8f7-e6b1d5e05377,8,2004,True,541,139,107.88094510293246
2005,83a79ea7-b9b8-44f0-a8f7-e6b1d5e05377,8,2005,True,577,175,91.50831711133947
2006,83a79ea7-b9b8-44f0-a8f7-e6b1d5e05377,8,2006,True,609,207,84.67388012636354
2007,83a79ea7-b9b8-44f0-a8f7-e6b1d5e05377,8,2007,True,634,232,89.16132816551374
2008,83a79ea7-b9b8-44f0-a8f7-e6b1d5e05377,8,2008,True,668,266,95.63947257106031
2009,83a79ea7-b9b8-44f0-a8f7-e6b1d5e05377,8,2009,True,698,296,100.42985281856903
2010,83a79ea7-b9b8-44f0-a8f7-e6b1d5e05377,8,2010,True,724,322,175.12285098800095
2011,83a79ea7-b9b8-44f0-a8f7-e6b1d5e05377,8,2011,True,750,348,202.64603154623126
2012,83a79ea7-b9b8-44f0-a8f7-e6b1d5e05377,8,2012,True,777,375,140.1898055333388
2013,83a79ea7-b9b8-44f0-a8f7-e6b1d5e05377,8,2013,True,802,400,150.64603154623126
2014,83a79ea7-b9b8-44f0-a8f7-e6b1d5e05377,8,2014,True,824,422,150.03865274500106
2015,83a79ea7-b9b8-44f0-a8f7-e6b1d5e05377,8,2015,True,852,450,148.48407487363386
2016,83a79ea7-b9b8-44f0-a8f7-e6b1d5e05377,8,2016,True,876,474,148.97882037017894
2017,83a79ea7-b9b8-44f0-a8f7-e6b1d5e05377,8,2017,True,903,501,142.16728464138805
2018,83a79ea7-b9b8-44f0-a8f7-e6b1d5e05377,8,2018,True,944,542,143.35816066882137
2019,83a79ea7-b9b8-44f0-a8f7-e6b1d5e05377,8,2019,True,971,569,152.79121361127386
2020,83a79ea7-b9b8-44f0-a8f7-e6b1d5e05377,8,2020,True,999,597,146.53670246455192
2021,83a79ea7-b9b8-44f0-a8f7-e6b1d5e05377,8,2021,True,1023,621,145.28303133087854
2022,83a79ea7-b9b8-44f0-a8f7-e6b1d5e05377,8,2022,True,1044,642,163.40867927041177
2023,83a79ea7-b9b8-44f0-a8f7-e6b1d5e05377,8,2023,True,1074,672,153.46072552877354
2024,83a79ea7-b9b8-44f0-a8f7-e6b1d5e05377,8,2024,True,1102,700,177.18369564905413
2025,83a79ea7-b9b8-44f0-a8f7-e6b1d5e05377,8,2025,True,1133,731,172.01053565874327
2026,83a79ea7-b9b8-44f0-a8f7-e6b1d5e05377,8,2026,True,1165,763,140.01053565874327
2027,83a79ea7-b9b8-44f0-a8f7-e6b1d5e05377,8,2027,True,1190,788,163.1007522382714
2028,83a79ea7-b9b8-44f0-a8f7-e6b1d5e05377,8,2028,True,1210,808,163.2087096846534
2029,83a79ea7-b9b8-44f0-a8f7-e6b1d5e05377,8,2029,True,1243,841,251.04922238153813
2030,83a79ea7-b9b8-44f0-a8f7-e6b1d5e05377,8,2030,True,1269,867,204.92326215792218
2031,83a79ea7-b9b8-44f0-a8f7-e6b1d5e05377,8,2031,True,1303,901,209.545818360368
2032,83a79ea7-b9b8-44f0-a8f7-e6b1d5e05377,8,2032,True,1338,936,190.9595601152912
2033,83a79ea7-b9b8-44f0-a8f7-e6b1d5e05377,8,2033,True,1370,968,192.87784705126637
2034,83a79ea7-b9b8-44f0-a8f7-e6b1d5e05377,8,2034,True,1392,990,193.49370684324754
2035,83a79ea7-b9b8-44f0-a8f7-e6b1d5e05377,8,2035,True,1414,1012,218.5675456734316
2036,83a79ea7-b9b8-44f0-a8f7-e6b1d5e05377,8,2036,True,1442,1040,170.26042319556723
2037,83a79ea7-b9b8-44f0-a8f7-e6b1d5e05377,8,2037,True,1464,1062,231.18199345508015
2038,83a79ea7-b9b8-44f0-a8f7-e6b1d5e05377,8,2038,True,1479,1077,191.83929160474395
2039,83a79ea7-b9b8-44f0-a8f7-e6b1d5e05377,8,2039,True,1508,1106,210.34689154149828
2040,83a79ea7-b9b8-44f0-a8f7-e6b1d5e05377,8,2040,True,1538,1136,180.34689154149828
2041,83a79ea7-b9b8-44f0-a8f7-e6b1d5e05377,8,2041,True,1575,1173,215.408372829864
2042,83a79ea7-b9b8-44f0-a8f7-e6b1d5e05377,8,2042,True,1599,1197,145.57814449983516
2043,83a79ea7-b9b8-44f0-a8f7-e6b1d5e05377,8,2043,True,1630,1228,175.2382453561188
2044,83a79ea7-b9b8-44f0-a8f7-e6b1d5e05377,8,2044,True,1655,1253,179.04283926142534
2045,83a79ea7-b9b8-44f0-a8f7-e6b1d5e05377,8,2045,True,1684,1282,175.04054392928379
2046,83a79ea7-b9b8-44f0-a8f7-e6b1d5e05377,8,2046,True,1706,1304,153.04054392928379
2047,83a79ea7-b9b8-44f0-a8f7-e6b1d5e05377,8,2047,True,1738,1336,189.11676731847456
2048,83a79ea7-b9b8-44f0-a8f7-e6b1d5e05377,8,2048,True,1760,1358,141.7023099350863
2049,83a79ea7-b9b8-44f0-a8f7-e6b1d5e05377,8,2049,True,1790,1388,193.16044200096576
2050,83a79ea7-b9b8-44f0-a8f7-e6b1d5e05377,8,2050,True,1818,1416,141.84250291318085
2051,83a79ea7-b9b8-44f0-a8f7-e6b1d5e05377,8,2051,True,1843,1441,197.80805601150064
2052,83a79ea7-b9b8-44f0-a8f7-e6b1d5e05377,8,2052,True,1865,1463,197.6828537990309
2053,83a79ea7-b9b8-44f0-a8f7-e6b1d5e05377,8,2053,True,1892,1490,192.65971873563535
2054,83a79ea7-b9b8-44f0-a8f7-e6b1d5e05377,8,2054,True,1919,1517,190.6142185862086
2055,83a79ea7-b9b8-44f0-a8f7-e6b1d5e05377,8,2055,True,1948,1546,181.87615639985665
2056,83a79ea7-b9b8-44f0-a8f7-e6b1d5e05377,8,2056,True,1976,1574,153.87615639985665
2057,83a79ea7-b9b8-44f0-a8f7-e6b1d5e05377,8,2057,True,2008,1606,153.5329105726305
2058,83a79ea7-b9b8-44f0-a8f7-e6b1d5e05377,8,2058,True,2035,1633,184.06395589592034
2059,83a79ea7-b9b8-44f0-a8f7-e6b1d5e05377,8,2059,True,2072,1670,169.95580340630045
2060,83a79ea7-b9b8-44f0-a8f7-e6b1d5e05377,8,2060,True,2101,1699,140.95580340630045
2061,83a79ea7-b9b8-44f0-a8f7-e6b1d5e05377,8,2061,True,2128,1726,158.71122322085466
2062,83a79ea7-b9b8-44f0-a8f7-e6b1d5e05377,8,2062,True,2158,1756,152.43232583999293
2063,83a79ea7-b9b8-44f0-a8f7-e6b1d5e05377,8,2063,True,2185,1783,152.44899851396212
2064,83a79ea7-b9b8-44f0-a8f7-e6b1d5e05377,8,2064,True,2203,1801,156.4667860001921
2065,83a79ea7-b9b8-44f0-a8f7-e6b1d5e05377,8,2065,True,2237,1835,146.54479498759906
2066,83a79ea7-b9b8-44f0-a8f7-e6b1d5e05377,8,2066,True,2259,1857,146.09832130360383
2067,83a79ea7-b9b8-44f0-a8f7-e6b1d5e05377,8,2067,True,2291,1889,188.98954377314567
2068,83a79ea7-b9b8-44f0-a8f7-e6b1d5e05377,8,2068,True,2320,1918,178.42613512744492
2069,83a79ea7-b9b8-44f0-a8f7-e6b1d5e05377,8,2069,True,2334,1932,184.37783836396193
2070,83a79ea7-b9b8-44f0-a8f7-e6b1d5e05377,8,2070,True,2368,1966,184.63764241592253
2071,83a79ea7-b9b8-44f0-a8f7-e6b1d5e05377,8,2071,True,2402,2000,178.24461669417906
2072,83a79ea7-b9b8-44f0-a8f7-e6b1d5e05377,8,2072,True,2428,2026,175.26717494278637
2073,83a79ea7-b9b8-44f0-a8f7-e6b1d5e05377,8,2073,True,2455,2053,169.20883235796464
2074,83a79ea7-b9b8-44f0-a8f7-e6b1d5e05377,8,2074,True,2484,2082,176.7037309146208
2075,83a79ea7-b9b8-44f0-a8f7-e6b1d5e05377,8,2075,True,2509,2107,174.3474375563942
2076,83a79ea7-b9b8-44f0-a8f7-e6b1d5e05377,8,2076,True,2535,2133,194.11101868035848
2077,83a79ea7-b9b8-44f0-a8f7-e6b1d5e05377,8,2077,True,2564,2162,144.57783222583203
2078,83a79ea7-b9b8-44f0-a8f7-e6b1d5e05377,8,2078,True,2588,2186,179.59884136385426
2079,83a79ea7-b9b8-44f0-a8f7-e6b1d5e05377,8,2079,True,2615,2213,171.7905706499173
2080,83a79ea7-b9b8-44f0-a8f7-e6b1d5e05377,8,2080,True,2647,2245,214.654795372011
2081,83a79ea7-b9b8-44f0-a8f7-e6b1d5e05377,8,2081,True,2672,2270,166.88161389689003
2082,83a79ea7-b9b8-44f0-a8f7-e6b1d5e05377,8,2082,True,2689,2287,172.654795372011
2083,83a79ea7-b9b8-44f0-a8f7-e6b1d5e05377,8,2083,True,2725,2323,158.718045607141
2084,83a79ea7-b9b8-44f0-a8f7-e6b1d5e05377,8,2084,True,2753,2351,147.52082230984524
2085,83a79ea7-b9b8-44f0-a8f7-e6b1d5e05377,8,2085,True,2778,2376,158.9650934267611
2086,83a79ea7-b9b8-44f0-a8f7-e6b1d5e05377,8,2086,True,2807,2405,148.43016788984733
2087,83a79ea7-b9b8-44f0-a8f7-e6b1d5e05377,8,2087,True,2827,2425,168.58759242199585
2088,83a79ea7-b9b8-44f0-a8f7-e6b1d5e05377,8,2088,True,2869,2467,155.49660069823403
2089,83a79ea7-b9b8-44f0-a8f7-e6b1d5e05377,8,2089,True,2898,2496,168.73978550801803
2090,83a79ea7-b9b8-44f0-a8f7-e6b1d5e05377,8,2090,True,2927,2525,155.6790179516538
2091,83a79ea7-b9b8-44f0-a8f7-e6b1d5e05377,8,2091,True,2956,2554,162.29823128165162
2092,83a79ea7-b9b8-44f0-a8f7-e6b1d5e05377,8,2092,True,2982,2580,182.8454483196415
2093,83a79ea7-b9b8-44f0-a8f7-e6b1d5e05377,8,2093,True,3012,2610,128.93135071283587
2094,83a79ea7-b9b8-44f0-a8f7-e6b1d5e05377,8,2094,True,3042,2640,142.2517520648821
2095,83a79ea7-b9b8-44f0-a8f7-e6b1d5e05377,8,2095,True,3067,2665,135.83649192563007
2096,83a79ea7-b9b8-44f0-a8f7-e6b1d5e05377,8,2096,True,3103,2701,140.42630537388277
2097,83a79ea7-b9b8-44f0-a8f7-e6b1d5e05377,8,2097,True,3134,2732,145.06114653903387
2098,83a79ea7-b9b8-44f0-a8f7-e6b1d5e05377,8,2098,True,3156,2754,145.82665006702382
2099,83a79ea7-b9b8-44f0-a8f7-e6b1d5e05377,8,2099,True,3183,2781,157.5131819013941
2100,83a79ea7-b9b8-44f0-a8f7-e6b1d5e05377,8,2100,True,3213,2811,150.42489642145802
2101,83a79ea7-b9b8-44f0-a8f7-e6b1d5e05377,8,2101,True,3238,2836,180.42907062795712
2102,83a79ea7-b9b8-44f0-a8f7-e6b1d5e05377,8,2102,True,3261,2859,134.4107325994728
2103,83a79ea7-b9b8-44f0-a8f7-e6b1d5e05377,8,2103,True,3284,2882,153.7883233192456
2104,83a79ea7-b9b8-44f0-a8f7-e6b1d5e05377,8,2104,True,3311,2909,146.04691286861498
2105,83a79ea7-b9b8-44f0-a8f7-e6b1d5e05377,8,2105,True,3338,2936,158.9313391950468
2106,83a79ea7-b9b8-44f0-a8f7-e6b1d5e05377,8,2106,True,3373,2971,144.17220670043343
2107,83a79ea7-b9b8-44f0-a8f7-e6b1d5e05377,8,2107,True,3401,2999,174.23345551213924
2108,83a79ea7-b9b8-44f0-a8f7-e6b1d5e05377,8,2108,True,3427,3025,126.84589040781566
2109,83a79ea7-b9b8-44f0-a8f7-e6b1d5e05377,8,2109,True,3458,3056,137.5019621536867
2110,83a79ea7-b9b8-44f0-a8f7-e6b1d5e05377,8,2110,True,3496,3094,131.0537276132427
2111,83a79ea7-b9b8-44f0-a8f7-e6b1d5e05377,8,2111,True,3521,3119,163.05813832625063
2112,83a79ea7-b9b8-44f0-a8f7-e6b1d5e05377,8,2112,True,3544,3142,163.59391631288054
2113,83a79ea7-b9b8-44f0-a8f7-e6b1d5e05377,8,2113,True,3576,3174,149.60189557339618
2114,83a79ea7-b9b8-44f0-a8f7-e6b1d5e05377,8,2114,True,3602,3200,123.60189557339618
2115,83a79ea7-b9b8-44f0-a8f7-e6b1d5e05377,8,2115,True,3632,3230,138.46669874163717
2116,83a79ea7-b9b8-44f0-a8f7-e6b1d5e05377,8,2116,True,3665,3263,150.72149619917127
2117,83a79ea7-b9b8-44f0-a8f7-e6b1d5e05377,8,2117,True,3700,3298,136.6648397079498
2118,83a79ea7-b9b8-44f0-a8f7-e6b1d5e05377,8,2118,True,3739,3337,130.96459208574424
2119,83a79ea7-b9b8-44f0-a8f7-e6b1d5e05377,8,2119,True,3764,3362,157.42309183439556
2120,83a79ea7-b9b8-44f0-a8f7-e6b1d5e05377,8,2120,True,3790,3388,152.7261494872173
2121,83a79ea7-b9b8-44f0-a8f7-e6b1d5e05377,8,2121,True,3817,3415,167.23401030682317
2122,83a79ea7-b9b8-44f0-a8f7-e6b1d5e05377,8,2122,True,3840,3438,161.22876988207508
2123,83a79ea7-b9b8-44f0-a8f7-e6b1d5e05377,8,2123,True,3864,3462,167.57723347155388
2124,83a79ea7-b9b8-44f0-a8f7-e6b1d5e05377,8,2124,True,3886,3484,164.78791887970237
2125,83a79ea7-b9b8-44f0-a8f7-e6b1d5e05377,8,2125,True,3912,3510,173.33936371852178
2126,83a79ea7-b9b8-44f0-a8f7-e6b1d5e05377,8,2126,True,3941,3539,164.674688205826
2127,83a79ea7-b9b8-44f0-a8f7-e6b1d5e05377,8,2127,True,3962,3560,166.54324362172247
2128,83a79ea7-b9b8-44f0-a8f7-e6b1d5e05377,8,2128,True,3992,3590,136.54324362172247
2129,83a79ea7-b9b8-44f0-a8f7-e6b1d5e05377,8,2129,True,4023,3621,146.01451229024315
2130,83a79ea7-b9b8-44f0-a8f7-e6b1d5e05377,8,2130,True,4051,3649,150.92563079978754
2131,83a79ea7-b9b8-44f0-a8f7-e6b1d5e05377,8,2131,True,4082,3680,164.5100103359814
2132,83a79ea7-b9b8-44f0-a8f7-e6b1d5e05377,8,2132,True,4110,3708,156.9667990962089
2133,83a79ea7-b9b8-44f0-a8f7-e6b1d5e05377,8,2133,True,4141,3739,148.34409639695514
2134,83a79ea7-b9b8-44f0-a8f7-e6b1d5e05377,8,2134,True,4168,3766,143.77309916939976
2135,83a79ea7-b9b8-44f0-a8f7-e6b1d5e05377,8,2135,True,4194,3792,159.6969752109094
2136,83a79ea7-b9b8-44f0-a8f7-e6b1d5e05377,8,2136,True,4225,3823,149.92455917298548
2137,83a79ea7-b9b8-44f0-a8f7-e6b1d5e05377,8,2137,True,4259,3857,136.69471757305564
2138,83a79ea7-b9b8-44f0-a8f7-e6b1d5e05377,8,2138,True,4277,3875,171.01748520648516
2139,83a79ea7-b9b8-44f0-a8f7-e6b1d5e05377,8,2139,True,4303,3901,186.724987929686
2140,83a79ea7-b9b8-44f0-a8f7-e6b1d5e05377,8,2140,True,4326,3924,142.5767230752458
2141,83a79ea7-b9b8-44f0-a8f7-e6b1d5e05377,8,2141,True,4355,3953,163.36258377486956
2142,83a79ea7-b9b8-44f0-a8f7-e6b1d5e05377,8,2142,True,4379,3977,165.34044842906223
2143,83a79ea7-b9b8-44f0-a8f7-e6b1d5e05377,8,2143,True,4413,4011,149.711088239118
2144,83a79ea7-b9b8-44f0-a8f7-e6b1d5e05377,8,2144,True,4435,4033,148.43227841224052
2145,83a79ea7-b9b8-44f0-a8f7-e6b1d5e05377,8,2145,True,4459,4057,144.93840159912543
2146,83a79ea7-b9b8-44f0-a8f7-e6b1d5e05377,8,2146,True,4486,4084,137.09510751524795
2147,83a79ea7-b9b8-44f0-a8f7-e6b1d5e05377,8,2147,True,4508,4106,151.9913582927029
2148,83a79ea7-b9b8-44f0-a8f7-e6b1d5e05377,8,2148,True,4546,4144,134.55440145753346
2149,83a79ea7-b9b8-44f0-a8f7-e6b1d5e05377,8,2149,True,4573,4171,139.24052298550487
2150,83a79ea7-b9b8-44f0-a8f7-e6b1d5e05377,8,2150,True,4597,4195,135.60277456207768
2151,83a79ea7-b9b8-44f0-a8f7-e6b1d5e05377,8,2151,True,4611,4209,143.94339096385102
2152,83a79ea7-b9b8-44f0-a8f7-e6b1d5e05377,8,2152,True,4643,4241,162.44380356938655
2153,83a79ea7-b9b8-44f0-a8f7-e6b1d5e05377,8,2153,True,4670,4268,155.91390979717653
2154,83a79ea7-b9b8-44f0-a8f7-e6b1d5e05377,8,2154,True,4697,4295,159.3769762704187
2155,83a79ea7-b9b8-44f0-a8f7-e6b1d5e05377,8,2155,True,4730,4328,180.6264028342839
2156,83a79ea7-b9b8-44f0-a8f7-e6b1d5e05377,8,2156,True,4757,4355,180.444537091048
2157,83a79ea7-b9b8-44f0-a8f7-e6b1d5e05377,8,2157,True,4784,4382,153.444537091048
2158,83a79ea7-b9b8-44f0-a8f7-e6b1d5e05377,8,2158,True,4809,4407,160.29837206578122
2159,83a79ea7-b9b8-44f0-a8f7-e6b1d5e05377,8,2159,True,4837,4435,166.89072365562515
2160,83a79ea7-b9b8-44f0-a8f7-e6b1d5e05377,8,2160,True,4858,4456,200.10945835641814
2161,83a79ea7-b9b8-44f0-a8f7-e6b1d5e05377,8,2161,True,4882,4480,200.7095786837599
2162,83a79ea7-b9b8-44f0-a8f7-e6b1d5e05377,8,2162,True,4899,4497,183.7095786837599
2163,83a79ea7-b9b8-44f0-a8f7-e6b1d5e05377,8,2163,True,4918,4516,216.229313183434
2164,83a79ea7-b9b8-44f0-a8f7-e6b1d5e05377,8,2164,True,4945,4543,211.75522584748705
2165,83a79ea7-b9b8-44f0-a8f7-e6b1d5e05377,8,2165,True,4969,4567,165.229313183434
2166,83a79ea7-b9b8-44f0-a8f7-e6b1d5e05377,8,2166,True,4988,4586,192.08443693898244
2167,83a79ea7-b9b8-44f0-a8f7-e6b1d5e05377,8,2167,True,5013,4611,167.08443693898244
2168,83a79ea7-b9b8-44f0-a8f7-e6b1d5e05377,8,2168,True,5049,4647,168.54624839896042
2169,83a79ea7-b9b8-44f0-a8f7-e6b1d5e05377,8,2169,True,5068,4666,175.206426928793
2170,83a79ea7-b9b8-44f0-a8f7-e6b1d5e05377,8,2170,True,5109,4707,155.71482003509573
2171,83a79ea7-b9b8-44f0-a8f7-e6b1d5e05377,8,2171,True,5136,4734,157.2665583301623
2172,83a79ea7-b9b8-44f0-a8f7-e6b1d5e05377,8,2172,True,5160,4758,159.23602380882312
2173,83a79ea7-b9b8-44f0-a8f7-e6b1d5e05377,8,2173,True,5188,4786,156.38400095611541
2174,83a79ea7-b9b8-44f0-a8f7-e6b1d5e05377,8,2174,True,5222,4820,165.68899746773877
2175,83a79ea7-b9b8-44f0-a8f7-e6b1d5e05377,8,2175,True,5251,4849,163.15873991007356
2176,83a79ea7-b9b8-44f0-a8f7-e6b1d5e05377,8,2176,True,5279,4877,159.72094343869685
2177,83a79ea7-b9b8-44f0-a8f7-e6b1d5e05377,8,2177,True,5308,4906,148.26665915981084
2178,83a79ea7-b9b8-44f0-a8f7-e6b1d5e05377,8,2178,True,5340,4938,142.32061351356788
2179,83a79ea7-b9b8-44f0-a8f7-e6b1d5e05377,8,2179,True,5366,4964,153.36669974149754
2180,83a79ea7-b9b8-44f0-a8f7-e6b1d5e05377,8,2180,True,5393,4991,145.90838510333833
2181,83a79ea7-b9b8-44f0-a8f7-e6b1d5e05377,8,2181,True,5420,5018,154.80874324266642
2182,83a79ea7-b9b8-44f0-a8f7-e6b1d5e05377,8,2182,True,5449,5047,148.68354103942602
2183,83a79ea7-b9b8-44f0-a8f7-e6b1d5e05377,8,2183,True,5482,5080,146.2146928524462
2184,83a79ea7-b9b8-44f0-a8f7-e6b1d5e05377,8,2184,True,5505,5103,147.15346718930414
2185,83a79ea7-b9b8-44f0-a8f7-e6b1d5e05377,8,2185,True,5529,5127,173.66860137570984
2186,83a79ea7-b9b8-44f0-a8f7-e6b1d5e05377,8,2186,True,5559,5157,166.61482198786598
2187,83a79ea7-b9b8-44f0-a8f7-e6b1d5e05377,8,2187,True,5586,5184,160.78542201347955
2188,83a79ea7-b9b8-44f0-a8f7-e6b1d5e05377,8,2188,True,5615,5213,151.41275769504773
2189,83a79ea7-b9b8-44f0-a8f7-e6b1d5e05377,8,2189,True,5636,5234,158.3384133296413
2190,83a79ea7-b9b8-44f0-a8f7-e6b1d5e05377,8,2190,True,5671,5269,144.81846520595445
2191,83a79ea7-b9b8-44f0-a8f7-e6b1d5e05377,8,2191,True,5702,5300,163.7874244014729
2192,83a79ea7-b9b8-44f0-a8f7-e6b1d5e05377,8,2192,True,5721,5319,165.2605524200044
2193,83a79ea7-b9b8-44f0-a8f7-e6b1d5e05377,8,2193,True,5747,5345,161.24867240305866
2194,83a79ea7-b9b8-44f0-a8f7-e6b1d5e05377,8,2194,True,5788,5386,148.08792630297648
2195,83a79ea7-b9b8-44f0-a8f7-e6b1d5e05377,8,2195,True,5813,5411,145.84604940149347
2196,83a79ea7-b9b8-44f0-a8f7-e6b1d5e05377,8,2196,True,5838,5436,154.61775811543794
2197,83a79ea7-b9b8-44f0-a8f7-e6b1d5e05377,8,2197,True,5869,5467,144.51552580763473
2198,83a79ea7-b9b8-44f0-a8f7-e6b1d5e05377,8,2198,True,5901,5499,174.49726987817394
2199,83a79ea7-b9b8-44f0-a8f7-e6b1d5e05377,8,2199,True,5917,5515,121.08930921268075
2200,83a79ea7-b9b8-44f0-a8f7-e6b1d5e05377,8,2200,True,5942,5540,193.6647786405647
2201,83a79ea7-b9b8-44f0-a8f7-e6b1d5e05377,8,2201,True,5970,5568,146.75875430796896
2202,83a79ea7-b9b8-44f0-a8f7-e6b1d5e05377,8,2202,True,5992,5590,169.91812579025918
2203,83a79ea7-b9b8-44f0-a8f7-e6b1d5e05377,8,2203,True,6019,5617,164.88078096293975
2204,83a79ea7-b9b8-44f0-a8f7-e6b1d5e05377,8,2204,True,6050,5648,161.29727293617725
2205,83a79ea7-b9b8-44f0-a8f7-e6b1d5e05377,8,2205,True,6079,5677,151.52789272004975
2206,83a79ea7-b9b8-44f0-a8f7-e6b1d5e05377,8,2206,True,6110,5708,152.90991489411772
2207,83a79ea7-b9b8-44f0-a8f7-e6b1d5e05377,8,2207,True,6139,5737,142.8128692204582
2208,83a79ea7-b9b8-44f0-a8f7-e6b1d5e05377,8,2208,True,6162,5760,139.4657698827823
2209,83a79ea7-b9b8-44f0-a8f7-e6b1d5e05377,8,2209,True,6189,5787,146.4690049872779
2210,83a79ea7-b9b8-44f0-a8f7-e6b1d5e05377,8,2210,True,6207,5805,150.13032249041044
2211,83a79ea7-b9b8-44f0-a8f7-e6b1d5e05377,8,2211,True,6232,5830,151.43394602260014
2212,83a79ea7-b9b8-44f0-a8f7-e6b1d5e05377,8,2212,True,6260,5858,150.49598850049097
2213,83a79ea7-b9b8-44f0-a8f7-e6b1d5e05377,8,2213,True,6284,5882,150.6611194109255
2214,83a79ea7-b9b8-44f0-a8f7-e6b1d5e05377,8,2214,True,6307,5905,169.69980740283063
2215,83a79ea7-b9b8-44f0-a8f7-e6b1d5e05377,8,2215,True,6338,5936,159.9330087652197
2216,83a79ea7-b9b8-44f0-a8f7-e6b1d5e05377,8,2216,True,6364,5962,165.75399545477376
2217,83a79ea7-b9b8-44f0-a8f7-e6b1d5e05377,8,2217,True,6397,5995,156.08662086046297
2218,83a79ea7-b9b8-44f0-a8f7-e6b1d5e05377,8,2218,True,6415,6013,162.09677563660898
2219,83a79ea7-b9b8-44f0-a8f7-e6b1d5e05377,8,2219,True,6439,6037,160.35070580946012
2220,83a79ea7-b9b8-44f0-a8f7-e6b1d5e05377,8,2220,True,6473,6071,144.9340496611694
2221,83a79ea7-b9b8-44f0-a8f7-e6b1d5e05377,8,2221,True,6504,6102,113.93404966116941
2222,83a79ea7-b9b8-44f0-a8f7-e6b1d5e05377,8,2222,True,6529,6127,195.64001401806672
2223,83a79ea7-b9b8-44f0-a8f7-e6b1d5e05377,8,2223,True,6561,6159,183.8232032990718
2224,83a79ea7-b9b8-44f0-a8f7-e6b1d5e05377,8,2224,True,6594,6192,183.0159748716951
2225,83a79ea7-b9b8-44f0-a8f7-e6b1d5e05377,8,2225,True,6621,6219,176.28200762765118
2226,83a79ea7-b9b8-44f0-a8f7-e6b1d5e05377,8,2226,True,6644,6242,153.28200762765118
2227,83a79ea7-b9b8-44f0-a8f7-e6b1d5e05377,8,2227,True,6673,6271,194.71846107107922
2228,83a79ea7-b9b8-44f0-a8f7-e6b1d5e05377,8,2228,True,6695,6293,148.63427043968295
2229,83a79ea7-b9b8-44f0-a8f7-e6b1d5e05377,8,2229,True,6724,6322,195.03631996607965
2230,83a79ea7-b9b8-44f0-a8f7-e6b1d5e05377,8,2230,True,6751,6349,145.1401242990587
2231,83a79ea7-b9b8-44f0-a8f7-e6b1d5e05377,8,2231,True,6780,6378,194.4086747179781
2232,83a79ea7-b9b8-44f0-a8f7-e6b1d5e05377,8,2232,True,6809,6407,183.73932121389407
2233,83a79ea7-b9b8-44f0-a8f7-e6b1d5e05377,8,2233,True,6837,6435,176.02386981290147
2234,83a79ea7-b9b8-44f0-a8f7-e6b1d5e05377,8,2234,True,6860,6458,173.39352759708254
2235,83a79ea7-b9b8-44f0-a8f7-e6b1d5e05377,8,2235,True,6885,6483,185.60106882073524
2236,83a79ea7-b9b8-44f0-a8f7-e6b1d5e05377,8,2236,True,6913,6511,182.1326487615761
2237,83a79ea7-b9b8-44f0-a8f7-e6b1d5e05377,8,2237,True,6937,6535,216.18019343817377
2238,83a79ea7-b9b8-44f0-a8f7-e6b1d5e05377,8,2238,True,6972,6570,156.528002873687
2239,83a79ea7-b9b8-44f0-a8f7-e6b1d5e05377,8,2239,True,6992,6590,180.940634783934
2240,83a79ea7-b9b8-44f0-a8f7-e6b1d5e05377,8,2240,True,7025,6623,167.07209905426043
2241,83a79ea7-b9b8-44f0-a8f7-e6b1d5e05377,8,2241,True,7045,6643,177.49803699708536
2242,83a79ea7-b9b8-44f0-a8f7-e6b1d5e05377,8,2242,True,7079,6677,166.85615601781774
2243,83a79ea7-b9b8-44f0-a8f7-e6b1d5e05377,8,2243,True,7109,6707,155.92938698828948
2244,83a79ea7-b9b8-44f0-a8f7-e6b1d5e05377,8,2244,True,7137,6735,187.81029530346586
2245,83a79ea7-b9b8-44f0-a8f7-e6b1d5e05377,8,2245,True,7167,6765,139.12388261549222
2246,83a79ea7-b9b8-44f0-a8f7-e6b1d5e05377,8,2246,True,7194,6792,186.22995914832154
2247,83a79ea7-b9b8-44f0-a8f7-e6b1d5e05377,8,2247,True,7222,6820,180.31714727759027
2248,83a79ea7-b9b8-44f0-a8f7-e6b1d5e05377,8,2248,True,7253,6851,206.44788806635825
2249,83a79ea7-b9b8-44f0-a8f7-e6b1d5e05377,8,2249,True,7275,6873,162.34784124076668
2250,83a79ea7-b9b8-44f0-a8f7-e6b1d5e05377,8,2250,True,7303,6901,178.43038746619277
2251,83a79ea7-b9b8-44f0-a8f7-e6b1d5e05377,8,2251,True,7323,6921,190.86168990473834
2252,83a79ea7-b9b8-44f0-a8f7-e6b1d5e05377,8,2252,True,7353,6951,208.52833779496723
2253,83a79ea7-b9b8-44f0-a8f7-e6b1d5e05377,8,2253,True,7373,6971,210.71120069084373
2254,83a79ea7-b9b8-44f0-a8f7-e6b1d5e05377,8,2254,True,7397,6995,186.71120069084373
2255,83a79ea7-b9b8-44f0-a8f7-e6b1d5e05377,8,2255,True,7421,7019,183.8017752832484
2256,83a79ea7-b9b8-44f0-a8f7-e6b1d5e05377,8,2256,True,7460,7058,161.90557651322433
2257,83a79ea7-b9b8-44f0-a8f7-e6b1d5e05377,8,2257,True,7494,7092,150.42565928285785
2258,83a79ea7-b9b8-44f0-a8f7-e6b1d5e05377,8,2258,True,7514,7112,200.45839805848664
2259,83a79ea7-b9b8-44f0-a8f7-e6b1d5e05377,8,2259,True,7538,7136,157.37180166532016
2260,83a79ea7-b9b8-44f0-a8f7-e6b1d5e05377,8,2260,True,7562,7160,213.98510095853544
2261,83a79ea7-b9b8-44f0-a8f7-e6b1d5e05377,8,2261,True,7600,7198,206.81628530457692
2262,83a79ea7-b9b8-44f0-a8f7-e6b1d5e05377,8,2262,True,7631,7229,196.8401251753985
2263,83a79ea7-b9b8-44f0-a8f7-e6b1d5e05377,8,2263,True,7677,7275,175.2076846777927
2264,83a79ea7-b9b8-44f0-a8f7-e6b1d5e05377,8,2264,True,7710,7308,197.2642920190783
2265,83a79ea7-b9b8-44f0-a8f7-e6b1d5e05377,8,2265,True,7740,7338,139.57830021957398
2266,83a79ea7-b9b8-44f0-a8f7-e6b1d5e05377,8,2266,True,7776,7374,152.89808447280393
2267,83a79ea7-b9b8-44f0-a8f7-e6b1d5e05377,8,2267,True,7809,7407,176.92446517012377
2268,83a79ea7-b9b8-44f0-a8f7-e6b1d5e05377,8,2268,True,7836,7434,200.3458617481283
2269,83a79ea7-b9b8-44f0-a8f7-e6b1d5e05377,8,2269,True,7863,7461,144.42180679209287
2270,83a79ea7-b9b8-44f0-a8f7-e6b1d5e05377,8,2270,True,7900,7498,156.95690844447745
2271,83a79ea7-b9b8-44f0-a8f7-e6b1d5e05377,8,2271,True,7925,7523,163.58138435708497
2272,83a79ea7-b9b8-44f0-a8f7-e6b1d5e05377,8,2272,True,7950,7548,190.27621923518745
2273,83a79ea7-b9b8-44f0-a8f7-e6b1d5e05377,8,2273,True,7975,7573,143.37983786857967
2274,83a79ea7-b9b8-44f0-a8f7-e6b1d5e05377,8,2274,True,8005,7603,169.31502566880954
2275,83a79ea7-b9b8-44f0-a8f7-e6b1d5e05377,8,2275,True,8029,7627,165.4582115484627
2276,83a79ea7-b9b8-44f0-a8f7-e6b1d5e05377,8,2276,True,8050,7648,163.31426603829823
2277,83a79ea7-b9b8-44f0-a8f7-e6b1d5e05377,8,2277,True,8077,7675,136.31426603829823
2278,83a79ea7-b9b8-44f0-a8f7-e6b1d5e05377,8,2278,True,8095,7693,153.73585559237563
2279,83a79ea7-b9b8-44f0-a8f7-e6b1d5e05377,8,2279,True,8128,7726,165.81929237893655
2280,83a79ea7-b9b8-44f0-a8f7-e6b1d5e05377,8,2280,True,8154,7752,179.36904193658665
2281,83a79ea7-b9b8-44f0-a8f7-e6b1d5e05377,8,2281,True,8189,7787,165.17759724394455
2282,83a79ea7-b9b8-44f0-a8f7-e6b1d5e05377,8,2282,True,8217,7815,203.94205362624325
2283,83a79ea7-b9b8-44f0-a8f7-e6b1d5e05377,8,2283,True,8237,7835,138.30371815915169
2284,83a79ea7-b9b8-44f0-a8f7-e6b1d5e05377,8,2284,True,8270,7868,183.19310516594123
2285,83a79ea7-b9b8-44f0-a8f7-e6b1d5e05377,8,2285,True,8297,7895,176.95450666959368
2286,83a79ea7-b9b8-44f0-a8f7-e6b1d5e05377,8,2286,True,8325,7923,169.80115419648337
2287,83a79ea7-b9b8-44f0-a8f7-e6b1d5e05377,8,2287,True,8357,7955,192.4231824618446
2288,83a79ea7-b9b8-44f0-a8f7-e6b1d5e05377,8,2288,True,8379,7977,190.6278805739512
2289,83a79ea7-b9b8-44f0-a8f7-e6b1d5e05377,8,2289,True,8401,7999,187.2929889450761
2290,83a79ea7-b9b8-44f0-a8f7-e6b1d5e05377,8,2290,True,8430,8028,241.761696132633
2291,83a79ea7-b9b8-44f0-a8f7-e6b1d5e05377,8,2291,True,8459,8057,191.82628572161047
2292,83a79ea7-b9b8-44f0-a8f7-e6b1d5e05377,8,2292,True,8484,8082,211.35857771706833
2293,83a79ea7-b9b8-44f0-a8f7-e6b1d5e05377,8,2293,True,8513,8111,201.37242181308284
2294,83a79ea7-b9b8-44f0-a8f7-e6b1d5e05377,8,2294,True,8543,8141,214.8275141642007
2295,83a79ea7-b9b8-44f0-a8f7-e6b1d5e05377,8,2295,True,8575,8173,221.49035704256676
2296,83a79ea7-b9b8-44f0-a8f7-e6b1d5e05377,8,2296,True,8598,8196,276.1514887474641
2297,83a79ea7-b9b8-44f0-a8f7-e6b1d5e05377,8,2297,True,8619,8217,227.83629254789776
2298,83a79ea7-b9b8-44f0-a8f7-e6b1d5e05377,8,2298,True,8641,8239,233.1514887474641
2299,83a79ea7-b9b8-44f0-a8f7-e6b1d5e05377,8,2299,True,8674,8272,200.1514887474641
2300,83a79ea7-b9b8-44f0-a8f7-e6b1d5e05377,8,2300,True,8704,8302,194.88082527205552
2301,83a79ea7-b9b8-44f0-a8f7-e6b1d5e05377,8,2301,True,8735,8333,185.80136684472018
2302,83a79ea7-b9b8-44f0-a8f7-e6b1d5e05377,8,2302,True,8769,8367,187.29977708141087
2303,83a79ea7-b9b8-44f0-a8f7-e6b1d5e05377,8,2303,True,8799,8397,199.8066295648914
2304,83a79ea7-b9b8-44f0-a8f7-e6b1d5e05377,8,2304,True,8840,8438,186.41771992596478
2305,83a79ea7-b9b8-44f0-a8f7-e6b1d5e05377,8,2305,True,8869,8467,180.02109957453104
2306,83a79ea7-b9b8-44f0-a8f7-e6b1d5e05377,8,2306,True,8900,8498,173.48040942063744
2307,83a79ea7-b9b8-44f0-a8f7-e6b1d5e05377,8,2307,True,8923,8521,225.58454490214717
2308,83a79ea7-b9b8-44f0-a8f7-e6b1d5e05377,8,2308,True,8960,8558,206.41058168457675
2309,83a79ea7-b9b8-44f0-a8f7-e6b1d5e05377,8,2309,True,8981,8579,206.34366671050338
2310,83a79ea7-b9b8-44f0-a8f7-e6b1d5e05377,8,2310,True,9009,8607,262.0476840392221
2311,83a79ea7-b9b8-44f0-a8f7-e6b1d5e05377,8,2311,True,9030,8628,176.35035099287416
2312,83a79ea7-b9b8-44f0-a8f7-e6b1d5e05377,8,2312,True,9053,8651,192.66610066975772
2313,83a79ea7-b9b8-44f0-a8f7-e6b1d5e05377,8,2313,True,9084,8682,187.04768403922208
2314,83a79ea7-b9b8-44f0-a8f7-e6b1d5e05377,8,2314,True,9116,8714,184.20339227291515
2315,83a79ea7-b9b8-44f0-a8f7-e6b1d5e05377,8,2315,True,9143,8741,179.9878183573128
2316,83a79ea7-b9b8-44f0-a8f7-e6b1d5e05377,8,2316,True,9167,8765,201.45515945600346
2317,83a79ea7-b9b8-44f0-a8f7-e6b1d5e05377,8,2317,True,9196,8794,148.74596044445752
2318,83a79ea7-b9b8-44f0-a8f7-e6b1d5e05377,8,2318,True,9233,8831,179.49683224390537
2319,83a79ea7-b9b8-44f0-a8f7-e6b1d5e05377,8,2319,True,9269,8867,164.14698756711005
2320,83a79ea7-b9b8-44f0-a8f7-e6b1d5e05377,8,2320,True,9299,8897,156.95080594731553
2321,83a79ea7-b9b8-44f0-a8f7-e6b1d5e05377,8,2321,True,9326,8924,153.40576302087356
2322,83a79ea7-b9b8-44f0-a8f7-e6b1d5e05377,8,2322,True,9357,8955,181.997618548201
2323,83a79ea7-b9b8-44f0-a8f7-e6b1d5e05377,8,2323,True,9379,8977,181.92744926918385
2324,83a79ea7-b9b8-44f0-a8f7-e6b1d5e05377,8,2324,True,9398,8996,193.78950187177543
2325,83a79ea7-b9b8-44f0-a8f7-e6b1d5e05377,8,2325,True,9418,9016,196.05267031679796
2326,83a79ea7-b9b8-44f0-a8f7-e6b1d5e05377,8,2326,True,9451,9049,203.78679041533724
2327,83a79ea7-b9b8-44f0-a8f7-e6b1d5e05377,8,2327,True,9472,9070,206.6165051584594
2328,83a79ea7-b9b8-44f0-a8f7-e6b1d5e05377,8,2328,True,9494,9092,215.97288914184173
2329,83a79ea7-b9b8-44f0-a8f7-e6b1d5e05377,8,2329,True,9527,9125,213.93484991574587
2330,83a79ea7-b9b8-44f0-a8f7-e6b1d5e05377,8,2330,True,9557,9155,205.9792740231951
2331,83a79ea7-b9b8-44f0-a8f7-e6b1d5e05377,8,2331,True,9588,9186,152.93484991574587
2332,83a79ea7-b9b8-44f0-a8f7-e6b1d5e05377,8,2332,True,9618,9216,164.5504313125457
2333,83a79ea7-b9b8-44f0-a8f7-e6b1d5e05377,8,2333,True,9653,9251,178.68249128436582
2334,83a79ea7-b9b8-44f0-a8f7-e6b1d5e05377,8,2334,True,9675,9273,176.25795585137894
2335,83a79ea7-b9b8-44f0-a8f7-e6b1d5e05377,8,2335,True,9698,9296,173.6712307019061
2336,83a79ea7-b9b8-44f0-a8f7-e6b1d5e05377,8,2336,True,9718,9316,170.41689134121953
2337,83a79ea7-b9b8-44f0-a8f7-e6b1d5e05377,8,2337,True,9754,9352,164.26678764877033
2338,83a79ea7-b9b8-44f0-a8f7-e6b1d5e05377,8,2338,True,9784,9382,153.49625486263358
2339,83a79ea7-b9b8-44f0-a8f7-e6b1d5e05377,8,2339,True,9811,9409,200.35725443899173
2340,83a79ea7-b9b8-44f0-a8f7-e6b1d5e05377,8,2340,True,9849,9447,185.93874945123753
2341,83a79ea7-b9b8-44f0-a8f7-e6b1d5e05377,8,2341,True,9884,9482,150.93874945123753
2342,83a79ea7-b9b8-44f0-a8f7-e6b1d5e05377,8,2342,True,9908,9506,190.38580237907263
2343,83a79ea7-b9b8-44f0-a8f7-e6b1d5e05377,8,2343,True,9932,9530,146.78949508514597
2344,83a79ea7-b9b8-44f0-a8f7-e6b1d5e05377,8,2344,True,9962,9560,224.47972270585888
2345,83a79ea7-b9b8-44f0-a8f7-e6b1d5e05377,8,2345,True,9986,9584,217.5156771770162
2346,83a79ea7-b9b8-44f0-a8f7-e6b1d5e05377,8,2346,True,10016,9614,241.94086064269504
2347,83a79ea7-b9b8-44f0-a8f7-e6b1d5e05377,8,2347,True,10049,9647,190.92922756805638
2348,83a79ea7-b9b8-44f0-a8f7-e6b1d5e05377,8,2348,True,10079,9677,217.07169021492518
2349,83a79ea7-b9b8-44f0-a8f7-e6b1d5e05377,8,2349,True,10108,9706,170.94281806415165
2350,83a79ea7-b9b8-44f0-a8f7-e6b1d5e05377,8,2350,True,10132,9730,185.43742287187888
2351,83a79ea7-b9b8-44f0-a8f7-e6b1d5e05377,8,2351,True,10156,9754,195.962547156063
2352,83a79ea7-b9b8-44f0-a8f7-e6b1d5e05377,8,2352,True,10184,9782,192.4231345977314
2353,83a79ea7-b9b8-44f0-a8f7-e6b1d5e05377,8,2353,True,10226,9824,150.4231345977314
2354,83a79ea7-b9b8-44f0-a8f7-e6b1d5e05377,8,2354,True,10250,9848,168.00539599039075
2355,83a79ea7-b9b8-44f0-a8f7-e6b1d5e05377,8,2355,True,10274,9872,183.89926007467693
2356,83a79ea7-b9b8-44f0-a8f7-e6b1d5e05377,8,2356,True,10300,9898,157.89926007467693
2357,83a79ea7-b9b8-44f0-a8f7-e6b1d5e05377,8,2357,True,10330,9928,155.34591746062324
2358,83a79ea7-b9b8-44f0-a8f7-e6b1d5e05377,8,2358,True,10363,9961,166.3118990311741
2359,83a79ea7-b9b8-44f0-a8f7-e6b1d5e05377,8,2359,True,10381,9979,168.672332098693
2360,83a79ea7-b9b8-44f0-a8f7-e6b1d5e05377,8,2360,True,10401,9999,216.32877439113327
2361,83a79ea7-b9b8-44f0-a8f7-e6b1d5e05377,8,2361,True,10438,10036,161.39961809077067
2362,83a79ea7-b9b8-44f0-a8f7-e6b1d5e05377,8,2362,True,10472,10070,164.96836130108568
2363,83a79ea7-b9b8-44f0-a8f7-e6b1d5e05377,8,2363,True,10503,10101,152.64221039409676
2364,83a79ea7-b9b8-44f0-a8f7-e6b1d5e05377,8,2364,True,10525,10123,151.51381296012005
2365,83a79ea7-b9b8-44f0-a8f7-e6b1d5e05377,8,2365,True,10555,10153,148.69369938043747
2366,83a79ea7-b9b8-44f0-a8f7-e6b1d5e05377,8,2366,True,10581,10179,166.425442490352
2367,83a79ea7-b9b8-44f0-a8f7-e6b1d5e05377,8,2367,True,10614,10212,156.0222489665448
2368,83a79ea7-b9b8-44f0-a8f7-e6b1d5e05377,8,2368,True,10647,10245,147.31023931286109
2369,83a79ea7-b9b8-44f0-a8f7-e6b1d5e05377,8,2369,True,10682,10280,151.0202960208735
2370,83a79ea7-b9b8-44f0-a8f7-e6b1d5e05377,8,2370,True,10711,10309,144.27702959682028
2371,83a79ea7-b9b8-44f0-a8f7-e6b1d5e05377,8,2371,True,10737,10335,148.6452192570341
2372,83a79ea7-b9b8-44f0-a8f7-e6b1d5e05377,8,2372,True,10756,10354,152.90552037358793
2373,83a79ea7-b9b8-44f0-a8f7-e6b1d5e05377,8,2373,True,10791,10389,149.0137058838991
2374,83a79ea7-b9b8-44f0-a8f7-e6b1d5e05377,8,2374,True,10814,10412,174.67896516149995
2375,83a79ea7-b9b8-44f0-a8f7-e6b1d5e05377,8,2375,True,10839,10437,171.32640168971193
2376,83a79ea7-b9b8-44f0-a8f7-e6b1d5e05377,8,2376,True,10865,10463,145.32640168971193
2377,83a79ea7-b9b8-44f0-a8f7-e6b1d5e05377,8,2377,True,10886,10484,160.56623528590717
2378,83a79ea7-b9b8-44f0-a8f7-e6b1d5e05377,8,2378,True,10913,10511,153.95883468063766
2379,83a79ea7-b9b8-44f0-a8f7-e6b1d5e05377,8,2379,True,10944,10542,254.17122276199552
2380,83a79ea7-b9b8-44f0-a8f7-e6b1d5e05377,8,2380,True,10976,10574,255.60218003876798
2381,83a79ea7-b9b8-44f0-a8f7-e6b1d5e05377,8,2381,True,11009,10607,244.16320646216627
2382,83a79ea7-b9b8-44f0-a8f7-e6b1d5e05377,8,2382,True,11032,10630,221.16320646216627
2383,83a79ea7-b9b8-44f0-a8f7-e6b1d5e05377,8,2383,True,11062,10660,288.2422681184162
2384,83a79ea7-b9b8-44f0-a8f7-e6b1d5e05377,8,2384,True,11088,10686,239.77132683034688
2385,83a79ea7-b9b8-44f0-a8f7-e6b1d5e05377,8,2385,True,11123,10721,227.24226811841618
2386,83a79ea7-b9b8-44f0-a8f7-e6b1d5e05377,8,2386,True,11150,10748,237.25822860563312
2387,83a79ea7-b9b8-44f0-a8f7-e6b1d5e05377,8,2387,True,11173,10771,231.30407807342272
2388,83a79ea7-b9b8-44f0-a8f7-e6b1d5e05377,8,2388,True,11200,10798,228.7126832225349
2389,83a79ea7-b9b8-44f0-a8f7-e6b1d5e05377,8,2389,True,11229,10827,218.83983384866224
2390,83a79ea7-b9b8-44f0-a8f7-e6b1d5e05377,8,2390,True,11262,10860,235.08379744220838
2391,83a79ea7-b9b8-44f0-a8f7-e6b1d5e05377,8,2391,True,11293,10891,229.82552354438667
2392,83a79ea7-b9b8-44f0-a8f7-e6b1d5e05377,8,2392,True,11321,10919,227.24214567401577
2393,83a79ea7-b9b8-44f0-a8f7-e6b1d5e05377,8,2393,True,11348,10946,221.3111677368688
2394,83a79ea7-b9b8-44f0-a8f7-e6b1d5e05377,8,2394,True,11385,10983,184.3111677368688
2395,83a79ea7-b9b8-44f0-a8f7-e6b1d5e05377,8,2395,True,11425,11023,166.61043566519038
2396,83a79ea7-b9b8-44f0-a8f7-e6b1d5e05377,8,2396,True,11455,11053,155.8799871129777
2397,83a79ea7-b9b8-44f0-a8f7-e6b1d5e05377,8,2397,True,11476,11074,156.24785314735163
2398,83a79ea7-b9b8-44f0-a8f7-e6b1d5e05377,8,2398,True,11496,11094,155.61338926501412
2399,83a79ea7-b9b8-44f0-a8f7-e6b1d5e05377,8,2399,True,11523,11121,171.7543813592838
2400,83a79ea7-b9b8-44f0-a8f7-e6b1d5e05377,8,2400,True,11546,11144,128.78683711895064
2401,83a79ea7-b9b8-44f0-a8f7-e6b1d5e05377,8,2401,True,11572,11170,143.19167596987973
2402,83a79ea7-b9b8-44f0-a8f7-e6b1d5e05377,8,2402,True,11603,11201,174.403329818344
2403,83a79ea7-b9b8-44f0-a8f7-e6b1d5e05377,8,2403,True,11631,11229,171.4812526160913
2404,83a79ea7-b9b8-44f0-a8f7-e6b1d5e05377,8,2404,True,11655,11253,175.63842285930514
2405,83a79ea7-b9b8-44f0-a8f7-e6b1d5e05377,8,2405,True,11677,11275,153.63842285930514
2406,83a79ea7-b9b8-44f0-a8f7-e6b1d5e05377,8,2406,True,11700,11298,149.3343725693867
2407,83a79ea7-b9b8-44f0-a8f7-e6b1d5e05377,8,2407,True,11732,11330,167.293143481249
2408,83a79ea7-b9b8-44f0-a8f7-e6b1d5e05377,8,2408,True,11751,11349,172.47665604124995
2409,83a79ea7-b9b8-44f0-a8f7-e6b1d5e05377,8,2409,True,11777,11375,166.0299064260107
2410,83a79ea7-b9b8-44f0-a8f7-e6b1d5e05377,8,2410,True,11808,11406,153.03069785248772
2411,83a79ea7-b9b8-44f0-a8f7-e6b1d5e05377,8,2411,True,11831,11429,197.96762576679248
2412,83a79ea7-b9b8-44f0-a8f7-e6b1d5e05377,8,2412,True,11857,11455,145.1515875265468
2413,83a79ea7-b9b8-44f0-a8f7-e6b1d5e05377,8,2413,True,11899,11497,129.96762576679248
2414,83a79ea7-b9b8-44f0-a8f7-e6b1d5e05377,8,2414,True,11924,11522,145.65333871999428
2415,83a79ea7-b9b8-44f0-a8f7-e6b1d5e05377,8,2415,True,11955,11553,143.08423697609032
2416,83a79ea7-b9b8-44f0-a8f7-e6b1d5e05377,8,2416,True,11976,11574,141.68776831815194
2417,83a79ea7-b9b8-44f0-a8f7-e6b1d5e05377,8,2417,True,12009,11607,156.7298314883683
2418,83a79ea7-b9b8-44f0-a8f7-e6b1d5e05377,8,2418,True,12034,11632,157.23287033989618
2419,83a79ea7-b9b8-44f0-a8f7-e6b1d5e05377,8,2419,True,12066,11664,125.23287033989618
2420,83a79ea7-b9b8-44f0-a8f7-e6b1d5e05377,8,2420,True,12092,11690,145.58001036574206
2421,83a79ea7-b9b8-44f0-a8f7-e6b1d5e05377,8,2421,True,12118,11716,141.72798888702528
2422,83a79ea7-b9b8-44f0-a8f7-e6b1d5e05377,8,2422,True,12145,11743,168.63570775165317
2423,83a79ea7-b9b8-44f0-a8f7-e6b1d5e05377,8,2423,True,12181,11779,220.00653523418077
2424,83a79ea7-b9b8-44f0-a8f7-e6b1d5e05377,8,2424,True,12219,11817,218.50701975068478
2425,83a79ea7-b9b8-44f0-a8f7-e6b1d5e05377,8,2425,True,12252,11850,205.2867219607033
2426,83a79ea7-b9b8-44f0-a8f7-e6b1d5e05377,8,2426,True,12268,11866,244.26415883542177
2427,83a79ea7-b9b8-44f0-a8f7-e6b1d5e05377,8,2427,True,12296,11894,194.71454874192932
2428,83a79ea7-b9b8-44f0-a8f7-e6b1d5e05377,8,2428,True,12326,11924,208.20985283578193
2429,83a79ea7-b9b8-44f0-a8f7-e6b1d5e05377,8,2429,True,12367,11965,184.71786783199968
2430,83a79ea7-b9b8-44f0-a8f7-e6b1d5e05377,8,2430,True,12388,11986,258.7425031322109
2431,83a79ea7-b9b8-44f0-a8f7-e6b1d5e05377,8,2431,True,12418,12016,228.7425031322109
2432,83a79ea7-b9b8-44f0-a8f7-e6b1d5e05377,8,2432,True,12445,12043,171.94206518136525
2433,83a79ea7-b9b8-44f0-a8f7-e6b1d5e05377,8,2433,True,12463,12061,183.7425031322109
2434,83a79ea7-b9b8-44f0-a8f7-e6b1d5e05377,8,2434,True,12491,12089,175.701150601255
2435,83a79ea7-b9b8-44f0-a8f7-e6b1d5e05377,8,2435,True,12518,12116,196.92243972832875
2436,83a79ea7-b9b8-44f0-a8f7-e6b1d5e05377,8,2436,True,12548,12146,187.96880404166404
2437,83a79ea7-b9b8-44f0-a8f7-e6b1d5e05377,8,2437,True,12583,12181,172.89018505281456
2438,83a79ea7-b9b8-44f0-a8f7-e6b1d5e05377,8,2438,True,12611,12209,162.58299924560924
2439,83a79ea7-b9b8-44f0-a8f7-e6b1d5e05377,8,2439,True,12641,12239,151.758520230449
2440,83a79ea7-b9b8-44f0-a8f7-e6b1d5e05377,8,2440,True,12668,12266,144.48075649953716
2441,83a79ea7-b9b8-44f0-a8f7-e6b1d5e05377,8,2441,True,12689,12287,172.72556888641884
2442,83a79ea7-b9b8-44f0-a8f7-e6b1d5e05377,8,2442,True,12717,12315,163.4880210557767
2443,83a79ea7-b9b8-44f0-a8f7-e6b1d5e05377,8,2443,True,12743,12341,159.6077535698023
2444,83a79ea7-b9b8-44f0-a8f7-e6b1d5e05377,8,2444,True,12777,12375,190.95268408067022
2445,83a79ea7-b9b8-44f0-a8f7-e6b1d5e05377,8,2445,True,12796,12394,214.67691870484487
2446,83a79ea7-b9b8-44f0-a8f7-e6b1d5e05377,8,2446,True,12831,12429,158.8185829056747
2447,83a79ea7-b9b8-44f0-a8f7-e6b1d5e05377,8,2447,True,12862,12460,181.14120412628654
2448,83a79ea7-b9b8-44f0-a8f7-e6b1d5e05377,8,2448,True,12892,12490,170.3926689119089
2449,83a79ea7-b9b8-44f0-a8f7-e6b1d5e05377,8,2449,True,12925,12523,188.453302953425
2450,83a79ea7-b9b8-44f0-a8f7-e6b1d5e05377,8,2450,True,12955,12553,137.03891179013226
2451,83a79ea7-b9b8-44f0-a8f7-e6b1d5e05377,8,2451,True,12976,12574,186.95125846308474
2452,83a79ea7-b9b8-44f0-a8f7-e6b1d5e05377,8,2452,True,13005,12603,177.4348213338253
2453,83a79ea7-b9b8-44f0-a8f7-e6b1d5e05377,8,2453,True,13032,12630,197.81042616865125
2454,83a79ea7-b9b8-44f0-a8f7-e6b1d5e05377,8,2454,True,13063,12661,185.70009631170615
2455,83a79ea7-b9b8-44f0-a8f7-e6b1d5e05377,8,2455,True,13083,12681,187.0162314264926
2456,83a79ea7-b9b8-44f0-a8f7-e6b1d5e05377,8,2456,True,13111,12709,159.0162314264926
2457,83a79ea7-b9b8-44f0-a8f7-e6b1d5e05377,8,2457,True,13145,12743,180.26681907098828
2458,83a79ea7-b9b8-44f0-a8f7-e6b1d5e05377,8,2458,True,13172,12770,174.27899712542785
2459,83a79ea7-b9b8-44f0-a8f7-e6b1d5e05377,8,2459,True,13198,12796,176.68615626260362
2460,83a79ea7-b9b8-44f0-a8f7-e6b1d5e05377,8,2460,True,13226,12824,166.47975238025901
2461,83a79ea7-b9b8-44f0-a8f7-e6b1d5e05377,8,2461,True,13249,12847,164.69673715337376
2462,83a79ea7-b9b8-44f0-a8f7-e6b1d5e05377,8,2462,True,13276,12874,158.336695574415
2463,83a79ea7-b9b8-44f0-a8f7-e6b1d5e05377,8,2463,True,13296,12894,166.35599112311684
2464,83a79ea7-b9b8-44f0-a8f7-e6b1d5e05377,8,2464,True,13335,12933,151.40784139215612
2465,83a79ea7-b9b8-44f0-a8f7-e6b1d5e05377,8,2465,True,13357,12955,164.46191721115792
2466,83a79ea7-b9b8-44f0-a8f7-e6b1d5e05377,8,2466,True,13382,12980,159.79957421222934
2467,83a79ea7-b9b8-44f0-a8f7-e6b1d5e05377,8,2467,True,13407,13005,154.00382923415782
2468,83a79ea7-b9b8-44f0-a8f7-e6b1d5e05377,8,2468,True,13436,13034,166.6464794151907
2469,83a79ea7-b9b8-44f0-a8f7-e6b1d5e05377,8,2469,True,13463,13061,161.89155914574258
2470,83a79ea7-b9b8-44f0-a8f7-e6b1d5e05377,8,2470,True,13489,13087,181.77598439659414
2471,83a79ea7-b9b8-44f0-a8f7-e6b1d5e05377,8,2471,True,13512,13110,138.09461864913283
2472,83a79ea7-b9b8-44f0-a8f7-e6b1d5e05377,8,2472,True,13544,13142,163.34005143529612
2473,83a79ea7-b9b8-44f0-a8f7-e6b1d5e05377,8,2473,True,13575,13173,151.21450021365308
2474,83a79ea7-b9b8-44f0-a8f7-e6b1d5e05377,8,2474,True,13601,13199,163.84224964615714
2475,83a79ea7-b9b8-44f0-a8f7-e6b1d5e05377,8,2475,True,13626,13224,160.99036598636303
2476,83a79ea7-b9b8-44f0-a8f7-e6b1d5e05377,8,2476,True,13649,13247,171.63300485670152
2477,83a79ea7-b9b8-44f0-a8f7-e6b1d5e05377,8,2477,True,13672,13270,168.1032760372891
2478,83a79ea7-b9b8-44f0-a8f7-e6b1d5e05377,8,2478,True,13697,13295,166.5649522581425
2479,83a79ea7-b9b8-44f0-a8f7-e6b1d5e05377,8,2479,True,13722,13320,141.5649522581425
2480,83a79ea7-b9b8-44f0-a8f7-e6b1d5e05377,8,2480,True,13743,13341,179.31078136588076
2481,83a79ea7-b9b8-44f0-a8f7-e6b1d5e05377,8,2481,True,13771,13369,169.95321528980094
2482,83a79ea7-b9b8-44f0-a8f7-e6b1d5e05377,8,2482,True,13808,13406,156.9512781051326
2483,83a79ea7-b9b8-44f0-a8f7-e6b1d5e05377,8,2483,True,13832,13430,132.9512781051326
2484,83a79ea7-b9b8-44f0-a8f7-e6b1d5e05377,8,2484,True,13856,13454,202.3129728867625
2485,83a79ea7-b9b8-44f0-a8f7-e6b1d5e05377,8,2485,True,13872,13470,135.16488542094703
2486,83a79ea7-b9b8-44f0-a8f7-e6b1d5e05377,8,2486,True,13900,13498,188.72867432673047
2487,83a79ea7-b9b8-44f0-a8f7-e6b1d5e05377,8,2487,True,13921,13519,189.0195716745784
2488,83a79ea7-b9b8-44f0-a8f7-e6b1d5e05377,8,2488,True,13947,13545,205.64472453257076
2489,83a79ea7-b9b8-44f0-a8f7-e6b1d5e05377,8,2489,True,13975,13573,157.6114424716361
2490,83a79ea7-b9b8-44f0-a8f7-e6b1d5e05377,8,2490,True,14001,13599,172.89589618993887
2491,83a79ea7-b9b8-44f0-a8f7-e6b1d5e05377,8,2491,True,14031,13629,142.89589618993887
2492,83a79ea7-b9b8-44f0-a8f7-e6b1d5e05377,8,2492,True,14058,13656,165.32770776667167
2493,83a79ea7-b9b8-44f0-a8f7-e6b1d5e05377,8,2493,True,14091,13689,153.6365958193237
2494,83a79ea7-b9b8-44f0-a8f7-e6b1d5e05377,8,2494,True,14119,13717,202.17788287436633
2495,83a79ea7-b9b8-44f0-a8f7-e6b1d5e05377,8,2495,True,14148,13746,173.17788287436633
2496,83a79ea7-b9b8-44f0-a8f7-e6b1d5e05377,8,2496,True,14164,13762,176.82903056677424
2497,83a79ea7-b9b8-44f0-a8f7-e6b1d5e05377,8,2497,True,14186,13784,174.16328702415558
2498,83a79ea7-b9b8-44f0-a8f7-e6b1d5e05377,8,2498,True,14218,13816,164.82432864815019
2499,83a79ea7-b9b8-44f0-a8f7-e6b1d5e05377,8,2499,True,14239,13837,143.82432864815019
2500,83a79ea7-b9b8-44f0-a8f7-e6b1d5e05377,8,2500,True,14260,13858,145.79549228326505
2501,83a79ea7-b9b8-44f0-a8f7-e6b1d5e05377,8,2501,True,14284,13882,157.8605291799613
2502,83a79ea7-b9b8-44f0-a8f7-e6b1d5e05377,8,2502,True,14308,13906,153.42730912275147
2503,83a79ea7-b9b8-44f0-a8f7-e6b1d5e05377,8,2503,True,14325,13923,284.59640859432875
2504,83a79ea7-b9b8-44f0-a8f7-e6b1d5e05377,8,2504,True,14353,13951,237.9347725843636
2505,83a79ea7-b9b8-44f0-a8f7-e6b1d5e05377,8,2505,True,14382,13980,274.5250009375104
2506,83a79ea7-b9b8-44f0-a8f7-e6b1d5e05377,8,2506,True,14404,14002,230.0567273569759
2507,83a79ea7-b9b8-44f0-a8f7-e6b1d5e05377,8,2507,True,14433,14031,244.91103864507386
2508,83a79ea7-b9b8-44f0-a8f7-e6b1d5e05377,8,2508,True,14466,14064,230.54224286684803
2509,83a79ea7-b9b8-44f0-a8f7-e6b1d5e05377,8,2509,True,14487,14085,244.41063268125254
2510,83a79ea7-b9b8-44f0-a8f7-e6b1d5e05377,8,2510,True,14518,14116,304.7888911146183
2511,83a79ea7-b9b8-44f0-a8f7-e6b1d5e05377,8,2511,True,14549,14147,246.6839878302162
2512,83a79ea7-b9b8-44f0-a8f7-e6b1d5e05377,8,2512,True,14572,14170,223.6839878302162
2513,83a79ea7-b9b8-44f0-a8f7-e6b1d5e05377,8,2513,True,14603,14201,240.6067284955716
2514,83a79ea7-b9b8-44f0-a8f7-e6b1d5e05377,8,2514,True,14640,14238,258.4698082811901
2515,83a79ea7-b9b8-44f0-a8f7-e6b1d5e05377,8,2515,True,14664,14262,198.41407329794856
2516,83a79ea7-b9b8-44f0-a8f7-e6b1d5e05377,8,2516,True,14690,14288,153.6067284955716
2517,83a79ea7-b9b8-44f0-a8f7-e6b1d5e05377,8,2517,True,14718,14316,198.44638331205715
2518,83a79ea7-b9b8-44f0-a8f7-e6b1d5e05377,8,2518,True,14744,14342,196.604781910386
2519,83a79ea7-b9b8-44f0-a8f7-e6b1d5e05377,8,2519,True,14776,14374,258.3148087823829
2520,83a79ea7-b9b8-44f0-a8f7-e6b1d5e05377,8,2520,True,14797,14395,187.71395362007934
2521,83a79ea7-b9b8-44f0-a8f7-e6b1d5e05377,8,2521,True,14823,14421,179.89275449821616
2522,83a79ea7-b9b8-44f0-a8f7-e6b1d5e05377,8,2522,True,14856,14454,253.1389099887365
2523,83a79ea7-b9b8-44f0-a8f7-e6b1d5e05377,8,2523,True,14878,14476,181.8367678810264
2524,83a79ea7-b9b8-44f0-a8f7-e6b1d5e05377,8,2524,True,14898,14496,185.35190462566788
2525,83a79ea7-b9b8-44f0-a8f7-e6b1d5e05377,8,2525,True,14930,14528,202.82657959686367
2526,83a79ea7-b9b8-44f0-a8f7-e6b1d5e05377,8,2526,True,14959,14557,173.82657959686367
2527,83a79ea7-b9b8-44f0-a8f7-e6b1d5e05377,8,2527,True,14988,14586,169.98799218251224
2528,83a79ea7-b9b8-44f0-a8f7-e6b1d5e05377,8,2528,True,15014,14612,170.09558449681572
2529,83a79ea7-b9b8-44f0-a8f7-e6b1d5e05377,8,2529,True,15044,14642,209.4361289804001
2530,83a79ea7-b9b8-44f0-a8f7-e6b1d5e05377,8,2530,True,15081,14679,194.24922653359135
2531,83a79ea7-b9b8-44f0-a8f7-e6b1d5e05377,8,2531,True,15109,14707,226.1763561913158
2532,83a79ea7-b9b8-44f0-a8f7-e6b1d5e05377,8,2532,True,15141,14739,163.62707511110239
2533,83a79ea7-b9b8-44f0-a8f7-e6b1d5e05377,8,2533,True,15163,14761,231.76891987607087
2534,83a79ea7-b9b8-44f0-a8f7-e6b1d5e05377,8,2534,True,15194,14792,177.37309544554955
2535,83a79ea7-b9b8-44f0-a8f7-e6b1d5e05377,8,2535,True,15221,14819,207.33014186814216
2536,83a79ea7-b9b8-44f0-a8f7-e6b1d5e05377,8,2536,True,15246,14844,205.2619436229743
2537,83a79ea7-b9b8-44f0-a8f7-e6b1d5e05377,8,2537,True,15272,14870,179.2619436229743
2538,83a79ea7-b9b8-44f0-a8f7-e6b1d5e05377,8,2538,True,15302,14900,216.87655551448552
2539,83a79ea7-b9b8-44f0-a8f7-e6b1d5e05377,8,2539,True,15336,14934,157.32045155674496
2540,83a79ea7-b9b8-44f0-a8f7-e6b1d5e05377,8,2540,True,15370,14968,168.75753417648957
2541,83a79ea7-b9b8-44f0-a8f7-e6b1d5e05377,8,2541,True,15395,14993,164.1239451027741
2542,83a79ea7-b9b8-44f0-a8f7-e6b1d5e05377,8,2542,True,15420,15018,161.0471385341698
2543,83a79ea7-b9b8-44f0-a8f7-e6b1d5e05377,8,2543,True,15438,15036,169.69703958119499
2544,83a79ea7-b9b8-44f0-a8f7-e6b1d5e05377,8,2544,True,15467,15065,156.29239209777916
2545,83a79ea7-b9b8-44f0-a8f7-e6b1d5e05377,8,2545,True,15491,15089,166.42773365475477
2546,83a79ea7-b9b8-44f0-a8f7-e6b1d5e05377,8,2546,True,15525,15123,153.90375944155312
2547,83a79ea7-b9b8-44f0-a8f7-e6b1d5e05377,8,2547,True,15558,15156,143.694148727629
2548,83a79ea7-b9b8-44f0-a8f7-e6b1d5e05377,8,2548,True,15590,15188,163.3041894174603
2549,83a79ea7-b9b8-44f0-a8f7-e6b1d5e05377,8,2549,True,15613,15211,164.72725222879671
2550,83a79ea7-b9b8-44f0-a8f7-e6b1d5e05377,8,2550,True,15648,15246,153.98003637531292
2551,83a79ea7-b9b8-44f0-a8f7-e6b1d5e05377,8,2551,True,15669,15267,176.06647798735503
2552,83a79ea7-b9b8-44f0-a8f7-e6b1d5e05377,8,2552,True,15709,15307,157.65151677301583
2553,83a79ea7-b9b8-44f0-a8f7-e6b1d5e05377,8,2553,True,15734,15332,171.28981474734974
2554,83a79ea7-b9b8-44f0-a8f7-e6b1d5e05377,8,2554,True,15765,15363,162.91174312090334
2555,83a79ea7-b9b8-44f0-a8f7-e6b1d5e05377,8,2555,True,15798,15396,158.93331155399574
2556,83a79ea7-b9b8-44f0-a8f7-e6b1d5e05377,8,2556,True,15825,15423,152.8345379130169
2557,83a79ea7-b9b8-44f0-a8f7-e6b1d5e05377,8,2557,True,15851,15449,172.3380532828778
2558,83a79ea7-b9b8-44f0-a8f7-e6b1d5e05377,8,2558,True,15877,15475,172.61244525962684
2559,83a79ea7-b9b8-44f0-a8f7-e6b1d5e05377,8,2559,True,15905,15503,144.61244525962684
2560,83a79ea7-b9b8-44f0-a8f7-e6b1d5e05377,8,2560,True,15931,15529,153.67990737525542
2561,83a79ea7-b9b8-44f0-a8f7-e6b1d5e05377,8,2561,True,15961,15559,142.77381231914842
2562,83a79ea7-b9b8-44f0-a8f7-e6b1d5e05377,8,2562,True,15992,15590,201.4230910604274
2563,83a79ea7-b9b8-44f0-a8f7-e6b1d5e05377,8,2563,True,16022,15620,221.86436940715794
2564,83a79ea7-b9b8-44f0-a8f7-e6b1d5e05377,8,2564,True,16052,15650,165.57613140639296
2565,83a79ea7-b9b8-44f0-a8f7-e6b1d5e05377,8,2565,True,16080,15678,212.4790454196609
2566,83a79ea7-b9b8-44f0-a8f7-e6b1d5e05377,8,2566,True,16099,15697,172.01557483866054
2567,83a79ea7-b9b8-44f0-a8f7-e6b1d5e05377,8,2567,True,16139,15737,208.63634410058694
2568,83a79ea7-b9b8-44f0-a8f7-e6b1d5e05377,8,2568,True,16166,15764,151.87045298138582
2569,83a79ea7-b9b8-44f0-a8f7-e6b1d5e05377,8,2569,True,16194,15792,200.71824179253963
2570,83a79ea7-b9b8-44f0-a8f7-e6b1d5e05377,8,2570,True,16217,15815,198.75021274579922
2571,83a79ea7-b9b8-44f0-a8f7-e6b1d5e05377,8,2571,True,16239,15837,176.75021274579922
2572,83a79ea7-b9b8-44f0-a8f7-e6b1d5e05377,8,2572,True,16266,15864,189.88863523657892
2573,83a79ea7-b9b8-44f0-a8f7-e6b1d5e05377,8,2573,True,16290,15888,189.745758427689
2574,83a79ea7-b9b8-44f0-a8f7-e6b1d5e05377,8,2574,True,16320,15918,159.745758427689
2575,83a79ea7-b9b8-44f0-a8f7-e6b1d5e05377,8,2575,True,16346,15944,152.78220661596242
2576,83a79ea7-b9b8-44f0-a8f7-e6b1d5e05377,8,2576,True,16375,15973,141.08517570733238
2577,83a79ea7-b9b8-44f0-a8f7-e6b1d5e05377,8,2577,True,16403,16001,154.71569251456458
2578,83a79ea7-b9b8-44f0-a8f7-e6b1d5e05377,8,2578,True,16442,16040,220.14950197463986
2579,83a79ea7-b9b8-44f0-a8f7-e6b1d5e05377,8,2579,True,16460,16058,151.9354967543768
2580,83a79ea7-b9b8-44f0-a8f7-e6b1d5e05377,8,2580,True,16483,16081,148.32278117673013
2581,83a79ea7-b9b8-44f0-a8f7-e6b1d5e05377,8,2581,True,16510,16108,172.4769693104936
2582,83a79ea7-b9b8-44f0-a8f7-e6b1d5e05377,8,2582,True,16535,16133,169.2325938189024
2583,83a79ea7-b9b8-44f0-a8f7-e6b1d5e05377,8,2583,True,16563,16161,161.49714714533548
2584,83a79ea7-b9b8-44f0-a8f7-e6b1d5e05377,8,2584,True,16593,16191,154.29084765500193
2585,83a79ea7-b9b8-44f0-a8f7-e6b1d5e05377,8,2585,True,16616,16214,152.37591170001178
2586,83a79ea7-b9b8-44f0-a8f7-e6b1d5e05377,8,2586,True,16645,16243,188.37114447150816
2587,83a79ea7-b9b8-44f0-a8f7-e6b1d5e05377,8,2587,True,16672,16270,182.3453494006826
2588,83a79ea7-b9b8-44f0-a8f7-e6b1d5e05377,8,2588,True,16701,16299,181.301067100183
2589,83a79ea7-b9b8-44f0-a8f7-e6b1d5e05377,8,2589,True,16725,16323,198.2775107976704
2590,83a79ea7-b9b8-44f0-a8f7-e6b1d5e05377,8,2590,True,16744,16342,160.58649213054014
2591,83a79ea7-b9b8-44f0-a8f7-e6b1d5e05377,8,2591,True,16776,16374,195.81727033843708
2592,83a79ea7-b9b8-44f0-a8f7-e6b1d5e05377,8,2592,True,16804,16402,150.16869934468195
2593,83a79ea7-b9b8-44f0-a8f7-e6b1d5e05377,8,2593,True,16831,16429,171.56213395994928
2594,83a79ea7-b9b8-44f0-a8f7-e6b1d5e05377,8,2594,True,16854,16452,172.0087267695635
2595,83a79ea7-b9b8-44f0-a8f7-e6b1d5e05377,8,2595,True,16879,16477,165.77580259105162
2596,83a79ea7-b9b8-44f0-a8f7-e6b1d5e05377,8,2596,True,16907,16505,181.5090122057154
2597,83a79ea7-b9b8-44f0-a8f7-e6b1d5e05377,8,2597,True,16923,16521,183.08829771866294
2598,83a79ea7-b9b8-44f0-a8f7-e6b1d5e05377,8,2598,True,16957,16555,186.18124372582315
2599,83a79ea7-b9b8-44f0-a8f7-e6b1d5e05377,8,2599,True,16980,16578,182.47562361823657
2600,83a79ea7-b9b8-44f0-a8f7-e6b1d5e05377,8,2600,True,17006,16604,179.39378856042822
2601,83a79ea7-b9b8-44f0-a8f7-e6b1d5e05377,8,2601,True,17038,16636,163.99130955739747
2602,83a79ea7-b9b8-44f0-a8f7-e6b1d5e05377,8,2602,True,17055,16653,165.73238161601694
2603,83a79ea7-b9b8-44f0-a8f7-e6b1d5e05377,8,2603,True,17082,16680,173.09115220263993
2604,83a79ea7-b9b8-44f0-a8f7-e6b1d5e05377,8,2604,True,17121,16719,157.54749586473554
2605,83a79ea7-b9b8-44f0-a8f7-e6b1d5e05377,8,2605,True,17145,16743,157.85882540058446
2606,83a79ea7-b9b8-44f0-a8f7-e6b1d5e05377,8,2606,True,17180,16778,168.13750493510088
2607,83a79ea7-b9b8-44f0-a8f7-e6b1d5e05377,8,2607,True,17212,16810,136.13750493510088
2608,83a79ea7-b9b8-44f0-a8f7-e6b1d5e05377,8,2608,True,17241,16839,135.7251057991889
2609,83a79ea7-b9b8-44f0-a8f7-e6b1d5e05377,8,2609,True,17262,16860,184.117360105025
2610,83a79ea7-b9b8-44f0-a8f7-e6b1d5e05377,8,2610,True,17286,16884,139.78732112079888
2611,83a79ea7-b9b8-44f0-a8f7-e6b1d5e05377,8,2611,True,17317,16915,162.45241205341154
2612,83a79ea7-b9b8-44f0-a8f7-e6b1d5e05377,8,2612,True,17346,16944,153.17942722011503
2613,83a79ea7-b9b8-44f0-a8f7-e6b1d5e05377,8,2613,True,17363,16961,157.1002062444968
2614,83a79ea7-b9b8-44f0-a8f7-e6b1d5e05377,8,2614,True,17390,16988,154.33366324715462
2615,83a79ea7-b9b8-44f0-a8f7-e6b1d5e05377,8,2615,True,17426,17024,149.4642888321141
2616,83a79ea7-b9b8-44f0-a8f7-e6b1d5e05377,8,2616,True,17456,17054,142.15182296927378
2617,83a79ea7-b9b8-44f0-a8f7-e6b1d5e05377,8,2617,True,17471,17069,160.20665555479354
2618,83a79ea7-b9b8-44f0-a8f7-e6b1d5e05377,8,2618,True,17495,17093,204.24105195873562
2619,83a79ea7-b9b8-44f0-a8f7-e6b1d5e05377,8,2619,True,17534,17132,188.09937057095522
2620,83a79ea7-b9b8-44f0-a8f7-e6b1d5e05377,8,2620,True,17567,17165,155.09937057095522
2621,83a79ea7-b9b8-44f0-a8f7-e6b1d5e05377,8,2621,True,17595,17193,177.35925127265727
2622,83a79ea7-b9b8-44f0-a8f7-e6b1d5e05377,8,2622,True,17633,17231,160.54210125304962
2623,83a79ea7-b9b8-44f0-a8f7-e6b1d5e05377,8,2623,True,17663,17261,157.6229325761269
2624,83a79ea7-b9b8-44f0-a8f7-e6b1d5e05377,8,2624,True,17691,17289,148.08022739726584
2625,83a79ea7-b9b8-44f0-a8f7-e6b1d5e05377,8,2625,True,17719,17317,183.21293885398336
2626,83a79ea7-b9b8-44f0-a8f7-e6b1d5e05377,8,2626,True,17748,17346,126.79703931402764
2627,83a79ea7-b9b8-44f0-a8f7-e6b1d5e05377,8,2627,True,17778,17376,154.62705173407085
2628,83a79ea7-b9b8-44f0-a8f7-e6b1d5e05377,8,2628,True,17800,17398,152.50810011519206
2629,83a79ea7-b9b8-44f0-a8f7-e6b1d5e05377,8,2629,True,17840,17438,166.05468026968083
2630,83a79ea7-b9b8-44f0-a8f7-e6b1d5e05377,8,2630,True,17867,17465,166.65059644307257
2631,83a79ea7-b9b8-44f0-a8f7-e6b1d5e05377,8,2631,True,17896,17494,204.31159704385936
2632,83a79ea7-b9b8-44f0-a8f7-e6b1d5e05377,8,2632,True,17922,17520,127.36628085556003
2633,83a79ea7-b9b8-44f0-a8f7-e6b1d5e05377,8,2633,True,17964,17562,157.37053723423378
2634,83a79ea7-b9b8-44f0-a8f7-e6b1d5e05377,8,2634,True,17990,17588,149.2856613002732
2635,83a79ea7-b9b8-44f0-a8f7-e6b1d5e05377,8,2635,True,18013,17611,142.7061877155793
2636,83a79ea7-b9b8-44f0-a8f7-e6b1d5e05377,8,2636,True,18036,17634,154.88273467007093
2637,83a79ea7-b9b8-44f0-a8f7-e6b1d5e05377,8,2637,True,18063,17661,147.71592442972542
2638,83a79ea7-b9b8-44f0-a8f7-e6b1d5e05377,8,2638,True,18082,17680,172.27026575825948
2639,83a79ea7-b9b8-44f0-a8f7-e6b1d5e05377,8,2639,True,18116,17714,159.06569875503556
2640,83a79ea7-b9b8-44f0-a8f7-e6b1d5e05377,8,2640,True,18144,17742,165.88788015783211
2641,83a79ea7-b9b8-44f0-a8f7-e6b1d5e05377,8,2641,True,18178,17776,149.0780249889649
2642,83a79ea7-b9b8-44f0-a8f7-e6b1d5e05377,8,2642,True,18201,17799,176.69619455282736
2643,83a79ea7-b9b8-44f0-a8f7-e6b1d5e05377,8,2643,True,18234,17832,163.9400518776347
2644,83a79ea7-b9b8-44f0-a8f7-e6b1d5e05377,8,2644,True,18260,17858,182.28848373169967
2645,83a79ea7-b9b8-44f0-a8f7-e6b1d5e05377,8,2645,True,18289,17887,175.38477942786994
2646,83a79ea7-b9b8-44f0-a8f7-e6b1d5e05377,8,2646,True,18326,17924,190.2010268865306
2647,83a79ea7-b9b8-44f0-a8f7-e6b1d5e05377,8,2647,True,18344,17942,192.49729819121785
2648,83a79ea7-b9b8-44f0-a8f7-e6b1d5e05377,8,2648,True,18374,17972,203.82448888183717
2649,83a79ea7-b9b8-44f0-a8f7-e6b1d5e05377,8,2649,True,18401,17999,153.29645506424276
2650,83a79ea7-b9b8-44f0-a8f7-e6b1d5e05377,8,2650,True,18423,18021,196.78628175441554
2651,83a79ea7-b9b8-44f0-a8f7-e6b1d5e05377,8,2651,True,18466,18064,174.86124985686183
2652,83a79ea7-b9b8-44f0-a8f7-e6b1d5e05377,8,2652,True,18494,18092,200.84642143657766
2653,83a79ea7-b9b8-44f0-a8f7-e6b1d5e05377,8,2653,True,18523,18121,197.41393517686083
2654,83a79ea7-b9b8-44f0-a8f7-e6b1d5e05377,8,2654,True,18544,18142,176.41393517686083
2655,83a79ea7-b9b8-44f0-a8f7-e6b1d5e05377,8,2655,True,18569,18167,172.85919980817198
2656,83a79ea7-b9b8-44f0-a8f7-e6b1d5e05377,8,2656,True,18598,18196,166.9442740659906
2657,83a79ea7-b9b8-44f0-a8f7-e6b1d5e05377,8,2657,True,18630,18228,151.8481768868951
2658,83a79ea7-b9b8-44f0-a8f7-e6b1d5e05377,8,2658,True,18656,18254,168.7267221510083
2659,83a79ea7-b9b8-44f0-a8f7-e6b1d5e05377,8,2659,True,18679,18277,172.85986879210395
2660,83a79ea7-b9b8-44f0-a8f7-e6b1d5e05377,8,2660,True,18701,18299,168.10378438040425
2661,83a79ea7-b9b8-44f0-a8f7-e6b1d5e05377,8,2661,True,18722,18320,206.1921393691191
2662,83a79ea7-b9b8-44f0-a8f7-e6b1d5e05377,8,2662,True,18753,18351,153.79057875423678
2663,83a79ea7-b9b8-44f0-a8f7-e6b1d5e05377,8,2663,True,18779,18377,173.38769396628777
2664,83a79ea7-b9b8-44f0-a8f7-e6b1d5e05377,8,2664,True,18808,18406,165.0065401216816
2665,83a79ea7-b9b8-44f0-a8f7-e6b1d5e05377,8,2665,True,18827,18425,176.1458691665175
2666,83a79ea7-b9b8-44f0-a8f7-e6b1d5e05377,8,2666,True,18864,18462,161.5849791099099
2667,83a79ea7-b9b8-44f0-a8f7-e6b1d5e05377,8,2667,True,18890,18488,169.44501496502926
2668,83a79ea7-b9b8-44f0-a8f7-e6b1d5e05377,8,2668,True,18922,18520,156.82225296068282
2669,83a79ea7-b9b8-44f0-a8f7-e6b1d5e05377,8,2669,True,18952,18550,181.66364891163903
2670,83a79ea7-b9b8-44f0-a8f7-e6b1d5e05377,8,2670,True,18979,18577,175.33990223012734
2671,83a79ea7-b9b8-44f0-a8f7-e6b1d5e05377,8,2671,True,19001,18599,182.33522332882785
2672,83a79ea7-b9b8-44f0-a8f7-e6b1d5e05377,8,2672,True,19028,18626,176.5725126338184
2673,83a79ea7-b9b8-44f0-a8f7-e6b1d5e05377,8,2673,True,19054,18652,182.13874416371982
2674,83a79ea7-b9b8-44f0-a8f7-e6b1d5e05377,8,2674,True,19086,18684,171.0037819777208
2675,83a79ea7-b9b8-44f0-a8f7-e6b1d5e05377,8,2675,True,19106,18704,186.89906105526825
2676,83a79ea7-b9b8-44f0-a8f7-e6b1d5e05377,8,2676,True,19143,18741,177.1572562658439
2677,83a79ea7-b9b8-44f0-a8f7-e6b1d5e05377,8,2677,True,19171,18769,200.00922693729444
2678,83a79ea7-b9b8-44f0-a8f7-e6b1d5e05377,8,2678,True,19197,18795,150.4661386252883
2679,83a79ea7-b9b8-44f0-a8f7-e6b1d5e05377,8,2679,True,19225,18823,173.64284947746637
2680,83a79ea7-b9b8-44f0-a8f7-e6b1d5e05377,8,2680,True,19246,18844,170.84636111609143
2681,83a79ea7-b9b8-44f0-a8f7-e6b1d5e05377,8,2681,True,19284,18882,159.7276774006641
2682,83a79ea7-b9b8-44f0-a8f7-e6b1d5e05377,8,2682,True,19308,18906,152.90651533415075
2683,83a79ea7-b9b8-44f0-a8f7-e6b1d5e05377,8,2683,True,19328,18926,205.98885009149672
2684,83a79ea7-b9b8-44f0-a8f7-e6b1d5e05377,8,2684,True,19351,18949,160.85273519017937
2685,83a79ea7-b9b8-44f0-a8f7-e6b1d5e05377,8,2685,True,19379,18977,176.76674931648813
2686,83a79ea7-b9b8-44f0-a8f7-e6b1d5e05377,8,2686,True,19399,18997,288.1475754436942
2687,83a79ea7-b9b8-44f0-a8f7-e6b1d5e05377,8,2687,True,19426,19024,261.1475754436942
2688,83a79ea7-b9b8-44f0-a8f7-e6b1d5e05377,8,2688,True,19459,19057,249.4263686487575
2689,83a79ea7-b9b8-44f0-a8f7-e6b1d5e05377,8,2689,True,19492,19090,290.87699893760873
2690,83a79ea7-b9b8-44f0-a8f7-e6b1d5e05377,8,2690,True,19521,19119,286.2874052143452
2691,83a79ea7-b9b8-44f0-a8f7-e6b1d5e05377,8,2691,True,19547,19145,260.2874052143452
2692,83a79ea7-b9b8-44f0-a8f7-e6b1d5e05377,8,2692,True,19577,19175,205.87699893760873
2693,83a79ea7-b9b8-44f0-a8f7-e6b1d5e05377,8,2693,True,19607,19205,241.92940519951662
2694,83a79ea7-b9b8-44f0-a8f7-e6b1d5e05377,8,2694,True,19643,19241,228.30051870130774
2695,83a79ea7-b9b8-44f0-a8f7-e6b1d5e05377,8,2695,True,19662,19260,209.30051870130774
2696,83a79ea7-b9b8-44f0-a8f7-e6b1d5e05377,8,2696,True,19694,19292,211.21414992152495
2697,83a79ea7-b9b8-44f0-a8f7-e6b1d5e05377,8,2697,True,19722,19320,251.79150314028084
2698,83a79ea7-b9b8-44f0-a8f7-e6b1d5e05377,8,2698,True,19746,19344,204.70547586195244
2699,83a79ea7-b9b8-44f0-a8f7-e6b1d5e05377,8,2699,True,19771,19369,179.70547586195244
2700,83a79ea7-b9b8-44f0-a8f7-e6b1d5e05377,8,2700,True,19794,19392,234.57478314341643
2701,83a79ea7-b9b8-44f0-a8f7-e6b1d5e05377,8,2701,True,19818,19416,185.7572802590621
2702,83a79ea7-b9b8-44f0-a8f7-e6b1d5e05377,8,2702,True,19839,19437,216.59580550183455
2703,83a79ea7-b9b8-44f0-a8f7-e6b1d5e05377,8,2703,True,19868,19466,226.66419061834313
2704,83a79ea7-b9b8-44f0-a8f7-e6b1d5e05377,8,2704,True,19893,19491,181.47405539259125
2705,83a79ea7-b9b8-44f0-a8f7-e6b1d5e05377,8,2705,True,19918,19516,209.07487166191277
2706,83a79ea7-b9b8-44f0-a8f7-e6b1d5e05377,8,2706,True,19939,19537,211.17438531568405
2707,83a79ea7-b9b8-44f0-a8f7-e6b1d5e05377,8,2707,True,19964,19562,186.17438531568405
2708,83a79ea7-b9b8-44f0-a8f7-e6b1d5e05377,8,2708,True,19987,19585,182.074320583215
2709,83a79ea7-b9b8-44f0-a8f7-e6b1d5e05377,8,2709,True,20008,19606,184.58446307377744
2710,83a79ea7-b9b8-44f0-a8f7-e6b1d5e05377,8,2710,True,20038,19636,174.56843023763577
2711,83a79ea7-b9b8-44f0-a8f7-e6b1d5e05377,8,2711,True,20067,19665,166.1858328483686
2712,83a79ea7-b9b8-44f0-a8f7-e6b1d5e05377,8,2712,True,20097,19695,185.37349246189115
2713,83a79ea7-b9b8-44f0-a8f7-e6b1d5e05377,8,2713,True,20131,19729,176.88188955018632
2714,83a79ea7-b9b8-44f0-a8f7-e6b1d5e05377,8,2714,True,20162,19760,226.1391239031327
2715,83a79ea7-b9b8-44f0-a8f7-e6b1d5e05377,8,2715,True,20188,19786,220.1533989544114
2716,83a79ea7-b9b8-44f0-a8f7-e6b1d5e05377,8,2716,True,20216,19814,250.407165120625
2717,83a79ea7-b9b8-44f0-a8f7-e6b1d5e05377,8,2717,True,20249,19847,195.34028427849262
2718,83a79ea7-b9b8-44f0-a8f7-e6b1d5e05377,8,2718,True,20280,19878,209.95381418510806
2719,83a79ea7-b9b8-44f0-a8f7-e6b1d5e05377,8,2719,True,20309,19907,180.95381418510806
2720,83a79ea7-b9b8-44f0-a8f7-e6b1d5e05377,8,2720,True,20339,19937,200.6749412647332
2721,83a79ea7-b9b8-44f0-a8f7-e6b1d5e05377,8,2721,True,20372,19970,191.23866388581882
2722,83a79ea7-b9b8-44f0-a8f7-e6b1d5e05377,8,2722,True,20401,19999,177.3059291387326
2723,83a79ea7-b9b8-44f0-a8f7-e6b1d5e05377,8,2723,True,20427,20025,175.40444012625085
2724,83a79ea7-b9b8-44f0-a8f7-e6b1d5e05377,8,2724,True,20454,20052,165.58436621523288
2725,83a79ea7-b9b8-44f0-a8f7-e6b1d5e05377,8,2725,True,20491,20089,181.99539069956154
2726,83a79ea7-b9b8-44f0-a8f7-e6b1d5e05377,8,2726,True,20521,20119,176.88407648913562
2727,83a79ea7-b9b8-44f0-a8f7-e6b1d5e05377,8,2727,True,20541,20139,156.88407648913562
2728,83a79ea7-b9b8-44f0-a8f7-e6b1d5e05377,8,2728,True,20572,20170,165.72027487469677
2729,83a79ea7-b9b8-44f0-a8f7-e6b1d5e05377,8,2729,True,20606,20204,188.44708007236477
2730,83a79ea7-b9b8-44f0-a8f7-e6b1d5e05377,8,2730,True,20625,20223,138.42075703969385
2731,83a79ea7-b9b8-44f0-a8f7-e6b1d5e05377,8,2731,True,20648,20246,166.1106944274543
2732,83a79ea7-b9b8-44f0-a8f7-e6b1d5e05377,8,2732,True,20680,20278,154.59943073040267
2733,83a79ea7-b9b8-44f0-a8f7-e6b1d5e05377,8,2733,True,20714,20312,181.0064686934711
2734,83a79ea7-b9b8-44f0-a8f7-e6b1d5e05377,8,2734,True,20743,20341,169.64351357282794
2735,83a79ea7-b9b8-44f0-a8f7-e6b1d5e05377,8,2735,True,20768,20366,199.36461412644712
2736,83a79ea7-b9b8-44f0-a8f7-e6b1d5e05377,8,2736,True,20795,20393,153.66471911792178
2737,83a79ea7-b9b8-44f0-a8f7-e6b1d5e05377,8,2737,True,20833,20431,169.66170796855658
2738,83a79ea7-b9b8-44f0-a8f7-e6b1d5e05377,8,2738,True,20855,20453,168.2190575378736
2739,83a79ea7-b9b8-44f0-a8f7-e6b1d5e05377,8,2739,True,20894,20492,196.59007883770028
2740,83a79ea7-b9b8-44f0-a8f7-e6b1d5e05377,8,2740,True,20916,20514,204.03885381582222
2741,83a79ea7-b9b8-44f0-a8f7-e6b1d5e05377,8,2741,True,20945,20543,197.85664245316366
2742,83a79ea7-b9b8-44f0-a8f7-e6b1d5e05377,8,2742,True,20976,20574,202.60416998277287
2743,83a79ea7-b9b8-44f0-a8f7-e6b1d5e05377,8,2743,True,21000,20598,232.91481204081356
2744,83a79ea7-b9b8-44f0-a8f7-e6b1d5e05377,8,2744,True,21025,20623,187.16579614968214
2745,83a79ea7-b9b8-44f0-a8f7-e6b1d5e05377,8,2745,True,21059,20657,229.38709926556476
2746,83a79ea7-b9b8-44f0-a8f7-e6b1d5e05377,8,2746,True,21083,20681,185.07981327795278
2747,83a79ea7-b9b8-44f0-a8f7-e6b1d5e05377,8,2747,True,21105,20703,222.16357198826518
2748,83a79ea7-b9b8-44f0-a8f7-e6b1d5e05377,8,2748,True,21140,20738,167.79498518759283
2749,83a79ea7-b9b8-44f0-a8f7-e6b1d5e05377,8,2749,True,21170,20768,176.21624388869168
2750,83a79ea7-b9b8-44f0-a8f7-e6b1d5e05377,8,2750,True,21197,20795,167.24356900692146
2751,83a79ea7-b9b8-44f0-a8f7-e6b1d5e05377,8,2751,True,21229,20827,174.38068232015212
2752,83a79ea7-b9b8-44f0-a8f7-e6b1d5e05377,8,2752,True,21254,20852,165.17204144327843
2753,83a79ea7-b9b8-44f0-a8f7-e6b1d5e05377,8,2753,True,21282,20880,160.6083983248318
2754,83a79ea7-b9b8-44f0-a8f7-e6b1d5e05377,8,2754,True,21313,20911,152.1859054261222
2755,83a79ea7-b9b8-44f0-a8f7-e6b1d5e05377,8,2755,True,21351,20949,142.69574068105067
2756,83a79ea7-b9b8-44f0-a8f7-e6b1d5e05377,8,2756,True,21385,20983,126.24199073129057
2757,83a79ea7-b9b8-44f0-a8f7-e6b1d5e05377,8,2757,True,21418,21016,186.3653792726509
2758,83a79ea7-b9b8-44f0-a8f7-e6b1d5e05377,8,2758,True,21444,21042,132.48436711095565
2759,83a79ea7-b9b8-44f0-a8f7-e6b1d5e05377,8,2759,True,21471,21069,154.52396940476683
2760,83a79ea7-b9b8-44f0-a8f7-e6b1d5e05377,8,2760,True,21512,21110,131.40705111269926
2761,83a79ea7-b9b8-44f0-a8f7-e6b1d5e05377,8,2761,True,21532,21130,196.1683920168034
2762,83a79ea7-b9b8-44f0-a8f7-e6b1d5e05377,8,2762,True,21549,21147,128.9897631614076
2763,83a79ea7-b9b8-44f0-a8f7-e6b1d5e05377,8,2763,True,21572,21170,177.7909514063067
2764,83a79ea7-b9b8-44f0-a8f7-e6b1d5e05377,8,2764,True,21599,21197,173.50924310906703
2765,83a79ea7-b9b8-44f0-a8f7-e6b1d5e05377,8,2765,True,21631,21229,160.6414281092475
2766,83a79ea7-b9b8-44f0-a8f7-e6b1d5e05377,8,2766,True,21656,21254,158.59885250413936
2767,83a79ea7-b9b8-44f0-a8f7-e6b1d5e05377,8,2767,True,21688,21286,171.02256189404216
2768,83a79ea7-b9b8-44f0-a8f7-e6b1d5e05377,8,2768,True,21715,21313,160.8853808850581
2769,83a79ea7-b9b8-44f0-a8f7-e6b1d5e05377,8,2769,True,21749,21347,142.6916438049957
2770,83a79ea7-b9b8-44f0-a8f7-e6b1d5e05377,8,2770,True,21776,21374,135.40140714960216
2771,83a79ea7-b9b8-44f0-a8f7-e6b1d5e05377,8,2771,True,21799,21397,136.98082656785846
2772,83a79ea7-b9b8-44f0-a8f7-e6b1d5e05377,8,2772,True,21821,21419,146.60179581160264
2773,83a79ea7-b9b8-44f0-a8f7-e6b1d5e05377,8,2773,True,21852,21450,138.53920027591084
2774,83a79ea7-b9b8-44f0-a8f7-e6b1d5e05377,8,2774,True,21890,21488,120.1264787961045
2775,83a79ea7-b9b8-44f0-a8f7-e6b1d5e05377,8,2775,True,21918,21516,156.855966465675
2776,83a79ea7-b9b8-44f0-a8f7-e6b1d5e05377,8,2776,True,21954,21552,176.83412374602995
2777,83a79ea7-b9b8-44f0-a8f7-e6b1d5e05377,8,2777,True,21980,21578,125.44239074680081
2778,83a79ea7-b9b8-44f0-a8f7-e6b1d5e05377,8,2778,True,22016,21614,226.70988930158637
2779,83a79ea7-b9b8-44f0-a8f7-e6b1d5e05377,8,2779,True,22036,21634,181.5786898310689
2780,83a79ea7-b9b8-44f0-a8f7-e6b1d5e05377,8,2780,True,22072,21670,216.11027569847647
2781,83a79ea7-b9b8-44f0-a8f7-e6b1d5e05377,8,2781,True,22098,21696,162.7459144919958
2782,83a79ea7-b9b8-44f0-a8f7-e6b1d5e05377,8,2782,True,22127,21725,210.23420544171677
2783,83a79ea7-b9b8-44f0-a8f7-e6b1d5e05377,8,2783,True,22163,21761,205.9143301808581
2784,83a79ea7-b9b8-44f0-a8f7-e6b1d5e05377,8,2784,True,22193,21791,193.75248896625635
2785,83a79ea7-b9b8-44f0-a8f7-e6b1d5e05377,8,2785,True,22229,21827,179.770925173234
2786,83a79ea7-b9b8-44f0-a8f7-e6b1d5e05377,8,2786,True,22270,21868,172.8400578069086
2787,83a79ea7-b9b8-44f0-a8f7-e6b1d5e05377,8,2787,True,22298,21896,180.53207653352365
2788,83a79ea7-b9b8-44f0-a8f7-e6b1d5e05377,8,2788,True,22324,21922,176.93184058757834
2789,83a79ea7-b9b8-44f0-a8f7-e6b1d5e05377,8,2789,True,22352,21950,148.93184058757834
2790,83a79ea7-b9b8-44f0-a8f7-e6b1d5e05377,8,2790,True,22382,21980,159.67541252894443
2791,83a79ea7-b9b8-44f0-a8f7-e6b1d5e05377,8,2791,True,22416,22014,152.94007874754243
2792,83a79ea7-b9b8-44f0-a8f7-e6b1d5e05377,8,2792,True,22438,22036,184.5370315250475
2793,83a79ea7-b9b8-44f0-a8f7-e6b1d5e05377,8,2793,True,22470,22068,205.58460466595352
2794,83a79ea7-b9b8-44f0-a8f7-e6b1d5e05377,8,2794,True,22502,22100,250.87031884702446
2795,83a79ea7-b9b8-44f0-a8f7-e6b1d5e05377,8,2795,True,22527,22125,169.81637476233664
2796,83a79ea7-b9b8-44f0-a8f7-e6b1d5e05377,8,2796,True,22550,22148,178.68840830870613
2797,83a79ea7-b9b8-44f0-a8f7-e6b1d5e05377,8,2797,True,22571,22169,207.51767041971834
2798,83a79ea7-b9b8-44f0-a8f7-e6b1d5e05377,8,2798,True,22598,22196,197.45646200668853
2799,83a79ea7-b9b8-44f0-a8f7-e6b1d5e05377,8,2799,True,22635,22233,194.5160115852923
2800,83a79ea7-b9b8-44f0-a8f7-e6b1d5e05377,8,2800,True,22663,22261,185.5612853734856
2801,83a79ea7-b9b8-44f0-a8f7-e6b1d5e05377,8,2801,True,22696,22294,174.63637190952795
2802,83a79ea7-b9b8-44f0-a8f7-e6b1d5e05377,8,2802,True,22721,22319,171.3746499801091
2803,83a79ea7-b9b8-44f0-a8f7-e6b1d5e05377,8,2803,True,22744,22342,240.16520267996748
2804,83a79ea7-b9b8-44f0-a8f7-e6b1d5e05377,8,2804,True,22768,22366,192.3121778884779
2805,83a79ea7-b9b8-44f0-a8f7-e6b1d5e05377,8,2805,True,22791,22389,193.16520267996748
2806,83a79ea7-b9b8-44f0-a8f7-e6b1d5e05377,8,2806,True,22825,22423,188.95401490481527
2807,83a79ea7-b9b8-44f0-a8f7-e6b1d5e05377,8,2807,True,22848,22446,186.9166538030804
2808,83a79ea7-b9b8-44f0-a8f7-e6b1d5e05377,8,2808,True,22872,22470,215.42453120124992
2809,83a79ea7-b9b8-44f0-a8f7-e6b1d5e05377,8,2809,True,22898,22496,209.84922138306138
2810,83a79ea7-b9b8-44f0-a8f7-e6b1d5e05377,8,2810,True,22928,22526,179.84922138306138
2811,83a79ea7-b9b8-44f0-a8f7-e6b1d5e05377,8,2811,True,22966,22564,173.42751919342118
2812,83a79ea7-b9b8-44f0-a8f7-e6b1d5e05377,8,2812,True,22989,22587,181.8440011916391
2813,83a79ea7-b9b8-44f0-a8f7-e6b1d5e05377,8,2813,True,23019,22617,201.78414915962276
2814,83a79ea7-b9b8-44f0-a8f7-e6b1d5e05377,8,2814,True,23045,22643,200.571105842806
2815,83a79ea7-b9b8-44f0-a8f7-e6b1d5e05377,8,2815,True,23076,22674,169.571105842806
2816,83a79ea7-b9b8-44f0-a8f7-e6b1d5e05377,8,2816,True,23101,22699,207.0845694824202
2817,83a79ea7-b9b8-44f0-a8f7-e6b1d5e05377,8,2817,True,23128,22726,199.523711378406
2818,83a79ea7-b9b8-44f0-a8f7-e6b1d5e05377,8,2818,True,23167,22765,187.61531033449864
2819,83a79ea7-b9b8-44f0-a8f7-e6b1d5e05377,8,2819,True,23192,22790,184.6773253609026
2820,83a79ea7-b9b8-44f0-a8f7-e6b1d5e05377,8,2820,True,23220,22818,175.2503967781122
2821,83a79ea7-b9b8-44f0-a8f7-e6b1d5e05377,8,2821,True,23250,22848,172.1280118196737
2822,83a79ea7-b9b8-44f0-a8f7-e6b1d5e05377,8,2822,True,23279,22877,176.66897932689972
2823,83a79ea7-b9b8-44f0-a8f7-e6b1d5e05377,8,2823,True,23300,22898,175.31813230058833
2824,83a79ea7-b9b8-44f0-a8f7-e6b1d5e05377,8,2824,True,23335,22933,160.13357915909364
2825,83a79ea7-b9b8-44f0-a8f7-e6b1d5e05377,8,2825,True,23367,22965,169.55662181791195
2826,83a79ea7-b9b8-44f0-a8f7-e6b1d5e05377,8,2826,True,23394,22992,162.08497970218014
2827,83a79ea7-b9b8-44f0-a8f7-e6b1d5e05377,8,2827,True,23427,23025,171.88488214205063
2828,83a79ea7-b9b8-44f0-a8f7-e6b1d5e05377,8,2828,True,23455,23053,169.79019389930545
2829,83a79ea7-b9b8-44f0-a8f7-e6b1d5e05377,8,2829,True,23483,23081,187.54567787409178
2830,83a79ea7-b9b8-44f0-a8f7-e6b1d5e05377,8,2830,True,23523,23121,170.09153335515657
2831,83a79ea7-b9b8-44f0-a8f7-e6b1d5e05377,8,2831,True,23547,23145,164.74724683439126
2832,83a79ea7-b9b8-44f0-a8f7-e6b1d5e05377,8,2832,True,23581,23179,154.27266030847386
2833,83a79ea7-b9b8-44f0-a8f7-e6b1d5e05377,8,2833,True,23611,23209,220.8058839684527
2834,83a79ea7-b9b8-44f0-a8f7-e6b1d5e05377,8,2834,True,23634,23232,172.97832593790736
2835,83a79ea7-b9b8-44f0-a8f7-e6b1d5e05377,8,2835,True,23651,23249,207.33316867133544
2836,83a79ea7-b9b8-44f0-a8f7-e6b1d5e05377,8,2836,True,23679,23277,179.33316867133544
2837,83a79ea7-b9b8-44f0-a8f7-e6b1d5e05377,8,2837,True,23711,23309,167.8749174015975
2838,83a79ea7-b9b8-44f0-a8f7-e6b1d5e05377,8,2838,True,23733,23331,252.15947102537393
2839,83a79ea7-b9b8-44f0-a8f7-e6b1d5e05377,8,2839,True,23767,23365,218.15947102537393
2840,83a79ea7-b9b8-44f0-a8f7-e6b1d5e05377,8,2840,True,23794,23392,166.4765148173501
2841,83a79ea7-b9b8-44f0-a8f7-e6b1d5e05377,8,2841,True,23816,23414,192.55433351708052
2842,83a79ea7-b9b8-44f0-a8f7-e6b1d5e05377,8,2842,True,23855,23453,153.55433351708052
2843,83a79ea7-b9b8-44f0-a8f7-e6b1d5e05377,8,2843,True,23878,23476,170.6260675503363
2844,83a79ea7-b9b8-44f0-a8f7-e6b1d5e05377,8,2844,True,23915,23513,156.2637445101027
2845,83a79ea7-b9b8-44f0-a8f7-e6b1d5e05377,8,2845,True,23945,23543,171.98432027060335
2846,83a79ea7-b9b8-44f0-a8f7-e6b1d5e05377,8,2846,True,23970,23568,164.39639187904322
2847,83a79ea7-b9b8-44f0-a8f7-e6b1d5e05377,8,2847,True,23984,23582,171.01810406069126
2848,83a79ea7-b9b8-44f0-a8f7-e6b1d5e05377,8,2848,True,24009,23607,275.01460825009417
2849,83a79ea7-b9b8-44f0-a8f7-e6b1d5e05377,8,2849,True,24037,23635,270.13035872055116
2850,83a79ea7-b9b8-44f0-a8f7-e6b1d5e05377,8,2850,True,24060,23658,147.05051435407586
2851,83a79ea7-b9b8-44f0-a8f7-e6b1d5e05377,8,2851,True,24084,23682,315.892772417963
2852,83a79ea7-b9b8-44f0-a8f7-e6b1d5e05377,8,2852,True,24108,23706,232.397203192475
2853,83a79ea7-b9b8-44f0-a8f7-e6b1d5e05377,8,2853,True,24136,23734,285.0590614597022
2854,83a79ea7-b9b8-44f0-a8f7-e6b1d5e05377,8,2854,True,24159,23757,343.97459446273933
2855,83a79ea7-b9b8-44f0-a8f7-e6b1d5e05377,8,2855,True,24184,23782,318.97459446273933
2856,83a79ea7-b9b8-44f0-a8f7-e6b1d5e05377,8,2856,True,24212,23810,266.0487936458703
2857,83a79ea7-b9b8-44f0-a8f7-e6b1d5e05377,8,2857,True,24241,23839,286.89488624207297
2858,83a79ea7-b9b8-44f0-a8f7-e6b1d5e05377,8,2858,True,24267,23865,280.0567551887834
2859,83a79ea7-b9b8-44f0-a8f7-e6b1d5e05377,8,2859,True,24297,23895,349.1190681558146
2860,83a79ea7-b9b8-44f0-a8f7-e6b1d5e05377,8,2860,True,24326,23924,297.0985477203103
2861,83a79ea7-b9b8-44f0-a8f7-e6b1d5e05377,8,2861,True,24353,23951,350.37619151729086
2862,83a79ea7-b9b8-44f0-a8f7-e6b1d5e05377,8,2862,True,24377,23975,326.37619151729086
2863,83a79ea7-b9b8-44f0-a8f7-e6b1d5e05377,8,2863,True,24405,24003,342.1144590000258
2864,83a79ea7-b9b8-44f0-a8f7-e6b1d5e05377,8,2864,True,24438,24036,414.68805114755014
2865,83a79ea7-b9b8-44f0-a8f7-e6b1d5e05377,8,2865,True,24468,24066,279.1144590000258
2866,83a79ea7-b9b8-44f0-a8f7-e6b1d5e05377,8,2866,True,24506,24104,273.9826987528286
2867,83a79ea7-b9b8-44f0-a8f7-e6b1d5e05377,8,2867,True,24537,24135,294.8584409658324
2868,83a79ea7-b9b8-44f0-a8f7-e6b1d5e05377,8,2868,True,24560,24158,271.8584409658324
2869,83a79ea7-b9b8-44f0-a8f7-e6b1d5e05377,8,2869,True,24595,24193,257.68805114755014
2870,83a79ea7-b9b8-44f0-a8f7-e6b1d5e05377,8,2870,True,24632,24230,306.7458323641513
2871,83a79ea7-b9b8-44f0-a8f7-e6b1d5e05377,8,2871,True,24660,24258,241.8613871018497
2872,83a79ea7-b9b8-44f0-a8f7-e6b1d5e05377,8,2872,True,24693,24291,245.74583236415128
2873,83a79ea7-b9b8-44f0-a8f7-e6b1d5e05377,8,2873,True,24732,24330,206.74583236415128
2874,83a79ea7-b9b8-44f0-a8f7-e6b1d5e05377,8,2874,True,24763,24361,205.59785509794528
2875,83a79ea7-b9b8-44f0-a8f7-e6b1d5e05377,8,2875,True,24784,24382,220.42336500284364
2876,83a79ea7-b9b8-44f0-a8f7-e6b1d5e05377,8,2876,True,24805,24403,222.3011374862799
2877,83a79ea7-b9b8-44f0-a8f7-e6b1d5e05377,8,2877,True,24831,24429,196.3011374862799
2878,83a79ea7-b9b8-44f0-a8f7-e6b1d5e05377,8,2878,True,24861,24459,230.38023469302425
2879,83a79ea7-b9b8-44f0-a8f7-e6b1d5e05377,8,2879,True,24889,24487,183.41196445803507
2880,83a79ea7-b9b8-44f0-a8f7-e6b1d5e05377,8,2880,True,24918,24516,199.7655531890341
2881,83a79ea7-b9b8-44f0-a8f7-e6b1d5e05377,8,2881,True,24947,24545,189.81572288323514
2882,83a79ea7-b9b8-44f0-a8f7-e6b1d5e05377,8,2882,True,24972,24570,221.43052499395344
2883,83a79ea7-b9b8-44f0-a8f7-e6b1d5e05377,8,2883,True,24999,24597,172.61545288381603
2884,83a79ea7-b9b8-44f0-a8f7-e6b1d5e05377,8,2884,True,25029,24627,189.2807282716094
2885,83a79ea7-b9b8-44f0-a8f7-e6b1d5e05377,8,2885,True,25059,24657,180.54097673092474
2886,83a79ea7-b9b8-44f0-a8f7-e6b1d5e05377,8,2886,True,25084,24682,177.50885954546538
2887,83a79ea7-b9b8-44f0-a8f7-e6b1d5e05377,8,2887,True,25115,24713,146.50885954546538
2888,83a79ea7-b9b8-44f0-a8f7-e6b1d5e05377,8,2888,True,25140,24738,183.57223086711747
2889,83a79ea7-b9b8-44f0-a8f7-e6b1d5e05377,8,2889,True,25174,24772,123.55580046457908
2890,83a79ea7-b9b8-44f0-a8f7-e6b1d5e05377,8,2890,True,25215,24813,135.4221965870929
2891,83a79ea7-b9b8-44f0-a8f7-e6b1d5e05377,8,2891,True,25239,24837,138.15800194314943
2892,83a79ea7-b9b8-44f0-a8f7-e6b1d5e05377,8,2892,True,25274,24872,126.77851541282871
2893,83a79ea7-b9b8-44f0-a8f7-e6b1d5e05377,8,2893,True,25300,24898,127.88042090685121
2894,83a79ea7-b9b8-44f0-a8f7-e6b1d5e05377,8,2894,True,25328,24926,132.04679107571064
2895,83a79ea7-b9b8-44f0-a8f7-e6b1d5e05377,8,2895,True,25361,24959,122.0904026488679
2896,83a79ea7-b9b8-44f0-a8f7-e6b1d5e05377,8,2896,True,25392,24990,144.33800225675805
2897,83a79ea7-b9b8-44f0-a8f7-e6b1d5e05377,8,2897,True,25428,25026,133.69638223934453
2898,83a79ea7-b9b8-44f0-a8f7-e6b1d5e05377,8,2898,True,25456,25054,140.62699061114836
2899,83a79ea7-b9b8-44f0-a8f7-e6b1d5e05377,8,2899,True,25482,25080,140.40953859012006
2900,83a79ea7-b9b8-44f0-a8f7-e6b1d5e05377,8,2900,True,25500,25098,145.19518532026632
2901,83a79ea7-b9b8-44f0-a8f7-e6b1d5e05377,8,2901,True,25525,25123,171.6612900016953
2902,83a79ea7-b9b8-44f0-a8f7-e6b1d5e05377,8,2902,True,25549,25147,168.16646281982685
2903,83a79ea7-b9b8-44f0-a8f7-e6b1d5e05377,8,2903,True,25579,25177,170.1967675657288
2904,83a79ea7-b9b8-44f0-a8f7-e6b1d5e05377,8,2904,True,25606,25204,161.27679190942945
2905,83a79ea7-b9b8-44f0-a8f7-e6b1d5e05377,8,2905,True,25641,25239,159.69286844702947
2906,83a79ea7-b9b8-44f0-a8f7-e6b1d5e05377,8,2906,True,25671,25269,148.52113215733698
2907,83a79ea7-b9b8-44f0-a8f7-e6b1d5e05377,8,2907,True,25710,25308,147.06910791672635
2908,83a79ea7-b9b8-44f0-a8f7-e6b1d5e05377,8,2908,True,25742,25340,139.6797024022635
2909,83a79ea7-b9b8-44f0-a8f7-e6b1d5e05377,8,2909,True,25780,25378,124.62821100906876
2910,83a79ea7-b9b8-44f0-a8f7-e6b1d5e05377,8,2910,True,25812,25410,112.20611003138401
2911,83a79ea7-b9b8-44f0-a8f7-e6b1d5e05377,8,2911,True,25839,25437,118.86687628673826
2912,83a79ea7-b9b8-44f0-a8f7-e6b1d5e05377,8,2912,True,25871,25469,167.30383601206267
2913,83a79ea7-b9b8-44f0-a8f7-e6b1d5e05377,8,2913,True,25895,25493,122.94479039562793
2914,83a79ea7-b9b8-44f0-a8f7-e6b1d5e05377,8,2914,True,25923,25521,166.19997885754856
2915,83a79ea7-b9b8-44f0-a8f7-e6b1d5e05377,8,2915,True,25948,25546,118.63838660057081
2916,83a79ea7-b9b8-44f0-a8f7-e6b1d5e05377,8,2916,True,25979,25577,147.12394986925938
2917,83a79ea7-b9b8-44f0-a8f7-e6b1d5e05377,8,2917,True,26009,25607,137.5001705160903
2918,83a79ea7-b9b8-44f0-a8f7-e6b1d5e05377,8,2918,True,26040,25638,166.3206257080128
2919,83a79ea7-b9b8-44f0-a8f7-e6b1d5e05377,8,2919,True,26074,25672,154.79811448209512
2920,83a79ea7-b9b8-44f0-a8f7-e6b1d5e05377,8,2920,True,26098,25696,130.79811448209512
2921,83a79ea7-b9b8-44f0-a8f7-e6b1d5e05377,8,2921,True,26125,25723,169.9352616053584
2922,83a79ea7-b9b8-44f0-a8f7-e6b1d5e05377,8,2922,True,26151,25749,123.44503798873848
2923,83a79ea7-b9b8-44f0-a8f7-e6b1d5e05377,8,2923,True,26170,25768,167.8207544952129
2924,83a79ea7-b9b8-44f0-a8f7-e6b1d5e05377,8,2924,True,26193,25791,172.37627072430405
2925,83a79ea7-b9b8-44f0-a8f7-e6b1d5e05377,8,2925,True,26216,25814,170.18233498136397
2926,83a79ea7-b9b8-44f0-a8f7-e6b1d5e05377,8,2926,True,26248,25846,165.7832974265475
2927,83a79ea7-b9b8-44f0-a8f7-e6b1d5e05377,8,2927,True,26277,25875,159.1187216716935
2928,83a79ea7-b9b8-44f0-a8f7-e6b1d5e05377,8,2928,True,26305,25903,150.56806764327848
2929,83a79ea7-b9b8-44f0-a8f7-e6b1d5e05377,8,2929,True,26334,25932,182.14586853463334
2930,83a79ea7-b9b8-44f0-a8f7-e6b1d5e05377,8,2930,True,26362,25960,174.9746503088645
2931,83a79ea7-b9b8-44f0-a8f7-e6b1d5e05377,8,2931,True,26395,25993,197.07764823922116
2932,83a79ea7-b9b8-44f0-a8f7-e6b1d5e05377,8,2932,True,26416,26014,149.17144924219247
2933,83a79ea7-b9b8-44f0-a8f7-e6b1d5e05377,8,2933,True,26442,26040,174.39553377205084
2934,83a79ea7-b9b8-44f0-a8f7-e6b1d5e05377,8,2934,True,26470,26068,209.493572211024
2935,83a79ea7-b9b8-44f0-a8f7-e6b1d5e05377,8,2935,True,26508,26106,151.34817298707276
2936,83a79ea7-b9b8-44f0-a8f7-e6b1d5e05377,8,2936,True,26532,26130,164.60875240014502
2937,83a79ea7-b9b8-44f0-a8f7-e6b1d5e05377,8,2937,True,26558,26156,212.19826435766663
2938,83a79ea7-b9b8-44f0-a8f7-e6b1d5e05377,8,2938,True,26585,26183,160.85150833264197
2939,83a79ea7-b9b8-44f0-a8f7-e6b1d5e05377,8,2939,True,26609,26207,220.21572629590446
2940,83a79ea7-b9b8-44f0-a8f7-e6b1d5e05377,8,2940,True,26630,26228,199.21572629590446
2941,83a79ea7-b9b8-44f0-a8f7-e6b1d5e05377,8,2941,True,26659,26257,147.8492848541464
2942,83a79ea7-b9b8-44f0-a8f7-e6b1d5e05377,8,2942,True,26698,26296,159.6770590205233
2943,83a79ea7-b9b8-44f0-a8f7-e6b1d5e05377,8,2943,True,26719,26317,157.19279445961
2944,83a79ea7-b9b8-44f0-a8f7-e6b1d5e05377,8,2944,True,26753,26351,141.35779271895808
2945,83a79ea7-b9b8-44f0-a8f7-e6b1d5e05377,8,2945,True,26792,26390,217.04002616644357
2946,83a79ea7-b9b8-44f0-a8f7-e6b1d5e05377,8,2946,True,26817,26415,160.93854895102413
2947,83a79ea7-b9b8-44f0-a8f7-e6b1d5e05377,8,2947,True,26846,26444,193.09494771653772
2948,83a79ea7-b9b8-44f0-a8f7-e6b1d5e05377,8,2948,True,26876,26474,226.99105178742684
2949,83a79ea7-b9b8-44f0-a8f7-e6b1d5e05377,8,2949,True,26896,26494,182.90467801681734
2950,83a79ea7-b9b8-44f0-a8f7-e6b1d5e05377,8,2950,True,26920,26518,182.99105178742684
2951,83a79ea7-b9b8-44f0-a8f7-e6b1d5e05377,8,2951,True,26950,26548,184.36501431724173
2952,83a79ea7-b9b8-44f0-a8f7-e6b1d5e05377,8,2952,True,26972,26570,180.9299780314941
2953,83a79ea7-b9b8-44f0-a8f7-e6b1d5e05377,8,2953,True,26996,26594,185.48994449862948
2954,83a79ea7-b9b8-44f0-a8f7-e6b1d5e05377,8,2954,True,27021,26619,178.72052370450183
2955,83a79ea7-b9b8-44f0-a8f7-e6b1d5e05377,8,2955,True,27037,26635,186.81481203546718
2956,83a79ea7-b9b8-44f0-a8f7-e6b1d5e05377,8,2956,True,27068,26666,176.4571056046807
2957,83a79ea7-b9b8-44f0-a8f7-e6b1d5e05377,8,2957,True,27092,26690,172.60810593904534
2958,83a79ea7-b9b8-44f0-a8f7-e6b1d5e05377,8,2958,True,27122,26720,163.81589755088498
2959,83a79ea7-b9b8-44f0-a8f7-e6b1d5e05377,8,2959,True,27155,26753,160.7863586546846
2960,83a79ea7-b9b8-44f0-a8f7-e6b1d5e05377,8,2960,True,27177,26775,160.48323393649116
2961,83a79ea7-b9b8-44f0-a8f7-e6b1d5e05377,8,2961,True,27204,26802,181.58414802584593
2962,83a79ea7-b9b8-44f0-a8f7-e6b1d5e05377,8,2962,True,27234,26832,173.20597702949453
2963,83a79ea7-b9b8-44f0-a8f7-e6b1d5e05377,8,2963,True,27261,26859,182.20572802921015
2964,83a79ea7-b9b8-44f0-a8f7-e6b1d5e05377,8,2964,True,27285,26883,179.59197009254785
2965,83a79ea7-b9b8-44f0-a8f7-e6b1d5e05377,8,2965,True,27317,26915,173.91430129529908
2966,83a79ea7-b9b8-44f0-a8f7-e6b1d5e05377,8,2966,True,27346,26944,165.82901902132653
2967,83a79ea7-b9b8-44f0-a8f7-e6b1d5e05377,8,2967,True,27367,26965,170.26373546251853
2968,83a79ea7-b9b8-44f0-a8f7-e6b1d5e05377,8,2968,True,27390,26988,147.26373546251853
2969,83a79ea7-b9b8-44f0-a8f7-e6b1d5e05377,8,2969,True,27418,27016,229.51000709634172
2970,83a79ea7-b9b8-44f0-a8f7-e6b1d5e05377,8,2970,True,27457,27055,212.79194842497964
2971,83a79ea7-b9b8-44f0-a8f7-e6b1d5e05377,8,2971,True,27488,27086,232.21717916598936
2972,83a79ea7-b9b8-44f0-a8f7-e6b1d5e05377,8,2972,True,27508,27106,180.45808223727727
2973,83a79ea7-b9b8-44f0-a8f7-e6b1d5e05377,8,2973,True,27530,27128,241.5581182321439
2974,83a79ea7-b9b8-44f0-a8f7-e6b1d5e05377,8,2974,True,27556,27154,185.87595593240258
2975,83a79ea7-b9b8-44f0-a8f7-e6b1d5e05377,8,2975,True,27577,27175,194.5581182321439
2976,83a79ea7-b9b8-44f0-a8f7-e6b1d5e05377,8,2976,True,27601,27199,195.31145731308425
2977,83a79ea7-b9b8-44f0-a8f7-e6b1d5e05377,8,2977,True,27635,27233,184.54381711106544
2978,83a79ea7-b9b8-44f0-a8f7-e6b1d5e05377,8,2978,True,27668,27266,169.54917598936663
2979,83a79ea7-b9b8-44f0-a8f7-e6b1d5e05377,8,2979,True,27693,27291,163.62302163134154
2980,83a79ea7-b9b8-44f0-a8f7-e6b1d5e05377,8,2980,True,27720,27318,158.5059683940308
2981,83a79ea7-b9b8-44f0-a8f7-e6b1d5e05377,8,2981,True,27743,27341,197.41869471269456
2982,83a79ea7-b9b8-44f0-a8f7-e6b1d5e05377,8,2982,True,27770,27368,207.39222882953254
2983,83a79ea7-b9b8-44f0-a8f7-e6b1d5e05377,8,2983,True,27788,27386,189.39222882953254
2984,83a79ea7-b9b8-44f0-a8f7-e6b1d5e05377,8,2984,True,27811,27409,251.168082934415
2985,83a79ea7-b9b8-44f0-a8f7-e6b1d5e05377,8,2985,True,27833,27431,205.3017693152833
2986,83a79ea7-b9b8-44f0-a8f7-e6b1d5e05377,8,2986,True,27856,27454,206.168082934415
2987,83a79ea7-b9b8-44f0-a8f7-e6b1d5e05377,8,2987,True,27895,27493,210.49922211320882
2988,83a79ea7-b9b8-44f0-a8f7-e6b1d5e05377,8,2988,True,27920,27518,205.73575196006277
2989,83a79ea7-b9b8-44f0-a8f7-e6b1d5e05377,8,2989,True,27936,27534,148.2119444917589
2990,83a79ea7-b9b8-44f0-a8f7-e6b1d5e05377,8,2990,True,27966,27564,178.44604224413342
2991,83a79ea7-b9b8-44f0-a8f7-e6b1d5e05377,8,2991,True,28005,27603,158.80830661852087
2992,83a79ea7-b9b8-44f0-a8f7-e6b1d5e05377,8,2992,True,28036,27634,145.25347656292433
2993,83a79ea7-b9b8-44f0-a8f7-e6b1d5e05377,8,2993,True,28064,27662,136.3190373734251
2994,83a79ea7-b9b8-44f0-a8f7-e6b1d5e05377,8,2994,True,28091,27689,127.2879356720332
2995,83a79ea7-b9b8-44f0-a8f7-e6b1d5e05377,8,2995,True,28116,27714,125.26181095372522
2996,83a79ea7-b9b8-44f0-a8f7-e6b1d5e05377,8,2996,True,28144,27742,97.26181095372522
2997,83a79ea7-b9b8-44f0-a8f7-e6b1d5e05377,8,2997,True,28166,27764,97.21132773887075
2998,83a79ea7-b9b8-44f0-a8f7-e6b1d5e05377,8,2998,True,28197,27795,86.91679714331622
2999,83a79ea7-b9b8-44f0-a8f7-e6b1d5e05377,8,2999,True,28225,27823,80.43817802152262
