{"clients": [{"6": {"client_id": 0, "slo": 124, "num_jobs": 5000, "throughput_qps": 0.8488922890735893, "total_num_complete": 97, "goodput_qps": 0.8488922890735893, "total_num_tardy": 0, "median_latency_ms": 88.15801746763464, "mean_latency_ms": 88.3880822550012, "std_latency_ms": 5.421300770689881, "p99_latency_ms": 103.3749735918274, "total_num_dropped": 4903, "drop_rate_qps": 42.90844219925575}}, {"7": {"client_id": 1, "slo": 140, "num_jobs": 5000, "throughput_qps": 1.0596556686222056, "total_num_complete": 129, "goodput_qps": 1.0596556686222056, "total_num_tardy": 0, "median_latency_ms": 95.83430299138308, "mean_latency_ms": 96.83440694236405, "std_latency_ms": 5.7645666297144516, "p99_latency_ms": 113.82665065328104, "total_num_dropped": 4871, "drop_rate_qps": 40.012269471773365}}, {"8": {"client_id": 2, "slo": 160, "num_jobs": 5000, "throughput_qps": 20.54957417617912, "total_num_complete": 2556, "goodput_qps": 20.54957417617912, "total_num_tardy": 0, "median_latency_ms": 106.91914279279445, "mean_latency_ms": 107.1877258401634, "std_latency_ms": 5.403966304198473, "p99_latency_ms": 120.96773648915949, "total_num_dropped": 2444, "drop_rate_qps": 19.64912335155781}}]}