{"clients": [{"6": {"client_id": 0, "slo": 249, "num_jobs": 5000, "throughput_qps": 30.62534364152225, "total_num_complete": 4940, "goodput_qps": 30.62534364152225, "total_num_tardy": 0, "median_latency_ms": 86.98540280090674, "mean_latency_ms": 88.38521214397485, "std_latency_ms": 9.364475014585457, "p99_latency_ms": 117.71877113946337, "total_num_dropped": 60, "drop_rate_qps": 0.3719677365367075}}, {"7": {"client_id": 1, "slo": 281, "num_jobs": 5000, "throughput_qps": 30.358561741153235, "total_num_complete": 4899, "goodput_qps": 30.358561741153235, "total_num_tardy": 0, "median_latency_ms": 94.63400932995137, "mean_latency_ms": 96.1362085867551, "std_latency_ms": 9.144480080287146, "p99_latency_ms": 124.80116070132829, "total_num_dropped": 101, "drop_rate_qps": 0.6258858411627836}}, {"8": {"client_id": 2, "slo": 321, "num_jobs": 5000, "throughput_qps": 29.657458713360754, "total_num_complete": 4751, "goodput_qps": 29.657458713360754, "total_num_tardy": 0, "median_latency_ms": 105.56367214780767, "mean_latency_ms": 106.92824783071626, "std_latency_ms": 9.834728599366311, "p99_latency_ms": 136.26163315795202, "total_num_dropped": 249, "drop_rate_qps": 1.5543479729797576}}]}