{"clients": [{"6": {"client_id": 0, "slo": 249, "num_jobs": 5000, "throughput_qps": 31.02342869371025, "total_num_complete": 3892, "goodput_qps": 30.96763116008847, "total_num_tardy": 7, "median_tardiness_ms": 13.07587795298241, "mean_tardiness_ms": 18.450195902289725, "std_tardiness_ms": 10.897021138010281, "median_latency_ms": 149.26607601698197, "mean_latency_ms": 150.20133015058425, "std_latency_ms": 21.86280046125317, "p99_latency_ms": 215.68369753908303, "total_num_dropped": 1108, "drop_rate_qps": 8.831952464704768}}, {"7": {"client_id": 1, "slo": 281, "num_jobs": 5000, "throughput_qps": 28.841716807043532, "total_num_complete": 3619, "goodput_qps": 28.82577775382052, "total_num_tardy": 2, "median_tardiness_ms": 22.090046316830296, "mean_tardiness_ms": 22.090046316830296, "std_tardiness_ms": 8.446165470085305, "median_latency_ms": 176.3333175065345, "mean_latency_ms": 177.44151882578873, "std_latency_ms": 30.641320828567512, "p99_latency_ms": 249.6353709412146, "total_num_dropped": 1381, "drop_rate_qps": 11.005916250491053}}, {"8": {"client_id": 2, "slo": 321, "num_jobs": 5000, "throughput_qps": 34.94679896606726, "total_num_complete": 4353, "goodput_qps": 34.94679896606726, "total_num_tardy": 0, "median_latency_ms": 195.42427150289586, "mean_latency_ms": 196.83300577257702, "std_latency_ms": 30.031890994216482, "p99_latency_ms": 273.4430195143587, "total_num_dropped": 647, "drop_rate_qps": 5.194251994267291}}]}