{"clients": [{"6": {"client_id": 0, "slo": 124, "num_jobs": 5000, "throughput_qps": 39.906709245265056, "total_num_complete": 5000, "goodput_qps": 0.11173878588674216, "total_num_tardy": 4986, "median_tardiness_ms": 281.31172853531643, "mean_tardiness_ms": 284.18846466849715, "std_tardiness_ms": 71.83822779887949, "median_latency_ms": 404.91399287884997, "mean_latency_ms": 407.27510725577457, "std_latency_ms": 73.78608458632262, "p99_latency_ms": 592.2046529445375, "total_num_dropped": 0, "drop_rate_qps": 0.0}}, {"7": {"client_id": 1, "slo": 140, "num_jobs": 5000, "throughput_qps": 39.883764996160856, "total_num_complete": 5000, "goodput_qps": 0.14358155398617908, "total_num_tardy": 4982, "median_tardiness_ms": 274.8043134193067, "mean_tardiness_ms": 277.420307442849, "std_tardiness_ms": 71.07745826822081, "median_latency_ms": 414.53082792224996, "mean_latency_ms": 416.2395525483848, "std_latency_ms": 73.62936491010636, "p99_latency_ms": 596.6191640677205, "total_num_dropped": 0, "drop_rate_qps": 0.0}}, {"8": {"client_id": 2, "slo": 160, "num_jobs": 5000, "throughput_qps": 40.138298740945515, "total_num_complete": 5000, "goodput_qps": 28.71127613985121, "total_num_tardy": 4990, "median_tardiness_ms": 273.217963818257, "mean_tardiness_ms": 277.18723791864784, "std_tardiness_ms": 70.83245512582481, "median_latency_ms": 433.1158750890236, "mean_latency_ms": 436.56214929088725, "std_latency_ms": 72.13336115619792, "p99_latency_ms": 630.8000535880777, "total_num_dropped": 0, "drop_rate_qps": 0.0}}]}