{"clients": [{"6": {"client_id": 0, "slo": 249, "num_jobs": 5000, "throughput_qps": 25.697107505463848, "total_num_complete": 4949, "goodput_qps": 25.697107505463848, "total_num_tardy": 0, "median_latency_ms": 81.55393805571111, "mean_latency_ms": 82.51749287027305, "std_latency_ms": 6.817749939512327, "p99_latency_ms": 103.65939540750172, "total_num_dropped": 51, "drop_rate_qps": 0.2648115746168228}}, {"7": {"client_id": 1, "slo": 281, "num_jobs": 5000, "throughput_qps": 25.55354918785309, "total_num_complete": 4916, "goodput_qps": 25.55354918785309, "total_num_tardy": 0, "median_latency_ms": 89.32003277345848, "mean_latency_ms": 90.13142017774274, "std_latency_ms": 6.476540125042558, "p99_latency_ms": 108.84536365888489, "total_num_dropped": 84, "drop_rate_qps": 0.43663509596819755}}, {"8": {"client_id": 2, "slo": 321, "num_jobs": 5000, "throughput_qps": 25.901249590887943, "total_num_complete": 4951, "goodput_qps": 25.901249590887943, "total_num_tardy": 0, "median_latency_ms": 99.66767977044219, "mean_latency_ms": 100.39441703660363, "std_latency_ms": 7.013034243458998, "p99_latency_ms": 121.2311646744929, "total_num_dropped": 49, "drop_rate_qps": 0.25634442131963425}}]}