{"clients": [{"6": {"client_id": 0, "slo": 124, "num_jobs": 5000, "throughput_qps": 1.53828230838722, "total_num_complete": 193, "goodput_qps": 1.5303119337323636, "total_num_tardy": 1, "median_tardiness_ms": 0.5566267900776438, "mean_tardiness_ms": 0.5566267900776438, "std_tardiness_ms": 0.0, "median_latency_ms": 111.3740527204609, "mean_latency_ms": 106.6896755554295, "std_latency_ms": 15.124195682337943, "p99_latency_ms": 123.7677481178881, "total_num_dropped": 4807, "drop_rate_qps": 38.313590965893084}}, {"7": {"client_id": 1, "slo": 140, "num_jobs": 5000, "throughput_qps": 2.151631089874553, "total_num_complete": 270, "goodput_qps": 2.0639720454722568, "total_num_tardy": 11, "median_tardiness_ms": 0.4811411021146341, "mean_tardiness_ms": 0.673898347802771, "std_tardiness_ms": 0.5205250665599082, "median_latency_ms": 127.86627201846927, "mean_latency_ms": 122.59149582938963, "std_latency_ms": 16.398787495400672, "p99_latency_ms": 140.97940778990971, "total_num_dropped": 4730, "drop_rate_qps": 37.69338909298755}}, {"8": {"client_id": 2, "slo": 160, "num_jobs": 5000, "throughput_qps": 2.8813594093407686, "total_num_complete": 358, "goodput_qps": 2.712341119966031, "total_num_tardy": 21, "median_tardiness_ms": 1.299768587879953, "mean_tardiness_ms": 1.3310450934301723, "std_tardiness_ms": 1.080378087753675, "median_latency_ms": 150.57254615834972, "mean_latency_ms": 146.95519320843246, "std_latency_ms": 12.212158661901718, "p99_latency_ms": 162.21328197792806, "total_num_dropped": 4642, "drop_rate_qps": 37.36109044178729}}]}