{"clients": [{"1": {"client_id": 0, "slo": 0, "num_jobs": 1000, "throughput_qps": 7.646678594070003, "total_num_complete": 1000, "goodput_qps": 0, "total_num_tardy": 1000, "median_tardiness_ms": 3451.94758482818, "mean_tardiness_ms": 3419.7949692360685, "std_tardiness_ms": 1823.8586105803174, "median_latency_ms": 3451.94758482818, "mean_latency_ms": 3419.7949692360685, "std_latency_ms": 1823.8586105803174, "p99_latency_ms": 6386.661264795485, "total_num_dropped": 0, "drop_rate_qps": 0.0}}, {"4": {"client_id": 1, "slo": 0, "num_jobs": 1000, "throughput_qps": 6.785563985726691, "total_num_complete": 1000, "goodput_qps": 0, "total_num_tardy": 1000, "median_tardiness_ms": 9994.833200531706, "mean_tardiness_ms": 10508.789650013543, "std_tardiness_ms": 6250.669046106405, "median_latency_ms": 9994.833200531706, "mean_latency_ms": 10508.789650013543, "std_latency_ms": 6250.669046106405, "p99_latency_ms": 22667.66188592564, "total_num_dropped": 0, "drop_rate_qps": 0.0}}, {"5": {"client_id": 2, "slo": 0, "num_jobs": 1000, "throughput_qps": 7.911493822924885, "total_num_complete": 1000, "goodput_qps": 0, "total_num_tardy": 1000, "median_tardiness_ms": 685.8279883100477, "mean_tardiness_ms": 751.5400894689996, "std_tardiness_ms": 371.07126142525993, "median_latency_ms": 685.8279883100477, "mean_latency_ms": 751.5400894689996, "std_latency_ms": 371.07126142525993, "p99_latency_ms": 1841.072675350211, "total_num_dropped": 0, "drop_rate_qps": 0.0}}]}