{"clients": [{"6": {"client_id": 0, "slo": 249, "num_jobs": 5000, "throughput_qps": 5.99323632750647, "total_num_complete": 752, "goodput_qps": 5.793993098533516, "total_num_tardy": 25, "median_tardiness_ms": 1.3949891672491503, "mean_tardiness_ms": 1.4148690299317241, "std_tardiness_ms": 0.8068150200080872, "median_latency_ms": 218.98867067212268, "mean_latency_ms": 209.82830819015714, "std_latency_ms": 35.194194727636635, "p99_latency_ms": 250.8264606615927, "total_num_dropped": 4248, "drop_rate_qps": 33.85540946708442}}, {"7": {"client_id": 1, "slo": 281, "num_jobs": 5000, "throughput_qps": 6.90115801977151, "total_num_complete": 866, "goodput_qps": 6.359265704131253, "total_num_tardy": 68, "median_tardiness_ms": 1.6031137757781835, "mean_tardiness_ms": 1.6462123538713176, "std_tardiness_ms": 0.9630409778083698, "median_latency_ms": 247.16520661286023, "mean_latency_ms": 238.2287397759409, "std_latency_ms": 39.99334246004714, "p99_latency_ms": 283.9279340966103, "total_num_dropped": 4134, "drop_rate_qps": 32.94386518907093}}, {"8": {"client_id": 2, "slo": 321, "num_jobs": 5000, "throughput_qps": 10.657327288657594, "total_num_complete": 1328, "goodput_qps": 9.862842799518209, "total_num_tardy": 99, "median_tardiness_ms": 2.0360571229357447, "mean_tardiness_ms": 2.331645949095503, "std_tardiness_ms": 1.7713169127846844, "median_latency_ms": 296.5412828948465, "mean_latency_ms": 281.9449927703686, "std_latency_ms": 40.30554006381901, "p99_latency_ms": 325.47306235280104, "total_num_dropped": 3672, "drop_rate_qps": 29.46815196080624}}]}