{"clients": [{"6": {"client_id": 0, "slo": 249, "num_jobs": 5000, "throughput_qps": 10.80004414526469, "total_num_complete": 1355, "goodput_qps": 10.608751850440814, "total_num_tardy": 24, "median_tardiness_ms": 0.31622212968431995, "mean_tardiness_ms": 0.3014628692164176, "std_tardiness_ms": 0.21557271466237435, "median_latency_ms": 223.0267642718245, "mean_latency_ms": 209.36236105586, "std_latency_ms": 38.281187342442195, "p99_latency_ms": 249.2854341829977, "total_num_dropped": 3645, "drop_rate_qps": 29.052517276376236}}, {"7": {"client_id": 1, "slo": 281, "num_jobs": 5000, "throughput_qps": 13.555599032669416, "total_num_complete": 1701, "goodput_qps": 13.220892883714617, "total_num_tardy": 42, "median_tardiness_ms": 0.6029534607660025, "mean_tardiness_ms": 0.7500170017545835, "std_tardiness_ms": 0.5063555515762185, "median_latency_ms": 253.15696676188963, "mean_latency_ms": 238.49319578626466, "std_latency_ms": 41.15996322635621, "p99_latency_ms": 281.69454315444455, "total_num_dropped": 3299, "drop_rate_qps": 26.2903710809973}}, {"8": {"client_id": 2, "slo": 321, "num_jobs": 5000, "throughput_qps": 18.215595777297022, "total_num_complete": 2270, "goodput_qps": 17.814371200704578, "total_num_tardy": 50, "median_tardiness_ms": 1.1826526004406333, "mean_tardiness_ms": 1.381290212704207, "std_tardiness_ms": 1.2647994547403507, "median_latency_ms": 286.78808997021406, "mean_latency_ms": 273.41777753921343, "std_latency_ms": 42.635412044008774, "p99_latency_ms": 322.26560372139323, "total_num_dropped": 2730, "drop_rate_qps": 21.90686188194752}}]}