{"clients": [{"6": {"client_id": 0, "slo": 0, "num_jobs": 5000, "throughput_qps": 34.6174142871285, "total_num_complete": 4854, "goodput_qps": 0, "total_num_tardy": 4854, "median_tardiness_ms": 93.21620905574673, "mean_tardiness_ms": 96.58610585227007, "std_tardiness_ms": 16.801695408185978, "median_latency_ms": 93.21620905574673, "mean_latency_ms": 96.58610585227007, "std_latency_ms": 16.801695408185978, "p99_latency_ms": 156.87404664617193, "total_num_dropped": 146, "drop_rate_qps": 1.041232485768595}}, {"7": {"client_id": 1, "slo": 0, "num_jobs": 5000, "throughput_qps": 33.72032810047795, "total_num_complete": 4738, "goodput_qps": 0, "total_num_tardy": 4738, "median_tardiness_ms": 101.27830979832106, "mean_tardiness_ms": 104.7242398897828, "std_tardiness_ms": 17.148447497672613, "median_latency_ms": 101.27830979832106, "mean_latency_ms": 104.7242398897828, "std_latency_ms": 17.148447497672613, "p99_latency_ms": 166.67132092477303, "total_num_dropped": 262, "drop_rate_qps": 1.8646530101994983}}, {"8": {"client_id": 2, "slo": 0, "num_jobs": 5000, "throughput_qps": 24.4163195899719, "total_num_complete": 3403, "goodput_qps": 0, "total_num_tardy": 3403, "median_tardiness_ms": 112.87498965795385, "mean_tardiness_ms": 116.2159476309025, "std_tardiness_ms": 17.498532233472073, "median_latency_ms": 112.87498965795385, "mean_latency_ms": 116.2159476309025, "std_latency_ms": 17.498532233472073, "p99_latency_ms": 176.56939618789212, "total_num_dropped": 1597, "drop_rate_qps": 11.458378602757895}}]}