{"clients": [{"6": {"client_id": 0, "slo": 0, "num_jobs": 5000, "throughput_qps": 25.960887095741057, "total_num_complete": 5000, "goodput_qps": 0, "total_num_tardy": 5000, "median_tardiness_ms": 81.69796230927022, "mean_tardiness_ms": 83.24755155292428, "std_tardiness_ms": 8.263686279828462, "median_latency_ms": 81.69796230927022, "mean_latency_ms": 83.24755155292428, "std_latency_ms": 8.263686279828462, "p99_latency_ms": 113.53549062604759, "total_num_dropped": 0, "drop_rate_qps": 0.0}}, {"7": {"client_id": 1, "slo": 0, "num_jobs": 5000, "throughput_qps": 25.990530675371026, "total_num_complete": 5000, "goodput_qps": 0, "total_num_tardy": 5000, "median_tardiness_ms": 89.63900812892462, "mean_tardiness_ms": 91.07881036624589, "std_tardiness_ms": 8.218493329120824, "median_latency_ms": 89.63900812892462, "mean_latency_ms": 91.07881036624589, "std_latency_ms": 8.218493329120824, "p99_latency_ms": 121.23933265337476, "total_num_dropped": 0, "drop_rate_qps": 0.0}}, {"8": {"client_id": 2, "slo": 0, "num_jobs": 5000, "throughput_qps": 26.157894668741, "total_num_complete": 5000, "goodput_qps": 0, "total_num_tardy": 5000, "median_tardiness_ms": 99.80582714032425, "mean_tardiness_ms": 101.25204961481654, "std_tardiness_ms": 8.915645345060177, "median_latency_ms": 99.80582714032425, "mean_latency_ms": 101.25204961481654, "std_latency_ms": 8.915645345060177, "p99_latency_ms": 132.6111836998997, "total_num_dropped": 0, "drop_rate_qps": 0.0}}]}