{"clients": [{"6": {"client_id": 0, "slo": 312, "num_jobs": 5000, "throughput_qps": 33.27599582475244, "total_num_complete": 4175, "goodput_qps": 33.21223343754333, "total_num_tardy": 8, "median_tardiness_ms": 4.829003296701558, "mean_tardiness_ms": 9.122370008909911, "std_tardiness_ms": 9.588151089633815, "median_latency_ms": 212.92547284864122, "mean_latency_ms": 211.9630220455345, "std_latency_ms": 32.33540027466078, "p99_latency_ms": 284.4445109902014, "total_num_dropped": 825, "drop_rate_qps": 6.575496180939106}}, {"7": {"client_id": 1, "slo": 352, "num_jobs": 5000, "throughput_qps": 32.762687638885794, "total_num_complete": 4111, "goodput_qps": 32.754718121094776, "total_num_tardy": 1, "median_tardiness_ms": 8.418864948460396, "mean_tardiness_ms": 8.418864948460396, "std_tardiness_ms": 0.0, "median_latency_ms": 232.53629184900456, "mean_latency_ms": 231.83218083466699, "std_latency_ms": 36.30203297933429, "p99_latency_ms": 314.01805650750396, "total_num_dropped": 889, "drop_rate_qps": 7.084901316217337}}, {"8": {"client_id": 2, "slo": 402, "num_jobs": 5000, "throughput_qps": 20.891760785245832, "total_num_complete": 2604, "goodput_qps": 20.883737835635525, "total_num_tardy": 1, "median_tardiness_ms": 35.959707643894944, "mean_tardiness_ms": 35.959707643894944, "std_tardiness_ms": 0.0, "median_latency_ms": 251.6940622738457, "mean_latency_ms": 255.00015729676335, "std_latency_ms": 44.08285336936427, "p99_latency_ms": 366.9672721174149, "total_num_dropped": 2396, "drop_rate_qps": 19.222987266301466}}]}