{"clients": [{"6": {"client_id": 0, "slo": 0, "num_jobs": 5000, "throughput_qps": 22.324344321471564, "total_num_complete": 3600, "goodput_qps": 0, "total_num_tardy": 3600, "median_tardiness_ms": 82.89220059688387, "mean_tardiness_ms": 83.96750444640347, "std_tardiness_ms": 7.712251147875295, "median_latency_ms": 82.89220059688387, "mean_latency_ms": 83.96750444640347, "std_latency_ms": 7.712251147875295, "p99_latency_ms": 107.85533129801988, "total_num_dropped": 1400, "drop_rate_qps": 8.681689458350052}}, {"7": {"client_id": 1, "slo": 0, "num_jobs": 5000, "throughput_qps": 27.527707263713648, "total_num_complete": 4442, "goodput_qps": 0, "total_num_tardy": 4442, "median_tardiness_ms": 90.58534909644368, "mean_tardiness_ms": 91.50545656112938, "std_tardiness_ms": 7.277968772744933, "median_latency_ms": 90.58534909644368, "mean_latency_ms": 91.50545656112938, "std_latency_ms": 7.277968772744933, "p99_latency_ms": 115.04388288418538, "total_num_dropped": 558, "drop_rate_qps": 3.458005550011755}}, {"8": {"client_id": 2, "slo": 0, "num_jobs": 5000, "throughput_qps": 27.163809146777275, "total_num_complete": 4352, "goodput_qps": 0, "total_num_tardy": 4352, "median_tardiness_ms": 100.9345050963093, "mean_tardiness_ms": 101.96234411060993, "std_tardiness_ms": 7.707664878100001, "median_latency_ms": 100.9345050963093, "mean_latency_ms": 101.96234411060993, "std_latency_ms": 7.707664878100001, "p99_latency_ms": 124.13498656550055, "total_num_dropped": 648, "drop_rate_qps": 4.044611288398822}}]}