{"clients": [{"6": {"client_id": 0, "slo": 249, "num_jobs": 5000, "throughput_qps": 39.853220462008025, "total_num_complete": 5000, "goodput_qps": 0.41447349280488344, "total_num_tardy": 4948, "median_tardiness_ms": 161.81747622751755, "mean_tardiness_ms": 165.60660078508408, "std_tardiness_ms": 63.233281562828935, "median_latency_ms": 410.004017535779, "mean_latency_ms": 411.88114525974703, "std_latency_ms": 68.560181226563, "p99_latency_ms": 572.9150970637878, "total_num_dropped": 0, "drop_rate_qps": 0.0}}, {"7": {"client_id": 1, "slo": 281, "num_jobs": 5000, "throughput_qps": 39.84646924182774, "total_num_complete": 5000, "goodput_qps": 0.6136356263241471, "total_num_tardy": 4923, "median_tardiness_ms": 147.33913227445737, "mean_tardiness_ms": 150.52477501241364, "std_tardiness_ms": 63.15420224464993, "median_latency_ms": 427.38002951848466, "mean_latency_ms": 427.8976739158728, "std_latency_ms": 69.58891667741675, "p99_latency_ms": 591.2692114429386, "total_num_dropped": 0, "drop_rate_qps": 0.0}}, {"8": {"client_id": 2, "slo": 321, "num_jobs": 5000, "throughput_qps": 40.04948247020776, "total_num_complete": 5000, "goodput_qps": 0.7695142637171171, "total_num_tardy": 4906, "median_tardiness_ms": 132.60072073210176, "mean_tardiness_ms": 135.95932166329797, "std_tardiness_ms": 67.9521661111082, "median_latency_ms": 451.6233934134725, "mean_latency_ms": 453.6957793155372, "std_latency_ms": 71.7028962737408, "p99_latency_ms": 631.3712835137349, "total_num_dropped": 0, "drop_rate_qps": 0.0}}]}