{"clients": [{"6": {"client_id": 0, "slo": 124, "num_jobs": 5000, "throughput_qps": 22.616663340395135, "total_num_complete": 3648, "goodput_qps": 22.598064110674414, "total_num_tardy": 3, "median_tardiness_ms": 0.490196445202173, "mean_tardiness_ms": 3.074433227018138, "std_tardiness_ms": 3.671620146691278, "median_latency_ms": 84.18757232421922, "mean_latency_ms": 85.05964909706151, "std_latency_ms": 7.403137437083398, "p99_latency_ms": 105.70427014053843, "total_num_dropped": 1352, "drop_rate_qps": 8.382052860804336}}, {"7": {"client_id": 1, "slo": 140, "num_jobs": 5000, "throughput_qps": 26.720734833703315, "total_num_complete": 4312, "goodput_qps": 26.71453800280496, "total_num_tardy": 1, "median_tardiness_ms": 2.240102169904276, "mean_tardiness_ms": 2.240102169904276, "std_tardiness_ms": 0.0, "median_latency_ms": 93.27181434700833, "mean_latency_ms": 94.07056429694607, "std_latency_ms": 7.827066234481485, "p99_latency_ms": 116.3681911715981, "total_num_dropped": 688, "drop_rate_qps": 4.26341965806769}}, {"8": {"client_id": 2, "slo": 160, "num_jobs": 5000, "throughput_qps": 27.215880630484545, "total_num_complete": 4357, "goodput_qps": 27.20963415799648, "total_num_tardy": 1, "median_tardiness_ms": 3.049196485761854, "mean_tardiness_ms": 3.049196485761854, "std_tardiness_ms": 0.0, "median_latency_ms": 103.78445069330337, "mean_latency_ms": 104.66739270393991, "std_latency_ms": 8.378618624236589, "p99_latency_ms": 130.24084198480034, "total_num_dropped": 643, "drop_rate_qps": 4.016481809823632}}]}