{"clients": [{"6": {"client_id": 0, "slo": 124, "num_jobs": 5000, "throughput_qps": 35.66158406811634, "total_num_complete": 5000, "goodput_qps": 4.45056569170092, "total_num_tardy": 4376, "median_tardiness_ms": 32.70478578402526, "mean_tardiness_ms": 39.7426791583801, "std_tardiness_ms": 31.50448993868869, "median_latency_ms": 151.81007757940824, "mean_latency_ms": 157.55884144567023, "std_latency_ms": 33.87530309488165, "p99_latency_ms": 270.71714755635315, "total_num_dropped": 0, "drop_rate_qps": 0.0}}, {"7": {"client_id": 1, "slo": 140, "num_jobs": 5000, "throughput_qps": 35.58518087076956, "total_num_complete": 5000, "goodput_qps": 6.18470443533975, "total_num_tardy": 4131, "median_tardiness_ms": 28.127007050767133, "mean_tardiness_ms": 36.485069714962655, "std_tardiness_ms": 31.373300433156828, "median_latency_ms": 162.00230122954235, "mean_latency_ms": 168.06092127067214, "std_latency_ms": 34.24228680251547, "p99_latency_ms": 278.4451339431041, "total_num_dropped": 0, "drop_rate_qps": 0.0}}, {"8": {"client_id": 2, "slo": 160, "num_jobs": 5000, "throughput_qps": 35.819398310565106, "total_num_complete": 5000, "goodput_qps": 8.42536759211603, "total_num_tardy": 3840, "median_tardiness_ms": 27.770371442216856, "mean_tardiness_ms": 36.55877818953992, "std_tardiness_ms": 34.219328622462335, "median_latency_ms": 178.18382796128571, "mean_latency_ms": 185.36840010159227, "std_latency_ms": 36.5358683909817, "p99_latency_ms": 309.9240077377503, "total_num_dropped": 0, "drop_rate_qps": 0.0}}]}