,client_id,workflow_id,job_id,was_completed,deadline,create_time,response_time
0,c6694071-3db0-4860-aec0-2e99d8c3c164,6,0,True,341,29,70.29655790707147
1,c6694071-3db0-4860-aec0-2e99d8c3c164,6,1,True,376,64,68.21625993517321
2,c6694071-3db0-4860-aec0-2e99d8c3c164,6,2,True,401,89,66.79227202979604
3,c6694071-3db0-4860-aec0-2e99d8c3c164,6,3,True,434,122,66.58094538775117
4,c6694071-3db0-4860-aec0-2e99d8c3c164,6,4,True,471,159,77.76062124561139
5,c6694071-3db0-4860-aec0-2e99d8c3c164,6,5,True,496,184,82.00420565098739
6,c6694071-3db0-4860-aec0-2e99d8c3c164,6,6,True,524,212,76.81427092910741
7,c6694071-3db0-4860-aec0-2e99d8c3c164,6,7,True,554,242,87.33088053676056
8,c6694071-3db0-4860-aec0-2e99d8c3c164,6,8,True,587,275,78.89439195504087
9,c6694071-3db0-4860-aec0-2e99d8c3c164,6,9,True,615,303,76.33339368775995
10,c6694071-3db0-4860-aec0-2e99d8c3c164,6,10,True,645,333,78.11671962886004
11,c6694071-3db0-4860-aec0-2e99d8c3c164,6,11,True,671,359,77.55278048876261
12,c6694071-3db0-4860-aec0-2e99d8c3c164,6,12,True,704,392,76.30208543540027
13,c6694071-3db0-4860-aec0-2e99d8c3c164,6,13,True,737,425,80.00961428084491
14,c6694071-3db0-4860-aec0-2e99d8c3c164,6,14,True,765,453,72.19141197614067
15,c6694071-3db0-4860-aec0-2e99d8c3c164,6,15,True,799,487,96.50827311143325
16,c6694071-3db0-4860-aec0-2e99d8c3c164,6,16,True,823,511,100.37986459983324
17,c6694071-3db0-4860-aec0-2e99d8c3c164,6,17,True,850,538,80.87242198530032
18,c6694071-3db0-4860-aec0-2e99d8c3c164,6,18,True,878,566,87.53341695586573
19,c6694071-3db0-4860-aec0-2e99d8c3c164,6,19,True,910,598,79.08982660389415
20,c6694071-3db0-4860-aec0-2e99d8c3c164,6,20,True,952,640,69.92946588357233
21,c6694071-3db0-4860-aec0-2e99d8c3c164,6,21,True,974,662,73.96435835260309
22,c6694071-3db0-4860-aec0-2e99d8c3c164,6,22,True,992,680,69.54581321849241
23,c6694071-3db0-4860-aec0-2e99d8c3c164,6,23,True,1021,709,93.46327898835307
24,c6694071-3db0-4860-aec0-2e99d8c3c164,6,24,True,1058,746,82.5112818874079
25,c6694071-3db0-4860-aec0-2e99d8c3c164,6,25,True,1085,773,76.4880069563228
26,c6694071-3db0-4860-aec0-2e99d8c3c164,6,26,True,1109,797,66.66177166569241
27,c6694071-3db0-4860-aec0-2e99d8c3c164,6,27,True,1145,833,84.93161035042635
28,c6694071-3db0-4860-aec0-2e99d8c3c164,6,28,True,1180,868,77.18563482703166
29,c6694071-3db0-4860-aec0-2e99d8c3c164,6,29,True,1216,904,68.2779104942606
30,c6694071-3db0-4860-aec0-2e99d8c3c164,6,30,True,1245,933,71.20936119960163
31,c6694071-3db0-4860-aec0-2e99d8c3c164,6,31,True,1283,971,67.85673182183359
32,c6694071-3db0-4860-aec0-2e99d8c3c164,6,32,True,1311,999,69.39707176898332
33,c6694071-3db0-4860-aec0-2e99d8c3c164,6,33,True,1339,1027,78.21947488702222
34,c6694071-3db0-4860-aec0-2e99d8c3c164,6,34,True,1374,1062,74.76168017546411
35,c6694071-3db0-4860-aec0-2e99d8c3c164,6,35,True,1413,1101,70.03985322349672
36,c6694071-3db0-4860-aec0-2e99d8c3c164,6,36,True,1436,1124,74.26331345309768
37,c6694071-3db0-4860-aec0-2e99d8c3c164,6,37,True,1472,1160,78.98270306897393
38,c6694071-3db0-4860-aec0-2e99d8c3c164,6,38,True,1508,1196,71.57275223245233
39,c6694071-3db0-4860-aec0-2e99d8c3c164,6,39,True,1540,1228,66.59683774368386
40,c6694071-3db0-4860-aec0-2e99d8c3c164,6,40,True,1568,1256,62.92719062267406
41,c6694071-3db0-4860-aec0-2e99d8c3c164,6,41,True,1608,1296,74.6695121388118
42,c6694071-3db0-4860-aec0-2e99d8c3c164,6,42,True,1638,1326,86.39287630807803
43,c6694071-3db0-4860-aec0-2e99d8c3c164,6,43,True,1664,1352,68.08934733619412
44,c6694071-3db0-4860-aec0-2e99d8c3c164,6,44,True,1692,1380,87.64510105933527
45,c6694071-3db0-4860-aec0-2e99d8c3c164,6,45,True,1725,1413,68.13861702338022
46,c6694071-3db0-4860-aec0-2e99d8c3c164,6,46,True,1762,1450,81.60356063311133
47,c6694071-3db0-4860-aec0-2e99d8c3c164,6,47,True,1801,1489,102.46193556174808
48,c6694071-3db0-4860-aec0-2e99d8c3c164,6,48,True,1829,1517,83.38452099513665
49,c6694071-3db0-4860-aec0-2e99d8c3c164,6,49,True,1855,1543,86.35903660499162
50,c6694071-3db0-4860-aec0-2e99d8c3c164,6,50,True,1885,1573,97.15442007362776
51,c6694071-3db0-4860-aec0-2e99d8c3c164,6,51,True,1908,1596,90.39554033803302
52,c6694071-3db0-4860-aec0-2e99d8c3c164,6,52,True,1951,1639,78.8093057937756
53,c6694071-3db0-4860-aec0-2e99d8c3c164,6,53,True,1982,1670,78.93276465270219
54,c6694071-3db0-4860-aec0-2e99d8c3c164,6,54,True,2011,1699,86.07613674584854
55,c6694071-3db0-4860-aec0-2e99d8c3c164,6,55,True,2057,1745,99.17662555597349
56,c6694071-3db0-4860-aec0-2e99d8c3c164,6,56,True,2088,1776,84.18779319814075
57,c6694071-3db0-4860-aec0-2e99d8c3c164,6,57,True,2115,1803,70.76323376310347
58,c6694071-3db0-4860-aec0-2e99d8c3c164,6,58,True,2148,1836,80.59570559117674
59,c6694071-3db0-4860-aec0-2e99d8c3c164,6,59,True,2167,1855,87.61608967130906
60,c6694071-3db0-4860-aec0-2e99d8c3c164,6,60,True,2207,1895,121.80892368024661
61,c6694071-3db0-4860-aec0-2e99d8c3c164,6,61,True,2231,1919,95.45626189805216
62,c6694071-3db0-4860-aec0-2e99d8c3c164,6,62,True,2265,1953,89.23665944532581
63,c6694071-3db0-4860-aec0-2e99d8c3c164,6,63,True,2292,1980,92.45715421804698
64,c6694071-3db0-4860-aec0-2e99d8c3c164,6,64,True,2321,2009,87.55345559963007
65,c6694071-3db0-4860-aec0-2e99d8c3c164,6,65,True,2354,2042,75.59051795843698
66,c6694071-3db0-4860-aec0-2e99d8c3c164,6,66,True,2382,2070,81.56002856055511
67,c6694071-3db0-4860-aec0-2e99d8c3c164,6,67,True,2416,2104,73.96708071458352
68,c6694071-3db0-4860-aec0-2e99d8c3c164,6,68,True,2447,2135,80.60250735454292
69,c6694071-3db0-4860-aec0-2e99d8c3c164,6,69,True,2481,2169,73.05903516668332
70,c6694071-3db0-4860-aec0-2e99d8c3c164,6,70,True,2515,2203,75.16673315638218
71,c6694071-3db0-4860-aec0-2e99d8c3c164,6,71,True,2557,2245,71.556743976495
72,c6694071-3db0-4860-aec0-2e99d8c3c164,6,72,True,2585,2273,73.83654019748792
73,c6694071-3db0-4860-aec0-2e99d8c3c164,6,73,True,2626,2314,60.78897787918095
74,c6694071-3db0-4860-aec0-2e99d8c3c164,6,74,True,2653,2341,64.75574805170936
75,c6694071-3db0-4860-aec0-2e99d8c3c164,6,75,True,2690,2378,68.74121641616239
76,c6694071-3db0-4860-aec0-2e99d8c3c164,6,76,True,2722,2410,71.22375340096869
77,c6694071-3db0-4860-aec0-2e99d8c3c164,6,77,True,2762,2450,86.74306623524035
78,c6694071-3db0-4860-aec0-2e99d8c3c164,6,78,True,2790,2478,61.32935358143732
79,c6694071-3db0-4860-aec0-2e99d8c3c164,6,79,True,2829,2517,68.12274132716493
80,c6694071-3db0-4860-aec0-2e99d8c3c164,6,80,True,2863,2551,74.042000655229
81,c6694071-3db0-4860-aec0-2e99d8c3c164,6,81,True,2888,2576,75.5046431158762
82,c6694071-3db0-4860-aec0-2e99d8c3c164,6,82,True,2921,2609,66.30272961168839
83,c6694071-3db0-4860-aec0-2e99d8c3c164,6,83,True,2944,2632,86.0430960852027
84,c6694071-3db0-4860-aec0-2e99d8c3c164,6,84,True,2976,2664,74.5676569813877
85,c6694071-3db0-4860-aec0-2e99d8c3c164,6,85,True,3010,2698,82.57496488385641
86,c6694071-3db0-4860-aec0-2e99d8c3c164,6,86,True,3045,2733,81.44342871735171
87,c6694071-3db0-4860-aec0-2e99d8c3c164,6,87,True,3073,2761,90.5872983307745
88,c6694071-3db0-4860-aec0-2e99d8c3c164,6,88,True,3107,2795,82.89594874092563
89,c6694071-3db0-4860-aec0-2e99d8c3c164,6,89,True,3141,2829,73.17210724333881
90,c6694071-3db0-4860-aec0-2e99d8c3c164,6,90,True,3163,2851,71.66522994197248
91,c6694071-3db0-4860-aec0-2e99d8c3c164,6,91,True,3190,2878,76.49598752549036
92,c6694071-3db0-4860-aec0-2e99d8c3c164,6,92,True,3229,2917,75.6247158096744
93,c6694071-3db0-4860-aec0-2e99d8c3c164,6,93,True,3266,2954,72.69839529477986
94,c6694071-3db0-4860-aec0-2e99d8c3c164,6,94,True,3298,2986,68.86954474817139
95,c6694071-3db0-4860-aec0-2e99d8c3c164,6,95,True,3324,3012,73.48855178521308
96,c6694071-3db0-4860-aec0-2e99d8c3c164,6,96,True,3351,3039,74.7580865803152
97,c6694071-3db0-4860-aec0-2e99d8c3c164,6,97,True,3385,3073,79.18312648819756
98,c6694071-3db0-4860-aec0-2e99d8c3c164,6,98,True,3427,3115,81.72462378141972
99,c6694071-3db0-4860-aec0-2e99d8c3c164,6,99,True,3468,3156,71.22106454077812
100,c6694071-3db0-4860-aec0-2e99d8c3c164,6,100,True,3498,3186,77.73151135118496
101,c6694071-3db0-4860-aec0-2e99d8c3c164,6,101,True,3526,3214,81.16428240232517
102,c6694071-3db0-4860-aec0-2e99d8c3c164,6,102,True,3564,3252,76.55085846005068
103,c6694071-3db0-4860-aec0-2e99d8c3c164,6,103,True,3589,3277,79.35208823182302
104,c6694071-3db0-4860-aec0-2e99d8c3c164,6,104,True,3631,3319,73.80353273115998
105,c6694071-3db0-4860-aec0-2e99d8c3c164,6,105,True,3663,3351,100.28017055784949
106,c6694071-3db0-4860-aec0-2e99d8c3c164,6,106,True,3687,3375,73.8727319049849
107,c6694071-3db0-4860-aec0-2e99d8c3c164,6,107,True,3726,3414,73.40623963531152
108,c6694071-3db0-4860-aec0-2e99d8c3c164,6,108,True,3761,3449,81.7939520960067
109,c6694071-3db0-4860-aec0-2e99d8c3c164,6,109,True,3790,3478,71.1640906466323
110,c6694071-3db0-4860-aec0-2e99d8c3c164,6,110,True,3821,3509,73.5201344292891
111,c6694071-3db0-4860-aec0-2e99d8c3c164,6,111,True,3858,3546,76.30960035953285
112,c6694071-3db0-4860-aec0-2e99d8c3c164,6,112,True,3893,3581,70.31660618753403
113,c6694071-3db0-4860-aec0-2e99d8c3c164,6,113,True,3932,3620,63.71428247693575
114,c6694071-3db0-4860-aec0-2e99d8c3c164,6,114,True,3961,3649,65.78738009809013
115,c6694071-3db0-4860-aec0-2e99d8c3c164,6,115,True,3993,3681,64.30227890342667
116,c6694071-3db0-4860-aec0-2e99d8c3c164,6,116,True,4024,3712,75.56236972148008
117,c6694071-3db0-4860-aec0-2e99d8c3c164,6,117,True,4051,3739,68.39098707757375
118,c6694071-3db0-4860-aec0-2e99d8c3c164,6,118,True,4065,3753,72.50756163681854
119,c6694071-3db0-4860-aec0-2e99d8c3c164,6,119,True,4102,3790,69.40993935809729
120,c6694071-3db0-4860-aec0-2e99d8c3c164,6,120,True,4126,3814,81.09386772731432
121,c6694071-3db0-4860-aec0-2e99d8c3c164,6,121,True,4162,3850,76.52294691483394
122,c6694071-3db0-4860-aec0-2e99d8c3c164,6,122,True,4195,3883,74.30833655596552
123,c6694071-3db0-4860-aec0-2e99d8c3c164,6,123,True,4214,3902,71.44565204252604
124,c6694071-3db0-4860-aec0-2e99d8c3c164,6,124,True,4246,3934,95.08496394791564
125,c6694071-3db0-4860-aec0-2e99d8c3c164,6,125,True,4277,3965,91.39222922486806
126,c6694071-3db0-4860-aec0-2e99d8c3c164,6,126,True,4314,4002,88.8762935644022
127,c6694071-3db0-4860-aec0-2e99d8c3c164,6,127,True,4344,4032,83.2261983578992
128,c6694071-3db0-4860-aec0-2e99d8c3c164,6,128,True,4382,4070,87.22842820126516
129,c6694071-3db0-4860-aec0-2e99d8c3c164,6,129,True,4412,4100,72.68936489463431
130,c6694071-3db0-4860-aec0-2e99d8c3c164,6,130,True,4437,4125,75.60011888933786
131,c6694071-3db0-4860-aec0-2e99d8c3c164,6,131,True,4469,4157,77.01036716512499
132,c6694071-3db0-4860-aec0-2e99d8c3c164,6,132,True,4503,4191,72.7654929136761
133,c6694071-3db0-4860-aec0-2e99d8c3c164,6,133,True,4547,4235,65.67584832574721
134,c6694071-3db0-4860-aec0-2e99d8c3c164,6,134,True,4579,4267,65.02565240858439
135,c6694071-3db0-4860-aec0-2e99d8c3c164,6,135,True,4609,4297,62.133649112632156
136,c6694071-3db0-4860-aec0-2e99d8c3c164,6,136,True,4638,4326,76.04627897846149
137,c6694071-3db0-4860-aec0-2e99d8c3c164,6,137,True,4656,4344,82.50271216017245
138,c6694071-3db0-4860-aec0-2e99d8c3c164,6,138,True,4694,4382,78.4162758277871
139,c6694071-3db0-4860-aec0-2e99d8c3c164,6,139,True,4725,4413,73.63271375564818
140,c6694071-3db0-4860-aec0-2e99d8c3c164,6,140,True,4756,4444,66.90962085536557
141,c6694071-3db0-4860-aec0-2e99d8c3c164,6,141,True,4781,4469,71.13539350503106
142,c6694071-3db0-4860-aec0-2e99d8c3c164,6,142,True,4810,4498,72.49725709704671
143,c6694071-3db0-4860-aec0-2e99d8c3c164,6,143,True,4843,4531,71.87408899673574
144,c6694071-3db0-4860-aec0-2e99d8c3c164,6,144,True,4872,4560,86.95878630871812
145,c6694071-3db0-4860-aec0-2e99d8c3c164,6,145,True,4903,4591,62.986372264040256
146,c6694071-3db0-4860-aec0-2e99d8c3c164,6,146,True,4937,4625,82.13448031366897
147,c6694071-3db0-4860-aec0-2e99d8c3c164,6,147,True,4958,4646,82.0053232871278
148,c6694071-3db0-4860-aec0-2e99d8c3c164,6,148,True,5000,4688,80.46126759375238
149,c6694071-3db0-4860-aec0-2e99d8c3c164,6,149,True,5029,4717,77.04084927734675
150,c6694071-3db0-4860-aec0-2e99d8c3c164,6,150,True,5059,4747,78.9950315135793
151,c6694071-3db0-4860-aec0-2e99d8c3c164,6,151,True,5102,4790,63.68956130573133
152,c6694071-3db0-4860-aec0-2e99d8c3c164,6,152,True,5128,4816,65.31473931116307
153,c6694071-3db0-4860-aec0-2e99d8c3c164,6,153,True,5151,4839,72.5683018747377
154,c6694071-3db0-4860-aec0-2e99d8c3c164,6,154,True,5173,4861,69.43320240422236
155,c6694071-3db0-4860-aec0-2e99d8c3c164,6,155,True,5194,4882,78.69218322284996
156,c6694071-3db0-4860-aec0-2e99d8c3c164,6,156,True,5232,4920,79.9404986763193
157,c6694071-3db0-4860-aec0-2e99d8c3c164,6,157,True,5269,4957,75.35730050400161
158,c6694071-3db0-4860-aec0-2e99d8c3c164,6,158,True,5292,4980,84.74727251217791
159,c6694071-3db0-4860-aec0-2e99d8c3c164,6,159,True,5325,5013,76.282698407309
160,c6694071-3db0-4860-aec0-2e99d8c3c164,6,160,True,5360,5048,86.49155797047206
161,c6694071-3db0-4860-aec0-2e99d8c3c164,6,161,True,5387,5075,90.97449432787198
162,c6694071-3db0-4860-aec0-2e99d8c3c164,6,162,True,5416,5104,93.96475652421486
163,c6694071-3db0-4860-aec0-2e99d8c3c164,6,163,True,5454,5142,84.41586617551457
164,c6694071-3db0-4860-aec0-2e99d8c3c164,6,164,True,5490,5178,78.16427177548667
165,c6694071-3db0-4860-aec0-2e99d8c3c164,6,165,True,5513,5201,87.21103773716914
166,c6694071-3db0-4860-aec0-2e99d8c3c164,6,166,True,5544,5232,90.51593285141371
167,c6694071-3db0-4860-aec0-2e99d8c3c164,6,167,True,5572,5260,84.33674473333394
168,c6694071-3db0-4860-aec0-2e99d8c3c164,6,168,True,5601,5289,78.30450119194211
169,c6694071-3db0-4860-aec0-2e99d8c3c164,6,169,True,5641,5329,71.29209280302257
170,c6694071-3db0-4860-aec0-2e99d8c3c164,6,170,True,5685,5373,87.23978017173795
171,c6694071-3db0-4860-aec0-2e99d8c3c164,6,171,True,5718,5406,84.91650064295754
172,c6694071-3db0-4860-aec0-2e99d8c3c164,6,172,True,5746,5434,96.08611711738467
173,c6694071-3db0-4860-aec0-2e99d8c3c164,6,173,True,5780,5468,88.04682695680458
174,c6694071-3db0-4860-aec0-2e99d8c3c164,6,174,True,5816,5504,96.76169946094251
175,c6694071-3db0-4860-aec0-2e99d8c3c164,6,175,True,5838,5526,124.60080814360299
176,c6694071-3db0-4860-aec0-2e99d8c3c164,6,176,True,5858,5546,81.42571816037616
177,c6694071-3db0-4860-aec0-2e99d8c3c164,6,177,True,5888,5576,77.17862119895563
178,c6694071-3db0-4860-aec0-2e99d8c3c164,6,178,True,5917,5605,103.16842488164184
179,c6694071-3db0-4860-aec0-2e99d8c3c164,6,179,True,5941,5629,93.38282748117126
180,c6694071-3db0-4860-aec0-2e99d8c3c164,6,180,True,5974,5662,97.25116038940632
181,c6694071-3db0-4860-aec0-2e99d8c3c164,6,181,True,5996,5684,91.74897195217272
182,c6694071-3db0-4860-aec0-2e99d8c3c164,6,182,True,6031,5719,95.07452111963448
183,c6694071-3db0-4860-aec0-2e99d8c3c164,6,183,True,6060,5748,83.23550226223506
184,c6694071-3db0-4860-aec0-2e99d8c3c164,6,184,True,6089,5777,98.36023786934857
185,c6694071-3db0-4860-aec0-2e99d8c3c164,6,185,True,6125,5813,86.27802838506523
186,c6694071-3db0-4860-aec0-2e99d8c3c164,6,186,True,6155,5843,138.66923849223258
187,c6694071-3db0-4860-aec0-2e99d8c3c164,6,187,True,6178,5866,113.15561542995783
188,c6694071-3db0-4860-aec0-2e99d8c3c164,6,188,True,6198,5886,129.70465297678675
189,c6694071-3db0-4860-aec0-2e99d8c3c164,6,189,True,6221,5909,116.22874532911828
190,c6694071-3db0-4860-aec0-2e99d8c3c164,6,190,True,6256,5944,125.82336304248292
191,c6694071-3db0-4860-aec0-2e99d8c3c164,6,191,True,6302,5990,102.34514746895911
192,c6694071-3db0-4860-aec0-2e99d8c3c164,6,192,True,6329,6017,127.2069419079262
193,c6694071-3db0-4860-aec0-2e99d8c3c164,6,193,True,6350,6038,111.00172421096886
194,c6694071-3db0-4860-aec0-2e99d8c3c164,6,194,True,6383,6071,101.46940348580574
195,c6694071-3db0-4860-aec0-2e99d8c3c164,6,195,True,6413,6101,98.3005320802904
196,c6694071-3db0-4860-aec0-2e99d8c3c164,6,196,True,6446,6134,132.76419370330132
197,c6694071-3db0-4860-aec0-2e99d8c3c164,6,197,True,6464,6152,93.12916000065525
198,c6694071-3db0-4860-aec0-2e99d8c3c164,6,198,True,6494,6182,104.66567035499975
199,c6694071-3db0-4860-aec0-2e99d8c3c164,6,199,True,6521,6209,85.8220851932092
200,c6694071-3db0-4860-aec0-2e99d8c3c164,6,200,True,6552,6240,105.44588230924182
201,c6694071-3db0-4860-aec0-2e99d8c3c164,6,201,True,6585,6273,96.43474366366081
202,c6694071-3db0-4860-aec0-2e99d8c3c164,6,202,True,6620,6308,85.95767005988364
203,c6694071-3db0-4860-aec0-2e99d8c3c164,6,203,True,6648,6336,85.3676216289623
204,c6694071-3db0-4860-aec0-2e99d8c3c164,6,204,True,6682,6370,93.48268605167596
205,c6694071-3db0-4860-aec0-2e99d8c3c164,6,205,True,6722,6410,79.61709192710805
206,c6694071-3db0-4860-aec0-2e99d8c3c164,6,206,True,6755,6443,72.24324814473857
207,c6694071-3db0-4860-aec0-2e99d8c3c164,6,207,True,6773,6461,75.49503795701094
208,c6694071-3db0-4860-aec0-2e99d8c3c164,6,208,True,6802,6490,87.33754811117069
209,c6694071-3db0-4860-aec0-2e99d8c3c164,6,209,True,6835,6523,83.00646361623785
210,c6694071-3db0-4860-aec0-2e99d8c3c164,6,210,True,6873,6561,84.32683201680084
211,c6694071-3db0-4860-aec0-2e99d8c3c164,6,211,True,6903,6591,72.24381368142895
212,c6694071-3db0-4860-aec0-2e99d8c3c164,6,212,True,6941,6629,86.29919112864718
213,c6694071-3db0-4860-aec0-2e99d8c3c164,6,213,True,6971,6659,83.22730287794275
214,c6694071-3db0-4860-aec0-2e99d8c3c164,6,214,True,7015,6703,71.48819435760379
215,c6694071-3db0-4860-aec0-2e99d8c3c164,6,215,True,7041,6729,73.34982919614413
216,c6694071-3db0-4860-aec0-2e99d8c3c164,6,216,True,7074,6762,75.91999420894354
217,c6694071-3db0-4860-aec0-2e99d8c3c164,6,217,True,7097,6785,68.61307006910283
218,c6694071-3db0-4860-aec0-2e99d8c3c164,6,218,True,7129,6817,77.5909597428772
219,c6694071-3db0-4860-aec0-2e99d8c3c164,6,219,True,7161,6849,70.60430111981987
220,c6694071-3db0-4860-aec0-2e99d8c3c164,6,220,True,7193,6881,63.62464220604397
221,c6694071-3db0-4860-aec0-2e99d8c3c164,6,221,True,7232,6920,81.06105711266264
222,c6694071-3db0-4860-aec0-2e99d8c3c164,6,222,True,7256,6944,81.19712392837573
223,c6694071-3db0-4860-aec0-2e99d8c3c164,6,223,True,7292,6980,93.42487437240197
224,c6694071-3db0-4860-aec0-2e99d8c3c164,6,224,True,7327,7015,83.6677671439902
225,c6694071-3db0-4860-aec0-2e99d8c3c164,6,225,True,7351,7039,82.26393811021171
226,c6694071-3db0-4860-aec0-2e99d8c3c164,6,226,True,7380,7068,78.90577929785104
227,c6694071-3db0-4860-aec0-2e99d8c3c164,6,227,True,7409,7097,69.91962816358955
228,c6694071-3db0-4860-aec0-2e99d8c3c164,6,228,True,7449,7137,71.45289750144275
229,c6694071-3db0-4860-aec0-2e99d8c3c164,6,229,True,7480,7168,69.72791903452799
230,c6694071-3db0-4860-aec0-2e99d8c3c164,6,230,True,7509,7197,76.81646074444961
231,c6694071-3db0-4860-aec0-2e99d8c3c164,6,231,True,7540,7228,96.51952150623765
232,c6694071-3db0-4860-aec0-2e99d8c3c164,6,232,True,7571,7259,90.7403541408521
233,c6694071-3db0-4860-aec0-2e99d8c3c164,6,233,True,7604,7292,83.67734663416286
234,c6694071-3db0-4860-aec0-2e99d8c3c164,6,234,True,7625,7313,86.71510383339046
235,c6694071-3db0-4860-aec0-2e99d8c3c164,6,235,True,7649,7337,118.89814588704667
236,c6694071-3db0-4860-aec0-2e99d8c3c164,6,236,True,7673,7361,97.23546779664775
237,c6694071-3db0-4860-aec0-2e99d8c3c164,6,237,True,7698,7386,136.13904353129874
238,c6694071-3db0-4860-aec0-2e99d8c3c164,6,238,True,7738,7426,147.30623598794227
239,c6694071-3db0-4860-aec0-2e99d8c3c164,6,239,True,7772,7460,110.85525493401565
240,c6694071-3db0-4860-aec0-2e99d8c3c164,6,240,True,7798,7486,110.73003470030471
241,c6694071-3db0-4860-aec0-2e99d8c3c164,6,241,True,7823,7511,90.72036499904607
242,c6694071-3db0-4860-aec0-2e99d8c3c164,6,242,True,7848,7536,127.61057151109344
243,c6694071-3db0-4860-aec0-2e99d8c3c164,6,243,True,7871,7559,113.95626568578427
244,c6694071-3db0-4860-aec0-2e99d8c3c164,6,244,True,7897,7585,129.76436535948233
245,c6694071-3db0-4860-aec0-2e99d8c3c164,6,245,True,7928,7616,101.49397266904725
246,c6694071-3db0-4860-aec0-2e99d8c3c164,6,246,True,7961,7649,125.84460006685367
247,c6694071-3db0-4860-aec0-2e99d8c3c164,6,247,True,7981,7669,110.06589012982477
248,c6694071-3db0-4860-aec0-2e99d8c3c164,6,248,True,8018,7706,101.23327106950273
249,c6694071-3db0-4860-aec0-2e99d8c3c164,6,249,True,8043,7731,93.51697166213489
250,c6694071-3db0-4860-aec0-2e99d8c3c164,6,250,True,8072,7760,109.94646982494396
251,c6694071-3db0-4860-aec0-2e99d8c3c164,6,251,True,8105,7793,103.45215812105653
252,c6694071-3db0-4860-aec0-2e99d8c3c164,6,252,True,8136,7824,96.83635750828398
253,c6694071-3db0-4860-aec0-2e99d8c3c164,6,253,True,8167,7855,97.370608932918
254,c6694071-3db0-4860-aec0-2e99d8c3c164,6,254,True,8190,7878,85.62766155001555
255,c6694071-3db0-4860-aec0-2e99d8c3c164,6,255,True,8222,7910,102.79940296452969
256,c6694071-3db0-4860-aec0-2e99d8c3c164,6,256,True,8249,7937,98.29392791922874
257,c6694071-3db0-4860-aec0-2e99d8c3c164,6,257,True,8275,7963,96.69134832550117
258,c6694071-3db0-4860-aec0-2e99d8c3c164,6,258,True,8308,7996,99.33051176276604
259,c6694071-3db0-4860-aec0-2e99d8c3c164,6,259,True,8344,8032,136.32174041771668
260,c6694071-3db0-4860-aec0-2e99d8c3c164,6,260,True,8366,8054,103.65735167822368
261,c6694071-3db0-4860-aec0-2e99d8c3c164,6,261,True,8399,8087,107.47244017838784
262,c6694071-3db0-4860-aec0-2e99d8c3c164,6,262,True,8429,8117,103.79436223291304
263,c6694071-3db0-4860-aec0-2e99d8c3c164,6,263,True,8456,8144,101.52849895124018
264,c6694071-3db0-4860-aec0-2e99d8c3c164,6,264,True,8490,8178,94.89358535540305
265,c6694071-3db0-4860-aec0-2e99d8c3c164,6,265,True,8523,8211,108.87340905463498
266,c6694071-3db0-4860-aec0-2e99d8c3c164,6,266,True,8546,8234,88.3272368735852
267,c6694071-3db0-4860-aec0-2e99d8c3c164,6,267,True,8573,8261,132.98220123783904
268,c6694071-3db0-4860-aec0-2e99d8c3c164,6,268,True,8598,8286,110.68481332486408
269,c6694071-3db0-4860-aec0-2e99d8c3c164,6,269,True,8620,8308,109.75476150906798
270,c6694071-3db0-4860-aec0-2e99d8c3c164,6,270,True,8650,8338,119.00717031315799
271,c6694071-3db0-4860-aec0-2e99d8c3c164,6,271,True,8673,8361,106.37990361274933
272,c6694071-3db0-4860-aec0-2e99d8c3c164,6,272,True,8710,8398,96.68634995934372
273,c6694071-3db0-4860-aec0-2e99d8c3c164,6,273,True,8735,8423,96.06014217309894
274,c6694071-3db0-4860-aec0-2e99d8c3c164,6,274,True,8776,8464,98.15053628447095
275,c6694071-3db0-4860-aec0-2e99d8c3c164,6,275,True,8808,8496,102.30277870330792
276,c6694071-3db0-4860-aec0-2e99d8c3c164,6,276,True,8844,8532,86.44001401709284
277,c6694071-3db0-4860-aec0-2e99d8c3c164,6,277,True,8872,8560,88.02689690029183
278,c6694071-3db0-4860-aec0-2e99d8c3c164,6,278,True,8903,8591,86.92871894430755
279,c6694071-3db0-4860-aec0-2e99d8c3c164,6,279,True,8926,8614,111.69092060821094
280,c6694071-3db0-4860-aec0-2e99d8c3c164,6,280,True,8954,8642,132.20715297673814
281,c6694071-3db0-4860-aec0-2e99d8c3c164,6,281,True,8979,8667,93.35182129461828
282,c6694071-3db0-4860-aec0-2e99d8c3c164,6,282,True,9011,8699,104.43887499461016
283,c6694071-3db0-4860-aec0-2e99d8c3c164,6,283,True,9039,8727,101.9103085888637
284,c6694071-3db0-4860-aec0-2e99d8c3c164,6,284,True,9067,8755,120.47449600078471
285,c6694071-3db0-4860-aec0-2e99d8c3c164,6,285,True,9094,8782,100.79224821154457
286,c6694071-3db0-4860-aec0-2e99d8c3c164,6,286,True,9130,8818,96.03245753775991
287,c6694071-3db0-4860-aec0-2e99d8c3c164,6,287,True,9161,8849,93.63335589154121
288,c6694071-3db0-4860-aec0-2e99d8c3c164,6,288,True,9190,8878,90.35298144393528
289,c6694071-3db0-4860-aec0-2e99d8c3c164,6,289,True,9214,8902,78.91270211375013
290,c6694071-3db0-4860-aec0-2e99d8c3c164,6,290,True,9256,8944,67.43853236971154
291,c6694071-3db0-4860-aec0-2e99d8c3c164,6,291,True,9277,8965,82.19304645663942
292,c6694071-3db0-4860-aec0-2e99d8c3c164,6,292,True,9309,8997,80.59714849387456
293,c6694071-3db0-4860-aec0-2e99d8c3c164,6,293,True,9333,9021,81.49796587241508
294,c6694071-3db0-4860-aec0-2e99d8c3c164,6,294,True,9359,9047,81.44158724261433
295,c6694071-3db0-4860-aec0-2e99d8c3c164,6,295,True,9384,9072,80.54567863760167
296,c6694071-3db0-4860-aec0-2e99d8c3c164,6,296,True,9418,9106,76.84521284528455
297,c6694071-3db0-4860-aec0-2e99d8c3c164,6,297,True,9447,9135,75.78658632756196
298,c6694071-3db0-4860-aec0-2e99d8c3c164,6,298,True,9476,9164,78.10711421628548
299,c6694071-3db0-4860-aec0-2e99d8c3c164,6,299,True,9506,9194,70.50595807781065
300,c6694071-3db0-4860-aec0-2e99d8c3c164,6,300,True,9537,9225,72.86945928323985
301,c6694071-3db0-4860-aec0-2e99d8c3c164,6,301,True,9573,9261,82.12359941642171
302,c6694071-3db0-4860-aec0-2e99d8c3c164,6,302,True,9602,9290,80.64044846998695
303,c6694071-3db0-4860-aec0-2e99d8c3c164,6,303,True,9642,9330,65.5200327601342
304,c6694071-3db0-4860-aec0-2e99d8c3c164,6,304,True,9675,9363,87.09341107405089
305,c6694071-3db0-4860-aec0-2e99d8c3c164,6,305,True,9699,9387,81.48548907629265
306,c6694071-3db0-4860-aec0-2e99d8c3c164,6,306,True,9732,9420,73.41962101685931
307,c6694071-3db0-4860-aec0-2e99d8c3c164,6,307,True,9771,9459,86.78090040024472
308,c6694071-3db0-4860-aec0-2e99d8c3c164,6,308,True,9795,9483,88.07802311352862
309,c6694071-3db0-4860-aec0-2e99d8c3c164,6,309,True,9822,9510,77.22326005370996
310,c6694071-3db0-4860-aec0-2e99d8c3c164,6,310,True,9851,9539,81.00953211133856
311,c6694071-3db0-4860-aec0-2e99d8c3c164,6,311,True,9875,9563,84.08707788347601
312,c6694071-3db0-4860-aec0-2e99d8c3c164,6,312,True,9912,9600,76.52784717996656
313,c6694071-3db0-4860-aec0-2e99d8c3c164,6,313,True,9938,9626,78.69452806935078
314,c6694071-3db0-4860-aec0-2e99d8c3c164,6,314,True,9973,9661,77.57556807918081
315,c6694071-3db0-4860-aec0-2e99d8c3c164,6,315,True,10008,9696,92.81202327548635
316,c6694071-3db0-4860-aec0-2e99d8c3c164,6,316,True,10035,9723,92.30973921238365
317,c6694071-3db0-4860-aec0-2e99d8c3c164,6,317,True,10068,9756,110.90692130640127
318,c6694071-3db0-4860-aec0-2e99d8c3c164,6,318,True,10099,9787,101.0050170227587
319,c6694071-3db0-4860-aec0-2e99d8c3c164,6,319,True,10124,9812,119.1497715797268
320,c6694071-3db0-4860-aec0-2e99d8c3c164,6,320,True,10155,9843,103.49196738253158
321,c6694071-3db0-4860-aec0-2e99d8c3c164,6,321,True,10197,9885,86.34829581737722
322,c6694071-3db0-4860-aec0-2e99d8c3c164,6,322,True,10232,9920,83.903913062848
323,c6694071-3db0-4860-aec0-2e99d8c3c164,6,323,True,10264,9952,76.08748117181494
324,c6694071-3db0-4860-aec0-2e99d8c3c164,6,324,True,10294,9982,77.21074201176816
325,c6694071-3db0-4860-aec0-2e99d8c3c164,6,325,True,10324,10012,81.16662891844317
326,c6694071-3db0-4860-aec0-2e99d8c3c164,6,326,True,10348,10036,93.07867672730572
327,c6694071-3db0-4860-aec0-2e99d8c3c164,6,327,True,10387,10075,91.5181264313178
328,c6694071-3db0-4860-aec0-2e99d8c3c164,6,328,True,10420,10108,138.11959275892877
329,c6694071-3db0-4860-aec0-2e99d8c3c164,6,329,True,10439,10127,87.24028355403789
330,c6694071-3db0-4860-aec0-2e99d8c3c164,6,330,True,10476,10164,111.07230604677716
331,c6694071-3db0-4860-aec0-2e99d8c3c164,6,331,True,10504,10192,101.92350273377997
332,c6694071-3db0-4860-aec0-2e99d8c3c164,6,332,True,10536,10224,99.93381976872297
333,c6694071-3db0-4860-aec0-2e99d8c3c164,6,333,True,10565,10253,98.67675950728517
334,c6694071-3db0-4860-aec0-2e99d8c3c164,6,334,True,10600,10288,89.53329343029873
335,c6694071-3db0-4860-aec0-2e99d8c3c164,6,335,True,10626,10314,77.37807609931951
336,c6694071-3db0-4860-aec0-2e99d8c3c164,6,336,True,10650,10338,81.16587132787208
337,c6694071-3db0-4860-aec0-2e99d8c3c164,6,337,True,10681,10369,73.8296380341053
338,c6694071-3db0-4860-aec0-2e99d8c3c164,6,338,True,10722,10410,71.30644941029095
339,c6694071-3db0-4860-aec0-2e99d8c3c164,6,339,True,10755,10443,86.76633021057569
340,c6694071-3db0-4860-aec0-2e99d8c3c164,6,340,True,10779,10467,78.478490858859
341,c6694071-3db0-4860-aec0-2e99d8c3c164,6,341,True,10810,10498,118.52777915034858
342,c6694071-3db0-4860-aec0-2e99d8c3c164,6,342,True,10831,10519,81.39488299243203
343,c6694071-3db0-4860-aec0-2e99d8c3c164,6,343,True,10857,10545,114.4405189980389
344,c6694071-3db0-4860-aec0-2e99d8c3c164,6,344,True,10889,10577,95.41886860681552
345,c6694071-3db0-4860-aec0-2e99d8c3c164,6,345,True,10925,10613,96.47708971873908
346,c6694071-3db0-4860-aec0-2e99d8c3c164,6,346,True,10957,10645,90.41755457576619
347,c6694071-3db0-4860-aec0-2e99d8c3c164,6,347,True,10987,10675,87.07931243185521
348,c6694071-3db0-4860-aec0-2e99d8c3c164,6,348,True,11012,10700,88.2475445408727
349,c6694071-3db0-4860-aec0-2e99d8c3c164,6,349,True,11041,10729,84.8528427703568
350,c6694071-3db0-4860-aec0-2e99d8c3c164,6,350,True,11075,10763,86.40585629870475
351,c6694071-3db0-4860-aec0-2e99d8c3c164,6,351,True,11110,10798,71.59824263450173
352,c6694071-3db0-4860-aec0-2e99d8c3c164,6,352,True,11136,10824,66.60716362620951
353,c6694071-3db0-4860-aec0-2e99d8c3c164,6,353,True,11173,10861,84.76745241069511
354,c6694071-3db0-4860-aec0-2e99d8c3c164,6,354,True,11207,10895,76.02176071215763
355,c6694071-3db0-4860-aec0-2e99d8c3c164,6,355,True,11230,10918,91.67051517832806
356,c6694071-3db0-4860-aec0-2e99d8c3c164,6,356,True,11267,10955,73.38891367865835
357,c6694071-3db0-4860-aec0-2e99d8c3c164,6,357,True,11301,10989,87.74482961193826
358,c6694071-3db0-4860-aec0-2e99d8c3c164,6,358,True,11329,11017,84.32581395557463
359,c6694071-3db0-4860-aec0-2e99d8c3c164,6,359,True,11355,11043,71.53160137095256
360,c6694071-3db0-4860-aec0-2e99d8c3c164,6,360,True,11380,11068,81.41690422038482
361,c6694071-3db0-4860-aec0-2e99d8c3c164,6,361,True,11410,11098,85.0791710862377
362,c6694071-3db0-4860-aec0-2e99d8c3c164,6,362,True,11447,11135,77.13218367427908
363,c6694071-3db0-4860-aec0-2e99d8c3c164,6,363,True,11474,11162,79.65273510064435
364,c6694071-3db0-4860-aec0-2e99d8c3c164,6,364,True,11507,11195,73.75683438089254
365,c6694071-3db0-4860-aec0-2e99d8c3c164,6,365,True,11540,11228,81.91856562279281
366,c6694071-3db0-4860-aec0-2e99d8c3c164,6,366,True,11572,11260,80.39015668229877
367,c6694071-3db0-4860-aec0-2e99d8c3c164,6,367,True,11600,11288,80.32711464050226
368,c6694071-3db0-4860-aec0-2e99d8c3c164,6,368,True,11636,11324,75.31459866426121
369,c6694071-3db0-4860-aec0-2e99d8c3c164,6,369,True,11675,11363,83.49257998966277
370,c6694071-3db0-4860-aec0-2e99d8c3c164,6,370,True,11714,11402,69.84473014614923
371,c6694071-3db0-4860-aec0-2e99d8c3c164,6,371,True,11744,11432,78.27887997281141
372,c6694071-3db0-4860-aec0-2e99d8c3c164,6,372,True,11771,11459,64.22192781571903
373,c6694071-3db0-4860-aec0-2e99d8c3c164,6,373,True,11804,11492,66.69787933826046
374,c6694071-3db0-4860-aec0-2e99d8c3c164,6,374,True,11829,11517,77.41554734242891
375,c6694071-3db0-4860-aec0-2e99d8c3c164,6,375,True,11852,11540,81.29293687359495
376,c6694071-3db0-4860-aec0-2e99d8c3c164,6,376,True,11879,11567,73.78812967441809
377,c6694071-3db0-4860-aec0-2e99d8c3c164,6,377,True,11913,11601,72.77070420794553
378,c6694071-3db0-4860-aec0-2e99d8c3c164,6,378,True,11939,11627,77.57713083709677
379,c6694071-3db0-4860-aec0-2e99d8c3c164,6,379,True,11978,11666,66.38084957299543
380,c6694071-3db0-4860-aec0-2e99d8c3c164,6,380,True,12011,11699,81.17130723917944
381,c6694071-3db0-4860-aec0-2e99d8c3c164,6,381,True,12041,11729,65.94687657178656
382,c6694071-3db0-4860-aec0-2e99d8c3c164,6,382,True,12072,11760,62.941296956933
383,c6694071-3db0-4860-aec0-2e99d8c3c164,6,383,True,12097,11785,63.52828323747235
384,c6694071-3db0-4860-aec0-2e99d8c3c164,6,384,True,12119,11807,84.21852735342509
385,c6694071-3db0-4860-aec0-2e99d8c3c164,6,385,True,12146,11834,82.88394829606477
386,c6694071-3db0-4860-aec0-2e99d8c3c164,6,386,True,12174,11862,106.03485431053195
387,c6694071-3db0-4860-aec0-2e99d8c3c164,6,387,True,12209,11897,95.99390956095522
388,c6694071-3db0-4860-aec0-2e99d8c3c164,6,388,True,12241,11929,88.92524639491057
389,c6694071-3db0-4860-aec0-2e99d8c3c164,6,389,True,12276,11964,85.00994129634455
390,c6694071-3db0-4860-aec0-2e99d8c3c164,6,390,True,12309,11997,77.50151828642993
391,c6694071-3db0-4860-aec0-2e99d8c3c164,6,391,True,12340,12028,76.34373070112451
392,c6694071-3db0-4860-aec0-2e99d8c3c164,6,392,True,12368,12056,73.68316429550941
393,c6694071-3db0-4860-aec0-2e99d8c3c164,6,393,True,12391,12079,69.86436892568236
394,c6694071-3db0-4860-aec0-2e99d8c3c164,6,394,True,12426,12114,68.54925913621446
395,c6694071-3db0-4860-aec0-2e99d8c3c164,6,395,True,12460,12148,72.04104072648079
396,c6694071-3db0-4860-aec0-2e99d8c3c164,6,396,True,12487,12175,72.88813906999349
397,c6694071-3db0-4860-aec0-2e99d8c3c164,6,397,True,12524,12212,93.76909661262471
398,c6694071-3db0-4860-aec0-2e99d8c3c164,6,398,True,12551,12239,73.72213426758026
399,c6694071-3db0-4860-aec0-2e99d8c3c164,6,399,True,12580,12268,69.44182676301716
400,c6694071-3db0-4860-aec0-2e99d8c3c164,6,400,True,12621,12309,62.4933018480624
401,c6694071-3db0-4860-aec0-2e99d8c3c164,6,401,True,12665,12353,70.03005648473118
402,c6694071-3db0-4860-aec0-2e99d8c3c164,6,402,True,12690,12378,69.57367862767023
403,c6694071-3db0-4860-aec0-2e99d8c3c164,6,403,True,12729,12417,88.15985665329208
404,c6694071-3db0-4860-aec0-2e99d8c3c164,6,404,True,12766,12454,69.64253056432244
405,c6694071-3db0-4860-aec0-2e99d8c3c164,6,405,True,12800,12488,78.4203344833295
406,c6694071-3db0-4860-aec0-2e99d8c3c164,6,406,True,12827,12515,75.65422242080967
407,c6694071-3db0-4860-aec0-2e99d8c3c164,6,407,True,12870,12558,74.22372666377487
408,c6694071-3db0-4860-aec0-2e99d8c3c164,6,408,True,12895,12583,78.79226678059422
409,c6694071-3db0-4860-aec0-2e99d8c3c164,6,409,True,12936,12624,84.84864750469933
410,c6694071-3db0-4860-aec0-2e99d8c3c164,6,410,True,12971,12659,79.92457940998065
411,c6694071-3db0-4860-aec0-2e99d8c3c164,6,411,True,13014,12702,68.61075312610046
412,c6694071-3db0-4860-aec0-2e99d8c3c164,6,412,True,13052,12740,66.259618833481
413,c6694071-3db0-4860-aec0-2e99d8c3c164,6,413,True,13080,12768,66.36024440830442
414,c6694071-3db0-4860-aec0-2e99d8c3c164,6,414,True,13106,12794,77.43583622221377
415,c6694071-3db0-4860-aec0-2e99d8c3c164,6,415,True,13127,12815,73.71774993885992
416,c6694071-3db0-4860-aec0-2e99d8c3c164,6,416,True,13155,12843,82.52991092947741
417,c6694071-3db0-4860-aec0-2e99d8c3c164,6,417,True,13175,12863,72.65553350665323
418,c6694071-3db0-4860-aec0-2e99d8c3c164,6,418,True,13207,12895,64.87890949761822
419,c6694071-3db0-4860-aec0-2e99d8c3c164,6,419,True,13235,12923,76.35509189396544
420,c6694071-3db0-4860-aec0-2e99d8c3c164,6,420,True,13274,12962,63.44866660935622
421,c6694071-3db0-4860-aec0-2e99d8c3c164,6,421,True,13300,12988,73.05174241011264
422,c6694071-3db0-4860-aec0-2e99d8c3c164,6,422,True,13339,13027,66.1616758492546
423,c6694071-3db0-4860-aec0-2e99d8c3c164,6,423,True,13378,13066,78.18346728280267
424,c6694071-3db0-4860-aec0-2e99d8c3c164,6,424,True,13420,13108,85.94738925837191
425,c6694071-3db0-4860-aec0-2e99d8c3c164,6,425,True,13456,13144,71.68003765783214
426,c6694071-3db0-4860-aec0-2e99d8c3c164,6,426,True,13487,13175,67.13800136087957
427,c6694071-3db0-4860-aec0-2e99d8c3c164,6,427,True,13523,13211,75.52536579680054
428,c6694071-3db0-4860-aec0-2e99d8c3c164,6,428,True,13553,13241,75.86127091815433
429,c6694071-3db0-4860-aec0-2e99d8c3c164,6,429,True,13580,13268,88.18295171671707
430,c6694071-3db0-4860-aec0-2e99d8c3c164,6,430,True,13609,13297,77.23970316340456
431,c6694071-3db0-4860-aec0-2e99d8c3c164,6,431,True,13637,13325,84.71513484426214
432,c6694071-3db0-4860-aec0-2e99d8c3c164,6,432,True,13654,13342,74.79418811282085
433,c6694071-3db0-4860-aec0-2e99d8c3c164,6,433,True,13683,13371,75.3381355679685
434,c6694071-3db0-4860-aec0-2e99d8c3c164,6,434,True,13719,13407,70.24837449698134
435,c6694071-3db0-4860-aec0-2e99d8c3c164,6,435,True,13749,13437,85.5003154567803
436,c6694071-3db0-4860-aec0-2e99d8c3c164,6,436,True,13792,13480,67.72411545857176
437,c6694071-3db0-4860-aec0-2e99d8c3c164,6,437,True,13825,13513,72.78688308673009
438,c6694071-3db0-4860-aec0-2e99d8c3c164,6,438,True,13868,13556,80.18163221548821
439,c6694071-3db0-4860-aec0-2e99d8c3c164,6,439,True,13901,13589,88.25259737380838
440,c6694071-3db0-4860-aec0-2e99d8c3c164,6,440,True,13927,13615,87.53943993228859
441,c6694071-3db0-4860-aec0-2e99d8c3c164,6,441,True,13953,13641,67.28245708425857
442,c6694071-3db0-4860-aec0-2e99d8c3c164,6,442,True,13989,13677,102.56134911616391
443,c6694071-3db0-4860-aec0-2e99d8c3c164,6,443,True,14018,13706,86.62267567198978
444,c6694071-3db0-4860-aec0-2e99d8c3c164,6,444,True,14053,13741,75.84857956232918
445,c6694071-3db0-4860-aec0-2e99d8c3c164,6,445,True,14090,13778,64.28783448065951
446,c6694071-3db0-4860-aec0-2e99d8c3c164,6,446,True,14116,13804,95.17516654110841
447,c6694071-3db0-4860-aec0-2e99d8c3c164,6,447,True,14149,13837,75.86683632001404
448,c6694071-3db0-4860-aec0-2e99d8c3c164,6,448,True,14176,13864,90.51149107811034
449,c6694071-3db0-4860-aec0-2e99d8c3c164,6,449,True,14214,13902,85.83533574638386
450,c6694071-3db0-4860-aec0-2e99d8c3c164,6,450,True,14248,13936,83.92168862783001
451,c6694071-3db0-4860-aec0-2e99d8c3c164,6,451,True,14270,13958,77.76104004824083
452,c6694071-3db0-4860-aec0-2e99d8c3c164,6,452,True,14299,13987,89.00923672888166
453,c6694071-3db0-4860-aec0-2e99d8c3c164,6,453,True,14334,14022,80.29750956908356
454,c6694071-3db0-4860-aec0-2e99d8c3c164,6,454,True,14356,14044,83.11234300833348
455,c6694071-3db0-4860-aec0-2e99d8c3c164,6,455,True,14390,14078,74.08273777829345
456,c6694071-3db0-4860-aec0-2e99d8c3c164,6,456,True,14428,14116,80.3269410200428
457,c6694071-3db0-4860-aec0-2e99d8c3c164,6,457,True,14459,14147,76.67616288953468
458,c6694071-3db0-4860-aec0-2e99d8c3c164,6,458,True,14496,14184,81.4503040101099
459,c6694071-3db0-4860-aec0-2e99d8c3c164,6,459,True,14530,14218,83.37104600411658
460,c6694071-3db0-4860-aec0-2e99d8c3c164,6,460,True,14557,14245,82.13133496221053
461,c6694071-3db0-4860-aec0-2e99d8c3c164,6,461,True,14594,14282,76.822435155942
462,c6694071-3db0-4860-aec0-2e99d8c3c164,6,462,True,14629,14317,72.04979374065078
463,c6694071-3db0-4860-aec0-2e99d8c3c164,6,463,True,14662,14350,87.59054854773422
464,c6694071-3db0-4860-aec0-2e99d8c3c164,6,464,True,14687,14375,78.19919949596988
465,c6694071-3db0-4860-aec0-2e99d8c3c164,6,465,True,14726,14414,90.19510423479733
466,c6694071-3db0-4860-aec0-2e99d8c3c164,6,466,True,14763,14451,76.53936673864519
467,c6694071-3db0-4860-aec0-2e99d8c3c164,6,467,True,14791,14479,80.54125523895163
468,c6694071-3db0-4860-aec0-2e99d8c3c164,6,468,True,14816,14504,85.26624352448198
469,c6694071-3db0-4860-aec0-2e99d8c3c164,6,469,True,14853,14541,74.22203590394929
470,c6694071-3db0-4860-aec0-2e99d8c3c164,6,470,True,14886,14574,76.32504504499411
471,c6694071-3db0-4860-aec0-2e99d8c3c164,6,471,True,14919,14607,84.75362763449448
472,c6694071-3db0-4860-aec0-2e99d8c3c164,6,472,True,14955,14643,76.62209193552371
473,c6694071-3db0-4860-aec0-2e99d8c3c164,6,473,True,14991,14679,79.6768705029881
474,c6694071-3db0-4860-aec0-2e99d8c3c164,6,474,True,15037,14725,68.73296261757241
475,c6694071-3db0-4860-aec0-2e99d8c3c164,6,475,True,15070,14758,80.07521126812208
476,c6694071-3db0-4860-aec0-2e99d8c3c164,6,476,True,15104,14792,82.13318975987931
477,c6694071-3db0-4860-aec0-2e99d8c3c164,6,477,True,15132,14820,67.59413605338341
478,c6694071-3db0-4860-aec0-2e99d8c3c164,6,478,True,15153,14841,75.41330635433224
479,c6694071-3db0-4860-aec0-2e99d8c3c164,6,479,True,15182,14870,74.51255944746299
480,c6694071-3db0-4860-aec0-2e99d8c3c164,6,480,True,15218,14906,81.2053263916332
481,c6694071-3db0-4860-aec0-2e99d8c3c164,6,481,True,15254,14942,67.4451368330283
482,c6694071-3db0-4860-aec0-2e99d8c3c164,6,482,True,15285,14973,102.31880564401217
483,c6694071-3db0-4860-aec0-2e99d8c3c164,6,483,True,15319,15007,95.70637516242459
484,c6694071-3db0-4860-aec0-2e99d8c3c164,6,484,True,15349,15037,68.2895455814978
485,c6694071-3db0-4860-aec0-2e99d8c3c164,6,485,True,15374,15062,70.19816297475882
486,c6694071-3db0-4860-aec0-2e99d8c3c164,6,486,True,15408,15096,84.55092551302005
487,c6694071-3db0-4860-aec0-2e99d8c3c164,6,487,True,15430,15118,77.65284486365272
488,c6694071-3db0-4860-aec0-2e99d8c3c164,6,488,True,15464,15152,74.85797525639828
489,c6694071-3db0-4860-aec0-2e99d8c3c164,6,489,True,15508,15196,73.5950675233671
490,c6694071-3db0-4860-aec0-2e99d8c3c164,6,490,True,15538,15226,84.18168093058011
491,c6694071-3db0-4860-aec0-2e99d8c3c164,6,491,True,15568,15256,72.96796962109693
492,c6694071-3db0-4860-aec0-2e99d8c3c164,6,492,True,15597,15285,77.0073519595444
493,c6694071-3db0-4860-aec0-2e99d8c3c164,6,493,True,15636,15324,86.79184253121639
494,c6694071-3db0-4860-aec0-2e99d8c3c164,6,494,True,15662,15350,93.11038916395592
495,c6694071-3db0-4860-aec0-2e99d8c3c164,6,495,True,15696,15384,96.25507532461779
496,c6694071-3db0-4860-aec0-2e99d8c3c164,6,496,True,15734,15422,86.1440330707519
497,c6694071-3db0-4860-aec0-2e99d8c3c164,6,497,True,15782,15470,63.02827242915009
498,c6694071-3db0-4860-aec0-2e99d8c3c164,6,498,True,15818,15506,87.066723786902
499,c6694071-3db0-4860-aec0-2e99d8c3c164,6,499,True,15842,15530,71.41041640831281
500,c6694071-3db0-4860-aec0-2e99d8c3c164,6,500,True,15883,15571,76.24171629773991
501,c6694071-3db0-4860-aec0-2e99d8c3c164,6,501,True,15920,15608,66.25240124258016
502,c6694071-3db0-4860-aec0-2e99d8c3c164,6,502,True,15943,15631,73.47852746303579
503,c6694071-3db0-4860-aec0-2e99d8c3c164,6,503,True,15977,15665,77.9911779946342
504,c6694071-3db0-4860-aec0-2e99d8c3c164,6,504,True,16003,15691,65.9275661080519
505,c6694071-3db0-4860-aec0-2e99d8c3c164,6,505,True,16023,15711,78.13244384196514
506,c6694071-3db0-4860-aec0-2e99d8c3c164,6,506,True,16050,15738,85.54828221510616
507,c6694071-3db0-4860-aec0-2e99d8c3c164,6,507,True,16078,15766,89.29172846865913
508,c6694071-3db0-4860-aec0-2e99d8c3c164,6,508,True,16107,15795,76.43608224592208
509,c6694071-3db0-4860-aec0-2e99d8c3c164,6,509,True,16140,15828,87.46137128637201
510,c6694071-3db0-4860-aec0-2e99d8c3c164,6,510,True,16176,15864,91.15944501154627
511,c6694071-3db0-4860-aec0-2e99d8c3c164,6,511,True,16207,15895,84.14726920187604
512,c6694071-3db0-4860-aec0-2e99d8c3c164,6,512,True,16231,15919,85.44423516583265
513,c6694071-3db0-4860-aec0-2e99d8c3c164,6,513,True,16264,15952,80.34166845483378
514,c6694071-3db0-4860-aec0-2e99d8c3c164,6,514,True,16296,15984,82.6210986851147
515,c6694071-3db0-4860-aec0-2e99d8c3c164,6,515,True,16324,16012,90.2401169362347
516,c6694071-3db0-4860-aec0-2e99d8c3c164,6,516,True,16346,16034,95.95912721428431
517,c6694071-3db0-4860-aec0-2e99d8c3c164,6,517,True,16361,16049,91.71818766263459
518,c6694071-3db0-4860-aec0-2e99d8c3c164,6,518,True,16390,16078,87.42331066142287
519,c6694071-3db0-4860-aec0-2e99d8c3c164,6,519,True,16422,16110,95.73080815537833
520,c6694071-3db0-4860-aec0-2e99d8c3c164,6,520,True,16459,16147,109.71819330855942
521,c6694071-3db0-4860-aec0-2e99d8c3c164,6,521,True,16484,16172,94.0404425621291
522,c6694071-3db0-4860-aec0-2e99d8c3c164,6,522,True,16517,16205,127.19383833478423
523,c6694071-3db0-4860-aec0-2e99d8c3c164,6,523,True,16536,16224,105.75560183639209
524,c6694071-3db0-4860-aec0-2e99d8c3c164,6,524,True,16571,16259,82.8903561539446
525,c6694071-3db0-4860-aec0-2e99d8c3c164,6,525,True,16599,16287,96.9820904574226
526,c6694071-3db0-4860-aec0-2e99d8c3c164,6,526,True,16621,16309,91.1494330258538
527,c6694071-3db0-4860-aec0-2e99d8c3c164,6,527,True,16653,16341,126.25639279718962
528,c6694071-3db0-4860-aec0-2e99d8c3c164,6,528,True,16683,16371,119.68281364604991
529,c6694071-3db0-4860-aec0-2e99d8c3c164,6,529,True,16715,16403,112.0605238259086
530,c6694071-3db0-4860-aec0-2e99d8c3c164,6,530,True,16737,16425,141.04588580354175
531,c6694071-3db0-4860-aec0-2e99d8c3c164,6,531,True,16764,16452,100.78829468471304
532,c6694071-3db0-4860-aec0-2e99d8c3c164,6,532,True,16803,16491,103.36928142677425
533,c6694071-3db0-4860-aec0-2e99d8c3c164,6,533,True,16828,16516,176.86599037997075
534,c6694071-3db0-4860-aec0-2e99d8c3c164,6,534,True,16862,16550,118.83911876784259
535,c6694071-3db0-4860-aec0-2e99d8c3c164,6,535,True,16894,16582,136.58484257781674
536,c6694071-3db0-4860-aec0-2e99d8c3c164,6,536,True,16920,16608,137.40145766709975
537,c6694071-3db0-4860-aec0-2e99d8c3c164,6,537,True,16941,16629,138.42956732042148
538,c6694071-3db0-4860-aec0-2e99d8c3c164,6,538,True,16968,16656,139.61350011669128
539,c6694071-3db0-4860-aec0-2e99d8c3c164,6,539,True,17006,16694,113.77624881792144
540,c6694071-3db0-4860-aec0-2e99d8c3c164,6,540,True,17041,16729,117.07611879266187
541,c6694071-3db0-4860-aec0-2e99d8c3c164,6,541,True,17070,16758,101.41358679030964
542,c6694071-3db0-4860-aec0-2e99d8c3c164,6,542,True,17108,16796,89.81819913824074
543,c6694071-3db0-4860-aec0-2e99d8c3c164,6,543,True,17138,16826,83.08996312188538
544,c6694071-3db0-4860-aec0-2e99d8c3c164,6,544,True,17169,16857,78.20065354895632
545,c6694071-3db0-4860-aec0-2e99d8c3c164,6,545,True,17209,16897,76.13297591168157
546,c6694071-3db0-4860-aec0-2e99d8c3c164,6,546,True,17236,16924,90.08576472771165
547,c6694071-3db0-4860-aec0-2e99d8c3c164,6,547,True,17276,16964,77.7354286009795
548,c6694071-3db0-4860-aec0-2e99d8c3c164,6,548,True,17309,16997,100.52782113445937
549,c6694071-3db0-4860-aec0-2e99d8c3c164,6,549,True,17344,17032,138.00831945885875
550,c6694071-3db0-4860-aec0-2e99d8c3c164,6,550,True,17369,17057,86.23361516220757
551,c6694071-3db0-4860-aec0-2e99d8c3c164,6,551,True,17418,17106,89.063559090122
552,c6694071-3db0-4860-aec0-2e99d8c3c164,6,552,True,17456,17144,83.76008231935339
553,c6694071-3db0-4860-aec0-2e99d8c3c164,6,553,True,17483,17171,80.08726240555188
554,c6694071-3db0-4860-aec0-2e99d8c3c164,6,554,True,17513,17201,78.62713919926682
555,c6694071-3db0-4860-aec0-2e99d8c3c164,6,555,True,17542,17230,83.81766113327467
556,c6694071-3db0-4860-aec0-2e99d8c3c164,6,556,True,17567,17255,83.83783647384189
557,c6694071-3db0-4860-aec0-2e99d8c3c164,6,557,True,17615,17303,85.84731299957639
558,c6694071-3db0-4860-aec0-2e99d8c3c164,6,558,True,17649,17337,95.56532272813638
559,c6694071-3db0-4860-aec0-2e99d8c3c164,6,559,True,17685,17373,83.76127286425617
560,c6694071-3db0-4860-aec0-2e99d8c3c164,6,560,True,17711,17399,91.32711209772606
561,c6694071-3db0-4860-aec0-2e99d8c3c164,6,561,True,17736,17424,82.72957796320043
562,c6694071-3db0-4860-aec0-2e99d8c3c164,6,562,True,17764,17452,70.5381474528549
563,c6694071-3db0-4860-aec0-2e99d8c3c164,6,563,True,17794,17482,87.83706556585093
564,c6694071-3db0-4860-aec0-2e99d8c3c164,6,564,True,17827,17515,95.05411363486928
565,c6694071-3db0-4860-aec0-2e99d8c3c164,6,565,True,17852,17540,72.56706848153772
566,c6694071-3db0-4860-aec0-2e99d8c3c164,6,566,True,17886,17574,92.4269605368645
567,c6694071-3db0-4860-aec0-2e99d8c3c164,6,567,True,17919,17607,84.07173543270983
568,c6694071-3db0-4860-aec0-2e99d8c3c164,6,568,True,17945,17633,107.02904274253524
569,c6694071-3db0-4860-aec0-2e99d8c3c164,6,569,True,17972,17660,89.31421914693783
570,c6694071-3db0-4860-aec0-2e99d8c3c164,6,570,True,18004,17692,82.88418904904393
571,c6694071-3db0-4860-aec0-2e99d8c3c164,6,571,True,18021,17709,89.18671413333504
572,c6694071-3db0-4860-aec0-2e99d8c3c164,6,572,True,18051,17739,85.73305624360728
573,c6694071-3db0-4860-aec0-2e99d8c3c164,6,573,True,18079,17767,81.725291892737
574,c6694071-3db0-4860-aec0-2e99d8c3c164,6,574,True,18096,17784,91.60564699751922
575,c6694071-3db0-4860-aec0-2e99d8c3c164,6,575,True,18130,17818,109.69561601818714
576,c6694071-3db0-4860-aec0-2e99d8c3c164,6,576,True,18160,17848,104.94637688377043
577,c6694071-3db0-4860-aec0-2e99d8c3c164,6,577,True,18191,17879,117.88875166713115
578,c6694071-3db0-4860-aec0-2e99d8c3c164,6,578,True,18215,17903,100.54132684220531
579,c6694071-3db0-4860-aec0-2e99d8c3c164,6,579,True,18243,17931,96.56861824930093
580,c6694071-3db0-4860-aec0-2e99d8c3c164,6,580,True,18269,17957,87.72162922020289
581,c6694071-3db0-4860-aec0-2e99d8c3c164,6,581,True,18317,18005,81.42910225543528
582,c6694071-3db0-4860-aec0-2e99d8c3c164,6,582,True,18351,18039,86.312656102029
583,c6694071-3db0-4860-aec0-2e99d8c3c164,6,583,True,18389,18077,75.49814963770405
584,c6694071-3db0-4860-aec0-2e99d8c3c164,6,584,True,18423,18111,71.92450444553833
585,c6694071-3db0-4860-aec0-2e99d8c3c164,6,585,True,18466,18154,67.43874652023078
586,c6694071-3db0-4860-aec0-2e99d8c3c164,6,586,True,18497,18185,73.88941020383936
587,c6694071-3db0-4860-aec0-2e99d8c3c164,6,587,True,18536,18224,66.15118437592537
588,c6694071-3db0-4860-aec0-2e99d8c3c164,6,588,True,18570,18258,64.23164506716057
589,c6694071-3db0-4860-aec0-2e99d8c3c164,6,589,True,18596,18284,72.69028861527477
590,c6694071-3db0-4860-aec0-2e99d8c3c164,6,590,True,18625,18313,67.22313609991761
591,c6694071-3db0-4860-aec0-2e99d8c3c164,6,591,True,18648,18336,76.85099016343884
592,c6694071-3db0-4860-aec0-2e99d8c3c164,6,592,True,18680,18368,78.65318837907398
593,c6694071-3db0-4860-aec0-2e99d8c3c164,6,593,True,18719,18407,74.63158032202045
594,c6694071-3db0-4860-aec0-2e99d8c3c164,6,594,True,18747,18435,81.13034417981544
595,c6694071-3db0-4860-aec0-2e99d8c3c164,6,595,True,18784,18472,84.64477877493118
596,c6694071-3db0-4860-aec0-2e99d8c3c164,6,596,True,18821,18509,75.13129614211721
597,c6694071-3db0-4860-aec0-2e99d8c3c164,6,597,True,18858,18546,69.41947177102702
598,c6694071-3db0-4860-aec0-2e99d8c3c164,6,598,True,18890,18578,64.6573308564657
599,c6694071-3db0-4860-aec0-2e99d8c3c164,6,599,True,18918,18606,58.31341854536731
600,c6694071-3db0-4860-aec0-2e99d8c3c164,6,600,True,18947,18635,70.34517886141475
601,c6694071-3db0-4860-aec0-2e99d8c3c164,6,601,True,18976,18664,74.74896755632653
602,c6694071-3db0-4860-aec0-2e99d8c3c164,6,602,True,19003,18691,71.95334457906574
603,c6694071-3db0-4860-aec0-2e99d8c3c164,6,603,True,19029,18717,73.00088619979215
604,c6694071-3db0-4860-aec0-2e99d8c3c164,6,604,True,19062,18750,67.43179298744872
605,c6694071-3db0-4860-aec0-2e99d8c3c164,6,605,True,19095,18783,75.88232389104087
606,c6694071-3db0-4860-aec0-2e99d8c3c164,6,606,True,19124,18812,82.55112300553083
607,c6694071-3db0-4860-aec0-2e99d8c3c164,6,607,True,19155,18843,72.18011921201833
608,c6694071-3db0-4860-aec0-2e99d8c3c164,6,608,True,19184,18872,80.84675234964016
609,c6694071-3db0-4860-aec0-2e99d8c3c164,6,609,True,19217,18905,70.62319655151805
610,c6694071-3db0-4860-aec0-2e99d8c3c164,6,610,True,19250,18938,67.82875189166589
611,c6694071-3db0-4860-aec0-2e99d8c3c164,6,611,True,19287,18975,78.33970393961135
612,c6694071-3db0-4860-aec0-2e99d8c3c164,6,612,True,19332,19020,68.8938941270062
613,c6694071-3db0-4860-aec0-2e99d8c3c164,6,613,True,19358,19046,71.04098484304996
614,c6694071-3db0-4860-aec0-2e99d8c3c164,6,614,True,19385,19073,85.7194109550619
615,c6694071-3db0-4860-aec0-2e99d8c3c164,6,615,True,19414,19102,83.48488460586304
616,c6694071-3db0-4860-aec0-2e99d8c3c164,6,616,True,19445,19133,98.29730350608224
617,c6694071-3db0-4860-aec0-2e99d8c3c164,6,617,True,19472,19160,83.65162236158721
618,c6694071-3db0-4860-aec0-2e99d8c3c164,6,618,True,19509,19197,88.01192512360285
619,c6694071-3db0-4860-aec0-2e99d8c3c164,6,619,True,19537,19225,68.042099322789
620,c6694071-3db0-4860-aec0-2e99d8c3c164,6,620,True,19572,19260,61.20502798650341
621,c6694071-3db0-4860-aec0-2e99d8c3c164,6,621,True,19602,19290,66.98211246606297
622,c6694071-3db0-4860-aec0-2e99d8c3c164,6,622,True,19627,19315,83.09432384764295
623,c6694071-3db0-4860-aec0-2e99d8c3c164,6,623,True,19652,19340,86.42194012518667
624,c6694071-3db0-4860-aec0-2e99d8c3c164,6,624,True,19687,19375,75.73635758716046
625,c6694071-3db0-4860-aec0-2e99d8c3c164,6,625,True,19719,19407,74.55884463452458
626,c6694071-3db0-4860-aec0-2e99d8c3c164,6,626,True,19765,19453,79.15496575001453
627,c6694071-3db0-4860-aec0-2e99d8c3c164,6,627,True,19802,19490,79.02595027595817
628,c6694071-3db0-4860-aec0-2e99d8c3c164,6,628,True,19846,19534,68.79116422707375
629,c6694071-3db0-4860-aec0-2e99d8c3c164,6,629,True,19872,19560,71.84295359315729
630,c6694071-3db0-4860-aec0-2e99d8c3c164,6,630,True,19905,19593,85.3222410440394
631,c6694071-3db0-4860-aec0-2e99d8c3c164,6,631,True,19934,19622,84.48249044096883
632,c6694071-3db0-4860-aec0-2e99d8c3c164,6,632,True,19970,19658,73.13719429956109
633,c6694071-3db0-4860-aec0-2e99d8c3c164,6,633,True,20007,19695,87.41650825696706
634,c6694071-3db0-4860-aec0-2e99d8c3c164,6,634,True,20041,19729,89.83457767431901
635,c6694071-3db0-4860-aec0-2e99d8c3c164,6,635,True,20074,19762,82.33946637991176
636,c6694071-3db0-4860-aec0-2e99d8c3c164,6,636,True,20107,19795,79.81973368455874
637,c6694071-3db0-4860-aec0-2e99d8c3c164,6,637,True,20142,19830,72.52822706687584
638,c6694071-3db0-4860-aec0-2e99d8c3c164,6,638,True,20168,19856,88.73567914761588
639,c6694071-3db0-4860-aec0-2e99d8c3c164,6,639,True,20201,19889,84.54020380973452
640,c6694071-3db0-4860-aec0-2e99d8c3c164,6,640,True,20227,19915,88.01857365616524
641,c6694071-3db0-4860-aec0-2e99d8c3c164,6,641,True,20260,19948,85.14389455819037
642,c6694071-3db0-4860-aec0-2e99d8c3c164,6,642,True,20295,19983,100.85546661037006
643,c6694071-3db0-4860-aec0-2e99d8c3c164,6,643,True,20325,20013,98.2214508226316
644,c6694071-3db0-4860-aec0-2e99d8c3c164,6,644,True,20349,20037,102.42496351051886
645,c6694071-3db0-4860-aec0-2e99d8c3c164,6,645,True,20384,20072,104.3336260034157
646,c6694071-3db0-4860-aec0-2e99d8c3c164,6,646,True,20411,20099,142.99861833890463
647,c6694071-3db0-4860-aec0-2e99d8c3c164,6,647,True,20437,20125,114.48826215793815
648,c6694071-3db0-4860-aec0-2e99d8c3c164,6,648,True,20463,20151,100.8776837012083
649,c6694071-3db0-4860-aec0-2e99d8c3c164,6,649,True,20484,20172,126.19364211254288
650,c6694071-3db0-4860-aec0-2e99d8c3c164,6,650,True,20505,20193,111.39850429234502
651,c6694071-3db0-4860-aec0-2e99d8c3c164,6,651,True,20531,20219,104.46091305420123
652,c6694071-3db0-4860-aec0-2e99d8c3c164,6,652,True,20570,20258,95.82550092856036
653,c6694071-3db0-4860-aec0-2e99d8c3c164,6,653,True,20602,20290,90.8066344333638
654,c6694071-3db0-4860-aec0-2e99d8c3c164,6,654,True,20630,20318,89.7687281483486
655,c6694071-3db0-4860-aec0-2e99d8c3c164,6,655,True,20662,20350,82.37224659270214
656,c6694071-3db0-4860-aec0-2e99d8c3c164,6,656,True,20693,20381,79.90638153154941
657,c6694071-3db0-4860-aec0-2e99d8c3c164,6,657,True,20718,20406,83.99263306949797
658,c6694071-3db0-4860-aec0-2e99d8c3c164,6,658,True,20744,20432,87.67743097628409
659,c6694071-3db0-4860-aec0-2e99d8c3c164,6,659,True,20766,20454,88.1679717301522
660,c6694071-3db0-4860-aec0-2e99d8c3c164,6,660,True,20802,20490,78.61335281751963
661,c6694071-3db0-4860-aec0-2e99d8c3c164,6,661,True,20836,20524,80.40632012447895
662,c6694071-3db0-4860-aec0-2e99d8c3c164,6,662,True,20877,20565,74.97867866779052
663,c6694071-3db0-4860-aec0-2e99d8c3c164,6,663,True,20907,20595,74.84901938370604
664,c6694071-3db0-4860-aec0-2e99d8c3c164,6,664,True,20939,20627,82.23621463064774
665,c6694071-3db0-4860-aec0-2e99d8c3c164,6,665,True,20971,20659,76.40679893273045
666,c6694071-3db0-4860-aec0-2e99d8c3c164,6,666,True,20993,20681,81.33001961007903
667,c6694071-3db0-4860-aec0-2e99d8c3c164,6,667,True,21017,20705,77.97696657409324
668,c6694071-3db0-4860-aec0-2e99d8c3c164,6,668,True,21053,20741,68.00366455521362
669,c6694071-3db0-4860-aec0-2e99d8c3c164,6,669,True,21080,20768,67.19706305365617
670,c6694071-3db0-4860-aec0-2e99d8c3c164,6,670,True,21112,20800,70.78489982205065
671,c6694071-3db0-4860-aec0-2e99d8c3c164,6,671,True,21141,20829,71.89964763149692
672,c6694071-3db0-4860-aec0-2e99d8c3c164,6,672,True,21174,20862,85.80323035021138
673,c6694071-3db0-4860-aec0-2e99d8c3c164,6,673,True,21215,20903,68.56459101107976
674,c6694071-3db0-4860-aec0-2e99d8c3c164,6,674,True,21244,20932,79.04898132014569
675,c6694071-3db0-4860-aec0-2e99d8c3c164,6,675,True,21282,20970,70.33400485189486
676,c6694071-3db0-4860-aec0-2e99d8c3c164,6,676,True,21318,21006,63.482894430853776
677,c6694071-3db0-4860-aec0-2e99d8c3c164,6,677,True,21340,21028,75.28809308432028
678,c6694071-3db0-4860-aec0-2e99d8c3c164,6,678,True,21365,21053,77.52090196129575
679,c6694071-3db0-4860-aec0-2e99d8c3c164,6,679,True,21394,21082,78.12210221239002
680,c6694071-3db0-4860-aec0-2e99d8c3c164,6,680,True,21428,21116,74.79208494215709
681,c6694071-3db0-4860-aec0-2e99d8c3c164,6,681,True,21452,21140,81.41794709840542
682,c6694071-3db0-4860-aec0-2e99d8c3c164,6,682,True,21493,21181,73.97957001162285
683,c6694071-3db0-4860-aec0-2e99d8c3c164,6,683,True,21526,21214,66.0702943580036
684,c6694071-3db0-4860-aec0-2e99d8c3c164,6,684,True,21551,21239,71.01918805773312
685,c6694071-3db0-4860-aec0-2e99d8c3c164,6,685,True,21580,21268,87.90663702577513
686,c6694071-3db0-4860-aec0-2e99d8c3c164,6,686,True,21609,21297,85.7697468008082
687,c6694071-3db0-4860-aec0-2e99d8c3c164,6,687,True,21655,21343,87.92513246506496
688,c6694071-3db0-4860-aec0-2e99d8c3c164,6,688,True,21702,21390,74.80768859374075
689,c6694071-3db0-4860-aec0-2e99d8c3c164,6,689,True,21730,21418,75.27646503672077
690,c6694071-3db0-4860-aec0-2e99d8c3c164,6,690,True,21760,21448,69.66716019745218
691,c6694071-3db0-4860-aec0-2e99d8c3c164,6,691,True,21794,21482,73.56479335448967
692,c6694071-3db0-4860-aec0-2e99d8c3c164,6,692,True,21827,21515,65.90451862030386
693,c6694071-3db0-4860-aec0-2e99d8c3c164,6,693,True,21851,21539,71.91199725160914
694,c6694071-3db0-4860-aec0-2e99d8c3c164,6,694,True,21887,21575,73.15900187513762
695,c6694071-3db0-4860-aec0-2e99d8c3c164,6,695,True,21907,21595,94.4173546320817
696,c6694071-3db0-4860-aec0-2e99d8c3c164,6,696,True,21931,21619,95.76835978693634
697,c6694071-3db0-4860-aec0-2e99d8c3c164,6,697,True,21959,21647,93.41372447290632
698,c6694071-3db0-4860-aec0-2e99d8c3c164,6,698,True,21993,21681,85.35765355852709
699,c6694071-3db0-4860-aec0-2e99d8c3c164,6,699,True,22030,21718,85.63658407303592
700,c6694071-3db0-4860-aec0-2e99d8c3c164,6,700,True,22058,21746,77.55854730352075
701,c6694071-3db0-4860-aec0-2e99d8c3c164,6,701,True,22090,21778,82.26639677724233
702,c6694071-3db0-4860-aec0-2e99d8c3c164,6,702,True,22114,21802,83.83541886315288
703,c6694071-3db0-4860-aec0-2e99d8c3c164,6,703,True,22144,21832,80.39203073927274
704,c6694071-3db0-4860-aec0-2e99d8c3c164,6,704,True,22173,21861,90.73345129087829
705,c6694071-3db0-4860-aec0-2e99d8c3c164,6,705,True,22210,21898,82.94717472190314
706,c6694071-3db0-4860-aec0-2e99d8c3c164,6,706,True,22246,21934,86.8464961747377
707,c6694071-3db0-4860-aec0-2e99d8c3c164,6,707,True,22276,21964,88.67550077111446
708,c6694071-3db0-4860-aec0-2e99d8c3c164,6,708,True,22312,22000,88.3447571552606
709,c6694071-3db0-4860-aec0-2e99d8c3c164,6,709,True,22344,22032,78.85845192176203
710,c6694071-3db0-4860-aec0-2e99d8c3c164,6,710,True,22389,22077,66.47870693263758
711,c6694071-3db0-4860-aec0-2e99d8c3c164,6,711,True,22412,22100,72.64584852414919
712,c6694071-3db0-4860-aec0-2e99d8c3c164,6,712,True,22442,22130,72.694881186977
713,c6694071-3db0-4860-aec0-2e99d8c3c164,6,713,True,22465,22153,91.46068482846749
714,c6694071-3db0-4860-aec0-2e99d8c3c164,6,714,True,22489,22177,94.64433484127585
715,c6694071-3db0-4860-aec0-2e99d8c3c164,6,715,True,22524,22212,86.299501433361
716,c6694071-3db0-4860-aec0-2e99d8c3c164,6,716,True,22553,22241,85.14455876163993
717,c6694071-3db0-4860-aec0-2e99d8c3c164,6,717,True,22584,22272,78.90242768705502
718,c6694071-3db0-4860-aec0-2e99d8c3c164,6,718,True,22620,22308,85.24107717928564
719,c6694071-3db0-4860-aec0-2e99d8c3c164,6,719,True,22654,22342,84.5391499647194
720,c6694071-3db0-4860-aec0-2e99d8c3c164,6,720,True,22681,22369,86.01437439178335
721,c6694071-3db0-4860-aec0-2e99d8c3c164,6,721,True,22712,22400,94.9291463950467
722,c6694071-3db0-4860-aec0-2e99d8c3c164,6,722,True,22745,22433,91.52971668565442
723,c6694071-3db0-4860-aec0-2e99d8c3c164,6,723,True,22766,22454,90.08535060498252
724,c6694071-3db0-4860-aec0-2e99d8c3c164,6,724,True,22790,22478,91.76109904605255
725,c6694071-3db0-4860-aec0-2e99d8c3c164,6,725,True,22821,22509,111.5158454793891
726,c6694071-3db0-4860-aec0-2e99d8c3c164,6,726,True,22838,22526,113.25273810300496
727,c6694071-3db0-4860-aec0-2e99d8c3c164,6,727,True,22873,22561,85.14933814501273
728,c6694071-3db0-4860-aec0-2e99d8c3c164,6,728,True,22894,22582,86.76631093725882
729,c6694071-3db0-4860-aec0-2e99d8c3c164,6,729,True,22923,22611,93.95835771334896
730,c6694071-3db0-4860-aec0-2e99d8c3c164,6,730,True,22952,22640,90.72849419457998
731,c6694071-3db0-4860-aec0-2e99d8c3c164,6,731,True,22986,22674,114.40877628359522
732,c6694071-3db0-4860-aec0-2e99d8c3c164,6,732,True,23011,22699,93.94380336204631
733,c6694071-3db0-4860-aec0-2e99d8c3c164,6,733,True,23045,22733,102.83447831088415
734,c6694071-3db0-4860-aec0-2e99d8c3c164,6,734,True,23072,22760,91.88961846219536
735,c6694071-3db0-4860-aec0-2e99d8c3c164,6,735,True,23100,22788,99.24357265308208
736,c6694071-3db0-4860-aec0-2e99d8c3c164,6,736,True,23133,22821,118.99824253790212
737,c6694071-3db0-4860-aec0-2e99d8c3c164,6,737,True,23159,22847,95.43543096720532
738,c6694071-3db0-4860-aec0-2e99d8c3c164,6,738,True,23192,22880,102.6970193905945
739,c6694071-3db0-4860-aec0-2e99d8c3c164,6,739,True,23226,22914,114.55974993846758
740,c6694071-3db0-4860-aec0-2e99d8c3c164,6,740,True,23263,22951,103.80576769099935
741,c6694071-3db0-4860-aec0-2e99d8c3c164,6,741,True,23296,22984,104.00473262770174
742,c6694071-3db0-4860-aec0-2e99d8c3c164,6,742,True,23333,23021,86.12801265179951
743,c6694071-3db0-4860-aec0-2e99d8c3c164,6,743,True,23357,23045,107.4775362428918
744,c6694071-3db0-4860-aec0-2e99d8c3c164,6,744,True,23398,23086,93.77334806131694
745,c6694071-3db0-4860-aec0-2e99d8c3c164,6,745,True,23427,23115,91.10617229967829
746,c6694071-3db0-4860-aec0-2e99d8c3c164,6,746,True,23457,23145,85.37227309765876
747,c6694071-3db0-4860-aec0-2e99d8c3c164,6,747,True,23500,23188,97.04382004683794
748,c6694071-3db0-4860-aec0-2e99d8c3c164,6,748,True,23524,23212,93.7211912161074
749,c6694071-3db0-4860-aec0-2e99d8c3c164,6,749,True,23563,23251,102.81764276761533
750,c6694071-3db0-4860-aec0-2e99d8c3c164,6,750,True,23590,23278,96.6512195444302
751,c6694071-3db0-4860-aec0-2e99d8c3c164,6,751,True,23631,23319,94.63230140821179
752,c6694071-3db0-4860-aec0-2e99d8c3c164,6,752,True,23667,23355,95.50869380611039
753,c6694071-3db0-4860-aec0-2e99d8c3c164,6,753,True,23705,23393,83.8258597512322
754,c6694071-3db0-4860-aec0-2e99d8c3c164,6,754,True,23741,23429,80.07934432314505
755,c6694071-3db0-4860-aec0-2e99d8c3c164,6,755,True,23766,23454,75.45464257611457
756,c6694071-3db0-4860-aec0-2e99d8c3c164,6,756,True,23784,23472,128.6683260278951
757,c6694071-3db0-4860-aec0-2e99d8c3c164,6,757,True,23808,23496,102.0603342534414
758,c6694071-3db0-4860-aec0-2e99d8c3c164,6,758,True,23845,23533,91.96591229074329
759,c6694071-3db0-4860-aec0-2e99d8c3c164,6,759,True,23876,23564,86.56981989569249
760,c6694071-3db0-4860-aec0-2e99d8c3c164,6,760,True,23911,23599,78.10099438744146
761,c6694071-3db0-4860-aec0-2e99d8c3c164,6,761,True,23944,23632,85.37047007923684
762,c6694071-3db0-4860-aec0-2e99d8c3c164,6,762,True,23972,23660,78.34987323348105
763,c6694071-3db0-4860-aec0-2e99d8c3c164,6,763,True,24006,23694,80.28361316439623
764,c6694071-3db0-4860-aec0-2e99d8c3c164,6,764,True,24039,23727,74.85035042146046
765,c6694071-3db0-4860-aec0-2e99d8c3c164,6,765,True,24064,23752,81.98837838405234
766,c6694071-3db0-4860-aec0-2e99d8c3c164,6,766,True,24087,23775,86.99957479429213
767,c6694071-3db0-4860-aec0-2e99d8c3c164,6,767,True,24124,23812,85.79630824069682
768,c6694071-3db0-4860-aec0-2e99d8c3c164,6,768,True,24156,23844,86.80241910380937
769,c6694071-3db0-4860-aec0-2e99d8c3c164,6,769,True,24189,23877,83.62352303390799
770,c6694071-3db0-4860-aec0-2e99d8c3c164,6,770,True,24218,23906,91.61515444093675
771,c6694071-3db0-4860-aec0-2e99d8c3c164,6,771,True,24250,23938,89.254615870399
772,c6694071-3db0-4860-aec0-2e99d8c3c164,6,772,True,24286,23974,71.54270661274859
773,c6694071-3db0-4860-aec0-2e99d8c3c164,6,773,True,24321,24009,89.84292565449141
774,c6694071-3db0-4860-aec0-2e99d8c3c164,6,774,True,24366,24054,76.77358819904475
775,c6694071-3db0-4860-aec0-2e99d8c3c164,6,775,True,24394,24082,89.65842979649096
776,c6694071-3db0-4860-aec0-2e99d8c3c164,6,776,True,24422,24110,82.79419886514006
777,c6694071-3db0-4860-aec0-2e99d8c3c164,6,777,True,24452,24140,76.78776366592501
778,c6694071-3db0-4860-aec0-2e99d8c3c164,6,778,True,24491,24179,73.31671219494456
779,c6694071-3db0-4860-aec0-2e99d8c3c164,6,779,True,24520,24208,71.93694055673404
780,c6694071-3db0-4860-aec0-2e99d8c3c164,6,780,True,24555,24243,64.61214643122366
781,c6694071-3db0-4860-aec0-2e99d8c3c164,6,781,True,24588,24276,61.75100225336428
782,c6694071-3db0-4860-aec0-2e99d8c3c164,6,782,True,24625,24313,81.23055712284622
783,c6694071-3db0-4860-aec0-2e99d8c3c164,6,783,True,24658,24346,73.40990557146142
784,c6694071-3db0-4860-aec0-2e99d8c3c164,6,784,True,24692,24380,76.18511528228919
785,c6694071-3db0-4860-aec0-2e99d8c3c164,6,785,True,24725,24413,76.32494252295874
786,c6694071-3db0-4860-aec0-2e99d8c3c164,6,786,True,24757,24445,67.16892432978057
787,c6694071-3db0-4860-aec0-2e99d8c3c164,6,787,True,24791,24479,70.97155109221785
788,c6694071-3db0-4860-aec0-2e99d8c3c164,6,788,True,24818,24506,71.76558266617576
789,c6694071-3db0-4860-aec0-2e99d8c3c164,6,789,True,24849,24537,73.33755943428696
790,c6694071-3db0-4860-aec0-2e99d8c3c164,6,790,True,24869,24557,79.61459918190303
791,c6694071-3db0-4860-aec0-2e99d8c3c164,6,791,True,24905,24593,74.61416659779206
792,c6694071-3db0-4860-aec0-2e99d8c3c164,6,792,True,24941,24629,99.36798756316057
793,c6694071-3db0-4860-aec0-2e99d8c3c164,6,793,True,24971,24659,120.84867930126711
794,c6694071-3db0-4860-aec0-2e99d8c3c164,6,794,True,24999,24687,153.66969205034547
795,c6694071-3db0-4860-aec0-2e99d8c3c164,6,795,True,25021,24709,103.15381563792107
796,c6694071-3db0-4860-aec0-2e99d8c3c164,6,796,True,25054,24742,118.94918698961192
797,c6694071-3db0-4860-aec0-2e99d8c3c164,6,797,True,25088,24776,112.4608900059211
798,c6694071-3db0-4860-aec0-2e99d8c3c164,6,798,True,25121,24809,97.6743787116211
799,c6694071-3db0-4860-aec0-2e99d8c3c164,6,799,True,25144,24832,104.73714123148238
800,c6694071-3db0-4860-aec0-2e99d8c3c164,6,800,True,25182,24870,90.98327382036587
801,c6694071-3db0-4860-aec0-2e99d8c3c164,6,801,True,25214,24902,99.9358503116855
802,c6694071-3db0-4860-aec0-2e99d8c3c164,6,802,True,25239,24927,109.04846470031771
803,c6694071-3db0-4860-aec0-2e99d8c3c164,6,803,True,25267,24955,110.00571352406769
804,c6694071-3db0-4860-aec0-2e99d8c3c164,6,804,True,25294,24982,108.11938425957487
805,c6694071-3db0-4860-aec0-2e99d8c3c164,6,805,True,25322,25010,104.57971388074657
806,c6694071-3db0-4860-aec0-2e99d8c3c164,6,806,True,25349,25037,122.92396601596556
807,c6694071-3db0-4860-aec0-2e99d8c3c164,6,807,True,25374,25062,139.48062163165378
808,c6694071-3db0-4860-aec0-2e99d8c3c164,6,808,True,25404,25092,112.30676379024953
809,c6694071-3db0-4860-aec0-2e99d8c3c164,6,809,True,25428,25116,120.50965015931433
810,c6694071-3db0-4860-aec0-2e99d8c3c164,6,810,True,25463,25151,105.17985963021056
811,c6694071-3db0-4860-aec0-2e99d8c3c164,6,811,True,25493,25181,106.45224656876962
812,c6694071-3db0-4860-aec0-2e99d8c3c164,6,812,True,25529,25217,99.6901149411242
813,c6694071-3db0-4860-aec0-2e99d8c3c164,6,813,True,25562,25250,91.60329459030982
814,c6694071-3db0-4860-aec0-2e99d8c3c164,6,814,True,25598,25286,81.78420342411118
815,c6694071-3db0-4860-aec0-2e99d8c3c164,6,815,True,25643,25331,83.27641578443217
816,c6694071-3db0-4860-aec0-2e99d8c3c164,6,816,True,25663,25351,72.3978890917715
817,c6694071-3db0-4860-aec0-2e99d8c3c164,6,817,True,25690,25378,94.37971908021063
818,c6694071-3db0-4860-aec0-2e99d8c3c164,6,818,True,25730,25418,78.61340528220535
819,c6694071-3db0-4860-aec0-2e99d8c3c164,6,819,True,25757,25445,64.92671166897344
820,c6694071-3db0-4860-aec0-2e99d8c3c164,6,820,True,25787,25475,86.22070312587311
821,c6694071-3db0-4860-aec0-2e99d8c3c164,6,821,True,25807,25495,82.78343479831892
822,c6694071-3db0-4860-aec0-2e99d8c3c164,6,822,True,25822,25510,95.17070115189927
823,c6694071-3db0-4860-aec0-2e99d8c3c164,6,823,True,25862,25550,89.36675214069328
824,c6694071-3db0-4860-aec0-2e99d8c3c164,6,824,True,25894,25582,88.71690542723445
825,c6694071-3db0-4860-aec0-2e99d8c3c164,6,825,True,25923,25611,87.17581517974031
826,c6694071-3db0-4860-aec0-2e99d8c3c164,6,826,True,25969,25657,71.88419895551488
827,c6694071-3db0-4860-aec0-2e99d8c3c164,6,827,True,26011,25699,69.75880062967553
828,c6694071-3db0-4860-aec0-2e99d8c3c164,6,828,True,26041,25729,75.25245219564022
829,c6694071-3db0-4860-aec0-2e99d8c3c164,6,829,True,26068,25756,82.24664911846776
830,c6694071-3db0-4860-aec0-2e99d8c3c164,6,830,True,26094,25782,74.22081661542688
831,c6694071-3db0-4860-aec0-2e99d8c3c164,6,831,True,26127,25815,88.12369169647718
832,c6694071-3db0-4860-aec0-2e99d8c3c164,6,832,True,26150,25838,95.49015799469635
833,c6694071-3db0-4860-aec0-2e99d8c3c164,6,833,True,26176,25864,88.28748607131274
834,c6694071-3db0-4860-aec0-2e99d8c3c164,6,834,True,26214,25902,107.08417906728937
835,c6694071-3db0-4860-aec0-2e99d8c3c164,6,835,True,26246,25934,134.70094380453884
836,c6694071-3db0-4860-aec0-2e99d8c3c164,6,836,True,26284,25972,140.42397891237124
837,c6694071-3db0-4860-aec0-2e99d8c3c164,6,837,True,26305,25993,130.3494735535569
838,c6694071-3db0-4860-aec0-2e99d8c3c164,6,838,True,26337,26025,115.60257926351915
839,c6694071-3db0-4860-aec0-2e99d8c3c164,6,839,True,26367,26055,119.21314835317389
840,c6694071-3db0-4860-aec0-2e99d8c3c164,6,840,True,26405,26093,107.0858432019013
841,c6694071-3db0-4860-aec0-2e99d8c3c164,6,841,True,26436,26124,103.03924025332162
842,c6694071-3db0-4860-aec0-2e99d8c3c164,6,842,True,26470,26158,93.92070154200337
843,c6694071-3db0-4860-aec0-2e99d8c3c164,6,843,True,26490,26178,95.38710219750283
844,c6694071-3db0-4860-aec0-2e99d8c3c164,6,844,True,26527,26215,134.22981634984535
845,c6694071-3db0-4860-aec0-2e99d8c3c164,6,845,True,26553,26241,110.71797073052949
846,c6694071-3db0-4860-aec0-2e99d8c3c164,6,846,True,26578,26266,109.56853002331263
847,c6694071-3db0-4860-aec0-2e99d8c3c164,6,847,True,26614,26302,101.1006406719971
848,c6694071-3db0-4860-aec0-2e99d8c3c164,6,848,True,26640,26328,122.58049609771479
849,c6694071-3db0-4860-aec0-2e99d8c3c164,6,849,True,26667,26355,80.92909399221026
850,c6694071-3db0-4860-aec0-2e99d8c3c164,6,850,True,26698,26386,98.2540064049208
851,c6694071-3db0-4860-aec0-2e99d8c3c164,6,851,True,26730,26418,92.89793042306701
852,c6694071-3db0-4860-aec0-2e99d8c3c164,6,852,True,26753,26441,86.41287264648054
853,c6694071-3db0-4860-aec0-2e99d8c3c164,6,853,True,26790,26478,113.38230990894954
854,c6694071-3db0-4860-aec0-2e99d8c3c164,6,854,True,26816,26504,111.30787402163332
855,c6694071-3db0-4860-aec0-2e99d8c3c164,6,855,True,26844,26532,96.1689666242637
856,c6694071-3db0-4860-aec0-2e99d8c3c164,6,856,True,26876,26564,93.48370511798566
857,c6694071-3db0-4860-aec0-2e99d8c3c164,6,857,True,26913,26601,87.46680970031957
858,c6694071-3db0-4860-aec0-2e99d8c3c164,6,858,True,26954,26642,101.1242091883687
859,c6694071-3db0-4860-aec0-2e99d8c3c164,6,859,True,26979,26667,127.1333620494297
860,c6694071-3db0-4860-aec0-2e99d8c3c164,6,860,True,27015,26703,93.83351893238432
861,c6694071-3db0-4860-aec0-2e99d8c3c164,6,861,True,27039,26727,93.94814980744195
862,c6694071-3db0-4860-aec0-2e99d8c3c164,6,862,True,27073,26761,84.54360310793345
863,c6694071-3db0-4860-aec0-2e99d8c3c164,6,863,True,27103,26791,81.23488331534463
864,c6694071-3db0-4860-aec0-2e99d8c3c164,6,864,True,27125,26813,105.46407319871287
865,c6694071-3db0-4860-aec0-2e99d8c3c164,6,865,True,27162,26850,93.6079781820954
866,c6694071-3db0-4860-aec0-2e99d8c3c164,6,866,True,27209,26897,91.29271993999282
867,c6694071-3db0-4860-aec0-2e99d8c3c164,6,867,True,27242,26930,72.75694336453671
868,c6694071-3db0-4860-aec0-2e99d8c3c164,6,868,True,27281,26969,76.91879354026605
869,c6694071-3db0-4860-aec0-2e99d8c3c164,6,869,True,27306,26994,72.0617888789966
870,c6694071-3db0-4860-aec0-2e99d8c3c164,6,870,True,27338,27026,69.37002163699435
871,c6694071-3db0-4860-aec0-2e99d8c3c164,6,871,True,27375,27063,64.73549577215817
872,c6694071-3db0-4860-aec0-2e99d8c3c164,6,872,True,27410,27098,81.85667473328795
873,c6694071-3db0-4860-aec0-2e99d8c3c164,6,873,True,27441,27129,81.51064798516381
874,c6694071-3db0-4860-aec0-2e99d8c3c164,6,874,True,27472,27160,75.942836708291
875,c6694071-3db0-4860-aec0-2e99d8c3c164,6,875,True,27503,27191,87.29946209510672
876,c6694071-3db0-4860-aec0-2e99d8c3c164,6,876,True,27531,27219,91.10095893839753
877,c6694071-3db0-4860-aec0-2e99d8c3c164,6,877,True,27566,27254,81.50255157372885
878,c6694071-3db0-4860-aec0-2e99d8c3c164,6,878,True,27589,27277,97.6575083130192
879,c6694071-3db0-4860-aec0-2e99d8c3c164,6,879,True,27613,27301,88.42194431473399
880,c6694071-3db0-4860-aec0-2e99d8c3c164,6,880,True,27643,27331,93.58071554662456
881,c6694071-3db0-4860-aec0-2e99d8c3c164,6,881,True,27677,27365,83.70302389466451
882,c6694071-3db0-4860-aec0-2e99d8c3c164,6,882,True,27706,27394,79.60742769345234
883,c6694071-3db0-4860-aec0-2e99d8c3c164,6,883,True,27739,27427,84.81196415920567
884,c6694071-3db0-4860-aec0-2e99d8c3c164,6,884,True,27773,27461,75.315912445898
885,c6694071-3db0-4860-aec0-2e99d8c3c164,6,885,True,27807,27495,74.03914495911158
886,c6694071-3db0-4860-aec0-2e99d8c3c164,6,886,True,27833,27521,67.70655911314316
887,c6694071-3db0-4860-aec0-2e99d8c3c164,6,887,True,27860,27548,70.89264636007647
888,c6694071-3db0-4860-aec0-2e99d8c3c164,6,888,True,27895,27583,94.10496259490537
889,c6694071-3db0-4860-aec0-2e99d8c3c164,6,889,True,27923,27611,63.629569684479065
890,c6694071-3db0-4860-aec0-2e99d8c3c164,6,890,True,27959,27647,80.81322145024023
891,c6694071-3db0-4860-aec0-2e99d8c3c164,6,891,True,27986,27674,72.12558361094852
892,c6694071-3db0-4860-aec0-2e99d8c3c164,6,892,True,28020,27708,71.82073067160309
893,c6694071-3db0-4860-aec0-2e99d8c3c164,6,893,True,28043,27731,89.88615542714251
894,c6694071-3db0-4860-aec0-2e99d8c3c164,6,894,True,28074,27762,77.03627622918793
895,c6694071-3db0-4860-aec0-2e99d8c3c164,6,895,True,28106,27794,73.89830505736973
896,c6694071-3db0-4860-aec0-2e99d8c3c164,6,896,True,28157,27845,79.38443789782468
897,c6694071-3db0-4860-aec0-2e99d8c3c164,6,897,True,28187,27875,66.81146537389941
898,c6694071-3db0-4860-aec0-2e99d8c3c164,6,898,True,28214,27902,73.05221008073931
899,c6694071-3db0-4860-aec0-2e99d8c3c164,6,899,True,28242,27930,72.58086984535112
900,c6694071-3db0-4860-aec0-2e99d8c3c164,6,900,True,28277,27965,68.33096612830195
901,c6694071-3db0-4860-aec0-2e99d8c3c164,6,901,True,28314,28002,67.86665546023505
902,c6694071-3db0-4860-aec0-2e99d8c3c164,6,902,True,28353,28041,70.93341861909721
903,c6694071-3db0-4860-aec0-2e99d8c3c164,6,903,True,28388,28076,66.9745321023729
904,c6694071-3db0-4860-aec0-2e99d8c3c164,6,904,True,28410,28098,75.57164582073528
905,c6694071-3db0-4860-aec0-2e99d8c3c164,6,905,True,28438,28126,75.630943924225
906,c6694071-3db0-4860-aec0-2e99d8c3c164,6,906,True,28466,28154,68.74052649242003
907,c6694071-3db0-4860-aec0-2e99d8c3c164,6,907,True,28501,28189,77.31462420329626
908,c6694071-3db0-4860-aec0-2e99d8c3c164,6,908,True,28535,28223,69.82253362089614
909,c6694071-3db0-4860-aec0-2e99d8c3c164,6,909,True,28574,28262,74.68892283428067
910,c6694071-3db0-4860-aec0-2e99d8c3c164,6,910,True,28595,28283,78.30473505630653
911,c6694071-3db0-4860-aec0-2e99d8c3c164,6,911,True,28632,28320,69.02275670195013
912,c6694071-3db0-4860-aec0-2e99d8c3c164,6,912,True,28670,28358,64.84133899083099
913,c6694071-3db0-4860-aec0-2e99d8c3c164,6,913,True,28703,28391,76.36038338458457
914,c6694071-3db0-4860-aec0-2e99d8c3c164,6,914,True,28737,28425,65.94036873070945
915,c6694071-3db0-4860-aec0-2e99d8c3c164,6,915,True,28776,28464,67.43980568404004
916,c6694071-3db0-4860-aec0-2e99d8c3c164,6,916,True,28807,28495,77.34964475673769
917,c6694071-3db0-4860-aec0-2e99d8c3c164,6,917,True,28835,28523,87.49753526779386
918,c6694071-3db0-4860-aec0-2e99d8c3c164,6,918,True,28871,28559,76.25182448729538
919,c6694071-3db0-4860-aec0-2e99d8c3c164,6,919,True,28910,28598,66.00700487015638
920,c6694071-3db0-4860-aec0-2e99d8c3c164,6,920,True,28943,28631,68.5312896643045
921,c6694071-3db0-4860-aec0-2e99d8c3c164,6,921,True,28976,28664,64.8885945409238
922,c6694071-3db0-4860-aec0-2e99d8c3c164,6,922,True,29003,28691,71.87887424006112
923,c6694071-3db0-4860-aec0-2e99d8c3c164,6,923,True,29026,28714,72.08494275869816
924,c6694071-3db0-4860-aec0-2e99d8c3c164,6,924,True,29057,28745,78.2013496801992
925,c6694071-3db0-4860-aec0-2e99d8c3c164,6,925,True,29101,28789,67.90264262013807
926,c6694071-3db0-4860-aec0-2e99d8c3c164,6,926,True,29136,28824,73.44310848203895
927,c6694071-3db0-4860-aec0-2e99d8c3c164,6,927,True,29169,28857,66.80147378766924
928,c6694071-3db0-4860-aec0-2e99d8c3c164,6,928,True,29196,28884,62.73431854606679
929,c6694071-3db0-4860-aec0-2e99d8c3c164,6,929,True,29227,28915,62.16003666722463
930,c6694071-3db0-4860-aec0-2e99d8c3c164,6,930,True,29251,28939,80.19433950642633
931,c6694071-3db0-4860-aec0-2e99d8c3c164,6,931,True,29282,28970,76.63705493546877
932,c6694071-3db0-4860-aec0-2e99d8c3c164,6,932,True,29315,29003,78.93235853572696
933,c6694071-3db0-4860-aec0-2e99d8c3c164,6,933,True,29341,29029,73.36025507226805
934,c6694071-3db0-4860-aec0-2e99d8c3c164,6,934,True,29367,29055,78.32860887862626
935,c6694071-3db0-4860-aec0-2e99d8c3c164,6,935,True,29390,29078,79.10519027112969
936,c6694071-3db0-4860-aec0-2e99d8c3c164,6,936,True,29427,29115,70.13536349168498
937,c6694071-3db0-4860-aec0-2e99d8c3c164,6,937,True,29458,29146,65.20776757326166
938,c6694071-3db0-4860-aec0-2e99d8c3c164,6,938,True,29500,29188,85.21905531280572
939,c6694071-3db0-4860-aec0-2e99d8c3c164,6,939,True,29522,29210,76.37526990098922
940,c6694071-3db0-4860-aec0-2e99d8c3c164,6,940,True,29545,29233,79.0356177824251
941,c6694071-3db0-4860-aec0-2e99d8c3c164,6,941,True,29576,29264,61.803873232987826
942,c6694071-3db0-4860-aec0-2e99d8c3c164,6,942,True,29607,29295,71.53553384358747
943,c6694071-3db0-4860-aec0-2e99d8c3c164,6,943,True,29634,29322,73.69780060813719
944,c6694071-3db0-4860-aec0-2e99d8c3c164,6,944,True,29664,29352,88.7764213267983
945,c6694071-3db0-4860-aec0-2e99d8c3c164,6,945,True,29704,29392,74.58638037692799
946,c6694071-3db0-4860-aec0-2e99d8c3c164,6,946,True,29737,29425,73.01853197315359
947,c6694071-3db0-4860-aec0-2e99d8c3c164,6,947,True,29774,29462,73.83316827019007
948,c6694071-3db0-4860-aec0-2e99d8c3c164,6,948,True,29807,29495,88.65463792812079
949,c6694071-3db0-4860-aec0-2e99d8c3c164,6,949,True,29834,29522,87.94844714668943
950,c6694071-3db0-4860-aec0-2e99d8c3c164,6,950,True,29867,29555,69.18219709855475
951,c6694071-3db0-4860-aec0-2e99d8c3c164,6,951,True,29890,29578,93.52863305572464
952,c6694071-3db0-4860-aec0-2e99d8c3c164,6,952,True,29920,29608,89.02738370229054
953,c6694071-3db0-4860-aec0-2e99d8c3c164,6,953,True,29943,29631,79.37559239698385
954,c6694071-3db0-4860-aec0-2e99d8c3c164,6,954,True,29979,29667,74.67361964202792
955,c6694071-3db0-4860-aec0-2e99d8c3c164,6,955,True,30001,29689,87.30912479273684
956,c6694071-3db0-4860-aec0-2e99d8c3c164,6,956,True,30044,29732,82.42758288777986
957,c6694071-3db0-4860-aec0-2e99d8c3c164,6,957,True,30078,29766,74.47834579328264
958,c6694071-3db0-4860-aec0-2e99d8c3c164,6,958,True,30111,29799,70.66804404996583
959,c6694071-3db0-4860-aec0-2e99d8c3c164,6,959,True,30144,29832,71.67735234301654
960,c6694071-3db0-4860-aec0-2e99d8c3c164,6,960,True,30177,29865,73.15162794219577
961,c6694071-3db0-4860-aec0-2e99d8c3c164,6,961,True,30212,29900,107.61259072165558
962,c6694071-3db0-4860-aec0-2e99d8c3c164,6,962,True,30252,29940,92.04025850057951
963,c6694071-3db0-4860-aec0-2e99d8c3c164,6,963,True,30284,29972,84.75229174264678
964,c6694071-3db0-4860-aec0-2e99d8c3c164,6,964,True,30312,30000,94.67005965668432
965,c6694071-3db0-4860-aec0-2e99d8c3c164,6,965,True,30344,30032,90.90228463487074
966,c6694071-3db0-4860-aec0-2e99d8c3c164,6,966,True,30368,30056,83.18518399309323
967,c6694071-3db0-4860-aec0-2e99d8c3c164,6,967,True,30397,30085,87.53803075459291
968,c6694071-3db0-4860-aec0-2e99d8c3c164,6,968,True,30431,30119,81.4890812150552
969,c6694071-3db0-4860-aec0-2e99d8c3c164,6,969,True,30465,30153,86.83362973416297
970,c6694071-3db0-4860-aec0-2e99d8c3c164,6,970,True,30499,30187,88.40059776146154
971,c6694071-3db0-4860-aec0-2e99d8c3c164,6,971,True,30527,30215,84.71520043245619
972,c6694071-3db0-4860-aec0-2e99d8c3c164,6,972,True,30557,30245,81.72165021726687
973,c6694071-3db0-4860-aec0-2e99d8c3c164,6,973,True,30598,30286,83.00939343888604
974,c6694071-3db0-4860-aec0-2e99d8c3c164,6,974,True,30626,30314,80.9854546472634
975,c6694071-3db0-4860-aec0-2e99d8c3c164,6,975,True,30655,30343,85.42780315444907
976,c6694071-3db0-4860-aec0-2e99d8c3c164,6,976,True,30690,30378,91.59249160279796
977,c6694071-3db0-4860-aec0-2e99d8c3c164,6,977,True,30719,30407,90.33150290702179
978,c6694071-3db0-4860-aec0-2e99d8c3c164,6,978,True,30749,30437,94.97505310684573
979,c6694071-3db0-4860-aec0-2e99d8c3c164,6,979,True,30788,30476,103.209959007414
980,c6694071-3db0-4860-aec0-2e99d8c3c164,6,980,True,30813,30501,102.67088395441897
981,c6694071-3db0-4860-aec0-2e99d8c3c164,6,981,True,30847,30535,99.94732967526943
982,c6694071-3db0-4860-aec0-2e99d8c3c164,6,982,True,30875,30563,95.97807976008335
983,c6694071-3db0-4860-aec0-2e99d8c3c164,6,983,True,30905,30593,90.30902205017264
984,c6694071-3db0-4860-aec0-2e99d8c3c164,6,984,True,30939,30627,91.92772506629262
985,c6694071-3db0-4860-aec0-2e99d8c3c164,6,985,True,30968,30656,94.15830353907586
986,c6694071-3db0-4860-aec0-2e99d8c3c164,6,986,True,31002,30690,89.94109009657404
987,c6694071-3db0-4860-aec0-2e99d8c3c164,6,987,True,31033,30721,91.91286952343216
988,c6694071-3db0-4860-aec0-2e99d8c3c164,6,988,True,31062,30750,86.05788219918395
989,c6694071-3db0-4860-aec0-2e99d8c3c164,6,989,True,31087,30775,82.81750120125798
990,c6694071-3db0-4860-aec0-2e99d8c3c164,6,990,True,31123,30811,84.48164920050476
991,c6694071-3db0-4860-aec0-2e99d8c3c164,6,991,True,31151,30839,84.45132479902168
992,c6694071-3db0-4860-aec0-2e99d8c3c164,6,992,True,31179,30867,88.06737057644204
993,c6694071-3db0-4860-aec0-2e99d8c3c164,6,993,True,31212,30900,90.6420291675895
994,c6694071-3db0-4860-aec0-2e99d8c3c164,6,994,True,31258,30946,72.43776464423718
995,c6694071-3db0-4860-aec0-2e99d8c3c164,6,995,True,31287,30975,74.88024949943429
996,c6694071-3db0-4860-aec0-2e99d8c3c164,6,996,True,31319,31007,72.78542481222394
997,c6694071-3db0-4860-aec0-2e99d8c3c164,6,997,True,31351,31039,72.78165426090709
998,c6694071-3db0-4860-aec0-2e99d8c3c164,6,998,True,31381,31069,88.23766312659791
999,c6694071-3db0-4860-aec0-2e99d8c3c164,6,999,True,31408,31096,102.23621851113785
1000,56fc3989-3535-49b1-b8c0-8ce3fca07b0d,7,1000,True,372,20,78.85829886924586
1001,56fc3989-3535-49b1-b8c0-8ce3fca07b0d,7,1001,True,404,52,71.41812417972315
1002,56fc3989-3535-49b1-b8c0-8ce3fca07b0d,7,1002,True,437,85,70.56536008580281
1003,56fc3989-3535-49b1-b8c0-8ce3fca07b0d,7,1003,True,467,115,74.477373729844
1004,56fc3989-3535-49b1-b8c0-8ce3fca07b0d,7,1004,True,498,146,93.07586316099969
1005,56fc3989-3535-49b1-b8c0-8ce3fca07b0d,7,1005,True,531,179,95.90489273861368
1006,56fc3989-3535-49b1-b8c0-8ce3fca07b0d,7,1006,True,564,212,85.93308817265893
1007,56fc3989-3535-49b1-b8c0-8ce3fca07b0d,7,1007,True,593,241,95.04214171680474
1008,56fc3989-3535-49b1-b8c0-8ce3fca07b0d,7,1008,True,624,272,89.32889355280884
1009,56fc3989-3535-49b1-b8c0-8ce3fca07b0d,7,1009,True,664,312,81.97162186521683
1010,56fc3989-3535-49b1-b8c0-8ce3fca07b0d,7,1010,True,696,344,86.15263955179955
1011,56fc3989-3535-49b1-b8c0-8ce3fca07b0d,7,1011,True,720,368,89.04550038557863
1012,56fc3989-3535-49b1-b8c0-8ce3fca07b0d,7,1012,True,744,392,90.79103545833772
1013,56fc3989-3535-49b1-b8c0-8ce3fca07b0d,7,1013,True,771,419,86.84830096757929
1014,56fc3989-3535-49b1-b8c0-8ce3fca07b0d,7,1014,True,814,462,83.89359053455473
1015,56fc3989-3535-49b1-b8c0-8ce3fca07b0d,7,1015,True,845,493,100.05679498930124
1016,56fc3989-3535-49b1-b8c0-8ce3fca07b0d,7,1016,True,878,526,91.37330055054849
1017,56fc3989-3535-49b1-b8c0-8ce3fca07b0d,7,1017,True,905,553,87.54187953830001
1018,56fc3989-3535-49b1-b8c0-8ce3fca07b0d,7,1018,True,941,589,76.82605791566766
1019,56fc3989-3535-49b1-b8c0-8ce3fca07b0d,7,1019,True,972,620,85.24377090091002
1020,56fc3989-3535-49b1-b8c0-8ce3fca07b0d,7,1020,True,1004,652,77.17202852755133
1021,56fc3989-3535-49b1-b8c0-8ce3fca07b0d,7,1021,True,1041,689,89.71282070365248
1022,56fc3989-3535-49b1-b8c0-8ce3fca07b0d,7,1022,True,1073,721,80.22116182241109
1023,56fc3989-3535-49b1-b8c0-8ce3fca07b0d,7,1023,True,1099,747,79.95294750728203
1024,56fc3989-3535-49b1-b8c0-8ce3fca07b0d,7,1024,True,1137,785,76.07145471063643
1025,56fc3989-3535-49b1-b8c0-8ce3fca07b0d,7,1025,True,1167,815,88.4406765952508
1026,56fc3989-3535-49b1-b8c0-8ce3fca07b0d,7,1026,True,1200,848,88.35364389937945
1027,56fc3989-3535-49b1-b8c0-8ce3fca07b0d,7,1027,True,1234,882,98.20983487090245
1028,56fc3989-3535-49b1-b8c0-8ce3fca07b0d,7,1028,True,1268,916,73.68440420726324
1029,56fc3989-3535-49b1-b8c0-8ce3fca07b0d,7,1029,True,1296,944,72.60222094422215
1030,56fc3989-3535-49b1-b8c0-8ce3fca07b0d,7,1030,True,1333,981,70.60493965263936
1031,56fc3989-3535-49b1-b8c0-8ce3fca07b0d,7,1031,True,1367,1015,73.82264206168588
1032,56fc3989-3535-49b1-b8c0-8ce3fca07b0d,7,1032,True,1395,1043,75.91573786487584
1033,56fc3989-3535-49b1-b8c0-8ce3fca07b0d,7,1033,True,1430,1078,80.77402287516679
1034,56fc3989-3535-49b1-b8c0-8ce3fca07b0d,7,1034,True,1465,1113,72.30894777848857
1035,56fc3989-3535-49b1-b8c0-8ce3fca07b0d,7,1035,True,1501,1149,65.18836136824098
1036,56fc3989-3535-49b1-b8c0-8ce3fca07b0d,7,1036,True,1535,1183,72.97550335755386
1037,56fc3989-3535-49b1-b8c0-8ce3fca07b0d,7,1037,True,1573,1221,78.23267980455171
1038,56fc3989-3535-49b1-b8c0-8ce3fca07b0d,7,1038,True,1595,1243,79.01305164525502
1039,56fc3989-3535-49b1-b8c0-8ce3fca07b0d,7,1039,True,1616,1264,84.79801511924188
1040,56fc3989-3535-49b1-b8c0-8ce3fca07b0d,7,1040,True,1646,1294,68.8177084309018
1041,56fc3989-3535-49b1-b8c0-8ce3fca07b0d,7,1041,True,1675,1323,77.48014944866327
1042,56fc3989-3535-49b1-b8c0-8ce3fca07b0d,7,1042,True,1707,1355,90.09699809027347
1043,56fc3989-3535-49b1-b8c0-8ce3fca07b0d,7,1043,True,1728,1376,78.41577856940967
1044,56fc3989-3535-49b1-b8c0-8ce3fca07b0d,7,1044,True,1765,1413,95.32191081483734
1045,56fc3989-3535-49b1-b8c0-8ce3fca07b0d,7,1045,True,1784,1432,94.46273916826362
1046,56fc3989-3535-49b1-b8c0-8ce3fca07b0d,7,1046,True,1814,1462,86.63078405491501
1047,56fc3989-3535-49b1-b8c0-8ce3fca07b0d,7,1047,True,1840,1488,93.69989006705146
1048,56fc3989-3535-49b1-b8c0-8ce3fca07b0d,7,1048,True,1870,1518,105.94551913262353
1049,56fc3989-3535-49b1-b8c0-8ce3fca07b0d,7,1049,True,1898,1546,104.14033685244635
1050,56fc3989-3535-49b1-b8c0-8ce3fca07b0d,7,1050,True,1924,1572,93.00664436347483
1051,56fc3989-3535-49b1-b8c0-8ce3fca07b0d,7,1051,True,1953,1601,107.41807638898331
1052,56fc3989-3535-49b1-b8c0-8ce3fca07b0d,7,1052,True,1977,1625,100.61065899741811
1053,56fc3989-3535-49b1-b8c0-8ce3fca07b0d,7,1053,True,2008,1656,100.52170997700387
1054,56fc3989-3535-49b1-b8c0-8ce3fca07b0d,7,1054,True,2041,1689,99.17688084637052
1055,56fc3989-3535-49b1-b8c0-8ce3fca07b0d,7,1055,True,2062,1710,101.44893229128888
1056,56fc3989-3535-49b1-b8c0-8ce3fca07b0d,7,1056,True,2089,1737,94.44780429929733
1057,56fc3989-3535-49b1-b8c0-8ce3fca07b0d,7,1057,True,2126,1774,85.24726093277968
1058,56fc3989-3535-49b1-b8c0-8ce3fca07b0d,7,1058,True,2158,1806,95.48227219706337
1059,56fc3989-3535-49b1-b8c0-8ce3fca07b0d,7,1059,True,2182,1830,85.63952063339525
1060,56fc3989-3535-49b1-b8c0-8ce3fca07b0d,7,1060,True,2209,1857,100.15389459261473
1061,56fc3989-3535-49b1-b8c0-8ce3fca07b0d,7,1061,True,2236,1884,99.95613415770958
1062,56fc3989-3535-49b1-b8c0-8ce3fca07b0d,7,1062,True,2269,1917,82.96618294007408
1063,56fc3989-3535-49b1-b8c0-8ce3fca07b0d,7,1063,True,2305,1953,95.01568959646693
1064,56fc3989-3535-49b1-b8c0-8ce3fca07b0d,7,1064,True,2323,1971,104.97128348382103
1065,56fc3989-3535-49b1-b8c0-8ce3fca07b0d,7,1065,True,2358,2006,96.04252875427755
1066,56fc3989-3535-49b1-b8c0-8ce3fca07b0d,7,1066,True,2396,2044,98.01885735486712
1067,56fc3989-3535-49b1-b8c0-8ce3fca07b0d,7,1067,True,2423,2071,102.9526703289248
1068,56fc3989-3535-49b1-b8c0-8ce3fca07b0d,7,1068,True,2451,2099,101.25362323853915
1069,56fc3989-3535-49b1-b8c0-8ce3fca07b0d,7,1069,True,2480,2128,88.30378198286871
1070,56fc3989-3535-49b1-b8c0-8ce3fca07b0d,7,1070,True,2518,2166,75.82987139564966
1071,56fc3989-3535-49b1-b8c0-8ce3fca07b0d,7,1071,True,2548,2196,77.18305359507531
1072,56fc3989-3535-49b1-b8c0-8ce3fca07b0d,7,1072,True,2570,2218,86.36033974923794
1073,56fc3989-3535-49b1-b8c0-8ce3fca07b0d,7,1073,True,2601,2249,85.43881682571782
1074,56fc3989-3535-49b1-b8c0-8ce3fca07b0d,7,1074,True,2634,2282,87.37248419298976
1075,56fc3989-3535-49b1-b8c0-8ce3fca07b0d,7,1075,True,2669,2317,84.28997878375594
1076,56fc3989-3535-49b1-b8c0-8ce3fca07b0d,7,1076,True,2713,2361,75.37120970348906
1077,56fc3989-3535-49b1-b8c0-8ce3fca07b0d,7,1077,True,2741,2389,81.91417824654263
1078,56fc3989-3535-49b1-b8c0-8ce3fca07b0d,7,1078,True,2777,2425,77.64712117664567
1079,56fc3989-3535-49b1-b8c0-8ce3fca07b0d,7,1079,True,2795,2443,91.89705217219716
1080,56fc3989-3535-49b1-b8c0-8ce3fca07b0d,7,1080,True,2840,2488,83.84131395985696
1081,56fc3989-3535-49b1-b8c0-8ce3fca07b0d,7,1081,True,2870,2518,90.65098880510641
1082,56fc3989-3535-49b1-b8c0-8ce3fca07b0d,7,1082,True,2896,2544,76.25678914294986
1083,56fc3989-3535-49b1-b8c0-8ce3fca07b0d,7,1083,True,2925,2573,88.84127517374327
1084,56fc3989-3535-49b1-b8c0-8ce3fca07b0d,7,1084,True,2961,2609,79.89194846203418
1085,56fc3989-3535-49b1-b8c0-8ce3fca07b0d,7,1085,True,2987,2635,78.40053213192914
1086,56fc3989-3535-49b1-b8c0-8ce3fca07b0d,7,1086,True,3018,2666,87.39097289649908
1087,56fc3989-3535-49b1-b8c0-8ce3fca07b0d,7,1087,True,3044,2692,72.18827333302352
1088,56fc3989-3535-49b1-b8c0-8ce3fca07b0d,7,1088,True,3077,2725,73.58428494183818
1089,56fc3989-3535-49b1-b8c0-8ce3fca07b0d,7,1089,True,3101,2749,84.67629584278711
1090,56fc3989-3535-49b1-b8c0-8ce3fca07b0d,7,1090,True,3136,2784,80.54037346707264
1091,56fc3989-3535-49b1-b8c0-8ce3fca07b0d,7,1091,True,3170,2818,91.33858113617407
1092,56fc3989-3535-49b1-b8c0-8ce3fca07b0d,7,1092,True,3205,2853,80.93372013321368
1093,56fc3989-3535-49b1-b8c0-8ce3fca07b0d,7,1093,True,3244,2892,74.66265781633638
1094,56fc3989-3535-49b1-b8c0-8ce3fca07b0d,7,1094,True,3273,2921,77.04697272933527
1095,56fc3989-3535-49b1-b8c0-8ce3fca07b0d,7,1095,True,3296,2944,91.25697439086889
1096,56fc3989-3535-49b1-b8c0-8ce3fca07b0d,7,1096,True,3323,2971,97.34399499673782
1097,56fc3989-3535-49b1-b8c0-8ce3fca07b0d,7,1097,True,3351,2999,88.2715813222876
1098,56fc3989-3535-49b1-b8c0-8ce3fca07b0d,7,1098,True,3375,3023,101.14200424264254
1099,56fc3989-3535-49b1-b8c0-8ce3fca07b0d,7,1099,True,3406,3054,106.20724259026156
1100,56fc3989-3535-49b1-b8c0-8ce3fca07b0d,7,1100,True,3438,3086,97.5197974296475
1101,56fc3989-3535-49b1-b8c0-8ce3fca07b0d,7,1101,True,3484,3132,82.55468193717843
1102,56fc3989-3535-49b1-b8c0-8ce3fca07b0d,7,1102,True,3518,3166,76.52570049790847
1103,56fc3989-3535-49b1-b8c0-8ce3fca07b0d,7,1103,True,3554,3202,91.01842409204346
1104,56fc3989-3535-49b1-b8c0-8ce3fca07b0d,7,1104,True,3578,3226,88.98570424666968
1105,56fc3989-3535-49b1-b8c0-8ce3fca07b0d,7,1105,True,3614,3262,98.63539571456522
1106,56fc3989-3535-49b1-b8c0-8ce3fca07b0d,7,1106,True,3637,3285,104.60597161257283
1107,56fc3989-3535-49b1-b8c0-8ce3fca07b0d,7,1107,True,3673,3321,90.60185321468043
1108,56fc3989-3535-49b1-b8c0-8ce3fca07b0d,7,1108,True,3702,3350,80.1504828524312
1109,56fc3989-3535-49b1-b8c0-8ce3fca07b0d,7,1109,True,3740,3388,93.65664043346169
1110,56fc3989-3535-49b1-b8c0-8ce3fca07b0d,7,1110,True,3776,3424,83.64551721580119
1111,56fc3989-3535-49b1-b8c0-8ce3fca07b0d,7,1111,True,3805,3453,78.82515288972718
1112,56fc3989-3535-49b1-b8c0-8ce3fca07b0d,7,1112,True,3825,3473,81.23185504543244
1113,56fc3989-3535-49b1-b8c0-8ce3fca07b0d,7,1113,True,3852,3500,86.342592765061
1114,56fc3989-3535-49b1-b8c0-8ce3fca07b0d,7,1114,True,3888,3536,95.76872993733741
1115,56fc3989-3535-49b1-b8c0-8ce3fca07b0d,7,1115,True,3934,3582,76.15647171947285
1116,56fc3989-3535-49b1-b8c0-8ce3fca07b0d,7,1116,True,3963,3611,79.37472639355929
1117,56fc3989-3535-49b1-b8c0-8ce3fca07b0d,7,1117,True,3989,3637,75.59317980044534
1118,56fc3989-3535-49b1-b8c0-8ce3fca07b0d,7,1118,True,4022,3670,81.2377450850322
1119,56fc3989-3535-49b1-b8c0-8ce3fca07b0d,7,1119,True,4054,3702,74.03284696728406
1120,56fc3989-3535-49b1-b8c0-8ce3fca07b0d,7,1120,True,4091,3739,79.90536738541005
1121,56fc3989-3535-49b1-b8c0-8ce3fca07b0d,7,1121,True,4120,3768,91.36201568558181
1122,56fc3989-3535-49b1-b8c0-8ce3fca07b0d,7,1122,True,4147,3795,84.55319169180757
1123,56fc3989-3535-49b1-b8c0-8ce3fca07b0d,7,1123,True,4188,3836,79.3131607239493
1124,56fc3989-3535-49b1-b8c0-8ce3fca07b0d,7,1124,True,4219,3867,87.42128071085199
1125,56fc3989-3535-49b1-b8c0-8ce3fca07b0d,7,1125,True,4254,3902,97.19599393754515
1126,56fc3989-3535-49b1-b8c0-8ce3fca07b0d,7,1126,True,4278,3926,84.08586713158957
1127,56fc3989-3535-49b1-b8c0-8ce3fca07b0d,7,1127,True,4311,3959,102.32218805259708
1128,56fc3989-3535-49b1-b8c0-8ce3fca07b0d,7,1128,True,4343,3991,94.55874894532917
1129,56fc3989-3535-49b1-b8c0-8ce3fca07b0d,7,1129,True,4374,4022,91.96896639417992
1130,56fc3989-3535-49b1-b8c0-8ce3fca07b0d,7,1130,True,4395,4043,96.72267376194668
1131,56fc3989-3535-49b1-b8c0-8ce3fca07b0d,7,1131,True,4432,4080,90.30102731976785
1132,56fc3989-3535-49b1-b8c0-8ce3fca07b0d,7,1132,True,4464,4112,92.35998853768251
1133,56fc3989-3535-49b1-b8c0-8ce3fca07b0d,7,1133,True,4482,4130,97.1805533697916
1134,56fc3989-3535-49b1-b8c0-8ce3fca07b0d,7,1134,True,4512,4160,104.90974594987529
1135,56fc3989-3535-49b1-b8c0-8ce3fca07b0d,7,1135,True,4550,4198,92.03462186574598
1136,56fc3989-3535-49b1-b8c0-8ce3fca07b0d,7,1136,True,4596,4244,74.82359554193044
1137,56fc3989-3535-49b1-b8c0-8ce3fca07b0d,7,1137,True,4628,4276,80.42826566331223
1138,56fc3989-3535-49b1-b8c0-8ce3fca07b0d,7,1138,True,4658,4306,81.30383559604616
1139,56fc3989-3535-49b1-b8c0-8ce3fca07b0d,7,1139,True,4679,4327,88.97408116369206
1140,56fc3989-3535-49b1-b8c0-8ce3fca07b0d,7,1140,True,4715,4363,81.37644461470063
1141,56fc3989-3535-49b1-b8c0-8ce3fca07b0d,7,1141,True,4746,4394,85.27003072698881
1142,56fc3989-3535-49b1-b8c0-8ce3fca07b0d,7,1142,True,4773,4421,87.28485166490645
1143,56fc3989-3535-49b1-b8c0-8ce3fca07b0d,7,1143,True,4807,4455,76.32677958034856
1144,56fc3989-3535-49b1-b8c0-8ce3fca07b0d,7,1144,True,4839,4487,78.46778128239475
1145,56fc3989-3535-49b1-b8c0-8ce3fca07b0d,7,1145,True,4870,4518,82.24837888809088
1146,56fc3989-3535-49b1-b8c0-8ce3fca07b0d,7,1146,True,4911,4559,65.23356434240122
1147,56fc3989-3535-49b1-b8c0-8ce3fca07b0d,7,1147,True,4944,4592,98.32454676033649
1148,56fc3989-3535-49b1-b8c0-8ce3fca07b0d,7,1148,True,4972,4620,80.35013615213484
1149,56fc3989-3535-49b1-b8c0-8ce3fca07b0d,7,1149,True,5007,4655,88.76185938015897
1150,56fc3989-3535-49b1-b8c0-8ce3fca07b0d,7,1150,True,5037,4685,96.22731461537842
1151,56fc3989-3535-49b1-b8c0-8ce3fca07b0d,7,1151,True,5068,4716,86.69657509855278
1152,56fc3989-3535-49b1-b8c0-8ce3fca07b0d,7,1152,True,5091,4739,84.49286593586112
1153,56fc3989-3535-49b1-b8c0-8ce3fca07b0d,7,1153,True,5120,4768,86.43739001861377
1154,56fc3989-3535-49b1-b8c0-8ce3fca07b0d,7,1154,True,5156,4804,99.86124780483715
1155,56fc3989-3535-49b1-b8c0-8ce3fca07b0d,7,1155,True,5185,4833,83.03522225979486
1156,56fc3989-3535-49b1-b8c0-8ce3fca07b0d,7,1156,True,5217,4865,101.7669054071257
1157,56fc3989-3535-49b1-b8c0-8ce3fca07b0d,7,1157,True,5253,4901,96.04540279504545
1158,56fc3989-3535-49b1-b8c0-8ce3fca07b0d,7,1158,True,5285,4933,94.40148001684702
1159,56fc3989-3535-49b1-b8c0-8ce3fca07b0d,7,1159,True,5319,4967,80.91190526863193
1160,56fc3989-3535-49b1-b8c0-8ce3fca07b0d,7,1160,True,5345,4993,88.19140156545927
1161,56fc3989-3535-49b1-b8c0-8ce3fca07b0d,7,1161,True,5368,5016,99.75805572420904
1162,56fc3989-3535-49b1-b8c0-8ce3fca07b0d,7,1162,True,5394,5042,83.2557337627477
1163,56fc3989-3535-49b1-b8c0-8ce3fca07b0d,7,1163,True,5410,5058,91.14925960289565
1164,56fc3989-3535-49b1-b8c0-8ce3fca07b0d,7,1164,True,5448,5096,98.94126156734364
1165,56fc3989-3535-49b1-b8c0-8ce3fca07b0d,7,1165,True,5492,5140,79.85115221873093
1166,56fc3989-3535-49b1-b8c0-8ce3fca07b0d,7,1166,True,5522,5170,91.49062053986836
1167,56fc3989-3535-49b1-b8c0-8ce3fca07b0d,7,1167,True,5553,5201,83.88194688773638
1168,56fc3989-3535-49b1-b8c0-8ce3fca07b0d,7,1168,True,5580,5228,93.1818230977442
1169,56fc3989-3535-49b1-b8c0-8ce3fca07b0d,7,1169,True,5619,5267,97.07801304912118
1170,56fc3989-3535-49b1-b8c0-8ce3fca07b0d,7,1170,True,5655,5303,104.86380712973732
1171,56fc3989-3535-49b1-b8c0-8ce3fca07b0d,7,1171,True,5686,5334,97.79273169833778
1172,56fc3989-3535-49b1-b8c0-8ce3fca07b0d,7,1172,True,5719,5367,79.59576183395438
1173,56fc3989-3535-49b1-b8c0-8ce3fca07b0d,7,1173,True,5747,5395,87.37208842501423
1174,56fc3989-3535-49b1-b8c0-8ce3fca07b0d,7,1174,True,5773,5421,87.6560622284851
1175,56fc3989-3535-49b1-b8c0-8ce3fca07b0d,7,1175,True,5804,5452,92.9082837304959
1176,56fc3989-3535-49b1-b8c0-8ce3fca07b0d,7,1176,True,5832,5480,104.79106945414424
1177,56fc3989-3535-49b1-b8c0-8ce3fca07b0d,7,1177,True,5868,5516,93.0942677894709
1178,56fc3989-3535-49b1-b8c0-8ce3fca07b0d,7,1178,True,5900,5548,110.35372733014901
1179,56fc3989-3535-49b1-b8c0-8ce3fca07b0d,7,1179,True,5930,5578,138.17103526600476
1180,56fc3989-3535-49b1-b8c0-8ce3fca07b0d,7,1180,True,5954,5602,105.0161068595362
1181,56fc3989-3535-49b1-b8c0-8ce3fca07b0d,7,1181,True,5986,5634,105.3042148099521
1182,56fc3989-3535-49b1-b8c0-8ce3fca07b0d,7,1182,True,6035,5683,87.70331582865947
1183,56fc3989-3535-49b1-b8c0-8ce3fca07b0d,7,1183,True,6063,5711,85.18457374196441
1184,56fc3989-3535-49b1-b8c0-8ce3fca07b0d,7,1184,True,6089,5737,99.43461173258584
1185,56fc3989-3535-49b1-b8c0-8ce3fca07b0d,7,1185,True,6115,5763,106.344076729687
1186,56fc3989-3535-49b1-b8c0-8ce3fca07b0d,7,1186,True,6150,5798,108.32170772348582
1187,56fc3989-3535-49b1-b8c0-8ce3fca07b0d,7,1187,True,6180,5828,106.78427062846367
1188,56fc3989-3535-49b1-b8c0-8ce3fca07b0d,7,1188,True,6208,5856,95.6760750955973
1189,56fc3989-3535-49b1-b8c0-8ce3fca07b0d,7,1189,True,6245,5893,148.81569613847842
1190,56fc3989-3535-49b1-b8c0-8ce3fca07b0d,7,1190,True,6274,5922,131.16831998231373
1191,56fc3989-3535-49b1-b8c0-8ce3fca07b0d,7,1191,True,6310,5958,141.68010232202596
1192,56fc3989-3535-49b1-b8c0-8ce3fca07b0d,7,1192,True,6343,5991,118.86640558985528
1193,56fc3989-3535-49b1-b8c0-8ce3fca07b0d,7,1193,True,6364,6012,134.45404060702822
1194,56fc3989-3535-49b1-b8c0-8ce3fca07b0d,7,1194,True,6399,6047,151.4219289769162
1195,56fc3989-3535-49b1-b8c0-8ce3fca07b0d,7,1195,True,6435,6083,124.05212476452652
1196,56fc3989-3535-49b1-b8c0-8ce3fca07b0d,7,1196,True,6479,6127,98.09983516945431
1197,56fc3989-3535-49b1-b8c0-8ce3fca07b0d,7,1197,True,6506,6154,119.60099323886425
1198,56fc3989-3535-49b1-b8c0-8ce3fca07b0d,7,1198,True,6534,6182,118.04588193887867
1199,56fc3989-3535-49b1-b8c0-8ce3fca07b0d,7,1199,True,6570,6218,108.8767068413099
1200,56fc3989-3535-49b1-b8c0-8ce3fca07b0d,7,1200,True,6601,6249,94.54800364828043
1201,56fc3989-3535-49b1-b8c0-8ce3fca07b0d,7,1201,True,6630,6278,92.22584389582062
1202,56fc3989-3535-49b1-b8c0-8ce3fca07b0d,7,1202,True,6667,6315,102.92185614731352
1203,56fc3989-3535-49b1-b8c0-8ce3fca07b0d,7,1203,True,6702,6350,93.3531635023046
1204,56fc3989-3535-49b1-b8c0-8ce3fca07b0d,7,1204,True,6743,6391,88.02677554832371
1205,56fc3989-3535-49b1-b8c0-8ce3fca07b0d,7,1205,True,6770,6418,94.89967985893782
1206,56fc3989-3535-49b1-b8c0-8ce3fca07b0d,7,1206,True,6796,6444,97.979395405162
1207,56fc3989-3535-49b1-b8c0-8ce3fca07b0d,7,1207,True,6834,6482,101.46237591560111
1208,56fc3989-3535-49b1-b8c0-8ce3fca07b0d,7,1208,True,6869,6517,95.19050517019787
1209,56fc3989-3535-49b1-b8c0-8ce3fca07b0d,7,1209,True,6912,6560,82.63754684753349
1210,56fc3989-3535-49b1-b8c0-8ce3fca07b0d,7,1210,True,6941,6589,76.16703567899094
1211,56fc3989-3535-49b1-b8c0-8ce3fca07b0d,7,1211,True,6977,6625,74.50431992159702
1212,56fc3989-3535-49b1-b8c0-8ce3fca07b0d,7,1212,True,7006,6654,85.43168404593962
1213,56fc3989-3535-49b1-b8c0-8ce3fca07b0d,7,1213,True,7044,6692,79.92174218552555
1214,56fc3989-3535-49b1-b8c0-8ce3fca07b0d,7,1214,True,7074,6722,78.49101466927914
1215,56fc3989-3535-49b1-b8c0-8ce3fca07b0d,7,1215,True,7109,6757,78.40138925278643
1216,56fc3989-3535-49b1-b8c0-8ce3fca07b0d,7,1216,True,7128,6776,88.28001263623537
1217,56fc3989-3535-49b1-b8c0-8ce3fca07b0d,7,1217,True,7153,6801,88.1404432706795
1218,56fc3989-3535-49b1-b8c0-8ce3fca07b0d,7,1218,True,7185,6833,90.8357307583301
1219,56fc3989-3535-49b1-b8c0-8ce3fca07b0d,7,1219,True,7209,6857,77.28813970264036
1220,56fc3989-3535-49b1-b8c0-8ce3fca07b0d,7,1220,True,7234,6882,88.9471871368196
1221,56fc3989-3535-49b1-b8c0-8ce3fca07b0d,7,1221,True,7262,6910,70.6559262546325
1222,56fc3989-3535-49b1-b8c0-8ce3fca07b0d,7,1222,True,7296,6944,78.24766893479409
1223,56fc3989-3535-49b1-b8c0-8ce3fca07b0d,7,1223,True,7323,6971,84.4751008901867
1224,56fc3989-3535-49b1-b8c0-8ce3fca07b0d,7,1224,True,7355,7003,85.25599264942048
1225,56fc3989-3535-49b1-b8c0-8ce3fca07b0d,7,1225,True,7395,7043,97.8396208761933
1226,56fc3989-3535-49b1-b8c0-8ce3fca07b0d,7,1226,True,7429,7077,90.68462720705156
1227,56fc3989-3535-49b1-b8c0-8ce3fca07b0d,7,1227,True,7461,7109,94.44413258681652
1228,56fc3989-3535-49b1-b8c0-8ce3fca07b0d,7,1228,True,7489,7137,92.19684430091456
1229,56fc3989-3535-49b1-b8c0-8ce3fca07b0d,7,1229,True,7522,7170,88.40315893964635
1230,56fc3989-3535-49b1-b8c0-8ce3fca07b0d,7,1230,True,7557,7205,81.77072248081095
1231,56fc3989-3535-49b1-b8c0-8ce3fca07b0d,7,1231,True,7578,7226,94.68247972309564
1232,56fc3989-3535-49b1-b8c0-8ce3fca07b0d,7,1232,True,7605,7253,104.16307497727121
1233,56fc3989-3535-49b1-b8c0-8ce3fca07b0d,7,1233,True,7639,7287,97.5480423953004
1234,56fc3989-3535-49b1-b8c0-8ce3fca07b0d,7,1234,True,7659,7307,107.57192573430166
1235,56fc3989-3535-49b1-b8c0-8ce3fca07b0d,7,1235,True,7702,7350,90.99237664124848
1236,56fc3989-3535-49b1-b8c0-8ce3fca07b0d,7,1236,True,7736,7384,113.03222769331569
1237,56fc3989-3535-49b1-b8c0-8ce3fca07b0d,7,1237,True,7762,7410,116.75558326365172
1238,56fc3989-3535-49b1-b8c0-8ce3fca07b0d,7,1238,True,7798,7446,108.62926272258665
1239,56fc3989-3535-49b1-b8c0-8ce3fca07b0d,7,1239,True,7825,7473,104.41443738903672
1240,56fc3989-3535-49b1-b8c0-8ce3fca07b0d,7,1240,True,7846,7494,140.7824994715047
1241,56fc3989-3535-49b1-b8c0-8ce3fca07b0d,7,1241,True,7869,7517,130.47312711074574
1242,56fc3989-3535-49b1-b8c0-8ce3fca07b0d,7,1242,True,7904,7552,108.4143458712224
1243,56fc3989-3535-49b1-b8c0-8ce3fca07b0d,7,1243,True,7934,7582,103.0365660123307
1244,56fc3989-3535-49b1-b8c0-8ce3fca07b0d,7,1244,True,7963,7611,95.83088649748515
1245,56fc3989-3535-49b1-b8c0-8ce3fca07b0d,7,1245,True,7989,7637,111.83920287787987
1246,56fc3989-3535-49b1-b8c0-8ce3fca07b0d,7,1246,True,8016,7664,98.4239323673437
1247,56fc3989-3535-49b1-b8c0-8ce3fca07b0d,7,1247,True,8049,7697,102.52142891894619
1248,56fc3989-3535-49b1-b8c0-8ce3fca07b0d,7,1248,True,8077,7725,100.47372941452613
1249,56fc3989-3535-49b1-b8c0-8ce3fca07b0d,7,1249,True,8110,7758,124.28553419293439
1250,56fc3989-3535-49b1-b8c0-8ce3fca07b0d,7,1250,True,8144,7792,113.85093763970144
1251,56fc3989-3535-49b1-b8c0-8ce3fca07b0d,7,1251,True,8171,7819,109.82080134899479
1252,56fc3989-3535-49b1-b8c0-8ce3fca07b0d,7,1252,True,8206,7854,101.69219768079074
1253,56fc3989-3535-49b1-b8c0-8ce3fca07b0d,7,1253,True,8234,7882,112.68027578173223
1254,56fc3989-3535-49b1-b8c0-8ce3fca07b0d,7,1254,True,8267,7915,112.4568659759052
1255,56fc3989-3535-49b1-b8c0-8ce3fca07b0d,7,1255,True,8310,7958,96.83633883553739
1256,56fc3989-3535-49b1-b8c0-8ce3fca07b0d,7,1256,True,8336,7984,101.15548076287632
1257,56fc3989-3535-49b1-b8c0-8ce3fca07b0d,7,1257,True,8371,8019,104.2821017228498
1258,56fc3989-3535-49b1-b8c0-8ce3fca07b0d,7,1258,True,8401,8049,94.82740004341576
1259,56fc3989-3535-49b1-b8c0-8ce3fca07b0d,7,1259,True,8434,8082,108.77760031107391
1260,56fc3989-3535-49b1-b8c0-8ce3fca07b0d,7,1260,True,8464,8112,107.8730712232882
1261,56fc3989-3535-49b1-b8c0-8ce3fca07b0d,7,1261,True,8493,8141,104.47421147725981
1262,56fc3989-3535-49b1-b8c0-8ce3fca07b0d,7,1262,True,8518,8166,100.50207749770743
1263,56fc3989-3535-49b1-b8c0-8ce3fca07b0d,7,1263,True,8569,8217,97.84569600532632
1264,56fc3989-3535-49b1-b8c0-8ce3fca07b0d,7,1264,True,8591,8239,117.65417950923802
1265,56fc3989-3535-49b1-b8c0-8ce3fca07b0d,7,1265,True,8631,8279,94.03025130309834
1266,56fc3989-3535-49b1-b8c0-8ce3fca07b0d,7,1266,True,8658,8306,119.79612770613494
1267,56fc3989-3535-49b1-b8c0-8ce3fca07b0d,7,1267,True,8693,8341,95.99262428947077
1268,56fc3989-3535-49b1-b8c0-8ce3fca07b0d,7,1268,True,8726,8374,111.54638525693554
1269,56fc3989-3535-49b1-b8c0-8ce3fca07b0d,7,1269,True,8759,8407,109.6395546303338
1270,56fc3989-3535-49b1-b8c0-8ce3fca07b0d,7,1270,True,8794,8442,97.59131688940943
1271,56fc3989-3535-49b1-b8c0-8ce3fca07b0d,7,1271,True,8820,8468,99.63744422449236
1272,56fc3989-3535-49b1-b8c0-8ce3fca07b0d,7,1272,True,8855,8503,94.35767700143151
1273,56fc3989-3535-49b1-b8c0-8ce3fca07b0d,7,1273,True,8882,8530,102.80425248374559
1274,56fc3989-3535-49b1-b8c0-8ce3fca07b0d,7,1274,True,8909,8557,101.655428388156
1275,56fc3989-3535-49b1-b8c0-8ce3fca07b0d,7,1275,True,8929,8577,95.32922760318252
1276,56fc3989-3535-49b1-b8c0-8ce3fca07b0d,7,1276,True,8964,8612,93.57868996635261
1277,56fc3989-3535-49b1-b8c0-8ce3fca07b0d,7,1277,True,8998,8646,101.0937876426924
1278,56fc3989-3535-49b1-b8c0-8ce3fca07b0d,7,1278,True,9040,8688,111.77706038877113
1279,56fc3989-3535-49b1-b8c0-8ce3fca07b0d,7,1279,True,9066,8714,107.02622239334778
1280,56fc3989-3535-49b1-b8c0-8ce3fca07b0d,7,1280,True,9101,8749,95.6570487776462
1281,56fc3989-3535-49b1-b8c0-8ce3fca07b0d,7,1281,True,9133,8781,94.82653988779384
1282,56fc3989-3535-49b1-b8c0-8ce3fca07b0d,7,1282,True,9162,8810,101.43009697934576
1283,56fc3989-3535-49b1-b8c0-8ce3fca07b0d,7,1283,True,9195,8843,94.06149033362271
1284,56fc3989-3535-49b1-b8c0-8ce3fca07b0d,7,1284,True,9222,8870,93.15088162259053
1285,56fc3989-3535-49b1-b8c0-8ce3fca07b0d,7,1285,True,9262,8910,92.65089034236917
1286,56fc3989-3535-49b1-b8c0-8ce3fca07b0d,7,1286,True,9298,8946,85.57846768436866
1287,56fc3989-3535-49b1-b8c0-8ce3fca07b0d,7,1287,True,9331,8979,88.71581885256273
1288,56fc3989-3535-49b1-b8c0-8ce3fca07b0d,7,1288,True,9366,9014,91.77282942897
1289,56fc3989-3535-49b1-b8c0-8ce3fca07b0d,7,1289,True,9396,9044,92.38430198632159
1290,56fc3989-3535-49b1-b8c0-8ce3fca07b0d,7,1290,True,9438,9086,76.60460002630316
1291,56fc3989-3535-49b1-b8c0-8ce3fca07b0d,7,1291,True,9475,9123,76.48415021028086
1292,56fc3989-3535-49b1-b8c0-8ce3fca07b0d,7,1292,True,9505,9153,76.84716079430473
1293,56fc3989-3535-49b1-b8c0-8ce3fca07b0d,7,1293,True,9533,9181,86.13027249385777
1294,56fc3989-3535-49b1-b8c0-8ce3fca07b0d,7,1294,True,9553,9201,83.90386033724826
1295,56fc3989-3535-49b1-b8c0-8ce3fca07b0d,7,1295,True,9594,9242,87.7275014754432
1296,56fc3989-3535-49b1-b8c0-8ce3fca07b0d,7,1296,True,9630,9278,79.05918951699641
1297,56fc3989-3535-49b1-b8c0-8ce3fca07b0d,7,1297,True,9664,9312,74.19926463182492
1298,56fc3989-3535-49b1-b8c0-8ce3fca07b0d,7,1298,True,9689,9337,82.43000911419585
1299,56fc3989-3535-49b1-b8c0-8ce3fca07b0d,7,1299,True,9710,9358,92.99278279231294
1300,56fc3989-3535-49b1-b8c0-8ce3fca07b0d,7,1300,True,9744,9392,93.56153674588131
1301,56fc3989-3535-49b1-b8c0-8ce3fca07b0d,7,1301,True,9781,9429,90.73704998909307
1302,56fc3989-3535-49b1-b8c0-8ce3fca07b0d,7,1302,True,9804,9452,91.51809204052006
1303,56fc3989-3535-49b1-b8c0-8ce3fca07b0d,7,1303,True,9832,9480,77.08730908794496
1304,56fc3989-3535-49b1-b8c0-8ce3fca07b0d,7,1304,True,9863,9511,90.47812468562734
1305,56fc3989-3535-49b1-b8c0-8ce3fca07b0d,7,1305,True,9892,9540,94.65702017904914
1306,56fc3989-3535-49b1-b8c0-8ce3fca07b0d,7,1306,True,9929,9577,87.47881169485481
1307,56fc3989-3535-49b1-b8c0-8ce3fca07b0d,7,1307,True,9957,9605,86.20971820868726
1308,56fc3989-3535-49b1-b8c0-8ce3fca07b0d,7,1308,True,10001,9649,77.7288016645798
1309,56fc3989-3535-49b1-b8c0-8ce3fca07b0d,7,1309,True,10030,9678,71.2322856374467
1310,56fc3989-3535-49b1-b8c0-8ce3fca07b0d,7,1310,True,10053,9701,96.35240918162708
1311,56fc3989-3535-49b1-b8c0-8ce3fca07b0d,7,1311,True,10085,9733,98.42257693830288
1312,56fc3989-3535-49b1-b8c0-8ce3fca07b0d,7,1312,True,10111,9759,117.26537173653742
1313,56fc3989-3535-49b1-b8c0-8ce3fca07b0d,7,1313,True,10145,9793,106.81609835734707
1314,56fc3989-3535-49b1-b8c0-8ce3fca07b0d,7,1314,True,10183,9831,100.59086899923386
1315,56fc3989-3535-49b1-b8c0-8ce3fca07b0d,7,1315,True,10213,9861,96.5564939951164
1316,56fc3989-3535-49b1-b8c0-8ce3fca07b0d,7,1316,True,10238,9886,97.00571864105041
1317,56fc3989-3535-49b1-b8c0-8ce3fca07b0d,7,1317,True,10263,9911,104.1007471022458
1318,56fc3989-3535-49b1-b8c0-8ce3fca07b0d,7,1318,True,10289,9937,102.58860749921587
1319,56fc3989-3535-49b1-b8c0-8ce3fca07b0d,7,1319,True,10314,9962,88.9999500498725
1320,56fc3989-3535-49b1-b8c0-8ce3fca07b0d,7,1320,True,10349,9997,98.9046993920947
1321,56fc3989-3535-49b1-b8c0-8ce3fca07b0d,7,1321,True,10380,10028,90.75746403096491
1322,56fc3989-3535-49b1-b8c0-8ce3fca07b0d,7,1322,True,10402,10050,105.72351288290156
1323,56fc3989-3535-49b1-b8c0-8ce3fca07b0d,7,1323,True,10429,10077,99.92471309243228
1324,56fc3989-3535-49b1-b8c0-8ce3fca07b0d,7,1324,True,10452,10100,97.5595074826233
1325,56fc3989-3535-49b1-b8c0-8ce3fca07b0d,7,1325,True,10483,10131,122.81897903630852
1326,56fc3989-3535-49b1-b8c0-8ce3fca07b0d,7,1326,True,10510,10158,107.2843827970155
1327,56fc3989-3535-49b1-b8c0-8ce3fca07b0d,7,1327,True,10539,10187,120.35253761068634
1328,56fc3989-3535-49b1-b8c0-8ce3fca07b0d,7,1328,True,10572,10220,115.1651090432988
1329,56fc3989-3535-49b1-b8c0-8ce3fca07b0d,7,1329,True,10602,10250,114.24674073975984
1330,56fc3989-3535-49b1-b8c0-8ce3fca07b0d,7,1330,True,10634,10282,106.78340535170355
1331,56fc3989-3535-49b1-b8c0-8ce3fca07b0d,7,1331,True,10669,10317,114.57259154015082
1332,56fc3989-3535-49b1-b8c0-8ce3fca07b0d,7,1332,True,10700,10348,93.82134739381581
1333,56fc3989-3535-49b1-b8c0-8ce3fca07b0d,7,1333,True,10739,10387,96.35539551369402
1334,56fc3989-3535-49b1-b8c0-8ce3fca07b0d,7,1334,True,10771,10419,109.119606153532
1335,56fc3989-3535-49b1-b8c0-8ce3fca07b0d,7,1335,True,10804,10452,97.4585643556511
1336,56fc3989-3535-49b1-b8c0-8ce3fca07b0d,7,1336,True,10832,10480,95.9613232118063
1337,56fc3989-3535-49b1-b8c0-8ce3fca07b0d,7,1337,True,10866,10514,86.19674030084207
1338,56fc3989-3535-49b1-b8c0-8ce3fca07b0d,7,1338,True,10895,10543,102.97783761310711
1339,56fc3989-3535-49b1-b8c0-8ce3fca07b0d,7,1339,True,10921,10569,124.68851644916322
1340,56fc3989-3535-49b1-b8c0-8ce3fca07b0d,7,1340,True,10951,10599,105.58747079603745
1341,56fc3989-3535-49b1-b8c0-8ce3fca07b0d,7,1341,True,10987,10635,95.56424177779991
1342,56fc3989-3535-49b1-b8c0-8ce3fca07b0d,7,1342,True,11018,10666,89.93970195325528
1343,56fc3989-3535-49b1-b8c0-8ce3fca07b0d,7,1343,True,11051,10699,85.50594911914959
1344,56fc3989-3535-49b1-b8c0-8ce3fca07b0d,7,1344,True,11078,10726,86.18729631452152
1345,56fc3989-3535-49b1-b8c0-8ce3fca07b0d,7,1345,True,11113,10761,73.82961720023741
1346,56fc3989-3535-49b1-b8c0-8ce3fca07b0d,7,1346,True,11151,10799,87.33217440574117
1347,56fc3989-3535-49b1-b8c0-8ce3fca07b0d,7,1347,True,11179,10827,95.9676823923055
1348,56fc3989-3535-49b1-b8c0-8ce3fca07b0d,7,1348,True,11209,10857,91.95378537084798
1349,56fc3989-3535-49b1-b8c0-8ce3fca07b0d,7,1349,True,11240,10888,87.5927556441693
1350,56fc3989-3535-49b1-b8c0-8ce3fca07b0d,7,1350,True,11269,10917,86.6194135857586
1351,56fc3989-3535-49b1-b8c0-8ce3fca07b0d,7,1351,True,11309,10957,86.3255433753584
1352,56fc3989-3535-49b1-b8c0-8ce3fca07b0d,7,1352,True,11330,10978,86.99922188762503
1353,56fc3989-3535-49b1-b8c0-8ce3fca07b0d,7,1353,True,11359,11007,85.47425881246818
1354,56fc3989-3535-49b1-b8c0-8ce3fca07b0d,7,1354,True,11406,11054,87.24923593372296
1355,56fc3989-3535-49b1-b8c0-8ce3fca07b0d,7,1355,True,11440,11088,98.32871639046243
1356,56fc3989-3535-49b1-b8c0-8ce3fca07b0d,7,1356,True,11469,11117,88.20084828080326
1357,56fc3989-3535-49b1-b8c0-8ce3fca07b0d,7,1357,True,11501,11149,81.27297397172697
1358,56fc3989-3535-49b1-b8c0-8ce3fca07b0d,7,1358,True,11527,11175,86.96044429085305
1359,56fc3989-3535-49b1-b8c0-8ce3fca07b0d,7,1359,True,11556,11204,83.79964623870364
1360,56fc3989-3535-49b1-b8c0-8ce3fca07b0d,7,1360,True,11585,11233,86.56634553397271
1361,56fc3989-3535-49b1-b8c0-8ce3fca07b0d,7,1361,True,11620,11268,85.31887560570976
1362,56fc3989-3535-49b1-b8c0-8ce3fca07b0d,7,1362,True,11655,11303,83.67152798977804
1363,56fc3989-3535-49b1-b8c0-8ce3fca07b0d,7,1363,True,11681,11329,86.8767811254911
1364,56fc3989-3535-49b1-b8c0-8ce3fca07b0d,7,1364,True,11712,11360,81.38847084631925
1365,56fc3989-3535-49b1-b8c0-8ce3fca07b0d,7,1365,True,11744,11392,77.48677713319194
1366,56fc3989-3535-49b1-b8c0-8ce3fca07b0d,7,1366,True,11780,11428,75.82340047344042
1367,56fc3989-3535-49b1-b8c0-8ce3fca07b0d,7,1367,True,11816,11464,78.37434119546742
1368,56fc3989-3535-49b1-b8c0-8ce3fca07b0d,7,1368,True,11853,11501,76.35997323258562
1369,56fc3989-3535-49b1-b8c0-8ce3fca07b0d,7,1369,True,11877,11525,81.60214948207249
1370,56fc3989-3535-49b1-b8c0-8ce3fca07b0d,7,1370,True,11910,11558,75.3741200097993
1371,56fc3989-3535-49b1-b8c0-8ce3fca07b0d,7,1371,True,11935,11583,90.16980195278848
1372,56fc3989-3535-49b1-b8c0-8ce3fca07b0d,7,1372,True,11974,11622,75.11991127717738
1373,56fc3989-3535-49b1-b8c0-8ce3fca07b0d,7,1373,True,12014,11662,75.79337806897274
1374,56fc3989-3535-49b1-b8c0-8ce3fca07b0d,7,1374,True,12047,11695,81.13025626014678
1375,56fc3989-3535-49b1-b8c0-8ce3fca07b0d,7,1375,True,12086,11734,79.81149411864135
1376,56fc3989-3535-49b1-b8c0-8ce3fca07b0d,7,1376,True,12119,11767,76.36814278213205
1377,56fc3989-3535-49b1-b8c0-8ce3fca07b0d,7,1377,True,12150,11798,75.26098926687337
1378,56fc3989-3535-49b1-b8c0-8ce3fca07b0d,7,1378,True,12177,11825,82.41721081212381
1379,56fc3989-3535-49b1-b8c0-8ce3fca07b0d,7,1379,True,12205,11853,95.90222760205143
1380,56fc3989-3535-49b1-b8c0-8ce3fca07b0d,7,1380,True,12231,11879,97.4643881931861
1381,56fc3989-3535-49b1-b8c0-8ce3fca07b0d,7,1381,True,12271,11919,80.75137508318403
1382,56fc3989-3535-49b1-b8c0-8ce3fca07b0d,7,1382,True,12296,11944,79.55670002708757
1383,56fc3989-3535-49b1-b8c0-8ce3fca07b0d,7,1383,True,12331,11979,81.25940229629305
1384,56fc3989-3535-49b1-b8c0-8ce3fca07b0d,7,1384,True,12368,12016,79.84670650235421
1385,56fc3989-3535-49b1-b8c0-8ce3fca07b0d,7,1385,True,12405,12053,76.69255545664964
1386,56fc3989-3535-49b1-b8c0-8ce3fca07b0d,7,1386,True,12439,12087,88.39997677992869
1387,56fc3989-3535-49b1-b8c0-8ce3fca07b0d,7,1387,True,12481,12129,86.27007599975514
1388,56fc3989-3535-49b1-b8c0-8ce3fca07b0d,7,1388,True,12509,12157,84.93151354165457
1389,56fc3989-3535-49b1-b8c0-8ce3fca07b0d,7,1389,True,12535,12183,84.71554730697062
1390,56fc3989-3535-49b1-b8c0-8ce3fca07b0d,7,1390,True,12561,12209,84.17730898618174
1391,56fc3989-3535-49b1-b8c0-8ce3fca07b0d,7,1391,True,12588,12236,87.19162673240135
1392,56fc3989-3535-49b1-b8c0-8ce3fca07b0d,7,1392,True,12625,12273,69.76372192845156
1393,56fc3989-3535-49b1-b8c0-8ce3fca07b0d,7,1393,True,12661,12309,73.80470372949458
1394,56fc3989-3535-49b1-b8c0-8ce3fca07b0d,7,1394,True,12683,12331,93.7092758335566
1395,56fc3989-3535-49b1-b8c0-8ce3fca07b0d,7,1395,True,12712,12360,88.16916496087106
1396,56fc3989-3535-49b1-b8c0-8ce3fca07b0d,7,1396,True,12739,12387,88.87098297588273
1397,56fc3989-3535-49b1-b8c0-8ce3fca07b0d,7,1397,True,12767,12415,73.48826740353252
1398,56fc3989-3535-49b1-b8c0-8ce3fca07b0d,7,1398,True,12806,12454,83.92670072167675
1399,56fc3989-3535-49b1-b8c0-8ce3fca07b0d,7,1399,True,12833,12481,78.41818994655841
1400,56fc3989-3535-49b1-b8c0-8ce3fca07b0d,7,1400,True,12854,12502,92.38571639995098
1401,56fc3989-3535-49b1-b8c0-8ce3fca07b0d,7,1401,True,12881,12529,94.22261481524401
1402,56fc3989-3535-49b1-b8c0-8ce3fca07b0d,7,1402,True,12911,12559,104.19552166919857
1403,56fc3989-3535-49b1-b8c0-8ce3fca07b0d,7,1403,True,12947,12595,92.27042656756203
1404,56fc3989-3535-49b1-b8c0-8ce3fca07b0d,7,1404,True,12975,12623,84.64409625849657
1405,56fc3989-3535-49b1-b8c0-8ce3fca07b0d,7,1405,True,13001,12649,88.88535170000978
1406,56fc3989-3535-49b1-b8c0-8ce3fca07b0d,7,1406,True,13037,12685,77.49285995764149
1407,56fc3989-3535-49b1-b8c0-8ce3fca07b0d,7,1407,True,13073,12721,70.88425179706974
1408,56fc3989-3535-49b1-b8c0-8ce3fca07b0d,7,1408,True,13111,12759,75.76836696808095
1409,56fc3989-3535-49b1-b8c0-8ce3fca07b0d,7,1409,True,13143,12791,81.11082332989827
1410,56fc3989-3535-49b1-b8c0-8ce3fca07b0d,7,1410,True,13181,12829,90.94295437660548
1411,56fc3989-3535-49b1-b8c0-8ce3fca07b0d,7,1411,True,13217,12865,91.27875576025872
1412,56fc3989-3535-49b1-b8c0-8ce3fca07b0d,7,1412,True,13252,12900,89.34866142095234
1413,56fc3989-3535-49b1-b8c0-8ce3fca07b0d,7,1413,True,13278,12926,93.06376292839741
1414,56fc3989-3535-49b1-b8c0-8ce3fca07b0d,7,1414,True,13319,12967,76.23404164117346
1415,56fc3989-3535-49b1-b8c0-8ce3fca07b0d,7,1415,True,13348,12996,83.88656757594981
1416,56fc3989-3535-49b1-b8c0-8ce3fca07b0d,7,1416,True,13385,13033,77.00084773681192
1417,56fc3989-3535-49b1-b8c0-8ce3fca07b0d,7,1417,True,13418,13066,78.15683408561927
1418,56fc3989-3535-49b1-b8c0-8ce3fca07b0d,7,1418,True,13448,13096,71.44254359578736
1419,56fc3989-3535-49b1-b8c0-8ce3fca07b0d,7,1419,True,13482,13130,73.44069726404086
1420,56fc3989-3535-49b1-b8c0-8ce3fca07b0d,7,1420,True,13525,13173,69.62470439859862
1421,56fc3989-3535-49b1-b8c0-8ce3fca07b0d,7,1421,True,13556,13204,72.0321325177938
1422,56fc3989-3535-49b1-b8c0-8ce3fca07b0d,7,1422,True,13591,13239,78.51895821833205
1423,56fc3989-3535-49b1-b8c0-8ce3fca07b0d,7,1423,True,13618,13266,74.83649404209245
1424,56fc3989-3535-49b1-b8c0-8ce3fca07b0d,7,1424,True,13651,13299,89.31352424122997
1425,56fc3989-3535-49b1-b8c0-8ce3fca07b0d,7,1425,True,13676,13324,86.99665280245426
1426,56fc3989-3535-49b1-b8c0-8ce3fca07b0d,7,1426,True,13706,13354,96.13185227501162
1427,56fc3989-3535-49b1-b8c0-8ce3fca07b0d,7,1427,True,13744,13392,83.05134380208256
1428,56fc3989-3535-49b1-b8c0-8ce3fca07b0d,7,1428,True,13777,13425,79.06863977735884
1429,56fc3989-3535-49b1-b8c0-8ce3fca07b0d,7,1429,True,13808,13456,86.04887597313609
1430,56fc3989-3535-49b1-b8c0-8ce3fca07b0d,7,1430,True,13833,13481,95.12171810726068
1431,56fc3989-3535-49b1-b8c0-8ce3fca07b0d,7,1431,True,13866,13514,86.96089817584107
1432,56fc3989-3535-49b1-b8c0-8ce3fca07b0d,7,1432,True,13895,13543,78.35257156179614
1433,56fc3989-3535-49b1-b8c0-8ce3fca07b0d,7,1433,True,13917,13565,84.72024158546265
1434,56fc3989-3535-49b1-b8c0-8ce3fca07b0d,7,1434,True,13951,13599,85.69170846444104
1435,56fc3989-3535-49b1-b8c0-8ce3fca07b0d,7,1435,True,13977,13625,88.30964122185105
1436,56fc3989-3535-49b1-b8c0-8ce3fca07b0d,7,1436,True,14004,13652,93.6497506796477
1437,56fc3989-3535-49b1-b8c0-8ce3fca07b0d,7,1437,True,14044,13692,95.20866537661095
1438,56fc3989-3535-49b1-b8c0-8ce3fca07b0d,7,1438,True,14082,13730,79.1573881807708
1439,56fc3989-3535-49b1-b8c0-8ce3fca07b0d,7,1439,True,14110,13758,78.13122487171859
1440,56fc3989-3535-49b1-b8c0-8ce3fca07b0d,7,1440,True,14132,13780,85.16734437715786
1441,56fc3989-3535-49b1-b8c0-8ce3fca07b0d,7,1441,True,14153,13801,109.31566323738116
1442,56fc3989-3535-49b1-b8c0-8ce3fca07b0d,7,1442,True,14179,13827,105.78612987604174
1443,56fc3989-3535-49b1-b8c0-8ce3fca07b0d,7,1443,True,14206,13854,102.99438752886454
1444,56fc3989-3535-49b1-b8c0-8ce3fca07b0d,7,1444,True,14231,13879,105.51814976017522
1445,56fc3989-3535-49b1-b8c0-8ce3fca07b0d,7,1445,True,14278,13926,85.41254747193125
1446,56fc3989-3535-49b1-b8c0-8ce3fca07b0d,7,1446,True,14305,13953,86.44842669101308
1447,56fc3989-3535-49b1-b8c0-8ce3fca07b0d,7,1447,True,14333,13981,91.32296739669437
1448,56fc3989-3535-49b1-b8c0-8ce3fca07b0d,7,1448,True,14359,14007,91.17476252141932
1449,56fc3989-3535-49b1-b8c0-8ce3fca07b0d,7,1449,True,14386,14034,90.07942042197465
1450,56fc3989-3535-49b1-b8c0-8ce3fca07b0d,7,1450,True,14420,14068,80.41886432207502
1451,56fc3989-3535-49b1-b8c0-8ce3fca07b0d,7,1451,True,14446,14094,77.79922892753711
1452,56fc3989-3535-49b1-b8c0-8ce3fca07b0d,7,1452,True,14470,14118,93.24852680329423
1453,56fc3989-3535-49b1-b8c0-8ce3fca07b0d,7,1453,True,14508,14156,89.85074256389817
1454,56fc3989-3535-49b1-b8c0-8ce3fca07b0d,7,1454,True,14530,14178,78.25026733463346
1455,56fc3989-3535-49b1-b8c0-8ce3fca07b0d,7,1455,True,14558,14206,78.64468030676107
1456,56fc3989-3535-49b1-b8c0-8ce3fca07b0d,7,1456,True,14595,14243,86.34110958756719
1457,56fc3989-3535-49b1-b8c0-8ce3fca07b0d,7,1457,True,14628,14276,79.2854157228212
1458,56fc3989-3535-49b1-b8c0-8ce3fca07b0d,7,1458,True,14652,14300,79.64713444966947
1459,56fc3989-3535-49b1-b8c0-8ce3fca07b0d,7,1459,True,14679,14327,95.07357840604709
1460,56fc3989-3535-49b1-b8c0-8ce3fca07b0d,7,1460,True,14701,14349,83.75319800524267
1461,56fc3989-3535-49b1-b8c0-8ce3fca07b0d,7,1461,True,14729,14377,95.30806560945348
1462,56fc3989-3535-49b1-b8c0-8ce3fca07b0d,7,1462,True,14749,14397,95.20621388297695
1463,56fc3989-3535-49b1-b8c0-8ce3fca07b0d,7,1463,True,14779,14427,93.15586099289067
1464,56fc3989-3535-49b1-b8c0-8ce3fca07b0d,7,1464,True,14811,14459,97.23800165214561
1465,56fc3989-3535-49b1-b8c0-8ce3fca07b0d,7,1465,True,14839,14487,102.14920122555122
1466,56fc3989-3535-49b1-b8c0-8ce3fca07b0d,7,1466,True,14878,14526,86.02280362018973
1467,56fc3989-3535-49b1-b8c0-8ce3fca07b0d,7,1467,True,14904,14552,96.40136972440632
1468,56fc3989-3535-49b1-b8c0-8ce3fca07b0d,7,1468,True,14939,14587,96.15526846515968
1469,56fc3989-3535-49b1-b8c0-8ce3fca07b0d,7,1469,True,14970,14618,92.19885693624929
1470,56fc3989-3535-49b1-b8c0-8ce3fca07b0d,7,1470,True,14999,14647,88.17582026900891
1471,56fc3989-3535-49b1-b8c0-8ce3fca07b0d,7,1471,True,15029,14677,86.41590751027434
1472,56fc3989-3535-49b1-b8c0-8ce3fca07b0d,7,1472,True,15059,14707,86.76982606028287
1473,56fc3989-3535-49b1-b8c0-8ce3fca07b0d,7,1473,True,15083,14731,88.29554294772242
1474,56fc3989-3535-49b1-b8c0-8ce3fca07b0d,7,1474,True,15127,14775,78.20968542753508
1475,56fc3989-3535-49b1-b8c0-8ce3fca07b0d,7,1475,True,15159,14807,77.05818008891038
1476,56fc3989-3535-49b1-b8c0-8ce3fca07b0d,7,1476,True,15190,14838,73.89681252322771
1477,56fc3989-3535-49b1-b8c0-8ce3fca07b0d,7,1477,True,15216,14864,78.32327281973448
1478,56fc3989-3535-49b1-b8c0-8ce3fca07b0d,7,1478,True,15245,14893,84.76326764614896
1479,56fc3989-3535-49b1-b8c0-8ce3fca07b0d,7,1479,True,15269,14917,84.70919854651402
1480,56fc3989-3535-49b1-b8c0-8ce3fca07b0d,7,1480,True,15294,14942,92.86582273527165
1481,56fc3989-3535-49b1-b8c0-8ce3fca07b0d,7,1481,True,15320,14968,96.85345311725723
1482,56fc3989-3535-49b1-b8c0-8ce3fca07b0d,7,1482,True,15357,15005,81.78831558467755
1483,56fc3989-3535-49b1-b8c0-8ce3fca07b0d,7,1483,True,15389,15037,98.19713928536112
1484,56fc3989-3535-49b1-b8c0-8ce3fca07b0d,7,1484,True,15418,15066,97.71512302592237
1485,56fc3989-3535-49b1-b8c0-8ce3fca07b0d,7,1485,True,15447,15095,79.95816435694542
1486,56fc3989-3535-49b1-b8c0-8ce3fca07b0d,7,1486,True,15479,15127,98.18881794955814
1487,56fc3989-3535-49b1-b8c0-8ce3fca07b0d,7,1487,True,15516,15164,90.05347606752912
1488,56fc3989-3535-49b1-b8c0-8ce3fca07b0d,7,1488,True,15550,15198,93.27160306813676
1489,56fc3989-3535-49b1-b8c0-8ce3fca07b0d,7,1489,True,15577,15225,79.10107867418083
1490,56fc3989-3535-49b1-b8c0-8ce3fca07b0d,7,1490,True,15613,15261,88.40254717707467
1491,56fc3989-3535-49b1-b8c0-8ce3fca07b0d,7,1491,True,15649,15297,94.1448305530721
1492,56fc3989-3535-49b1-b8c0-8ce3fca07b0d,7,1492,True,15679,15327,91.92473654963578
1493,56fc3989-3535-49b1-b8c0-8ce3fca07b0d,7,1493,True,15701,15349,83.69764095243227
1494,56fc3989-3535-49b1-b8c0-8ce3fca07b0d,7,1494,True,15742,15390,72.28064357240146
1495,56fc3989-3535-49b1-b8c0-8ce3fca07b0d,7,1495,True,15770,15418,81.36148911408964
1496,56fc3989-3535-49b1-b8c0-8ce3fca07b0d,7,1496,True,15797,15445,81.39561483202124
1497,56fc3989-3535-49b1-b8c0-8ce3fca07b0d,7,1497,True,15828,15476,88.56339746435333
1498,56fc3989-3535-49b1-b8c0-8ce3fca07b0d,7,1498,True,15864,15512,91.46184787171842
1499,56fc3989-3535-49b1-b8c0-8ce3fca07b0d,7,1499,True,15895,15543,88.4037606654274
1500,56fc3989-3535-49b1-b8c0-8ce3fca07b0d,7,1500,True,15931,15579,80.96968371535513
1501,56fc3989-3535-49b1-b8c0-8ce3fca07b0d,7,1501,True,15968,15616,77.35866010696554
1502,56fc3989-3535-49b1-b8c0-8ce3fca07b0d,7,1502,True,15996,15644,79.22081602703292
1503,56fc3989-3535-49b1-b8c0-8ce3fca07b0d,7,1503,True,16029,15677,74.0619027574412
1504,56fc3989-3535-49b1-b8c0-8ce3fca07b0d,7,1504,True,16060,15708,87.44742727575795
1505,56fc3989-3535-49b1-b8c0-8ce3fca07b0d,7,1505,True,16079,15727,95.76110305306429
1506,56fc3989-3535-49b1-b8c0-8ce3fca07b0d,7,1506,True,16111,15759,90.43192071032354
1507,56fc3989-3535-49b1-b8c0-8ce3fca07b0d,7,1507,True,16149,15797,97.46595347724178
1508,56fc3989-3535-49b1-b8c0-8ce3fca07b0d,7,1508,True,16176,15824,87.61633372618053
1509,56fc3989-3535-49b1-b8c0-8ce3fca07b0d,7,1509,True,16211,15859,95.75829527337737
1510,56fc3989-3535-49b1-b8c0-8ce3fca07b0d,7,1510,True,16244,15892,88.8292603128084
1511,56fc3989-3535-49b1-b8c0-8ce3fca07b0d,7,1511,True,16269,15917,85.44181692493657
1512,56fc3989-3535-49b1-b8c0-8ce3fca07b0d,7,1512,True,16306,15954,105.18469825940883
1513,56fc3989-3535-49b1-b8c0-8ce3fca07b0d,7,1513,True,16342,15990,103.98478007141603
1514,56fc3989-3535-49b1-b8c0-8ce3fca07b0d,7,1514,True,16378,16026,88.59228941479705
1515,56fc3989-3535-49b1-b8c0-8ce3fca07b0d,7,1515,True,16412,16060,108.1991215564176
1516,56fc3989-3535-49b1-b8c0-8ce3fca07b0d,7,1516,True,16453,16101,136.60016711544813
1517,56fc3989-3535-49b1-b8c0-8ce3fca07b0d,7,1517,True,16474,16122,127.03104911459195
1518,56fc3989-3535-49b1-b8c0-8ce3fca07b0d,7,1518,True,16511,16159,105.63411718665157
1519,56fc3989-3535-49b1-b8c0-8ce3fca07b0d,7,1519,True,16547,16195,93.72213035971436
1520,56fc3989-3535-49b1-b8c0-8ce3fca07b0d,7,1520,True,16576,16224,91.54185457298627
1521,56fc3989-3535-49b1-b8c0-8ce3fca07b0d,7,1521,True,16618,16266,101.53726031111364
1522,56fc3989-3535-49b1-b8c0-8ce3fca07b0d,7,1522,True,16651,16299,98.24962313353171
1523,56fc3989-3535-49b1-b8c0-8ce3fca07b0d,7,1523,True,16679,16327,146.3958076516501
1524,56fc3989-3535-49b1-b8c0-8ce3fca07b0d,7,1524,True,16714,16362,135.01292121634106
1525,56fc3989-3535-49b1-b8c0-8ce3fca07b0d,7,1525,True,16749,16397,125.44328529901759
1526,56fc3989-3535-49b1-b8c0-8ce3fca07b0d,7,1526,True,16777,16425,135.5315935137878
1527,56fc3989-3535-49b1-b8c0-8ce3fca07b0d,7,1527,True,16807,16455,131.00014323294454
1528,56fc3989-3535-49b1-b8c0-8ce3fca07b0d,7,1528,True,16836,16484,160.67392934348754
1529,56fc3989-3535-49b1-b8c0-8ce3fca07b0d,7,1529,True,16878,16526,149.36931246870517
1530,56fc3989-3535-49b1-b8c0-8ce3fca07b0d,7,1530,True,16907,16555,173.8259828446062
1531,56fc3989-3535-49b1-b8c0-8ce3fca07b0d,7,1531,True,16927,16575,177.07328274251995
1532,56fc3989-3535-49b1-b8c0-8ce3fca07b0d,7,1532,True,16952,16600,128.8259828446062
1533,56fc3989-3535-49b1-b8c0-8ce3fca07b0d,7,1533,True,16982,16630,175.1601881110946
1534,56fc3989-3535-49b1-b8c0-8ce3fca07b0d,7,1534,True,17009,16657,123.22583823064633
1535,56fc3989-3535-49b1-b8c0-8ce3fca07b0d,7,1535,True,17043,16691,137.58522217659993
1536,56fc3989-3535-49b1-b8c0-8ce3fca07b0d,7,1536,True,17079,16727,114.54750226263786
1537,56fc3989-3535-49b1-b8c0-8ce3fca07b0d,7,1537,True,17119,16767,109.98355116146558
1538,56fc3989-3535-49b1-b8c0-8ce3fca07b0d,7,1538,True,17155,16803,101.59731439816096
1539,56fc3989-3535-49b1-b8c0-8ce3fca07b0d,7,1539,True,17189,16837,92.0399711914979
1540,56fc3989-3535-49b1-b8c0-8ce3fca07b0d,7,1540,True,17219,16867,87.19848962983087
1541,56fc3989-3535-49b1-b8c0-8ce3fca07b0d,7,1541,True,17247,16895,73.73977113929504
1542,56fc3989-3535-49b1-b8c0-8ce3fca07b0d,7,1542,True,17274,16922,84.65551560487438
1543,56fc3989-3535-49b1-b8c0-8ce3fca07b0d,7,1543,True,17299,16947,87.5533535177492
1544,56fc3989-3535-49b1-b8c0-8ce3fca07b0d,7,1544,True,17329,16977,100.42381225019562
1545,56fc3989-3535-49b1-b8c0-8ce3fca07b0d,7,1545,True,17352,17000,125.91632411367755
1546,56fc3989-3535-49b1-b8c0-8ce3fca07b0d,7,1546,True,17384,17032,103.60847924744303
1547,56fc3989-3535-49b1-b8c0-8ce3fca07b0d,7,1547,True,17415,17063,119.96850556780919
1548,56fc3989-3535-49b1-b8c0-8ce3fca07b0d,7,1548,True,17448,17096,97.5193943731756
1549,56fc3989-3535-49b1-b8c0-8ce3fca07b0d,7,1549,True,17473,17121,92.96536860217748
1550,56fc3989-3535-49b1-b8c0-8ce3fca07b0d,7,1550,True,17505,17153,88.01139702033106
1551,56fc3989-3535-49b1-b8c0-8ce3fca07b0d,7,1551,True,17534,17182,90.1343421067686
1552,56fc3989-3535-49b1-b8c0-8ce3fca07b0d,7,1552,True,17571,17219,91.52364516201123
1553,56fc3989-3535-49b1-b8c0-8ce3fca07b0d,7,1553,True,17601,17249,81.0610077434394
1554,56fc3989-3535-49b1-b8c0-8ce3fca07b0d,7,1554,True,17638,17286,90.36300103317626
1555,56fc3989-3535-49b1-b8c0-8ce3fca07b0d,7,1555,True,17670,17318,104.13699561709291
1556,56fc3989-3535-49b1-b8c0-8ce3fca07b0d,7,1556,True,17696,17344,102.7138941872654
1557,56fc3989-3535-49b1-b8c0-8ce3fca07b0d,7,1557,True,17729,17377,93.87770834748153
1558,56fc3989-3535-49b1-b8c0-8ce3fca07b0d,7,1558,True,17761,17409,77.95472430017253
1559,56fc3989-3535-49b1-b8c0-8ce3fca07b0d,7,1559,True,17786,17434,87.09215801727623
1560,56fc3989-3535-49b1-b8c0-8ce3fca07b0d,7,1560,True,17814,17462,73.74045462346112
1561,56fc3989-3535-49b1-b8c0-8ce3fca07b0d,7,1561,True,17844,17492,110.62597643032495
1562,56fc3989-3535-49b1-b8c0-8ce3fca07b0d,7,1562,True,17863,17511,80.82868154058815
1563,56fc3989-3535-49b1-b8c0-8ce3fca07b0d,7,1563,True,17897,17545,96.08621516740459
1564,56fc3989-3535-49b1-b8c0-8ce3fca07b0d,7,1564,True,17923,17571,89.15355370930047
1565,56fc3989-3535-49b1-b8c0-8ce3fca07b0d,7,1565,True,17950,17598,86.61313602728842
1566,56fc3989-3535-49b1-b8c0-8ce3fca07b0d,7,1566,True,17979,17627,89.02488827550405
1567,56fc3989-3535-49b1-b8c0-8ce3fca07b0d,7,1567,True,18016,17664,113.52035278414769
1568,56fc3989-3535-49b1-b8c0-8ce3fca07b0d,7,1568,True,18045,17693,109.52610704232211
1569,56fc3989-3535-49b1-b8c0-8ce3fca07b0d,7,1569,True,18082,17730,109.98314184569972
1570,56fc3989-3535-49b1-b8c0-8ce3fca07b0d,7,1570,True,18108,17756,136.25286864556983
1571,56fc3989-3535-49b1-b8c0-8ce3fca07b0d,7,1571,True,18139,17787,123.57041151498925
1572,56fc3989-3535-49b1-b8c0-8ce3fca07b0d,7,1572,True,18177,17825,117.33223721793183
1573,56fc3989-3535-49b1-b8c0-8ce3fca07b0d,7,1573,True,18206,17854,105.9683661135241
1574,56fc3989-3535-49b1-b8c0-8ce3fca07b0d,7,1574,True,18243,17891,100.81759756328393
1575,56fc3989-3535-49b1-b8c0-8ce3fca07b0d,7,1575,True,18274,17922,97.91949189918887
1576,56fc3989-3535-49b1-b8c0-8ce3fca07b0d,7,1576,True,18316,17964,106.06994487383417
1577,56fc3989-3535-49b1-b8c0-8ce3fca07b0d,7,1577,True,18358,18006,99.08882904426719
1578,56fc3989-3535-49b1-b8c0-8ce3fca07b0d,7,1578,True,18390,18038,81.03800043466617
1579,56fc3989-3535-49b1-b8c0-8ce3fca07b0d,7,1579,True,18421,18069,77.8438508386098
1580,56fc3989-3535-49b1-b8c0-8ce3fca07b0d,7,1580,True,18446,18094,83.94710162844422
1581,56fc3989-3535-49b1-b8c0-8ce3fca07b0d,7,1581,True,18481,18129,75.44926974159534
1582,56fc3989-3535-49b1-b8c0-8ce3fca07b0d,7,1582,True,18511,18159,82.04078343333094
1583,56fc3989-3535-49b1-b8c0-8ce3fca07b0d,7,1583,True,18545,18193,82.59419020331552
1584,56fc3989-3535-49b1-b8c0-8ce3fca07b0d,7,1584,True,18574,18222,69.92270996851221
1585,56fc3989-3535-49b1-b8c0-8ce3fca07b0d,7,1585,True,18604,18252,68.80104277115606
1586,56fc3989-3535-49b1-b8c0-8ce3fca07b0d,7,1586,True,18641,18289,78.94332464157196
1587,56fc3989-3535-49b1-b8c0-8ce3fca07b0d,7,1587,True,18670,18318,72.04390283549947
1588,56fc3989-3535-49b1-b8c0-8ce3fca07b0d,7,1588,True,18693,18341,86.8067014236367
1589,56fc3989-3535-49b1-b8c0-8ce3fca07b0d,7,1589,True,18723,18371,91.68880827559042
1590,56fc3989-3535-49b1-b8c0-8ce3fca07b0d,7,1590,True,18757,18405,74.88797552587494
1591,56fc3989-3535-49b1-b8c0-8ce3fca07b0d,7,1591,True,18786,18434,76.99172629952591
1592,56fc3989-3535-49b1-b8c0-8ce3fca07b0d,7,1592,True,18811,18459,77.94656034740183
1593,56fc3989-3535-49b1-b8c0-8ce3fca07b0d,7,1593,True,18843,18491,77.03514516709402
1594,56fc3989-3535-49b1-b8c0-8ce3fca07b0d,7,1594,True,18874,18522,84.74105104080809
1595,56fc3989-3535-49b1-b8c0-8ce3fca07b0d,7,1595,True,18919,18567,78.13444599962531
1596,56fc3989-3535-49b1-b8c0-8ce3fca07b0d,7,1596,True,18960,18608,71.92431142046553
1597,56fc3989-3535-49b1-b8c0-8ce3fca07b0d,7,1597,True,18993,18641,75.08202954527223
1598,56fc3989-3535-49b1-b8c0-8ce3fca07b0d,7,1598,True,19029,18677,80.63302601372925
1599,56fc3989-3535-49b1-b8c0-8ce3fca07b0d,7,1599,True,19063,18711,86.96236631555075
1600,56fc3989-3535-49b1-b8c0-8ce3fca07b0d,7,1600,True,19098,18746,77.11564349061518
1601,56fc3989-3535-49b1-b8c0-8ce3fca07b0d,7,1601,True,19130,18778,77.66717481049272
1602,56fc3989-3535-49b1-b8c0-8ce3fca07b0d,7,1602,True,19160,18808,88.66450488252303
1603,56fc3989-3535-49b1-b8c0-8ce3fca07b0d,7,1603,True,19201,18849,89.73638884347747
1604,56fc3989-3535-49b1-b8c0-8ce3fca07b0d,7,1604,True,19239,18887,77.31666092039814
1605,56fc3989-3535-49b1-b8c0-8ce3fca07b0d,7,1605,True,19270,18918,73.96371532656849
1606,56fc3989-3535-49b1-b8c0-8ce3fca07b0d,7,1606,True,19302,18950,86.45567585201206
1607,56fc3989-3535-49b1-b8c0-8ce3fca07b0d,7,1607,True,19319,18967,81.61952708645185
1608,56fc3989-3535-49b1-b8c0-8ce3fca07b0d,7,1608,True,19366,19014,83.2296076320963
1609,56fc3989-3535-49b1-b8c0-8ce3fca07b0d,7,1609,True,19401,19049,85.77504434511502
1610,56fc3989-3535-49b1-b8c0-8ce3fca07b0d,7,1610,True,19435,19083,97.38795340654178
1611,56fc3989-3535-49b1-b8c0-8ce3fca07b0d,7,1611,True,19478,19126,95.33024422924427
1612,56fc3989-3535-49b1-b8c0-8ce3fca07b0d,7,1612,True,19514,19162,104.70100704851211
1613,56fc3989-3535-49b1-b8c0-8ce3fca07b0d,7,1613,True,19547,19195,82.16209457095829
1614,56fc3989-3535-49b1-b8c0-8ce3fca07b0d,7,1614,True,19581,19229,92.9556937135385
1615,56fc3989-3535-49b1-b8c0-8ce3fca07b0d,7,1615,True,19623,19271,72.81777814148882
1616,56fc3989-3535-49b1-b8c0-8ce3fca07b0d,7,1616,True,19656,19304,73.05533861942968
1617,56fc3989-3535-49b1-b8c0-8ce3fca07b0d,7,1617,True,19684,19332,85.69010090269512
1618,56fc3989-3535-49b1-b8c0-8ce3fca07b0d,7,1618,True,19714,19362,83.81036113823575
1619,56fc3989-3535-49b1-b8c0-8ce3fca07b0d,7,1619,True,19739,19387,83.4201310359349
1620,56fc3989-3535-49b1-b8c0-8ce3fca07b0d,7,1620,True,19761,19409,90.45244705010555
1621,56fc3989-3535-49b1-b8c0-8ce3fca07b0d,7,1621,True,19784,19432,89.03450827414781
1622,56fc3989-3535-49b1-b8c0-8ce3fca07b0d,7,1622,True,19818,19466,84.40311131238559
1623,56fc3989-3535-49b1-b8c0-8ce3fca07b0d,7,1623,True,19843,19491,93.48645681146809
1624,56fc3989-3535-49b1-b8c0-8ce3fca07b0d,7,1624,True,19893,19541,91.99641619628528
1625,56fc3989-3535-49b1-b8c0-8ce3fca07b0d,7,1625,True,19934,19582,90.07550482177976
1626,56fc3989-3535-49b1-b8c0-8ce3fca07b0d,7,1626,True,19953,19601,95.0759958404742
1627,56fc3989-3535-49b1-b8c0-8ce3fca07b0d,7,1627,True,19985,19633,93.5113245274988
1628,56fc3989-3535-49b1-b8c0-8ce3fca07b0d,7,1628,True,20013,19661,96.90420289959366
1629,56fc3989-3535-49b1-b8c0-8ce3fca07b0d,7,1629,True,20046,19694,83.8183349299361
1630,56fc3989-3535-49b1-b8c0-8ce3fca07b0d,7,1630,True,20073,19721,82.15983373203562
1631,56fc3989-3535-49b1-b8c0-8ce3fca07b0d,7,1631,True,20102,19750,88.08097940501466
1632,56fc3989-3535-49b1-b8c0-8ce3fca07b0d,7,1632,True,20121,19769,99.84051835229548
1633,56fc3989-3535-49b1-b8c0-8ce3fca07b0d,7,1633,True,20158,19806,91.66741680597988
1634,56fc3989-3535-49b1-b8c0-8ce3fca07b0d,7,1634,True,20184,19832,91.34250069018162
1635,56fc3989-3535-49b1-b8c0-8ce3fca07b0d,7,1635,True,20206,19854,88.23370767945744
1636,56fc3989-3535-49b1-b8c0-8ce3fca07b0d,7,1636,True,20234,19882,94.6645030943946
1637,56fc3989-3535-49b1-b8c0-8ce3fca07b0d,7,1637,True,20256,19904,91.79199488776067
1638,56fc3989-3535-49b1-b8c0-8ce3fca07b0d,7,1638,True,20292,19940,81.59929828116583
1639,56fc3989-3535-49b1-b8c0-8ce3fca07b0d,7,1639,True,20323,19971,87.13250757253263
1640,56fc3989-3535-49b1-b8c0-8ce3fca07b0d,7,1640,True,20351,19999,105.89388925741878
1641,56fc3989-3535-49b1-b8c0-8ce3fca07b0d,7,1641,True,20383,20031,104.55880697793691
1642,56fc3989-3535-49b1-b8c0-8ce3fca07b0d,7,1642,True,20415,20063,107.60396167895306
1643,56fc3989-3535-49b1-b8c0-8ce3fca07b0d,7,1643,True,20451,20099,124.25932233836647
1644,56fc3989-3535-49b1-b8c0-8ce3fca07b0d,7,1644,True,20475,20123,110.49810719248853
1645,56fc3989-3535-49b1-b8c0-8ce3fca07b0d,7,1645,True,20504,20152,136.93005032939618
1646,56fc3989-3535-49b1-b8c0-8ce3fca07b0d,7,1646,True,20538,20186,112.80644096968899
1647,56fc3989-3535-49b1-b8c0-8ce3fca07b0d,7,1647,True,20573,20221,118.14922981782001
1648,56fc3989-3535-49b1-b8c0-8ce3fca07b0d,7,1648,True,20607,20255,103.35270264081555
1649,56fc3989-3535-49b1-b8c0-8ce3fca07b0d,7,1649,True,20635,20283,91.01762362228328
1650,56fc3989-3535-49b1-b8c0-8ce3fca07b0d,7,1650,True,20665,20313,87.33874143260982
1651,56fc3989-3535-49b1-b8c0-8ce3fca07b0d,7,1651,True,20699,20347,88.0714145396305
1652,56fc3989-3535-49b1-b8c0-8ce3fca07b0d,7,1652,True,20733,20381,80.06159940940415
1653,56fc3989-3535-49b1-b8c0-8ce3fca07b0d,7,1653,True,20762,20410,94.4616377592356
1654,56fc3989-3535-49b1-b8c0-8ce3fca07b0d,7,1654,True,20797,20445,89.67560636920462
1655,56fc3989-3535-49b1-b8c0-8ce3fca07b0d,7,1655,True,20831,20479,95.57464095878822
1656,56fc3989-3535-49b1-b8c0-8ce3fca07b0d,7,1656,True,20865,20513,90.31429003256198
1657,56fc3989-3535-49b1-b8c0-8ce3fca07b0d,7,1657,True,20903,20551,83.50348391699663
1658,56fc3989-3535-49b1-b8c0-8ce3fca07b0d,7,1658,True,20934,20582,90.23820002181674
1659,56fc3989-3535-49b1-b8c0-8ce3fca07b0d,7,1659,True,20964,20612,86.19865106642828
1660,56fc3989-3535-49b1-b8c0-8ce3fca07b0d,7,1660,True,20992,20640,85.38248455160283
1661,56fc3989-3535-49b1-b8c0-8ce3fca07b0d,7,1661,True,21030,20678,83.00886556890327
1662,56fc3989-3535-49b1-b8c0-8ce3fca07b0d,7,1662,True,21072,20720,80.94116764056162
1663,56fc3989-3535-49b1-b8c0-8ce3fca07b0d,7,1663,True,21109,20757,70.09135126677938
1664,56fc3989-3535-49b1-b8c0-8ce3fca07b0d,7,1664,True,21145,20793,72.08146500813382
1665,56fc3989-3535-49b1-b8c0-8ce3fca07b0d,7,1665,True,21182,20830,86.79758682271131
1666,56fc3989-3535-49b1-b8c0-8ce3fca07b0d,7,1666,True,21210,20858,86.30532406115162
1667,56fc3989-3535-49b1-b8c0-8ce3fca07b0d,7,1667,True,21246,20894,80.93500283189496
1668,56fc3989-3535-49b1-b8c0-8ce3fca07b0d,7,1668,True,21284,20932,90.76006143905761
1669,56fc3989-3535-49b1-b8c0-8ce3fca07b0d,7,1669,True,21318,20966,80.84155991621083
1670,56fc3989-3535-49b1-b8c0-8ce3fca07b0d,7,1670,True,21346,20994,79.56080269680751
1671,56fc3989-3535-49b1-b8c0-8ce3fca07b0d,7,1671,True,21379,21027,79.77202422498522
1672,56fc3989-3535-49b1-b8c0-8ce3fca07b0d,7,1672,True,21413,21061,89.74709609249476
1673,56fc3989-3535-49b1-b8c0-8ce3fca07b0d,7,1673,True,21443,21091,88.00899147304517
1674,56fc3989-3535-49b1-b8c0-8ce3fca07b0d,7,1674,True,21479,21127,79.6626964617426
1675,56fc3989-3535-49b1-b8c0-8ce3fca07b0d,7,1675,True,21513,21161,72.29748996855051
1676,56fc3989-3535-49b1-b8c0-8ce3fca07b0d,7,1676,True,21546,21194,76.4138417393333
1677,56fc3989-3535-49b1-b8c0-8ce3fca07b0d,7,1677,True,21572,21220,82.8910009931351
1678,56fc3989-3535-49b1-b8c0-8ce3fca07b0d,7,1678,True,21596,21244,98.88182680307
1679,56fc3989-3535-49b1-b8c0-8ce3fca07b0d,7,1679,True,21634,21282,91.29525369871044
1680,56fc3989-3535-49b1-b8c0-8ce3fca07b0d,7,1680,True,21669,21317,83.11788742838326
1681,56fc3989-3535-49b1-b8c0-8ce3fca07b0d,7,1681,True,21700,21348,98.20249530300862
1682,56fc3989-3535-49b1-b8c0-8ce3fca07b0d,7,1682,True,21728,21376,89.80131233121938
1683,56fc3989-3535-49b1-b8c0-8ce3fca07b0d,7,1683,True,21755,21403,90.62223616741176
1684,56fc3989-3535-49b1-b8c0-8ce3fca07b0d,7,1684,True,21788,21436,82.66980734556637
1685,56fc3989-3535-49b1-b8c0-8ce3fca07b0d,7,1685,True,21820,21468,81.91042832593303
1686,56fc3989-3535-49b1-b8c0-8ce3fca07b0d,7,1686,True,21848,21496,76.61857237828735
1687,56fc3989-3535-49b1-b8c0-8ce3fca07b0d,7,1687,True,21895,21543,85.66129975474178
1688,56fc3989-3535-49b1-b8c0-8ce3fca07b0d,7,1688,True,21934,21582,92.70019242739363
1689,56fc3989-3535-49b1-b8c0-8ce3fca07b0d,7,1689,True,21966,21614,93.95903946821272
1690,56fc3989-3535-49b1-b8c0-8ce3fca07b0d,7,1690,True,21987,21635,98.20202802658241
1691,56fc3989-3535-49b1-b8c0-8ce3fca07b0d,7,1691,True,22020,21668,91.18818525489041
1692,56fc3989-3535-49b1-b8c0-8ce3fca07b0d,7,1692,True,22061,21709,76.46459137286001
1693,56fc3989-3535-49b1-b8c0-8ce3fca07b0d,7,1693,True,22085,21733,83.95110357484737
1694,56fc3989-3535-49b1-b8c0-8ce3fca07b0d,7,1694,True,22113,21761,89.78890795435655
1695,56fc3989-3535-49b1-b8c0-8ce3fca07b0d,7,1695,True,22149,21797,85.45417155384712
1696,56fc3989-3535-49b1-b8c0-8ce3fca07b0d,7,1696,True,22177,21825,96.53360723036167
1697,56fc3989-3535-49b1-b8c0-8ce3fca07b0d,7,1697,True,22204,21852,82.04083871656621
1698,56fc3989-3535-49b1-b8c0-8ce3fca07b0d,7,1698,True,22238,21886,100.55947158605704
1699,56fc3989-3535-49b1-b8c0-8ce3fca07b0d,7,1699,True,22271,21919,95.59842360380571
1700,56fc3989-3535-49b1-b8c0-8ce3fca07b0d,7,1700,True,22306,21954,85.09602910450121
1701,56fc3989-3535-49b1-b8c0-8ce3fca07b0d,7,1701,True,22340,21988,92.79122755895878
1702,56fc3989-3535-49b1-b8c0-8ce3fca07b0d,7,1702,True,22369,22017,89.31671556851506
1703,56fc3989-3535-49b1-b8c0-8ce3fca07b0d,7,1703,True,22410,22058,78.28961064475152
1704,56fc3989-3535-49b1-b8c0-8ce3fca07b0d,7,1704,True,22433,22081,84.78377530867147
1705,56fc3989-3535-49b1-b8c0-8ce3fca07b0d,7,1705,True,22468,22116,83.33112169904052
1706,56fc3989-3535-49b1-b8c0-8ce3fca07b0d,7,1706,True,22491,22139,96.87108642811654
1707,56fc3989-3535-49b1-b8c0-8ce3fca07b0d,7,1707,True,22526,22174,88.58626370707861
1708,56fc3989-3535-49b1-b8c0-8ce3fca07b0d,7,1708,True,22553,22201,92.62547913168964
1709,56fc3989-3535-49b1-b8c0-8ce3fca07b0d,7,1709,True,22585,22233,97.43907174750711
1710,56fc3989-3535-49b1-b8c0-8ce3fca07b0d,7,1710,True,22630,22278,85.44408793630646
1711,56fc3989-3535-49b1-b8c0-8ce3fca07b0d,7,1711,True,22661,22309,98.51173158200618
1712,56fc3989-3535-49b1-b8c0-8ce3fca07b0d,7,1712,True,22693,22341,81.32035660668771
1713,56fc3989-3535-49b1-b8c0-8ce3fca07b0d,7,1713,True,22726,22374,101.44249151671465
1714,56fc3989-3535-49b1-b8c0-8ce3fca07b0d,7,1714,True,22753,22401,100.88971353453962
1715,56fc3989-3535-49b1-b8c0-8ce3fca07b0d,7,1715,True,22781,22429,94.44128391815684
1716,56fc3989-3535-49b1-b8c0-8ce3fca07b0d,7,1716,True,22811,22459,111.85484511274626
1717,56fc3989-3535-49b1-b8c0-8ce3fca07b0d,7,1717,True,22844,22492,102.48082561077536
1718,56fc3989-3535-49b1-b8c0-8ce3fca07b0d,7,1718,True,22872,22520,99.66195227877324
1719,56fc3989-3535-49b1-b8c0-8ce3fca07b0d,7,1719,True,22902,22550,100.52383947329872
1720,56fc3989-3535-49b1-b8c0-8ce3fca07b0d,7,1720,True,22936,22584,93.70828316556799
1721,56fc3989-3535-49b1-b8c0-8ce3fca07b0d,7,1721,True,22960,22608,99.44293938283226
1722,56fc3989-3535-49b1-b8c0-8ce3fca07b0d,7,1722,True,22984,22632,92.0291696510867
1723,56fc3989-3535-49b1-b8c0-8ce3fca07b0d,7,1723,True,23018,22666,94.55835080531688
1724,56fc3989-3535-49b1-b8c0-8ce3fca07b0d,7,1724,True,23049,22697,93.94538915478188
1725,56fc3989-3535-49b1-b8c0-8ce3fca07b0d,7,1725,True,23082,22730,100.50013727748592
1726,56fc3989-3535-49b1-b8c0-8ce3fca07b0d,7,1726,True,23112,22760,107.80375237098269
1727,56fc3989-3535-49b1-b8c0-8ce3fca07b0d,7,1727,True,23150,22798,130.35394588017152
1728,56fc3989-3535-49b1-b8c0-8ce3fca07b0d,7,1728,True,23173,22821,96.58107950883641
1729,56fc3989-3535-49b1-b8c0-8ce3fca07b0d,7,1729,True,23206,22854,117.88738370587089
1730,56fc3989-3535-49b1-b8c0-8ce3fca07b0d,7,1730,True,23228,22876,139.9431598359879
1731,56fc3989-3535-49b1-b8c0-8ce3fca07b0d,7,1731,True,23251,22899,106.37469458398482
1732,56fc3989-3535-49b1-b8c0-8ce3fca07b0d,7,1732,True,23283,22931,112.67941746210272
1733,56fc3989-3535-49b1-b8c0-8ce3fca07b0d,7,1733,True,23316,22964,123.18396675879194
1734,56fc3989-3535-49b1-b8c0-8ce3fca07b0d,7,1734,True,23350,22998,116.6089394334922
1735,56fc3989-3535-49b1-b8c0-8ce3fca07b0d,7,1735,True,23378,23026,107.76647146051982
1736,56fc3989-3535-49b1-b8c0-8ce3fca07b0d,7,1736,True,23411,23059,107.3065795760267
1737,56fc3989-3535-49b1-b8c0-8ce3fca07b0d,7,1737,True,23440,23088,102.24578653436402
1738,56fc3989-3535-49b1-b8c0-8ce3fca07b0d,7,1738,True,23471,23119,100.39001792599083
1739,56fc3989-3535-49b1-b8c0-8ce3fca07b0d,7,1739,True,23506,23154,103.31367245051297
1740,56fc3989-3535-49b1-b8c0-8ce3fca07b0d,7,1740,True,23535,23183,85.37118666915558
1741,56fc3989-3535-49b1-b8c0-8ce3fca07b0d,7,1741,True,23555,23203,102.77998288784875
1742,56fc3989-3535-49b1-b8c0-8ce3fca07b0d,7,1742,True,23590,23238,92.17460004408349
1743,56fc3989-3535-49b1-b8c0-8ce3fca07b0d,7,1743,True,23624,23272,98.62214668773231
1744,56fc3989-3535-49b1-b8c0-8ce3fca07b0d,7,1744,True,23660,23308,91.32010607780467
1745,56fc3989-3535-49b1-b8c0-8ce3fca07b0d,7,1745,True,23690,23338,91.23913981213263
1746,56fc3989-3535-49b1-b8c0-8ce3fca07b0d,7,1746,True,23717,23365,92.90873163642027
1747,56fc3989-3535-49b1-b8c0-8ce3fca07b0d,7,1747,True,23746,23394,95.33029977744809
1748,56fc3989-3535-49b1-b8c0-8ce3fca07b0d,7,1748,True,23774,23422,89.02606805592586
1749,56fc3989-3535-49b1-b8c0-8ce3fca07b0d,7,1749,True,23799,23447,98.28481434822243
1750,56fc3989-3535-49b1-b8c0-8ce3fca07b0d,7,1750,True,23828,23476,101.15290954034572
1751,56fc3989-3535-49b1-b8c0-8ce3fca07b0d,7,1751,True,23858,23506,111.30494068483677
1752,56fc3989-3535-49b1-b8c0-8ce3fca07b0d,7,1752,True,23892,23540,103.05612168657535
1753,56fc3989-3535-49b1-b8c0-8ce3fca07b0d,7,1753,True,23926,23574,95.10888393943242
1754,56fc3989-3535-49b1-b8c0-8ce3fca07b0d,7,1754,True,23950,23598,97.0964863155641
1755,56fc3989-3535-49b1-b8c0-8ce3fca07b0d,7,1755,True,23983,23631,90.21942037942063
1756,56fc3989-3535-49b1-b8c0-8ce3fca07b0d,7,1756,True,24013,23661,91.20601419094601
1757,56fc3989-3535-49b1-b8c0-8ce3fca07b0d,7,1757,True,24037,23685,94.9555528278288
1758,56fc3989-3535-49b1-b8c0-8ce3fca07b0d,7,1758,True,24062,23710,87.51313877214488
1759,56fc3989-3535-49b1-b8c0-8ce3fca07b0d,7,1759,True,24088,23736,88.87227949540102
1760,56fc3989-3535-49b1-b8c0-8ce3fca07b0d,7,1760,True,24120,23768,87.8773192944318
1761,56fc3989-3535-49b1-b8c0-8ce3fca07b0d,7,1761,True,24159,23807,85.97808794600132
1762,56fc3989-3535-49b1-b8c0-8ce3fca07b0d,7,1762,True,24188,23836,76.78376597580427
1763,56fc3989-3535-49b1-b8c0-8ce3fca07b0d,7,1763,True,24220,23868,79.96565376799481
1764,56fc3989-3535-49b1-b8c0-8ce3fca07b0d,7,1764,True,24252,23900,86.16889142893706
1765,56fc3989-3535-49b1-b8c0-8ce3fca07b0d,7,1765,True,24281,23929,84.71972335137252
1766,56fc3989-3535-49b1-b8c0-8ce3fca07b0d,7,1766,True,24305,23953,91.00413259533161
1767,56fc3989-3535-49b1-b8c0-8ce3fca07b0d,7,1767,True,24335,23983,91.06988955707493
1768,56fc3989-3535-49b1-b8c0-8ce3fca07b0d,7,1768,True,24357,24005,92.82328715299445
1769,56fc3989-3535-49b1-b8c0-8ce3fca07b0d,7,1769,True,24393,24041,77.65255647541926
1770,56fc3989-3535-49b1-b8c0-8ce3fca07b0d,7,1770,True,24430,24078,88.69171515391645
1771,56fc3989-3535-49b1-b8c0-8ce3fca07b0d,7,1771,True,24461,24109,86.40500018079547
1772,56fc3989-3535-49b1-b8c0-8ce3fca07b0d,7,1772,True,24498,24146,87.9820710666354
1773,56fc3989-3535-49b1-b8c0-8ce3fca07b0d,7,1773,True,24522,24170,82.85537083521194
1774,56fc3989-3535-49b1-b8c0-8ce3fca07b0d,7,1774,True,24570,24218,85.54158847566578
1775,56fc3989-3535-49b1-b8c0-8ce3fca07b0d,7,1775,True,24605,24253,68.99382941365184
1776,56fc3989-3535-49b1-b8c0-8ce3fca07b0d,7,1776,True,24635,24283,81.96054260392702
1777,56fc3989-3535-49b1-b8c0-8ce3fca07b0d,7,1777,True,24669,24317,87.99705515651294
1778,56fc3989-3535-49b1-b8c0-8ce3fca07b0d,7,1778,True,24691,24339,83.61802364325922
1779,56fc3989-3535-49b1-b8c0-8ce3fca07b0d,7,1779,True,24718,24366,81.67515768870726
1780,56fc3989-3535-49b1-b8c0-8ce3fca07b0d,7,1780,True,24748,24396,87.2070805758849
1781,56fc3989-3535-49b1-b8c0-8ce3fca07b0d,7,1781,True,24777,24425,89.16205204790094
1782,56fc3989-3535-49b1-b8c0-8ce3fca07b0d,7,1782,True,24810,24458,80.68443364533232
1783,56fc3989-3535-49b1-b8c0-8ce3fca07b0d,7,1783,True,24839,24487,92.19308938140603
1784,56fc3989-3535-49b1-b8c0-8ce3fca07b0d,7,1784,True,24869,24517,89.64437679600087
1785,56fc3989-3535-49b1-b8c0-8ce3fca07b0d,7,1785,True,24902,24550,87.43820112814865
1786,56fc3989-3535-49b1-b8c0-8ce3fca07b0d,7,1786,True,24939,24587,85.91884167113312
1787,56fc3989-3535-49b1-b8c0-8ce3fca07b0d,7,1787,True,24976,24624,111.38443784441188
1788,56fc3989-3535-49b1-b8c0-8ce3fca07b0d,7,1788,True,25012,24660,124.96915384827662
1789,56fc3989-3535-49b1-b8c0-8ce3fca07b0d,7,1789,True,25042,24690,129.37623201366296
1790,56fc3989-3535-49b1-b8c0-8ce3fca07b0d,7,1790,True,25074,24722,121.07473717553148
1791,56fc3989-3535-49b1-b8c0-8ce3fca07b0d,7,1791,True,25100,24748,155.4200191385171
1792,56fc3989-3535-49b1-b8c0-8ce3fca07b0d,7,1792,True,25132,24780,111.65495816367184
1793,56fc3989-3535-49b1-b8c0-8ce3fca07b0d,7,1793,True,25152,24800,117.07343945100365
1794,56fc3989-3535-49b1-b8c0-8ce3fca07b0d,7,1794,True,25188,24836,120.84898484133737
1795,56fc3989-3535-49b1-b8c0-8ce3fca07b0d,7,1795,True,25214,24862,121.0131124173422
1796,56fc3989-3535-49b1-b8c0-8ce3fca07b0d,7,1796,True,25236,24884,144.70603424448564
1797,56fc3989-3535-49b1-b8c0-8ce3fca07b0d,7,1797,True,25261,24909,108.26448292301575
1798,56fc3989-3535-49b1-b8c0-8ce3fca07b0d,7,1798,True,25287,24935,138.08981771185427
1799,56fc3989-3535-49b1-b8c0-8ce3fca07b0d,7,1799,True,25306,24954,100.52934488289247
1800,56fc3989-3535-49b1-b8c0-8ce3fca07b0d,7,1800,True,25337,24985,113.91306534489195
1801,56fc3989-3535-49b1-b8c0-8ce3fca07b0d,7,1801,True,25366,25014,128.7830481687015
1802,56fc3989-3535-49b1-b8c0-8ce3fca07b0d,7,1802,True,25390,25038,114.78588175092955
1803,56fc3989-3535-49b1-b8c0-8ce3fca07b0d,7,1803,True,25410,25058,116.02370638616048
1804,56fc3989-3535-49b1-b8c0-8ce3fca07b0d,7,1804,True,25442,25090,153.1179174103454
1805,56fc3989-3535-49b1-b8c0-8ce3fca07b0d,7,1805,True,25481,25129,140.0278977768903
1806,56fc3989-3535-49b1-b8c0-8ce3fca07b0d,7,1806,True,25526,25174,109.16733116602336
1807,56fc3989-3535-49b1-b8c0-8ce3fca07b0d,7,1807,True,25549,25197,118.49563225497332
1808,56fc3989-3535-49b1-b8c0-8ce3fca07b0d,7,1808,True,25574,25222,103.20398692910385
1809,56fc3989-3535-49b1-b8c0-8ce3fca07b0d,7,1809,True,25608,25256,115.06366103347682
1810,56fc3989-3535-49b1-b8c0-8ce3fca07b0d,7,1810,True,25651,25299,99.48622756232362
1811,56fc3989-3535-49b1-b8c0-8ce3fca07b0d,7,1811,True,25679,25327,84.14615358748415
1812,56fc3989-3535-49b1-b8c0-8ce3fca07b0d,7,1812,True,25704,25352,95.70458680127922
1813,56fc3989-3535-49b1-b8c0-8ce3fca07b0d,7,1813,True,25728,25376,83.04086601992458
1814,56fc3989-3535-49b1-b8c0-8ce3fca07b0d,7,1814,True,25755,25403,84.35667650990217
1815,56fc3989-3535-49b1-b8c0-8ce3fca07b0d,7,1815,True,25798,25446,83.54149428528763
1816,56fc3989-3535-49b1-b8c0-8ce3fca07b0d,7,1816,True,25827,25475,85.33606479900118
1817,56fc3989-3535-49b1-b8c0-8ce3fca07b0d,7,1817,True,25848,25496,95.59340954279469
1818,56fc3989-3535-49b1-b8c0-8ce3fca07b0d,7,1818,True,25882,25530,95.32676716752394
1819,56fc3989-3535-49b1-b8c0-8ce3fca07b0d,7,1819,True,25912,25560,82.19077903702055
1820,56fc3989-3535-49b1-b8c0-8ce3fca07b0d,7,1820,True,25942,25590,80.839467550064
1821,56fc3989-3535-49b1-b8c0-8ce3fca07b0d,7,1821,True,25970,25618,83.80473514507685
1822,56fc3989-3535-49b1-b8c0-8ce3fca07b0d,7,1822,True,25993,25641,109.09498583081222
1823,56fc3989-3535-49b1-b8c0-8ce3fca07b0d,7,1823,True,26026,25674,94.74784331294359
1824,56fc3989-3535-49b1-b8c0-8ce3fca07b0d,7,1824,True,26054,25702,91.06236512635223
1825,56fc3989-3535-49b1-b8c0-8ce3fca07b0d,7,1825,True,26081,25729,89.83153378356292
1826,56fc3989-3535-49b1-b8c0-8ce3fca07b0d,7,1826,True,26106,25754,81.86595626110284
1827,56fc3989-3535-49b1-b8c0-8ce3fca07b0d,7,1827,True,26140,25788,106.49115793705641
1828,56fc3989-3535-49b1-b8c0-8ce3fca07b0d,7,1828,True,26171,25819,111.60011396832851
1829,56fc3989-3535-49b1-b8c0-8ce3fca07b0d,7,1829,True,26192,25840,117.62275846476041
1830,56fc3989-3535-49b1-b8c0-8ce3fca07b0d,7,1830,True,26221,25869,100.61711113269848
1831,56fc3989-3535-49b1-b8c0-8ce3fca07b0d,7,1831,True,26247,25895,97.77727423183751
1832,56fc3989-3535-49b1-b8c0-8ce3fca07b0d,7,1832,True,26277,25925,123.12354979829252
1833,56fc3989-3535-49b1-b8c0-8ce3fca07b0d,7,1833,True,26302,25950,130.33910907703103
1834,56fc3989-3535-49b1-b8c0-8ce3fca07b0d,7,1834,True,26330,25978,127.06816791181336
1835,56fc3989-3535-49b1-b8c0-8ce3fca07b0d,7,1835,True,26360,26008,155.08155488082048
1836,56fc3989-3535-49b1-b8c0-8ce3fca07b0d,7,1836,True,26397,26045,127.17470500426498
1837,56fc3989-3535-49b1-b8c0-8ce3fca07b0d,7,1837,True,26435,26083,117.96023236085239
1838,56fc3989-3535-49b1-b8c0-8ce3fca07b0d,7,1838,True,26469,26117,93.57055606860013
1839,56fc3989-3535-49b1-b8c0-8ce3fca07b0d,7,1839,True,26499,26147,90.73376547344014
1840,56fc3989-3535-49b1-b8c0-8ce3fca07b0d,7,1840,True,26529,26177,85.4075645812336
1841,56fc3989-3535-49b1-b8c0-8ce3fca07b0d,7,1841,True,26563,26211,81.56237461595447
1842,56fc3989-3535-49b1-b8c0-8ce3fca07b0d,7,1842,True,26587,26235,103.93321139401087
1843,56fc3989-3535-49b1-b8c0-8ce3fca07b0d,7,1843,True,26613,26261,118.27844289637505
1844,56fc3989-3535-49b1-b8c0-8ce3fca07b0d,7,1844,True,26647,26295,106.63226538287563
1845,56fc3989-3535-49b1-b8c0-8ce3fca07b0d,7,1845,True,26677,26325,105.41748089731846
1846,56fc3989-3535-49b1-b8c0-8ce3fca07b0d,7,1846,True,26710,26358,108.82892489827645
1847,56fc3989-3535-49b1-b8c0-8ce3fca07b0d,7,1847,True,26735,26383,98.39567305483433
1848,56fc3989-3535-49b1-b8c0-8ce3fca07b0d,7,1848,True,26767,26415,128.09359753161334
1849,56fc3989-3535-49b1-b8c0-8ce3fca07b0d,7,1849,True,26793,26441,117.30738375345754
1850,56fc3989-3535-49b1-b8c0-8ce3fca07b0d,7,1850,True,26829,26477,99.82806638604598
1851,56fc3989-3535-49b1-b8c0-8ce3fca07b0d,7,1851,True,26856,26504,96.40297822336288
1852,56fc3989-3535-49b1-b8c0-8ce3fca07b0d,7,1852,True,26888,26536,113.41254759687217
1853,56fc3989-3535-49b1-b8c0-8ce3fca07b0d,7,1853,True,26923,26571,105.04861944824006
1854,56fc3989-3535-49b1-b8c0-8ce3fca07b0d,7,1854,True,26954,26602,116.79999642965777
1855,56fc3989-3535-49b1-b8c0-8ce3fca07b0d,7,1855,True,26981,26629,176.21918475204438
1856,56fc3989-3535-49b1-b8c0-8ce3fca07b0d,7,1856,True,27014,26662,143.21918475204438
1857,56fc3989-3535-49b1-b8c0-8ce3fca07b0d,7,1857,True,27042,26690,161.20763761045964
1858,56fc3989-3535-49b1-b8c0-8ce3fca07b0d,7,1858,True,27073,26721,130.20763761045964
1859,56fc3989-3535-49b1-b8c0-8ce3fca07b0d,7,1859,True,27108,26756,120.46481285151458
1860,56fc3989-3535-49b1-b8c0-8ce3fca07b0d,7,1860,True,27133,26781,134.85072766380836
1861,56fc3989-3535-49b1-b8c0-8ce3fca07b0d,7,1861,True,27155,26803,122.63716157038289
1862,56fc3989-3535-49b1-b8c0-8ce3fca07b0d,7,1862,True,27187,26835,105.97116063932481
1863,56fc3989-3535-49b1-b8c0-8ce3fca07b0d,7,1863,True,27219,26867,102.75423739184407
1864,56fc3989-3535-49b1-b8c0-8ce3fca07b0d,7,1864,True,27245,26893,90.2103971679353
1865,56fc3989-3535-49b1-b8c0-8ce3fca07b0d,7,1865,True,27283,26931,97.90526438026063
1866,56fc3989-3535-49b1-b8c0-8ce3fca07b0d,7,1866,True,27322,26970,73.58628084102384
1867,56fc3989-3535-49b1-b8c0-8ce3fca07b0d,7,1867,True,27359,27007,90.91981631866656
1868,56fc3989-3535-49b1-b8c0-8ce3fca07b0d,7,1868,True,27391,27039,69.43982495867385
1869,56fc3989-3535-49b1-b8c0-8ce3fca07b0d,7,1869,True,27418,27066,78.55203844793868
1870,56fc3989-3535-49b1-b8c0-8ce3fca07b0d,7,1870,True,27445,27093,88.11730978886408
1871,56fc3989-3535-49b1-b8c0-8ce3fca07b0d,7,1871,True,27477,27125,76.41484329980813
1872,56fc3989-3535-49b1-b8c0-8ce3fca07b0d,7,1872,True,27507,27155,76.03422839252744
1873,56fc3989-3535-49b1-b8c0-8ce3fca07b0d,7,1873,True,27529,27177,110.16855612688232
1874,56fc3989-3535-49b1-b8c0-8ce3fca07b0d,7,1874,True,27554,27202,109.04551006239126
1875,56fc3989-3535-49b1-b8c0-8ce3fca07b0d,7,1875,True,27580,27228,103.42546562637654
1876,56fc3989-3535-49b1-b8c0-8ce3fca07b0d,7,1876,True,27610,27258,97.75973447776414
1877,56fc3989-3535-49b1-b8c0-8ce3fca07b0d,7,1877,True,27644,27292,115.67368988839007
1878,56fc3989-3535-49b1-b8c0-8ce3fca07b0d,7,1878,True,27686,27334,99.26063926270217
1879,56fc3989-3535-49b1-b8c0-8ce3fca07b0d,7,1879,True,27711,27359,87.19403923159189
1880,56fc3989-3535-49b1-b8c0-8ce3fca07b0d,7,1880,True,27741,27389,84.90429967192176
1881,56fc3989-3535-49b1-b8c0-8ce3fca07b0d,7,1881,True,27775,27423,81.59757833285767
1882,56fc3989-3535-49b1-b8c0-8ce3fca07b0d,7,1882,True,27810,27458,82.481520383124
1883,56fc3989-3535-49b1-b8c0-8ce3fca07b0d,7,1883,True,27849,27497,90.16318702204808
1884,56fc3989-3535-49b1-b8c0-8ce3fca07b0d,7,1884,True,27876,27524,86.1843512650521
1885,56fc3989-3535-49b1-b8c0-8ce3fca07b0d,7,1885,True,27907,27555,81.30817259385731
1886,56fc3989-3535-49b1-b8c0-8ce3fca07b0d,7,1886,True,27934,27582,84.56621194485342
1887,56fc3989-3535-49b1-b8c0-8ce3fca07b0d,7,1887,True,27970,27618,89.24365549983486
1888,56fc3989-3535-49b1-b8c0-8ce3fca07b0d,7,1888,True,28000,27648,86.0921617615968
1889,56fc3989-3535-49b1-b8c0-8ce3fca07b0d,7,1889,True,28042,27690,65.96324998864293
1890,56fc3989-3535-49b1-b8c0-8ce3fca07b0d,7,1890,True,28078,27726,68.76730790025613
1891,56fc3989-3535-49b1-b8c0-8ce3fca07b0d,7,1891,True,28107,27755,75.64965275201757
1892,56fc3989-3535-49b1-b8c0-8ce3fca07b0d,7,1892,True,28141,27789,70.57140533632628
1893,56fc3989-3535-49b1-b8c0-8ce3fca07b0d,7,1893,True,28173,27821,88.29228926667201
1894,56fc3989-3535-49b1-b8c0-8ce3fca07b0d,7,1894,True,28204,27852,87.08767617453486
1895,56fc3989-3535-49b1-b8c0-8ce3fca07b0d,7,1895,True,28234,27882,84.88742159139656
1896,56fc3989-3535-49b1-b8c0-8ce3fca07b0d,7,1896,True,28269,27917,75.21240808380753
1897,56fc3989-3535-49b1-b8c0-8ce3fca07b0d,7,1897,True,28299,27947,78.62726548725186
1898,56fc3989-3535-49b1-b8c0-8ce3fca07b0d,7,1898,True,28325,27973,90.90364250317725
1899,56fc3989-3535-49b1-b8c0-8ce3fca07b0d,7,1899,True,28365,28013,72.57057142246049
1900,56fc3989-3535-49b1-b8c0-8ce3fca07b0d,7,1900,True,28403,28051,73.4898906056078
1901,56fc3989-3535-49b1-b8c0-8ce3fca07b0d,7,1901,True,28448,28096,78.5219130237565
1902,56fc3989-3535-49b1-b8c0-8ce3fca07b0d,7,1902,True,28476,28124,80.72818653476497
1903,56fc3989-3535-49b1-b8c0-8ce3fca07b0d,7,1903,True,28507,28155,83.84724185352752
1904,56fc3989-3535-49b1-b8c0-8ce3fca07b0d,7,1904,True,28534,28182,80.9003454053236
1905,56fc3989-3535-49b1-b8c0-8ce3fca07b0d,7,1905,True,28562,28210,79.98500106352003
1906,56fc3989-3535-49b1-b8c0-8ce3fca07b0d,7,1906,True,28600,28248,85.35226952272569
1907,56fc3989-3535-49b1-b8c0-8ce3fca07b0d,7,1907,True,28624,28272,88.29186402683263
1908,56fc3989-3535-49b1-b8c0-8ce3fca07b0d,7,1908,True,28667,28315,80.25834332781596
1909,56fc3989-3535-49b1-b8c0-8ce3fca07b0d,7,1909,True,28695,28343,83.92759271870091
1910,56fc3989-3535-49b1-b8c0-8ce3fca07b0d,7,1910,True,28729,28377,80.19965367741315
1911,56fc3989-3535-49b1-b8c0-8ce3fca07b0d,7,1911,True,28752,28400,89.53480425605449
1912,56fc3989-3535-49b1-b8c0-8ce3fca07b0d,7,1912,True,28780,28428,94.17790208085353
1913,56fc3989-3535-49b1-b8c0-8ce3fca07b0d,7,1913,True,28823,28471,77.3060694923006
1914,56fc3989-3535-49b1-b8c0-8ce3fca07b0d,7,1914,True,28861,28509,87.87113366298581
1915,56fc3989-3535-49b1-b8c0-8ce3fca07b0d,7,1915,True,28896,28544,101.35300906904376
1916,56fc3989-3535-49b1-b8c0-8ce3fca07b0d,7,1916,True,28930,28578,89.48786180109528
1917,56fc3989-3535-49b1-b8c0-8ce3fca07b0d,7,1917,True,28969,28617,76.21015553990583
1918,56fc3989-3535-49b1-b8c0-8ce3fca07b0d,7,1918,True,29000,28648,82.40166424703057
1919,56fc3989-3535-49b1-b8c0-8ce3fca07b0d,7,1919,True,29029,28677,76.08744427438432
1920,56fc3989-3535-49b1-b8c0-8ce3fca07b0d,7,1920,True,29067,28715,82.11245890991631
1921,56fc3989-3535-49b1-b8c0-8ce3fca07b0d,7,1921,True,29092,28740,81.27787499906117
1922,56fc3989-3535-49b1-b8c0-8ce3fca07b0d,7,1922,True,29123,28771,86.32623455638895
1923,56fc3989-3535-49b1-b8c0-8ce3fca07b0d,7,1923,True,29154,28802,85.99315483529062
1924,56fc3989-3535-49b1-b8c0-8ce3fca07b0d,7,1924,True,29191,28839,75.70361433069411
1925,56fc3989-3535-49b1-b8c0-8ce3fca07b0d,7,1925,True,29214,28862,84.20229401323013
1926,56fc3989-3535-49b1-b8c0-8ce3fca07b0d,7,1926,True,29248,28896,81.66890982174664
1927,56fc3989-3535-49b1-b8c0-8ce3fca07b0d,7,1927,True,29277,28925,80.0918260631588
1928,56fc3989-3535-49b1-b8c0-8ce3fca07b0d,7,1928,True,29312,28960,79.94387320636088
1929,56fc3989-3535-49b1-b8c0-8ce3fca07b0d,7,1929,True,29342,28990,78.75482206520974
1930,56fc3989-3535-49b1-b8c0-8ce3fca07b0d,7,1930,True,29376,29024,91.91751636562913
1931,56fc3989-3535-49b1-b8c0-8ce3fca07b0d,7,1931,True,29403,29051,74.72335451014442
1932,56fc3989-3535-49b1-b8c0-8ce3fca07b0d,7,1932,True,29446,29094,78.68742987703081
1933,56fc3989-3535-49b1-b8c0-8ce3fca07b0d,7,1933,True,29482,29130,74.42346376532078
1934,56fc3989-3535-49b1-b8c0-8ce3fca07b0d,7,1934,True,29506,29154,81.8062038877797
1935,56fc3989-3535-49b1-b8c0-8ce3fca07b0d,7,1935,True,29535,29183,81.76878699667577
1936,56fc3989-3535-49b1-b8c0-8ce3fca07b0d,7,1936,True,29564,29212,94.16283220957848
1937,56fc3989-3535-49b1-b8c0-8ce3fca07b0d,7,1937,True,29594,29242,87.3681055601337
1938,56fc3989-3535-49b1-b8c0-8ce3fca07b0d,7,1938,True,29625,29273,95.03818480457994
1939,56fc3989-3535-49b1-b8c0-8ce3fca07b0d,7,1939,True,29652,29300,98.0264702353561
1940,56fc3989-3535-49b1-b8c0-8ce3fca07b0d,7,1940,True,29686,29334,87.85283365868963
1941,56fc3989-3535-49b1-b8c0-8ce3fca07b0d,7,1941,True,29716,29364,91.22207627740136
1942,56fc3989-3535-49b1-b8c0-8ce3fca07b0d,7,1942,True,29752,29400,81.95854267903997
1943,56fc3989-3535-49b1-b8c0-8ce3fca07b0d,7,1943,True,29789,29437,94.2934959507329
1944,56fc3989-3535-49b1-b8c0-8ce3fca07b0d,7,1944,True,29819,29467,90.08985256617962
1945,56fc3989-3535-49b1-b8c0-8ce3fca07b0d,7,1945,True,29846,29494,82.69454787324503
1946,56fc3989-3535-49b1-b8c0-8ce3fca07b0d,7,1946,True,29877,29525,96.3717103085728
1947,56fc3989-3535-49b1-b8c0-8ce3fca07b0d,7,1947,True,29907,29555,91.33311290027996
1948,56fc3989-3535-49b1-b8c0-8ce3fca07b0d,7,1948,True,29936,29584,96.47640896489611
1949,56fc3989-3535-49b1-b8c0-8ce3fca07b0d,7,1949,True,29962,29610,96.85678789484882
1950,56fc3989-3535-49b1-b8c0-8ce3fca07b0d,7,1950,True,29988,29636,94.35031842418539
1951,56fc3989-3535-49b1-b8c0-8ce3fca07b0d,7,1951,True,30023,29671,92.1910807675049
1952,56fc3989-3535-49b1-b8c0-8ce3fca07b0d,7,1952,True,30046,29694,90.2453216822687
1953,56fc3989-3535-49b1-b8c0-8ce3fca07b0d,7,1953,True,30076,29724,95.05021169114116
1954,56fc3989-3535-49b1-b8c0-8ce3fca07b0d,7,1954,True,30107,29755,92.02506643984816
1955,56fc3989-3535-49b1-b8c0-8ce3fca07b0d,7,1955,True,30136,29784,93.44391610907405
1956,56fc3989-3535-49b1-b8c0-8ce3fca07b0d,7,1956,True,30171,29819,81.66576209179766
1957,56fc3989-3535-49b1-b8c0-8ce3fca07b0d,7,1957,True,30197,29845,82.20400273545238
1958,56fc3989-3535-49b1-b8c0-8ce3fca07b0d,7,1958,True,30222,29870,92.16209420419545
1959,56fc3989-3535-49b1-b8c0-8ce3fca07b0d,7,1959,True,30251,29899,78.77989086345042
1960,56fc3989-3535-49b1-b8c0-8ce3fca07b0d,7,1960,True,30279,29927,95.86078893891681
1961,56fc3989-3535-49b1-b8c0-8ce3fca07b0d,7,1961,True,30313,29961,92.19382322090314
1962,56fc3989-3535-49b1-b8c0-8ce3fca07b0d,7,1962,True,30349,29997,81.11394144652877
1963,56fc3989-3535-49b1-b8c0-8ce3fca07b0d,7,1963,True,30387,30035,120.78088917549758
1964,56fc3989-3535-49b1-b8c0-8ce3fca07b0d,7,1964,True,30422,30070,101.41005989402765
1965,56fc3989-3535-49b1-b8c0-8ce3fca07b0d,7,1965,True,30448,30096,104.41108624076878
1966,56fc3989-3535-49b1-b8c0-8ce3fca07b0d,7,1966,True,30476,30124,120.5615493316509
1967,56fc3989-3535-49b1-b8c0-8ce3fca07b0d,7,1967,True,30503,30151,82.88908611830993
1968,56fc3989-3535-49b1-b8c0-8ce3fca07b0d,7,1968,True,30524,30172,87.35552921330964
1969,56fc3989-3535-49b1-b8c0-8ce3fca07b0d,7,1969,True,30556,30204,90.31458581138213
1970,56fc3989-3535-49b1-b8c0-8ce3fca07b0d,7,1970,True,30586,30234,95.13183565188228
1971,56fc3989-3535-49b1-b8c0-8ce3fca07b0d,7,1971,True,30617,30265,89.11551725901882
1972,56fc3989-3535-49b1-b8c0-8ce3fca07b0d,7,1972,True,30637,30285,79.44311360045322
1973,56fc3989-3535-49b1-b8c0-8ce3fca07b0d,7,1973,True,30665,30313,82.42587032318988
1974,56fc3989-3535-49b1-b8c0-8ce3fca07b0d,7,1974,True,30690,30338,96.81638468806341
1975,56fc3989-3535-49b1-b8c0-8ce3fca07b0d,7,1975,True,30714,30362,96.4171756189753
1976,56fc3989-3535-49b1-b8c0-8ce3fca07b0d,7,1976,True,30738,30386,110.35017959878314
1977,56fc3989-3535-49b1-b8c0-8ce3fca07b0d,7,1977,True,30778,30426,94.78645297395633
1978,56fc3989-3535-49b1-b8c0-8ce3fca07b0d,7,1978,True,30815,30463,84.52041027170708
1979,56fc3989-3535-49b1-b8c0-8ce3fca07b0d,7,1979,True,30842,30490,109.55506923697612
1980,56fc3989-3535-49b1-b8c0-8ce3fca07b0d,7,1980,True,30867,30515,109.53233592824472
1981,56fc3989-3535-49b1-b8c0-8ce3fca07b0d,7,1981,True,30907,30555,97.59094455472587
1982,56fc3989-3535-49b1-b8c0-8ce3fca07b0d,7,1982,True,30946,30594,103.96147769095478
1983,56fc3989-3535-49b1-b8c0-8ce3fca07b0d,7,1983,True,30973,30621,98.86957225713559
1984,56fc3989-3535-49b1-b8c0-8ce3fca07b0d,7,1984,True,31002,30650,94.77667652168748
1985,56fc3989-3535-49b1-b8c0-8ce3fca07b0d,7,1985,True,31034,30682,89.0125628375572
1986,56fc3989-3535-49b1-b8c0-8ce3fca07b0d,7,1986,True,31068,30716,88.50449563615985
1987,56fc3989-3535-49b1-b8c0-8ce3fca07b0d,7,1987,True,31096,30744,95.47744203885304
1988,56fc3989-3535-49b1-b8c0-8ce3fca07b0d,7,1988,True,31130,30778,101.27608237309323
1989,56fc3989-3535-49b1-b8c0-8ce3fca07b0d,7,1989,True,31162,30810,90.97999300934316
1990,56fc3989-3535-49b1-b8c0-8ce3fca07b0d,7,1990,True,31191,30839,85.34542116513694
1991,56fc3989-3535-49b1-b8c0-8ce3fca07b0d,7,1991,True,31208,30856,99.25624137190971
1992,56fc3989-3535-49b1-b8c0-8ce3fca07b0d,7,1992,True,31237,30885,103.38604246843533
1993,56fc3989-3535-49b1-b8c0-8ce3fca07b0d,7,1993,True,31262,30910,98.06282637184995
1994,56fc3989-3535-49b1-b8c0-8ce3fca07b0d,7,1994,True,31305,30953,87.11037889890213
1995,56fc3989-3535-49b1-b8c0-8ce3fca07b0d,7,1995,True,31341,30989,91.63666506153095
1996,56fc3989-3535-49b1-b8c0-8ce3fca07b0d,7,1996,True,31377,31025,86.92842388937788
1997,56fc3989-3535-49b1-b8c0-8ce3fca07b0d,7,1997,True,31410,31058,93.57473992837186
1998,56fc3989-3535-49b1-b8c0-8ce3fca07b0d,7,1998,True,31443,31091,99.46464620601546
1999,56fc3989-3535-49b1-b8c0-8ce3fca07b0d,7,1999,True,31464,31112,104.88495385535498
2000,5e56f1e3-8103-4af1-850f-6ed3d4d645b0,8,2000,True,430,28,87.207502918573
2001,5e56f1e3-8103-4af1-850f-6ed3d4d645b0,8,2001,True,459,57,79.00687796176871
2002,5e56f1e3-8103-4af1-850f-6ed3d4d645b0,8,2002,True,492,90,85.26341761127676
2003,5e56f1e3-8103-4af1-850f-6ed3d4d645b0,8,2003,True,521,119,96.20698423192147
2004,5e56f1e3-8103-4af1-850f-6ed3d4d645b0,8,2004,True,547,145,90.45946165194653
2005,5e56f1e3-8103-4af1-850f-6ed3d4d645b0,8,2005,True,575,173,95.4483757883637
2006,5e56f1e3-8103-4af1-850f-6ed3d4d645b0,8,2006,True,608,206,87.25417822921122
2007,5e56f1e3-8103-4af1-850f-6ed3d4d645b0,8,2007,True,637,235,102.67148885493015
2008,5e56f1e3-8103-4af1-850f-6ed3d4d645b0,8,2008,True,663,261,96.14525331121791
2009,5e56f1e3-8103-4af1-850f-6ed3d4d645b0,8,2009,True,700,298,86.8004962012069
2010,5e56f1e3-8103-4af1-850f-6ed3d4d645b0,8,2010,True,729,327,88.35375886860606
2011,5e56f1e3-8103-4af1-850f-6ed3d4d645b0,8,2011,True,757,355,93.56522804263528
2012,5e56f1e3-8103-4af1-850f-6ed3d4d645b0,8,2012,True,790,388,91.66255350740903
2013,5e56f1e3-8103-4af1-850f-6ed3d4d645b0,8,2013,True,819,417,92.51314976107102
2014,5e56f1e3-8103-4af1-850f-6ed3d4d645b0,8,2014,True,843,441,93.29749078148996
2015,5e56f1e3-8103-4af1-850f-6ed3d4d645b0,8,2015,True,867,465,121.53844244701008
2016,5e56f1e3-8103-4af1-850f-6ed3d4d645b0,8,2016,True,908,506,106.49239695185088
2017,5e56f1e3-8103-4af1-850f-6ed3d4d645b0,8,2017,True,955,553,105.34027019913799
2018,5e56f1e3-8103-4af1-850f-6ed3d4d645b0,8,2018,True,990,588,96.82222095746693
2019,5e56f1e3-8103-4af1-850f-6ed3d4d645b0,8,2019,True,1029,627,87.07331149598451
2020,5e56f1e3-8103-4af1-850f-6ed3d4d645b0,8,2020,True,1061,659,93.74524689943871
2021,5e56f1e3-8103-4af1-850f-6ed3d4d645b0,8,2021,True,1089,687,89.64455039587381
2022,5e56f1e3-8103-4af1-850f-6ed3d4d645b0,8,2022,True,1125,723,94.4054218358691
2023,5e56f1e3-8103-4af1-850f-6ed3d4d645b0,8,2023,True,1169,767,82.9006350045812
2024,5e56f1e3-8103-4af1-850f-6ed3d4d645b0,8,2024,True,1202,800,103.74081580176767
2025,5e56f1e3-8103-4af1-850f-6ed3d4d645b0,8,2025,True,1221,819,105.80943316818082
2026,5e56f1e3-8103-4af1-850f-6ed3d4d645b0,8,2026,True,1252,850,93.98646489283328
2027,5e56f1e3-8103-4af1-850f-6ed3d4d645b0,8,2027,True,1282,880,98.12052752035015
2028,5e56f1e3-8103-4af1-850f-6ed3d4d645b0,8,2028,True,1328,926,91.22716173265405
2029,5e56f1e3-8103-4af1-850f-6ed3d4d645b0,8,2029,True,1359,957,89.19871259869296
2030,5e56f1e3-8103-4af1-850f-6ed3d4d645b0,8,2030,True,1399,997,82.28339387487608
2031,5e56f1e3-8103-4af1-850f-6ed3d4d645b0,8,2031,True,1428,1026,79.61272894024728
2032,5e56f1e3-8103-4af1-850f-6ed3d4d645b0,8,2032,True,1466,1064,85.75980841033333
2033,5e56f1e3-8103-4af1-850f-6ed3d4d645b0,8,2033,True,1499,1097,81.06292646400561
2034,5e56f1e3-8103-4af1-850f-6ed3d4d645b0,8,2034,True,1528,1126,81.36046659370368
2035,5e56f1e3-8103-4af1-850f-6ed3d4d645b0,8,2035,True,1558,1156,85.68648709951094
2036,5e56f1e3-8103-4af1-850f-6ed3d4d645b0,8,2036,True,1588,1186,82.54674166822633
2037,5e56f1e3-8103-4af1-850f-6ed3d4d645b0,8,2037,True,1617,1215,86.08087523163545
2038,5e56f1e3-8103-4af1-850f-6ed3d4d645b0,8,2038,True,1642,1240,82.16355651416598
2039,5e56f1e3-8103-4af1-850f-6ed3d4d645b0,8,2039,True,1674,1272,92.0005286786452
2040,5e56f1e3-8103-4af1-850f-6ed3d4d645b0,8,2040,True,1702,1300,94.93344490540699
2041,5e56f1e3-8103-4af1-850f-6ed3d4d645b0,8,2041,True,1733,1331,90.28101052746433
2042,5e56f1e3-8103-4af1-850f-6ed3d4d645b0,8,2042,True,1778,1376,83.42765131450187
2043,5e56f1e3-8103-4af1-850f-6ed3d4d645b0,8,2043,True,1809,1407,84.87476056733226
2044,5e56f1e3-8103-4af1-850f-6ed3d4d645b0,8,2044,True,1841,1439,94.57044240163873
2045,5e56f1e3-8103-4af1-850f-6ed3d4d645b0,8,2045,True,1868,1466,98.78143174268098
2046,5e56f1e3-8103-4af1-850f-6ed3d4d645b0,8,2046,True,1892,1490,122.29572810541345
2047,5e56f1e3-8103-4af1-850f-6ed3d4d645b0,8,2047,True,1926,1524,109.27319798872054
2048,5e56f1e3-8103-4af1-850f-6ed3d4d645b0,8,2048,True,1958,1556,104.21321282252575
2049,5e56f1e3-8103-4af1-850f-6ed3d4d645b0,8,2049,True,1993,1591,111.53957839672626
2050,5e56f1e3-8103-4af1-850f-6ed3d4d645b0,8,2050,True,2028,1626,118.27302742945176
2051,5e56f1e3-8103-4af1-850f-6ed3d4d645b0,8,2051,True,2057,1655,111.69174891477542
2052,5e56f1e3-8103-4af1-850f-6ed3d4d645b0,8,2052,True,2080,1678,110.00502217711369
2053,5e56f1e3-8103-4af1-850f-6ed3d4d645b0,8,2053,True,2117,1715,122.47184462665041
2054,5e56f1e3-8103-4af1-850f-6ed3d4d645b0,8,2054,True,2146,1744,112.84937652505232
2055,5e56f1e3-8103-4af1-850f-6ed3d4d645b0,8,2055,True,2184,1782,105.69386306947854
2056,5e56f1e3-8103-4af1-850f-6ed3d4d645b0,8,2056,True,2223,1821,98.95060352773089
2057,5e56f1e3-8103-4af1-850f-6ed3d4d645b0,8,2057,True,2248,1846,99.18372488142086
2058,5e56f1e3-8103-4af1-850f-6ed3d4d645b0,8,2058,True,2273,1871,108.85553388859807
2059,5e56f1e3-8103-4af1-850f-6ed3d4d645b0,8,2059,True,2305,1903,101.56668326738736
2060,5e56f1e3-8103-4af1-850f-6ed3d4d645b0,8,2060,True,2331,1929,117.30451530991536
2061,5e56f1e3-8103-4af1-850f-6ed3d4d645b0,8,2061,True,2363,1961,105.25491352346535
2062,5e56f1e3-8103-4af1-850f-6ed3d4d645b0,8,2062,True,2397,1995,100.78077433904355
2063,5e56f1e3-8103-4af1-850f-6ed3d4d645b0,8,2063,True,2441,2039,96.53298469077708
2064,5e56f1e3-8103-4af1-850f-6ed3d4d645b0,8,2064,True,2483,2081,102.69452501117576
2065,5e56f1e3-8103-4af1-850f-6ed3d4d645b0,8,2065,True,2510,2108,103.31327287064187
2066,5e56f1e3-8103-4af1-850f-6ed3d4d645b0,8,2066,True,2545,2143,97.50738713254259
2067,5e56f1e3-8103-4af1-850f-6ed3d4d645b0,8,2067,True,2573,2171,94.55333694020646
2068,5e56f1e3-8103-4af1-850f-6ed3d4d645b0,8,2068,True,2605,2203,106.61648222640542
2069,5e56f1e3-8103-4af1-850f-6ed3d4d645b0,8,2069,True,2630,2228,105.80723912898566
2070,5e56f1e3-8103-4af1-850f-6ed3d4d645b0,8,2070,True,2666,2264,87.03416518558879
2071,5e56f1e3-8103-4af1-850f-6ed3d4d645b0,8,2071,True,2692,2290,91.99335508280774
2072,5e56f1e3-8103-4af1-850f-6ed3d4d645b0,8,2072,True,2725,2323,96.61442305694982
2073,5e56f1e3-8103-4af1-850f-6ed3d4d645b0,8,2073,True,2756,2354,89.72973879485562
2074,5e56f1e3-8103-4af1-850f-6ed3d4d645b0,8,2074,True,2784,2382,89.15221419498721
2075,5e56f1e3-8103-4af1-850f-6ed3d4d645b0,8,2075,True,2810,2408,83.46662585285458
2076,5e56f1e3-8103-4af1-850f-6ed3d4d645b0,8,2076,True,2835,2433,87.00065986090794
2077,5e56f1e3-8103-4af1-850f-6ed3d4d645b0,8,2077,True,2865,2463,107.20085696117076
2078,5e56f1e3-8103-4af1-850f-6ed3d4d645b0,8,2078,True,2895,2493,100.0338762858014
2079,5e56f1e3-8103-4af1-850f-6ed3d4d645b0,8,2079,True,2927,2525,87.99074910618674
2080,5e56f1e3-8103-4af1-850f-6ed3d4d645b0,8,2080,True,2958,2556,101.28103199493535
2081,5e56f1e3-8103-4af1-850f-6ed3d4d645b0,8,2081,True,2993,2591,93.28094307608217
2082,5e56f1e3-8103-4af1-850f-6ed3d4d645b0,8,2082,True,3024,2622,94.43767338784619
2083,5e56f1e3-8103-4af1-850f-6ed3d4d645b0,8,2083,True,3065,2663,80.0262285034346
2084,5e56f1e3-8103-4af1-850f-6ed3d4d645b0,8,2084,True,3097,2695,93.15266855230539
2085,5e56f1e3-8103-4af1-850f-6ed3d4d645b0,8,2085,True,3128,2726,92.7652492060115
2086,5e56f1e3-8103-4af1-850f-6ed3d4d645b0,8,2086,True,3161,2759,111.47307402361821
2087,5e56f1e3-8103-4af1-850f-6ed3d4d645b0,8,2087,True,3192,2790,101.05831505683
2088,5e56f1e3-8103-4af1-850f-6ed3d4d645b0,8,2088,True,3213,2811,103.83978383560043
2089,5e56f1e3-8103-4af1-850f-6ed3d4d645b0,8,2089,True,3251,2849,82.23311075048332
2090,5e56f1e3-8103-4af1-850f-6ed3d4d645b0,8,2090,True,3277,2875,90.56588715481257
2091,5e56f1e3-8103-4af1-850f-6ed3d4d645b0,8,2091,True,3313,2911,87.07835727013799
2092,5e56f1e3-8103-4af1-850f-6ed3d4d645b0,8,2092,True,3345,2943,92.5808656472932
2093,5e56f1e3-8103-4af1-850f-6ed3d4d645b0,8,2093,True,3361,2959,105.65673339968771
2094,5e56f1e3-8103-4af1-850f-6ed3d4d645b0,8,2094,True,3398,2996,94.66455302773147
2095,5e56f1e3-8103-4af1-850f-6ed3d4d645b0,8,2095,True,3416,3014,111.04314926847701
2096,5e56f1e3-8103-4af1-850f-6ed3d4d645b0,8,2096,True,3454,3052,104.57809581801439
2097,5e56f1e3-8103-4af1-850f-6ed3d4d645b0,8,2097,True,3484,3082,102.55120728942802
2098,5e56f1e3-8103-4af1-850f-6ed3d4d645b0,8,2098,True,3514,3112,91.6955901773731
2099,5e56f1e3-8103-4af1-850f-6ed3d4d645b0,8,2099,True,3546,3144,84.14886901807176
2100,5e56f1e3-8103-4af1-850f-6ed3d4d645b0,8,2100,True,3574,3172,82.57022380472927
2101,5e56f1e3-8103-4af1-850f-6ed3d4d645b0,8,2101,True,3603,3201,99.19960695354666
2102,5e56f1e3-8103-4af1-850f-6ed3d4d645b0,8,2102,True,3636,3234,93.26021320465725
2103,5e56f1e3-8103-4af1-850f-6ed3d4d645b0,8,2103,True,3663,3261,104.10476201150323
2104,5e56f1e3-8103-4af1-850f-6ed3d4d645b0,8,2104,True,3693,3291,98.20115455199766
2105,5e56f1e3-8103-4af1-850f-6ed3d4d645b0,8,2105,True,3729,3327,98.2794486808566
2106,5e56f1e3-8103-4af1-850f-6ed3d4d645b0,8,2106,True,3757,3355,106.67872780729294
2107,5e56f1e3-8103-4af1-850f-6ed3d4d645b0,8,2107,True,3777,3375,114.2977924041129
2108,5e56f1e3-8103-4af1-850f-6ed3d4d645b0,8,2108,True,3817,3415,97.9066879328243
2109,5e56f1e3-8103-4af1-850f-6ed3d4d645b0,8,2109,True,3849,3447,86.78761448628666
2110,5e56f1e3-8103-4af1-850f-6ed3d4d645b0,8,2110,True,3878,3476,100.12891371418482
2111,5e56f1e3-8103-4af1-850f-6ed3d4d645b0,8,2111,True,3910,3508,104.15073047830629
2112,5e56f1e3-8103-4af1-850f-6ed3d4d645b0,8,2112,True,3933,3531,101.07681178113125
2113,5e56f1e3-8103-4af1-850f-6ed3d4d645b0,8,2113,True,3979,3577,80.7585477083644
2114,5e56f1e3-8103-4af1-850f-6ed3d4d645b0,8,2114,True,4012,3610,79.44788469692958
2115,5e56f1e3-8103-4af1-850f-6ed3d4d645b0,8,2115,True,4044,3642,100.21759788032341
2116,5e56f1e3-8103-4af1-850f-6ed3d4d645b0,8,2116,True,4077,3675,92.91377073068907
2117,5e56f1e3-8103-4af1-850f-6ed3d4d645b0,8,2117,True,4107,3705,93.19302056280912
2118,5e56f1e3-8103-4af1-850f-6ed3d4d645b0,8,2118,True,4140,3738,80.30199537178623
2119,5e56f1e3-8103-4af1-850f-6ed3d4d645b0,8,2119,True,4168,3766,96.84930111089125
2120,5e56f1e3-8103-4af1-850f-6ed3d4d645b0,8,2120,True,4208,3806,92.82891004769272
2121,5e56f1e3-8103-4af1-850f-6ed3d4d645b0,8,2121,True,4242,3840,91.84306470769616
2122,5e56f1e3-8103-4af1-850f-6ed3d4d645b0,8,2122,True,4267,3865,94.25501240828271
2123,5e56f1e3-8103-4af1-850f-6ed3d4d645b0,8,2123,True,4298,3896,90.73057907540806
2124,5e56f1e3-8103-4af1-850f-6ed3d4d645b0,8,2124,True,4331,3929,99.36564652099287
2125,5e56f1e3-8103-4af1-850f-6ed3d4d645b0,8,2125,True,4359,3957,115.04398022100986
2126,5e56f1e3-8103-4af1-850f-6ed3d4d645b0,8,2126,True,4385,3983,113.15849298304238
2127,5e56f1e3-8103-4af1-850f-6ed3d4d645b0,8,2127,True,4411,4009,112.54727578775419
2128,5e56f1e3-8103-4af1-850f-6ed3d4d645b0,8,2128,True,4441,4039,111.1468031744489
2129,5e56f1e3-8103-4af1-850f-6ed3d4d645b0,8,2129,True,4471,4069,103.5973639918675
2130,5e56f1e3-8103-4af1-850f-6ed3d4d645b0,8,2130,True,4510,4108,103.38414414888575
2131,5e56f1e3-8103-4af1-850f-6ed3d4d645b0,8,2131,True,4542,4140,101.41433865358431
2132,5e56f1e3-8103-4af1-850f-6ed3d4d645b0,8,2132,True,4571,4169,112.51184520502193
2133,5e56f1e3-8103-4af1-850f-6ed3d4d645b0,8,2133,True,4605,4203,105.82024574773732
2134,5e56f1e3-8103-4af1-850f-6ed3d4d645b0,8,2134,True,4647,4245,88.89450088543072
2135,5e56f1e3-8103-4af1-850f-6ed3d4d645b0,8,2135,True,4675,4273,84.97657399790205
2136,5e56f1e3-8103-4af1-850f-6ed3d4d645b0,8,2136,True,4701,4299,92.52213719439987
2137,5e56f1e3-8103-4af1-850f-6ed3d4d645b0,8,2137,True,4736,4334,91.09442942950682
2138,5e56f1e3-8103-4af1-850f-6ed3d4d645b0,8,2138,True,4765,4363,98.4834996856589
2139,5e56f1e3-8103-4af1-850f-6ed3d4d645b0,8,2139,True,4799,4397,102.27105954882154
2140,5e56f1e3-8103-4af1-850f-6ed3d4d645b0,8,2140,True,4836,4434,93.10408310543244
2141,5e56f1e3-8103-4af1-850f-6ed3d4d645b0,8,2141,True,4875,4473,91.75200734716782
2142,5e56f1e3-8103-4af1-850f-6ed3d4d645b0,8,2142,True,4918,4516,87.93610919815546
2143,5e56f1e3-8103-4af1-850f-6ed3d4d645b0,8,2143,True,4946,4544,83.17936877120883
2144,5e56f1e3-8103-4af1-850f-6ed3d4d645b0,8,2144,True,4975,4573,83.89826225463003
2145,5e56f1e3-8103-4af1-850f-6ed3d4d645b0,8,2145,True,5005,4603,86.47112897590978
2146,5e56f1e3-8103-4af1-850f-6ed3d4d645b0,8,2146,True,5031,4629,86.16719882580219
2147,5e56f1e3-8103-4af1-850f-6ed3d4d645b0,8,2147,True,5059,4657,98.47623102939815
2148,5e56f1e3-8103-4af1-850f-6ed3d4d645b0,8,2148,True,5084,4682,98.02195611543084
2149,5e56f1e3-8103-4af1-850f-6ed3d4d645b0,8,2149,True,5114,4712,91.2529771105983
2150,5e56f1e3-8103-4af1-850f-6ed3d4d645b0,8,2150,True,5147,4745,115.48402394965433
2151,5e56f1e3-8103-4af1-850f-6ed3d4d645b0,8,2151,True,5171,4769,114.70431175789054
2152,5e56f1e3-8103-4af1-850f-6ed3d4d645b0,8,2152,True,5205,4803,101.66002866973213
2153,5e56f1e3-8103-4af1-850f-6ed3d4d645b0,8,2153,True,5240,4838,103.39924389086809
2154,5e56f1e3-8103-4af1-850f-6ed3d4d645b0,8,2154,True,5271,4869,103.65173536443308
2155,5e56f1e3-8103-4af1-850f-6ed3d4d645b0,8,2155,True,5305,4903,102.28506309089244
2156,5e56f1e3-8103-4af1-850f-6ed3d4d645b0,8,2156,True,5336,4934,95.74262342572365
2157,5e56f1e3-8103-4af1-850f-6ed3d4d645b0,8,2157,True,5371,4969,99.89307739550895
2158,5e56f1e3-8103-4af1-850f-6ed3d4d645b0,8,2158,True,5401,4999,99.93883208532043
2159,5e56f1e3-8103-4af1-850f-6ed3d4d645b0,8,2159,True,5436,5034,92.90256052052337
2160,5e56f1e3-8103-4af1-850f-6ed3d4d645b0,8,2160,True,5474,5072,93.3845310571578
2161,5e56f1e3-8103-4af1-850f-6ed3d4d645b0,8,2161,True,5495,5093,97.65975220330893
2162,5e56f1e3-8103-4af1-850f-6ed3d4d645b0,8,2162,True,5525,5123,97.5623198407493
2163,5e56f1e3-8103-4af1-850f-6ed3d4d645b0,8,2163,True,5551,5149,113.74541686255452
2164,5e56f1e3-8103-4af1-850f-6ed3d4d645b0,8,2164,True,5583,5181,104.75542034524824
2165,5e56f1e3-8103-4af1-850f-6ed3d4d645b0,8,2165,True,5611,5209,108.57383154222043
2166,5e56f1e3-8103-4af1-850f-6ed3d4d645b0,8,2166,True,5649,5247,112.79573972482831
2167,5e56f1e3-8103-4af1-850f-6ed3d4d645b0,8,2167,True,5675,5273,114.58951151735255
2168,5e56f1e3-8103-4af1-850f-6ed3d4d645b0,8,2168,True,5703,5301,107.2622776678345
2169,5e56f1e3-8103-4af1-850f-6ed3d4d645b0,8,2169,True,5734,5332,92.63963899221926
2170,5e56f1e3-8103-4af1-850f-6ed3d4d645b0,8,2170,True,5759,5357,90.70793833132575
2171,5e56f1e3-8103-4af1-850f-6ed3d4d645b0,8,2171,True,5801,5399,102.25644993368769
2172,5e56f1e3-8103-4af1-850f-6ed3d4d645b0,8,2172,True,5832,5430,100.98127050860785
2173,5e56f1e3-8103-4af1-850f-6ed3d4d645b0,8,2173,True,5854,5452,101.3149723909246
2174,5e56f1e3-8103-4af1-850f-6ed3d4d645b0,8,2174,True,5881,5479,115.8368037868895
2175,5e56f1e3-8103-4af1-850f-6ed3d4d645b0,8,2175,True,5898,5496,119.40561089538369
2176,5e56f1e3-8103-4af1-850f-6ed3d4d645b0,8,2176,True,5934,5532,112.81037511443355
2177,5e56f1e3-8103-4af1-850f-6ed3d4d645b0,8,2177,True,5965,5563,133.70385581126993
2178,5e56f1e3-8103-4af1-850f-6ed3d4d645b0,8,2178,True,5995,5593,120.4130943320215
2179,5e56f1e3-8103-4af1-850f-6ed3d4d645b0,8,2179,True,6031,5629,123.84036224846113
2180,5e56f1e3-8103-4af1-850f-6ed3d4d645b0,8,2180,True,6061,5659,113.44980730872885
2181,5e56f1e3-8103-4af1-850f-6ed3d4d645b0,8,2181,True,6092,5690,112.80005876876203
2182,5e56f1e3-8103-4af1-850f-6ed3d4d645b0,8,2182,True,6120,5718,102.18219511083498
2183,5e56f1e3-8103-4af1-850f-6ed3d4d645b0,8,2183,True,6151,5749,163.7282682355226
2184,5e56f1e3-8103-4af1-850f-6ed3d4d645b0,8,2184,True,6175,5773,118.02410670575046
2185,5e56f1e3-8103-4af1-850f-6ed3d4d645b0,8,2185,True,6202,5800,153.20337916910375
2186,5e56f1e3-8103-4af1-850f-6ed3d4d645b0,8,2186,True,6224,5822,109.9272554230065
2187,5e56f1e3-8103-4af1-850f-6ed3d4d645b0,8,2187,True,6254,5852,169.34115375085184
2188,5e56f1e3-8103-4af1-850f-6ed3d4d645b0,8,2188,True,6281,5879,161.87173131238796
2189,5e56f1e3-8103-4af1-850f-6ed3d4d645b0,8,2189,True,6303,5901,185.1368911597101
2190,5e56f1e3-8103-4af1-850f-6ed3d4d645b0,8,2190,True,6331,5929,178.76429128787913
2191,5e56f1e3-8103-4af1-850f-6ed3d4d645b0,8,2191,True,6371,5969,214.8863392110079
2192,5e56f1e3-8103-4af1-850f-6ed3d4d645b0,8,2192,True,6393,5991,148.38309396619206
2193,5e56f1e3-8103-4af1-850f-6ed3d4d645b0,8,2193,True,6423,6021,139.94180153794605
2194,5e56f1e3-8103-4af1-850f-6ed3d4d645b0,8,2194,True,6451,6049,153.90836035841858
2195,5e56f1e3-8103-4af1-850f-6ed3d4d645b0,8,2195,True,6483,6081,142.23869123079476
2196,5e56f1e3-8103-4af1-850f-6ed3d4d645b0,8,2196,True,6521,6119,127.16228192408107
2197,5e56f1e3-8103-4af1-850f-6ed3d4d645b0,8,2197,True,6554,6152,116.58617426146338
2198,5e56f1e3-8103-4af1-850f-6ed3d4d645b0,8,2198,True,6586,6184,145.92864473064037
2199,5e56f1e3-8103-4af1-850f-6ed3d4d645b0,8,2199,True,6619,6217,131.74019511729512
2200,5e56f1e3-8103-4af1-850f-6ed3d4d645b0,8,2200,True,6655,6253,115.3514422656117
2201,5e56f1e3-8103-4af1-850f-6ed3d4d645b0,8,2201,True,6684,6282,116.1701898551919
2202,5e56f1e3-8103-4af1-850f-6ed3d4d645b0,8,2202,True,6714,6312,106.52292278126242
2203,5e56f1e3-8103-4af1-850f-6ed3d4d645b0,8,2203,True,6745,6343,95.06168249041093
2204,5e56f1e3-8103-4af1-850f-6ed3d4d645b0,8,2204,True,6777,6375,93.80117100161533
2205,5e56f1e3-8103-4af1-850f-6ed3d4d645b0,8,2205,True,6814,6412,78.87164293143724
2206,5e56f1e3-8103-4af1-850f-6ed3d4d645b0,8,2206,True,6840,6438,89.1812675648016
2207,5e56f1e3-8103-4af1-850f-6ed3d4d645b0,8,2207,True,6867,6465,93.80063705912289
2208,5e56f1e3-8103-4af1-850f-6ed3d4d645b0,8,2208,True,6901,6499,98.04229300086718
2209,5e56f1e3-8103-4af1-850f-6ed3d4d645b0,8,2209,True,6933,6531,97.39061313240472
2210,5e56f1e3-8103-4af1-850f-6ed3d4d645b0,8,2210,True,6957,6555,94.39741872625473
2211,5e56f1e3-8103-4af1-850f-6ed3d4d645b0,8,2211,True,6995,6593,100.60934440586789
2212,5e56f1e3-8103-4af1-850f-6ed3d4d645b0,8,2212,True,7030,6628,94.81200283414819
2213,5e56f1e3-8103-4af1-850f-6ed3d4d645b0,8,2213,True,7052,6650,94.39161906207482
2214,5e56f1e3-8103-4af1-850f-6ed3d4d645b0,8,2214,True,7081,6679,95.85702401783965
2215,5e56f1e3-8103-4af1-850f-6ed3d4d645b0,8,2215,True,7126,6724,93.54100090884822
2216,5e56f1e3-8103-4af1-850f-6ed3d4d645b0,8,2216,True,7155,6753,84.11011772456823
2217,5e56f1e3-8103-4af1-850f-6ed3d4d645b0,8,2217,True,7202,6800,92.3252358110567
2218,5e56f1e3-8103-4af1-850f-6ed3d4d645b0,8,2218,True,7230,6828,88.53124074000698
2219,5e56f1e3-8103-4af1-850f-6ed3d4d645b0,8,2219,True,7264,6862,96.01461039562673
2220,5e56f1e3-8103-4af1-850f-6ed3d4d645b0,8,2220,True,7299,6897,94.17178100012461
2221,5e56f1e3-8103-4af1-850f-6ed3d4d645b0,8,2221,True,7318,6916,93.32197933466159
2222,5e56f1e3-8103-4af1-850f-6ed3d4d645b0,8,2222,True,7347,6945,112.94334465719294
2223,5e56f1e3-8103-4af1-850f-6ed3d4d645b0,8,2223,True,7378,6976,102.99934661006682
2224,5e56f1e3-8103-4af1-850f-6ed3d4d645b0,8,2224,True,7404,7002,97.865630231051
2225,5e56f1e3-8103-4af1-850f-6ed3d4d645b0,8,2225,True,7434,7032,98.58144241714308
2226,5e56f1e3-8103-4af1-850f-6ed3d4d645b0,8,2226,True,7468,7066,91.9690119520892
2227,5e56f1e3-8103-4af1-850f-6ed3d4d645b0,8,2227,True,7501,7099,93.31728061923786
2228,5e56f1e3-8103-4af1-850f-6ed3d4d645b0,8,2228,True,7535,7133,88.6737731543426
2229,5e56f1e3-8103-4af1-850f-6ed3d4d645b0,8,2229,True,7568,7166,88.97403320183821
2230,5e56f1e3-8103-4af1-850f-6ed3d4d645b0,8,2230,True,7594,7192,90.6943884506818
2231,5e56f1e3-8103-4af1-850f-6ed3d4d645b0,8,2231,True,7625,7223,87.89317759871119
2232,5e56f1e3-8103-4af1-850f-6ed3d4d645b0,8,2232,True,7646,7244,108.1930261699672
2233,5e56f1e3-8103-4af1-850f-6ed3d4d645b0,8,2233,True,7675,7273,109.31378873440735
2234,5e56f1e3-8103-4af1-850f-6ed3d4d645b0,8,2234,True,7707,7305,112.1035451677144
2235,5e56f1e3-8103-4af1-850f-6ed3d4d645b0,8,2235,True,7735,7333,111.13595511694894
2236,5e56f1e3-8103-4af1-850f-6ed3d4d645b0,8,2236,True,7761,7359,148.28995682794448
2237,5e56f1e3-8103-4af1-850f-6ed3d4d645b0,8,2237,True,7796,7394,146.08351746898006
2238,5e56f1e3-8103-4af1-850f-6ed3d4d645b0,8,2238,True,7825,7423,141.43772371255363
2239,5e56f1e3-8103-4af1-850f-6ed3d4d645b0,8,2239,True,7862,7460,130.52849076684834
2240,5e56f1e3-8103-4af1-850f-6ed3d4d645b0,8,2240,True,7883,7481,149.67910578805004
2241,5e56f1e3-8103-4af1-850f-6ed3d4d645b0,8,2241,True,7910,7508,142.39940710869178
2242,5e56f1e3-8103-4af1-850f-6ed3d4d645b0,8,2242,True,7948,7546,125.6240878263643
2243,5e56f1e3-8103-4af1-850f-6ed3d4d645b0,8,2243,True,7982,7580,131.65172846914265
2244,5e56f1e3-8103-4af1-850f-6ed3d4d645b0,8,2244,True,8002,7600,144.35794740800884
2245,5e56f1e3-8103-4af1-850f-6ed3d4d645b0,8,2245,True,8030,7628,136.8471817716818
2246,5e56f1e3-8103-4af1-850f-6ed3d4d645b0,8,2246,True,8066,7664,118.89720216317255
2247,5e56f1e3-8103-4af1-850f-6ed3d4d645b0,8,2247,True,8103,7701,113.77141332033261
2248,5e56f1e3-8103-4af1-850f-6ed3d4d645b0,8,2248,True,8133,7731,158.1933964275022
2249,5e56f1e3-8103-4af1-850f-6ed3d4d645b0,8,2249,True,8159,7757,107.86401707405821
2250,5e56f1e3-8103-4af1-850f-6ed3d4d645b0,8,2250,True,8192,7790,124.37980538894499
2251,5e56f1e3-8103-4af1-850f-6ed3d4d645b0,8,2251,True,8217,7815,125.37984593816145
2252,5e56f1e3-8103-4af1-850f-6ed3d4d645b0,8,2252,True,8249,7847,146.05818781835296
2253,5e56f1e3-8103-4af1-850f-6ed3d4d645b0,8,2253,True,8280,7878,133.46547661216937
2254,5e56f1e3-8103-4af1-850f-6ed3d4d645b0,8,2254,True,8312,7910,123.23746370448043
2255,5e56f1e3-8103-4af1-850f-6ed3d4d645b0,8,2255,True,8344,7942,118.14755374852393
2256,5e56f1e3-8103-4af1-850f-6ed3d4d645b0,8,2256,True,8375,7973,110.33625368243611
2257,5e56f1e3-8103-4af1-850f-6ed3d4d645b0,8,2257,True,8401,7999,127.75074667139324
2258,5e56f1e3-8103-4af1-850f-6ed3d4d645b0,8,2258,True,8429,8027,120.56989253286156
2259,5e56f1e3-8103-4af1-850f-6ed3d4d645b0,8,2259,True,8460,8058,128.9445037906371
2260,5e56f1e3-8103-4af1-850f-6ed3d4d645b0,8,2260,True,8487,8085,124.12332947773211
2261,5e56f1e3-8103-4af1-850f-6ed3d4d645b0,8,2261,True,8525,8123,112.27361365856996
2262,5e56f1e3-8103-4af1-850f-6ed3d4d645b0,8,2262,True,8548,8146,116.40395239456484
2263,5e56f1e3-8103-4af1-850f-6ed3d4d645b0,8,2263,True,8585,8183,117.01630792835567
2264,5e56f1e3-8103-4af1-850f-6ed3d4d645b0,8,2264,True,8608,8206,112.88427246120409
2265,5e56f1e3-8103-4af1-850f-6ed3d4d645b0,8,2265,True,8645,8243,108.45451126993976
2266,5e56f1e3-8103-4af1-850f-6ed3d4d645b0,8,2266,True,8679,8277,115.64967180926214
2267,5e56f1e3-8103-4af1-850f-6ed3d4d645b0,8,2267,True,8711,8309,169.41625534976993
2268,5e56f1e3-8103-4af1-850f-6ed3d4d645b0,8,2268,True,8745,8343,114.20356884499051
2269,5e56f1e3-8103-4af1-850f-6ed3d4d645b0,8,2269,True,8775,8373,128.04588628197234
2270,5e56f1e3-8103-4af1-850f-6ed3d4d645b0,8,2270,True,8807,8405,119.65909818994805
2271,5e56f1e3-8103-4af1-850f-6ed3d4d645b0,8,2271,True,8841,8439,107.25250826992306
2272,5e56f1e3-8103-4af1-850f-6ed3d4d645b0,8,2272,True,8866,8464,102.44147332087414
2273,5e56f1e3-8103-4af1-850f-6ed3d4d645b0,8,2273,True,8898,8496,95.67708286544621
2274,5e56f1e3-8103-4af1-850f-6ed3d4d645b0,8,2274,True,8921,8519,112.08625825690069
2275,5e56f1e3-8103-4af1-850f-6ed3d4d645b0,8,2275,True,8959,8557,97.38236541963124
2276,5e56f1e3-8103-4af1-850f-6ed3d4d645b0,8,2276,True,8992,8590,143.25807530040038
2277,5e56f1e3-8103-4af1-850f-6ed3d4d645b0,8,2277,True,9015,8613,139.04251068961094
2278,5e56f1e3-8103-4af1-850f-6ed3d4d645b0,8,2278,True,9042,8640,130.0541437642496
2279,5e56f1e3-8103-4af1-850f-6ed3d4d645b0,8,2279,True,9069,8667,127.9398491494776
2280,5e56f1e3-8103-4af1-850f-6ed3d4d645b0,8,2280,True,9112,8710,115.87799687032566
2281,5e56f1e3-8103-4af1-850f-6ed3d4d645b0,8,2281,True,9150,8748,107.47910515861622
2282,5e56f1e3-8103-4af1-850f-6ed3d4d645b0,8,2282,True,9173,8771,106.36616769523971
2283,5e56f1e3-8103-4af1-850f-6ed3d4d645b0,8,2283,True,9200,8798,112.58128052380016
2284,5e56f1e3-8103-4af1-850f-6ed3d4d645b0,8,2284,True,9227,8825,117.13808054372385
2285,5e56f1e3-8103-4af1-850f-6ed3d4d645b0,8,2285,True,9269,8867,103.43781513495196
2286,5e56f1e3-8103-4af1-850f-6ed3d4d645b0,8,2286,True,9304,8902,102.66244115546033
2287,5e56f1e3-8103-4af1-850f-6ed3d4d645b0,8,2287,True,9355,8953,101.11038628210372
2288,5e56f1e3-8103-4af1-850f-6ed3d4d645b0,8,2288,True,9392,8990,96.15879103791485
2289,5e56f1e3-8103-4af1-850f-6ed3d4d645b0,8,2289,True,9426,9024,92.62304836665135
2290,5e56f1e3-8103-4af1-850f-6ed3d4d645b0,8,2290,True,9466,9064,88.78179093867766
2291,5e56f1e3-8103-4af1-850f-6ed3d4d645b0,8,2291,True,9503,9101,83.16994893715128
2292,5e56f1e3-8103-4af1-850f-6ed3d4d645b0,8,2292,True,9534,9132,82.9802005133115
2293,5e56f1e3-8103-4af1-850f-6ed3d4d645b0,8,2293,True,9564,9162,89.29718639097882
2294,5e56f1e3-8103-4af1-850f-6ed3d4d645b0,8,2294,True,9605,9203,107.64204716456697
2295,5e56f1e3-8103-4af1-850f-6ed3d4d645b0,8,2295,True,9633,9231,97.40792057378712
2296,5e56f1e3-8103-4af1-850f-6ed3d4d645b0,8,2296,True,9662,9260,102.31847709756767
2297,5e56f1e3-8103-4af1-850f-6ed3d4d645b0,8,2297,True,9691,9289,98.09096978397974
2298,5e56f1e3-8103-4af1-850f-6ed3d4d645b0,8,2298,True,9725,9323,83.66782246842013
2299,5e56f1e3-8103-4af1-850f-6ed3d4d645b0,8,2299,True,9752,9350,100.15250410477347
2300,5e56f1e3-8103-4af1-850f-6ed3d4d645b0,8,2300,True,9776,9374,100.2086572394528
2301,5e56f1e3-8103-4af1-850f-6ed3d4d645b0,8,2301,True,9806,9404,100.46706416559391
2302,5e56f1e3-8103-4af1-850f-6ed3d4d645b0,8,2302,True,9827,9425,100.91152285441785
2303,5e56f1e3-8103-4af1-850f-6ed3d4d645b0,8,2303,True,9864,9462,119.05825607982479
2304,5e56f1e3-8103-4af1-850f-6ed3d4d645b0,8,2304,True,9894,9492,107.05321204153006
2305,5e56f1e3-8103-4af1-850f-6ed3d4d645b0,8,2305,True,9933,9531,92.8845229248509
2306,5e56f1e3-8103-4af1-850f-6ed3d4d645b0,8,2306,True,9965,9563,87.8693130654683
2307,5e56f1e3-8103-4af1-850f-6ed3d4d645b0,8,2307,True,9988,9586,95.03423326854136
2308,5e56f1e3-8103-4af1-850f-6ed3d4d645b0,8,2308,True,10025,9623,94.72133303354713
2309,5e56f1e3-8103-4af1-850f-6ed3d4d645b0,8,2309,True,10055,9653,93.8644269815104
2310,5e56f1e3-8103-4af1-850f-6ed3d4d645b0,8,2310,True,10087,9685,105.26256176989045
2311,5e56f1e3-8103-4af1-850f-6ed3d4d645b0,8,2311,True,10123,9721,91.01746628467481
2312,5e56f1e3-8103-4af1-850f-6ed3d4d645b0,8,2312,True,10148,9746,115.854381711315
2313,5e56f1e3-8103-4af1-850f-6ed3d4d645b0,8,2313,True,10173,9771,141.62144880943015
2314,5e56f1e3-8103-4af1-850f-6ed3d4d645b0,8,2314,True,10206,9804,137.40678790789752
2315,5e56f1e3-8103-4af1-850f-6ed3d4d645b0,8,2315,True,10238,9836,126.54822665625215
2316,5e56f1e3-8103-4af1-850f-6ed3d4d645b0,8,2316,True,10266,9864,117.46573703121248
2317,5e56f1e3-8103-4af1-850f-6ed3d4d645b0,8,2317,True,10299,9897,111.74925527373853
2318,5e56f1e3-8103-4af1-850f-6ed3d4d645b0,8,2318,True,10332,9930,103.78078993199597
2319,5e56f1e3-8103-4af1-850f-6ed3d4d645b0,8,2319,True,10367,9965,105.34170799150343
2320,5e56f1e3-8103-4af1-850f-6ed3d4d645b0,8,2320,True,10393,9991,96.98170639505952
2321,5e56f1e3-8103-4af1-850f-6ed3d4d645b0,8,2321,True,10417,10015,104.99735056278405
2322,5e56f1e3-8103-4af1-850f-6ed3d4d645b0,8,2322,True,10451,10049,111.35264831114
2323,5e56f1e3-8103-4af1-850f-6ed3d4d645b0,8,2323,True,10476,10074,107.2922637456777
2324,5e56f1e3-8103-4af1-850f-6ed3d4d645b0,8,2324,True,10513,10111,103.95746361238889
2325,5e56f1e3-8103-4af1-850f-6ed3d4d645b0,8,2325,True,10546,10144,162.97298744070395
2326,5e56f1e3-8103-4af1-850f-6ed3d4d645b0,8,2326,True,10566,10164,123.32075127278404
2327,5e56f1e3-8103-4af1-850f-6ed3d4d645b0,8,2327,True,10604,10202,126.08677577910385
2328,5e56f1e3-8103-4af1-850f-6ed3d4d645b0,8,2328,True,10638,10236,113.34376596172478
2329,5e56f1e3-8103-4af1-850f-6ed3d4d645b0,8,2329,True,10683,10281,91.56916500136685
2330,5e56f1e3-8103-4af1-850f-6ed3d4d645b0,8,2330,True,10716,10314,107.59408567287028
2331,5e56f1e3-8103-4af1-850f-6ed3d4d645b0,8,2331,True,10751,10349,116.46153976742607
2332,5e56f1e3-8103-4af1-850f-6ed3d4d645b0,8,2332,True,10777,10375,108.08955179392433
2333,5e56f1e3-8103-4af1-850f-6ed3d4d645b0,8,2333,True,10818,10416,106.04013770859638
2334,5e56f1e3-8103-4af1-850f-6ed3d4d645b0,8,2334,True,10842,10440,103.40536341642473
2335,5e56f1e3-8103-4af1-850f-6ed3d4d645b0,8,2335,True,10873,10471,100.27427683245514
2336,5e56f1e3-8103-4af1-850f-6ed3d4d645b0,8,2336,True,10897,10495,98.12792548505604
2337,5e56f1e3-8103-4af1-850f-6ed3d4d645b0,8,2337,True,10923,10521,118.13722262372539
2338,5e56f1e3-8103-4af1-850f-6ed3d4d645b0,8,2338,True,10957,10555,119.06957910967685
2339,5e56f1e3-8103-4af1-850f-6ed3d4d645b0,8,2339,True,10993,10591,111.8160917310488
2340,5e56f1e3-8103-4af1-850f-6ed3d4d645b0,8,2340,True,11023,10621,110.98770963831703
2341,5e56f1e3-8103-4af1-850f-6ed3d4d645b0,8,2341,True,11051,10649,102.34484761518797
2342,5e56f1e3-8103-4af1-850f-6ed3d4d645b0,8,2342,True,11083,10681,97.65109996780302
2343,5e56f1e3-8103-4af1-850f-6ed3d4d645b0,8,2343,True,11124,10722,88.36414093263556
2344,5e56f1e3-8103-4af1-850f-6ed3d4d645b0,8,2344,True,11164,10762,100.19327221394269
2345,5e56f1e3-8103-4af1-850f-6ed3d4d645b0,8,2345,True,11194,10792,91.13019286694544
2346,5e56f1e3-8103-4af1-850f-6ed3d4d645b0,8,2346,True,11228,10826,100.99238898799558
2347,5e56f1e3-8103-4af1-850f-6ed3d4d645b0,8,2347,True,11253,10851,95.66600217179439
2348,5e56f1e3-8103-4af1-850f-6ed3d4d645b0,8,2348,True,11275,10873,95.11094834707364
2349,5e56f1e3-8103-4af1-850f-6ed3d4d645b0,8,2349,True,11298,10896,107.93489304525974
2350,5e56f1e3-8103-4af1-850f-6ed3d4d645b0,8,2350,True,11335,10933,103.59823240604419
2351,5e56f1e3-8103-4af1-850f-6ed3d4d645b0,8,2351,True,11359,10957,106.62868042427726
2352,5e56f1e3-8103-4af1-850f-6ed3d4d645b0,8,2352,True,11385,10983,102.39780565880392
2353,5e56f1e3-8103-4af1-850f-6ed3d4d645b0,8,2353,True,11422,11020,116.27197399624129
2354,5e56f1e3-8103-4af1-850f-6ed3d4d645b0,8,2354,True,11456,11054,107.47995382303634
2355,5e56f1e3-8103-4af1-850f-6ed3d4d645b0,8,2355,True,11490,11088,96.68636001405866
2356,5e56f1e3-8103-4af1-850f-6ed3d4d645b0,8,2356,True,11523,11121,103.43411639220176
2357,5e56f1e3-8103-4af1-850f-6ed3d4d645b0,8,2357,True,11562,11160,90.4279800020704
2358,5e56f1e3-8103-4af1-850f-6ed3d4d645b0,8,2358,True,11587,11185,96.8974165603122
2359,5e56f1e3-8103-4af1-850f-6ed3d4d645b0,8,2359,True,11614,11212,99.53504732428883
2360,5e56f1e3-8103-4af1-850f-6ed3d4d645b0,8,2360,True,11637,11235,104.21316641488374
2361,5e56f1e3-8103-4af1-850f-6ed3d4d645b0,8,2361,True,11677,11275,100.93815049990371
2362,5e56f1e3-8103-4af1-850f-6ed3d4d645b0,8,2362,True,11710,11308,97.20669734542935
2363,5e56f1e3-8103-4af1-850f-6ed3d4d645b0,8,2363,True,11740,11338,94.20344510200084
2364,5e56f1e3-8103-4af1-850f-6ed3d4d645b0,8,2364,True,11783,11381,93.85449325338413
2365,5e56f1e3-8103-4af1-850f-6ed3d4d645b0,8,2365,True,11822,11420,82.06685002495215
2366,5e56f1e3-8103-4af1-850f-6ed3d4d645b0,8,2366,True,11849,11447,86.1145267064694
2367,5e56f1e3-8103-4af1-850f-6ed3d4d645b0,8,2367,True,11882,11480,81.66396699757206
2368,5e56f1e3-8103-4af1-850f-6ed3d4d645b0,8,2368,True,11909,11507,88.97840604710473
2369,5e56f1e3-8103-4af1-850f-6ed3d4d645b0,8,2369,True,11942,11540,90.56021888072246
2370,5e56f1e3-8103-4af1-850f-6ed3d4d645b0,8,2370,True,11979,11577,97.95125665647174
2371,5e56f1e3-8103-4af1-850f-6ed3d4d645b0,8,2371,True,12013,11611,89.49741721714236
2372,5e56f1e3-8103-4af1-850f-6ed3d4d645b0,8,2372,True,12046,11644,94.17920984434386
2373,5e56f1e3-8103-4af1-850f-6ed3d4d645b0,8,2373,True,12073,11671,100.53821228875859
2374,5e56f1e3-8103-4af1-850f-6ed3d4d645b0,8,2374,True,12100,11698,96.29129007337178
2375,5e56f1e3-8103-4af1-850f-6ed3d4d645b0,8,2375,True,12131,11729,91.70506713545001
2376,5e56f1e3-8103-4af1-850f-6ed3d4d645b0,8,2376,True,12177,11775,78.32464855945727
2377,5e56f1e3-8103-4af1-850f-6ed3d4d645b0,8,2377,True,12205,11803,90.48166183366811
2378,5e56f1e3-8103-4af1-850f-6ed3d4d645b0,8,2378,True,12232,11830,87.50384876814496
2379,5e56f1e3-8103-4af1-850f-6ed3d4d645b0,8,2379,True,12261,11859,109.31966199161616
2380,5e56f1e3-8103-4af1-850f-6ed3d4d645b0,8,2380,True,12290,11888,104.93110692869777
2381,5e56f1e3-8103-4af1-850f-6ed3d4d645b0,8,2381,True,12323,11921,95.95242748401506
2382,5e56f1e3-8103-4af1-850f-6ed3d4d645b0,8,2382,True,12360,11958,83.25012430863535
2383,5e56f1e3-8103-4af1-850f-6ed3d4d645b0,8,2383,True,12381,11979,101.27875540364403
2384,5e56f1e3-8103-4af1-850f-6ed3d4d645b0,8,2384,True,12404,12002,98.43587403249876
2385,5e56f1e3-8103-4af1-850f-6ed3d4d645b0,8,2385,True,12445,12043,93.98962957338154
2386,5e56f1e3-8103-4af1-850f-6ed3d4d645b0,8,2386,True,12483,12081,86.34835617908902
2387,5e56f1e3-8103-4af1-850f-6ed3d4d645b0,8,2387,True,12518,12116,97.20874022225871
2388,5e56f1e3-8103-4af1-850f-6ed3d4d645b0,8,2388,True,12543,12141,89.52543357178365
2389,5e56f1e3-8103-4af1-850f-6ed3d4d645b0,8,2389,True,12576,12174,90.28490259320824
2390,5e56f1e3-8103-4af1-850f-6ed3d4d645b0,8,2390,True,12605,12203,82.38693235456412
2391,5e56f1e3-8103-4af1-850f-6ed3d4d645b0,8,2391,True,12642,12240,111.91932715583607
2392,5e56f1e3-8103-4af1-850f-6ed3d4d645b0,8,2392,True,12679,12277,107.38191886086861
2393,5e56f1e3-8103-4af1-850f-6ed3d4d645b0,8,2393,True,12718,12316,102.9717569935965
2394,5e56f1e3-8103-4af1-850f-6ed3d4d645b0,8,2394,True,12751,12349,98.74539744600042
2395,5e56f1e3-8103-4af1-850f-6ed3d4d645b0,8,2395,True,12781,12379,94.00567562567448
2396,5e56f1e3-8103-4af1-850f-6ed3d4d645b0,8,2396,True,12803,12401,111.652329909115
2397,5e56f1e3-8103-4af1-850f-6ed3d4d645b0,8,2397,True,12842,12440,95.31885787004103
2398,5e56f1e3-8103-4af1-850f-6ed3d4d645b0,8,2398,True,12868,12466,92.2299507624175
2399,5e56f1e3-8103-4af1-850f-6ed3d4d645b0,8,2399,True,12896,12494,94.05797321940372
2400,5e56f1e3-8103-4af1-850f-6ed3d4d645b0,8,2400,True,12926,12524,93.07011554421842
2401,5e56f1e3-8103-4af1-850f-6ed3d4d645b0,8,2401,True,12950,12548,89.81505396038665
2402,5e56f1e3-8103-4af1-850f-6ed3d4d645b0,8,2402,True,12980,12578,89.78679045749595
2403,5e56f1e3-8103-4af1-850f-6ed3d4d645b0,8,2403,True,13015,12613,85.19672391104541
2404,5e56f1e3-8103-4af1-850f-6ed3d4d645b0,8,2404,True,13050,12648,76.18170680498406
2405,5e56f1e3-8103-4af1-850f-6ed3d4d645b0,8,2405,True,13087,12685,95.28871668913234
2406,5e56f1e3-8103-4af1-850f-6ed3d4d645b0,8,2406,True,13113,12711,87.98689094257315
2407,5e56f1e3-8103-4af1-850f-6ed3d4d645b0,8,2407,True,13146,12744,90.88354796983549
2408,5e56f1e3-8103-4af1-850f-6ed3d4d645b0,8,2408,True,13176,12774,84.56097756159397
2409,5e56f1e3-8103-4af1-850f-6ed3d4d645b0,8,2409,True,13214,12812,76.38504510078019
2410,5e56f1e3-8103-4af1-850f-6ed3d4d645b0,8,2410,True,13244,12842,96.49379592441437
2411,5e56f1e3-8103-4af1-850f-6ed3d4d645b0,8,2411,True,13270,12868,102.67237029740863
2412,5e56f1e3-8103-4af1-850f-6ed3d4d645b0,8,2412,True,13301,12899,95.86987541992312
2413,5e56f1e3-8103-4af1-850f-6ed3d4d645b0,8,2413,True,13333,12931,106.15106254109378
2414,5e56f1e3-8103-4af1-850f-6ed3d4d645b0,8,2414,True,13370,12968,100.11629846108735
2415,5e56f1e3-8103-4af1-850f-6ed3d4d645b0,8,2415,True,13405,13003,96.76565413048047
2416,5e56f1e3-8103-4af1-850f-6ed3d4d645b0,8,2416,True,13436,13034,92.86801178112
2417,5e56f1e3-8103-4af1-850f-6ed3d4d645b0,8,2417,True,13467,13065,84.58475658570023
2418,5e56f1e3-8103-4af1-850f-6ed3d4d645b0,8,2418,True,13508,13106,98.09549819862877
2419,5e56f1e3-8103-4af1-850f-6ed3d4d645b0,8,2419,True,13552,13150,93.46787347894679
2420,5e56f1e3-8103-4af1-850f-6ed3d4d645b0,8,2420,True,13585,13183,81.0369581834093
2421,5e56f1e3-8103-4af1-850f-6ed3d4d645b0,8,2421,True,13609,13207,89.90589858094972
2422,5e56f1e3-8103-4af1-850f-6ed3d4d645b0,8,2422,True,13632,13230,88.8970957432357
2423,5e56f1e3-8103-4af1-850f-6ed3d4d645b0,8,2423,True,13662,13260,95.23958591314477
2424,5e56f1e3-8103-4af1-850f-6ed3d4d645b0,8,2424,True,13688,13286,96.98318801509959
2425,5e56f1e3-8103-4af1-850f-6ed3d4d645b0,8,2425,True,13718,13316,90.84212335941993
2426,5e56f1e3-8103-4af1-850f-6ed3d4d645b0,8,2426,True,13753,13351,98.21808974713167
2427,5e56f1e3-8103-4af1-850f-6ed3d4d645b0,8,2427,True,13784,13382,97.15104553112906
2428,5e56f1e3-8103-4af1-850f-6ed3d4d645b0,8,2428,True,13811,13409,104.73343732864669
2429,5e56f1e3-8103-4af1-850f-6ed3d4d645b0,8,2429,True,13836,13434,100.49407311690265
2430,5e56f1e3-8103-4af1-850f-6ed3d4d645b0,8,2430,True,13863,13461,96.93769472814347
2431,5e56f1e3-8103-4af1-850f-6ed3d4d645b0,8,2431,True,13899,13497,98.36238195048645
2432,5e56f1e3-8103-4af1-850f-6ed3d4d645b0,8,2432,True,13932,13530,97.18812644783429
2433,5e56f1e3-8103-4af1-850f-6ed3d4d645b0,8,2433,True,13953,13551,91.98599377349638
2434,5e56f1e3-8103-4af1-850f-6ed3d4d645b0,8,2434,True,13982,13580,97.46960792269238
2435,5e56f1e3-8103-4af1-850f-6ed3d4d645b0,8,2435,True,14016,13614,88.37124706142822
2436,5e56f1e3-8103-4af1-850f-6ed3d4d645b0,8,2436,True,14043,13641,106.11592681615184
2437,5e56f1e3-8103-4af1-850f-6ed3d4d645b0,8,2437,True,14073,13671,108.1034587504746
2438,5e56f1e3-8103-4af1-850f-6ed3d4d645b0,8,2438,True,14120,13718,107.03278250886797
2439,5e56f1e3-8103-4af1-850f-6ed3d4d645b0,8,2439,True,14148,13746,106.07409575832207
2440,5e56f1e3-8103-4af1-850f-6ed3d4d645b0,8,2440,True,14182,13780,107.73412503853615
2441,5e56f1e3-8103-4af1-850f-6ed3d4d645b0,8,2441,True,14206,13804,140.83046081006069
2442,5e56f1e3-8103-4af1-850f-6ed3d4d645b0,8,2442,True,14242,13840,124.36898125337757
2443,5e56f1e3-8103-4af1-850f-6ed3d4d645b0,8,2443,True,14270,13868,117.64458188498975
2444,5e56f1e3-8103-4af1-850f-6ed3d4d645b0,8,2444,True,14300,13898,106.94481588298731
2445,5e56f1e3-8103-4af1-850f-6ed3d4d645b0,8,2445,True,14330,13928,99.04614592044891
2446,5e56f1e3-8103-4af1-850f-6ed3d4d645b0,8,2446,True,14361,13959,109.75881193570604
2447,5e56f1e3-8103-4af1-850f-6ed3d4d645b0,8,2447,True,14401,13999,101.3243058615335
2448,5e56f1e3-8103-4af1-850f-6ed3d4d645b0,8,2448,True,14443,14041,89.70926170959319
2449,5e56f1e3-8103-4af1-850f-6ed3d4d645b0,8,2449,True,14479,14077,84.19224406161447
2450,5e56f1e3-8103-4af1-850f-6ed3d4d645b0,8,2450,True,14507,14105,96.32404139849496
2451,5e56f1e3-8103-4af1-850f-6ed3d4d645b0,8,2451,True,14526,14124,102.648712785327
2452,5e56f1e3-8103-4af1-850f-6ed3d4d645b0,8,2452,True,14558,14156,91.23445421536599
2453,5e56f1e3-8103-4af1-850f-6ed3d4d645b0,8,2453,True,14592,14190,93.66591362024701
2454,5e56f1e3-8103-4af1-850f-6ed3d4d645b0,8,2454,True,14637,14235,95.67637616356114
2455,5e56f1e3-8103-4af1-850f-6ed3d4d645b0,8,2455,True,14661,14259,90.53785173691358
2456,5e56f1e3-8103-4af1-850f-6ed3d4d645b0,8,2456,True,14693,14291,92.87185821876665
2457,5e56f1e3-8103-4af1-850f-6ed3d4d645b0,8,2457,True,14727,14325,96.38822773063839
2458,5e56f1e3-8103-4af1-850f-6ed3d4d645b0,8,2458,True,14758,14356,106.9029630147179
2459,5e56f1e3-8103-4af1-850f-6ed3d4d645b0,8,2459,True,14779,14377,115.3090114467177
2460,5e56f1e3-8103-4af1-850f-6ed3d4d645b0,8,2460,True,14810,14408,107.54670703645388
2461,5e56f1e3-8103-4af1-850f-6ed3d4d645b0,8,2461,True,14841,14439,105.48015458484952
2462,5e56f1e3-8103-4af1-850f-6ed3d4d645b0,8,2462,True,14875,14473,97.52261935224305
2463,5e56f1e3-8103-4af1-850f-6ed3d4d645b0,8,2463,True,14914,14512,96.89295482392481
2464,5e56f1e3-8103-4af1-850f-6ed3d4d645b0,8,2464,True,14945,14543,95.30699389555048
2465,5e56f1e3-8103-4af1-850f-6ed3d4d645b0,8,2465,True,14978,14576,109.81717932633
2466,5e56f1e3-8103-4af1-850f-6ed3d4d645b0,8,2466,True,15008,14606,103.1782970958302
2467,5e56f1e3-8103-4af1-850f-6ed3d4d645b0,8,2467,True,15032,14630,107.69104034343763
2468,5e56f1e3-8103-4af1-850f-6ed3d4d645b0,8,2468,True,15064,14662,105.49882752060148
2469,5e56f1e3-8103-4af1-850f-6ed3d4d645b0,8,2469,True,15094,14692,98.5160811223468
2470,5e56f1e3-8103-4af1-850f-6ed3d4d645b0,8,2470,True,15132,14730,94.54296111883741
2471,5e56f1e3-8103-4af1-850f-6ed3d4d645b0,8,2471,True,15154,14752,92.56965426773786
2472,5e56f1e3-8103-4af1-850f-6ed3d4d645b0,8,2472,True,15193,14791,89.66881167957763
2473,5e56f1e3-8103-4af1-850f-6ed3d4d645b0,8,2473,True,15228,14826,92.20180861329027
2474,5e56f1e3-8103-4af1-850f-6ed3d4d645b0,8,2474,True,15261,14859,91.08033056909699
2475,5e56f1e3-8103-4af1-850f-6ed3d4d645b0,8,2475,True,15297,14895,96.70112065361718
2476,5e56f1e3-8103-4af1-850f-6ed3d4d645b0,8,2476,True,15331,14929,90.85595494305744
2477,5e56f1e3-8103-4af1-850f-6ed3d4d645b0,8,2477,True,15355,14953,111.20412589079751
2478,5e56f1e3-8103-4af1-850f-6ed3d4d645b0,8,2478,True,15388,14986,104.26791837178826
2479,5e56f1e3-8103-4af1-850f-6ed3d4d645b0,8,2479,True,15418,15016,105.9803151653432
2480,5e56f1e3-8103-4af1-850f-6ed3d4d645b0,8,2480,True,15453,15051,97.72878372253581
2481,5e56f1e3-8103-4af1-850f-6ed3d4d645b0,8,2481,True,15476,15074,94.18589519253146
2482,5e56f1e3-8103-4af1-850f-6ed3d4d645b0,8,2482,True,15507,15105,95.81656582591495
2483,5e56f1e3-8103-4af1-850f-6ed3d4d645b0,8,2483,True,15539,15137,102.69848948941763
2484,5e56f1e3-8103-4af1-850f-6ed3d4d645b0,8,2484,True,15577,15175,91.56183502688691
2485,5e56f1e3-8103-4af1-850f-6ed3d4d645b0,8,2485,True,15608,15206,91.40864487032377
2486,5e56f1e3-8103-4af1-850f-6ed3d4d645b0,8,2486,True,15638,15236,99.50095846025215
2487,5e56f1e3-8103-4af1-850f-6ed3d4d645b0,8,2487,True,15669,15267,95.16229939069854
2488,5e56f1e3-8103-4af1-850f-6ed3d4d645b0,8,2488,True,15696,15294,103.15174381661564
2489,5e56f1e3-8103-4af1-850f-6ed3d4d645b0,8,2489,True,15727,15325,96.37565917605207
2490,5e56f1e3-8103-4af1-850f-6ed3d4d645b0,8,2490,True,15750,15348,112.42943465183089
2491,5e56f1e3-8103-4af1-850f-6ed3d4d645b0,8,2491,True,15794,15392,109.04930463132223
2492,5e56f1e3-8103-4af1-850f-6ed3d4d645b0,8,2492,True,15819,15417,108.0395174039677
2493,5e56f1e3-8103-4af1-850f-6ed3d4d645b0,8,2493,True,15847,15445,109.80472561171882
2494,5e56f1e3-8103-4af1-850f-6ed3d4d645b0,8,2494,True,15875,15473,101.84377151561966
2495,5e56f1e3-8103-4af1-850f-6ed3d4d645b0,8,2495,True,15907,15505,92.3512391248205
2496,5e56f1e3-8103-4af1-850f-6ed3d4d645b0,8,2496,True,15937,15535,103.8636984664845
2497,5e56f1e3-8103-4af1-850f-6ed3d4d645b0,8,2497,True,15966,15564,97.66820348990768
2498,5e56f1e3-8103-4af1-850f-6ed3d4d645b0,8,2498,True,15993,15591,89.92588927183533
2499,5e56f1e3-8103-4af1-850f-6ed3d4d645b0,8,2499,True,16029,15627,89.8649992141909
2500,5e56f1e3-8103-4af1-850f-6ed3d4d645b0,8,2500,True,16064,15662,89.22140824650887
2501,5e56f1e3-8103-4af1-850f-6ed3d4d645b0,8,2501,True,16094,15692,98.4617150486065
2502,5e56f1e3-8103-4af1-850f-6ed3d4d645b0,8,2502,True,16122,15720,98.52267192935506
2503,5e56f1e3-8103-4af1-850f-6ed3d4d645b0,8,2503,True,16148,15746,99.91202261289436
2504,5e56f1e3-8103-4af1-850f-6ed3d4d645b0,8,2504,True,16174,15772,105.95200616563307
2505,5e56f1e3-8103-4af1-850f-6ed3d4d645b0,8,2505,True,16203,15801,111.70841565934825
2506,5e56f1e3-8103-4af1-850f-6ed3d4d645b0,8,2506,True,16231,15829,117.84190516360104
2507,5e56f1e3-8103-4af1-850f-6ed3d4d645b0,8,2507,True,16255,15853,114.31898524919052
2508,5e56f1e3-8103-4af1-850f-6ed3d4d645b0,8,2508,True,16286,15884,106.08013402723554
2509,5e56f1e3-8103-4af1-850f-6ed3d4d645b0,8,2509,True,16327,15925,119.44387264863872
2510,5e56f1e3-8103-4af1-850f-6ed3d4d645b0,8,2510,True,16354,15952,115.43012137714322
2511,5e56f1e3-8103-4af1-850f-6ed3d4d645b0,8,2511,True,16381,15979,111.90273502531636
2512,5e56f1e3-8103-4af1-850f-6ed3d4d645b0,8,2512,True,16400,15998,115.85137945192218
2513,5e56f1e3-8103-4af1-850f-6ed3d4d645b0,8,2513,True,16431,16029,105.52255986299133
2514,5e56f1e3-8103-4af1-850f-6ed3d4d645b0,8,2514,True,16455,16053,112.7691823403402
2515,5e56f1e3-8103-4af1-850f-6ed3d4d645b0,8,2515,True,16484,16082,106.87852398508767
2516,5e56f1e3-8103-4af1-850f-6ed3d4d645b0,8,2516,True,16516,16114,118.16131140095786
2517,5e56f1e3-8103-4af1-850f-6ed3d4d645b0,8,2517,True,16546,16144,118.25039739264503
2518,5e56f1e3-8103-4af1-850f-6ed3d4d645b0,8,2518,True,16579,16177,123.54072376656222
2519,5e56f1e3-8103-4af1-850f-6ed3d4d645b0,8,2519,True,16610,16208,114.0831107304457
2520,5e56f1e3-8103-4af1-850f-6ed3d4d645b0,8,2520,True,16646,16244,133.94438836378504
2521,5e56f1e3-8103-4af1-850f-6ed3d4d645b0,8,2521,True,16677,16275,123.02450336408947
2522,5e56f1e3-8103-4af1-850f-6ed3d4d645b0,8,2522,True,16710,16308,143.80113239388083
2523,5e56f1e3-8103-4af1-850f-6ed3d4d645b0,8,2523,True,16729,16327,142.41318043866704
2524,5e56f1e3-8103-4af1-850f-6ed3d4d645b0,8,2524,True,16754,16352,137.65903017608798
2525,5e56f1e3-8103-4af1-850f-6ed3d4d645b0,8,2525,True,16789,16387,126.89374307002436
2526,5e56f1e3-8103-4af1-850f-6ed3d4d645b0,8,2526,True,16813,16411,136.36585535054473
2527,5e56f1e3-8103-4af1-850f-6ed3d4d645b0,8,2527,True,16838,16436,128.9230153967219
2528,5e56f1e3-8103-4af1-850f-6ed3d4d645b0,8,2528,True,16865,16463,160.1927312708467
2529,5e56f1e3-8103-4af1-850f-6ed3d4d645b0,8,2529,True,16892,16490,105.61139189454116
2530,5e56f1e3-8103-4af1-850f-6ed3d4d645b0,8,2530,True,16911,16509,141.3942489058354
2531,5e56f1e3-8103-4af1-850f-6ed3d4d645b0,8,2531,True,16942,16540,192.28696690284778
2532,5e56f1e3-8103-4af1-850f-6ed3d4d645b0,8,2532,True,16974,16572,139.0271783210992
2533,5e56f1e3-8103-4af1-850f-6ed3d4d645b0,8,2533,True,17000,16598,190.0522583284037
2534,5e56f1e3-8103-4af1-850f-6ed3d4d645b0,8,2534,True,17033,16631,130.2666944749617
2535,5e56f1e3-8103-4af1-850f-6ed3d4d645b0,8,2535,True,17069,16667,169.47677531088993
2536,5e56f1e3-8103-4af1-850f-6ed3d4d645b0,8,2536,True,17093,16691,127.12353144010558
2537,5e56f1e3-8103-4af1-850f-6ed3d4d645b0,8,2537,True,17128,16726,138.25344503851375
2538,5e56f1e3-8103-4af1-850f-6ed3d4d645b0,8,2538,True,17162,16760,125.02464396324649
2539,5e56f1e3-8103-4af1-850f-6ed3d4d645b0,8,2539,True,17189,16787,127.02497401023356
2540,5e56f1e3-8103-4af1-850f-6ed3d4d645b0,8,2540,True,17215,16813,122.9827717664266
2541,5e56f1e3-8103-4af1-850f-6ed3d4d645b0,8,2541,True,17250,16848,113.05917730309375
2542,5e56f1e3-8103-4af1-850f-6ed3d4d645b0,8,2542,True,17291,16889,102.88640351851063
2543,5e56f1e3-8103-4af1-850f-6ed3d4d645b0,8,2543,True,17318,16916,116.9514942346832
2544,5e56f1e3-8103-4af1-850f-6ed3d4d645b0,8,2544,True,17348,16946,112.90414137289554
2545,5e56f1e3-8103-4af1-850f-6ed3d4d645b0,8,2545,True,17379,16977,140.22616657036633
2546,5e56f1e3-8103-4af1-850f-6ed3d4d645b0,8,2546,True,17409,17007,133.30340155410522
2547,5e56f1e3-8103-4af1-850f-6ed3d4d645b0,8,2547,True,17445,17043,163.95530030132795
2548,5e56f1e3-8103-4af1-850f-6ed3d4d645b0,8,2548,True,17470,17068,118.27294721798171
2549,5e56f1e3-8103-4af1-850f-6ed3d4d645b0,8,2549,True,17499,17097,132.34735806840763
2550,5e56f1e3-8103-4af1-850f-6ed3d4d645b0,8,2550,True,17536,17134,116.22354438637558
2551,5e56f1e3-8103-4af1-850f-6ed3d4d645b0,8,2551,True,17561,17159,110.42634870982147
2552,5e56f1e3-8103-4af1-850f-6ed3d4d645b0,8,2552,True,17584,17182,106.08589984208447
2553,5e56f1e3-8103-4af1-850f-6ed3d4d645b0,8,2553,True,17620,17218,96.18045063811223
2554,5e56f1e3-8103-4af1-850f-6ed3d4d645b0,8,2554,True,17652,17250,96.36709955144397
2555,5e56f1e3-8103-4af1-850f-6ed3d4d645b0,8,2555,True,17684,17282,99.52601564771976
2556,5e56f1e3-8103-4af1-850f-6ed3d4d645b0,8,2556,True,17713,17311,116.32810175668419
2557,5e56f1e3-8103-4af1-850f-6ed3d4d645b0,8,2557,True,17747,17345,104.34160528999928
2558,5e56f1e3-8103-4af1-850f-6ed3d4d645b0,8,2558,True,17788,17386,88.2906182509796
2559,5e56f1e3-8103-4af1-850f-6ed3d4d645b0,8,2559,True,17820,17418,87.09525261629096
2560,5e56f1e3-8103-4af1-850f-6ed3d4d645b0,8,2560,True,17856,17454,105.80838539709293
2561,5e56f1e3-8103-4af1-850f-6ed3d4d645b0,8,2561,True,17881,17479,99.82451270360616
2562,5e56f1e3-8103-4af1-850f-6ed3d4d645b0,8,2562,True,17916,17514,103.39972034630773
2563,5e56f1e3-8103-4af1-850f-6ed3d4d645b0,8,2563,True,17947,17545,112.01572139682321
2564,5e56f1e3-8103-4af1-850f-6ed3d4d645b0,8,2564,True,17975,17573,106.12324289415483
2565,5e56f1e3-8103-4af1-850f-6ed3d4d645b0,8,2565,True,18005,17603,108.59462017493934
2566,5e56f1e3-8103-4af1-850f-6ed3d4d645b0,8,2566,True,18038,17636,105.36485990573055
2567,5e56f1e3-8103-4af1-850f-6ed3d4d645b0,8,2567,True,18076,17674,116.04503812534676
2568,5e56f1e3-8103-4af1-850f-6ed3d4d645b0,8,2568,True,18114,17712,109.52084805576305
2569,5e56f1e3-8103-4af1-850f-6ed3d4d645b0,8,2569,True,18142,17740,115.80121745036377
2570,5e56f1e3-8103-4af1-850f-6ed3d4d645b0,8,2570,True,18171,17769,151.4052371304715
2571,5e56f1e3-8103-4af1-850f-6ed3d4d645b0,8,2571,True,18191,17789,150.5008212878056
2572,5e56f1e3-8103-4af1-850f-6ed3d4d645b0,8,2572,True,18224,17822,140.63895065083125
2573,5e56f1e3-8103-4af1-850f-6ed3d4d645b0,8,2573,True,18251,17849,132.0857853474372
2574,5e56f1e3-8103-4af1-850f-6ed3d4d645b0,8,2574,True,18289,17887,114.95134309609784
2575,5e56f1e3-8103-4af1-850f-6ed3d4d645b0,8,2575,True,18326,17924,113.89702510400093
2576,5e56f1e3-8103-4af1-850f-6ed3d4d645b0,8,2576,True,18362,17960,100.0729123566125
2577,5e56f1e3-8103-4af1-850f-6ed3d4d645b0,8,2577,True,18388,17986,109.9267549475444
2578,5e56f1e3-8103-4af1-850f-6ed3d4d645b0,8,2578,True,18426,18024,101.8413281380781
2579,5e56f1e3-8103-4af1-850f-6ed3d4d645b0,8,2579,True,18473,18071,85.9887862441501
2580,5e56f1e3-8103-4af1-850f-6ed3d4d645b0,8,2580,True,18497,18095,97.22893215984732
2581,5e56f1e3-8103-4af1-850f-6ed3d4d645b0,8,2581,True,18541,18139,84.87712527941403
2582,5e56f1e3-8103-4af1-850f-6ed3d4d645b0,8,2582,True,18579,18177,87.1740285031592
2583,5e56f1e3-8103-4af1-850f-6ed3d4d645b0,8,2583,True,18608,18206,83.94903701201838
2584,5e56f1e3-8103-4af1-850f-6ed3d4d645b0,8,2584,True,18643,18241,85.87452162289264
2585,5e56f1e3-8103-4af1-850f-6ed3d4d645b0,8,2585,True,18679,18277,89.3010689219991
2586,5e56f1e3-8103-4af1-850f-6ed3d4d645b0,8,2586,True,18710,18308,86.59803658010787
2587,5e56f1e3-8103-4af1-850f-6ed3d4d645b0,8,2587,True,18739,18337,97.39508724524421
2588,5e56f1e3-8103-4af1-850f-6ed3d4d645b0,8,2588,True,18768,18366,89.98448873772941
2589,5e56f1e3-8103-4af1-850f-6ed3d4d645b0,8,2589,True,18800,18398,84.52380690302016
2590,5e56f1e3-8103-4af1-850f-6ed3d4d645b0,8,2590,True,18829,18427,83.86043254666583
2591,5e56f1e3-8103-4af1-850f-6ed3d4d645b0,8,2591,True,18863,18461,103.79053184558506
2592,5e56f1e3-8103-4af1-850f-6ed3d4d645b0,8,2592,True,18898,18496,96.23257340273994
2593,5e56f1e3-8103-4af1-850f-6ed3d4d645b0,8,2593,True,18932,18530,104.54028175730855
2594,5e56f1e3-8103-4af1-850f-6ed3d4d645b0,8,2594,True,18965,18563,92.19986725154376
2595,5e56f1e3-8103-4af1-850f-6ed3d4d645b0,8,2595,True,18997,18595,84.76761142063333
2596,5e56f1e3-8103-4af1-850f-6ed3d4d645b0,8,2596,True,19019,18617,88.69693342290338
2597,5e56f1e3-8103-4af1-850f-6ed3d4d645b0,8,2597,True,19063,18661,81.26010200382007
2598,5e56f1e3-8103-4af1-850f-6ed3d4d645b0,8,2598,True,19094,18692,101.35343869727512
2599,5e56f1e3-8103-4af1-850f-6ed3d4d645b0,8,2599,True,19126,18724,93.70439046894171
2600,5e56f1e3-8103-4af1-850f-6ed3d4d645b0,8,2600,True,19153,18751,97.70350954410969
2601,5e56f1e3-8103-4af1-850f-6ed3d4d645b0,8,2601,True,19178,18776,94.24089782548617
2602,5e56f1e3-8103-4af1-850f-6ed3d4d645b0,8,2602,True,19209,18807,86.89043639082956
2603,5e56f1e3-8103-4af1-850f-6ed3d4d645b0,8,2603,True,19236,18834,89.4048532812194
2604,5e56f1e3-8103-4af1-850f-6ed3d4d645b0,8,2604,True,19270,18868,98.63443325427215
2605,5e56f1e3-8103-4af1-850f-6ed3d4d645b0,8,2605,True,19300,18898,96.33461410530072
2606,5e56f1e3-8103-4af1-850f-6ed3d4d645b0,8,2606,True,19333,18931,107.02986564951061
2607,5e56f1e3-8103-4af1-850f-6ed3d4d645b0,8,2607,True,19365,18963,98.84847407729467
2608,5e56f1e3-8103-4af1-850f-6ed3d4d645b0,8,2608,True,19408,19006,96.77341907375376
2609,5e56f1e3-8103-4af1-850f-6ed3d4d645b0,8,2609,True,19428,19026,104.41118521289536
2610,5e56f1e3-8103-4af1-850f-6ed3d4d645b0,8,2610,True,19455,19053,106.90655336483906
2611,5e56f1e3-8103-4af1-850f-6ed3d4d645b0,8,2611,True,19485,19083,95.38998820916822
2612,5e56f1e3-8103-4af1-850f-6ed3d4d645b0,8,2612,True,19514,19112,93.26282904972322
2613,5e56f1e3-8103-4af1-850f-6ed3d4d645b0,8,2613,True,19545,19143,107.2123693443973
2614,5e56f1e3-8103-4af1-850f-6ed3d4d645b0,8,2614,True,19579,19177,100.40451460984696
2615,5e56f1e3-8103-4af1-850f-6ed3d4d645b0,8,2615,True,19605,19203,106.86404255381422
2616,5e56f1e3-8103-4af1-850f-6ed3d4d645b0,8,2616,True,19640,19238,90.33845520292743
2617,5e56f1e3-8103-4af1-850f-6ed3d4d645b0,8,2617,True,19673,19271,88.77310874528484
2618,5e56f1e3-8103-4af1-850f-6ed3d4d645b0,8,2618,True,19704,19302,101.0956148517107
2619,5e56f1e3-8103-4af1-850f-6ed3d4d645b0,8,2619,True,19736,19334,89.66548365748531
2620,5e56f1e3-8103-4af1-850f-6ed3d4d645b0,8,2620,True,19763,19361,95.18807935920995
2621,5e56f1e3-8103-4af1-850f-6ed3d4d645b0,8,2621,True,19785,19383,104.70895986900359
2622,5e56f1e3-8103-4af1-850f-6ed3d4d645b0,8,2622,True,19821,19419,95.6281974219346
2623,5e56f1e3-8103-4af1-850f-6ed3d4d645b0,8,2623,True,19852,19450,111.65755493466713
2624,5e56f1e3-8103-4af1-850f-6ed3d4d645b0,8,2624,True,19882,19480,100.70507558280588
2625,5e56f1e3-8103-4af1-850f-6ed3d4d645b0,8,2625,True,19916,19514,95.54857823848215
2626,5e56f1e3-8103-4af1-850f-6ed3d4d645b0,8,2626,True,19942,19540,92.72283380384033
2627,5e56f1e3-8103-4af1-850f-6ed3d4d645b0,8,2627,True,19970,19568,90.43160458543207
2628,5e56f1e3-8103-4af1-850f-6ed3d4d645b0,8,2628,True,20001,19599,97.6607475787714
2629,5e56f1e3-8103-4af1-850f-6ed3d4d645b0,8,2629,True,20019,19617,103.28017637910307
2630,5e56f1e3-8103-4af1-850f-6ed3d4d645b0,8,2630,True,20057,19655,88.67888619027144
2631,5e56f1e3-8103-4af1-850f-6ed3d4d645b0,8,2631,True,20083,19681,96.71931429344113
2632,5e56f1e3-8103-4af1-850f-6ed3d4d645b0,8,2632,True,20112,19710,93.48222123811502
2633,5e56f1e3-8103-4af1-850f-6ed3d4d645b0,8,2633,True,20148,19746,102.66098899824647
2634,5e56f1e3-8103-4af1-850f-6ed3d4d645b0,8,2634,True,20168,19766,107.5333957562325
2635,5e56f1e3-8103-4af1-850f-6ed3d4d645b0,8,2635,True,20198,19796,108.91093581761015
2636,5e56f1e3-8103-4af1-850f-6ed3d4d645b0,8,2636,True,20241,19839,100.8679615755027
2637,5e56f1e3-8103-4af1-850f-6ed3d4d645b0,8,2637,True,20268,19866,104.02465103668146
2638,5e56f1e3-8103-4af1-850f-6ed3d4d645b0,8,2638,True,20307,19905,114.20012342095288
2639,5e56f1e3-8103-4af1-850f-6ed3d4d645b0,8,2639,True,20343,19941,106.33649886311468
2640,5e56f1e3-8103-4af1-850f-6ed3d4d645b0,8,2640,True,20375,19973,113.8170259984472
2641,5e56f1e3-8103-4af1-850f-6ed3d4d645b0,8,2641,True,20399,19997,111.70472638776118
2642,5e56f1e3-8103-4af1-850f-6ed3d4d645b0,8,2642,True,20426,20024,107.16832639763379
2643,5e56f1e3-8103-4af1-850f-6ed3d4d645b0,8,2643,True,20461,20059,98.83301610562194
2644,5e56f1e3-8103-4af1-850f-6ed3d4d645b0,8,2644,True,20494,20092,101.59127505047582
2645,5e56f1e3-8103-4af1-850f-6ed3d4d645b0,8,2645,True,20514,20112,112.14962819816719
2646,5e56f1e3-8103-4af1-850f-6ed3d4d645b0,8,2646,True,20544,20142,138.0319966682291
2647,5e56f1e3-8103-4af1-850f-6ed3d4d645b0,8,2647,True,20584,20182,118.43271724712031
2648,5e56f1e3-8103-4af1-850f-6ed3d4d645b0,8,2648,True,20617,20215,116.04631746273662
2649,5e56f1e3-8103-4af1-850f-6ed3d4d645b0,8,2649,True,20644,20242,116.38459076582149
2650,5e56f1e3-8103-4af1-850f-6ed3d4d645b0,8,2650,True,20687,20285,112.10600943728423
2651,5e56f1e3-8103-4af1-850f-6ed3d4d645b0,8,2651,True,20724,20322,104.77186209238789
2652,5e56f1e3-8103-4af1-850f-6ed3d4d645b0,8,2652,True,20756,20354,105.83362412229326
2653,5e56f1e3-8103-4af1-850f-6ed3d4d645b0,8,2653,True,20798,20396,106.27082053307095
2654,5e56f1e3-8103-4af1-850f-6ed3d4d645b0,8,2654,True,20832,20430,96.75348397578273
2655,5e56f1e3-8103-4af1-850f-6ed3d4d645b0,8,2655,True,20863,20461,108.5652376761027
2656,5e56f1e3-8103-4af1-850f-6ed3d4d645b0,8,2656,True,20895,20493,108.8221722806702
2657,5e56f1e3-8103-4af1-850f-6ed3d4d645b0,8,2657,True,20928,20526,108.0672938721691
2658,5e56f1e3-8103-4af1-850f-6ed3d4d645b0,8,2658,True,20961,20559,94.70466009442316
2659,5e56f1e3-8103-4af1-850f-6ed3d4d645b0,8,2659,True,20987,20585,104.3493442279032
2660,5e56f1e3-8103-4af1-850f-6ed3d4d645b0,8,2660,True,21031,20629,99.65346245344335
2661,5e56f1e3-8103-4af1-850f-6ed3d4d645b0,8,2661,True,21061,20659,94.98671550234212
2662,5e56f1e3-8103-4af1-850f-6ed3d4d645b0,8,2662,True,21094,20692,88.23561210004482
2663,5e56f1e3-8103-4af1-850f-6ed3d4d645b0,8,2663,True,21124,20722,96.87918863498635
2664,5e56f1e3-8103-4af1-850f-6ed3d4d645b0,8,2664,True,21171,20769,86.40131897816173
2665,5e56f1e3-8103-4af1-850f-6ed3d4d645b0,8,2665,True,21200,20798,89.94871225534007
2666,5e56f1e3-8103-4af1-850f-6ed3d4d645b0,8,2666,True,21226,20824,89.20057178692514
2667,5e56f1e3-8103-4af1-850f-6ed3d4d645b0,8,2667,True,21252,20850,84.34834926476469
2668,5e56f1e3-8103-4af1-850f-6ed3d4d645b0,8,2668,True,21283,20881,89.66918625755716
2669,5e56f1e3-8103-4af1-850f-6ed3d4d645b0,8,2669,True,21305,20903,106.72171886494107
2670,5e56f1e3-8103-4af1-850f-6ed3d4d645b0,8,2670,True,21343,20941,92.12179912498686
2671,5e56f1e3-8103-4af1-850f-6ed3d4d645b0,8,2671,True,21374,20972,96.27990701672024
2672,5e56f1e3-8103-4af1-850f-6ed3d4d645b0,8,2672,True,21412,21010,97.82515960999808
2673,5e56f1e3-8103-4af1-850f-6ed3d4d645b0,8,2673,True,21438,21036,97.84718023316236
2674,5e56f1e3-8103-4af1-850f-6ed3d4d645b0,8,2674,True,21474,21072,100.62309061111955
2675,5e56f1e3-8103-4af1-850f-6ed3d4d645b0,8,2675,True,21503,21101,99.41626339051436
2676,5e56f1e3-8103-4af1-850f-6ed3d4d645b0,8,2676,True,21535,21133,92.48126619639152
2677,5e56f1e3-8103-4af1-850f-6ed3d4d645b0,8,2677,True,21576,21174,85.50269615201614
2678,5e56f1e3-8103-4af1-850f-6ed3d4d645b0,8,2678,True,21597,21195,94.7831694770939
2679,5e56f1e3-8103-4af1-850f-6ed3d4d645b0,8,2679,True,21631,21229,91.3734560525445
2680,5e56f1e3-8103-4af1-850f-6ed3d4d645b0,8,2680,True,21662,21260,102.49836070167294
2681,5e56f1e3-8103-4af1-850f-6ed3d4d645b0,8,2681,True,21709,21307,92.99134469545243
2682,5e56f1e3-8103-4af1-850f-6ed3d4d645b0,8,2682,True,21740,21338,91.11051886722635
2683,5e56f1e3-8103-4af1-850f-6ed3d4d645b0,8,2683,True,21772,21370,105.38944617584639
2684,5e56f1e3-8103-4af1-850f-6ed3d4d645b0,8,2684,True,21796,21394,109.90110908619681
2685,5e56f1e3-8103-4af1-850f-6ed3d4d645b0,8,2685,True,21824,21422,107.32575506435751
2686,5e56f1e3-8103-4af1-850f-6ed3d4d645b0,8,2686,True,21857,21455,101.66625739362644
2687,5e56f1e3-8103-4af1-850f-6ed3d4d645b0,8,2687,True,21893,21491,90.27776805518079
2688,5e56f1e3-8103-4af1-850f-6ed3d4d645b0,8,2688,True,21922,21520,94.86063871050283
2689,5e56f1e3-8103-4af1-850f-6ed3d4d645b0,8,2689,True,21949,21547,102.05555049846589
2690,5e56f1e3-8103-4af1-850f-6ed3d4d645b0,8,2690,True,21974,21572,100.68774420802947
2691,5e56f1e3-8103-4af1-850f-6ed3d4d645b0,8,2691,True,21999,21597,114.11407093367234
2692,5e56f1e3-8103-4af1-850f-6ed3d4d645b0,8,2692,True,22034,21632,103.42556716317995
2693,5e56f1e3-8103-4af1-850f-6ed3d4d645b0,8,2693,True,22063,21661,97.69999402926987
2694,5e56f1e3-8103-4af1-850f-6ed3d4d645b0,8,2694,True,22095,21693,100.34970893205536
2695,5e56f1e3-8103-4af1-850f-6ed3d4d645b0,8,2695,True,22116,21714,101.9914028266976
2696,5e56f1e3-8103-4af1-850f-6ed3d4d645b0,8,2696,True,22157,21755,93.7750237778564
2697,5e56f1e3-8103-4af1-850f-6ed3d4d645b0,8,2697,True,22186,21784,108.0244290747687
2698,5e56f1e3-8103-4af1-850f-6ed3d4d645b0,8,2698,True,22221,21819,94.51285827549509
2699,5e56f1e3-8103-4af1-850f-6ed3d4d645b0,8,2699,True,22255,21853,113.74123036466699
2700,5e56f1e3-8103-4af1-850f-6ed3d4d645b0,8,2700,True,22286,21884,101.83749532479487
2701,5e56f1e3-8103-4af1-850f-6ed3d4d645b0,8,2701,True,22312,21910,100.59402737464916
2702,5e56f1e3-8103-4af1-850f-6ed3d4d645b0,8,2702,True,22342,21940,99.96937660674666
2703,5e56f1e3-8103-4af1-850f-6ed3d4d645b0,8,2703,True,22371,21969,113.04641085464755
2704,5e56f1e3-8103-4af1-850f-6ed3d4d645b0,8,2704,True,22407,22005,99.41476009785401
2705,5e56f1e3-8103-4af1-850f-6ed3d4d645b0,8,2705,True,22430,22028,102.643344629887
2706,5e56f1e3-8103-4af1-850f-6ed3d4d645b0,8,2706,True,22471,22069,82.8835232555648
2707,5e56f1e3-8103-4af1-850f-6ed3d4d645b0,8,2707,True,22503,22101,94.52511051837064
2708,5e56f1e3-8103-4af1-850f-6ed3d4d645b0,8,2708,True,22532,22130,91.57992549663322
2709,5e56f1e3-8103-4af1-850f-6ed3d4d645b0,8,2709,True,22564,22162,100.5967929469989
2710,5e56f1e3-8103-4af1-850f-6ed3d4d645b0,8,2710,True,22588,22186,109.67789043672019
2711,5e56f1e3-8103-4af1-850f-6ed3d4d645b0,8,2711,True,22630,22228,94.3467133852646
2712,5e56f1e3-8103-4af1-850f-6ed3d4d645b0,8,2712,True,22657,22255,96.40774669439998
2713,5e56f1e3-8103-4af1-850f-6ed3d4d645b0,8,2713,True,22680,22278,104.81982134722057
2714,5e56f1e3-8103-4af1-850f-6ed3d4d645b0,8,2714,True,22706,22304,99.33952990803664
2715,5e56f1e3-8103-4af1-850f-6ed3d4d645b0,8,2715,True,22737,22335,92.96645055083354
2716,5e56f1e3-8103-4af1-850f-6ed3d4d645b0,8,2716,True,22760,22358,128.44152796220442
2717,5e56f1e3-8103-4af1-850f-6ed3d4d645b0,8,2717,True,22791,22389,123.05706031429872
2718,5e56f1e3-8103-4af1-850f-6ed3d4d645b0,8,2718,True,22828,22426,113.46663651707786
2719,5e56f1e3-8103-4af1-850f-6ed3d4d645b0,8,2719,True,22865,22463,116.53284266844275
2720,5e56f1e3-8103-4af1-850f-6ed3d4d645b0,8,2720,True,22897,22495,114.73565554907327
2721,5e56f1e3-8103-4af1-850f-6ed3d4d645b0,8,2721,True,22927,22525,105.65476741031307
2722,5e56f1e3-8103-4af1-850f-6ed3d4d645b0,8,2722,True,22961,22559,120.68381686005159
2723,5e56f1e3-8103-4af1-850f-6ed3d4d645b0,8,2723,True,22995,22593,118.66141193666408
2724,5e56f1e3-8103-4af1-850f-6ed3d4d645b0,8,2724,True,23035,22633,112.30094145354815
2725,5e56f1e3-8103-4af1-850f-6ed3d4d645b0,8,2725,True,23057,22655,108.99318425216552
2726,5e56f1e3-8103-4af1-850f-6ed3d4d645b0,8,2726,True,23088,22686,98.39901356034898
2727,5e56f1e3-8103-4af1-850f-6ed3d4d645b0,8,2727,True,23115,22713,116.65301379782977
2728,5e56f1e3-8103-4af1-850f-6ed3d4d645b0,8,2728,True,23149,22747,104.26453815643617
2729,5e56f1e3-8103-4af1-850f-6ed3d4d645b0,8,2729,True,23177,22775,105.45681727217016
2730,5e56f1e3-8103-4af1-850f-6ed3d4d645b0,8,2730,True,23204,22802,110.36218068043672
2731,5e56f1e3-8103-4af1-850f-6ed3d4d645b0,8,2731,True,23231,22829,112.20570595097888
2732,5e56f1e3-8103-4af1-850f-6ed3d4d645b0,8,2732,True,23255,22853,108.44452352485314
2733,5e56f1e3-8103-4af1-850f-6ed3d4d645b0,8,2733,True,23287,22885,160.7584776927979
2734,5e56f1e3-8103-4af1-850f-6ed3d4d645b0,8,2734,True,23316,22914,155.7368036814696
2735,5e56f1e3-8103-4af1-850f-6ed3d4d645b0,8,2735,True,23355,22953,136.558687462737
2736,5e56f1e3-8103-4af1-850f-6ed3d4d645b0,8,2736,True,23383,22981,128.36710454753847
2737,5e56f1e3-8103-4af1-850f-6ed3d4d645b0,8,2737,True,23407,23005,164.85822354775883
2738,5e56f1e3-8103-4af1-850f-6ed3d4d645b0,8,2738,True,23436,23034,113.95503912364438
2739,5e56f1e3-8103-4af1-850f-6ed3d4d645b0,8,2739,True,23463,23061,145.82686802960598
2740,5e56f1e3-8103-4af1-850f-6ed3d4d645b0,8,2740,True,23487,23085,100.61907641776634
2741,5e56f1e3-8103-4af1-850f-6ed3d4d645b0,8,2741,True,23520,23118,107.22718676660588
2742,5e56f1e3-8103-4af1-850f-6ed3d4d645b0,8,2742,True,23552,23150,108.33491717404831
2743,5e56f1e3-8103-4af1-850f-6ed3d4d645b0,8,2743,True,23586,23184,110.82796374006284
2744,5e56f1e3-8103-4af1-850f-6ed3d4d645b0,8,2744,True,23624,23222,112.89029234514965
2745,5e56f1e3-8103-4af1-850f-6ed3d4d645b0,8,2745,True,23659,23257,101.40833549312447
2746,5e56f1e3-8103-4af1-850f-6ed3d4d645b0,8,2746,True,23688,23286,107.15134958527415
2747,5e56f1e3-8103-4af1-850f-6ed3d4d645b0,8,2747,True,23720,23318,100.46842076363828
2748,5e56f1e3-8103-4af1-850f-6ed3d4d645b0,8,2748,True,23756,23354,102.40429424503964
2749,5e56f1e3-8103-4af1-850f-6ed3d4d645b0,8,2749,True,23790,23388,99.58659900869316
2750,5e56f1e3-8103-4af1-850f-6ed3d4d645b0,8,2750,True,23822,23420,94.04449421358731
2751,5e56f1e3-8103-4af1-850f-6ed3d4d645b0,8,2751,True,23856,23454,111.38002660118582
2752,5e56f1e3-8103-4af1-850f-6ed3d4d645b0,8,2752,True,23893,23491,103.86039133897066
2753,5e56f1e3-8103-4af1-850f-6ed3d4d645b0,8,2753,True,23925,23523,118.73025569827223
2754,5e56f1e3-8103-4af1-850f-6ed3d4d645b0,8,2754,True,23954,23552,113.4769817085762
2755,5e56f1e3-8103-4af1-850f-6ed3d4d645b0,8,2755,True,23985,23583,110.52023412436029
2756,5e56f1e3-8103-4af1-850f-6ed3d4d645b0,8,2756,True,24027,23625,94.20315087446943
2757,5e56f1e3-8103-4af1-850f-6ed3d4d645b0,8,2757,True,24050,23648,94.97235348098548
2758,5e56f1e3-8103-4af1-850f-6ed3d4d645b0,8,2758,True,24085,23683,97.14261674134832
2759,5e56f1e3-8103-4af1-850f-6ed3d4d645b0,8,2759,True,24123,23721,97.64407921360907
2760,5e56f1e3-8103-4af1-850f-6ed3d4d645b0,8,2760,True,24145,23743,100.87545643041449
2761,5e56f1e3-8103-4af1-850f-6ed3d4d645b0,8,2761,True,24171,23769,108.61572784140662
2762,5e56f1e3-8103-4af1-850f-6ed3d4d645b0,8,2762,True,24207,23805,96.54717908185557
2763,5e56f1e3-8103-4af1-850f-6ed3d4d645b0,8,2763,True,24244,23842,90.79672631881476
2764,5e56f1e3-8103-4af1-850f-6ed3d4d645b0,8,2764,True,24277,23875,100.86186238240043
2765,5e56f1e3-8103-4af1-850f-6ed3d4d645b0,8,2765,True,24305,23903,102.39172436123044
2766,5e56f1e3-8103-4af1-850f-6ed3d4d645b0,8,2766,True,24336,23934,103.15273469755994
2767,5e56f1e3-8103-4af1-850f-6ed3d4d645b0,8,2767,True,24378,23976,102.12996991970795
2768,5e56f1e3-8103-4af1-850f-6ed3d4d645b0,8,2768,True,24403,24001,98.85341216292727
2769,5e56f1e3-8103-4af1-850f-6ed3d4d645b0,8,2769,True,24446,24044,92.51679411842997
2770,5e56f1e3-8103-4af1-850f-6ed3d4d645b0,8,2770,True,24473,24071,95.2131056307444
2771,5e56f1e3-8103-4af1-850f-6ed3d4d645b0,8,2771,True,24498,24096,94.81386130269311
2772,5e56f1e3-8103-4af1-850f-6ed3d4d645b0,8,2772,True,24530,24128,93.5030987250575
2773,5e56f1e3-8103-4af1-850f-6ed3d4d645b0,8,2773,True,24564,24162,87.30226136603233
2774,5e56f1e3-8103-4af1-850f-6ed3d4d645b0,8,2774,True,24592,24190,91.55227743908836
2775,5e56f1e3-8103-4af1-850f-6ed3d4d645b0,8,2775,True,24620,24218,89.17298198684512
2776,5e56f1e3-8103-4af1-850f-6ed3d4d645b0,8,2776,True,24658,24256,83.89079166997544
2777,5e56f1e3-8103-4af1-850f-6ed3d4d645b0,8,2777,True,24685,24283,86.45369504220798
2778,5e56f1e3-8103-4af1-850f-6ed3d4d645b0,8,2778,True,24710,24308,90.86675724270026
2779,5e56f1e3-8103-4af1-850f-6ed3d4d645b0,8,2779,True,24749,24347,93.8232534105955
2780,5e56f1e3-8103-4af1-850f-6ed3d4d645b0,8,2780,True,24782,24380,95.38225203981347
2781,5e56f1e3-8103-4af1-850f-6ed3d4d645b0,8,2781,True,24812,24410,91.5029864782664
2782,5e56f1e3-8103-4af1-850f-6ed3d4d645b0,8,2782,True,24847,24445,95.64993544102254
2783,5e56f1e3-8103-4af1-850f-6ed3d4d645b0,8,2783,True,24876,24474,87.36948181050684
2784,5e56f1e3-8103-4af1-850f-6ed3d4d645b0,8,2784,True,24907,24505,85.36871415761198
2785,5e56f1e3-8103-4af1-850f-6ed3d4d645b0,8,2785,True,24949,24547,87.89171103740227
2786,5e56f1e3-8103-4af1-850f-6ed3d4d645b0,8,2786,True,24987,24585,85.91587244080802
2787,5e56f1e3-8103-4af1-850f-6ed3d4d645b0,8,2787,True,25024,24622,92.58202067646562
2788,5e56f1e3-8103-4af1-850f-6ed3d4d645b0,8,2788,True,25053,24651,144.76840121130954
2789,5e56f1e3-8103-4af1-850f-6ed3d4d645b0,8,2789,True,25084,24682,179.21423297634465
2790,5e56f1e3-8103-4af1-850f-6ed3d4d645b0,8,2790,True,25130,24728,158.5792190405664
2791,5e56f1e3-8103-4af1-850f-6ed3d4d645b0,8,2791,True,25153,24751,135.5792190405664
2792,5e56f1e3-8103-4af1-850f-6ed3d4d645b0,8,2792,True,25173,24771,159.10795373777728
2793,5e56f1e3-8103-4af1-850f-6ed3d4d645b0,8,2793,True,25199,24797,154.41543187362913
2794,5e56f1e3-8103-4af1-850f-6ed3d4d645b0,8,2794,True,25229,24827,146.47450667347948
2795,5e56f1e3-8103-4af1-850f-6ed3d4d645b0,8,2795,True,25264,24862,130.22129996179865
2796,5e56f1e3-8103-4af1-850f-6ed3d4d645b0,8,2796,True,25292,24890,127.29348444803327
2797,5e56f1e3-8103-4af1-850f-6ed3d4d645b0,8,2797,True,25328,24926,125.51093675095035
2798,5e56f1e3-8103-4af1-850f-6ed3d4d645b0,8,2798,True,25359,24957,133.05285883690158
2799,5e56f1e3-8103-4af1-850f-6ed3d4d645b0,8,2799,True,25397,24995,118.94692993881108
2800,5e56f1e3-8103-4af1-850f-6ed3d4d645b0,8,2800,True,25428,25026,109.09550877693982
2801,5e56f1e3-8103-4af1-850f-6ed3d4d645b0,8,2801,True,25454,25052,113.73207100266154
2802,5e56f1e3-8103-4af1-850f-6ed3d4d645b0,8,2802,True,25480,25078,127.70827115242355
2803,5e56f1e3-8103-4af1-850f-6ed3d4d645b0,8,2803,True,25514,25112,114.75759130160804
2804,5e56f1e3-8103-4af1-850f-6ed3d4d645b0,8,2804,True,25556,25154,145.14227828216826
2805,5e56f1e3-8103-4af1-850f-6ed3d4d645b0,8,2805,True,25587,25185,135.91016156732076
2806,5e56f1e3-8103-4af1-850f-6ed3d4d645b0,8,2806,True,25627,25225,123.66891338674031
2807,5e56f1e3-8103-4af1-850f-6ed3d4d645b0,8,2807,True,25656,25254,115.15599392748118
2808,5e56f1e3-8103-4af1-850f-6ed3d4d645b0,8,2808,True,25696,25294,102.5475080734468
2809,5e56f1e3-8103-4af1-850f-6ed3d4d645b0,8,2809,True,25719,25317,102.39359562777827
2810,5e56f1e3-8103-4af1-850f-6ed3d4d645b0,8,2810,True,25759,25357,105.23308961871953
2811,5e56f1e3-8103-4af1-850f-6ed3d4d645b0,8,2811,True,25789,25387,107.5412320140531
2812,5e56f1e3-8103-4af1-850f-6ed3d4d645b0,8,2812,True,25822,25420,107.20406644676768
2813,5e56f1e3-8103-4af1-850f-6ed3d4d645b0,8,2813,True,25862,25460,88.23223122401032
2814,5e56f1e3-8103-4af1-850f-6ed3d4d645b0,8,2814,True,25895,25493,93.94171672114317
2815,5e56f1e3-8103-4af1-850f-6ed3d4d645b0,8,2815,True,25935,25533,105.30652094815014
2816,5e56f1e3-8103-4af1-850f-6ed3d4d645b0,8,2816,True,25980,25578,87.03853240173703
2817,5e56f1e3-8103-4af1-850f-6ed3d4d645b0,8,2817,True,26012,25610,88.78944096335181
2818,5e56f1e3-8103-4af1-850f-6ed3d4d645b0,8,2818,True,26041,25639,89.18844124189854
2819,5e56f1e3-8103-4af1-850f-6ed3d4d645b0,8,2819,True,26073,25671,105.52055355860648
2820,5e56f1e3-8103-4af1-850f-6ed3d4d645b0,8,2820,True,26104,25702,104.92782879866718
2821,5e56f1e3-8103-4af1-850f-6ed3d4d645b0,8,2821,True,26137,25735,112.02217317023315
2822,5e56f1e3-8103-4af1-850f-6ed3d4d645b0,8,2822,True,26175,25773,111.69108405281077
2823,5e56f1e3-8103-4af1-850f-6ed3d4d645b0,8,2823,True,26201,25799,126.03409222152186
2824,5e56f1e3-8103-4af1-850f-6ed3d4d645b0,8,2824,True,26237,25835,109.86638621661768
2825,5e56f1e3-8103-4af1-850f-6ed3d4d645b0,8,2825,True,26273,25871,119.02449840157351
2826,5e56f1e3-8103-4af1-850f-6ed3d4d645b0,8,2826,True,26301,25899,112.08139728329115
2827,5e56f1e3-8103-4af1-850f-6ed3d4d645b0,8,2827,True,26327,25925,129.5891030893108
2828,5e56f1e3-8103-4af1-850f-6ed3d4d645b0,8,2828,True,26351,25949,141.46187782809648
2829,5e56f1e3-8103-4af1-850f-6ed3d4d645b0,8,2829,True,26382,25980,131.98607731310767
2830,5e56f1e3-8103-4af1-850f-6ed3d4d645b0,8,2830,True,26424,26022,118.4377514828011
2831,5e56f1e3-8103-4af1-850f-6ed3d4d645b0,8,2831,True,26455,26053,111.82205216635703
2832,5e56f1e3-8103-4af1-850f-6ed3d4d645b0,8,2832,True,26492,26090,103.06533229092383
2833,5e56f1e3-8103-4af1-850f-6ed3d4d645b0,8,2833,True,26520,26118,122.67801787948702
2834,5e56f1e3-8103-4af1-850f-6ed3d4d645b0,8,2834,True,26546,26144,116.24296033577048
2835,5e56f1e3-8103-4af1-850f-6ed3d4d645b0,8,2835,True,26573,26171,183.1609313166482
2836,5e56f1e3-8103-4af1-850f-6ed3d4d645b0,8,2836,True,26599,26197,128.37478612234918
2837,5e56f1e3-8103-4af1-850f-6ed3d4d645b0,8,2837,True,26637,26235,119.1609313166482
2838,5e56f1e3-8103-4af1-850f-6ed3d4d645b0,8,2838,True,26667,26265,126.58006748190382
2839,5e56f1e3-8103-4af1-850f-6ed3d4d645b0,8,2839,True,26693,26291,126.10516952986654
2840,5e56f1e3-8103-4af1-850f-6ed3d4d645b0,8,2840,True,26721,26319,121.94004029363714
2841,5e56f1e3-8103-4af1-850f-6ed3d4d645b0,8,2841,True,26750,26348,116.78525957811144
2842,5e56f1e3-8103-4af1-850f-6ed3d4d645b0,8,2842,True,26783,26381,121.80616303795978
2843,5e56f1e3-8103-4af1-850f-6ed3d4d645b0,8,2843,True,26825,26423,123.11703364459026
2844,5e56f1e3-8103-4af1-850f-6ed3d4d645b0,8,2844,True,26851,26449,128.34990901903438
2845,5e56f1e3-8103-4af1-850f-6ed3d4d645b0,8,2845,True,26884,26482,124.96258084765577
2846,5e56f1e3-8103-4af1-850f-6ed3d4d645b0,8,2846,True,26914,26512,124.71197455444053
2847,5e56f1e3-8103-4af1-850f-6ed3d4d645b0,8,2847,True,26949,26547,115.39729996945243
2848,5e56f1e3-8103-4af1-850f-6ed3d4d645b0,8,2848,True,26977,26575,183.74987013826103
2849,5e56f1e3-8103-4af1-850f-6ed3d4d645b0,8,2849,True,27007,26605,174.31094388680867
2850,5e56f1e3-8103-4af1-850f-6ed3d4d645b0,8,2850,True,27050,26648,153.15719297727264
2851,5e56f1e3-8103-4af1-850f-6ed3d4d645b0,8,2851,True,27078,26676,146.6921272384825
2852,5e56f1e3-8103-4af1-850f-6ed3d4d645b0,8,2852,True,27109,26707,157.9526146167409
2853,5e56f1e3-8103-4af1-850f-6ed3d4d645b0,8,2853,True,27143,26741,123.9526146167409
2854,5e56f1e3-8103-4af1-850f-6ed3d4d645b0,8,2854,True,27175,26773,113.59264471398274
2855,5e56f1e3-8103-4af1-850f-6ed3d4d645b0,8,2855,True,27199,26797,113.74382497067927
2856,5e56f1e3-8103-4af1-850f-6ed3d4d645b0,8,2856,True,27238,26836,114.57091179956478
2857,5e56f1e3-8103-4af1-850f-6ed3d4d645b0,8,2857,True,27274,26872,111.95486458207233
2858,5e56f1e3-8103-4af1-850f-6ed3d4d645b0,8,2858,True,27304,26902,110.9904762304177
2859,5e56f1e3-8103-4af1-850f-6ed3d4d645b0,8,2859,True,27341,26939,106.02830413153788
2860,5e56f1e3-8103-4af1-850f-6ed3d4d645b0,8,2860,True,27373,26971,100.49073471667725
2861,5e56f1e3-8103-4af1-850f-6ed3d4d645b0,8,2861,True,27405,27003,89.97995388503114
2862,5e56f1e3-8103-4af1-850f-6ed3d4d645b0,8,2862,True,27449,27047,88.01908410712713
2863,5e56f1e3-8103-4af1-850f-6ed3d4d645b0,8,2863,True,27477,27075,97.1727114991736
2864,5e56f1e3-8103-4af1-850f-6ed3d4d645b0,8,2864,True,27515,27113,87.40521057018123
2865,5e56f1e3-8103-4af1-850f-6ed3d4d645b0,8,2865,True,27549,27147,80.15190981422711
2866,5e56f1e3-8103-4af1-850f-6ed3d4d645b0,8,2866,True,27575,27173,94.73081410428495
2867,5e56f1e3-8103-4af1-850f-6ed3d4d645b0,8,2867,True,27595,27193,108.93888400807919
2868,5e56f1e3-8103-4af1-850f-6ed3d4d645b0,8,2868,True,27627,27225,122.53069936667089
2869,5e56f1e3-8103-4af1-850f-6ed3d4d645b0,8,2869,True,27663,27261,138.79690713518357
2870,5e56f1e3-8103-4af1-850f-6ed3d4d645b0,8,2870,True,27689,27287,132.59838730282354
2871,5e56f1e3-8103-4af1-850f-6ed3d4d645b0,8,2871,True,27731,27329,111.60915702679995
2872,5e56f1e3-8103-4af1-850f-6ed3d4d645b0,8,2872,True,27769,27367,101.55049105864964
2873,5e56f1e3-8103-4af1-850f-6ed3d4d645b0,8,2873,True,27799,27397,100.91590110781908
2874,5e56f1e3-8103-4af1-850f-6ed3d4d645b0,8,2874,True,27824,27422,97.64678596073645
2875,5e56f1e3-8103-4af1-850f-6ed3d4d645b0,8,2875,True,27867,27465,105.51265385658553
2876,5e56f1e3-8103-4af1-850f-6ed3d4d645b0,8,2876,True,27894,27492,100.49352642127633
2877,5e56f1e3-8103-4af1-850f-6ed3d4d645b0,8,2877,True,27935,27533,99.46525748698696
2878,5e56f1e3-8103-4af1-850f-6ed3d4d645b0,8,2878,True,27964,27562,97.63674727910984
2879,5e56f1e3-8103-4af1-850f-6ed3d4d645b0,8,2879,True,27981,27579,100.83600816111357
2880,5e56f1e3-8103-4af1-850f-6ed3d4d645b0,8,2880,True,28018,27616,92.92271091380826
2881,5e56f1e3-8103-4af1-850f-6ed3d4d645b0,8,2881,True,28047,27645,93.02823338962844
2882,5e56f1e3-8103-4af1-850f-6ed3d4d645b0,8,2882,True,28079,27677,91.58849789197484
2883,5e56f1e3-8103-4af1-850f-6ed3d4d645b0,8,2883,True,28106,27704,83.35880755312974
2884,5e56f1e3-8103-4af1-850f-6ed3d4d645b0,8,2884,True,28133,27731,103.29359934968306
2885,5e56f1e3-8103-4af1-850f-6ed3d4d645b0,8,2885,True,28160,27758,107.68531280425668
2886,5e56f1e3-8103-4af1-850f-6ed3d4d645b0,8,2886,True,28191,27789,106.39393225880849
2887,5e56f1e3-8103-4af1-850f-6ed3d4d645b0,8,2887,True,28218,27816,98.87746456603418
2888,5e56f1e3-8103-4af1-850f-6ed3d4d645b0,8,2888,True,28247,27845,90.69896630365474
2889,5e56f1e3-8103-4af1-850f-6ed3d4d645b0,8,2889,True,28279,27877,89.11049491743688
2890,5e56f1e3-8103-4af1-850f-6ed3d4d645b0,8,2890,True,28312,27910,89.02707384242603
2891,5e56f1e3-8103-4af1-850f-6ed3d4d645b0,8,2891,True,28341,27939,93.12024923116041
2892,5e56f1e3-8103-4af1-850f-6ed3d4d645b0,8,2892,True,28375,27973,82.8949334762874
2893,5e56f1e3-8103-4af1-850f-6ed3d4d645b0,8,2893,True,28408,28006,85.07258440502483
2894,5e56f1e3-8103-4af1-850f-6ed3d4d645b0,8,2894,True,28438,28036,101.90469277325246
2895,5e56f1e3-8103-4af1-850f-6ed3d4d645b0,8,2895,True,28465,28063,93.98104235697247
2896,5e56f1e3-8103-4af1-850f-6ed3d4d645b0,8,2896,True,28497,28095,87.10298598349254
2897,5e56f1e3-8103-4af1-850f-6ed3d4d645b0,8,2897,True,28533,28131,100.48963907234793
2898,5e56f1e3-8103-4af1-850f-6ed3d4d645b0,8,2898,True,28567,28165,94.7029813213303
2899,5e56f1e3-8103-4af1-850f-6ed3d4d645b0,8,2899,True,28609,28207,86.57592108560493
2900,5e56f1e3-8103-4af1-850f-6ed3d4d645b0,8,2900,True,28644,28242,79.03945617689897
2901,5e56f1e3-8103-4af1-850f-6ed3d4d645b0,8,2901,True,28670,28268,95.60521584695016
2902,5e56f1e3-8103-4af1-850f-6ed3d4d645b0,8,2902,True,28709,28307,78.94058116653468
2903,5e56f1e3-8103-4af1-850f-6ed3d4d645b0,8,2903,True,28751,28349,91.98801177188216
2904,5e56f1e3-8103-4af1-850f-6ed3d4d645b0,8,2904,True,28782,28380,92.2951040594744
2905,5e56f1e3-8103-4af1-850f-6ed3d4d645b0,8,2905,True,28819,28417,93.6084103836256
2906,5e56f1e3-8103-4af1-850f-6ed3d4d645b0,8,2906,True,28862,28460,77.93185639300282
2907,5e56f1e3-8103-4af1-850f-6ed3d4d645b0,8,2907,True,28896,28494,82.27855625102893
2908,5e56f1e3-8103-4af1-850f-6ed3d4d645b0,8,2908,True,28920,28518,97.42776012270042
2909,5e56f1e3-8103-4af1-850f-6ed3d4d645b0,8,2909,True,28945,28543,92.01236075306224
2910,5e56f1e3-8103-4af1-850f-6ed3d4d645b0,8,2910,True,28974,28572,89.92270610464766
2911,5e56f1e3-8103-4af1-850f-6ed3d4d645b0,8,2911,True,29007,28605,91.834109849573
2912,5e56f1e3-8103-4af1-850f-6ed3d4d645b0,8,2912,True,29038,28636,96.86057965706641
2913,5e56f1e3-8103-4af1-850f-6ed3d4d645b0,8,2913,True,29070,28668,94.20305657940116
2914,5e56f1e3-8103-4af1-850f-6ed3d4d645b0,8,2914,True,29102,28700,85.03730966000876
2915,5e56f1e3-8103-4af1-850f-6ed3d4d645b0,8,2915,True,29130,28728,91.79191398580951
2916,5e56f1e3-8103-4af1-850f-6ed3d4d645b0,8,2916,True,29160,28758,88.99073805494118
2917,5e56f1e3-8103-4af1-850f-6ed3d4d645b0,8,2917,True,29194,28792,92.42742932939655
2918,5e56f1e3-8103-4af1-850f-6ed3d4d645b0,8,2918,True,29228,28826,79.2236554056908
2919,5e56f1e3-8103-4af1-850f-6ed3d4d645b0,8,2919,True,29256,28854,83.70981539176137
2920,5e56f1e3-8103-4af1-850f-6ed3d4d645b0,8,2920,True,29290,28888,90.69768937853951
2921,5e56f1e3-8103-4af1-850f-6ed3d4d645b0,8,2921,True,29319,28917,90.9073768663111
2922,5e56f1e3-8103-4af1-850f-6ed3d4d645b0,8,2922,True,29357,28955,95.79906673380901
2923,5e56f1e3-8103-4af1-850f-6ed3d4d645b0,8,2923,True,29384,28982,93.53838725339301
2924,5e56f1e3-8103-4af1-850f-6ed3d4d645b0,8,2924,True,29429,29027,87.7944720341693
2925,5e56f1e3-8103-4af1-850f-6ed3d4d645b0,8,2925,True,29456,29054,97.82060181023189
2926,5e56f1e3-8103-4af1-850f-6ed3d4d645b0,8,2926,True,29495,29093,82.20096834011201
2927,5e56f1e3-8103-4af1-850f-6ed3d4d645b0,8,2927,True,29525,29123,84.42100653475063
2928,5e56f1e3-8103-4af1-850f-6ed3d4d645b0,8,2928,True,29556,29154,106.81607867696584
2929,5e56f1e3-8103-4af1-850f-6ed3d4d645b0,8,2929,True,29593,29191,98.37158941549569
2930,5e56f1e3-8103-4af1-850f-6ed3d4d645b0,8,2930,True,29627,29225,88.74281915301617
2931,5e56f1e3-8103-4af1-850f-6ed3d4d645b0,8,2931,True,29667,29265,93.73543557747325
2932,5e56f1e3-8103-4af1-850f-6ed3d4d645b0,8,2932,True,29699,29297,95.90806662388422
2933,5e56f1e3-8103-4af1-850f-6ed3d4d645b0,8,2933,True,29729,29327,90.56122951854559
2934,5e56f1e3-8103-4af1-850f-6ed3d4d645b0,8,2934,True,29750,29348,92.85652642878631
2935,5e56f1e3-8103-4af1-850f-6ed3d4d645b0,8,2935,True,29777,29375,104.43205339155247
2936,5e56f1e3-8103-4af1-850f-6ed3d4d645b0,8,2936,True,29811,29409,103.85009876290496
2937,5e56f1e3-8103-4af1-850f-6ed3d4d645b0,8,2937,True,29842,29440,109.05322193701068
2938,5e56f1e3-8103-4af1-850f-6ed3d4d645b0,8,2938,True,29880,29478,99.15888289991199
2939,5e56f1e3-8103-4af1-850f-6ed3d4d645b0,8,2939,True,29914,29512,97.47792650691918
2940,5e56f1e3-8103-4af1-850f-6ed3d4d645b0,8,2940,True,29957,29555,117.8663124274317
2941,5e56f1e3-8103-4af1-850f-6ed3d4d645b0,8,2941,True,29993,29591,112.98519391394802
2942,5e56f1e3-8103-4af1-850f-6ed3d4d645b0,8,2942,True,30035,29633,101.78435833960975
2943,5e56f1e3-8103-4af1-850f-6ed3d4d645b0,8,2943,True,30071,29669,97.37905743477677
2944,5e56f1e3-8103-4af1-850f-6ed3d4d645b0,8,2944,True,30101,29699,103.91519589161544
2945,5e56f1e3-8103-4af1-850f-6ed3d4d645b0,8,2945,True,30137,29735,101.81619276867423
2946,5e56f1e3-8103-4af1-850f-6ed3d4d645b0,8,2946,True,30164,29762,97.73417705274915
2947,5e56f1e3-8103-4af1-850f-6ed3d4d645b0,8,2947,True,30195,29793,97.30335069148714
2948,5e56f1e3-8103-4af1-850f-6ed3d4d645b0,8,2948,True,30223,29821,94.73788617570608
2949,5e56f1e3-8103-4af1-850f-6ed3d4d645b0,8,2949,True,30258,29856,88.99644901012289
2950,5e56f1e3-8103-4af1-850f-6ed3d4d645b0,8,2950,True,30291,29889,96.53202989385682
2951,5e56f1e3-8103-4af1-850f-6ed3d4d645b0,8,2951,True,30326,29924,109.76196729022922
2952,5e56f1e3-8103-4af1-850f-6ed3d4d645b0,8,2952,True,30364,29962,101.23159655687414
2953,5e56f1e3-8103-4af1-850f-6ed3d4d645b0,8,2953,True,30391,29989,95.62411659448117
2954,5e56f1e3-8103-4af1-850f-6ed3d4d645b0,8,2954,True,30422,30020,114.10042301095018
2955,5e56f1e3-8103-4af1-850f-6ed3d4d645b0,8,2955,True,30451,30049,118.38872087284108
2956,5e56f1e3-8103-4af1-850f-6ed3d4d645b0,8,2956,True,30473,30071,117.70703922301982
2957,5e56f1e3-8103-4af1-850f-6ed3d4d645b0,8,2957,True,30499,30097,121.98733366698434
2958,5e56f1e3-8103-4af1-850f-6ed3d4d645b0,8,2958,True,30525,30123,117.09556201297164
2959,5e56f1e3-8103-4af1-850f-6ed3d4d645b0,8,2959,True,30561,30159,111.45184929442985
2960,5e56f1e3-8103-4af1-850f-6ed3d4d645b0,8,2960,True,30594,30192,109.3963575551461
2961,5e56f1e3-8103-4af1-850f-6ed3d4d645b0,8,2961,True,30625,30223,100.56410093944578
2962,5e56f1e3-8103-4af1-850f-6ed3d4d645b0,8,2962,True,30657,30255,106.22662542982653
2963,5e56f1e3-8103-4af1-850f-6ed3d4d645b0,8,2963,True,30688,30286,113.00804880625947
2964,5e56f1e3-8103-4af1-850f-6ed3d4d645b0,8,2964,True,30725,30323,106.22598725813441
2965,5e56f1e3-8103-4af1-850f-6ed3d4d645b0,8,2965,True,30749,30347,110.47631824318523
2966,5e56f1e3-8103-4af1-850f-6ed3d4d645b0,8,2966,True,30778,30376,103.71713966101379
2967,5e56f1e3-8103-4af1-850f-6ed3d4d645b0,8,2967,True,30809,30407,111.97057397307799
2968,5e56f1e3-8103-4af1-850f-6ed3d4d645b0,8,2968,True,30851,30449,106.76088830205481
2969,5e56f1e3-8103-4af1-850f-6ed3d4d645b0,8,2969,True,30878,30476,107.6937895899755
2970,5e56f1e3-8103-4af1-850f-6ed3d4d645b0,8,2970,True,30907,30505,117.28763904701191
2971,5e56f1e3-8103-4af1-850f-6ed3d4d645b0,8,2971,True,30937,30535,120.99638615170261
2972,5e56f1e3-8103-4af1-850f-6ed3d4d645b0,8,2972,True,30964,30562,114.77256814177599
2973,5e56f1e3-8103-4af1-850f-6ed3d4d645b0,8,2973,True,30988,30586,112.0074466432161
2974,5e56f1e3-8103-4af1-850f-6ed3d4d645b0,8,2974,True,31020,30618,97.05952449345568
2975,5e56f1e3-8103-4af1-850f-6ed3d4d645b0,8,2975,True,31062,30660,123.04628674284322
2976,5e56f1e3-8103-4af1-850f-6ed3d4d645b0,8,2976,True,31105,30703,104.32255310352411
2977,5e56f1e3-8103-4af1-850f-6ed3d4d645b0,8,2977,True,31129,30727,115.47454730075333
2978,5e56f1e3-8103-4af1-850f-6ed3d4d645b0,8,2978,True,31167,30765,106.26985458477793
2979,5e56f1e3-8103-4af1-850f-6ed3d4d645b0,8,2979,True,31210,30808,91.24595593916092
2980,5e56f1e3-8103-4af1-850f-6ed3d4d645b0,8,2980,True,31238,30836,88.39605150197531
2981,5e56f1e3-8103-4af1-850f-6ed3d4d645b0,8,2981,True,31271,30869,112.05074996555777
2982,5e56f1e3-8103-4af1-850f-6ed3d4d645b0,8,2982,True,31305,30903,103.1138160512055
2983,5e56f1e3-8103-4af1-850f-6ed3d4d645b0,8,2983,True,31328,30926,102.33719567866501
2984,5e56f1e3-8103-4af1-850f-6ed3d4d645b0,8,2984,True,31355,30953,109.82842364508178
2985,5e56f1e3-8103-4af1-850f-6ed3d4d645b0,8,2985,True,31389,30987,95.50040282538976
2986,5e56f1e3-8103-4af1-850f-6ed3d4d645b0,8,2986,True,31414,31012,106.07890291799777
2987,5e56f1e3-8103-4af1-850f-6ed3d4d645b0,8,2987,True,31441,31039,108.09266763375126
2988,5e56f1e3-8103-4af1-850f-6ed3d4d645b0,8,2988,True,31469,31067,104.0876740597887
2989,5e56f1e3-8103-4af1-850f-6ed3d4d645b0,8,2989,True,31488,31086,104.5968585049377
2990,5e56f1e3-8103-4af1-850f-6ed3d4d645b0,8,2990,True,31523,31121,104.51488783978857
2991,5e56f1e3-8103-4af1-850f-6ed3d4d645b0,8,2991,True,31550,31148,98.35724879043846
2992,5e56f1e3-8103-4af1-850f-6ed3d4d645b0,8,2992,True,31584,31182,89.23771450511776
2993,5e56f1e3-8103-4af1-850f-6ed3d4d645b0,8,2993,True,31621,31219,87.83957877302964
2994,5e56f1e3-8103-4af1-850f-6ed3d4d645b0,8,2994,True,31647,31245,83.5924760161688
2995,5e56f1e3-8103-4af1-850f-6ed3d4d645b0,8,2995,True,31678,31276,83.94402917328625
2996,5e56f1e3-8103-4af1-850f-6ed3d4d645b0,8,2996,True,31712,31310,76.01051348867259
2997,5e56f1e3-8103-4af1-850f-6ed3d4d645b0,8,2997,True,31742,31340,82.21644939867474
2998,5e56f1e3-8103-4af1-850f-6ed3d4d645b0,8,2998,True,31770,31368,82.70377425089828
2999,5e56f1e3-8103-4af1-850f-6ed3d4d645b0,8,2999,True,31806,31404,75.21488476950981
