{"clients": [{"1": {"client_id": 0, "slo": 0, "num_jobs": 1000, "throughput_qps": 7.7058808216277725, "total_num_complete": 1000, "goodput_qps": 0, "total_num_tardy": 1000, "median_tardiness_ms": 23467.333581985786, "mean_tardiness_ms": 23426.292106969067, "std_tardiness_ms": 13448.32890355637, "median_latency_ms": 23467.333581985786, "mean_latency_ms": 23426.292106969067, "std_latency_ms": 13448.32890355637, "p99_latency_ms": 46532.55399311835, "total_num_dropped": 0, "drop_rate_qps": 0.0}}, {"4": {"client_id": 1, "slo": 0, "num_jobs": 1000, "throughput_qps": 6.793623891708292, "total_num_complete": 1000, "goodput_qps": 0, "total_num_tardy": 1000, "median_tardiness_ms": 28414.537350803286, "mean_tardiness_ms": 29791.63673257643, "std_tardiness_ms": 17292.075706442152, "median_latency_ms": 28414.537350803286, "mean_latency_ms": 29791.63673257643, "std_latency_ms": 17292.075706442152, "p99_latency_ms": 62352.10238659352, "total_num_dropped": 0, "drop_rate_qps": 0.0}}, {"5": {"client_id": 2, "slo": 0, "num_jobs": 1000, "throughput_qps": 10.604705858207538, "total_num_complete": 1000, "goodput_qps": 0, "total_num_tardy": 1000, "median_tardiness_ms": 3554.1027320011162, "mean_tardiness_ms": 4174.822121059357, "std_tardiness_ms": 2588.501896969743, "median_latency_ms": 3554.1027320011162, "mean_latency_ms": 4174.822121059357, "std_latency_ms": 2588.501896969743, "p99_latency_ms": 9652.69339662643, "total_num_dropped": 0, "drop_rate_qps": 0.0}}]}