{"clients": [{"1": {"client_id": 0, "slo": 0, "num_jobs": 1000, "throughput_qps": 6.002410528894937, "total_num_complete": 1000, "goodput_qps": 0, "total_num_tardy": 1000, "median_tardiness_ms": 350.8673752713248, "mean_tardiness_ms": 408.60586128031247, "std_tardiness_ms": 196.2626707996179, "median_latency_ms": 350.8673752713248, "mean_latency_ms": 408.60586128031247, "std_latency_ms": 196.2626707996179, "p99_latency_ms": 1033.562644428103, "total_num_dropped": 0, "drop_rate_qps": 0.0}}, {"4": {"client_id": 1, "slo": 0, "num_jobs": 1000, "throughput_qps": 5.972936982063237, "total_num_complete": 1000, "goodput_qps": 0, "total_num_tardy": 1000, "median_tardiness_ms": 1140.5049175543863, "mean_tardiness_ms": 1277.5260625559501, "std_tardiness_ms": 569.305930219161, "median_latency_ms": 1140.5049175543863, "mean_latency_ms": 1277.5260625559501, "std_latency_ms": 569.305930219161, "p99_latency_ms": 3172.98516994684, "total_num_dropped": 0, "drop_rate_qps": 0.0}}, {"5": {"client_id": 2, "slo": 0, "num_jobs": 1000, "throughput_qps": 5.98370725052015, "total_num_complete": 1000, "goodput_qps": 0, "total_num_tardy": 1000, "median_tardiness_ms": 510.33448263493847, "mean_tardiness_ms": 529.9767329557305, "std_tardiness_ms": 192.8770515733747, "median_latency_ms": 510.33448263493847, "mean_latency_ms": 529.9767329557305, "std_latency_ms": 192.8770515733747, "p99_latency_ms": 1036.2005324017643, "total_num_dropped": 0, "drop_rate_qps": 0.0}}]}