{"clients": [{"6": {"client_id": 0, "slo": 312, "num_jobs": 5000, "throughput_qps": 25.712066661055356, "total_num_complete": 4952, "goodput_qps": 25.712066661055356, "total_num_tardy": 0, "median_latency_ms": 81.4142892605405, "mean_latency_ms": 82.4579751519499, "std_latency_ms": 6.838134885553539, "p99_latency_ms": 103.7804222152526, "total_num_dropped": 48, "drop_rate_qps": 0.2492284329019905}}, {"7": {"client_id": 1, "slo": 352, "num_jobs": 5000, "throughput_qps": 25.83917373160311, "total_num_complete": 4971, "goodput_qps": 25.83917373160311, "total_num_tardy": 0, "median_latency_ms": 89.4515494685038, "mean_latency_ms": 90.40700345411864, "std_latency_ms": 6.837007932038311, "p99_latency_ms": 111.96046398444452, "total_num_dropped": 29, "drop_rate_qps": 0.15074150839197148}}, {"8": {"client_id": 2, "slo": 402, "num_jobs": 5000, "throughput_qps": 25.667281340149355, "total_num_complete": 4907, "goodput_qps": 25.667281340149355, "total_num_tardy": 0, "median_latency_ms": 99.61898022261448, "mean_latency_ms": 100.58203816100588, "std_latency_ms": 6.960690196018816, "p99_latency_ms": 121.37378063639727, "total_num_dropped": 93, "drop_rate_qps": 0.4864595811359058}}]}