{"clients": [{"6": {"client_id": 0, "slo": 0, "num_jobs": 5000, "throughput_qps": 25.146969572531578, "total_num_complete": 3526, "goodput_qps": 0, "total_num_tardy": 3526, "median_tardiness_ms": 83.63600463763441, "mean_tardiness_ms": 85.01695537417743, "std_tardiness_ms": 8.477226814485105, "median_latency_ms": 83.63600463763441, "mean_latency_ms": 85.01695537417743, "std_latency_ms": 8.477226814485105, "p99_latency_ms": 113.23159494847641, "total_num_dropped": 1474, "drop_rate_qps": 10.512374688006679}}, {"7": {"client_id": 1, "slo": 0, "num_jobs": 5000, "throughput_qps": 25.238997410808217, "total_num_complete": 3545, "goodput_qps": 0, "total_num_tardy": 3545, "median_tardiness_ms": 91.49501736537786, "mean_tardiness_ms": 92.91704450746938, "std_tardiness_ms": 8.552045332085427, "median_latency_ms": 91.49501736537786, "mean_latency_ms": 92.91704450746938, "std_latency_ms": 8.552045332085427, "p99_latency_ms": 118.80145591681648, "total_num_dropped": 1455, "drop_rate_qps": 10.359024325169521}}, {"8": {"client_id": 2, "slo": 0, "num_jobs": 5000, "throughput_qps": 24.96933204434029, "total_num_complete": 3479, "goodput_qps": 0, "total_num_tardy": 3479, "median_tardiness_ms": 102.25541613920359, "mean_tardiness_ms": 103.47338279681986, "std_tardiness_ms": 8.633401146347039, "median_latency_ms": 102.25541613920359, "mean_latency_ms": 103.47338279681986, "std_latency_ms": 8.633401146347039, "p99_latency_ms": 131.77095601107604, "total_num_dropped": 1521, "drop_rate_qps": 10.91645703921862}}]}