{"clients": [{"6": {"client_id": 0, "slo": 249, "num_jobs": 5000, "throughput_qps": 31.398341403792067, "total_num_complete": 3939, "goodput_qps": 31.350514531889868, "total_num_tardy": 6, "median_tardiness_ms": 13.1811184397734, "mean_tardiness_ms": 13.352692525673907, "std_tardiness_ms": 10.68926499970036, "median_latency_ms": 154.02688872990257, "mean_latency_ms": 155.4115994055949, "std_latency_ms": 22.960776727257894, "p99_latency_ms": 219.28441329379214, "total_num_dropped": 1061, "drop_rate_qps": 8.457385181371764}}, {"7": {"client_id": 1, "slo": 281, "num_jobs": 5000, "throughput_qps": 26.42702586684609, "total_num_complete": 3316, "goodput_qps": 26.411086768012048, "total_num_tardy": 2, "median_tardiness_ms": 20.42549187593721, "mean_tardiness_ms": 20.42549187593721, "std_tardiness_ms": 6.78161102919222, "median_latency_ms": 180.67980386388444, "mean_latency_ms": 181.80425769810498, "std_latency_ms": 31.014368274748154, "p99_latency_ms": 253.12929812485544, "total_num_dropped": 1684, "drop_rate_qps": 13.420721218265628}}, {"8": {"client_id": 2, "slo": 321, "num_jobs": 5000, "throughput_qps": 23.80624430065468, "total_num_complete": 2965, "goodput_qps": 23.798215213200834, "total_num_tardy": 1, "median_tardiness_ms": 18.96236333469824, "mean_tardiness_ms": 18.96236333469824, "std_tardiness_ms": 0.0, "median_latency_ms": 198.0040184831887, "mean_latency_ms": 199.32288573880092, "std_latency_ms": 31.390075207642514, "p99_latency_ms": 277.9835985841352, "total_num_dropped": 2034, "drop_rate_qps": 16.33116388112365}}]}