{"clients": [{"6": {"client_id": 0, "slo": 124, "num_jobs": 5000, "throughput_qps": 21.891625269237572, "total_num_complete": 3531, "goodput_qps": 21.873025757538983, "total_num_tardy": 3, "median_tardiness_ms": 3.366836419541869, "mean_tardiness_ms": 4.041300889213744, "std_tardiness_ms": 3.2104349517065125, "median_latency_ms": 84.29332285486089, "mean_latency_ms": 85.19121358666196, "std_latency_ms": 7.332863109503357, "p99_latency_ms": 107.25833812772903, "total_num_dropped": 1469, "drop_rate_qps": 9.107560895075048}}, {"7": {"client_id": 1, "slo": 140, "num_jobs": 5000, "throughput_qps": 27.521403664903378, "total_num_complete": 4441, "goodput_qps": 27.515206546311866, "total_num_tardy": 1, "median_tardiness_ms": 2.073915309505537, "mean_tardiness_ms": 2.073915309505537, "std_tardiness_ms": 0.0, "median_latency_ms": 93.61916946637211, "mean_latency_ms": 94.69567709614674, "std_latency_ms": 8.352554037313984, "p99_latency_ms": 119.05677652144821, "total_num_dropped": 559, "drop_rate_qps": 3.4641892926550297}}, {"8": {"client_id": 2, "slo": 160, "num_jobs": 5000, "throughput_qps": 27.159199477520833, "total_num_complete": 4351, "goodput_qps": 27.1529574183442, "total_num_tardy": 1, "median_tardiness_ms": 3.049196485761854, "mean_tardiness_ms": 3.049196485761854, "std_tardiness_ms": 0.0, "median_latency_ms": 104.22522721205314, "mean_latency_ms": 105.26991513647815, "std_latency_ms": 8.693285075854167, "p99_latency_ms": 130.25247786971704, "total_num_dropped": 649, "drop_rate_qps": 4.051096405633422}}]}