{"clients": [{"6": {"client_id": 0, "slo": 124, "num_jobs": 5000, "throughput_qps": 3.287173724371559, "total_num_complete": 460, "goodput_qps": 3.287173724371559, "total_num_tardy": 0, "median_latency_ms": 87.23979927909386, "mean_latency_ms": 87.88705571779109, "std_latency_ms": 5.294190677576916, "p99_latency_ms": 102.07183213499313, "total_num_dropped": 4540, "drop_rate_qps": 32.44297545358017}}, {"7": {"client_id": 1, "slo": 140, "num_jobs": 5000, "throughput_qps": 4.400414049551058, "total_num_complete": 617, "goodput_qps": 4.400414049551058, "total_num_tardy": 0, "median_latency_ms": 95.46433614106354, "mean_latency_ms": 96.13473402393696, "std_latency_ms": 5.703422322490478, "p99_latency_ms": 111.9247295842553, "total_num_dropped": 4383, "drop_rate_qps": 31.259343240165776}}, {"8": {"client_id": 2, "slo": 160, "num_jobs": 5000, "throughput_qps": 6.459989752635969, "total_num_complete": 898, "goodput_qps": 6.459989752635969, "total_num_tardy": 0, "median_latency_ms": 105.74359618121161, "mean_latency_ms": 105.96318215721547, "std_latency_ms": 5.608887169056178, "p99_latency_ms": 121.39225034930364, "total_num_dropped": 4102, "drop_rate_qps": 29.50877278988056}}]}