{"clients": [{"6": {"client_id": 0, "slo": 124, "num_jobs": 5000, "throughput_qps": 14.853632681406944, "total_num_complete": 2396, "goodput_qps": 13.762547809984731, "total_num_tardy": 176, "median_tardiness_ms": 1.278993116119409, "mean_tardiness_ms": 1.4050985624384524, "std_tardiness_ms": 0.8775878150480366, "median_latency_ms": 109.07467256892414, "mean_latency_ms": 107.5209750964851, "std_latency_ms": 12.216920518134712, "p99_latency_ms": 126.58058237801161, "total_num_dropped": 2604, "drop_rate_qps": 16.14309662036047}}, {"7": {"client_id": 1, "slo": 140, "num_jobs": 5000, "throughput_qps": 16.315747410245898, "total_num_complete": 2633, "goodput_qps": 15.125992946604725, "total_num_tardy": 192, "median_tardiness_ms": 1.4565032721639, "mean_tardiness_ms": 1.6243282502558738, "std_tardiness_ms": 1.0598294394363343, "median_latency_ms": 120.90116660582135, "mean_latency_ms": 119.80476700215704, "std_latency_ms": 14.755097994746116, "p99_latency_ms": 142.84801409589883, "total_num_dropped": 2367, "drop_rate_qps": 14.667441747076355}}, {"8": {"client_id": 2, "slo": 160, "num_jobs": 5000, "throughput_qps": 18.661686966917063, "total_num_complete": 2990, "goodput_qps": 17.544482295653467, "total_num_tardy": 179, "median_tardiness_ms": 1.8258659132625326, "mean_tardiness_ms": 2.094037682665618, "std_tardiness_ms": 1.5793994762523833, "median_latency_ms": 139.0995768711764, "mean_latency_ms": 137.04419822835436, "std_latency_ms": 16.95833256511842, "p99_latency_ms": 163.69252258878024, "total_num_dropped": 2010, "drop_rate_qps": 12.545147425920835}}]}