,client_id,workflow_id,job_id,was_completed,deadline,create_time,response_time
0,67be42c8-7973-423b-be71-1a3a4faa6161,6,0,True,341,29,70.29655790707147
1,67be42c8-7973-423b-be71-1a3a4faa6161,6,1,True,376,64,68.21625993517321
2,67be42c8-7973-423b-be71-1a3a4faa6161,6,2,True,401,89,66.79227202979604
3,67be42c8-7973-423b-be71-1a3a4faa6161,6,3,True,434,122,66.58094538775117
4,67be42c8-7973-423b-be71-1a3a4faa6161,6,4,True,471,159,77.76062124561139
5,67be42c8-7973-423b-be71-1a3a4faa6161,6,5,True,496,184,82.00420565098739
6,67be42c8-7973-423b-be71-1a3a4faa6161,6,6,True,524,212,76.81427092910741
7,67be42c8-7973-423b-be71-1a3a4faa6161,6,7,True,554,242,87.33088053676056
8,67be42c8-7973-423b-be71-1a3a4faa6161,6,8,True,587,275,78.89439195504087
9,67be42c8-7973-423b-be71-1a3a4faa6161,6,9,True,615,303,76.33339368775995
10,67be42c8-7973-423b-be71-1a3a4faa6161,6,10,True,645,333,78.11671962886004
11,67be42c8-7973-423b-be71-1a3a4faa6161,6,11,True,671,359,77.55278048876261
12,67be42c8-7973-423b-be71-1a3a4faa6161,6,12,True,704,392,76.30208543540027
13,67be42c8-7973-423b-be71-1a3a4faa6161,6,13,True,737,425,80.00961428084491
14,67be42c8-7973-423b-be71-1a3a4faa6161,6,14,True,765,453,72.19141197614067
15,67be42c8-7973-423b-be71-1a3a4faa6161,6,15,True,799,487,96.50827311143325
16,67be42c8-7973-423b-be71-1a3a4faa6161,6,16,True,823,511,100.37986459983324
17,67be42c8-7973-423b-be71-1a3a4faa6161,6,17,True,850,538,80.87242198530032
18,67be42c8-7973-423b-be71-1a3a4faa6161,6,18,True,878,566,87.53341695586573
19,67be42c8-7973-423b-be71-1a3a4faa6161,6,19,True,910,598,79.08982660389415
20,67be42c8-7973-423b-be71-1a3a4faa6161,6,20,True,952,640,69.92946588357233
21,67be42c8-7973-423b-be71-1a3a4faa6161,6,21,True,974,662,73.96435835260309
22,67be42c8-7973-423b-be71-1a3a4faa6161,6,22,True,992,680,69.54581321849241
23,67be42c8-7973-423b-be71-1a3a4faa6161,6,23,True,1021,709,93.46327898835307
24,67be42c8-7973-423b-be71-1a3a4faa6161,6,24,True,1058,746,82.5112818874079
25,67be42c8-7973-423b-be71-1a3a4faa6161,6,25,True,1085,773,76.4880069563228
26,67be42c8-7973-423b-be71-1a3a4faa6161,6,26,True,1109,797,66.66177166569241
27,67be42c8-7973-423b-be71-1a3a4faa6161,6,27,True,1145,833,84.93161035042635
28,67be42c8-7973-423b-be71-1a3a4faa6161,6,28,True,1180,868,77.18563482703166
29,67be42c8-7973-423b-be71-1a3a4faa6161,6,29,True,1216,904,68.2779104942606
30,67be42c8-7973-423b-be71-1a3a4faa6161,6,30,True,1245,933,71.20936119960163
31,67be42c8-7973-423b-be71-1a3a4faa6161,6,31,True,1283,971,67.85673182183359
32,67be42c8-7973-423b-be71-1a3a4faa6161,6,32,True,1311,999,69.39707176898332
33,67be42c8-7973-423b-be71-1a3a4faa6161,6,33,True,1339,1027,78.21947488702222
34,67be42c8-7973-423b-be71-1a3a4faa6161,6,34,True,1374,1062,74.76168017546411
35,67be42c8-7973-423b-be71-1a3a4faa6161,6,35,True,1413,1101,70.03985322349672
36,67be42c8-7973-423b-be71-1a3a4faa6161,6,36,True,1436,1124,74.26331345309768
37,67be42c8-7973-423b-be71-1a3a4faa6161,6,37,True,1472,1160,78.98270306897393
38,67be42c8-7973-423b-be71-1a3a4faa6161,6,38,True,1508,1196,71.57275223245233
39,67be42c8-7973-423b-be71-1a3a4faa6161,6,39,True,1540,1228,66.59683774368386
40,67be42c8-7973-423b-be71-1a3a4faa6161,6,40,True,1568,1256,62.92719062267406
41,67be42c8-7973-423b-be71-1a3a4faa6161,6,41,True,1608,1296,74.6695121388118
42,67be42c8-7973-423b-be71-1a3a4faa6161,6,42,True,1638,1326,86.39287630807803
43,67be42c8-7973-423b-be71-1a3a4faa6161,6,43,True,1664,1352,68.08934733619412
44,67be42c8-7973-423b-be71-1a3a4faa6161,6,44,True,1692,1380,87.64510105933527
45,67be42c8-7973-423b-be71-1a3a4faa6161,6,45,True,1725,1413,68.13861702338022
46,67be42c8-7973-423b-be71-1a3a4faa6161,6,46,True,1762,1450,81.60356063311133
47,67be42c8-7973-423b-be71-1a3a4faa6161,6,47,True,1801,1489,102.46193556174808
48,67be42c8-7973-423b-be71-1a3a4faa6161,6,48,True,1829,1517,83.38452099513665
49,67be42c8-7973-423b-be71-1a3a4faa6161,6,49,True,1855,1543,86.35903660499162
50,67be42c8-7973-423b-be71-1a3a4faa6161,6,50,True,1885,1573,97.15442007362776
51,67be42c8-7973-423b-be71-1a3a4faa6161,6,51,True,1908,1596,90.39554033803302
52,67be42c8-7973-423b-be71-1a3a4faa6161,6,52,True,1951,1639,78.8093057937756
53,67be42c8-7973-423b-be71-1a3a4faa6161,6,53,True,1982,1670,78.93276465270219
54,67be42c8-7973-423b-be71-1a3a4faa6161,6,54,True,2011,1699,86.07613674584854
55,67be42c8-7973-423b-be71-1a3a4faa6161,6,55,True,2057,1745,99.17662555597349
56,67be42c8-7973-423b-be71-1a3a4faa6161,6,56,True,2088,1776,84.18779319814075
57,67be42c8-7973-423b-be71-1a3a4faa6161,6,57,True,2115,1803,70.76323376310347
58,67be42c8-7973-423b-be71-1a3a4faa6161,6,58,True,2148,1836,80.59570559117674
59,67be42c8-7973-423b-be71-1a3a4faa6161,6,59,True,2167,1855,87.61608967130906
60,67be42c8-7973-423b-be71-1a3a4faa6161,6,60,True,2207,1895,121.80892368024661
61,67be42c8-7973-423b-be71-1a3a4faa6161,6,61,True,2231,1919,95.45626189805216
62,67be42c8-7973-423b-be71-1a3a4faa6161,6,62,True,2265,1953,89.23665944532581
63,67be42c8-7973-423b-be71-1a3a4faa6161,6,63,True,2292,1980,92.45715421804698
64,67be42c8-7973-423b-be71-1a3a4faa6161,6,64,True,2321,2009,87.55345559963007
65,67be42c8-7973-423b-be71-1a3a4faa6161,6,65,True,2354,2042,75.59051795843698
66,67be42c8-7973-423b-be71-1a3a4faa6161,6,66,True,2382,2070,81.56002856055511
67,67be42c8-7973-423b-be71-1a3a4faa6161,6,67,True,2416,2104,73.96708071458352
68,67be42c8-7973-423b-be71-1a3a4faa6161,6,68,True,2447,2135,80.60250735454292
69,67be42c8-7973-423b-be71-1a3a4faa6161,6,69,True,2481,2169,73.05903516668332
70,67be42c8-7973-423b-be71-1a3a4faa6161,6,70,True,2515,2203,75.16673315638218
71,67be42c8-7973-423b-be71-1a3a4faa6161,6,71,True,2557,2245,71.556743976495
72,67be42c8-7973-423b-be71-1a3a4faa6161,6,72,True,2585,2273,73.83654019748792
73,67be42c8-7973-423b-be71-1a3a4faa6161,6,73,True,2626,2314,60.78897787918095
74,67be42c8-7973-423b-be71-1a3a4faa6161,6,74,True,2653,2341,64.75574805170936
75,67be42c8-7973-423b-be71-1a3a4faa6161,6,75,True,2690,2378,68.74121641616239
76,67be42c8-7973-423b-be71-1a3a4faa6161,6,76,True,2722,2410,71.22375340096869
77,67be42c8-7973-423b-be71-1a3a4faa6161,6,77,True,2762,2450,86.74306623524035
78,67be42c8-7973-423b-be71-1a3a4faa6161,6,78,True,2790,2478,61.32935358143732
79,67be42c8-7973-423b-be71-1a3a4faa6161,6,79,True,2829,2517,68.12274132716493
80,67be42c8-7973-423b-be71-1a3a4faa6161,6,80,True,2863,2551,74.042000655229
81,67be42c8-7973-423b-be71-1a3a4faa6161,6,81,True,2888,2576,75.5046431158762
82,67be42c8-7973-423b-be71-1a3a4faa6161,6,82,True,2921,2609,66.30272961168839
83,67be42c8-7973-423b-be71-1a3a4faa6161,6,83,True,2944,2632,86.0430960852027
84,67be42c8-7973-423b-be71-1a3a4faa6161,6,84,True,2976,2664,74.5676569813877
85,67be42c8-7973-423b-be71-1a3a4faa6161,6,85,True,3010,2698,82.57496488385641
86,67be42c8-7973-423b-be71-1a3a4faa6161,6,86,True,3045,2733,81.44342871735171
87,67be42c8-7973-423b-be71-1a3a4faa6161,6,87,True,3073,2761,90.5872983307745
88,67be42c8-7973-423b-be71-1a3a4faa6161,6,88,True,3107,2795,82.89594874092563
89,67be42c8-7973-423b-be71-1a3a4faa6161,6,89,True,3141,2829,73.17210724333881
90,67be42c8-7973-423b-be71-1a3a4faa6161,6,90,True,3163,2851,71.66522994197248
91,67be42c8-7973-423b-be71-1a3a4faa6161,6,91,True,3190,2878,76.49598752549036
92,67be42c8-7973-423b-be71-1a3a4faa6161,6,92,True,3229,2917,75.6247158096744
93,67be42c8-7973-423b-be71-1a3a4faa6161,6,93,True,3266,2954,72.69839529477986
94,67be42c8-7973-423b-be71-1a3a4faa6161,6,94,True,3298,2986,68.86954474817139
95,67be42c8-7973-423b-be71-1a3a4faa6161,6,95,True,3324,3012,73.48855178521308
96,67be42c8-7973-423b-be71-1a3a4faa6161,6,96,True,3351,3039,74.7580865803152
97,67be42c8-7973-423b-be71-1a3a4faa6161,6,97,True,3385,3073,79.18312648819756
98,67be42c8-7973-423b-be71-1a3a4faa6161,6,98,True,3427,3115,81.72462378141972
99,67be42c8-7973-423b-be71-1a3a4faa6161,6,99,True,3468,3156,71.22106454077812
100,67be42c8-7973-423b-be71-1a3a4faa6161,6,100,True,3498,3186,77.73151135118496
101,67be42c8-7973-423b-be71-1a3a4faa6161,6,101,True,3526,3214,81.16428240232517
102,67be42c8-7973-423b-be71-1a3a4faa6161,6,102,True,3564,3252,76.55085846005068
103,67be42c8-7973-423b-be71-1a3a4faa6161,6,103,True,3589,3277,79.35208823182302
104,67be42c8-7973-423b-be71-1a3a4faa6161,6,104,True,3631,3319,73.80353273115998
105,67be42c8-7973-423b-be71-1a3a4faa6161,6,105,True,3663,3351,100.28017055784949
106,67be42c8-7973-423b-be71-1a3a4faa6161,6,106,True,3687,3375,73.8727319049849
107,67be42c8-7973-423b-be71-1a3a4faa6161,6,107,True,3726,3414,73.40623963531152
108,67be42c8-7973-423b-be71-1a3a4faa6161,6,108,True,3761,3449,81.7939520960067
109,67be42c8-7973-423b-be71-1a3a4faa6161,6,109,True,3790,3478,71.1640906466323
110,67be42c8-7973-423b-be71-1a3a4faa6161,6,110,True,3821,3509,73.5201344292891
111,67be42c8-7973-423b-be71-1a3a4faa6161,6,111,True,3858,3546,76.30960035953285
112,67be42c8-7973-423b-be71-1a3a4faa6161,6,112,True,3893,3581,70.31660618753403
113,67be42c8-7973-423b-be71-1a3a4faa6161,6,113,True,3932,3620,63.71428247693575
114,67be42c8-7973-423b-be71-1a3a4faa6161,6,114,True,3961,3649,65.78738009809013
115,67be42c8-7973-423b-be71-1a3a4faa6161,6,115,True,3993,3681,64.30227890342667
116,67be42c8-7973-423b-be71-1a3a4faa6161,6,116,True,4024,3712,75.56236972148008
117,67be42c8-7973-423b-be71-1a3a4faa6161,6,117,True,4051,3739,68.39098707757375
118,67be42c8-7973-423b-be71-1a3a4faa6161,6,118,True,4065,3753,72.50756163681854
119,67be42c8-7973-423b-be71-1a3a4faa6161,6,119,True,4102,3790,69.40993935809729
120,67be42c8-7973-423b-be71-1a3a4faa6161,6,120,True,4126,3814,81.09386772731432
121,67be42c8-7973-423b-be71-1a3a4faa6161,6,121,True,4162,3850,76.52294691483394
122,67be42c8-7973-423b-be71-1a3a4faa6161,6,122,True,4195,3883,74.30833655596552
123,67be42c8-7973-423b-be71-1a3a4faa6161,6,123,True,4214,3902,71.44565204252604
124,67be42c8-7973-423b-be71-1a3a4faa6161,6,124,True,4246,3934,95.08496394791564
125,67be42c8-7973-423b-be71-1a3a4faa6161,6,125,True,4277,3965,91.39222922486806
126,67be42c8-7973-423b-be71-1a3a4faa6161,6,126,True,4314,4002,88.8762935644022
127,67be42c8-7973-423b-be71-1a3a4faa6161,6,127,True,4344,4032,83.2261983578992
128,67be42c8-7973-423b-be71-1a3a4faa6161,6,128,True,4382,4070,87.22842820126516
129,67be42c8-7973-423b-be71-1a3a4faa6161,6,129,True,4412,4100,72.68936489463431
130,67be42c8-7973-423b-be71-1a3a4faa6161,6,130,True,4437,4125,75.60011888933786
131,67be42c8-7973-423b-be71-1a3a4faa6161,6,131,True,4469,4157,77.01036716512499
132,67be42c8-7973-423b-be71-1a3a4faa6161,6,132,True,4503,4191,72.7654929136761
133,67be42c8-7973-423b-be71-1a3a4faa6161,6,133,True,4547,4235,65.67584832574721
134,67be42c8-7973-423b-be71-1a3a4faa6161,6,134,True,4579,4267,65.02565240858439
135,67be42c8-7973-423b-be71-1a3a4faa6161,6,135,True,4609,4297,62.133649112632156
136,67be42c8-7973-423b-be71-1a3a4faa6161,6,136,True,4638,4326,76.04627897846149
137,67be42c8-7973-423b-be71-1a3a4faa6161,6,137,True,4656,4344,82.50271216017245
138,67be42c8-7973-423b-be71-1a3a4faa6161,6,138,True,4694,4382,78.4162758277871
139,67be42c8-7973-423b-be71-1a3a4faa6161,6,139,True,4725,4413,73.63271375564818
140,67be42c8-7973-423b-be71-1a3a4faa6161,6,140,True,4756,4444,66.90962085536557
141,67be42c8-7973-423b-be71-1a3a4faa6161,6,141,True,4781,4469,71.13539350503106
142,67be42c8-7973-423b-be71-1a3a4faa6161,6,142,True,4810,4498,72.49725709704671
143,67be42c8-7973-423b-be71-1a3a4faa6161,6,143,True,4843,4531,71.87408899673574
144,67be42c8-7973-423b-be71-1a3a4faa6161,6,144,True,4872,4560,86.95878630871812
145,67be42c8-7973-423b-be71-1a3a4faa6161,6,145,True,4903,4591,62.986372264040256
146,67be42c8-7973-423b-be71-1a3a4faa6161,6,146,True,4937,4625,82.13448031366897
147,67be42c8-7973-423b-be71-1a3a4faa6161,6,147,True,4958,4646,82.0053232871278
148,67be42c8-7973-423b-be71-1a3a4faa6161,6,148,True,5000,4688,80.46126759375238
149,67be42c8-7973-423b-be71-1a3a4faa6161,6,149,True,5029,4717,77.04084927734675
150,67be42c8-7973-423b-be71-1a3a4faa6161,6,150,True,5059,4747,78.9950315135793
151,67be42c8-7973-423b-be71-1a3a4faa6161,6,151,True,5102,4790,63.68956130573133
152,67be42c8-7973-423b-be71-1a3a4faa6161,6,152,True,5128,4816,65.31473931116307
153,67be42c8-7973-423b-be71-1a3a4faa6161,6,153,True,5151,4839,72.5683018747377
154,67be42c8-7973-423b-be71-1a3a4faa6161,6,154,True,5173,4861,69.43320240422236
155,67be42c8-7973-423b-be71-1a3a4faa6161,6,155,True,5194,4882,78.69218322284996
156,67be42c8-7973-423b-be71-1a3a4faa6161,6,156,True,5232,4920,79.9404986763193
157,67be42c8-7973-423b-be71-1a3a4faa6161,6,157,True,5269,4957,75.35730050400161
158,67be42c8-7973-423b-be71-1a3a4faa6161,6,158,True,5292,4980,84.74727251217791
159,67be42c8-7973-423b-be71-1a3a4faa6161,6,159,True,5325,5013,76.282698407309
160,67be42c8-7973-423b-be71-1a3a4faa6161,6,160,True,5360,5048,86.49155797047206
161,67be42c8-7973-423b-be71-1a3a4faa6161,6,161,True,5387,5075,90.97449432787198
162,67be42c8-7973-423b-be71-1a3a4faa6161,6,162,True,5416,5104,93.96475652421486
163,67be42c8-7973-423b-be71-1a3a4faa6161,6,163,True,5454,5142,84.41586617551457
164,67be42c8-7973-423b-be71-1a3a4faa6161,6,164,True,5490,5178,78.16427177548667
165,67be42c8-7973-423b-be71-1a3a4faa6161,6,165,True,5513,5201,87.21103773716914
166,67be42c8-7973-423b-be71-1a3a4faa6161,6,166,True,5544,5232,90.51593285141371
167,67be42c8-7973-423b-be71-1a3a4faa6161,6,167,True,5572,5260,84.33674473333394
168,67be42c8-7973-423b-be71-1a3a4faa6161,6,168,True,5601,5289,78.30450119194211
169,67be42c8-7973-423b-be71-1a3a4faa6161,6,169,True,5641,5329,71.29209280302257
170,67be42c8-7973-423b-be71-1a3a4faa6161,6,170,True,5685,5373,87.23978017173795
171,67be42c8-7973-423b-be71-1a3a4faa6161,6,171,True,5718,5406,84.91650064295754
172,67be42c8-7973-423b-be71-1a3a4faa6161,6,172,True,5746,5434,96.08611711738467
173,67be42c8-7973-423b-be71-1a3a4faa6161,6,173,True,5780,5468,88.04682695680458
174,67be42c8-7973-423b-be71-1a3a4faa6161,6,174,True,5816,5504,96.76169946094251
175,67be42c8-7973-423b-be71-1a3a4faa6161,6,175,True,5838,5526,124.60080814360299
176,67be42c8-7973-423b-be71-1a3a4faa6161,6,176,True,5858,5546,81.42571816037616
177,67be42c8-7973-423b-be71-1a3a4faa6161,6,177,True,5888,5576,77.17862119895563
178,67be42c8-7973-423b-be71-1a3a4faa6161,6,178,True,5917,5605,103.16842488164184
179,67be42c8-7973-423b-be71-1a3a4faa6161,6,179,True,5941,5629,93.38282748117126
180,67be42c8-7973-423b-be71-1a3a4faa6161,6,180,True,5974,5662,97.25116038940632
181,67be42c8-7973-423b-be71-1a3a4faa6161,6,181,True,5996,5684,91.74897195217272
182,67be42c8-7973-423b-be71-1a3a4faa6161,6,182,True,6031,5719,95.07452111963448
183,67be42c8-7973-423b-be71-1a3a4faa6161,6,183,True,6060,5748,83.23550226223506
184,67be42c8-7973-423b-be71-1a3a4faa6161,6,184,True,6089,5777,98.36023786934857
185,67be42c8-7973-423b-be71-1a3a4faa6161,6,185,True,6125,5813,86.27802838506523
186,67be42c8-7973-423b-be71-1a3a4faa6161,6,186,True,6155,5843,138.66923849223258
187,67be42c8-7973-423b-be71-1a3a4faa6161,6,187,True,6178,5866,113.15561542995783
188,67be42c8-7973-423b-be71-1a3a4faa6161,6,188,True,6198,5886,129.70465297678675
189,67be42c8-7973-423b-be71-1a3a4faa6161,6,189,True,6221,5909,116.22874532911828
190,67be42c8-7973-423b-be71-1a3a4faa6161,6,190,True,6256,5944,125.82336304248292
191,67be42c8-7973-423b-be71-1a3a4faa6161,6,191,True,6302,5990,102.27910935870659
192,67be42c8-7973-423b-be71-1a3a4faa6161,6,192,True,6329,6017,127.13342621883658
193,67be42c8-7973-423b-be71-1a3a4faa6161,6,193,True,6350,6038,111.00172421096886
194,67be42c8-7973-423b-be71-1a3a4faa6161,6,194,True,6383,6071,101.46940348580574
195,67be42c8-7973-423b-be71-1a3a4faa6161,6,195,True,6413,6101,98.3005320802904
196,67be42c8-7973-423b-be71-1a3a4faa6161,6,196,True,6446,6134,123.644636103023
197,67be42c8-7973-423b-be71-1a3a4faa6161,6,197,True,6464,6152,94.14822294668193
198,67be42c8-7973-423b-be71-1a3a4faa6161,6,198,True,6494,6182,91.05612243999622
199,67be42c8-7973-423b-be71-1a3a4faa6161,6,199,True,6521,6209,96.62030804294409
200,67be42c8-7973-423b-be71-1a3a4faa6161,6,200,True,6552,6240,93.77547839315866
201,67be42c8-7973-423b-be71-1a3a4faa6161,6,201,True,6585,6273,86.8172332599861
202,67be42c8-7973-423b-be71-1a3a4faa6161,6,202,True,6620,6308,76.34701056851009
203,67be42c8-7973-423b-be71-1a3a4faa6161,6,203,True,6648,6336,99.98836172335086
204,67be42c8-7973-423b-be71-1a3a4faa6161,6,204,True,6682,6370,95.72647329475603
205,67be42c8-7973-423b-be71-1a3a4faa6161,6,205,True,6722,6410,79.63419350472304
206,67be42c8-7973-423b-be71-1a3a4faa6161,6,206,True,6755,6443,73.92065287788591
207,67be42c8-7973-423b-be71-1a3a4faa6161,6,207,True,6773,6461,87.72926547651787
208,67be42c8-7973-423b-be71-1a3a4faa6161,6,208,True,6802,6490,87.08148354488003
209,67be42c8-7973-423b-be71-1a3a4faa6161,6,209,True,6835,6523,82.050851671298
210,67be42c8-7973-423b-be71-1a3a4faa6161,6,210,True,6873,6561,87.56990999581649
211,67be42c8-7973-423b-be71-1a3a4faa6161,6,211,True,6903,6591,78.04511505507435
212,67be42c8-7973-423b-be71-1a3a4faa6161,6,212,True,6941,6629,85.9274894876653
213,67be42c8-7973-423b-be71-1a3a4faa6161,6,213,True,6971,6659,88.39619467837383
214,67be42c8-7973-423b-be71-1a3a4faa6161,6,214,True,7015,6703,71.6022180557593
215,67be42c8-7973-423b-be71-1a3a4faa6161,6,215,True,7041,6729,77.54390454451641
216,67be42c8-7973-423b-be71-1a3a4faa6161,6,216,True,7074,6762,76.50529153796833
217,67be42c8-7973-423b-be71-1a3a4faa6161,6,217,True,7097,6785,76.71057979708257
218,67be42c8-7973-423b-be71-1a3a4faa6161,6,218,True,7129,6817,72.90740483254285
219,67be42c8-7973-423b-be71-1a3a4faa6161,6,219,True,7161,6849,76.44474365253518
220,67be42c8-7973-423b-be71-1a3a4faa6161,6,220,True,7193,6881,82.43910647754637
221,67be42c8-7973-423b-be71-1a3a4faa6161,6,221,True,7232,6920,81.1251547589527
222,67be42c8-7973-423b-be71-1a3a4faa6161,6,222,True,7256,6944,65.89816739653634
223,67be42c8-7973-423b-be71-1a3a4faa6161,6,223,True,7292,6980,86.53151965966481
224,67be42c8-7973-423b-be71-1a3a4faa6161,6,224,True,7327,7015,78.89515924769148
225,67be42c8-7973-423b-be71-1a3a4faa6161,6,225,True,7351,7039,83.1448891501077
226,67be42c8-7973-423b-be71-1a3a4faa6161,6,226,True,7380,7068,84.49999783964631
227,67be42c8-7973-423b-be71-1a3a4faa6161,6,227,True,7409,7097,83.08186869685869
228,67be42c8-7973-423b-be71-1a3a4faa6161,6,228,True,7449,7137,81.34348312484599
229,67be42c8-7973-423b-be71-1a3a4faa6161,6,229,True,7480,7168,76.37381729098342
230,67be42c8-7973-423b-be71-1a3a4faa6161,6,230,True,7509,7197,78.27454176888023
231,67be42c8-7973-423b-be71-1a3a4faa6161,6,231,True,7540,7228,83.85740254179473
232,67be42c8-7973-423b-be71-1a3a4faa6161,6,232,True,7571,7259,85.38017088289689
233,67be42c8-7973-423b-be71-1a3a4faa6161,6,233,True,7604,7292,76.84720653332806
234,67be42c8-7973-423b-be71-1a3a4faa6161,6,234,True,7625,7313,89.82462588757517
235,67be42c8-7973-423b-be71-1a3a4faa6161,6,235,True,7649,7337,88.70404086911185
236,67be42c8-7973-423b-be71-1a3a4faa6161,6,236,True,7673,7361,97.09604300757837
237,67be42c8-7973-423b-be71-1a3a4faa6161,6,237,True,7698,7386,97.75157226376541
238,67be42c8-7973-423b-be71-1a3a4faa6161,6,238,True,7738,7426,81.87016077814678
239,67be42c8-7973-423b-be71-1a3a4faa6161,6,239,True,7772,7460,76.01857032598218
240,67be42c8-7973-423b-be71-1a3a4faa6161,6,240,True,7798,7486,95.89191326358923
241,67be42c8-7973-423b-be71-1a3a4faa6161,6,241,True,7823,7511,91.71664115819749
242,67be42c8-7973-423b-be71-1a3a4faa6161,6,242,True,7848,7536,135.80505811100193
243,67be42c8-7973-423b-be71-1a3a4faa6161,6,243,True,7871,7559,115.25402862269311
244,67be42c8-7973-423b-be71-1a3a4faa6161,6,244,True,7897,7585,98.77482724424135
245,67be42c8-7973-423b-be71-1a3a4faa6161,6,245,True,7928,7616,126.3699578693886
246,67be42c8-7973-423b-be71-1a3a4faa6161,6,246,True,7961,7649,160.15931329205978
247,67be42c8-7973-423b-be71-1a3a4faa6161,6,247,True,7981,7669,153.0613790964644
248,67be42c8-7973-423b-be71-1a3a4faa6161,6,248,True,8018,7706,109.32596278054098
249,67be42c8-7973-423b-be71-1a3a4faa6161,6,249,True,8043,7731,113.89889127189235
250,67be42c8-7973-423b-be71-1a3a4faa6161,6,250,True,8072,7760,113.09444068113953
251,67be42c8-7973-423b-be71-1a3a4faa6161,6,251,True,8105,7793,112.44794583990551
252,67be42c8-7973-423b-be71-1a3a4faa6161,6,252,True,8136,7824,98.41625723888137
253,67be42c8-7973-423b-be71-1a3a4faa6161,6,253,True,8167,7855,101.3518820842337
254,67be42c8-7973-423b-be71-1a3a4faa6161,6,254,True,8190,7878,120.20048442634925
255,67be42c8-7973-423b-be71-1a3a4faa6161,6,255,True,8222,7910,85.8124232865257
256,67be42c8-7973-423b-be71-1a3a4faa6161,6,256,True,8249,7937,99.5367414611701
257,67be42c8-7973-423b-be71-1a3a4faa6161,6,257,True,8275,7963,101.26562609192297
258,67be42c8-7973-423b-be71-1a3a4faa6161,6,258,True,8308,7996,103.5304548827462
259,67be42c8-7973-423b-be71-1a3a4faa6161,6,259,True,8344,8032,148.9159519040959
260,67be42c8-7973-423b-be71-1a3a4faa6161,6,260,True,8366,8054,102.2217371162069
261,67be42c8-7973-423b-be71-1a3a4faa6161,6,261,True,8399,8087,110.86673218071701
262,67be42c8-7973-423b-be71-1a3a4faa6161,6,262,True,8429,8117,114.86562111030071
263,67be42c8-7973-423b-be71-1a3a4faa6161,6,263,True,8456,8144,106.08335428515966
264,67be42c8-7973-423b-be71-1a3a4faa6161,6,264,True,8490,8178,106.0889770884678
265,67be42c8-7973-423b-be71-1a3a4faa6161,6,265,True,8523,8211,110.65708279251521
266,67be42c8-7973-423b-be71-1a3a4faa6161,6,266,True,8546,8234,90.03211648015713
267,67be42c8-7973-423b-be71-1a3a4faa6161,6,267,True,8573,8261,88.19800517769727
268,67be42c8-7973-423b-be71-1a3a4faa6161,6,268,True,8598,8286,137.66151416511093
269,67be42c8-7973-423b-be71-1a3a4faa6161,6,269,True,8620,8308,83.81682464218284
270,67be42c8-7973-423b-be71-1a3a4faa6161,6,270,True,8650,8338,94.43109590298081
271,67be42c8-7973-423b-be71-1a3a4faa6161,6,271,True,8673,8361,125.56381711482572
272,67be42c8-7973-423b-be71-1a3a4faa6161,6,272,True,8710,8398,99.15623653941111
273,67be42c8-7973-423b-be71-1a3a4faa6161,6,273,True,8735,8423,101.7993288656653
274,67be42c8-7973-423b-be71-1a3a4faa6161,6,274,True,8776,8464,101.20444844561462
275,67be42c8-7973-423b-be71-1a3a4faa6161,6,275,True,8808,8496,95.52728590492916
276,67be42c8-7973-423b-be71-1a3a4faa6161,6,276,True,8844,8532,87.89676836582294
277,67be42c8-7973-423b-be71-1a3a4faa6161,6,277,True,8872,8560,101.5527784407077
278,67be42c8-7973-423b-be71-1a3a4faa6161,6,278,True,8903,8591,97.59935277636396
279,67be42c8-7973-423b-be71-1a3a4faa6161,6,279,True,8926,8614,102.28775911502453
280,67be42c8-7973-423b-be71-1a3a4faa6161,6,280,True,8954,8642,95.10896522632902
281,67be42c8-7973-423b-be71-1a3a4faa6161,6,281,True,8979,8667,90.03844900504373
282,67be42c8-7973-423b-be71-1a3a4faa6161,6,282,True,9011,8699,100.46019995784263
283,67be42c8-7973-423b-be71-1a3a4faa6161,6,283,True,9039,8727,122.14156818142692
284,67be42c8-7973-423b-be71-1a3a4faa6161,6,284,True,9067,8755,106.0034601661373
285,67be42c8-7973-423b-be71-1a3a4faa6161,6,285,True,9094,8782,100.74179745398942
286,67be42c8-7973-423b-be71-1a3a4faa6161,6,286,True,9130,8818,95.28365892774491
287,67be42c8-7973-423b-be71-1a3a4faa6161,6,287,True,9161,8849,102.08869998269074
288,67be42c8-7973-423b-be71-1a3a4faa6161,6,288,True,9190,8878,105.55697620294086
289,67be42c8-7973-423b-be71-1a3a4faa6161,6,289,True,9214,8902,94.2163505754761
290,67be42c8-7973-423b-be71-1a3a4faa6161,6,290,True,9256,8944,74.87287581824967
291,67be42c8-7973-423b-be71-1a3a4faa6161,6,291,True,9277,8965,89.80587896324687
292,67be42c8-7973-423b-be71-1a3a4faa6161,6,292,True,9309,8997,83.41462831651916
293,67be42c8-7973-423b-be71-1a3a4faa6161,6,293,True,9333,9021,69.13525630033655
294,67be42c8-7973-423b-be71-1a3a4faa6161,6,294,True,9359,9047,72.87316707290847
295,67be42c8-7973-423b-be71-1a3a4faa6161,6,295,True,9384,9072,72.40045309918241
296,67be42c8-7973-423b-be71-1a3a4faa6161,6,296,True,9418,9106,69.75191236812316
297,67be42c8-7973-423b-be71-1a3a4faa6161,6,297,True,9447,9135,74.09927779730788
298,67be42c8-7973-423b-be71-1a3a4faa6161,6,298,True,9476,9164,73.01973276023637
299,67be42c8-7973-423b-be71-1a3a4faa6161,6,299,True,9506,9194,70.48488336577066
300,67be42c8-7973-423b-be71-1a3a4faa6161,6,300,True,9537,9225,74.19063180354533
301,67be42c8-7973-423b-be71-1a3a4faa6161,6,301,True,9573,9261,79.963481298626
302,67be42c8-7973-423b-be71-1a3a4faa6161,6,302,True,9602,9290,78.17199178438932
303,67be42c8-7973-423b-be71-1a3a4faa6161,6,303,True,9642,9330,66.11807711463007
304,67be42c8-7973-423b-be71-1a3a4faa6161,6,304,True,9675,9363,78.88957606009535
305,67be42c8-7973-423b-be71-1a3a4faa6161,6,305,True,9699,9387,70.39748516438704
306,67be42c8-7973-423b-be71-1a3a4faa6161,6,306,True,9732,9420,71.83649153509214
307,67be42c8-7973-423b-be71-1a3a4faa6161,6,307,True,9771,9459,76.78295176208849
308,67be42c8-7973-423b-be71-1a3a4faa6161,6,308,True,9795,9483,81.56176191421946
309,67be42c8-7973-423b-be71-1a3a4faa6161,6,309,True,9822,9510,70.27698330998282
310,67be42c8-7973-423b-be71-1a3a4faa6161,6,310,True,9851,9539,77.48698942943338
311,67be42c8-7973-423b-be71-1a3a4faa6161,6,311,True,9875,9563,96.18920704566517
312,67be42c8-7973-423b-be71-1a3a4faa6161,6,312,True,9912,9600,82.53206929958469
313,67be42c8-7973-423b-be71-1a3a4faa6161,6,313,True,9938,9626,88.02100241320841
314,67be42c8-7973-423b-be71-1a3a4faa6161,6,314,True,9973,9661,82.76559807386002
315,67be42c8-7973-423b-be71-1a3a4faa6161,6,315,True,10008,9696,71.52988011413254
316,67be42c8-7973-423b-be71-1a3a4faa6161,6,316,True,10035,9723,86.09356220897644
317,67be42c8-7973-423b-be71-1a3a4faa6161,6,317,True,10068,9756,82.45989814283712
318,67be42c8-7973-423b-be71-1a3a4faa6161,6,318,True,10099,9787,88.5310502457578
319,67be42c8-7973-423b-be71-1a3a4faa6161,6,319,True,10124,9812,91.3085786607262
320,67be42c8-7973-423b-be71-1a3a4faa6161,6,320,True,10155,9843,84.11481785108663
321,67be42c8-7973-423b-be71-1a3a4faa6161,6,321,True,10197,9885,76.74784902086685
322,67be42c8-7973-423b-be71-1a3a4faa6161,6,322,True,10232,9920,77.91064319554789
323,67be42c8-7973-423b-be71-1a3a4faa6161,6,323,True,10264,9952,70.72566081744844
324,67be42c8-7973-423b-be71-1a3a4faa6161,6,324,True,10294,9982,73.11060755826111
325,67be42c8-7973-423b-be71-1a3a4faa6161,6,325,True,10324,10012,85.66598076886476
326,67be42c8-7973-423b-be71-1a3a4faa6161,6,326,True,10348,10036,93.69967198894119
327,67be42c8-7973-423b-be71-1a3a4faa6161,6,327,True,10387,10075,74.84676294274504
328,67be42c8-7973-423b-be71-1a3a4faa6161,6,328,True,10420,10108,68.05787031648288
329,67be42c8-7973-423b-be71-1a3a4faa6161,6,329,True,10439,10127,87.65522550704736
330,67be42c8-7973-423b-be71-1a3a4faa6161,6,330,True,10476,10164,67.52181734627266
331,67be42c8-7973-423b-be71-1a3a4faa6161,6,331,True,10504,10192,74.21127430244633
332,67be42c8-7973-423b-be71-1a3a4faa6161,6,332,True,10536,10224,73.41674331009563
333,67be42c8-7973-423b-be71-1a3a4faa6161,6,333,True,10565,10253,77.21043352060951
334,67be42c8-7973-423b-be71-1a3a4faa6161,6,334,True,10600,10288,77.06112037663115
335,67be42c8-7973-423b-be71-1a3a4faa6161,6,335,True,10626,10314,106.12295779426131
336,67be42c8-7973-423b-be71-1a3a4faa6161,6,336,True,10650,10338,100.1097780649925
337,67be42c8-7973-423b-be71-1a3a4faa6161,6,337,True,10681,10369,95.87776858985853
338,67be42c8-7973-423b-be71-1a3a4faa6161,6,338,True,10722,10410,81.09113332990091
339,67be42c8-7973-423b-be71-1a3a4faa6161,6,339,True,10755,10443,89.91134515768135
340,67be42c8-7973-423b-be71-1a3a4faa6161,6,340,True,10779,10467,77.37098968300961
341,67be42c8-7973-423b-be71-1a3a4faa6161,6,341,True,10810,10498,87.55544603077215
342,67be42c8-7973-423b-be71-1a3a4faa6161,6,342,True,10831,10519,82.02163886173003
343,67be42c8-7973-423b-be71-1a3a4faa6161,6,343,True,10857,10545,88.65201497971248
344,67be42c8-7973-423b-be71-1a3a4faa6161,6,344,True,10889,10577,84.87367022194121
345,67be42c8-7973-423b-be71-1a3a4faa6161,6,345,True,10925,10613,78.05320727256549
346,67be42c8-7973-423b-be71-1a3a4faa6161,6,346,True,10957,10645,78.91933138546483
347,67be42c8-7973-423b-be71-1a3a4faa6161,6,347,True,10987,10675,91.48017387919572
348,67be42c8-7973-423b-be71-1a3a4faa6161,6,348,True,11012,10700,91.13510979373314
349,67be42c8-7973-423b-be71-1a3a4faa6161,6,349,True,11041,10729,86.84840316946611
350,67be42c8-7973-423b-be71-1a3a4faa6161,6,350,True,11075,10763,97.34043010543974
351,67be42c8-7973-423b-be71-1a3a4faa6161,6,351,True,11110,10798,70.01540881018627
352,67be42c8-7973-423b-be71-1a3a4faa6161,6,352,True,11136,10824,69.5195857262297
353,67be42c8-7973-423b-be71-1a3a4faa6161,6,353,True,11173,10861,93.57789576215691
354,67be42c8-7973-423b-be71-1a3a4faa6161,6,354,True,11207,10895,87.97781911545098
355,67be42c8-7973-423b-be71-1a3a4faa6161,6,355,True,11230,10918,88.63362627018432
356,67be42c8-7973-423b-be71-1a3a4faa6161,6,356,True,11267,10955,66.97915515685054
357,67be42c8-7973-423b-be71-1a3a4faa6161,6,357,True,11301,10989,99.1924348739376
358,67be42c8-7973-423b-be71-1a3a4faa6161,6,358,True,11329,11017,93.92556734931895
359,67be42c8-7973-423b-be71-1a3a4faa6161,6,359,True,11355,11043,91.50938032649356
360,67be42c8-7973-423b-be71-1a3a4faa6161,6,360,True,11380,11068,100.42775196885123
361,67be42c8-7973-423b-be71-1a3a4faa6161,6,361,True,11410,11098,95.49024415661552
362,67be42c8-7973-423b-be71-1a3a4faa6161,6,362,True,11447,11135,80.62187306486885
363,67be42c8-7973-423b-be71-1a3a4faa6161,6,363,True,11474,11162,82.64617331190857
364,67be42c8-7973-423b-be71-1a3a4faa6161,6,364,True,11507,11195,77.47549159805385
365,67be42c8-7973-423b-be71-1a3a4faa6161,6,365,True,11540,11228,72.63084275639449
366,67be42c8-7973-423b-be71-1a3a4faa6161,6,366,True,11572,11260,81.32912125882831
367,67be42c8-7973-423b-be71-1a3a4faa6161,6,367,True,11600,11288,82.50180537472261
368,67be42c8-7973-423b-be71-1a3a4faa6161,6,368,True,11636,11324,76.99392332751631
369,67be42c8-7973-423b-be71-1a3a4faa6161,6,369,True,11675,11363,79.13470387955749
370,67be42c8-7973-423b-be71-1a3a4faa6161,6,370,True,11714,11402,73.64347250158244
371,67be42c8-7973-423b-be71-1a3a4faa6161,6,371,True,11744,11432,72.03234576000432
372,67be42c8-7973-423b-be71-1a3a4faa6161,6,372,True,11771,11459,61.86653897545693
373,67be42c8-7973-423b-be71-1a3a4faa6161,6,373,True,11804,11492,69.30560651218366
374,67be42c8-7973-423b-be71-1a3a4faa6161,6,374,True,11829,11517,74.84702485836897
375,67be42c8-7973-423b-be71-1a3a4faa6161,6,375,True,11852,11540,75.60193979844371
376,67be42c8-7973-423b-be71-1a3a4faa6161,6,376,True,11879,11567,73.10189170377453
377,67be42c8-7973-423b-be71-1a3a4faa6161,6,377,True,11913,11601,76.79996471636332
378,67be42c8-7973-423b-be71-1a3a4faa6161,6,378,True,11939,11627,82.18842766403577
379,67be42c8-7973-423b-be71-1a3a4faa6161,6,379,True,11978,11666,73.86532430817533
380,67be42c8-7973-423b-be71-1a3a4faa6161,6,380,True,12011,11699,81.93073753608769
381,67be42c8-7973-423b-be71-1a3a4faa6161,6,381,True,12041,11729,69.21384920166929
382,67be42c8-7973-423b-be71-1a3a4faa6161,6,382,True,12072,11760,63.20344491733522
383,67be42c8-7973-423b-be71-1a3a4faa6161,6,383,True,12097,11785,70.81216031613076
384,67be42c8-7973-423b-be71-1a3a4faa6161,6,384,True,12119,11807,75.24036924208485
385,67be42c8-7973-423b-be71-1a3a4faa6161,6,385,True,12146,11834,83.1008975869463
386,67be42c8-7973-423b-be71-1a3a4faa6161,6,386,True,12174,11862,90.16726071917037
387,67be42c8-7973-423b-be71-1a3a4faa6161,6,387,True,12209,11897,83.92406297711022
388,67be42c8-7973-423b-be71-1a3a4faa6161,6,388,True,12241,11929,77.27694148648334
389,67be42c8-7973-423b-be71-1a3a4faa6161,6,389,True,12276,11964,72.66457091554366
390,67be42c8-7973-423b-be71-1a3a4faa6161,6,390,True,12309,11997,80.67678457562215
391,67be42c8-7973-423b-be71-1a3a4faa6161,6,391,True,12340,12028,80.75999899903763
392,67be42c8-7973-423b-be71-1a3a4faa6161,6,392,True,12368,12056,86.48867460391921
393,67be42c8-7973-423b-be71-1a3a4faa6161,6,393,True,12391,12079,67.01748098767348
394,67be42c8-7973-423b-be71-1a3a4faa6161,6,394,True,12426,12114,63.450143378251596
395,67be42c8-7973-423b-be71-1a3a4faa6161,6,395,True,12460,12148,85.51129957496596
396,67be42c8-7973-423b-be71-1a3a4faa6161,6,396,True,12487,12175,83.19068933800918
397,67be42c8-7973-423b-be71-1a3a4faa6161,6,397,True,12524,12212,82.45656272429005
398,67be42c8-7973-423b-be71-1a3a4faa6161,6,398,True,12551,12239,89.76689250878007
399,67be42c8-7973-423b-be71-1a3a4faa6161,6,399,True,12580,12268,73.77308232449104
400,67be42c8-7973-423b-be71-1a3a4faa6161,6,400,True,12621,12309,66.89004790939725
401,67be42c8-7973-423b-be71-1a3a4faa6161,6,401,True,12665,12353,68.66050029827602
402,67be42c8-7973-423b-be71-1a3a4faa6161,6,402,True,12690,12378,70.13616690620802
403,67be42c8-7973-423b-be71-1a3a4faa6161,6,403,True,12729,12417,79.42880132239588
404,67be42c8-7973-423b-be71-1a3a4faa6161,6,404,True,12766,12454,95.46733894893077
405,67be42c8-7973-423b-be71-1a3a4faa6161,6,405,True,12800,12488,80.23911523952484
406,67be42c8-7973-423b-be71-1a3a4faa6161,6,406,True,12827,12515,85.12519501287898
407,67be42c8-7973-423b-be71-1a3a4faa6161,6,407,True,12870,12558,91.45931384031064
408,67be42c8-7973-423b-be71-1a3a4faa6161,6,408,True,12895,12583,88.73142318724058
409,67be42c8-7973-423b-be71-1a3a4faa6161,6,409,True,12936,12624,90.69742743014467
410,67be42c8-7973-423b-be71-1a3a4faa6161,6,410,True,12971,12659,78.8890316677298
411,67be42c8-7973-423b-be71-1a3a4faa6161,6,411,True,13014,12702,69.72014537493851
412,67be42c8-7973-423b-be71-1a3a4faa6161,6,412,True,13052,12740,65.22338955605301
413,67be42c8-7973-423b-be71-1a3a4faa6161,6,413,True,13080,12768,70.66251833661227
414,67be42c8-7973-423b-be71-1a3a4faa6161,6,414,True,13106,12794,71.62717901090764
415,67be42c8-7973-423b-be71-1a3a4faa6161,6,415,True,13127,12815,77.05159548337178
416,67be42c8-7973-423b-be71-1a3a4faa6161,6,416,True,13155,12843,89.64587900648075
417,67be42c8-7973-423b-be71-1a3a4faa6161,6,417,True,13175,12863,80.66480544091428
418,67be42c8-7973-423b-be71-1a3a4faa6161,6,418,True,13207,12895,74.92229958612006
419,67be42c8-7973-423b-be71-1a3a4faa6161,6,419,True,13235,12923,73.8140104652557
420,67be42c8-7973-423b-be71-1a3a4faa6161,6,420,True,13274,12962,64.48777092929777
421,67be42c8-7973-423b-be71-1a3a4faa6161,6,421,True,13300,12988,69.54032690630629
422,67be42c8-7973-423b-be71-1a3a4faa6161,6,422,True,13339,13027,61.61915981878883
423,67be42c8-7973-423b-be71-1a3a4faa6161,6,423,True,13378,13066,73.07115417954446
424,67be42c8-7973-423b-be71-1a3a4faa6161,6,424,True,13420,13108,66.17627269889817
425,67be42c8-7973-423b-be71-1a3a4faa6161,6,425,True,13456,13144,64.99812999800997
426,67be42c8-7973-423b-be71-1a3a4faa6161,6,426,True,13487,13175,72.74545823496192
427,67be42c8-7973-423b-be71-1a3a4faa6161,6,427,True,13523,13211,71.11788655778582
428,67be42c8-7973-423b-be71-1a3a4faa6161,6,428,True,13553,13241,65.24001005475657
429,67be42c8-7973-423b-be71-1a3a4faa6161,6,429,True,13580,13268,88.19809161968806
430,67be42c8-7973-423b-be71-1a3a4faa6161,6,430,True,13609,13297,86.1477088116444
431,67be42c8-7973-423b-be71-1a3a4faa6161,6,431,True,13637,13325,94.52829471712175
432,67be42c8-7973-423b-be71-1a3a4faa6161,6,432,True,13654,13342,87.91387054826555
433,67be42c8-7973-423b-be71-1a3a4faa6161,6,433,True,13683,13371,86.7576636859194
434,67be42c8-7973-423b-be71-1a3a4faa6161,6,434,True,13719,13407,84.12572837526204
435,67be42c8-7973-423b-be71-1a3a4faa6161,6,435,True,13749,13437,98.79488570601279
436,67be42c8-7973-423b-be71-1a3a4faa6161,6,436,True,13792,13480,85.21071392201702
437,67be42c8-7973-423b-be71-1a3a4faa6161,6,437,True,13825,13513,89.94529240116753
438,67be42c8-7973-423b-be71-1a3a4faa6161,6,438,True,13868,13556,97.81855673603422
439,67be42c8-7973-423b-be71-1a3a4faa6161,6,439,True,13901,13589,89.54085511558515
440,67be42c8-7973-423b-be71-1a3a4faa6161,6,440,True,13927,13615,128.18889253445195
441,67be42c8-7973-423b-be71-1a3a4faa6161,6,441,True,13953,13641,104.66471901589284
442,67be42c8-7973-423b-be71-1a3a4faa6161,6,442,True,13989,13677,104.12922007779707
443,67be42c8-7973-423b-be71-1a3a4faa6161,6,443,True,14018,13706,79.46263775683474
444,67be42c8-7973-423b-be71-1a3a4faa6161,6,444,True,14053,13741,85.87549196588407
445,67be42c8-7973-423b-be71-1a3a4faa6161,6,445,True,14090,13778,73.89553598075327
446,67be42c8-7973-423b-be71-1a3a4faa6161,6,446,True,14116,13804,95.80232106841868
447,67be42c8-7973-423b-be71-1a3a4faa6161,6,447,True,14149,13837,102.46484783086635
448,67be42c8-7973-423b-be71-1a3a4faa6161,6,448,True,14176,13864,99.24489289872326
449,67be42c8-7973-423b-be71-1a3a4faa6161,6,449,True,14214,13902,81.10119104544538
450,67be42c8-7973-423b-be71-1a3a4faa6161,6,450,True,14248,13936,88.53145814663912
451,67be42c8-7973-423b-be71-1a3a4faa6161,6,451,True,14270,13958,102.11080820929055
452,67be42c8-7973-423b-be71-1a3a4faa6161,6,452,True,14299,13987,88.35838014395631
453,67be42c8-7973-423b-be71-1a3a4faa6161,6,453,True,14334,14022,93.41197400226702
454,67be42c8-7973-423b-be71-1a3a4faa6161,6,454,True,14356,14044,102.90287344980425
455,67be42c8-7973-423b-be71-1a3a4faa6161,6,455,True,14390,14078,93.78959320828471
456,67be42c8-7973-423b-be71-1a3a4faa6161,6,456,True,14428,14116,87.26299067263244
457,67be42c8-7973-423b-be71-1a3a4faa6161,6,457,True,14459,14147,89.2799770482743
458,67be42c8-7973-423b-be71-1a3a4faa6161,6,458,True,14496,14184,94.16307204246186
459,67be42c8-7973-423b-be71-1a3a4faa6161,6,459,True,14530,14218,90.90234642051837
460,67be42c8-7973-423b-be71-1a3a4faa6161,6,460,True,14557,14245,89.33571454520279
461,67be42c8-7973-423b-be71-1a3a4faa6161,6,461,True,14594,14282,89.67707123960281
462,67be42c8-7973-423b-be71-1a3a4faa6161,6,462,True,14629,14317,72.87840920003873
463,67be42c8-7973-423b-be71-1a3a4faa6161,6,463,True,14662,14350,81.69489943570989
464,67be42c8-7973-423b-be71-1a3a4faa6161,6,464,True,14687,14375,81.87066104183577
465,67be42c8-7973-423b-be71-1a3a4faa6161,6,465,True,14726,14414,96.03586154289951
466,67be42c8-7973-423b-be71-1a3a4faa6161,6,466,True,14763,14451,89.1196415656359
467,67be42c8-7973-423b-be71-1a3a4faa6161,6,467,True,14791,14479,87.35740867117056
468,67be42c8-7973-423b-be71-1a3a4faa6161,6,468,True,14816,14504,88.15556301335164
469,67be42c8-7973-423b-be71-1a3a4faa6161,6,469,True,14853,14541,88.09427437830709
470,67be42c8-7973-423b-be71-1a3a4faa6161,6,470,True,14886,14574,82.08301396520801
471,67be42c8-7973-423b-be71-1a3a4faa6161,6,471,True,14919,14607,82.46544905683913
472,67be42c8-7973-423b-be71-1a3a4faa6161,6,472,True,14955,14643,87.00915298412292
473,67be42c8-7973-423b-be71-1a3a4faa6161,6,473,True,14991,14679,93.22394406109379
474,67be42c8-7973-423b-be71-1a3a4faa6161,6,474,True,15037,14725,106.83388471535909
475,67be42c8-7973-423b-be71-1a3a4faa6161,6,475,True,15070,14758,97.54402745853076
476,67be42c8-7973-423b-be71-1a3a4faa6161,6,476,True,15104,14792,90.66136034958618
477,67be42c8-7973-423b-be71-1a3a4faa6161,6,477,True,15132,14820,84.74456945573729
478,67be42c8-7973-423b-be71-1a3a4faa6161,6,478,True,15153,14841,88.27517978205469
479,67be42c8-7973-423b-be71-1a3a4faa6161,6,479,True,15182,14870,87.13726728297297
480,67be42c8-7973-423b-be71-1a3a4faa6161,6,480,True,15218,14906,78.3735103234576
481,67be42c8-7973-423b-be71-1a3a4faa6161,6,481,True,15254,14942,98.12039523887142
482,67be42c8-7973-423b-be71-1a3a4faa6161,6,482,True,15285,14973,95.62423798382042
483,67be42c8-7973-423b-be71-1a3a4faa6161,6,483,True,15319,15007,89.88989063591725
484,67be42c8-7973-423b-be71-1a3a4faa6161,6,484,True,15349,15037,79.84803008087147
485,67be42c8-7973-423b-be71-1a3a4faa6161,6,485,True,15374,15062,103.40597573228479
486,67be42c8-7973-423b-be71-1a3a4faa6161,6,486,True,15408,15096,94.40188684889836
487,67be42c8-7973-423b-be71-1a3a4faa6161,6,487,True,15430,15118,115.02070342998013
488,67be42c8-7973-423b-be71-1a3a4faa6161,6,488,True,15464,15152,85.11673729136601
489,67be42c8-7973-423b-be71-1a3a4faa6161,6,489,True,15508,15196,83.52317452856369
490,67be42c8-7973-423b-be71-1a3a4faa6161,6,490,True,15538,15226,75.8674593239466
491,67be42c8-7973-423b-be71-1a3a4faa6161,6,491,True,15568,15256,80.5382118761172
492,67be42c8-7973-423b-be71-1a3a4faa6161,6,492,True,15597,15285,109.04599941927154
493,67be42c8-7973-423b-be71-1a3a4faa6161,6,493,True,15636,15324,104.53014681119384
494,67be42c8-7973-423b-be71-1a3a4faa6161,6,494,True,15662,15350,105.11148940783278
495,67be42c8-7973-423b-be71-1a3a4faa6161,6,495,True,15696,15384,90.7858935023778
496,67be42c8-7973-423b-be71-1a3a4faa6161,6,496,True,15734,15422,84.46896240869319
497,67be42c8-7973-423b-be71-1a3a4faa6161,6,497,True,15782,15470,63.49711694026155
498,67be42c8-7973-423b-be71-1a3a4faa6161,6,498,True,15818,15506,82.71588694961974
499,67be42c8-7973-423b-be71-1a3a4faa6161,6,499,True,15842,15530,76.12247180435043
500,67be42c8-7973-423b-be71-1a3a4faa6161,6,500,True,15883,15571,80.24170415018125
501,67be42c8-7973-423b-be71-1a3a4faa6161,6,501,True,15920,15608,69.71882214627294
502,67be42c8-7973-423b-be71-1a3a4faa6161,6,502,True,15943,15631,85.65804695540282
503,67be42c8-7973-423b-be71-1a3a4faa6161,6,503,True,15977,15665,81.34243577502639
504,67be42c8-7973-423b-be71-1a3a4faa6161,6,504,True,16003,15691,74.48202978563313
505,67be42c8-7973-423b-be71-1a3a4faa6161,6,505,True,16023,15711,79.28735099725782
506,67be42c8-7973-423b-be71-1a3a4faa6161,6,506,True,16050,15738,82.68740594001247
507,67be42c8-7973-423b-be71-1a3a4faa6161,6,507,True,16078,15766,86.63751180564395
508,67be42c8-7973-423b-be71-1a3a4faa6161,6,508,True,16107,15795,83.38406663811838
509,67be42c8-7973-423b-be71-1a3a4faa6161,6,509,True,16140,15828,102.35966104883664
510,67be42c8-7973-423b-be71-1a3a4faa6161,6,510,True,16176,15864,107.52722744211314
511,67be42c8-7973-423b-be71-1a3a4faa6161,6,511,True,16207,15895,102.9430037375023
512,67be42c8-7973-423b-be71-1a3a4faa6161,6,512,True,16231,15919,91.3745744328171
513,67be42c8-7973-423b-be71-1a3a4faa6161,6,513,True,16264,15952,95.83379004407288
514,67be42c8-7973-423b-be71-1a3a4faa6161,6,514,True,16296,15984,90.38032172449857
515,67be42c8-7973-423b-be71-1a3a4faa6161,6,515,True,16324,16012,91.23057333265388
516,67be42c8-7973-423b-be71-1a3a4faa6161,6,516,True,16346,16034,128.68662308338935
517,67be42c8-7973-423b-be71-1a3a4faa6161,6,517,True,16361,16049,86.29074939598104
518,67be42c8-7973-423b-be71-1a3a4faa6161,6,518,True,16390,16078,105.1269364612508
519,67be42c8-7973-423b-be71-1a3a4faa6161,6,519,True,16422,16110,100.20679376944645
520,67be42c8-7973-423b-be71-1a3a4faa6161,6,520,True,16459,16147,98.08096315311923
521,67be42c8-7973-423b-be71-1a3a4faa6161,6,521,True,16484,16172,93.24279575966284
522,67be42c8-7973-423b-be71-1a3a4faa6161,6,522,True,16517,16205,99.57245726270048
523,67be42c8-7973-423b-be71-1a3a4faa6161,6,523,True,16536,16224,106.5701981327893
524,67be42c8-7973-423b-be71-1a3a4faa6161,6,524,True,16571,16259,96.19525622452238
525,67be42c8-7973-423b-be71-1a3a4faa6161,6,525,True,16599,16287,93.37290406847751
526,67be42c8-7973-423b-be71-1a3a4faa6161,6,526,True,16621,16309,97.97716140998455
527,67be42c8-7973-423b-be71-1a3a4faa6161,6,527,True,16653,16341,92.75964613443284
528,67be42c8-7973-423b-be71-1a3a4faa6161,6,528,True,16683,16371,92.13422310010355
529,67be42c8-7973-423b-be71-1a3a4faa6161,6,529,True,16715,16403,89.80858795487802
530,67be42c8-7973-423b-be71-1a3a4faa6161,6,530,True,16737,16425,135.1505300945355
531,67be42c8-7973-423b-be71-1a3a4faa6161,6,531,True,16764,16452,88.54349685259876
532,67be42c8-7973-423b-be71-1a3a4faa6161,6,532,True,16803,16491,99.55749416421168
533,67be42c8-7973-423b-be71-1a3a4faa6161,6,533,True,16828,16516,94.65234250515277
534,67be42c8-7973-423b-be71-1a3a4faa6161,6,534,True,16862,16550,86.51612898217718
535,67be42c8-7973-423b-be71-1a3a4faa6161,6,535,True,16894,16582,106.48664892488887
536,67be42c8-7973-423b-be71-1a3a4faa6161,6,536,True,16920,16608,132.7968888954747
537,67be42c8-7973-423b-be71-1a3a4faa6161,6,537,True,16941,16629,135.52993080954548
538,67be42c8-7973-423b-be71-1a3a4faa6161,6,538,True,16968,16656,111.51916277814234
539,67be42c8-7973-423b-be71-1a3a4faa6161,6,539,True,17006,16694,111.28370567602542
540,67be42c8-7973-423b-be71-1a3a4faa6161,6,540,True,17041,16729,112.84422786792129
541,67be42c8-7973-423b-be71-1a3a4faa6161,6,541,True,17070,16758,108.99001237243647
542,67be42c8-7973-423b-be71-1a3a4faa6161,6,542,True,17108,16796,83.31253996574742
543,67be42c8-7973-423b-be71-1a3a4faa6161,6,543,True,17138,16826,93.21611104190742
544,67be42c8-7973-423b-be71-1a3a4faa6161,6,544,True,17169,16857,88.09772104652438
545,67be42c8-7973-423b-be71-1a3a4faa6161,6,545,True,17209,16897,79.58607644066433
546,67be42c8-7973-423b-be71-1a3a4faa6161,6,546,True,17236,16924,90.71199161928234
547,67be42c8-7973-423b-be71-1a3a4faa6161,6,547,True,17276,16964,88.97329824886037
548,67be42c8-7973-423b-be71-1a3a4faa6161,6,548,True,17309,16997,83.43833422082025
549,67be42c8-7973-423b-be71-1a3a4faa6161,6,549,True,17344,17032,94.60745064615185
550,67be42c8-7973-423b-be71-1a3a4faa6161,6,550,True,17369,17057,87.01837775857348
551,67be42c8-7973-423b-be71-1a3a4faa6161,6,551,True,17418,17106,81.13710833884761
552,67be42c8-7973-423b-be71-1a3a4faa6161,6,552,True,17456,17144,84.95103630789527
553,67be42c8-7973-423b-be71-1a3a4faa6161,6,553,True,17483,17171,82.49164989158817
554,67be42c8-7973-423b-be71-1a3a4faa6161,6,554,True,17513,17201,85.18143533553666
555,67be42c8-7973-423b-be71-1a3a4faa6161,6,555,True,17542,17230,84.38585604149557
556,67be42c8-7973-423b-be71-1a3a4faa6161,6,556,True,17567,17255,95.52304267305954
557,67be42c8-7973-423b-be71-1a3a4faa6161,6,557,True,17615,17303,72.98955409467817
558,67be42c8-7973-423b-be71-1a3a4faa6161,6,558,True,17649,17337,76.3855053155603
559,67be42c8-7973-423b-be71-1a3a4faa6161,6,559,True,17685,17373,84.25519691392765
560,67be42c8-7973-423b-be71-1a3a4faa6161,6,560,True,17711,17399,84.81014171694551
561,67be42c8-7973-423b-be71-1a3a4faa6161,6,561,True,17736,17424,84.28768717925777
562,67be42c8-7973-423b-be71-1a3a4faa6161,6,562,True,17764,17452,71.83667749168671
563,67be42c8-7973-423b-be71-1a3a4faa6161,6,563,True,17794,17482,76.76945707298
564,67be42c8-7973-423b-be71-1a3a4faa6161,6,564,True,17827,17515,87.93173868725353
565,67be42c8-7973-423b-be71-1a3a4faa6161,6,565,True,17852,17540,80.00523001265537
566,67be42c8-7973-423b-be71-1a3a4faa6161,6,566,True,17886,17574,106.44339702079742
567,67be42c8-7973-423b-be71-1a3a4faa6161,6,567,True,17919,17607,100.77527838405877
568,67be42c8-7973-423b-be71-1a3a4faa6161,6,568,True,17945,17633,98.11795373115092
569,67be42c8-7973-423b-be71-1a3a4faa6161,6,569,True,17972,17660,86.16511346643892
570,67be42c8-7973-423b-be71-1a3a4faa6161,6,570,True,18004,17692,88.23746734297674
571,67be42c8-7973-423b-be71-1a3a4faa6161,6,571,True,18021,17709,84.47601243856116
572,67be42c8-7973-423b-be71-1a3a4faa6161,6,572,True,18051,17739,82.47368887179255
573,67be42c8-7973-423b-be71-1a3a4faa6161,6,573,True,18079,17767,93.03888569657283
574,67be42c8-7973-423b-be71-1a3a4faa6161,6,574,True,18096,17784,93.29457221984194
575,67be42c8-7973-423b-be71-1a3a4faa6161,6,575,True,18130,17818,93.86577407692312
576,67be42c8-7973-423b-be71-1a3a4faa6161,6,576,True,18160,17848,89.60211918370624
577,67be42c8-7973-423b-be71-1a3a4faa6161,6,577,True,18191,17879,84.77359298619558
578,67be42c8-7973-423b-be71-1a3a4faa6161,6,578,True,18215,17903,96.49769987940454
579,67be42c8-7973-423b-be71-1a3a4faa6161,6,579,True,18243,17931,94.535825439365
580,67be42c8-7973-423b-be71-1a3a4faa6161,6,580,True,18269,17957,90.62115747059943
581,67be42c8-7973-423b-be71-1a3a4faa6161,6,581,True,18317,18005,66.34589089900692
582,67be42c8-7973-423b-be71-1a3a4faa6161,6,582,True,18351,18039,81.08605291496497
583,67be42c8-7973-423b-be71-1a3a4faa6161,6,583,True,18389,18077,81.57624796165328
584,67be42c8-7973-423b-be71-1a3a4faa6161,6,584,True,18423,18111,80.35287275543305
585,67be42c8-7973-423b-be71-1a3a4faa6161,6,585,True,18466,18154,63.96296185989195
586,67be42c8-7973-423b-be71-1a3a4faa6161,6,586,True,18497,18185,72.65011498315289
587,67be42c8-7973-423b-be71-1a3a4faa6161,6,587,True,18536,18224,75.76143981495989
588,67be42c8-7973-423b-be71-1a3a4faa6161,6,588,True,18570,18258,69.93250375262869
589,67be42c8-7973-423b-be71-1a3a4faa6161,6,589,True,18596,18284,65.98034169097082
590,67be42c8-7973-423b-be71-1a3a4faa6161,6,590,True,18625,18313,70.21303247508695
591,67be42c8-7973-423b-be71-1a3a4faa6161,6,591,True,18648,18336,71.0714671719943
592,67be42c8-7973-423b-be71-1a3a4faa6161,6,592,True,18680,18368,79.805949721449
593,67be42c8-7973-423b-be71-1a3a4faa6161,6,593,True,18719,18407,109.43666153548838
594,67be42c8-7973-423b-be71-1a3a4faa6161,6,594,True,18747,18435,92.31613081890464
595,67be42c8-7973-423b-be71-1a3a4faa6161,6,595,True,18784,18472,94.51823106087977
596,67be42c8-7973-423b-be71-1a3a4faa6161,6,596,True,18821,18509,82.07508095568119
597,67be42c8-7973-423b-be71-1a3a4faa6161,6,597,True,18858,18546,77.46176643052968
598,67be42c8-7973-423b-be71-1a3a4faa6161,6,598,True,18890,18578,69.74565361829082
599,67be42c8-7973-423b-be71-1a3a4faa6161,6,599,True,18918,18606,67.04129526240649
600,67be42c8-7973-423b-be71-1a3a4faa6161,6,600,True,18947,18635,64.82792845678705
601,67be42c8-7973-423b-be71-1a3a4faa6161,6,601,True,18976,18664,75.97907305017725
602,67be42c8-7973-423b-be71-1a3a4faa6161,6,602,True,19003,18691,65.9949592076373
603,67be42c8-7973-423b-be71-1a3a4faa6161,6,603,True,19029,18717,75.97182127889027
604,67be42c8-7973-423b-be71-1a3a4faa6161,6,604,True,19062,18750,68.01214509224519
605,67be42c8-7973-423b-be71-1a3a4faa6161,6,605,True,19095,18783,78.57875304227491
606,67be42c8-7973-423b-be71-1a3a4faa6161,6,606,True,19124,18812,83.05817703225694
607,67be42c8-7973-423b-be71-1a3a4faa6161,6,607,True,19155,18843,67.93855514212191
608,67be42c8-7973-423b-be71-1a3a4faa6161,6,608,True,19184,18872,81.79218949221467
609,67be42c8-7973-423b-be71-1a3a4faa6161,6,609,True,19217,18905,74.27079722541748
610,67be42c8-7973-423b-be71-1a3a4faa6161,6,610,True,19250,18938,76.09651200010558
611,67be42c8-7973-423b-be71-1a3a4faa6161,6,611,True,19287,18975,74.72458411506159
612,67be42c8-7973-423b-be71-1a3a4faa6161,6,612,True,19332,19020,76.11342582098587
613,67be42c8-7973-423b-be71-1a3a4faa6161,6,613,True,19358,19046,88.23684722432517
614,67be42c8-7973-423b-be71-1a3a4faa6161,6,614,True,19385,19073,90.11807447207684
615,67be42c8-7973-423b-be71-1a3a4faa6161,6,615,True,19414,19102,86.72731154725625
616,67be42c8-7973-423b-be71-1a3a4faa6161,6,616,True,19445,19133,80.11488780830041
617,67be42c8-7973-423b-be71-1a3a4faa6161,6,617,True,19472,19160,71.68781195369229
618,67be42c8-7973-423b-be71-1a3a4faa6161,6,618,True,19509,19197,77.57523435460098
619,67be42c8-7973-423b-be71-1a3a4faa6161,6,619,True,19537,19225,90.68630196282902
620,67be42c8-7973-423b-be71-1a3a4faa6161,6,620,True,19572,19260,67.49991448253422
621,67be42c8-7973-423b-be71-1a3a4faa6161,6,621,True,19602,19290,71.93066001148327
622,67be42c8-7973-423b-be71-1a3a4faa6161,6,622,True,19627,19315,80.78796227811472
623,67be42c8-7973-423b-be71-1a3a4faa6161,6,623,True,19652,19340,91.48572022392182
624,67be42c8-7973-423b-be71-1a3a4faa6161,6,624,True,19687,19375,81.27171901698603
625,67be42c8-7973-423b-be71-1a3a4faa6161,6,625,True,19719,19407,75.67542360048537
626,67be42c8-7973-423b-be71-1a3a4faa6161,6,626,True,19765,19453,66.99171091606331
627,67be42c8-7973-423b-be71-1a3a4faa6161,6,627,True,19802,19490,68.62156983675959
628,67be42c8-7973-423b-be71-1a3a4faa6161,6,628,True,19846,19534,65.59596818839418
629,67be42c8-7973-423b-be71-1a3a4faa6161,6,629,True,19872,19560,71.91379927415983
630,67be42c8-7973-423b-be71-1a3a4faa6161,6,630,True,19905,19593,74.99522924843404
631,67be42c8-7973-423b-be71-1a3a4faa6161,6,631,True,19934,19622,86.59926355981952
632,67be42c8-7973-423b-be71-1a3a4faa6161,6,632,True,19970,19658,74.73129286796029
633,67be42c8-7973-423b-be71-1a3a4faa6161,6,633,True,20007,19695,87.62169123309286
634,67be42c8-7973-423b-be71-1a3a4faa6161,6,634,True,20041,19729,80.03100142577023
635,67be42c8-7973-423b-be71-1a3a4faa6161,6,635,True,20074,19762,87.32744301501589
636,67be42c8-7973-423b-be71-1a3a4faa6161,6,636,True,20107,19795,84.97016664919647
637,67be42c8-7973-423b-be71-1a3a4faa6161,6,637,True,20142,19830,75.58181818393132
638,67be42c8-7973-423b-be71-1a3a4faa6161,6,638,True,20168,19856,90.06226954459999
639,67be42c8-7973-423b-be71-1a3a4faa6161,6,639,True,20201,19889,83.5728452336698
640,67be42c8-7973-423b-be71-1a3a4faa6161,6,640,True,20227,19915,84.75952799434162
641,67be42c8-7973-423b-be71-1a3a4faa6161,6,641,True,20260,19948,81.50168785835922
642,67be42c8-7973-423b-be71-1a3a4faa6161,6,642,True,20295,19983,76.33632539013342
643,67be42c8-7973-423b-be71-1a3a4faa6161,6,643,True,20325,20013,76.25893405036913
644,67be42c8-7973-423b-be71-1a3a4faa6161,6,644,True,20349,20037,86.73004317219966
645,67be42c8-7973-423b-be71-1a3a4faa6161,6,645,True,20384,20072,86.66132464895418
646,67be42c8-7973-423b-be71-1a3a4faa6161,6,646,True,20411,20099,96.807737471383
647,67be42c8-7973-423b-be71-1a3a4faa6161,6,647,True,20437,20125,96.41930464981124
648,67be42c8-7973-423b-be71-1a3a4faa6161,6,648,True,20463,20151,87.37589834238315
649,67be42c8-7973-423b-be71-1a3a4faa6161,6,649,True,20484,20172,127.02471582099315
650,67be42c8-7973-423b-be71-1a3a4faa6161,6,650,True,20505,20193,103.48649443803879
651,67be42c8-7973-423b-be71-1a3a4faa6161,6,651,True,20531,20219,101.62975271224423
652,67be42c8-7973-423b-be71-1a3a4faa6161,6,652,True,20570,20258,101.24099109500457
653,67be42c8-7973-423b-be71-1a3a4faa6161,6,653,True,20602,20290,95.81250200638897
654,67be42c8-7973-423b-be71-1a3a4faa6161,6,654,True,20630,20318,84.33598046484258
655,67be42c8-7973-423b-be71-1a3a4faa6161,6,655,True,20662,20350,94.07882619104566
656,67be42c8-7973-423b-be71-1a3a4faa6161,6,656,True,20693,20381,89.61602178877001
657,67be42c8-7973-423b-be71-1a3a4faa6161,6,657,True,20718,20406,89.46916630200576
658,67be42c8-7973-423b-be71-1a3a4faa6161,6,658,True,20744,20432,94.26400398484111
659,67be42c8-7973-423b-be71-1a3a4faa6161,6,659,True,20766,20454,81.25183131021913
660,67be42c8-7973-423b-be71-1a3a4faa6161,6,660,True,20802,20490,89.04470137066892
661,67be42c8-7973-423b-be71-1a3a4faa6161,6,661,True,20836,20524,90.44205815620808
662,67be42c8-7973-423b-be71-1a3a4faa6161,6,662,True,20877,20565,75.6986432674421
663,67be42c8-7973-423b-be71-1a3a4faa6161,6,663,True,20907,20595,76.33403026316228
664,67be42c8-7973-423b-be71-1a3a4faa6161,6,664,True,20939,20627,101.0112859170913
665,67be42c8-7973-423b-be71-1a3a4faa6161,6,665,True,20971,20659,93.51712671030691
666,67be42c8-7973-423b-be71-1a3a4faa6161,6,666,True,20993,20681,97.06529925709401
667,67be42c8-7973-423b-be71-1a3a4faa6161,6,667,True,21017,20705,78.57065888392754
668,67be42c8-7973-423b-be71-1a3a4faa6161,6,668,True,21053,20741,71.61284784741292
669,67be42c8-7973-423b-be71-1a3a4faa6161,6,669,True,21080,20768,81.04908665058247
670,67be42c8-7973-423b-be71-1a3a4faa6161,6,670,True,21112,20800,72.51748883864275
671,67be42c8-7973-423b-be71-1a3a4faa6161,6,671,True,21141,20829,69.66070030396077
672,67be42c8-7973-423b-be71-1a3a4faa6161,6,672,True,21174,20862,78.68885102994682
673,67be42c8-7973-423b-be71-1a3a4faa6161,6,673,True,21215,20903,92.98765190395716
674,67be42c8-7973-423b-be71-1a3a4faa6161,6,674,True,21244,20932,77.36136111756059
675,67be42c8-7973-423b-be71-1a3a4faa6161,6,675,True,21282,20970,63.83943047466164
676,67be42c8-7973-423b-be71-1a3a4faa6161,6,676,True,21318,21006,77.0815068971242
677,67be42c8-7973-423b-be71-1a3a4faa6161,6,677,True,21340,21028,95.49399259369238
678,67be42c8-7973-423b-be71-1a3a4faa6161,6,678,True,21365,21053,79.7760614495237
679,67be42c8-7973-423b-be71-1a3a4faa6161,6,679,True,21394,21082,77.84352552904602
680,67be42c8-7973-423b-be71-1a3a4faa6161,6,680,True,21428,21116,70.40526715247688
681,67be42c8-7973-423b-be71-1a3a4faa6161,6,681,True,21452,21140,87.77212151541244
682,67be42c8-7973-423b-be71-1a3a4faa6161,6,682,True,21493,21181,70.71553344558197
683,67be42c8-7973-423b-be71-1a3a4faa6161,6,683,True,21526,21214,66.19059586216099
684,67be42c8-7973-423b-be71-1a3a4faa6161,6,684,True,21551,21239,71.60514095401231
685,67be42c8-7973-423b-be71-1a3a4faa6161,6,685,True,21580,21268,82.92355288296676
686,67be42c8-7973-423b-be71-1a3a4faa6161,6,686,True,21609,21297,73.8850338566408
687,67be42c8-7973-423b-be71-1a3a4faa6161,6,687,True,21655,21343,67.4259810488511
688,67be42c8-7973-423b-be71-1a3a4faa6161,6,688,True,21702,21390,67.8092593886795
689,67be42c8-7973-423b-be71-1a3a4faa6161,6,689,True,21730,21418,80.87058419738241
690,67be42c8-7973-423b-be71-1a3a4faa6161,6,690,True,21760,21448,83.97772373371845
691,67be42c8-7973-423b-be71-1a3a4faa6161,6,691,True,21794,21482,76.89221040971825
692,67be42c8-7973-423b-be71-1a3a4faa6161,6,692,True,21827,21515,67.03728032023355
693,67be42c8-7973-423b-be71-1a3a4faa6161,6,693,True,21851,21539,67.02441425587313
694,67be42c8-7973-423b-be71-1a3a4faa6161,6,694,True,21887,21575,76.4983571222001
695,67be42c8-7973-423b-be71-1a3a4faa6161,6,695,True,21907,21595,76.16192675154525
696,67be42c8-7973-423b-be71-1a3a4faa6161,6,696,True,21931,21619,78.5983759536175
697,67be42c8-7973-423b-be71-1a3a4faa6161,6,697,True,21959,21647,84.45541240512466
698,67be42c8-7973-423b-be71-1a3a4faa6161,6,698,True,21993,21681,81.48967891182838
699,67be42c8-7973-423b-be71-1a3a4faa6161,6,699,True,22030,21718,73.62857973778591
700,67be42c8-7973-423b-be71-1a3a4faa6161,6,700,True,22058,21746,86.75538040544416
701,67be42c8-7973-423b-be71-1a3a4faa6161,6,701,True,22090,21778,81.98573248674074
702,67be42c8-7973-423b-be71-1a3a4faa6161,6,702,True,22114,21802,84.19334126298418
703,67be42c8-7973-423b-be71-1a3a4faa6161,6,703,True,22144,21832,91.51903305139786
704,67be42c8-7973-423b-be71-1a3a4faa6161,6,704,True,22173,21861,97.53881194352653
705,67be42c8-7973-423b-be71-1a3a4faa6161,6,705,True,22210,21898,88.66615742263821
706,67be42c8-7973-423b-be71-1a3a4faa6161,6,706,True,22246,21934,79.04784953849958
707,67be42c8-7973-423b-be71-1a3a4faa6161,6,707,True,22276,21964,79.9096833756812
708,67be42c8-7973-423b-be71-1a3a4faa6161,6,708,True,22312,22000,66.99532350265872
709,67be42c8-7973-423b-be71-1a3a4faa6161,6,709,True,22344,22032,73.7185438352717
710,67be42c8-7973-423b-be71-1a3a4faa6161,6,710,True,22389,22077,71.92192220123252
711,67be42c8-7973-423b-be71-1a3a4faa6161,6,711,True,22412,22100,65.73399501675158
712,67be42c8-7973-423b-be71-1a3a4faa6161,6,712,True,22442,22130,77.934573776467
713,67be42c8-7973-423b-be71-1a3a4faa6161,6,713,True,22465,22153,76.34237058047074
714,67be42c8-7973-423b-be71-1a3a4faa6161,6,714,True,22489,22177,84.53648044593865
715,67be42c8-7973-423b-be71-1a3a4faa6161,6,715,True,22524,22212,84.27424300009807
716,67be42c8-7973-423b-be71-1a3a4faa6161,6,716,True,22553,22241,95.14935622612393
717,67be42c8-7973-423b-be71-1a3a4faa6161,6,717,True,22584,22272,79.38543057133938
718,67be42c8-7973-423b-be71-1a3a4faa6161,6,718,True,22620,22308,78.54910406841009
719,67be42c8-7973-423b-be71-1a3a4faa6161,6,719,True,22654,22342,85.73783311327134
720,67be42c8-7973-423b-be71-1a3a4faa6161,6,720,True,22681,22369,79.96889338861001
721,67be42c8-7973-423b-be71-1a3a4faa6161,6,721,True,22712,22400,79.06752086798224
722,67be42c8-7973-423b-be71-1a3a4faa6161,6,722,True,22745,22433,84.01538208256898
723,67be42c8-7973-423b-be71-1a3a4faa6161,6,723,True,22766,22454,71.14814813678095
724,67be42c8-7973-423b-be71-1a3a4faa6161,6,724,True,22790,22478,96.73442131191769
725,67be42c8-7973-423b-be71-1a3a4faa6161,6,725,True,22821,22509,109.29708702359494
726,67be42c8-7973-423b-be71-1a3a4faa6161,6,726,True,22838,22526,96.4677687943331
727,67be42c8-7973-423b-be71-1a3a4faa6161,6,727,True,22873,22561,95.63780010420669
728,67be42c8-7973-423b-be71-1a3a4faa6161,6,728,True,22894,22582,86.47150914919985
729,67be42c8-7973-423b-be71-1a3a4faa6161,6,729,True,22923,22611,95.0219249095826
730,67be42c8-7973-423b-be71-1a3a4faa6161,6,730,True,22952,22640,90.91543187518619
731,67be42c8-7973-423b-be71-1a3a4faa6161,6,731,True,22986,22674,89.23761761769856
732,67be42c8-7973-423b-be71-1a3a4faa6161,6,732,True,23011,22699,94.9582338546752
733,67be42c8-7973-423b-be71-1a3a4faa6161,6,733,True,23045,22733,93.61327973862717
734,67be42c8-7973-423b-be71-1a3a4faa6161,6,734,True,23072,22760,103.92403749458754
735,67be42c8-7973-423b-be71-1a3a4faa6161,6,735,True,23100,22788,99.89464326185407
736,67be42c8-7973-423b-be71-1a3a4faa6161,6,736,True,23133,22821,91.7334301812989
737,67be42c8-7973-423b-be71-1a3a4faa6161,6,737,True,23159,22847,96.03115080338102
738,67be42c8-7973-423b-be71-1a3a4faa6161,6,738,True,23192,22880,94.65077522953652
739,67be42c8-7973-423b-be71-1a3a4faa6161,6,739,True,23226,22914,134.3921030772799
740,67be42c8-7973-423b-be71-1a3a4faa6161,6,740,True,23263,22951,106.50712046335684
741,67be42c8-7973-423b-be71-1a3a4faa6161,6,741,True,23296,22984,116.05802989717267
742,67be42c8-7973-423b-be71-1a3a4faa6161,6,742,True,23333,23021,101.76741720379505
743,67be42c8-7973-423b-be71-1a3a4faa6161,6,743,True,23357,23045,103.19575118083594
744,67be42c8-7973-423b-be71-1a3a4faa6161,6,744,True,23398,23086,110.35724111159288
745,67be42c8-7973-423b-be71-1a3a4faa6161,6,745,True,23427,23115,132.33233759015638
746,67be42c8-7973-423b-be71-1a3a4faa6161,6,746,True,23457,23145,102.33233759015638
747,67be42c8-7973-423b-be71-1a3a4faa6161,6,747,True,23500,23188,86.05176301804022
748,67be42c8-7973-423b-be71-1a3a4faa6161,6,748,True,23524,23212,105.38031838166353
749,67be42c8-7973-423b-be71-1a3a4faa6161,6,749,True,23563,23251,92.08503804255815
750,67be42c8-7973-423b-be71-1a3a4faa6161,6,750,True,23590,23278,96.86888904896841
751,67be42c8-7973-423b-be71-1a3a4faa6161,6,751,True,23631,23319,81.7367768235672
752,67be42c8-7973-423b-be71-1a3a4faa6161,6,752,True,23667,23355,82.2937796059523
753,67be42c8-7973-423b-be71-1a3a4faa6161,6,753,True,23705,23393,74.10653972000364
754,67be42c8-7973-423b-be71-1a3a4faa6161,6,754,True,23741,23429,91.79266952638136
755,67be42c8-7973-423b-be71-1a3a4faa6161,6,755,True,23766,23454,91.90636861690655
756,67be42c8-7973-423b-be71-1a3a4faa6161,6,756,True,23784,23472,89.83452105536344
757,67be42c8-7973-423b-be71-1a3a4faa6161,6,757,True,23808,23496,97.84613483101566
758,67be42c8-7973-423b-be71-1a3a4faa6161,6,758,True,23845,23533,91.71141016263573
759,67be42c8-7973-423b-be71-1a3a4faa6161,6,759,True,23876,23564,95.1764050132806
760,67be42c8-7973-423b-be71-1a3a4faa6161,6,760,True,23911,23599,76.84188415519748
761,67be42c8-7973-423b-be71-1a3a4faa6161,6,761,True,23944,23632,71.33205179146171
762,67be42c8-7973-423b-be71-1a3a4faa6161,6,762,True,23972,23660,92.33536267208547
763,67be42c8-7973-423b-be71-1a3a4faa6161,6,763,True,24006,23694,68.85469161100264
764,67be42c8-7973-423b-be71-1a3a4faa6161,6,764,True,24039,23727,67.33785855969472
765,67be42c8-7973-423b-be71-1a3a4faa6161,6,765,True,24064,23752,69.91575570019631
766,67be42c8-7973-423b-be71-1a3a4faa6161,6,766,True,24087,23775,88.50816158337693
767,67be42c8-7973-423b-be71-1a3a4faa6161,6,767,True,24124,23812,80.61665335824364
768,67be42c8-7973-423b-be71-1a3a4faa6161,6,768,True,24156,23844,76.11863537656245
769,67be42c8-7973-423b-be71-1a3a4faa6161,6,769,True,24189,23877,68.18365662611177
770,67be42c8-7973-423b-be71-1a3a4faa6161,6,770,True,24218,23906,68.54650929690615
771,67be42c8-7973-423b-be71-1a3a4faa6161,6,771,True,24250,23938,62.31591007188763
772,67be42c8-7973-423b-be71-1a3a4faa6161,6,772,True,24286,23974,93.24493567506943
773,67be42c8-7973-423b-be71-1a3a4faa6161,6,773,True,24321,24009,100.02375205053977
774,67be42c8-7973-423b-be71-1a3a4faa6161,6,774,True,24366,24054,81.21732209066613
775,67be42c8-7973-423b-be71-1a3a4faa6161,6,775,True,24394,24082,85.99823294590169
776,67be42c8-7973-423b-be71-1a3a4faa6161,6,776,True,24422,24110,84.02324453309848
777,67be42c8-7973-423b-be71-1a3a4faa6161,6,777,True,24452,24140,78.05029310789541
778,67be42c8-7973-423b-be71-1a3a4faa6161,6,778,True,24491,24179,76.47388831265926
779,67be42c8-7973-423b-be71-1a3a4faa6161,6,779,True,24520,24208,68.26862363436885
780,67be42c8-7973-423b-be71-1a3a4faa6161,6,780,True,24555,24243,59.09611410147045
781,67be42c8-7973-423b-be71-1a3a4faa6161,6,781,True,24588,24276,66.48601208185573
782,67be42c8-7973-423b-be71-1a3a4faa6161,6,782,True,24625,24313,70.1814742737588
783,67be42c8-7973-423b-be71-1a3a4faa6161,6,783,True,24658,24346,70.4783081838541
784,67be42c8-7973-423b-be71-1a3a4faa6161,6,784,True,24692,24380,63.25515650183661
785,67be42c8-7973-423b-be71-1a3a4faa6161,6,785,True,24725,24413,67.49693274719175
786,67be42c8-7973-423b-be71-1a3a4faa6161,6,786,True,24757,24445,68.48979477933608
787,67be42c8-7973-423b-be71-1a3a4faa6161,6,787,True,24791,24479,72.63424190278238
788,67be42c8-7973-423b-be71-1a3a4faa6161,6,788,True,24818,24506,68.93162801439757
789,67be42c8-7973-423b-be71-1a3a4faa6161,6,789,True,24849,24537,72.03404671264434
790,67be42c8-7973-423b-be71-1a3a4faa6161,6,790,True,24869,24557,79.80681345873381
791,67be42c8-7973-423b-be71-1a3a4faa6161,6,791,True,24905,24593,81.5998886942034
792,67be42c8-7973-423b-be71-1a3a4faa6161,6,792,True,24941,24629,81.5820807183809
793,67be42c8-7973-423b-be71-1a3a4faa6161,6,793,True,24971,24659,78.73189897563134
794,67be42c8-7973-423b-be71-1a3a4faa6161,6,794,True,24999,24687,95.28505918710653
795,67be42c8-7973-423b-be71-1a3a4faa6161,6,795,True,25021,24709,76.79616920166154
796,67be42c8-7973-423b-be71-1a3a4faa6161,6,796,True,25054,24742,74.0486343399898
797,67be42c8-7973-423b-be71-1a3a4faa6161,6,797,True,25088,24776,84.79323661893432
798,67be42c8-7973-423b-be71-1a3a4faa6161,6,798,True,25121,24809,88.9955786660903
799,67be42c8-7973-423b-be71-1a3a4faa6161,6,799,True,25144,24832,81.04034934422089
800,67be42c8-7973-423b-be71-1a3a4faa6161,6,800,True,25182,24870,84.51789057140559
801,67be42c8-7973-423b-be71-1a3a4faa6161,6,801,True,25214,24902,85.94737903365603
802,67be42c8-7973-423b-be71-1a3a4faa6161,6,802,True,25239,24927,94.79771266270109
803,67be42c8-7973-423b-be71-1a3a4faa6161,6,803,True,25267,24955,99.38648465126244
804,67be42c8-7973-423b-be71-1a3a4faa6161,6,804,True,25294,24982,97.28591030132884
805,67be42c8-7973-423b-be71-1a3a4faa6161,6,805,True,25322,25010,89.84780203103583
806,67be42c8-7973-423b-be71-1a3a4faa6161,6,806,True,25349,25037,122.24512290255734
807,67be42c8-7973-423b-be71-1a3a4faa6161,6,807,True,25374,25062,139.06961987294562
808,67be42c8-7973-423b-be71-1a3a4faa6161,6,808,True,25404,25092,114.74957705934503
809,67be42c8-7973-423b-be71-1a3a4faa6161,6,809,True,25428,25116,112.9626587157436
810,67be42c8-7973-423b-be71-1a3a4faa6161,6,810,True,25463,25151,92.2616735986121
811,67be42c8-7973-423b-be71-1a3a4faa6161,6,811,True,25493,25181,87.13644215367458
812,67be42c8-7973-423b-be71-1a3a4faa6161,6,812,True,25529,25217,90.06762928588432
813,67be42c8-7973-423b-be71-1a3a4faa6161,6,813,True,25562,25250,80.34655858952829
814,67be42c8-7973-423b-be71-1a3a4faa6161,6,814,True,25598,25286,78.53160750255483
815,67be42c8-7973-423b-be71-1a3a4faa6161,6,815,True,25643,25331,81.3110306203489
816,67be42c8-7973-423b-be71-1a3a4faa6161,6,816,True,25663,25351,67.87992283538551
817,67be42c8-7973-423b-be71-1a3a4faa6161,6,817,True,25690,25378,90.55890493337574
818,67be42c8-7973-423b-be71-1a3a4faa6161,6,818,True,25730,25418,74.68738093073625
819,67be42c8-7973-423b-be71-1a3a4faa6161,6,819,True,25757,25445,69.57862424079212
820,67be42c8-7973-423b-be71-1a3a4faa6161,6,820,True,25787,25475,70.28345418518438
821,67be42c8-7973-423b-be71-1a3a4faa6161,6,821,True,25807,25495,87.28914115996304
822,67be42c8-7973-423b-be71-1a3a4faa6161,6,822,True,25822,25510,85.82498536601634
823,67be42c8-7973-423b-be71-1a3a4faa6161,6,823,True,25862,25550,84.1341248757235
824,67be42c8-7973-423b-be71-1a3a4faa6161,6,824,True,25894,25582,81.68770374843007
825,67be42c8-7973-423b-be71-1a3a4faa6161,6,825,True,25923,25611,78.1289606769642
826,67be42c8-7973-423b-be71-1a3a4faa6161,6,826,True,25969,25657,76.10292463846054
827,67be42c8-7973-423b-be71-1a3a4faa6161,6,827,True,26011,25699,74.54766099646804
828,67be42c8-7973-423b-be71-1a3a4faa6161,6,828,True,26041,25729,75.95169268862082
829,67be42c8-7973-423b-be71-1a3a4faa6161,6,829,True,26068,25756,76.16597466501844
830,67be42c8-7973-423b-be71-1a3a4faa6161,6,830,True,26094,25782,90.73811902504167
831,67be42c8-7973-423b-be71-1a3a4faa6161,6,831,True,26127,25815,99.87253691003207
832,67be42c8-7973-423b-be71-1a3a4faa6161,6,832,True,26150,25838,102.46384889495675
833,67be42c8-7973-423b-be71-1a3a4faa6161,6,833,True,26176,25864,93.79364786120277
834,67be42c8-7973-423b-be71-1a3a4faa6161,6,834,True,26214,25902,104.74169768865977
835,67be42c8-7973-423b-be71-1a3a4faa6161,6,835,True,26246,25934,98.15288504662385
836,67be42c8-7973-423b-be71-1a3a4faa6161,6,836,True,26284,25972,88.23955000774004
837,67be42c8-7973-423b-be71-1a3a4faa6161,6,837,True,26305,25993,96.09762705170579
838,67be42c8-7973-423b-be71-1a3a4faa6161,6,838,True,26337,26025,97.2202280879792
839,67be42c8-7973-423b-be71-1a3a4faa6161,6,839,True,26367,26055,104.2147918799892
840,67be42c8-7973-423b-be71-1a3a4faa6161,6,840,True,26405,26093,91.19938584564807
841,67be42c8-7973-423b-be71-1a3a4faa6161,6,841,True,26436,26124,107.00065597208959
842,67be42c8-7973-423b-be71-1a3a4faa6161,6,842,True,26470,26158,95.93638471053055
843,67be42c8-7973-423b-be71-1a3a4faa6161,6,843,True,26490,26178,100.51908090792494
844,67be42c8-7973-423b-be71-1a3a4faa6161,6,844,True,26527,26215,88.57566842092274
845,67be42c8-7973-423b-be71-1a3a4faa6161,6,845,True,26553,26241,99.04957304039272
846,67be42c8-7973-423b-be71-1a3a4faa6161,6,846,True,26578,26266,99.52957575050095
847,67be42c8-7973-423b-be71-1a3a4faa6161,6,847,True,26614,26302,117.54244171657047
848,67be42c8-7973-423b-be71-1a3a4faa6161,6,848,True,26640,26328,89.11705724439526
849,67be42c8-7973-423b-be71-1a3a4faa6161,6,849,True,26667,26355,129.3299399458956
850,67be42c8-7973-423b-be71-1a3a4faa6161,6,850,True,26698,26386,85.02950997051084
851,67be42c8-7973-423b-be71-1a3a4faa6161,6,851,True,26730,26418,89.95927525782827
852,67be42c8-7973-423b-be71-1a3a4faa6161,6,852,True,26753,26441,82.52211026584337
853,67be42c8-7973-423b-be71-1a3a4faa6161,6,853,True,26790,26478,104.08025520457886
854,67be42c8-7973-423b-be71-1a3a4faa6161,6,854,True,26816,26504,85.77230974399936
855,67be42c8-7973-423b-be71-1a3a4faa6161,6,855,True,26844,26532,87.72781993298122
856,67be42c8-7973-423b-be71-1a3a4faa6161,6,856,True,26876,26564,100.37088006566046
857,67be42c8-7973-423b-be71-1a3a4faa6161,6,857,True,26913,26601,87.98568966095263
858,67be42c8-7973-423b-be71-1a3a4faa6161,6,858,True,26954,26642,89.68806250387934
859,67be42c8-7973-423b-be71-1a3a4faa6161,6,859,True,26979,26667,97.56234747732015
860,67be42c8-7973-423b-be71-1a3a4faa6161,6,860,True,27015,26703,90.65085745030592
861,67be42c8-7973-423b-be71-1a3a4faa6161,6,861,True,27039,26727,93.56216646986286
862,67be42c8-7973-423b-be71-1a3a4faa6161,6,862,True,27073,26761,88.36870040755821
863,67be42c8-7973-423b-be71-1a3a4faa6161,6,863,True,27103,26791,115.09275524237819
864,67be42c8-7973-423b-be71-1a3a4faa6161,6,864,True,27125,26813,97.92302957414358
865,67be42c8-7973-423b-be71-1a3a4faa6161,6,865,True,27162,26850,92.17030548480034
866,67be42c8-7973-423b-be71-1a3a4faa6161,6,866,True,27209,26897,82.35985263275506
867,67be42c8-7973-423b-be71-1a3a4faa6161,6,867,True,27242,26930,75.09384697844871
868,67be42c8-7973-423b-be71-1a3a4faa6161,6,868,True,27281,26969,61.2242611327747
869,67be42c8-7973-423b-be71-1a3a4faa6161,6,869,True,27306,26994,71.73038633370015
870,67be42c8-7973-423b-be71-1a3a4faa6161,6,870,True,27338,27026,79.59186807499646
871,67be42c8-7973-423b-be71-1a3a4faa6161,6,871,True,27375,27063,69.25323212430158
872,67be42c8-7973-423b-be71-1a3a4faa6161,6,872,True,27410,27098,67.38222169672372
873,67be42c8-7973-423b-be71-1a3a4faa6161,6,873,True,27441,27129,68.17464733714223
874,67be42c8-7973-423b-be71-1a3a4faa6161,6,874,True,27472,27160,88.42171388369752
875,67be42c8-7973-423b-be71-1a3a4faa6161,6,875,True,27503,27191,83.05396269424818
876,67be42c8-7973-423b-be71-1a3a4faa6161,6,876,True,27531,27219,78.53553320186984
877,67be42c8-7973-423b-be71-1a3a4faa6161,6,877,True,27566,27254,78.35091270430712
878,67be42c8-7973-423b-be71-1a3a4faa6161,6,878,True,27589,27277,79.29481048521848
879,67be42c8-7973-423b-be71-1a3a4faa6161,6,879,True,27613,27301,86.82465451393
880,67be42c8-7973-423b-be71-1a3a4faa6161,6,880,True,27643,27331,77.99139223415477
881,67be42c8-7973-423b-be71-1a3a4faa6161,6,881,True,27677,27365,84.49116998156387
882,67be42c8-7973-423b-be71-1a3a4faa6161,6,882,True,27706,27394,83.39186946706468
883,67be42c8-7973-423b-be71-1a3a4faa6161,6,883,True,27739,27427,84.6789540971622
884,67be42c8-7973-423b-be71-1a3a4faa6161,6,884,True,27773,27461,89.89295438576664
885,67be42c8-7973-423b-be71-1a3a4faa6161,6,885,True,27807,27495,83.33186361450498
886,67be42c8-7973-423b-be71-1a3a4faa6161,6,886,True,27833,27521,74.58031704151654
887,67be42c8-7973-423b-be71-1a3a4faa6161,6,887,True,27860,27548,74.31273358416729
888,67be42c8-7973-423b-be71-1a3a4faa6161,6,888,True,27895,27583,88.78087265311478
889,67be42c8-7973-423b-be71-1a3a4faa6161,6,889,True,27923,27611,80.9825291850284
890,67be42c8-7973-423b-be71-1a3a4faa6161,6,890,True,27959,27647,67.59624084855022
891,67be42c8-7973-423b-be71-1a3a4faa6161,6,891,True,27986,27674,80.43709559664421
892,67be42c8-7973-423b-be71-1a3a4faa6161,6,892,True,28020,27708,78.09437413973865
893,67be42c8-7973-423b-be71-1a3a4faa6161,6,893,True,28043,27731,79.46515819343767
894,67be42c8-7973-423b-be71-1a3a4faa6161,6,894,True,28074,27762,84.26164767460432
895,67be42c8-7973-423b-be71-1a3a4faa6161,6,895,True,28106,27794,89.49345909158365
896,67be42c8-7973-423b-be71-1a3a4faa6161,6,896,True,28157,27845,64.22601386939277
897,67be42c8-7973-423b-be71-1a3a4faa6161,6,897,True,28187,27875,78.96885873119754
898,67be42c8-7973-423b-be71-1a3a4faa6161,6,898,True,28214,27902,77.76250278438238
899,67be42c8-7973-423b-be71-1a3a4faa6161,6,899,True,28242,27930,74.82003249285117
900,67be42c8-7973-423b-be71-1a3a4faa6161,6,900,True,28277,27965,70.5435410728387
901,67be42c8-7973-423b-be71-1a3a4faa6161,6,901,True,28314,28002,76.27445044566775
902,67be42c8-7973-423b-be71-1a3a4faa6161,6,902,True,28353,28041,72.01578104311193
903,67be42c8-7973-423b-be71-1a3a4faa6161,6,903,True,28388,28076,64.98116317248787
904,67be42c8-7973-423b-be71-1a3a4faa6161,6,904,True,28410,28098,81.09684126211869
905,67be42c8-7973-423b-be71-1a3a4faa6161,6,905,True,28438,28126,74.8850175648804
906,67be42c8-7973-423b-be71-1a3a4faa6161,6,906,True,28466,28154,70.07557375188844
907,67be42c8-7973-423b-be71-1a3a4faa6161,6,907,True,28501,28189,83.50244687215672
908,67be42c8-7973-423b-be71-1a3a4faa6161,6,908,True,28535,28223,74.56220915903396
909,67be42c8-7973-423b-be71-1a3a4faa6161,6,909,True,28574,28262,75.99748500611167
910,67be42c8-7973-423b-be71-1a3a4faa6161,6,910,True,28595,28283,81.54893772163632
911,67be42c8-7973-423b-be71-1a3a4faa6161,6,911,True,28632,28320,70.0140995238653
912,67be42c8-7973-423b-be71-1a3a4faa6161,6,912,True,28670,28358,65.44340786913745
913,67be42c8-7973-423b-be71-1a3a4faa6161,6,913,True,28703,28391,74.10955802767785
914,67be42c8-7973-423b-be71-1a3a4faa6161,6,914,True,28737,28425,64.65846647103535
915,67be42c8-7973-423b-be71-1a3a4faa6161,6,915,True,28776,28464,70.33375320566847
916,67be42c8-7973-423b-be71-1a3a4faa6161,6,916,True,28807,28495,71.48390477179782
917,67be42c8-7973-423b-be71-1a3a4faa6161,6,917,True,28835,28523,72.13499584139936
918,67be42c8-7973-423b-be71-1a3a4faa6161,6,918,True,28871,28559,82.03952539781676
919,67be42c8-7973-423b-be71-1a3a4faa6161,6,919,True,28910,28598,76.38209368530079
920,67be42c8-7973-423b-be71-1a3a4faa6161,6,920,True,28943,28631,67.86411731659973
921,67be42c8-7973-423b-be71-1a3a4faa6161,6,921,True,28976,28664,67.20158480297323
922,67be42c8-7973-423b-be71-1a3a4faa6161,6,922,True,29003,28691,69.23562104994198
923,67be42c8-7973-423b-be71-1a3a4faa6161,6,923,True,29026,28714,72.48999170065872
924,67be42c8-7973-423b-be71-1a3a4faa6161,6,924,True,29057,28745,85.23153587100387
925,67be42c8-7973-423b-be71-1a3a4faa6161,6,925,True,29101,28789,72.71940840371826
926,67be42c8-7973-423b-be71-1a3a4faa6161,6,926,True,29136,28824,64.13134173179787
927,67be42c8-7973-423b-be71-1a3a4faa6161,6,927,True,29169,28857,80.749960880672
928,67be42c8-7973-423b-be71-1a3a4faa6161,6,928,True,29196,28884,86.3004767043567
929,67be42c8-7973-423b-be71-1a3a4faa6161,6,929,True,29227,28915,82.1739949836956
930,67be42c8-7973-423b-be71-1a3a4faa6161,6,930,True,29251,28939,83.33838498234763
931,67be42c8-7973-423b-be71-1a3a4faa6161,6,931,True,29282,28970,78.7394138603886
932,67be42c8-7973-423b-be71-1a3a4faa6161,6,932,True,29315,29003,70.18876756488316
933,67be42c8-7973-423b-be71-1a3a4faa6161,6,933,True,29341,29029,71.46531364646944
934,67be42c8-7973-423b-be71-1a3a4faa6161,6,934,True,29367,29055,79.7069028137812
935,67be42c8-7973-423b-be71-1a3a4faa6161,6,935,True,29390,29078,72.22692162348903
936,67be42c8-7973-423b-be71-1a3a4faa6161,6,936,True,29427,29115,72.64242674468187
937,67be42c8-7973-423b-be71-1a3a4faa6161,6,937,True,29458,29146,74.89839571579796
938,67be42c8-7973-423b-be71-1a3a4faa6161,6,938,True,29500,29188,68.63129198512252
939,67be42c8-7973-423b-be71-1a3a4faa6161,6,939,True,29522,29210,68.28032582956803
940,67be42c8-7973-423b-be71-1a3a4faa6161,6,940,True,29545,29233,69.137344898827
941,67be42c8-7973-423b-be71-1a3a4faa6161,6,941,True,29576,29264,75.18614357075785
942,67be42c8-7973-423b-be71-1a3a4faa6161,6,942,True,29607,29295,70.35132869614972
943,67be42c8-7973-423b-be71-1a3a4faa6161,6,943,True,29634,29322,68.49956102740543
944,67be42c8-7973-423b-be71-1a3a4faa6161,6,944,True,29664,29352,79.31724952719742
945,67be42c8-7973-423b-be71-1a3a4faa6161,6,945,True,29704,29392,81.97090603877587
946,67be42c8-7973-423b-be71-1a3a4faa6161,6,946,True,29737,29425,80.76525032685822
947,67be42c8-7973-423b-be71-1a3a4faa6161,6,947,True,29774,29462,74.75584059719768
948,67be42c8-7973-423b-be71-1a3a4faa6161,6,948,True,29807,29495,84.59947650218601
949,67be42c8-7973-423b-be71-1a3a4faa6161,6,949,True,29834,29522,79.749309786097
950,67be42c8-7973-423b-be71-1a3a4faa6161,6,950,True,29867,29555,92.60179367498495
951,67be42c8-7973-423b-be71-1a3a4faa6161,6,951,True,29890,29578,90.14227688930987
952,67be42c8-7973-423b-be71-1a3a4faa6161,6,952,True,29920,29608,92.31802436916405
953,67be42c8-7973-423b-be71-1a3a4faa6161,6,953,True,29943,29631,79.91257929507992
954,67be42c8-7973-423b-be71-1a3a4faa6161,6,954,True,29979,29667,69.97432604317146
955,67be42c8-7973-423b-be71-1a3a4faa6161,6,955,True,30001,29689,72.71627326576345
956,67be42c8-7973-423b-be71-1a3a4faa6161,6,956,True,30044,29732,78.61250071653558
957,67be42c8-7973-423b-be71-1a3a4faa6161,6,957,True,30078,29766,79.24603080240195
958,67be42c8-7973-423b-be71-1a3a4faa6161,6,958,True,30111,29799,74.42505099589835
959,67be42c8-7973-423b-be71-1a3a4faa6161,6,959,True,30144,29832,89.79325734290978
960,67be42c8-7973-423b-be71-1a3a4faa6161,6,960,True,30177,29865,89.76870115293423
961,67be42c8-7973-423b-be71-1a3a4faa6161,6,961,True,30212,29900,81.52173291644067
962,67be42c8-7973-423b-be71-1a3a4faa6161,6,962,True,30252,29940,69.63058865163475
963,67be42c8-7973-423b-be71-1a3a4faa6161,6,963,True,30284,29972,71.32482045363213
964,67be42c8-7973-423b-be71-1a3a4faa6161,6,964,True,30312,30000,71.964196250854
965,67be42c8-7973-423b-be71-1a3a4faa6161,6,965,True,30344,30032,60.53208751875354
966,67be42c8-7973-423b-be71-1a3a4faa6161,6,966,True,30368,30056,81.60571255589093
967,67be42c8-7973-423b-be71-1a3a4faa6161,6,967,True,30397,30085,77.6441796670224
968,67be42c8-7973-423b-be71-1a3a4faa6161,6,968,True,30431,30119,73.78101130009236
969,67be42c8-7973-423b-be71-1a3a4faa6161,6,969,True,30465,30153,93.67184265968172
970,67be42c8-7973-423b-be71-1a3a4faa6161,6,970,True,30499,30187,69.67454123514108
971,67be42c8-7973-423b-be71-1a3a4faa6161,6,971,True,30527,30215,83.35378553267947
972,67be42c8-7973-423b-be71-1a3a4faa6161,6,972,True,30557,30245,79.83586687836578
973,67be42c8-7973-423b-be71-1a3a4faa6161,6,973,True,30598,30286,109.417395018776
974,67be42c8-7973-423b-be71-1a3a4faa6161,6,974,True,30626,30314,88.27010484743732
975,67be42c8-7973-423b-be71-1a3a4faa6161,6,975,True,30655,30343,97.14594409085475
976,67be42c8-7973-423b-be71-1a3a4faa6161,6,976,True,30690,30378,144.67552858571435
977,67be42c8-7973-423b-be71-1a3a4faa6161,6,977,True,30719,30407,88.74460232983256
978,67be42c8-7973-423b-be71-1a3a4faa6161,6,978,True,30749,30437,111.95964779062706
979,67be42c8-7973-423b-be71-1a3a4faa6161,6,979,True,30788,30476,98.57656080965171
980,67be42c8-7973-423b-be71-1a3a4faa6161,6,980,True,30813,30501,98.56842293428781
981,67be42c8-7973-423b-be71-1a3a4faa6161,6,981,True,30847,30535,88.60675734589313
982,67be42c8-7973-423b-be71-1a3a4faa6161,6,982,True,30875,30563,97.76897685756921
983,67be42c8-7973-423b-be71-1a3a4faa6161,6,983,True,30905,30593,96.20928057824494
984,67be42c8-7973-423b-be71-1a3a4faa6161,6,984,True,30939,30627,91.874826143463
985,67be42c8-7973-423b-be71-1a3a4faa6161,6,985,True,30968,30656,90.06357442073204
986,67be42c8-7973-423b-be71-1a3a4faa6161,6,986,True,31002,30690,82.2685591955269
987,67be42c8-7973-423b-be71-1a3a4faa6161,6,987,True,31033,30721,80.39449917565071
988,67be42c8-7973-423b-be71-1a3a4faa6161,6,988,True,31062,30750,80.4016674167251
989,67be42c8-7973-423b-be71-1a3a4faa6161,6,989,True,31087,30775,71.64433820181512
990,67be42c8-7973-423b-be71-1a3a4faa6161,6,990,True,31123,30811,92.366920710876
991,67be42c8-7973-423b-be71-1a3a4faa6161,6,991,True,31151,30839,84.35963210924092
992,67be42c8-7973-423b-be71-1a3a4faa6161,6,992,True,31179,30867,78.31862155361523
993,67be42c8-7973-423b-be71-1a3a4faa6161,6,993,True,31212,30900,76.44527368365016
994,67be42c8-7973-423b-be71-1a3a4faa6161,6,994,True,31258,30946,77.3298764934516
995,67be42c8-7973-423b-be71-1a3a4faa6161,6,995,True,31287,30975,82.46353491314221
996,67be42c8-7973-423b-be71-1a3a4faa6161,6,996,True,31319,31007,76.65545765824209
997,67be42c8-7973-423b-be71-1a3a4faa6161,6,997,True,31351,31039,87.06284519097971
998,67be42c8-7973-423b-be71-1a3a4faa6161,6,998,True,31381,31069,91.4133088549861
999,67be42c8-7973-423b-be71-1a3a4faa6161,6,999,True,31408,31096,96.08323794216994
1000,0b1c8b42-96ab-4e65-817c-6c1dd48c67b4,7,1000,True,372,20,78.85829886924586
1001,0b1c8b42-96ab-4e65-817c-6c1dd48c67b4,7,1001,True,404,52,71.41812417972315
1002,0b1c8b42-96ab-4e65-817c-6c1dd48c67b4,7,1002,True,437,85,70.56536008580281
1003,0b1c8b42-96ab-4e65-817c-6c1dd48c67b4,7,1003,True,467,115,74.477373729844
1004,0b1c8b42-96ab-4e65-817c-6c1dd48c67b4,7,1004,True,498,146,93.07586316099969
1005,0b1c8b42-96ab-4e65-817c-6c1dd48c67b4,7,1005,True,531,179,95.90489273861368
1006,0b1c8b42-96ab-4e65-817c-6c1dd48c67b4,7,1006,True,564,212,85.93308817265893
1007,0b1c8b42-96ab-4e65-817c-6c1dd48c67b4,7,1007,True,593,241,95.04214171680474
1008,0b1c8b42-96ab-4e65-817c-6c1dd48c67b4,7,1008,True,624,272,89.32889355280884
1009,0b1c8b42-96ab-4e65-817c-6c1dd48c67b4,7,1009,True,664,312,81.97162186521683
1010,0b1c8b42-96ab-4e65-817c-6c1dd48c67b4,7,1010,True,696,344,86.15263955179955
1011,0b1c8b42-96ab-4e65-817c-6c1dd48c67b4,7,1011,True,720,368,89.04550038557863
1012,0b1c8b42-96ab-4e65-817c-6c1dd48c67b4,7,1012,True,744,392,90.79103545833772
1013,0b1c8b42-96ab-4e65-817c-6c1dd48c67b4,7,1013,True,771,419,86.84830096757929
1014,0b1c8b42-96ab-4e65-817c-6c1dd48c67b4,7,1014,True,814,462,83.89359053455473
1015,0b1c8b42-96ab-4e65-817c-6c1dd48c67b4,7,1015,True,845,493,100.05679498930124
1016,0b1c8b42-96ab-4e65-817c-6c1dd48c67b4,7,1016,True,878,526,91.37330055054849
1017,0b1c8b42-96ab-4e65-817c-6c1dd48c67b4,7,1017,True,905,553,87.54187953830001
1018,0b1c8b42-96ab-4e65-817c-6c1dd48c67b4,7,1018,True,941,589,76.82605791566766
1019,0b1c8b42-96ab-4e65-817c-6c1dd48c67b4,7,1019,True,972,620,85.24377090091002
1020,0b1c8b42-96ab-4e65-817c-6c1dd48c67b4,7,1020,True,1004,652,77.17202852755133
1021,0b1c8b42-96ab-4e65-817c-6c1dd48c67b4,7,1021,True,1041,689,89.71282070365248
1022,0b1c8b42-96ab-4e65-817c-6c1dd48c67b4,7,1022,True,1073,721,80.22116182241109
1023,0b1c8b42-96ab-4e65-817c-6c1dd48c67b4,7,1023,True,1099,747,79.95294750728203
1024,0b1c8b42-96ab-4e65-817c-6c1dd48c67b4,7,1024,True,1137,785,76.07145471063643
1025,0b1c8b42-96ab-4e65-817c-6c1dd48c67b4,7,1025,True,1167,815,88.4406765952508
1026,0b1c8b42-96ab-4e65-817c-6c1dd48c67b4,7,1026,True,1200,848,88.35364389937945
1027,0b1c8b42-96ab-4e65-817c-6c1dd48c67b4,7,1027,True,1234,882,98.20983487090245
1028,0b1c8b42-96ab-4e65-817c-6c1dd48c67b4,7,1028,True,1268,916,73.68440420726324
1029,0b1c8b42-96ab-4e65-817c-6c1dd48c67b4,7,1029,True,1296,944,72.60222094422215
1030,0b1c8b42-96ab-4e65-817c-6c1dd48c67b4,7,1030,True,1333,981,70.60493965263936
1031,0b1c8b42-96ab-4e65-817c-6c1dd48c67b4,7,1031,True,1367,1015,73.82264206168588
1032,0b1c8b42-96ab-4e65-817c-6c1dd48c67b4,7,1032,True,1395,1043,75.91573786487584
1033,0b1c8b42-96ab-4e65-817c-6c1dd48c67b4,7,1033,True,1430,1078,80.77402287516679
1034,0b1c8b42-96ab-4e65-817c-6c1dd48c67b4,7,1034,True,1465,1113,72.30894777848857
1035,0b1c8b42-96ab-4e65-817c-6c1dd48c67b4,7,1035,True,1501,1149,65.18836136824098
1036,0b1c8b42-96ab-4e65-817c-6c1dd48c67b4,7,1036,True,1535,1183,72.97550335755386
1037,0b1c8b42-96ab-4e65-817c-6c1dd48c67b4,7,1037,True,1573,1221,78.23267980455171
1038,0b1c8b42-96ab-4e65-817c-6c1dd48c67b4,7,1038,True,1595,1243,79.01305164525502
1039,0b1c8b42-96ab-4e65-817c-6c1dd48c67b4,7,1039,True,1616,1264,84.79801511924188
1040,0b1c8b42-96ab-4e65-817c-6c1dd48c67b4,7,1040,True,1646,1294,68.8177084309018
1041,0b1c8b42-96ab-4e65-817c-6c1dd48c67b4,7,1041,True,1675,1323,77.48014944866327
1042,0b1c8b42-96ab-4e65-817c-6c1dd48c67b4,7,1042,True,1707,1355,90.09699809027347
1043,0b1c8b42-96ab-4e65-817c-6c1dd48c67b4,7,1043,True,1728,1376,78.41577856940967
1044,0b1c8b42-96ab-4e65-817c-6c1dd48c67b4,7,1044,True,1765,1413,95.32191081483734
1045,0b1c8b42-96ab-4e65-817c-6c1dd48c67b4,7,1045,True,1784,1432,94.46273916826362
1046,0b1c8b42-96ab-4e65-817c-6c1dd48c67b4,7,1046,True,1814,1462,86.63078405491501
1047,0b1c8b42-96ab-4e65-817c-6c1dd48c67b4,7,1047,True,1840,1488,93.69989006705146
1048,0b1c8b42-96ab-4e65-817c-6c1dd48c67b4,7,1048,True,1870,1518,105.94551913262353
1049,0b1c8b42-96ab-4e65-817c-6c1dd48c67b4,7,1049,True,1898,1546,104.14033685244635
1050,0b1c8b42-96ab-4e65-817c-6c1dd48c67b4,7,1050,True,1924,1572,93.00664436347483
1051,0b1c8b42-96ab-4e65-817c-6c1dd48c67b4,7,1051,True,1953,1601,107.41807638898331
1052,0b1c8b42-96ab-4e65-817c-6c1dd48c67b4,7,1052,True,1977,1625,100.61065899741811
1053,0b1c8b42-96ab-4e65-817c-6c1dd48c67b4,7,1053,True,2008,1656,100.52170997700387
1054,0b1c8b42-96ab-4e65-817c-6c1dd48c67b4,7,1054,True,2041,1689,99.17688084637052
1055,0b1c8b42-96ab-4e65-817c-6c1dd48c67b4,7,1055,True,2062,1710,101.44893229128888
1056,0b1c8b42-96ab-4e65-817c-6c1dd48c67b4,7,1056,True,2089,1737,94.44780429929733
1057,0b1c8b42-96ab-4e65-817c-6c1dd48c67b4,7,1057,True,2126,1774,85.24726093277968
1058,0b1c8b42-96ab-4e65-817c-6c1dd48c67b4,7,1058,True,2158,1806,95.48227219706337
1059,0b1c8b42-96ab-4e65-817c-6c1dd48c67b4,7,1059,True,2182,1830,85.63952063339525
1060,0b1c8b42-96ab-4e65-817c-6c1dd48c67b4,7,1060,True,2209,1857,100.15389459261473
1061,0b1c8b42-96ab-4e65-817c-6c1dd48c67b4,7,1061,True,2236,1884,99.95613415770958
1062,0b1c8b42-96ab-4e65-817c-6c1dd48c67b4,7,1062,True,2269,1917,82.96618294007408
1063,0b1c8b42-96ab-4e65-817c-6c1dd48c67b4,7,1063,True,2305,1953,95.01568959646693
1064,0b1c8b42-96ab-4e65-817c-6c1dd48c67b4,7,1064,True,2323,1971,104.97128348382103
1065,0b1c8b42-96ab-4e65-817c-6c1dd48c67b4,7,1065,True,2358,2006,96.04252875427755
1066,0b1c8b42-96ab-4e65-817c-6c1dd48c67b4,7,1066,True,2396,2044,98.01885735486712
1067,0b1c8b42-96ab-4e65-817c-6c1dd48c67b4,7,1067,True,2423,2071,102.9526703289248
1068,0b1c8b42-96ab-4e65-817c-6c1dd48c67b4,7,1068,True,2451,2099,101.25362323853915
1069,0b1c8b42-96ab-4e65-817c-6c1dd48c67b4,7,1069,True,2480,2128,88.30378198286871
1070,0b1c8b42-96ab-4e65-817c-6c1dd48c67b4,7,1070,True,2518,2166,75.82987139564966
1071,0b1c8b42-96ab-4e65-817c-6c1dd48c67b4,7,1071,True,2548,2196,77.18305359507531
1072,0b1c8b42-96ab-4e65-817c-6c1dd48c67b4,7,1072,True,2570,2218,86.36033974923794
1073,0b1c8b42-96ab-4e65-817c-6c1dd48c67b4,7,1073,True,2601,2249,85.43881682571782
1074,0b1c8b42-96ab-4e65-817c-6c1dd48c67b4,7,1074,True,2634,2282,87.37248419298976
1075,0b1c8b42-96ab-4e65-817c-6c1dd48c67b4,7,1075,True,2669,2317,84.28997878375594
1076,0b1c8b42-96ab-4e65-817c-6c1dd48c67b4,7,1076,True,2713,2361,75.37120970348906
1077,0b1c8b42-96ab-4e65-817c-6c1dd48c67b4,7,1077,True,2741,2389,81.91417824654263
1078,0b1c8b42-96ab-4e65-817c-6c1dd48c67b4,7,1078,True,2777,2425,77.64712117664567
1079,0b1c8b42-96ab-4e65-817c-6c1dd48c67b4,7,1079,True,2795,2443,91.89705217219716
1080,0b1c8b42-96ab-4e65-817c-6c1dd48c67b4,7,1080,True,2840,2488,83.84131395985696
1081,0b1c8b42-96ab-4e65-817c-6c1dd48c67b4,7,1081,True,2870,2518,90.65098880510641
1082,0b1c8b42-96ab-4e65-817c-6c1dd48c67b4,7,1082,True,2896,2544,76.25678914294986
1083,0b1c8b42-96ab-4e65-817c-6c1dd48c67b4,7,1083,True,2925,2573,88.84127517374327
1084,0b1c8b42-96ab-4e65-817c-6c1dd48c67b4,7,1084,True,2961,2609,79.89194846203418
1085,0b1c8b42-96ab-4e65-817c-6c1dd48c67b4,7,1085,True,2987,2635,78.40053213192914
1086,0b1c8b42-96ab-4e65-817c-6c1dd48c67b4,7,1086,True,3018,2666,87.39097289649908
1087,0b1c8b42-96ab-4e65-817c-6c1dd48c67b4,7,1087,True,3044,2692,72.18827333302352
1088,0b1c8b42-96ab-4e65-817c-6c1dd48c67b4,7,1088,True,3077,2725,73.58428494183818
1089,0b1c8b42-96ab-4e65-817c-6c1dd48c67b4,7,1089,True,3101,2749,84.67629584278711
1090,0b1c8b42-96ab-4e65-817c-6c1dd48c67b4,7,1090,True,3136,2784,80.54037346707264
1091,0b1c8b42-96ab-4e65-817c-6c1dd48c67b4,7,1091,True,3170,2818,91.33858113617407
1092,0b1c8b42-96ab-4e65-817c-6c1dd48c67b4,7,1092,True,3205,2853,80.93372013321368
1093,0b1c8b42-96ab-4e65-817c-6c1dd48c67b4,7,1093,True,3244,2892,74.66265781633638
1094,0b1c8b42-96ab-4e65-817c-6c1dd48c67b4,7,1094,True,3273,2921,77.04697272933527
1095,0b1c8b42-96ab-4e65-817c-6c1dd48c67b4,7,1095,True,3296,2944,91.25697439086889
1096,0b1c8b42-96ab-4e65-817c-6c1dd48c67b4,7,1096,True,3323,2971,97.34399499673782
1097,0b1c8b42-96ab-4e65-817c-6c1dd48c67b4,7,1097,True,3351,2999,88.2715813222876
1098,0b1c8b42-96ab-4e65-817c-6c1dd48c67b4,7,1098,True,3375,3023,101.14200424264254
1099,0b1c8b42-96ab-4e65-817c-6c1dd48c67b4,7,1099,True,3406,3054,106.20724259026156
1100,0b1c8b42-96ab-4e65-817c-6c1dd48c67b4,7,1100,True,3438,3086,97.5197974296475
1101,0b1c8b42-96ab-4e65-817c-6c1dd48c67b4,7,1101,True,3484,3132,82.55468193717843
1102,0b1c8b42-96ab-4e65-817c-6c1dd48c67b4,7,1102,True,3518,3166,76.52570049790847
1103,0b1c8b42-96ab-4e65-817c-6c1dd48c67b4,7,1103,True,3554,3202,91.01842409204346
1104,0b1c8b42-96ab-4e65-817c-6c1dd48c67b4,7,1104,True,3578,3226,88.98570424666968
1105,0b1c8b42-96ab-4e65-817c-6c1dd48c67b4,7,1105,True,3614,3262,98.63539571456522
1106,0b1c8b42-96ab-4e65-817c-6c1dd48c67b4,7,1106,True,3637,3285,104.60597161257283
1107,0b1c8b42-96ab-4e65-817c-6c1dd48c67b4,7,1107,True,3673,3321,90.60185321468043
1108,0b1c8b42-96ab-4e65-817c-6c1dd48c67b4,7,1108,True,3702,3350,80.1504828524312
1109,0b1c8b42-96ab-4e65-817c-6c1dd48c67b4,7,1109,True,3740,3388,93.65664043346169
1110,0b1c8b42-96ab-4e65-817c-6c1dd48c67b4,7,1110,True,3776,3424,83.64551721580119
1111,0b1c8b42-96ab-4e65-817c-6c1dd48c67b4,7,1111,True,3805,3453,78.82515288972718
1112,0b1c8b42-96ab-4e65-817c-6c1dd48c67b4,7,1112,True,3825,3473,81.23185504543244
1113,0b1c8b42-96ab-4e65-817c-6c1dd48c67b4,7,1113,True,3852,3500,86.342592765061
1114,0b1c8b42-96ab-4e65-817c-6c1dd48c67b4,7,1114,True,3888,3536,95.76872993733741
1115,0b1c8b42-96ab-4e65-817c-6c1dd48c67b4,7,1115,True,3934,3582,76.15647171947285
1116,0b1c8b42-96ab-4e65-817c-6c1dd48c67b4,7,1116,True,3963,3611,79.37472639355929
1117,0b1c8b42-96ab-4e65-817c-6c1dd48c67b4,7,1117,True,3989,3637,75.59317980044534
1118,0b1c8b42-96ab-4e65-817c-6c1dd48c67b4,7,1118,True,4022,3670,81.2377450850322
1119,0b1c8b42-96ab-4e65-817c-6c1dd48c67b4,7,1119,True,4054,3702,74.03284696728406
1120,0b1c8b42-96ab-4e65-817c-6c1dd48c67b4,7,1120,True,4091,3739,79.90536738541005
1121,0b1c8b42-96ab-4e65-817c-6c1dd48c67b4,7,1121,True,4120,3768,91.36201568558181
1122,0b1c8b42-96ab-4e65-817c-6c1dd48c67b4,7,1122,True,4147,3795,84.55319169180757
1123,0b1c8b42-96ab-4e65-817c-6c1dd48c67b4,7,1123,True,4188,3836,79.3131607239493
1124,0b1c8b42-96ab-4e65-817c-6c1dd48c67b4,7,1124,True,4219,3867,87.42128071085199
1125,0b1c8b42-96ab-4e65-817c-6c1dd48c67b4,7,1125,True,4254,3902,97.19599393754515
1126,0b1c8b42-96ab-4e65-817c-6c1dd48c67b4,7,1126,True,4278,3926,84.08586713158957
1127,0b1c8b42-96ab-4e65-817c-6c1dd48c67b4,7,1127,True,4311,3959,102.32218805259708
1128,0b1c8b42-96ab-4e65-817c-6c1dd48c67b4,7,1128,True,4343,3991,94.55874894532917
1129,0b1c8b42-96ab-4e65-817c-6c1dd48c67b4,7,1129,True,4374,4022,91.96896639417992
1130,0b1c8b42-96ab-4e65-817c-6c1dd48c67b4,7,1130,True,4395,4043,96.72267376194668
1131,0b1c8b42-96ab-4e65-817c-6c1dd48c67b4,7,1131,True,4432,4080,90.30102731976785
1132,0b1c8b42-96ab-4e65-817c-6c1dd48c67b4,7,1132,True,4464,4112,92.35998853768251
1133,0b1c8b42-96ab-4e65-817c-6c1dd48c67b4,7,1133,True,4482,4130,97.1805533697916
1134,0b1c8b42-96ab-4e65-817c-6c1dd48c67b4,7,1134,True,4512,4160,104.90974594987529
1135,0b1c8b42-96ab-4e65-817c-6c1dd48c67b4,7,1135,True,4550,4198,92.03462186574598
1136,0b1c8b42-96ab-4e65-817c-6c1dd48c67b4,7,1136,True,4596,4244,74.82359554193044
1137,0b1c8b42-96ab-4e65-817c-6c1dd48c67b4,7,1137,True,4628,4276,80.42826566331223
1138,0b1c8b42-96ab-4e65-817c-6c1dd48c67b4,7,1138,True,4658,4306,81.30383559604616
1139,0b1c8b42-96ab-4e65-817c-6c1dd48c67b4,7,1139,True,4679,4327,88.97408116369206
1140,0b1c8b42-96ab-4e65-817c-6c1dd48c67b4,7,1140,True,4715,4363,81.37644461470063
1141,0b1c8b42-96ab-4e65-817c-6c1dd48c67b4,7,1141,True,4746,4394,85.27003072698881
1142,0b1c8b42-96ab-4e65-817c-6c1dd48c67b4,7,1142,True,4773,4421,87.28485166490645
1143,0b1c8b42-96ab-4e65-817c-6c1dd48c67b4,7,1143,True,4807,4455,76.32677958034856
1144,0b1c8b42-96ab-4e65-817c-6c1dd48c67b4,7,1144,True,4839,4487,78.46778128239475
1145,0b1c8b42-96ab-4e65-817c-6c1dd48c67b4,7,1145,True,4870,4518,82.24837888809088
1146,0b1c8b42-96ab-4e65-817c-6c1dd48c67b4,7,1146,True,4911,4559,65.23356434240122
1147,0b1c8b42-96ab-4e65-817c-6c1dd48c67b4,7,1147,True,4944,4592,98.32454676033649
1148,0b1c8b42-96ab-4e65-817c-6c1dd48c67b4,7,1148,True,4972,4620,80.35013615213484
1149,0b1c8b42-96ab-4e65-817c-6c1dd48c67b4,7,1149,True,5007,4655,88.76185938015897
1150,0b1c8b42-96ab-4e65-817c-6c1dd48c67b4,7,1150,True,5037,4685,96.22731461537842
1151,0b1c8b42-96ab-4e65-817c-6c1dd48c67b4,7,1151,True,5068,4716,86.69657509855278
1152,0b1c8b42-96ab-4e65-817c-6c1dd48c67b4,7,1152,True,5091,4739,84.49286593586112
1153,0b1c8b42-96ab-4e65-817c-6c1dd48c67b4,7,1153,True,5120,4768,86.43739001861377
1154,0b1c8b42-96ab-4e65-817c-6c1dd48c67b4,7,1154,True,5156,4804,99.86124780483715
1155,0b1c8b42-96ab-4e65-817c-6c1dd48c67b4,7,1155,True,5185,4833,83.03522225979486
1156,0b1c8b42-96ab-4e65-817c-6c1dd48c67b4,7,1156,True,5217,4865,101.7669054071257
1157,0b1c8b42-96ab-4e65-817c-6c1dd48c67b4,7,1157,True,5253,4901,96.04540279504545
1158,0b1c8b42-96ab-4e65-817c-6c1dd48c67b4,7,1158,True,5285,4933,94.40148001684702
1159,0b1c8b42-96ab-4e65-817c-6c1dd48c67b4,7,1159,True,5319,4967,80.91190526863193
1160,0b1c8b42-96ab-4e65-817c-6c1dd48c67b4,7,1160,True,5345,4993,88.19140156545927
1161,0b1c8b42-96ab-4e65-817c-6c1dd48c67b4,7,1161,True,5368,5016,99.75805572420904
1162,0b1c8b42-96ab-4e65-817c-6c1dd48c67b4,7,1162,True,5394,5042,83.2557337627477
1163,0b1c8b42-96ab-4e65-817c-6c1dd48c67b4,7,1163,True,5410,5058,91.14925960289565
1164,0b1c8b42-96ab-4e65-817c-6c1dd48c67b4,7,1164,True,5448,5096,98.94126156734364
1165,0b1c8b42-96ab-4e65-817c-6c1dd48c67b4,7,1165,True,5492,5140,79.85115221873093
1166,0b1c8b42-96ab-4e65-817c-6c1dd48c67b4,7,1166,True,5522,5170,91.49062053986836
1167,0b1c8b42-96ab-4e65-817c-6c1dd48c67b4,7,1167,True,5553,5201,83.88194688773638
1168,0b1c8b42-96ab-4e65-817c-6c1dd48c67b4,7,1168,True,5580,5228,93.1818230977442
1169,0b1c8b42-96ab-4e65-817c-6c1dd48c67b4,7,1169,True,5619,5267,97.07801304912118
1170,0b1c8b42-96ab-4e65-817c-6c1dd48c67b4,7,1170,True,5655,5303,104.86380712973732
1171,0b1c8b42-96ab-4e65-817c-6c1dd48c67b4,7,1171,True,5686,5334,97.79273169833778
1172,0b1c8b42-96ab-4e65-817c-6c1dd48c67b4,7,1172,True,5719,5367,79.59576183395438
1173,0b1c8b42-96ab-4e65-817c-6c1dd48c67b4,7,1173,True,5747,5395,87.37208842501423
1174,0b1c8b42-96ab-4e65-817c-6c1dd48c67b4,7,1174,True,5773,5421,87.6560622284851
1175,0b1c8b42-96ab-4e65-817c-6c1dd48c67b4,7,1175,True,5804,5452,92.9082837304959
1176,0b1c8b42-96ab-4e65-817c-6c1dd48c67b4,7,1176,True,5832,5480,104.79106945414424
1177,0b1c8b42-96ab-4e65-817c-6c1dd48c67b4,7,1177,True,5868,5516,93.0942677894709
1178,0b1c8b42-96ab-4e65-817c-6c1dd48c67b4,7,1178,True,5900,5548,110.35372733014901
1179,0b1c8b42-96ab-4e65-817c-6c1dd48c67b4,7,1179,True,5930,5578,138.17103526600476
1180,0b1c8b42-96ab-4e65-817c-6c1dd48c67b4,7,1180,True,5954,5602,105.0161068595362
1181,0b1c8b42-96ab-4e65-817c-6c1dd48c67b4,7,1181,True,5986,5634,105.3042148099521
1182,0b1c8b42-96ab-4e65-817c-6c1dd48c67b4,7,1182,True,6035,5683,87.70331582865947
1183,0b1c8b42-96ab-4e65-817c-6c1dd48c67b4,7,1183,True,6063,5711,85.18457374196441
1184,0b1c8b42-96ab-4e65-817c-6c1dd48c67b4,7,1184,True,6089,5737,99.43461173258584
1185,0b1c8b42-96ab-4e65-817c-6c1dd48c67b4,7,1185,True,6115,5763,106.344076729687
1186,0b1c8b42-96ab-4e65-817c-6c1dd48c67b4,7,1186,True,6150,5798,108.32170772348582
1187,0b1c8b42-96ab-4e65-817c-6c1dd48c67b4,7,1187,True,6180,5828,106.78427062846367
1188,0b1c8b42-96ab-4e65-817c-6c1dd48c67b4,7,1188,True,6208,5856,95.6760750955973
1189,0b1c8b42-96ab-4e65-817c-6c1dd48c67b4,7,1189,True,6245,5893,148.81569613847842
1190,0b1c8b42-96ab-4e65-817c-6c1dd48c67b4,7,1190,True,6274,5922,131.16831998231373
1191,0b1c8b42-96ab-4e65-817c-6c1dd48c67b4,7,1191,True,6310,5958,141.5542267521514
1192,0b1c8b42-96ab-4e65-817c-6c1dd48c67b4,7,1192,True,6343,5991,118.74053001998072
1193,0b1c8b42-96ab-4e65-817c-6c1dd48c67b4,7,1193,True,6364,6012,139.44894808080244
1194,0b1c8b42-96ab-4e65-817c-6c1dd48c67b4,7,1194,True,6399,6047,161.76256948623723
1195,0b1c8b42-96ab-4e65-817c-6c1dd48c67b4,7,1195,True,6435,6083,117.1323736986269
1196,0b1c8b42-96ab-4e65-817c-6c1dd48c67b4,7,1196,True,6479,6127,101.26153831298598
1197,0b1c8b42-96ab-4e65-817c-6c1dd48c67b4,7,1197,True,6506,6154,111.27122429944666
1198,0b1c8b42-96ab-4e65-817c-6c1dd48c67b4,7,1198,True,6534,6182,109.02048452836152
1199,0b1c8b42-96ab-4e65-817c-6c1dd48c67b4,7,1199,True,6570,6218,110.88610345822599
1200,0b1c8b42-96ab-4e65-817c-6c1dd48c67b4,7,1200,True,6601,6249,92.71625424957801
1201,0b1c8b42-96ab-4e65-817c-6c1dd48c67b4,7,1201,True,6630,6278,88.13671384278496
1202,0b1c8b42-96ab-4e65-817c-6c1dd48c67b4,7,1202,True,6667,6315,107.92481676797797
1203,0b1c8b42-96ab-4e65-817c-6c1dd48c67b4,7,1203,True,6702,6350,113.76924741848416
1204,0b1c8b42-96ab-4e65-817c-6c1dd48c67b4,7,1204,True,6743,6391,102.48664258940335
1205,0b1c8b42-96ab-4e65-817c-6c1dd48c67b4,7,1205,True,6770,6418,100.04480709127893
1206,0b1c8b42-96ab-4e65-817c-6c1dd48c67b4,7,1206,True,6796,6444,106.91827614160229
1207,0b1c8b42-96ab-4e65-817c-6c1dd48c67b4,7,1207,True,6834,6482,93.51005255677592
1208,0b1c8b42-96ab-4e65-817c-6c1dd48c67b4,7,1208,True,6869,6517,81.77858882894816
1209,0b1c8b42-96ab-4e65-817c-6c1dd48c67b4,7,1209,True,6912,6560,91.56858000346347
1210,0b1c8b42-96ab-4e65-817c-6c1dd48c67b4,7,1210,True,6941,6589,75.56550789072298
1211,0b1c8b42-96ab-4e65-817c-6c1dd48c67b4,7,1211,True,6977,6625,76.47110845798034
1212,0b1c8b42-96ab-4e65-817c-6c1dd48c67b4,7,1212,True,7006,6654,86.96347639128271
1213,0b1c8b42-96ab-4e65-817c-6c1dd48c67b4,7,1213,True,7044,6692,90.75130755193368
1214,0b1c8b42-96ab-4e65-817c-6c1dd48c67b4,7,1214,True,7074,6722,76.47560854444146
1215,0b1c8b42-96ab-4e65-817c-6c1dd48c67b4,7,1215,True,7109,6757,87.9651392638234
1216,0b1c8b42-96ab-4e65-817c-6c1dd48c67b4,7,1216,True,7128,6776,88.58637898350207
1217,0b1c8b42-96ab-4e65-817c-6c1dd48c67b4,7,1217,True,7153,6801,93.51660542735044
1218,0b1c8b42-96ab-4e65-817c-6c1dd48c67b4,7,1218,True,7185,6833,88.83073050762505
1219,0b1c8b42-96ab-4e65-817c-6c1dd48c67b4,7,1219,True,7209,6857,86.22501810918038
1220,0b1c8b42-96ab-4e65-817c-6c1dd48c67b4,7,1220,True,7234,6882,91.39060988646543
1221,0b1c8b42-96ab-4e65-817c-6c1dd48c67b4,7,1221,True,7262,6910,82.51378380809729
1222,0b1c8b42-96ab-4e65-817c-6c1dd48c67b4,7,1222,True,7296,6944,91.6013569412844
1223,0b1c8b42-96ab-4e65-817c-6c1dd48c67b4,7,1223,True,7323,6971,81.31951986694366
1224,0b1c8b42-96ab-4e65-817c-6c1dd48c67b4,7,1224,True,7355,7003,92.31931023201469
1225,0b1c8b42-96ab-4e65-817c-6c1dd48c67b4,7,1225,True,7395,7043,91.85316750245056
1226,0b1c8b42-96ab-4e65-817c-6c1dd48c67b4,7,1226,True,7429,7077,96.18111319128911
1227,0b1c8b42-96ab-4e65-817c-6c1dd48c67b4,7,1227,True,7461,7109,94.95582352618658
1228,0b1c8b42-96ab-4e65-817c-6c1dd48c67b4,7,1228,True,7489,7137,92.97456623196285
1229,0b1c8b42-96ab-4e65-817c-6c1dd48c67b4,7,1229,True,7522,7170,89.96581194400187
1230,0b1c8b42-96ab-4e65-817c-6c1dd48c67b4,7,1230,True,7557,7205,90.4641332205847
1231,0b1c8b42-96ab-4e65-817c-6c1dd48c67b4,7,1231,True,7578,7226,87.65101070735363
1232,0b1c8b42-96ab-4e65-817c-6c1dd48c67b4,7,1232,True,7605,7253,94.99890346316079
1233,0b1c8b42-96ab-4e65-817c-6c1dd48c67b4,7,1233,True,7639,7287,84.72805189370592
1234,0b1c8b42-96ab-4e65-817c-6c1dd48c67b4,7,1234,True,7659,7307,89.70429466957103
1235,0b1c8b42-96ab-4e65-817c-6c1dd48c67b4,7,1235,True,7702,7350,95.4767303031631
1236,0b1c8b42-96ab-4e65-817c-6c1dd48c67b4,7,1236,True,7736,7384,99.1320836930654
1237,0b1c8b42-96ab-4e65-817c-6c1dd48c67b4,7,1237,True,7762,7410,99.52129256400258
1238,0b1c8b42-96ab-4e65-817c-6c1dd48c67b4,7,1238,True,7798,7446,90.58058009382421
1239,0b1c8b42-96ab-4e65-817c-6c1dd48c67b4,7,1239,True,7825,7473,90.87419761074216
1240,0b1c8b42-96ab-4e65-817c-6c1dd48c67b4,7,1240,True,7846,7494,124.88515358748464
1241,0b1c8b42-96ab-4e65-817c-6c1dd48c67b4,7,1241,True,7869,7517,118.15175228619319
1242,0b1c8b42-96ab-4e65-817c-6c1dd48c67b4,7,1242,True,7904,7552,105.03635238225434
1243,0b1c8b42-96ab-4e65-817c-6c1dd48c67b4,7,1243,True,7934,7582,166.7397431676045
1244,0b1c8b42-96ab-4e65-817c-6c1dd48c67b4,7,1244,True,7963,7611,149.44583374478134
1245,0b1c8b42-96ab-4e65-817c-6c1dd48c67b4,7,1245,True,7989,7637,164.82996841133536
1246,0b1c8b42-96ab-4e65-817c-6c1dd48c67b4,7,1246,True,8016,7664,110.95399867149717
1247,0b1c8b42-96ab-4e65-817c-6c1dd48c67b4,7,1247,True,8049,7697,146.4036118767317
1248,0b1c8b42-96ab-4e65-817c-6c1dd48c67b4,7,1248,True,8077,7725,128.31858172359716
1249,0b1c8b42-96ab-4e65-817c-6c1dd48c67b4,7,1249,True,8110,7758,120.42905294936463
1250,0b1c8b42-96ab-4e65-817c-6c1dd48c67b4,7,1250,True,8144,7792,109.86751448422638
1251,0b1c8b42-96ab-4e65-817c-6c1dd48c67b4,7,1251,True,8171,7819,121.4141650989659
1252,0b1c8b42-96ab-4e65-817c-6c1dd48c67b4,7,1252,True,8206,7854,127.5608952108314
1253,0b1c8b42-96ab-4e65-817c-6c1dd48c67b4,7,1253,True,8234,7882,121.44313110070561
1254,0b1c8b42-96ab-4e65-817c-6c1dd48c67b4,7,1254,True,8267,7915,117.02109097324319
1255,0b1c8b42-96ab-4e65-817c-6c1dd48c67b4,7,1255,True,8310,7958,97.84629307537125
1256,0b1c8b42-96ab-4e65-817c-6c1dd48c67b4,7,1256,True,8336,7984,111.69340866558741
1257,0b1c8b42-96ab-4e65-817c-6c1dd48c67b4,7,1257,True,8371,8019,97.88503087954268
1258,0b1c8b42-96ab-4e65-817c-6c1dd48c67b4,7,1258,True,8401,8049,103.70527814248089
1259,0b1c8b42-96ab-4e65-817c-6c1dd48c67b4,7,1259,True,8434,8082,132.22454305843712
1260,0b1c8b42-96ab-4e65-817c-6c1dd48c67b4,7,1260,True,8464,8112,121.63224855008411
1261,0b1c8b42-96ab-4e65-817c-6c1dd48c67b4,7,1261,True,8493,8141,104.00602027259447
1262,0b1c8b42-96ab-4e65-817c-6c1dd48c67b4,7,1262,True,8518,8166,116.54134160410104
1263,0b1c8b42-96ab-4e65-817c-6c1dd48c67b4,7,1263,True,8569,8217,104.76255294066868
1264,0b1c8b42-96ab-4e65-817c-6c1dd48c67b4,7,1264,True,8591,8239,114.05501099331195
1265,0b1c8b42-96ab-4e65-817c-6c1dd48c67b4,7,1265,True,8631,8279,90.7993119362036
1266,0b1c8b42-96ab-4e65-817c-6c1dd48c67b4,7,1266,True,8658,8306,104.96170346088002
1267,0b1c8b42-96ab-4e65-817c-6c1dd48c67b4,7,1267,True,8693,8341,116.02553319120307
1268,0b1c8b42-96ab-4e65-817c-6c1dd48c67b4,7,1268,True,8726,8374,118.34876713385893
1269,0b1c8b42-96ab-4e65-817c-6c1dd48c67b4,7,1269,True,8759,8407,109.30140257841231
1270,0b1c8b42-96ab-4e65-817c-6c1dd48c67b4,7,1270,True,8794,8442,105.96045769478951
1271,0b1c8b42-96ab-4e65-817c-6c1dd48c67b4,7,1271,True,8820,8468,101.77615882853388
1272,0b1c8b42-96ab-4e65-817c-6c1dd48c67b4,7,1272,True,8855,8503,98.7475787253752
1273,0b1c8b42-96ab-4e65-817c-6c1dd48c67b4,7,1273,True,8882,8530,86.6987278185843
1274,0b1c8b42-96ab-4e65-817c-6c1dd48c67b4,7,1274,True,8909,8557,105.5148448219079
1275,0b1c8b42-96ab-4e65-817c-6c1dd48c67b4,7,1275,True,8929,8577,99.07107931381142
1276,0b1c8b42-96ab-4e65-817c-6c1dd48c67b4,7,1276,True,8964,8612,94.07697954186551
1277,0b1c8b42-96ab-4e65-817c-6c1dd48c67b4,7,1277,True,8998,8646,113.19872654846404
1278,0b1c8b42-96ab-4e65-817c-6c1dd48c67b4,7,1278,True,9040,8688,96.82600328503213
1279,0b1c8b42-96ab-4e65-817c-6c1dd48c67b4,7,1279,True,9066,8714,108.79766861407006
1280,0b1c8b42-96ab-4e65-817c-6c1dd48c67b4,7,1280,True,9101,8749,94.3896564655006
1281,0b1c8b42-96ab-4e65-817c-6c1dd48c67b4,7,1281,True,9133,8781,103.83484891246007
1282,0b1c8b42-96ab-4e65-817c-6c1dd48c67b4,7,1282,True,9162,8810,99.86778018308905
1283,0b1c8b42-96ab-4e65-817c-6c1dd48c67b4,7,1283,True,9195,8843,101.62104444907527
1284,0b1c8b42-96ab-4e65-817c-6c1dd48c67b4,7,1284,True,9222,8870,105.74047114578934
1285,0b1c8b42-96ab-4e65-817c-6c1dd48c67b4,7,1285,True,9262,8910,107.27280035978765
1286,0b1c8b42-96ab-4e65-817c-6c1dd48c67b4,7,1286,True,9298,8946,81.41217139086257
1287,0b1c8b42-96ab-4e65-817c-6c1dd48c67b4,7,1287,True,9331,8979,83.5624319237777
1288,0b1c8b42-96ab-4e65-817c-6c1dd48c67b4,7,1288,True,9366,9014,80.87194982678011
1289,0b1c8b42-96ab-4e65-817c-6c1dd48c67b4,7,1289,True,9396,9044,77.50308816357574
1290,0b1c8b42-96ab-4e65-817c-6c1dd48c67b4,7,1290,True,9438,9086,78.46218441511701
1291,0b1c8b42-96ab-4e65-817c-6c1dd48c67b4,7,1291,True,9475,9123,80.70620424920162
1292,0b1c8b42-96ab-4e65-817c-6c1dd48c67b4,7,1292,True,9505,9153,75.48455595124688
1293,0b1c8b42-96ab-4e65-817c-6c1dd48c67b4,7,1293,True,9533,9181,83.24054466361304
1294,0b1c8b42-96ab-4e65-817c-6c1dd48c67b4,7,1294,True,9553,9201,76.66582861774623
1295,0b1c8b42-96ab-4e65-817c-6c1dd48c67b4,7,1295,True,9594,9242,80.1932047804803
1296,0b1c8b42-96ab-4e65-817c-6c1dd48c67b4,7,1296,True,9630,9278,76.82751604009172
1297,0b1c8b42-96ab-4e65-817c-6c1dd48c67b4,7,1297,True,9664,9312,73.9024700318223
1298,0b1c8b42-96ab-4e65-817c-6c1dd48c67b4,7,1298,True,9689,9337,81.40372521745121
1299,0b1c8b42-96ab-4e65-817c-6c1dd48c67b4,7,1299,True,9710,9358,76.09092655309178
1300,0b1c8b42-96ab-4e65-817c-6c1dd48c67b4,7,1300,True,9744,9392,94.38967635398512
1301,0b1c8b42-96ab-4e65-817c-6c1dd48c67b4,7,1301,True,9781,9429,95.03170298889017
1302,0b1c8b42-96ab-4e65-817c-6c1dd48c67b4,7,1302,True,9804,9452,84.39151833259166
1303,0b1c8b42-96ab-4e65-817c-6c1dd48c67b4,7,1303,True,9832,9480,82.67256122075196
1304,0b1c8b42-96ab-4e65-817c-6c1dd48c67b4,7,1304,True,9863,9511,89.89921220038377
1305,0b1c8b42-96ab-4e65-817c-6c1dd48c67b4,7,1305,True,9892,9540,92.06364270489576
1306,0b1c8b42-96ab-4e65-817c-6c1dd48c67b4,7,1306,True,9929,9577,89.74171067465431
1307,0b1c8b42-96ab-4e65-817c-6c1dd48c67b4,7,1307,True,9957,9605,90.05197601833788
1308,0b1c8b42-96ab-4e65-817c-6c1dd48c67b4,7,1308,True,10001,9649,90.05328778446528
1309,0b1c8b42-96ab-4e65-817c-6c1dd48c67b4,7,1309,True,10030,9678,88.02244842042273
1310,0b1c8b42-96ab-4e65-817c-6c1dd48c67b4,7,1310,True,10053,9701,96.81858902251406
1311,0b1c8b42-96ab-4e65-817c-6c1dd48c67b4,7,1311,True,10085,9733,91.65640842134599
1312,0b1c8b42-96ab-4e65-817c-6c1dd48c67b4,7,1312,True,10111,9759,104.56293860300684
1313,0b1c8b42-96ab-4e65-817c-6c1dd48c67b4,7,1313,True,10145,9793,94.86409894730423
1314,0b1c8b42-96ab-4e65-817c-6c1dd48c67b4,7,1314,True,10183,9831,85.87865931876877
1315,0b1c8b42-96ab-4e65-817c-6c1dd48c67b4,7,1315,True,10213,9861,83.26944531025947
1316,0b1c8b42-96ab-4e65-817c-6c1dd48c67b4,7,1316,True,10238,9886,100.75492576076067
1317,0b1c8b42-96ab-4e65-817c-6c1dd48c67b4,7,1317,True,10263,9911,87.49855565456892
1318,0b1c8b42-96ab-4e65-817c-6c1dd48c67b4,7,1318,True,10289,9937,89.62647240168735
1319,0b1c8b42-96ab-4e65-817c-6c1dd48c67b4,7,1319,True,10314,9962,90.71966033810713
1320,0b1c8b42-96ab-4e65-817c-6c1dd48c67b4,7,1320,True,10349,9997,101.29920523993133
1321,0b1c8b42-96ab-4e65-817c-6c1dd48c67b4,7,1321,True,10380,10028,99.1248882368127
1322,0b1c8b42-96ab-4e65-817c-6c1dd48c67b4,7,1322,True,10402,10050,100.35974508526124
1323,0b1c8b42-96ab-4e65-817c-6c1dd48c67b4,7,1323,True,10429,10077,101.50652914783859
1324,0b1c8b42-96ab-4e65-817c-6c1dd48c67b4,7,1324,True,10452,10100,97.53905851623131
1325,0b1c8b42-96ab-4e65-817c-6c1dd48c67b4,7,1325,True,10483,10131,81.6350858917358
1326,0b1c8b42-96ab-4e65-817c-6c1dd48c67b4,7,1326,True,10510,10158,91.88866803901146
1327,0b1c8b42-96ab-4e65-817c-6c1dd48c67b4,7,1327,True,10539,10187,93.93171108445858
1328,0b1c8b42-96ab-4e65-817c-6c1dd48c67b4,7,1328,True,10572,10220,93.2506568655117
1329,0b1c8b42-96ab-4e65-817c-6c1dd48c67b4,7,1329,True,10602,10250,93.38820178838068
1330,0b1c8b42-96ab-4e65-817c-6c1dd48c67b4,7,1330,True,10634,10282,99.10456338610311
1331,0b1c8b42-96ab-4e65-817c-6c1dd48c67b4,7,1331,True,10669,10317,93.54430219826645
1332,0b1c8b42-96ab-4e65-817c-6c1dd48c67b4,7,1332,True,10700,10348,105.54480458348371
1333,0b1c8b42-96ab-4e65-817c-6c1dd48c67b4,7,1333,True,10739,10387,88.8456445609554
1334,0b1c8b42-96ab-4e65-817c-6c1dd48c67b4,7,1334,True,10771,10419,83.20865321003475
1335,0b1c8b42-96ab-4e65-817c-6c1dd48c67b4,7,1335,True,10804,10452,80.72447336374353
1336,0b1c8b42-96ab-4e65-817c-6c1dd48c67b4,7,1336,True,10832,10480,79.11737300579625
1337,0b1c8b42-96ab-4e65-817c-6c1dd48c67b4,7,1337,True,10866,10514,71.39795489980133
1338,0b1c8b42-96ab-4e65-817c-6c1dd48c67b4,7,1338,True,10895,10543,74.56440976847807
1339,0b1c8b42-96ab-4e65-817c-6c1dd48c67b4,7,1339,True,10921,10569,74.10629717390293
1340,0b1c8b42-96ab-4e65-817c-6c1dd48c67b4,7,1340,True,10951,10599,81.98458720742019
1341,0b1c8b42-96ab-4e65-817c-6c1dd48c67b4,7,1341,True,10987,10635,72.44325414373816
1342,0b1c8b42-96ab-4e65-817c-6c1dd48c67b4,7,1342,True,11018,10666,79.86541329749343
1343,0b1c8b42-96ab-4e65-817c-6c1dd48c67b4,7,1343,True,11051,10699,81.71095295625673
1344,0b1c8b42-96ab-4e65-817c-6c1dd48c67b4,7,1344,True,11078,10726,83.86788967653047
1345,0b1c8b42-96ab-4e65-817c-6c1dd48c67b4,7,1345,True,11113,10761,93.46974115074227
1346,0b1c8b42-96ab-4e65-817c-6c1dd48c67b4,7,1346,True,11151,10799,93.28258245538746
1347,0b1c8b42-96ab-4e65-817c-6c1dd48c67b4,7,1347,True,11179,10827,92.6507354174446
1348,0b1c8b42-96ab-4e65-817c-6c1dd48c67b4,7,1348,True,11209,10857,92.09754703426188
1349,0b1c8b42-96ab-4e65-817c-6c1dd48c67b4,7,1349,True,11240,10888,95.71321507157154
1350,0b1c8b42-96ab-4e65-817c-6c1dd48c67b4,7,1350,True,11269,10917,90.63915463767808
1351,0b1c8b42-96ab-4e65-817c-6c1dd48c67b4,7,1351,True,11309,10957,100.15255092649204
1352,0b1c8b42-96ab-4e65-817c-6c1dd48c67b4,7,1352,True,11330,10978,90.05884600500212
1353,0b1c8b42-96ab-4e65-817c-6c1dd48c67b4,7,1353,True,11359,11007,112.7201448852993
1354,0b1c8b42-96ab-4e65-817c-6c1dd48c67b4,7,1354,True,11406,11054,114.65199348669194
1355,0b1c8b42-96ab-4e65-817c-6c1dd48c67b4,7,1355,True,11440,11088,107.40211763643856
1356,0b1c8b42-96ab-4e65-817c-6c1dd48c67b4,7,1356,True,11469,11117,106.86059512662723
1357,0b1c8b42-96ab-4e65-817c-6c1dd48c67b4,7,1357,True,11501,11149,99.49620996116028
1358,0b1c8b42-96ab-4e65-817c-6c1dd48c67b4,7,1358,True,11527,11175,98.70147824704509
1359,0b1c8b42-96ab-4e65-817c-6c1dd48c67b4,7,1359,True,11556,11204,94.85666349381609
1360,0b1c8b42-96ab-4e65-817c-6c1dd48c67b4,7,1360,True,11585,11233,95.18135589829399
1361,0b1c8b42-96ab-4e65-817c-6c1dd48c67b4,7,1361,True,11620,11268,85.1254346486694
1362,0b1c8b42-96ab-4e65-817c-6c1dd48c67b4,7,1362,True,11655,11303,87.79313757345335
1363,0b1c8b42-96ab-4e65-817c-6c1dd48c67b4,7,1363,True,11681,11329,89.95277049554534
1364,0b1c8b42-96ab-4e65-817c-6c1dd48c67b4,7,1364,True,11712,11360,76.53964846456438
1365,0b1c8b42-96ab-4e65-817c-6c1dd48c67b4,7,1365,True,11744,11392,77.95085966226543
1366,0b1c8b42-96ab-4e65-817c-6c1dd48c67b4,7,1366,True,11780,11428,68.23200995058687
1367,0b1c8b42-96ab-4e65-817c-6c1dd48c67b4,7,1367,True,11816,11464,78.10608108770248
1368,0b1c8b42-96ab-4e65-817c-6c1dd48c67b4,7,1368,True,11853,11501,68.94411829226738
1369,0b1c8b42-96ab-4e65-817c-6c1dd48c67b4,7,1369,True,11877,11525,74.33103103634676
1370,0b1c8b42-96ab-4e65-817c-6c1dd48c67b4,7,1370,True,11910,11558,75.43808521072242
1371,0b1c8b42-96ab-4e65-817c-6c1dd48c67b4,7,1371,True,11935,11583,87.7669722370083
1372,0b1c8b42-96ab-4e65-817c-6c1dd48c67b4,7,1372,True,11974,11622,71.86076320647953
1373,0b1c8b42-96ab-4e65-817c-6c1dd48c67b4,7,1373,True,12014,11662,79.34617966027145
1374,0b1c8b42-96ab-4e65-817c-6c1dd48c67b4,7,1374,True,12047,11695,72.04717770586103
1375,0b1c8b42-96ab-4e65-817c-6c1dd48c67b4,7,1375,True,12086,11734,92.7113327590323
1376,0b1c8b42-96ab-4e65-817c-6c1dd48c67b4,7,1376,True,12119,11767,85.10382524217857
1377,0b1c8b42-96ab-4e65-817c-6c1dd48c67b4,7,1377,True,12150,11798,82.50809737665622
1378,0b1c8b42-96ab-4e65-817c-6c1dd48c67b4,7,1378,True,12177,11825,81.02389105867405
1379,0b1c8b42-96ab-4e65-817c-6c1dd48c67b4,7,1379,True,12205,11853,78.61501526261054
1380,0b1c8b42-96ab-4e65-817c-6c1dd48c67b4,7,1380,True,12231,11879,86.09306123880197
1381,0b1c8b42-96ab-4e65-817c-6c1dd48c67b4,7,1381,True,12271,11919,75.57924924113104
1382,0b1c8b42-96ab-4e65-817c-6c1dd48c67b4,7,1382,True,12296,11944,77.7291892358553
1383,0b1c8b42-96ab-4e65-817c-6c1dd48c67b4,7,1383,True,12331,11979,101.13240595559
1384,0b1c8b42-96ab-4e65-817c-6c1dd48c67b4,7,1384,True,12368,12016,90.15043816719844
1385,0b1c8b42-96ab-4e65-817c-6c1dd48c67b4,7,1385,True,12405,12053,88.39433113307496
1386,0b1c8b42-96ab-4e65-817c-6c1dd48c67b4,7,1386,True,12439,12087,86.05456832531854
1387,0b1c8b42-96ab-4e65-817c-6c1dd48c67b4,7,1387,True,12481,12129,80.48787247207838
1388,0b1c8b42-96ab-4e65-817c-6c1dd48c67b4,7,1388,True,12509,12157,86.92532539045533
1389,0b1c8b42-96ab-4e65-817c-6c1dd48c67b4,7,1389,True,12535,12183,89.56164889500542
1390,0b1c8b42-96ab-4e65-817c-6c1dd48c67b4,7,1390,True,12561,12209,83.75968996355186
1391,0b1c8b42-96ab-4e65-817c-6c1dd48c67b4,7,1391,True,12588,12236,88.56386943760299
1392,0b1c8b42-96ab-4e65-817c-6c1dd48c67b4,7,1392,True,12625,12273,90.97150908767617
1393,0b1c8b42-96ab-4e65-817c-6c1dd48c67b4,7,1393,True,12661,12309,84.23204483337759
1394,0b1c8b42-96ab-4e65-817c-6c1dd48c67b4,7,1394,True,12683,12331,85.15984259722973
1395,0b1c8b42-96ab-4e65-817c-6c1dd48c67b4,7,1395,True,12712,12360,82.51523253403866
1396,0b1c8b42-96ab-4e65-817c-6c1dd48c67b4,7,1396,True,12739,12387,81.05343635558529
1397,0b1c8b42-96ab-4e65-817c-6c1dd48c67b4,7,1397,True,12767,12415,73.4762170583981
1398,0b1c8b42-96ab-4e65-817c-6c1dd48c67b4,7,1398,True,12806,12454,102.1907436004185
1399,0b1c8b42-96ab-4e65-817c-6c1dd48c67b4,7,1399,True,12833,12481,102.58256464714759
1400,0b1c8b42-96ab-4e65-817c-6c1dd48c67b4,7,1400,True,12854,12502,106.27516788465437
1401,0b1c8b42-96ab-4e65-817c-6c1dd48c67b4,7,1401,True,12881,12529,105.02640280891137
1402,0b1c8b42-96ab-4e65-817c-6c1dd48c67b4,7,1402,True,12911,12559,113.04964774963446
1403,0b1c8b42-96ab-4e65-817c-6c1dd48c67b4,7,1403,True,12947,12595,95.56115692445019
1404,0b1c8b42-96ab-4e65-817c-6c1dd48c67b4,7,1404,True,12975,12623,84.85800005455349
1405,0b1c8b42-96ab-4e65-817c-6c1dd48c67b4,7,1405,True,13001,12649,83.2399928215018
1406,0b1c8b42-96ab-4e65-817c-6c1dd48c67b4,7,1406,True,13037,12685,76.07194697095474
1407,0b1c8b42-96ab-4e65-817c-6c1dd48c67b4,7,1407,True,13073,12721,75.43166162905072
1408,0b1c8b42-96ab-4e65-817c-6c1dd48c67b4,7,1408,True,13111,12759,73.6187733371844
1409,0b1c8b42-96ab-4e65-817c-6c1dd48c67b4,7,1409,True,13143,12791,76.39834618199893
1410,0b1c8b42-96ab-4e65-817c-6c1dd48c67b4,7,1410,True,13181,12829,72.77345536064786
1411,0b1c8b42-96ab-4e65-817c-6c1dd48c67b4,7,1411,True,13217,12865,89.94498123819176
1412,0b1c8b42-96ab-4e65-817c-6c1dd48c67b4,7,1412,True,13252,12900,103.78373582345921
1413,0b1c8b42-96ab-4e65-817c-6c1dd48c67b4,7,1413,True,13278,12926,89.3524206500515
1414,0b1c8b42-96ab-4e65-817c-6c1dd48c67b4,7,1414,True,13319,12967,74.88782120310134
1415,0b1c8b42-96ab-4e65-817c-6c1dd48c67b4,7,1415,True,13348,12996,77.58362566569303
1416,0b1c8b42-96ab-4e65-817c-6c1dd48c67b4,7,1416,True,13385,13033,74.84417979986938
1417,0b1c8b42-96ab-4e65-817c-6c1dd48c67b4,7,1417,True,13418,13066,95.19098548946931
1418,0b1c8b42-96ab-4e65-817c-6c1dd48c67b4,7,1418,True,13448,13096,76.81430421951518
1419,0b1c8b42-96ab-4e65-817c-6c1dd48c67b4,7,1419,True,13482,13130,71.36258422470928
1420,0b1c8b42-96ab-4e65-817c-6c1dd48c67b4,7,1420,True,13525,13173,71.41888814954473
1421,0b1c8b42-96ab-4e65-817c-6c1dd48c67b4,7,1421,True,13556,13204,68.41107926206678
1422,0b1c8b42-96ab-4e65-817c-6c1dd48c67b4,7,1422,True,13591,13239,70.68751943069219
1423,0b1c8b42-96ab-4e65-817c-6c1dd48c67b4,7,1423,True,13618,13266,95.90208565672583
1424,0b1c8b42-96ab-4e65-817c-6c1dd48c67b4,7,1424,True,13651,13299,97.94752951537339
1425,0b1c8b42-96ab-4e65-817c-6c1dd48c67b4,7,1425,True,13676,13324,102.49444128702635
1426,0b1c8b42-96ab-4e65-817c-6c1dd48c67b4,7,1426,True,13706,13354,100.35104592131756
1427,0b1c8b42-96ab-4e65-817c-6c1dd48c67b4,7,1427,True,13744,13392,89.02491603632916
1428,0b1c8b42-96ab-4e65-817c-6c1dd48c67b4,7,1428,True,13777,13425,83.54371898290992
1429,0b1c8b42-96ab-4e65-817c-6c1dd48c67b4,7,1429,True,13808,13456,86.88810117914909
1430,0b1c8b42-96ab-4e65-817c-6c1dd48c67b4,7,1430,True,13833,13481,97.26734011385633
1431,0b1c8b42-96ab-4e65-817c-6c1dd48c67b4,7,1431,True,13866,13514,99.64987448892862
1432,0b1c8b42-96ab-4e65-817c-6c1dd48c67b4,7,1432,True,13895,13543,95.72940980467683
1433,0b1c8b42-96ab-4e65-817c-6c1dd48c67b4,7,1433,True,13917,13565,91.20551712284396
1434,0b1c8b42-96ab-4e65-817c-6c1dd48c67b4,7,1434,True,13951,13599,80.23772982832088
1435,0b1c8b42-96ab-4e65-817c-6c1dd48c67b4,7,1435,True,13977,13625,90.74910696827283
1436,0b1c8b42-96ab-4e65-817c-6c1dd48c67b4,7,1436,True,14004,13652,90.47232146867645
1437,0b1c8b42-96ab-4e65-817c-6c1dd48c67b4,7,1437,True,14044,13692,88.47002507191792
1438,0b1c8b42-96ab-4e65-817c-6c1dd48c67b4,7,1438,True,14082,13730,93.1875845766881
1439,0b1c8b42-96ab-4e65-817c-6c1dd48c67b4,7,1439,True,14110,13758,88.65723596589305
1440,0b1c8b42-96ab-4e65-817c-6c1dd48c67b4,7,1440,True,14132,13780,99.62187210373122
1441,0b1c8b42-96ab-4e65-817c-6c1dd48c67b4,7,1441,True,14153,13801,90.11589659522724
1442,0b1c8b42-96ab-4e65-817c-6c1dd48c67b4,7,1442,True,14179,13827,88.4027869018064
1443,0b1c8b42-96ab-4e65-817c-6c1dd48c67b4,7,1443,True,14206,13854,92.37992470566314
1444,0b1c8b42-96ab-4e65-817c-6c1dd48c67b4,7,1444,True,14231,13879,104.18634118348382
1445,0b1c8b42-96ab-4e65-817c-6c1dd48c67b4,7,1445,True,14278,13926,93.17426911257098
1446,0b1c8b42-96ab-4e65-817c-6c1dd48c67b4,7,1446,True,14305,13953,91.15392774618886
1447,0b1c8b42-96ab-4e65-817c-6c1dd48c67b4,7,1447,True,14333,13981,93.86524808970353
1448,0b1c8b42-96ab-4e65-817c-6c1dd48c67b4,7,1448,True,14359,14007,98.74570688457061
1449,0b1c8b42-96ab-4e65-817c-6c1dd48c67b4,7,1449,True,14386,14034,99.9703907513649
1450,0b1c8b42-96ab-4e65-817c-6c1dd48c67b4,7,1450,True,14420,14068,97.50874473675685
1451,0b1c8b42-96ab-4e65-817c-6c1dd48c67b4,7,1451,True,14446,14094,93.11141084300289
1452,0b1c8b42-96ab-4e65-817c-6c1dd48c67b4,7,1452,True,14470,14118,101.5884829883089
1453,0b1c8b42-96ab-4e65-817c-6c1dd48c67b4,7,1453,True,14508,14156,106.5939428608599
1454,0b1c8b42-96ab-4e65-817c-6c1dd48c67b4,7,1454,True,14530,14178,96.23298061569403
1455,0b1c8b42-96ab-4e65-817c-6c1dd48c67b4,7,1455,True,14558,14206,98.60078483768484
1456,0b1c8b42-96ab-4e65-817c-6c1dd48c67b4,7,1456,True,14595,14243,90.34627802828618
1457,0b1c8b42-96ab-4e65-817c-6c1dd48c67b4,7,1457,True,14628,14276,93.43548253360314
1458,0b1c8b42-96ab-4e65-817c-6c1dd48c67b4,7,1458,True,14652,14300,110.94432589840653
1459,0b1c8b42-96ab-4e65-817c-6c1dd48c67b4,7,1459,True,14679,14327,127.05142972577414
1460,0b1c8b42-96ab-4e65-817c-6c1dd48c67b4,7,1460,True,14701,14349,77.15158234884439
1461,0b1c8b42-96ab-4e65-817c-6c1dd48c67b4,7,1461,True,14729,14377,105.47451126978558
1462,0b1c8b42-96ab-4e65-817c-6c1dd48c67b4,7,1462,True,14749,14397,100.74018095579777
1463,0b1c8b42-96ab-4e65-817c-6c1dd48c67b4,7,1463,True,14779,14427,107.24535744080094
1464,0b1c8b42-96ab-4e65-817c-6c1dd48c67b4,7,1464,True,14811,14459,135.49664001823294
1465,0b1c8b42-96ab-4e65-817c-6c1dd48c67b4,7,1465,True,14839,14487,119.572645838889
1466,0b1c8b42-96ab-4e65-817c-6c1dd48c67b4,7,1466,True,14878,14526,93.60641010994732
1467,0b1c8b42-96ab-4e65-817c-6c1dd48c67b4,7,1467,True,14904,14552,100.46583529199415
1468,0b1c8b42-96ab-4e65-817c-6c1dd48c67b4,7,1468,True,14939,14587,95.54413458951967
1469,0b1c8b42-96ab-4e65-817c-6c1dd48c67b4,7,1469,True,14970,14618,97.71179763659347
1470,0b1c8b42-96ab-4e65-817c-6c1dd48c67b4,7,1470,True,14999,14647,106.07026217135353
1471,0b1c8b42-96ab-4e65-817c-6c1dd48c67b4,7,1471,True,15029,14677,87.49538387245957
1472,0b1c8b42-96ab-4e65-817c-6c1dd48c67b4,7,1472,True,15059,14707,84.56136352934482
1473,0b1c8b42-96ab-4e65-817c-6c1dd48c67b4,7,1473,True,15083,14731,106.8846933114728
1474,0b1c8b42-96ab-4e65-817c-6c1dd48c67b4,7,1474,True,15127,14775,89.71073504914057
1475,0b1c8b42-96ab-4e65-817c-6c1dd48c67b4,7,1475,True,15159,14807,82.25413345021843
1476,0b1c8b42-96ab-4e65-817c-6c1dd48c67b4,7,1476,True,15190,14838,78.80223022775681
1477,0b1c8b42-96ab-4e65-817c-6c1dd48c67b4,7,1477,True,15216,14864,79.51508114197532
1478,0b1c8b42-96ab-4e65-817c-6c1dd48c67b4,7,1478,True,15245,14893,79.47071115269864
1479,0b1c8b42-96ab-4e65-817c-6c1dd48c67b4,7,1479,True,15269,14917,90.99888080046185
1480,0b1c8b42-96ab-4e65-817c-6c1dd48c67b4,7,1480,True,15294,14942,88.96838301515345
1481,0b1c8b42-96ab-4e65-817c-6c1dd48c67b4,7,1481,True,15320,14968,88.13660566770886
1482,0b1c8b42-96ab-4e65-817c-6c1dd48c67b4,7,1482,True,15357,15005,79.70344664922595
1483,0b1c8b42-96ab-4e65-817c-6c1dd48c67b4,7,1483,True,15389,15037,93.38197871038392
1484,0b1c8b42-96ab-4e65-817c-6c1dd48c67b4,7,1484,True,15418,15066,88.14797993755019
1485,0b1c8b42-96ab-4e65-817c-6c1dd48c67b4,7,1485,True,15447,15095,107.33180566789633
1486,0b1c8b42-96ab-4e65-817c-6c1dd48c67b4,7,1486,True,15479,15127,113.14947108456181
1487,0b1c8b42-96ab-4e65-817c-6c1dd48c67b4,7,1487,True,15516,15164,99.7891350000009
1488,0b1c8b42-96ab-4e65-817c-6c1dd48c67b4,7,1488,True,15550,15198,83.00700298399533
1489,0b1c8b42-96ab-4e65-817c-6c1dd48c67b4,7,1489,True,15577,15225,93.66788490184445
1490,0b1c8b42-96ab-4e65-817c-6c1dd48c67b4,7,1490,True,15613,15261,83.6787268510634
1491,0b1c8b42-96ab-4e65-817c-6c1dd48c67b4,7,1491,True,15649,15297,77.82212707746112
1492,0b1c8b42-96ab-4e65-817c-6c1dd48c67b4,7,1492,True,15679,15327,93.94280896432065
1493,0b1c8b42-96ab-4e65-817c-6c1dd48c67b4,7,1493,True,15701,15349,115.71267825501127
1494,0b1c8b42-96ab-4e65-817c-6c1dd48c67b4,7,1494,True,15742,15390,103.03349731631897
1495,0b1c8b42-96ab-4e65-817c-6c1dd48c67b4,7,1495,True,15770,15418,99.07557940156403
1496,0b1c8b42-96ab-4e65-817c-6c1dd48c67b4,7,1496,True,15797,15445,102.27085904482374
1497,0b1c8b42-96ab-4e65-817c-6c1dd48c67b4,7,1497,True,15828,15476,98.72565329318059
1498,0b1c8b42-96ab-4e65-817c-6c1dd48c67b4,7,1498,True,15864,15512,89.90960997329421
1499,0b1c8b42-96ab-4e65-817c-6c1dd48c67b4,7,1499,True,15895,15543,88.90103406745038
1500,0b1c8b42-96ab-4e65-817c-6c1dd48c67b4,7,1500,True,15931,15579,88.47294977276579
1501,0b1c8b42-96ab-4e65-817c-6c1dd48c67b4,7,1501,True,15968,15616,80.14334673201847
1502,0b1c8b42-96ab-4e65-817c-6c1dd48c67b4,7,1502,True,15996,15644,83.88932458539239
1503,0b1c8b42-96ab-4e65-817c-6c1dd48c67b4,7,1503,True,16029,15677,90.47820056085948
1504,0b1c8b42-96ab-4e65-817c-6c1dd48c67b4,7,1504,True,16060,15708,83.48507830425115
1505,0b1c8b42-96ab-4e65-817c-6c1dd48c67b4,7,1505,True,16079,15727,97.41579900685792
1506,0b1c8b42-96ab-4e65-817c-6c1dd48c67b4,7,1506,True,16111,15759,91.91917848108278
1507,0b1c8b42-96ab-4e65-817c-6c1dd48c67b4,7,1507,True,16149,15797,95.6436141000122
1508,0b1c8b42-96ab-4e65-817c-6c1dd48c67b4,7,1508,True,16176,15824,103.82779900893911
1509,0b1c8b42-96ab-4e65-817c-6c1dd48c67b4,7,1509,True,16211,15859,105.61812536958678
1510,0b1c8b42-96ab-4e65-817c-6c1dd48c67b4,7,1510,True,16244,15892,99.35724148475492
1511,0b1c8b42-96ab-4e65-817c-6c1dd48c67b4,7,1511,True,16269,15917,93.27474222186174
1512,0b1c8b42-96ab-4e65-817c-6c1dd48c67b4,7,1512,True,16306,15954,106.39963661285765
1513,0b1c8b42-96ab-4e65-817c-6c1dd48c67b4,7,1513,True,16342,15990,108.86964803307092
1514,0b1c8b42-96ab-4e65-817c-6c1dd48c67b4,7,1514,True,16378,16026,95.59574743573467
1515,0b1c8b42-96ab-4e65-817c-6c1dd48c67b4,7,1515,True,16412,16060,133.8016916639972
1516,0b1c8b42-96ab-4e65-817c-6c1dd48c67b4,7,1516,True,16453,16101,103.11917351682496
1517,0b1c8b42-96ab-4e65-817c-6c1dd48c67b4,7,1517,True,16474,16122,118.17580760438614
1518,0b1c8b42-96ab-4e65-817c-6c1dd48c67b4,7,1518,True,16511,16159,119.47996821357447
1519,0b1c8b42-96ab-4e65-817c-6c1dd48c67b4,7,1519,True,16547,16195,116.59433618725052
1520,0b1c8b42-96ab-4e65-817c-6c1dd48c67b4,7,1520,True,16576,16224,110.69167176847441
1521,0b1c8b42-96ab-4e65-817c-6c1dd48c67b4,7,1521,True,16618,16266,103.11670432563733
1522,0b1c8b42-96ab-4e65-817c-6c1dd48c67b4,7,1522,True,16651,16299,95.83459487369328
1523,0b1c8b42-96ab-4e65-817c-6c1dd48c67b4,7,1523,True,16679,16327,92.90324100067664
1524,0b1c8b42-96ab-4e65-817c-6c1dd48c67b4,7,1524,True,16714,16362,100.54973278804755
1525,0b1c8b42-96ab-4e65-817c-6c1dd48c67b4,7,1525,True,16749,16397,95.85035730479285
1526,0b1c8b42-96ab-4e65-817c-6c1dd48c67b4,7,1526,True,16777,16425,88.6983652035924
1527,0b1c8b42-96ab-4e65-817c-6c1dd48c67b4,7,1527,True,16807,16455,111.77026225501686
1528,0b1c8b42-96ab-4e65-817c-6c1dd48c67b4,7,1528,True,16836,16484,108.18717147746065
1529,0b1c8b42-96ab-4e65-817c-6c1dd48c67b4,7,1529,True,16878,16526,109.72133497006871
1530,0b1c8b42-96ab-4e65-817c-6c1dd48c67b4,7,1530,True,16907,16555,140.86853961473025
1531,0b1c8b42-96ab-4e65-817c-6c1dd48c67b4,7,1531,True,16927,16575,100.42706240565894
1532,0b1c8b42-96ab-4e65-817c-6c1dd48c67b4,7,1532,True,16952,16600,145.92031555246285
1533,0b1c8b42-96ab-4e65-817c-6c1dd48c67b4,7,1533,True,16982,16630,104.61785851398236
1534,0b1c8b42-96ab-4e65-817c-6c1dd48c67b4,7,1534,True,17009,16657,132.79937852125659
1535,0b1c8b42-96ab-4e65-817c-6c1dd48c67b4,7,1535,True,17043,16691,123.50949881398992
1536,0b1c8b42-96ab-4e65-817c-6c1dd48c67b4,7,1536,True,17079,16727,112.95616214727852
1537,0b1c8b42-96ab-4e65-817c-6c1dd48c67b4,7,1537,True,17119,16767,98.67376282178884
1538,0b1c8b42-96ab-4e65-817c-6c1dd48c67b4,7,1538,True,17155,16803,87.02397452107107
1539,0b1c8b42-96ab-4e65-817c-6c1dd48c67b4,7,1539,True,17189,16837,90.8909113295158
1540,0b1c8b42-96ab-4e65-817c-6c1dd48c67b4,7,1540,True,17219,16867,86.79670050184359
1541,0b1c8b42-96ab-4e65-817c-6c1dd48c67b4,7,1541,True,17247,16895,78.73237981446437
1542,0b1c8b42-96ab-4e65-817c-6c1dd48c67b4,7,1542,True,17274,16922,90.65550018136855
1543,0b1c8b42-96ab-4e65-817c-6c1dd48c67b4,7,1543,True,17299,16947,113.52612283972485
1544,0b1c8b42-96ab-4e65-817c-6c1dd48c67b4,7,1544,True,17329,16977,94.56830774314221
1545,0b1c8b42-96ab-4e65-817c-6c1dd48c67b4,7,1545,True,17352,17000,99.6555985294508
1546,0b1c8b42-96ab-4e65-817c-6c1dd48c67b4,7,1546,True,17384,17032,94.46584444702239
1547,0b1c8b42-96ab-4e65-817c-6c1dd48c67b4,7,1547,True,17415,17063,97.12968101083243
1548,0b1c8b42-96ab-4e65-817c-6c1dd48c67b4,7,1548,True,17448,17096,79.95906005859797
1549,0b1c8b42-96ab-4e65-817c-6c1dd48c67b4,7,1549,True,17473,17121,93.87366621712863
1550,0b1c8b42-96ab-4e65-817c-6c1dd48c67b4,7,1550,True,17505,17153,88.03950739783613
1551,0b1c8b42-96ab-4e65-817c-6c1dd48c67b4,7,1551,True,17534,17182,108.03570641960323
1552,0b1c8b42-96ab-4e65-817c-6c1dd48c67b4,7,1552,True,17571,17219,100.33096633882087
1553,0b1c8b42-96ab-4e65-817c-6c1dd48c67b4,7,1553,True,17601,17249,83.0554212414172
1554,0b1c8b42-96ab-4e65-817c-6c1dd48c67b4,7,1554,True,17638,17286,86.21424439490147
1555,0b1c8b42-96ab-4e65-817c-6c1dd48c67b4,7,1555,True,17670,17318,95.1098140662034
1556,0b1c8b42-96ab-4e65-817c-6c1dd48c67b4,7,1556,True,17696,17344,90.41768516767843
1557,0b1c8b42-96ab-4e65-817c-6c1dd48c67b4,7,1557,True,17729,17377,90.37664665863122
1558,0b1c8b42-96ab-4e65-817c-6c1dd48c67b4,7,1558,True,17761,17409,80.58467831825692
1559,0b1c8b42-96ab-4e65-817c-6c1dd48c67b4,7,1559,True,17786,17434,85.4344404211115
1560,0b1c8b42-96ab-4e65-817c-6c1dd48c67b4,7,1560,True,17814,17462,80.9749366062315
1561,0b1c8b42-96ab-4e65-817c-6c1dd48c67b4,7,1561,True,17844,17492,91.0304342918098
1562,0b1c8b42-96ab-4e65-817c-6c1dd48c67b4,7,1562,True,17863,17511,83.52330466595231
1563,0b1c8b42-96ab-4e65-817c-6c1dd48c67b4,7,1563,True,17897,17545,88.01973671280939
1564,0b1c8b42-96ab-4e65-817c-6c1dd48c67b4,7,1564,True,17923,17571,91.34250564519971
1565,0b1c8b42-96ab-4e65-817c-6c1dd48c67b4,7,1565,True,17950,17598,98.54208742720948
1566,0b1c8b42-96ab-4e65-817c-6c1dd48c67b4,7,1566,True,17979,17627,97.53487321531429
1567,0b1c8b42-96ab-4e65-817c-6c1dd48c67b4,7,1567,True,18016,17664,100.79914082675896
1568,0b1c8b42-96ab-4e65-817c-6c1dd48c67b4,7,1568,True,18045,17693,107.38813315654261
1569,0b1c8b42-96ab-4e65-817c-6c1dd48c67b4,7,1569,True,18082,17730,93.17240068441606
1570,0b1c8b42-96ab-4e65-817c-6c1dd48c67b4,7,1570,True,18108,17756,117.86057043728579
1571,0b1c8b42-96ab-4e65-817c-6c1dd48c67b4,7,1571,True,18139,17787,107.63619007810121
1572,0b1c8b42-96ab-4e65-817c-6c1dd48c67b4,7,1572,True,18177,17825,112.21830668550683
1573,0b1c8b42-96ab-4e65-817c-6c1dd48c67b4,7,1573,True,18206,17854,107.17385759903118
1574,0b1c8b42-96ab-4e65-817c-6c1dd48c67b4,7,1574,True,18243,17891,96.60580203049176
1575,0b1c8b42-96ab-4e65-817c-6c1dd48c67b4,7,1575,True,18274,17922,105.42116104021989
1576,0b1c8b42-96ab-4e65-817c-6c1dd48c67b4,7,1576,True,18316,17964,99.2347278304951
1577,0b1c8b42-96ab-4e65-817c-6c1dd48c67b4,7,1577,True,18358,18006,94.34316929168926
1578,0b1c8b42-96ab-4e65-817c-6c1dd48c67b4,7,1578,True,18390,18038,77.81966718266995
1579,0b1c8b42-96ab-4e65-817c-6c1dd48c67b4,7,1579,True,18421,18069,76.45120050076366
1580,0b1c8b42-96ab-4e65-817c-6c1dd48c67b4,7,1580,True,18446,18094,96.56638967995968
1581,0b1c8b42-96ab-4e65-817c-6c1dd48c67b4,7,1581,True,18481,18129,78.30646474341847
1582,0b1c8b42-96ab-4e65-817c-6c1dd48c67b4,7,1582,True,18511,18159,84.75304015668007
1583,0b1c8b42-96ab-4e65-817c-6c1dd48c67b4,7,1583,True,18545,18193,90.36650016933709
1584,0b1c8b42-96ab-4e65-817c-6c1dd48c67b4,7,1584,True,18574,18222,74.463888731123
1585,0b1c8b42-96ab-4e65-817c-6c1dd48c67b4,7,1585,True,18604,18252,76.55547880709491
1586,0b1c8b42-96ab-4e65-817c-6c1dd48c67b4,7,1586,True,18641,18289,74.34248681804456
1587,0b1c8b42-96ab-4e65-817c-6c1dd48c67b4,7,1587,True,18670,18318,83.24480929578567
1588,0b1c8b42-96ab-4e65-817c-6c1dd48c67b4,7,1588,True,18693,18341,91.19220756860886
1589,0b1c8b42-96ab-4e65-817c-6c1dd48c67b4,7,1589,True,18723,18371,86.01932550907077
1590,0b1c8b42-96ab-4e65-817c-6c1dd48c67b4,7,1590,True,18757,18405,117.53202848786168
1591,0b1c8b42-96ab-4e65-817c-6c1dd48c67b4,7,1591,True,18786,18434,116.6194003726232
1592,0b1c8b42-96ab-4e65-817c-6c1dd48c67b4,7,1592,True,18811,18459,103.22073372400337
1593,0b1c8b42-96ab-4e65-817c-6c1dd48c67b4,7,1593,True,18843,18491,89.90118115942096
1594,0b1c8b42-96ab-4e65-817c-6c1dd48c67b4,7,1594,True,18874,18522,83.5132063132296
1595,0b1c8b42-96ab-4e65-817c-6c1dd48c67b4,7,1595,True,18919,18567,87.00768857562798
1596,0b1c8b42-96ab-4e65-817c-6c1dd48c67b4,7,1596,True,18960,18608,82.0414686106451
1597,0b1c8b42-96ab-4e65-817c-6c1dd48c67b4,7,1597,True,18993,18641,75.94350907760963
1598,0b1c8b42-96ab-4e65-817c-6c1dd48c67b4,7,1598,True,19029,18677,75.7650555236396
1599,0b1c8b42-96ab-4e65-817c-6c1dd48c67b4,7,1599,True,19063,18711,80.38404307618839
1600,0b1c8b42-96ab-4e65-817c-6c1dd48c67b4,7,1600,True,19098,18746,74.83414234940938
1601,0b1c8b42-96ab-4e65-817c-6c1dd48c67b4,7,1601,True,19130,18778,75.58557947049485
1602,0b1c8b42-96ab-4e65-817c-6c1dd48c67b4,7,1602,True,19160,18808,79.74544532384607
1603,0b1c8b42-96ab-4e65-817c-6c1dd48c67b4,7,1603,True,19201,18849,88.78230330839142
1604,0b1c8b42-96ab-4e65-817c-6c1dd48c67b4,7,1604,True,19239,18887,85.70264742452491
1605,0b1c8b42-96ab-4e65-817c-6c1dd48c67b4,7,1605,True,19270,18918,77.8180076255885
1606,0b1c8b42-96ab-4e65-817c-6c1dd48c67b4,7,1606,True,19302,18950,85.43706091886997
1607,0b1c8b42-96ab-4e65-817c-6c1dd48c67b4,7,1607,True,19319,18967,80.02212683462858
1608,0b1c8b42-96ab-4e65-817c-6c1dd48c67b4,7,1608,True,19366,19014,78.08194193650343
1609,0b1c8b42-96ab-4e65-817c-6c1dd48c67b4,7,1609,True,19401,19049,96.62587425335005
1610,0b1c8b42-96ab-4e65-817c-6c1dd48c67b4,7,1610,True,19435,19083,89.15297256501071
1611,0b1c8b42-96ab-4e65-817c-6c1dd48c67b4,7,1611,True,19478,19126,81.11377793828433
1612,0b1c8b42-96ab-4e65-817c-6c1dd48c67b4,7,1612,True,19514,19162,84.25828712053772
1613,0b1c8b42-96ab-4e65-817c-6c1dd48c67b4,7,1613,True,19547,19195,84.02480865689722
1614,0b1c8b42-96ab-4e65-817c-6c1dd48c67b4,7,1614,True,19581,19229,81.9588585803831
1615,0b1c8b42-96ab-4e65-817c-6c1dd48c67b4,7,1615,True,19623,19271,80.55951542545881
1616,0b1c8b42-96ab-4e65-817c-6c1dd48c67b4,7,1616,True,19656,19304,80.07785902445903
1617,0b1c8b42-96ab-4e65-817c-6c1dd48c67b4,7,1617,True,19684,19332,94.65781888562196
1618,0b1c8b42-96ab-4e65-817c-6c1dd48c67b4,7,1618,True,19714,19362,89.11929032892658
1619,0b1c8b42-96ab-4e65-817c-6c1dd48c67b4,7,1619,True,19739,19387,93.14851352499682
1620,0b1c8b42-96ab-4e65-817c-6c1dd48c67b4,7,1620,True,19761,19409,97.93381620650689
1621,0b1c8b42-96ab-4e65-817c-6c1dd48c67b4,7,1621,True,19784,19432,89.32235676059281
1622,0b1c8b42-96ab-4e65-817c-6c1dd48c67b4,7,1622,True,19818,19466,85.68501740792271
1623,0b1c8b42-96ab-4e65-817c-6c1dd48c67b4,7,1623,True,19843,19491,95.94129926686583
1624,0b1c8b42-96ab-4e65-817c-6c1dd48c67b4,7,1624,True,19893,19541,84.2145812803974
1625,0b1c8b42-96ab-4e65-817c-6c1dd48c67b4,7,1625,True,19934,19582,83.58213012113265
1626,0b1c8b42-96ab-4e65-817c-6c1dd48c67b4,7,1626,True,19953,19601,99.33002145121282
1627,0b1c8b42-96ab-4e65-817c-6c1dd48c67b4,7,1627,True,19985,19633,98.41657710627624
1628,0b1c8b42-96ab-4e65-817c-6c1dd48c67b4,7,1628,True,20013,19661,104.48159394335016
1629,0b1c8b42-96ab-4e65-817c-6c1dd48c67b4,7,1629,True,20046,19694,83.60063182647355
1630,0b1c8b42-96ab-4e65-817c-6c1dd48c67b4,7,1630,True,20073,19721,79.36978441384417
1631,0b1c8b42-96ab-4e65-817c-6c1dd48c67b4,7,1631,True,20102,19750,78.24386474118
1632,0b1c8b42-96ab-4e65-817c-6c1dd48c67b4,7,1632,True,20121,19769,110.26056506268287
1633,0b1c8b42-96ab-4e65-817c-6c1dd48c67b4,7,1633,True,20158,19806,98.8205958767976
1634,0b1c8b42-96ab-4e65-817c-6c1dd48c67b4,7,1634,True,20184,19832,97.99388299475322
1635,0b1c8b42-96ab-4e65-817c-6c1dd48c67b4,7,1635,True,20206,19854,86.93145464990448
1636,0b1c8b42-96ab-4e65-817c-6c1dd48c67b4,7,1636,True,20234,19882,98.1167308892982
1637,0b1c8b42-96ab-4e65-817c-6c1dd48c67b4,7,1637,True,20256,19904,87.54171496960043
1638,0b1c8b42-96ab-4e65-817c-6c1dd48c67b4,7,1638,True,20292,19940,74.183117814031
1639,0b1c8b42-96ab-4e65-817c-6c1dd48c67b4,7,1639,True,20323,19971,72.66877080276754
1640,0b1c8b42-96ab-4e65-817c-6c1dd48c67b4,7,1640,True,20351,19999,94.59588340786286
1641,0b1c8b42-96ab-4e65-817c-6c1dd48c67b4,7,1641,True,20383,20031,98.15334751312548
1642,0b1c8b42-96ab-4e65-817c-6c1dd48c67b4,7,1642,True,20415,20063,92.24057873341008
1643,0b1c8b42-96ab-4e65-817c-6c1dd48c67b4,7,1643,True,20451,20099,95.11021166562205
1644,0b1c8b42-96ab-4e65-817c-6c1dd48c67b4,7,1644,True,20475,20123,96.81001257239768
1645,0b1c8b42-96ab-4e65-817c-6c1dd48c67b4,7,1645,True,20504,20152,108.4020254191928
1646,0b1c8b42-96ab-4e65-817c-6c1dd48c67b4,7,1646,True,20538,20186,102.4433764366222
1647,0b1c8b42-96ab-4e65-817c-6c1dd48c67b4,7,1647,True,20573,20221,108.64320376532851
1648,0b1c8b42-96ab-4e65-817c-6c1dd48c67b4,7,1648,True,20607,20255,96.67402997701356
1649,0b1c8b42-96ab-4e65-817c-6c1dd48c67b4,7,1649,True,20635,20283,83.95035922592797
1650,0b1c8b42-96ab-4e65-817c-6c1dd48c67b4,7,1650,True,20665,20313,91.5287584089856
1651,0b1c8b42-96ab-4e65-817c-6c1dd48c67b4,7,1651,True,20699,20347,76.84034484339281
1652,0b1c8b42-96ab-4e65-817c-6c1dd48c67b4,7,1652,True,20733,20381,81.08095421443431
1653,0b1c8b42-96ab-4e65-817c-6c1dd48c67b4,7,1653,True,20762,20410,93.43771749166626
1654,0b1c8b42-96ab-4e65-817c-6c1dd48c67b4,7,1654,True,20797,20445,101.34757260594051
1655,0b1c8b42-96ab-4e65-817c-6c1dd48c67b4,7,1655,True,20831,20479,91.72457412854055
1656,0b1c8b42-96ab-4e65-817c-6c1dd48c67b4,7,1656,True,20865,20513,94.87035775488766
1657,0b1c8b42-96ab-4e65-817c-6c1dd48c67b4,7,1657,True,20903,20551,88.10914715625404
1658,0b1c8b42-96ab-4e65-817c-6c1dd48c67b4,7,1658,True,20934,20582,82.91094526666711
1659,0b1c8b42-96ab-4e65-817c-6c1dd48c67b4,7,1659,True,20964,20612,86.28217322645287
1660,0b1c8b42-96ab-4e65-817c-6c1dd48c67b4,7,1660,True,20992,20640,97.0668044020058
1661,0b1c8b42-96ab-4e65-817c-6c1dd48c67b4,7,1661,True,21030,20678,86.21164999180473
1662,0b1c8b42-96ab-4e65-817c-6c1dd48c67b4,7,1662,True,21072,20720,92.46126775542871
1663,0b1c8b42-96ab-4e65-817c-6c1dd48c67b4,7,1663,True,21109,20757,91.85905800988257
1664,0b1c8b42-96ab-4e65-817c-6c1dd48c67b4,7,1664,True,21145,20793,84.61648067183705
1665,0b1c8b42-96ab-4e65-817c-6c1dd48c67b4,7,1665,True,21182,20830,81.29354520868219
1666,0b1c8b42-96ab-4e65-817c-6c1dd48c67b4,7,1666,True,21210,20858,82.31406011640138
1667,0b1c8b42-96ab-4e65-817c-6c1dd48c67b4,7,1667,True,21246,20894,73.323134831262
1668,0b1c8b42-96ab-4e65-817c-6c1dd48c67b4,7,1668,True,21284,20932,83.52276326931678
1669,0b1c8b42-96ab-4e65-817c-6c1dd48c67b4,7,1669,True,21318,20966,71.1719352418695
1670,0b1c8b42-96ab-4e65-817c-6c1dd48c67b4,7,1670,True,21346,20994,85.66211405822105
1671,0b1c8b42-96ab-4e65-817c-6c1dd48c67b4,7,1671,True,21379,21027,89.8510513123183
1672,0b1c8b42-96ab-4e65-817c-6c1dd48c67b4,7,1672,True,21413,21061,92.84788925453176
1673,0b1c8b42-96ab-4e65-817c-6c1dd48c67b4,7,1673,True,21443,21091,89.31816794001134
1674,0b1c8b42-96ab-4e65-817c-6c1dd48c67b4,7,1674,True,21479,21127,79.06779235218346
1675,0b1c8b42-96ab-4e65-817c-6c1dd48c67b4,7,1675,True,21513,21161,73.90183838446683
1676,0b1c8b42-96ab-4e65-817c-6c1dd48c67b4,7,1676,True,21546,21194,69.9984262212347
1677,0b1c8b42-96ab-4e65-817c-6c1dd48c67b4,7,1677,True,21572,21220,83.15853968800366
1678,0b1c8b42-96ab-4e65-817c-6c1dd48c67b4,7,1678,True,21596,21244,86.14989207182953
1679,0b1c8b42-96ab-4e65-817c-6c1dd48c67b4,7,1679,True,21634,21282,79.6159050098795
1680,0b1c8b42-96ab-4e65-817c-6c1dd48c67b4,7,1680,True,21669,21317,87.19476540621326
1681,0b1c8b42-96ab-4e65-817c-6c1dd48c67b4,7,1681,True,21700,21348,80.85362358184284
1682,0b1c8b42-96ab-4e65-817c-6c1dd48c67b4,7,1682,True,21728,21376,74.49896389691276
1683,0b1c8b42-96ab-4e65-817c-6c1dd48c67b4,7,1683,True,21755,21403,91.61632177565843
1684,0b1c8b42-96ab-4e65-817c-6c1dd48c67b4,7,1684,True,21788,21436,102.82496287336835
1685,0b1c8b42-96ab-4e65-817c-6c1dd48c67b4,7,1685,True,21820,21468,96.72261807122777
1686,0b1c8b42-96ab-4e65-817c-6c1dd48c67b4,7,1686,True,21848,21496,94.37322347269583
1687,0b1c8b42-96ab-4e65-817c-6c1dd48c67b4,7,1687,True,21895,21543,76.9366367593575
1688,0b1c8b42-96ab-4e65-817c-6c1dd48c67b4,7,1688,True,21934,21582,82.24265585084504
1689,0b1c8b42-96ab-4e65-817c-6c1dd48c67b4,7,1689,True,21966,21614,75.45020423395545
1690,0b1c8b42-96ab-4e65-817c-6c1dd48c67b4,7,1690,True,21987,21635,84.58445228192431
1691,0b1c8b42-96ab-4e65-817c-6c1dd48c67b4,7,1691,True,22020,21668,84.16707484415747
1692,0b1c8b42-96ab-4e65-817c-6c1dd48c67b4,7,1692,True,22061,21709,76.38525299903995
1693,0b1c8b42-96ab-4e65-817c-6c1dd48c67b4,7,1693,True,22085,21733,83.62039346179154
1694,0b1c8b42-96ab-4e65-817c-6c1dd48c67b4,7,1694,True,22113,21761,80.4693008867398
1695,0b1c8b42-96ab-4e65-817c-6c1dd48c67b4,7,1695,True,22149,21797,80.53014581423122
1696,0b1c8b42-96ab-4e65-817c-6c1dd48c67b4,7,1696,True,22177,21825,85.92557726124141
1697,0b1c8b42-96ab-4e65-817c-6c1dd48c67b4,7,1697,True,22204,21852,109.04496504604322
1698,0b1c8b42-96ab-4e65-817c-6c1dd48c67b4,7,1698,True,22238,21886,100.92377751896493
1699,0b1c8b42-96ab-4e65-817c-6c1dd48c67b4,7,1699,True,22271,21919,89.04892108303466
1700,0b1c8b42-96ab-4e65-817c-6c1dd48c67b4,7,1700,True,22306,21954,81.95283844551159
1701,0b1c8b42-96ab-4e65-817c-6c1dd48c67b4,7,1701,True,22340,21988,85.76703005802847
1702,0b1c8b42-96ab-4e65-817c-6c1dd48c67b4,7,1702,True,22369,22017,81.12088626786135
1703,0b1c8b42-96ab-4e65-817c-6c1dd48c67b4,7,1703,True,22410,22058,81.86277813607376
1704,0b1c8b42-96ab-4e65-817c-6c1dd48c67b4,7,1704,True,22433,22081,82.82186428462592
1705,0b1c8b42-96ab-4e65-817c-6c1dd48c67b4,7,1705,True,22468,22116,74.07604136785812
1706,0b1c8b42-96ab-4e65-817c-6c1dd48c67b4,7,1706,True,22491,22139,86.95895401732196
1707,0b1c8b42-96ab-4e65-817c-6c1dd48c67b4,7,1707,True,22526,22174,89.06127960170124
1708,0b1c8b42-96ab-4e65-817c-6c1dd48c67b4,7,1708,True,22553,22201,90.42439486808144
1709,0b1c8b42-96ab-4e65-817c-6c1dd48c67b4,7,1709,True,22585,22233,97.13656757683202
1710,0b1c8b42-96ab-4e65-817c-6c1dd48c67b4,7,1710,True,22630,22278,90.59921553830281
1711,0b1c8b42-96ab-4e65-817c-6c1dd48c67b4,7,1711,True,22661,22309,98.0344370867133
1712,0b1c8b42-96ab-4e65-817c-6c1dd48c67b4,7,1712,True,22693,22341,87.86667640457381
1713,0b1c8b42-96ab-4e65-817c-6c1dd48c67b4,7,1713,True,22726,22374,90.88280585221582
1714,0b1c8b42-96ab-4e65-817c-6c1dd48c67b4,7,1714,True,22753,22401,93.1594283347622
1715,0b1c8b42-96ab-4e65-817c-6c1dd48c67b4,7,1715,True,22781,22429,81.51444570957756
1716,0b1c8b42-96ab-4e65-817c-6c1dd48c67b4,7,1716,True,22811,22459,84.40604415902999
1717,0b1c8b42-96ab-4e65-817c-6c1dd48c67b4,7,1717,True,22844,22492,103.9880648241633
1718,0b1c8b42-96ab-4e65-817c-6c1dd48c67b4,7,1718,True,22872,22520,87.78907456340676
1719,0b1c8b42-96ab-4e65-817c-6c1dd48c67b4,7,1719,True,22902,22550,101.27163888746509
1720,0b1c8b42-96ab-4e65-817c-6c1dd48c67b4,7,1720,True,22936,22584,92.94663001721347
1721,0b1c8b42-96ab-4e65-817c-6c1dd48c67b4,7,1721,True,22960,22608,99.61143627794809
1722,0b1c8b42-96ab-4e65-817c-6c1dd48c67b4,7,1722,True,22984,22632,85.46382602088124
1723,0b1c8b42-96ab-4e65-817c-6c1dd48c67b4,7,1723,True,23018,22666,92.34202142779031
1724,0b1c8b42-96ab-4e65-817c-6c1dd48c67b4,7,1724,True,23049,22697,102.8112762155688
1725,0b1c8b42-96ab-4e65-817c-6c1dd48c67b4,7,1725,True,23082,22730,94.18949756713118
1726,0b1c8b42-96ab-4e65-817c-6c1dd48c67b4,7,1726,True,23112,22760,98.32465946540106
1727,0b1c8b42-96ab-4e65-817c-6c1dd48c67b4,7,1727,True,23150,22798,105.40313575030814
1728,0b1c8b42-96ab-4e65-817c-6c1dd48c67b4,7,1728,True,23173,22821,96.42632150840655
1729,0b1c8b42-96ab-4e65-817c-6c1dd48c67b4,7,1729,True,23206,22854,160.5390563787587
1730,0b1c8b42-96ab-4e65-817c-6c1dd48c67b4,7,1730,True,23228,22876,161.52060155978688
1731,0b1c8b42-96ab-4e65-817c-6c1dd48c67b4,7,1731,True,23251,22899,148.6310263448686
1732,0b1c8b42-96ab-4e65-817c-6c1dd48c67b4,7,1732,True,23283,22931,133.03756666219851
1733,0b1c8b42-96ab-4e65-817c-6c1dd48c67b4,7,1733,True,23316,22964,126.01120947944219
1734,0b1c8b42-96ab-4e65-817c-6c1dd48c67b4,7,1734,True,23350,22998,114.7807993540082
1735,0b1c8b42-96ab-4e65-817c-6c1dd48c67b4,7,1735,True,23378,23026,111.64097378891529
1736,0b1c8b42-96ab-4e65-817c-6c1dd48c67b4,7,1736,True,23411,23059,104.42063267796038
1737,0b1c8b42-96ab-4e65-817c-6c1dd48c67b4,7,1737,True,23440,23088,114.90097468430758
1738,0b1c8b42-96ab-4e65-817c-6c1dd48c67b4,7,1738,True,23471,23119,111.79652687215275
1739,0b1c8b42-96ab-4e65-817c-6c1dd48c67b4,7,1739,True,23506,23154,99.7918988485253
1740,0b1c8b42-96ab-4e65-817c-6c1dd48c67b4,7,1740,True,23535,23183,97.50983628391259
1741,0b1c8b42-96ab-4e65-817c-6c1dd48c67b4,7,1741,True,23555,23203,103.59762317439163
1742,0b1c8b42-96ab-4e65-817c-6c1dd48c67b4,7,1742,True,23590,23238,97.69236834722324
1743,0b1c8b42-96ab-4e65-817c-6c1dd48c67b4,7,1743,True,23624,23272,93.90866278192698
1744,0b1c8b42-96ab-4e65-817c-6c1dd48c67b4,7,1744,True,23660,23308,91.82283226343861
1745,0b1c8b42-96ab-4e65-817c-6c1dd48c67b4,7,1745,True,23690,23338,88.80272192972552
1746,0b1c8b42-96ab-4e65-817c-6c1dd48c67b4,7,1746,True,23717,23365,100.12532202074362
1747,0b1c8b42-96ab-4e65-817c-6c1dd48c67b4,7,1747,True,23746,23394,101.96916890639113
1748,0b1c8b42-96ab-4e65-817c-6c1dd48c67b4,7,1748,True,23774,23422,86.63970285812684
1749,0b1c8b42-96ab-4e65-817c-6c1dd48c67b4,7,1749,True,23799,23447,90.68041435001578
1750,0b1c8b42-96ab-4e65-817c-6c1dd48c67b4,7,1750,True,23828,23476,86.98386698844843
1751,0b1c8b42-96ab-4e65-817c-6c1dd48c67b4,7,1751,True,23858,23506,83.0298067932963
1752,0b1c8b42-96ab-4e65-817c-6c1dd48c67b4,7,1752,True,23892,23540,76.45634520757085
1753,0b1c8b42-96ab-4e65-817c-6c1dd48c67b4,7,1753,True,23926,23574,81.94971877499484
1754,0b1c8b42-96ab-4e65-817c-6c1dd48c67b4,7,1754,True,23950,23598,91.7486191050557
1755,0b1c8b42-96ab-4e65-817c-6c1dd48c67b4,7,1755,True,23983,23631,95.77845912801786
1756,0b1c8b42-96ab-4e65-817c-6c1dd48c67b4,7,1756,True,24013,23661,81.16461409422482
1757,0b1c8b42-96ab-4e65-817c-6c1dd48c67b4,7,1757,True,24037,23685,102.52708365916624
1758,0b1c8b42-96ab-4e65-817c-6c1dd48c67b4,7,1758,True,24062,23710,85.97119129210114
1759,0b1c8b42-96ab-4e65-817c-6c1dd48c67b4,7,1759,True,24088,23736,88.41539141963585
1760,0b1c8b42-96ab-4e65-817c-6c1dd48c67b4,7,1760,True,24120,23768,91.98545530049523
1761,0b1c8b42-96ab-4e65-817c-6c1dd48c67b4,7,1761,True,24159,23807,97.34836319906026
1762,0b1c8b42-96ab-4e65-817c-6c1dd48c67b4,7,1762,True,24188,23836,89.88897064431876
1763,0b1c8b42-96ab-4e65-817c-6c1dd48c67b4,7,1763,True,24220,23868,82.2114758478856
1764,0b1c8b42-96ab-4e65-817c-6c1dd48c67b4,7,1764,True,24252,23900,78.60452728724704
1765,0b1c8b42-96ab-4e65-817c-6c1dd48c67b4,7,1765,True,24281,23929,89.58401843027241
1766,0b1c8b42-96ab-4e65-817c-6c1dd48c67b4,7,1766,True,24305,23953,92.12903847482085
1767,0b1c8b42-96ab-4e65-817c-6c1dd48c67b4,7,1767,True,24335,23983,106.13946000507349
1768,0b1c8b42-96ab-4e65-817c-6c1dd48c67b4,7,1768,True,24357,24005,93.05545488641656
1769,0b1c8b42-96ab-4e65-817c-6c1dd48c67b4,7,1769,True,24393,24041,87.3542165072322
1770,0b1c8b42-96ab-4e65-817c-6c1dd48c67b4,7,1770,True,24430,24078,86.80562570498296
1771,0b1c8b42-96ab-4e65-817c-6c1dd48c67b4,7,1771,True,24461,24109,82.87244045696934
1772,0b1c8b42-96ab-4e65-817c-6c1dd48c67b4,7,1772,True,24498,24146,92.63938701640654
1773,0b1c8b42-96ab-4e65-817c-6c1dd48c67b4,7,1773,True,24522,24170,79.27221292985269
1774,0b1c8b42-96ab-4e65-817c-6c1dd48c67b4,7,1774,True,24570,24218,70.5394564420858
1775,0b1c8b42-96ab-4e65-817c-6c1dd48c67b4,7,1775,True,24605,24253,76.43283110963966
1776,0b1c8b42-96ab-4e65-817c-6c1dd48c67b4,7,1776,True,24635,24283,82.57633393767901
1777,0b1c8b42-96ab-4e65-817c-6c1dd48c67b4,7,1777,True,24669,24317,83.87915604513182
1778,0b1c8b42-96ab-4e65-817c-6c1dd48c67b4,7,1778,True,24691,24339,79.03284695000548
1779,0b1c8b42-96ab-4e65-817c-6c1dd48c67b4,7,1779,True,24718,24366,76.80995842716584
1780,0b1c8b42-96ab-4e65-817c-6c1dd48c67b4,7,1780,True,24748,24396,81.23813471866742
1781,0b1c8b42-96ab-4e65-817c-6c1dd48c67b4,7,1781,True,24777,24425,81.91901016568227
1782,0b1c8b42-96ab-4e65-817c-6c1dd48c67b4,7,1782,True,24810,24458,87.19164323608129
1783,0b1c8b42-96ab-4e65-817c-6c1dd48c67b4,7,1783,True,24839,24487,84.58033633766172
1784,0b1c8b42-96ab-4e65-817c-6c1dd48c67b4,7,1784,True,24869,24517,85.83612348267343
1785,0b1c8b42-96ab-4e65-817c-6c1dd48c67b4,7,1785,True,24902,24550,86.39200929821163
1786,0b1c8b42-96ab-4e65-817c-6c1dd48c67b4,7,1786,True,24939,24587,84.77331919743665
1787,0b1c8b42-96ab-4e65-817c-6c1dd48c67b4,7,1787,True,24976,24624,98.19987026769013
1788,0b1c8b42-96ab-4e65-817c-6c1dd48c67b4,7,1788,True,25012,24660,88.13230226563974
1789,0b1c8b42-96ab-4e65-817c-6c1dd48c67b4,7,1789,True,25042,24690,99.95224512826462
1790,0b1c8b42-96ab-4e65-817c-6c1dd48c67b4,7,1790,True,25074,24722,95.38537232931412
1791,0b1c8b42-96ab-4e65-817c-6c1dd48c67b4,7,1791,True,25100,24748,96.30975713406588
1792,0b1c8b42-96ab-4e65-817c-6c1dd48c67b4,7,1792,True,25132,24780,95.98494099909658
1793,0b1c8b42-96ab-4e65-817c-6c1dd48c67b4,7,1793,True,25152,24800,92.0916251212875
1794,0b1c8b42-96ab-4e65-817c-6c1dd48c67b4,7,1794,True,25188,24836,97.05283971225072
1795,0b1c8b42-96ab-4e65-817c-6c1dd48c67b4,7,1795,True,25214,24862,91.22232584549783
1796,0b1c8b42-96ab-4e65-817c-6c1dd48c67b4,7,1796,True,25236,24884,100.6296533293862
1797,0b1c8b42-96ab-4e65-817c-6c1dd48c67b4,7,1797,True,25261,24909,143.73137642081565
1798,0b1c8b42-96ab-4e65-817c-6c1dd48c67b4,7,1798,True,25287,24935,128.5160819626435
1799,0b1c8b42-96ab-4e65-817c-6c1dd48c67b4,7,1799,True,25306,24954,124.29131849697296
1800,0b1c8b42-96ab-4e65-817c-6c1dd48c67b4,7,1800,True,25337,24985,119.67560088845494
1801,0b1c8b42-96ab-4e65-817c-6c1dd48c67b4,7,1801,True,25366,25014,134.41843900737513
1802,0b1c8b42-96ab-4e65-817c-6c1dd48c67b4,7,1802,True,25390,25038,121.10307973449744
1803,0b1c8b42-96ab-4e65-817c-6c1dd48c67b4,7,1803,True,25410,25058,118.76361385589553
1804,0b1c8b42-96ab-4e65-817c-6c1dd48c67b4,7,1804,True,25442,25090,109.12621523915368
1805,0b1c8b42-96ab-4e65-817c-6c1dd48c67b4,7,1805,True,25481,25129,110.90829051090986
1806,0b1c8b42-96ab-4e65-817c-6c1dd48c67b4,7,1806,True,25526,25174,88.67272089399194
1807,0b1c8b42-96ab-4e65-817c-6c1dd48c67b4,7,1807,True,25549,25197,119.69429697965825
1808,0b1c8b42-96ab-4e65-817c-6c1dd48c67b4,7,1808,True,25574,25222,105.21516714515747
1809,0b1c8b42-96ab-4e65-817c-6c1dd48c67b4,7,1809,True,25608,25256,112.5155312366769
1810,0b1c8b42-96ab-4e65-817c-6c1dd48c67b4,7,1810,True,25651,25299,96.04403831501622
1811,0b1c8b42-96ab-4e65-817c-6c1dd48c67b4,7,1811,True,25679,25327,87.6535958702043
1812,0b1c8b42-96ab-4e65-817c-6c1dd48c67b4,7,1812,True,25704,25352,88.75180921803621
1813,0b1c8b42-96ab-4e65-817c-6c1dd48c67b4,7,1813,True,25728,25376,81.38559331941724
1814,0b1c8b42-96ab-4e65-817c-6c1dd48c67b4,7,1814,True,25755,25403,84.23794676966281
1815,0b1c8b42-96ab-4e65-817c-6c1dd48c67b4,7,1815,True,25798,25446,83.92515804366121
1816,0b1c8b42-96ab-4e65-817c-6c1dd48c67b4,7,1816,True,25827,25475,89.73865093307904
1817,0b1c8b42-96ab-4e65-817c-6c1dd48c67b4,7,1817,True,25848,25496,100.11297257502883
1818,0b1c8b42-96ab-4e65-817c-6c1dd48c67b4,7,1818,True,25882,25530,85.54994537211314
1819,0b1c8b42-96ab-4e65-817c-6c1dd48c67b4,7,1819,True,25912,25560,93.79610201880496
1820,0b1c8b42-96ab-4e65-817c-6c1dd48c67b4,7,1820,True,25942,25590,90.48224241298522
1821,0b1c8b42-96ab-4e65-817c-6c1dd48c67b4,7,1821,True,25970,25618,95.18675538542448
1822,0b1c8b42-96ab-4e65-817c-6c1dd48c67b4,7,1822,True,25993,25641,94.97016810183777
1823,0b1c8b42-96ab-4e65-817c-6c1dd48c67b4,7,1823,True,26026,25674,91.09889234573347
1824,0b1c8b42-96ab-4e65-817c-6c1dd48c67b4,7,1824,True,26054,25702,86.05438916547428
1825,0b1c8b42-96ab-4e65-817c-6c1dd48c67b4,7,1825,True,26081,25729,81.86162517252524
1826,0b1c8b42-96ab-4e65-817c-6c1dd48c67b4,7,1826,True,26106,25754,83.24594332875131
1827,0b1c8b42-96ab-4e65-817c-6c1dd48c67b4,7,1827,True,26140,25788,122.81575991366117
1828,0b1c8b42-96ab-4e65-817c-6c1dd48c67b4,7,1828,True,26171,25819,114.21882901409481
1829,0b1c8b42-96ab-4e65-817c-6c1dd48c67b4,7,1829,True,26192,25840,119.5987436566611
1830,0b1c8b42-96ab-4e65-817c-6c1dd48c67b4,7,1830,True,26221,25869,112.65029835343375
1831,0b1c8b42-96ab-4e65-817c-6c1dd48c67b4,7,1831,True,26247,25895,97.97946628997306
1832,0b1c8b42-96ab-4e65-817c-6c1dd48c67b4,7,1832,True,26277,25925,109.27466432227811
1833,0b1c8b42-96ab-4e65-817c-6c1dd48c67b4,7,1833,True,26302,25950,111.29240434180247
1834,0b1c8b42-96ab-4e65-817c-6c1dd48c67b4,7,1834,True,26330,25978,96.06098559619204
1835,0b1c8b42-96ab-4e65-817c-6c1dd48c67b4,7,1835,True,26360,26008,98.26952089196493
1836,0b1c8b42-96ab-4e65-817c-6c1dd48c67b4,7,1836,True,26397,26045,86.13353606710007
1837,0b1c8b42-96ab-4e65-817c-6c1dd48c67b4,7,1837,True,26435,26083,85.60218738102412
1838,0b1c8b42-96ab-4e65-817c-6c1dd48c67b4,7,1838,True,26469,26117,77.42792729957364
1839,0b1c8b42-96ab-4e65-817c-6c1dd48c67b4,7,1839,True,26499,26147,99.65187630830405
1840,0b1c8b42-96ab-4e65-817c-6c1dd48c67b4,7,1840,True,26529,26177,91.43352452081308
1841,0b1c8b42-96ab-4e65-817c-6c1dd48c67b4,7,1841,True,26563,26211,93.13575686644617
1842,0b1c8b42-96ab-4e65-817c-6c1dd48c67b4,7,1842,True,26587,26235,88.58984616826274
1843,0b1c8b42-96ab-4e65-817c-6c1dd48c67b4,7,1843,True,26613,26261,92.25720091555195
1844,0b1c8b42-96ab-4e65-817c-6c1dd48c67b4,7,1844,True,26647,26295,101.73358471344545
1845,0b1c8b42-96ab-4e65-817c-6c1dd48c67b4,7,1845,True,26677,26325,116.14449330413117
1846,0b1c8b42-96ab-4e65-817c-6c1dd48c67b4,7,1846,True,26710,26358,99.69116068350559
1847,0b1c8b42-96ab-4e65-817c-6c1dd48c67b4,7,1847,True,26735,26383,109.79276668119564
1848,0b1c8b42-96ab-4e65-817c-6c1dd48c67b4,7,1848,True,26767,26415,90.18580226180347
1849,0b1c8b42-96ab-4e65-817c-6c1dd48c67b4,7,1849,True,26793,26441,115.84100475746163
1850,0b1c8b42-96ab-4e65-817c-6c1dd48c67b4,7,1850,True,26829,26477,90.79981765147386
1851,0b1c8b42-96ab-4e65-817c-6c1dd48c67b4,7,1851,True,26856,26504,111.15629443389844
1852,0b1c8b42-96ab-4e65-817c-6c1dd48c67b4,7,1852,True,26888,26536,109.97861159775857
1853,0b1c8b42-96ab-4e65-817c-6c1dd48c67b4,7,1853,True,26923,26571,122.68505062006079
1854,0b1c8b42-96ab-4e65-817c-6c1dd48c67b4,7,1854,True,26954,26602,114.98444720232146
1855,0b1c8b42-96ab-4e65-817c-6c1dd48c67b4,7,1855,True,26981,26629,99.77076029817545
1856,0b1c8b42-96ab-4e65-817c-6c1dd48c67b4,7,1856,True,27014,26662,91.95861073874039
1857,0b1c8b42-96ab-4e65-817c-6c1dd48c67b4,7,1857,True,27042,26690,92.42663002899644
1858,0b1c8b42-96ab-4e65-817c-6c1dd48c67b4,7,1858,True,27073,26721,87.5072341685518
1859,0b1c8b42-96ab-4e65-817c-6c1dd48c67b4,7,1859,True,27108,26756,95.30104290593226
1860,0b1c8b42-96ab-4e65-817c-6c1dd48c67b4,7,1860,True,27133,26781,97.99005522228254
1861,0b1c8b42-96ab-4e65-817c-6c1dd48c67b4,7,1861,True,27155,26803,102.8952502007196
1862,0b1c8b42-96ab-4e65-817c-6c1dd48c67b4,7,1862,True,27187,26835,96.62155191139391
1863,0b1c8b42-96ab-4e65-817c-6c1dd48c67b4,7,1863,True,27219,26867,87.37451057263752
1864,0b1c8b42-96ab-4e65-817c-6c1dd48c67b4,7,1864,True,27245,26893,83.25434370372022
1865,0b1c8b42-96ab-4e65-817c-6c1dd48c67b4,7,1865,True,27283,26931,90.463392588641
1866,0b1c8b42-96ab-4e65-817c-6c1dd48c67b4,7,1866,True,27322,26970,78.01037040598749
1867,0b1c8b42-96ab-4e65-817c-6c1dd48c67b4,7,1867,True,27359,27007,91.72797970600368
1868,0b1c8b42-96ab-4e65-817c-6c1dd48c67b4,7,1868,True,27391,27039,83.3997046169643
1869,0b1c8b42-96ab-4e65-817c-6c1dd48c67b4,7,1869,True,27418,27066,76.69723812790835
1870,0b1c8b42-96ab-4e65-817c-6c1dd48c67b4,7,1870,True,27445,27093,74.55051405751146
1871,0b1c8b42-96ab-4e65-817c-6c1dd48c67b4,7,1871,True,27477,27125,77.04983359387916
1872,0b1c8b42-96ab-4e65-817c-6c1dd48c67b4,7,1872,True,27507,27155,89.74353087893905
1873,0b1c8b42-96ab-4e65-817c-6c1dd48c67b4,7,1873,True,27529,27177,92.06041345450649
1874,0b1c8b42-96ab-4e65-817c-6c1dd48c67b4,7,1874,True,27554,27202,92.59206929582797
1875,0b1c8b42-96ab-4e65-817c-6c1dd48c67b4,7,1875,True,27580,27228,99.0981642371371
1876,0b1c8b42-96ab-4e65-817c-6c1dd48c67b4,7,1876,True,27610,27258,86.99440856874935
1877,0b1c8b42-96ab-4e65-817c-6c1dd48c67b4,7,1877,True,27644,27292,99.4467552643182
1878,0b1c8b42-96ab-4e65-817c-6c1dd48c67b4,7,1878,True,27686,27334,90.815237069055
1879,0b1c8b42-96ab-4e65-817c-6c1dd48c67b4,7,1879,True,27711,27359,83.43267372109767
1880,0b1c8b42-96ab-4e65-817c-6c1dd48c67b4,7,1880,True,27741,27389,84.28457793714915
1881,0b1c8b42-96ab-4e65-817c-6c1dd48c67b4,7,1881,True,27775,27423,87.7314647011699
1882,0b1c8b42-96ab-4e65-817c-6c1dd48c67b4,7,1882,True,27810,27458,87.12979248831834
1883,0b1c8b42-96ab-4e65-817c-6c1dd48c67b4,7,1883,True,27849,27497,90.0106904116692
1884,0b1c8b42-96ab-4e65-817c-6c1dd48c67b4,7,1884,True,27876,27524,89.64798053945924
1885,0b1c8b42-96ab-4e65-817c-6c1dd48c67b4,7,1885,True,27907,27555,84.3390914045849
1886,0b1c8b42-96ab-4e65-817c-6c1dd48c67b4,7,1886,True,27934,27582,75.60723988418613
1887,0b1c8b42-96ab-4e65-817c-6c1dd48c67b4,7,1887,True,27970,27618,95.61749977415093
1888,0b1c8b42-96ab-4e65-817c-6c1dd48c67b4,7,1888,True,28000,27648,91.72112387816742
1889,0b1c8b42-96ab-4e65-817c-6c1dd48c67b4,7,1889,True,28042,27690,89.74013128658407
1890,0b1c8b42-96ab-4e65-817c-6c1dd48c67b4,7,1890,True,28078,27726,81.21260721166618
1891,0b1c8b42-96ab-4e65-817c-6c1dd48c67b4,7,1891,True,28107,27755,85.46243995079567
1892,0b1c8b42-96ab-4e65-817c-6c1dd48c67b4,7,1892,True,28141,27789,76.18628700512636
1893,0b1c8b42-96ab-4e65-817c-6c1dd48c67b4,7,1893,True,28173,27821,93.26196752659962
1894,0b1c8b42-96ab-4e65-817c-6c1dd48c67b4,7,1894,True,28204,27852,99.06488771845761
1895,0b1c8b42-96ab-4e65-817c-6c1dd48c67b4,7,1895,True,28234,27882,96.30337891095769
1896,0b1c8b42-96ab-4e65-817c-6c1dd48c67b4,7,1896,True,28269,27917,95.70943763741889
1897,0b1c8b42-96ab-4e65-817c-6c1dd48c67b4,7,1897,True,28299,27947,89.40233747296588
1898,0b1c8b42-96ab-4e65-817c-6c1dd48c67b4,7,1898,True,28325,27973,84.25058775657817
1899,0b1c8b42-96ab-4e65-817c-6c1dd48c67b4,7,1899,True,28365,28013,85.058256356122
1900,0b1c8b42-96ab-4e65-817c-6c1dd48c67b4,7,1900,True,28403,28051,81.5957684636378
1901,0b1c8b42-96ab-4e65-817c-6c1dd48c67b4,7,1901,True,28448,28096,73.77767294170917
1902,0b1c8b42-96ab-4e65-817c-6c1dd48c67b4,7,1902,True,28476,28124,74.86402095730591
1903,0b1c8b42-96ab-4e65-817c-6c1dd48c67b4,7,1903,True,28507,28155,97.8777500636752
1904,0b1c8b42-96ab-4e65-817c-6c1dd48c67b4,7,1904,True,28534,28182,82.37187482910667
1905,0b1c8b42-96ab-4e65-817c-6c1dd48c67b4,7,1905,True,28562,28210,88.06565504563696
1906,0b1c8b42-96ab-4e65-817c-6c1dd48c67b4,7,1906,True,28600,28248,79.3570203208219
1907,0b1c8b42-96ab-4e65-817c-6c1dd48c67b4,7,1907,True,28624,28272,85.3726357551459
1908,0b1c8b42-96ab-4e65-817c-6c1dd48c67b4,7,1908,True,28667,28315,74.59059186036393
1909,0b1c8b42-96ab-4e65-817c-6c1dd48c67b4,7,1909,True,28695,28343,74.06409835631712
1910,0b1c8b42-96ab-4e65-817c-6c1dd48c67b4,7,1910,True,28729,28377,73.11913950067901
1911,0b1c8b42-96ab-4e65-817c-6c1dd48c67b4,7,1911,True,28752,28400,76.11976074840277
1912,0b1c8b42-96ab-4e65-817c-6c1dd48c67b4,7,1912,True,28780,28428,80.02807157656571
1913,0b1c8b42-96ab-4e65-817c-6c1dd48c67b4,7,1913,True,28823,28471,79.42339640150749
1914,0b1c8b42-96ab-4e65-817c-6c1dd48c67b4,7,1914,True,28861,28509,65.87177440942105
1915,0b1c8b42-96ab-4e65-817c-6c1dd48c67b4,7,1915,True,28896,28544,95.83445711220702
1916,0b1c8b42-96ab-4e65-817c-6c1dd48c67b4,7,1916,True,28930,28578,85.67939712577208
1917,0b1c8b42-96ab-4e65-817c-6c1dd48c67b4,7,1917,True,28969,28617,74.54318476754997
1918,0b1c8b42-96ab-4e65-817c-6c1dd48c67b4,7,1918,True,29000,28648,80.01444102748428
1919,0b1c8b42-96ab-4e65-817c-6c1dd48c67b4,7,1919,True,29029,28677,76.84394374328986
1920,0b1c8b42-96ab-4e65-817c-6c1dd48c67b4,7,1920,True,29067,28715,88.21007468283278
1921,0b1c8b42-96ab-4e65-817c-6c1dd48c67b4,7,1921,True,29092,28740,79.05397253348201
1922,0b1c8b42-96ab-4e65-817c-6c1dd48c67b4,7,1922,True,29123,28771,86.94654825027101
1923,0b1c8b42-96ab-4e65-817c-6c1dd48c67b4,7,1923,True,29154,28802,79.89516675260165
1924,0b1c8b42-96ab-4e65-817c-6c1dd48c67b4,7,1924,True,29191,28839,75.18367842869702
1925,0b1c8b42-96ab-4e65-817c-6c1dd48c67b4,7,1925,True,29214,28862,93.39322747682672
1926,0b1c8b42-96ab-4e65-817c-6c1dd48c67b4,7,1926,True,29248,28896,91.26321868239393
1927,0b1c8b42-96ab-4e65-817c-6c1dd48c67b4,7,1927,True,29277,28925,86.4332073362275
1928,0b1c8b42-96ab-4e65-817c-6c1dd48c67b4,7,1928,True,29312,28960,74.81597462807622
1929,0b1c8b42-96ab-4e65-817c-6c1dd48c67b4,7,1929,True,29342,28990,73.80372062357856
1930,0b1c8b42-96ab-4e65-817c-6c1dd48c67b4,7,1930,True,29376,29024,76.95944596739719
1931,0b1c8b42-96ab-4e65-817c-6c1dd48c67b4,7,1931,True,29403,29051,76.40004649697221
1932,0b1c8b42-96ab-4e65-817c-6c1dd48c67b4,7,1932,True,29446,29094,97.41077145463714
1933,0b1c8b42-96ab-4e65-817c-6c1dd48c67b4,7,1933,True,29482,29130,84.51246021467887
1934,0b1c8b42-96ab-4e65-817c-6c1dd48c67b4,7,1934,True,29506,29154,81.48772908527462
1935,0b1c8b42-96ab-4e65-817c-6c1dd48c67b4,7,1935,True,29535,29183,71.65879369164031
1936,0b1c8b42-96ab-4e65-817c-6c1dd48c67b4,7,1936,True,29564,29212,89.23320898885868
1937,0b1c8b42-96ab-4e65-817c-6c1dd48c67b4,7,1937,True,29594,29242,92.27354579050734
1938,0b1c8b42-96ab-4e65-817c-6c1dd48c67b4,7,1938,True,29625,29273,87.45587332977448
1939,0b1c8b42-96ab-4e65-817c-6c1dd48c67b4,7,1939,True,29652,29300,95.10056087380508
1940,0b1c8b42-96ab-4e65-817c-6c1dd48c67b4,7,1940,True,29686,29334,89.93261623920625
1941,0b1c8b42-96ab-4e65-817c-6c1dd48c67b4,7,1941,True,29716,29364,90.3360531105609
1942,0b1c8b42-96ab-4e65-817c-6c1dd48c67b4,7,1942,True,29752,29400,91.70096498855492
1943,0b1c8b42-96ab-4e65-817c-6c1dd48c67b4,7,1943,True,29789,29437,81.76457355195089
1944,0b1c8b42-96ab-4e65-817c-6c1dd48c67b4,7,1944,True,29819,29467,80.08311602652611
1945,0b1c8b42-96ab-4e65-817c-6c1dd48c67b4,7,1945,True,29846,29494,79.50950377336267
1946,0b1c8b42-96ab-4e65-817c-6c1dd48c67b4,7,1946,True,29877,29525,99.34722047384275
1947,0b1c8b42-96ab-4e65-817c-6c1dd48c67b4,7,1947,True,29907,29555,98.76023579303728
1948,0b1c8b42-96ab-4e65-817c-6c1dd48c67b4,7,1948,True,29936,29584,95.797511715773
1949,0b1c8b42-96ab-4e65-817c-6c1dd48c67b4,7,1949,True,29962,29610,95.34109195265046
1950,0b1c8b42-96ab-4e65-817c-6c1dd48c67b4,7,1950,True,29988,29636,97.54355771051269
1951,0b1c8b42-96ab-4e65-817c-6c1dd48c67b4,7,1951,True,30023,29671,91.02982304734542
1952,0b1c8b42-96ab-4e65-817c-6c1dd48c67b4,7,1952,True,30046,29694,101.22319976929066
1953,0b1c8b42-96ab-4e65-817c-6c1dd48c67b4,7,1953,True,30076,29724,80.99265741107956
1954,0b1c8b42-96ab-4e65-817c-6c1dd48c67b4,7,1954,True,30107,29755,82.94124389330682
1955,0b1c8b42-96ab-4e65-817c-6c1dd48c67b4,7,1955,True,30136,29784,84.82693010503499
1956,0b1c8b42-96ab-4e65-817c-6c1dd48c67b4,7,1956,True,30171,29819,78.04195792021346
1957,0b1c8b42-96ab-4e65-817c-6c1dd48c67b4,7,1957,True,30197,29845,92.45540318259373
1958,0b1c8b42-96ab-4e65-817c-6c1dd48c67b4,7,1958,True,30222,29870,92.20663320846143
1959,0b1c8b42-96ab-4e65-817c-6c1dd48c67b4,7,1959,True,30251,29899,88.52692912412749
1960,0b1c8b42-96ab-4e65-817c-6c1dd48c67b4,7,1960,True,30279,29927,91.02269376063487
1961,0b1c8b42-96ab-4e65-817c-6c1dd48c67b4,7,1961,True,30313,29961,72.43087151892178
1962,0b1c8b42-96ab-4e65-817c-6c1dd48c67b4,7,1962,True,30349,29997,79.00128212234995
1963,0b1c8b42-96ab-4e65-817c-6c1dd48c67b4,7,1963,True,30387,30035,74.52406468022309
1964,0b1c8b42-96ab-4e65-817c-6c1dd48c67b4,7,1964,True,30422,30070,80.400342244473
1965,0b1c8b42-96ab-4e65-817c-6c1dd48c67b4,7,1965,True,30448,30096,84.00438474018301
1966,0b1c8b42-96ab-4e65-817c-6c1dd48c67b4,7,1966,True,30476,30124,110.31147909652282
1967,0b1c8b42-96ab-4e65-817c-6c1dd48c67b4,7,1967,True,30503,30151,108.50661906195819
1968,0b1c8b42-96ab-4e65-817c-6c1dd48c67b4,7,1968,True,30524,30172,108.12300728937043
1969,0b1c8b42-96ab-4e65-817c-6c1dd48c67b4,7,1969,True,30556,30204,100.64981647783497
1970,0b1c8b42-96ab-4e65-817c-6c1dd48c67b4,7,1970,True,30586,30234,98.50543310126523
1971,0b1c8b42-96ab-4e65-817c-6c1dd48c67b4,7,1971,True,30617,30265,115.71365087519735
1972,0b1c8b42-96ab-4e65-817c-6c1dd48c67b4,7,1972,True,30637,30285,87.17103247326304
1973,0b1c8b42-96ab-4e65-817c-6c1dd48c67b4,7,1973,True,30665,30313,86.74812680784089
1974,0b1c8b42-96ab-4e65-817c-6c1dd48c67b4,7,1974,True,30690,30338,90.46117034180133
1975,0b1c8b42-96ab-4e65-817c-6c1dd48c67b4,7,1975,True,30714,30362,96.20176415895185
1976,0b1c8b42-96ab-4e65-817c-6c1dd48c67b4,7,1976,True,30738,30386,98.27469324406411
1977,0b1c8b42-96ab-4e65-817c-6c1dd48c67b4,7,1977,True,30778,30426,105.56039787192276
1978,0b1c8b42-96ab-4e65-817c-6c1dd48c67b4,7,1978,True,30815,30463,92.43982121760564
1979,0b1c8b42-96ab-4e65-817c-6c1dd48c67b4,7,1979,True,30842,30490,93.63053034551922
1980,0b1c8b42-96ab-4e65-817c-6c1dd48c67b4,7,1980,True,30867,30515,99.99700164490423
1981,0b1c8b42-96ab-4e65-817c-6c1dd48c67b4,7,1981,True,30907,30555,78.40561450582027
1982,0b1c8b42-96ab-4e65-817c-6c1dd48c67b4,7,1982,True,30946,30594,129.35999246439314
1983,0b1c8b42-96ab-4e65-817c-6c1dd48c67b4,7,1983,True,30973,30621,135.18757103749522
1984,0b1c8b42-96ab-4e65-817c-6c1dd48c67b4,7,1984,True,31002,30650,97.04096248155838
1985,0b1c8b42-96ab-4e65-817c-6c1dd48c67b4,7,1985,True,31034,30682,90.53449975971671
1986,0b1c8b42-96ab-4e65-817c-6c1dd48c67b4,7,1986,True,31068,30716,79.59380771561337
1987,0b1c8b42-96ab-4e65-817c-6c1dd48c67b4,7,1987,True,31096,30744,83.5900092366901
1988,0b1c8b42-96ab-4e65-817c-6c1dd48c67b4,7,1988,True,31130,30778,103.49643352171188
1989,0b1c8b42-96ab-4e65-817c-6c1dd48c67b4,7,1989,True,31162,30810,83.17973263529348
1990,0b1c8b42-96ab-4e65-817c-6c1dd48c67b4,7,1990,True,31191,30839,96.75884478213993
1991,0b1c8b42-96ab-4e65-817c-6c1dd48c67b4,7,1991,True,31208,30856,100.9970437187767
1992,0b1c8b42-96ab-4e65-817c-6c1dd48c67b4,7,1992,True,31237,30885,96.51123004712645
1993,0b1c8b42-96ab-4e65-817c-6c1dd48c67b4,7,1993,True,31262,30910,111.27444090878998
1994,0b1c8b42-96ab-4e65-817c-6c1dd48c67b4,7,1994,True,31305,30953,93.60678088453642
1995,0b1c8b42-96ab-4e65-817c-6c1dd48c67b4,7,1995,True,31341,30989,94.56274563010084
1996,0b1c8b42-96ab-4e65-817c-6c1dd48c67b4,7,1996,True,31377,31025,83.67865690511826
1997,0b1c8b42-96ab-4e65-817c-6c1dd48c67b4,7,1997,True,31410,31058,78.4352145965313
1998,0b1c8b42-96ab-4e65-817c-6c1dd48c67b4,7,1998,True,31443,31091,92.98557621221698
1999,0b1c8b42-96ab-4e65-817c-6c1dd48c67b4,7,1999,True,31464,31112,95.88203436607
2000,a9487fdb-1dbc-4006-8082-c93b1c72a178,8,2000,True,430,28,87.207502918573
2001,a9487fdb-1dbc-4006-8082-c93b1c72a178,8,2001,True,459,57,79.00687796176871
2002,a9487fdb-1dbc-4006-8082-c93b1c72a178,8,2002,True,492,90,85.26341761127676
2003,a9487fdb-1dbc-4006-8082-c93b1c72a178,8,2003,True,521,119,96.20698423192147
2004,a9487fdb-1dbc-4006-8082-c93b1c72a178,8,2004,True,547,145,90.45946165194653
2005,a9487fdb-1dbc-4006-8082-c93b1c72a178,8,2005,True,575,173,95.4483757883637
2006,a9487fdb-1dbc-4006-8082-c93b1c72a178,8,2006,True,608,206,87.25417822921122
2007,a9487fdb-1dbc-4006-8082-c93b1c72a178,8,2007,True,637,235,102.67148885493015
2008,a9487fdb-1dbc-4006-8082-c93b1c72a178,8,2008,True,663,261,96.14525331121791
2009,a9487fdb-1dbc-4006-8082-c93b1c72a178,8,2009,True,700,298,86.8004962012069
2010,a9487fdb-1dbc-4006-8082-c93b1c72a178,8,2010,True,729,327,88.35375886860606
2011,a9487fdb-1dbc-4006-8082-c93b1c72a178,8,2011,True,757,355,93.56522804263528
2012,a9487fdb-1dbc-4006-8082-c93b1c72a178,8,2012,True,790,388,91.66255350740903
2013,a9487fdb-1dbc-4006-8082-c93b1c72a178,8,2013,True,819,417,92.51314976107102
2014,a9487fdb-1dbc-4006-8082-c93b1c72a178,8,2014,True,843,441,93.29749078148996
2015,a9487fdb-1dbc-4006-8082-c93b1c72a178,8,2015,True,867,465,121.53844244701008
2016,a9487fdb-1dbc-4006-8082-c93b1c72a178,8,2016,True,908,506,106.49239695185088
2017,a9487fdb-1dbc-4006-8082-c93b1c72a178,8,2017,True,955,553,105.34027019913799
2018,a9487fdb-1dbc-4006-8082-c93b1c72a178,8,2018,True,990,588,96.82222095746693
2019,a9487fdb-1dbc-4006-8082-c93b1c72a178,8,2019,True,1029,627,87.07331149598451
2020,a9487fdb-1dbc-4006-8082-c93b1c72a178,8,2020,True,1061,659,93.74524689943871
2021,a9487fdb-1dbc-4006-8082-c93b1c72a178,8,2021,True,1089,687,89.64455039587381
2022,a9487fdb-1dbc-4006-8082-c93b1c72a178,8,2022,True,1125,723,94.4054218358691
2023,a9487fdb-1dbc-4006-8082-c93b1c72a178,8,2023,True,1169,767,82.9006350045812
2024,a9487fdb-1dbc-4006-8082-c93b1c72a178,8,2024,True,1202,800,103.74081580176767
2025,a9487fdb-1dbc-4006-8082-c93b1c72a178,8,2025,True,1221,819,105.80943316818082
2026,a9487fdb-1dbc-4006-8082-c93b1c72a178,8,2026,True,1252,850,93.98646489283328
2027,a9487fdb-1dbc-4006-8082-c93b1c72a178,8,2027,True,1282,880,98.12052752035015
2028,a9487fdb-1dbc-4006-8082-c93b1c72a178,8,2028,True,1328,926,91.22716173265405
2029,a9487fdb-1dbc-4006-8082-c93b1c72a178,8,2029,True,1359,957,89.19871259869296
2030,a9487fdb-1dbc-4006-8082-c93b1c72a178,8,2030,True,1399,997,82.28339387487608
2031,a9487fdb-1dbc-4006-8082-c93b1c72a178,8,2031,True,1428,1026,79.61272894024728
2032,a9487fdb-1dbc-4006-8082-c93b1c72a178,8,2032,True,1466,1064,85.75980841033333
2033,a9487fdb-1dbc-4006-8082-c93b1c72a178,8,2033,True,1499,1097,81.06292646400561
2034,a9487fdb-1dbc-4006-8082-c93b1c72a178,8,2034,True,1528,1126,81.36046659370368
2035,a9487fdb-1dbc-4006-8082-c93b1c72a178,8,2035,True,1558,1156,85.68648709951094
2036,a9487fdb-1dbc-4006-8082-c93b1c72a178,8,2036,True,1588,1186,82.54674166822633
2037,a9487fdb-1dbc-4006-8082-c93b1c72a178,8,2037,True,1617,1215,86.08087523163545
2038,a9487fdb-1dbc-4006-8082-c93b1c72a178,8,2038,True,1642,1240,82.16355651416598
2039,a9487fdb-1dbc-4006-8082-c93b1c72a178,8,2039,True,1674,1272,92.0005286786452
2040,a9487fdb-1dbc-4006-8082-c93b1c72a178,8,2040,True,1702,1300,94.93344490540699
2041,a9487fdb-1dbc-4006-8082-c93b1c72a178,8,2041,True,1733,1331,90.28101052746433
2042,a9487fdb-1dbc-4006-8082-c93b1c72a178,8,2042,True,1778,1376,83.42765131450187
2043,a9487fdb-1dbc-4006-8082-c93b1c72a178,8,2043,True,1809,1407,84.87476056733226
2044,a9487fdb-1dbc-4006-8082-c93b1c72a178,8,2044,True,1841,1439,94.57044240163873
2045,a9487fdb-1dbc-4006-8082-c93b1c72a178,8,2045,True,1868,1466,98.78143174268098
2046,a9487fdb-1dbc-4006-8082-c93b1c72a178,8,2046,True,1892,1490,122.29572810541345
2047,a9487fdb-1dbc-4006-8082-c93b1c72a178,8,2047,True,1926,1524,109.27319798872054
2048,a9487fdb-1dbc-4006-8082-c93b1c72a178,8,2048,True,1958,1556,104.21321282252575
2049,a9487fdb-1dbc-4006-8082-c93b1c72a178,8,2049,True,1993,1591,111.53957839672626
2050,a9487fdb-1dbc-4006-8082-c93b1c72a178,8,2050,True,2028,1626,118.27302742945176
2051,a9487fdb-1dbc-4006-8082-c93b1c72a178,8,2051,True,2057,1655,111.69174891477542
2052,a9487fdb-1dbc-4006-8082-c93b1c72a178,8,2052,True,2080,1678,110.00502217711369
2053,a9487fdb-1dbc-4006-8082-c93b1c72a178,8,2053,True,2117,1715,122.47184462665041
2054,a9487fdb-1dbc-4006-8082-c93b1c72a178,8,2054,True,2146,1744,112.84937652505232
2055,a9487fdb-1dbc-4006-8082-c93b1c72a178,8,2055,True,2184,1782,105.69386306947854
2056,a9487fdb-1dbc-4006-8082-c93b1c72a178,8,2056,True,2223,1821,98.95060352773089
2057,a9487fdb-1dbc-4006-8082-c93b1c72a178,8,2057,True,2248,1846,99.18372488142086
2058,a9487fdb-1dbc-4006-8082-c93b1c72a178,8,2058,True,2273,1871,108.85553388859807
2059,a9487fdb-1dbc-4006-8082-c93b1c72a178,8,2059,True,2305,1903,101.56668326738736
2060,a9487fdb-1dbc-4006-8082-c93b1c72a178,8,2060,True,2331,1929,117.30451530991536
2061,a9487fdb-1dbc-4006-8082-c93b1c72a178,8,2061,True,2363,1961,105.25491352346535
2062,a9487fdb-1dbc-4006-8082-c93b1c72a178,8,2062,True,2397,1995,100.78077433904355
2063,a9487fdb-1dbc-4006-8082-c93b1c72a178,8,2063,True,2441,2039,96.53298469077708
2064,a9487fdb-1dbc-4006-8082-c93b1c72a178,8,2064,True,2483,2081,102.69452501117576
2065,a9487fdb-1dbc-4006-8082-c93b1c72a178,8,2065,True,2510,2108,103.31327287064187
2066,a9487fdb-1dbc-4006-8082-c93b1c72a178,8,2066,True,2545,2143,97.50738713254259
2067,a9487fdb-1dbc-4006-8082-c93b1c72a178,8,2067,True,2573,2171,94.55333694020646
2068,a9487fdb-1dbc-4006-8082-c93b1c72a178,8,2068,True,2605,2203,106.61648222640542
2069,a9487fdb-1dbc-4006-8082-c93b1c72a178,8,2069,True,2630,2228,105.80723912898566
2070,a9487fdb-1dbc-4006-8082-c93b1c72a178,8,2070,True,2666,2264,87.03416518558879
2071,a9487fdb-1dbc-4006-8082-c93b1c72a178,8,2071,True,2692,2290,91.99335508280774
2072,a9487fdb-1dbc-4006-8082-c93b1c72a178,8,2072,True,2725,2323,96.61442305694982
2073,a9487fdb-1dbc-4006-8082-c93b1c72a178,8,2073,True,2756,2354,89.72973879485562
2074,a9487fdb-1dbc-4006-8082-c93b1c72a178,8,2074,True,2784,2382,89.15221419498721
2075,a9487fdb-1dbc-4006-8082-c93b1c72a178,8,2075,True,2810,2408,83.46662585285458
2076,a9487fdb-1dbc-4006-8082-c93b1c72a178,8,2076,True,2835,2433,87.00065986090794
2077,a9487fdb-1dbc-4006-8082-c93b1c72a178,8,2077,True,2865,2463,107.20085696117076
2078,a9487fdb-1dbc-4006-8082-c93b1c72a178,8,2078,True,2895,2493,100.0338762858014
2079,a9487fdb-1dbc-4006-8082-c93b1c72a178,8,2079,True,2927,2525,87.99074910618674
2080,a9487fdb-1dbc-4006-8082-c93b1c72a178,8,2080,True,2958,2556,101.28103199493535
2081,a9487fdb-1dbc-4006-8082-c93b1c72a178,8,2081,True,2993,2591,93.28094307608217
2082,a9487fdb-1dbc-4006-8082-c93b1c72a178,8,2082,True,3024,2622,94.43767338784619
2083,a9487fdb-1dbc-4006-8082-c93b1c72a178,8,2083,True,3065,2663,80.0262285034346
2084,a9487fdb-1dbc-4006-8082-c93b1c72a178,8,2084,True,3097,2695,93.15266855230539
2085,a9487fdb-1dbc-4006-8082-c93b1c72a178,8,2085,True,3128,2726,92.7652492060115
2086,a9487fdb-1dbc-4006-8082-c93b1c72a178,8,2086,True,3161,2759,111.47307402361821
2087,a9487fdb-1dbc-4006-8082-c93b1c72a178,8,2087,True,3192,2790,101.05831505683
2088,a9487fdb-1dbc-4006-8082-c93b1c72a178,8,2088,True,3213,2811,103.83978383560043
2089,a9487fdb-1dbc-4006-8082-c93b1c72a178,8,2089,True,3251,2849,82.23311075048332
2090,a9487fdb-1dbc-4006-8082-c93b1c72a178,8,2090,True,3277,2875,90.56588715481257
2091,a9487fdb-1dbc-4006-8082-c93b1c72a178,8,2091,True,3313,2911,87.07835727013799
2092,a9487fdb-1dbc-4006-8082-c93b1c72a178,8,2092,True,3345,2943,92.5808656472932
2093,a9487fdb-1dbc-4006-8082-c93b1c72a178,8,2093,True,3361,2959,105.65673339968771
2094,a9487fdb-1dbc-4006-8082-c93b1c72a178,8,2094,True,3398,2996,94.66455302773147
2095,a9487fdb-1dbc-4006-8082-c93b1c72a178,8,2095,True,3416,3014,111.04314926847701
2096,a9487fdb-1dbc-4006-8082-c93b1c72a178,8,2096,True,3454,3052,104.57809581801439
2097,a9487fdb-1dbc-4006-8082-c93b1c72a178,8,2097,True,3484,3082,102.55120728942802
2098,a9487fdb-1dbc-4006-8082-c93b1c72a178,8,2098,True,3514,3112,91.6955901773731
2099,a9487fdb-1dbc-4006-8082-c93b1c72a178,8,2099,True,3546,3144,84.14886901807176
2100,a9487fdb-1dbc-4006-8082-c93b1c72a178,8,2100,True,3574,3172,82.57022380472927
2101,a9487fdb-1dbc-4006-8082-c93b1c72a178,8,2101,True,3603,3201,99.19960695354666
2102,a9487fdb-1dbc-4006-8082-c93b1c72a178,8,2102,True,3636,3234,93.26021320465725
2103,a9487fdb-1dbc-4006-8082-c93b1c72a178,8,2103,True,3663,3261,104.10476201150323
2104,a9487fdb-1dbc-4006-8082-c93b1c72a178,8,2104,True,3693,3291,98.20115455199766
2105,a9487fdb-1dbc-4006-8082-c93b1c72a178,8,2105,True,3729,3327,98.2794486808566
2106,a9487fdb-1dbc-4006-8082-c93b1c72a178,8,2106,True,3757,3355,106.67872780729294
2107,a9487fdb-1dbc-4006-8082-c93b1c72a178,8,2107,True,3777,3375,114.2977924041129
2108,a9487fdb-1dbc-4006-8082-c93b1c72a178,8,2108,True,3817,3415,97.9066879328243
2109,a9487fdb-1dbc-4006-8082-c93b1c72a178,8,2109,True,3849,3447,86.78761448628666
2110,a9487fdb-1dbc-4006-8082-c93b1c72a178,8,2110,True,3878,3476,100.12891371418482
2111,a9487fdb-1dbc-4006-8082-c93b1c72a178,8,2111,True,3910,3508,104.15073047830629
2112,a9487fdb-1dbc-4006-8082-c93b1c72a178,8,2112,True,3933,3531,101.07681178113125
2113,a9487fdb-1dbc-4006-8082-c93b1c72a178,8,2113,True,3979,3577,80.7585477083644
2114,a9487fdb-1dbc-4006-8082-c93b1c72a178,8,2114,True,4012,3610,79.44788469692958
2115,a9487fdb-1dbc-4006-8082-c93b1c72a178,8,2115,True,4044,3642,100.21759788032341
2116,a9487fdb-1dbc-4006-8082-c93b1c72a178,8,2116,True,4077,3675,92.91377073068907
2117,a9487fdb-1dbc-4006-8082-c93b1c72a178,8,2117,True,4107,3705,93.19302056280912
2118,a9487fdb-1dbc-4006-8082-c93b1c72a178,8,2118,True,4140,3738,80.30199537178623
2119,a9487fdb-1dbc-4006-8082-c93b1c72a178,8,2119,True,4168,3766,96.84930111089125
2120,a9487fdb-1dbc-4006-8082-c93b1c72a178,8,2120,True,4208,3806,92.82891004769272
2121,a9487fdb-1dbc-4006-8082-c93b1c72a178,8,2121,True,4242,3840,91.84306470769616
2122,a9487fdb-1dbc-4006-8082-c93b1c72a178,8,2122,True,4267,3865,94.25501240828271
2123,a9487fdb-1dbc-4006-8082-c93b1c72a178,8,2123,True,4298,3896,90.73057907540806
2124,a9487fdb-1dbc-4006-8082-c93b1c72a178,8,2124,True,4331,3929,99.36564652099287
2125,a9487fdb-1dbc-4006-8082-c93b1c72a178,8,2125,True,4359,3957,115.04398022100986
2126,a9487fdb-1dbc-4006-8082-c93b1c72a178,8,2126,True,4385,3983,113.15849298304238
2127,a9487fdb-1dbc-4006-8082-c93b1c72a178,8,2127,True,4411,4009,112.54727578775419
2128,a9487fdb-1dbc-4006-8082-c93b1c72a178,8,2128,True,4441,4039,111.1468031744489
2129,a9487fdb-1dbc-4006-8082-c93b1c72a178,8,2129,True,4471,4069,103.5973639918675
2130,a9487fdb-1dbc-4006-8082-c93b1c72a178,8,2130,True,4510,4108,103.38414414888575
2131,a9487fdb-1dbc-4006-8082-c93b1c72a178,8,2131,True,4542,4140,101.41433865358431
2132,a9487fdb-1dbc-4006-8082-c93b1c72a178,8,2132,True,4571,4169,112.51184520502193
2133,a9487fdb-1dbc-4006-8082-c93b1c72a178,8,2133,True,4605,4203,105.82024574773732
2134,a9487fdb-1dbc-4006-8082-c93b1c72a178,8,2134,True,4647,4245,88.89450088543072
2135,a9487fdb-1dbc-4006-8082-c93b1c72a178,8,2135,True,4675,4273,84.97657399790205
2136,a9487fdb-1dbc-4006-8082-c93b1c72a178,8,2136,True,4701,4299,92.52213719439987
2137,a9487fdb-1dbc-4006-8082-c93b1c72a178,8,2137,True,4736,4334,91.09442942950682
2138,a9487fdb-1dbc-4006-8082-c93b1c72a178,8,2138,True,4765,4363,98.4834996856589
2139,a9487fdb-1dbc-4006-8082-c93b1c72a178,8,2139,True,4799,4397,102.27105954882154
2140,a9487fdb-1dbc-4006-8082-c93b1c72a178,8,2140,True,4836,4434,93.10408310543244
2141,a9487fdb-1dbc-4006-8082-c93b1c72a178,8,2141,True,4875,4473,91.75200734716782
2142,a9487fdb-1dbc-4006-8082-c93b1c72a178,8,2142,True,4918,4516,87.93610919815546
2143,a9487fdb-1dbc-4006-8082-c93b1c72a178,8,2143,True,4946,4544,83.17936877120883
2144,a9487fdb-1dbc-4006-8082-c93b1c72a178,8,2144,True,4975,4573,83.89826225463003
2145,a9487fdb-1dbc-4006-8082-c93b1c72a178,8,2145,True,5005,4603,86.47112897590978
2146,a9487fdb-1dbc-4006-8082-c93b1c72a178,8,2146,True,5031,4629,86.16719882580219
2147,a9487fdb-1dbc-4006-8082-c93b1c72a178,8,2147,True,5059,4657,98.47623102939815
2148,a9487fdb-1dbc-4006-8082-c93b1c72a178,8,2148,True,5084,4682,98.02195611543084
2149,a9487fdb-1dbc-4006-8082-c93b1c72a178,8,2149,True,5114,4712,91.2529771105983
2150,a9487fdb-1dbc-4006-8082-c93b1c72a178,8,2150,True,5147,4745,115.48402394965433
2151,a9487fdb-1dbc-4006-8082-c93b1c72a178,8,2151,True,5171,4769,114.70431175789054
2152,a9487fdb-1dbc-4006-8082-c93b1c72a178,8,2152,True,5205,4803,101.66002866973213
2153,a9487fdb-1dbc-4006-8082-c93b1c72a178,8,2153,True,5240,4838,103.39924389086809
2154,a9487fdb-1dbc-4006-8082-c93b1c72a178,8,2154,True,5271,4869,103.65173536443308
2155,a9487fdb-1dbc-4006-8082-c93b1c72a178,8,2155,True,5305,4903,102.28506309089244
2156,a9487fdb-1dbc-4006-8082-c93b1c72a178,8,2156,True,5336,4934,95.74262342572365
2157,a9487fdb-1dbc-4006-8082-c93b1c72a178,8,2157,True,5371,4969,99.89307739550895
2158,a9487fdb-1dbc-4006-8082-c93b1c72a178,8,2158,True,5401,4999,99.93883208532043
2159,a9487fdb-1dbc-4006-8082-c93b1c72a178,8,2159,True,5436,5034,92.90256052052337
2160,a9487fdb-1dbc-4006-8082-c93b1c72a178,8,2160,True,5474,5072,93.3845310571578
2161,a9487fdb-1dbc-4006-8082-c93b1c72a178,8,2161,True,5495,5093,97.65975220330893
2162,a9487fdb-1dbc-4006-8082-c93b1c72a178,8,2162,True,5525,5123,97.5623198407493
2163,a9487fdb-1dbc-4006-8082-c93b1c72a178,8,2163,True,5551,5149,113.74541686255452
2164,a9487fdb-1dbc-4006-8082-c93b1c72a178,8,2164,True,5583,5181,104.75542034524824
2165,a9487fdb-1dbc-4006-8082-c93b1c72a178,8,2165,True,5611,5209,108.57383154222043
2166,a9487fdb-1dbc-4006-8082-c93b1c72a178,8,2166,True,5649,5247,112.79573972482831
2167,a9487fdb-1dbc-4006-8082-c93b1c72a178,8,2167,True,5675,5273,114.58951151735255
2168,a9487fdb-1dbc-4006-8082-c93b1c72a178,8,2168,True,5703,5301,107.2622776678345
2169,a9487fdb-1dbc-4006-8082-c93b1c72a178,8,2169,True,5734,5332,92.63963899221926
2170,a9487fdb-1dbc-4006-8082-c93b1c72a178,8,2170,True,5759,5357,90.70793833132575
2171,a9487fdb-1dbc-4006-8082-c93b1c72a178,8,2171,True,5801,5399,102.25644993368769
2172,a9487fdb-1dbc-4006-8082-c93b1c72a178,8,2172,True,5832,5430,100.98127050860785
2173,a9487fdb-1dbc-4006-8082-c93b1c72a178,8,2173,True,5854,5452,101.3149723909246
2174,a9487fdb-1dbc-4006-8082-c93b1c72a178,8,2174,True,5881,5479,115.8368037868895
2175,a9487fdb-1dbc-4006-8082-c93b1c72a178,8,2175,True,5898,5496,119.40561089538369
2176,a9487fdb-1dbc-4006-8082-c93b1c72a178,8,2176,True,5934,5532,112.81037511443355
2177,a9487fdb-1dbc-4006-8082-c93b1c72a178,8,2177,True,5965,5563,133.70385581126993
2178,a9487fdb-1dbc-4006-8082-c93b1c72a178,8,2178,True,5995,5593,120.4130943320215
2179,a9487fdb-1dbc-4006-8082-c93b1c72a178,8,2179,True,6031,5629,123.84036224846113
2180,a9487fdb-1dbc-4006-8082-c93b1c72a178,8,2180,True,6061,5659,113.44980730872885
2181,a9487fdb-1dbc-4006-8082-c93b1c72a178,8,2181,True,6092,5690,112.80005876876203
2182,a9487fdb-1dbc-4006-8082-c93b1c72a178,8,2182,True,6120,5718,102.18219511083498
2183,a9487fdb-1dbc-4006-8082-c93b1c72a178,8,2183,True,6151,5749,163.7282682355226
2184,a9487fdb-1dbc-4006-8082-c93b1c72a178,8,2184,True,6175,5773,118.02410670575046
2185,a9487fdb-1dbc-4006-8082-c93b1c72a178,8,2185,True,6202,5800,153.20337916910375
2186,a9487fdb-1dbc-4006-8082-c93b1c72a178,8,2186,True,6224,5822,109.9272554230065
2187,a9487fdb-1dbc-4006-8082-c93b1c72a178,8,2187,True,6254,5852,169.34115375085184
2188,a9487fdb-1dbc-4006-8082-c93b1c72a178,8,2188,True,6281,5879,161.87173131238796
2189,a9487fdb-1dbc-4006-8082-c93b1c72a178,8,2189,True,6303,5901,185.1368911597101
2190,a9487fdb-1dbc-4006-8082-c93b1c72a178,8,2190,True,6331,5929,178.76429128787913
2191,a9487fdb-1dbc-4006-8082-c93b1c72a178,8,2191,True,6371,5969,189.3867639647824
2192,a9487fdb-1dbc-4006-8082-c93b1c72a178,8,2192,True,6393,5991,148.38309396619206
2193,a9487fdb-1dbc-4006-8082-c93b1c72a178,8,2193,True,6423,6021,137.3867639647824
2194,a9487fdb-1dbc-4006-8082-c93b1c72a178,8,2194,True,6451,6049,134.81958403899534
2195,a9487fdb-1dbc-4006-8082-c93b1c72a178,8,2195,True,6483,6081,127.76741238252816
2196,a9487fdb-1dbc-4006-8082-c93b1c72a178,8,2196,True,6521,6119,115.71717130214165
2197,a9487fdb-1dbc-4006-8082-c93b1c72a178,8,2197,True,6554,6152,101.71802784701322
2198,a9487fdb-1dbc-4006-8082-c93b1c72a178,8,2198,True,6586,6184,119.66138805008632
2199,a9487fdb-1dbc-4006-8082-c93b1c72a178,8,2199,True,6619,6217,109.4435688033791
2200,a9487fdb-1dbc-4006-8082-c93b1c72a178,8,2200,True,6655,6253,107.00653581974257
2201,a9487fdb-1dbc-4006-8082-c93b1c72a178,8,2201,True,6684,6282,110.07501311471788
2202,a9487fdb-1dbc-4006-8082-c93b1c72a178,8,2202,True,6714,6312,102.72891085216088
2203,a9487fdb-1dbc-4006-8082-c93b1c72a178,8,2203,True,6745,6343,110.4596082682674
2204,a9487fdb-1dbc-4006-8082-c93b1c72a178,8,2204,True,6777,6375,104.2016642134513
2205,a9487fdb-1dbc-4006-8082-c93b1c72a178,8,2205,True,6814,6412,95.72171862330197
2206,a9487fdb-1dbc-4006-8082-c93b1c72a178,8,2206,True,6840,6438,98.29255362322056
2207,a9487fdb-1dbc-4006-8082-c93b1c72a178,8,2207,True,6867,6465,99.71351354579474
2208,a9487fdb-1dbc-4006-8082-c93b1c72a178,8,2208,True,6901,6499,104.87316065745199
2209,a9487fdb-1dbc-4006-8082-c93b1c72a178,8,2209,True,6933,6531,98.43140413933088
2210,a9487fdb-1dbc-4006-8082-c93b1c72a178,8,2210,True,6957,6555,92.978914755613
2211,a9487fdb-1dbc-4006-8082-c93b1c72a178,8,2211,True,6995,6593,94.30809226848578
2212,a9487fdb-1dbc-4006-8082-c93b1c72a178,8,2212,True,7030,6628,92.53028234920112
2213,a9487fdb-1dbc-4006-8082-c93b1c72a178,8,2213,True,7052,6650,117.60602158714119
2214,a9487fdb-1dbc-4006-8082-c93b1c72a178,8,2214,True,7081,6679,110.41120700832562
2215,a9487fdb-1dbc-4006-8082-c93b1c72a178,8,2215,True,7126,6724,99.48717462171408
2216,a9487fdb-1dbc-4006-8082-c93b1c72a178,8,2216,True,7155,6753,95.3234924253793
2217,a9487fdb-1dbc-4006-8082-c93b1c72a178,8,2217,True,7202,6800,86.40155235718794
2218,a9487fdb-1dbc-4006-8082-c93b1c72a178,8,2218,True,7230,6828,94.59961724986624
2219,a9487fdb-1dbc-4006-8082-c93b1c72a178,8,2219,True,7264,6862,108.76732045044082
2220,a9487fdb-1dbc-4006-8082-c93b1c72a178,8,2220,True,7299,6897,98.95446660113066
2221,a9487fdb-1dbc-4006-8082-c93b1c72a178,8,2221,True,7318,6916,99.492298368933
2222,a9487fdb-1dbc-4006-8082-c93b1c72a178,8,2222,True,7347,6945,107.48510624217124
2223,a9487fdb-1dbc-4006-8082-c93b1c72a178,8,2223,True,7378,6976,93.75743488055286
2224,a9487fdb-1dbc-4006-8082-c93b1c72a178,8,2224,True,7404,7002,98.12912373643849
2225,a9487fdb-1dbc-4006-8082-c93b1c72a178,8,2225,True,7434,7032,94.06574123948485
2226,a9487fdb-1dbc-4006-8082-c93b1c72a178,8,2226,True,7468,7066,90.9606531810714
2227,a9487fdb-1dbc-4006-8082-c93b1c72a178,8,2227,True,7501,7099,114.911688980279
2228,a9487fdb-1dbc-4006-8082-c93b1c72a178,8,2228,True,7535,7133,103.66010454558818
2229,a9487fdb-1dbc-4006-8082-c93b1c72a178,8,2229,True,7568,7166,89.25808224547382
2230,a9487fdb-1dbc-4006-8082-c93b1c72a178,8,2230,True,7594,7192,84.58607763901546
2231,a9487fdb-1dbc-4006-8082-c93b1c72a178,8,2231,True,7625,7223,85.10593653754222
2232,a9487fdb-1dbc-4006-8082-c93b1c72a178,8,2232,True,7646,7244,105.81769452638582
2233,a9487fdb-1dbc-4006-8082-c93b1c72a178,8,2233,True,7675,7273,100.3687559236514
2234,a9487fdb-1dbc-4006-8082-c93b1c72a178,8,2234,True,7707,7305,94.73899171658923
2235,a9487fdb-1dbc-4006-8082-c93b1c72a178,8,2235,True,7735,7333,90.98255929570405
2236,a9487fdb-1dbc-4006-8082-c93b1c72a178,8,2236,True,7761,7359,99.40240212463323
2237,a9487fdb-1dbc-4006-8082-c93b1c72a178,8,2237,True,7796,7394,106.51920301991504
2238,a9487fdb-1dbc-4006-8082-c93b1c72a178,8,2238,True,7825,7423,103.8229900396691
2239,a9487fdb-1dbc-4006-8082-c93b1c72a178,8,2239,True,7862,7460,102.31385286609475
2240,a9487fdb-1dbc-4006-8082-c93b1c72a178,8,2240,True,7883,7481,114.88900908496635
2241,a9487fdb-1dbc-4006-8082-c93b1c72a178,8,2241,True,7910,7508,108.59300714588517
2242,a9487fdb-1dbc-4006-8082-c93b1c72a178,8,2242,True,7948,7546,102.0845969622369
2243,a9487fdb-1dbc-4006-8082-c93b1c72a178,8,2243,True,7982,7580,141.92786688656088
2244,a9487fdb-1dbc-4006-8082-c93b1c72a178,8,2244,True,8002,7600,144.86456498221196
2245,a9487fdb-1dbc-4006-8082-c93b1c72a178,8,2245,True,8030,7628,159.76669728628713
2246,a9487fdb-1dbc-4006-8082-c93b1c72a178,8,2246,True,8066,7664,162.78979429123046
2247,a9487fdb-1dbc-4006-8082-c93b1c72a178,8,2247,True,8103,7701,143.47447053539508
2248,a9487fdb-1dbc-4006-8082-c93b1c72a178,8,2248,True,8133,7731,171.7306715939012
2249,a9487fdb-1dbc-4006-8082-c93b1c72a178,8,2249,True,8159,7757,120.30845075864636
2250,a9487fdb-1dbc-4006-8082-c93b1c72a178,8,2250,True,8192,7790,133.19083995611618
2251,a9487fdb-1dbc-4006-8082-c93b1c72a178,8,2251,True,8217,7815,129.064059851019
2252,a9487fdb-1dbc-4006-8082-c93b1c72a178,8,2252,True,8249,7847,119.14635206486128
2253,a9487fdb-1dbc-4006-8082-c93b1c72a178,8,2253,True,8280,7878,110.78281800715195
2254,a9487fdb-1dbc-4006-8082-c93b1c72a178,8,2254,True,8312,7910,148.71114174701324
2255,a9487fdb-1dbc-4006-8082-c93b1c72a178,8,2255,True,8344,7942,139.41490053705547
2256,a9487fdb-1dbc-4006-8082-c93b1c72a178,8,2256,True,8375,7973,127.5951301296709
2257,a9487fdb-1dbc-4006-8082-c93b1c72a178,8,2257,True,8401,7999,134.16001018798852
2258,a9487fdb-1dbc-4006-8082-c93b1c72a178,8,2258,True,8429,8027,150.69324648580368
2259,a9487fdb-1dbc-4006-8082-c93b1c72a178,8,2259,True,8460,8058,140.7284687918309
2260,a9487fdb-1dbc-4006-8082-c93b1c72a178,8,2260,True,8487,8085,140.27211397383144
2261,a9487fdb-1dbc-4006-8082-c93b1c72a178,8,2261,True,8525,8123,153.02918561299884
2262,a9487fdb-1dbc-4006-8082-c93b1c72a178,8,2262,True,8548,8146,151.66999630838654
2263,a9487fdb-1dbc-4006-8082-c93b1c72a178,8,2263,True,8585,8183,139.70569943290502
2264,a9487fdb-1dbc-4006-8082-c93b1c72a178,8,2264,True,8608,8206,116.70569943290502
2265,a9487fdb-1dbc-4006-8082-c93b1c72a178,8,2265,True,8645,8243,108.31182156927025
2266,a9487fdb-1dbc-4006-8082-c93b1c72a178,8,2266,True,8679,8277,113.21761470297497
2267,a9487fdb-1dbc-4006-8082-c93b1c72a178,8,2267,True,8711,8309,130.77558479675645
2268,a9487fdb-1dbc-4006-8082-c93b1c72a178,8,2268,True,8745,8343,123.68289000682489
2269,a9487fdb-1dbc-4006-8082-c93b1c72a178,8,2269,True,8775,8373,111.43531921366957
2270,a9487fdb-1dbc-4006-8082-c93b1c72a178,8,2270,True,8807,8405,128.4892660380956
2271,a9487fdb-1dbc-4006-8082-c93b1c72a178,8,2271,True,8841,8439,117.68331772915371
2272,a9487fdb-1dbc-4006-8082-c93b1c72a178,8,2272,True,8866,8464,114.27672780912872
2273,a9487fdb-1dbc-4006-8082-c93b1c72a178,8,2273,True,8898,8496,104.20507113788881
2274,a9487fdb-1dbc-4006-8082-c93b1c72a178,8,2274,True,8921,8519,122.77842133273771
2275,a9487fdb-1dbc-4006-8082-c93b1c72a178,8,2275,True,8959,8557,107.79250824954033
2276,a9487fdb-1dbc-4006-8082-c93b1c72a178,8,2276,True,8992,8590,105.57785197282283
2277,a9487fdb-1dbc-4006-8082-c93b1c72a178,8,2277,True,9015,8613,113.193606587678
2278,a9487fdb-1dbc-4006-8082-c93b1c72a178,8,2278,True,9042,8640,105.73104371900081
2279,a9487fdb-1dbc-4006-8082-c93b1c72a178,8,2279,True,9069,8667,114.61647731650191
2280,a9487fdb-1dbc-4006-8082-c93b1c72a178,8,2280,True,9112,8710,123.03680090151465
2281,a9487fdb-1dbc-4006-8082-c93b1c72a178,8,2281,True,9150,8748,105.03269740870383
2282,a9487fdb-1dbc-4006-8082-c93b1c72a178,8,2282,True,9173,8771,108.80105962000926
2283,a9487fdb-1dbc-4006-8082-c93b1c72a178,8,2283,True,9200,8798,114.2525175426581
2284,a9487fdb-1dbc-4006-8082-c93b1c72a178,8,2284,True,9227,8825,118.30288987754102
2285,a9487fdb-1dbc-4006-8082-c93b1c72a178,8,2285,True,9269,8867,124.45518834794166
2286,a9487fdb-1dbc-4006-8082-c93b1c72a178,8,2286,True,9304,8902,107.02851897401888
2287,a9487fdb-1dbc-4006-8082-c93b1c72a178,8,2287,True,9355,8953,101.61683129111043
2288,a9487fdb-1dbc-4006-8082-c93b1c72a178,8,2288,True,9392,8990,95.66421990759409
2289,a9487fdb-1dbc-4006-8082-c93b1c72a178,8,2289,True,9426,9024,96.07307818869776
2290,a9487fdb-1dbc-4006-8082-c93b1c72a178,8,2290,True,9466,9064,90.10771227245277
2291,a9487fdb-1dbc-4006-8082-c93b1c72a178,8,2291,True,9503,9101,80.66352886099958
2292,a9487fdb-1dbc-4006-8082-c93b1c72a178,8,2292,True,9534,9132,93.058740208995
2293,a9487fdb-1dbc-4006-8082-c93b1c72a178,8,2293,True,9564,9162,86.24974196484072
2294,a9487fdb-1dbc-4006-8082-c93b1c72a178,8,2294,True,9605,9203,107.40535034036475
2295,a9487fdb-1dbc-4006-8082-c93b1c72a178,8,2295,True,9633,9231,98.56392239969864
2296,a9487fdb-1dbc-4006-8082-c93b1c72a178,8,2296,True,9662,9260,88.92195554274258
2297,a9487fdb-1dbc-4006-8082-c93b1c72a178,8,2297,True,9691,9289,82.7502328475839
2298,a9487fdb-1dbc-4006-8082-c93b1c72a178,8,2298,True,9725,9323,85.3618172227707
2299,a9487fdb-1dbc-4006-8082-c93b1c72a178,8,2299,True,9752,9350,86.95152565479657
2300,a9487fdb-1dbc-4006-8082-c93b1c72a178,8,2300,True,9776,9374,99.64011363615828
2301,a9487fdb-1dbc-4006-8082-c93b1c72a178,8,2301,True,9806,9404,95.15833088045292
2302,a9487fdb-1dbc-4006-8082-c93b1c72a178,8,2302,True,9827,9425,106.51127978485056
2303,a9487fdb-1dbc-4006-8082-c93b1c72a178,8,2303,True,9864,9462,93.46031409584248
2304,a9487fdb-1dbc-4006-8082-c93b1c72a178,8,2304,True,9894,9492,103.07078243817705
2305,a9487fdb-1dbc-4006-8082-c93b1c72a178,8,2305,True,9933,9531,88.25614934824443
2306,a9487fdb-1dbc-4006-8082-c93b1c72a178,8,2306,True,9965,9563,99.73361318172647
2307,a9487fdb-1dbc-4006-8082-c93b1c72a178,8,2307,True,9988,9586,102.6219793566197
2308,a9487fdb-1dbc-4006-8082-c93b1c72a178,8,2308,True,10025,9623,94.5070142940076
2309,a9487fdb-1dbc-4006-8082-c93b1c72a178,8,2309,True,10055,9653,99.53031930657198
2310,a9487fdb-1dbc-4006-8082-c93b1c72a178,8,2310,True,10087,9685,94.84069018304399
2311,a9487fdb-1dbc-4006-8082-c93b1c72a178,8,2311,True,10123,9721,92.63164233277894
2312,a9487fdb-1dbc-4006-8082-c93b1c72a178,8,2312,True,10148,9746,91.88881427656816
2313,a9487fdb-1dbc-4006-8082-c93b1c72a178,8,2313,True,10173,9771,117.95718085738736
2314,a9487fdb-1dbc-4006-8082-c93b1c72a178,8,2314,True,10206,9804,109.31993446724846
2315,a9487fdb-1dbc-4006-8082-c93b1c72a178,8,2315,True,10238,9836,103.72023528835598
2316,a9487fdb-1dbc-4006-8082-c93b1c72a178,8,2316,True,10266,9864,103.90025961381798
2317,a9487fdb-1dbc-4006-8082-c93b1c72a178,8,2317,True,10299,9897,109.90355103148431
2318,a9487fdb-1dbc-4006-8082-c93b1c72a178,8,2318,True,10332,9930,104.28959640819085
2319,a9487fdb-1dbc-4006-8082-c93b1c72a178,8,2319,True,10367,9965,100.7247777428056
2320,a9487fdb-1dbc-4006-8082-c93b1c72a178,8,2320,True,10393,9991,89.9261797166655
2321,a9487fdb-1dbc-4006-8082-c93b1c72a178,8,2321,True,10417,10015,101.29491787552797
2322,a9487fdb-1dbc-4006-8082-c93b1c72a178,8,2322,True,10451,10049,94.25830187030442
2323,a9487fdb-1dbc-4006-8082-c93b1c72a178,8,2323,True,10476,10074,102.90024132305189
2324,a9487fdb-1dbc-4006-8082-c93b1c72a178,8,2324,True,10513,10111,102.94430725463098
2325,a9487fdb-1dbc-4006-8082-c93b1c72a178,8,2325,True,10546,10144,110.45817760292448
2326,a9487fdb-1dbc-4006-8082-c93b1c72a178,8,2326,True,10566,10164,117.42128969005171
2327,a9487fdb-1dbc-4006-8082-c93b1c72a178,8,2327,True,10604,10202,105.25168598811615
2328,a9487fdb-1dbc-4006-8082-c93b1c72a178,8,2328,True,10638,10236,98.51836841117438
2329,a9487fdb-1dbc-4006-8082-c93b1c72a178,8,2329,True,10683,10281,90.63675183662053
2330,a9487fdb-1dbc-4006-8082-c93b1c72a178,8,2330,True,10716,10314,86.85841736783004
2331,a9487fdb-1dbc-4006-8082-c93b1c72a178,8,2331,True,10751,10349,107.80736296797295
2332,a9487fdb-1dbc-4006-8082-c93b1c72a178,8,2332,True,10777,10375,117.7621557018665
2333,a9487fdb-1dbc-4006-8082-c93b1c72a178,8,2333,True,10818,10416,100.12252261724097
2334,a9487fdb-1dbc-4006-8082-c93b1c72a178,8,2334,True,10842,10440,100.17889013736203
2335,a9487fdb-1dbc-4006-8082-c93b1c72a178,8,2335,True,10873,10471,102.08331778379033
2336,a9487fdb-1dbc-4006-8082-c93b1c72a178,8,2336,True,10897,10495,99.93696643639123
2337,a9487fdb-1dbc-4006-8082-c93b1c72a178,8,2337,True,10923,10521,124.72558145943549
2338,a9487fdb-1dbc-4006-8082-c93b1c72a178,8,2338,True,10957,10555,114.40660334542918
2339,a9487fdb-1dbc-4006-8082-c93b1c72a178,8,2339,True,10993,10591,98.84656210017238
2340,a9487fdb-1dbc-4006-8082-c93b1c72a178,8,2340,True,11023,10621,100.72033669717712
2341,a9487fdb-1dbc-4006-8082-c93b1c72a178,8,2341,True,11051,10649,111.8693825893879
2342,a9487fdb-1dbc-4006-8082-c93b1c72a178,8,2342,True,11083,10681,113.04182757584749
2343,a9487fdb-1dbc-4006-8082-c93b1c72a178,8,2343,True,11124,10722,101.82027796535476
2344,a9487fdb-1dbc-4006-8082-c93b1c72a178,8,2344,True,11164,10762,92.55029497896794
2345,a9487fdb-1dbc-4006-8082-c93b1c72a178,8,2345,True,11194,10792,94.00559305738534
2346,a9487fdb-1dbc-4006-8082-c93b1c72a178,8,2346,True,11228,10826,96.75699993397575
2347,a9487fdb-1dbc-4006-8082-c93b1c72a178,8,2347,True,11253,10851,90.5194521033336
2348,a9487fdb-1dbc-4006-8082-c93b1c72a178,8,2348,True,11275,10873,120.54523843765492
2349,a9487fdb-1dbc-4006-8082-c93b1c72a178,8,2349,True,11298,10896,124.4335551310196
2350,a9487fdb-1dbc-4006-8082-c93b1c72a178,8,2350,True,11335,10933,111.92426579176572
2351,a9487fdb-1dbc-4006-8082-c93b1c72a178,8,2351,True,11359,10957,109.7937785218437
2352,a9487fdb-1dbc-4006-8082-c93b1c72a178,8,2352,True,11385,10983,104.78548936069637
2353,a9487fdb-1dbc-4006-8082-c93b1c72a178,8,2353,True,11422,11020,107.51862258101573
2354,a9487fdb-1dbc-4006-8082-c93b1c72a178,8,2354,True,11456,11054,124.52807053543802
2355,a9487fdb-1dbc-4006-8082-c93b1c72a178,8,2355,True,11490,11088,108.67664563514882
2356,a9487fdb-1dbc-4006-8082-c93b1c72a178,8,2356,True,11523,11121,103.9834947871168
2357,a9487fdb-1dbc-4006-8082-c93b1c72a178,8,2357,True,11562,11160,93.75752134962386
2358,a9487fdb-1dbc-4006-8082-c93b1c72a178,8,2358,True,11587,11185,98.81508264539843
2359,a9487fdb-1dbc-4006-8082-c93b1c72a178,8,2359,True,11614,11212,104.76413530543687
2360,a9487fdb-1dbc-4006-8082-c93b1c72a178,8,2360,True,11637,11235,111.88806776451747
2361,a9487fdb-1dbc-4006-8082-c93b1c72a178,8,2361,True,11677,11275,97.5357121731904
2362,a9487fdb-1dbc-4006-8082-c93b1c72a178,8,2362,True,11710,11308,103.36047614284143
2363,a9487fdb-1dbc-4006-8082-c93b1c72a178,8,2363,True,11740,11338,102.3976664753045
2364,a9487fdb-1dbc-4006-8082-c93b1c72a178,8,2364,True,11783,11381,92.38663739099684
2365,a9487fdb-1dbc-4006-8082-c93b1c72a178,8,2365,True,11822,11420,80.59880429432087
2366,a9487fdb-1dbc-4006-8082-c93b1c72a178,8,2366,True,11849,11447,84.6338355848311
2367,a9487fdb-1dbc-4006-8082-c93b1c72a178,8,2367,True,11882,11480,94.96425027270197
2368,a9487fdb-1dbc-4006-8082-c93b1c72a178,8,2368,True,11909,11507,97.00706586959677
2369,a9487fdb-1dbc-4006-8082-c93b1c72a178,8,2369,True,11942,11540,93.69913683306186
2370,a9487fdb-1dbc-4006-8082-c93b1c72a178,8,2370,True,11979,11577,85.27328462429432
2371,a9487fdb-1dbc-4006-8082-c93b1c72a178,8,2371,True,12013,11611,89.35026566795204
2372,a9487fdb-1dbc-4006-8082-c93b1c72a178,8,2372,True,12046,11644,96.03628788314563
2373,a9487fdb-1dbc-4006-8082-c93b1c72a178,8,2373,True,12073,11671,101.69138803375063
2374,a9487fdb-1dbc-4006-8082-c93b1c72a178,8,2374,True,12100,11698,96.21441332677568
2375,a9487fdb-1dbc-4006-8082-c93b1c72a178,8,2375,True,12131,11729,108.38657447612968
2376,a9487fdb-1dbc-4006-8082-c93b1c72a178,8,2376,True,12177,11775,88.86438696751247
2377,a9487fdb-1dbc-4006-8082-c93b1c72a178,8,2377,True,12205,11803,88.17057298156578
2378,a9487fdb-1dbc-4006-8082-c93b1c72a178,8,2378,True,12232,11830,93.66483535852967
2379,a9487fdb-1dbc-4006-8082-c93b1c72a178,8,2379,True,12261,11859,96.3242389085899
2380,a9487fdb-1dbc-4006-8082-c93b1c72a178,8,2380,True,12290,11888,103.94205152882932
2381,a9487fdb-1dbc-4006-8082-c93b1c72a178,8,2381,True,12323,11921,96.54969526827699
2382,a9487fdb-1dbc-4006-8082-c93b1c72a178,8,2382,True,12360,11958,92.61724095981845
2383,a9487fdb-1dbc-4006-8082-c93b1c72a178,8,2383,True,12381,11979,92.73635305677271
2384,a9487fdb-1dbc-4006-8082-c93b1c72a178,8,2384,True,12404,12002,96.8933392457875
2385,a9487fdb-1dbc-4006-8082-c93b1c72a178,8,2385,True,12445,12043,100.11871227476149
2386,a9487fdb-1dbc-4006-8082-c93b1c72a178,8,2386,True,12483,12081,106.5406890887698
2387,a9487fdb-1dbc-4006-8082-c93b1c72a178,8,2387,True,12518,12116,113.18862371901378
2388,a9487fdb-1dbc-4006-8082-c93b1c72a178,8,2388,True,12543,12141,105.50531706853872
2389,a9487fdb-1dbc-4006-8082-c93b1c72a178,8,2389,True,12576,12174,97.16051087024425
2390,a9487fdb-1dbc-4006-8082-c93b1c72a178,8,2390,True,12605,12203,84.5553896007259
2391,a9487fdb-1dbc-4006-8082-c93b1c72a178,8,2391,True,12642,12240,108.34965665966956
2392,a9487fdb-1dbc-4006-8082-c93b1c72a178,8,2392,True,12679,12277,96.14449233988307
2393,a9487fdb-1dbc-4006-8082-c93b1c72a178,8,2393,True,12718,12316,76.6734834623494
2394,a9487fdb-1dbc-4006-8082-c93b1c72a178,8,2394,True,12751,12349,84.84347323938346
2395,a9487fdb-1dbc-4006-8082-c93b1c72a178,8,2395,True,12781,12379,93.49601662843452
2396,a9487fdb-1dbc-4006-8082-c93b1c72a178,8,2396,True,12803,12401,98.19304920937611
2397,a9487fdb-1dbc-4006-8082-c93b1c72a178,8,2397,True,12842,12440,106.7276073903322
2398,a9487fdb-1dbc-4006-8082-c93b1c72a178,8,2398,True,12868,12466,125.96915251991777
2399,a9487fdb-1dbc-4006-8082-c93b1c72a178,8,2399,True,12896,12494,117.41291411062411
2400,a9487fdb-1dbc-4006-8082-c93b1c72a178,8,2400,True,12926,12524,110.86630339890326
2401,a9487fdb-1dbc-4006-8082-c93b1c72a178,8,2401,True,12950,12548,108.14747317429465
2402,a9487fdb-1dbc-4006-8082-c93b1c72a178,8,2402,True,12980,12578,100.46235966689346
2403,a9487fdb-1dbc-4006-8082-c93b1c72a178,8,2403,True,13015,12613,94.80852684822275
2404,a9487fdb-1dbc-4006-8082-c93b1c72a178,8,2404,True,13050,12648,83.23778794631653
2405,a9487fdb-1dbc-4006-8082-c93b1c72a178,8,2405,True,13087,12685,94.59402771263558
2406,a9487fdb-1dbc-4006-8082-c93b1c72a178,8,2406,True,13113,12711,92.06682449225991
2407,a9487fdb-1dbc-4006-8082-c93b1c72a178,8,2407,True,13146,12744,92.50400365730275
2408,a9487fdb-1dbc-4006-8082-c93b1c72a178,8,2408,True,13176,12774,98.21929644289958
2409,a9487fdb-1dbc-4006-8082-c93b1c72a178,8,2409,True,13214,12812,85.83321545880244
2410,a9487fdb-1dbc-4006-8082-c93b1c72a178,8,2410,True,13244,12842,93.10369490742232
2411,a9487fdb-1dbc-4006-8082-c93b1c72a178,8,2411,True,13270,12868,107.70590231200731
2412,a9487fdb-1dbc-4006-8082-c93b1c72a178,8,2412,True,13301,12899,99.29790157100251
2413,a9487fdb-1dbc-4006-8082-c93b1c72a178,8,2413,True,13333,12931,105.85000709507585
2414,a9487fdb-1dbc-4006-8082-c93b1c72a178,8,2414,True,13370,12968,95.97042683289874
2415,a9487fdb-1dbc-4006-8082-c93b1c72a178,8,2415,True,13405,13003,92.91969752773184
2416,a9487fdb-1dbc-4006-8082-c93b1c72a178,8,2416,True,13436,13034,93.13560184192283
2417,a9487fdb-1dbc-4006-8082-c93b1c72a178,8,2417,True,13467,13065,82.94954737558874
2418,a9487fdb-1dbc-4006-8082-c93b1c72a178,8,2418,True,13508,13106,100.88423378342304
2419,a9487fdb-1dbc-4006-8082-c93b1c72a178,8,2419,True,13552,13150,84.79133658817227
2420,a9487fdb-1dbc-4006-8082-c93b1c72a178,8,2420,True,13585,13183,95.21939973011467
2421,a9487fdb-1dbc-4006-8082-c93b1c72a178,8,2421,True,13609,13207,94.47808994442312
2422,a9487fdb-1dbc-4006-8082-c93b1c72a178,8,2422,True,13632,13230,93.9217548224915
2423,a9487fdb-1dbc-4006-8082-c93b1c72a178,8,2423,True,13662,13260,91.1137618564826
2424,a9487fdb-1dbc-4006-8082-c93b1c72a178,8,2424,True,13688,13286,93.36423669626492
2425,a9487fdb-1dbc-4006-8082-c93b1c72a178,8,2425,True,13718,13316,99.39324605533693
2426,a9487fdb-1dbc-4006-8082-c93b1c72a178,8,2426,True,13753,13351,113.61090719031017
2427,a9487fdb-1dbc-4006-8082-c93b1c72a178,8,2427,True,13784,13382,108.6446290882468
2428,a9487fdb-1dbc-4006-8082-c93b1c72a178,8,2428,True,13811,13409,106.17125397977179
2429,a9487fdb-1dbc-4006-8082-c93b1c72a178,8,2429,True,13836,13434,111.20804255777693
2430,a9487fdb-1dbc-4006-8082-c93b1c72a178,8,2430,True,13863,13461,113.16929792961128
2431,a9487fdb-1dbc-4006-8082-c93b1c72a178,8,2431,True,13899,13497,103.81160293765242
2432,a9487fdb-1dbc-4006-8082-c93b1c72a178,8,2432,True,13932,13530,95.24505757471161
2433,a9487fdb-1dbc-4006-8082-c93b1c72a178,8,2433,True,13953,13551,101.71833039586636
2434,a9487fdb-1dbc-4006-8082-c93b1c72a178,8,2434,True,13982,13580,92.1272180032247
2435,a9487fdb-1dbc-4006-8082-c93b1c72a178,8,2435,True,14016,13614,87.86552241119352
2436,a9487fdb-1dbc-4006-8082-c93b1c72a178,8,2436,True,14043,13641,90.21546659763771
2437,a9487fdb-1dbc-4006-8082-c93b1c72a178,8,2437,True,14073,13671,107.24520564981503
2438,a9487fdb-1dbc-4006-8082-c93b1c72a178,8,2438,True,14120,13718,125.10812721223192
2439,a9487fdb-1dbc-4006-8082-c93b1c72a178,8,2439,True,14148,13746,119.64365170559722
2440,a9487fdb-1dbc-4006-8082-c93b1c72a178,8,2440,True,14182,13780,115.36066435149587
2441,a9487fdb-1dbc-4006-8082-c93b1c72a178,8,2441,True,14206,13804,117.09363283847415
2442,a9487fdb-1dbc-4006-8082-c93b1c72a178,8,2442,True,14242,13840,105.38243869394137
2443,a9487fdb-1dbc-4006-8082-c93b1c72a178,8,2443,True,14270,13868,98.48619838232662
2444,a9487fdb-1dbc-4006-8082-c93b1c72a178,8,2444,True,14300,13898,113.1481234441726
2445,a9487fdb-1dbc-4006-8082-c93b1c72a178,8,2445,True,14330,13928,110.9078440019075
2446,a9487fdb-1dbc-4006-8082-c93b1c72a178,8,2446,True,14361,13959,105.72470505740603
2447,a9487fdb-1dbc-4006-8082-c93b1c72a178,8,2447,True,14401,13999,105.17022536225704
2448,a9487fdb-1dbc-4006-8082-c93b1c72a178,8,2448,True,14443,14041,108.18704001096194
2449,a9487fdb-1dbc-4006-8082-c93b1c72a178,8,2449,True,14479,14077,99.50612423566054
2450,a9487fdb-1dbc-4006-8082-c93b1c72a178,8,2450,True,14507,14105,159.42972076105252
2451,a9487fdb-1dbc-4006-8082-c93b1c72a178,8,2451,True,14526,14124,122.10803735803529
2452,a9487fdb-1dbc-4006-8082-c93b1c72a178,8,2452,True,14558,14156,127.89852871106086
2453,a9487fdb-1dbc-4006-8082-c93b1c72a178,8,2453,True,14592,14190,117.80592493457152
2454,a9487fdb-1dbc-4006-8082-c93b1c72a178,8,2454,True,14637,14235,101.9691349175373
2455,a9487fdb-1dbc-4006-8082-c93b1c72a178,8,2455,True,14661,14259,108.06738632469569
2456,a9487fdb-1dbc-4006-8082-c93b1c72a178,8,2456,True,14693,14291,104.03858930711613
2457,a9487fdb-1dbc-4006-8082-c93b1c72a178,8,2457,True,14727,14325,105.98176037562189
2458,a9487fdb-1dbc-4006-8082-c93b1c72a178,8,2458,True,14758,14356,111.6468442588939
2459,a9487fdb-1dbc-4006-8082-c93b1c72a178,8,2459,True,14779,14377,116.3081839622646
2460,a9487fdb-1dbc-4006-8082-c93b1c72a178,8,2460,True,14810,14408,114.60018715834485
2461,a9487fdb-1dbc-4006-8082-c93b1c72a178,8,2461,True,14841,14439,111.88007730189383
2462,a9487fdb-1dbc-4006-8082-c93b1c72a178,8,2462,True,14875,14473,107.55814319224373
2463,a9487fdb-1dbc-4006-8082-c93b1c72a178,8,2463,True,14914,14512,114.56225579793863
2464,a9487fdb-1dbc-4006-8082-c93b1c72a178,8,2464,True,14945,14543,110.32561504481237
2465,a9487fdb-1dbc-4006-8082-c93b1c72a178,8,2465,True,14978,14576,100.72443751506944
2466,a9487fdb-1dbc-4006-8082-c93b1c72a178,8,2466,True,15008,14606,103.76125439669522
2467,a9487fdb-1dbc-4006-8082-c93b1c72a178,8,2467,True,15032,14630,110.08461783153871
2468,a9487fdb-1dbc-4006-8082-c93b1c72a178,8,2468,True,15064,14662,99.176927927223
2469,a9487fdb-1dbc-4006-8082-c93b1c72a178,8,2469,True,15094,14692,100.67535599508847
2470,a9487fdb-1dbc-4006-8082-c93b1c72a178,8,2470,True,15132,14730,98.22239383505257
2471,a9487fdb-1dbc-4006-8082-c93b1c72a178,8,2471,True,15154,14752,120.70049547064627
2472,a9487fdb-1dbc-4006-8082-c93b1c72a178,8,2472,True,15193,14791,105.50115864285726
2473,a9487fdb-1dbc-4006-8082-c93b1c72a178,8,2473,True,15228,14826,101.42244118478993
2474,a9487fdb-1dbc-4006-8082-c93b1c72a178,8,2474,True,15261,14859,97.21038146706269
2475,a9487fdb-1dbc-4006-8082-c93b1c72a178,8,2475,True,15297,14895,87.99044276565292
2476,a9487fdb-1dbc-4006-8082-c93b1c72a178,8,2476,True,15331,14929,104.33183277666649
2477,a9487fdb-1dbc-4006-8082-c93b1c72a178,8,2477,True,15355,14953,105.77626522630271
2478,a9487fdb-1dbc-4006-8082-c93b1c72a178,8,2478,True,15388,14986,102.02625384548446
2479,a9487fdb-1dbc-4006-8082-c93b1c72a178,8,2479,True,15418,15016,109.53867529481067
2480,a9487fdb-1dbc-4006-8082-c93b1c72a178,8,2480,True,15453,15051,96.30321704409289
2481,a9487fdb-1dbc-4006-8082-c93b1c72a178,8,2481,True,15476,15074,114.09323897707145
2482,a9487fdb-1dbc-4006-8082-c93b1c72a178,8,2482,True,15507,15105,105.04237912644385
2483,a9487fdb-1dbc-4006-8082-c93b1c72a178,8,2483,True,15539,15137,91.70610630506417
2484,a9487fdb-1dbc-4006-8082-c93b1c72a178,8,2484,True,15577,15175,100.94198842483456
2485,a9487fdb-1dbc-4006-8082-c93b1c72a178,8,2485,True,15608,15206,91.09114772682733
2486,a9487fdb-1dbc-4006-8082-c93b1c72a178,8,2486,True,15638,15236,91.09728669055767
2487,a9487fdb-1dbc-4006-8082-c93b1c72a178,8,2487,True,15669,15267,80.8623869135372
2488,a9487fdb-1dbc-4006-8082-c93b1c72a178,8,2488,True,15696,15294,120.18489005561605
2489,a9487fdb-1dbc-4006-8082-c93b1c72a178,8,2489,True,15727,15325,119.8465833786995
2490,a9487fdb-1dbc-4006-8082-c93b1c72a178,8,2490,True,15750,15348,118.44583314339798
2491,a9487fdb-1dbc-4006-8082-c93b1c72a178,8,2491,True,15794,15392,107.74860641241503
2492,a9487fdb-1dbc-4006-8082-c93b1c72a178,8,2492,True,15819,15417,104.12362361975647
2493,a9487fdb-1dbc-4006-8082-c93b1c72a178,8,2493,True,15847,15445,103.46340667160075
2494,a9487fdb-1dbc-4006-8082-c93b1c72a178,8,2494,True,15875,15473,105.94867576412435
2495,a9487fdb-1dbc-4006-8082-c93b1c72a178,8,2495,True,15907,15505,93.04193256604412
2496,a9487fdb-1dbc-4006-8082-c93b1c72a178,8,2496,True,15937,15535,102.19943495234656
2497,a9487fdb-1dbc-4006-8082-c93b1c72a178,8,2497,True,15966,15564,101.54554721131899
2498,a9487fdb-1dbc-4006-8082-c93b1c72a178,8,2498,True,15993,15591,93.29708866343935
2499,a9487fdb-1dbc-4006-8082-c93b1c72a178,8,2499,True,16029,15627,89.82645182566375
2500,a9487fdb-1dbc-4006-8082-c93b1c72a178,8,2500,True,16064,15662,81.5758813504508
2501,a9487fdb-1dbc-4006-8082-c93b1c72a178,8,2501,True,16094,15692,101.1690150723116
2502,a9487fdb-1dbc-4006-8082-c93b1c72a178,8,2502,True,16122,15720,104.23307618036779
2503,a9487fdb-1dbc-4006-8082-c93b1c72a178,8,2503,True,16148,15746,131.62698432831348
2504,a9487fdb-1dbc-4006-8082-c93b1c72a178,8,2504,True,16174,15772,124.78463787337205
2505,a9487fdb-1dbc-4006-8082-c93b1c72a178,8,2505,True,16203,15801,117.3682196871705
2506,a9487fdb-1dbc-4006-8082-c93b1c72a178,8,2506,True,16231,15829,158.75325108285142
2507,a9487fdb-1dbc-4006-8082-c93b1c72a178,8,2507,True,16255,15853,112.80163131172594
2508,a9487fdb-1dbc-4006-8082-c93b1c72a178,8,2508,True,16286,15884,124.45064098825605
2509,a9487fdb-1dbc-4006-8082-c93b1c72a178,8,2509,True,16327,15925,157.9921393977802
2510,a9487fdb-1dbc-4006-8082-c93b1c72a178,8,2510,True,16354,15952,101.13049288573347
2511,a9487fdb-1dbc-4006-8082-c93b1c72a178,8,2511,True,16381,15979,123.88111932035463
2512,a9487fdb-1dbc-4006-8082-c93b1c72a178,8,2512,True,16400,15998,125.39560174129474
2513,a9487fdb-1dbc-4006-8082-c93b1c72a178,8,2513,True,16431,16029,164.60718782622826
2514,a9487fdb-1dbc-4006-8082-c93b1c72a178,8,2514,True,16455,16053,124.29584698404324
2515,a9487fdb-1dbc-4006-8082-c93b1c72a178,8,2515,True,16484,16082,151.75899353832392
2516,a9487fdb-1dbc-4006-8082-c93b1c72a178,8,2516,True,16516,16114,139.76345612698242
2517,a9487fdb-1dbc-4006-8082-c93b1c72a178,8,2517,True,16546,16144,130.31907039884936
2518,a9487fdb-1dbc-4006-8082-c93b1c72a178,8,2518,True,16579,16177,120.60652683697481
2519,a9487fdb-1dbc-4006-8082-c93b1c72a178,8,2519,True,16610,16208,142.63143827782187
2520,a9487fdb-1dbc-4006-8082-c93b1c72a178,8,2520,True,16646,16244,129.51678288245785
2521,a9487fdb-1dbc-4006-8082-c93b1c72a178,8,2521,True,16677,16275,122.33081626850253
2522,a9487fdb-1dbc-4006-8082-c93b1c72a178,8,2522,True,16710,16308,113.85233547900134
2523,a9487fdb-1dbc-4006-8082-c93b1c72a178,8,2523,True,16729,16327,118.7261365065242
2524,a9487fdb-1dbc-4006-8082-c93b1c72a178,8,2524,True,16754,16352,115.44806232760311
2525,a9487fdb-1dbc-4006-8082-c93b1c72a178,8,2525,True,16789,16387,112.0984269228029
2526,a9487fdb-1dbc-4006-8082-c93b1c72a178,8,2526,True,16813,16411,163.6722613948914
2527,a9487fdb-1dbc-4006-8082-c93b1c72a178,8,2527,True,16838,16436,117.96736634296394
2528,a9487fdb-1dbc-4006-8082-c93b1c72a178,8,2528,True,16865,16463,154.62788078243466
2529,a9487fdb-1dbc-4006-8082-c93b1c72a178,8,2529,True,16892,16490,107.98069748260968
2530,a9487fdb-1dbc-4006-8082-c93b1c72a178,8,2530,True,16911,16509,126.92948902468925
2531,a9487fdb-1dbc-4006-8082-c93b1c72a178,8,2531,True,16942,16540,122.79266018322596
2532,a9487fdb-1dbc-4006-8082-c93b1c72a178,8,2532,True,16974,16572,144.66765548953117
2533,a9487fdb-1dbc-4006-8082-c93b1c72a178,8,2533,True,17000,16598,137.5058893142741
2534,a9487fdb-1dbc-4006-8082-c93b1c72a178,8,2534,True,17033,16631,137.63824542549992
2535,a9487fdb-1dbc-4006-8082-c93b1c72a178,8,2535,True,17069,16667,143.9346900500277
2536,a9487fdb-1dbc-4006-8082-c93b1c72a178,8,2536,True,17093,16691,142.8691135783556
2537,a9487fdb-1dbc-4006-8082-c93b1c72a178,8,2537,True,17128,16726,128.90734119813715
2538,a9487fdb-1dbc-4006-8082-c93b1c72a178,8,2538,True,17162,16760,115.80881983572908
2539,a9487fdb-1dbc-4006-8082-c93b1c72a178,8,2539,True,17189,16787,121.03054640456685
2540,a9487fdb-1dbc-4006-8082-c93b1c72a178,8,2540,True,17215,16813,118.41080700110979
2541,a9487fdb-1dbc-4006-8082-c93b1c72a178,8,2541,True,17250,16848,105.67861975581036
2542,a9487fdb-1dbc-4006-8082-c93b1c72a178,8,2542,True,17291,16889,97.21015982885365
2543,a9487fdb-1dbc-4006-8082-c93b1c72a178,8,2543,True,17318,16916,92.69263030875663
2544,a9487fdb-1dbc-4006-8082-c93b1c72a178,8,2544,True,17348,16946,101.02769741852899
2545,a9487fdb-1dbc-4006-8082-c93b1c72a178,8,2545,True,17379,16977,122.60786922482293
2546,a9487fdb-1dbc-4006-8082-c93b1c72a178,8,2546,True,17409,17007,119.43862092544077
2547,a9487fdb-1dbc-4006-8082-c93b1c72a178,8,2547,True,17445,17043,109.54869423205673
2548,a9487fdb-1dbc-4006-8082-c93b1c72a178,8,2548,True,17470,17068,109.61895842699232
2549,a9487fdb-1dbc-4006-8082-c93b1c72a178,8,2549,True,17499,17097,100.48557317471568
2550,a9487fdb-1dbc-4006-8082-c93b1c72a178,8,2550,True,17536,17134,103.03880761232722
2551,a9487fdb-1dbc-4006-8082-c93b1c72a178,8,2551,True,17561,17159,98.00742510685814
2552,a9487fdb-1dbc-4006-8082-c93b1c72a178,8,2552,True,17584,17182,98.08126562825782
2553,a9487fdb-1dbc-4006-8082-c93b1c72a178,8,2553,True,17620,17218,86.80518687265067
2554,a9487fdb-1dbc-4006-8082-c93b1c72a178,8,2554,True,17652,17250,106.46771570846977
2555,a9487fdb-1dbc-4006-8082-c93b1c72a178,8,2555,True,17684,17282,98.54446573274981
2556,a9487fdb-1dbc-4006-8082-c93b1c72a178,8,2556,True,17713,17311,89.25012544386482
2557,a9487fdb-1dbc-4006-8082-c93b1c72a178,8,2557,True,17747,17345,103.5783595391913
2558,a9487fdb-1dbc-4006-8082-c93b1c72a178,8,2558,True,17788,17386,89.45861820194477
2559,a9487fdb-1dbc-4006-8082-c93b1c72a178,8,2559,True,17820,17418,91.78316945203187
2560,a9487fdb-1dbc-4006-8082-c93b1c72a178,8,2560,True,17856,17454,95.23370764179708
2561,a9487fdb-1dbc-4006-8082-c93b1c72a178,8,2561,True,17881,17479,98.24677129090196
2562,a9487fdb-1dbc-4006-8082-c93b1c72a178,8,2562,True,17916,17514,103.96032023391672
2563,a9487fdb-1dbc-4006-8082-c93b1c72a178,8,2563,True,17947,17545,107.75510087990551
2564,a9487fdb-1dbc-4006-8082-c93b1c72a178,8,2564,True,17975,17573,125.93002157852607
2565,a9487fdb-1dbc-4006-8082-c93b1c72a178,8,2565,True,18005,17603,115.89188611369173
2566,a9487fdb-1dbc-4006-8082-c93b1c72a178,8,2566,True,18038,17636,116.29580262931267
2567,a9487fdb-1dbc-4006-8082-c93b1c72a178,8,2567,True,18076,17674,107.69957262427124
2568,a9487fdb-1dbc-4006-8082-c93b1c72a178,8,2568,True,18114,17712,165.67563356570463
2569,a9487fdb-1dbc-4006-8082-c93b1c72a178,8,2569,True,18142,17740,116.35100770825738
2570,a9487fdb-1dbc-4006-8082-c93b1c72a178,8,2570,True,18171,17769,139.10584291095802
2571,a9487fdb-1dbc-4006-8082-c93b1c72a178,8,2571,True,18191,17789,136.87733789777485
2572,a9487fdb-1dbc-4006-8082-c93b1c72a178,8,2572,True,18224,17822,125.15369221928995
2573,a9487fdb-1dbc-4006-8082-c93b1c72a178,8,2573,True,18251,17849,117.62840157729806
2574,a9487fdb-1dbc-4006-8082-c93b1c72a178,8,2574,True,18289,17887,101.56542766323037
2575,a9487fdb-1dbc-4006-8082-c93b1c72a178,8,2575,True,18326,17924,113.55472021021342
2576,a9487fdb-1dbc-4006-8082-c93b1c72a178,8,2576,True,18362,17960,104.12299280032676
2577,a9487fdb-1dbc-4006-8082-c93b1c72a178,8,2577,True,18388,17986,102.18710893812022
2578,a9487fdb-1dbc-4006-8082-c93b1c72a178,8,2578,True,18426,18024,93.09718955811331
2579,a9487fdb-1dbc-4006-8082-c93b1c72a178,8,2579,True,18473,18071,88.20219250179798
2580,a9487fdb-1dbc-4006-8082-c93b1c72a178,8,2580,True,18497,18095,94.35996844799229
2581,a9487fdb-1dbc-4006-8082-c93b1c72a178,8,2581,True,18541,18139,84.77628433902646
2582,a9487fdb-1dbc-4006-8082-c93b1c72a178,8,2582,True,18579,18177,81.53943177501424
2583,a9487fdb-1dbc-4006-8082-c93b1c72a178,8,2583,True,18608,18206,96.60842836794109
2584,a9487fdb-1dbc-4006-8082-c93b1c72a178,8,2584,True,18643,18241,85.42125013863915
2585,a9487fdb-1dbc-4006-8082-c93b1c72a178,8,2585,True,18679,18277,81.21436451831323
2586,a9487fdb-1dbc-4006-8082-c93b1c72a178,8,2586,True,18710,18308,85.35130864079838
2587,a9487fdb-1dbc-4006-8082-c93b1c72a178,8,2587,True,18739,18337,86.77813347262054
2588,a9487fdb-1dbc-4006-8082-c93b1c72a178,8,2588,True,18768,18366,86.94880162792833
2589,a9487fdb-1dbc-4006-8082-c93b1c72a178,8,2589,True,18800,18398,95.44204995955806
2590,a9487fdb-1dbc-4006-8082-c93b1c72a178,8,2590,True,18829,18427,130.79572049727722
2591,a9487fdb-1dbc-4006-8082-c93b1c72a178,8,2591,True,18863,18461,123.78769109494897
2592,a9487fdb-1dbc-4006-8082-c93b1c72a178,8,2592,True,18898,18496,118.12601125327274
2593,a9487fdb-1dbc-4006-8082-c93b1c72a178,8,2593,True,18932,18530,111.91442293969521
2594,a9487fdb-1dbc-4006-8082-c93b1c72a178,8,2594,True,18965,18563,96.54586824436774
2595,a9487fdb-1dbc-4006-8082-c93b1c72a178,8,2595,True,18997,18595,85.80845106058405
2596,a9487fdb-1dbc-4006-8082-c93b1c72a178,8,2596,True,19019,18617,94.78648504054945
2597,a9487fdb-1dbc-4006-8082-c93b1c72a178,8,2597,True,19063,18661,88.52801313560849
2598,a9487fdb-1dbc-4006-8082-c93b1c72a178,8,2598,True,19094,18692,95.9004157111558
2599,a9487fdb-1dbc-4006-8082-c93b1c72a178,8,2599,True,19126,18724,103.6223299910489
2600,a9487fdb-1dbc-4006-8082-c93b1c72a178,8,2600,True,19153,18751,101.93671290959173
2601,a9487fdb-1dbc-4006-8082-c93b1c72a178,8,2601,True,19178,18776,98.28739436605247
2602,a9487fdb-1dbc-4006-8082-c93b1c72a178,8,2602,True,19209,18807,104.19676563436951
2603,a9487fdb-1dbc-4006-8082-c93b1c72a178,8,2603,True,19236,18834,107.55559459113283
2604,a9487fdb-1dbc-4006-8082-c93b1c72a178,8,2604,True,19270,18868,93.90080699186728
2605,a9487fdb-1dbc-4006-8082-c93b1c72a178,8,2605,True,19300,18898,100.03946639160858
2606,a9487fdb-1dbc-4006-8082-c93b1c72a178,8,2606,True,19333,18931,90.99026673617118
2607,a9487fdb-1dbc-4006-8082-c93b1c72a178,8,2607,True,19365,18963,98.30810537770958
2608,a9487fdb-1dbc-4006-8082-c93b1c72a178,8,2608,True,19408,19006,80.09299650621688
2609,a9487fdb-1dbc-4006-8082-c93b1c72a178,8,2609,True,19428,19026,103.90180528529527
2610,a9487fdb-1dbc-4006-8082-c93b1c72a178,8,2610,True,19455,19053,107.39439152706473
2611,a9487fdb-1dbc-4006-8082-c93b1c72a178,8,2611,True,19485,19083,100.27968610780954
2612,a9487fdb-1dbc-4006-8082-c93b1c72a178,8,2612,True,19514,19112,91.49931427029514
2613,a9487fdb-1dbc-4006-8082-c93b1c72a178,8,2613,True,19545,19143,86.97128317941315
2614,a9487fdb-1dbc-4006-8082-c93b1c72a178,8,2614,True,19579,19177,86.32555077394863
2615,a9487fdb-1dbc-4006-8082-c93b1c72a178,8,2615,True,19605,19203,92.59208460215814
2616,a9487fdb-1dbc-4006-8082-c93b1c72a178,8,2616,True,19640,19238,97.70977036163822
2617,a9487fdb-1dbc-4006-8082-c93b1c72a178,8,2617,True,19673,19271,91.1204056010065
2618,a9487fdb-1dbc-4006-8082-c93b1c72a178,8,2618,True,19704,19302,95.3827056222326
2619,a9487fdb-1dbc-4006-8082-c93b1c72a178,8,2619,True,19736,19334,104.87111574265509
2620,a9487fdb-1dbc-4006-8082-c93b1c72a178,8,2620,True,19763,19361,103.94917063712637
2621,a9487fdb-1dbc-4006-8082-c93b1c72a178,8,2621,True,19785,19383,109.02954743038208
2622,a9487fdb-1dbc-4006-8082-c93b1c72a178,8,2622,True,19821,19419,101.57504327587958
2623,a9487fdb-1dbc-4006-8082-c93b1c72a178,8,2623,True,19852,19450,95.09252181006013
2624,a9487fdb-1dbc-4006-8082-c93b1c72a178,8,2624,True,19882,19480,105.15010211248591
2625,a9487fdb-1dbc-4006-8082-c93b1c72a178,8,2625,True,19916,19514,95.43812742279624
2626,a9487fdb-1dbc-4006-8082-c93b1c72a178,8,2626,True,19942,19540,88.83628776929254
2627,a9487fdb-1dbc-4006-8082-c93b1c72a178,8,2627,True,19970,19568,90.86406965578135
2628,a9487fdb-1dbc-4006-8082-c93b1c72a178,8,2628,True,20001,19599,103.47893288520208
2629,a9487fdb-1dbc-4006-8082-c93b1c72a178,8,2629,True,20019,19617,106.27767009967647
2630,a9487fdb-1dbc-4006-8082-c93b1c72a178,8,2630,True,20057,19655,89.18390764181459
2631,a9487fdb-1dbc-4006-8082-c93b1c72a178,8,2631,True,20083,19681,93.97483337587255
2632,a9487fdb-1dbc-4006-8082-c93b1c72a178,8,2632,True,20112,19710,86.51050246891464
2633,a9487fdb-1dbc-4006-8082-c93b1c72a178,8,2633,True,20148,19746,76.6554598090479
2634,a9487fdb-1dbc-4006-8082-c93b1c72a178,8,2634,True,20168,19766,123.87878487013222
2635,a9487fdb-1dbc-4006-8082-c93b1c72a178,8,2635,True,20198,19796,118.04128633632354
2636,a9487fdb-1dbc-4006-8082-c93b1c72a178,8,2636,True,20241,19839,97.43484794983306
2637,a9487fdb-1dbc-4006-8082-c93b1c72a178,8,2637,True,20268,19866,106.63028500002474
2638,a9487fdb-1dbc-4006-8082-c93b1c72a178,8,2638,True,20307,19905,114.15243031011778
2639,a9487fdb-1dbc-4006-8082-c93b1c72a178,8,2639,True,20343,19941,101.82191674986825
2640,a9487fdb-1dbc-4006-8082-c93b1c72a178,8,2640,True,20375,19973,98.04534564800633
2641,a9487fdb-1dbc-4006-8082-c93b1c72a178,8,2641,True,20399,19997,94.22329779893334
2642,a9487fdb-1dbc-4006-8082-c93b1c72a178,8,2642,True,20426,20024,97.41098081856035
2643,a9487fdb-1dbc-4006-8082-c93b1c72a178,8,2643,True,20461,20059,87.399500922671
2644,a9487fdb-1dbc-4006-8082-c93b1c72a178,8,2644,True,20494,20092,94.29366769755143
2645,a9487fdb-1dbc-4006-8082-c93b1c72a178,8,2645,True,20514,20112,107.92124111232988
2646,a9487fdb-1dbc-4006-8082-c93b1c72a178,8,2646,True,20544,20142,107.29469284622246
2647,a9487fdb-1dbc-4006-8082-c93b1c72a178,8,2647,True,20584,20182,107.69141404372567
2648,a9487fdb-1dbc-4006-8082-c93b1c72a178,8,2648,True,20617,20215,109.98320391702873
2649,a9487fdb-1dbc-4006-8082-c93b1c72a178,8,2649,True,20644,20242,107.13551898686637
2650,a9487fdb-1dbc-4006-8082-c93b1c72a178,8,2650,True,20687,20285,100.01154699195104
2651,a9487fdb-1dbc-4006-8082-c93b1c72a178,8,2651,True,20724,20322,135.0147010978435
2652,a9487fdb-1dbc-4006-8082-c93b1c72a178,8,2652,True,20756,20354,131.90840007544466
2653,a9487fdb-1dbc-4006-8082-c93b1c72a178,8,2653,True,20798,20396,108.93129541003873
2654,a9487fdb-1dbc-4006-8082-c93b1c72a178,8,2654,True,20832,20430,94.60525961236635
2655,a9487fdb-1dbc-4006-8082-c93b1c72a178,8,2655,True,20863,20461,108.20517949012356
2656,a9487fdb-1dbc-4006-8082-c93b1c72a178,8,2656,True,20895,20493,125.5469136241154
2657,a9487fdb-1dbc-4006-8082-c93b1c72a178,8,2657,True,20928,20526,115.01549435083871
2658,a9487fdb-1dbc-4006-8082-c93b1c72a178,8,2658,True,20961,20559,111.75284924777588
2659,a9487fdb-1dbc-4006-8082-c93b1c72a178,8,2659,True,20987,20585,113.48033035310073
2660,a9487fdb-1dbc-4006-8082-c93b1c72a178,8,2660,True,21031,20629,96.75038476438567
2661,a9487fdb-1dbc-4006-8082-c93b1c72a178,8,2661,True,21061,20659,113.34425172079136
2662,a9487fdb-1dbc-4006-8082-c93b1c72a178,8,2662,True,21094,20692,107.48149638540781
2663,a9487fdb-1dbc-4006-8082-c93b1c72a178,8,2663,True,21124,20722,98.68872564536287
2664,a9487fdb-1dbc-4006-8082-c93b1c72a178,8,2664,True,21171,20769,97.54456988526726
2665,a9487fdb-1dbc-4006-8082-c93b1c72a178,8,2665,True,21200,20798,94.59308932139174
2666,a9487fdb-1dbc-4006-8082-c93b1c72a178,8,2666,True,21226,20824,91.2615170310055
2667,a9487fdb-1dbc-4006-8082-c93b1c72a178,8,2667,True,21252,20850,82.26633939916428
2668,a9487fdb-1dbc-4006-8082-c93b1c72a178,8,2668,True,21283,20881,92.70756784949117
2669,a9487fdb-1dbc-4006-8082-c93b1c72a178,8,2669,True,21305,20903,88.61046364085996
2670,a9487fdb-1dbc-4006-8082-c93b1c72a178,8,2670,True,21343,20941,105.84283013550885
2671,a9487fdb-1dbc-4006-8082-c93b1c72a178,8,2671,True,21374,20972,108.36051902938561
2672,a9487fdb-1dbc-4006-8082-c93b1c72a178,8,2672,True,21412,21010,98.97670227366689
2673,a9487fdb-1dbc-4006-8082-c93b1c72a178,8,2673,True,21438,21036,110.41975621545134
2674,a9487fdb-1dbc-4006-8082-c93b1c72a178,8,2674,True,21474,21072,96.90283018589616
2675,a9487fdb-1dbc-4006-8082-c93b1c72a178,8,2675,True,21503,21101,94.40940180233883
2676,a9487fdb-1dbc-4006-8082-c93b1c72a178,8,2676,True,21535,21133,89.38847285293377
2677,a9487fdb-1dbc-4006-8082-c93b1c72a178,8,2677,True,21576,21174,87.20898159799617
2678,a9487fdb-1dbc-4006-8082-c93b1c72a178,8,2678,True,21597,21195,101.97263925397056
2679,a9487fdb-1dbc-4006-8082-c93b1c72a178,8,2679,True,21631,21229,92.53320139407151
2680,a9487fdb-1dbc-4006-8082-c93b1c72a178,8,2680,True,21662,21260,93.36216545921343
2681,a9487fdb-1dbc-4006-8082-c93b1c72a178,8,2681,True,21709,21307,86.78869816359293
2682,a9487fdb-1dbc-4006-8082-c93b1c72a178,8,2682,True,21740,21338,79.74326375860619
2683,a9487fdb-1dbc-4006-8082-c93b1c72a178,8,2683,True,21772,21370,83.42908035462096
2684,a9487fdb-1dbc-4006-8082-c93b1c72a178,8,2684,True,21796,21394,91.04732169236013
2685,a9487fdb-1dbc-4006-8082-c93b1c72a178,8,2685,True,21824,21422,107.90069119649343
2686,a9487fdb-1dbc-4006-8082-c93b1c72a178,8,2686,True,21857,21455,104.7204345488608
2687,a9487fdb-1dbc-4006-8082-c93b1c72a178,8,2687,True,21893,21491,92.84645778201957
2688,a9487fdb-1dbc-4006-8082-c93b1c72a178,8,2688,True,21922,21520,89.58869001909989
2689,a9487fdb-1dbc-4006-8082-c93b1c72a178,8,2689,True,21949,21547,96.29650030891935
2690,a9487fdb-1dbc-4006-8082-c93b1c72a178,8,2690,True,21974,21572,87.1109152045683
2691,a9487fdb-1dbc-4006-8082-c93b1c72a178,8,2691,True,21999,21597,100.82224124061759
2692,a9487fdb-1dbc-4006-8082-c93b1c72a178,8,2692,True,22034,21632,95.44026775936072
2693,a9487fdb-1dbc-4006-8082-c93b1c72a178,8,2693,True,22063,21661,92.81571877112583
2694,a9487fdb-1dbc-4006-8082-c93b1c72a178,8,2694,True,22095,21693,96.280083143909
2695,a9487fdb-1dbc-4006-8082-c93b1c72a178,8,2695,True,22116,21714,95.75756221170741
2696,a9487fdb-1dbc-4006-8082-c93b1c72a178,8,2696,True,22157,21755,102.44364410721391
2697,a9487fdb-1dbc-4006-8082-c93b1c72a178,8,2697,True,22186,21784,105.17862820400842
2698,a9487fdb-1dbc-4006-8082-c93b1c72a178,8,2698,True,22221,21819,93.5194137614817
2699,a9487fdb-1dbc-4006-8082-c93b1c72a178,8,2699,True,22255,21853,116.04539934997592
2700,a9487fdb-1dbc-4006-8082-c93b1c72a178,8,2700,True,22286,21884,112.89771766454214
2701,a9487fdb-1dbc-4006-8082-c93b1c72a178,8,2701,True,22312,21910,110.18101940447377
2702,a9487fdb-1dbc-4006-8082-c93b1c72a178,8,2702,True,22342,21940,104.89244757785855
2703,a9487fdb-1dbc-4006-8082-c93b1c72a178,8,2703,True,22371,21969,105.02782320364713
2704,a9487fdb-1dbc-4006-8082-c93b1c72a178,8,2704,True,22407,22005,95.27875775677603
2705,a9487fdb-1dbc-4006-8082-c93b1c72a178,8,2705,True,22430,22028,92.19490443705945
2706,a9487fdb-1dbc-4006-8082-c93b1c72a178,8,2706,True,22471,22069,84.25196558064272
2707,a9487fdb-1dbc-4006-8082-c93b1c72a178,8,2707,True,22503,22101,97.35328494600253
2708,a9487fdb-1dbc-4006-8082-c93b1c72a178,8,2708,True,22532,22130,90.77354307789938
2709,a9487fdb-1dbc-4006-8082-c93b1c72a178,8,2709,True,22564,22162,95.17858035114841
2710,a9487fdb-1dbc-4006-8082-c93b1c72a178,8,2710,True,22588,22186,104.42339495008491
2711,a9487fdb-1dbc-4006-8082-c93b1c72a178,8,2711,True,22630,22228,102.25527224327016
2712,a9487fdb-1dbc-4006-8082-c93b1c72a178,8,2712,True,22657,22255,107.01964842659436
2713,a9487fdb-1dbc-4006-8082-c93b1c72a178,8,2713,True,22680,22278,112.42516519617129
2714,a9487fdb-1dbc-4006-8082-c93b1c72a178,8,2714,True,22706,22304,108.00401414079897
2715,a9487fdb-1dbc-4006-8082-c93b1c72a178,8,2715,True,22737,22335,96.93809633336787
2716,a9487fdb-1dbc-4006-8082-c93b1c72a178,8,2716,True,22760,22358,93.7560027827385
2717,a9487fdb-1dbc-4006-8082-c93b1c72a178,8,2717,True,22791,22389,95.34612182840647
2718,a9487fdb-1dbc-4006-8082-c93b1c72a178,8,2718,True,22828,22426,91.34427119187603
2719,a9487fdb-1dbc-4006-8082-c93b1c72a178,8,2719,True,22865,22463,117.73133792920999
2720,a9487fdb-1dbc-4006-8082-c93b1c72a178,8,2720,True,22897,22495,109.86599384654983
2721,a9487fdb-1dbc-4006-8082-c93b1c72a178,8,2721,True,22927,22525,110.81603411951073
2722,a9487fdb-1dbc-4006-8082-c93b1c72a178,8,2722,True,22961,22559,102.22401546697438
2723,a9487fdb-1dbc-4006-8082-c93b1c72a178,8,2723,True,22995,22593,107.9440582404277
2724,a9487fdb-1dbc-4006-8082-c93b1c72a178,8,2724,True,23035,22633,106.95557236385139
2725,a9487fdb-1dbc-4006-8082-c93b1c72a178,8,2725,True,23057,22655,103.53669728285968
2726,a9487fdb-1dbc-4006-8082-c93b1c72a178,8,2726,True,23088,22686,103.09233588812276
2727,a9487fdb-1dbc-4006-8082-c93b1c72a178,8,2727,True,23115,22713,102.95802196967634
2728,a9487fdb-1dbc-4006-8082-c93b1c72a178,8,2728,True,23149,22747,105.95405697057504
2729,a9487fdb-1dbc-4006-8082-c93b1c72a178,8,2729,True,23177,22775,114.72862600864391
2730,a9487fdb-1dbc-4006-8082-c93b1c72a178,8,2730,True,23204,22802,142.94145876078255
2731,a9487fdb-1dbc-4006-8082-c93b1c72a178,8,2731,True,23231,22829,137.75235978726414
2732,a9487fdb-1dbc-4006-8082-c93b1c72a178,8,2732,True,23255,22853,139.0141672241043
2733,a9487fdb-1dbc-4006-8082-c93b1c72a178,8,2733,True,23287,22885,140.36233023206296
2734,a9487fdb-1dbc-4006-8082-c93b1c72a178,8,2734,True,23316,22914,150.21217321901713
2735,a9487fdb-1dbc-4006-8082-c93b1c72a178,8,2735,True,23355,22953,138.92605229916444
2736,a9487fdb-1dbc-4006-8082-c93b1c72a178,8,2736,True,23383,22981,130.1803240652771
2737,a9487fdb-1dbc-4006-8082-c93b1c72a178,8,2737,True,23407,23005,123.35370433600474
2738,a9487fdb-1dbc-4006-8082-c93b1c72a178,8,2738,True,23436,23034,115.64377760607749
2739,a9487fdb-1dbc-4006-8082-c93b1c72a178,8,2739,True,23463,23061,153.37871847065253
2740,a9487fdb-1dbc-4006-8082-c93b1c72a178,8,2740,True,23487,23085,106.06574086077308
2741,a9487fdb-1dbc-4006-8082-c93b1c72a178,8,2741,True,23520,23118,118.66441928750646
2742,a9487fdb-1dbc-4006-8082-c93b1c72a178,8,2742,True,23552,23150,118.28662434657963
2743,a9487fdb-1dbc-4006-8082-c93b1c72a178,8,2743,True,23586,23184,113.10326176635863
2744,a9487fdb-1dbc-4006-8082-c93b1c72a178,8,2744,True,23624,23222,101.65699313179721
2745,a9487fdb-1dbc-4006-8082-c93b1c72a178,8,2745,True,23659,23257,92.93557234851323
2746,a9487fdb-1dbc-4006-8082-c93b1c72a178,8,2746,True,23688,23286,96.50988128879544
2747,a9487fdb-1dbc-4006-8082-c93b1c72a178,8,2747,True,23720,23318,117.98823404103678
2748,a9487fdb-1dbc-4006-8082-c93b1c72a178,8,2748,True,23756,23354,110.83452025945007
2749,a9487fdb-1dbc-4006-8082-c93b1c72a178,8,2749,True,23790,23388,102.58797356312789
2750,a9487fdb-1dbc-4006-8082-c93b1c72a178,8,2750,True,23822,23420,96.62417551362523
2751,a9487fdb-1dbc-4006-8082-c93b1c72a178,8,2751,True,23856,23454,96.79758588367986
2752,a9487fdb-1dbc-4006-8082-c93b1c72a178,8,2752,True,23893,23491,101.01557702796708
2753,a9487fdb-1dbc-4006-8082-c93b1c72a178,8,2753,True,23925,23523,97.10673240045435
2754,a9487fdb-1dbc-4006-8082-c93b1c72a178,8,2754,True,23954,23552,107.88664680285365
2755,a9487fdb-1dbc-4006-8082-c93b1c72a178,8,2755,True,23985,23583,96.19166858368044
2756,a9487fdb-1dbc-4006-8082-c93b1c72a178,8,2756,True,24027,23625,85.1183066062622
2757,a9487fdb-1dbc-4006-8082-c93b1c72a178,8,2757,True,24050,23648,98.5855993426303
2758,a9487fdb-1dbc-4006-8082-c93b1c72a178,8,2758,True,24085,23683,92.80672355501156
2759,a9487fdb-1dbc-4006-8082-c93b1c72a178,8,2759,True,24123,23721,130.5800227910113
2760,a9487fdb-1dbc-4006-8082-c93b1c72a178,8,2760,True,24145,23743,130.6238843483552
2761,a9487fdb-1dbc-4006-8082-c93b1c72a178,8,2761,True,24171,23769,122.39810781300912
2762,a9487fdb-1dbc-4006-8082-c93b1c72a178,8,2762,True,24207,23805,106.22882152658349
2763,a9487fdb-1dbc-4006-8082-c93b1c72a178,8,2763,True,24244,23842,98.60737472993424
2764,a9487fdb-1dbc-4006-8082-c93b1c72a178,8,2764,True,24277,23875,97.3023453134847
2765,a9487fdb-1dbc-4006-8082-c93b1c72a178,8,2765,True,24305,23903,101.94716445421
2766,a9487fdb-1dbc-4006-8082-c93b1c72a178,8,2766,True,24336,23934,107.62133050700504
2767,a9487fdb-1dbc-4006-8082-c93b1c72a178,8,2767,True,24378,23976,91.70341647992609
2768,a9487fdb-1dbc-4006-8082-c93b1c72a178,8,2768,True,24403,24001,108.9276949256091
2769,a9487fdb-1dbc-4006-8082-c93b1c72a178,8,2769,True,24446,24044,94.17218063399923
2770,a9487fdb-1dbc-4006-8082-c93b1c72a178,8,2770,True,24473,24071,101.48778087082974
2771,a9487fdb-1dbc-4006-8082-c93b1c72a178,8,2771,True,24498,24096,99.7102543265537
2772,a9487fdb-1dbc-4006-8082-c93b1c72a178,8,2772,True,24530,24128,98.38039478256906
2773,a9487fdb-1dbc-4006-8082-c93b1c72a178,8,2773,True,24564,24162,94.42219669006954
2774,a9487fdb-1dbc-4006-8082-c93b1c72a178,8,2774,True,24592,24190,89.04483799965601
2775,a9487fdb-1dbc-4006-8082-c93b1c72a178,8,2775,True,24620,24218,89.8378138292137
2776,a9487fdb-1dbc-4006-8082-c93b1c72a178,8,2776,True,24658,24256,95.2739194689384
2777,a9487fdb-1dbc-4006-8082-c93b1c72a178,8,2777,True,24685,24283,98.33627043148226
2778,a9487fdb-1dbc-4006-8082-c93b1c72a178,8,2778,True,24710,24308,94.97031897035049
2779,a9487fdb-1dbc-4006-8082-c93b1c72a178,8,2779,True,24749,24347,95.2816092383946
2780,a9487fdb-1dbc-4006-8082-c93b1c72a178,8,2780,True,24782,24380,91.8853838447103
2781,a9487fdb-1dbc-4006-8082-c93b1c72a178,8,2781,True,24812,24410,85.01980885697412
2782,a9487fdb-1dbc-4006-8082-c93b1c72a178,8,2782,True,24847,24445,95.8906025356955
2783,a9487fdb-1dbc-4006-8082-c93b1c72a178,8,2783,True,24876,24474,90.44103300005736
2784,a9487fdb-1dbc-4006-8082-c93b1c72a178,8,2784,True,24907,24505,81.73200900949087
2785,a9487fdb-1dbc-4006-8082-c93b1c72a178,8,2785,True,24949,24547,86.72010722384948
2786,a9487fdb-1dbc-4006-8082-c93b1c72a178,8,2786,True,24987,24585,85.91858235611289
2787,a9487fdb-1dbc-4006-8082-c93b1c72a178,8,2787,True,25024,24622,88.19897100452727
2788,a9487fdb-1dbc-4006-8082-c93b1c72a178,8,2788,True,25053,24651,85.03702997009896
2789,a9487fdb-1dbc-4006-8082-c93b1c72a178,8,2789,True,25084,24682,92.3072365111002
2790,a9487fdb-1dbc-4006-8082-c93b1c72a178,8,2790,True,25130,24728,97.76687705038057
2791,a9487fdb-1dbc-4006-8082-c93b1c72a178,8,2791,True,25153,24751,104.41515892450116
2792,a9487fdb-1dbc-4006-8082-c93b1c72a178,8,2792,True,25173,24771,105.4905749549689
2793,a9487fdb-1dbc-4006-8082-c93b1c72a178,8,2793,True,25199,24797,113.44141937053428
2794,a9487fdb-1dbc-4006-8082-c93b1c72a178,8,2794,True,25229,24827,105.10400089228278
2795,a9487fdb-1dbc-4006-8082-c93b1c72a178,8,2795,True,25264,24862,97.22899198008963
2796,a9487fdb-1dbc-4006-8082-c93b1c72a178,8,2796,True,25292,24890,114.34260165905289
2797,a9487fdb-1dbc-4006-8082-c93b1c72a178,8,2797,True,25328,24926,105.60903729212441
2798,a9487fdb-1dbc-4006-8082-c93b1c72a178,8,2798,True,25359,24957,132.16424599397942
2799,a9487fdb-1dbc-4006-8082-c93b1c72a178,8,2799,True,25397,24995,147.55179236691765
2800,a9487fdb-1dbc-4006-8082-c93b1c72a178,8,2800,True,25428,25026,136.67793739571425
2801,a9487fdb-1dbc-4006-8082-c93b1c72a178,8,2801,True,25454,25052,142.87367772890138
2802,a9487fdb-1dbc-4006-8082-c93b1c72a178,8,2802,True,25480,25078,136.5882839280348
2803,a9487fdb-1dbc-4006-8082-c93b1c72a178,8,2803,True,25514,25112,123.78229327052395
2804,a9487fdb-1dbc-4006-8082-c93b1c72a178,8,2804,True,25556,25154,119.65639708764138
2805,a9487fdb-1dbc-4006-8082-c93b1c72a178,8,2805,True,25587,25185,126.14951808402475
2806,a9487fdb-1dbc-4006-8082-c93b1c72a178,8,2806,True,25627,25225,124.08107985199968
2807,a9487fdb-1dbc-4006-8082-c93b1c72a178,8,2807,True,25656,25254,117.35261973682282
2808,a9487fdb-1dbc-4006-8082-c93b1c72a178,8,2808,True,25696,25294,102.71177496850214
2809,a9487fdb-1dbc-4006-8082-c93b1c72a178,8,2809,True,25719,25317,97.87779465090352
2810,a9487fdb-1dbc-4006-8082-c93b1c72a178,8,2810,True,25759,25357,97.56539642782445
2811,a9487fdb-1dbc-4006-8082-c93b1c72a178,8,2811,True,25789,25387,98.09999238595628
2812,a9487fdb-1dbc-4006-8082-c93b1c72a178,8,2812,True,25822,25420,91.83751220464183
2813,a9487fdb-1dbc-4006-8082-c93b1c72a178,8,2813,True,25862,25460,85.51659884573382
2814,a9487fdb-1dbc-4006-8082-c93b1c72a178,8,2814,True,25895,25493,87.58120030143982
2815,a9487fdb-1dbc-4006-8082-c93b1c72a178,8,2815,True,25935,25533,106.82082197481577
2816,a9487fdb-1dbc-4006-8082-c93b1c72a178,8,2816,True,25980,25578,96.70199853478334
2817,a9487fdb-1dbc-4006-8082-c93b1c72a178,8,2817,True,26012,25610,90.83715524716172
2818,a9487fdb-1dbc-4006-8082-c93b1c72a178,8,2818,True,26041,25639,89.16085874942291
2819,a9487fdb-1dbc-4006-8082-c93b1c72a178,8,2819,True,26073,25671,94.61535572770299
2820,a9487fdb-1dbc-4006-8082-c93b1c72a178,8,2820,True,26104,25702,97.08099035463238
2821,a9487fdb-1dbc-4006-8082-c93b1c72a178,8,2821,True,26137,25735,98.10454070612468
2822,a9487fdb-1dbc-4006-8082-c93b1c72a178,8,2822,True,26175,25773,87.94124425445989
2823,a9487fdb-1dbc-4006-8082-c93b1c72a178,8,2823,True,26201,25799,123.2406218630822
2824,a9487fdb-1dbc-4006-8082-c93b1c72a178,8,2824,True,26237,25835,111.75258830319945
2825,a9487fdb-1dbc-4006-8082-c93b1c72a178,8,2825,True,26273,25871,130.6276676592388
2826,a9487fdb-1dbc-4006-8082-c93b1c72a178,8,2826,True,26301,25899,119.56208003022039
2827,a9487fdb-1dbc-4006-8082-c93b1c72a178,8,2827,True,26327,25925,116.79157910486538
2828,a9487fdb-1dbc-4006-8082-c93b1c72a178,8,2828,True,26351,25949,109.88749836712668
2829,a9487fdb-1dbc-4006-8082-c93b1c72a178,8,2829,True,26382,25980,117.82187422832794
2830,a9487fdb-1dbc-4006-8082-c93b1c72a178,8,2830,True,26424,26022,108.6042258689049
2831,a9487fdb-1dbc-4006-8082-c93b1c72a178,8,2831,True,26455,26053,110.62812087174825
2832,a9487fdb-1dbc-4006-8082-c93b1c72a178,8,2832,True,26492,26090,107.32297545272013
2833,a9487fdb-1dbc-4006-8082-c93b1c72a178,8,2833,True,26520,26118,108.71223986556288
2834,a9487fdb-1dbc-4006-8082-c93b1c72a178,8,2834,True,26546,26144,109.24212742330565
2835,a9487fdb-1dbc-4006-8082-c93b1c72a178,8,2835,True,26573,26171,107.6221367422695
2836,a9487fdb-1dbc-4006-8082-c93b1c72a178,8,2836,True,26599,26197,107.16862479233532
2837,a9487fdb-1dbc-4006-8082-c93b1c72a178,8,2837,True,26637,26235,112.211913708059
2838,a9487fdb-1dbc-4006-8082-c93b1c72a178,8,2838,True,26667,26265,106.86453914141748
2839,a9487fdb-1dbc-4006-8082-c93b1c72a178,8,2839,True,26693,26291,108.90568471638107
2840,a9487fdb-1dbc-4006-8082-c93b1c72a178,8,2840,True,26721,26319,106.33111576753436
2841,a9487fdb-1dbc-4006-8082-c93b1c72a178,8,2841,True,26750,26348,114.74011011341645
2842,a9487fdb-1dbc-4006-8082-c93b1c72a178,8,2842,True,26783,26381,106.16133779960364
2843,a9487fdb-1dbc-4006-8082-c93b1c72a178,8,2843,True,26825,26423,104.99294338427717
2844,a9487fdb-1dbc-4006-8082-c93b1c72a178,8,2844,True,26851,26449,99.19089477045418
2845,a9487fdb-1dbc-4006-8082-c93b1c72a178,8,2845,True,26884,26482,104.24385900195557
2846,a9487fdb-1dbc-4006-8082-c93b1c72a178,8,2846,True,26914,26512,98.8850606027845
2847,a9487fdb-1dbc-4006-8082-c93b1c72a178,8,2847,True,26949,26547,93.82831910731693
2848,a9487fdb-1dbc-4006-8082-c93b1c72a178,8,2848,True,26977,26575,124.93256012775237
2849,a9487fdb-1dbc-4006-8082-c93b1c72a178,8,2849,True,27007,26605,118.53661020037543
2850,a9487fdb-1dbc-4006-8082-c93b1c72a178,8,2850,True,27050,26648,104.93855411662662
2851,a9487fdb-1dbc-4006-8082-c93b1c72a178,8,2851,True,27078,26676,105.96050587494028
2852,a9487fdb-1dbc-4006-8082-c93b1c72a178,8,2852,True,27109,26707,97.66587015541518
2853,a9487fdb-1dbc-4006-8082-c93b1c72a178,8,2853,True,27143,26741,101.48425525995117
2854,a9487fdb-1dbc-4006-8082-c93b1c72a178,8,2854,True,27175,26773,95.58604227142496
2855,a9487fdb-1dbc-4006-8082-c93b1c72a178,8,2855,True,27199,26797,106.17047787727643
2856,a9487fdb-1dbc-4006-8082-c93b1c72a178,8,2856,True,27238,26836,113.47474098801467
2857,a9487fdb-1dbc-4006-8082-c93b1c72a178,8,2857,True,27274,26872,102.61076788829814
2858,a9487fdb-1dbc-4006-8082-c93b1c72a178,8,2858,True,27304,26902,109.83848246036723
2859,a9487fdb-1dbc-4006-8082-c93b1c72a178,8,2859,True,27341,26939,99.60262807101026
2860,a9487fdb-1dbc-4006-8082-c93b1c72a178,8,2860,True,27373,26971,99.44482861365032
2861,a9487fdb-1dbc-4006-8082-c93b1c72a178,8,2861,True,27405,27003,92.19303960873731
2862,a9487fdb-1dbc-4006-8082-c93b1c72a178,8,2862,True,27449,27047,89.33934523743301
2863,a9487fdb-1dbc-4006-8082-c93b1c72a178,8,2863,True,27477,27075,87.55829284818537
2864,a9487fdb-1dbc-4006-8082-c93b1c72a178,8,2864,True,27515,27113,84.1351755661417
2865,a9487fdb-1dbc-4006-8082-c93b1c72a178,8,2865,True,27549,27147,81.48460929281282
2866,a9487fdb-1dbc-4006-8082-c93b1c72a178,8,2866,True,27575,27173,102.66796352924212
2867,a9487fdb-1dbc-4006-8082-c93b1c72a178,8,2867,True,27595,27193,116.7081513961457
2868,a9487fdb-1dbc-4006-8082-c93b1c72a178,8,2868,True,27627,27225,105.42252663044565
2869,a9487fdb-1dbc-4006-8082-c93b1c72a178,8,2869,True,27663,27261,103.41004758667623
2870,a9487fdb-1dbc-4006-8082-c93b1c72a178,8,2870,True,27689,27287,107.17682547227378
2871,a9487fdb-1dbc-4006-8082-c93b1c72a178,8,2871,True,27731,27329,90.82597356579208
2872,a9487fdb-1dbc-4006-8082-c93b1c72a178,8,2872,True,27769,27367,113.24873995640155
2873,a9487fdb-1dbc-4006-8082-c93b1c72a178,8,2873,True,27799,27397,108.54517218887122
2874,a9487fdb-1dbc-4006-8082-c93b1c72a178,8,2874,True,27824,27422,109.42112003129296
2875,a9487fdb-1dbc-4006-8082-c93b1c72a178,8,2875,True,27867,27465,103.97025382328138
2876,a9487fdb-1dbc-4006-8082-c93b1c72a178,8,2876,True,27894,27492,97.08056163412402
2877,a9487fdb-1dbc-4006-8082-c93b1c72a178,8,2877,True,27935,27533,92.57615378974879
2878,a9487fdb-1dbc-4006-8082-c93b1c72a178,8,2878,True,27964,27562,96.3579543749438
2879,a9487fdb-1dbc-4006-8082-c93b1c72a178,8,2879,True,27981,27579,95.81943656358635
2880,a9487fdb-1dbc-4006-8082-c93b1c72a178,8,2880,True,28018,27616,85.56619085623606
2881,a9487fdb-1dbc-4006-8082-c93b1c72a178,8,2881,True,28047,27645,97.19970593071776
2882,a9487fdb-1dbc-4006-8082-c93b1c72a178,8,2882,True,28079,27677,95.90900488599436
2883,a9487fdb-1dbc-4006-8082-c93b1c72a178,8,2883,True,28106,27704,94.22430707750755
2884,a9487fdb-1dbc-4006-8082-c93b1c72a178,8,2884,True,28133,27731,98.02857914093329
2885,a9487fdb-1dbc-4006-8082-c93b1c72a178,8,2885,True,28160,27758,107.96118401414424
2886,a9487fdb-1dbc-4006-8082-c93b1c72a178,8,2886,True,28191,27789,103.57560806518086
2887,a9487fdb-1dbc-4006-8082-c93b1c72a178,8,2887,True,28218,27816,95.85866742518556
2888,a9487fdb-1dbc-4006-8082-c93b1c72a178,8,2888,True,28247,27845,93.34106421584511
2889,a9487fdb-1dbc-4006-8082-c93b1c72a178,8,2889,True,28279,27877,97.18221361217002
2890,a9487fdb-1dbc-4006-8082-c93b1c72a178,8,2890,True,28312,27910,99.68356644727464
2891,a9487fdb-1dbc-4006-8082-c93b1c72a178,8,2891,True,28341,27939,97.84139209869318
2892,a9487fdb-1dbc-4006-8082-c93b1c72a178,8,2892,True,28375,27973,103.44055741628836
2893,a9487fdb-1dbc-4006-8082-c93b1c72a178,8,2893,True,28408,28006,101.26435766732902
2894,a9487fdb-1dbc-4006-8082-c93b1c72a178,8,2894,True,28438,28036,93.63508657304556
2895,a9487fdb-1dbc-4006-8082-c93b1c72a178,8,2895,True,28465,28063,91.69632261205334
2896,a9487fdb-1dbc-4006-8082-c93b1c72a178,8,2896,True,28497,28095,82.43719545734348
2897,a9487fdb-1dbc-4006-8082-c93b1c72a178,8,2897,True,28533,28131,100.1410458651153
2898,a9487fdb-1dbc-4006-8082-c93b1c72a178,8,2898,True,28567,28165,97.46922290431758
2899,a9487fdb-1dbc-4006-8082-c93b1c72a178,8,2899,True,28609,28207,87.15630697891902
2900,a9487fdb-1dbc-4006-8082-c93b1c72a178,8,2900,True,28644,28242,84.70260450274509
2901,a9487fdb-1dbc-4006-8082-c93b1c72a178,8,2901,True,28670,28268,99.48668564590116
2902,a9487fdb-1dbc-4006-8082-c93b1c72a178,8,2902,True,28709,28307,93.89447496920911
2903,a9487fdb-1dbc-4006-8082-c93b1c72a178,8,2903,True,28751,28349,88.18958048800414
2904,a9487fdb-1dbc-4006-8082-c93b1c72a178,8,2904,True,28782,28380,85.86589609298971
2905,a9487fdb-1dbc-4006-8082-c93b1c72a178,8,2905,True,28819,28417,85.96726773940827
2906,a9487fdb-1dbc-4006-8082-c93b1c72a178,8,2906,True,28862,28460,87.60769898491708
2907,a9487fdb-1dbc-4006-8082-c93b1c72a178,8,2907,True,28896,28494,81.87086297303904
2908,a9487fdb-1dbc-4006-8082-c93b1c72a178,8,2908,True,28920,28518,90.59440669674223
2909,a9487fdb-1dbc-4006-8082-c93b1c72a178,8,2909,True,28945,28543,86.29849745550018
2910,a9487fdb-1dbc-4006-8082-c93b1c72a178,8,2910,True,28974,28572,89.9383777192561
2911,a9487fdb-1dbc-4006-8082-c93b1c72a178,8,2911,True,29007,28605,88.15351394688332
2912,a9487fdb-1dbc-4006-8082-c93b1c72a178,8,2912,True,29038,28636,92.20909464219221
2913,a9487fdb-1dbc-4006-8082-c93b1c72a178,8,2913,True,29070,28668,86.84974839878487
2914,a9487fdb-1dbc-4006-8082-c93b1c72a178,8,2914,True,29102,28700,93.12399823394298
2915,a9487fdb-1dbc-4006-8082-c93b1c72a178,8,2915,True,29130,28728,85.1517814802537
2916,a9487fdb-1dbc-4006-8082-c93b1c72a178,8,2916,True,29160,28758,102.42608530809957
2917,a9487fdb-1dbc-4006-8082-c93b1c72a178,8,2917,True,29194,28792,94.74286018617204
2918,a9487fdb-1dbc-4006-8082-c93b1c72a178,8,2918,True,29228,28826,89.82755453456775
2919,a9487fdb-1dbc-4006-8082-c93b1c72a178,8,2919,True,29256,28854,88.48802923643962
2920,a9487fdb-1dbc-4006-8082-c93b1c72a178,8,2920,True,29290,28888,94.74710883010266
2921,a9487fdb-1dbc-4006-8082-c93b1c72a178,8,2921,True,29319,28917,93.69875079876147
2922,a9487fdb-1dbc-4006-8082-c93b1c72a178,8,2922,True,29357,28955,84.76589335504832
2923,a9487fdb-1dbc-4006-8082-c93b1c72a178,8,2923,True,29384,28982,82.72529243495228
2924,a9487fdb-1dbc-4006-8082-c93b1c72a178,8,2924,True,29429,29027,89.54846544404427
2925,a9487fdb-1dbc-4006-8082-c93b1c72a178,8,2925,True,29456,29054,91.32487315286198
2926,a9487fdb-1dbc-4006-8082-c93b1c72a178,8,2926,True,29495,29093,90.67206761220586
2927,a9487fdb-1dbc-4006-8082-c93b1c72a178,8,2927,True,29525,29123,85.9761321903934
2928,a9487fdb-1dbc-4006-8082-c93b1c72a178,8,2928,True,29556,29154,98.81546425568013
2929,a9487fdb-1dbc-4006-8082-c93b1c72a178,8,2929,True,29593,29191,86.444052614057
2930,a9487fdb-1dbc-4006-8082-c93b1c72a178,8,2930,True,29627,29225,92.97108560042034
2931,a9487fdb-1dbc-4006-8082-c93b1c72a178,8,2931,True,29667,29265,104.85364989346635
2932,a9487fdb-1dbc-4006-8082-c93b1c72a178,8,2932,True,29699,29297,97.04787089312958
2933,a9487fdb-1dbc-4006-8082-c93b1c72a178,8,2933,True,29729,29327,98.18216017160375
2934,a9487fdb-1dbc-4006-8082-c93b1c72a178,8,2934,True,29750,29348,94.12001262687409
2935,a9487fdb-1dbc-4006-8082-c93b1c72a178,8,2935,True,29777,29375,100.70738048074782
2936,a9487fdb-1dbc-4006-8082-c93b1c72a178,8,2936,True,29811,29409,97.23878867930034
2937,a9487fdb-1dbc-4006-8082-c93b1c72a178,8,2937,True,29842,29440,104.53919931288692
2938,a9487fdb-1dbc-4006-8082-c93b1c72a178,8,2938,True,29880,29478,91.29707743740073
2939,a9487fdb-1dbc-4006-8082-c93b1c72a178,8,2939,True,29914,29512,99.53338463571345
2940,a9487fdb-1dbc-4006-8082-c93b1c72a178,8,2940,True,29957,29555,92.45497705112575
2941,a9487fdb-1dbc-4006-8082-c93b1c72a178,8,2941,True,29993,29591,110.8870911500926
2942,a9487fdb-1dbc-4006-8082-c93b1c72a178,8,2942,True,30035,29633,117.03678637581106
2943,a9487fdb-1dbc-4006-8082-c93b1c72a178,8,2943,True,30071,29669,109.39832067803218
2944,a9487fdb-1dbc-4006-8082-c93b1c72a178,8,2944,True,30101,29699,99.78813229444131
2945,a9487fdb-1dbc-4006-8082-c93b1c72a178,8,2945,True,30137,29735,90.38221919213174
2946,a9487fdb-1dbc-4006-8082-c93b1c72a178,8,2946,True,30164,29762,108.71423054401748
2947,a9487fdb-1dbc-4006-8082-c93b1c72a178,8,2947,True,30195,29793,100.50747201199556
2948,a9487fdb-1dbc-4006-8082-c93b1c72a178,8,2948,True,30223,29821,110.70577300378136
2949,a9487fdb-1dbc-4006-8082-c93b1c72a178,8,2949,True,30258,29856,105.4716641820487
2950,a9487fdb-1dbc-4006-8082-c93b1c72a178,8,2950,True,30291,29889,98.40304017156814
2951,a9487fdb-1dbc-4006-8082-c93b1c72a178,8,2951,True,30326,29924,94.29793474992766
2952,a9487fdb-1dbc-4006-8082-c93b1c72a178,8,2952,True,30364,29962,97.4473408533886
2953,a9487fdb-1dbc-4006-8082-c93b1c72a178,8,2953,True,30391,29989,91.69033491452865
2954,a9487fdb-1dbc-4006-8082-c93b1c72a178,8,2954,True,30422,30020,81.69957238747884
2955,a9487fdb-1dbc-4006-8082-c93b1c72a178,8,2955,True,30451,30049,85.44995525589184
2956,a9487fdb-1dbc-4006-8082-c93b1c72a178,8,2956,True,30473,30071,91.62802206444758
2957,a9487fdb-1dbc-4006-8082-c93b1c72a178,8,2957,True,30499,30097,108.79505010443972
2958,a9487fdb-1dbc-4006-8082-c93b1c72a178,8,2958,True,30525,30123,100.55802910772036
2959,a9487fdb-1dbc-4006-8082-c93b1c72a178,8,2959,True,30561,30159,135.15614332578843
2960,a9487fdb-1dbc-4006-8082-c93b1c72a178,8,2960,True,30594,30192,122.12772111035156
2961,a9487fdb-1dbc-4006-8082-c93b1c72a178,8,2961,True,30625,30223,109.7880176876497
2962,a9487fdb-1dbc-4006-8082-c93b1c72a178,8,2962,True,30657,30255,105.8741108471404
2963,a9487fdb-1dbc-4006-8082-c93b1c72a178,8,2963,True,30688,30286,107.11974587097575
2964,a9487fdb-1dbc-4006-8082-c93b1c72a178,8,2964,True,30725,30323,108.75289779243758
2965,a9487fdb-1dbc-4006-8082-c93b1c72a178,8,2965,True,30749,30347,123.7144780546987
2966,a9487fdb-1dbc-4006-8082-c93b1c72a178,8,2966,True,30778,30376,112.99337591784206
2967,a9487fdb-1dbc-4006-8082-c93b1c72a178,8,2967,True,30809,30407,134.62309689224276
2968,a9487fdb-1dbc-4006-8082-c93b1c72a178,8,2968,True,30851,30449,128.89352694659465
2969,a9487fdb-1dbc-4006-8082-c93b1c72a178,8,2969,True,30878,30476,126.36015771214079
2970,a9487fdb-1dbc-4006-8082-c93b1c72a178,8,2970,True,30907,30505,115.92792041278153
2971,a9487fdb-1dbc-4006-8082-c93b1c72a178,8,2971,True,30937,30535,115.66857961630376
2972,a9487fdb-1dbc-4006-8082-c93b1c72a178,8,2972,True,30964,30562,110.38216000748798
2973,a9487fdb-1dbc-4006-8082-c93b1c72a178,8,2973,True,30988,30586,109.87513041942657
2974,a9487fdb-1dbc-4006-8082-c93b1c72a178,8,2974,True,31020,30618,114.18828682183448
2975,a9487fdb-1dbc-4006-8082-c93b1c72a178,8,2975,True,31062,30660,120.26036332825242
2976,a9487fdb-1dbc-4006-8082-c93b1c72a178,8,2976,True,31105,30703,101.83118546706464
2977,a9487fdb-1dbc-4006-8082-c93b1c72a178,8,2977,True,31129,30727,105.2865517008504
2978,a9487fdb-1dbc-4006-8082-c93b1c72a178,8,2978,True,31167,30765,92.49526630055698
2979,a9487fdb-1dbc-4006-8082-c93b1c72a178,8,2979,True,31210,30808,81.85495829627689
2980,a9487fdb-1dbc-4006-8082-c93b1c72a178,8,2980,True,31238,30836,106.21588173041164
2981,a9487fdb-1dbc-4006-8082-c93b1c72a178,8,2981,True,31271,30869,105.11860814226384
2982,a9487fdb-1dbc-4006-8082-c93b1c72a178,8,2982,True,31305,30903,105.98164190879106
2983,a9487fdb-1dbc-4006-8082-c93b1c72a178,8,2983,True,31328,30926,101.29294583188312
2984,a9487fdb-1dbc-4006-8082-c93b1c72a178,8,2984,True,31355,30953,91.55363765999209
2985,a9487fdb-1dbc-4006-8082-c93b1c72a178,8,2985,True,31389,30987,102.57284815615276
2986,a9487fdb-1dbc-4006-8082-c93b1c72a178,8,2986,True,31414,31012,102.25142007013346
2987,a9487fdb-1dbc-4006-8082-c93b1c72a178,8,2987,True,31441,31039,106.5898757990326
2988,a9487fdb-1dbc-4006-8082-c93b1c72a178,8,2988,True,31469,31067,102.25615484833543
2989,a9487fdb-1dbc-4006-8082-c93b1c72a178,8,2989,True,31488,31086,102.51995696082304
2990,a9487fdb-1dbc-4006-8082-c93b1c72a178,8,2990,True,31523,31121,111.6147019011114
2991,a9487fdb-1dbc-4006-8082-c93b1c72a178,8,2991,True,31550,31148,102.32061480959965
2992,a9487fdb-1dbc-4006-8082-c93b1c72a178,8,2992,True,31584,31182,89.8909281838205
2993,a9487fdb-1dbc-4006-8082-c93b1c72a178,8,2993,True,31621,31219,80.38690352255799
2994,a9487fdb-1dbc-4006-8082-c93b1c72a178,8,2994,True,31647,31245,94.16536296690174
2995,a9487fdb-1dbc-4006-8082-c93b1c72a178,8,2995,True,31678,31276,86.79670136775894
2996,a9487fdb-1dbc-4006-8082-c93b1c72a178,8,2996,True,31712,31310,82.8251322993674
2997,a9487fdb-1dbc-4006-8082-c93b1c72a178,8,2997,True,31742,31340,86.37393329931365
2998,a9487fdb-1dbc-4006-8082-c93b1c72a178,8,2998,True,31770,31368,81.26302813925577
2999,a9487fdb-1dbc-4006-8082-c93b1c72a178,8,2999,True,31806,31404,82.01545175136198
