,client_id,workflow_id,job_id,was_completed,deadline,create_time,response_time
0,ceb129bb-0d55-409b-b72d-ad05741a6530,6,0,True,338,26,63.31088573728867
1,ceb129bb-0d55-409b-b72d-ad05741a6530,6,1,True,370,58,63.592489750271184
2,ceb129bb-0d55-409b-b72d-ad05741a6530,6,2,True,391,79,71.09885391212543
3,ceb129bb-0d55-409b-b72d-ad05741a6530,6,3,True,420,108,83.46919553638503
4,ceb129bb-0d55-409b-b72d-ad05741a6530,6,4,True,454,142,74.84859002171311
5,ceb129bb-0d55-409b-b72d-ad05741a6530,6,5,True,476,164,91.28117092457228
6,ceb129bb-0d55-409b-b72d-ad05741a6530,6,6,True,501,189,90.41892448171569
7,ceb129bb-0d55-409b-b72d-ad05741a6530,6,7,True,528,216,140.03039210059615
8,ceb129bb-0d55-409b-b72d-ad05741a6530,6,8,True,557,245,108.25018902382328
9,ceb129bb-0d55-409b-b72d-ad05741a6530,6,9,True,581,269,97.02547509326251
10,ceb129bb-0d55-409b-b72d-ad05741a6530,6,10,True,608,296,180.36487334617493
11,ceb129bb-0d55-409b-b72d-ad05741a6530,6,11,True,631,319,159.82391339127747
12,ceb129bb-0d55-409b-b72d-ad05741a6530,6,12,True,660,348,107.12809811252845
13,ceb129bb-0d55-409b-b72d-ad05741a6530,6,13,True,689,377,151.89801787574038
14,ceb129bb-0d55-409b-b72d-ad05741a6530,6,14,True,714,402,148.89585476509308
15,ceb129bb-0d55-409b-b72d-ad05741a6530,6,15,True,745,433,125.77618833794838
16,ceb129bb-0d55-409b-b72d-ad05741a6530,6,16,True,765,453,145.74210912006856
17,ceb129bb-0d55-409b-b72d-ad05741a6530,6,17,True,789,477,132.0019664458664
18,ceb129bb-0d55-409b-b72d-ad05741a6530,6,18,True,814,502,135.0214458856707
19,ceb129bb-0d55-409b-b72d-ad05741a6530,6,19,True,842,530,98.59577441425711
20,ceb129bb-0d55-409b-b72d-ad05741a6530,6,20,True,880,568,110.45888504456127
21,ceb129bb-0d55-409b-b72d-ad05741a6530,6,21,True,909,597,99.38885397581453
22,ceb129bb-0d55-409b-b72d-ad05741a6530,6,22,True,928,616,91.57009875688891
23,ceb129bb-0d55-409b-b72d-ad05741a6530,6,23,True,943,631,146.17862602401658
24,ceb129bb-0d55-409b-b72d-ad05741a6530,6,24,True,969,657,125.03928082671814
25,ceb129bb-0d55-409b-b72d-ad05741a6530,6,25,True,1003,691,139.3798367012588
26,ceb129bb-0d55-409b-b72d-ad05741a6530,6,26,True,1027,715,120.18212027421293
27,ceb129bb-0d55-409b-b72d-ad05741a6530,6,27,True,1048,736,144.30085138745187
28,ceb129bb-0d55-409b-b72d-ad05741a6530,6,28,True,1080,768,122.13616186575393
29,ceb129bb-0d55-409b-b72d-ad05741a6530,6,29,True,1111,799,201.50956483194614
30,ceb129bb-0d55-409b-b72d-ad05741a6530,6,30,True,1143,831,148.71156942413722
31,ceb129bb-0d55-409b-b72d-ad05741a6530,6,31,True,1168,856,193.33880861442321
32,ceb129bb-0d55-409b-b72d-ad05741a6530,6,32,True,1202,890,162.14237371959666
33,ceb129bb-0d55-409b-b72d-ad05741a6530,6,33,True,1227,915,179.88783899026998
34,ceb129bb-0d55-409b-b72d-ad05741a6530,6,34,True,1252,940,157.14024122233855
35,ceb129bb-0d55-409b-b72d-ad05741a6530,6,35,True,1283,971,178.38890900086813
36,ceb129bb-0d55-409b-b72d-ad05741a6530,6,36,True,1318,1006,197.37007717684446
37,ceb129bb-0d55-409b-b72d-ad05741a6530,6,37,True,1338,1026,173.83499561267104
38,ceb129bb-0d55-409b-b72d-ad05741a6530,6,38,True,1370,1058,198.36481129622393
39,ceb129bb-0d55-409b-b72d-ad05741a6530,6,39,True,1402,1090,157.45998021548075
40,ceb129bb-0d55-409b-b72d-ad05741a6530,6,40,True,1430,1118,191.7765780303871
41,ceb129bb-0d55-409b-b72d-ad05741a6530,6,41,True,1455,1143,181.57524515075784
42,ceb129bb-0d55-409b-b72d-ad05741a6530,6,42,True,1491,1179,189.36174521634007
43,ceb129bb-0d55-409b-b72d-ad05741a6530,6,43,True,1517,1205,147.1980075536885
44,ceb129bb-0d55-409b-b72d-ad05741a6530,6,44,True,1540,1228,189.17015688386186
45,ceb129bb-0d55-409b-b72d-ad05741a6530,6,45,True,1564,1252,124.11578858636176
46,ceb129bb-0d55-409b-b72d-ad05741a6530,6,46,True,1601,1289,174.9310314913007
47,ceb129bb-0d55-409b-b72d-ad05741a6530,6,47,True,1631,1319,138.1342789529217
48,ceb129bb-0d55-409b-b72d-ad05741a6530,6,48,True,1664,1352,165.45678430377689
49,ceb129bb-0d55-409b-b72d-ad05741a6530,6,49,True,1699,1387,192.13753672540224
50,ceb129bb-0d55-409b-b72d-ad05741a6530,6,50,True,1724,1412,144.3177780301728
51,ceb129bb-0d55-409b-b72d-ad05741a6530,6,51,True,1747,1435,131.73095450599112
52,ceb129bb-0d55-409b-b72d-ad05741a6530,6,52,True,1773,1461,199.22236167154892
53,ceb129bb-0d55-409b-b72d-ad05741a6530,6,53,True,1793,1481,156.2226782878513
54,ceb129bb-0d55-409b-b72d-ad05741a6530,6,54,True,1832,1520,167.58624057235215
55,ceb129bb-0d55-409b-b72d-ad05741a6530,6,55,True,1860,1548,188.73281246255078
56,ceb129bb-0d55-409b-b72d-ad05741a6530,6,56,True,1886,1574,160.10810444976073
57,ceb129bb-0d55-409b-b72d-ad05741a6530,6,57,True,1928,1616,146.00318299938226
58,ceb129bb-0d55-409b-b72d-ad05741a6530,6,58,True,1956,1644,112.94760986287838
59,ceb129bb-0d55-409b-b72d-ad05741a6530,6,59,True,1980,1668,114.85404115318079
60,ceb129bb-0d55-409b-b72d-ad05741a6530,6,60,True,2009,1697,146.07256648616794
61,ceb129bb-0d55-409b-b72d-ad05741a6530,6,61,True,2025,1713,150.71885765176148
62,ceb129bb-0d55-409b-b72d-ad05741a6530,6,62,True,2061,1749,145.9309303711268
63,ceb129bb-0d55-409b-b72d-ad05741a6530,6,63,True,2082,1770,142.99637806513533
64,ceb129bb-0d55-409b-b72d-ad05741a6530,6,64,True,2112,1800,209.75788948877334
65,ceb129bb-0d55-409b-b72d-ad05741a6530,6,65,True,2135,1823,189.35411655103053
66,ceb129bb-0d55-409b-b72d-ad05741a6530,6,66,True,2161,1849,157.9573849206838
67,ceb129bb-0d55-409b-b72d-ad05741a6530,6,67,True,2191,1879,204.59194592875156
68,ceb129bb-0d55-409b-b72d-ad05741a6530,6,68,True,2216,1904,182.1976211685269
69,ceb129bb-0d55-409b-b72d-ad05741a6530,6,69,True,2247,1935,193.52678172320066
70,ceb129bb-0d55-409b-b72d-ad05741a6530,6,70,True,2275,1963,170.3477761773861
71,ceb129bb-0d55-409b-b72d-ad05741a6530,6,71,True,2305,1993,150.44613466028295
72,ceb129bb-0d55-409b-b72d-ad05741a6530,6,72,True,2336,2024,150.39372190719905
73,ceb129bb-0d55-409b-b72d-ad05741a6530,6,73,True,2374,2062,152.15395480943926
74,ceb129bb-0d55-409b-b72d-ad05741a6530,6,74,True,2399,2087,158.88674170344893
75,ceb129bb-0d55-409b-b72d-ad05741a6530,6,75,True,2436,2124,141.49620730854258
76,ceb129bb-0d55-409b-b72d-ad05741a6530,6,76,True,2460,2148,115.19228543799727
77,ceb129bb-0d55-409b-b72d-ad05741a6530,6,77,True,2493,2181,152.5980686766493
78,ceb129bb-0d55-409b-b72d-ad05741a6530,6,78,True,2521,2209,132.44616549924876
79,ceb129bb-0d55-409b-b72d-ad05741a6530,6,79,True,2557,2245,139.98694864659228
80,ceb129bb-0d55-409b-b72d-ad05741a6530,6,80,True,2582,2270,125.35625960276457
81,ceb129bb-0d55-409b-b72d-ad05741a6530,6,81,True,2617,2305,113.41582258739754
82,ceb129bb-0d55-409b-b72d-ad05741a6530,6,82,True,2647,2335,133.03585229288637
83,ceb129bb-0d55-409b-b72d-ad05741a6530,6,83,True,2669,2357,130.12141578468572
84,ceb129bb-0d55-409b-b72d-ad05741a6530,6,84,True,2698,2386,108.06657838204228
85,ceb129bb-0d55-409b-b72d-ad05741a6530,6,85,True,2718,2406,137.97392054297552
86,ceb129bb-0d55-409b-b72d-ad05741a6530,6,86,True,2746,2434,120.17640807593762
87,ceb129bb-0d55-409b-b72d-ad05741a6530,6,87,True,2776,2464,137.26731345280677
88,ceb129bb-0d55-409b-b72d-ad05741a6530,6,88,True,2807,2495,121.5319927087221
89,ceb129bb-0d55-409b-b72d-ad05741a6530,6,89,True,2832,2520,141.6998187445738
90,ceb129bb-0d55-409b-b72d-ad05741a6530,6,90,True,2862,2550,125.67086823441423
91,ceb129bb-0d55-409b-b72d-ad05741a6530,6,91,True,2892,2580,106.07606383613756
92,ceb129bb-0d55-409b-b72d-ad05741a6530,6,92,True,2911,2599,141.38586877537819
93,ceb129bb-0d55-409b-b72d-ad05741a6530,6,93,True,2935,2623,120.85810515515413
94,ceb129bb-0d55-409b-b72d-ad05741a6530,6,94,True,2970,2658,117.8912842831669
95,ceb129bb-0d55-409b-b72d-ad05741a6530,6,95,True,3003,2691,148.14735221630872
96,ceb129bb-0d55-409b-b72d-ad05741a6530,6,96,True,3032,2720,136.7438681608137
97,ceb129bb-0d55-409b-b72d-ad05741a6530,6,97,True,3054,2742,126.46368962261886
98,ceb129bb-0d55-409b-b72d-ad05741a6530,6,98,True,3078,2766,148.33863571819438
99,ceb129bb-0d55-409b-b72d-ad05741a6530,6,99,True,3108,2796,124.31351392651777
100,ceb129bb-0d55-409b-b72d-ad05741a6530,6,100,True,3145,2833,115.12774658548051
101,ceb129bb-0d55-409b-b72d-ad05741a6530,6,101,True,3172,2860,138.26149178346805
102,ceb129bb-0d55-409b-b72d-ad05741a6530,6,102,True,3196,2884,122.64010066066021
103,ceb129bb-0d55-409b-b72d-ad05741a6530,6,103,True,3230,2918,119.8420657043007
104,ceb129bb-0d55-409b-b72d-ad05741a6530,6,104,True,3252,2940,108.23668028885504
105,ceb129bb-0d55-409b-b72d-ad05741a6530,6,105,True,3290,2978,110.3715177902859
106,ceb129bb-0d55-409b-b72d-ad05741a6530,6,106,True,3319,3007,99.10780708327457
107,ceb129bb-0d55-409b-b72d-ad05741a6530,6,107,True,3340,3028,142.1824868243907
108,ceb129bb-0d55-409b-b72d-ad05741a6530,6,108,True,3375,3063,139.40035746906688
109,ceb129bb-0d55-409b-b72d-ad05741a6530,6,109,True,3406,3094,88.31277949994137
110,ceb129bb-0d55-409b-b72d-ad05741a6530,6,110,True,3431,3119,166.6656731489852
111,ceb129bb-0d55-409b-b72d-ad05741a6530,6,111,True,3459,3147,115.74947286157521
112,ceb129bb-0d55-409b-b72d-ad05741a6530,6,112,True,3492,3180,108.29433795536625
113,ceb129bb-0d55-409b-b72d-ad05741a6530,6,113,True,3523,3211,159.8789899771864
114,ceb129bb-0d55-409b-b72d-ad05741a6530,6,114,True,3558,3246,127.58464862910478
115,ceb129bb-0d55-409b-b72d-ad05741a6530,6,115,True,3584,3272,149.43899540469465
116,ceb129bb-0d55-409b-b72d-ad05741a6530,6,116,True,3613,3301,108.59081854345686
117,ceb129bb-0d55-409b-b72d-ad05741a6530,6,117,True,3640,3328,104.87775242592443
118,ceb129bb-0d55-409b-b72d-ad05741a6530,6,118,True,3664,3352,121.48582296976883
119,ceb129bb-0d55-409b-b72d-ad05741a6530,6,119,True,3676,3364,94.1194327437488
120,ceb129bb-0d55-409b-b72d-ad05741a6530,6,120,True,3709,3397,151.02254138251237
121,ceb129bb-0d55-409b-b72d-ad05741a6530,6,121,True,3730,3418,132.28810648254876
122,ceb129bb-0d55-409b-b72d-ad05741a6530,6,122,True,3762,3450,174.43052820671664
123,ceb129bb-0d55-409b-b72d-ad05741a6530,6,123,True,3792,3480,123.92793493093905
124,ceb129bb-0d55-409b-b72d-ad05741a6530,6,124,True,3820,3508,143.25043405907672
125,ceb129bb-0d55-409b-b72d-ad05741a6530,6,125,True,3848,3536,145.3826587757967
126,ceb129bb-0d55-409b-b72d-ad05741a6530,6,126,True,3881,3569,146.47312150764992
127,ceb129bb-0d55-409b-b72d-ad05741a6530,6,127,True,3908,3596,136.1317197254184
128,ceb129bb-0d55-409b-b72d-ad05741a6530,6,128,True,3942,3630,171.67729682036907
129,ceb129bb-0d55-409b-b72d-ad05741a6530,6,129,True,3968,3656,116.43242205159731
130,ceb129bb-0d55-409b-b72d-ad05741a6530,6,130,True,3990,3678,179.92007819171795
131,ceb129bb-0d55-409b-b72d-ad05741a6530,6,131,True,4018,3706,115.28473093301409
132,ceb129bb-0d55-409b-b72d-ad05741a6530,6,132,True,4048,3736,179.58755018844158
133,ceb129bb-0d55-409b-b72d-ad05741a6530,6,133,True,4088,3776,115.52550878873353
134,ceb129bb-0d55-409b-b72d-ad05741a6530,6,134,True,4117,3805,161.7429911712402
135,ceb129bb-0d55-409b-b72d-ad05741a6530,6,135,True,4143,3831,117.62834172626617
136,ceb129bb-0d55-409b-b72d-ad05741a6530,6,136,True,4168,3856,163.9036806266654
137,ceb129bb-0d55-409b-b72d-ad05741a6530,6,137,True,4183,3871,120.37825322387198
138,ceb129bb-0d55-409b-b72d-ad05741a6530,6,138,True,4217,3905,145.92751490456203
139,ceb129bb-0d55-409b-b72d-ad05741a6530,6,139,True,4244,3932,140.83878902650122
140,ceb129bb-0d55-409b-b72d-ad05741a6530,6,140,True,4272,3960,139.42783046782733
141,ceb129bb-0d55-409b-b72d-ad05741a6530,6,141,True,4294,3982,142.54036024759716
142,ceb129bb-0d55-409b-b72d-ad05741a6530,6,142,True,4320,4008,126.27612256570956
143,ceb129bb-0d55-409b-b72d-ad05741a6530,6,143,True,4350,4038,138.70972343957055
144,ceb129bb-0d55-409b-b72d-ad05741a6530,6,144,True,4376,4064,140.52499197155612
145,ceb129bb-0d55-409b-b72d-ad05741a6530,6,145,True,4404,4092,109.14864301064335
146,ceb129bb-0d55-409b-b72d-ad05741a6530,6,146,True,4434,4122,132.09810110674061
147,ceb129bb-0d55-409b-b72d-ad05741a6530,6,147,True,4452,4140,127.42900961845407
148,ceb129bb-0d55-409b-b72d-ad05741a6530,6,148,True,4490,4178,153.8224807127781
149,ceb129bb-0d55-409b-b72d-ad05741a6530,6,149,True,4516,4204,125.17724877758064
150,ceb129bb-0d55-409b-b72d-ad05741a6530,6,150,True,4543,4231,179.316545816293
151,ceb129bb-0d55-409b-b72d-ad05741a6530,6,151,True,4581,4269,134.47341352706553
152,ceb129bb-0d55-409b-b72d-ad05741a6530,6,152,True,4603,4291,143.9439956480128
153,ceb129bb-0d55-409b-b72d-ad05741a6530,6,153,True,4623,4311,118.83519824165069
154,ceb129bb-0d55-409b-b72d-ad05741a6530,6,154,True,4642,4330,192.18715976288695
155,ceb129bb-0d55-409b-b72d-ad05741a6530,6,155,True,4660,4348,121.58204989669866
156,ceb129bb-0d55-409b-b72d-ad05741a6530,6,156,True,4694,4382,115.03352842667664
157,ceb129bb-0d55-409b-b72d-ad05741a6530,6,157,True,4727,4415,161.0160557243662
158,ceb129bb-0d55-409b-b72d-ad05741a6530,6,158,True,4747,4435,186.89927969503424
159,ceb129bb-0d55-409b-b72d-ad05741a6530,6,159,True,4777,4465,141.39978763860017
160,ceb129bb-0d55-409b-b72d-ad05741a6530,6,160,True,4801,4489,159.8100866033692
161,ceb129bb-0d55-409b-b72d-ad05741a6530,6,161,True,4827,4515,164.98893959844736
162,ceb129bb-0d55-409b-b72d-ad05741a6530,6,162,True,4852,4540,136.32128952619132
163,ceb129bb-0d55-409b-b72d-ad05741a6530,6,163,True,4886,4574,155.6304486350009
164,ceb129bb-0d55-409b-b72d-ad05741a6530,6,164,True,4918,4606,152.1769319880641
165,ceb129bb-0d55-409b-b72d-ad05741a6530,6,165,True,4938,4626,152.32616909161152
166,ceb129bb-0d55-409b-b72d-ad05741a6530,6,166,True,4966,4654,152.7864482836776
167,ceb129bb-0d55-409b-b72d-ad05741a6530,6,167,True,4991,4679,124.98522939089344
168,ceb129bb-0d55-409b-b72d-ad05741a6530,6,168,True,5017,4705,142.27558942676296
169,ceb129bb-0d55-409b-b72d-ad05741a6530,6,169,True,5053,4741,115.3717469598796
170,ceb129bb-0d55-409b-b72d-ad05741a6530,6,170,True,5078,4766,155.28219423057726
171,ceb129bb-0d55-409b-b72d-ad05741a6530,6,171,True,5118,4806,162.86439904429426
172,ceb129bb-0d55-409b-b72d-ad05741a6530,6,172,True,5148,4836,162.92007721958544
173,ceb129bb-0d55-409b-b72d-ad05741a6530,6,173,True,5172,4860,159.09999517481356
174,ceb129bb-0d55-409b-b72d-ad05741a6530,6,174,True,5202,4890,163.57916586431747
175,ceb129bb-0d55-409b-b72d-ad05741a6530,6,175,True,5221,4909,113.05744005883571
176,ceb129bb-0d55-409b-b72d-ad05741a6530,6,176,True,5238,4926,146.2216440440343
177,ceb129bb-0d55-409b-b72d-ad05741a6530,6,177,True,5265,4953,166.34724805144742
178,ceb129bb-0d55-409b-b72d-ad05741a6530,6,178,True,5290,4978,115.74614166049014
179,ceb129bb-0d55-409b-b72d-ad05741a6530,6,179,True,5311,4999,167.24263441003768
180,ceb129bb-0d55-409b-b72d-ad05741a6530,6,180,True,5341,5029,139.5506400382219
181,ceb129bb-0d55-409b-b72d-ad05741a6530,6,181,True,5360,5048,128.2360789665281
182,ceb129bb-0d55-409b-b72d-ad05741a6530,6,182,True,5391,5079,111.50311237546521
183,ceb129bb-0d55-409b-b72d-ad05741a6530,6,183,True,5417,5105,128.11096913431447
184,ceb129bb-0d55-409b-b72d-ad05741a6530,6,184,True,5443,5131,184.93370350932946
185,ceb129bb-0d55-409b-b72d-ad05741a6530,6,185,True,5475,5163,127.03672799278411
186,ceb129bb-0d55-409b-b72d-ad05741a6530,6,186,True,5502,5190,172.52662533679904
187,ceb129bb-0d55-409b-b72d-ad05741a6530,6,187,True,5522,5210,108.4342942220701
188,ceb129bb-0d55-409b-b72d-ad05741a6530,6,188,True,5539,5227,144.13661257633794
189,ceb129bb-0d55-409b-b72d-ad05741a6530,6,189,True,5559,5247,119.91194112889934
190,ceb129bb-0d55-409b-b72d-ad05741a6530,6,190,True,5591,5279,146.13977937893196
191,ceb129bb-0d55-409b-b72d-ad05741a6530,6,191,True,5633,5321,116.8531614261592
192,ceb129bb-0d55-409b-b72d-ad05741a6530,6,192,True,5657,5345,171.5992850830262
193,ceb129bb-0d55-409b-b72d-ad05741a6530,6,193,True,5675,5363,153.5992850830262
194,ceb129bb-0d55-409b-b72d-ad05741a6530,6,194,True,5705,5393,119.05936626485254
195,ceb129bb-0d55-409b-b72d-ad05741a6530,6,195,True,5732,5420,163.96987913165685
196,ceb129bb-0d55-409b-b72d-ad05741a6530,6,196,True,5761,5449,121.63353998296316
197,ceb129bb-0d55-409b-b72d-ad05741a6530,6,197,True,5776,5464,145.13973264388187
198,ceb129bb-0d55-409b-b72d-ad05741a6530,6,198,True,5815,5503,123.23873521253427
199,ceb129bb-0d55-409b-b72d-ad05741a6530,6,199,True,5842,5530,147.16172955921138
200,ceb129bb-0d55-409b-b72d-ad05741a6530,6,200,True,5866,5554,128.05924172850155
201,ceb129bb-0d55-409b-b72d-ad05741a6530,6,201,True,5893,5581,148.88724558884314
202,ceb129bb-0d55-409b-b72d-ad05741a6530,6,202,True,5922,5610,134.1380779959154
203,ceb129bb-0d55-409b-b72d-ad05741a6530,6,203,True,5953,5641,105.56833481121885
204,ceb129bb-0d55-409b-b72d-ad05741a6530,6,204,True,5978,5666,128.7994825526921
205,ceb129bb-0d55-409b-b72d-ad05741a6530,6,205,True,6009,5697,106.64506865929343
206,ceb129bb-0d55-409b-b72d-ad05741a6530,6,206,True,6045,5733,111.66705209691372
207,ceb129bb-0d55-409b-b72d-ad05741a6530,6,207,True,6084,5772,94.31072558615415
208,ceb129bb-0d55-409b-b72d-ad05741a6530,6,208,True,6113,5801,157.1611146102914
209,ceb129bb-0d55-409b-b72d-ad05741a6530,6,209,True,6128,5816,144.59107641570608
210,ceb129bb-0d55-409b-b72d-ad05741a6530,6,210,True,6154,5842,195.3011407409058
211,ceb129bb-0d55-409b-b72d-ad05741a6530,6,211,True,6183,5871,136.13693223264545
212,ceb129bb-0d55-409b-b72d-ad05741a6530,6,212,True,6217,5905,140.4750506932396
213,ceb129bb-0d55-409b-b72d-ad05741a6530,6,213,True,6243,5931,133.33458645195333
214,ceb129bb-0d55-409b-b72d-ad05741a6530,6,214,True,6277,5965,124.73652636321367
215,ceb129bb-0d55-409b-b72d-ad05741a6530,6,215,True,6304,5992,106.08480805876934
216,ceb129bb-0d55-409b-b72d-ad05741a6530,6,216,True,6344,6032,216.8201611639306
217,ceb129bb-0d55-409b-b72d-ad05741a6530,6,217,True,6367,6055,164.11407800818324
218,ceb129bb-0d55-409b-b72d-ad05741a6530,6,218,True,6397,6085,220.61885634961436
219,ceb129bb-0d55-409b-b72d-ad05741a6530,6,219,True,6417,6105,198.4809731029345
220,ceb129bb-0d55-409b-b72d-ad05741a6530,6,220,True,6445,6133,244.12715009652493
221,ceb129bb-0d55-409b-b72d-ad05741a6530,6,221,True,6473,6161,213.58477569426577
222,ceb129bb-0d55-409b-b72d-ad05741a6530,6,222,True,6502,6190,179.05183063307686
223,ceb129bb-0d55-409b-b72d-ad05741a6530,6,223,True,6537,6225,215.91253992897964
224,ceb129bb-0d55-409b-b72d-ad05741a6530,6,224,True,6558,6246,219.81420720657388
225,ceb129bb-0d55-409b-b72d-ad05741a6530,6,225,True,6590,6278,162.91253992897964
226,ceb129bb-0d55-409b-b72d-ad05741a6530,6,226,True,6621,6309,159.38806594641483
227,ceb129bb-0d55-409b-b72d-ad05741a6530,6,227,True,6642,6330,186.13424710056916
228,ceb129bb-0d55-409b-b72d-ad05741a6530,6,228,True,6667,6355,255.93763026373836
229,ceb129bb-0d55-409b-b72d-ad05741a6530,6,229,True,6693,6381,191.1164817086983
230,ceb129bb-0d55-409b-b72d-ad05741a6530,6,230,True,6729,6417,193.93763026373836
231,ceb129bb-0d55-409b-b72d-ad05741a6530,6,231,True,6757,6445,175.87934728846085
232,ceb129bb-0d55-409b-b72d-ad05741a6530,6,232,True,6783,6471,193.08518087043376
233,ceb129bb-0d55-409b-b72d-ad05741a6530,6,233,True,6811,6499,175.63372742904176
234,ceb129bb-0d55-409b-b72d-ad05741a6530,6,234,True,6839,6527,188.65008985540317
235,ceb129bb-0d55-409b-b72d-ad05741a6530,6,235,True,6869,6557,161.13516624991826
236,ceb129bb-0d55-409b-b72d-ad05741a6530,6,236,True,6887,6575,143.13516624991826
237,ceb129bb-0d55-409b-b72d-ad05741a6530,6,237,True,6908,6596,221.70950384284788
238,ceb129bb-0d55-409b-b72d-ad05741a6530,6,238,True,6929,6617,124.15951409873651
239,ceb129bb-0d55-409b-b72d-ad05741a6530,6,239,True,6951,6639,184.29455386953123
240,ceb129bb-0d55-409b-b72d-ad05741a6530,6,240,True,6987,6675,129.67961407352504
241,ceb129bb-0d55-409b-b72d-ad05741a6530,6,241,True,7017,6705,168.10790005541548
242,ceb129bb-0d55-409b-b72d-ad05741a6530,6,242,True,7039,6727,128.53311892767942
243,ceb129bb-0d55-409b-b72d-ad05741a6530,6,243,True,7061,6749,183.73039387664812
244,ceb129bb-0d55-409b-b72d-ad05741a6530,6,244,True,7083,6771,141.40674798549844
245,ceb129bb-0d55-409b-b72d-ad05741a6530,6,245,True,7103,6791,171.03519145163955
246,ceb129bb-0d55-409b-b72d-ad05741a6530,6,246,True,7126,6814,153.14880886298306
247,ceb129bb-0d55-409b-b72d-ad05741a6530,6,247,True,7154,6842,102.84569725645815
248,ceb129bb-0d55-409b-b72d-ad05741a6530,6,248,True,7184,6872,125.03815937669424
249,ceb129bb-0d55-409b-b72d-ad05741a6530,6,249,True,7201,6889,129.16868855593566
250,ceb129bb-0d55-409b-b72d-ad05741a6530,6,250,True,7234,6922,116.95110434148955
251,ceb129bb-0d55-409b-b72d-ad05741a6530,6,251,True,7256,6944,104.17399669968381
252,ceb129bb-0d55-409b-b72d-ad05741a6530,6,252,True,7282,6970,156.68737633955607
253,ceb129bb-0d55-409b-b72d-ad05741a6530,6,253,True,7312,7000,193.9623374573357
254,ceb129bb-0d55-409b-b72d-ad05741a6530,6,254,True,7339,7027,146.27287439674728
255,ceb129bb-0d55-409b-b72d-ad05741a6530,6,255,True,7353,7041,169.02323825004532
256,ceb129bb-0d55-409b-b72d-ad05741a6530,6,256,True,7381,7069,166.4729147269636
257,ceb129bb-0d55-409b-b72d-ad05741a6530,6,257,True,7401,7089,154.86937327882697
258,ceb129bb-0d55-409b-b72d-ad05741a6530,6,258,True,7429,7117,180.02012367941916
259,ceb129bb-0d55-409b-b72d-ad05741a6530,6,259,True,7453,7141,152.86227676785256
260,ceb129bb-0d55-409b-b72d-ad05741a6530,6,260,True,7476,7164,133.02012367941916
261,ceb129bb-0d55-409b-b72d-ad05741a6530,6,261,True,7505,7193,148.81533454567307
262,ceb129bb-0d55-409b-b72d-ad05741a6530,6,262,True,7538,7226,165.91723356228158
263,ceb129bb-0d55-409b-b72d-ad05741a6530,6,263,True,7557,7245,155.91794818162998
264,ceb129bb-0d55-409b-b72d-ad05741a6530,6,264,True,7586,7274,177.26422188294873
265,ceb129bb-0d55-409b-b72d-ad05741a6530,6,265,True,7613,7301,165.07618043811635
266,ceb129bb-0d55-409b-b72d-ad05741a6530,6,266,True,7637,7325,164.45156997686354
267,ceb129bb-0d55-409b-b72d-ad05741a6530,6,267,True,7667,7355,140.67361741145578
268,ceb129bb-0d55-409b-b72d-ad05741a6530,6,268,True,7696,7384,175.39478249944386
269,ceb129bb-0d55-409b-b72d-ad05741a6530,6,269,True,7716,7404,108.05169025951454
270,ceb129bb-0d55-409b-b72d-ad05741a6530,6,270,True,7739,7427,138.95666925117712
271,ceb129bb-0d55-409b-b72d-ad05741a6530,6,271,True,7761,7449,121.35957509601758
272,ceb129bb-0d55-409b-b72d-ad05741a6530,6,272,True,7780,7468,167.12317183446976
273,ceb129bb-0d55-409b-b72d-ad05741a6530,6,273,True,7800,7488,131.28232712577483
274,ceb129bb-0d55-409b-b72d-ad05741a6530,6,274,True,7833,7521,162.79321871812044
275,ceb129bb-0d55-409b-b72d-ad05741a6530,6,275,True,7855,7543,137.73666502496508
276,ceb129bb-0d55-409b-b72d-ad05741a6530,6,276,True,7892,7580,169.33341865209604
277,ceb129bb-0d55-409b-b72d-ad05741a6530,6,277,True,7921,7609,185.70897408824112
278,ceb129bb-0d55-409b-b72d-ad05741a6530,6,278,True,7953,7641,159.88670991136223
279,ceb129bb-0d55-409b-b72d-ad05741a6530,6,279,True,7978,7666,152.3045505370992
280,ceb129bb-0d55-409b-b72d-ad05741a6530,6,280,True,8006,7694,182.43216809718433
281,ceb129bb-0d55-409b-b72d-ad05741a6530,6,281,True,8026,7714,210.63462283272474
282,ceb129bb-0d55-409b-b72d-ad05741a6530,6,282,True,8050,7738,184.0890052040486
283,ceb129bb-0d55-409b-b72d-ad05741a6530,6,283,True,8071,7759,120.04467292503159
284,ceb129bb-0d55-409b-b72d-ad05741a6530,6,284,True,8099,7787,158.06149813732463
285,ceb129bb-0d55-409b-b72d-ad05741a6530,6,285,True,8124,7812,164.3668274772599
286,ceb129bb-0d55-409b-b72d-ad05741a6530,6,286,True,8149,7837,158.35892431873071
287,ceb129bb-0d55-409b-b72d-ad05741a6530,6,287,True,8173,7861,162.77539934500055
288,ceb129bb-0d55-409b-b72d-ad05741a6530,6,288,True,8205,7893,152.21331684868164
289,ceb129bb-0d55-409b-b72d-ad05741a6530,6,289,True,8232,7920,161.18180057021164
290,ceb129bb-0d55-409b-b72d-ad05741a6530,6,290,True,8257,7945,133.67035371860675
291,ceb129bb-0d55-409b-b72d-ad05741a6530,6,291,True,8278,7966,171.00666433002152
292,ceb129bb-0d55-409b-b72d-ad05741a6530,6,292,True,8316,8004,150.68317730384206
293,ceb129bb-0d55-409b-b72d-ad05741a6530,6,293,True,8334,8022,144.34190733342166
294,ceb129bb-0d55-409b-b72d-ad05741a6530,6,294,True,8363,8051,152.48084102790017
295,ceb129bb-0d55-409b-b72d-ad05741a6530,6,295,True,8384,8072,181.4024320309527
296,ceb129bb-0d55-409b-b72d-ad05741a6530,6,296,True,8407,8095,175.5752031896427
297,ceb129bb-0d55-409b-b72d-ad05741a6530,6,297,True,8429,8117,162.56548641487643
298,ceb129bb-0d55-409b-b72d-ad05741a6530,6,298,True,8459,8147,135.27390377497613
299,ceb129bb-0d55-409b-b72d-ad05741a6530,6,299,True,8484,8172,149.17604380571356
300,ceb129bb-0d55-409b-b72d-ad05741a6530,6,300,True,8510,8198,135.58452125491567
301,ceb129bb-0d55-409b-b72d-ad05741a6530,6,301,True,8537,8225,197.3618030214584
302,ceb129bb-0d55-409b-b72d-ad05741a6530,6,302,True,8564,8252,147.44719518063903
303,ceb129bb-0d55-409b-b72d-ad05741a6530,6,303,True,8596,8284,199.6786292973411
304,ceb129bb-0d55-409b-b72d-ad05741a6530,6,304,True,8622,8310,143.12502767648766
305,ceb129bb-0d55-409b-b72d-ad05741a6530,6,305,True,8658,8346,157.9259269807444
306,ceb129bb-0d55-409b-b72d-ad05741a6530,6,306,True,8688,8376,131.6451641646745
307,ceb129bb-0d55-409b-b72d-ad05741a6530,6,307,True,8709,8397,160.0784683822294
308,ceb129bb-0d55-409b-b72d-ad05741a6530,6,308,True,8739,8427,173.09516958805943
309,ceb129bb-0d55-409b-b72d-ad05741a6530,6,309,True,8760,8448,149.88517929528825
310,ceb129bb-0d55-409b-b72d-ad05741a6530,6,310,True,8784,8472,136.87310663507924
311,ceb129bb-0d55-409b-b72d-ad05741a6530,6,311,True,8809,8497,185.37426786742253
312,ceb129bb-0d55-409b-b72d-ad05741a6530,6,312,True,8830,8518,191.0701411577429
313,ceb129bb-0d55-409b-b72d-ad05741a6530,6,313,True,8863,8551,158.0701411577429
314,ceb129bb-0d55-409b-b72d-ad05741a6530,6,314,True,8886,8574,235.45933845430955
315,ceb129bb-0d55-409b-b72d-ad05741a6530,6,315,True,8917,8605,168.39359944091666
316,ceb129bb-0d55-409b-b72d-ad05741a6530,6,316,True,8948,8636,173.45933845430955
317,ceb129bb-0d55-409b-b72d-ad05741a6530,6,317,True,8972,8660,198.94032203828283
318,ceb129bb-0d55-409b-b72d-ad05741a6530,6,318,True,9001,8689,159.98220824553937
319,ceb129bb-0d55-409b-b72d-ad05741a6530,6,319,True,9028,8716,136.57427105492934
320,ceb129bb-0d55-409b-b72d-ad05741a6530,6,320,True,9049,8737,167.71095206754217
321,ceb129bb-0d55-409b-b72d-ad05741a6530,6,321,True,9077,8765,186.8353859768431
322,ceb129bb-0d55-409b-b72d-ad05741a6530,6,322,True,9115,8803,127.33709212231406
323,ceb129bb-0d55-409b-b72d-ad05741a6530,6,323,True,9146,8834,120.36780284876295
324,ceb129bb-0d55-409b-b72d-ad05741a6530,6,324,True,9175,8863,114.58360845604147
325,ceb129bb-0d55-409b-b72d-ad05741a6530,6,325,True,9202,8890,150.34903704131466
326,ceb129bb-0d55-409b-b72d-ad05741a6530,6,326,True,9229,8917,140.05139736745878
327,ceb129bb-0d55-409b-b72d-ad05741a6530,6,327,True,9250,8938,156.3040608715237
328,ceb129bb-0d55-409b-b72d-ad05741a6530,6,328,True,9285,8973,136.2011573136515
329,ceb129bb-0d55-409b-b72d-ad05741a6530,6,329,True,9314,9002,109.33012951329147
330,ceb129bb-0d55-409b-b72d-ad05741a6530,6,330,True,9331,9019,127.97570379673925
331,ceb129bb-0d55-409b-b72d-ad05741a6530,6,331,True,9364,9052,111.51472125188229
332,ceb129bb-0d55-409b-b72d-ad05741a6530,6,332,True,9389,9077,108.03548224004226
333,ceb129bb-0d55-409b-b72d-ad05741a6530,6,333,True,9417,9105,150.33110451696848
334,ceb129bb-0d55-409b-b72d-ad05741a6530,6,334,True,9442,9130,145.5516698839765
335,ceb129bb-0d55-409b-b72d-ad05741a6530,6,335,True,9474,9162,145.46648043710775
336,ceb129bb-0d55-409b-b72d-ad05741a6530,6,336,True,9497,9185,138.98348835772413
337,ceb129bb-0d55-409b-b72d-ad05741a6530,6,337,True,9518,9206,124.38908891232677
338,ceb129bb-0d55-409b-b72d-ad05741a6530,6,338,True,9546,9234,158.66031120810112
339,ceb129bb-0d55-409b-b72d-ad05741a6530,6,339,True,9583,9271,132.81479841431428
340,ceb129bb-0d55-409b-b72d-ad05741a6530,6,340,True,9612,9300,133.71354480235823
341,ceb129bb-0d55-409b-b72d-ad05741a6530,6,341,True,9633,9321,137.3547689548377
342,ceb129bb-0d55-409b-b72d-ad05741a6530,6,342,True,9661,9349,120.0659882552427
343,ceb129bb-0d55-409b-b72d-ad05741a6530,6,343,True,9679,9367,117.87653614796909
344,ceb129bb-0d55-409b-b72d-ad05741a6530,6,344,True,9702,9390,178.90931004640515
345,ceb129bb-0d55-409b-b72d-ad05741a6530,6,345,True,9725,9413,137.82058807415524
346,ceb129bb-0d55-409b-b72d-ad05741a6530,6,346,True,9754,9442,134.66841265313815
347,ceb129bb-0d55-409b-b72d-ad05741a6530,6,347,True,9786,9474,111.57774680788134
348,ceb129bb-0d55-409b-b72d-ad05741a6530,6,348,True,9814,9502,131.33783894883163
349,ceb129bb-0d55-409b-b72d-ad05741a6530,6,349,True,9840,9528,117.58865389710991
350,ceb129bb-0d55-409b-b72d-ad05741a6530,6,350,True,9861,9549,131.7339421472807
351,ceb129bb-0d55-409b-b72d-ad05741a6530,6,351,True,9887,9575,123.50830403867076
352,ceb129bb-0d55-409b-b72d-ad05741a6530,6,352,True,9917,9605,129.81413347527268
353,ceb129bb-0d55-409b-b72d-ad05741a6530,6,353,True,9948,9636,112.28131064359877
354,ceb129bb-0d55-409b-b72d-ad05741a6530,6,354,True,9971,9659,114.76356133574154
355,ceb129bb-0d55-409b-b72d-ad05741a6530,6,355,True,10004,9692,99.82863755474682
356,ceb129bb-0d55-409b-b72d-ad05741a6530,6,356,True,10034,9722,99.72190486159161
357,ceb129bb-0d55-409b-b72d-ad05741a6530,6,357,True,10054,9742,148.619683758885
358,ceb129bb-0d55-409b-b72d-ad05741a6530,6,358,True,10085,9773,127.29475647298023
359,ceb129bb-0d55-409b-b72d-ad05741a6530,6,359,True,10119,9807,125.74488735935665
360,ceb129bb-0d55-409b-b72d-ad05741a6530,6,360,True,10149,9837,153.34168319025412
361,ceb129bb-0d55-409b-b72d-ad05741a6530,6,361,True,10172,9860,157.85338146907816
362,ceb129bb-0d55-409b-b72d-ad05741a6530,6,362,True,10194,9882,138.99944660589244
363,ceb129bb-0d55-409b-b72d-ad05741a6530,6,363,True,10220,9908,163.83590612739317
364,ceb129bb-0d55-409b-b72d-ad05741a6530,6,364,True,10253,9941,132.9799186353266
365,ceb129bb-0d55-409b-b72d-ad05741a6530,6,365,True,10277,9965,156.64217078693946
366,ceb129bb-0d55-409b-b72d-ad05741a6530,6,366,True,10306,9994,129.95234552068723
367,ceb129bb-0d55-409b-b72d-ad05741a6530,6,367,True,10336,10024,149.64744926738058
368,ceb129bb-0d55-409b-b72d-ad05741a6530,6,368,True,10365,10053,123.19680631947267
369,ceb129bb-0d55-409b-b72d-ad05741a6530,6,369,True,10397,10085,111.59415178147356
370,ceb129bb-0d55-409b-b72d-ad05741a6530,6,370,True,10432,10120,104.41735008655814
371,ceb129bb-0d55-409b-b72d-ad05741a6530,6,371,True,10459,10147,141.91658661081783
372,ceb129bb-0d55-409b-b72d-ad05741a6530,6,372,True,10483,10171,136.74845027867377
373,ceb129bb-0d55-409b-b72d-ad05741a6530,6,373,True,10513,10201,145.54895281023892
374,ceb129bb-0d55-409b-b72d-ad05741a6530,6,374,True,10534,10222,137.39822423470105
375,ceb129bb-0d55-409b-b72d-ad05741a6530,6,375,True,10556,10244,134.36377181316675
376,ceb129bb-0d55-409b-b72d-ad05741a6530,6,376,True,10576,10264,122.06658428450282
377,ceb129bb-0d55-409b-b72d-ad05741a6530,6,377,True,10600,10288,142.72348389213948
378,ceb129bb-0d55-409b-b72d-ad05741a6530,6,378,True,10630,10318,122.09812525506095
379,ceb129bb-0d55-409b-b72d-ad05741a6530,6,379,True,10653,10341,111.9520564844006
380,ceb129bb-0d55-409b-b72d-ad05741a6530,6,380,True,10688,10376,141.1068970653505
381,ceb129bb-0d55-409b-b72d-ad05741a6530,6,381,True,10717,10405,131.22737138962293
382,ceb129bb-0d55-409b-b72d-ad05741a6530,6,382,True,10743,10431,151.72875239441055
383,ceb129bb-0d55-409b-b72d-ad05741a6530,6,383,True,10771,10459,129.25533422800436
384,ceb129bb-0d55-409b-b72d-ad05741a6530,6,384,True,10793,10481,160.56274323758043
385,ceb129bb-0d55-409b-b72d-ad05741a6530,6,385,True,10812,10500,158.05538505332697
386,ceb129bb-0d55-409b-b72d-ad05741a6530,6,386,True,10835,10523,143.78818918556317
387,ceb129bb-0d55-409b-b72d-ad05741a6530,6,387,True,10859,10547,165.1952765056467
388,ceb129bb-0d55-409b-b72d-ad05741a6530,6,388,True,10890,10578,152.3007795150079
389,ceb129bb-0d55-409b-b72d-ad05741a6530,6,389,True,10919,10607,120.89059326819552
390,ceb129bb-0d55-409b-b72d-ad05741a6530,6,390,True,10951,10639,128.31314320404454
391,ceb129bb-0d55-409b-b72d-ad05741a6530,6,391,True,10980,10668,134.09450577133975
392,ceb129bb-0d55-409b-b72d-ad05741a6530,6,392,True,11008,10696,112.33940328620156
393,ceb129bb-0d55-409b-b72d-ad05741a6530,6,393,True,11033,10721,129.13498595401143
394,ceb129bb-0d55-409b-b72d-ad05741a6530,6,394,True,11053,10741,138.7527943025707
395,ceb129bb-0d55-409b-b72d-ad05741a6530,6,395,True,11084,10772,171.06836122541608
396,ceb129bb-0d55-409b-b72d-ad05741a6530,6,396,True,11115,10803,137.74140800325767
397,ceb129bb-0d55-409b-b72d-ad05741a6530,6,397,True,11138,10826,119.87942944527822
398,ceb129bb-0d55-409b-b72d-ad05741a6530,6,398,True,11171,10859,142.78856771424398
399,ceb129bb-0d55-409b-b72d-ad05741a6530,6,399,True,11195,10883,157.51255021397628
400,ceb129bb-0d55-409b-b72d-ad05741a6530,6,400,True,11220,10908,161.70438873971216
401,ceb129bb-0d55-409b-b72d-ad05741a6530,6,401,True,11257,10945,115.87672399849362
402,ceb129bb-0d55-409b-b72d-ad05741a6530,6,402,True,11296,10984,107.81493725677865
403,ceb129bb-0d55-409b-b72d-ad05741a6530,6,403,True,11318,11006,142.8797813507408
404,ceb129bb-0d55-409b-b72d-ad05741a6530,6,404,True,11353,11041,163.2895139212451
405,ceb129bb-0d55-409b-b72d-ad05741a6530,6,405,True,11386,11074,147.946967308304
406,ceb129bb-0d55-409b-b72d-ad05741a6530,6,406,True,11410,11098,126.20624783459971
407,ceb129bb-0d55-409b-b72d-ad05741a6530,6,407,True,11449,11137,114.02331957197384
408,ceb129bb-0d55-409b-b72d-ad05741a6530,6,408,True,11471,11159,116.97146992645503
409,ceb129bb-0d55-409b-b72d-ad05741a6530,6,409,True,11508,11196,105.5466539072022
410,ceb129bb-0d55-409b-b72d-ad05741a6530,6,410,True,11539,11227,126.12411964508283
411,ceb129bb-0d55-409b-b72d-ad05741a6530,6,411,True,11578,11266,96.40363724001509
412,ceb129bb-0d55-409b-b72d-ad05741a6530,6,412,True,11612,11300,99.93017393987975
413,ceb129bb-0d55-409b-b72d-ad05741a6530,6,413,True,11637,11325,87.3473977364356
414,ceb129bb-0d55-409b-b72d-ad05741a6530,6,414,True,11660,11348,130.23013125113357
415,ceb129bb-0d55-409b-b72d-ad05741a6530,6,415,True,11685,11373,107.5000784749027
416,ceb129bb-0d55-409b-b72d-ad05741a6530,6,416,True,11703,11391,139.33376875944123
417,ceb129bb-0d55-409b-b72d-ad05741a6530,6,417,True,11731,11419,113.91403891228583
418,ceb129bb-0d55-409b-b72d-ad05741a6530,6,418,True,11756,11444,158.36573673290877
419,ceb129bb-0d55-409b-b72d-ad05741a6530,6,419,True,11791,11479,126.79655154737702
420,ceb129bb-0d55-409b-b72d-ad05741a6530,6,420,True,11814,11502,224.03095412563744
421,ceb129bb-0d55-409b-b72d-ad05741a6530,6,421,True,11849,11537,123.96922733085012
422,ceb129bb-0d55-409b-b72d-ad05741a6530,6,422,True,11884,11572,156.49714639330705
423,ceb129bb-0d55-409b-b72d-ad05741a6530,6,423,True,11922,11610,170.16731247139614
424,ceb129bb-0d55-409b-b72d-ad05741a6530,6,424,True,11954,11642,186.91159653887007
425,ceb129bb-0d55-409b-b72d-ad05741a6530,6,425,True,11981,11669,159.91159653887007
426,ceb129bb-0d55-409b-b72d-ad05741a6530,6,426,True,12013,11701,130.27190042421535
427,ceb129bb-0d55-409b-b72d-ad05741a6530,6,427,True,12039,11727,154.55496920506084
428,ceb129bb-0d55-409b-b72d-ad05741a6530,6,428,True,12062,11750,129.31216206183672
429,ceb129bb-0d55-409b-b72d-ad05741a6530,6,429,True,12087,11775,136.63984400704248
430,ceb129bb-0d55-409b-b72d-ad05741a6530,6,430,True,12111,11799,154.9387368125681
431,ceb129bb-0d55-409b-b72d-ad05741a6530,6,431,True,12126,11814,137.60135778246695
432,ceb129bb-0d55-409b-b72d-ad05741a6530,6,432,True,12152,11840,135.73740460251793
433,ceb129bb-0d55-409b-b72d-ad05741a6530,6,433,True,12185,11873,133.81437979884868
434,ceb129bb-0d55-409b-b72d-ad05741a6530,6,434,True,12211,11899,158.89119447117446
435,ceb129bb-0d55-409b-b72d-ad05741a6530,6,435,True,12250,11938,114.73855285828904
436,ceb129bb-0d55-409b-b72d-ad05741a6530,6,436,True,12279,11967,115.72906962755224
437,ceb129bb-0d55-409b-b72d-ad05741a6530,6,437,True,12318,12006,132.40374157421502
438,ceb129bb-0d55-409b-b72d-ad05741a6530,6,438,True,12347,12035,106.1792604145121
439,ceb129bb-0d55-409b-b72d-ad05741a6530,6,439,True,12370,12058,130.60972468916225
440,ceb129bb-0d55-409b-b72d-ad05741a6530,6,440,True,12393,12081,111.78667841690731
441,ceb129bb-0d55-409b-b72d-ad05741a6530,6,441,True,12425,12113,148.7942541843786
442,ceb129bb-0d55-409b-b72d-ad05741a6530,6,442,True,12451,12139,100.96206967352737
443,ceb129bb-0d55-409b-b72d-ad05741a6530,6,443,True,12482,12170,147.31150218534094
444,ceb129bb-0d55-409b-b72d-ad05741a6530,6,444,True,12515,12203,112.04290057734397
445,ceb129bb-0d55-409b-b72d-ad05741a6530,6,445,True,12538,12226,154.89252623072753
446,ceb129bb-0d55-409b-b72d-ad05741a6530,6,446,True,12567,12255,122.48265655181422
447,ceb129bb-0d55-409b-b72d-ad05741a6530,6,447,True,12591,12279,169.05358837688436
448,ceb129bb-0d55-409b-b72d-ad05741a6530,6,448,True,12625,12313,130.9951862889502
449,ceb129bb-0d55-409b-b72d-ad05741a6530,6,449,True,12655,12343,123.7467113556686
450,ceb129bb-0d55-409b-b72d-ad05741a6530,6,450,True,12674,12362,158.4748817478794
451,ceb129bb-0d55-409b-b72d-ad05741a6530,6,451,True,12700,12388,128.6476916891752
452,ceb129bb-0d55-409b-b72d-ad05741a6530,6,452,True,12731,12419,201.37299728021208
453,ceb129bb-0d55-409b-b72d-ad05741a6530,6,453,True,12750,12438,130.02636460999565
454,ceb129bb-0d55-409b-b72d-ad05741a6530,6,454,True,12781,12469,148.85727053297705
455,ceb129bb-0d55-409b-b72d-ad05741a6530,6,455,True,12815,12503,169.19069285600563
456,ceb129bb-0d55-409b-b72d-ad05741a6530,6,456,True,12842,12530,166.01460302978558
457,ceb129bb-0d55-409b-b72d-ad05741a6530,6,457,True,12875,12563,135.524782768538
458,ceb129bb-0d55-409b-b72d-ad05741a6530,6,458,True,12906,12594,188.77697380564496
459,ceb129bb-0d55-409b-b72d-ad05741a6530,6,459,True,12930,12618,150.86007942862852
460,ceb129bb-0d55-409b-b72d-ad05741a6530,6,460,True,12963,12651,199.9466975264113
461,ceb129bb-0d55-409b-b72d-ad05741a6530,6,461,True,12994,12682,142.65391811831796
462,ceb129bb-0d55-409b-b72d-ad05741a6530,6,462,True,13025,12713,165.72367120989293
463,ceb129bb-0d55-409b-b72d-ad05741a6530,6,463,True,13055,12743,153.0058571937734
464,ceb129bb-0d55-409b-b72d-ad05741a6530,6,464,True,13077,12765,180.8227202413691
465,ceb129bb-0d55-409b-b72d-ad05741a6530,6,465,True,13112,12800,127.1200656281544
466,ceb129bb-0d55-409b-b72d-ad05741a6530,6,466,True,13145,12833,115.83794947559363
467,ceb129bb-0d55-409b-b72d-ad05741a6530,6,467,True,13170,12858,153.60373784335206
468,ceb129bb-0d55-409b-b72d-ad05741a6530,6,468,True,13192,12880,128.79436592511775
469,ceb129bb-0d55-409b-b72d-ad05741a6530,6,469,True,13226,12914,180.20515378373966
470,ceb129bb-0d55-409b-b72d-ad05741a6530,6,470,True,13256,12944,126.69433992264567
471,ceb129bb-0d55-409b-b72d-ad05741a6530,6,471,True,13286,12974,204.72596572201837
472,ceb129bb-0d55-409b-b72d-ad05741a6530,6,472,True,13318,13006,141.36651863047337
473,ceb129bb-0d55-409b-b72d-ad05741a6530,6,473,True,13350,13038,138.22189164727206
474,ceb129bb-0d55-409b-b72d-ad05741a6530,6,474,True,13392,13080,146.09033600820476
475,ceb129bb-0d55-409b-b72d-ad05741a6530,6,475,True,13423,13111,120.43613799428022
476,ceb129bb-0d55-409b-b72d-ad05741a6530,6,476,True,13447,13135,115.45467515970995
477,ceb129bb-0d55-409b-b72d-ad05741a6530,6,477,True,13465,13153,123.44115767644143
478,ceb129bb-0d55-409b-b72d-ad05741a6530,6,478,True,13490,13178,174.46431961318194
479,ceb129bb-0d55-409b-b72d-ad05741a6530,6,479,True,13522,13210,114.01861536419892
480,ceb129bb-0d55-409b-b72d-ad05741a6530,6,480,True,13554,13242,133.33103619158283
481,ceb129bb-0d55-409b-b72d-ad05741a6530,6,481,True,13582,13270,174.11918741613772
482,ceb129bb-0d55-409b-b72d-ad05741a6530,6,482,True,13613,13301,178.93904650429795
483,ceb129bb-0d55-409b-b72d-ad05741a6530,6,483,True,13640,13328,168.8286149712112
484,ceb129bb-0d55-409b-b72d-ad05741a6530,6,484,True,13662,13350,118.8946083899009
485,ceb129bb-0d55-409b-b72d-ad05741a6530,6,485,True,13693,13381,168.32459365242357
486,ceb129bb-0d55-409b-b72d-ad05741a6530,6,486,True,13712,13400,127.00176757256304
487,ceb129bb-0d55-409b-b72d-ad05741a6530,6,487,True,13742,13430,141.84560146486365
488,ceb129bb-0d55-409b-b72d-ad05741a6530,6,488,True,13782,13470,122.57715040032053
489,ceb129bb-0d55-409b-b72d-ad05741a6530,6,489,True,13809,13497,113.94727432378386
490,ceb129bb-0d55-409b-b72d-ad05741a6530,6,490,True,13835,13523,142.90971793763129
491,ceb129bb-0d55-409b-b72d-ad05741a6530,6,491,True,13861,13549,182.43254106201857
492,ceb129bb-0d55-409b-b72d-ad05741a6530,6,492,True,13897,13585,156.66656791899186
493,ceb129bb-0d55-409b-b72d-ad05741a6530,6,493,True,13920,13608,143.7883468079508
494,ceb129bb-0d55-409b-b72d-ad05741a6530,6,494,True,13950,13638,155.4987690240523
495,ceb129bb-0d55-409b-b72d-ad05741a6530,6,495,True,13984,13672,155.28335264105044
496,ceb129bb-0d55-409b-b72d-ad05741a6530,6,496,True,14027,13715,116.23968629175397
497,ceb129bb-0d55-409b-b72d-ad05741a6530,6,497,True,14059,13747,148.568119503052
498,ceb129bb-0d55-409b-b72d-ad05741a6530,6,498,True,14080,13768,129.778526955306
499,ceb129bb-0d55-409b-b72d-ad05741a6530,6,499,True,14117,13805,103.67667777808856
500,ceb129bb-0d55-409b-b72d-ad05741a6530,6,500,True,14150,13838,144.98227831091754
501,ceb129bb-0d55-409b-b72d-ad05741a6530,6,501,True,14170,13858,161.2039380232618
502,ceb129bb-0d55-409b-b72d-ad05741a6530,6,502,True,14201,13889,134.78861440156834
503,ceb129bb-0d55-409b-b72d-ad05741a6530,6,503,True,14224,13912,271.6963429009793
504,ceb129bb-0d55-409b-b72d-ad05741a6530,6,504,True,14241,13929,162.02339403186488
505,ceb129bb-0d55-409b-b72d-ad05741a6530,6,505,True,14265,13953,233.36972483130194
506,ceb129bb-0d55-409b-b72d-ad05741a6530,6,506,True,14290,13978,275.6143131527497
507,ceb129bb-0d55-409b-b72d-ad05741a6530,6,507,True,14316,14004,251.9795731803024
508,ceb129bb-0d55-409b-b72d-ad05741a6530,6,508,True,14345,14033,201.77851729809117
509,ceb129bb-0d55-409b-b72d-ad05741a6530,6,509,True,14377,14065,223.43554885277626
510,ceb129bb-0d55-409b-b72d-ad05741a6530,6,510,True,14404,14092,206.68658600826893
511,ceb129bb-0d55-409b-b72d-ad05741a6530,6,511,True,14425,14113,223.6800744506436
512,ceb129bb-0d55-409b-b72d-ad05741a6530,6,512,True,14455,14143,182.7500958712535
513,ceb129bb-0d55-409b-b72d-ad05741a6530,6,513,True,14484,14172,262.4697537556458
514,ceb129bb-0d55-409b-b72d-ad05741a6530,6,514,True,14509,14197,234.94418178127853
515,ceb129bb-0d55-409b-b72d-ad05741a6530,6,515,False,14528,14216,357.5347227186394
516,ceb129bb-0d55-409b-b72d-ad05741a6530,6,516,False,14541,14229,339.1040154660859
517,ceb129bb-0d55-409b-b72d-ad05741a6530,6,517,True,14567,14255,301.23857794507603
518,ceb129bb-0d55-409b-b72d-ad05741a6530,6,518,True,14596,14284,291.68050170567767
519,ceb129bb-0d55-409b-b72d-ad05741a6530,6,519,True,14629,14317,308.219170938004
520,ceb129bb-0d55-409b-b72d-ad05741a6530,6,520,True,14651,14339,302.9062189725446
521,ceb129bb-0d55-409b-b72d-ad05741a6530,6,521,True,14681,14369,252.08997285010446
522,ceb129bb-0d55-409b-b72d-ad05741a6530,6,522,False,14712,14400,331.9702505921814
523,ceb129bb-0d55-409b-b72d-ad05741a6530,6,523,True,14737,14425,310.68357934290543
524,ceb129bb-0d55-409b-b72d-ad05741a6530,6,524,False,14756,14444,314.4917019680779
525,ceb129bb-0d55-409b-b72d-ad05741a6530,6,525,True,14784,14472,288.7673280050585
526,ceb129bb-0d55-409b-b72d-ad05741a6530,6,526,False,14811,14499,352.11238359273375
527,ceb129bb-0d55-409b-b72d-ad05741a6530,6,527,False,14839,14527,316.18137157996534
528,ceb129bb-0d55-409b-b72d-ad05741a6530,6,528,False,14858,14546,361.4536276126346
529,ceb129bb-0d55-409b-b72d-ad05741a6530,6,529,True,14881,14569,276.8545705025008
530,ceb129bb-0d55-409b-b72d-ad05741a6530,6,530,True,14916,14604,306.75642158807204
531,ceb129bb-0d55-409b-b72d-ad05741a6530,6,531,True,14938,14626,300.7103018200105
532,ceb129bb-0d55-409b-b72d-ad05741a6530,6,532,True,14968,14656,254.75642158807204
533,ceb129bb-0d55-409b-b72d-ad05741a6530,6,533,True,14997,14685,241.7103018200105
534,ceb129bb-0d55-409b-b72d-ad05741a6530,6,534,False,15020,14708,339.94688916864106
535,ceb129bb-0d55-409b-b72d-ad05741a6530,6,535,False,15038,14726,321.94688916864106
536,ceb129bb-0d55-409b-b72d-ad05741a6530,6,536,True,15062,14750,293.351476828484
537,ceb129bb-0d55-409b-b72d-ad05741a6530,6,537,True,15094,14782,261.351476828484
538,ceb129bb-0d55-409b-b72d-ad05741a6530,6,538,True,15119,14807,185.7072177376449
539,ceb129bb-0d55-409b-b72d-ad05741a6530,6,539,True,15154,14842,201.351476828484
540,ceb129bb-0d55-409b-b72d-ad05741a6530,6,540,True,15181,14869,190.20318897584002
541,ceb129bb-0d55-409b-b72d-ad05741a6530,6,541,True,15209,14897,231.49367247518603
542,ceb129bb-0d55-409b-b72d-ad05741a6530,6,542,True,15245,14933,195.49367247518603
543,ceb129bb-0d55-409b-b72d-ad05741a6530,6,543,True,15269,14957,171.49367247518603
544,ceb129bb-0d55-409b-b72d-ad05741a6530,6,544,True,15305,14993,159.77500377948672
545,ceb129bb-0d55-409b-b72d-ad05741a6530,6,545,True,15335,15023,216.08943694064874
546,ceb129bb-0d55-409b-b72d-ad05741a6530,6,546,True,15367,15055,163.79677262344194
547,ceb129bb-0d55-409b-b72d-ad05741a6530,6,547,True,15389,15077,236.02916008138163
548,ceb129bb-0d55-409b-b72d-ad05741a6530,6,548,True,15433,15121,192.02916008138163
549,ceb129bb-0d55-409b-b72d-ad05741a6530,6,549,True,15467,15155,138.33138129604959
550,ceb129bb-0d55-409b-b72d-ad05741a6530,6,550,True,15494,15182,197.31029647169998
551,ceb129bb-0d55-409b-b72d-ad05741a6530,6,551,True,15519,15207,138.57937118847622
552,ceb129bb-0d55-409b-b72d-ad05741a6530,6,552,True,15541,15229,150.31029647169998
553,ceb129bb-0d55-409b-b72d-ad05741a6530,6,553,True,15584,15272,179.40730263864498
554,ceb129bb-0d55-409b-b72d-ad05741a6530,6,554,True,15614,15302,124.6650302688031
555,ceb129bb-0d55-409b-b72d-ad05741a6530,6,555,True,15646,15334,140.54789446529685
556,ceb129bb-0d55-409b-b72d-ad05741a6530,6,556,True,15669,15357,154.06563380513035
557,ceb129bb-0d55-409b-b72d-ad05741a6530,6,557,True,15691,15379,120.01581587603869
558,ceb129bb-0d55-409b-b72d-ad05741a6530,6,558,True,15716,15404,165.70058238292586
559,ceb129bb-0d55-409b-b72d-ad05741a6530,6,559,True,15743,15431,127.09408591255487
560,ceb129bb-0d55-409b-b72d-ad05741a6530,6,560,True,15773,15461,148.78612626073664
561,ceb129bb-0d55-409b-b72d-ad05741a6530,6,561,True,15795,15483,136.3167556252847
562,ceb129bb-0d55-409b-b72d-ad05741a6530,6,562,True,15825,15513,141.61047954240894
563,ceb129bb-0d55-409b-b72d-ad05741a6530,6,563,True,15854,15542,131.14442326512471
564,ceb129bb-0d55-409b-b72d-ad05741a6530,6,564,True,15877,15565,114.81667566697979
565,ceb129bb-0d55-409b-b72d-ad05741a6530,6,565,True,15901,15589,104.58565147429181
566,ceb129bb-0d55-409b-b72d-ad05741a6530,6,566,True,15929,15617,128.9284176789315
567,ceb129bb-0d55-409b-b72d-ad05741a6530,6,567,True,15943,15631,131.6495467671666
568,ceb129bb-0d55-409b-b72d-ad05741a6530,6,568,True,15970,15658,113.68082084222806
569,ceb129bb-0d55-409b-b72d-ad05741a6530,6,569,True,15995,15683,136.64274310437213
570,ceb129bb-0d55-409b-b72d-ad05741a6530,6,570,True,16010,15698,130.2857908382739
571,ceb129bb-0d55-409b-b72d-ad05741a6530,6,571,True,16040,15728,121.15721570653113
572,ceb129bb-0d55-409b-b72d-ad05741a6530,6,572,True,16067,15755,144.08814872490802
573,ceb129bb-0d55-409b-b72d-ad05741a6530,6,573,True,16095,15783,120.2508653359273
574,ceb129bb-0d55-409b-b72d-ad05741a6530,6,574,True,16116,15804,147.59275738042015
575,ceb129bb-0d55-409b-b72d-ad05741a6530,6,575,True,16141,15829,130.03141092024634
576,ceb129bb-0d55-409b-b72d-ad05741a6530,6,576,True,16164,15852,111.08553103479062
577,ceb129bb-0d55-409b-b72d-ad05741a6530,6,577,True,16208,15896,149.4351555662488
578,ceb129bb-0d55-409b-b72d-ad05741a6530,6,578,True,16238,15926,116.8836288339935
579,ceb129bb-0d55-409b-b72d-ad05741a6530,6,579,True,16273,15961,125.22887906719188
580,ceb129bb-0d55-409b-b72d-ad05741a6530,6,580,True,16304,15992,145.88658547329396
581,ceb129bb-0d55-409b-b72d-ad05741a6530,6,581,True,16343,16031,159.46880304313345
582,ceb129bb-0d55-409b-b72d-ad05741a6530,6,582,True,16371,16059,206.22863978329042
583,ceb129bb-0d55-409b-b72d-ad05741a6530,6,583,True,16406,16094,200.17771291055033
584,ceb129bb-0d55-409b-b72d-ad05741a6530,6,584,True,16437,16125,212.15225129809733
585,ceb129bb-0d55-409b-b72d-ad05741a6530,6,585,True,16460,16148,218.44549764714247
586,ceb129bb-0d55-409b-b72d-ad05741a6530,6,586,True,16486,16174,173.74346864603103
587,ceb129bb-0d55-409b-b72d-ad05741a6530,6,587,True,16506,16194,224.50198901526892
588,ceb129bb-0d55-409b-b72d-ad05741a6530,6,588,True,16535,16223,178.45804405920353
589,ceb129bb-0d55-409b-b72d-ad05741a6530,6,589,True,16570,16258,199.4917756993782
590,ceb129bb-0d55-409b-b72d-ad05741a6530,6,590,True,16595,16283,185.70094503089058
591,ceb129bb-0d55-409b-b72d-ad05741a6530,6,591,True,16628,16316,176.32914783229353
592,ceb129bb-0d55-409b-b72d-ad05741a6530,6,592,True,16661,16349,134.86028013343093
593,ceb129bb-0d55-409b-b72d-ad05741a6530,6,593,True,16694,16382,164.73057503213204
594,ceb129bb-0d55-409b-b72d-ad05741a6530,6,594,True,16722,16410,181.6679432744677
595,ceb129bb-0d55-409b-b72d-ad05741a6530,6,595,True,16747,16435,135.54948011090164
596,ceb129bb-0d55-409b-b72d-ad05741a6530,6,596,True,16773,16461,135.4969174085818
597,ceb129bb-0d55-409b-b72d-ad05741a6530,6,597,True,16799,16487,185.9014970188473
598,ceb129bb-0d55-409b-b72d-ad05741a6530,6,598,True,16822,16510,145.4310867316999
599,ceb129bb-0d55-409b-b72d-ad05741a6530,6,599,True,16845,16533,179.4451063454435
600,ceb129bb-0d55-409b-b72d-ad05741a6530,6,600,True,16874,16562,154.2780603711144
601,ceb129bb-0d55-409b-b72d-ad05741a6530,6,601,True,16904,16592,169.62940220642486
602,ceb129bb-0d55-409b-b72d-ad05741a6530,6,602,True,16930,16618,118.94760152126764
603,ceb129bb-0d55-409b-b72d-ad05741a6530,6,603,True,16958,16646,146.22680397839576
604,ceb129bb-0d55-409b-b72d-ad05741a6530,6,604,True,16984,16672,139.595389056547
605,ceb129bb-0d55-409b-b72d-ad05741a6530,6,605,True,17013,16701,147.65265368852124
606,ceb129bb-0d55-409b-b72d-ad05741a6530,6,606,True,17042,16730,115.96787232581846
607,ceb129bb-0d55-409b-b72d-ad05741a6530,6,607,True,17075,16763,131.49673527593768
608,ceb129bb-0d55-409b-b72d-ad05741a6530,6,608,True,17115,16803,118.16453201865079
609,ceb129bb-0d55-409b-b72d-ad05741a6530,6,609,True,17137,16825,119.42192131292177
610,ceb129bb-0d55-409b-b72d-ad05741a6530,6,610,True,17167,16855,115.57463589810504
611,ceb129bb-0d55-409b-b72d-ad05741a6530,6,611,True,17192,16880,144.07526099411916
612,ceb129bb-0d55-409b-b72d-ad05741a6530,6,612,True,17219,16907,119.63468117595767
613,ceb129bb-0d55-409b-b72d-ad05741a6530,6,613,True,17243,16931,171.89039605826838
614,ceb129bb-0d55-409b-b72d-ad05741a6530,6,614,True,17276,16964,142.90281972358207
615,ceb129bb-0d55-409b-b72d-ad05741a6530,6,615,True,17301,16989,153.69411105484687
616,ceb129bb-0d55-409b-b72d-ad05741a6530,6,616,True,17332,17020,154.05095050276213
617,ceb129bb-0d55-409b-b72d-ad05741a6530,6,617,True,17358,17046,130.6279943097179
618,ceb129bb-0d55-409b-b72d-ad05741a6530,6,618,True,17380,17068,156.6209599623944
619,ceb129bb-0d55-409b-b72d-ad05741a6530,6,619,True,17402,17090,137.6856095943258
620,ceb129bb-0d55-409b-b72d-ad05741a6530,6,620,True,17433,17121,155.75412607506587
621,ceb129bb-0d55-409b-b72d-ad05741a6530,6,621,True,17462,17150,129.14226113682525
622,ceb129bb-0d55-409b-b72d-ad05741a6530,6,622,True,17504,17192,150.92724980293497
623,ceb129bb-0d55-409b-b72d-ad05741a6530,6,623,True,17537,17225,127.03143041522708
624,ceb129bb-0d55-409b-b72d-ad05741a6530,6,624,True,17577,17265,144.9233718170981
625,ceb129bb-0d55-409b-b72d-ad05741a6530,6,625,True,17600,17288,140.09862777030867
626,ceb129bb-0d55-409b-b72d-ad05741a6530,6,626,True,17629,17317,146.1989896751984
627,ceb129bb-0d55-409b-b72d-ad05741a6530,6,627,True,17654,17342,138.60299895522257
628,ceb129bb-0d55-409b-b72d-ad05741a6530,6,628,True,17686,17374,117.06476316972112
629,ceb129bb-0d55-409b-b72d-ad05741a6530,6,629,True,17719,17407,117.48200704871851
630,ceb129bb-0d55-409b-b72d-ad05741a6530,6,630,True,17749,17437,136.31374831945504
631,ceb129bb-0d55-409b-b72d-ad05741a6530,6,631,True,17779,17467,170.96697362037958
632,ceb129bb-0d55-409b-b72d-ad05741a6530,6,632,True,17808,17496,118.57282245224633
633,ceb129bb-0d55-409b-b72d-ad05741a6530,6,633,True,17831,17519,143.42483639515194
634,ceb129bb-0d55-409b-b72d-ad05741a6530,6,634,True,17860,17548,116.8907899820224
635,ceb129bb-0d55-409b-b72d-ad05741a6530,6,635,True,17883,17571,152.59670714184176
636,ceb129bb-0d55-409b-b72d-ad05741a6530,6,636,True,17912,17600,143.44998408233732
637,ceb129bb-0d55-409b-b72d-ad05741a6530,6,637,True,17943,17631,157.2320809209632
638,ceb129bb-0d55-409b-b72d-ad05741a6530,6,638,True,17970,17658,136.11206101726202
639,ceb129bb-0d55-409b-b72d-ad05741a6530,6,639,True,17991,17679,187.53122081964466
640,ceb129bb-0d55-409b-b72d-ad05741a6530,6,640,True,18022,17710,127.03985621515676
641,ceb129bb-0d55-409b-b72d-ad05741a6530,6,641,True,18046,17734,182.9108639754959
642,ceb129bb-0d55-409b-b72d-ad05741a6530,6,642,True,18068,17756,131.43056246790366
643,ceb129bb-0d55-409b-b72d-ad05741a6530,6,643,True,18091,17779,173.2217960782873
644,ceb129bb-0d55-409b-b72d-ad05741a6530,6,644,True,18109,17797,122.18411220009148
645,ceb129bb-0d55-409b-b72d-ad05741a6530,6,645,True,18127,17815,127.90967806727349
646,ceb129bb-0d55-409b-b72d-ad05741a6530,6,646,True,18150,17838,183.67630570568872
647,ceb129bb-0d55-409b-b72d-ad05741a6530,6,647,True,18185,17873,123.79330498970012
648,ceb129bb-0d55-409b-b72d-ad05741a6530,6,648,True,18213,17901,142.9978072274098
649,ceb129bb-0d55-409b-b72d-ad05741a6530,6,649,True,18238,17926,120.70257636239694
650,ceb129bb-0d55-409b-b72d-ad05741a6530,6,650,True,18267,17955,168.59443627554356
651,ceb129bb-0d55-409b-b72d-ad05741a6530,6,651,True,18294,17982,115.59984715441533
652,ceb129bb-0d55-409b-b72d-ad05741a6530,6,652,True,18316,18004,160.59343962531057
653,ceb129bb-0d55-409b-b72d-ad05741a6530,6,653,True,18339,18027,133.21132795044105
654,ceb129bb-0d55-409b-b72d-ad05741a6530,6,654,True,18358,18046,143.98901771644523
655,ceb129bb-0d55-409b-b72d-ad05741a6530,6,655,True,18390,18078,123.89355296627036
656,ceb129bb-0d55-409b-b72d-ad05741a6530,6,656,True,18420,18108,139.457550272753
657,ceb129bb-0d55-409b-b72d-ad05741a6530,6,657,True,18457,18145,144.01215506326116
658,ceb129bb-0d55-409b-b72d-ad05741a6530,6,658,True,18483,18171,149.69346840820435
659,ceb129bb-0d55-409b-b72d-ad05741a6530,6,659,True,18511,18199,130.63010329184908
660,ceb129bb-0d55-409b-b72d-ad05741a6530,6,660,True,18539,18227,124.55233936160948
661,ceb129bb-0d55-409b-b72d-ad05741a6530,6,661,True,18558,18246,114.34266870382271
662,ceb129bb-0d55-409b-b72d-ad05741a6530,6,662,True,18579,18267,148.51501843323786
663,ceb129bb-0d55-409b-b72d-ad05741a6530,6,663,True,18611,18299,129.1333351602625
664,ceb129bb-0d55-409b-b72d-ad05741a6530,6,664,True,18625,18313,162.9492122340016
665,ceb129bb-0d55-409b-b72d-ad05741a6530,6,665,True,18649,18337,154.5946650456499
666,ceb129bb-0d55-409b-b72d-ad05741a6530,6,666,True,18678,18366,133.4238683184958
667,ceb129bb-0d55-409b-b72d-ad05741a6530,6,667,True,18704,18392,220.2044383095017
668,ceb129bb-0d55-409b-b72d-ad05741a6530,6,668,True,18733,18421,194.31629410951427
669,ceb129bb-0d55-409b-b72d-ad05741a6530,6,669,True,18770,18458,161.35643524361876
670,ceb129bb-0d55-409b-b72d-ad05741a6530,6,670,True,18796,18484,175.46770415635547
671,ceb129bb-0d55-409b-b72d-ad05741a6530,6,671,True,18829,18517,155.24327930251457
672,ceb129bb-0d55-409b-b72d-ad05741a6530,6,672,True,18848,18536,176.41053591858872
673,ceb129bb-0d55-409b-b72d-ad05741a6530,6,673,True,18870,18558,139.549911409802
674,ceb129bb-0d55-409b-b72d-ad05741a6530,6,674,True,18900,18588,134.49827753411955
675,ceb129bb-0d55-409b-b72d-ad05741a6530,6,675,True,18921,18609,125.61096224888752
676,ceb129bb-0d55-409b-b72d-ad05741a6530,6,676,True,18958,18646,127.95952253038195
677,ceb129bb-0d55-409b-b72d-ad05741a6530,6,677,True,18987,18675,185.49962064206557
678,ceb129bb-0d55-409b-b72d-ad05741a6530,6,678,True,19009,18697,154.0888429305851
679,ceb129bb-0d55-409b-b72d-ad05741a6530,6,679,True,19035,18723,137.49962064206557
680,ceb129bb-0d55-409b-b72d-ad05741a6530,6,680,True,19061,18749,145.74181847797445
681,ceb129bb-0d55-409b-b72d-ad05741a6530,6,681,True,19103,18791,110.5172833794968
682,ceb129bb-0d55-409b-b72d-ad05741a6530,6,682,True,19128,18816,133.23747190935683
683,ceb129bb-0d55-409b-b72d-ad05741a6530,6,683,True,19155,18843,115.08633232978173
684,ceb129bb-0d55-409b-b72d-ad05741a6530,6,684,True,19185,18873,140.95754775907335
685,ceb129bb-0d55-409b-b72d-ad05741a6530,6,685,True,19215,18903,113.21291484257745
686,ceb129bb-0d55-409b-b72d-ad05741a6530,6,686,True,19236,18924,140.20334198124328
687,ceb129bb-0d55-409b-b72d-ad05741a6530,6,687,True,19268,18956,152.30667335380713
688,ceb129bb-0d55-409b-b72d-ad05741a6530,6,688,True,19285,18973,172.20552185374254
689,ceb129bb-0d55-409b-b72d-ad05741a6530,6,689,True,19306,18994,164.7793526352034
690,ceb129bb-0d55-409b-b72d-ad05741a6530,6,690,True,19331,19019,137.2487776399321
691,ceb129bb-0d55-409b-b72d-ad05741a6530,6,691,True,19362,19050,160.57247837272735
692,ceb129bb-0d55-409b-b72d-ad05741a6530,6,692,True,19395,19083,123.59457210557957
693,ceb129bb-0d55-409b-b72d-ad05741a6530,6,693,True,19420,19108,152.83917124948493
694,ceb129bb-0d55-409b-b72d-ad05741a6530,6,694,True,19448,19136,122.43979984971884
695,ceb129bb-0d55-409b-b72d-ad05741a6530,6,695,True,19469,19157,151.02587660549034
696,ceb129bb-0d55-409b-b72d-ad05741a6530,6,696,True,19496,19184,131.40943095449256
697,ceb129bb-0d55-409b-b72d-ad05741a6530,6,697,True,19522,19210,149.1788119605044
698,ceb129bb-0d55-409b-b72d-ad05741a6530,6,698,True,19554,19242,134.60937107207428
699,ceb129bb-0d55-409b-b72d-ad05741a6530,6,699,True,19580,19268,146.8577604534912
700,ceb129bb-0d55-409b-b72d-ad05741a6530,6,700,True,19612,19300,128.56252480723197
701,ceb129bb-0d55-409b-b72d-ad05741a6530,6,701,True,19640,19328,157.06642385952
702,ceb129bb-0d55-409b-b72d-ad05741a6530,6,702,True,19681,19369,132.02027131599607
703,ceb129bb-0d55-409b-b72d-ad05741a6530,6,703,True,19701,19389,125.52030113005821
704,ceb129bb-0d55-409b-b72d-ad05741a6530,6,704,True,19728,19416,107.32215980132605
705,ceb129bb-0d55-409b-b72d-ad05741a6530,6,705,True,19748,19436,143.96493615451254
706,ceb129bb-0d55-409b-b72d-ad05741a6530,6,706,True,19769,19457,125.20436121748207
707,ceb129bb-0d55-409b-b72d-ad05741a6530,6,707,True,19801,19489,140.87302299249495
708,ceb129bb-0d55-409b-b72d-ad05741a6530,6,708,True,19827,19515,118.66601173549861
709,ceb129bb-0d55-409b-b72d-ad05741a6530,6,709,True,19854,19542,185.10618149328002
710,ceb129bb-0d55-409b-b72d-ad05741a6530,6,710,True,19887,19575,179.08565657102736
711,ceb129bb-0d55-409b-b72d-ad05741a6530,6,711,True,19918,19606,150.45578293133076
712,ceb129bb-0d55-409b-b72d-ad05741a6530,6,712,True,19942,19630,202.09515790633668
713,ceb129bb-0d55-409b-b72d-ad05741a6530,6,713,True,19969,19657,145.00953677931466
714,ceb129bb-0d55-409b-b72d-ad05741a6530,6,714,True,19999,19687,199.53756717685246
715,ceb129bb-0d55-409b-b72d-ad05741a6530,6,715,True,20029,19717,137.14217959139205
716,ceb129bb-0d55-409b-b72d-ad05741a6530,6,716,True,20047,19735,195.01557157378556
717,ceb129bb-0d55-409b-b72d-ad05741a6530,6,717,True,20068,19756,145.60913741078912
718,ceb129bb-0d55-409b-b72d-ad05741a6530,6,718,True,20096,19784,150.1743111556134
719,ceb129bb-0d55-409b-b72d-ad05741a6530,6,719,True,20111,19799,154.56272547194385
720,ceb129bb-0d55-409b-b72d-ad05741a6530,6,720,True,20142,19830,217.64608138988842
721,ceb129bb-0d55-409b-b72d-ad05741a6530,6,721,True,20160,19848,171.9335999044124
722,ceb129bb-0d55-409b-b72d-ad05741a6530,6,722,True,20200,19888,231.70991721243263
723,ceb129bb-0d55-409b-b72d-ad05741a6530,6,723,True,20225,19913,211.44677835139373
724,ceb129bb-0d55-409b-b72d-ad05741a6530,6,724,True,20250,19938,190.17293042208985
725,ceb129bb-0d55-409b-b72d-ad05741a6530,6,725,True,20280,19968,173.90373505217212
726,ceb129bb-0d55-409b-b72d-ad05741a6530,6,726,True,20302,19990,161.13557862082598
727,ceb129bb-0d55-409b-b72d-ad05741a6530,6,727,True,20332,20020,199.13217114738654
728,ceb129bb-0d55-409b-b72d-ad05741a6530,6,728,True,20356,20044,148.2071701882087
729,ceb129bb-0d55-409b-b72d-ad05741a6530,6,729,True,20380,20068,220.5896711641144
730,ceb129bb-0d55-409b-b72d-ad05741a6530,6,730,True,20410,20098,204.8431455179416
731,ceb129bb-0d55-409b-b72d-ad05741a6530,6,731,True,20433,20121,181.8431455179416
732,ceb129bb-0d55-409b-b72d-ad05741a6530,6,732,True,20463,20151,208.23987210913765
733,ceb129bb-0d55-409b-b72d-ad05741a6530,6,733,True,20493,20181,175.621922768667
734,ceb129bb-0d55-409b-b72d-ad05741a6530,6,734,True,20526,20214,136.4763128597915
735,ceb129bb-0d55-409b-b72d-ad05741a6530,6,735,True,20555,20243,162.96145544284445
736,ceb129bb-0d55-409b-b72d-ad05741a6530,6,736,True,20588,20276,180.37924424123412
737,ceb129bb-0d55-409b-b72d-ad05741a6530,6,737,True,20609,20297,135.37551347855697
738,ceb129bb-0d55-409b-b72d-ad05741a6530,6,738,True,20646,20334,127.60477178600195
739,ceb129bb-0d55-409b-b72d-ad05741a6530,6,739,True,20672,20360,125.8674665959661
740,ceb129bb-0d55-409b-b72d-ad05741a6530,6,740,True,20699,20387,148.91832632403384
741,ceb129bb-0d55-409b-b72d-ad05741a6530,6,741,True,20738,20426,112.52084754738462
742,ceb129bb-0d55-409b-b72d-ad05741a6530,6,742,True,20758,20446,141.082823655026
743,ceb129bb-0d55-409b-b72d-ad05741a6530,6,743,True,20793,20481,108.65122374076964
744,ceb129bb-0d55-409b-b72d-ad05741a6530,6,744,True,20817,20505,150.96378739126158
745,ceb129bb-0d55-409b-b72d-ad05741a6530,6,745,True,20851,20539,127.09889857935559
746,ceb129bb-0d55-409b-b72d-ad05741a6530,6,746,True,20888,20576,151.78849975104822
747,ceb129bb-0d55-409b-b72d-ad05741a6530,6,747,True,20920,20608,124.87434290443343
748,ceb129bb-0d55-409b-b72d-ad05741a6530,6,748,True,20954,20642,159.0767554296508
749,ceb129bb-0d55-409b-b72d-ad05741a6530,6,749,True,20986,20674,203.92255125851443
750,ceb129bb-0d55-409b-b72d-ad05741a6530,6,750,True,21008,20696,164.26035717679042
751,ceb129bb-0d55-409b-b72d-ad05741a6530,6,751,True,21023,20711,146.74951808767582
752,ceb129bb-0d55-409b-b72d-ad05741a6530,6,752,True,21044,20732,154.70962250632874
753,ceb129bb-0d55-409b-b72d-ad05741a6530,6,753,True,21077,20765,119.257831191484
754,ceb129bb-0d55-409b-b72d-ad05741a6530,6,754,True,21105,20793,149.1275351229633
755,ceb129bb-0d55-409b-b72d-ad05741a6530,6,755,True,21137,20825,142.21518255184492
756,ceb129bb-0d55-409b-b72d-ad05741a6530,6,756,True,21166,20854,146.572885197289
757,ceb129bb-0d55-409b-b72d-ad05741a6530,6,757,True,21190,20878,137.93096652274835
758,ceb129bb-0d55-409b-b72d-ad05741a6530,6,758,True,21220,20908,118.66192312377825
759,ceb129bb-0d55-409b-b72d-ad05741a6530,6,759,True,21242,20930,133.80012449022252
760,ceb129bb-0d55-409b-b72d-ad05741a6530,6,760,True,21262,20950,133.3340885941434
761,ceb129bb-0d55-409b-b72d-ad05741a6530,6,761,True,21295,20983,160.44210830370866
762,ceb129bb-0d55-409b-b72d-ad05741a6530,6,762,True,21324,21012,96.8511899055411
763,ceb129bb-0d55-409b-b72d-ad05741a6530,6,763,True,21354,21042,156.39790760637334
764,ceb129bb-0d55-409b-b72d-ad05741a6530,6,764,True,21379,21067,99.25320797857057
765,ceb129bb-0d55-409b-b72d-ad05741a6530,6,765,True,21408,21096,122.6368795222188
766,ceb129bb-0d55-409b-b72d-ad05741a6530,6,766,True,21440,21128,152.43003910550397
767,ceb129bb-0d55-409b-b72d-ad05741a6530,6,767,True,21472,21160,89.87226299076428
768,ceb129bb-0d55-409b-b72d-ad05741a6530,6,768,True,21513,21201,150.56336361685317
769,ceb129bb-0d55-409b-b72d-ad05741a6530,6,769,True,21538,21226,107.2673184223022
770,ceb129bb-0d55-409b-b72d-ad05741a6530,6,770,True,21563,21251,127.52751243107195
771,ceb129bb-0d55-409b-b72d-ad05741a6530,6,771,True,21590,21278,121.42661648190915
772,ceb129bb-0d55-409b-b72d-ad05741a6530,6,772,True,21625,21313,160.33555779454036
773,ceb129bb-0d55-409b-b72d-ad05741a6530,6,773,True,21651,21339,113.36830280397771
774,ceb129bb-0d55-409b-b72d-ad05741a6530,6,774,True,21682,21370,132.10892436412178
775,ceb129bb-0d55-409b-b72d-ad05741a6530,6,775,True,21712,21400,104.98190626089854
776,ceb129bb-0d55-409b-b72d-ad05741a6530,6,776,True,21745,21433,96.01605162336273
777,ceb129bb-0d55-409b-b72d-ad05741a6530,6,777,True,21774,21462,94.84113559137768
778,ceb129bb-0d55-409b-b72d-ad05741a6530,6,778,True,21804,21492,178.0591698045464
779,ceb129bb-0d55-409b-b72d-ad05741a6530,6,779,True,21833,21521,126.32660222440609
780,ceb129bb-0d55-409b-b72d-ad05741a6530,6,780,True,21862,21550,122.78377974812611
781,ceb129bb-0d55-409b-b72d-ad05741a6530,6,781,True,21893,21581,139.80883615083803
782,ceb129bb-0d55-409b-b72d-ad05741a6530,6,782,True,21917,21605,122.88738038646989
783,ceb129bb-0d55-409b-b72d-ad05741a6530,6,783,True,21945,21633,112.81734923572367
784,ceb129bb-0d55-409b-b72d-ad05741a6530,6,784,True,21962,21650,142.66268499283615
785,ceb129bb-0d55-409b-b72d-ad05741a6530,6,785,True,21995,21683,124.7813757319891
786,ceb129bb-0d55-409b-b72d-ad05741a6530,6,786,True,22028,21716,161.16640251496938
787,ceb129bb-0d55-409b-b72d-ad05741a6530,6,787,True,22055,21743,129.1237459278709
788,ceb129bb-0d55-409b-b72d-ad05741a6530,6,788,True,22080,21768,200.14445164869176
789,ceb129bb-0d55-409b-b72d-ad05741a6530,6,789,True,22099,21787,130.5011560149287
790,ceb129bb-0d55-409b-b72d-ad05741a6530,6,790,True,22128,21816,154.58180319513122
791,ceb129bb-0d55-409b-b72d-ad05741a6530,6,791,True,22158,21846,173.78878331087253
792,ceb129bb-0d55-409b-b72d-ad05741a6530,6,792,True,22188,21876,154.81880592347443
793,ceb129bb-0d55-409b-b72d-ad05741a6530,6,793,True,22208,21896,137.52942068428092
794,ceb129bb-0d55-409b-b72d-ad05741a6530,6,794,True,22242,21930,157.61007281354614
795,ceb129bb-0d55-409b-b72d-ad05741a6530,6,795,True,22271,21959,124.20621148441569
796,ceb129bb-0d55-409b-b72d-ad05741a6530,6,796,True,22293,21981,176.31692221263074
797,ceb129bb-0d55-409b-b72d-ad05741a6530,6,797,True,22318,22006,153.7668135255626
798,ceb129bb-0d55-409b-b72d-ad05741a6530,6,798,True,22342,22030,143.1520750032032
799,ceb129bb-0d55-409b-b72d-ad05741a6530,6,799,True,22366,22054,238.8909854458907
800,ceb129bb-0d55-409b-b72d-ad05741a6530,6,800,True,22388,22076,219.1743642108013
801,ceb129bb-0d55-409b-b72d-ad05741a6530,6,801,True,22415,22103,166.55985652323943
802,ceb129bb-0d55-409b-b72d-ad05741a6530,6,802,True,22436,22124,168.8909854458907
803,ceb129bb-0d55-409b-b72d-ad05741a6530,6,803,True,22467,22155,293.2029717297919
804,ceb129bb-0d55-409b-b72d-ad05741a6530,6,804,True,22494,22182,269.00763090584223
805,ceb129bb-0d55-409b-b72d-ad05741a6530,6,805,True,22526,22214,272.40889221335965
806,ceb129bb-0d55-409b-b72d-ad05741a6530,6,806,True,22555,22243,282.3827993514169
807,ceb129bb-0d55-409b-b72d-ad05741a6530,6,807,True,22587,22275,242.4270341649135
808,ceb129bb-0d55-409b-b72d-ad05741a6530,6,808,True,22627,22315,210.3827993514169
809,ceb129bb-0d55-409b-b72d-ad05741a6530,6,809,True,22644,22332,185.4270341649135
810,ceb129bb-0d55-409b-b72d-ad05741a6530,6,810,True,22668,22356,221.13978730531744
811,ceb129bb-0d55-409b-b72d-ad05741a6530,6,811,True,22704,22392,239.3755645867168
812,ceb129bb-0d55-409b-b72d-ad05741a6530,6,812,True,22728,22416,161.13978730531744
813,ceb129bb-0d55-409b-b72d-ad05741a6530,6,813,True,22755,22443,213.23905083397403
814,ceb129bb-0d55-409b-b72d-ad05741a6530,6,814,True,22773,22461,170.3755645867168
815,ceb129bb-0d55-409b-b72d-ad05741a6530,6,815,True,22786,22474,230.26560712237188
816,ceb129bb-0d55-409b-b72d-ad05741a6530,6,816,True,22822,22510,196.68285704771188
817,ceb129bb-0d55-409b-b72d-ad05741a6530,6,817,True,22850,22538,192.10264246923543
818,ceb129bb-0d55-409b-b72d-ad05741a6530,6,818,True,22875,22563,217.32209428345595
819,ceb129bb-0d55-409b-b72d-ad05741a6530,6,819,True,22913,22601,176.91482196695142
820,ceb129bb-0d55-409b-b72d-ad05741a6530,6,820,True,22939,22627,201.93038423476537
821,ceb129bb-0d55-409b-b72d-ad05741a6530,6,821,True,22963,22651,168.3305587595205
822,ceb129bb-0d55-409b-b72d-ad05741a6530,6,822,True,22986,22674,231.83036801459093
823,ceb129bb-0d55-409b-b72d-ad05741a6530,6,823,True,23015,22703,168.76165281055728
824,ceb129bb-0d55-409b-b72d-ad05741a6530,6,824,True,23035,22723,173.8565240829521
825,ceb129bb-0d55-409b-b72d-ad05741a6530,6,825,True,23058,22746,170.73266591413267
826,ceb129bb-0d55-409b-b72d-ad05741a6530,6,826,True,23092,22780,180.94682817851572
827,ceb129bb-0d55-409b-b72d-ad05741a6530,6,827,True,23120,22808,177.93149178084786
828,ceb129bb-0d55-409b-b72d-ad05741a6530,6,828,True,23154,22842,217.52494692988694
829,ceb129bb-0d55-409b-b72d-ad05741a6530,6,829,True,23172,22860,202.27342538575977
830,ceb129bb-0d55-409b-b72d-ad05741a6530,6,830,True,23200,22888,151.55690861545736
831,ceb129bb-0d55-409b-b72d-ad05741a6530,6,831,True,23227,22915,200.69645573960224
832,ceb129bb-0d55-409b-b72d-ad05741a6530,6,832,True,23261,22949,171.59603423873705
833,ceb129bb-0d55-409b-b72d-ad05741a6530,6,833,True,23288,22976,141.9894327864131
834,ceb129bb-0d55-409b-b72d-ad05741a6530,6,834,True,23318,23006,196.95101346370575
835,ceb129bb-0d55-409b-b72d-ad05741a6530,6,835,True,23335,23023,152.41186809310602
836,ceb129bb-0d55-409b-b72d-ad05741a6530,6,836,True,23368,23056,144.42004468821324
837,ceb129bb-0d55-409b-b72d-ad05741a6530,6,837,True,23391,23079,146.5141117691419
838,ceb129bb-0d55-409b-b72d-ad05741a6530,6,838,True,23413,23101,147.70301367425418
839,ceb129bb-0d55-409b-b72d-ad05741a6530,6,839,True,23445,23133,144.3061443532788
840,ceb129bb-0d55-409b-b72d-ad05741a6530,6,840,True,23468,23156,139.47214319052
841,ceb129bb-0d55-409b-b72d-ad05741a6530,6,841,True,23491,23179,123.50395307397775
842,ceb129bb-0d55-409b-b72d-ad05741a6530,6,842,True,23518,23206,262.86671119147286
843,ceb129bb-0d55-409b-b72d-ad05741a6530,6,843,True,23546,23234,229.04877007411778
844,ceb129bb-0d55-409b-b72d-ad05741a6530,6,844,True,23566,23254,191.5226554234432
845,ceb129bb-0d55-409b-b72d-ad05741a6530,6,845,True,23599,23287,262.247473954656
846,ceb129bb-0d55-409b-b72d-ad05741a6530,6,846,True,23622,23310,242.92988095536202
847,ceb129bb-0d55-409b-b72d-ad05741a6530,6,847,True,23646,23334,211.38491881173468
848,ceb129bb-0d55-409b-b72d-ad05741a6530,6,848,True,23675,23363,268.7865002765466
849,ceb129bb-0d55-409b-b72d-ad05741a6530,6,849,True,23708,23396,211.15782499712805
850,ceb129bb-0d55-409b-b72d-ad05741a6530,6,850,True,23745,23433,224.38720606182687
851,ceb129bb-0d55-409b-b72d-ad05741a6530,6,851,True,23767,23455,217.31526771111749
852,ceb129bb-0d55-409b-b72d-ad05741a6530,6,852,True,23800,23488,261.2542979671307
853,ceb129bb-0d55-409b-b72d-ad05741a6530,6,853,True,23821,23509,197.38208503963688
854,ceb129bb-0d55-409b-b72d-ad05741a6530,6,854,True,23851,23539,203.01044705711683
855,ceb129bb-0d55-409b-b72d-ad05741a6530,6,855,True,23878,23566,253.65499142274712
856,ceb129bb-0d55-409b-b72d-ad05741a6530,6,856,True,23911,23599,260.6544771843255
857,ceb129bb-0d55-409b-b72d-ad05741a6530,6,857,True,23941,23629,161.17260440477548
858,ceb129bb-0d55-409b-b72d-ad05741a6530,6,858,True,23976,23664,155.65499142274712
859,ceb129bb-0d55-409b-b72d-ad05741a6530,6,859,True,23998,23686,219.07454382603828
860,ceb129bb-0d55-409b-b72d-ad05741a6530,6,860,True,24027,23715,205.40306874793168
861,ceb129bb-0d55-409b-b72d-ad05741a6530,6,861,True,24046,23734,171.07454382603828
862,ceb129bb-0d55-409b-b72d-ad05741a6530,6,862,True,24079,23767,223.53660971175486
863,ceb129bb-0d55-409b-b72d-ad05741a6530,6,863,True,24110,23798,160.55017129664702
864,ceb129bb-0d55-409b-b72d-ad05741a6530,6,864,True,24137,23825,202.26779544836245
865,ceb129bb-0d55-409b-b72d-ad05741a6530,6,865,True,24164,23852,140.92430705138395
866,ceb129bb-0d55-409b-b72d-ad05741a6530,6,866,True,24192,23880,202.03913282062786
867,ceb129bb-0d55-409b-b72d-ad05741a6530,6,867,True,24217,23905,136.66803859151696
868,ceb129bb-0d55-409b-b72d-ad05741a6530,6,868,True,24248,23936,227.51736616675407
869,ceb129bb-0d55-409b-b72d-ad05741a6530,6,869,True,24268,23956,210.21367081298013
870,ceb129bb-0d55-409b-b72d-ad05741a6530,6,870,True,24289,23977,162.12305101070524
871,ceb129bb-0d55-409b-b72d-ad05741a6530,6,871,True,24316,24004,187.07842785011235
872,ceb129bb-0d55-409b-b72d-ad05741a6530,6,872,True,24346,24034,176.31045810737487
873,ceb129bb-0d55-409b-b72d-ad05741a6530,6,873,True,24371,24059,132.07842785011235
874,ceb129bb-0d55-409b-b72d-ad05741a6530,6,874,True,24401,24089,177.57006933425146
875,ceb129bb-0d55-409b-b72d-ad05741a6530,6,875,True,24432,24120,123.82821829215754
876,ceb129bb-0d55-409b-b72d-ad05741a6530,6,876,True,24463,24151,118.58121571492666
877,ceb129bb-0d55-409b-b72d-ad05741a6530,6,877,True,24485,24173,144.58023853878694
878,ceb129bb-0d55-409b-b72d-ad05741a6530,6,878,True,24508,24196,126.3556226486071
879,ceb129bb-0d55-409b-b72d-ad05741a6530,6,879,True,24532,24220,128.02318969667613
880,ceb129bb-0d55-409b-b72d-ad05741a6530,6,880,True,24563,24251,190.63638521677058
881,ceb129bb-0d55-409b-b72d-ad05741a6530,6,881,True,24588,24276,140.68352694484565
882,ceb129bb-0d55-409b-b72d-ad05741a6530,6,882,True,24621,24309,176.06289724040835
883,ceb129bb-0d55-409b-b72d-ad05741a6530,6,883,True,24645,24333,140.82343397230215
884,ceb129bb-0d55-409b-b72d-ad05741a6530,6,884,True,24675,24363,177.92817913656108
885,ceb129bb-0d55-409b-b72d-ad05741a6530,6,885,True,24695,24383,152.81695119749202
886,ceb129bb-0d55-409b-b72d-ad05741a6530,6,886,True,24722,24410,157.81415686278342
887,ceb129bb-0d55-409b-b72d-ad05741a6530,6,887,True,24750,24438,123.32395759855717
888,ceb129bb-0d55-409b-b72d-ad05741a6530,6,888,True,24776,24464,182.3388136857393
889,ceb129bb-0d55-409b-b72d-ad05741a6530,6,889,True,24800,24488,142.32473330965513
890,ceb129bb-0d55-409b-b72d-ad05741a6530,6,890,True,24832,24520,164.04184281289054
891,ceb129bb-0d55-409b-b72d-ad05741a6530,6,891,True,24863,24551,130.15720655016776
892,ceb129bb-0d55-409b-b72d-ad05741a6530,6,892,True,24897,24585,125.83667886134208
893,ceb129bb-0d55-409b-b72d-ad05741a6530,6,893,True,24932,24620,146.26562229025512
894,ceb129bb-0d55-409b-b72d-ad05741a6530,6,894,True,24963,24651,195.70393407148367
895,ceb129bb-0d55-409b-b72d-ad05741a6530,6,895,True,24982,24670,119.37339716764836
896,ceb129bb-0d55-409b-b72d-ad05741a6530,6,896,True,25006,24694,150.09909100319055
897,ceb129bb-0d55-409b-b72d-ad05741a6530,6,897,True,25030,24718,123.20165244980308
898,ceb129bb-0d55-409b-b72d-ad05741a6530,6,898,True,25062,24750,146.22882477779422
899,ceb129bb-0d55-409b-b72d-ad05741a6530,6,899,True,25092,24780,142.34118761477657
900,ceb129bb-0d55-409b-b72d-ad05741a6530,6,900,True,25127,24815,137.5966187290178
901,ceb129bb-0d55-409b-b72d-ad05741a6530,6,901,True,25146,24834,116.22965897589893
902,ceb129bb-0d55-409b-b72d-ad05741a6530,6,902,True,25179,24867,102.06185848010136
903,ceb129bb-0d55-409b-b72d-ad05741a6530,6,903,True,25213,24901,108.24449120729696
904,ceb129bb-0d55-409b-b72d-ad05741a6530,6,904,True,25242,24930,146.08736305862476
905,ceb129bb-0d55-409b-b72d-ad05741a6530,6,905,True,25272,24960,118.31337307164358
906,ceb129bb-0d55-409b-b72d-ad05741a6530,6,906,True,25307,24995,105.96288982747865
907,ceb129bb-0d55-409b-b72d-ad05741a6530,6,907,True,25335,25023,109.46278203847032
908,ceb129bb-0d55-409b-b72d-ad05741a6530,6,908,True,25360,25048,135.61334638576227
909,ceb129bb-0d55-409b-b72d-ad05741a6530,6,909,True,25392,25080,109.0487826114877
910,ceb129bb-0d55-409b-b72d-ad05741a6530,6,910,True,25427,25115,105.8999498183257
911,ceb129bb-0d55-409b-b72d-ad05741a6530,6,911,True,25456,25144,129.15866785757316
912,ceb129bb-0d55-409b-b72d-ad05741a6530,6,912,True,25485,25173,113.09724883901072
913,ceb129bb-0d55-409b-b72d-ad05741a6530,6,913,True,25508,25196,116.83642926118773
914,ceb129bb-0d55-409b-b72d-ad05741a6530,6,914,True,25528,25216,132.8702294937466
915,ceb129bb-0d55-409b-b72d-ad05741a6530,6,915,True,25556,25244,107.61426546372968
916,ceb129bb-0d55-409b-b72d-ad05741a6530,6,916,True,25596,25284,105.50024639618277
917,ceb129bb-0d55-409b-b72d-ad05741a6530,6,917,True,25628,25316,107.67021704348372
918,ceb129bb-0d55-409b-b72d-ad05741a6530,6,918,True,25658,25346,106.74742769003569
919,ceb129bb-0d55-409b-b72d-ad05741a6530,6,919,True,25682,25370,108.9341440292701
920,ceb129bb-0d55-409b-b72d-ad05741a6530,6,920,True,25709,25397,133.56546104210793
921,ceb129bb-0d55-409b-b72d-ad05741a6530,6,921,True,25730,25418,126.26453572442188
922,ceb129bb-0d55-409b-b72d-ad05741a6530,6,922,True,25774,25462,91.393314242825
923,ceb129bb-0d55-409b-b72d-ad05741a6530,6,923,True,25801,25489,88.03183039787837
924,ceb129bb-0d55-409b-b72d-ad05741a6530,6,924,True,25830,25518,136.21117118818074
925,ceb129bb-0d55-409b-b72d-ad05741a6530,6,925,True,25853,25541,110.71298576919071
926,ceb129bb-0d55-409b-b72d-ad05741a6530,6,926,True,25876,25564,116.99597811650165
927,ceb129bb-0d55-409b-b72d-ad05741a6530,6,927,True,25896,25584,124.14856204330863
928,ceb129bb-0d55-409b-b72d-ad05741a6530,6,928,True,25929,25617,143.10977412918146
929,ceb129bb-0d55-409b-b72d-ad05741a6530,6,929,True,25957,25645,123.4230353317289
930,ceb129bb-0d55-409b-b72d-ad05741a6530,6,930,True,25995,25683,130.5542691524788
931,ceb129bb-0d55-409b-b72d-ad05741a6530,6,931,True,26014,25702,122.46528786611816
932,ceb129bb-0d55-409b-b72d-ad05741a6530,6,932,True,26034,25722,138.74093020914734
933,ceb129bb-0d55-409b-b72d-ad05741a6530,6,933,True,26062,25750,128.59112093795557
934,ceb129bb-0d55-409b-b72d-ad05741a6530,6,934,True,26090,25778,153.3955766918516
935,ceb129bb-0d55-409b-b72d-ad05741a6530,6,935,True,26114,25802,134.5127466977283
936,ceb129bb-0d55-409b-b72d-ad05741a6530,6,936,True,26140,25828,180.42531920832334
937,ceb129bb-0d55-409b-b72d-ad05741a6530,6,937,True,26176,25864,128.67475609307803
938,ceb129bb-0d55-409b-b72d-ad05741a6530,6,938,True,26205,25893,140.58259515813552
939,ceb129bb-0d55-409b-b72d-ad05741a6530,6,939,True,26238,25926,119.46257359321316
940,ceb129bb-0d55-409b-b72d-ad05741a6530,6,940,True,26268,25956,183.26040878293497
941,ceb129bb-0d55-409b-b72d-ad05741a6530,6,941,True,26292,25980,134.92122783019295
942,ceb129bb-0d55-409b-b72d-ad05741a6530,6,942,True,26321,26009,172.70585652222871
943,ceb129bb-0d55-409b-b72d-ad05741a6530,6,943,True,26341,26029,137.22622569678424
944,ceb129bb-0d55-409b-b72d-ad05741a6530,6,944,True,26368,26056,186.18391116000203
945,ceb129bb-0d55-409b-b72d-ad05741a6530,6,945,True,26388,26076,157.30240751161182
946,ceb129bb-0d55-409b-b72d-ad05741a6530,6,946,True,26420,26108,174.98498841627588
947,ceb129bb-0d55-409b-b72d-ad05741a6530,6,947,True,26439,26127,131.54681327096114
948,ceb129bb-0d55-409b-b72d-ad05741a6530,6,948,True,26477,26165,191.98353557028167
949,ceb129bb-0d55-409b-b72d-ad05741a6530,6,949,True,26508,26196,122.44602947233216
950,ceb129bb-0d55-409b-b72d-ad05741a6530,6,950,True,26537,26225,180.55095139366313
951,ceb129bb-0d55-409b-b72d-ad05741a6530,6,951,True,26566,26254,126.23509691701838
952,ceb129bb-0d55-409b-b72d-ad05741a6530,6,952,True,26597,26285,202.18174646550688
953,ceb129bb-0d55-409b-b72d-ad05741a6530,6,953,True,26633,26321,255.3723005276006
954,ceb129bb-0d55-409b-b72d-ad05741a6530,6,954,True,26661,26349,141.5163015230646
955,ceb129bb-0d55-409b-b72d-ad05741a6530,6,955,True,26685,26373,200.79619034607822
956,ceb129bb-0d55-409b-b72d-ad05741a6530,6,956,True,26714,26402,143.73067416737467
957,ceb129bb-0d55-409b-b72d-ad05741a6530,6,957,True,26735,26423,224.0157021737141
958,ceb129bb-0d55-409b-b72d-ad05741a6530,6,958,True,26760,26448,176.68416692957908
959,ceb129bb-0d55-409b-b72d-ad05741a6530,6,959,True,26790,26478,234.84076495547924
960,ceb129bb-0d55-409b-b72d-ad05741a6530,6,960,True,26821,26509,165.297334862531
961,ceb129bb-0d55-409b-b72d-ad05741a6530,6,961,True,26851,26539,161.4662359976137
962,ceb129bb-0d55-409b-b72d-ad05741a6530,6,962,True,26876,26564,160.69649729461162
963,ceb129bb-0d55-409b-b72d-ad05741a6530,6,963,True,26903,26591,187.83136956795352
964,ceb129bb-0d55-409b-b72d-ad05741a6530,6,964,True,26940,26628,178.87504610955511
965,ceb129bb-0d55-409b-b72d-ad05741a6530,6,965,True,26965,26653,151.3510288860707
966,ceb129bb-0d55-409b-b72d-ad05741a6530,6,966,True,26991,26679,152.86689201988338
967,ceb129bb-0d55-409b-b72d-ad05741a6530,6,967,True,27022,26710,124.74116791031338
968,ceb129bb-0d55-409b-b72d-ad05741a6530,6,968,True,27048,26736,146.71334141120315
969,ceb129bb-0d55-409b-b72d-ad05741a6530,6,969,True,27075,26763,168.8795474711187
970,ceb129bb-0d55-409b-b72d-ad05741a6530,6,970,True,27110,26798,140.35661852454723
971,ceb129bb-0d55-409b-b72d-ad05741a6530,6,971,True,27131,26819,140.4415356199097
972,ceb129bb-0d55-409b-b72d-ad05741a6530,6,972,True,27161,26849,138.6076870374054
973,ceb129bb-0d55-409b-b72d-ad05741a6530,6,973,True,27186,26874,155.99974007339188
974,ceb129bb-0d55-409b-b72d-ad05741a6530,6,974,True,27212,26900,137.0914703474773
975,ceb129bb-0d55-409b-b72d-ad05741a6530,6,975,True,27243,26931,154.02258271529718
976,ceb129bb-0d55-409b-b72d-ad05741a6530,6,976,True,27269,26957,143.83220741705372
977,ceb129bb-0d55-409b-b72d-ad05741a6530,6,977,True,27300,26988,159.42700639424584
978,ceb129bb-0d55-409b-b72d-ad05741a6530,6,978,True,27327,27015,142.20013749072677
979,ceb129bb-0d55-409b-b72d-ad05741a6530,6,979,True,27353,27041,165.3253081536859
980,ceb129bb-0d55-409b-b72d-ad05741a6530,6,980,True,27375,27063,150.2643677929227
981,ceb129bb-0d55-409b-b72d-ad05741a6530,6,981,True,27407,27095,243.1248272252451
982,ceb129bb-0d55-409b-b72d-ad05741a6530,6,982,True,27432,27120,220.82630549755413
983,ceb129bb-0d55-409b-b72d-ad05741a6530,6,983,True,27461,27149,165.8563281424358
984,ceb129bb-0d55-409b-b72d-ad05741a6530,6,984,True,27502,27190,199.00461866824116
985,ceb129bb-0d55-409b-b72d-ad05741a6530,6,985,True,27528,27216,224.04457524322788
986,ceb129bb-0d55-409b-b72d-ad05741a6530,6,986,True,27556,27244,177.7214357743287
987,ceb129bb-0d55-409b-b72d-ad05741a6530,6,987,True,27585,27273,222.8122388582051
988,ceb129bb-0d55-409b-b72d-ad05741a6530,6,988,True,27612,27300,183.89851185238513
989,ceb129bb-0d55-409b-b72d-ad05741a6530,6,989,True,27636,27324,220.72478085533294
990,ceb129bb-0d55-409b-b72d-ad05741a6530,6,990,True,27653,27341,191.23221366434882
991,ceb129bb-0d55-409b-b72d-ad05741a6530,6,991,True,27682,27370,190.78507672222986
992,ceb129bb-0d55-409b-b72d-ad05741a6530,6,992,True,27711,27399,201.92267137280214
993,ceb129bb-0d55-409b-b72d-ad05741a6530,6,993,True,27738,27426,186.948976804415
994,ceb129bb-0d55-409b-b72d-ad05741a6530,6,994,True,27766,27454,156.30598853039191
995,ceb129bb-0d55-409b-b72d-ad05741a6530,6,995,True,27796,27484,200.33730493441544
996,ceb129bb-0d55-409b-b72d-ad05741a6530,6,996,True,27826,27514,194.27943696089278
997,ceb129bb-0d55-409b-b72d-ad05741a6530,6,997,True,27852,27540,170.65342893272827
998,ceb129bb-0d55-409b-b72d-ad05741a6530,6,998,True,27879,27567,192.20656233805857
999,ceb129bb-0d55-409b-b72d-ad05741a6530,6,999,True,27915,27603,131.7350860597544
1000,9aa956ec-abd6-4f0c-a85b-9b2a4e97be80,7,1000,True,380,28,79.85157901363769
1001,9aa956ec-abd6-4f0c-a85b-9b2a4e97be80,7,1001,True,401,49,89.2749419846952
1002,9aa956ec-abd6-4f0c-a85b-9b2a4e97be80,7,1002,True,422,70,93.19013569656008
1003,9aa956ec-abd6-4f0c-a85b-9b2a4e97be80,7,1003,True,446,94,85.93286887207918
1004,9aa956ec-abd6-4f0c-a85b-9b2a4e97be80,7,1004,True,485,133,74.13870206664853
1005,9aa956ec-abd6-4f0c-a85b-9b2a4e97be80,7,1005,True,512,160,83.96576629387357
1006,9aa956ec-abd6-4f0c-a85b-9b2a4e97be80,7,1006,True,541,189,84.04131404984741
1007,9aa956ec-abd6-4f0c-a85b-9b2a4e97be80,7,1007,True,565,213,93.13041707939931
1008,9aa956ec-abd6-4f0c-a85b-9b2a4e97be80,7,1008,True,597,245,87.29789325343921
1009,9aa956ec-abd6-4f0c-a85b-9b2a4e97be80,7,1009,True,625,273,165.73499404560778
1010,9aa956ec-abd6-4f0c-a85b-9b2a4e97be80,7,1010,True,654,302,125.72249510563961
1011,9aa956ec-abd6-4f0c-a85b-9b2a4e97be80,7,1011,True,677,325,160.86199936811045
1012,9aa956ec-abd6-4f0c-a85b-9b2a4e97be80,7,1012,True,711,359,159.74446189894377
1013,9aa956ec-abd6-4f0c-a85b-9b2a4e97be80,7,1013,True,738,386,151.07211946244865
1014,9aa956ec-abd6-4f0c-a85b-9b2a4e97be80,7,1014,True,769,417,131.0967704783285
1015,9aa956ec-abd6-4f0c-a85b-9b2a4e97be80,7,1015,True,800,448,145.44552857435758
1016,9aa956ec-abd6-4f0c-a85b-9b2a4e97be80,7,1016,True,824,472,108.62637384692823
1017,9aa956ec-abd6-4f0c-a85b-9b2a4e97be80,7,1017,True,857,505,154.09996341268914
1018,9aa956ec-abd6-4f0c-a85b-9b2a4e97be80,7,1018,True,888,536,133.1321902721993
1019,9aa956ec-abd6-4f0c-a85b-9b2a4e97be80,7,1019,True,912,560,128.29739063791249
1020,9aa956ec-abd6-4f0c-a85b-9b2a4e97be80,7,1020,True,944,592,137.89444764514633
1021,9aa956ec-abd6-4f0c-a85b-9b2a4e97be80,7,1021,True,976,624,152.66557195195935
1022,9aa956ec-abd6-4f0c-a85b-9b2a4e97be80,7,1022,True,1006,654,111.50886012451042
1023,9aa956ec-abd6-4f0c-a85b-9b2a4e97be80,7,1023,True,1040,688,128.04175458323243
1024,9aa956ec-abd6-4f0c-a85b-9b2a4e97be80,7,1024,True,1059,707,118.93512422785955
1025,9aa956ec-abd6-4f0c-a85b-9b2a4e97be80,7,1025,True,1077,725,132.81466188295008
1026,9aa956ec-abd6-4f0c-a85b-9b2a4e97be80,7,1026,True,1103,751,156.7241981998369
1027,9aa956ec-abd6-4f0c-a85b-9b2a4e97be80,7,1027,True,1128,776,140.79469324841375
1028,9aa956ec-abd6-4f0c-a85b-9b2a4e97be80,7,1028,True,1156,804,181.74886595134603
1029,9aa956ec-abd6-4f0c-a85b-9b2a4e97be80,7,1029,True,1174,822,185.87068491622847
1030,9aa956ec-abd6-4f0c-a85b-9b2a4e97be80,7,1030,True,1207,855,215.35282629233325
1031,9aa956ec-abd6-4f0c-a85b-9b2a4e97be80,7,1031,True,1223,871,187.43441928914058
1032,9aa956ec-abd6-4f0c-a85b-9b2a4e97be80,7,1032,True,1249,897,214.64150416751204
1033,9aa956ec-abd6-4f0c-a85b-9b2a4e97be80,7,1033,True,1272,920,182.35593827430694
1034,9aa956ec-abd6-4f0c-a85b-9b2a4e97be80,7,1034,True,1298,946,219.48790741306289
1035,9aa956ec-abd6-4f0c-a85b-9b2a4e97be80,7,1035,True,1323,971,194.48790741306289
1036,9aa956ec-abd6-4f0c-a85b-9b2a4e97be80,7,1036,True,1346,994,159.76421847742108
1037,9aa956ec-abd6-4f0c-a85b-9b2a4e97be80,7,1037,True,1371,1019,183.15210381646557
1038,9aa956ec-abd6-4f0c-a85b-9b2a4e97be80,7,1038,True,1392,1040,172.48426153087144
1039,9aa956ec-abd6-4f0c-a85b-9b2a4e97be80,7,1039,True,1420,1068,196.4455797982764
1040,9aa956ec-abd6-4f0c-a85b-9b2a4e97be80,7,1040,True,1449,1097,158.55641707508516
1041,9aa956ec-abd6-4f0c-a85b-9b2a4e97be80,7,1041,True,1467,1115,194.53970222792145
1042,9aa956ec-abd6-4f0c-a85b-9b2a4e97be80,7,1042,True,1490,1138,180.41726358568644
1043,9aa956ec-abd6-4f0c-a85b-9b2a4e97be80,7,1043,True,1523,1171,162.75183528565663
1044,9aa956ec-abd6-4f0c-a85b-9b2a4e97be80,7,1044,True,1552,1200,159.59134603590041
1045,9aa956ec-abd6-4f0c-a85b-9b2a4e97be80,7,1045,True,1573,1221,200.97306799388207
1046,9aa956ec-abd6-4f0c-a85b-9b2a4e97be80,7,1046,True,1597,1245,166.10920554489576
1047,9aa956ec-abd6-4f0c-a85b-9b2a4e97be80,7,1047,True,1621,1269,193.464662272326
1048,9aa956ec-abd6-4f0c-a85b-9b2a4e97be80,7,1048,True,1651,1299,173.64725444119335
1049,9aa956ec-abd6-4f0c-a85b-9b2a4e97be80,7,1049,True,1683,1331,197.79604282621358
1050,9aa956ec-abd6-4f0c-a85b-9b2a4e97be80,7,1050,True,1699,1347,168.54093971036127
1051,9aa956ec-abd6-4f0c-a85b-9b2a4e97be80,7,1051,True,1730,1378,150.79604282621358
1052,9aa956ec-abd6-4f0c-a85b-9b2a4e97be80,7,1052,True,1764,1412,178.8164497900998
1053,9aa956ec-abd6-4f0c-a85b-9b2a4e97be80,7,1053,True,1787,1435,167.11486812938574
1054,9aa956ec-abd6-4f0c-a85b-9b2a4e97be80,7,1054,True,1812,1460,158.3964946321521
1055,9aa956ec-abd6-4f0c-a85b-9b2a4e97be80,7,1055,True,1837,1485,166.82738859446386
1056,9aa956ec-abd6-4f0c-a85b-9b2a4e97be80,7,1056,True,1871,1519,174.34187122125172
1057,9aa956ec-abd6-4f0c-a85b-9b2a4e97be80,7,1057,True,1898,1546,158.6898483323073
1058,9aa956ec-abd6-4f0c-a85b-9b2a4e97be80,7,1058,True,1924,1572,152.40962102457684
1059,9aa956ec-abd6-4f0c-a85b-9b2a4e97be80,7,1059,True,1943,1591,154.53442949640885
1060,9aa956ec-abd6-4f0c-a85b-9b2a4e97be80,7,1060,True,1971,1619,165.74599834266792
1061,9aa956ec-abd6-4f0c-a85b-9b2a4e97be80,7,1061,True,2001,1649,146.40843972632297
1062,9aa956ec-abd6-4f0c-a85b-9b2a4e97be80,7,1062,True,2032,1680,164.51407042443088
1063,9aa956ec-abd6-4f0c-a85b-9b2a4e97be80,7,1063,True,2056,1704,152.9772027520071
1064,9aa956ec-abd6-4f0c-a85b-9b2a4e97be80,7,1064,True,2088,1736,185.26071626883322
1065,9aa956ec-abd6-4f0c-a85b-9b2a4e97be80,7,1065,True,2104,1752,123.04776430014249
1066,9aa956ec-abd6-4f0c-a85b-9b2a4e97be80,7,1066,True,2144,1792,152.7696180789153
1067,9aa956ec-abd6-4f0c-a85b-9b2a4e97be80,7,1067,True,2171,1819,136.72578015732074
1068,9aa956ec-abd6-4f0c-a85b-9b2a4e97be80,7,1068,True,2194,1842,198.53861244523364
1069,9aa956ec-abd6-4f0c-a85b-9b2a4e97be80,7,1069,True,2220,1868,181.39974381841557
1070,9aa956ec-abd6-4f0c-a85b-9b2a4e97be80,7,1070,True,2252,1900,176.3463369792721
1071,9aa956ec-abd6-4f0c-a85b-9b2a4e97be80,7,1071,True,2275,1923,142.24759173188477
1072,9aa956ec-abd6-4f0c-a85b-9b2a4e97be80,7,1072,True,2302,1950,201.2506768393573
1073,9aa956ec-abd6-4f0c-a85b-9b2a4e97be80,7,1073,True,2325,1973,163.46718813150846
1074,9aa956ec-abd6-4f0c-a85b-9b2a4e97be80,7,1074,True,2354,2002,196.61717682765402
1075,9aa956ec-abd6-4f0c-a85b-9b2a4e97be80,7,1075,True,2375,2023,199.26353816808341
1076,9aa956ec-abd6-4f0c-a85b-9b2a4e97be80,7,1076,True,2407,2055,154.93231931683113
1077,9aa956ec-abd6-4f0c-a85b-9b2a4e97be80,7,1077,True,2437,2085,137.26353816808341
1078,9aa956ec-abd6-4f0c-a85b-9b2a4e97be80,7,1078,True,2468,2116,130.70943246144543
1079,9aa956ec-abd6-4f0c-a85b-9b2a4e97be80,7,1079,True,2503,2151,132.57421477708021
1080,9aa956ec-abd6-4f0c-a85b-9b2a4e97be80,7,1080,True,2529,2177,158.67706748887758
1081,9aa956ec-abd6-4f0c-a85b-9b2a4e97be80,7,1081,True,2549,2197,127.97081491627205
1082,9aa956ec-abd6-4f0c-a85b-9b2a4e97be80,7,1082,True,2573,2221,154.25173560391022
1083,9aa956ec-abd6-4f0c-a85b-9b2a4e97be80,7,1083,True,2598,2246,138.89854209474333
1084,9aa956ec-abd6-4f0c-a85b-9b2a4e97be80,7,1084,True,2619,2267,133.579283477236
1085,9aa956ec-abd6-4f0c-a85b-9b2a4e97be80,7,1085,True,2647,2295,156.4307723396014
1086,9aa956ec-abd6-4f0c-a85b-9b2a4e97be80,7,1086,True,2675,2323,146.75280709435583
1087,9aa956ec-abd6-4f0c-a85b-9b2a4e97be80,7,1087,True,2706,2354,145.03297400623705
1088,9aa956ec-abd6-4f0c-a85b-9b2a4e97be80,7,1088,True,2738,2386,151.639723522826
1089,9aa956ec-abd6-4f0c-a85b-9b2a4e97be80,7,1089,True,2759,2407,140.96560439931818
1090,9aa956ec-abd6-4f0c-a85b-9b2a4e97be80,7,1090,True,2791,2439,163.9121908519428
1091,9aa956ec-abd6-4f0c-a85b-9b2a4e97be80,7,1091,True,2811,2459,123.81613513400498
1092,9aa956ec-abd6-4f0c-a85b-9b2a4e97be80,7,1092,True,2843,2491,143.8048060625124
1093,9aa956ec-abd6-4f0c-a85b-9b2a4e97be80,7,1093,True,2868,2516,129.15969171823917
1094,9aa956ec-abd6-4f0c-a85b-9b2a4e97be80,7,1094,True,2902,2550,124.9232138753764
1095,9aa956ec-abd6-4f0c-a85b-9b2a4e97be80,7,1095,True,2934,2582,116.70991974070967
1096,9aa956ec-abd6-4f0c-a85b-9b2a4e97be80,7,1096,True,2960,2608,118.04172769524621
1097,9aa956ec-abd6-4f0c-a85b-9b2a4e97be80,7,1097,True,2978,2626,172.41404992632897
1098,9aa956ec-abd6-4f0c-a85b-9b2a4e97be80,7,1098,True,3001,2649,181.07710541251026
1099,9aa956ec-abd6-4f0c-a85b-9b2a4e97be80,7,1099,True,3033,2681,137.71371589007003
1100,9aa956ec-abd6-4f0c-a85b-9b2a4e97be80,7,1100,True,3075,2723,125.46891851400142
1101,9aa956ec-abd6-4f0c-a85b-9b2a4e97be80,7,1101,True,3101,2749,161.19833303985433
1102,9aa956ec-abd6-4f0c-a85b-9b2a4e97be80,7,1102,True,3123,2771,128.90463583532346
1103,9aa956ec-abd6-4f0c-a85b-9b2a4e97be80,7,1103,True,3153,2801,153.30425487401726
1104,9aa956ec-abd6-4f0c-a85b-9b2a4e97be80,7,1104,True,3182,2830,146.53962258809088
1105,9aa956ec-abd6-4f0c-a85b-9b2a4e97be80,7,1105,True,3215,2863,124.09259300904523
1106,9aa956ec-abd6-4f0c-a85b-9b2a4e97be80,7,1106,True,3241,2889,163.82832234735497
1107,9aa956ec-abd6-4f0c-a85b-9b2a4e97be80,7,1107,True,3265,2913,158.3439532103921
1108,9aa956ec-abd6-4f0c-a85b-9b2a4e97be80,7,1108,True,3302,2950,161.4236439441629
1109,9aa956ec-abd6-4f0c-a85b-9b2a4e97be80,7,1109,True,3329,2977,144.70134332526095
1110,9aa956ec-abd6-4f0c-a85b-9b2a4e97be80,7,1110,True,3360,3008,139.84760330253494
1111,9aa956ec-abd6-4f0c-a85b-9b2a4e97be80,7,1111,True,3381,3029,131.68883178323858
1112,9aa956ec-abd6-4f0c-a85b-9b2a4e97be80,7,1112,True,3411,3059,126.64263246328846
1113,9aa956ec-abd6-4f0c-a85b-9b2a4e97be80,7,1113,True,3439,3087,117.51546454250047
1114,9aa956ec-abd6-4f0c-a85b-9b2a4e97be80,7,1114,True,3467,3115,130.59040927697106
1115,9aa956ec-abd6-4f0c-a85b-9b2a4e97be80,7,1115,True,3485,3133,123.61951655538769
1116,9aa956ec-abd6-4f0c-a85b-9b2a4e97be80,7,1116,True,3518,3166,166.23004073572793
1117,9aa956ec-abd6-4f0c-a85b-9b2a4e97be80,7,1117,True,3546,3194,149.41211214496707
1118,9aa956ec-abd6-4f0c-a85b-9b2a4e97be80,7,1118,True,3561,3209,134.41211214496707
1119,9aa956ec-abd6-4f0c-a85b-9b2a4e97be80,7,1119,True,3588,3236,127.33948705522607
1120,9aa956ec-abd6-4f0c-a85b-9b2a4e97be80,7,1120,True,3622,3270,122.08668206293987
1121,9aa956ec-abd6-4f0c-a85b-9b2a4e97be80,7,1121,True,3663,3311,122.8210673034032
1122,9aa956ec-abd6-4f0c-a85b-9b2a4e97be80,7,1122,True,3692,3340,123.87147838431929
1123,9aa956ec-abd6-4f0c-a85b-9b2a4e97be80,7,1123,True,3719,3367,136.0951322673136
1124,9aa956ec-abd6-4f0c-a85b-9b2a4e97be80,7,1124,True,3737,3385,105.98749986711118
1125,9aa956ec-abd6-4f0c-a85b-9b2a4e97be80,7,1125,True,3769,3417,108.13860183625911
1126,9aa956ec-abd6-4f0c-a85b-9b2a4e97be80,7,1126,True,3796,3444,143.59191860855526
1127,9aa956ec-abd6-4f0c-a85b-9b2a4e97be80,7,1127,True,3820,3468,151.010331140345
1128,9aa956ec-abd6-4f0c-a85b-9b2a4e97be80,7,1128,True,3850,3498,139.5954949832003
1129,9aa956ec-abd6-4f0c-a85b-9b2a4e97be80,7,1129,True,3879,3527,121.66394794404505
1130,9aa956ec-abd6-4f0c-a85b-9b2a4e97be80,7,1130,True,3907,3555,117.18271351681597
1131,9aa956ec-abd6-4f0c-a85b-9b2a4e97be80,7,1131,True,3944,3592,121.67103135120806
1132,9aa956ec-abd6-4f0c-a85b-9b2a4e97be80,7,1132,True,3974,3622,165.25164666222008
1133,9aa956ec-abd6-4f0c-a85b-9b2a4e97be80,7,1133,True,3999,3647,106.53004273038277
1134,9aa956ec-abd6-4f0c-a85b-9b2a4e97be80,7,1134,True,4030,3678,127.52542741527031
1135,9aa956ec-abd6-4f0c-a85b-9b2a4e97be80,7,1135,True,4057,3705,111.20807819200127
1136,9aa956ec-abd6-4f0c-a85b-9b2a4e97be80,7,1136,True,4084,3732,138.30956570725448
1137,9aa956ec-abd6-4f0c-a85b-9b2a4e97be80,7,1137,True,4104,3752,129.0868778381282
1138,9aa956ec-abd6-4f0c-a85b-9b2a4e97be80,7,1138,True,4130,3778,144.30489113215754
1139,9aa956ec-abd6-4f0c-a85b-9b2a4e97be80,7,1139,True,4162,3810,177.73403521984574
1140,9aa956ec-abd6-4f0c-a85b-9b2a4e97be80,7,1140,True,4188,3836,139.71149149526627
1141,9aa956ec-abd6-4f0c-a85b-9b2a4e97be80,7,1141,True,4217,3865,122.73403521984574
1142,9aa956ec-abd6-4f0c-a85b-9b2a4e97be80,7,1142,True,4250,3898,133.41434838082387
1143,9aa956ec-abd6-4f0c-a85b-9b2a4e97be80,7,1143,True,4279,3927,127.41375223413343
1144,9aa956ec-abd6-4f0c-a85b-9b2a4e97be80,7,1144,True,4309,3957,189.0593023601332
1145,9aa956ec-abd6-4f0c-a85b-9b2a4e97be80,7,1145,True,4329,3977,104.33696543891938
1146,9aa956ec-abd6-4f0c-a85b-9b2a4e97be80,7,1146,True,4352,4000,132.82818253303685
1147,9aa956ec-abd6-4f0c-a85b-9b2a4e97be80,7,1147,True,4387,4035,125.14132763001817
1148,9aa956ec-abd6-4f0c-a85b-9b2a4e97be80,7,1148,True,4427,4075,168.28494102262084
1149,9aa956ec-abd6-4f0c-a85b-9b2a4e97be80,7,1149,True,4454,4102,152.55572890020903
1150,9aa956ec-abd6-4f0c-a85b-9b2a4e97be80,7,1150,True,4482,4130,163.48893940764356
1151,9aa956ec-abd6-4f0c-a85b-9b2a4e97be80,7,1151,True,4506,4154,151.1097175709574
1152,9aa956ec-abd6-4f0c-a85b-9b2a4e97be80,7,1152,True,4541,4189,186.90385371765205
1153,9aa956ec-abd6-4f0c-a85b-9b2a4e97be80,7,1153,True,4573,4221,144.01398052360764
1154,9aa956ec-abd6-4f0c-a85b-9b2a4e97be80,7,1154,True,4601,4249,148.3891223796245
1155,9aa956ec-abd6-4f0c-a85b-9b2a4e97be80,7,1155,True,4630,4278,140.62447652963874
1156,9aa956ec-abd6-4f0c-a85b-9b2a4e97be80,7,1156,True,4655,4303,147.0558865120447
1157,9aa956ec-abd6-4f0c-a85b-9b2a4e97be80,7,1157,True,4678,4326,149.44654746918786
1158,9aa956ec-abd6-4f0c-a85b-9b2a4e97be80,7,1158,True,4706,4354,149.26811483836264
1159,9aa956ec-abd6-4f0c-a85b-9b2a4e97be80,7,1159,True,4731,4379,202.80384593912095
1160,9aa956ec-abd6-4f0c-a85b-9b2a4e97be80,7,1160,True,4763,4411,148.04255227149133
1161,9aa956ec-abd6-4f0c-a85b-9b2a4e97be80,7,1161,True,4791,4439,153.4978429423054
1162,9aa956ec-abd6-4f0c-a85b-9b2a4e97be80,7,1162,True,4818,4466,201.0110940368986
1163,9aa956ec-abd6-4f0c-a85b-9b2a4e97be80,7,1163,True,4839,4487,128.88317913955325
1164,9aa956ec-abd6-4f0c-a85b-9b2a4e97be80,7,1164,True,4867,4515,172.6551985164806
1165,9aa956ec-abd6-4f0c-a85b-9b2a4e97be80,7,1165,True,4912,4560,181.94309508539936
1166,9aa956ec-abd6-4f0c-a85b-9b2a4e97be80,7,1166,True,4937,4585,200.60758019280638
1167,9aa956ec-abd6-4f0c-a85b-9b2a4e97be80,7,1167,True,4960,4608,153.15768910147654
1168,9aa956ec-abd6-4f0c-a85b-9b2a4e97be80,7,1168,True,4983,4631,197.26980009873932
1169,9aa956ec-abd6-4f0c-a85b-9b2a4e97be80,7,1169,True,5009,4657,192.4680601383434
1170,9aa956ec-abd6-4f0c-a85b-9b2a4e97be80,7,1170,True,5034,4682,156.84471450468845
1171,9aa956ec-abd6-4f0c-a85b-9b2a4e97be80,7,1171,True,5067,4715,190.25359734828726
1172,9aa956ec-abd6-4f0c-a85b-9b2a4e97be80,7,1172,True,5093,4741,174.63998102651476
1173,9aa956ec-abd6-4f0c-a85b-9b2a4e97be80,7,1173,True,5125,4773,179.20734237383112
1174,9aa956ec-abd6-4f0c-a85b-9b2a4e97be80,7,1174,True,5154,4802,128.17202457199346
1175,9aa956ec-abd6-4f0c-a85b-9b2a4e97be80,7,1175,True,5173,4821,160.04119933283164
1176,9aa956ec-abd6-4f0c-a85b-9b2a4e97be80,7,1176,True,5204,4852,174.20371668631105
1177,9aa956ec-abd6-4f0c-a85b-9b2a4e97be80,7,1177,True,5236,4884,151.96693724348734
1178,9aa956ec-abd6-4f0c-a85b-9b2a4e97be80,7,1178,True,5276,4924,156.8200563055134
1179,9aa956ec-abd6-4f0c-a85b-9b2a4e97be80,7,1179,True,5300,4948,163.54648398321297
1180,9aa956ec-abd6-4f0c-a85b-9b2a4e97be80,7,1180,True,5324,4972,156.08389327594432
1181,9aa956ec-abd6-4f0c-a85b-9b2a4e97be80,7,1181,True,5356,5004,147.5334811019111
1182,9aa956ec-abd6-4f0c-a85b-9b2a4e97be80,7,1182,True,5384,5032,131.9071434587031
1183,9aa956ec-abd6-4f0c-a85b-9b2a4e97be80,7,1183,True,5410,5058,154.9881234388331
1184,9aa956ec-abd6-4f0c-a85b-9b2a4e97be80,7,1184,True,5444,5092,133.45646802857664
1185,9aa956ec-abd6-4f0c-a85b-9b2a4e97be80,7,1185,True,5475,5123,147.65307541247512
1186,9aa956ec-abd6-4f0c-a85b-9b2a4e97be80,7,1186,True,5512,5160,141.6998287491233
1187,9aa956ec-abd6-4f0c-a85b-9b2a4e97be80,7,1187,True,5543,5191,158.19974443727278
1188,9aa956ec-abd6-4f0c-a85b-9b2a4e97be80,7,1188,True,5567,5215,156.70530258810777
1189,9aa956ec-abd6-4f0c-a85b-9b2a4e97be80,7,1189,True,5589,5237,162.47619647230385
1190,9aa956ec-abd6-4f0c-a85b-9b2a4e97be80,7,1190,True,5623,5271,146.96633716725682
1191,9aa956ec-abd6-4f0c-a85b-9b2a4e97be80,7,1191,True,5654,5302,180.51169048114207
1192,9aa956ec-abd6-4f0c-a85b-9b2a4e97be80,7,1192,True,5693,5341,130.90768520078018
1193,9aa956ec-abd6-4f0c-a85b-9b2a4e97be80,7,1193,True,5719,5367,151.9176312041709
1194,9aa956ec-abd6-4f0c-a85b-9b2a4e97be80,7,1194,True,5752,5400,151.142947661353
1195,9aa956ec-abd6-4f0c-a85b-9b2a4e97be80,7,1195,True,5778,5426,135.6110518771966
1196,9aa956ec-abd6-4f0c-a85b-9b2a4e97be80,7,1196,True,5812,5460,151.8312030811885
1197,9aa956ec-abd6-4f0c-a85b-9b2a4e97be80,7,1197,True,5839,5487,115.34854261822602
1198,9aa956ec-abd6-4f0c-a85b-9b2a4e97be80,7,1198,True,5870,5518,170.42692177594472
1199,9aa956ec-abd6-4f0c-a85b-9b2a4e97be80,7,1199,True,5886,5534,140.28858873163972
1200,9aa956ec-abd6-4f0c-a85b-9b2a4e97be80,7,1200,True,5917,5565,132.24188355058686
1201,9aa956ec-abd6-4f0c-a85b-9b2a4e97be80,7,1201,True,5939,5587,124.52156616530465
1202,9aa956ec-abd6-4f0c-a85b-9b2a4e97be80,7,1202,True,5968,5616,147.26893426991592
1203,9aa956ec-abd6-4f0c-a85b-9b2a4e97be80,7,1203,True,5989,5637,153.17671747270924
1204,9aa956ec-abd6-4f0c-a85b-9b2a4e97be80,7,1204,True,6011,5659,146.17671183415678
1205,9aa956ec-abd6-4f0c-a85b-9b2a4e97be80,7,1205,True,6035,5683,154.29026003617855
1206,9aa956ec-abd6-4f0c-a85b-9b2a4e97be80,7,1206,True,6065,5713,141.5400460874489
1207,9aa956ec-abd6-4f0c-a85b-9b2a4e97be80,7,1207,True,6089,5737,139.63667678992806
1208,9aa956ec-abd6-4f0c-a85b-9b2a4e97be80,7,1208,True,6118,5766,134.48109392690094
1209,9aa956ec-abd6-4f0c-a85b-9b2a4e97be80,7,1209,True,6154,5802,130.3164280906849
1210,9aa956ec-abd6-4f0c-a85b-9b2a4e97be80,7,1210,True,6185,5833,138.8016981887149
1211,9aa956ec-abd6-4f0c-a85b-9b2a4e97be80,7,1211,True,6213,5861,161.23258232080843
1212,9aa956ec-abd6-4f0c-a85b-9b2a4e97be80,7,1212,True,6238,5886,160.19798802625974
1213,9aa956ec-abd6-4f0c-a85b-9b2a4e97be80,7,1213,True,6268,5916,152.74332016461358
1214,9aa956ec-abd6-4f0c-a85b-9b2a4e97be80,7,1214,True,6300,5948,131.94281035576114
1215,9aa956ec-abd6-4f0c-a85b-9b2a4e97be80,7,1215,True,6318,5966,164.05045965268164
1216,9aa956ec-abd6-4f0c-a85b-9b2a4e97be80,7,1216,True,6342,5990,151.13998078305667
1217,9aa956ec-abd6-4f0c-a85b-9b2a4e97be80,7,1217,True,6373,6021,152.5184014535762
1218,9aa956ec-abd6-4f0c-a85b-9b2a4e97be80,7,1218,True,6390,6038,144.9873100859777
1219,9aa956ec-abd6-4f0c-a85b-9b2a4e97be80,7,1219,True,6429,6077,246.2452358413666
1220,9aa956ec-abd6-4f0c-a85b-9b2a4e97be80,7,1220,True,6459,6107,206.80250525821612
1221,9aa956ec-abd6-4f0c-a85b-9b2a4e97be80,7,1221,True,6482,6130,260.76179339842474
1222,9aa956ec-abd6-4f0c-a85b-9b2a4e97be80,7,1222,True,6514,6162,228.76179339842474
1223,9aa956ec-abd6-4f0c-a85b-9b2a4e97be80,7,1223,True,6538,6186,204.76179339842474
1224,9aa956ec-abd6-4f0c-a85b-9b2a4e97be80,7,1224,True,6556,6204,173.26298027630855
1225,9aa956ec-abd6-4f0c-a85b-9b2a4e97be80,7,1225,True,6576,6224,258.7042297485841
1226,9aa956ec-abd6-4f0c-a85b-9b2a4e97be80,7,1226,True,6608,6256,185.30605671859303
1227,9aa956ec-abd6-4f0c-a85b-9b2a4e97be80,7,1227,True,6634,6282,189.52411236863009
1228,9aa956ec-abd6-4f0c-a85b-9b2a4e97be80,7,1228,True,6660,6308,200.60930040903077
1229,9aa956ec-abd6-4f0c-a85b-9b2a4e97be80,7,1229,True,6683,6331,168.35343324723272
1230,9aa956ec-abd6-4f0c-a85b-9b2a4e97be80,7,1230,True,6707,6355,205.42553621255593
1231,9aa956ec-abd6-4f0c-a85b-9b2a4e97be80,7,1231,True,6736,6384,166.3954821745656
1232,9aa956ec-abd6-4f0c-a85b-9b2a4e97be80,7,1232,True,6760,6408,195.13908267071292
1233,9aa956ec-abd6-4f0c-a85b-9b2a4e97be80,7,1233,True,6789,6437,200.5624307007065
1234,9aa956ec-abd6-4f0c-a85b-9b2a4e97be80,7,1234,True,6819,6467,161.35502129517045
1235,9aa956ec-abd6-4f0c-a85b-9b2a4e97be80,7,1235,True,6843,6491,199.05225999092636
1236,9aa956ec-abd6-4f0c-a85b-9b2a4e97be80,7,1236,True,6874,6522,158.11684359851188
1237,9aa956ec-abd6-4f0c-a85b-9b2a4e97be80,7,1237,True,6899,6547,184.4595631064376
1238,9aa956ec-abd6-4f0c-a85b-9b2a4e97be80,7,1238,True,6928,6576,185.53218353912143
1239,9aa956ec-abd6-4f0c-a85b-9b2a4e97be80,7,1239,True,6967,6615,161.8498343276242
1240,9aa956ec-abd6-4f0c-a85b-9b2a4e97be80,7,1240,True,6990,6638,150.25348310965728
1241,9aa956ec-abd6-4f0c-a85b-9b2a4e97be80,7,1241,True,7021,6669,119.25348310965728
1242,9aa956ec-abd6-4f0c-a85b-9b2a4e97be80,7,1242,True,7047,6695,183.01983867816944
1243,9aa956ec-abd6-4f0c-a85b-9b2a4e97be80,7,1243,True,7076,6724,162.7019045866191
1244,9aa956ec-abd6-4f0c-a85b-9b2a4e97be80,7,1244,True,7103,6751,179.65938135239503
1245,9aa956ec-abd6-4f0c-a85b-9b2a4e97be80,7,1245,True,7129,6777,164.45961625179007
1246,9aa956ec-abd6-4f0c-a85b-9b2a4e97be80,7,1246,True,7151,6799,156.08650102280262
1247,9aa956ec-abd6-4f0c-a85b-9b2a4e97be80,7,1247,True,7198,6846,175.1831008208228
1248,9aa956ec-abd6-4f0c-a85b-9b2a4e97be80,7,1248,True,7217,6865,165.57035681792968
1249,9aa956ec-abd6-4f0c-a85b-9b2a4e97be80,7,1249,True,7253,6901,150.51107446094738
1250,9aa956ec-abd6-4f0c-a85b-9b2a4e97be80,7,1250,True,7277,6925,150.93066357155476
1251,9aa956ec-abd6-4f0c-a85b-9b2a4e97be80,7,1251,True,7308,6956,200.44090318240433
1252,9aa956ec-abd6-4f0c-a85b-9b2a4e97be80,7,1252,True,7337,6985,196.97190377547759
1253,9aa956ec-abd6-4f0c-a85b-9b2a4e97be80,7,1253,True,7367,7015,151.28315732984174
1254,9aa956ec-abd6-4f0c-a85b-9b2a4e97be80,7,1254,True,7398,7046,146.48784478610378
1255,9aa956ec-abd6-4f0c-a85b-9b2a4e97be80,7,1255,True,7421,7069,153.19718135193762
1256,9aa956ec-abd6-4f0c-a85b-9b2a4e97be80,7,1256,True,7453,7101,142.0373797000084
1257,9aa956ec-abd6-4f0c-a85b-9b2a4e97be80,7,1257,True,7477,7125,201.29598632774287
1258,9aa956ec-abd6-4f0c-a85b-9b2a4e97be80,7,1258,True,7501,7149,189.59814610356534
1259,9aa956ec-abd6-4f0c-a85b-9b2a4e97be80,7,1259,True,7518,7166,172.59814610356534
1260,9aa956ec-abd6-4f0c-a85b-9b2a4e97be80,7,1260,True,7550,7198,199.70143430445114
1261,9aa956ec-abd6-4f0c-a85b-9b2a4e97be80,7,1261,True,7580,7228,145.8290304169759
1262,9aa956ec-abd6-4f0c-a85b-9b2a4e97be80,7,1262,True,7618,7266,159.8476083491796
1263,9aa956ec-abd6-4f0c-a85b-9b2a4e97be80,7,1263,True,7641,7289,147.3102970345335
1264,9aa956ec-abd6-4f0c-a85b-9b2a4e97be80,7,1264,True,7673,7321,155.26823649697417
1265,9aa956ec-abd6-4f0c-a85b-9b2a4e97be80,7,1265,True,7701,7349,137.8052534084718
1266,9aa956ec-abd6-4f0c-a85b-9b2a4e97be80,7,1266,True,7727,7375,168.09735777993865
1267,9aa956ec-abd6-4f0c-a85b-9b2a4e97be80,7,1267,True,7756,7404,149.4933449224891
1268,9aa956ec-abd6-4f0c-a85b-9b2a4e97be80,7,1268,True,7780,7428,199.9570741855223
1269,9aa956ec-abd6-4f0c-a85b-9b2a4e97be80,7,1269,True,7816,7464,138.16654377382838
1270,9aa956ec-abd6-4f0c-a85b-9b2a4e97be80,7,1270,True,7849,7497,162.5826204208306
1271,9aa956ec-abd6-4f0c-a85b-9b2a4e97be80,7,1271,True,7879,7527,212.93399898459938
1272,9aa956ec-abd6-4f0c-a85b-9b2a4e97be80,7,1272,True,7910,7558,169.52508285585463
1273,9aa956ec-abd6-4f0c-a85b-9b2a4e97be80,7,1273,True,7937,7585,191.2789396385715
1274,9aa956ec-abd6-4f0c-a85b-9b2a4e97be80,7,1274,True,7975,7623,132.47871746833334
1275,9aa956ec-abd6-4f0c-a85b-9b2a4e97be80,7,1275,True,8008,7656,170.43007239029066
1276,9aa956ec-abd6-4f0c-a85b-9b2a4e97be80,7,1276,True,8035,7683,179.9796490973995
1277,9aa956ec-abd6-4f0c-a85b-9b2a4e97be80,7,1277,True,8059,7707,145.21030466210414
1278,9aa956ec-abd6-4f0c-a85b-9b2a4e97be80,7,1278,True,8076,7724,155.83350367575076
1279,9aa956ec-abd6-4f0c-a85b-9b2a4e97be80,7,1279,True,8113,7761,168.02591411715912
1280,9aa956ec-abd6-4f0c-a85b-9b2a4e97be80,7,1280,True,8145,7793,187.36697177865517
1281,9aa956ec-abd6-4f0c-a85b-9b2a4e97be80,7,1281,True,8175,7823,168.00904860580158
1282,9aa956ec-abd6-4f0c-a85b-9b2a4e97be80,7,1282,True,8197,7845,174.84284707289316
1283,9aa956ec-abd6-4f0c-a85b-9b2a4e97be80,7,1283,True,8215,7863,145.68402328053162
1284,9aa956ec-abd6-4f0c-a85b-9b2a4e97be80,7,1284,True,8245,7893,146.91193923370702
1285,9aa956ec-abd6-4f0c-a85b-9b2a4e97be80,7,1285,True,8278,7926,163.07346937137208
1286,9aa956ec-abd6-4f0c-a85b-9b2a4e97be80,7,1286,True,8298,7946,193.22425959680095
1287,9aa956ec-abd6-4f0c-a85b-9b2a4e97be80,7,1287,True,8323,7971,177.89437900804387
1288,9aa956ec-abd6-4f0c-a85b-9b2a4e97be80,7,1288,True,8351,7999,211.10238297998876
1289,9aa956ec-abd6-4f0c-a85b-9b2a4e97be80,7,1289,True,8376,8024,197.23769851836732
1290,9aa956ec-abd6-4f0c-a85b-9b2a4e97be80,7,1290,True,8401,8049,140.29252454889956
1291,9aa956ec-abd6-4f0c-a85b-9b2a4e97be80,7,1291,True,8441,8089,149.32743300612674
1292,9aa956ec-abd6-4f0c-a85b-9b2a4e97be80,7,1292,True,8466,8114,188.66643130408193
1293,9aa956ec-abd6-4f0c-a85b-9b2a4e97be80,7,1293,True,8504,8152,188.02842414517727
1294,9aa956ec-abd6-4f0c-a85b-9b2a4e97be80,7,1294,True,8524,8172,141.82714766720346
1295,9aa956ec-abd6-4f0c-a85b-9b2a4e97be80,7,1295,True,8553,8201,155.99160068190577
1296,9aa956ec-abd6-4f0c-a85b-9b2a4e97be80,7,1296,True,8587,8235,179.92075895020207
1297,9aa956ec-abd6-4f0c-a85b-9b2a4e97be80,7,1297,True,8614,8262,168.76353469018795
1298,9aa956ec-abd6-4f0c-a85b-9b2a4e97be80,7,1298,True,8636,8284,176.51737920716369
1299,9aa956ec-abd6-4f0c-a85b-9b2a4e97be80,7,1299,True,8658,8306,202.50991057016836
1300,9aa956ec-abd6-4f0c-a85b-9b2a4e97be80,7,1300,True,8681,8329,156.4563442449071
1301,9aa956ec-abd6-4f0c-a85b-9b2a4e97be80,7,1301,True,8703,8351,143.96821913252825
1302,9aa956ec-abd6-4f0c-a85b-9b2a4e97be80,7,1302,True,8734,8382,161.2281625317264
1303,9aa956ec-abd6-4f0c-a85b-9b2a4e97be80,7,1303,True,8762,8410,147.92215692137142
1304,9aa956ec-abd6-4f0c-a85b-9b2a4e97be80,7,1304,True,8781,8429,139.92608751979606
1305,9aa956ec-abd6-4f0c-a85b-9b2a4e97be80,7,1305,True,8803,8451,218.49336245801533
1306,9aa956ec-abd6-4f0c-a85b-9b2a4e97be80,7,1306,True,8826,8474,185.33448924276854
1307,9aa956ec-abd6-4f0c-a85b-9b2a4e97be80,7,1307,True,8846,8494,187.95824263047325
1308,9aa956ec-abd6-4f0c-a85b-9b2a4e97be80,7,1308,True,8874,8522,212.24466397069955
1309,9aa956ec-abd6-4f0c-a85b-9b2a4e97be80,7,1309,True,8897,8545,172.54936593160528
1310,9aa956ec-abd6-4f0c-a85b-9b2a4e97be80,7,1310,True,8923,8571,191.5487137878972
1311,9aa956ec-abd6-4f0c-a85b-9b2a4e97be80,7,1311,True,8953,8601,180.35803301103806
1312,9aa956ec-abd6-4f0c-a85b-9b2a4e97be80,7,1312,True,8979,8627,145.4843045655016
1313,9aa956ec-abd6-4f0c-a85b-9b2a4e97be80,7,1313,True,9007,8655,178.60686727197753
1314,9aa956ec-abd6-4f0c-a85b-9b2a4e97be80,7,1314,True,9038,8686,157.75573346853707
1315,9aa956ec-abd6-4f0c-a85b-9b2a4e97be80,7,1315,True,9066,8714,169.26548555373483
1316,9aa956ec-abd6-4f0c-a85b-9b2a4e97be80,7,1316,True,9101,8749,158.7920566814155
1317,9aa956ec-abd6-4f0c-a85b-9b2a4e97be80,7,1317,True,9129,8777,140.7873894455115
1318,9aa956ec-abd6-4f0c-a85b-9b2a4e97be80,7,1318,True,9158,8806,153.27593394797987
1319,9aa956ec-abd6-4f0c-a85b-9b2a4e97be80,7,1319,True,9183,8831,175.935733989656
1320,9aa956ec-abd6-4f0c-a85b-9b2a4e97be80,7,1320,True,9214,8862,144.935733989656
1321,9aa956ec-abd6-4f0c-a85b-9b2a4e97be80,7,1321,True,9240,8888,148.87768030539155
1322,9aa956ec-abd6-4f0c-a85b-9b2a4e97be80,7,1322,True,9263,8911,134.9626570950968
1323,9aa956ec-abd6-4f0c-a85b-9b2a4e97be80,7,1323,True,9289,8937,156.64746892853145
1324,9aa956ec-abd6-4f0c-a85b-9b2a4e97be80,7,1324,True,9322,8970,134.76491607631942
1325,9aa956ec-abd6-4f0c-a85b-9b2a4e97be80,7,1325,True,9349,8997,169.91509733249586
1326,9aa956ec-abd6-4f0c-a85b-9b2a4e97be80,7,1326,True,9379,9027,152.78049080534038
1327,9aa956ec-abd6-4f0c-a85b-9b2a4e97be80,7,1327,True,9403,9051,149.62138709529063
1328,9aa956ec-abd6-4f0c-a85b-9b2a4e97be80,7,1328,True,9434,9082,187.15679443583758
1329,9aa956ec-abd6-4f0c-a85b-9b2a4e97be80,7,1329,True,9468,9116,142.11202722453163
1330,9aa956ec-abd6-4f0c-a85b-9b2a4e97be80,7,1330,True,9493,9141,187.00977140313262
1331,9aa956ec-abd6-4f0c-a85b-9b2a4e97be80,7,1331,True,9520,9168,136.6159327948044
1332,9aa956ec-abd6-4f0c-a85b-9b2a4e97be80,7,1332,True,9547,9195,157.03960672709036
1333,9aa956ec-abd6-4f0c-a85b-9b2a4e97be80,7,1333,True,9573,9221,142.10219957478512
1334,9aa956ec-abd6-4f0c-a85b-9b2a4e97be80,7,1334,True,9609,9257,167.27569284922356
1335,9aa956ec-abd6-4f0c-a85b-9b2a4e97be80,7,1335,True,9635,9283,152.16103352323807
1336,9aa956ec-abd6-4f0c-a85b-9b2a4e97be80,7,1336,True,9678,9326,172.2832641562145
1337,9aa956ec-abd6-4f0c-a85b-9b2a4e97be80,7,1337,True,9708,9356,150.7183621963286
1338,9aa956ec-abd6-4f0c-a85b-9b2a4e97be80,7,1338,True,9734,9382,136.2854311361134
1339,9aa956ec-abd6-4f0c-a85b-9b2a4e97be80,7,1339,True,9763,9411,120.87320972326052
1340,9aa956ec-abd6-4f0c-a85b-9b2a4e97be80,7,1340,True,9786,9434,132.80407531446872
1341,9aa956ec-abd6-4f0c-a85b-9b2a4e97be80,7,1341,True,9812,9460,169.8720735376155
1342,9aa956ec-abd6-4f0c-a85b-9b2a4e97be80,7,1342,True,9838,9486,155.92086699160245
1343,9aa956ec-abd6-4f0c-a85b-9b2a4e97be80,7,1343,True,9869,9517,163.37946187686794
1344,9aa956ec-abd6-4f0c-a85b-9b2a4e97be80,7,1344,True,9900,9548,142.64527875006934
1345,9aa956ec-abd6-4f0c-a85b-9b2a4e97be80,7,1345,True,9923,9571,159.37900024945884
1346,9aa956ec-abd6-4f0c-a85b-9b2a4e97be80,7,1346,True,9950,9598,143.61314744101946
1347,9aa956ec-abd6-4f0c-a85b-9b2a4e97be80,7,1347,True,9983,9631,156.06172353880538
1348,9aa956ec-abd6-4f0c-a85b-9b2a4e97be80,7,1348,True,10011,9659,146.20024051651126
1349,9aa956ec-abd6-4f0c-a85b-9b2a4e97be80,7,1349,True,10043,9691,148.54017828393626
1350,9aa956ec-abd6-4f0c-a85b-9b2a4e97be80,7,1350,True,10075,9723,151.0935396912355
1351,9aa956ec-abd6-4f0c-a85b-9b2a4e97be80,7,1351,True,10108,9756,126.73858120835757
1352,9aa956ec-abd6-4f0c-a85b-9b2a4e97be80,7,1352,True,10129,9777,161.19908196140932
1353,9aa956ec-abd6-4f0c-a85b-9b2a4e97be80,7,1353,True,10159,9807,196.4019878731142
1354,9aa956ec-abd6-4f0c-a85b-9b2a4e97be80,7,1354,True,10181,9829,143.47590959679655
1355,9aa956ec-abd6-4f0c-a85b-9b2a4e97be80,7,1355,True,10216,9864,148.7758480267803
1356,9aa956ec-abd6-4f0c-a85b-9b2a4e97be80,7,1356,True,10252,9900,151.44814111909
1357,9aa956ec-abd6-4f0c-a85b-9b2a4e97be80,7,1357,True,10281,9929,132.80716874053724
1358,9aa956ec-abd6-4f0c-a85b-9b2a4e97be80,7,1358,True,10316,9964,141.76039148250857
1359,9aa956ec-abd6-4f0c-a85b-9b2a4e97be80,7,1359,True,10346,9994,139.08199897069426
1360,9aa956ec-abd6-4f0c-a85b-9b2a4e97be80,7,1360,True,10373,10021,138.40936154092196
1361,9aa956ec-abd6-4f0c-a85b-9b2a4e97be80,7,1361,True,10397,10045,133.32256458473603
1362,9aa956ec-abd6-4f0c-a85b-9b2a4e97be80,7,1362,True,10422,10070,134.91389215635354
1363,9aa956ec-abd6-4f0c-a85b-9b2a4e97be80,7,1363,True,10445,10093,121.63917004432187
1364,9aa956ec-abd6-4f0c-a85b-9b2a4e97be80,7,1364,True,10481,10129,158.23540838907684
1365,9aa956ec-abd6-4f0c-a85b-9b2a4e97be80,7,1365,True,10503,10151,116.13082833449334
1366,9aa956ec-abd6-4f0c-a85b-9b2a4e97be80,7,1366,True,10534,10182,158.76135116412115
1367,9aa956ec-abd6-4f0c-a85b-9b2a4e97be80,7,1367,True,10567,10215,135.63513075820265
1368,9aa956ec-abd6-4f0c-a85b-9b2a4e97be80,7,1368,True,10600,10248,163.0250070195434
1369,9aa956ec-abd6-4f0c-a85b-9b2a4e97be80,7,1369,True,10631,10279,116.2643431207307
1370,9aa956ec-abd6-4f0c-a85b-9b2a4e97be80,7,1370,True,10669,10317,148.9825026617291
1371,9aa956ec-abd6-4f0c-a85b-9b2a4e97be80,7,1371,True,10694,10342,134.93214176576657
1372,9aa956ec-abd6-4f0c-a85b-9b2a4e97be80,7,1372,True,10716,10364,155.754942334328
1373,9aa956ec-abd6-4f0c-a85b-9b2a4e97be80,7,1373,True,10739,10387,158.66497856283968
1374,9aa956ec-abd6-4f0c-a85b-9b2a4e97be80,7,1374,True,10763,10411,145.9366353722471
1375,9aa956ec-abd6-4f0c-a85b-9b2a4e97be80,7,1375,True,10796,10444,127.05895233744741
1376,9aa956ec-abd6-4f0c-a85b-9b2a4e97be80,7,1376,True,10828,10476,146.4652393752658
1377,9aa956ec-abd6-4f0c-a85b-9b2a4e97be80,7,1377,True,10847,10495,139.34005565221923
1378,9aa956ec-abd6-4f0c-a85b-9b2a4e97be80,7,1378,True,10873,10521,151.89154700825748
1379,9aa956ec-abd6-4f0c-a85b-9b2a4e97be80,7,1379,True,10896,10544,147.38276970551124
1380,9aa956ec-abd6-4f0c-a85b-9b2a4e97be80,7,1380,True,10921,10569,142.87147092068153
1381,9aa956ec-abd6-4f0c-a85b-9b2a4e97be80,7,1381,True,10956,10604,157.73017442063247
1382,9aa956ec-abd6-4f0c-a85b-9b2a4e97be80,7,1382,True,10989,10637,151.7406789502511
1383,9aa956ec-abd6-4f0c-a85b-9b2a4e97be80,7,1383,True,11013,10661,140.11438889356032
1384,9aa956ec-abd6-4f0c-a85b-9b2a4e97be80,7,1384,True,11031,10679,155.84313367053983
1385,9aa956ec-abd6-4f0c-a85b-9b2a4e97be80,7,1385,True,11054,10702,142.13973894677656
1386,9aa956ec-abd6-4f0c-a85b-9b2a4e97be80,7,1386,True,11080,10728,208.1611876058887
1387,9aa956ec-abd6-4f0c-a85b-9b2a4e97be80,7,1387,True,11113,10761,160.80713966959047
1388,9aa956ec-abd6-4f0c-a85b-9b2a4e97be80,7,1388,True,11138,10786,150.1611876058887
1389,9aa956ec-abd6-4f0c-a85b-9b2a4e97be80,7,1389,True,11161,10809,187.3192376347306
1390,9aa956ec-abd6-4f0c-a85b-9b2a4e97be80,7,1390,True,11193,10841,138.3487199543415
1391,9aa956ec-abd6-4f0c-a85b-9b2a4e97be80,7,1391,True,11225,10873,147.79350776493084
1392,9aa956ec-abd6-4f0c-a85b-9b2a4e97be80,7,1392,True,11259,10907,127.68083793702135
1393,9aa956ec-abd6-4f0c-a85b-9b2a4e97be80,7,1393,True,11288,10936,155.97078864684227
1394,9aa956ec-abd6-4f0c-a85b-9b2a4e97be80,7,1394,True,11322,10970,131.7505812766667
1395,9aa956ec-abd6-4f0c-a85b-9b2a4e97be80,7,1395,True,11354,11002,117.71058607896339
1396,9aa956ec-abd6-4f0c-a85b-9b2a4e97be80,7,1396,True,11385,11033,162.7210848770992
1397,9aa956ec-abd6-4f0c-a85b-9b2a4e97be80,7,1397,True,11408,11056,127.30135609160607
1398,9aa956ec-abd6-4f0c-a85b-9b2a4e97be80,7,1398,True,11445,11093,138.3140385699171
1399,9aa956ec-abd6-4f0c-a85b-9b2a4e97be80,7,1399,True,11470,11118,145.76922493100574
1400,9aa956ec-abd6-4f0c-a85b-9b2a4e97be80,7,1400,True,11503,11151,136.7557498465667
1401,9aa956ec-abd6-4f0c-a85b-9b2a4e97be80,7,1401,True,11532,11180,146.85659495670188
1402,9aa956ec-abd6-4f0c-a85b-9b2a4e97be80,7,1402,True,11559,11207,146.29650607954682
1403,9aa956ec-abd6-4f0c-a85b-9b2a4e97be80,7,1403,True,11590,11238,123.7478522896563
1404,9aa956ec-abd6-4f0c-a85b-9b2a4e97be80,7,1404,True,11628,11276,108.80652864949661
1405,9aa956ec-abd6-4f0c-a85b-9b2a4e97be80,7,1405,True,11656,11304,145.1526032551228
1406,9aa956ec-abd6-4f0c-a85b-9b2a4e97be80,7,1406,True,11687,11335,123.355607132351
1407,9aa956ec-abd6-4f0c-a85b-9b2a4e97be80,7,1407,True,11711,11359,139.63932995707182
1408,9aa956ec-abd6-4f0c-a85b-9b2a4e97be80,7,1408,True,11741,11389,124.1866057672978
1409,9aa956ec-abd6-4f0c-a85b-9b2a4e97be80,7,1409,True,11763,11411,133.68458793892387
1410,9aa956ec-abd6-4f0c-a85b-9b2a4e97be80,7,1410,True,11790,11438,126.37330032880709
1411,9aa956ec-abd6-4f0c-a85b-9b2a4e97be80,7,1411,True,11824,11472,155.24136277069374
1412,9aa956ec-abd6-4f0c-a85b-9b2a4e97be80,7,1412,True,11853,11501,137.8851100976408
1413,9aa956ec-abd6-4f0c-a85b-9b2a4e97be80,7,1413,True,11894,11542,201.87318088766187
1414,9aa956ec-abd6-4f0c-a85b-9b2a4e97be80,7,1414,True,11922,11570,163.63100631693487
1415,9aa956ec-abd6-4f0c-a85b-9b2a4e97be80,7,1415,True,11943,11591,172.62733315218793
1416,9aa956ec-abd6-4f0c-a85b-9b2a4e97be80,7,1416,True,11972,11620,174.6978453851225
1417,9aa956ec-abd6-4f0c-a85b-9b2a4e97be80,7,1417,True,11997,11645,140.10429731593285
1418,9aa956ec-abd6-4f0c-a85b-9b2a4e97be80,7,1418,True,12016,11664,185.27248981198136
1419,9aa956ec-abd6-4f0c-a85b-9b2a4e97be80,7,1419,True,12046,11694,169.0457761220532
1420,9aa956ec-abd6-4f0c-a85b-9b2a4e97be80,7,1420,True,12068,11716,120.16771126240019
1421,9aa956ec-abd6-4f0c-a85b-9b2a4e97be80,7,1421,True,12092,11740,144.13456635405964
1422,9aa956ec-abd6-4f0c-a85b-9b2a4e97be80,7,1422,True,12128,11776,135.59768087422162
1423,9aa956ec-abd6-4f0c-a85b-9b2a4e97be80,7,1423,True,12162,11810,160.07349236757182
1424,9aa956ec-abd6-4f0c-a85b-9b2a4e97be80,7,1424,True,12187,11835,124.99117042033868
1425,9aa956ec-abd6-4f0c-a85b-9b2a4e97be80,7,1425,True,12206,11854,154.46149494406927
1426,9aa956ec-abd6-4f0c-a85b-9b2a4e97be80,7,1426,True,12224,11872,151.21698922278847
1427,9aa956ec-abd6-4f0c-a85b-9b2a4e97be80,7,1427,True,12247,11895,149.5183345361711
1428,9aa956ec-abd6-4f0c-a85b-9b2a4e97be80,7,1428,True,12271,11919,116.02179727554358
1429,9aa956ec-abd6-4f0c-a85b-9b2a4e97be80,7,1429,True,12293,11941,149.55169000536625
1430,9aa956ec-abd6-4f0c-a85b-9b2a4e97be80,7,1430,True,12317,11965,158.85386415946414
1431,9aa956ec-abd6-4f0c-a85b-9b2a4e97be80,7,1431,True,12342,11990,150.40339135496833
1432,9aa956ec-abd6-4f0c-a85b-9b2a4e97be80,7,1432,True,12365,12013,151.58271382846942
1433,9aa956ec-abd6-4f0c-a85b-9b2a4e97be80,7,1433,True,12389,12037,138.89977446985722
1434,9aa956ec-abd6-4f0c-a85b-9b2a4e97be80,7,1434,True,12420,12068,184.00099012669125
1435,9aa956ec-abd6-4f0c-a85b-9b2a4e97be80,7,1435,True,12443,12091,152.7922920531346
1436,9aa956ec-abd6-4f0c-a85b-9b2a4e97be80,7,1436,True,12464,12112,155.22374040522482
1437,9aa956ec-abd6-4f0c-a85b-9b2a4e97be80,7,1437,True,12499,12147,145.50697857483465
1438,9aa956ec-abd6-4f0c-a85b-9b2a4e97be80,7,1438,True,12518,12166,137.47085682184843
1439,9aa956ec-abd6-4f0c-a85b-9b2a4e97be80,7,1439,True,12543,12191,129.22571313114167
1440,9aa956ec-abd6-4f0c-a85b-9b2a4e97be80,7,1440,True,12576,12224,119.87937208058429
1441,9aa956ec-abd6-4f0c-a85b-9b2a4e97be80,7,1441,True,12605,12253,200.06086114563004
1442,9aa956ec-abd6-4f0c-a85b-9b2a4e97be80,7,1442,True,12626,12274,155.57442499496756
1443,9aa956ec-abd6-4f0c-a85b-9b2a4e97be80,7,1443,True,12650,12298,213.73389917112218
1444,9aa956ec-abd6-4f0c-a85b-9b2a4e97be80,7,1444,True,12669,12317,194.73389917112218
1445,9aa956ec-abd6-4f0c-a85b-9b2a4e97be80,7,1445,True,12694,12342,207.72982858706018
1446,9aa956ec-abd6-4f0c-a85b-9b2a4e97be80,7,1446,True,12711,12359,140.89966440128956
1447,9aa956ec-abd6-4f0c-a85b-9b2a4e97be80,7,1447,True,12738,12386,216.885528701343
1448,9aa956ec-abd6-4f0c-a85b-9b2a4e97be80,7,1448,True,12767,12415,164.08782034579417
1449,9aa956ec-abd6-4f0c-a85b-9b2a4e97be80,7,1449,True,12792,12440,162.885528701343
1450,9aa956ec-abd6-4f0c-a85b-9b2a4e97be80,7,1450,True,12827,12475,177.25907498471133
1451,9aa956ec-abd6-4f0c-a85b-9b2a4e97be80,7,1451,True,12849,12497,137.6391029465376
1452,9aa956ec-abd6-4f0c-a85b-9b2a4e97be80,7,1452,True,12881,12529,148.8613670786217
1453,9aa956ec-abd6-4f0c-a85b-9b2a4e97be80,7,1453,True,12908,12556,133.8240133870222
1454,9aa956ec-abd6-4f0c-a85b-9b2a4e97be80,7,1454,True,12934,12582,167.48778227998628
1455,9aa956ec-abd6-4f0c-a85b-9b2a4e97be80,7,1455,True,12960,12608,151.70178124995982
1456,9aa956ec-abd6-4f0c-a85b-9b2a4e97be80,7,1456,True,12987,12635,166.85453277273155
1457,9aa956ec-abd6-4f0c-a85b-9b2a4e97be80,7,1457,True,13008,12656,180.13851994082324
1458,9aa956ec-abd6-4f0c-a85b-9b2a4e97be80,7,1458,True,13048,12696,183.8761501070403
1459,9aa956ec-abd6-4f0c-a85b-9b2a4e97be80,7,1459,True,13077,12725,134.07330814325724
1460,9aa956ec-abd6-4f0c-a85b-9b2a4e97be80,7,1460,True,13105,12753,173.56663290887445
1461,9aa956ec-abd6-4f0c-a85b-9b2a4e97be80,7,1461,True,13128,12776,161.40250120728524
1462,9aa956ec-abd6-4f0c-a85b-9b2a4e97be80,7,1462,True,13154,12802,156.92198520686725
1463,9aa956ec-abd6-4f0c-a85b-9b2a4e97be80,7,1463,True,13175,12823,155.14427634177082
1464,9aa956ec-abd6-4f0c-a85b-9b2a4e97be80,7,1464,True,13197,12845,143.3437114582939
1465,9aa956ec-abd6-4f0c-a85b-9b2a4e97be80,7,1465,True,13220,12868,211.2471231325053
1466,9aa956ec-abd6-4f0c-a85b-9b2a4e97be80,7,1466,True,13253,12901,151.53192320911148
1467,9aa956ec-abd6-4f0c-a85b-9b2a4e97be80,7,1467,True,13282,12930,205.14790095482203
1468,9aa956ec-abd6-4f0c-a85b-9b2a4e97be80,7,1468,True,13308,12956,148.96004982825434
1469,9aa956ec-abd6-4f0c-a85b-9b2a4e97be80,7,1469,True,13334,12982,171.538725794966
1470,9aa956ec-abd6-4f0c-a85b-9b2a4e97be80,7,1470,True,13363,13011,174.41852159884002
1471,9aa956ec-abd6-4f0c-a85b-9b2a4e97be80,7,1471,True,13396,13044,163.0526778519088
1472,9aa956ec-abd6-4f0c-a85b-9b2a4e97be80,7,1472,True,13426,13074,158.19848534702942
1473,9aa956ec-abd6-4f0c-a85b-9b2a4e97be80,7,1473,True,13449,13097,145.42291748899333
1474,9aa956ec-abd6-4f0c-a85b-9b2a4e97be80,7,1474,True,13473,13121,162.4391506807533
1475,9aa956ec-abd6-4f0c-a85b-9b2a4e97be80,7,1475,True,13506,13154,182.66017772121086
1476,9aa956ec-abd6-4f0c-a85b-9b2a4e97be80,7,1476,True,13538,13186,175.52689193906372
1477,9aa956ec-abd6-4f0c-a85b-9b2a4e97be80,7,1477,True,13565,13213,165.28613823523665
1478,9aa956ec-abd6-4f0c-a85b-9b2a4e97be80,7,1478,True,13584,13232,156.99457060835266
1479,9aa956ec-abd6-4f0c-a85b-9b2a4e97be80,7,1479,True,13621,13269,151.62763677048497
1480,9aa956ec-abd6-4f0c-a85b-9b2a4e97be80,7,1480,True,13645,13293,116.46872425253423
1481,9aa956ec-abd6-4f0c-a85b-9b2a4e97be80,7,1481,True,13672,13320,139.345797562999
1482,9aa956ec-abd6-4f0c-a85b-9b2a4e97be80,7,1482,True,13704,13352,155.6163711073259
1483,9aa956ec-abd6-4f0c-a85b-9b2a4e97be80,7,1483,True,13732,13380,142.23974342670226
1484,9aa956ec-abd6-4f0c-a85b-9b2a4e97be80,7,1484,True,13764,13412,147.4670511970071
1485,9aa956ec-abd6-4f0c-a85b-9b2a4e97be80,7,1485,True,13798,13446,155.59310107974852
1486,9aa956ec-abd6-4f0c-a85b-9b2a4e97be80,7,1486,True,13823,13471,212.22144172704247
1487,9aa956ec-abd6-4f0c-a85b-9b2a4e97be80,7,1487,True,13851,13499,195.02318527552052
1488,9aa956ec-abd6-4f0c-a85b-9b2a4e97be80,7,1488,True,13867,13515,155.44430294447375
1489,9aa956ec-abd6-4f0c-a85b-9b2a4e97be80,7,1489,True,13896,13544,114.76434610322576
1490,9aa956ec-abd6-4f0c-a85b-9b2a4e97be80,7,1490,True,13930,13578,183.89616716806813
1491,9aa956ec-abd6-4f0c-a85b-9b2a4e97be80,7,1491,True,13953,13601,174.38886901707338
1492,9aa956ec-abd6-4f0c-a85b-9b2a4e97be80,7,1492,True,13984,13632,181.54031281772586
1493,9aa956ec-abd6-4f0c-a85b-9b2a4e97be80,7,1493,True,14013,13661,165.70172050736255
1494,9aa956ec-abd6-4f0c-a85b-9b2a4e97be80,7,1494,True,14035,13683,154.2022918384282
1495,9aa956ec-abd6-4f0c-a85b-9b2a4e97be80,7,1495,True,14068,13716,135.7376322486325
1496,9aa956ec-abd6-4f0c-a85b-9b2a4e97be80,7,1496,True,14100,13748,206.18795715169836
1497,9aa956ec-abd6-4f0c-a85b-9b2a4e97be80,7,1497,True,14132,13780,150.67493393821132
1498,9aa956ec-abd6-4f0c-a85b-9b2a4e97be80,7,1498,True,14163,13811,167.58335342244027
1499,9aa956ec-abd6-4f0c-a85b-9b2a4e97be80,7,1499,True,14200,13848,140.1665206358848
1500,9aa956ec-abd6-4f0c-a85b-9b2a4e97be80,7,1500,True,14218,13866,134.061953054048
1501,9aa956ec-abd6-4f0c-a85b-9b2a4e97be80,7,1501,True,14251,13899,185.74240537332116
1502,9aa956ec-abd6-4f0c-a85b-9b2a4e97be80,7,1502,True,14283,13931,257.8459892196497
1503,9aa956ec-abd6-4f0c-a85b-9b2a4e97be80,7,1503,True,14308,13956,243.14811330542943
1504,9aa956ec-abd6-4f0c-a85b-9b2a4e97be80,7,1504,True,14349,13997,263.97143093546583
1505,9aa956ec-abd6-4f0c-a85b-9b2a4e97be80,7,1505,True,14387,14035,235.59374267581188
1506,9aa956ec-abd6-4f0c-a85b-9b2a4e97be80,7,1506,True,14416,14064,253.81563772044137
1507,9aa956ec-abd6-4f0c-a85b-9b2a4e97be80,7,1507,True,14441,14089,207.10141055513486
1508,9aa956ec-abd6-4f0c-a85b-9b2a4e97be80,7,1508,True,14473,14121,223.88919670072573
1509,9aa956ec-abd6-4f0c-a85b-9b2a4e97be80,7,1509,True,14504,14152,203.0046409575225
1510,9aa956ec-abd6-4f0c-a85b-9b2a4e97be80,7,1510,True,14529,14177,251.3168120593691
1511,9aa956ec-abd6-4f0c-a85b-9b2a4e97be80,7,1511,True,14556,14204,246.77362828024525
1512,9aa956ec-abd6-4f0c-a85b-9b2a4e97be80,7,1512,True,14581,14229,211.18265588845497
1513,9aa956ec-abd6-4f0c-a85b-9b2a4e97be80,7,1513,True,14619,14267,312.30104345948166
1514,9aa956ec-abd6-4f0c-a85b-9b2a4e97be80,7,1514,True,14645,14293,273.21420712232793
1515,9aa956ec-abd6-4f0c-a85b-9b2a4e97be80,7,1515,True,14662,14310,329.19507764869013
1516,9aa956ec-abd6-4f0c-a85b-9b2a4e97be80,7,1516,True,14684,14332,320.2336433189121
1517,9aa956ec-abd6-4f0c-a85b-9b2a4e97be80,7,1517,True,14711,14359,269.8763005573419
1518,9aa956ec-abd6-4f0c-a85b-9b2a4e97be80,7,1518,True,14734,14382,270.2336433189121
1519,9aa956ec-abd6-4f0c-a85b-9b2a4e97be80,7,1519,True,14764,14412,343.38021988798937
1520,9aa956ec-abd6-4f0c-a85b-9b2a4e97be80,7,1520,True,14796,14444,299.9614942285043
1521,9aa956ec-abd6-4f0c-a85b-9b2a4e97be80,7,1521,True,14832,14480,263.9614942285043
1522,9aa956ec-abd6-4f0c-a85b-9b2a4e97be80,7,1522,True,14864,14512,339.69999554643437
1523,9aa956ec-abd6-4f0c-a85b-9b2a4e97be80,7,1523,False,14894,14542,365.4536276126346
1524,9aa956ec-abd6-4f0c-a85b-9b2a4e97be80,7,1524,True,14920,14568,351.2601036093729
1525,9aa956ec-abd6-4f0c-a85b-9b2a4e97be80,7,1525,True,14945,14593,269.8809039162297
1526,9aa956ec-abd6-4f0c-a85b-9b2a4e97be80,7,1526,True,14969,14617,302.2601036093729
1527,9aa956ec-abd6-4f0c-a85b-9b2a4e97be80,7,1527,True,14991,14639,223.88090391622973
1528,9aa956ec-abd6-4f0c-a85b-9b2a4e97be80,7,1528,True,15018,14666,294.2310731089874
1529,9aa956ec-abd6-4f0c-a85b-9b2a4e97be80,7,1529,True,15038,14686,248.99829258896716
1530,9aa956ec-abd6-4f0c-a85b-9b2a4e97be80,7,1530,True,15066,14714,246.2310731089874
1531,9aa956ec-abd6-4f0c-a85b-9b2a4e97be80,7,1531,True,15094,14742,192.99829258896716
1532,9aa956ec-abd6-4f0c-a85b-9b2a4e97be80,7,1532,True,15123,14771,287.7964005236154
1533,9aa956ec-abd6-4f0c-a85b-9b2a4e97be80,7,1533,True,15145,14793,255.76898626795446
1534,9aa956ec-abd6-4f0c-a85b-9b2a4e97be80,7,1534,True,15173,14821,351.5763911954691
1535,9aa956ec-abd6-4f0c-a85b-9b2a4e97be80,7,1535,True,15198,14846,288.58671853914166
1536,9aa956ec-abd6-4f0c-a85b-9b2a4e97be80,7,1536,True,15231,14879,188.95733876103986
1537,9aa956ec-abd6-4f0c-a85b-9b2a4e97be80,7,1537,True,15261,14909,263.5763911954691
1538,9aa956ec-abd6-4f0c-a85b-9b2a4e97be80,7,1538,True,15287,14935,183.0870128649076
1539,9aa956ec-abd6-4f0c-a85b-9b2a4e97be80,7,1539,True,15320,14968,177.54308904055688
1540,9aa956ec-abd6-4f0c-a85b-9b2a4e97be80,7,1540,True,15349,14997,187.7681123698294
1541,9aa956ec-abd6-4f0c-a85b-9b2a4e97be80,7,1541,True,15372,15020,216.14532644436076
1542,9aa956ec-abd6-4f0c-a85b-9b2a4e97be80,7,1542,True,15401,15049,153.787010195927
1543,9aa956ec-abd6-4f0c-a85b-9b2a4e97be80,7,1543,True,15429,15077,247.03046369688127
1544,9aa956ec-abd6-4f0c-a85b-9b2a4e97be80,7,1544,True,15451,15099,215.4419439212088
1545,9aa956ec-abd6-4f0c-a85b-9b2a4e97be80,7,1545,True,15478,15126,153.32944686396877
1546,9aa956ec-abd6-4f0c-a85b-9b2a4e97be80,7,1546,True,15494,15142,172.4419439212088
1547,9aa956ec-abd6-4f0c-a85b-9b2a4e97be80,7,1547,True,15525,15173,185.99304800605933
1548,9aa956ec-abd6-4f0c-a85b-9b2a4e97be80,7,1548,True,15548,15196,139.73602174038206
1549,9aa956ec-abd6-4f0c-a85b-9b2a4e97be80,7,1549,True,15572,15220,213.87855697842133
1550,9aa956ec-abd6-4f0c-a85b-9b2a4e97be80,7,1550,True,15597,15245,171.3337433473207
1551,9aa956ec-abd6-4f0c-a85b-9b2a4e97be80,7,1551,True,15630,15278,191.28532795607862
1552,9aa956ec-abd6-4f0c-a85b-9b2a4e97be80,7,1552,True,15655,15303,166.28532795607862
1553,9aa956ec-abd6-4f0c-a85b-9b2a4e97be80,7,1553,True,15688,15336,172.46360309119336
1554,9aa956ec-abd6-4f0c-a85b-9b2a4e97be80,7,1554,True,15711,15359,149.46360309119336
1555,9aa956ec-abd6-4f0c-a85b-9b2a4e97be80,7,1555,True,15738,15386,179.18993545238118
1556,9aa956ec-abd6-4f0c-a85b-9b2a4e97be80,7,1556,True,15772,15420,157.6865135113385
1557,9aa956ec-abd6-4f0c-a85b-9b2a4e97be80,7,1557,True,15798,15446,157.55577734413782
1558,9aa956ec-abd6-4f0c-a85b-9b2a4e97be80,7,1558,True,15831,15479,135.31930048905997
1559,9aa956ec-abd6-4f0c-a85b-9b2a4e97be80,7,1559,True,15858,15506,133.65431331819855
1560,9aa956ec-abd6-4f0c-a85b-9b2a4e97be80,7,1560,True,15896,15544,135.98121146634548
1561,9aa956ec-abd6-4f0c-a85b-9b2a4e97be80,7,1561,True,15934,15582,136.9927899141585
1562,9aa956ec-abd6-4f0c-a85b-9b2a4e97be80,7,1562,True,15962,15610,120.35982067340228
1563,9aa956ec-abd6-4f0c-a85b-9b2a4e97be80,7,1563,True,15989,15637,130.18533697822022
1564,9aa956ec-abd6-4f0c-a85b-9b2a4e97be80,7,1564,True,16011,15659,154.37234126036674
1565,9aa956ec-abd6-4f0c-a85b-9b2a4e97be80,7,1565,True,16042,15690,135.2644148589061
1566,9aa956ec-abd6-4f0c-a85b-9b2a4e97be80,7,1566,True,16068,15716,153.1875374440242
1567,9aa956ec-abd6-4f0c-a85b-9b2a4e97be80,7,1567,True,16097,15745,134.33904259127848
1568,9aa956ec-abd6-4f0c-a85b-9b2a4e97be80,7,1568,True,16127,15775,145.65355304277
1569,9aa956ec-abd6-4f0c-a85b-9b2a4e97be80,7,1569,True,16152,15800,133.81754820226524
1570,9aa956ec-abd6-4f0c-a85b-9b2a4e97be80,7,1570,True,16178,15826,154.99478793382877
1571,9aa956ec-abd6-4f0c-a85b-9b2a4e97be80,7,1571,True,16211,15859,146.69039072966734
1572,9aa956ec-abd6-4f0c-a85b-9b2a4e97be80,7,1572,True,16237,15885,138.04995363119633
1573,9aa956ec-abd6-4f0c-a85b-9b2a4e97be80,7,1573,True,16257,15905,129.33880276424134
1574,9aa956ec-abd6-4f0c-a85b-9b2a4e97be80,7,1574,True,16283,15931,169.66212911453658
1575,9aa956ec-abd6-4f0c-a85b-9b2a4e97be80,7,1575,True,16313,15961,150.94275419882433
1576,9aa956ec-abd6-4f0c-a85b-9b2a4e97be80,7,1576,True,16339,15987,136.09568399284944
1577,9aa956ec-abd6-4f0c-a85b-9b2a4e97be80,7,1577,True,16361,16009,274.2494202960261
1578,9aa956ec-abd6-4f0c-a85b-9b2a4e97be80,7,1578,True,16376,16024,123.43289691507198
1579,9aa956ec-abd6-4f0c-a85b-9b2a4e97be80,7,1579,True,16398,16046,205.2907097881398
1580,9aa956ec-abd6-4f0c-a85b-9b2a4e97be80,7,1580,True,16427,16075,196.87152424355372
1581,9aa956ec-abd6-4f0c-a85b-9b2a4e97be80,7,1581,True,16455,16103,222.47510987977876
1582,9aa956ec-abd6-4f0c-a85b-9b2a4e97be80,7,1582,True,16496,16144,202.16718695174495
1583,9aa956ec-abd6-4f0c-a85b-9b2a4e97be80,7,1583,True,16533,16181,176.90330159015684
1584,9aa956ec-abd6-4f0c-a85b-9b2a4e97be80,7,1584,True,16563,16211,197.21103654114268
1585,9aa956ec-abd6-4f0c-a85b-9b2a4e97be80,7,1585,True,16595,16243,152.26020264412364
1586,9aa956ec-abd6-4f0c-a85b-9b2a4e97be80,7,1586,True,16626,16274,204.34859887366838
1587,9aa956ec-abd6-4f0c-a85b-9b2a4e97be80,7,1587,True,16654,16302,162.22939954344838
1588,9aa956ec-abd6-4f0c-a85b-9b2a4e97be80,7,1588,True,16681,16329,222.15261525622554
1589,9aa956ec-abd6-4f0c-a85b-9b2a4e97be80,7,1589,True,16718,16366,196.0830567169687
1590,9aa956ec-abd6-4f0c-a85b-9b2a4e97be80,7,1590,True,16752,16400,151.15261525622554
1591,9aa956ec-abd6-4f0c-a85b-9b2a4e97be80,7,1591,True,16780,16428,149.99723378150156
1592,9aa956ec-abd6-4f0c-a85b-9b2a4e97be80,7,1592,True,16809,16457,148.03891360320267
1593,9aa956ec-abd6-4f0c-a85b-9b2a4e97be80,7,1593,True,16851,16499,162.27175133873243
1594,9aa956ec-abd6-4f0c-a85b-9b2a4e97be80,7,1594,True,16882,16530,177.38343807091587
1595,9aa956ec-abd6-4f0c-a85b-9b2a4e97be80,7,1595,True,16912,16560,136.43396580248736
1596,9aa956ec-abd6-4f0c-a85b-9b2a4e97be80,7,1596,True,16951,16599,174.10216215310356
1597,9aa956ec-abd6-4f0c-a85b-9b2a4e97be80,7,1597,True,16984,16632,153.06764605790886
1598,9aa956ec-abd6-4f0c-a85b-9b2a4e97be80,7,1598,True,17013,16661,134.71525623024354
1599,9aa956ec-abd6-4f0c-a85b-9b2a4e97be80,7,1599,True,17044,16692,136.5807296893072
1600,9aa956ec-abd6-4f0c-a85b-9b2a4e97be80,7,1600,True,17082,16730,168.61351581833878
1601,9aa956ec-abd6-4f0c-a85b-9b2a4e97be80,7,1601,True,17112,16760,149.503249441128
1602,9aa956ec-abd6-4f0c-a85b-9b2a4e97be80,7,1602,True,17137,16785,143.56755857939424
1603,9aa956ec-abd6-4f0c-a85b-9b2a4e97be80,7,1603,True,17163,16811,144.0176354446412
1604,9aa956ec-abd6-4f0c-a85b-9b2a4e97be80,7,1604,True,17185,16833,148.1417795746529
1605,9aa956ec-abd6-4f0c-a85b-9b2a4e97be80,7,1605,True,17204,16852,141.45050183513013
1606,9aa956ec-abd6-4f0c-a85b-9b2a4e97be80,7,1606,True,17224,16872,133.22185420007008
1607,9aa956ec-abd6-4f0c-a85b-9b2a4e97be80,7,1607,True,17254,16902,156.08718824464086
1608,9aa956ec-abd6-4f0c-a85b-9b2a4e97be80,7,1608,True,17276,16924,145.08051680384597
1609,9aa956ec-abd6-4f0c-a85b-9b2a4e97be80,7,1609,True,17322,16970,121.85905477869528
1610,9aa956ec-abd6-4f0c-a85b-9b2a4e97be80,7,1610,True,17359,17007,130.34935306455736
1611,9aa956ec-abd6-4f0c-a85b-9b2a4e97be80,7,1611,True,17375,17023,138.74942625670155
1612,9aa956ec-abd6-4f0c-a85b-9b2a4e97be80,7,1612,True,17404,17052,176.12494792956204
1613,9aa956ec-abd6-4f0c-a85b-9b2a4e97be80,7,1613,True,17429,17077,160.28426559026775
1614,9aa956ec-abd6-4f0c-a85b-9b2a4e97be80,7,1614,True,17458,17106,171.6094751068922
1615,9aa956ec-abd6-4f0c-a85b-9b2a4e97be80,7,1615,True,17482,17130,132.6768225624328
1616,9aa956ec-abd6-4f0c-a85b-9b2a4e97be80,7,1616,True,17506,17154,206.52113708688557
1617,9aa956ec-abd6-4f0c-a85b-9b2a4e97be80,7,1617,True,17532,17180,156.82599558644142
1618,9aa956ec-abd6-4f0c-a85b-9b2a4e97be80,7,1618,True,17548,17196,155.66672305540487
1619,9aa956ec-abd6-4f0c-a85b-9b2a4e97be80,7,1619,True,17571,17219,151.72305133590635
1620,9aa956ec-abd6-4f0c-a85b-9b2a4e97be80,7,1620,True,17590,17238,142.19851216448296
1621,9aa956ec-abd6-4f0c-a85b-9b2a4e97be80,7,1621,True,17615,17263,129.89148182567078
1622,9aa956ec-abd6-4f0c-a85b-9b2a4e97be80,7,1622,True,17634,17282,131.25745939181434
1623,9aa956ec-abd6-4f0c-a85b-9b2a4e97be80,7,1623,True,17666,17314,135.26846232448588
1624,9aa956ec-abd6-4f0c-a85b-9b2a4e97be80,7,1624,True,17694,17342,121.95186028355965
1625,9aa956ec-abd6-4f0c-a85b-9b2a4e97be80,7,1625,True,17719,17367,155.19549381187608
1626,9aa956ec-abd6-4f0c-a85b-9b2a4e97be80,7,1626,True,17747,17395,116.53736625655074
1627,9aa956ec-abd6-4f0c-a85b-9b2a4e97be80,7,1627,True,17776,17424,135.19690655811428
1628,9aa956ec-abd6-4f0c-a85b-9b2a4e97be80,7,1628,True,17808,17456,131.727679002699
1629,9aa956ec-abd6-4f0c-a85b-9b2a4e97be80,7,1629,True,17829,17477,121.6070176798421
1630,9aa956ec-abd6-4f0c-a85b-9b2a4e97be80,7,1630,True,17854,17502,146.18596879262623
1631,9aa956ec-abd6-4f0c-a85b-9b2a4e97be80,7,1631,True,17885,17533,166.29559397298
1632,9aa956ec-abd6-4f0c-a85b-9b2a4e97be80,7,1632,True,17916,17564,173.69601640798282
1633,9aa956ec-abd6-4f0c-a85b-9b2a4e97be80,7,1633,True,17946,17594,130.91233458684655
1634,9aa956ec-abd6-4f0c-a85b-9b2a4e97be80,7,1634,True,17970,17618,169.3669421622035
1635,9aa956ec-abd6-4f0c-a85b-9b2a4e97be80,7,1635,True,17996,17644,133.224992563486
1636,9aa956ec-abd6-4f0c-a85b-9b2a4e97be80,7,1636,True,18026,17674,170.90397620333533
1637,9aa956ec-abd6-4f0c-a85b-9b2a4e97be80,7,1637,True,18056,17704,169.3059197723378
1638,9aa956ec-abd6-4f0c-a85b-9b2a4e97be80,7,1638,True,18082,17730,194.53262917605753
1639,9aa956ec-abd6-4f0c-a85b-9b2a4e97be80,7,1639,True,18114,17762,133.3355944697214
1640,9aa956ec-abd6-4f0c-a85b-9b2a4e97be80,7,1640,True,18144,17792,161.55991218689087
1641,9aa956ec-abd6-4f0c-a85b-9b2a4e97be80,7,1641,True,18174,17822,162.2672571949879
1642,9aa956ec-abd6-4f0c-a85b-9b2a4e97be80,7,1642,True,18209,17857,138.97336809775152
1643,9aa956ec-abd6-4f0c-a85b-9b2a4e97be80,7,1643,True,18236,17884,148.77208762324517
1644,9aa956ec-abd6-4f0c-a85b-9b2a4e97be80,7,1644,True,18262,17910,134.38308066720128
1645,9aa956ec-abd6-4f0c-a85b-9b2a4e97be80,7,1645,True,18287,17935,147.2892217568624
1646,9aa956ec-abd6-4f0c-a85b-9b2a4e97be80,7,1646,True,18321,17969,123.03853639792578
1647,9aa956ec-abd6-4f0c-a85b-9b2a4e97be80,7,1647,True,18359,18007,177.61927573758294
1648,9aa956ec-abd6-4f0c-a85b-9b2a4e97be80,7,1648,True,18392,18040,158.24647906483733
1649,9aa956ec-abd6-4f0c-a85b-9b2a4e97be80,7,1649,True,18424,18072,163.0521753930152
1650,9aa956ec-abd6-4f0c-a85b-9b2a4e97be80,7,1650,True,18457,18105,141.12288383603664
1651,9aa956ec-abd6-4f0c-a85b-9b2a4e97be80,7,1651,True,18481,18129,160.54592459732885
1652,9aa956ec-abd6-4f0c-a85b-9b2a4e97be80,7,1652,True,18513,18161,141.32785777299796
1653,9aa956ec-abd6-4f0c-a85b-9b2a4e97be80,7,1653,True,18548,18196,115.80089021645108
1654,9aa956ec-abd6-4f0c-a85b-9b2a4e97be80,7,1654,True,18573,18221,163.41815680084983
1655,9aa956ec-abd6-4f0c-a85b-9b2a4e97be80,7,1655,True,18602,18250,108.11757788686009
1656,9aa956ec-abd6-4f0c-a85b-9b2a4e97be80,7,1656,True,18633,18281,158.21858207857076
1657,9aa956ec-abd6-4f0c-a85b-9b2a4e97be80,7,1657,True,18660,18308,142.70432372807772
1658,9aa956ec-abd6-4f0c-a85b-9b2a4e97be80,7,1658,True,18692,18340,151.99011133017848
1659,9aa956ec-abd6-4f0c-a85b-9b2a4e97be80,7,1659,True,18723,18371,208.59656974766767
1660,9aa956ec-abd6-4f0c-a85b-9b2a4e97be80,7,1660,True,18753,18401,178.59656974766767
1661,9aa956ec-abd6-4f0c-a85b-9b2a4e97be80,7,1661,True,18776,18424,143.7060471149125
1662,9aa956ec-abd6-4f0c-a85b-9b2a4e97be80,7,1662,True,18797,18445,144.8499454715784
1663,9aa956ec-abd6-4f0c-a85b-9b2a4e97be80,7,1663,True,18831,18479,191.40370933875602
1664,9aa956ec-abd6-4f0c-a85b-9b2a4e97be80,7,1664,True,18863,18511,143.30468576406565
1665,9aa956ec-abd6-4f0c-a85b-9b2a4e97be80,7,1665,True,18890,18538,182.77431578449978
1666,9aa956ec-abd6-4f0c-a85b-9b2a4e97be80,7,1666,True,18915,18563,181.22220856015338
1667,9aa956ec-abd6-4f0c-a85b-9b2a4e97be80,7,1667,True,18939,18587,169.5631447484011
1668,9aa956ec-abd6-4f0c-a85b-9b2a4e97be80,7,1668,True,18969,18617,175.73716926547422
1669,9aa956ec-abd6-4f0c-a85b-9b2a4e97be80,7,1669,True,18997,18645,158.83605203844854
1670,9aa956ec-abd6-4f0c-a85b-9b2a4e97be80,7,1670,True,19021,18669,143.85334447835703
1671,9aa956ec-abd6-4f0c-a85b-9b2a4e97be80,7,1671,True,19063,18711,122.63542692237752
1672,9aa956ec-abd6-4f0c-a85b-9b2a4e97be80,7,1672,True,19098,18746,126.37299027113477
1673,9aa956ec-abd6-4f0c-a85b-9b2a4e97be80,7,1673,True,19127,18775,143.82261840556384
1674,9aa956ec-abd6-4f0c-a85b-9b2a4e97be80,7,1674,True,19145,18793,148.25064173929786
1675,9aa956ec-abd6-4f0c-a85b-9b2a4e97be80,7,1675,True,19174,18822,129.92534814629835
1676,9aa956ec-abd6-4f0c-a85b-9b2a4e97be80,7,1676,True,19211,18859,114.16765890026727
1677,9aa956ec-abd6-4f0c-a85b-9b2a4e97be80,7,1677,True,19232,18880,119.05741786251019
1678,9aa956ec-abd6-4f0c-a85b-9b2a4e97be80,7,1678,True,19256,18904,153.704293126204
1679,9aa956ec-abd6-4f0c-a85b-9b2a4e97be80,7,1679,True,19289,18937,147.37028937359355
1680,9aa956ec-abd6-4f0c-a85b-9b2a4e97be80,7,1680,True,19313,18961,137.52543735439394
1681,9aa956ec-abd6-4f0c-a85b-9b2a4e97be80,7,1681,True,19337,18985,166.73891684905539
1682,9aa956ec-abd6-4f0c-a85b-9b2a4e97be80,7,1682,True,19367,19015,123.33111787606686
1683,9aa956ec-abd6-4f0c-a85b-9b2a4e97be80,7,1683,True,19396,19044,147.1625474693392
1684,9aa956ec-abd6-4f0c-a85b-9b2a4e97be80,7,1684,True,19427,19075,131.3503867431864
1685,9aa956ec-abd6-4f0c-a85b-9b2a4e97be80,7,1685,True,19457,19105,137.01412250778958
1686,9aa956ec-abd6-4f0c-a85b-9b2a4e97be80,7,1686,True,19482,19130,131.54794163845145
1687,9aa956ec-abd6-4f0c-a85b-9b2a4e97be80,7,1687,True,19519,19167,157.11022299293109
1688,9aa956ec-abd6-4f0c-a85b-9b2a4e97be80,7,1688,True,19539,19187,153.99670735584004
1689,9aa956ec-abd6-4f0c-a85b-9b2a4e97be80,7,1689,True,19570,19218,173.8201734015529
1690,9aa956ec-abd6-4f0c-a85b-9b2a4e97be80,7,1690,True,19590,19238,115.10237897902698
1691,9aa956ec-abd6-4f0c-a85b-9b2a4e97be80,7,1691,True,19621,19269,176.26077633403838
1692,9aa956ec-abd6-4f0c-a85b-9b2a4e97be80,7,1692,True,19645,19293,135.17289503685606
1693,9aa956ec-abd6-4f0c-a85b-9b2a4e97be80,7,1693,True,19673,19321,150.76238121014467
1694,9aa956ec-abd6-4f0c-a85b-9b2a4e97be80,7,1694,True,19714,19362,119.31405321667262
1695,9aa956ec-abd6-4f0c-a85b-9b2a4e97be80,7,1695,True,19742,19390,153.73758188802822
1696,9aa956ec-abd6-4f0c-a85b-9b2a4e97be80,7,1696,True,19770,19418,139.42757593715942
1697,9aa956ec-abd6-4f0c-a85b-9b2a4e97be80,7,1697,True,19799,19447,120.30917711874645
1698,9aa956ec-abd6-4f0c-a85b-9b2a4e97be80,7,1698,True,19822,19470,153.77832130888055
1699,9aa956ec-abd6-4f0c-a85b-9b2a4e97be80,7,1699,True,19847,19495,117.7401470489931
1700,9aa956ec-abd6-4f0c-a85b-9b2a4e97be80,7,1700,True,19874,19522,153.58915830437036
1701,9aa956ec-abd6-4f0c-a85b-9b2a4e97be80,7,1701,True,19903,19551,135.05647617479553
1702,9aa956ec-abd6-4f0c-a85b-9b2a4e97be80,7,1702,True,19928,19576,181.8135219355645
1703,9aa956ec-abd6-4f0c-a85b-9b2a4e97be80,7,1703,True,19954,19602,165.6188350033226
1704,9aa956ec-abd6-4f0c-a85b-9b2a4e97be80,7,1704,True,19985,19633,177.89100132483145
1705,9aa956ec-abd6-4f0c-a85b-9b2a4e97be80,7,1705,True,20006,19654,183.54224742726728
1706,9aa956ec-abd6-4f0c-a85b-9b2a4e97be80,7,1706,True,20027,19675,170.5110377198107
1707,9aa956ec-abd6-4f0c-a85b-9b2a4e97be80,7,1707,True,20058,19706,214.01694943418624
1708,9aa956ec-abd6-4f0c-a85b-9b2a4e97be80,7,1708,True,20086,19734,204.2102399806281
1709,9aa956ec-abd6-4f0c-a85b-9b2a4e97be80,7,1709,True,20116,19764,144.83318295936624
1710,9aa956ec-abd6-4f0c-a85b-9b2a4e97be80,7,1710,True,20143,19791,169.56022110807316
1711,9aa956ec-abd6-4f0c-a85b-9b2a4e97be80,7,1711,True,20177,19825,142.78312804449524
1712,9aa956ec-abd6-4f0c-a85b-9b2a4e97be80,7,1712,True,20197,19845,152.10288952463088
1713,9aa956ec-abd6-4f0c-a85b-9b2a4e97be80,7,1713,True,20226,19874,254.55328311084668
1714,9aa956ec-abd6-4f0c-a85b-9b2a4e97be80,7,1714,True,20245,19893,247.928972292244
1715,9aa956ec-abd6-4f0c-a85b-9b2a4e97be80,7,1715,True,20265,19913,227.928972292244
1716,9aa956ec-abd6-4f0c-a85b-9b2a4e97be80,7,1716,True,20293,19941,286.54910301177733
1717,9aa956ec-abd6-4f0c-a85b-9b2a4e97be80,7,1717,True,20323,19971,256.54910301177733
1718,9aa956ec-abd6-4f0c-a85b-9b2a4e97be80,7,1718,True,20354,20002,234.9367739627305
1719,9aa956ec-abd6-4f0c-a85b-9b2a4e97be80,7,1719,True,20379,20027,279.26305861903893
1720,9aa956ec-abd6-4f0c-a85b-9b2a4e97be80,7,1720,True,20408,20056,194.6458105783022
1721,9aa956ec-abd6-4f0c-a85b-9b2a4e97be80,7,1721,True,20434,20082,211.85390100381483
1722,9aa956ec-abd6-4f0c-a85b-9b2a4e97be80,7,1722,True,20461,20109,197.26305861903893
1723,9aa956ec-abd6-4f0c-a85b-9b2a4e97be80,7,1723,True,20492,20140,199.97683456305822
1724,9aa956ec-abd6-4f0c-a85b-9b2a4e97be80,7,1724,True,20517,20165,199.4915992919232
1725,9aa956ec-abd6-4f0c-a85b-9b2a4e97be80,7,1725,True,20548,20196,194.95430326322094
1726,9aa956ec-abd6-4f0c-a85b-9b2a4e97be80,7,1726,True,20579,20227,220.48323058243113
1727,9aa956ec-abd6-4f0c-a85b-9b2a4e97be80,7,1727,True,20611,20259,147.36272477553575
1728,9aa956ec-abd6-4f0c-a85b-9b2a4e97be80,7,1728,True,20637,20285,180.90037422954993
1729,9aa956ec-abd6-4f0c-a85b-9b2a4e97be80,7,1729,True,20661,20309,126.90812063178237
1730,9aa956ec-abd6-4f0c-a85b-9b2a4e97be80,7,1730,True,20687,20335,159.05497539454154
1731,9aa956ec-abd6-4f0c-a85b-9b2a4e97be80,7,1731,True,20712,20360,175.2234728364674
1732,9aa956ec-abd6-4f0c-a85b-9b2a4e97be80,7,1732,True,20734,20382,135.90791725620147
1733,9aa956ec-abd6-4f0c-a85b-9b2a4e97be80,7,1733,True,20759,20407,175.25332257336413
1734,9aa956ec-abd6-4f0c-a85b-9b2a4e97be80,7,1734,True,20785,20433,135.9407488185716
1735,9aa956ec-abd6-4f0c-a85b-9b2a4e97be80,7,1735,True,20815,20463,161.33445621921783
1736,9aa956ec-abd6-4f0c-a85b-9b2a4e97be80,7,1736,True,20845,20493,139.33448740116364
1737,9aa956ec-abd6-4f0c-a85b-9b2a4e97be80,7,1737,True,20866,20514,145.08897609440828
1738,9aa956ec-abd6-4f0c-a85b-9b2a4e97be80,7,1738,True,20895,20543,105.56811380974978
1739,9aa956ec-abd6-4f0c-a85b-9b2a4e97be80,7,1739,True,20921,20569,148.56146041392276
1740,9aa956ec-abd6-4f0c-a85b-9b2a4e97be80,7,1740,True,20942,20590,139.4509125891782
1741,9aa956ec-abd6-4f0c-a85b-9b2a4e97be80,7,1741,True,20964,20612,181.26148018292588
1742,9aa956ec-abd6-4f0c-a85b-9b2a4e97be80,7,1742,True,20987,20635,168.48360353051976
1743,9aa956ec-abd6-4f0c-a85b-9b2a4e97be80,7,1743,True,21016,20664,150.37170755915213
1744,9aa956ec-abd6-4f0c-a85b-9b2a4e97be80,7,1744,True,21051,20699,188.13228496796364
1745,9aa956ec-abd6-4f0c-a85b-9b2a4e97be80,7,1745,True,21076,20724,210.96111609473155
1746,9aa956ec-abd6-4f0c-a85b-9b2a4e97be80,7,1746,True,21104,20752,172.31210406043465
1747,9aa956ec-abd6-4f0c-a85b-9b2a4e97be80,7,1747,True,21133,20781,200.7702704743715
1748,9aa956ec-abd6-4f0c-a85b-9b2a4e97be80,7,1748,True,21159,20807,189.60839666099127
1749,9aa956ec-abd6-4f0c-a85b-9b2a4e97be80,7,1749,True,21180,20828,178.7838502728664
1750,9aa956ec-abd6-4f0c-a85b-9b2a4e97be80,7,1750,True,21207,20855,192.44921289617196
1751,9aa956ec-abd6-4f0c-a85b-9b2a4e97be80,7,1751,True,21239,20887,171.64455465370338
1752,9aa956ec-abd6-4f0c-a85b-9b2a4e97be80,7,1752,True,21273,20921,179.50059455252995
1753,9aa956ec-abd6-4f0c-a85b-9b2a4e97be80,7,1753,True,21300,20948,119.9434114551841
1754,9aa956ec-abd6-4f0c-a85b-9b2a4e97be80,7,1754,True,21321,20969,154.04965517923847
1755,9aa956ec-abd6-4f0c-a85b-9b2a4e97be80,7,1755,True,21365,21013,144.63306469597228
1756,9aa956ec-abd6-4f0c-a85b-9b2a4e97be80,7,1756,True,21396,21044,147.4486901926357
1757,9aa956ec-abd6-4f0c-a85b-9b2a4e97be80,7,1757,True,21422,21070,132.29412150411736
1758,9aa956ec-abd6-4f0c-a85b-9b2a4e97be80,7,1758,True,21452,21100,186.8325243358704
1759,9aa956ec-abd6-4f0c-a85b-9b2a4e97be80,7,1759,True,21471,21119,110.54622799352728
1760,9aa956ec-abd6-4f0c-a85b-9b2a4e97be80,7,1760,True,21495,21143,167.09390006793183
1761,9aa956ec-abd6-4f0c-a85b-9b2a4e97be80,7,1761,True,21522,21170,197.27411240223955
1762,9aa956ec-abd6-4f0c-a85b-9b2a4e97be80,7,1762,True,21548,21196,125.45992197702435
1763,9aa956ec-abd6-4f0c-a85b-9b2a4e97be80,7,1763,True,21577,21225,111.04815055985455
1764,9aa956ec-abd6-4f0c-a85b-9b2a4e97be80,7,1764,True,21603,21251,159.76520012086985
1765,9aa956ec-abd6-4f0c-a85b-9b2a4e97be80,7,1765,True,21630,21278,115.2667713367955
1766,9aa956ec-abd6-4f0c-a85b-9b2a4e97be80,7,1766,True,21663,21311,120.06457723152198
1767,9aa956ec-abd6-4f0c-a85b-9b2a4e97be80,7,1767,True,21692,21340,117.33778695924775
1768,9aa956ec-abd6-4f0c-a85b-9b2a4e97be80,7,1768,True,21725,21373,115.310679295093
1769,9aa956ec-abd6-4f0c-a85b-9b2a4e97be80,7,1769,True,21758,21406,129.06413925480956
1770,9aa956ec-abd6-4f0c-a85b-9b2a4e97be80,7,1770,True,21791,21439,144.63756346418813
1771,9aa956ec-abd6-4f0c-a85b-9b2a4e97be80,7,1771,True,21819,21467,126.43565035848587
1772,9aa956ec-abd6-4f0c-a85b-9b2a4e97be80,7,1772,True,21842,21490,144.74153236422353
1773,9aa956ec-abd6-4f0c-a85b-9b2a4e97be80,7,1773,True,21871,21519,125.78430178220515
1774,9aa956ec-abd6-4f0c-a85b-9b2a4e97be80,7,1774,True,21888,21536,121.68546918720313
1775,9aa956ec-abd6-4f0c-a85b-9b2a4e97be80,7,1775,True,21920,21568,141.67391659866553
1776,9aa956ec-abd6-4f0c-a85b-9b2a4e97be80,7,1776,True,21943,21591,137.75511831402036
1777,9aa956ec-abd6-4f0c-a85b-9b2a4e97be80,7,1777,True,21962,21610,150.84579578867852
1778,9aa956ec-abd6-4f0c-a85b-9b2a4e97be80,7,1778,True,21984,21632,104.67809038398627
1779,9aa956ec-abd6-4f0c-a85b-9b2a4e97be80,7,1779,True,22007,21655,170.89327989447702
1780,9aa956ec-abd6-4f0c-a85b-9b2a4e97be80,7,1780,True,22023,21671,130.42821093469684
1781,9aa956ec-abd6-4f0c-a85b-9b2a4e97be80,7,1781,True,22051,21699,150.29038784855948
1782,9aa956ec-abd6-4f0c-a85b-9b2a4e97be80,7,1782,True,22077,21725,137.9401892884016
1783,9aa956ec-abd6-4f0c-a85b-9b2a4e97be80,7,1783,True,22098,21746,149.84915891068158
1784,9aa956ec-abd6-4f0c-a85b-9b2a4e97be80,7,1784,True,22115,21763,222.52826532356994
1785,9aa956ec-abd6-4f0c-a85b-9b2a4e97be80,7,1785,True,22144,21792,160.94747188951806
1786,9aa956ec-abd6-4f0c-a85b-9b2a4e97be80,7,1786,True,22179,21827,149.65686049521173
1787,9aa956ec-abd6-4f0c-a85b-9b2a4e97be80,7,1787,True,22220,21868,137.50002113380833
1788,9aa956ec-abd6-4f0c-a85b-9b2a4e97be80,7,1788,True,22240,21888,188.06657917333723
1789,9aa956ec-abd6-4f0c-a85b-9b2a4e97be80,7,1789,True,22262,21910,185.01204331202462
1790,9aa956ec-abd6-4f0c-a85b-9b2a4e97be80,7,1790,True,22292,21940,187.34041318795425
1791,9aa956ec-abd6-4f0c-a85b-9b2a4e97be80,7,1791,True,22316,21964,153.26594847262822
1792,9aa956ec-abd6-4f0c-a85b-9b2a4e97be80,7,1792,True,22338,21986,167.72509167354292
1793,9aa956ec-abd6-4f0c-a85b-9b2a4e97be80,7,1793,True,22359,22007,133.58513077852695
1794,9aa956ec-abd6-4f0c-a85b-9b2a4e97be80,7,1794,True,22382,22030,162.72299735847628
1795,9aa956ec-abd6-4f0c-a85b-9b2a4e97be80,7,1795,True,22421,22069,136.24500235368396
1796,9aa956ec-abd6-4f0c-a85b-9b2a4e97be80,7,1796,True,22447,22095,146.8205744798288
1797,9aa956ec-abd6-4f0c-a85b-9b2a4e97be80,7,1797,True,22465,22113,139.24533869304287
1798,9aa956ec-abd6-4f0c-a85b-9b2a4e97be80,7,1798,True,22495,22143,161.85869562213338
1799,9aa956ec-abd6-4f0c-a85b-9b2a4e97be80,7,1799,True,22521,22169,155.77860111141854
1800,9aa956ec-abd6-4f0c-a85b-9b2a4e97be80,7,1800,True,22547,22195,228.1436010617217
1801,9aa956ec-abd6-4f0c-a85b-9b2a4e97be80,7,1801,True,22572,22220,237.33779259062067
1802,9aa956ec-abd6-4f0c-a85b-9b2a4e97be80,7,1802,True,22592,22240,253.71352503909657
1803,9aa956ec-abd6-4f0c-a85b-9b2a4e97be80,7,1803,True,22621,22269,264.2068227139498
1804,9aa956ec-abd6-4f0c-a85b-9b2a4e97be80,7,1804,True,22646,22294,249.27530565209236
1805,9aa956ec-abd6-4f0c-a85b-9b2a4e97be80,7,1805,True,22669,22317,305.647341043943
1806,9aa956ec-abd6-4f0c-a85b-9b2a4e97be80,7,1806,True,22691,22339,237.2189936849354
1807,9aa956ec-abd6-4f0c-a85b-9b2a4e97be80,7,1807,True,22722,22370,278.3586021635201
1808,9aa956ec-abd6-4f0c-a85b-9b2a4e97be80,7,1808,True,22749,22397,240.96512356254607
1809,9aa956ec-abd6-4f0c-a85b-9b2a4e97be80,7,1809,True,22767,22415,222.96512356254607
1810,9aa956ec-abd6-4f0c-a85b-9b2a4e97be80,7,1810,True,22792,22440,232.83846525256013
1811,9aa956ec-abd6-4f0c-a85b-9b2a4e97be80,7,1811,True,22815,22463,200.00169976592588
1812,9aa956ec-abd6-4f0c-a85b-9b2a4e97be80,7,1812,True,22837,22485,230.9140000933039
1813,9aa956ec-abd6-4f0c-a85b-9b2a4e97be80,7,1813,True,22862,22510,226.80476706357513
1814,9aa956ec-abd6-4f0c-a85b-9b2a4e97be80,7,1814,True,22888,22536,234.68946394062732
1815,9aa956ec-abd6-4f0c-a85b-9b2a4e97be80,7,1815,True,22923,22571,199.68946394062732
1816,9aa956ec-abd6-4f0c-a85b-9b2a4e97be80,7,1816,True,22954,22602,246.1140234508748
1817,9aa956ec-abd6-4f0c-a85b-9b2a4e97be80,7,1817,True,22980,22628,208.62077434349703
1818,9aa956ec-abd6-4f0c-a85b-9b2a4e97be80,7,1818,True,23006,22654,205.6677889518396
1819,9aa956ec-abd6-4f0c-a85b-9b2a4e97be80,7,1819,True,23037,22685,216.0968895174592
1820,9aa956ec-abd6-4f0c-a85b-9b2a4e97be80,7,1820,True,23058,22706,206.25298571987878
1821,9aa956ec-abd6-4f0c-a85b-9b2a4e97be80,7,1821,True,23097,22745,232.1579590659494
1822,9aa956ec-abd6-4f0c-a85b-9b2a4e97be80,7,1822,True,23120,22768,199.13470730908375
1823,9aa956ec-abd6-4f0c-a85b-9b2a4e97be80,7,1823,True,23150,22798,157.44080146878332
1824,9aa956ec-abd6-4f0c-a85b-9b2a4e97be80,7,1824,True,23176,22824,205.5303326563153
1825,9aa956ec-abd6-4f0c-a85b-9b2a4e97be80,7,1825,True,23205,22853,165.18296456905955
1826,9aa956ec-abd6-4f0c-a85b-9b2a4e97be80,7,1826,True,23227,22875,193.22962754707987
1827,9aa956ec-abd6-4f0c-a85b-9b2a4e97be80,7,1827,True,23256,22904,173.7115448761797
1828,9aa956ec-abd6-4f0c-a85b-9b2a4e97be80,7,1828,True,23279,22927,166.47266346049219
1829,9aa956ec-abd6-4f0c-a85b-9b2a4e97be80,7,1829,True,23311,22959,145.47385552545165
1830,9aa956ec-abd6-4f0c-a85b-9b2a4e97be80,7,1830,True,23335,22983,195.52012513217778
1831,9aa956ec-abd6-4f0c-a85b-9b2a4e97be80,7,1831,True,23364,23012,143.21968399407706
1832,9aa956ec-abd6-4f0c-a85b-9b2a4e97be80,7,1832,True,23396,23044,213.68432137765922
1833,9aa956ec-abd6-4f0c-a85b-9b2a4e97be80,7,1833,True,23424,23072,163.35608575992228
1834,9aa956ec-abd6-4f0c-a85b-9b2a4e97be80,7,1834,True,23448,23096,205.35534424836078
1835,9aa956ec-abd6-4f0c-a85b-9b2a4e97be80,7,1835,True,23477,23125,158.61218661632302
1836,9aa956ec-abd6-4f0c-a85b-9b2a4e97be80,7,1836,True,23501,23149,162.88153294679796
1837,9aa956ec-abd6-4f0c-a85b-9b2a4e97be80,7,1837,True,23529,23177,152.19280794460428
1838,9aa956ec-abd6-4f0c-a85b-9b2a4e97be80,7,1838,True,23561,23209,135.29511179982
1839,9aa956ec-abd6-4f0c-a85b-9b2a4e97be80,7,1839,True,23583,23231,246.7884541026724
1840,9aa956ec-abd6-4f0c-a85b-9b2a4e97be80,7,1840,True,23602,23250,158.15146856218053
1841,9aa956ec-abd6-4f0c-a85b-9b2a4e97be80,7,1841,True,23630,23278,278.7870878939866
1842,9aa956ec-abd6-4f0c-a85b-9b2a4e97be80,7,1842,True,23658,23306,180.6543839646656
1843,9aa956ec-abd6-4f0c-a85b-9b2a4e97be80,7,1843,True,23680,23328,173.51268999370222
1844,9aa956ec-abd6-4f0c-a85b-9b2a4e97be80,7,1844,True,23714,23362,254.82656546258295
1845,9aa956ec-abd6-4f0c-a85b-9b2a4e97be80,7,1845,True,23749,23397,242.78573132743622
1846,9aa956ec-abd6-4f0c-a85b-9b2a4e97be80,7,1846,True,23782,23430,263.0090032288281
1847,9aa956ec-abd6-4f0c-a85b-9b2a4e97be80,7,1847,True,23811,23459,207.20735839840927
1848,9aa956ec-abd6-4f0c-a85b-9b2a4e97be80,7,1848,True,23835,23483,197.77973291161834
1849,9aa956ec-abd6-4f0c-a85b-9b2a4e97be80,7,1849,True,23858,23506,208.53867436926885
1850,9aa956ec-abd6-4f0c-a85b-9b2a4e97be80,7,1850,True,23887,23535,189.75696865130885
1851,9aa956ec-abd6-4f0c-a85b-9b2a4e97be80,7,1851,True,23914,23562,195.8341426173065
1852,9aa956ec-abd6-4f0c-a85b-9b2a4e97be80,7,1852,True,23933,23581,213.23784707248706
1853,9aa956ec-abd6-4f0c-a85b-9b2a4e97be80,7,1853,True,23955,23603,225.05040367485708
1854,9aa956ec-abd6-4f0c-a85b-9b2a4e97be80,7,1854,True,23978,23626,180.65890018901337
1855,9aa956ec-abd6-4f0c-a85b-9b2a4e97be80,7,1855,True,24004,23652,196.06496214195067
1856,9aa956ec-abd6-4f0c-a85b-9b2a4e97be80,7,1856,True,24034,23682,198.89747698754582
1857,9aa956ec-abd6-4f0c-a85b-9b2a4e97be80,7,1857,True,24072,23720,177.91605792658447
1858,9aa956ec-abd6-4f0c-a85b-9b2a4e97be80,7,1858,True,24099,23747,218.59164328776023
1859,9aa956ec-abd6-4f0c-a85b-9b2a4e97be80,7,1859,True,24129,23777,144.55526614619885
1860,9aa956ec-abd6-4f0c-a85b-9b2a4e97be80,7,1860,True,24160,23808,169.1384311896145
1861,9aa956ec-abd6-4f0c-a85b-9b2a4e97be80,7,1861,True,24195,23843,203.3113049665517
1862,9aa956ec-abd6-4f0c-a85b-9b2a4e97be80,7,1862,True,24219,23867,166.50418691072264
1863,9aa956ec-abd6-4f0c-a85b-9b2a4e97be80,7,1863,True,24247,23895,202.79345521277355
1864,9aa956ec-abd6-4f0c-a85b-9b2a4e97be80,7,1864,True,24270,23918,157.47429527347776
1865,9aa956ec-abd6-4f0c-a85b-9b2a4e97be80,7,1865,True,24302,23950,147.79345521277355
1866,9aa956ec-abd6-4f0c-a85b-9b2a4e97be80,7,1866,True,24328,23976,140.2170593006449
1867,9aa956ec-abd6-4f0c-a85b-9b2a4e97be80,7,1867,True,24366,24014,204.60606380919853
1868,9aa956ec-abd6-4f0c-a85b-9b2a4e97be80,7,1868,True,24398,24046,183.89590281034907
1869,9aa956ec-abd6-4f0c-a85b-9b2a4e97be80,7,1869,True,24424,24072,196.4821951147278
1870,9aa956ec-abd6-4f0c-a85b-9b2a4e97be80,7,1870,True,24454,24102,127.89590281034907
1871,9aa956ec-abd6-4f0c-a85b-9b2a4e97be80,7,1871,True,24483,24131,197.2318340672391
1872,9aa956ec-abd6-4f0c-a85b-9b2a4e97be80,7,1872,True,24511,24159,142.7234505335291
1873,9aa956ec-abd6-4f0c-a85b-9b2a4e97be80,7,1873,True,24538,24186,190.54720262948467
1874,9aa956ec-abd6-4f0c-a85b-9b2a4e97be80,7,1874,True,24570,24218,136.21310229527444
1875,9aa956ec-abd6-4f0c-a85b-9b2a4e97be80,7,1875,True,24596,24244,184.32663057460013
1876,9aa956ec-abd6-4f0c-a85b-9b2a4e97be80,7,1876,True,24619,24267,183.99901947095714
1877,9aa956ec-abd6-4f0c-a85b-9b2a4e97be80,7,1877,True,24655,24303,196.17033851624728
1878,9aa956ec-abd6-4f0c-a85b-9b2a4e97be80,7,1878,True,24689,24337,162.17033851624728
1879,9aa956ec-abd6-4f0c-a85b-9b2a4e97be80,7,1879,True,24729,24377,150.97422498357628
1880,9aa956ec-abd6-4f0c-a85b-9b2a4e97be80,7,1880,True,24754,24402,141.2828355682941
1881,9aa956ec-abd6-4f0c-a85b-9b2a4e97be80,7,1881,True,24781,24429,148.22016333511056
1882,9aa956ec-abd6-4f0c-a85b-9b2a4e97be80,7,1882,True,24805,24453,148.89736584079947
1883,9aa956ec-abd6-4f0c-a85b-9b2a4e97be80,7,1883,True,24830,24478,157.20701647287206
1884,9aa956ec-abd6-4f0c-a85b-9b2a4e97be80,7,1884,True,24864,24512,140.33629595197635
1885,9aa956ec-abd6-4f0c-a85b-9b2a4e97be80,7,1885,True,24885,24533,184.4944302846052
1886,9aa956ec-abd6-4f0c-a85b-9b2a4e97be80,7,1886,True,24924,24572,200.33894456838607
1887,9aa956ec-abd6-4f0c-a85b-9b2a4e97be80,7,1887,True,24949,24597,149.38288738523624
1888,9aa956ec-abd6-4f0c-a85b-9b2a4e97be80,7,1888,True,24979,24627,155.36004543016315
1889,9aa956ec-abd6-4f0c-a85b-9b2a4e97be80,7,1889,True,24999,24647,150.2774544256281
1890,9aa956ec-abd6-4f0c-a85b-9b2a4e97be80,7,1890,True,25024,24672,150.1638872700314
1891,9aa956ec-abd6-4f0c-a85b-9b2a4e97be80,7,1891,True,25063,24711,202.38742285892658
1892,9aa956ec-abd6-4f0c-a85b-9b2a4e97be80,7,1892,True,25097,24745,155.46021055292658
1893,9aa956ec-abd6-4f0c-a85b-9b2a4e97be80,7,1893,True,25128,24776,137.38742285892658
1894,9aa956ec-abd6-4f0c-a85b-9b2a4e97be80,7,1894,True,25159,24807,121.99644339946462
1895,9aa956ec-abd6-4f0c-a85b-9b2a4e97be80,7,1895,True,25194,24842,141.55389312733678
1896,9aa956ec-abd6-4f0c-a85b-9b2a4e97be80,7,1896,True,25221,24869,135.9009310686015
1897,9aa956ec-abd6-4f0c-a85b-9b2a4e97be80,7,1897,True,25247,24895,139.5676194074622
1898,9aa956ec-abd6-4f0c-a85b-9b2a4e97be80,7,1898,True,25281,24929,115.8223637078845
1899,9aa956ec-abd6-4f0c-a85b-9b2a4e97be80,7,1899,True,25303,24951,108.25702496778467
1900,9aa956ec-abd6-4f0c-a85b-9b2a4e97be80,7,1900,True,25331,24979,135.07255227542555
1901,9aa956ec-abd6-4f0c-a85b-9b2a4e97be80,7,1901,True,25358,25006,118.80091499025002
1902,9aa956ec-abd6-4f0c-a85b-9b2a4e97be80,7,1902,True,25378,25026,145.26996372712165
1903,9aa956ec-abd6-4f0c-a85b-9b2a4e97be80,7,1903,True,25408,25056,125.76890446575635
1904,9aa956ec-abd6-4f0c-a85b-9b2a4e97be80,7,1904,True,25434,25082,146.17223724537325
1905,9aa956ec-abd6-4f0c-a85b-9b2a4e97be80,7,1905,True,25465,25113,155.9891211406648
1906,9aa956ec-abd6-4f0c-a85b-9b2a4e97be80,7,1906,True,25491,25139,140.4782541912864
1907,9aa956ec-abd6-4f0c-a85b-9b2a4e97be80,7,1907,True,25522,25170,153.0678194661523
1908,9aa956ec-abd6-4f0c-a85b-9b2a4e97be80,7,1908,True,25546,25194,136.50265186511024
1909,9aa956ec-abd6-4f0c-a85b-9b2a4e97be80,7,1909,True,25585,25233,114.24359494100645
1910,9aa956ec-abd6-4f0c-a85b-9b2a4e97be80,7,1910,True,25617,25265,108.44000839547152
1911,9aa956ec-abd6-4f0c-a85b-9b2a4e97be80,7,1911,True,25638,25286,131.9212828531272
1912,9aa956ec-abd6-4f0c-a85b-9b2a4e97be80,7,1912,True,25664,25312,95.09451223160795
1913,9aa956ec-abd6-4f0c-a85b-9b2a4e97be80,7,1913,True,25689,25337,128.74791377908696
1914,9aa956ec-abd6-4f0c-a85b-9b2a4e97be80,7,1914,True,25716,25364,109.78164350008228
1915,9aa956ec-abd6-4f0c-a85b-9b2a4e97be80,7,1915,True,25744,25392,131.53823617980743
1916,9aa956ec-abd6-4f0c-a85b-9b2a4e97be80,7,1916,True,25768,25416,125.91944582353608
1917,9aa956ec-abd6-4f0c-a85b-9b2a4e97be80,7,1917,True,25798,25446,136.96485766149635
1918,9aa956ec-abd6-4f0c-a85b-9b2a4e97be80,7,1918,True,25824,25472,123.77270643148222
1919,9aa956ec-abd6-4f0c-a85b-9b2a4e97be80,7,1919,True,25857,25505,105.24324979476296
1920,9aa956ec-abd6-4f0c-a85b-9b2a4e97be80,7,1920,True,25890,25538,108.20527739325553
1921,9aa956ec-abd6-4f0c-a85b-9b2a4e97be80,7,1921,True,25916,25564,147.12387458593003
1922,9aa956ec-abd6-4f0c-a85b-9b2a4e97be80,7,1922,True,25940,25588,107.21362168812993
1923,9aa956ec-abd6-4f0c-a85b-9b2a4e97be80,7,1923,True,25968,25616,130.78532098481082
1924,9aa956ec-abd6-4f0c-a85b-9b2a4e97be80,7,1924,True,25995,25643,114.30727380726967
1925,9aa956ec-abd6-4f0c-a85b-9b2a4e97be80,7,1925,True,26020,25668,109.7797890957736
1926,9aa956ec-abd6-4f0c-a85b-9b2a4e97be80,7,1926,True,26043,25691,141.89748802179383
1927,9aa956ec-abd6-4f0c-a85b-9b2a4e97be80,7,1927,True,26066,25714,134.5548952490244
1928,9aa956ec-abd6-4f0c-a85b-9b2a4e97be80,7,1928,True,26098,25746,148.8147056374546
1929,9aa956ec-abd6-4f0c-a85b-9b2a4e97be80,7,1929,True,26118,25766,147.7791258356301
1930,9aa956ec-abd6-4f0c-a85b-9b2a4e97be80,7,1930,True,26145,25793,131.67999769877497
1931,9aa956ec-abd6-4f0c-a85b-9b2a4e97be80,7,1931,True,26173,25821,153.5651300083373
1932,9aa956ec-abd6-4f0c-a85b-9b2a4e97be80,7,1932,True,26199,25847,138.8728013794098
1933,9aa956ec-abd6-4f0c-a85b-9b2a4e97be80,7,1933,True,26230,25878,145.9191380702905
1934,9aa956ec-abd6-4f0c-a85b-9b2a4e97be80,7,1934,True,26253,25901,167.2000779448863
1935,9aa956ec-abd6-4f0c-a85b-9b2a4e97be80,7,1935,True,26275,25923,124.26947907732392
1936,9aa956ec-abd6-4f0c-a85b-9b2a4e97be80,7,1936,True,26301,25949,170.11004701523052
1937,9aa956ec-abd6-4f0c-a85b-9b2a4e97be80,7,1937,True,26326,25974,173.9857799192614
1938,9aa956ec-abd6-4f0c-a85b-9b2a4e97be80,7,1938,True,26357,26005,166.12605816905125
1939,9aa956ec-abd6-4f0c-a85b-9b2a4e97be80,7,1939,True,26389,26037,163.05019626264038
1940,9aa956ec-abd6-4f0c-a85b-9b2a4e97be80,7,1940,True,26423,26071,144.7028954544221
1941,9aa956ec-abd6-4f0c-a85b-9b2a4e97be80,7,1941,True,26454,26102,139.030807175699
1942,9aa956ec-abd6-4f0c-a85b-9b2a4e97be80,7,1942,True,26477,26125,151.10188291002487
1943,9aa956ec-abd6-4f0c-a85b-9b2a4e97be80,7,1943,True,26502,26150,144.13743559141585
1944,9aa956ec-abd6-4f0c-a85b-9b2a4e97be80,7,1944,True,26525,26173,174.32294449964684
1945,9aa956ec-abd6-4f0c-a85b-9b2a4e97be80,7,1945,True,26543,26191,175.13990239340274
1946,9aa956ec-abd6-4f0c-a85b-9b2a4e97be80,7,1946,True,26572,26220,155.48176775833417
1947,9aa956ec-abd6-4f0c-a85b-9b2a4e97be80,7,1947,True,26598,26246,259.15881507951417
1948,9aa956ec-abd6-4f0c-a85b-9b2a4e97be80,7,1948,True,26626,26274,199.23092485389498
1949,9aa956ec-abd6-4f0c-a85b-9b2a4e97be80,7,1949,True,26643,26291,138.63111488323557
1950,9aa956ec-abd6-4f0c-a85b-9b2a4e97be80,7,1950,True,26667,26315,179.75694376795218
1951,9aa956ec-abd6-4f0c-a85b-9b2a4e97be80,7,1951,True,26689,26337,192.89746617605488
1952,9aa956ec-abd6-4f0c-a85b-9b2a4e97be80,7,1952,True,26710,26358,162.0381002864524
1953,9aa956ec-abd6-4f0c-a85b-9b2a4e97be80,7,1953,True,26731,26379,203.1465183341861
1954,9aa956ec-abd6-4f0c-a85b-9b2a4e97be80,7,1954,True,26767,26415,190.0051411390159
1955,9aa956ec-abd6-4f0c-a85b-9b2a4e97be80,7,1955,True,26800,26448,207.38860407866014
1956,9aa956ec-abd6-4f0c-a85b-9b2a4e97be80,7,1956,True,26822,26470,215.2681296443443
1957,9aa956ec-abd6-4f0c-a85b-9b2a4e97be80,7,1957,True,26858,26506,216.47001645903947
1958,9aa956ec-abd6-4f0c-a85b-9b2a4e97be80,7,1958,True,26893,26541,181.47001645903947
1959,9aa956ec-abd6-4f0c-a85b-9b2a4e97be80,7,1959,True,26917,26565,167.31772650095445
1960,9aa956ec-abd6-4f0c-a85b-9b2a4e97be80,7,1960,True,26943,26591,179.60090087443677
1961,9aa956ec-abd6-4f0c-a85b-9b2a4e97be80,7,1961,True,26971,26619,140.34154055289764
1962,9aa956ec-abd6-4f0c-a85b-9b2a4e97be80,7,1962,True,27002,26650,166.41702921777687
1963,9aa956ec-abd6-4f0c-a85b-9b2a4e97be80,7,1963,True,27027,26675,162.12480175687233
1964,9aa956ec-abd6-4f0c-a85b-9b2a4e97be80,7,1964,True,27060,26708,217.6594115369371
1965,9aa956ec-abd6-4f0c-a85b-9b2a4e97be80,7,1965,True,27090,26738,187.6594115369371
1966,9aa956ec-abd6-4f0c-a85b-9b2a4e97be80,7,1966,True,27118,26766,149.3333266388836
1967,9aa956ec-abd6-4f0c-a85b-9b2a4e97be80,7,1967,True,27144,26792,149.37603488618333
1968,9aa956ec-abd6-4f0c-a85b-9b2a4e97be80,7,1968,True,27169,26817,175.17200910423708
1969,9aa956ec-abd6-4f0c-a85b-9b2a4e97be80,7,1969,True,27191,26839,164.6989920142223
1970,9aa956ec-abd6-4f0c-a85b-9b2a4e97be80,7,1970,True,27230,26878,136.84803737062975
1971,9aa956ec-abd6-4f0c-a85b-9b2a4e97be80,7,1971,True,27262,26910,152.27991824030687
1972,9aa956ec-abd6-4f0c-a85b-9b2a4e97be80,7,1972,True,27294,26942,131.42544073867975
1973,9aa956ec-abd6-4f0c-a85b-9b2a4e97be80,7,1973,True,27324,26972,166.39255693327868
1974,9aa956ec-abd6-4f0c-a85b-9b2a4e97be80,7,1974,True,27354,27002,145.08478005640063
1975,9aa956ec-abd6-4f0c-a85b-9b2a4e97be80,7,1975,True,27372,27020,174.39639110222925
1976,9aa956ec-abd6-4f0c-a85b-9b2a4e97be80,7,1976,True,27397,27045,127.47575412176593
1977,9aa956ec-abd6-4f0c-a85b-9b2a4e97be80,7,1977,True,27422,27070,164.49658728810027
1978,9aa956ec-abd6-4f0c-a85b-9b2a4e97be80,7,1978,True,27451,27099,145.27395102373703
1979,9aa956ec-abd6-4f0c-a85b-9b2a4e97be80,7,1979,True,27477,27125,219.71940245945734
1980,9aa956ec-abd6-4f0c-a85b-9b2a4e97be80,7,1980,True,27499,27147,209.10256062377812
1981,9aa956ec-abd6-4f0c-a85b-9b2a4e97be80,7,1981,True,27523,27171,275.17248730660503
1982,9aa956ec-abd6-4f0c-a85b-9b2a4e97be80,7,1982,True,27552,27200,177.9260792581008
1983,9aa956ec-abd6-4f0c-a85b-9b2a4e97be80,7,1983,True,27578,27226,231.92223134868618
1984,9aa956ec-abd6-4f0c-a85b-9b2a4e97be80,7,1984,True,27601,27249,254.14464972716087
1985,9aa956ec-abd6-4f0c-a85b-9b2a4e97be80,7,1985,True,27634,27282,230.7972540864721
1986,9aa956ec-abd6-4f0c-a85b-9b2a4e97be80,7,1986,True,27659,27307,185.18646229405567
1987,9aa956ec-abd6-4f0c-a85b-9b2a4e97be80,7,1987,True,27684,27332,220.3222675013094
1988,9aa956ec-abd6-4f0c-a85b-9b2a4e97be80,7,1988,True,27713,27361,233.09780398112707
1989,9aa956ec-abd6-4f0c-a85b-9b2a4e97be80,7,1989,True,27739,27387,188.2761656390794
1990,9aa956ec-abd6-4f0c-a85b-9b2a4e97be80,7,1990,True,27760,27408,259.9987716515825
1991,9aa956ec-abd6-4f0c-a85b-9b2a4e97be80,7,1991,True,27781,27429,250.2351670240605
1992,9aa956ec-abd6-4f0c-a85b-9b2a4e97be80,7,1992,True,27818,27466,178.0854140319716
1993,9aa956ec-abd6-4f0c-a85b-9b2a4e97be80,7,1993,True,27860,27508,159.9987716515825
1994,9aa956ec-abd6-4f0c-a85b-9b2a4e97be80,7,1994,True,27892,27540,223.38799884523542
1995,9aa956ec-abd6-4f0c-a85b-9b2a4e97be80,7,1995,True,27927,27575,200.42241035101688
1996,9aa956ec-abd6-4f0c-a85b-9b2a4e97be80,7,1996,True,27955,27603,230.23617336994357
1997,9aa956ec-abd6-4f0c-a85b-9b2a4e97be80,7,1997,True,27980,27628,162.23955019805726
1998,9aa956ec-abd6-4f0c-a85b-9b2a4e97be80,7,1998,True,28012,27660,130.23955019805726
1999,9aa956ec-abd6-4f0c-a85b-9b2a4e97be80,7,1999,True,28041,27689,127.38795955514797
2000,2f35e0f7-76fb-450c-b254-780decf9ae6f,8,2000,True,418,16,80.57745477884143
2001,2f35e0f7-76fb-450c-b254-780decf9ae6f,8,2001,True,445,43,80.91174393607484
2002,2f35e0f7-76fb-450c-b254-780decf9ae6f,8,2002,True,472,70,88.48219784610853
2003,2f35e0f7-76fb-450c-b254-780decf9ae6f,8,2003,True,513,111,90.43798098562945
2004,2f35e0f7-76fb-450c-b254-780decf9ae6f,8,2004,True,541,139,107.88094510293246
2005,2f35e0f7-76fb-450c-b254-780decf9ae6f,8,2005,True,577,175,91.50831711133947
2006,2f35e0f7-76fb-450c-b254-780decf9ae6f,8,2006,True,609,207,84.67388012636354
2007,2f35e0f7-76fb-450c-b254-780decf9ae6f,8,2007,True,634,232,89.16132816551374
2008,2f35e0f7-76fb-450c-b254-780decf9ae6f,8,2008,True,668,266,95.63947257106031
2009,2f35e0f7-76fb-450c-b254-780decf9ae6f,8,2009,True,698,296,100.42985281856903
2010,2f35e0f7-76fb-450c-b254-780decf9ae6f,8,2010,True,724,322,175.12285098800095
2011,2f35e0f7-76fb-450c-b254-780decf9ae6f,8,2011,True,750,348,202.64603154623126
2012,2f35e0f7-76fb-450c-b254-780decf9ae6f,8,2012,True,777,375,140.1898055333388
2013,2f35e0f7-76fb-450c-b254-780decf9ae6f,8,2013,True,802,400,150.64603154623126
2014,2f35e0f7-76fb-450c-b254-780decf9ae6f,8,2014,True,824,422,150.03865274500106
2015,2f35e0f7-76fb-450c-b254-780decf9ae6f,8,2015,True,852,450,148.48407487363386
2016,2f35e0f7-76fb-450c-b254-780decf9ae6f,8,2016,True,876,474,148.97882037017894
2017,2f35e0f7-76fb-450c-b254-780decf9ae6f,8,2017,True,903,501,142.16728464138805
2018,2f35e0f7-76fb-450c-b254-780decf9ae6f,8,2018,True,944,542,143.35816066882137
2019,2f35e0f7-76fb-450c-b254-780decf9ae6f,8,2019,True,971,569,152.79121361127386
2020,2f35e0f7-76fb-450c-b254-780decf9ae6f,8,2020,True,999,597,146.53670246455192
2021,2f35e0f7-76fb-450c-b254-780decf9ae6f,8,2021,True,1023,621,145.28303133087854
2022,2f35e0f7-76fb-450c-b254-780decf9ae6f,8,2022,True,1044,642,163.40867927041177
2023,2f35e0f7-76fb-450c-b254-780decf9ae6f,8,2023,True,1074,672,153.46072552877354
2024,2f35e0f7-76fb-450c-b254-780decf9ae6f,8,2024,True,1102,700,177.18369564905413
2025,2f35e0f7-76fb-450c-b254-780decf9ae6f,8,2025,True,1133,731,172.01053565874327
2026,2f35e0f7-76fb-450c-b254-780decf9ae6f,8,2026,True,1165,763,140.01053565874327
2027,2f35e0f7-76fb-450c-b254-780decf9ae6f,8,2027,True,1190,788,163.1007522382714
2028,2f35e0f7-76fb-450c-b254-780decf9ae6f,8,2028,True,1210,808,163.2087096846534
2029,2f35e0f7-76fb-450c-b254-780decf9ae6f,8,2029,True,1243,841,251.04922238153813
2030,2f35e0f7-76fb-450c-b254-780decf9ae6f,8,2030,True,1269,867,204.92326215792218
2031,2f35e0f7-76fb-450c-b254-780decf9ae6f,8,2031,True,1303,901,209.545818360368
2032,2f35e0f7-76fb-450c-b254-780decf9ae6f,8,2032,True,1338,936,190.9595601152912
2033,2f35e0f7-76fb-450c-b254-780decf9ae6f,8,2033,True,1370,968,192.87784705126637
2034,2f35e0f7-76fb-450c-b254-780decf9ae6f,8,2034,True,1392,990,193.49370684324754
2035,2f35e0f7-76fb-450c-b254-780decf9ae6f,8,2035,True,1414,1012,218.5675456734316
2036,2f35e0f7-76fb-450c-b254-780decf9ae6f,8,2036,True,1442,1040,170.26042319556723
2037,2f35e0f7-76fb-450c-b254-780decf9ae6f,8,2037,True,1464,1062,231.18199345508015
2038,2f35e0f7-76fb-450c-b254-780decf9ae6f,8,2038,True,1479,1077,191.83929160474395
2039,2f35e0f7-76fb-450c-b254-780decf9ae6f,8,2039,True,1508,1106,210.34689154149828
2040,2f35e0f7-76fb-450c-b254-780decf9ae6f,8,2040,True,1538,1136,180.34689154149828
2041,2f35e0f7-76fb-450c-b254-780decf9ae6f,8,2041,True,1575,1173,215.408372829864
2042,2f35e0f7-76fb-450c-b254-780decf9ae6f,8,2042,True,1599,1197,145.57814449983516
2043,2f35e0f7-76fb-450c-b254-780decf9ae6f,8,2043,True,1630,1228,175.2382453561188
2044,2f35e0f7-76fb-450c-b254-780decf9ae6f,8,2044,True,1655,1253,179.04283926142534
2045,2f35e0f7-76fb-450c-b254-780decf9ae6f,8,2045,True,1684,1282,175.04054392928379
2046,2f35e0f7-76fb-450c-b254-780decf9ae6f,8,2046,True,1706,1304,153.04054392928379
2047,2f35e0f7-76fb-450c-b254-780decf9ae6f,8,2047,True,1738,1336,189.11676731847456
2048,2f35e0f7-76fb-450c-b254-780decf9ae6f,8,2048,True,1760,1358,141.7023099350863
2049,2f35e0f7-76fb-450c-b254-780decf9ae6f,8,2049,True,1790,1388,193.16044200096576
2050,2f35e0f7-76fb-450c-b254-780decf9ae6f,8,2050,True,1818,1416,141.84250291318085
2051,2f35e0f7-76fb-450c-b254-780decf9ae6f,8,2051,True,1843,1441,197.80805601150064
2052,2f35e0f7-76fb-450c-b254-780decf9ae6f,8,2052,True,1865,1463,197.6828537990309
2053,2f35e0f7-76fb-450c-b254-780decf9ae6f,8,2053,True,1892,1490,192.65971873563535
2054,2f35e0f7-76fb-450c-b254-780decf9ae6f,8,2054,True,1919,1517,190.6142185862086
2055,2f35e0f7-76fb-450c-b254-780decf9ae6f,8,2055,True,1948,1546,181.87615639985665
2056,2f35e0f7-76fb-450c-b254-780decf9ae6f,8,2056,True,1976,1574,153.87615639985665
2057,2f35e0f7-76fb-450c-b254-780decf9ae6f,8,2057,True,2008,1606,153.5329105726305
2058,2f35e0f7-76fb-450c-b254-780decf9ae6f,8,2058,True,2035,1633,184.06395589592034
2059,2f35e0f7-76fb-450c-b254-780decf9ae6f,8,2059,True,2072,1670,169.95580340630045
2060,2f35e0f7-76fb-450c-b254-780decf9ae6f,8,2060,True,2101,1699,140.95580340630045
2061,2f35e0f7-76fb-450c-b254-780decf9ae6f,8,2061,True,2128,1726,158.71122322085466
2062,2f35e0f7-76fb-450c-b254-780decf9ae6f,8,2062,True,2158,1756,152.43232583999293
2063,2f35e0f7-76fb-450c-b254-780decf9ae6f,8,2063,True,2185,1783,152.44899851396212
2064,2f35e0f7-76fb-450c-b254-780decf9ae6f,8,2064,True,2203,1801,156.4667860001921
2065,2f35e0f7-76fb-450c-b254-780decf9ae6f,8,2065,True,2237,1835,146.54479498759906
2066,2f35e0f7-76fb-450c-b254-780decf9ae6f,8,2066,True,2259,1857,146.09832130360383
2067,2f35e0f7-76fb-450c-b254-780decf9ae6f,8,2067,True,2291,1889,188.98954377314567
2068,2f35e0f7-76fb-450c-b254-780decf9ae6f,8,2068,True,2320,1918,178.42613512744492
2069,2f35e0f7-76fb-450c-b254-780decf9ae6f,8,2069,True,2334,1932,184.37783836396193
2070,2f35e0f7-76fb-450c-b254-780decf9ae6f,8,2070,True,2368,1966,184.63764241592253
2071,2f35e0f7-76fb-450c-b254-780decf9ae6f,8,2071,True,2402,2000,178.24461669417906
2072,2f35e0f7-76fb-450c-b254-780decf9ae6f,8,2072,True,2428,2026,175.26717494278637
2073,2f35e0f7-76fb-450c-b254-780decf9ae6f,8,2073,True,2455,2053,169.20883235796464
2074,2f35e0f7-76fb-450c-b254-780decf9ae6f,8,2074,True,2484,2082,176.7037309146208
2075,2f35e0f7-76fb-450c-b254-780decf9ae6f,8,2075,True,2509,2107,174.3474375563942
2076,2f35e0f7-76fb-450c-b254-780decf9ae6f,8,2076,True,2535,2133,194.11101868035848
2077,2f35e0f7-76fb-450c-b254-780decf9ae6f,8,2077,True,2564,2162,144.57783222583203
2078,2f35e0f7-76fb-450c-b254-780decf9ae6f,8,2078,True,2588,2186,179.59884136385426
2079,2f35e0f7-76fb-450c-b254-780decf9ae6f,8,2079,True,2615,2213,171.7905706499173
2080,2f35e0f7-76fb-450c-b254-780decf9ae6f,8,2080,True,2647,2245,214.654795372011
2081,2f35e0f7-76fb-450c-b254-780decf9ae6f,8,2081,True,2672,2270,166.88161389689003
2082,2f35e0f7-76fb-450c-b254-780decf9ae6f,8,2082,True,2689,2287,172.654795372011
2083,2f35e0f7-76fb-450c-b254-780decf9ae6f,8,2083,True,2725,2323,158.718045607141
2084,2f35e0f7-76fb-450c-b254-780decf9ae6f,8,2084,True,2753,2351,147.52082230984524
2085,2f35e0f7-76fb-450c-b254-780decf9ae6f,8,2085,True,2778,2376,158.9650934267611
2086,2f35e0f7-76fb-450c-b254-780decf9ae6f,8,2086,True,2807,2405,148.43016788984733
2087,2f35e0f7-76fb-450c-b254-780decf9ae6f,8,2087,True,2827,2425,168.58759242199585
2088,2f35e0f7-76fb-450c-b254-780decf9ae6f,8,2088,True,2869,2467,155.49660069823403
2089,2f35e0f7-76fb-450c-b254-780decf9ae6f,8,2089,True,2898,2496,168.73978550801803
2090,2f35e0f7-76fb-450c-b254-780decf9ae6f,8,2090,True,2927,2525,155.6790179516538
2091,2f35e0f7-76fb-450c-b254-780decf9ae6f,8,2091,True,2956,2554,162.29823128165162
2092,2f35e0f7-76fb-450c-b254-780decf9ae6f,8,2092,True,2982,2580,182.8454483196415
2093,2f35e0f7-76fb-450c-b254-780decf9ae6f,8,2093,True,3012,2610,128.93135071283587
2094,2f35e0f7-76fb-450c-b254-780decf9ae6f,8,2094,True,3042,2640,142.2517520648821
2095,2f35e0f7-76fb-450c-b254-780decf9ae6f,8,2095,True,3067,2665,135.83649192563007
2096,2f35e0f7-76fb-450c-b254-780decf9ae6f,8,2096,True,3103,2701,140.42630537388277
2097,2f35e0f7-76fb-450c-b254-780decf9ae6f,8,2097,True,3134,2732,145.06114653903387
2098,2f35e0f7-76fb-450c-b254-780decf9ae6f,8,2098,True,3156,2754,145.82665006702382
2099,2f35e0f7-76fb-450c-b254-780decf9ae6f,8,2099,True,3183,2781,157.5131819013941
2100,2f35e0f7-76fb-450c-b254-780decf9ae6f,8,2100,True,3213,2811,150.42489642145802
2101,2f35e0f7-76fb-450c-b254-780decf9ae6f,8,2101,True,3238,2836,180.42907062795712
2102,2f35e0f7-76fb-450c-b254-780decf9ae6f,8,2102,True,3261,2859,134.4107325994728
2103,2f35e0f7-76fb-450c-b254-780decf9ae6f,8,2103,True,3284,2882,153.7883233192456
2104,2f35e0f7-76fb-450c-b254-780decf9ae6f,8,2104,True,3311,2909,146.04691286861498
2105,2f35e0f7-76fb-450c-b254-780decf9ae6f,8,2105,True,3338,2936,158.9313391950468
2106,2f35e0f7-76fb-450c-b254-780decf9ae6f,8,2106,True,3373,2971,144.17220670043343
2107,2f35e0f7-76fb-450c-b254-780decf9ae6f,8,2107,True,3401,2999,174.23345551213924
2108,2f35e0f7-76fb-450c-b254-780decf9ae6f,8,2108,True,3427,3025,126.84589040781566
2109,2f35e0f7-76fb-450c-b254-780decf9ae6f,8,2109,True,3458,3056,137.5019621536867
2110,2f35e0f7-76fb-450c-b254-780decf9ae6f,8,2110,True,3496,3094,131.0537276132427
2111,2f35e0f7-76fb-450c-b254-780decf9ae6f,8,2111,True,3521,3119,163.05813832625063
2112,2f35e0f7-76fb-450c-b254-780decf9ae6f,8,2112,True,3544,3142,163.59391631288054
2113,2f35e0f7-76fb-450c-b254-780decf9ae6f,8,2113,True,3576,3174,149.60189557339618
2114,2f35e0f7-76fb-450c-b254-780decf9ae6f,8,2114,True,3602,3200,123.60189557339618
2115,2f35e0f7-76fb-450c-b254-780decf9ae6f,8,2115,True,3632,3230,138.46669874163717
2116,2f35e0f7-76fb-450c-b254-780decf9ae6f,8,2116,True,3665,3263,150.72149619917127
2117,2f35e0f7-76fb-450c-b254-780decf9ae6f,8,2117,True,3700,3298,136.6648397079498
2118,2f35e0f7-76fb-450c-b254-780decf9ae6f,8,2118,True,3739,3337,130.96459208574424
2119,2f35e0f7-76fb-450c-b254-780decf9ae6f,8,2119,True,3764,3362,157.42309183439556
2120,2f35e0f7-76fb-450c-b254-780decf9ae6f,8,2120,True,3790,3388,152.7261494872173
2121,2f35e0f7-76fb-450c-b254-780decf9ae6f,8,2121,True,3817,3415,167.23401030682317
2122,2f35e0f7-76fb-450c-b254-780decf9ae6f,8,2122,True,3840,3438,161.22876988207508
2123,2f35e0f7-76fb-450c-b254-780decf9ae6f,8,2123,True,3864,3462,167.57723347155388
2124,2f35e0f7-76fb-450c-b254-780decf9ae6f,8,2124,True,3886,3484,164.78791887970237
2125,2f35e0f7-76fb-450c-b254-780decf9ae6f,8,2125,True,3912,3510,188.08347589670393
2126,2f35e0f7-76fb-450c-b254-780decf9ae6f,8,2126,True,3941,3539,183.14198101225247
2127,2f35e0f7-76fb-450c-b254-780decf9ae6f,8,2127,True,3962,3560,182.21232675467627
2128,2f35e0f7-76fb-450c-b254-780decf9ae6f,8,2128,True,3992,3590,132.14198101225247
2129,2f35e0f7-76fb-450c-b254-780decf9ae6f,8,2129,True,4023,3621,142.9725974458638
2130,2f35e0f7-76fb-450c-b254-780decf9ae6f,8,2130,True,4051,3649,171.1139972191363
2131,2f35e0f7-76fb-450c-b254-780decf9ae6f,8,2131,True,4082,3680,166.1557579167038
2132,2f35e0f7-76fb-450c-b254-780decf9ae6f,8,2132,True,4110,3708,170.35369986876003
2133,2f35e0f7-76fb-450c-b254-780decf9ae6f,8,2133,True,4141,3739,171.06772779474932
2134,2f35e0f7-76fb-450c-b254-780decf9ae6f,8,2134,True,4168,3766,167.12235147251658
2135,2f35e0f7-76fb-450c-b254-780decf9ae6f,8,2135,True,4194,3792,163.80307507755106
2136,2f35e0f7-76fb-450c-b254-780decf9ae6f,8,2136,True,4225,3823,166.34316651530617
2137,2f35e0f7-76fb-450c-b254-780decf9ae6f,8,2137,True,4259,3857,160.14905061188801
2138,2f35e0f7-76fb-450c-b254-780decf9ae6f,8,2138,True,4277,3875,163.7272212035482
2139,2f35e0f7-76fb-450c-b254-780decf9ae6f,8,2139,True,4303,3901,176.11893940505797
2140,2f35e0f7-76fb-450c-b254-780decf9ae6f,8,2140,True,4326,3924,134.57980982660047
2141,2f35e0f7-76fb-450c-b254-780decf9ae6f,8,2141,True,4355,3953,144.59393794756306
2142,2f35e0f7-76fb-450c-b254-780decf9ae6f,8,2142,True,4379,3977,137.8319699109161
2143,2f35e0f7-76fb-450c-b254-780decf9ae6f,8,2143,True,4413,4011,212.43893554022452
2144,2f35e0f7-76fb-450c-b254-780decf9ae6f,8,2144,True,4435,4033,146.08497845716192
2145,2f35e0f7-76fb-450c-b254-780decf9ae6f,8,2145,True,4459,4057,142.6532801689782
2146,2f35e0f7-76fb-450c-b254-780decf9ae6f,8,2146,True,4486,4084,159.744257528665
2147,2f35e0f7-76fb-450c-b254-780decf9ae6f,8,2147,True,4508,4106,159.6624525664447
2148,2f35e0f7-76fb-450c-b254-780decf9ae6f,8,2148,True,4546,4144,141.263429608126
2149,2f35e0f7-76fb-450c-b254-780decf9ae6f,8,2149,True,4573,4171,134.68701756620794
2150,2f35e0f7-76fb-450c-b254-780decf9ae6f,8,2150,True,4597,4195,180.17499120794855
2151,2f35e0f7-76fb-450c-b254-780decf9ae6f,8,2151,True,4611,4209,189.1672311352895
2152,2f35e0f7-76fb-450c-b254-780decf9ae6f,8,2152,True,4643,4241,200.44171346041458
2153,2f35e0f7-76fb-450c-b254-780decf9ae6f,8,2153,True,4670,4268,149.4172409049297
2154,2f35e0f7-76fb-450c-b254-780decf9ae6f,8,2154,True,4697,4295,207.58618000760544
2155,2f35e0f7-76fb-450c-b254-780decf9ae6f,8,2155,True,4730,4328,150.80724322403694
2156,2f35e0f7-76fb-450c-b254-780decf9ae6f,8,2156,True,4757,4355,177.47672822118147
2157,2f35e0f7-76fb-450c-b254-780decf9ae6f,8,2157,True,4784,4382,173.57025908471678
2158,2f35e0f7-76fb-450c-b254-780decf9ae6f,8,2158,True,4809,4407,169.9819151283773
2159,2f35e0f7-76fb-450c-b254-780decf9ae6f,8,2159,True,4837,4435,159.60246924485728
2160,2f35e0f7-76fb-450c-b254-780decf9ae6f,8,2160,True,4858,4456,194.3390228702956
2161,2f35e0f7-76fb-450c-b254-780decf9ae6f,8,2161,True,4882,4480,186.66853499519402
2162,2f35e0f7-76fb-450c-b254-780decf9ae6f,8,2162,True,4899,4497,248.69973074467907
2163,2f35e0f7-76fb-450c-b254-780decf9ae6f,8,2163,True,4918,4516,204.79375946083564
2164,2f35e0f7-76fb-450c-b254-780decf9ae6f,8,2164,True,4945,4543,202.69973074467907
2165,2f35e0f7-76fb-450c-b254-780decf9ae6f,8,2165,True,4969,4567,202.59818894001546
2166,2f35e0f7-76fb-450c-b254-780decf9ae6f,8,2166,True,4988,4586,183.59818894001546
2167,2f35e0f7-76fb-450c-b254-780decf9ae6f,8,2167,True,5013,4611,185.03534520739686
2168,2f35e0f7-76fb-450c-b254-780decf9ae6f,8,2168,True,5049,4647,169.84741210875563
2169,2f35e0f7-76fb-450c-b254-780decf9ae6f,8,2169,True,5068,4666,210.82569197938392
2170,2f35e0f7-76fb-450c-b254-780decf9ae6f,8,2170,True,5109,4707,189.47262909226993
2171,2f35e0f7-76fb-450c-b254-780decf9ae6f,8,2171,True,5136,4734,209.52416316753533
2172,2f35e0f7-76fb-450c-b254-780decf9ae6f,8,2172,True,5160,4758,162.91223421597078
2173,2f35e0f7-76fb-450c-b254-780decf9ae6f,8,2173,True,5188,4786,181.33065534357138
2174,2f35e0f7-76fb-450c-b254-780decf9ae6f,8,2174,True,5222,4820,169.53848222531542
2175,2f35e0f7-76fb-450c-b254-780decf9ae6f,8,2175,True,5251,4849,170.7555699078439
2176,2f35e0f7-76fb-450c-b254-780decf9ae6f,8,2176,True,5279,4877,142.7555699078439
2177,2f35e0f7-76fb-450c-b254-780decf9ae6f,8,2177,True,5308,4906,160.22773591224723
2178,2f35e0f7-76fb-450c-b254-780decf9ae6f,8,2178,True,5340,4938,149.68466971533417
2179,2f35e0f7-76fb-450c-b254-780decf9ae6f,8,2179,True,5366,4964,144.30764406057824
2180,2f35e0f7-76fb-450c-b254-780decf9ae6f,8,2180,True,5393,4991,153.30900234702585
2181,2f35e0f7-76fb-450c-b254-780decf9ae6f,8,2181,True,5420,5018,146.1818932221413
2182,2f35e0f7-76fb-450c-b254-780decf9ae6f,8,2182,True,5449,5047,163.78837996734455
2183,2f35e0f7-76fb-450c-b254-780decf9ae6f,8,2183,True,5482,5080,170.57500418518794
2184,2f35e0f7-76fb-450c-b254-780decf9ae6f,8,2184,True,5505,5103,178.60106102558711
2185,2f35e0f7-76fb-450c-b254-780decf9ae6f,8,2185,True,5529,5127,175.06196164944595
2186,2f35e0f7-76fb-450c-b254-780decf9ae6f,8,2186,True,5559,5157,177.59884931753368
2187,2f35e0f7-76fb-450c-b254-780decf9ae6f,8,2187,True,5586,5184,172.25082643150563
2188,2f35e0f7-76fb-450c-b254-780decf9ae6f,8,2188,True,5615,5213,166.19704704366177
2189,2f35e0f7-76fb-450c-b254-780decf9ae6f,8,2189,True,5636,5234,167.69469022345766
2190,2f35e0f7-76fb-450c-b254-780decf9ae6f,8,2190,True,5671,5269,156.55826413337218
2191,2f35e0f7-76fb-450c-b254-780decf9ae6f,8,2191,True,5702,5300,169.42615095985548
2192,2f35e0f7-76fb-450c-b254-780decf9ae6f,8,2192,True,5721,5319,128.07474418671245
2193,2f35e0f7-76fb-450c-b254-780decf9ae6f,8,2193,True,5747,5345,145.77402561956387
2194,2f35e0f7-76fb-450c-b254-780decf9ae6f,8,2194,True,5788,5386,131.8963611512536
2195,2f35e0f7-76fb-450c-b254-780decf9ae6f,8,2195,True,5813,5411,171.86436237057842
2196,2f35e0f7-76fb-450c-b254-780decf9ae6f,8,2196,True,5838,5436,166.78831332867685
2197,2f35e0f7-76fb-450c-b254-780decf9ae6f,8,2197,True,5869,5467,194.45904088376574
2198,2f35e0f7-76fb-450c-b254-780decf9ae6f,8,2198,True,5901,5499,141.08232496607343
2199,2f35e0f7-76fb-450c-b254-780decf9ae6f,8,2199,True,5917,5515,165.58999818300163
2200,2f35e0f7-76fb-450c-b254-780decf9ae6f,8,2200,True,5942,5540,160.0567618670284
2201,2f35e0f7-76fb-450c-b254-780decf9ae6f,8,2201,True,5970,5568,170.65416233847645
2202,2f35e0f7-76fb-450c-b254-780decf9ae6f,8,2202,True,5992,5590,168.07845978443402
2203,2f35e0f7-76fb-450c-b254-780decf9ae6f,8,2203,True,6019,5617,173.0992489370292
2204,2f35e0f7-76fb-450c-b254-780decf9ae6f,8,2204,True,6050,5648,164.7412597771745
2205,2f35e0f7-76fb-450c-b254-780decf9ae6f,8,2205,True,6079,5677,183.51199510008064
2206,2f35e0f7-76fb-450c-b254-780decf9ae6f,8,2206,True,6110,5708,130.46333789874188
2207,2f35e0f7-76fb-450c-b254-780decf9ae6f,8,2207,True,6139,5737,148.20809206307604
2208,2f35e0f7-76fb-450c-b254-780decf9ae6f,8,2208,True,6162,5760,174.76132027154563
2209,2f35e0f7-76fb-450c-b254-780decf9ae6f,8,2209,True,6189,5787,123.48994822266559
2210,2f35e0f7-76fb-450c-b254-780decf9ae6f,8,2210,True,6207,5805,219.5694074284056
2211,2f35e0f7-76fb-450c-b254-780decf9ae6f,8,2211,True,6232,5830,123.41819306262914
2212,2f35e0f7-76fb-450c-b254-780decf9ae6f,8,2212,True,6260,5858,143.19498257260057
2213,2f35e0f7-76fb-450c-b254-780decf9ae6f,8,2213,True,6284,5882,142.5694074284056
2214,2f35e0f7-76fb-450c-b254-780decf9ae6f,8,2214,True,6307,5905,145.5035115000819
2215,2f35e0f7-76fb-450c-b254-780decf9ae6f,8,2215,True,6338,5936,173.14664225050637
2216,2f35e0f7-76fb-450c-b254-780decf9ae6f,8,2216,True,6364,5962,166.5477746641518
2217,2f35e0f7-76fb-450c-b254-780decf9ae6f,8,2217,True,6397,5995,156.5912492331745
2218,2f35e0f7-76fb-450c-b254-780decf9ae6f,8,2218,True,6415,6013,227.4544473594815
2219,2f35e0f7-76fb-450c-b254-780decf9ae6f,8,2219,True,6439,6037,229.05137294430278
2220,2f35e0f7-76fb-450c-b254-780decf9ae6f,8,2220,True,6473,6071,247.80537791188362
2221,2f35e0f7-76fb-450c-b254-780decf9ae6f,8,2221,True,6504,6102,240.0646686011496
2222,2f35e0f7-76fb-450c-b254-780decf9ae6f,8,2222,True,6529,6127,258.8305345875642
2223,2f35e0f7-76fb-450c-b254-780decf9ae6f,8,2223,True,6561,6159,253.90183165168037
2224,2f35e0f7-76fb-450c-b254-780decf9ae6f,8,2224,True,6594,6192,278.5177717613351
2225,2f35e0f7-76fb-450c-b254-780decf9ae6f,8,2225,True,6621,6219,232.14395189542302
2226,2f35e0f7-76fb-450c-b254-780decf9ae6f,8,2226,True,6644,6242,252.9141560983453
2227,2f35e0f7-76fb-450c-b254-780decf9ae6f,8,2227,True,6673,6271,180.14395189542302
2228,2f35e0f7-76fb-450c-b254-780decf9ae6f,8,2228,True,6695,6293,201.9141560983453
2229,2f35e0f7-76fb-450c-b254-780decf9ae6f,8,2229,True,6724,6322,236.0754412896349
2230,2f35e0f7-76fb-450c-b254-780decf9ae6f,8,2230,True,6751,6349,188.8780628549166
2231,2f35e0f7-76fb-450c-b254-780decf9ae6f,8,2231,True,6780,6378,219.51833533752688
2232,2f35e0f7-76fb-450c-b254-780decf9ae6f,8,2232,True,6809,6407,167.89426563039524
2233,2f35e0f7-76fb-450c-b254-780decf9ae6f,8,2233,True,6837,6435,183.54711445277917
2234,2f35e0f7-76fb-450c-b254-780decf9ae6f,8,2234,True,6860,6458,183.95083610085385
2235,2f35e0f7-76fb-450c-b254-780decf9ae6f,8,2235,True,6885,6483,219.73643963062568
2236,2f35e0f7-76fb-450c-b254-780decf9ae6f,8,2236,True,6913,6511,168.7597285074744
2237,2f35e0f7-76fb-450c-b254-780decf9ae6f,8,2237,True,6937,6535,220.24943687419
2238,2f35e0f7-76fb-450c-b254-780decf9ae6f,8,2238,True,6972,6570,165.02839573025722
2239,2f35e0f7-76fb-450c-b254-780decf9ae6f,8,2239,True,6992,6590,186.52517469130453
2240,2f35e0f7-76fb-450c-b254-780decf9ae6f,8,2240,True,7025,6623,212.14954343119643
2241,2f35e0f7-76fb-450c-b254-780decf9ae6f,8,2241,True,7045,6643,217.37043839566377
2242,2f35e0f7-76fb-450c-b254-780decf9ae6f,8,2242,True,7079,6677,183.37043839566377
2243,2f35e0f7-76fb-450c-b254-780decf9ae6f,8,2243,True,7109,6707,172.32795433129286
2244,2f35e0f7-76fb-450c-b254-780decf9ae6f,8,2244,True,7137,6735,169.99270483473356
2245,2f35e0f7-76fb-450c-b254-780decf9ae6f,8,2245,True,7167,6765,162.93724250779542
2246,2f35e0f7-76fb-450c-b254-780decf9ae6f,8,2246,True,7194,6792,197.37829106016852
2247,2f35e0f7-76fb-450c-b254-780decf9ae6f,8,2247,True,7222,6820,188.3791476050401
2248,2f35e0f7-76fb-450c-b254-780decf9ae6f,8,2248,True,7253,6851,175.56876649572223
2249,2f35e0f7-76fb-450c-b254-780decf9ae6f,8,2249,True,7275,6873,213.80929881086468
2250,2f35e0f7-76fb-450c-b254-780decf9ae6f,8,2250,True,7303,6901,210.45992814516467
2251,2f35e0f7-76fb-450c-b254-780decf9ae6f,8,2251,True,7323,6921,190.45992814516467
2252,2f35e0f7-76fb-450c-b254-780decf9ae6f,8,2252,True,7353,6951,181.23752216184675
2253,2f35e0f7-76fb-450c-b254-780decf9ae6f,8,2253,True,7373,6971,161.23752216184675
2254,2f35e0f7-76fb-450c-b254-780decf9ae6f,8,2254,True,7397,6995,158.3460873280219
2255,2f35e0f7-76fb-450c-b254-780decf9ae6f,8,2255,True,7421,7019,194.54697068666155
2256,2f35e0f7-76fb-450c-b254-780decf9ae6f,8,2256,True,7460,7058,219.9655048265122
2257,2f35e0f7-76fb-450c-b254-780decf9ae6f,8,2257,True,7494,7092,147.28429699168282
2258,2f35e0f7-76fb-450c-b254-780decf9ae6f,8,2258,True,7514,7112,185.93258192918074
2259,2f35e0f7-76fb-450c-b254-780decf9ae6f,8,2259,True,7538,7136,250.33422063822127
2260,2f35e0f7-76fb-450c-b254-780decf9ae6f,8,2260,True,7562,7160,208.1221165324223
2261,2f35e0f7-76fb-450c-b254-780decf9ae6f,8,2261,True,7600,7198,207.8239549238142
2262,2f35e0f7-76fb-450c-b254-780decf9ae6f,8,2262,True,7631,7229,197.57401880314228
2263,2f35e0f7-76fb-450c-b254-780decf9ae6f,8,2263,True,7677,7275,189.09085779837915
2264,2f35e0f7-76fb-450c-b254-780decf9ae6f,8,2264,True,7710,7308,176.70318168492395
2265,2f35e0f7-76fb-450c-b254-780decf9ae6f,8,2265,True,7740,7338,146.70318168492395
2266,2f35e0f7-76fb-450c-b254-780decf9ae6f,8,2266,True,7776,7374,162.19827905388047
2267,2f35e0f7-76fb-450c-b254-780decf9ae6f,8,2267,True,7809,7407,168.5452563574563
2268,2f35e0f7-76fb-450c-b254-780decf9ae6f,8,2268,True,7836,7434,181.2855498640556
2269,2f35e0f7-76fb-450c-b254-780decf9ae6f,8,2269,True,7863,7461,176.78292472428984
2270,2f35e0f7-76fb-450c-b254-780decf9ae6f,8,2270,True,7900,7498,166.48160650596674
2271,2f35e0f7-76fb-450c-b254-780decf9ae6f,8,2271,True,7925,7523,162.26438040121684
2272,2f35e0f7-76fb-450c-b254-780decf9ae6f,8,2272,True,7950,7548,222.4776298149127
2273,2f35e0f7-76fb-450c-b254-780decf9ae6f,8,2273,True,7975,7573,257.33008095777404
2274,2f35e0f7-76fb-450c-b254-780decf9ae6f,8,2274,True,8005,7603,187.98736154453763
2275,2f35e0f7-76fb-450c-b254-780decf9ae6f,8,2275,True,8029,7627,185.0777017010887
2276,2f35e0f7-76fb-450c-b254-780decf9ae6f,8,2276,True,8050,7648,219.23988655579888
2277,2f35e0f7-76fb-450c-b254-780decf9ae6f,8,2277,True,8077,7675,174.47498389839438
2278,2f35e0f7-76fb-450c-b254-780decf9ae6f,8,2278,True,8095,7693,174.23988655579888
2279,2f35e0f7-76fb-450c-b254-780decf9ae6f,8,2279,True,8128,7726,213.75614946102996
2280,2f35e0f7-76fb-450c-b254-780decf9ae6f,8,2280,True,8154,7752,211.91631514320397
2281,2f35e0f7-76fb-450c-b254-780decf9ae6f,8,2281,True,8189,7787,176.91631514320397
2282,2f35e0f7-76fb-450c-b254-780decf9ae6f,8,2282,True,8217,7815,170.80554798480443
2283,2f35e0f7-76fb-450c-b254-780decf9ae6f,8,2283,True,8237,7835,172.56401842833748
2284,2f35e0f7-76fb-450c-b254-780decf9ae6f,8,2284,True,8270,7868,173.65856434048055
2285,2f35e0f7-76fb-450c-b254-780decf9ae6f,8,2285,True,8297,7895,200.06693818436906
2286,2f35e0f7-76fb-450c-b254-780decf9ae6f,8,2286,True,8325,7923,147.6105834239679
2287,2f35e0f7-76fb-450c-b254-780decf9ae6f,8,2287,True,8357,7955,165.52917937323764
2288,2f35e0f7-76fb-450c-b254-780decf9ae6f,8,2288,True,8379,7977,165.0634384589639
2289,2f35e0f7-76fb-450c-b254-780decf9ae6f,8,2289,True,8401,7999,165.8118540242731
2290,2f35e0f7-76fb-450c-b254-780decf9ae6f,8,2290,True,8430,8028,156.51626332994329
2291,2f35e0f7-76fb-450c-b254-780decf9ae6f,8,2291,True,8459,8057,191.0303266662031
2292,2f35e0f7-76fb-450c-b254-780decf9ae6f,8,2292,True,8484,8082,188.56777960777072
2293,2f35e0f7-76fb-450c-b254-780decf9ae6f,8,2293,True,8513,8111,186.20402138199643
2294,2f35e0f7-76fb-450c-b254-780decf9ae6f,8,2294,True,8543,8141,187.05073429395452
2295,2f35e0f7-76fb-450c-b254-780decf9ae6f,8,2295,True,8575,8173,206.89196533061113
2296,2f35e0f7-76fb-450c-b254-780decf9ae6f,8,2296,True,8598,8196,207.09685638398878
2297,2f35e0f7-76fb-450c-b254-780decf9ae6f,8,2297,True,8619,8217,186.09685638398878
2298,2f35e0f7-76fb-450c-b254-780decf9ae6f,8,2298,True,8641,8239,164.09685638398878
2299,2f35e0f7-76fb-450c-b254-780decf9ae6f,8,2299,True,8674,8272,172.66109797467652
2300,2f35e0f7-76fb-450c-b254-780decf9ae6f,8,2300,True,8704,8302,163.19061338894426
2301,2f35e0f7-76fb-450c-b254-780decf9ae6f,8,2301,True,8735,8333,185.06550156654703
2302,2f35e0f7-76fb-450c-b254-780decf9ae6f,8,2302,True,8769,8367,177.50071127180308
2303,2f35e0f7-76fb-450c-b254-780decf9ae6f,8,2303,True,8799,8397,169.06295844676606
2304,2f35e0f7-76fb-450c-b254-780decf9ae6f,8,2304,True,8840,8438,155.10177072415536
2305,2f35e0f7-76fb-450c-b254-780decf9ae6f,8,2305,True,8869,8467,147.67406445284723
2306,2f35e0f7-76fb-450c-b254-780decf9ae6f,8,2306,True,8900,8498,170.97450761906657
2307,2f35e0f7-76fb-450c-b254-780decf9ae6f,8,2307,True,8923,8521,198.4838139222793
2308,2f35e0f7-76fb-450c-b254-780decf9ae6f,8,2308,True,8960,8558,237.25849985555396
2309,2f35e0f7-76fb-450c-b254-780decf9ae6f,8,2309,True,8981,8579,192.70055173800392
2310,2f35e0f7-76fb-450c-b254-780decf9ae6f,8,2310,True,9009,8607,231.99896317038656
2311,2f35e0f7-76fb-450c-b254-780decf9ae6f,8,2311,True,9030,8628,189.38076551596168
2312,2f35e0f7-76fb-450c-b254-780decf9ae6f,8,2312,True,9053,8651,207.6512285038334
2313,2f35e0f7-76fb-450c-b254-780decf9ae6f,8,2313,True,9084,8682,176.6512285038334
2314,2f35e0f7-76fb-450c-b254-780decf9ae6f,8,2314,True,9116,8714,185.82066802967893
2315,2f35e0f7-76fb-450c-b254-780decf9ae6f,8,2315,True,9143,8741,178.85825300011857
2316,2f35e0f7-76fb-450c-b254-780decf9ae6f,8,2316,True,9167,8765,202.3458742761104
2317,2f35e0f7-76fb-450c-b254-780decf9ae6f,8,2317,True,9196,8794,150.4900149267305
2318,2f35e0f7-76fb-450c-b254-780decf9ae6f,8,2318,True,9233,8831,165.74130180556676
2319,2f35e0f7-76fb-450c-b254-780decf9ae6f,8,2319,True,9269,8867,177.60481643907406
2320,2f35e0f7-76fb-450c-b254-780decf9ae6f,8,2320,True,9299,8897,126.18415704918334
2321,2f35e0f7-76fb-450c-b254-780decf9ae6f,8,2321,True,9326,8924,153.26213539537093
2322,2f35e0f7-76fb-450c-b254-780decf9ae6f,8,2322,True,9357,8955,143.55777840369774
2323,2f35e0f7-76fb-450c-b254-780decf9ae6f,8,2323,True,9379,8977,163.87340572635912
2324,2f35e0f7-76fb-450c-b254-780decf9ae6f,8,2324,True,9398,8996,171.03589610600466
2325,2f35e0f7-76fb-450c-b254-780decf9ae6f,8,2325,True,9418,9016,151.03589610600466
2326,2f35e0f7-76fb-450c-b254-780decf9ae6f,8,2326,True,9451,9049,193.00187758888023
2327,2f35e0f7-76fb-450c-b254-780decf9ae6f,8,2327,True,9472,9070,195.57655962550962
2328,2f35e0f7-76fb-450c-b254-780decf9ae6f,8,2328,True,9494,9092,173.57655962550962
2329,2f35e0f7-76fb-450c-b254-780decf9ae6f,8,2329,True,9527,9125,165.57313519073796
2330,2f35e0f7-76fb-450c-b254-780decf9ae6f,8,2330,True,9557,9155,159.11999036794623
2331,2f35e0f7-76fb-450c-b254-780decf9ae6f,8,2331,True,9588,9186,151.97517092208182
2332,2f35e0f7-76fb-450c-b254-780decf9ae6f,8,2332,True,9618,9216,195.4890270616088
2333,2f35e0f7-76fb-450c-b254-780decf9ae6f,8,2333,True,9653,9251,138.95477199472953
2334,2f35e0f7-76fb-450c-b254-780decf9ae6f,8,2334,True,9675,9273,185.33108097861805
2335,2f35e0f7-76fb-450c-b254-780decf9ae6f,8,2335,True,9698,9296,203.56695118971948
2336,2f35e0f7-76fb-450c-b254-780decf9ae6f,8,2336,True,9718,9316,163.99579390036888
2337,2f35e0f7-76fb-450c-b254-780decf9ae6f,8,2337,True,9754,9352,183.45713151188465
2338,2f35e0f7-76fb-450c-b254-780decf9ae6f,8,2338,True,9784,9382,174.78131569531433
2339,2f35e0f7-76fb-450c-b254-780decf9ae6f,8,2339,True,9811,9409,180.9981996045135
2340,2f35e0f7-76fb-450c-b254-780decf9ae6f,8,2340,True,9849,9447,163.29496970611945
2341,2f35e0f7-76fb-450c-b254-780decf9ae6f,8,2341,True,9884,9482,147.1438213758538
2342,2f35e0f7-76fb-450c-b254-780decf9ae6f,8,2342,True,9908,9506,158.07992445839955
2343,2f35e0f7-76fb-450c-b254-780decf9ae6f,8,2343,True,9932,9530,153.2073998264823
2344,2f35e0f7-76fb-450c-b254-780decf9ae6f,8,2344,True,9962,9560,158.52506189204905
2345,2f35e0f7-76fb-450c-b254-780decf9ae6f,8,2345,True,9986,9584,157.3218666487901
2346,2f35e0f7-76fb-450c-b254-780decf9ae6f,8,2346,True,10016,9614,157.98812208713207
2347,2f35e0f7-76fb-450c-b254-780decf9ae6f,8,2347,True,10049,9647,145.16210191488972
2348,2f35e0f7-76fb-450c-b254-780decf9ae6f,8,2348,True,10079,9677,145.64208893402792
2349,2f35e0f7-76fb-450c-b254-780decf9ae6f,8,2349,True,10108,9706,140.7709655332328
2350,2f35e0f7-76fb-450c-b254-780decf9ae6f,8,2350,True,10132,9730,174.38049130733998
2351,2f35e0f7-76fb-450c-b254-780decf9ae6f,8,2351,True,10156,9754,130.35520554051436
2352,2f35e0f7-76fb-450c-b254-780decf9ae6f,8,2352,True,10184,9782,154.7479919034231
2353,2f35e0f7-76fb-450c-b254-780decf9ae6f,8,2353,True,10226,9824,163.1636182863258
2354,2f35e0f7-76fb-450c-b254-780decf9ae6f,8,2354,True,10250,9848,167.85894303780333
2355,2f35e0f7-76fb-450c-b254-780decf9ae6f,8,2355,True,10274,9872,190.56322260523484
2356,2f35e0f7-76fb-450c-b254-780decf9ae6f,8,2356,True,10300,9898,164.56322260523484
2357,2f35e0f7-76fb-450c-b254-780decf9ae6f,8,2357,True,10330,9928,160.96442146899608
2358,2f35e0f7-76fb-450c-b254-780decf9ae6f,8,2358,True,10363,9961,149.8239320934681
2359,2f35e0f7-76fb-450c-b254-780decf9ae6f,8,2359,True,10381,9979,152.536847243191
2360,2f35e0f7-76fb-450c-b254-780decf9ae6f,8,2360,True,10401,9999,162.6605471077837
2361,2f35e0f7-76fb-450c-b254-780decf9ae6f,8,2361,True,10438,10036,149.2868583455329
2362,2f35e0f7-76fb-450c-b254-780decf9ae6f,8,2362,True,10472,10070,189.2084618838271
2363,2f35e0f7-76fb-450c-b254-780decf9ae6f,8,2363,True,10503,10101,140.27930558346452
2364,2f35e0f7-76fb-450c-b254-780decf9ae6f,8,2364,True,10525,10123,157.19688858288464
2365,2f35e0f7-76fb-450c-b254-780decf9ae6f,8,2365,True,10555,10153,149.48036425073224
2366,2f35e0f7-76fb-450c-b254-780decf9ae6f,8,2366,True,10581,10179,169.98270691319522
2367,2f35e0f7-76fb-450c-b254-780decf9ae6f,8,2367,True,10614,10212,116.92412628711463
2368,2f35e0f7-76fb-450c-b254-780decf9ae6f,8,2368,True,10647,10245,136.66415284198592
2369,2f35e0f7-76fb-450c-b254-780decf9ae6f,8,2369,True,10682,10280,166.05134237597485
2370,2f35e0f7-76fb-450c-b254-780decf9ae6f,8,2370,True,10711,10309,116.53502318369465
2371,2f35e0f7-76fb-450c-b254-780decf9ae6f,8,2371,True,10737,10335,165.57704541707608
2372,2f35e0f7-76fb-450c-b254-780decf9ae6f,8,2372,True,10756,10354,167.03865569460868
2373,2f35e0f7-76fb-450c-b254-780decf9ae6f,8,2373,True,10791,10389,153.45751544145423
2374,2f35e0f7-76fb-450c-b254-780decf9ae6f,8,2374,True,10814,10412,171.97569323424068
2375,2f35e0f7-76fb-450c-b254-780decf9ae6f,8,2375,True,10839,10437,171.65554269576023
2376,2f35e0f7-76fb-450c-b254-780decf9ae6f,8,2376,True,10865,10463,169.8962501383685
2377,2f35e0f7-76fb-450c-b254-780decf9ae6f,8,2377,True,10886,10484,166.08941380118085
2378,2f35e0f7-76fb-450c-b254-780decf9ae6f,8,2378,True,10913,10511,162.26458707076017
2379,2f35e0f7-76fb-450c-b254-780decf9ae6f,8,2379,True,10944,10542,179.3217953806252
2380,2f35e0f7-76fb-450c-b254-780decf9ae6f,8,2380,True,10976,10574,187.03814316169883
2381,2f35e0f7-76fb-450c-b254-780decf9ae6f,8,2381,True,11009,10607,196.82269954709955
2382,2f35e0f7-76fb-450c-b254-780decf9ae6f,8,2382,True,11032,10630,152.11713290010084
2383,2f35e0f7-76fb-450c-b254-780decf9ae6f,8,2383,True,11062,10660,189.29126753721357
2384,2f35e0f7-76fb-450c-b254-780decf9ae6f,8,2384,True,11088,10686,187.7929717496081
2385,2f35e0f7-76fb-450c-b254-780decf9ae6f,8,2385,True,11123,10721,175.2639130376774
2386,2f35e0f7-76fb-450c-b254-780decf9ae6f,8,2386,True,11150,10748,148.2639130376774
2387,2f35e0f7-76fb-450c-b254-780decf9ae6f,8,2387,True,11173,10771,145.49368721172505
2388,2f35e0f7-76fb-450c-b254-780decf9ae6f,8,2388,True,11200,10798,227.1540550636255
2389,2f35e0f7-76fb-450c-b254-780decf9ae6f,8,2389,True,11229,10827,198.1540550636255
2390,2f35e0f7-76fb-450c-b254-780decf9ae6f,8,2390,True,11262,10860,144.69037512622162
2391,2f35e0f7-76fb-450c-b254-780decf9ae6f,8,2391,True,11293,10891,187.75631023695132
2392,2f35e0f7-76fb-450c-b254-780decf9ae6f,8,2392,True,11321,10919,136.91559712400522
2393,2f35e0f7-76fb-450c-b254-780decf9ae6f,8,2393,True,11348,10946,132.75631023695132
2394,2f35e0f7-76fb-450c-b254-780decf9ae6f,8,2394,True,11385,10983,184.7242596621927
2395,2f35e0f7-76fb-450c-b254-780decf9ae6f,8,2395,True,11425,11023,165.68253656677916
2396,2f35e0f7-76fb-450c-b254-780decf9ae6f,8,2396,True,11455,11053,187.53539331140018
2397,2f35e0f7-76fb-450c-b254-780decf9ae6f,8,2397,True,11476,11074,148.84405666659768
2398,2f35e0f7-76fb-450c-b254-780decf9ae6f,8,2398,True,11496,11094,167.6540146482621
2399,2f35e0f7-76fb-450c-b254-780decf9ae6f,8,2399,True,11523,11121,162.29361984815478
2400,2f35e0f7-76fb-450c-b254-780decf9ae6f,8,2400,True,11546,11144,156.78140127093866
2401,2f35e0f7-76fb-450c-b254-780decf9ae6f,8,2401,True,11572,11170,153.29494501761292
2402,2f35e0f7-76fb-450c-b254-780decf9ae6f,8,2402,True,11603,11201,143.30315710378636
2403,2f35e0f7-76fb-450c-b254-780decf9ae6f,8,2403,True,11631,11229,137.6414672050978
2404,2f35e0f7-76fb-450c-b254-780decf9ae6f,8,2404,True,11655,11253,161.72086488527384
2405,2f35e0f7-76fb-450c-b254-780decf9ae6f,8,2405,True,11677,11275,116.36289062355172
2406,2f35e0f7-76fb-450c-b254-780decf9ae6f,8,2406,True,11700,11298,138.13205321615715
2407,2f35e0f7-76fb-450c-b254-780decf9ae6f,8,2407,True,11732,11330,133.91837339660742
2408,2f35e0f7-76fb-450c-b254-780decf9ae6f,8,2408,True,11751,11349,133.39842412308826
2409,2f35e0f7-76fb-450c-b254-780decf9ae6f,8,2409,True,11777,11375,157.4866141038492
2410,2f35e0f7-76fb-450c-b254-780decf9ae6f,8,2410,True,11808,11406,145.5733334081342
2411,2f35e0f7-76fb-450c-b254-780decf9ae6f,8,2411,True,11831,11429,159.9385858161695
2412,2f35e0f7-76fb-450c-b254-780decf9ae6f,8,2412,True,11857,11455,154.81101230757668
2413,2f35e0f7-76fb-450c-b254-780decf9ae6f,8,2413,True,11899,11497,204.20112255298955
2414,2f35e0f7-76fb-450c-b254-780decf9ae6f,8,2414,True,11924,11522,157.37074595429476
2415,2f35e0f7-76fb-450c-b254-780decf9ae6f,8,2415,True,11955,11553,192.54849384109184
2416,2f35e0f7-76fb-450c-b254-780decf9ae6f,8,2416,True,11976,11574,190.27232660687696
2417,2f35e0f7-76fb-450c-b254-780decf9ae6f,8,2417,True,12009,11607,174.49991734496507
2418,2f35e0f7-76fb-450c-b254-780decf9ae6f,8,2418,True,12034,11632,172.0492056244584
2419,2f35e0f7-76fb-450c-b254-780decf9ae6f,8,2419,True,12066,11664,159.25904719637947
2420,2f35e0f7-76fb-450c-b254-780decf9ae6f,8,2420,True,12092,11690,203.66321755739955
2421,2f35e0f7-76fb-450c-b254-780decf9ae6f,8,2421,True,12118,11716,156.3215479901828
2422,2f35e0f7-76fb-450c-b254-780decf9ae6f,8,2422,True,12145,11743,179.3010584760359
2423,2f35e0f7-76fb-450c-b254-780decf9ae6f,8,2423,True,12181,11779,177.4110429518514
2424,2f35e0f7-76fb-450c-b254-780decf9ae6f,8,2424,True,12219,11817,167.0959890342092
2425,2f35e0f7-76fb-450c-b254-780decf9ae6f,8,2425,True,12252,11850,155.4292324479684
2426,2f35e0f7-76fb-450c-b254-780decf9ae6f,8,2426,True,12268,11866,160.49335504794544
2427,2f35e0f7-76fb-450c-b254-780decf9ae6f,8,2427,True,12296,11894,165.7068170702587
2428,2f35e0f7-76fb-450c-b254-780decf9ae6f,8,2428,True,12326,11924,163.49187576851364
2429,2f35e0f7-76fb-450c-b254-780decf9ae6f,8,2429,True,12367,11965,155.49867725705917
2430,2f35e0f7-76fb-450c-b254-780decf9ae6f,8,2430,True,12388,11986,157.5261040891728
2431,2f35e0f7-76fb-450c-b254-780decf9ae6f,8,2431,True,12418,12016,168.47361699906105
2432,2f35e0f7-76fb-450c-b254-780decf9ae6f,8,2432,True,12445,12043,159.39218569302466
2433,2f35e0f7-76fb-450c-b254-780decf9ae6f,8,2433,True,12463,12061,159.5190737276953
2434,2f35e0f7-76fb-450c-b254-780decf9ae6f,8,2434,True,12491,12089,152.89235734270187
2435,2f35e0f7-76fb-450c-b254-780decf9ae6f,8,2435,True,12518,12116,191.89064917479482
2436,2f35e0f7-76fb-450c-b254-780decf9ae6f,8,2436,True,12548,12146,137.87682619225598
2437,2f35e0f7-76fb-450c-b254-780decf9ae6f,8,2437,True,12583,12181,193.03128772170567
2438,2f35e0f7-76fb-450c-b254-780decf9ae6f,8,2438,True,12611,12209,147.04772466402028
2439,2f35e0f7-76fb-450c-b254-780decf9ae6f,8,2439,True,12641,12239,197.68493017331093
2440,2f35e0f7-76fb-450c-b254-780decf9ae6f,8,2440,True,12668,12266,199.34445609569775
2441,2f35e0f7-76fb-450c-b254-780decf9ae6f,8,2441,True,12689,12287,223.34594830137576
2442,2f35e0f7-76fb-450c-b254-780decf9ae6f,8,2442,True,12717,12315,214.54861317625182
2443,2f35e0f7-76fb-450c-b254-780decf9ae6f,8,2443,True,12743,12341,218.89750594115685
2444,2f35e0f7-76fb-450c-b254-780decf9ae6f,8,2444,True,12777,12375,212.0392035540699
2445,2f35e0f7-76fb-450c-b254-780decf9ae6f,8,2445,True,12796,12394,193.0392035540699
2446,2f35e0f7-76fb-450c-b254-780decf9ae6f,8,2446,True,12831,12429,189.10695496489097
2447,2f35e0f7-76fb-450c-b254-780decf9ae6f,8,2447,True,12862,12460,177.25552962566144
2448,2f35e0f7-76fb-450c-b254-780decf9ae6f,8,2448,True,12892,12490,181.374049022721
2449,2f35e0f7-76fb-450c-b254-780decf9ae6f,8,2449,True,12925,12523,168.70074332144395
2450,2f35e0f7-76fb-450c-b254-780decf9ae6f,8,2450,True,12955,12553,173.74188838421105
2451,2f35e0f7-76fb-450c-b254-780decf9ae6f,8,2451,True,12976,12574,172.58548233454894
2452,2f35e0f7-76fb-450c-b254-780decf9ae6f,8,2452,True,13005,12603,180.07752035727572
2453,2f35e0f7-76fb-450c-b254-780decf9ae6f,8,2453,True,13032,12630,175.01009974056615
2454,2f35e0f7-76fb-450c-b254-780decf9ae6f,8,2454,True,13063,12661,166.69101778246295
2455,2f35e0f7-76fb-450c-b254-780decf9ae6f,8,2455,True,13083,12681,189.87778689501283
2456,2f35e0f7-76fb-450c-b254-780decf9ae6f,8,2456,True,13111,12709,208.3734951396509
2457,2f35e0f7-76fb-450c-b254-780decf9ae6f,8,2457,True,13145,12743,149.1967326286558
2458,2f35e0f7-76fb-450c-b254-780decf9ae6f,8,2458,True,13172,12770,194.48913458042443
2459,2f35e0f7-76fb-450c-b254-780decf9ae6f,8,2459,True,13198,12796,139.64673660947665
2460,2f35e0f7-76fb-450c-b254-780decf9ae6f,8,2460,True,13226,12824,174.2715955507374
2461,2f35e0f7-76fb-450c-b254-780decf9ae6f,8,2461,True,13249,12847,170.49123290631178
2462,2f35e0f7-76fb-450c-b254-780decf9ae6f,8,2462,True,13276,12874,191.38487005371098
2463,2f35e0f7-76fb-450c-b254-780decf9ae6f,8,2463,True,13296,12894,195.8336647220258
2464,2f35e0f7-76fb-450c-b254-780decf9ae6f,8,2464,True,13335,12933,226.04487616230472
2465,2f35e0f7-76fb-450c-b254-780decf9ae6f,8,2465,True,13357,12955,160.49254259926056
2466,2f35e0f7-76fb-450c-b254-780decf9ae6f,8,2466,True,13382,12980,157.23397330489024
2467,2f35e0f7-76fb-450c-b254-780decf9ae6f,8,2467,True,13407,13005,175.54024462173584
2468,2f35e0f7-76fb-450c-b254-780decf9ae6f,8,2468,True,13436,13034,165.7760987811289
2469,2f35e0f7-76fb-450c-b254-780decf9ae6f,8,2469,True,13463,13061,178.3614572915685
2470,2f35e0f7-76fb-450c-b254-780decf9ae6f,8,2470,True,13489,13087,179.38357707842988
2471,2f35e0f7-76fb-450c-b254-780decf9ae6f,8,2471,True,13512,13110,176.94290452732093
2472,2f35e0f7-76fb-450c-b254-780decf9ae6f,8,2472,True,13544,13142,172.9546678259212
2473,2f35e0f7-76fb-450c-b254-780decf9ae6f,8,2473,True,13575,13173,162.69254041671957
2474,2f35e0f7-76fb-450c-b254-780decf9ae6f,8,2474,True,13601,13199,188.17450068769176
2475,2f35e0f7-76fb-450c-b254-780decf9ae6f,8,2475,True,13626,13224,184.99585441669842
2476,2f35e0f7-76fb-450c-b254-780decf9ae6f,8,2476,True,13649,13247,199.4625043476408
2477,2f35e0f7-76fb-450c-b254-780decf9ae6f,8,2477,True,13672,13270,198.98635470988847
2478,2f35e0f7-76fb-450c-b254-780decf9ae6f,8,2478,True,13697,13295,173.98635470988847
2479,2f35e0f7-76fb-450c-b254-780decf9ae6f,8,2479,True,13722,13320,201.08845828828635
2480,2f35e0f7-76fb-450c-b254-780decf9ae6f,8,2480,True,13743,13341,146.62878863380865
2481,2f35e0f7-76fb-450c-b254-780decf9ae6f,8,2481,True,13771,13369,197.4841428243817
2482,2f35e0f7-76fb-450c-b254-780decf9ae6f,8,2482,True,13808,13406,138.97240013687224
2483,2f35e0f7-76fb-450c-b254-780decf9ae6f,8,2483,True,13832,13430,153.78092322123666
2484,2f35e0f7-76fb-450c-b254-780decf9ae6f,8,2484,True,13856,13454,150.3288968507659
2485,2f35e0f7-76fb-450c-b254-780decf9ae6f,8,2485,True,13872,13470,164.43878230120026
2486,2f35e0f7-76fb-450c-b254-780decf9ae6f,8,2486,True,13900,13498,214.96128804185173
2487,2f35e0f7-76fb-450c-b254-780decf9ae6f,8,2487,True,13921,13519,214.90536217765475
2488,2f35e0f7-76fb-450c-b254-780decf9ae6f,8,2488,True,13947,13545,188.90536217765475
2489,2f35e0f7-76fb-450c-b254-780decf9ae6f,8,2489,True,13975,13573,183.51413016939478
2490,2f35e0f7-76fb-450c-b254-780decf9ae6f,8,2490,True,14001,13599,157.51413016939478
2491,2f35e0f7-76fb-450c-b254-780decf9ae6f,8,2491,True,14031,13629,168.61949897977502
2492,2f35e0f7-76fb-450c-b254-780decf9ae6f,8,2492,True,14058,13656,164.29959003582917
2493,2f35e0f7-76fb-450c-b254-780decf9ae6f,8,2493,True,14091,13689,181.82043988331498
2494,2f35e0f7-76fb-450c-b254-780decf9ae6f,8,2494,True,14119,13717,173.3047400677915
2495,2f35e0f7-76fb-450c-b254-780decf9ae6f,8,2495,True,14148,13746,144.3047400677915
2496,2f35e0f7-76fb-450c-b254-780decf9ae6f,8,2496,True,14164,13762,147.53519352426883
2497,2f35e0f7-76fb-450c-b254-780decf9ae6f,8,2497,True,14186,13784,166.38595671363873
2498,2f35e0f7-76fb-450c-b254-780decf9ae6f,8,2498,True,14218,13816,157.3727420705436
2499,2f35e0f7-76fb-450c-b254-780decf9ae6f,8,2499,True,14239,13837,136.3727420705436
2500,2f35e0f7-76fb-450c-b254-780decf9ae6f,8,2500,True,14260,13858,179.7681952463281
2501,2f35e0f7-76fb-450c-b254-780decf9ae6f,8,2501,True,14284,13882,135.87637555647598
2502,2f35e0f7-76fb-450c-b254-780decf9ae6f,8,2502,True,14308,13906,188.16731556696686
2503,2f35e0f7-76fb-450c-b254-780decf9ae6f,8,2503,True,14325,13923,189.828951576932
2504,2f35e0f7-76fb-450c-b254-780decf9ae6f,8,2504,True,14353,13951,272.5784126512899
2505,2f35e0f7-76fb-450c-b254-780decf9ae6f,8,2505,True,14382,13980,219.73299112823224
2506,2f35e0f7-76fb-450c-b254-780decf9ae6f,8,2506,True,14404,14002,249.70027856767229
2507,2f35e0f7-76fb-450c-b254-780decf9ae6f,8,2507,True,14433,14031,237.49362336872764
2508,2f35e0f7-76fb-450c-b254-780decf9ae6f,8,2508,True,14466,14064,225.4918201139135
2509,2f35e0f7-76fb-450c-b254-780decf9ae6f,8,2509,True,14487,14085,232.14518784994107
2510,2f35e0f7-76fb-450c-b254-780decf9ae6f,8,2510,True,14518,14116,221.54928282126457
2511,2f35e0f7-76fb-450c-b254-780decf9ae6f,8,2511,True,14549,14147,292.1125894174511
2512,2f35e0f7-76fb-450c-b254-780decf9ae6f,8,2512,True,14572,14170,291.1190469231715
2513,2f35e0f7-76fb-450c-b254-780decf9ae6f,8,2513,True,14603,14201,260.1190469231715
2514,2f35e0f7-76fb-450c-b254-780decf9ae6f,8,2514,True,14640,14238,369.14267080774516
2515,2f35e0f7-76fb-450c-b254-780decf9ae6f,8,2515,True,14664,14262,327.7295044797902
2516,2f35e0f7-76fb-450c-b254-780decf9ae6f,8,2516,True,14690,14288,353.4220068412724
2517,2f35e0f7-76fb-450c-b254-780decf9ae6f,8,2517,False,14718,14316,415.9702505921814
2518,2f35e0f7-76fb-450c-b254-780decf9ae6f,8,2518,False,14744,14342,416.4917019680779
2519,2f35e0f7-76fb-450c-b254-780decf9ae6f,8,2519,True,14776,14374,409.8913890749882
2520,2f35e0f7-76fb-450c-b254-780decf9ae6f,8,2520,True,14797,14395,388.8913890749882
2521,2f35e0f7-76fb-450c-b254-780decf9ae6f,8,2521,True,14823,14421,384.79088760927516
2522,2f35e0f7-76fb-450c-b254-780decf9ae6f,8,2522,True,14856,14454,303.75725595525
2523,2f35e0f7-76fb-450c-b254-780decf9ae6f,8,2523,True,14878,14476,307.8913890749882
2524,2f35e0f7-76fb-450c-b254-780decf9ae6f,8,2524,True,14898,14496,309.79088760927516
2525,2f35e0f7-76fb-450c-b254-780decf9ae6f,8,2525,True,14930,14528,365.05975442958515
2526,2f35e0f7-76fb-450c-b254-780decf9ae6f,8,2526,True,14959,14557,336.05975442958515
2527,2f35e0f7-76fb-450c-b254-780decf9ae6f,8,2527,True,14988,14586,279.7752413128892
2528,2f35e0f7-76fb-450c-b254-780decf9ae6f,8,2528,True,15014,14612,253.7752413128892
2529,2f35e0f7-76fb-450c-b254-780decf9ae6f,8,2529,True,15044,14642,330.2675959336666
2530,2f35e0f7-76fb-450c-b254-780decf9ae6f,8,2530,True,15081,14679,387.12119766383694
2531,2f35e0f7-76fb-450c-b254-780decf9ae6f,8,2531,True,15109,14707,265.2675959336666
2532,2f35e0f7-76fb-450c-b254-780decf9ae6f,8,2532,True,15141,14739,274.3101200136407
2533,2f35e0f7-76fb-450c-b254-780decf9ae6f,8,2533,True,15163,14761,305.12119766383694
2534,2f35e0f7-76fb-450c-b254-780decf9ae6f,8,2534,True,15194,14792,221.3101200136407
2535,2f35e0f7-76fb-450c-b254-780decf9ae6f,8,2535,True,15221,14819,247.12119766383694
2536,2f35e0f7-76fb-450c-b254-780decf9ae6f,8,2536,True,15246,14844,241.0165429476583
2537,2f35e0f7-76fb-450c-b254-780decf9ae6f,8,2537,True,15272,14870,314.3390304914956
2538,2f35e0f7-76fb-450c-b254-780decf9ae6f,8,2538,True,15302,14900,228.7747165287783
2539,2f35e0f7-76fb-450c-b254-780decf9ae6f,8,2539,True,15336,14934,250.33903049149558
2540,2f35e0f7-76fb-450c-b254-780decf9ae6f,8,2540,True,15370,14968,216.33903049149558
2541,2f35e0f7-76fb-450c-b254-780decf9ae6f,8,2541,True,15395,14993,211.27908905620643
2542,2f35e0f7-76fb-450c-b254-780decf9ae6f,8,2542,True,15420,15018,245.61270956389853
2543,2f35e0f7-76fb-450c-b254-780decf9ae6f,8,2543,True,15438,15036,227.61270956389853
2544,2f35e0f7-76fb-450c-b254-780decf9ae6f,8,2544,True,15467,15065,176.45515096881718
2545,2f35e0f7-76fb-450c-b254-780decf9ae6f,8,2545,True,15491,15089,199.8875301360822
2546,2f35e0f7-76fb-450c-b254-780decf9ae6f,8,2546,True,15525,15123,165.8875301360822
2547,2f35e0f7-76fb-450c-b254-780decf9ae6f,8,2547,True,15558,15156,237.29389088177777
2548,2f35e0f7-76fb-450c-b254-780decf9ae6f,8,2548,True,15590,15188,182.15566303858213
2549,2f35e0f7-76fb-450c-b254-780decf9ae6f,8,2549,True,15613,15211,206.77909927223664
2550,2f35e0f7-76fb-450c-b254-780decf9ae6f,8,2550,True,15648,15246,194.51398187307313
2551,2f35e0f7-76fb-450c-b254-780decf9ae6f,8,2551,True,15669,15267,150.77909927223664
2552,2f35e0f7-76fb-450c-b254-780decf9ae6f,8,2552,True,15709,15307,157.00108746075784
2553,2f35e0f7-76fb-450c-b254-780decf9ae6f,8,2553,True,15734,15332,132.00108746075784
2554,2f35e0f7-76fb-450c-b254-780decf9ae6f,8,2554,True,15765,15363,141.58200346430203
2555,2f35e0f7-76fb-450c-b254-780decf9ae6f,8,2555,True,15798,15396,151.60070510992955
2556,2f35e0f7-76fb-450c-b254-780decf9ae6f,8,2556,True,15825,15423,142.42724924538925
2557,2f35e0f7-76fb-450c-b254-780decf9ae6f,8,2557,True,15851,15449,154.41137239705859
2558,2f35e0f7-76fb-450c-b254-780decf9ae6f,8,2558,True,15877,15475,151.1019606491409
2559,2f35e0f7-76fb-450c-b254-780decf9ae6f,8,2559,True,15905,15503,178.83356008170267
2560,2f35e0f7-76fb-450c-b254-780decf9ae6f,8,2560,True,15931,15529,133.50275506444632
2561,2f35e0f7-76fb-450c-b254-780decf9ae6f,8,2561,True,15961,15559,155.63262592219507
2562,2f35e0f7-76fb-450c-b254-780decf9ae6f,8,2562,True,15992,15590,160.0216235833068
2563,2f35e0f7-76fb-450c-b254-780decf9ae6f,8,2563,True,16022,15620,149.00694284190104
2564,2f35e0f7-76fb-450c-b254-780decf9ae6f,8,2564,True,16052,15650,153.7445771105995
2565,2f35e0f7-76fb-450c-b254-780decf9ae6f,8,2565,True,16080,15678,144.78418135474567
2566,2f35e0f7-76fb-450c-b254-780decf9ae6f,8,2566,True,16099,15697,168.2067239651533
2567,2f35e0f7-76fb-450c-b254-780decf9ae6f,8,2567,True,16139,15737,161.93424422031785
2568,2f35e0f7-76fb-450c-b254-780decf9ae6f,8,2568,True,16166,15764,153.59919459746743
2569,2f35e0f7-76fb-450c-b254-780decf9ae6f,8,2569,True,16194,15792,160.49939534626537
2570,2f35e0f7-76fb-450c-b254-780decf9ae6f,8,2570,True,16217,15815,158.44223191570745
2571,2f35e0f7-76fb-450c-b254-780decf9ae6f,8,2571,True,16239,15837,188.89546991718635
2572,2f35e0f7-76fb-450c-b254-780decf9ae6f,8,2572,True,16266,15864,138.97163790082595
2573,2f35e0f7-76fb-450c-b254-780decf9ae6f,8,2573,True,16290,15888,158.7490161082642
2574,2f35e0f7-76fb-450c-b254-780decf9ae6f,8,2574,True,16320,15918,165.27999154633653
2575,2f35e0f7-76fb-450c-b254-780decf9ae6f,8,2575,True,16346,15944,163.7605016983125
2576,2f35e0f7-76fb-450c-b254-780decf9ae6f,8,2576,True,16375,15973,159.14931923403128
2577,2f35e0f7-76fb-450c-b254-780decf9ae6f,8,2577,True,16403,16001,153.3723025220752
2578,2f35e0f7-76fb-450c-b254-780decf9ae6f,8,2578,True,16442,16040,247.02215900743613
2579,2f35e0f7-76fb-450c-b254-780decf9ae6f,8,2579,True,16460,16058,144.75230734768957
2580,2f35e0f7-76fb-450c-b254-780decf9ae6f,8,2580,True,16483,16081,234.29673508589258
2581,2f35e0f7-76fb-450c-b254-780decf9ae6f,8,2581,True,16510,16108,249.5420258034228
2582,2f35e0f7-76fb-450c-b254-780decf9ae6f,8,2582,True,16535,16133,201.96634308184002
2583,2f35e0f7-76fb-450c-b254-780decf9ae6f,8,2583,True,16563,16161,243.58430353549556
2584,2f35e0f7-76fb-450c-b254-780decf9ae6f,8,2584,True,16593,16191,191.21885637687046
2585,2f35e0f7-76fb-450c-b254-780decf9ae6f,8,2585,True,16616,16214,261.1816737561421
2586,2f35e0f7-76fb-450c-b254-780decf9ae6f,8,2586,True,16645,16243,190.97347653332326
2587,2f35e0f7-76fb-450c-b254-780decf9ae6f,8,2587,True,16672,16270,227.95038229774582
2588,2f35e0f7-76fb-450c-b254-780decf9ae6f,8,2588,True,16701,16299,198.95038229774582
2589,2f35e0f7-76fb-450c-b254-780decf9ae6f,8,2589,True,16725,16323,174.95038229774582
2590,2f35e0f7-76fb-450c-b254-780decf9ae6f,8,2590,True,16744,16342,175.44124530323097
2591,2f35e0f7-76fb-450c-b254-780decf9ae6f,8,2591,True,16776,16374,186.82287845197425
2592,2f35e0f7-76fb-450c-b254-780decf9ae6f,8,2592,True,16804,16402,179.2350886019085
2593,2f35e0f7-76fb-450c-b254-780decf9ae6f,8,2593,True,16831,16429,209.15083625140323
2594,2f35e0f7-76fb-450c-b254-780decf9ae6f,8,2594,True,16854,16452,156.27717102762836
2595,2f35e0f7-76fb-450c-b254-780decf9ae6f,8,2595,True,16879,16477,184.56498433033266
2596,2f35e0f7-76fb-450c-b254-780decf9ae6f,8,2596,True,16907,16505,156.56498433033266
2597,2f35e0f7-76fb-450c-b254-780decf9ae6f,8,2597,True,16923,16521,170.3723737726359
2598,2f35e0f7-76fb-450c-b254-780decf9ae6f,8,2598,True,16957,16555,158.04664838250756
2599,2f35e0f7-76fb-450c-b254-780decf9ae6f,8,2599,True,16980,16578,183.6205905156785
2600,2f35e0f7-76fb-450c-b254-780decf9ae6f,8,2600,True,17006,16604,174.48067489780442
2601,2f35e0f7-76fb-450c-b254-780decf9ae6f,8,2601,True,17038,16636,173.74324248731136
2602,2f35e0f7-76fb-450c-b254-780decf9ae6f,8,2602,True,17055,16653,203.1666090523904
2603,2f35e0f7-76fb-450c-b254-780decf9ae6f,8,2603,True,17082,16680,196.0838279391901
2604,2f35e0f7-76fb-450c-b254-780decf9ae6f,8,2604,True,17121,16719,179.06258865818745
2605,2f35e0f7-76fb-450c-b254-780decf9ae6f,8,2605,True,17145,16743,177.17231078887926
2606,2f35e0f7-76fb-450c-b254-780decf9ae6f,8,2606,True,17180,16778,142.17231078887926
2607,2f35e0f7-76fb-450c-b254-780decf9ae6f,8,2607,True,17212,16810,133.12761463728384
2608,2f35e0f7-76fb-450c-b254-780decf9ae6f,8,2608,True,17241,16839,131.80578074765072
2609,2f35e0f7-76fb-450c-b254-780decf9ae6f,8,2609,True,17262,16860,156.404626910582
2610,2f35e0f7-76fb-450c-b254-780decf9ae6f,8,2610,True,17286,16884,152.10428864273126
2611,2f35e0f7-76fb-450c-b254-780decf9ae6f,8,2611,True,17317,16915,166.05901287832967
2612,2f35e0f7-76fb-450c-b254-780decf9ae6f,8,2612,True,17346,16944,161.41015415309084
2613,2f35e0f7-76fb-450c-b254-780decf9ae6f,8,2613,True,17363,16961,144.41015415309084
2614,2f35e0f7-76fb-450c-b254-780decf9ae6f,8,2614,True,17390,16988,138.13863019907876
2615,2f35e0f7-76fb-450c-b254-780decf9ae6f,8,2615,True,17426,17024,127.41530125659119
2616,2f35e0f7-76fb-450c-b254-780decf9ae6f,8,2616,True,17456,17054,199.04395516547447
2617,2f35e0f7-76fb-450c-b254-780decf9ae6f,8,2617,True,17471,17069,166.51740617549876
2618,2f35e0f7-76fb-450c-b254-780decf9ae6f,8,2618,True,17495,17093,199.8876282995916
2619,2f35e0f7-76fb-450c-b254-780decf9ae6f,8,2619,True,17534,17132,143.03364102359774
2620,2f35e0f7-76fb-450c-b254-780decf9ae6f,8,2620,True,17567,17165,169.58338333628126
2621,2f35e0f7-76fb-450c-b254-780decf9ae6f,8,2621,True,17595,17193,124.05668375464302
2622,2f35e0f7-76fb-450c-b254-780decf9ae6f,8,2622,True,17633,17231,181.39935071904256
2623,2f35e0f7-76fb-450c-b254-780decf9ae6f,8,2623,True,17663,17261,136.76405809983407
2624,2f35e0f7-76fb-450c-b254-780decf9ae6f,8,2624,True,17691,17289,149.32720742710444
2625,2f35e0f7-76fb-450c-b254-780decf9ae6f,8,2625,True,17719,17317,138.3158770752816
2626,2f35e0f7-76fb-450c-b254-780decf9ae6f,8,2626,True,17748,17346,145.65685231952375
2627,2f35e0f7-76fb-450c-b254-780decf9ae6f,8,2627,True,17778,17376,170.12456561287036
2628,2f35e0f7-76fb-450c-b254-780decf9ae6f,8,2628,True,17800,17398,171.9227877151061
2629,2f35e0f7-76fb-450c-b254-780decf9ae6f,8,2629,True,17840,17438,151.2097170334273
2630,2f35e0f7-76fb-450c-b254-780decf9ae6f,8,2630,True,17867,17465,170.0524708100129
2631,2f35e0f7-76fb-450c-b254-780decf9ae6f,8,2631,True,17896,17494,161.5817517507021
2632,2f35e0f7-76fb-450c-b254-780decf9ae6f,8,2632,True,17922,17520,159.60474792116656
2633,2f35e0f7-76fb-450c-b254-780decf9ae6f,8,2633,True,17964,17562,159.06173929856595
2634,2f35e0f7-76fb-450c-b254-780decf9ae6f,8,2634,True,17990,17588,115.20667771113222
2635,2f35e0f7-76fb-450c-b254-780decf9ae6f,8,2635,True,18013,17611,148.9851741238017
2636,2f35e0f7-76fb-450c-b254-780decf9ae6f,8,2636,True,18036,17634,147.36602413348373
2637,2f35e0f7-76fb-450c-b254-780decf9ae6f,8,2637,True,18063,17661,158.23165440538287
2638,2f35e0f7-76fb-450c-b254-780decf9ae6f,8,2638,True,18082,17680,156.65710860386753
2639,2f35e0f7-76fb-450c-b254-780decf9ae6f,8,2639,True,18116,17714,195.90011246969152
2640,2f35e0f7-76fb-450c-b254-780decf9ae6f,8,2640,True,18144,17742,139.12785405923933
2641,2f35e0f7-76fb-450c-b254-780decf9ae6f,8,2641,True,18178,17776,154.9233256675907
2642,2f35e0f7-76fb-450c-b254-780decf9ae6f,8,2642,True,18201,17799,189.58816200309957
2643,2f35e0f7-76fb-450c-b254-780decf9ae6f,8,2643,True,18234,17832,185.12207018626577
2644,2f35e0f7-76fb-450c-b254-780decf9ae6f,8,2644,True,18260,17858,181.52118510445507
2645,2f35e0f7-76fb-450c-b254-780decf9ae6f,8,2645,True,18289,17887,185.07659766733923
2646,2f35e0f7-76fb-450c-b254-780decf9ae6f,8,2646,True,18326,17924,171.575919815823
2647,2f35e0f7-76fb-450c-b254-780decf9ae6f,8,2647,True,18344,17942,183.68357472294883
2648,2f35e0f7-76fb-450c-b254-780decf9ae6f,8,2648,True,18374,17972,176.04770012301742
2649,2f35e0f7-76fb-450c-b254-780decf9ae6f,8,2649,True,18401,17999,170.45879450822758
2650,2f35e0f7-76fb-450c-b254-780decf9ae6f,8,2650,True,18423,18021,148.45879450822758
2651,2f35e0f7-76fb-450c-b254-780decf9ae6f,8,2651,True,18466,18064,194.62281444224573
2652,2f35e0f7-76fb-450c-b254-780decf9ae6f,8,2652,True,18494,18092,142.00780402245073
2653,2f35e0f7-76fb-450c-b254-780decf9ae6f,8,2653,True,18523,18121,180.41164124715215
2654,2f35e0f7-76fb-450c-b254-780decf9ae6f,8,2654,True,18544,18142,138.64709646628398
2655,2f35e0f7-76fb-450c-b254-780decf9ae6f,8,2655,True,18569,18167,153.554664575091
2656,2f35e0f7-76fb-450c-b254-780decf9ae6f,8,2656,True,18598,18196,146.13824638888764
2657,2f35e0f7-76fb-450c-b254-780decf9ae6f,8,2657,True,18630,18228,166.4488500726875
2658,2f35e0f7-76fb-450c-b254-780decf9ae6f,8,2658,True,18656,18254,162.33259355285918
2659,2f35e0f7-76fb-450c-b254-780decf9ae6f,8,2659,True,18679,18277,162.5356599488041
2660,2f35e0f7-76fb-450c-b254-780decf9ae6f,8,2660,True,18701,18299,140.5356599488041
2661,2f35e0f7-76fb-450c-b254-780decf9ae6f,8,2661,True,18722,18320,155.2923855507579
2662,2f35e0f7-76fb-450c-b254-780decf9ae6f,8,2662,True,18753,18351,142.8743851538311
2663,2f35e0f7-76fb-450c-b254-780decf9ae6f,8,2663,True,18779,18377,178.3665530010294
2664,2f35e0f7-76fb-450c-b254-780decf9ae6f,8,2664,True,18808,18406,129.91660273279922
2665,2f35e0f7-76fb-450c-b254-780decf9ae6f,8,2665,True,18827,18425,204.34058929352614
2666,2f35e0f7-76fb-450c-b254-780decf9ae6f,8,2666,True,18864,18462,191.56704122916562
2667,2f35e0f7-76fb-450c-b254-780decf9ae6f,8,2667,True,18890,18488,191.7829951745116
2668,2f35e0f7-76fb-450c-b254-780decf9ae6f,8,2668,True,18922,18520,185.03233840342727
2669,2f35e0f7-76fb-450c-b254-780decf9ae6f,8,2669,True,18952,18550,203.16715350080995
2670,2f35e0f7-76fb-450c-b254-780decf9ae6f,8,2670,True,18979,18577,153.52732097382614
2671,2f35e0f7-76fb-450c-b254-780decf9ae6f,8,2671,True,19001,18599,206.2546465808009
2672,2f35e0f7-76fb-450c-b254-780decf9ae6f,8,2672,True,19028,18626,155.12525377349448
2673,2f35e0f7-76fb-450c-b254-780decf9ae6f,8,2673,True,19054,18652,174.34212768918223
2674,2f35e0f7-76fb-450c-b254-780decf9ae6f,8,2674,True,19086,18684,163.28207317132183
2675,2f35e0f7-76fb-450c-b254-780decf9ae6f,8,2675,True,19106,18704,163.87727395310867
2676,2f35e0f7-76fb-450c-b254-780decf9ae6f,8,2676,True,19143,18741,154.46250462791068
2677,2f35e0f7-76fb-450c-b254-780decf9ae6f,8,2677,True,19171,18769,145.47165359958308
2678,2f35e0f7-76fb-450c-b254-780decf9ae6f,8,2678,True,19197,18795,143.01305420491553
2679,2f35e0f7-76fb-450c-b254-780decf9ae6f,8,2679,True,19225,18823,166.83193596277852
2680,2f35e0f7-76fb-450c-b254-780decf9ae6f,8,2680,True,19246,18844,168.7663250866317
2681,2f35e0f7-76fb-450c-b254-780decf9ae6f,8,2681,True,19284,18882,154.39446541719735
2682,2f35e0f7-76fb-450c-b254-780decf9ae6f,8,2682,True,19308,18906,153.1613882003985
2683,2f35e0f7-76fb-450c-b254-780decf9ae6f,8,2683,True,19328,18926,153.86628325232596
2684,2f35e0f7-76fb-450c-b254-780decf9ae6f,8,2684,True,19351,18949,152.62911033687124
2685,2f35e0f7-76fb-450c-b254-780decf9ae6f,8,2685,True,19379,18977,148.52085745398654
2686,2f35e0f7-76fb-450c-b254-780decf9ae6f,8,2686,True,19399,18997,150.9849717405159
2687,2f35e0f7-76fb-450c-b254-780decf9ae6f,8,2687,True,19426,19024,167.46054851094596
2688,2f35e0f7-76fb-450c-b254-780decf9ae6f,8,2688,True,19459,19057,155.46635815619084
2689,2f35e0f7-76fb-450c-b254-780decf9ae6f,8,2689,True,19492,19090,158.35376271327914
2690,2f35e0f7-76fb-450c-b254-780decf9ae6f,8,2690,True,19521,19119,148.40920164113413
2691,2f35e0f7-76fb-450c-b254-780decf9ae6f,8,2691,True,19547,19145,164.47642827986056
2692,2f35e0f7-76fb-450c-b254-780decf9ae6f,8,2692,True,19577,19175,153.2252039767336
2693,2f35e0f7-76fb-450c-b254-780decf9ae6f,8,2693,True,19607,19205,153.77776035366333
2694,2f35e0f7-76fb-450c-b254-780decf9ae6f,8,2694,True,19643,19241,140.3872871735257
2695,2f35e0f7-76fb-450c-b254-780decf9ae6f,8,2695,True,19662,19260,158.6477369564236
2696,2f35e0f7-76fb-450c-b254-780decf9ae6f,8,2696,True,19694,19292,145.07301186674158
2697,2f35e0f7-76fb-450c-b254-780decf9ae6f,8,2697,True,19722,19320,143.56090711517754
2698,2f35e0f7-76fb-450c-b254-780decf9ae6f,8,2698,True,19746,19344,138.6642766477089
2699,2f35e0f7-76fb-450c-b254-780decf9ae6f,8,2699,True,19771,19369,139.31684539178968
2700,2f35e0f7-76fb-450c-b254-780decf9ae6f,8,2700,True,19794,19392,139.17251341388692
2701,2f35e0f7-76fb-450c-b254-780decf9ae6f,8,2701,True,19818,19416,144.79212510084835
2702,2f35e0f7-76fb-450c-b254-780decf9ae6f,8,2702,True,19839,19437,164.88141439075116
2703,2f35e0f7-76fb-450c-b254-780decf9ae6f,8,2703,True,19868,19466,160.54215949117497
2704,2f35e0f7-76fb-450c-b254-780decf9ae6f,8,2704,True,19893,19491,258.0599402996959
2705,2f35e0f7-76fb-450c-b254-780decf9ae6f,8,2705,True,19918,19516,213.21714578789033
2706,2f35e0f7-76fb-450c-b254-780decf9ae6f,8,2706,True,19939,19537,212.05994029969588
2707,2f35e0f7-76fb-450c-b254-780decf9ae6f,8,2707,True,19964,19562,187.05994029969588
2708,2f35e0f7-76fb-450c-b254-780decf9ae6f,8,2708,True,19987,19585,209.09656424104833
2709,2f35e0f7-76fb-450c-b254-780decf9ae6f,8,2709,True,20008,19606,228.69793401563948
2710,2f35e0f7-76fb-450c-b254-780decf9ae6f,8,2710,True,20038,19636,178.08053140490665
2711,2f35e0f7-76fb-450c-b254-780decf9ae6f,8,2711,True,20067,19665,208.67406441635103
2712,2f35e0f7-76fb-450c-b254-780decf9ae6f,8,2712,True,20097,19695,222.58391947124255
2713,2f35e0f7-76fb-450c-b254-780decf9ae6f,8,2713,True,20131,19729,171.77130644238423
2714,2f35e0f7-76fb-450c-b254-780decf9ae6f,8,2714,True,20162,19760,185.40300445629327
2715,2f35e0f7-76fb-450c-b254-780decf9ae6f,8,2715,True,20188,19786,241.54039942303643
2716,2f35e0f7-76fb-450c-b254-780decf9ae6f,8,2716,True,20216,19814,192.02932910082018
2717,2f35e0f7-76fb-450c-b254-780decf9ae6f,8,2717,True,20249,19847,202.6072802651688
2718,2f35e0f7-76fb-450c-b254-780decf9ae6f,8,2718,True,20280,19878,196.3061207098508
2719,2f35e0f7-76fb-450c-b254-780decf9ae6f,8,2719,True,20309,19907,167.3061207098508
2720,2f35e0f7-76fb-450c-b254-780decf9ae6f,8,2720,True,20339,19937,137.3061207098508
2721,2f35e0f7-76fb-450c-b254-780decf9ae6f,8,2721,True,20372,19970,204.53533182881438
2722,2f35e0f7-76fb-450c-b254-780decf9ae6f,8,2722,True,20401,19999,197.1843818126472
2723,2f35e0f7-76fb-450c-b254-780decf9ae6f,8,2723,True,20427,20025,237.94385915779276
2724,2f35e0f7-76fb-450c-b254-780decf9ae6f,8,2724,True,20454,20052,251.27007483572015
2725,2f35e0f7-76fb-450c-b254-780decf9ae6f,8,2725,True,20491,20089,214.27007483572015
2726,2f35e0f7-76fb-450c-b254-780decf9ae6f,8,2726,True,20521,20119,207.29302877460213
2727,2f35e0f7-76fb-450c-b254-780decf9ae6f,8,2727,True,20541,20139,212.60202911486704
2728,2f35e0f7-76fb-450c-b254-780decf9ae6f,8,2728,True,20572,20170,200.74101799226992
2729,2f35e0f7-76fb-450c-b254-780decf9ae6f,8,2729,True,20606,20204,188.59298876749745
2730,2f35e0f7-76fb-450c-b254-780decf9ae6f,8,2730,True,20625,20223,190.40568435588284
2731,2f35e0f7-76fb-450c-b254-780decf9ae6f,8,2731,True,20648,20246,189.08383875412255
2732,2f35e0f7-76fb-450c-b254-780decf9ae6f,8,2732,True,20680,20278,195.62316856051984
2733,2f35e0f7-76fb-450c-b254-780decf9ae6f,8,2733,True,20714,20312,188.3905690101128
2734,2f35e0f7-76fb-450c-b254-780decf9ae6f,8,2734,True,20743,20341,185.66771078522652
2735,2f35e0f7-76fb-450c-b254-780decf9ae6f,8,2735,True,20768,20366,179.34512406959766
2736,2f35e0f7-76fb-450c-b254-780decf9ae6f,8,2736,True,20795,20393,187.11829714298437
2737,2f35e0f7-76fb-450c-b254-780decf9ae6f,8,2737,True,20833,20431,173.1180743502846
2738,2f35e0f7-76fb-450c-b254-780decf9ae6f,8,2738,True,20855,20453,171.49562725165742
2739,2f35e0f7-76fb-450c-b254-780decf9ae6f,8,2739,True,20894,20492,157.61215060196628
2740,2f35e0f7-76fb-450c-b254-780decf9ae6f,8,2740,True,20916,20514,170.00924432578904
2741,2f35e0f7-76fb-450c-b254-780decf9ae6f,8,2741,True,20945,20543,160.10482848312313
2742,2f35e0f7-76fb-450c-b254-780decf9ae6f,8,2742,True,20976,20574,150.96294627692987
2743,2f35e0f7-76fb-450c-b254-780decf9ae6f,8,2743,True,21000,20598,126.96294627692987
2744,2f35e0f7-76fb-450c-b254-780decf9ae6f,8,2744,True,21025,20623,177.84760211854882
2745,2f35e0f7-76fb-450c-b254-780decf9ae6f,8,2745,True,21059,20657,125.00127244125542
2746,2f35e0f7-76fb-450c-b254-780decf9ae6f,8,2746,True,21083,20681,168.7011300099657
2747,2f35e0f7-76fb-450c-b254-780decf9ae6f,8,2747,True,21105,20703,127.889113737765
2748,2f35e0f7-76fb-450c-b254-780decf9ae6f,8,2748,True,21140,20738,189.4795214958067
2749,2f35e0f7-76fb-450c-b254-780decf9ae6f,8,2749,True,21170,20768,177.3554175856916
2750,2f35e0f7-76fb-450c-b254-780decf9ae6f,8,2750,True,21197,20795,173.37286000370295
2751,2f35e0f7-76fb-450c-b254-780decf9ae6f,8,2751,True,21229,20827,165.99759097439164
2752,2f35e0f7-76fb-450c-b254-780decf9ae6f,8,2752,True,21254,20852,140.99759097439164
2753,2f35e0f7-76fb-450c-b254-780decf9ae6f,8,2753,True,21282,20880,148.71111871989342
2754,2f35e0f7-76fb-450c-b254-780decf9ae6f,8,2754,True,21313,20911,171.50882289011497
2755,2f35e0f7-76fb-450c-b254-780decf9ae6f,8,2755,True,21351,20949,155.74522677996356
2756,2f35e0f7-76fb-450c-b254-780decf9ae6f,8,2756,True,21385,20983,153.6951597795378
2757,2f35e0f7-76fb-450c-b254-780decf9ae6f,8,2757,True,21418,21016,144.01849474912524
2758,2f35e0f7-76fb-450c-b254-780decf9ae6f,8,2758,True,21444,21042,137.80265171948486
2759,2f35e0f7-76fb-450c-b254-780decf9ae6f,8,2759,True,21471,21069,156.25223383290722
2760,2f35e0f7-76fb-450c-b254-780decf9ae6f,8,2760,True,21512,21110,139.9057694016701
2761,2f35e0f7-76fb-450c-b254-780decf9ae6f,8,2761,True,21532,21130,140.979027813024
2762,2f35e0f7-76fb-450c-b254-780decf9ae6f,8,2762,True,21549,21147,150.99572657795215
2763,2f35e0f7-76fb-450c-b254-780decf9ae6f,8,2763,True,21572,21170,158.13065559265306
2764,2f35e0f7-76fb-450c-b254-780decf9ae6f,8,2764,True,21599,21197,150.0567522691381
2765,2f35e0f7-76fb-450c-b254-780decf9ae6f,8,2765,True,21631,21229,141.66166375778266
2766,2f35e0f7-76fb-450c-b254-780decf9ae6f,8,2766,True,21656,21254,192.13385272216328
2767,2f35e0f7-76fb-450c-b254-780decf9ae6f,8,2767,True,21688,21286,182.11920116058536
2768,2f35e0f7-76fb-450c-b254-780decf9ae6f,8,2768,True,21715,21313,175.57643481592095
2769,2f35e0f7-76fb-450c-b254-780decf9ae6f,8,2769,True,21749,21347,158.4392538069369
2770,2f35e0f7-76fb-450c-b254-780decf9ae6f,8,2770,True,21776,21374,167.85329536977952
2771,2f35e0f7-76fb-450c-b254-780decf9ae6f,8,2771,True,21799,21397,126.0205729002555
2772,2f35e0f7-76fb-450c-b254-780decf9ae6f,8,2772,True,21821,21419,168.15880268817637
2773,2f35e0f7-76fb-450c-b254-780decf9ae6f,8,2773,True,21852,21450,118.3876851659079
2774,2f35e0f7-76fb-450c-b254-780decf9ae6f,8,2774,True,21890,21488,122.94848922065648
2775,2f35e0f7-76fb-450c-b254-780decf9ae6f,8,2775,True,21918,21516,170.04641212250135
2776,2f35e0f7-76fb-450c-b254-780decf9ae6f,8,2776,True,21954,21552,174.2448869840664
2777,2f35e0f7-76fb-450c-b254-780decf9ae6f,8,2777,True,21980,21578,126.1383423067964
2778,2f35e0f7-76fb-450c-b254-780decf9ae6f,8,2778,True,22016,21614,170.1476224478247
2779,2f35e0f7-76fb-450c-b254-780decf9ae6f,8,2779,True,22036,21634,171.18288500219205
2780,2f35e0f7-76fb-450c-b254-780decf9ae6f,8,2780,True,22072,21670,172.3736627750004
2781,2f35e0f7-76fb-450c-b254-780decf9ae6f,8,2781,True,22098,21696,166.00642390561916
2782,2f35e0f7-76fb-450c-b254-780decf9ae6f,8,2782,True,22127,21725,196.4655649695742
2783,2f35e0f7-76fb-450c-b254-780decf9ae6f,8,2783,True,22163,21761,183.13944395693397
2784,2f35e0f7-76fb-450c-b254-780decf9ae6f,8,2784,True,22193,21791,199.82165408337823
2785,2f35e0f7-76fb-450c-b254-780decf9ae6f,8,2785,True,22229,21827,182.64617173215447
2786,2f35e0f7-76fb-450c-b254-780decf9ae6f,8,2786,True,22270,21868,168.05352546392896
2787,2f35e0f7-76fb-450c-b254-780decf9ae6f,8,2787,True,22298,21896,209.04588672435057
2788,2f35e0f7-76fb-450c-b254-780decf9ae6f,8,2788,True,22324,21922,162.349707905556
2789,2f35e0f7-76fb-450c-b254-780decf9ae6f,8,2789,True,22352,21950,176.91958403236276
2790,2f35e0f7-76fb-450c-b254-780decf9ae6f,8,2790,True,22382,21980,169.3132137469438
2791,2f35e0f7-76fb-450c-b254-780decf9ae6f,8,2791,True,22416,22014,158.31944792382274
2792,2f35e0f7-76fb-450c-b254-780decf9ae6f,8,2792,True,22438,22036,194.4759719623762
2793,2f35e0f7-76fb-450c-b254-780decf9ae6f,8,2793,True,22470,22068,137.08564788316653
2794,2f35e0f7-76fb-450c-b254-780decf9ae6f,8,2794,True,22502,22100,210.80281839795134
2795,2f35e0f7-76fb-450c-b254-780decf9ae6f,8,2795,True,22527,22125,342.70292863762006
2796,2f35e0f7-76fb-450c-b254-780decf9ae6f,8,2796,True,22550,22148,257.91838976478175
2797,2f35e0f7-76fb-450c-b254-780decf9ae6f,8,2797,True,22571,22169,236.91838976478175
2798,2f35e0f7-76fb-450c-b254-780decf9ae6f,8,2798,True,22598,22196,185.26183232188123
2799,2f35e0f7-76fb-450c-b254-780decf9ae6f,8,2799,True,22635,22233,300.89465299843505
2800,2f35e0f7-76fb-450c-b254-780decf9ae6f,8,2800,True,22663,22261,244.45822959973884
2801,2f35e0f7-76fb-450c-b254-780decf9ae6f,8,2801,True,22696,22294,259.93301153656284
2802,2f35e0f7-76fb-450c-b254-780decf9ae6f,8,2802,True,22721,22319,318.5551152365915
2803,2f35e0f7-76fb-450c-b254-780decf9ae6f,8,2803,True,22744,22342,239.5410158058221
2804,2f35e0f7-76fb-450c-b254-780decf9ae6f,8,2804,True,22768,22366,271.5551152365915
2805,2f35e0f7-76fb-450c-b254-780decf9ae6f,8,2805,True,22791,22389,248.55511523659152
2806,2f35e0f7-76fb-450c-b254-780decf9ae6f,8,2806,True,22825,22423,259.03373377734897
2807,2f35e0f7-76fb-450c-b254-780decf9ae6f,8,2807,True,22848,22446,258.36418042970035
2808,2f35e0f7-76fb-450c-b254-780decf9ae6f,8,2808,True,22872,22470,234.36418042970035
2809,2f35e0f7-76fb-450c-b254-780decf9ae6f,8,2809,True,22898,22496,234.44914960072492
2810,2f35e0f7-76fb-450c-b254-780decf9ae6f,8,2810,True,22928,22526,309.06779284730146
2811,2f35e0f7-76fb-450c-b254-780decf9ae6f,8,2811,True,22966,22564,247.46770069062768
2812,2f35e0f7-76fb-450c-b254-780decf9ae6f,8,2812,True,22989,22587,209.94995290427687
2813,2f35e0f7-76fb-450c-b254-780decf9ae6f,8,2813,True,23019,22617,218.06779284730146
2814,2f35e0f7-76fb-450c-b254-780decf9ae6f,8,2814,True,23045,22643,209.40855235840354
2815,2f35e0f7-76fb-450c-b254-780decf9ae6f,8,2815,True,23076,22674,236.93165472465262
2816,2f35e0f7-76fb-450c-b254-780decf9ae6f,8,2816,True,23101,22699,187.55120180294762
2817,2f35e0f7-76fb-450c-b254-780decf9ae6f,8,2817,True,23128,22726,204.6191742851588
2818,2f35e0f7-76fb-450c-b254-780decf9ae6f,8,2818,True,23167,22765,211.89992865325985
2819,2f35e0f7-76fb-450c-b254-780decf9ae6f,8,2819,True,23192,22790,160.89883898762128
2820,2f35e0f7-76fb-450c-b254-780decf9ae6f,8,2820,True,23220,22818,180.48028990029707
2821,2f35e0f7-76fb-450c-b254-780decf9ae6f,8,2821,True,23250,22848,169.58466377988952
2822,2f35e0f7-76fb-450c-b254-780decf9ae6f,8,2822,True,23279,22877,162.20779941018918
2823,2f35e0f7-76fb-450c-b254-780decf9ae6f,8,2823,True,23300,22898,182.87733442600802
2824,2f35e0f7-76fb-450c-b254-780decf9ae6f,8,2824,True,23335,22933,170.00240122782998
2825,2f35e0f7-76fb-450c-b254-780decf9ae6f,8,2825,True,23367,22965,203.16162815536518
2826,2f35e0f7-76fb-450c-b254-780decf9ae6f,8,2826,True,23394,22992,197.35242645399558
2827,2f35e0f7-76fb-450c-b254-780decf9ae6f,8,2827,True,23427,23025,201.86426082378966
2828,2f35e0f7-76fb-450c-b254-780decf9ae6f,8,2828,True,23455,23053,155.7655992333457
2829,2f35e0f7-76fb-450c-b254-780decf9ae6f,8,2829,True,23483,23081,213.7601248998035
2830,2f35e0f7-76fb-450c-b254-780decf9ae6f,8,2830,True,23523,23121,147.79726492875852
2831,2f35e0f7-76fb-450c-b254-780decf9ae6f,8,2831,True,23547,23145,200.34314889528468
2832,2f35e0f7-76fb-450c-b254-780decf9ae6f,8,2832,True,23581,23179,187.47771493297114
2833,2f35e0f7-76fb-450c-b254-780decf9ae6f,8,2833,True,23611,23209,216.15264290259438
2834,2f35e0f7-76fb-450c-b254-780decf9ae6f,8,2834,True,23634,23232,210.31090941978255
2835,2f35e0f7-76fb-450c-b254-780decf9ae6f,8,2835,True,23651,23249,231.17112240691495
2836,2f35e0f7-76fb-450c-b254-780decf9ae6f,8,2836,True,23679,23277,228.9323280851022
2837,2f35e0f7-76fb-450c-b254-780decf9ae6f,8,2837,True,23711,23309,277.74690863457363
2838,2f35e0f7-76fb-450c-b254-780decf9ae6f,8,2838,True,23733,23331,232.66118913516766
2839,2f35e0f7-76fb-450c-b254-780decf9ae6f,8,2839,True,23767,23365,257.6011102919547
2840,2f35e0f7-76fb-450c-b254-780decf9ae6f,8,2840,True,23794,23392,251.84762305746335
2841,2f35e0f7-76fb-450c-b254-780decf9ae6f,8,2841,True,23816,23414,249.60723078670344
2842,2f35e0f7-76fb-450c-b254-780decf9ae6f,8,2842,True,23855,23453,234.980303199216
2843,2f35e0f7-76fb-450c-b254-780decf9ae6f,8,2843,True,23878,23476,235.03734896245805
2844,2f35e0f7-76fb-450c-b254-780decf9ae6f,8,2844,True,23915,23513,254.4831062660378
2845,2f35e0f7-76fb-450c-b254-780decf9ae6f,8,2845,True,23945,23543,261.25882351818655
2846,2f35e0f7-76fb-450c-b254-780decf9ae6f,8,2846,True,23970,23568,165.5166302544494
2847,2f35e0f7-76fb-450c-b254-780decf9ae6f,8,2847,True,23984,23582,222.25882351818655
2848,2f35e0f7-76fb-450c-b254-780decf9ae6f,8,2848,True,24009,23607,275.9919128540205
2849,2f35e0f7-76fb-450c-b254-780decf9ae6f,8,2849,True,24037,23635,223.25374225544147
2850,2f35e0f7-76fb-450c-b254-780decf9ae6f,8,2850,True,24060,23658,245.47839089465197
2851,2f35e0f7-76fb-450c-b254-780decf9ae6f,8,2851,True,24084,23682,200.99191285402048
2852,2f35e0f7-76fb-450c-b254-780decf9ae6f,8,2852,True,24108,23706,218.08504259638357
2853,2f35e0f7-76fb-450c-b254-780decf9ae6f,8,2853,True,24136,23734,211.2535682679263
2854,2f35e0f7-76fb-450c-b254-780decf9ae6f,8,2854,True,24159,23757,211.57690260370873
2855,2f35e0f7-76fb-450c-b254-780decf9ae6f,8,2855,True,24184,23782,229.5914639534676
2856,2f35e0f7-76fb-450c-b254-780decf9ae6f,8,2856,True,24212,23810,247.1784469233644
2857,2f35e0f7-76fb-450c-b254-780decf9ae6f,8,2857,True,24241,23839,172.5914639534676
2858,2f35e0f7-76fb-450c-b254-780decf9ae6f,8,2858,True,24267,23865,170.6113995371743
2859,2f35e0f7-76fb-450c-b254-780decf9ae6f,8,2859,True,24297,23895,184.55625601745487
2860,2f35e0f7-76fb-450c-b254-780decf9ae6f,8,2860,True,24326,23924,178.73532777910077
2861,2f35e0f7-76fb-450c-b254-780decf9ae6f,8,2861,True,24353,23951,169.14728741334693
2862,2f35e0f7-76fb-450c-b254-780decf9ae6f,8,2862,True,24377,23975,206.89596853409603
2863,2f35e0f7-76fb-450c-b254-780decf9ae6f,8,2863,True,24405,24003,201.10972188106825
2864,2f35e0f7-76fb-450c-b254-780decf9ae6f,8,2864,True,24438,24036,197.13116331657147
2865,2f35e0f7-76fb-450c-b254-780decf9ae6f,8,2865,True,24468,24066,189.1204019539109
2866,2f35e0f7-76fb-450c-b254-780decf9ae6f,8,2866,True,24506,24104,180.38018015604393
2867,2f35e0f7-76fb-450c-b254-780decf9ae6f,8,2867,True,24537,24135,179.31436222340562
2868,2f35e0f7-76fb-450c-b254-780decf9ae6f,8,2868,True,24560,24158,180.3455287159668
2869,2f35e0f7-76fb-450c-b254-780decf9ae6f,8,2869,True,24595,24193,196.07017656867902
2870,2f35e0f7-76fb-450c-b254-780decf9ae6f,8,2870,True,24632,24230,185.202572111295
2871,2f35e0f7-76fb-450c-b254-780decf9ae6f,8,2871,True,24660,24258,157.202572111295
2872,2f35e0f7-76fb-450c-b254-780decf9ae6f,8,2872,True,24693,24291,222.94122096602223
2873,2f35e0f7-76fb-450c-b254-780decf9ae6f,8,2873,True,24732,24330,159.91015296860496
2874,2f35e0f7-76fb-450c-b254-780decf9ae6f,8,2874,True,24763,24361,152.94122096602223
2875,2f35e0f7-76fb-450c-b254-780decf9ae6f,8,2875,True,24784,24382,157.43322034863377
2876,2f35e0f7-76fb-450c-b254-780decf9ae6f,8,2876,True,24805,24403,152.05679621578383
2877,2f35e0f7-76fb-450c-b254-780decf9ae6f,8,2877,True,24831,24429,146.3971404279
2878,2f35e0f7-76fb-450c-b254-780decf9ae6f,8,2878,True,24861,24459,185.012854356959
2879,2f35e0f7-76fb-450c-b254-780decf9ae6f,8,2879,True,24889,24487,137.62660789466463
2880,2f35e0f7-76fb-450c-b254-780decf9ae6f,8,2880,True,24918,24516,177.68474688272545
2881,2f35e0f7-76fb-450c-b254-780decf9ae6f,8,2881,True,24947,24545,128.28307871596553
2882,2f35e0f7-76fb-450c-b254-780decf9ae6f,8,2882,True,24972,24570,159.46225981505995
2883,2f35e0f7-76fb-450c-b254-780decf9ae6f,8,2883,True,24999,24597,206.6790713569644
2884,2f35e0f7-76fb-450c-b254-780decf9ae6f,8,2884,True,25029,24627,156.83740863282583
2885,2f35e0f7-76fb-450c-b254-780decf9ae6f,8,2885,True,25059,24657,165.8549783351118
2886,2f35e0f7-76fb-450c-b254-780decf9ae6f,8,2886,True,25084,24682,164.34654931373007
2887,2f35e0f7-76fb-450c-b254-780decf9ae6f,8,2887,True,25115,24713,156.54483779317525
2888,2f35e0f7-76fb-450c-b254-780decf9ae6f,8,2888,True,25140,24738,149.26499710519784
2889,2f35e0f7-76fb-450c-b254-780decf9ae6f,8,2889,True,25174,24772,138.03652424423854
2890,2f35e0f7-76fb-450c-b254-780decf9ae6f,8,2890,True,25215,24813,128.8627798106827
2891,2f35e0f7-76fb-450c-b254-780decf9ae6f,8,2891,True,25239,24837,127.41375920606515
2892,2f35e0f7-76fb-450c-b254-780decf9ae6f,8,2892,True,25274,24872,173.93883567882222
2893,2f35e0f7-76fb-450c-b254-780decf9ae6f,8,2893,True,25300,24898,120.9750713037538
2894,2f35e0f7-76fb-450c-b254-780decf9ae6f,8,2894,True,25328,24926,145.67553240605412
2895,2f35e0f7-76fb-450c-b254-780decf9ae6f,8,2895,True,25361,24959,134.34924688686442
2896,2f35e0f7-76fb-450c-b254-780decf9ae6f,8,2896,True,25392,24990,121.02781887245146
2897,2f35e0f7-76fb-450c-b254-780decf9ae6f,8,2897,True,25428,25026,119.75391260745164
2898,2f35e0f7-76fb-450c-b254-780decf9ae6f,8,2898,True,25456,25054,110.66545068982668
2899,2f35e0f7-76fb-450c-b254-780decf9ae6f,8,2899,True,25482,25080,142.6708061977406
2900,2f35e0f7-76fb-450c-b254-780decf9ae6f,8,2900,True,25500,25098,164.6058512201198
2901,2f35e0f7-76fb-450c-b254-780decf9ae6f,8,2901,True,25525,25123,159.54069462127154
2902,2f35e0f7-76fb-450c-b254-780decf9ae6f,8,2902,True,25549,25147,184.33419948108713
2903,2f35e0f7-76fb-450c-b254-780decf9ae6f,8,2903,True,25579,25177,175.24304709158605
2904,2f35e0f7-76fb-450c-b254-780decf9ae6f,8,2904,True,25606,25204,206.7466157287854
2905,2f35e0f7-76fb-450c-b254-780decf9ae6f,8,2905,True,25641,25239,150.0222602095273
2906,2f35e0f7-76fb-450c-b254-780decf9ae6f,8,2906,True,25671,25269,161.01038350511226
2907,2f35e0f7-76fb-450c-b254-780decf9ae6f,8,2907,True,25710,25308,140.74766846310013
2908,2f35e0f7-76fb-450c-b254-780decf9ae6f,8,2908,True,25742,25340,134.13220337103849
2909,2f35e0f7-76fb-450c-b254-780decf9ae6f,8,2909,True,25780,25378,162.8359115150306
2910,2f35e0f7-76fb-450c-b254-780decf9ae6f,8,2910,True,25812,25410,112.33164193472112
2911,2f35e0f7-76fb-450c-b254-780decf9ae6f,8,2911,True,25839,25437,141.10354017439022
2912,2f35e0f7-76fb-450c-b254-780decf9ae6f,8,2912,True,25871,25469,142.86925837157105
2913,2f35e0f7-76fb-450c-b254-780decf9ae6f,8,2913,True,25895,25493,142.36735528117424
2914,2f35e0f7-76fb-450c-b254-780decf9ae6f,8,2914,True,25923,25521,158.352395800448
2915,2f35e0f7-76fb-450c-b254-780decf9ae6f,8,2915,True,25948,25546,153.65969084762037
2916,2f35e0f7-76fb-450c-b254-780decf9ae6f,8,2916,True,25979,25577,165.9504033871708
2917,2f35e0f7-76fb-450c-b254-780decf9ae6f,8,2917,True,26009,25607,159.2705573842286
2918,2f35e0f7-76fb-450c-b254-780decf9ae6f,8,2918,True,26040,25638,167.31339384097737
2919,2f35e0f7-76fb-450c-b254-780decf9ae6f,8,2919,True,26074,25672,159.5723959858551
2920,2f35e0f7-76fb-450c-b254-780decf9ae6f,8,2920,True,26098,25696,135.5723959858551
2921,2f35e0f7-76fb-450c-b254-780decf9ae6f,8,2921,True,26125,25723,178.07315283679782
2922,2f35e0f7-76fb-450c-b254-780decf9ae6f,8,2922,True,26151,25749,130.3217437342537
2923,2f35e0f7-76fb-450c-b254-780decf9ae6f,8,2923,True,26170,25768,165.42582412784031
2924,2f35e0f7-76fb-450c-b254-780decf9ae6f,8,2924,True,26193,25791,164.31993709114977
2925,2f35e0f7-76fb-450c-b254-780decf9ae6f,8,2925,True,26216,25814,162.86627747248713
2926,2f35e0f7-76fb-450c-b254-780decf9ae6f,8,2926,True,26248,25846,168.7216687294749
2927,2f35e0f7-76fb-450c-b254-780decf9ae6f,8,2927,True,26277,25875,156.82221816119272
2928,2f35e0f7-76fb-450c-b254-780decf9ae6f,8,2928,True,26305,25903,148.91936707103378
2929,2f35e0f7-76fb-450c-b254-780decf9ae6f,8,2929,True,26334,25932,175.86469544031934
2930,2f35e0f7-76fb-450c-b254-780decf9ae6f,8,2930,True,26362,25960,167.5511544890178
2931,2f35e0f7-76fb-450c-b254-780decf9ae6f,8,2931,True,26395,25993,189.11368415398465
2932,2f35e0f7-76fb-450c-b254-780decf9ae6f,8,2932,True,26416,26014,143.7657357971184
2933,2f35e0f7-76fb-450c-b254-780decf9ae6f,8,2933,True,26442,26040,186.5736775851983
2934,2f35e0f7-76fb-450c-b254-780decf9ae6f,8,2934,True,26470,26068,189.71553507563658
2935,2f35e0f7-76fb-450c-b254-780decf9ae6f,8,2935,True,26508,26106,167.8857603891338
2936,2f35e0f7-76fb-450c-b254-780decf9ae6f,8,2936,True,26532,26130,183.20707463559302
2937,2f35e0f7-76fb-450c-b254-780decf9ae6f,8,2937,True,26558,26156,177.84071785999913
2938,2f35e0f7-76fb-450c-b254-780decf9ae6f,8,2938,True,26585,26183,150.84071785999913
2939,2f35e0f7-76fb-450c-b254-780decf9ae6f,8,2939,True,26609,26207,197.36761207104792
2940,2f35e0f7-76fb-450c-b254-780decf9ae6f,8,2940,True,26630,26228,198.6330925187176
2941,2f35e0f7-76fb-450c-b254-780decf9ae6f,8,2941,True,26659,26257,186.0210676185161
2942,2f35e0f7-76fb-450c-b254-780decf9ae6f,8,2942,True,26698,26296,211.4881299350527
2943,2f35e0f7-76fb-450c-b254-780decf9ae6f,8,2943,True,26719,26317,213.64926609468603
2944,2f35e0f7-76fb-450c-b254-780decf9ae6f,8,2944,True,26753,26351,243.00610876707287
2945,2f35e0f7-76fb-450c-b254-780decf9ae6f,8,2945,True,26792,26390,297.4071300680407
2946,2f35e0f7-76fb-450c-b254-780decf9ae6f,8,2946,True,26817,26415,227.469753638994
2947,2f35e0f7-76fb-450c-b254-780decf9ae6f,8,2947,True,26846,26444,169.51146653628894
2948,2f35e0f7-76fb-450c-b254-780decf9ae6f,8,2948,True,26876,26474,213.40713006804071
2949,2f35e0f7-76fb-450c-b254-780decf9ae6f,8,2949,True,26896,26494,168.2298410776566
2950,2f35e0f7-76fb-450c-b254-780decf9ae6f,8,2950,True,26920,26518,223.07065256784335
2951,2f35e0f7-76fb-450c-b254-780decf9ae6f,8,2951,True,26950,26548,168.24813027999335
2952,2f35e0f7-76fb-450c-b254-780decf9ae6f,8,2952,True,26972,26570,206.97450208065857
2953,2f35e0f7-76fb-450c-b254-780decf9ae6f,8,2953,True,26996,26594,206.97039728566233
2954,2f35e0f7-76fb-450c-b254-780decf9ae6f,8,2954,True,27021,26619,181.97039728566233
2955,2f35e0f7-76fb-450c-b254-780decf9ae6f,8,2955,True,27037,26635,186.3275913339603
2956,2f35e0f7-76fb-450c-b254-780decf9ae6f,8,2956,True,27068,26666,211.50639005077392
2957,2f35e0f7-76fb-450c-b254-780decf9ae6f,8,2957,True,27092,26690,211.3614081478554
2958,2f35e0f7-76fb-450c-b254-780decf9ae6f,8,2958,True,27122,26720,181.3614081478554
2959,2f35e0f7-76fb-450c-b254-780decf9ae6f,8,2959,True,27155,26753,174.7597041152112
2960,2f35e0f7-76fb-450c-b254-780decf9ae6f,8,2960,True,27177,26775,174.6262019747628
2961,2f35e0f7-76fb-450c-b254-780decf9ae6f,8,2961,True,27204,26802,173.02800507436768
2962,2f35e0f7-76fb-450c-b254-780decf9ae6f,8,2962,True,27234,26832,163.20403682532196
2963,2f35e0f7-76fb-450c-b254-780decf9ae6f,8,2963,True,27261,26859,164.7900821674557
2964,2f35e0f7-76fb-450c-b254-780decf9ae6f,8,2964,True,27285,26883,162.27768647456833
2965,2f35e0f7-76fb-450c-b254-780decf9ae6f,8,2965,True,27317,26915,175.95316265116708
2966,2f35e0f7-76fb-450c-b254-780decf9ae6f,8,2966,True,27346,26944,167.2014881005016
2967,2f35e0f7-76fb-450c-b254-780decf9ae6f,8,2967,True,27367,26965,170.61800346180826
2968,2f35e0f7-76fb-450c-b254-780decf9ae6f,8,2968,True,27390,26988,169.00424552514596
2969,2f35e0f7-76fb-450c-b254-780decf9ae6f,8,2969,True,27418,27016,179.67618486239007
2970,2f35e0f7-76fb-450c-b254-780decf9ae6f,8,2970,True,27457,27055,161.92975849029972
2971,2f35e0f7-76fb-450c-b254-780decf9ae6f,8,2971,True,27488,27086,216.3016596709349
2972,2f35e0f7-76fb-450c-b254-780decf9ae6f,8,2972,True,27508,27106,196.3016596709349
2973,2f35e0f7-76fb-450c-b254-780decf9ae6f,8,2973,True,27530,27128,155.304865277074
2974,2f35e0f7-76fb-450c-b254-780decf9ae6f,8,2974,True,27556,27154,235.80568051755108
2975,2f35e0f7-76fb-450c-b254-780decf9ae6f,8,2975,True,27577,27175,236.6313246506179
2976,2f35e0f7-76fb-450c-b254-780decf9ae6f,8,2976,True,27601,27199,240.00453208849285
2977,2f35e0f7-76fb-450c-b254-780decf9ae6f,8,2977,True,27635,27233,229.7007906777617
2978,2f35e0f7-76fb-450c-b254-780decf9ae6f,8,2978,True,27668,27266,196.7007906777617
2979,2f35e0f7-76fb-450c-b254-780decf9ae6f,8,2979,True,27693,27291,217.13456559888073
2980,2f35e0f7-76fb-450c-b254-780decf9ae6f,8,2980,True,27720,27318,211.63088806885207
2981,2f35e0f7-76fb-450c-b254-780decf9ae6f,8,2981,True,27743,27341,208.10747436799284
2982,2f35e0f7-76fb-450c-b254-780decf9ae6f,8,2982,True,27770,27368,210.98153187578646
2983,2f35e0f7-76fb-450c-b254-780decf9ae6f,8,2983,True,27788,27386,192.98153187578646
2984,2f35e0f7-76fb-450c-b254-780decf9ae6f,8,2984,True,27811,27409,213.7155582364212
2985,2f35e0f7-76fb-450c-b254-780decf9ae6f,8,2985,True,27833,27431,172.1632605961713
2986,2f35e0f7-76fb-450c-b254-780decf9ae6f,8,2986,True,27856,27454,226.45893825927124
2987,2f35e0f7-76fb-450c-b254-780decf9ae6f,8,2987,True,27895,27493,210.72471915754068
2988,2f35e0f7-76fb-450c-b254-780decf9ae6f,8,2988,True,27920,27518,207.96202478648775
2989,2f35e0f7-76fb-450c-b254-780decf9ae6f,8,2989,True,27936,27534,210.84474181010228
2990,2f35e0f7-76fb-450c-b254-780decf9ae6f,8,2990,True,27966,27564,199.21052863457226
2991,2f35e0f7-76fb-450c-b254-780decf9ae6f,8,2991,True,28005,27603,177.88777470886998
2992,2f35e0f7-76fb-450c-b254-780decf9ae6f,8,2992,True,28036,27634,222.53111644351884
2993,2f35e0f7-76fb-450c-b254-780decf9ae6f,8,2993,True,28064,27662,194.53111644351884
2994,2f35e0f7-76fb-450c-b254-780decf9ae6f,8,2994,True,28091,27689,138.1855878152419
2995,2f35e0f7-76fb-450c-b254-780decf9ae6f,8,2995,True,28116,27714,142.53111644351884
2996,2f35e0f7-76fb-450c-b254-780decf9ae6f,8,2996,True,28144,27742,139.84419104293556
2997,2f35e0f7-76fb-450c-b254-780decf9ae6f,8,2997,True,28166,27764,117.84419104293556
2998,2f35e0f7-76fb-450c-b254-780decf9ae6f,8,2998,True,28197,27795,110.10037265017309
2999,2f35e0f7-76fb-450c-b254-780decf9ae6f,8,2999,True,28225,27823,82.10037265017309
