{"clients": [{"6": {"client_id": 0, "slo": 312, "num_jobs": 5000, "throughput_qps": 35.657998634085715, "total_num_complete": 5000, "goodput_qps": 35.657998634085715, "total_num_tardy": 0, "median_latency_ms": 152.24996895340337, "mean_latency_ms": 156.67328831938372, "std_latency_ms": 30.681663950472384, "p99_latency_ms": 247.32030063231008, "total_num_dropped": 0, "drop_rate_qps": 0.0}}, {"7": {"client_id": 1, "slo": 352, "num_jobs": 5000, "throughput_qps": 35.58576069705556, "total_num_complete": 5000, "goodput_qps": 35.58576069705556, "total_num_tardy": 0, "median_latency_ms": 163.17846699566144, "mean_latency_ms": 168.09474633461002, "std_latency_ms": 32.05934103142463, "p99_latency_ms": 265.61174677970894, "total_num_dropped": 0, "drop_rate_qps": 0.0}}, {"8": {"client_id": 2, "slo": 402, "num_jobs": 5000, "throughput_qps": 35.839304099019344, "total_num_complete": 5000, "goodput_qps": 35.839304099019344, "total_num_tardy": 0, "median_latency_ms": 181.74577190345008, "mean_latency_ms": 187.51659859581036, "std_latency_ms": 34.490402878006805, "p99_latency_ms": 292.3411818102457, "total_num_dropped": 0, "drop_rate_qps": 0.0}}]}