{"clients": [{"6": {"client_id": 0, "slo": 312, "num_jobs": 5000, "throughput_qps": 8.336744669473664, "total_num_complete": 1046, "goodput_qps": 7.962149067690431, "total_num_tardy": 47, "median_tardiness_ms": 1.861523542800569, "mean_tardiness_ms": 1.6639073781385145, "std_tardiness_ms": 0.8722697463358984, "median_latency_ms": 272.04921790994194, "mean_latency_ms": 260.38116168197024, "std_latency_ms": 45.84081794876637, "p99_latency_ms": 314.4955689542388, "total_num_dropped": 3954, "drop_rate_qps": 31.51385126491288}}, {"7": {"client_id": 1, "slo": 352, "num_jobs": 5000, "throughput_qps": 9.084598239526219, "total_num_complete": 1140, "goodput_qps": 8.558647815132597, "total_num_tardy": 66, "median_tardiness_ms": 1.2006026399926668, "mean_tardiness_ms": 1.5332915792335364, "std_tardiness_ms": 1.1704800487098992, "median_latency_ms": 306.07006447068125, "mean_latency_ms": 292.9718340284847, "std_latency_ms": 52.87329358374485, "p99_latency_ms": 354.7218138933873, "total_num_dropped": 3860, "drop_rate_qps": 30.760130881202812}}, {"8": {"client_id": 2, "slo": 402, "num_jobs": 5000, "throughput_qps": 12.902116517460389, "total_num_complete": 1609, "goodput_qps": 11.89175810776492, "total_num_tardy": 126, "median_tardiness_ms": 1.6856622964946837, "mean_tardiness_ms": 2.0397724605384417, "std_tardiness_ms": 1.5644206818465016, "median_latency_ms": 368.7952239550359, "mean_latency_ms": 346.0376330781567, "std_latency_ms": 57.68493280667909, "p99_latency_ms": 405.82366799198735, "total_num_dropped": 3391, "drop_rate_qps": 27.191471168867732}}]}