{"clients": [{"6": {"client_id": 0, "slo": 249, "num_jobs": 5000, "throughput_qps": 29.266720035359402, "total_num_complete": 4721, "goodput_qps": 28.950557628707564, "total_num_tardy": 51, "median_tardiness_ms": 1.395656321761635, "mean_tardiness_ms": 1.4215516833812716, "std_tardiness_ms": 0.9061519079074656, "median_latency_ms": 148.19615070393775, "mean_latency_ms": 153.9946447356043, "std_latency_ms": 41.96874140878622, "p99_latency_ms": 249.20849307788305, "total_num_dropped": 279, "drop_rate_qps": 1.7295943422718223}}, {"7": {"client_id": 1, "slo": 281, "num_jobs": 5000, "throughput_qps": 29.726273933895435, "total_num_complete": 4797, "goodput_qps": 29.521777990635364, "total_num_tardy": 33, "median_tardiness_ms": 1.3436399771817378, "mean_tardiness_ms": 1.6186790812301048, "std_tardiness_ms": 1.2456750664909726, "median_latency_ms": 167.11055652638606, "mean_latency_ms": 173.44362565252197, "std_latency_ms": 48.756989876562585, "p99_latency_ms": 279.8004145425698, "total_num_dropped": 203, "drop_rate_qps": 1.257959893387695}}, {"8": {"client_id": 2, "slo": 321, "num_jobs": 5000, "throughput_qps": 29.811445086116162, "total_num_complete": 4778, "goodput_qps": 29.636744277742103, "total_num_tardy": 28, "median_tardiness_ms": 2.645113477447012, "mean_tardiness_ms": 2.6970430275908774, "std_tardiness_ms": 1.8171023966465922, "median_latency_ms": 190.73300097319589, "mean_latency_ms": 195.94813856857425, "std_latency_ms": 53.276071499923894, "p99_latency_ms": 317.6709061610119, "total_num_dropped": 222, "drop_rate_qps": 1.3851278378228942}}]}