{"clients": [{"6": {"client_id": 0, "slo": 0, "num_jobs": 5000, "throughput_qps": 20.98933581569467, "total_num_complete": 2943, "goodput_qps": 0, "total_num_tardy": 2943, "median_tardiness_ms": 84.06104882704676, "mean_tardiness_ms": 85.2628120434161, "std_tardiness_ms": 8.381737770601664, "median_latency_ms": 84.06104882704676, "mean_latency_ms": 85.2628120434161, "std_latency_ms": 8.381737770601664, "p99_latency_ms": 110.00893928940204, "total_num_dropped": 2057, "drop_rate_qps": 14.670426018648977}}, {"7": {"client_id": 1, "slo": 0, "num_jobs": 5000, "throughput_qps": 27.25963546561754, "total_num_complete": 3829, "goodput_qps": 0, "total_num_tardy": 3829, "median_tardiness_ms": 91.05582920791494, "mean_tardiness_ms": 92.54228726538379, "std_tardiness_ms": 8.376770588987126, "median_latency_ms": 91.05582920791494, "mean_latency_ms": 92.54228726538379, "std_latency_ms": 8.376770588987126, "p99_latency_ms": 119.39834929805303, "total_num_dropped": 1171, "drop_rate_qps": 8.336650073188334}}, {"8": {"client_id": 2, "slo": 0, "num_jobs": 5000, "throughput_qps": 26.55017705376929, "total_num_complete": 3700, "goodput_qps": 0, "total_num_tardy": 3700, "median_tardiness_ms": 101.94709229870205, "mean_tardiness_ms": 103.35008771529799, "std_tardiness_ms": 8.540271937693415, "median_latency_ms": 101.94709229870205, "mean_latency_ms": 103.35008771529799, "std_latency_ms": 8.540271937693415, "p99_latency_ms": 130.78733897826575, "total_num_dropped": 1300, "drop_rate_qps": 9.328440586459479}}]}