{"clients": [{"6": {"client_id": 0, "slo": 124, "num_jobs": 1000, "throughput_qps": 35.76789268801101, "total_num_complete": 1000, "goodput_qps": 1.8325560795854055, "total_num_tardy": 952, "median_tardiness_ms": 168.11708495773837, "mean_tardiness_ms": 187.85652727625808, "std_tardiness_ms": 121.8974643262285, "median_latency_ms": 285.740012227579, "mean_latency_ms": 301.6792290011423, "std_latency_ms": 127.33727596367694, "p99_latency_ms": 679.1168152584113, "total_num_dropped": 0, "drop_rate_qps": 0.0}}, {"7": {"client_id": 1, "slo": 140, "num_jobs": 1000, "throughput_qps": 35.721010344045716, "total_num_complete": 1000, "goodput_qps": 5.231534396876982, "total_num_tardy": 858, "median_tardiness_ms": 127.30595608228668, "mean_tardiness_ms": 148.98566903831951, "std_tardiness_ms": 113.72140743165991, "median_latency_ms": 242.9300915302265, "mean_latency_ms": 263.58587636568933, "std_latency_ms": 122.713256199276, "p99_latency_ms": 626.0447542214222, "total_num_dropped": 0, "drop_rate_qps": 0.0}}, {"8": {"client_id": 2, "slo": 160, "num_jobs": 1000, "throughput_qps": 35.69112516061724, "total_num_complete": 1000, "goodput_qps": 6.450919411887116, "total_num_tardy": 825, "median_tardiness_ms": 117.45859994279272, "mean_tardiness_ms": 142.77311552293153, "std_tardiness_ms": 112.45484032777657, "median_latency_ms": 250.30387833850273, "mean_latency_ms": 272.2336776774503, "std_latency_ms": 122.12307339437213, "p99_latency_ms": 654.0455183002639, "total_num_dropped": 0, "drop_rate_qps": 0.0}}]}