{"clients": [{"6": {"client_id": 0, "slo": 312, "num_jobs": 5000, "throughput_qps": 30.642984875731578, "total_num_complete": 4943, "goodput_qps": 30.568593652080196, "total_num_tardy": 12, "median_tardiness_ms": 0.712603202657192, "mean_tardiness_ms": 0.875089210090664, "std_tardiness_ms": 0.6455640537398607, "median_latency_ms": 147.44898744966486, "mean_latency_ms": 156.72839953474573, "std_latency_ms": 48.72026785215593, "p99_latency_ms": 302.0949335878965, "total_num_dropped": 57, "drop_rate_qps": 0.3533583123440623}}, {"7": {"client_id": 1, "slo": 352, "num_jobs": 5000, "throughput_qps": 30.816358466841635, "total_num_complete": 4973, "goodput_qps": 30.779178062497966, "total_num_tardy": 6, "median_tardiness_ms": 0.9780377626047994, "mean_tardiness_ms": 1.6511770532403414, "std_tardiness_ms": 1.4616760773471658, "median_latency_ms": 167.24146352382377, "mean_latency_ms": 176.76554162524394, "std_latency_ms": 55.87343681444741, "p99_latency_ms": 336.12017226902765, "total_num_dropped": 27, "drop_rate_qps": 0.1673118195464959}}, {"8": {"client_id": 2, "slo": 402, "num_jobs": 5000, "throughput_qps": 30.91982625144001, "total_num_complete": 4957, "goodput_qps": 30.863687773275206, "total_num_tardy": 9, "median_tardiness_ms": 1.429284182639094, "mean_tardiness_ms": 2.955039293742933, "std_tardiness_ms": 2.595337864646804, "median_latency_ms": 189.93352549014526, "mean_latency_ms": 199.1325999594888, "std_latency_ms": 60.795581379331495, "p99_latency_ms": 378.565633608762, "total_num_dropped": 43, "drop_rate_qps": 0.26821717345408924}}]}