{"clients": [{"6": {"client_id": 0, "slo": 249, "num_jobs": 5000, "throughput_qps": 29.644897297877552, "total_num_complete": 4782, "goodput_qps": 29.40312586445697, "total_num_tardy": 39, "median_tardiness_ms": 1.4010335188359022, "mean_tardiness_ms": 1.4963594265400388, "std_tardiness_ms": 0.825595943841042, "median_latency_ms": 146.34886689112318, "mean_latency_ms": 151.40867184735973, "std_latency_ms": 42.95568940714715, "p99_latency_ms": 248.28794398252532, "total_num_dropped": 218, "drop_rate_qps": 1.351440320145819}}, {"7": {"client_id": 1, "slo": 281, "num_jobs": 5000, "throughput_qps": 29.949643713686235, "total_num_complete": 4833, "goodput_qps": 29.751342741445814, "total_num_tardy": 32, "median_tardiness_ms": 1.82638890670205, "mean_tardiness_ms": 1.8563981758584305, "std_tardiness_ms": 1.3803958713529032, "median_latency_ms": 165.4000542668964, "mean_latency_ms": 170.90337047182413, "std_latency_ms": 49.221002399829985, "p99_latency_ms": 279.1510245406977, "total_num_dropped": 167, "drop_rate_qps": 1.0348831988797023}}, {"8": {"client_id": 2, "slo": 321, "num_jobs": 5000, "throughput_qps": 30.178617627412198, "total_num_complete": 4837, "goodput_qps": 30.041357013849435, "total_num_tardy": 22, "median_tardiness_ms": 1.7665129208908184, "mean_tardiness_ms": 2.2312409526805577, "std_tardiness_ms": 1.7737642568800331, "median_latency_ms": 190.73376005464524, "mean_latency_ms": 194.99288974915237, "std_latency_ms": 54.1028851455205, "p99_latency_ms": 316.74259954474087, "total_num_dropped": 163, "drop_rate_qps": 1.0169763641240825}}]}