,client_id,workflow_id,job_id,was_completed,deadline,create_time,response_time
0,ea4b12f5-f1b3-4aeb-a6f7-e44821e92ba8,6,0,True,29,29,65.7521739236239
1,ea4b12f5-f1b3-4aeb-a6f7-e44821e92ba8,6,1,True,64,64,68.21625993517321
2,ea4b12f5-f1b3-4aeb-a6f7-e44821e92ba8,6,2,True,89,89,66.79227202979604
3,ea4b12f5-f1b3-4aeb-a6f7-e44821e92ba8,6,3,True,122,122,68.34524782017394
4,ea4b12f5-f1b3-4aeb-a6f7-e44821e92ba8,6,4,True,159,159,72.85476064283984
5,ea4b12f5-f1b3-4aeb-a6f7-e44821e92ba8,6,5,True,184,184,81.12152344740832
6,ea4b12f5-f1b3-4aeb-a6f7-e44821e92ba8,6,6,True,212,212,76.81427092910741
7,ea4b12f5-f1b3-4aeb-a6f7-e44821e92ba8,6,7,True,242,242,86.19510048338515
8,ea4b12f5-f1b3-4aeb-a6f7-e44821e92ba8,6,8,True,275,275,78.89439195504087
9,ea4b12f5-f1b3-4aeb-a6f7-e44821e92ba8,6,9,True,303,303,76.33339368775995
10,ea4b12f5-f1b3-4aeb-a6f7-e44821e92ba8,6,10,True,333,333,78.11671962886004
11,ea4b12f5-f1b3-4aeb-a6f7-e44821e92ba8,6,11,True,359,359,77.55278048876261
12,ea4b12f5-f1b3-4aeb-a6f7-e44821e92ba8,6,12,True,392,392,76.30208543540027
13,ea4b12f5-f1b3-4aeb-a6f7-e44821e92ba8,6,13,True,425,425,80.00961428084491
14,ea4b12f5-f1b3-4aeb-a6f7-e44821e92ba8,6,14,True,453,453,72.19141197614067
15,ea4b12f5-f1b3-4aeb-a6f7-e44821e92ba8,6,15,True,487,487,96.50827311143325
16,ea4b12f5-f1b3-4aeb-a6f7-e44821e92ba8,6,16,True,511,511,100.37986459983324
17,ea4b12f5-f1b3-4aeb-a6f7-e44821e92ba8,6,17,True,538,538,80.87242198530032
18,ea4b12f5-f1b3-4aeb-a6f7-e44821e92ba8,6,18,True,566,566,87.53341695586573
19,ea4b12f5-f1b3-4aeb-a6f7-e44821e92ba8,6,19,True,598,598,79.08982660389415
20,ea4b12f5-f1b3-4aeb-a6f7-e44821e92ba8,6,20,True,640,640,69.92946588357233
21,ea4b12f5-f1b3-4aeb-a6f7-e44821e92ba8,6,21,True,662,662,73.96435835260309
22,ea4b12f5-f1b3-4aeb-a6f7-e44821e92ba8,6,22,True,680,680,69.54581321849241
23,ea4b12f5-f1b3-4aeb-a6f7-e44821e92ba8,6,23,True,709,709,93.46327898835307
24,ea4b12f5-f1b3-4aeb-a6f7-e44821e92ba8,6,24,True,746,746,82.5112818874079
25,ea4b12f5-f1b3-4aeb-a6f7-e44821e92ba8,6,25,True,773,773,76.4880069563228
26,ea4b12f5-f1b3-4aeb-a6f7-e44821e92ba8,6,26,True,797,797,66.66177166569241
27,ea4b12f5-f1b3-4aeb-a6f7-e44821e92ba8,6,27,True,833,833,84.93161035042635
28,ea4b12f5-f1b3-4aeb-a6f7-e44821e92ba8,6,28,True,868,868,77.18563482703166
29,ea4b12f5-f1b3-4aeb-a6f7-e44821e92ba8,6,29,True,904,904,68.2779104942606
30,ea4b12f5-f1b3-4aeb-a6f7-e44821e92ba8,6,30,True,933,933,71.20936119960163
31,ea4b12f5-f1b3-4aeb-a6f7-e44821e92ba8,6,31,True,971,971,67.85673182183359
32,ea4b12f5-f1b3-4aeb-a6f7-e44821e92ba8,6,32,True,999,999,69.39707176898332
33,ea4b12f5-f1b3-4aeb-a6f7-e44821e92ba8,6,33,True,1027,1027,78.21947488702222
34,ea4b12f5-f1b3-4aeb-a6f7-e44821e92ba8,6,34,True,1062,1062,74.76168017546411
35,ea4b12f5-f1b3-4aeb-a6f7-e44821e92ba8,6,35,True,1101,1101,70.03985322349672
36,ea4b12f5-f1b3-4aeb-a6f7-e44821e92ba8,6,36,True,1124,1124,74.26331345309768
37,ea4b12f5-f1b3-4aeb-a6f7-e44821e92ba8,6,37,True,1160,1160,78.98270306897393
38,ea4b12f5-f1b3-4aeb-a6f7-e44821e92ba8,6,38,True,1196,1196,71.57275223245233
39,ea4b12f5-f1b3-4aeb-a6f7-e44821e92ba8,6,39,True,1228,1228,66.59683774368386
40,ea4b12f5-f1b3-4aeb-a6f7-e44821e92ba8,6,40,True,1256,1256,62.92719062267406
41,ea4b12f5-f1b3-4aeb-a6f7-e44821e92ba8,6,41,True,1296,1296,74.6695121388118
42,ea4b12f5-f1b3-4aeb-a6f7-e44821e92ba8,6,42,True,1326,1326,86.39287630807803
43,ea4b12f5-f1b3-4aeb-a6f7-e44821e92ba8,6,43,True,1352,1352,68.08934733619412
44,ea4b12f5-f1b3-4aeb-a6f7-e44821e92ba8,6,44,True,1380,1380,87.64510105933527
45,ea4b12f5-f1b3-4aeb-a6f7-e44821e92ba8,6,45,True,1413,1413,68.13861702338022
46,ea4b12f5-f1b3-4aeb-a6f7-e44821e92ba8,6,46,True,1450,1450,81.60356063311133
47,ea4b12f5-f1b3-4aeb-a6f7-e44821e92ba8,6,47,True,1489,1489,102.46193556174808
48,ea4b12f5-f1b3-4aeb-a6f7-e44821e92ba8,6,48,True,1517,1517,83.38452099513665
49,ea4b12f5-f1b3-4aeb-a6f7-e44821e92ba8,6,49,True,1543,1543,86.35903660499162
50,ea4b12f5-f1b3-4aeb-a6f7-e44821e92ba8,6,50,True,1573,1573,97.15442007362776
51,ea4b12f5-f1b3-4aeb-a6f7-e44821e92ba8,6,51,True,1596,1596,90.39554033803302
52,ea4b12f5-f1b3-4aeb-a6f7-e44821e92ba8,6,52,True,1639,1639,83.99625464987889
53,ea4b12f5-f1b3-4aeb-a6f7-e44821e92ba8,6,53,True,1670,1670,78.93276465270219
54,ea4b12f5-f1b3-4aeb-a6f7-e44821e92ba8,6,54,True,1699,1699,88.37101911853142
55,ea4b12f5-f1b3-4aeb-a6f7-e44821e92ba8,6,55,True,1745,1745,98.9674112700668
56,ea4b12f5-f1b3-4aeb-a6f7-e44821e92ba8,6,56,True,1776,1776,83.97857891223407
57,ea4b12f5-f1b3-4aeb-a6f7-e44821e92ba8,6,57,True,1803,1803,70.55401947719679
58,ea4b12f5-f1b3-4aeb-a6f7-e44821e92ba8,6,58,True,1836,1836,80.59570559117674
59,ea4b12f5-f1b3-4aeb-a6f7-e44821e92ba8,6,59,True,1855,1855,87.40687538540237
60,ea4b12f5-f1b3-4aeb-a6f7-e44821e92ba8,6,60,True,1895,1895,121.80892368024661
61,ea4b12f5-f1b3-4aeb-a6f7-e44821e92ba8,6,61,True,1919,1919,95.45626189805216
62,ea4b12f5-f1b3-4aeb-a6f7-e44821e92ba8,6,62,True,1953,1953,89.23665944532581
63,ea4b12f5-f1b3-4aeb-a6f7-e44821e92ba8,6,63,True,1980,1980,92.45715421804698
64,ea4b12f5-f1b3-4aeb-a6f7-e44821e92ba8,6,64,True,2009,2009,87.55345559963007
65,ea4b12f5-f1b3-4aeb-a6f7-e44821e92ba8,6,65,True,2042,2042,74.85838402324134
66,ea4b12f5-f1b3-4aeb-a6f7-e44821e92ba8,6,66,True,2070,2070,81.4886011579456
67,ea4b12f5-f1b3-4aeb-a6f7-e44821e92ba8,6,67,True,2104,2104,87.10708268828876
68,ea4b12f5-f1b3-4aeb-a6f7-e44821e92ba8,6,68,True,2135,2135,83.14827540553324
69,ea4b12f5-f1b3-4aeb-a6f7-e44821e92ba8,6,69,True,2169,2169,75.67408267553992
70,ea4b12f5-f1b3-4aeb-a6f7-e44821e92ba8,6,70,True,2203,2203,67.23187389549093
71,ea4b12f5-f1b3-4aeb-a6f7-e44821e92ba8,6,71,True,2245,2245,71.66358061951905
72,ea4b12f5-f1b3-4aeb-a6f7-e44821e92ba8,6,72,True,2273,2273,76.92442236187617
73,ea4b12f5-f1b3-4aeb-a6f7-e44821e92ba8,6,73,True,2314,2314,61.02761674889598
74,ea4b12f5-f1b3-4aeb-a6f7-e44821e92ba8,6,74,True,2341,2341,65.38595421085074
75,ea4b12f5-f1b3-4aeb-a6f7-e44821e92ba8,6,75,True,2378,2378,68.74121641616239
76,ea4b12f5-f1b3-4aeb-a6f7-e44821e92ba8,6,76,True,2410,2410,71.0855523179157
77,ea4b12f5-f1b3-4aeb-a6f7-e44821e92ba8,6,77,True,2450,2450,70.87417416963171
78,ea4b12f5-f1b3-4aeb-a6f7-e44821e92ba8,6,78,True,2478,2478,69.61900220246343
79,ea4b12f5-f1b3-4aeb-a6f7-e44821e92ba8,6,79,True,2517,2517,72.74558748460277
80,ea4b12f5-f1b3-4aeb-a6f7-e44821e92ba8,6,80,True,2551,2551,80.01735776497571
81,ea4b12f5-f1b3-4aeb-a6f7-e44821e92ba8,6,81,True,2576,2576,81.91761694290608
82,ea4b12f5-f1b3-4aeb-a6f7-e44821e92ba8,6,82,True,2609,2609,73.10168342121733
83,ea4b12f5-f1b3-4aeb-a6f7-e44821e92ba8,6,83,True,2632,2632,77.63722359996336
84,ea4b12f5-f1b3-4aeb-a6f7-e44821e92ba8,6,84,True,2664,2664,78.69884588323293
85,ea4b12f5-f1b3-4aeb-a6f7-e44821e92ba8,6,85,True,2698,2698,86.70615378570164
86,ea4b12f5-f1b3-4aeb-a6f7-e44821e92ba8,6,86,True,2733,2733,86.97615305448198
87,ea4b12f5-f1b3-4aeb-a6f7-e44821e92ba8,6,87,True,2761,2761,82.29662819629402
88,ea4b12f5-f1b3-4aeb-a6f7-e44821e92ba8,6,88,True,2795,2795,75.43566457080169
89,ea4b12f5-f1b3-4aeb-a6f7-e44821e92ba8,6,89,True,2829,2829,80.32512497242487
90,ea4b12f5-f1b3-4aeb-a6f7-e44821e92ba8,6,90,True,2851,2851,86.39982342931808
91,ea4b12f5-f1b3-4aeb-a6f7-e44821e92ba8,6,91,True,2878,2878,85.59385806404134
92,ea4b12f5-f1b3-4aeb-a6f7-e44821e92ba8,6,92,True,2917,2917,76.47830105427965
93,ea4b12f5-f1b3-4aeb-a6f7-e44821e92ba8,6,93,True,2954,2954,75.81886586244809
94,ea4b12f5-f1b3-4aeb-a6f7-e44821e92ba8,6,94,True,2986,2986,74.19326990099898
95,ea4b12f5-f1b3-4aeb-a6f7-e44821e92ba8,6,95,True,3012,3012,74.08364989676193
96,ea4b12f5-f1b3-4aeb-a6f7-e44821e92ba8,6,96,True,3039,3039,86.62809130100231
97,ea4b12f5-f1b3-4aeb-a6f7-e44821e92ba8,6,97,True,3073,3073,86.66304214896445
98,ea4b12f5-f1b3-4aeb-a6f7-e44821e92ba8,6,98,True,3115,3115,88.62499987044202
99,ea4b12f5-f1b3-4aeb-a6f7-e44821e92ba8,6,99,True,3156,3156,73.99607302712775
100,ea4b12f5-f1b3-4aeb-a6f7-e44821e92ba8,6,100,True,3186,3186,78.52583222877684
101,ea4b12f5-f1b3-4aeb-a6f7-e44821e92ba8,6,101,True,3214,3214,75.75371947338772
102,ea4b12f5-f1b3-4aeb-a6f7-e44821e92ba8,6,102,True,3252,3252,69.3951906865882
103,ea4b12f5-f1b3-4aeb-a6f7-e44821e92ba8,6,103,True,3277,3277,77.79962742261932
104,ea4b12f5-f1b3-4aeb-a6f7-e44821e92ba8,6,104,True,3319,3319,66.00595685833332
105,ea4b12f5-f1b3-4aeb-a6f7-e44821e92ba8,6,105,True,3351,3351,72.32187545748411
106,ea4b12f5-f1b3-4aeb-a6f7-e44821e92ba8,6,106,True,3375,3375,79.71483604715377
107,ea4b12f5-f1b3-4aeb-a6f7-e44821e92ba8,6,107,True,3414,3414,64.58990343327105
108,ea4b12f5-f1b3-4aeb-a6f7-e44821e92ba8,6,108,True,3449,3449,77.06036149995043
109,ea4b12f5-f1b3-4aeb-a6f7-e44821e92ba8,6,109,True,3478,3478,98.97684755787122
110,ea4b12f5-f1b3-4aeb-a6f7-e44821e92ba8,6,110,True,3509,3509,92.05353694360292
111,ea4b12f5-f1b3-4aeb-a6f7-e44821e92ba8,6,111,True,3546,3546,78.97166814269849
112,ea4b12f5-f1b3-4aeb-a6f7-e44821e92ba8,6,112,True,3581,3581,74.32988261026867
113,ea4b12f5-f1b3-4aeb-a6f7-e44821e92ba8,6,113,True,3620,3620,69.57272631049136
114,ea4b12f5-f1b3-4aeb-a6f7-e44821e92ba8,6,114,True,3649,3649,75.9361356136219
115,ea4b12f5-f1b3-4aeb-a6f7-e44821e92ba8,6,115,True,3681,3681,79.00493333501117
116,ea4b12f5-f1b3-4aeb-a6f7-e44821e92ba8,6,116,True,3712,3712,71.09585354735555
117,ea4b12f5-f1b3-4aeb-a6f7-e44821e92ba8,6,117,True,3739,3739,79.2879058928952
118,ea4b12f5-f1b3-4aeb-a6f7-e44821e92ba8,6,118,True,3753,3753,83.23271110957012
119,ea4b12f5-f1b3-4aeb-a6f7-e44821e92ba8,6,119,True,3790,3790,73.08297054049717
120,ea4b12f5-f1b3-4aeb-a6f7-e44821e92ba8,6,120,True,3814,3814,77.3869819272054
121,ea4b12f5-f1b3-4aeb-a6f7-e44821e92ba8,6,121,True,3850,3850,72.7108594764145
122,ea4b12f5-f1b3-4aeb-a6f7-e44821e92ba8,6,122,True,3883,3883,67.63383060839124
123,ea4b12f5-f1b3-4aeb-a6f7-e44821e92ba8,6,123,True,3902,3902,65.96297463376641
124,ea4b12f5-f1b3-4aeb-a6f7-e44821e92ba8,6,124,True,3934,3934,91.40460857277367
125,ea4b12f5-f1b3-4aeb-a6f7-e44821e92ba8,6,125,True,3965,3965,108.50132980629724
126,ea4b12f5-f1b3-4aeb-a6f7-e44821e92ba8,6,126,True,4002,4002,96.83051985098064
127,ea4b12f5-f1b3-4aeb-a6f7-e44821e92ba8,6,127,True,4032,4032,93.86674393392605
128,ea4b12f5-f1b3-4aeb-a6f7-e44821e92ba8,6,128,True,4070,4070,92.43110151481869
129,ea4b12f5-f1b3-4aeb-a6f7-e44821e92ba8,6,129,True,4100,4100,77.49569926411368
130,ea4b12f5-f1b3-4aeb-a6f7-e44821e92ba8,6,130,True,4125,4125,87.52238533528998
131,ea4b12f5-f1b3-4aeb-a6f7-e44821e92ba8,6,131,True,4157,4157,107.4267711360726
132,ea4b12f5-f1b3-4aeb-a6f7-e44821e92ba8,6,132,True,4191,4191,101.10260433268286
133,ea4b12f5-f1b3-4aeb-a6f7-e44821e92ba8,6,133,True,4235,4235,78.39035005062851
134,ea4b12f5-f1b3-4aeb-a6f7-e44821e92ba8,6,134,True,4267,4267,73.38947672422
135,ea4b12f5-f1b3-4aeb-a6f7-e44821e92ba8,6,135,True,4297,4297,70.22810072057291
136,ea4b12f5-f1b3-4aeb-a6f7-e44821e92ba8,6,136,True,4326,4326,76.91694230410485
137,ea4b12f5-f1b3-4aeb-a6f7-e44821e92ba8,6,137,True,4344,4344,86.64760881312941
138,ea4b12f5-f1b3-4aeb-a6f7-e44821e92ba8,6,138,True,4382,4382,82.62327563257531
139,ea4b12f5-f1b3-4aeb-a6f7-e44821e92ba8,6,139,True,4413,4413,79.7422528406687
140,ea4b12f5-f1b3-4aeb-a6f7-e44821e92ba8,6,140,True,4444,4444,81.35564630086355
141,ea4b12f5-f1b3-4aeb-a6f7-e44821e92ba8,6,141,True,4469,4469,74.82335018494086
142,ea4b12f5-f1b3-4aeb-a6f7-e44821e92ba8,6,142,True,4498,4498,72.25556100781705
143,ea4b12f5-f1b3-4aeb-a6f7-e44821e92ba8,6,143,True,4531,4531,64.8882768811236
144,ea4b12f5-f1b3-4aeb-a6f7-e44821e92ba8,6,144,True,4560,4560,96.57201551987328
145,ea4b12f5-f1b3-4aeb-a6f7-e44821e92ba8,6,145,True,4591,4591,73.69456365451606
146,ea4b12f5-f1b3-4aeb-a6f7-e44821e92ba8,6,146,True,4625,4625,80.58935844677308
147,ea4b12f5-f1b3-4aeb-a6f7-e44821e92ba8,6,147,True,4646,4646,72.44756007979231
148,ea4b12f5-f1b3-4aeb-a6f7-e44821e92ba8,6,148,True,4688,4688,80.67778740852282
149,ea4b12f5-f1b3-4aeb-a6f7-e44821e92ba8,6,149,True,4717,4717,89.77022317617048
150,ea4b12f5-f1b3-4aeb-a6f7-e44821e92ba8,6,150,True,4747,4747,85.39681033167017
151,ea4b12f5-f1b3-4aeb-a6f7-e44821e92ba8,6,151,True,4790,4790,72.71477088435222
152,ea4b12f5-f1b3-4aeb-a6f7-e44821e92ba8,6,152,True,4816,4816,80.84731387871489
153,ea4b12f5-f1b3-4aeb-a6f7-e44821e92ba8,6,153,True,4839,4839,90.71663798676855
154,ea4b12f5-f1b3-4aeb-a6f7-e44821e92ba8,6,154,True,4861,4861,76.0101155489574
155,ea4b12f5-f1b3-4aeb-a6f7-e44821e92ba8,6,155,True,4882,4882,89.12264795689498
156,ea4b12f5-f1b3-4aeb-a6f7-e44821e92ba8,6,156,True,4920,4920,85.99769712436864
157,ea4b12f5-f1b3-4aeb-a6f7-e44821e92ba8,6,157,True,4957,4957,74.01320529023178
158,ea4b12f5-f1b3-4aeb-a6f7-e44821e92ba8,6,158,True,4980,4980,75.61917972570609
159,ea4b12f5-f1b3-4aeb-a6f7-e44821e92ba8,6,159,True,5013,5013,89.07995631463291
160,ea4b12f5-f1b3-4aeb-a6f7-e44821e92ba8,6,160,True,5048,5048,84.7458425914383
161,ea4b12f5-f1b3-4aeb-a6f7-e44821e92ba8,6,161,True,5075,5075,87.96313885274867
162,ea4b12f5-f1b3-4aeb-a6f7-e44821e92ba8,6,162,True,5104,5104,86.8157809696213
163,ea4b12f5-f1b3-4aeb-a6f7-e44821e92ba8,6,163,True,5142,5142,81.70277832616648
164,ea4b12f5-f1b3-4aeb-a6f7-e44821e92ba8,6,164,True,5178,5178,95.44002916045883
165,ea4b12f5-f1b3-4aeb-a6f7-e44821e92ba8,6,165,True,5201,5201,82.35453585556934
166,ea4b12f5-f1b3-4aeb-a6f7-e44821e92ba8,6,166,True,5232,5232,93.5368884535319
167,ea4b12f5-f1b3-4aeb-a6f7-e44821e92ba8,6,167,True,5260,5260,75.06488441589045
168,ea4b12f5-f1b3-4aeb-a6f7-e44821e92ba8,6,168,True,5289,5289,81.28217973082974
169,ea4b12f5-f1b3-4aeb-a6f7-e44821e92ba8,6,169,True,5329,5329,82.05740334411439
170,ea4b12f5-f1b3-4aeb-a6f7-e44821e92ba8,6,170,True,5373,5373,85.32518529982553
171,ea4b12f5-f1b3-4aeb-a6f7-e44821e92ba8,6,171,True,5406,5406,79.45778925164268
172,ea4b12f5-f1b3-4aeb-a6f7-e44821e92ba8,6,172,True,5434,5434,78.3257954489809
173,ea4b12f5-f1b3-4aeb-a6f7-e44821e92ba8,6,173,True,5468,5468,72.72788445281822
174,ea4b12f5-f1b3-4aeb-a6f7-e44821e92ba8,6,174,True,5504,5504,87.50151697563888
175,ea4b12f5-f1b3-4aeb-a6f7-e44821e92ba8,6,175,True,5526,5526,73.7831220994185
176,ea4b12f5-f1b3-4aeb-a6f7-e44821e92ba8,6,176,True,5546,5546,91.71351290097027
177,ea4b12f5-f1b3-4aeb-a6f7-e44821e92ba8,6,177,True,5576,5576,112.917963733129
178,ea4b12f5-f1b3-4aeb-a6f7-e44821e92ba8,6,178,True,5605,5605,78.97270629189916
179,ea4b12f5-f1b3-4aeb-a6f7-e44821e92ba8,6,179,True,5629,5629,79.87538540322839
180,ea4b12f5-f1b3-4aeb-a6f7-e44821e92ba8,6,180,True,5662,5662,95.39307261473641
181,ea4b12f5-f1b3-4aeb-a6f7-e44821e92ba8,6,181,True,5684,5684,78.03115960344894
182,ea4b12f5-f1b3-4aeb-a6f7-e44821e92ba8,6,182,True,5719,5719,122.53013496090534
183,ea4b12f5-f1b3-4aeb-a6f7-e44821e92ba8,6,183,True,5748,5748,82.29870648550605
184,ea4b12f5-f1b3-4aeb-a6f7-e44821e92ba8,6,184,True,5777,5777,100.03614135152475
185,ea4b12f5-f1b3-4aeb-a6f7-e44821e92ba8,6,185,True,5813,5813,85.02958475722698
186,ea4b12f5-f1b3-4aeb-a6f7-e44821e92ba8,6,186,True,5843,5843,98.62532864807508
187,ea4b12f5-f1b3-4aeb-a6f7-e44821e92ba8,6,187,True,5866,5866,131.57926504455554
188,ea4b12f5-f1b3-4aeb-a6f7-e44821e92ba8,6,188,True,5886,5886,144.04668903224865
189,ea4b12f5-f1b3-4aeb-a6f7-e44821e92ba8,6,189,True,5909,5909,145.17473567119396
190,ea4b12f5-f1b3-4aeb-a6f7-e44821e92ba8,6,190,True,5944,5944,138.03289936295823
191,ea4b12f5-f1b3-4aeb-a6f7-e44821e92ba8,6,191,True,5990,5990,89.50382089445975
192,ea4b12f5-f1b3-4aeb-a6f7-e44821e92ba8,6,192,True,6017,6017,150.2123553650381
193,ea4b12f5-f1b3-4aeb-a6f7-e44821e92ba8,6,193,True,6038,6038,97.07751582684432
194,ea4b12f5-f1b3-4aeb-a6f7-e44821e92ba8,6,194,True,6071,6071,113.07238650168347
195,ea4b12f5-f1b3-4aeb-a6f7-e44821e92ba8,6,195,True,6101,6101,110.1871614516067
196,ea4b12f5-f1b3-4aeb-a6f7-e44821e92ba8,6,196,True,6134,6134,107.85280732042793
197,ea4b12f5-f1b3-4aeb-a6f7-e44821e92ba8,6,197,True,6152,6152,85.23505449931599
198,ea4b12f5-f1b3-4aeb-a6f7-e44821e92ba8,6,198,True,6182,6182,107.07681857210082
199,ea4b12f5-f1b3-4aeb-a6f7-e44821e92ba8,6,199,True,6209,6209,93.17861525244552
200,ea4b12f5-f1b3-4aeb-a6f7-e44821e92ba8,6,200,True,6240,6240,88.56291490298645
201,ea4b12f5-f1b3-4aeb-a6f7-e44821e92ba8,6,201,True,6273,6273,77.48724245805806
202,ea4b12f5-f1b3-4aeb-a6f7-e44821e92ba8,6,202,True,6308,6308,75.6487972070754
203,ea4b12f5-f1b3-4aeb-a6f7-e44821e92ba8,6,203,True,6336,6336,82.66996847829705
204,ea4b12f5-f1b3-4aeb-a6f7-e44821e92ba8,6,204,True,6370,6370,82.18670238467166
205,ea4b12f5-f1b3-4aeb-a6f7-e44821e92ba8,6,205,True,6410,6410,68.51713575546546
206,ea4b12f5-f1b3-4aeb-a6f7-e44821e92ba8,6,206,True,6443,6443,80.24222466980063
207,ea4b12f5-f1b3-4aeb-a6f7-e44821e92ba8,6,207,True,6461,6461,79.86772928531718
208,ea4b12f5-f1b3-4aeb-a6f7-e44821e92ba8,6,208,True,6490,6490,78.75194201295744
209,ea4b12f5-f1b3-4aeb-a6f7-e44821e92ba8,6,209,True,6523,6523,84.97851685381465
210,ea4b12f5-f1b3-4aeb-a6f7-e44821e92ba8,6,210,True,6561,6561,84.68282858433577
211,ea4b12f5-f1b3-4aeb-a6f7-e44821e92ba8,6,211,True,6591,6591,76.65910057420842
212,ea4b12f5-f1b3-4aeb-a6f7-e44821e92ba8,6,212,True,6629,6629,77.54004139260633
213,ea4b12f5-f1b3-4aeb-a6f7-e44821e92ba8,6,213,True,6659,6659,88.30475754163035
214,ea4b12f5-f1b3-4aeb-a6f7-e44821e92ba8,6,214,True,6703,6703,68.85219077159672
215,ea4b12f5-f1b3-4aeb-a6f7-e44821e92ba8,6,215,True,6729,6729,70.48147393759791
216,ea4b12f5-f1b3-4aeb-a6f7-e44821e92ba8,6,216,True,6762,6762,74.30391592194701
217,ea4b12f5-f1b3-4aeb-a6f7-e44821e92ba8,6,217,True,6785,6785,88.54601568864109
218,ea4b12f5-f1b3-4aeb-a6f7-e44821e92ba8,6,218,True,6817,6817,82.58235923420489
219,ea4b12f5-f1b3-4aeb-a6f7-e44821e92ba8,6,219,True,6849,6849,75.834855620702
220,ea4b12f5-f1b3-4aeb-a6f7-e44821e92ba8,6,220,True,6881,6881,68.95850824075387
221,ea4b12f5-f1b3-4aeb-a6f7-e44821e92ba8,6,221,True,6920,6920,87.81479905165997
222,ea4b12f5-f1b3-4aeb-a6f7-e44821e92ba8,6,222,True,6944,6944,70.85370448208778
223,ea4b12f5-f1b3-4aeb-a6f7-e44821e92ba8,6,223,True,6980,6980,93.09060947969556
224,ea4b12f5-f1b3-4aeb-a6f7-e44821e92ba8,6,224,True,7015,7015,87.73025490425698
225,ea4b12f5-f1b3-4aeb-a6f7-e44821e92ba8,6,225,True,7039,7039,84.65791465816983
226,ea4b12f5-f1b3-4aeb-a6f7-e44821e92ba8,6,226,True,7068,7068,79.1689382435361
227,ea4b12f5-f1b3-4aeb-a6f7-e44821e92ba8,6,227,True,7097,7097,69.35755949954182
228,ea4b12f5-f1b3-4aeb-a6f7-e44821e92ba8,6,228,True,7137,7137,68.43697660065754
229,ea4b12f5-f1b3-4aeb-a6f7-e44821e92ba8,6,229,True,7168,7168,68.41062155861346
230,ea4b12f5-f1b3-4aeb-a6f7-e44821e92ba8,6,230,True,7197,7197,77.89384384131154
231,ea4b12f5-f1b3-4aeb-a6f7-e44821e92ba8,6,231,True,7228,7228,88.35939873502412
232,ea4b12f5-f1b3-4aeb-a6f7-e44821e92ba8,6,232,True,7259,7259,92.53446789272857
233,ea4b12f5-f1b3-4aeb-a6f7-e44821e92ba8,6,233,True,7292,7292,116.08060948696766
234,ea4b12f5-f1b3-4aeb-a6f7-e44821e92ba8,6,234,True,7313,7313,102.9782251146662
235,ea4b12f5-f1b3-4aeb-a6f7-e44821e92ba8,6,235,True,7337,7337,84.26592271136633
236,ea4b12f5-f1b3-4aeb-a6f7-e44821e92ba8,6,236,True,7361,7361,105.9570249596145
237,ea4b12f5-f1b3-4aeb-a6f7-e44821e92ba8,6,237,True,7386,7386,102.05233813341238
238,ea4b12f5-f1b3-4aeb-a6f7-e44821e92ba8,6,238,True,7426,7426,104.8822102014692
239,ea4b12f5-f1b3-4aeb-a6f7-e44821e92ba8,6,239,True,7460,7460,85.84620050413832
240,ea4b12f5-f1b3-4aeb-a6f7-e44821e92ba8,6,240,True,7486,7486,143.08481745928475
241,ea4b12f5-f1b3-4aeb-a6f7-e44821e92ba8,6,241,True,7511,7511,143.31164175866616
242,ea4b12f5-f1b3-4aeb-a6f7-e44821e92ba8,6,242,True,7536,7536,149.80123300193827
243,ea4b12f5-f1b3-4aeb-a6f7-e44821e92ba8,6,243,True,7559,7559,129.1756738000331
244,ea4b12f5-f1b3-4aeb-a6f7-e44821e92ba8,6,244,True,7585,7585,179.9471056708362
245,ea4b12f5-f1b3-4aeb-a6f7-e44821e92ba8,6,245,True,7616,7616,127.75303438078208
246,ea4b12f5-f1b3-4aeb-a6f7-e44821e92ba8,6,246,True,7649,7649,175.2854069735131
247,ea4b12f5-f1b3-4aeb-a6f7-e44821e92ba8,6,247,True,7669,7669,127.16662622522654
248,ea4b12f5-f1b3-4aeb-a6f7-e44821e92ba8,6,248,True,7706,7706,142.06979135353686
249,ea4b12f5-f1b3-4aeb-a6f7-e44821e92ba8,6,249,True,7731,7731,109.44326709263441
250,ea4b12f5-f1b3-4aeb-a6f7-e44821e92ba8,6,250,True,7760,7760,125.03668854440002
251,ea4b12f5-f1b3-4aeb-a6f7-e44821e92ba8,6,251,True,7793,7793,118.05807701665708
252,ea4b12f5-f1b3-4aeb-a6f7-e44821e92ba8,6,252,True,7824,7824,112.77025362311088
253,ea4b12f5-f1b3-4aeb-a6f7-e44821e92ba8,6,253,True,7855,7855,147.17975174335515
254,ea4b12f5-f1b3-4aeb-a6f7-e44821e92ba8,6,254,True,7878,7878,84.40577767891682
255,ea4b12f5-f1b3-4aeb-a6f7-e44821e92ba8,6,255,True,7910,7910,118.11166488530398
256,ea4b12f5-f1b3-4aeb-a6f7-e44821e92ba8,6,256,True,7937,7937,104.86760223734382
257,ea4b12f5-f1b3-4aeb-a6f7-e44821e92ba8,6,257,True,7963,7963,104.20369028961886
258,ea4b12f5-f1b3-4aeb-a6f7-e44821e92ba8,6,258,True,7996,7996,88.50345242436742
259,ea4b12f5-f1b3-4aeb-a6f7-e44821e92ba8,6,259,True,8032,8032,99.24612727699696
260,ea4b12f5-f1b3-4aeb-a6f7-e44821e92ba8,6,260,True,8054,8054,104.561789696485
261,ea4b12f5-f1b3-4aeb-a6f7-e44821e92ba8,6,261,True,8087,8087,129.95478756655393
262,ea4b12f5-f1b3-4aeb-a6f7-e44821e92ba8,6,262,True,8117,8117,131.78115489475385
263,ea4b12f5-f1b3-4aeb-a6f7-e44821e92ba8,6,263,True,8144,8144,107.07234563456404
264,ea4b12f5-f1b3-4aeb-a6f7-e44821e92ba8,6,264,True,8178,8178,99.5851044526371
265,ea4b12f5-f1b3-4aeb-a6f7-e44821e92ba8,6,265,True,8211,8211,94.24600252221353
266,ea4b12f5-f1b3-4aeb-a6f7-e44821e92ba8,6,266,True,8234,8234,94.1217092799925
267,ea4b12f5-f1b3-4aeb-a6f7-e44821e92ba8,6,267,True,8261,8261,92.61149836594268
268,ea4b12f5-f1b3-4aeb-a6f7-e44821e92ba8,6,268,True,8286,8286,132.86434942575397
269,ea4b12f5-f1b3-4aeb-a6f7-e44821e92ba8,6,269,True,8308,8308,93.48475665255319
270,ea4b12f5-f1b3-4aeb-a6f7-e44821e92ba8,6,270,True,8338,8338,98.4026953204193
271,ea4b12f5-f1b3-4aeb-a6f7-e44821e92ba8,6,271,True,8361,8361,102.56596329538843
272,ea4b12f5-f1b3-4aeb-a6f7-e44821e92ba8,6,272,True,8398,8398,89.85257015673596
273,ea4b12f5-f1b3-4aeb-a6f7-e44821e92ba8,6,273,True,8423,8423,89.07899525455468
274,ea4b12f5-f1b3-4aeb-a6f7-e44821e92ba8,6,274,True,8464,8464,90.6585766521057
275,ea4b12f5-f1b3-4aeb-a6f7-e44821e92ba8,6,275,True,8496,8496,90.87570569852687
276,ea4b12f5-f1b3-4aeb-a6f7-e44821e92ba8,6,276,True,8532,8532,89.4284585259702
277,ea4b12f5-f1b3-4aeb-a6f7-e44821e92ba8,6,277,True,8560,8560,94.67823637267793
278,ea4b12f5-f1b3-4aeb-a6f7-e44821e92ba8,6,278,True,8591,8591,141.54284734728935
279,ea4b12f5-f1b3-4aeb-a6f7-e44821e92ba8,6,279,True,8614,8614,116.00560513608616
280,ea4b12f5-f1b3-4aeb-a6f7-e44821e92ba8,6,280,True,8642,8642,113.65480727705108
281,ea4b12f5-f1b3-4aeb-a6f7-e44821e92ba8,6,281,True,8667,8667,115.86015506231888
282,ea4b12f5-f1b3-4aeb-a6f7-e44821e92ba8,6,282,True,8699,8699,100.92457853113228
283,ea4b12f5-f1b3-4aeb-a6f7-e44821e92ba8,6,283,True,8727,8727,126.53953761269076
284,ea4b12f5-f1b3-4aeb-a6f7-e44821e92ba8,6,284,True,8755,8755,106.26096828406662
285,ea4b12f5-f1b3-4aeb-a6f7-e44821e92ba8,6,285,True,8782,8782,103.76938105089721
286,ea4b12f5-f1b3-4aeb-a6f7-e44821e92ba8,6,286,True,8818,8818,93.19811147180008
287,ea4b12f5-f1b3-4aeb-a6f7-e44821e92ba8,6,287,True,8849,8849,131.69749302521268
288,ea4b12f5-f1b3-4aeb-a6f7-e44821e92ba8,6,288,True,8878,8878,100.1346877163578
289,ea4b12f5-f1b3-4aeb-a6f7-e44821e92ba8,6,289,True,8902,8902,89.28142007849601
290,ea4b12f5-f1b3-4aeb-a6f7-e44821e92ba8,6,290,True,8944,8944,73.2916320985023
291,ea4b12f5-f1b3-4aeb-a6f7-e44821e92ba8,6,291,True,8965,8965,77.62915631741635
292,ea4b12f5-f1b3-4aeb-a6f7-e44821e92ba8,6,292,True,8997,8997,81.13268639561102
293,ea4b12f5-f1b3-4aeb-a6f7-e44821e92ba8,6,293,True,9021,9021,80.54316196369109
294,ea4b12f5-f1b3-4aeb-a6f7-e44821e92ba8,6,294,True,9047,9047,79.53919408786533
295,ea4b12f5-f1b3-4aeb-a6f7-e44821e92ba8,6,295,True,9072,9072,74.87433887535735
296,ea4b12f5-f1b3-4aeb-a6f7-e44821e92ba8,6,296,True,9106,9106,86.93438192754911
297,ea4b12f5-f1b3-4aeb-a6f7-e44821e92ba8,6,297,True,9135,9135,82.7178563999114
298,ea4b12f5-f1b3-4aeb-a6f7-e44821e92ba8,6,298,True,9164,9164,79.13118231042245
299,ea4b12f5-f1b3-4aeb-a6f7-e44821e92ba8,6,299,True,9194,9194,70.86867693038766
300,ea4b12f5-f1b3-4aeb-a6f7-e44821e92ba8,6,300,True,9225,9225,72.99710871004754
301,ea4b12f5-f1b3-4aeb-a6f7-e44821e92ba8,6,301,True,9261,9261,86.0336020614086
302,ea4b12f5-f1b3-4aeb-a6f7-e44821e92ba8,6,302,True,9290,9290,92.90442417061968
303,ea4b12f5-f1b3-4aeb-a6f7-e44821e92ba8,6,303,True,9330,9330,78.52979953622344
304,ea4b12f5-f1b3-4aeb-a6f7-e44821e92ba8,6,304,True,9363,9363,78.24206721104201
305,ea4b12f5-f1b3-4aeb-a6f7-e44821e92ba8,6,305,True,9387,9387,74.10256564913107
306,ea4b12f5-f1b3-4aeb-a6f7-e44821e92ba8,6,306,True,9420,9420,65.23568385617182
307,ea4b12f5-f1b3-4aeb-a6f7-e44821e92ba8,6,307,True,9459,9459,74.8421863579224
308,ea4b12f5-f1b3-4aeb-a6f7-e44821e92ba8,6,308,True,9483,9483,97.14444597761576
309,ea4b12f5-f1b3-4aeb-a6f7-e44821e92ba8,6,309,True,9510,9510,77.06399698962377
310,ea4b12f5-f1b3-4aeb-a6f7-e44821e92ba8,6,310,True,9539,9539,82.09825503223328
311,ea4b12f5-f1b3-4aeb-a6f7-e44821e92ba8,6,311,True,9563,9563,89.07586889933373
312,ea4b12f5-f1b3-4aeb-a6f7-e44821e92ba8,6,312,True,9600,9600,98.74355104310052
313,ea4b12f5-f1b3-4aeb-a6f7-e44821e92ba8,6,313,True,9626,9626,97.78672270102106
314,ea4b12f5-f1b3-4aeb-a6f7-e44821e92ba8,6,314,True,9661,9661,88.01324944574299
315,ea4b12f5-f1b3-4aeb-a6f7-e44821e92ba8,6,315,True,9696,9696,85.55970024553608
316,ea4b12f5-f1b3-4aeb-a6f7-e44821e92ba8,6,316,True,9723,9723,83.42110390656126
317,ea4b12f5-f1b3-4aeb-a6f7-e44821e92ba8,6,317,True,9756,9756,95.68683549620437
318,ea4b12f5-f1b3-4aeb-a6f7-e44821e92ba8,6,318,True,9787,9787,91.31956600794001
319,ea4b12f5-f1b3-4aeb-a6f7-e44821e92ba8,6,319,True,9812,9812,93.41572821857517
320,ea4b12f5-f1b3-4aeb-a6f7-e44821e92ba8,6,320,True,9843,9843,96.08508632395024
321,ea4b12f5-f1b3-4aeb-a6f7-e44821e92ba8,6,321,True,9885,9885,77.92248864488647
322,ea4b12f5-f1b3-4aeb-a6f7-e44821e92ba8,6,322,True,9920,9920,78.03650170192122
323,ea4b12f5-f1b3-4aeb-a6f7-e44821e92ba8,6,323,True,9952,9952,80.44524920055483
324,ea4b12f5-f1b3-4aeb-a6f7-e44821e92ba8,6,324,True,9982,9982,75.5450948743619
325,ea4b12f5-f1b3-4aeb-a6f7-e44821e92ba8,6,325,True,10012,10012,82.37624597114518
326,ea4b12f5-f1b3-4aeb-a6f7-e44821e92ba8,6,326,True,10036,10036,98.20622180851387
327,ea4b12f5-f1b3-4aeb-a6f7-e44821e92ba8,6,327,True,10075,10075,91.11147368525963
328,ea4b12f5-f1b3-4aeb-a6f7-e44821e92ba8,6,328,True,10108,10108,94.32410571684704
329,ea4b12f5-f1b3-4aeb-a6f7-e44821e92ba8,6,329,True,10127,10127,101.04124828356726
330,ea4b12f5-f1b3-4aeb-a6f7-e44821e92ba8,6,330,True,10164,10164,106.23931108755278
331,ea4b12f5-f1b3-4aeb-a6f7-e44821e92ba8,6,331,True,10192,10192,103.69206305455009
332,ea4b12f5-f1b3-4aeb-a6f7-e44821e92ba8,6,332,True,10224,10224,113.36016525754712
333,ea4b12f5-f1b3-4aeb-a6f7-e44821e92ba8,6,333,True,10253,10253,107.41844527008288
334,ea4b12f5-f1b3-4aeb-a6f7-e44821e92ba8,6,334,True,10288,10288,108.38421620875306
335,ea4b12f5-f1b3-4aeb-a6f7-e44821e92ba8,6,335,True,10314,10314,70.62678754306398
336,ea4b12f5-f1b3-4aeb-a6f7-e44821e92ba8,6,336,True,10338,10338,72.89976171001399
337,ea4b12f5-f1b3-4aeb-a6f7-e44821e92ba8,6,337,True,10369,10369,86.90190888465622
338,ea4b12f5-f1b3-4aeb-a6f7-e44821e92ba8,6,338,True,10410,10410,81.27557373074887
339,ea4b12f5-f1b3-4aeb-a6f7-e44821e92ba8,6,339,True,10443,10443,84.67841015473823
340,ea4b12f5-f1b3-4aeb-a6f7-e44821e92ba8,6,340,True,10467,10467,75.78515325617082
341,ea4b12f5-f1b3-4aeb-a6f7-e44821e92ba8,6,341,True,10498,10498,88.01097403992753
342,ea4b12f5-f1b3-4aeb-a6f7-e44821e92ba8,6,342,True,10519,10519,79.28148710459573
343,ea4b12f5-f1b3-4aeb-a6f7-e44821e92ba8,6,343,True,10545,10545,89.4975129127979
344,ea4b12f5-f1b3-4aeb-a6f7-e44821e92ba8,6,344,True,10577,10577,94.65561606248775
345,ea4b12f5-f1b3-4aeb-a6f7-e44821e92ba8,6,345,True,10613,10613,86.65411502164534
346,ea4b12f5-f1b3-4aeb-a6f7-e44821e92ba8,6,346,True,10645,10645,83.74492347720843
347,ea4b12f5-f1b3-4aeb-a6f7-e44821e92ba8,6,347,True,10675,10675,92.82620139793471
348,ea4b12f5-f1b3-4aeb-a6f7-e44821e92ba8,6,348,True,10700,10700,91.73601114364465
349,ea4b12f5-f1b3-4aeb-a6f7-e44821e92ba8,6,349,True,10729,10729,97.934843570878
350,ea4b12f5-f1b3-4aeb-a6f7-e44821e92ba8,6,350,True,10763,10763,86.22108046169524
351,ea4b12f5-f1b3-4aeb-a6f7-e44821e92ba8,6,351,True,10798,10798,85.68164500139574
352,ea4b12f5-f1b3-4aeb-a6f7-e44821e92ba8,6,352,True,10824,10824,64.30380214486831
353,ea4b12f5-f1b3-4aeb-a6f7-e44821e92ba8,6,353,True,10861,10861,94.76473839329083
354,ea4b12f5-f1b3-4aeb-a6f7-e44821e92ba8,6,354,True,10895,10895,85.22812486566545
355,ea4b12f5-f1b3-4aeb-a6f7-e44821e92ba8,6,355,True,10918,10918,87.39916954273576
356,ea4b12f5-f1b3-4aeb-a6f7-e44821e92ba8,6,356,True,10955,10955,79.70422338646677
357,ea4b12f5-f1b3-4aeb-a6f7-e44821e92ba8,6,357,True,10989,10989,90.94049516288942
358,ea4b12f5-f1b3-4aeb-a6f7-e44821e92ba8,6,358,True,11017,11017,86.8633784926842
359,ea4b12f5-f1b3-4aeb-a6f7-e44821e92ba8,6,359,True,11043,11043,82.81277999755002
360,ea4b12f5-f1b3-4aeb-a6f7-e44821e92ba8,6,360,True,11068,11068,83.78876738741383
361,ea4b12f5-f1b3-4aeb-a6f7-e44821e92ba8,6,361,True,11098,11098,101.11231468267397
362,ea4b12f5-f1b3-4aeb-a6f7-e44821e92ba8,6,362,True,11135,11135,86.54056327613034
363,ea4b12f5-f1b3-4aeb-a6f7-e44821e92ba8,6,363,True,11162,11162,93.37159959154451
364,ea4b12f5-f1b3-4aeb-a6f7-e44821e92ba8,6,364,True,11195,11195,91.745967858933
365,ea4b12f5-f1b3-4aeb-a6f7-e44821e92ba8,6,365,True,11228,11228,93.87429858052747
366,ea4b12f5-f1b3-4aeb-a6f7-e44821e92ba8,6,366,True,11260,11260,86.18241935120568
367,ea4b12f5-f1b3-4aeb-a6f7-e44821e92ba8,6,367,True,11288,11288,89.28518888374674
368,ea4b12f5-f1b3-4aeb-a6f7-e44821e92ba8,6,368,True,11324,11324,77.73765714409274
369,ea4b12f5-f1b3-4aeb-a6f7-e44821e92ba8,6,369,True,11363,11363,72.5250725732476
370,ea4b12f5-f1b3-4aeb-a6f7-e44821e92ba8,6,370,True,11402,11402,71.61761535885853
371,ea4b12f5-f1b3-4aeb-a6f7-e44821e92ba8,6,371,True,11432,11432,74.71455268318277
372,ea4b12f5-f1b3-4aeb-a6f7-e44821e92ba8,6,372,True,11459,11459,64.71185891812638
373,ea4b12f5-f1b3-4aeb-a6f7-e44821e92ba8,6,373,True,11492,11492,69.23111782616616
374,ea4b12f5-f1b3-4aeb-a6f7-e44821e92ba8,6,374,True,11517,11517,73.91027434838179
375,ea4b12f5-f1b3-4aeb-a6f7-e44821e92ba8,6,375,True,11540,11540,65.15556762591586
376,ea4b12f5-f1b3-4aeb-a6f7-e44821e92ba8,6,376,True,11567,11567,78.54700124699593
377,ea4b12f5-f1b3-4aeb-a6f7-e44821e92ba8,6,377,True,11601,11601,85.61026762351685
378,ea4b12f5-f1b3-4aeb-a6f7-e44821e92ba8,6,378,True,11627,11627,85.6524353639652
379,ea4b12f5-f1b3-4aeb-a6f7-e44821e92ba8,6,379,True,11666,11666,74.9549563805358
380,ea4b12f5-f1b3-4aeb-a6f7-e44821e92ba8,6,380,True,11699,11699,89.01084371032266
381,ea4b12f5-f1b3-4aeb-a6f7-e44821e92ba8,6,381,True,11729,11729,68.66130627110215
382,ea4b12f5-f1b3-4aeb-a6f7-e44821e92ba8,6,382,True,11760,11760,61.6028818065879
383,ea4b12f5-f1b3-4aeb-a6f7-e44821e92ba8,6,383,True,11785,11785,72.81107424723086
384,ea4b12f5-f1b3-4aeb-a6f7-e44821e92ba8,6,384,True,11807,11807,80.28934328225841
385,ea4b12f5-f1b3-4aeb-a6f7-e44821e92ba8,6,385,True,11834,11834,91.41927525096798
386,ea4b12f5-f1b3-4aeb-a6f7-e44821e92ba8,6,386,True,11862,11862,94.64331670748652
387,ea4b12f5-f1b3-4aeb-a6f7-e44821e92ba8,6,387,True,11897,11897,85.23808264122636
388,ea4b12f5-f1b3-4aeb-a6f7-e44821e92ba8,6,388,True,11929,11929,81.68674174091939
389,ea4b12f5-f1b3-4aeb-a6f7-e44821e92ba8,6,389,True,11964,11964,72.39402524670004
390,ea4b12f5-f1b3-4aeb-a6f7-e44821e92ba8,6,390,True,11997,11997,73.84511375026887
391,ea4b12f5-f1b3-4aeb-a6f7-e44821e92ba8,6,391,True,12028,12028,72.35661764276665
392,ea4b12f5-f1b3-4aeb-a6f7-e44821e92ba8,6,392,True,12056,12056,73.06626652367231
393,ea4b12f5-f1b3-4aeb-a6f7-e44821e92ba8,6,393,True,12079,12079,67.20395566696789
394,ea4b12f5-f1b3-4aeb-a6f7-e44821e92ba8,6,394,True,12114,12114,68.71847764017184
395,ea4b12f5-f1b3-4aeb-a6f7-e44821e92ba8,6,395,True,12148,12148,72.23761127577563
396,ea4b12f5-f1b3-4aeb-a6f7-e44821e92ba8,6,396,True,12175,12175,77.44204256988269
397,ea4b12f5-f1b3-4aeb-a6f7-e44821e92ba8,6,397,True,12212,12212,81.9257271714232
398,ea4b12f5-f1b3-4aeb-a6f7-e44821e92ba8,6,398,True,12239,12239,71.2283062116494
399,ea4b12f5-f1b3-4aeb-a6f7-e44821e92ba8,6,399,True,12268,12268,76.63087507138334
400,ea4b12f5-f1b3-4aeb-a6f7-e44821e92ba8,6,400,True,12309,12309,65.27054168365794
401,ea4b12f5-f1b3-4aeb-a6f7-e44821e92ba8,6,401,True,12353,12353,64.90331434635482
402,ea4b12f5-f1b3-4aeb-a6f7-e44821e92ba8,6,402,True,12378,12378,65.54335855692989
403,ea4b12f5-f1b3-4aeb-a6f7-e44821e92ba8,6,403,True,12417,12417,84.54292161204285
404,ea4b12f5-f1b3-4aeb-a6f7-e44821e92ba8,6,404,True,12454,12454,71.44938259724222
405,ea4b12f5-f1b3-4aeb-a6f7-e44821e92ba8,6,405,True,12488,12488,74.09248524767281
406,ea4b12f5-f1b3-4aeb-a6f7-e44821e92ba8,6,406,True,12515,12515,87.89533910153295
407,ea4b12f5-f1b3-4aeb-a6f7-e44821e92ba8,6,407,True,12558,12558,75.95344898231633
408,ea4b12f5-f1b3-4aeb-a6f7-e44821e92ba8,6,408,True,12583,12583,85.12123590996998
409,ea4b12f5-f1b3-4aeb-a6f7-e44821e92ba8,6,409,True,12624,12624,79.86550624250049
410,ea4b12f5-f1b3-4aeb-a6f7-e44821e92ba8,6,410,True,12659,12659,74.17009469546247
411,ea4b12f5-f1b3-4aeb-a6f7-e44821e92ba8,6,411,True,12702,12702,71.28175814748829
412,ea4b12f5-f1b3-4aeb-a6f7-e44821e92ba8,6,412,True,12740,12740,60.1754948662292
413,ea4b12f5-f1b3-4aeb-a6f7-e44821e92ba8,6,413,True,12768,12768,67.7402323322367
414,ea4b12f5-f1b3-4aeb-a6f7-e44821e92ba8,6,414,True,12794,12794,84.03410846698534
415,ea4b12f5-f1b3-4aeb-a6f7-e44821e92ba8,6,415,True,12815,12815,78.95026452598904
416,ea4b12f5-f1b3-4aeb-a6f7-e44821e92ba8,6,416,True,12843,12843,87.72159918736361
417,ea4b12f5-f1b3-4aeb-a6f7-e44821e92ba8,6,417,True,12863,12863,75.57365128215133
418,ea4b12f5-f1b3-4aeb-a6f7-e44821e92ba8,6,418,True,12895,12895,75.37549771023805
419,ea4b12f5-f1b3-4aeb-a6f7-e44821e92ba8,6,419,True,12923,12923,72.40414414368388
420,ea4b12f5-f1b3-4aeb-a6f7-e44821e92ba8,6,420,True,12962,12962,68.03187253643773
421,ea4b12f5-f1b3-4aeb-a6f7-e44821e92ba8,6,421,True,12988,12988,71.08738581835496
422,ea4b12f5-f1b3-4aeb-a6f7-e44821e92ba8,6,422,True,13027,13027,56.930347414938296
423,ea4b12f5-f1b3-4aeb-a6f7-e44821e92ba8,6,423,True,13066,13066,76.5060259351485
424,ea4b12f5-f1b3-4aeb-a6f7-e44821e92ba8,6,424,True,13108,13108,71.34973225672366
425,ea4b12f5-f1b3-4aeb-a6f7-e44821e92ba8,6,425,True,13144,13144,62.44383901992114
426,ea4b12f5-f1b3-4aeb-a6f7-e44821e92ba8,6,426,True,13175,13175,75.34958850933253
427,ea4b12f5-f1b3-4aeb-a6f7-e44821e92ba8,6,427,True,13211,13211,72.32999454266246
428,ea4b12f5-f1b3-4aeb-a6f7-e44821e92ba8,6,428,True,13241,13241,75.102640675148
429,ea4b12f5-f1b3-4aeb-a6f7-e44821e92ba8,6,429,True,13268,13268,80.48156287556594
430,ea4b12f5-f1b3-4aeb-a6f7-e44821e92ba8,6,430,True,13297,13297,57.82810188476469
431,ea4b12f5-f1b3-4aeb-a6f7-e44821e92ba8,6,431,True,13325,13325,81.26340799508034
432,ea4b12f5-f1b3-4aeb-a6f7-e44821e92ba8,6,432,True,13342,13342,89.91238653192886
433,ea4b12f5-f1b3-4aeb-a6f7-e44821e92ba8,6,433,True,13371,13371,107.41187480908047
434,ea4b12f5-f1b3-4aeb-a6f7-e44821e92ba8,6,434,True,13407,13407,94.59235108746907
435,ea4b12f5-f1b3-4aeb-a6f7-e44821e92ba8,6,435,True,13437,13437,86.05587759014816
436,ea4b12f5-f1b3-4aeb-a6f7-e44821e92ba8,6,436,True,13480,13480,69.54777560349066
437,ea4b12f5-f1b3-4aeb-a6f7-e44821e92ba8,6,437,True,13513,13513,90.89874518506804
438,ea4b12f5-f1b3-4aeb-a6f7-e44821e92ba8,6,438,True,13556,13556,106.20935351449225
439,ea4b12f5-f1b3-4aeb-a6f7-e44821e92ba8,6,439,True,13589,13589,98.14102791203368
440,ea4b12f5-f1b3-4aeb-a6f7-e44821e92ba8,6,440,True,13615,13615,126.63234382748851
441,ea4b12f5-f1b3-4aeb-a6f7-e44821e92ba8,6,441,True,13641,13641,82.4007422745999
442,ea4b12f5-f1b3-4aeb-a6f7-e44821e92ba8,6,442,True,13677,13677,90.57035481939602
443,ea4b12f5-f1b3-4aeb-a6f7-e44821e92ba8,6,443,True,13706,13706,85.71891769585454
444,ea4b12f5-f1b3-4aeb-a6f7-e44821e92ba8,6,444,True,13741,13741,77.31013403255565
445,ea4b12f5-f1b3-4aeb-a6f7-e44821e92ba8,6,445,True,13778,13778,67.72296577429006
446,ea4b12f5-f1b3-4aeb-a6f7-e44821e92ba8,6,446,True,13804,13804,82.11873524684415
447,ea4b12f5-f1b3-4aeb-a6f7-e44821e92ba8,6,447,True,13837,13837,88.16843959191829
448,ea4b12f5-f1b3-4aeb-a6f7-e44821e92ba8,6,448,True,13864,13864,107.98603212461421
449,ea4b12f5-f1b3-4aeb-a6f7-e44821e92ba8,6,449,True,13902,13902,92.69752790130588
450,ea4b12f5-f1b3-4aeb-a6f7-e44821e92ba8,6,450,True,13936,13936,87.58242190650708
451,ea4b12f5-f1b3-4aeb-a6f7-e44821e92ba8,6,451,True,13958,13958,91.80671921303838
452,ea4b12f5-f1b3-4aeb-a6f7-e44821e92ba8,6,452,True,13987,13987,100.26916920122312
453,ea4b12f5-f1b3-4aeb-a6f7-e44821e92ba8,6,453,True,14022,14022,85.29013139370545
454,ea4b12f5-f1b3-4aeb-a6f7-e44821e92ba8,6,454,True,14044,14044,107.08632252666393
455,ea4b12f5-f1b3-4aeb-a6f7-e44821e92ba8,6,455,True,14078,14078,99.41420744674542
456,ea4b12f5-f1b3-4aeb-a6f7-e44821e92ba8,6,456,True,14116,14116,111.485603019275
457,ea4b12f5-f1b3-4aeb-a6f7-e44821e92ba8,6,457,True,14147,14147,83.47909077587246
458,ea4b12f5-f1b3-4aeb-a6f7-e44821e92ba8,6,458,True,14184,14184,95.85078879325192
459,ea4b12f5-f1b3-4aeb-a6f7-e44821e92ba8,6,459,True,14218,14218,86.62704150049103
460,ea4b12f5-f1b3-4aeb-a6f7-e44821e92ba8,6,460,True,14245,14245,84.61547374583643
461,ea4b12f5-f1b3-4aeb-a6f7-e44821e92ba8,6,461,True,14282,14282,72.79389290027939
462,ea4b12f5-f1b3-4aeb-a6f7-e44821e92ba8,6,462,True,14317,14317,63.7659866080503
463,ea4b12f5-f1b3-4aeb-a6f7-e44821e92ba8,6,463,True,14350,14350,84.35679676193467
464,ea4b12f5-f1b3-4aeb-a6f7-e44821e92ba8,6,464,True,14375,14375,76.31946231845905
465,ea4b12f5-f1b3-4aeb-a6f7-e44821e92ba8,6,465,True,14414,14414,87.77501604470854
466,ea4b12f5-f1b3-4aeb-a6f7-e44821e92ba8,6,466,True,14451,14451,82.95788982069098
467,ea4b12f5-f1b3-4aeb-a6f7-e44821e92ba8,6,467,True,14479,14479,94.491627381949
468,ea4b12f5-f1b3-4aeb-a6f7-e44821e92ba8,6,468,True,14504,14504,123.81126595318165
469,ea4b12f5-f1b3-4aeb-a6f7-e44821e92ba8,6,469,True,14541,14541,136.23196630733582
470,ea4b12f5-f1b3-4aeb-a6f7-e44821e92ba8,6,470,True,14574,14574,103.23196630733582
471,ea4b12f5-f1b3-4aeb-a6f7-e44821e92ba8,6,471,True,14607,14607,98.11400852958104
472,ea4b12f5-f1b3-4aeb-a6f7-e44821e92ba8,6,472,True,14643,14643,88.2178461706153
473,ea4b12f5-f1b3-4aeb-a6f7-e44821e92ba8,6,473,True,14679,14679,94.43941485124014
474,ea4b12f5-f1b3-4aeb-a6f7-e44821e92ba8,6,474,True,14725,14725,88.90225964512865
475,ea4b12f5-f1b3-4aeb-a6f7-e44821e92ba8,6,475,True,14758,14758,101.91399260022808
476,ea4b12f5-f1b3-4aeb-a6f7-e44821e92ba8,6,476,True,14792,14792,91.33627142801924
477,ea4b12f5-f1b3-4aeb-a6f7-e44821e92ba8,6,477,True,14820,14820,73.39850467111137
478,ea4b12f5-f1b3-4aeb-a6f7-e44821e92ba8,6,478,True,14841,14841,88.17198272844325
479,ea4b12f5-f1b3-4aeb-a6f7-e44821e92ba8,6,479,True,14870,14870,83.71934058807892
480,ea4b12f5-f1b3-4aeb-a6f7-e44821e92ba8,6,480,True,14906,14906,85.48907292493277
481,ea4b12f5-f1b3-4aeb-a6f7-e44821e92ba8,6,481,True,14942,14942,80.45719761663167
482,ea4b12f5-f1b3-4aeb-a6f7-e44821e92ba8,6,482,True,14973,14973,76.24785088080353
483,ea4b12f5-f1b3-4aeb-a6f7-e44821e92ba8,6,483,True,15007,15007,92.71067656659216
484,ea4b12f5-f1b3-4aeb-a6f7-e44821e92ba8,6,484,True,15037,15037,86.92124023896758
485,ea4b12f5-f1b3-4aeb-a6f7-e44821e92ba8,6,485,True,15062,15062,89.8759057527368
486,ea4b12f5-f1b3-4aeb-a6f7-e44821e92ba8,6,486,True,15096,15096,100.74148518935544
487,ea4b12f5-f1b3-4aeb-a6f7-e44821e92ba8,6,487,True,15118,15118,90.37767729982988
488,ea4b12f5-f1b3-4aeb-a6f7-e44821e92ba8,6,488,True,15152,15152,81.06410043772848
489,ea4b12f5-f1b3-4aeb-a6f7-e44821e92ba8,6,489,True,15196,15196,62.92037719603286
490,ea4b12f5-f1b3-4aeb-a6f7-e44821e92ba8,6,490,True,15226,15226,81.46221753517057
491,ea4b12f5-f1b3-4aeb-a6f7-e44821e92ba8,6,491,True,15256,15256,67.23013627280125
492,ea4b12f5-f1b3-4aeb-a6f7-e44821e92ba8,6,492,True,15285,15285,68.2602039459598
493,ea4b12f5-f1b3-4aeb-a6f7-e44821e92ba8,6,493,True,15324,15324,67.85915607403331
494,ea4b12f5-f1b3-4aeb-a6f7-e44821e92ba8,6,494,True,15350,15350,101.1323090512069
495,ea4b12f5-f1b3-4aeb-a6f7-e44821e92ba8,6,495,True,15384,15384,76.05762554546891
496,ea4b12f5-f1b3-4aeb-a6f7-e44821e92ba8,6,496,True,15422,15422,82.2863046324619
497,ea4b12f5-f1b3-4aeb-a6f7-e44821e92ba8,6,497,True,15470,15470,69.78330771502442
498,ea4b12f5-f1b3-4aeb-a6f7-e44821e92ba8,6,498,True,15506,15506,85.58736663682976
499,ea4b12f5-f1b3-4aeb-a6f7-e44821e92ba8,6,499,True,15530,15530,69.98282185126118
500,ea4b12f5-f1b3-4aeb-a6f7-e44821e92ba8,6,500,True,15571,15571,76.33928299804029
501,ea4b12f5-f1b3-4aeb-a6f7-e44821e92ba8,6,501,True,15608,15608,68.35430177038506
502,ea4b12f5-f1b3-4aeb-a6f7-e44821e92ba8,6,502,True,15631,15631,81.43023018080203
503,ea4b12f5-f1b3-4aeb-a6f7-e44821e92ba8,6,503,True,15665,15665,73.27558319367745
504,ea4b12f5-f1b3-4aeb-a6f7-e44821e92ba8,6,504,True,15691,15691,75.82057063901084
505,ea4b12f5-f1b3-4aeb-a6f7-e44821e92ba8,6,505,True,15711,15711,79.66451440656238
506,ea4b12f5-f1b3-4aeb-a6f7-e44821e92ba8,6,506,True,15738,15738,80.51218801999494
507,ea4b12f5-f1b3-4aeb-a6f7-e44821e92ba8,6,507,True,15766,15766,84.67304385062016
508,ea4b12f5-f1b3-4aeb-a6f7-e44821e92ba8,6,508,True,15795,15795,73.29685145539952
509,ea4b12f5-f1b3-4aeb-a6f7-e44821e92ba8,6,509,True,15828,15828,101.12603263886194
510,ea4b12f5-f1b3-4aeb-a6f7-e44821e92ba8,6,510,True,15864,15864,96.43071491386945
511,ea4b12f5-f1b3-4aeb-a6f7-e44821e92ba8,6,511,True,15895,15895,129.3993858711019
512,ea4b12f5-f1b3-4aeb-a6f7-e44821e92ba8,6,512,True,15919,15919,84.99220551367398
513,ea4b12f5-f1b3-4aeb-a6f7-e44821e92ba8,6,513,True,15952,15952,82.92586020442832
514,ea4b12f5-f1b3-4aeb-a6f7-e44821e92ba8,6,514,True,15984,15984,92.81783653109414
515,ea4b12f5-f1b3-4aeb-a6f7-e44821e92ba8,6,515,True,16012,16012,119.38916053422508
516,ea4b12f5-f1b3-4aeb-a6f7-e44821e92ba8,6,516,True,16034,16034,99.9106789064972
517,ea4b12f5-f1b3-4aeb-a6f7-e44821e92ba8,6,517,True,16049,16049,91.06342667814351
518,ea4b12f5-f1b3-4aeb-a6f7-e44821e92ba8,6,518,True,16078,16078,108.69093703473663
519,ea4b12f5-f1b3-4aeb-a6f7-e44821e92ba8,6,519,True,16110,16110,95.11356967134816
520,ea4b12f5-f1b3-4aeb-a6f7-e44821e92ba8,6,520,True,16147,16147,92.42133874128012
521,ea4b12f5-f1b3-4aeb-a6f7-e44821e92ba8,6,521,True,16172,16172,95.45909984694117
522,ea4b12f5-f1b3-4aeb-a6f7-e44821e92ba8,6,522,True,16205,16205,124.42492005089298
523,ea4b12f5-f1b3-4aeb-a6f7-e44821e92ba8,6,523,True,16224,16224,108.10568593220887
524,ea4b12f5-f1b3-4aeb-a6f7-e44821e92ba8,6,524,True,16259,16259,95.88157529844284
525,ea4b12f5-f1b3-4aeb-a6f7-e44821e92ba8,6,525,True,16287,16287,118.70213754215729
526,ea4b12f5-f1b3-4aeb-a6f7-e44821e92ba8,6,526,True,16309,16309,99.36238823007443
527,ea4b12f5-f1b3-4aeb-a6f7-e44821e92ba8,6,527,True,16341,16341,90.59507204740294
528,ea4b12f5-f1b3-4aeb-a6f7-e44821e92ba8,6,528,True,16371,16371,100.2364191874367
529,ea4b12f5-f1b3-4aeb-a6f7-e44821e92ba8,6,529,True,16403,16403,121.18118956517719
530,ea4b12f5-f1b3-4aeb-a6f7-e44821e92ba8,6,530,True,16425,16425,102.62924706445119
531,ea4b12f5-f1b3-4aeb-a6f7-e44821e92ba8,6,531,True,16452,16452,94.78031010636914
532,ea4b12f5-f1b3-4aeb-a6f7-e44821e92ba8,6,532,True,16491,16491,110.05965127568561
533,ea4b12f5-f1b3-4aeb-a6f7-e44821e92ba8,6,533,True,16516,16516,113.35311306892254
534,ea4b12f5-f1b3-4aeb-a6f7-e44821e92ba8,6,534,True,16550,16550,106.68947677064352
535,ea4b12f5-f1b3-4aeb-a6f7-e44821e92ba8,6,535,True,16582,16582,101.2268767713067
536,ea4b12f5-f1b3-4aeb-a6f7-e44821e92ba8,6,536,True,16608,16608,134.12813447817462
537,ea4b12f5-f1b3-4aeb-a6f7-e44821e92ba8,6,537,True,16629,16629,87.09914247048073
538,ea4b12f5-f1b3-4aeb-a6f7-e44821e92ba8,6,538,True,16656,16656,102.72924025332759
539,ea4b12f5-f1b3-4aeb-a6f7-e44821e92ba8,6,539,True,16694,16694,113.82757142320042
540,ea4b12f5-f1b3-4aeb-a6f7-e44821e92ba8,6,540,True,16729,16729,103.28803565593626
541,ea4b12f5-f1b3-4aeb-a6f7-e44821e92ba8,6,541,True,16758,16758,93.62230568950326
542,ea4b12f5-f1b3-4aeb-a6f7-e44821e92ba8,6,542,True,16796,16796,88.6763532738114
543,ea4b12f5-f1b3-4aeb-a6f7-e44821e92ba8,6,543,True,16826,16826,89.566621513055
544,ea4b12f5-f1b3-4aeb-a6f7-e44821e92ba8,6,544,True,16857,16857,84.55194304384713
545,ea4b12f5-f1b3-4aeb-a6f7-e44821e92ba8,6,545,True,16897,16897,81.0324403563136
546,ea4b12f5-f1b3-4aeb-a6f7-e44821e92ba8,6,546,True,16924,16924,77.31520965403251
547,ea4b12f5-f1b3-4aeb-a6f7-e44821e92ba8,6,547,True,16964,16964,64.21897204899506
548,ea4b12f5-f1b3-4aeb-a6f7-e44821e92ba8,6,548,True,16997,16997,70.4269710767403
549,ea4b12f5-f1b3-4aeb-a6f7-e44821e92ba8,6,549,True,17032,17032,89.5314125586483
550,ea4b12f5-f1b3-4aeb-a6f7-e44821e92ba8,6,550,True,17057,17057,94.49187211773096
551,ea4b12f5-f1b3-4aeb-a6f7-e44821e92ba8,6,551,True,17106,17106,84.88197992547066
552,ea4b12f5-f1b3-4aeb-a6f7-e44821e92ba8,6,552,True,17144,17144,71.84098138609625
553,ea4b12f5-f1b3-4aeb-a6f7-e44821e92ba8,6,553,True,17171,17171,79.06952123164228
554,ea4b12f5-f1b3-4aeb-a6f7-e44821e92ba8,6,554,True,17201,17201,79.23353953802871
555,ea4b12f5-f1b3-4aeb-a6f7-e44821e92ba8,6,555,True,17230,17230,81.05194969306103
556,ea4b12f5-f1b3-4aeb-a6f7-e44821e92ba8,6,556,True,17255,17255,89.5252810612401
557,ea4b12f5-f1b3-4aeb-a6f7-e44821e92ba8,6,557,True,17303,17303,74.99486950434584
558,ea4b12f5-f1b3-4aeb-a6f7-e44821e92ba8,6,558,True,17337,17337,68.8078108349182
559,ea4b12f5-f1b3-4aeb-a6f7-e44821e92ba8,6,559,True,17373,17373,81.66420315604046
560,ea4b12f5-f1b3-4aeb-a6f7-e44821e92ba8,6,560,True,17399,17399,83.2341130431123
561,ea4b12f5-f1b3-4aeb-a6f7-e44821e92ba8,6,561,True,17424,17424,80.95565036840344
562,ea4b12f5-f1b3-4aeb-a6f7-e44821e92ba8,6,562,True,17452,17452,82.06652914723963
563,ea4b12f5-f1b3-4aeb-a6f7-e44821e92ba8,6,563,True,17482,17482,89.26373074237199
564,ea4b12f5-f1b3-4aeb-a6f7-e44821e92ba8,6,564,True,17515,17515,89.09813715173368
565,ea4b12f5-f1b3-4aeb-a6f7-e44821e92ba8,6,565,True,17540,17540,72.29743485486324
566,ea4b12f5-f1b3-4aeb-a6f7-e44821e92ba8,6,566,True,17574,17574,97.40140971330038
567,ea4b12f5-f1b3-4aeb-a6f7-e44821e92ba8,6,567,True,17607,17607,94.38783210939073
568,ea4b12f5-f1b3-4aeb-a6f7-e44821e92ba8,6,568,True,17633,17633,84.51357555336654
569,ea4b12f5-f1b3-4aeb-a6f7-e44821e92ba8,6,569,True,17660,17660,79.35328097735692
570,ea4b12f5-f1b3-4aeb-a6f7-e44821e92ba8,6,570,True,17692,17692,78.99904155494733
571,ea4b12f5-f1b3-4aeb-a6f7-e44821e92ba8,6,571,True,17709,17709,75.78094714004328
572,ea4b12f5-f1b3-4aeb-a6f7-e44821e92ba8,6,572,True,17739,17739,82.52166028391366
573,ea4b12f5-f1b3-4aeb-a6f7-e44821e92ba8,6,573,True,17767,17767,85.29886601149337
574,ea4b12f5-f1b3-4aeb-a6f7-e44821e92ba8,6,574,True,17784,17784,88.65219120338224
575,ea4b12f5-f1b3-4aeb-a6f7-e44821e92ba8,6,575,True,17818,17818,95.59219584409948
576,ea4b12f5-f1b3-4aeb-a6f7-e44821e92ba8,6,576,True,17848,17848,91.02342686678458
577,ea4b12f5-f1b3-4aeb-a6f7-e44821e92ba8,6,577,True,17879,17879,126.05234289103828
578,ea4b12f5-f1b3-4aeb-a6f7-e44821e92ba8,6,578,True,17903,17903,99.72280154922555
579,ea4b12f5-f1b3-4aeb-a6f7-e44821e92ba8,6,579,True,17931,17931,101.12034616540768
580,ea4b12f5-f1b3-4aeb-a6f7-e44821e92ba8,6,580,True,17957,17957,85.17498088765569
581,ea4b12f5-f1b3-4aeb-a6f7-e44821e92ba8,6,581,True,18005,18005,76.00330585995835
582,ea4b12f5-f1b3-4aeb-a6f7-e44821e92ba8,6,582,True,18039,18039,82.24561369648654
583,ea4b12f5-f1b3-4aeb-a6f7-e44821e92ba8,6,583,True,18077,18077,96.85429158491388
584,ea4b12f5-f1b3-4aeb-a6f7-e44821e92ba8,6,584,True,18111,18111,88.4858730743108
585,ea4b12f5-f1b3-4aeb-a6f7-e44821e92ba8,6,585,True,18154,18154,70.81292812497122
586,ea4b12f5-f1b3-4aeb-a6f7-e44821e92ba8,6,586,True,18185,18185,81.78718836679764
587,ea4b12f5-f1b3-4aeb-a6f7-e44821e92ba8,6,587,True,18224,18224,68.7645402654598
588,ea4b12f5-f1b3-4aeb-a6f7-e44821e92ba8,6,588,True,18258,18258,67.46147672877123
589,ea4b12f5-f1b3-4aeb-a6f7-e44821e92ba8,6,589,True,18284,18284,70.8833157072986
590,ea4b12f5-f1b3-4aeb-a6f7-e44821e92ba8,6,590,True,18313,18313,83.6635149192116
591,ea4b12f5-f1b3-4aeb-a6f7-e44821e92ba8,6,591,True,18336,18336,73.6625410661909
592,ea4b12f5-f1b3-4aeb-a6f7-e44821e92ba8,6,592,True,18368,18368,79.49395725697104
593,ea4b12f5-f1b3-4aeb-a6f7-e44821e92ba8,6,593,True,18407,18407,79.81621942793572
594,ea4b12f5-f1b3-4aeb-a6f7-e44821e92ba8,6,594,True,18435,18435,77.97214397858261
595,ea4b12f5-f1b3-4aeb-a6f7-e44821e92ba8,6,595,True,18472,18472,77.73951897709048
596,ea4b12f5-f1b3-4aeb-a6f7-e44821e92ba8,6,596,True,18509,18509,66.09585185485048
597,ea4b12f5-f1b3-4aeb-a6f7-e44821e92ba8,6,597,True,18546,18546,60.4301931473201
598,ea4b12f5-f1b3-4aeb-a6f7-e44821e92ba8,6,598,True,18578,18578,67.85228941544483
599,ea4b12f5-f1b3-4aeb-a6f7-e44821e92ba8,6,599,True,18606,18606,65.84886115243353
600,ea4b12f5-f1b3-4aeb-a6f7-e44821e92ba8,6,600,True,18635,18635,77.01184430107605
601,ea4b12f5-f1b3-4aeb-a6f7-e44821e92ba8,6,601,True,18664,18664,74.81331195805978
602,ea4b12f5-f1b3-4aeb-a6f7-e44821e92ba8,6,602,True,18691,18691,75.56327094838343
603,ea4b12f5-f1b3-4aeb-a6f7-e44821e92ba8,6,603,True,18717,18717,83.21612330010976
604,ea4b12f5-f1b3-4aeb-a6f7-e44821e92ba8,6,604,True,18750,18750,72.52091402151927
605,ea4b12f5-f1b3-4aeb-a6f7-e44821e92ba8,6,605,True,18783,18783,74.40218555934916
606,ea4b12f5-f1b3-4aeb-a6f7-e44821e92ba8,6,606,True,18812,18812,75.40608387427346
607,ea4b12f5-f1b3-4aeb-a6f7-e44821e92ba8,6,607,True,18843,18843,68.74403693942077
608,ea4b12f5-f1b3-4aeb-a6f7-e44821e92ba8,6,608,True,18872,18872,75.70216179927957
609,ea4b12f5-f1b3-4aeb-a6f7-e44821e92ba8,6,609,True,18905,18905,80.38946046464844
610,ea4b12f5-f1b3-4aeb-a6f7-e44821e92ba8,6,610,True,18938,18938,70.80754716409865
611,ea4b12f5-f1b3-4aeb-a6f7-e44821e92ba8,6,611,True,18975,18975,98.34059709902431
612,ea4b12f5-f1b3-4aeb-a6f7-e44821e92ba8,6,612,True,19020,19020,79.46727108794948
613,ea4b12f5-f1b3-4aeb-a6f7-e44821e92ba8,6,613,True,19046,19046,69.72378719968037
614,ea4b12f5-f1b3-4aeb-a6f7-e44821e92ba8,6,614,True,19073,19073,72.60608422955193
615,ea4b12f5-f1b3-4aeb-a6f7-e44821e92ba8,6,615,True,19102,19102,73.07108410903675
616,ea4b12f5-f1b3-4aeb-a6f7-e44821e92ba8,6,616,True,19133,19133,77.75139233562368
617,ea4b12f5-f1b3-4aeb-a6f7-e44821e92ba8,6,617,True,19160,19160,68.7161021311731
618,ea4b12f5-f1b3-4aeb-a6f7-e44821e92ba8,6,618,True,19197,19197,77.17573663080839
619,ea4b12f5-f1b3-4aeb-a6f7-e44821e92ba8,6,619,True,19225,19225,74.48323946968594
620,ea4b12f5-f1b3-4aeb-a6f7-e44821e92ba8,6,620,True,19260,19260,67.46819202566257
621,ea4b12f5-f1b3-4aeb-a6f7-e44821e92ba8,6,621,True,19290,19290,66.85337031042945
622,ea4b12f5-f1b3-4aeb-a6f7-e44821e92ba8,6,622,True,19315,19315,76.95014804143648
623,ea4b12f5-f1b3-4aeb-a6f7-e44821e92ba8,6,623,True,19340,19340,92.98045050204018
624,ea4b12f5-f1b3-4aeb-a6f7-e44821e92ba8,6,624,True,19375,19375,90.8468412085931
625,ea4b12f5-f1b3-4aeb-a6f7-e44821e92ba8,6,625,True,19407,19407,86.21037634796812
626,ea4b12f5-f1b3-4aeb-a6f7-e44821e92ba8,6,626,True,19453,19453,78.8145809578491
627,ea4b12f5-f1b3-4aeb-a6f7-e44821e92ba8,6,627,True,19490,19490,67.06315094354795
628,ea4b12f5-f1b3-4aeb-a6f7-e44821e92ba8,6,628,True,19534,19534,61.27668216693928
629,ea4b12f5-f1b3-4aeb-a6f7-e44821e92ba8,6,629,True,19560,19560,67.73881171106041
630,ea4b12f5-f1b3-4aeb-a6f7-e44821e92ba8,6,630,True,19593,19593,63.7903564085791
631,ea4b12f5-f1b3-4aeb-a6f7-e44821e92ba8,6,631,True,19622,19622,77.14580304659466
632,ea4b12f5-f1b3-4aeb-a6f7-e44821e92ba8,6,632,True,19658,19658,70.53295376189635
633,ea4b12f5-f1b3-4aeb-a6f7-e44821e92ba8,6,633,True,19695,19695,83.01225304340551
634,ea4b12f5-f1b3-4aeb-a6f7-e44821e92ba8,6,634,True,19729,19729,75.01502409873501
635,ea4b12f5-f1b3-4aeb-a6f7-e44821e92ba8,6,635,True,19762,19762,77.25277938223007
636,ea4b12f5-f1b3-4aeb-a6f7-e44821e92ba8,6,636,True,19795,19795,87.77422100641343
637,ea4b12f5-f1b3-4aeb-a6f7-e44821e92ba8,6,637,True,19830,19830,78.04582175068572
638,ea4b12f5-f1b3-4aeb-a6f7-e44821e92ba8,6,638,True,19856,19856,86.1199745257436
639,ea4b12f5-f1b3-4aeb-a6f7-e44821e92ba8,6,639,True,19889,19889,101.96141854755842
640,ea4b12f5-f1b3-4aeb-a6f7-e44821e92ba8,6,640,True,19915,19915,102.43718687730143
641,ea4b12f5-f1b3-4aeb-a6f7-e44821e92ba8,6,641,True,19948,19948,94.35212362968014
642,ea4b12f5-f1b3-4aeb-a6f7-e44821e92ba8,6,642,True,19983,19983,85.17314154537235
643,ea4b12f5-f1b3-4aeb-a6f7-e44821e92ba8,6,643,True,20013,20013,87.52381157766649
644,ea4b12f5-f1b3-4aeb-a6f7-e44821e92ba8,6,644,True,20037,20037,89.80107751075775
645,ea4b12f5-f1b3-4aeb-a6f7-e44821e92ba8,6,645,True,20072,20072,84.79723789191848
646,ea4b12f5-f1b3-4aeb-a6f7-e44821e92ba8,6,646,True,20099,20099,97.14335727462458
647,ea4b12f5-f1b3-4aeb-a6f7-e44821e92ba8,6,647,True,20125,20125,99.38264892392908
648,ea4b12f5-f1b3-4aeb-a6f7-e44821e92ba8,6,648,True,20151,20151,98.2250998428608
649,ea4b12f5-f1b3-4aeb-a6f7-e44821e92ba8,6,649,True,20172,20172,126.29889939970963
650,ea4b12f5-f1b3-4aeb-a6f7-e44821e92ba8,6,650,True,20193,20193,107.45289976015192
651,ea4b12f5-f1b3-4aeb-a6f7-e44821e92ba8,6,651,True,20219,20219,101.09542501228862
652,ea4b12f5-f1b3-4aeb-a6f7-e44821e92ba8,6,652,True,20258,20258,108.06503103037176
653,ea4b12f5-f1b3-4aeb-a6f7-e44821e92ba8,6,653,True,20290,20290,99.2771483750148
654,ea4b12f5-f1b3-4aeb-a6f7-e44821e92ba8,6,654,True,20318,20318,81.15633125420936
655,ea4b12f5-f1b3-4aeb-a6f7-e44821e92ba8,6,655,True,20350,20350,75.72301410004366
656,ea4b12f5-f1b3-4aeb-a6f7-e44821e92ba8,6,656,True,20381,20381,74.87718593709724
657,ea4b12f5-f1b3-4aeb-a6f7-e44821e92ba8,6,657,True,20406,20406,87.68688795299022
658,ea4b12f5-f1b3-4aeb-a6f7-e44821e92ba8,6,658,True,20432,20432,87.43053092014088
659,ea4b12f5-f1b3-4aeb-a6f7-e44821e92ba8,6,659,True,20454,20454,81.83771444340164
660,ea4b12f5-f1b3-4aeb-a6f7-e44821e92ba8,6,660,True,20490,20490,81.78297843899782
661,ea4b12f5-f1b3-4aeb-a6f7-e44821e92ba8,6,661,True,20524,20524,74.16552201359082
662,ea4b12f5-f1b3-4aeb-a6f7-e44821e92ba8,6,662,True,20565,20565,79.0960858047074
663,ea4b12f5-f1b3-4aeb-a6f7-e44821e92ba8,6,663,True,20595,20595,81.59904130298673
664,ea4b12f5-f1b3-4aeb-a6f7-e44821e92ba8,6,664,True,20627,20627,66.76055627218011
665,ea4b12f5-f1b3-4aeb-a6f7-e44821e92ba8,6,665,True,20659,20659,72.84489407488581
666,ea4b12f5-f1b3-4aeb-a6f7-e44821e92ba8,6,666,True,20681,20681,73.26136891025453
667,ea4b12f5-f1b3-4aeb-a6f7-e44821e92ba8,6,667,True,20705,20705,66.08179884617493
668,ea4b12f5-f1b3-4aeb-a6f7-e44821e92ba8,6,668,True,20741,20741,75.06126076049986
669,ea4b12f5-f1b3-4aeb-a6f7-e44821e92ba8,6,669,True,20768,20768,68.68956511905708
670,ea4b12f5-f1b3-4aeb-a6f7-e44821e92ba8,6,670,True,20800,20800,71.03238811443225
671,ea4b12f5-f1b3-4aeb-a6f7-e44821e92ba8,6,671,True,20829,20829,81.61590417214757
672,ea4b12f5-f1b3-4aeb-a6f7-e44821e92ba8,6,672,True,20862,20862,85.88710960281242
673,ea4b12f5-f1b3-4aeb-a6f7-e44821e92ba8,6,673,True,20903,20903,72.48758547442412
674,ea4b12f5-f1b3-4aeb-a6f7-e44821e92ba8,6,674,True,20932,20932,66.05469341898424
675,ea4b12f5-f1b3-4aeb-a6f7-e44821e92ba8,6,675,True,20970,20970,73.22712305511959
676,ea4b12f5-f1b3-4aeb-a6f7-e44821e92ba8,6,676,True,21006,21006,74.10718023553636
677,ea4b12f5-f1b3-4aeb-a6f7-e44821e92ba8,6,677,True,21028,21028,81.67674927511689
678,ea4b12f5-f1b3-4aeb-a6f7-e44821e92ba8,6,678,True,21053,21053,69.16444497161137
679,ea4b12f5-f1b3-4aeb-a6f7-e44821e92ba8,6,679,True,21082,21082,75.04461186276967
680,ea4b12f5-f1b3-4aeb-a6f7-e44821e92ba8,6,680,True,21116,21116,83.89808276427357
681,ea4b12f5-f1b3-4aeb-a6f7-e44821e92ba8,6,681,True,21140,21140,84.99853351212369
682,ea4b12f5-f1b3-4aeb-a6f7-e44821e92ba8,6,682,True,21181,21181,71.59145478876962
683,ea4b12f5-f1b3-4aeb-a6f7-e44821e92ba8,6,683,True,21214,21214,61.1048177153898
684,ea4b12f5-f1b3-4aeb-a6f7-e44821e92ba8,6,684,True,21239,21239,66.30688577643377
685,ea4b12f5-f1b3-4aeb-a6f7-e44821e92ba8,6,685,True,21268,21268,82.6239276247943
686,ea4b12f5-f1b3-4aeb-a6f7-e44821e92ba8,6,686,True,21297,21297,69.60754170133441
687,ea4b12f5-f1b3-4aeb-a6f7-e44821e92ba8,6,687,True,21343,21343,61.344682086983084
688,ea4b12f5-f1b3-4aeb-a6f7-e44821e92ba8,6,688,True,21390,21390,73.70896850523786
689,ea4b12f5-f1b3-4aeb-a6f7-e44821e92ba8,6,689,True,21418,21418,72.75759547570124
690,ea4b12f5-f1b3-4aeb-a6f7-e44821e92ba8,6,690,True,21448,21448,66.59992350008179
691,ea4b12f5-f1b3-4aeb-a6f7-e44821e92ba8,6,691,True,21482,21482,70.32319417852705
692,ea4b12f5-f1b3-4aeb-a6f7-e44821e92ba8,6,692,True,21515,21515,68.78294828964135
693,ea4b12f5-f1b3-4aeb-a6f7-e44821e92ba8,6,693,True,21539,21539,69.77688443248189
694,ea4b12f5-f1b3-4aeb-a6f7-e44821e92ba8,6,694,True,21575,21575,70.37884072966699
695,ea4b12f5-f1b3-4aeb-a6f7-e44821e92ba8,6,695,True,21595,21595,76.89428240706548
696,ea4b12f5-f1b3-4aeb-a6f7-e44821e92ba8,6,696,True,21619,21619,79.33073160913773
697,ea4b12f5-f1b3-4aeb-a6f7-e44821e92ba8,6,697,True,21647,21647,84.69662358024289
698,ea4b12f5-f1b3-4aeb-a6f7-e44821e92ba8,6,698,True,21681,21681,83.28501122343368
699,ea4b12f5-f1b3-4aeb-a6f7-e44821e92ba8,6,699,True,21718,21718,84.79476058820728
700,ea4b12f5-f1b3-4aeb-a6f7-e44821e92ba8,6,700,True,21746,21746,83.21922322764294
701,ea4b12f5-f1b3-4aeb-a6f7-e44821e92ba8,6,701,True,21778,21778,95.80343555309446
702,ea4b12f5-f1b3-4aeb-a6f7-e44821e92ba8,6,702,True,21802,21802,99.80339473302593
703,ea4b12f5-f1b3-4aeb-a6f7-e44821e92ba8,6,703,True,21832,21832,93.86165126117339
704,ea4b12f5-f1b3-4aeb-a6f7-e44821e92ba8,6,704,True,21861,21861,99.93668745682953
705,ea4b12f5-f1b3-4aeb-a6f7-e44821e92ba8,6,705,True,21898,21898,105.1348599496996
706,ea4b12f5-f1b3-4aeb-a6f7-e44821e92ba8,6,706,True,21934,21934,91.68943514420971
707,ea4b12f5-f1b3-4aeb-a6f7-e44821e92ba8,6,707,True,21964,21964,98.8490079735493
708,ea4b12f5-f1b3-4aeb-a6f7-e44821e92ba8,6,708,True,22000,22000,77.9110973729621
709,ea4b12f5-f1b3-4aeb-a6f7-e44821e92ba8,6,709,True,22032,22032,83.85608424110978
710,ea4b12f5-f1b3-4aeb-a6f7-e44821e92ba8,6,710,True,22077,22077,63.79126054370863
711,ea4b12f5-f1b3-4aeb-a6f7-e44821e92ba8,6,711,True,22100,22100,73.37745538947638
712,ea4b12f5-f1b3-4aeb-a6f7-e44821e92ba8,6,712,True,22130,22130,68.6929891953514
713,ea4b12f5-f1b3-4aeb-a6f7-e44821e92ba8,6,713,True,22153,22153,95.75430683814193
714,ea4b12f5-f1b3-4aeb-a6f7-e44821e92ba8,6,714,True,22177,22177,106.91439703852666
715,ea4b12f5-f1b3-4aeb-a6f7-e44821e92ba8,6,715,True,22212,22212,100.22106301969325
716,ea4b12f5-f1b3-4aeb-a6f7-e44821e92ba8,6,716,True,22241,22241,96.37632440221205
717,ea4b12f5-f1b3-4aeb-a6f7-e44821e92ba8,6,717,True,22272,22272,71.8226087379735
718,ea4b12f5-f1b3-4aeb-a6f7-e44821e92ba8,6,718,True,22308,22308,80.09407852544973
719,ea4b12f5-f1b3-4aeb-a6f7-e44821e92ba8,6,719,True,22342,22342,80.39389599554488
720,ea4b12f5-f1b3-4aeb-a6f7-e44821e92ba8,6,720,True,22369,22369,73.84545602654543
721,ea4b12f5-f1b3-4aeb-a6f7-e44821e92ba8,6,721,True,22400,22400,88.18991614471088
722,ea4b12f5-f1b3-4aeb-a6f7-e44821e92ba8,6,722,True,22433,22433,86.11592689993631
723,ea4b12f5-f1b3-4aeb-a6f7-e44821e92ba8,6,723,True,22454,22454,79.72316531094475
724,ea4b12f5-f1b3-4aeb-a6f7-e44821e92ba8,6,724,True,22478,22478,93.69324416952804
725,ea4b12f5-f1b3-4aeb-a6f7-e44821e92ba8,6,725,True,22509,22509,128.28678361515267
726,ea4b12f5-f1b3-4aeb-a6f7-e44821e92ba8,6,726,True,22526,22526,113.56688516161375
727,ea4b12f5-f1b3-4aeb-a6f7-e44821e92ba8,6,727,True,22561,22561,105.71685736093059
728,ea4b12f5-f1b3-4aeb-a6f7-e44821e92ba8,6,728,True,22582,22582,94.1220182431316
729,ea4b12f5-f1b3-4aeb-a6f7-e44821e92ba8,6,729,True,22611,22611,102.26989343749665
730,ea4b12f5-f1b3-4aeb-a6f7-e44821e92ba8,6,730,True,22640,22640,101.93093281890106
731,ea4b12f5-f1b3-4aeb-a6f7-e44821e92ba8,6,731,True,22674,22674,94.48263601381768
732,ea4b12f5-f1b3-4aeb-a6f7-e44821e92ba8,6,732,True,22699,22699,99.17902642401532
733,ea4b12f5-f1b3-4aeb-a6f7-e44821e92ba8,6,733,True,22733,22733,91.03001812496586
734,ea4b12f5-f1b3-4aeb-a6f7-e44821e92ba8,6,734,True,22760,22760,103.81866786244791
735,ea4b12f5-f1b3-4aeb-a6f7-e44821e92ba8,6,735,True,22788,22788,85.72691483867675
736,ea4b12f5-f1b3-4aeb-a6f7-e44821e92ba8,6,736,True,22821,22821,103.25588396542662
737,ea4b12f5-f1b3-4aeb-a6f7-e44821e92ba8,6,737,True,22847,22847,88.29708733707957
738,ea4b12f5-f1b3-4aeb-a6f7-e44821e92ba8,6,738,True,22880,22880,105.94038062694744
739,ea4b12f5-f1b3-4aeb-a6f7-e44821e92ba8,6,739,True,22914,22914,112.69524469893076
740,ea4b12f5-f1b3-4aeb-a6f7-e44821e92ba8,6,740,True,22951,22951,91.26675345420881
741,ea4b12f5-f1b3-4aeb-a6f7-e44821e92ba8,6,741,True,22984,22984,94.37607618529364
742,ea4b12f5-f1b3-4aeb-a6f7-e44821e92ba8,6,742,True,23021,23021,73.27001898942399
743,ea4b12f5-f1b3-4aeb-a6f7-e44821e92ba8,6,743,True,23045,23045,79.5361864977167
744,ea4b12f5-f1b3-4aeb-a6f7-e44821e92ba8,6,744,True,23086,23086,111.29657556566599
745,ea4b12f5-f1b3-4aeb-a6f7-e44821e92ba8,6,745,True,23115,23115,91.21535103677161
746,ea4b12f5-f1b3-4aeb-a6f7-e44821e92ba8,6,746,True,23145,23145,84.15243240200289
747,ea4b12f5-f1b3-4aeb-a6f7-e44821e92ba8,6,747,True,23188,23188,86.39658801097539
748,ea4b12f5-f1b3-4aeb-a6f7-e44821e92ba8,6,748,True,23212,23212,101.76592131021243
749,ea4b12f5-f1b3-4aeb-a6f7-e44821e92ba8,6,749,True,23251,23251,95.11242992612097
750,ea4b12f5-f1b3-4aeb-a6f7-e44821e92ba8,6,750,True,23278,23278,107.981771228031
751,ea4b12f5-f1b3-4aeb-a6f7-e44821e92ba8,6,751,True,23319,23319,83.60552607271893
752,ea4b12f5-f1b3-4aeb-a6f7-e44821e92ba8,6,752,True,23355,23355,92.08682981580569
753,ea4b12f5-f1b3-4aeb-a6f7-e44821e92ba8,6,753,True,23393,23393,82.64599205652485
754,ea4b12f5-f1b3-4aeb-a6f7-e44821e92ba8,6,754,True,23429,23429,77.23881902470748
755,ea4b12f5-f1b3-4aeb-a6f7-e44821e92ba8,6,755,True,23454,23454,84.6861930203122
756,ea4b12f5-f1b3-4aeb-a6f7-e44821e92ba8,6,756,True,23472,23472,83.24788360765524
757,ea4b12f5-f1b3-4aeb-a6f7-e44821e92ba8,6,757,True,23496,23496,91.89688447994922
758,ea4b12f5-f1b3-4aeb-a6f7-e44821e92ba8,6,758,True,23533,23533,85.06092623510267
759,ea4b12f5-f1b3-4aeb-a6f7-e44821e92ba8,6,759,True,23564,23564,86.22262750294249
760,ea4b12f5-f1b3-4aeb-a6f7-e44821e92ba8,6,760,True,23599,23599,85.28942050967089
761,ea4b12f5-f1b3-4aeb-a6f7-e44821e92ba8,6,761,True,23632,23632,94.22600197388238
762,ea4b12f5-f1b3-4aeb-a6f7-e44821e92ba8,6,762,True,23660,23660,79.84513470636739
763,ea4b12f5-f1b3-4aeb-a6f7-e44821e92ba8,6,763,True,23694,23694,90.42810000902682
764,ea4b12f5-f1b3-4aeb-a6f7-e44821e92ba8,6,764,True,23727,23727,81.03258644025118
765,ea4b12f5-f1b3-4aeb-a6f7-e44821e92ba8,6,765,True,23752,23752,87.91748287151495
766,ea4b12f5-f1b3-4aeb-a6f7-e44821e92ba8,6,766,True,23775,23775,98.81739368972558
767,ea4b12f5-f1b3-4aeb-a6f7-e44821e92ba8,6,767,True,23812,23812,88.85026722018665
768,ea4b12f5-f1b3-4aeb-a6f7-e44821e92ba8,6,768,True,23844,23844,85.66813403042033
769,ea4b12f5-f1b3-4aeb-a6f7-e44821e92ba8,6,769,True,23877,23877,86.30328623671085
770,ea4b12f5-f1b3-4aeb-a6f7-e44821e92ba8,6,770,True,23906,23906,97.93441744641314
771,ea4b12f5-f1b3-4aeb-a6f7-e44821e92ba8,6,771,True,23938,23938,104.82850492988655
772,ea4b12f5-f1b3-4aeb-a6f7-e44821e92ba8,6,772,True,23974,23974,77.82858373907948
773,ea4b12f5-f1b3-4aeb-a6f7-e44821e92ba8,6,773,True,24009,24009,118.18423741618244
774,ea4b12f5-f1b3-4aeb-a6f7-e44821e92ba8,6,774,True,24054,24054,99.9865133703388
775,ea4b12f5-f1b3-4aeb-a6f7-e44821e92ba8,6,775,True,24082,24082,98.63130629983425
776,ea4b12f5-f1b3-4aeb-a6f7-e44821e92ba8,6,776,True,24110,24110,96.55746465584889
777,ea4b12f5-f1b3-4aeb-a6f7-e44821e92ba8,6,777,True,24140,24140,90.08146465063328
778,ea4b12f5-f1b3-4aeb-a6f7-e44821e92ba8,6,778,True,24179,24179,82.44727321356913
779,ea4b12f5-f1b3-4aeb-a6f7-e44821e92ba8,6,779,True,24208,24208,72.81153293546595
780,ea4b12f5-f1b3-4aeb-a6f7-e44821e92ba8,6,780,True,24243,24243,73.81648985327774
781,ea4b12f5-f1b3-4aeb-a6f7-e44821e92ba8,6,781,True,24276,24276,68.26279433273885
782,ea4b12f5-f1b3-4aeb-a6f7-e44821e92ba8,6,782,True,24313,24313,75.84791775316626
783,ea4b12f5-f1b3-4aeb-a6f7-e44821e92ba8,6,783,True,24346,24346,67.93848459467699
784,ea4b12f5-f1b3-4aeb-a6f7-e44821e92ba8,6,784,True,24380,24380,79.17618547069651
785,ea4b12f5-f1b3-4aeb-a6f7-e44821e92ba8,6,785,True,24413,24413,79.31562533769466
786,ea4b12f5-f1b3-4aeb-a6f7-e44821e92ba8,6,786,True,24445,24445,72.22344379399874
787,ea4b12f5-f1b3-4aeb-a6f7-e44821e92ba8,6,787,True,24479,24479,78.30904576393368
788,ea4b12f5-f1b3-4aeb-a6f7-e44821e92ba8,6,788,True,24506,24506,79.94430044663022
789,ea4b12f5-f1b3-4aeb-a6f7-e44821e92ba8,6,789,True,24537,24537,65.83711397807929
790,ea4b12f5-f1b3-4aeb-a6f7-e44821e92ba8,6,790,True,24557,24557,80.88604134077468
791,ea4b12f5-f1b3-4aeb-a6f7-e44821e92ba8,6,791,True,24593,24593,84.99717892707122
792,ea4b12f5-f1b3-4aeb-a6f7-e44821e92ba8,6,792,True,24629,24629,81.78720840106325
793,ea4b12f5-f1b3-4aeb-a6f7-e44821e92ba8,6,793,True,24659,24659,108.1338247131971
794,ea4b12f5-f1b3-4aeb-a6f7-e44821e92ba8,6,794,True,24687,24687,118.42085586638495
795,ea4b12f5-f1b3-4aeb-a6f7-e44821e92ba8,6,795,True,24709,24709,149.19711848368388
796,ea4b12f5-f1b3-4aeb-a6f7-e44821e92ba8,6,796,True,24742,24742,116.19711848368388
797,ea4b12f5-f1b3-4aeb-a6f7-e44821e92ba8,6,797,True,24776,24776,107.02534652163013
798,ea4b12f5-f1b3-4aeb-a6f7-e44821e92ba8,6,798,True,24809,24809,95.87250333542761
799,ea4b12f5-f1b3-4aeb-a6f7-e44821e92ba8,6,799,True,24832,24832,120.23272333517889
800,ea4b12f5-f1b3-4aeb-a6f7-e44821e92ba8,6,800,True,24870,24870,112.21874960577043
801,ea4b12f5-f1b3-4aeb-a6f7-e44821e92ba8,6,801,True,24902,24902,107.06101167095403
802,ea4b12f5-f1b3-4aeb-a6f7-e44821e92ba8,6,802,True,24927,24927,106.55900156378993
803,ea4b12f5-f1b3-4aeb-a6f7-e44821e92ba8,6,803,True,24955,24955,109.23936122570376
804,ea4b12f5-f1b3-4aeb-a6f7-e44821e92ba8,6,804,True,24982,24982,100.30051454972272
805,ea4b12f5-f1b3-4aeb-a6f7-e44821e92ba8,6,805,True,25010,25010,99.12185671618863
806,ea4b12f5-f1b3-4aeb-a6f7-e44821e92ba8,6,806,True,25037,25037,128.65757423306786
807,ea4b12f5-f1b3-4aeb-a6f7-e44821e92ba8,6,807,True,25062,25062,146.1402846452329
808,ea4b12f5-f1b3-4aeb-a6f7-e44821e92ba8,6,808,True,25092,25092,129.45762904139337
809,ea4b12f5-f1b3-4aeb-a6f7-e44821e92ba8,6,809,True,25116,25116,154.0226632813683
810,ea4b12f5-f1b3-4aeb-a6f7-e44821e92ba8,6,810,True,25151,25151,111.11563701770865
811,ea4b12f5-f1b3-4aeb-a6f7-e44821e92ba8,6,811,True,25181,25181,107.00227690272004
812,ea4b12f5-f1b3-4aeb-a6f7-e44821e92ba8,6,812,True,25217,25217,95.6155532214143
813,ea4b12f5-f1b3-4aeb-a6f7-e44821e92ba8,6,813,True,25250,25250,90.48206100159587
814,ea4b12f5-f1b3-4aeb-a6f7-e44821e92ba8,6,814,True,25286,25286,79.35754726638334
815,ea4b12f5-f1b3-4aeb-a6f7-e44821e92ba8,6,815,True,25331,25331,74.87069479865022
816,ea4b12f5-f1b3-4aeb-a6f7-e44821e92ba8,6,816,True,25351,25351,70.33361797990801
817,ea4b12f5-f1b3-4aeb-a6f7-e44821e92ba8,6,817,True,25378,25378,85.16528026597007
818,ea4b12f5-f1b3-4aeb-a6f7-e44821e92ba8,6,818,True,25418,25418,70.14109555641699
819,ea4b12f5-f1b3-4aeb-a6f7-e44821e92ba8,6,819,True,25445,25445,62.791227947913285
820,ea4b12f5-f1b3-4aeb-a6f7-e44821e92ba8,6,820,True,25475,25475,72.26737321101973
821,ea4b12f5-f1b3-4aeb-a6f7-e44821e92ba8,6,821,True,25495,25495,80.31286408533924
822,ea4b12f5-f1b3-4aeb-a6f7-e44821e92ba8,6,822,True,25510,25510,80.21068620864389
823,ea4b12f5-f1b3-4aeb-a6f7-e44821e92ba8,6,823,True,25550,25550,69.50793352036999
824,ea4b12f5-f1b3-4aeb-a6f7-e44821e92ba8,6,824,True,25582,25582,79.53126317443821
825,ea4b12f5-f1b3-4aeb-a6f7-e44821e92ba8,6,825,True,25611,25611,73.98996118594368
826,ea4b12f5-f1b3-4aeb-a6f7-e44821e92ba8,6,826,True,25657,25657,73.21828643741173
827,ea4b12f5-f1b3-4aeb-a6f7-e44821e92ba8,6,827,True,25699,25699,67.50410343887779
828,ea4b12f5-f1b3-4aeb-a6f7-e44821e92ba8,6,828,True,25729,25729,71.81029788457454
829,ea4b12f5-f1b3-4aeb-a6f7-e44821e92ba8,6,829,True,25756,25756,77.72142531449572
830,ea4b12f5-f1b3-4aeb-a6f7-e44821e92ba8,6,830,True,25782,25782,79.79814330864247
831,ea4b12f5-f1b3-4aeb-a6f7-e44821e92ba8,6,831,True,25815,25815,90.32843849095661
832,ea4b12f5-f1b3-4aeb-a6f7-e44821e92ba8,6,832,True,25838,25838,108.97487788731087
833,ea4b12f5-f1b3-4aeb-a6f7-e44821e92ba8,6,833,True,25864,25864,86.08633242907308
834,ea4b12f5-f1b3-4aeb-a6f7-e44821e92ba8,6,834,True,25902,25902,93.66881504870253
835,ea4b12f5-f1b3-4aeb-a6f7-e44821e92ba8,6,835,True,25934,25934,88.22134621130681
836,ea4b12f5-f1b3-4aeb-a6f7-e44821e92ba8,6,836,True,25972,25972,88.54203985951972
837,ea4b12f5-f1b3-4aeb-a6f7-e44821e92ba8,6,837,True,25993,25993,86.60662535898882
838,ea4b12f5-f1b3-4aeb-a6f7-e44821e92ba8,6,838,True,26025,26025,91.24958352778413
839,ea4b12f5-f1b3-4aeb-a6f7-e44821e92ba8,6,839,True,26055,26055,92.13958136130532
840,ea4b12f5-f1b3-4aeb-a6f7-e44821e92ba8,6,840,True,26093,26093,80.39036295612823
841,ea4b12f5-f1b3-4aeb-a6f7-e44821e92ba8,6,841,True,26124,26124,85.10587920869511
842,ea4b12f5-f1b3-4aeb-a6f7-e44821e92ba8,6,842,True,26158,26158,84.3633704348249
843,ea4b12f5-f1b3-4aeb-a6f7-e44821e92ba8,6,843,True,26178,26178,91.35441936883217
844,ea4b12f5-f1b3-4aeb-a6f7-e44821e92ba8,6,844,True,26215,26215,90.14061448693246
845,ea4b12f5-f1b3-4aeb-a6f7-e44821e92ba8,6,845,True,26241,26241,99.47798999239603
846,ea4b12f5-f1b3-4aeb-a6f7-e44821e92ba8,6,846,True,26266,26266,99.32630303600308
847,ea4b12f5-f1b3-4aeb-a6f7-e44821e92ba8,6,847,True,26302,26302,95.01980436177473
848,ea4b12f5-f1b3-4aeb-a6f7-e44821e92ba8,6,848,True,26328,26328,99.93893038631722
849,ea4b12f5-f1b3-4aeb-a6f7-e44821e92ba8,6,849,True,26355,26355,99.83167739716009
850,ea4b12f5-f1b3-4aeb-a6f7-e44821e92ba8,6,850,True,26386,26386,95.49135616819694
851,ea4b12f5-f1b3-4aeb-a6f7-e44821e92ba8,6,851,True,26418,26418,122.09147542507344
852,ea4b12f5-f1b3-4aeb-a6f7-e44821e92ba8,6,852,True,26441,26441,89.78108456058908
853,ea4b12f5-f1b3-4aeb-a6f7-e44821e92ba8,6,853,True,26478,26478,106.11849986969901
854,ea4b12f5-f1b3-4aeb-a6f7-e44821e92ba8,6,854,True,26504,26504,107.33488280960592
855,ea4b12f5-f1b3-4aeb-a6f7-e44821e92ba8,6,855,True,26532,26532,90.7857329192193
856,ea4b12f5-f1b3-4aeb-a6f7-e44821e92ba8,6,856,True,26564,26564,93.46050965395625
857,ea4b12f5-f1b3-4aeb-a6f7-e44821e92ba8,6,857,True,26601,26601,82.40306678988782
858,ea4b12f5-f1b3-4aeb-a6f7-e44821e92ba8,6,858,True,26642,26642,85.55751238493394
859,ea4b12f5-f1b3-4aeb-a6f7-e44821e92ba8,6,859,True,26667,26667,90.93247261323995
860,ea4b12f5-f1b3-4aeb-a6f7-e44821e92ba8,6,860,True,26703,26703,92.42787476184458
861,ea4b12f5-f1b3-4aeb-a6f7-e44821e92ba8,6,861,True,26727,26727,123.07963262590783
862,ea4b12f5-f1b3-4aeb-a6f7-e44821e92ba8,6,862,True,26761,26761,108.86716876183345
863,ea4b12f5-f1b3-4aeb-a6f7-e44821e92ba8,6,863,True,26791,26791,137.65048283810393
864,ea4b12f5-f1b3-4aeb-a6f7-e44821e92ba8,6,864,True,26813,26813,112.78097861949573
865,ea4b12f5-f1b3-4aeb-a6f7-e44821e92ba8,6,865,True,26850,26850,115.29665511493658
866,ea4b12f5-f1b3-4aeb-a6f7-e44821e92ba8,6,866,True,26897,26897,102.25607034303175
867,ea4b12f5-f1b3-4aeb-a6f7-e44821e92ba8,6,867,True,26930,26930,84.87125911168914
868,ea4b12f5-f1b3-4aeb-a6f7-e44821e92ba8,6,868,True,26969,26969,71.0072394603776
869,ea4b12f5-f1b3-4aeb-a6f7-e44821e92ba8,6,869,True,26994,26994,71.00324165961865
870,ea4b12f5-f1b3-4aeb-a6f7-e44821e92ba8,6,870,True,27026,27026,76.6572995295719
871,ea4b12f5-f1b3-4aeb-a6f7-e44821e92ba8,6,871,True,27063,27063,72.25003055827983
872,ea4b12f5-f1b3-4aeb-a6f7-e44821e92ba8,6,872,True,27098,27098,80.48553010501928
873,ea4b12f5-f1b3-4aeb-a6f7-e44821e92ba8,6,873,True,27129,27129,72.50579397540423
874,ea4b12f5-f1b3-4aeb-a6f7-e44821e92ba8,6,874,True,27160,27160,80.17317701103457
875,ea4b12f5-f1b3-4aeb-a6f7-e44821e92ba8,6,875,True,27191,27191,79.68757226552043
876,ea4b12f5-f1b3-4aeb-a6f7-e44821e92ba8,6,876,True,27219,27219,84.2156496943353
877,ea4b12f5-f1b3-4aeb-a6f7-e44821e92ba8,6,877,True,27254,27254,90.6806527942972
878,ea4b12f5-f1b3-4aeb-a6f7-e44821e92ba8,6,878,True,27277,27277,95.46341651857801
879,ea4b12f5-f1b3-4aeb-a6f7-e44821e92ba8,6,879,True,27301,27301,95.24993313187952
880,ea4b12f5-f1b3-4aeb-a6f7-e44821e92ba8,6,880,True,27331,27331,79.85526581707381
881,ea4b12f5-f1b3-4aeb-a6f7-e44821e92ba8,6,881,True,27365,27365,81.12415731757574
882,ea4b12f5-f1b3-4aeb-a6f7-e44821e92ba8,6,882,True,27394,27394,77.53273218316099
883,ea4b12f5-f1b3-4aeb-a6f7-e44821e92ba8,6,883,True,27427,27427,80.62434695699994
884,ea4b12f5-f1b3-4aeb-a6f7-e44821e92ba8,6,884,True,27461,27461,88.50898432700706
885,ea4b12f5-f1b3-4aeb-a6f7-e44821e92ba8,6,885,True,27495,27495,83.89938179789169
886,ea4b12f5-f1b3-4aeb-a6f7-e44821e92ba8,6,886,True,27521,27521,65.43227084424507
887,ea4b12f5-f1b3-4aeb-a6f7-e44821e92ba8,6,887,True,27548,27548,70.82689322836086
888,ea4b12f5-f1b3-4aeb-a6f7-e44821e92ba8,6,888,True,27583,27583,85.85244550615243
889,ea4b12f5-f1b3-4aeb-a6f7-e44821e92ba8,6,889,True,27611,27611,67.79522299766904
890,ea4b12f5-f1b3-4aeb-a6f7-e44821e92ba8,6,890,True,27647,27647,77.76175491992399
891,ea4b12f5-f1b3-4aeb-a6f7-e44821e92ba8,6,891,True,27674,27674,59.647148328884214
892,ea4b12f5-f1b3-4aeb-a6f7-e44821e92ba8,6,892,True,27708,27708,78.40890838987252
893,ea4b12f5-f1b3-4aeb-a6f7-e44821e92ba8,6,893,True,27731,27731,89.82150388233276
894,ea4b12f5-f1b3-4aeb-a6f7-e44821e92ba8,6,894,True,27762,27762,92.74027778084564
895,ea4b12f5-f1b3-4aeb-a6f7-e44821e92ba8,6,895,True,27794,27794,85.64859297323346
896,ea4b12f5-f1b3-4aeb-a6f7-e44821e92ba8,6,896,True,27845,27845,65.86402580943104
897,ea4b12f5-f1b3-4aeb-a6f7-e44821e92ba8,6,897,True,27875,27875,68.92526024015751
898,ea4b12f5-f1b3-4aeb-a6f7-e44821e92ba8,6,898,True,27902,27902,77.97276598363896
899,ea4b12f5-f1b3-4aeb-a6f7-e44821e92ba8,6,899,True,27930,27930,80.33305157745053
900,ea4b12f5-f1b3-4aeb-a6f7-e44821e92ba8,6,900,True,27965,27965,72.61040684926047
901,ea4b12f5-f1b3-4aeb-a6f7-e44821e92ba8,6,901,True,28002,28002,61.63736198271363
902,ea4b12f5-f1b3-4aeb-a6f7-e44821e92ba8,6,902,True,28041,28041,76.16605184714354
903,ea4b12f5-f1b3-4aeb-a6f7-e44821e92ba8,6,903,True,28076,28076,68.94257966572695
904,ea4b12f5-f1b3-4aeb-a6f7-e44821e92ba8,6,904,True,28098,28098,82.67145203712425
905,ea4b12f5-f1b3-4aeb-a6f7-e44821e92ba8,6,905,True,28126,28126,80.95020854807444
906,ea4b12f5-f1b3-4aeb-a6f7-e44821e92ba8,6,906,True,28154,28154,76.48638850544012
907,ea4b12f5-f1b3-4aeb-a6f7-e44821e92ba8,6,907,True,28189,28189,85.46817770121561
908,ea4b12f5-f1b3-4aeb-a6f7-e44821e92ba8,6,908,True,28223,28223,74.30294575900552
909,ea4b12f5-f1b3-4aeb-a6f7-e44821e92ba8,6,909,True,28262,28262,67.94638702716111
910,ea4b12f5-f1b3-4aeb-a6f7-e44821e92ba8,6,910,True,28283,28283,74.59677665206982
911,ea4b12f5-f1b3-4aeb-a6f7-e44821e92ba8,6,911,True,28320,28320,70.25014274695786
912,ea4b12f5-f1b3-4aeb-a6f7-e44821e92ba8,6,912,True,28358,28358,71.61265022445514
913,ea4b12f5-f1b3-4aeb-a6f7-e44821e92ba8,6,913,True,28391,28391,71.09394397697542
914,ea4b12f5-f1b3-4aeb-a6f7-e44821e92ba8,6,914,True,28425,28425,76.06113185792856
915,ea4b12f5-f1b3-4aeb-a6f7-e44821e92ba8,6,915,True,28464,28464,72.57450843623883
916,ea4b12f5-f1b3-4aeb-a6f7-e44821e92ba8,6,916,True,28495,28495,67.36982936953427
917,ea4b12f5-f1b3-4aeb-a6f7-e44821e92ba8,6,917,True,28523,28523,74.38170197547515
918,ea4b12f5-f1b3-4aeb-a6f7-e44821e92ba8,6,918,True,28559,28559,68.88430267422154
919,ea4b12f5-f1b3-4aeb-a6f7-e44821e92ba8,6,919,True,28598,28598,60.18274216574355
920,ea4b12f5-f1b3-4aeb-a6f7-e44821e92ba8,6,920,True,28631,28631,62.46847187885578
921,ea4b12f5-f1b3-4aeb-a6f7-e44821e92ba8,6,921,True,28664,28664,63.889816759434325
922,ea4b12f5-f1b3-4aeb-a6f7-e44821e92ba8,6,922,True,28691,28691,64.35277972649055
923,ea4b12f5-f1b3-4aeb-a6f7-e44821e92ba8,6,923,True,28714,28714,62.59319816690913
924,ea4b12f5-f1b3-4aeb-a6f7-e44821e92ba8,6,924,True,28745,28745,73.76372947502023
925,ea4b12f5-f1b3-4aeb-a6f7-e44821e92ba8,6,925,True,28789,28789,72.36924344155705
926,ea4b12f5-f1b3-4aeb-a6f7-e44821e92ba8,6,926,True,28824,28824,67.62010126778478
927,ea4b12f5-f1b3-4aeb-a6f7-e44821e92ba8,6,927,True,28857,28857,68.63657760032584
928,ea4b12f5-f1b3-4aeb-a6f7-e44821e92ba8,6,928,True,28884,28884,70.97610605316004
929,ea4b12f5-f1b3-4aeb-a6f7-e44821e92ba8,6,929,True,28915,28915,72.6490623042373
930,ea4b12f5-f1b3-4aeb-a6f7-e44821e92ba8,6,930,True,28939,28939,73.46411348163747
931,ea4b12f5-f1b3-4aeb-a6f7-e44821e92ba8,6,931,True,28970,28970,95.17290485414196
932,ea4b12f5-f1b3-4aeb-a6f7-e44821e92ba8,6,932,True,29003,29003,86.7969406746306
933,ea4b12f5-f1b3-4aeb-a6f7-e44821e92ba8,6,933,True,29029,29029,86.03489108409121
934,ea4b12f5-f1b3-4aeb-a6f7-e44821e92ba8,6,934,True,29055,29055,87.52125641704333
935,ea4b12f5-f1b3-4aeb-a6f7-e44821e92ba8,6,935,True,29078,29078,76.29766975532766
936,ea4b12f5-f1b3-4aeb-a6f7-e44821e92ba8,6,936,True,29115,29115,68.93425027988269
937,ea4b12f5-f1b3-4aeb-a6f7-e44821e92ba8,6,937,True,29146,29146,70.77100365541264
938,ea4b12f5-f1b3-4aeb-a6f7-e44821e92ba8,6,938,True,29188,29188,67.35767889842828
939,ea4b12f5-f1b3-4aeb-a6f7-e44821e92ba8,6,939,True,29210,29210,83.4453934871126
940,ea4b12f5-f1b3-4aeb-a6f7-e44821e92ba8,6,940,True,29233,29233,88.93282215961517
941,ea4b12f5-f1b3-4aeb-a6f7-e44821e92ba8,6,941,True,29264,29264,65.83884525525355
942,ea4b12f5-f1b3-4aeb-a6f7-e44821e92ba8,6,942,True,29295,29295,76.0233721468976
943,ea4b12f5-f1b3-4aeb-a6f7-e44821e92ba8,6,943,True,29322,29322,75.4374724723566
944,ea4b12f5-f1b3-4aeb-a6f7-e44821e92ba8,6,944,True,29352,29352,86.33899536804893
945,ea4b12f5-f1b3-4aeb-a6f7-e44821e92ba8,6,945,True,29392,29392,82.26809601696368
946,ea4b12f5-f1b3-4aeb-a6f7-e44821e92ba8,6,946,True,29425,29425,76.22392865609436
947,ea4b12f5-f1b3-4aeb-a6f7-e44821e92ba8,6,947,True,29462,29462,68.78823859653858
948,ea4b12f5-f1b3-4aeb-a6f7-e44821e92ba8,6,948,True,29495,29495,89.94496871401861
949,ea4b12f5-f1b3-4aeb-a6f7-e44821e92ba8,6,949,True,29522,29522,79.11560170302982
950,ea4b12f5-f1b3-4aeb-a6f7-e44821e92ba8,6,950,True,29555,29555,87.22291503292945
951,ea4b12f5-f1b3-4aeb-a6f7-e44821e92ba8,6,951,True,29578,29578,73.76758904255985
952,ea4b12f5-f1b3-4aeb-a6f7-e44821e92ba8,6,952,True,29608,29608,87.75583359929442
953,ea4b12f5-f1b3-4aeb-a6f7-e44821e92ba8,6,953,True,29631,29631,80.29169837901645
954,ea4b12f5-f1b3-4aeb-a6f7-e44821e92ba8,6,954,True,29667,29667,68.87679933663094
955,ea4b12f5-f1b3-4aeb-a6f7-e44821e92ba8,6,955,True,29689,29689,77.77745979410975
956,ea4b12f5-f1b3-4aeb-a6f7-e44821e92ba8,6,956,True,29732,29732,82.58408794132993
957,ea4b12f5-f1b3-4aeb-a6f7-e44821e92ba8,6,957,True,29766,29766,91.29610615236743
958,ea4b12f5-f1b3-4aeb-a6f7-e44821e92ba8,6,958,True,29799,29799,86.32093468015228
959,ea4b12f5-f1b3-4aeb-a6f7-e44821e92ba8,6,959,True,29832,29832,79.48334010476174
960,ea4b12f5-f1b3-4aeb-a6f7-e44821e92ba8,6,960,True,29865,29865,73.52721457025473
961,ea4b12f5-f1b3-4aeb-a6f7-e44821e92ba8,6,961,True,29900,29900,88.03572343063206
962,ea4b12f5-f1b3-4aeb-a6f7-e44821e92ba8,6,962,True,29940,29940,74.17257616327697
963,ea4b12f5-f1b3-4aeb-a6f7-e44821e92ba8,6,963,True,29972,29972,75.8700176381426
964,ea4b12f5-f1b3-4aeb-a6f7-e44821e92ba8,6,964,True,30000,30000,87.06630800678977
965,ea4b12f5-f1b3-4aeb-a6f7-e44821e92ba8,6,965,True,30032,30032,64.8921362116198
966,ea4b12f5-f1b3-4aeb-a6f7-e44821e92ba8,6,966,True,30056,30056,77.95686315015337
967,ea4b12f5-f1b3-4aeb-a6f7-e44821e92ba8,6,967,True,30085,30085,72.5368613415958
968,ea4b12f5-f1b3-4aeb-a6f7-e44821e92ba8,6,968,True,30119,30119,86.92359679657602
969,ea4b12f5-f1b3-4aeb-a6f7-e44821e92ba8,6,969,True,30153,30153,82.27197792359948
970,ea4b12f5-f1b3-4aeb-a6f7-e44821e92ba8,6,970,True,30187,30187,74.00663284755137
971,ea4b12f5-f1b3-4aeb-a6f7-e44821e92ba8,6,971,True,30215,30215,82.85957391460033
972,ea4b12f5-f1b3-4aeb-a6f7-e44821e92ba8,6,972,True,30245,30245,83.83161793271574
973,ea4b12f5-f1b3-4aeb-a6f7-e44821e92ba8,6,973,True,30286,30286,108.39801264178459
974,ea4b12f5-f1b3-4aeb-a6f7-e44821e92ba8,6,974,True,30314,30314,82.61157362984159
975,ea4b12f5-f1b3-4aeb-a6f7-e44821e92ba8,6,975,True,30343,30343,89.87326280588968
976,ea4b12f5-f1b3-4aeb-a6f7-e44821e92ba8,6,976,True,30378,30378,103.57400614547441
977,ea4b12f5-f1b3-4aeb-a6f7-e44821e92ba8,6,977,True,30407,30407,105.65432600950226
978,ea4b12f5-f1b3-4aeb-a6f7-e44821e92ba8,6,978,True,30437,30437,92.93342961686358
979,ea4b12f5-f1b3-4aeb-a6f7-e44821e92ba8,6,979,True,30476,30476,79.62172233372621
980,ea4b12f5-f1b3-4aeb-a6f7-e44821e92ba8,6,980,True,30501,30501,78.55975091667642
981,ea4b12f5-f1b3-4aeb-a6f7-e44821e92ba8,6,981,True,30535,30535,85.61061999198137
982,ea4b12f5-f1b3-4aeb-a6f7-e44821e92ba8,6,982,True,30563,30563,102.26124067119235
983,ea4b12f5-f1b3-4aeb-a6f7-e44821e92ba8,6,983,True,30593,30593,80.50621422384938
984,ea4b12f5-f1b3-4aeb-a6f7-e44821e92ba8,6,984,True,30627,30627,96.29634962406635
985,ea4b12f5-f1b3-4aeb-a6f7-e44821e92ba8,6,985,True,30656,30656,87.89767672119706
986,ea4b12f5-f1b3-4aeb-a6f7-e44821e92ba8,6,986,True,30690,30690,78.25686099419909
987,ea4b12f5-f1b3-4aeb-a6f7-e44821e92ba8,6,987,True,30721,30721,79.50811482626887
988,ea4b12f5-f1b3-4aeb-a6f7-e44821e92ba8,6,988,True,30750,30750,80.55307109641217
989,ea4b12f5-f1b3-4aeb-a6f7-e44821e92ba8,6,989,True,30775,30775,73.54893891665779
990,ea4b12f5-f1b3-4aeb-a6f7-e44821e92ba8,6,990,True,30811,30811,88.68207798590447
991,ea4b12f5-f1b3-4aeb-a6f7-e44821e92ba8,6,991,True,30839,30839,79.66926968789267
992,ea4b12f5-f1b3-4aeb-a6f7-e44821e92ba8,6,992,True,30867,30867,77.21428738027316
993,ea4b12f5-f1b3-4aeb-a6f7-e44821e92ba8,6,993,True,30900,30900,77.68382768069569
994,ea4b12f5-f1b3-4aeb-a6f7-e44821e92ba8,6,994,True,30946,30946,70.96578580220375
995,ea4b12f5-f1b3-4aeb-a6f7-e44821e92ba8,6,995,True,30975,30975,72.17017709236097
996,ea4b12f5-f1b3-4aeb-a6f7-e44821e92ba8,6,996,True,31007,31007,68.98332093629142
997,ea4b12f5-f1b3-4aeb-a6f7-e44821e92ba8,6,997,True,31039,31039,91.51781927892807
998,ea4b12f5-f1b3-4aeb-a6f7-e44821e92ba8,6,998,True,31069,31069,88.11900155037802
999,ea4b12f5-f1b3-4aeb-a6f7-e44821e92ba8,6,999,True,31096,31096,87.71732198175232
1000,5423f654-ae20-44f1-a78a-07cd67c30854,7,1000,True,20,20,78.85829886924586
1001,5423f654-ae20-44f1-a78a-07cd67c30854,7,1001,True,52,52,71.41812417972315
1002,5423f654-ae20-44f1-a78a-07cd67c30854,7,1002,True,85,85,68.90470105477334
1003,5423f654-ae20-44f1-a78a-07cd67c30854,7,1003,True,115,115,74.477373729844
1004,5423f654-ae20-44f1-a78a-07cd67c30854,7,1004,True,146,146,88.1700025582281
1005,5423f654-ae20-44f1-a78a-07cd67c30854,7,1005,True,179,179,95.39508410875152
1006,5423f654-ae20-44f1-a78a-07cd67c30854,7,1006,True,212,212,85.93308817265893
1007,5423f654-ae20-44f1-a78a-07cd67c30854,7,1007,True,241,241,95.8016840877446
1008,5423f654-ae20-44f1-a78a-07cd67c30854,7,1008,True,272,272,89.32889355280884
1009,5423f654-ae20-44f1-a78a-07cd67c30854,7,1009,True,312,312,81.97162186521683
1010,5423f654-ae20-44f1-a78a-07cd67c30854,7,1010,True,344,344,86.15263955179955
1011,5423f654-ae20-44f1-a78a-07cd67c30854,7,1011,True,368,368,89.04550038557863
1012,5423f654-ae20-44f1-a78a-07cd67c30854,7,1012,True,392,392,90.79103545833772
1013,5423f654-ae20-44f1-a78a-07cd67c30854,7,1013,True,419,419,86.84830096757929
1014,5423f654-ae20-44f1-a78a-07cd67c30854,7,1014,True,462,462,83.89359053455473
1015,5423f654-ae20-44f1-a78a-07cd67c30854,7,1015,True,493,493,100.05679498930124
1016,5423f654-ae20-44f1-a78a-07cd67c30854,7,1016,True,526,526,91.37330055054849
1017,5423f654-ae20-44f1-a78a-07cd67c30854,7,1017,True,553,553,87.54187953830001
1018,5423f654-ae20-44f1-a78a-07cd67c30854,7,1018,True,589,589,76.82605791566766
1019,5423f654-ae20-44f1-a78a-07cd67c30854,7,1019,True,620,620,85.24377090091002
1020,5423f654-ae20-44f1-a78a-07cd67c30854,7,1020,True,652,652,77.17202852755133
1021,5423f654-ae20-44f1-a78a-07cd67c30854,7,1021,True,689,689,89.71282070365248
1022,5423f654-ae20-44f1-a78a-07cd67c30854,7,1022,True,721,721,80.22116182241109
1023,5423f654-ae20-44f1-a78a-07cd67c30854,7,1023,True,747,747,79.95294750728203
1024,5423f654-ae20-44f1-a78a-07cd67c30854,7,1024,True,785,785,76.07145471063643
1025,5423f654-ae20-44f1-a78a-07cd67c30854,7,1025,True,815,815,88.4406765952508
1026,5423f654-ae20-44f1-a78a-07cd67c30854,7,1026,True,848,848,88.35364389937945
1027,5423f654-ae20-44f1-a78a-07cd67c30854,7,1027,True,882,882,98.20983487090245
1028,5423f654-ae20-44f1-a78a-07cd67c30854,7,1028,True,916,916,73.68440420726324
1029,5423f654-ae20-44f1-a78a-07cd67c30854,7,1029,True,944,944,72.60222094422215
1030,5423f654-ae20-44f1-a78a-07cd67c30854,7,1030,True,981,981,70.60493965263936
1031,5423f654-ae20-44f1-a78a-07cd67c30854,7,1031,True,1015,1015,73.82264206168588
1032,5423f654-ae20-44f1-a78a-07cd67c30854,7,1032,True,1043,1043,75.91573786487584
1033,5423f654-ae20-44f1-a78a-07cd67c30854,7,1033,True,1078,1078,80.77402287516679
1034,5423f654-ae20-44f1-a78a-07cd67c30854,7,1034,True,1113,1113,72.30894777848857
1035,5423f654-ae20-44f1-a78a-07cd67c30854,7,1035,True,1149,1149,65.18836136824098
1036,5423f654-ae20-44f1-a78a-07cd67c30854,7,1036,True,1183,1183,72.97550335755386
1037,5423f654-ae20-44f1-a78a-07cd67c30854,7,1037,True,1221,1221,78.23267980455171
1038,5423f654-ae20-44f1-a78a-07cd67c30854,7,1038,True,1243,1243,79.01305164525502
1039,5423f654-ae20-44f1-a78a-07cd67c30854,7,1039,True,1264,1264,84.79801511924188
1040,5423f654-ae20-44f1-a78a-07cd67c30854,7,1040,True,1294,1294,68.8177084309018
1041,5423f654-ae20-44f1-a78a-07cd67c30854,7,1041,True,1323,1323,77.48014944866327
1042,5423f654-ae20-44f1-a78a-07cd67c30854,7,1042,True,1355,1355,90.09699809027347
1043,5423f654-ae20-44f1-a78a-07cd67c30854,7,1043,True,1376,1376,78.41577856940967
1044,5423f654-ae20-44f1-a78a-07cd67c30854,7,1044,True,1413,1413,95.32191081483734
1045,5423f654-ae20-44f1-a78a-07cd67c30854,7,1045,True,1432,1432,94.46273916826362
1046,5423f654-ae20-44f1-a78a-07cd67c30854,7,1046,True,1462,1462,86.63078405491501
1047,5423f654-ae20-44f1-a78a-07cd67c30854,7,1047,True,1488,1488,93.69989006705146
1048,5423f654-ae20-44f1-a78a-07cd67c30854,7,1048,True,1518,1518,105.94551913262353
1049,5423f654-ae20-44f1-a78a-07cd67c30854,7,1049,True,1546,1546,104.14033685244635
1050,5423f654-ae20-44f1-a78a-07cd67c30854,7,1050,True,1572,1572,93.00664436347483
1051,5423f654-ae20-44f1-a78a-07cd67c30854,7,1051,True,1601,1601,107.41807638898331
1052,5423f654-ae20-44f1-a78a-07cd67c30854,7,1052,True,1625,1625,100.61065899741811
1053,5423f654-ae20-44f1-a78a-07cd67c30854,7,1053,True,1656,1656,100.52170997700387
1054,5423f654-ae20-44f1-a78a-07cd67c30854,7,1054,True,1689,1689,100.23678954613479
1055,5423f654-ae20-44f1-a78a-07cd67c30854,7,1055,True,1710,1710,101.44893229128888
1056,5423f654-ae20-44f1-a78a-07cd67c30854,7,1056,True,1737,1737,94.23859001339065
1057,5423f654-ae20-44f1-a78a-07cd67c30854,7,1057,True,1774,1774,85.038046646873
1058,5423f654-ae20-44f1-a78a-07cd67c30854,7,1058,True,1806,1806,95.48227219706337
1059,5423f654-ae20-44f1-a78a-07cd67c30854,7,1059,True,1830,1830,85.63952063339525
1060,5423f654-ae20-44f1-a78a-07cd67c30854,7,1060,True,1857,1857,100.15389459261473
1061,5423f654-ae20-44f1-a78a-07cd67c30854,7,1061,True,1884,1884,96.9521921754224
1062,5423f654-ae20-44f1-a78a-07cd67c30854,7,1062,True,1917,1917,83.15485117163325
1063,5423f654-ae20-44f1-a78a-07cd67c30854,7,1063,True,1953,1953,95.01568959646693
1064,5423f654-ae20-44f1-a78a-07cd67c30854,7,1064,True,1971,1971,104.97128348382103
1065,5423f654-ae20-44f1-a78a-07cd67c30854,7,1065,True,2006,2006,96.04252875427755
1066,5423f654-ae20-44f1-a78a-07cd67c30854,7,1066,True,2044,2044,98.01885735486712
1067,5423f654-ae20-44f1-a78a-07cd67c30854,7,1067,True,2071,2071,103.36919621728475
1068,5423f654-ae20-44f1-a78a-07cd67c30854,7,1068,True,2099,2099,89.43424063824341
1069,5423f654-ae20-44f1-a78a-07cd67c30854,7,1069,True,2128,2128,88.5468989038427
1070,5423f654-ae20-44f1-a78a-07cd67c30854,7,1070,True,2166,2166,75.35109703660282
1071,5423f654-ae20-44f1-a78a-07cd67c30854,7,1071,True,2196,2196,76.70427923602847
1072,5423f654-ae20-44f1-a78a-07cd67c30854,7,1072,True,2218,2218,86.42752204866792
1073,5423f654-ae20-44f1-a78a-07cd67c30854,7,1073,True,2249,2249,85.22058467949773
1074,5423f654-ae20-44f1-a78a-07cd67c30854,7,1074,True,2282,2282,87.10592985101721
1075,5423f654-ae20-44f1-a78a-07cd67c30854,7,1075,True,2317,2317,78.70145236517692
1076,5423f654-ae20-44f1-a78a-07cd67c30854,7,1076,True,2361,2361,78.12264679327382
1077,5423f654-ae20-44f1-a78a-07cd67c30854,7,1077,True,2389,2389,81.91417824654263
1078,5423f654-ae20-44f1-a78a-07cd67c30854,7,1078,True,2425,2425,76.60836380013461
1079,5423f654-ae20-44f1-a78a-07cd67c30854,7,1079,True,2443,2443,76.72949933286691
1080,5423f654-ae20-44f1-a78a-07cd67c30854,7,1080,True,2488,2488,80.18424598086631
1081,5423f654-ae20-44f1-a78a-07cd67c30854,7,1081,True,2518,2518,99.26145426040148
1082,5423f654-ae20-44f1-a78a-07cd67c30854,7,1082,True,2544,2544,82.4141509389242
1083,5423f654-ae20-44f1-a78a-07cd67c30854,7,1083,True,2573,2573,96.95566073231976
1084,5423f654-ae20-44f1-a78a-07cd67c30854,7,1084,True,2609,2609,86.30492228906405
1085,5423f654-ae20-44f1-a78a-07cd67c30854,7,1085,True,2635,2635,95.21451832371804
1086,5423f654-ae20-44f1-a78a-07cd67c30854,7,1086,True,2666,2666,91.47935631256496
1087,5423f654-ae20-44f1-a78a-07cd67c30854,7,1087,True,2692,2692,74.62933079307959
1088,5423f654-ae20-44f1-a78a-07cd67c30854,7,1088,True,2725,2725,77.08044106174884
1089,5423f654-ae20-44f1-a78a-07cd67c30854,7,1089,True,2749,2749,86.12611316655375
1090,5423f654-ae20-44f1-a78a-07cd67c30854,7,1090,True,2784,2784,76.63149209399944
1091,5423f654-ae20-44f1-a78a-07cd67c30854,7,1091,True,2818,2818,92.38533512321328
1092,5423f654-ae20-44f1-a78a-07cd67c30854,7,1092,True,2853,2853,86.50169814389255
1093,5423f654-ae20-44f1-a78a-07cd67c30854,7,1093,True,2892,2892,83.55860093107685
1094,5423f654-ae20-44f1-a78a-07cd67c30854,7,1094,True,2921,2921,86.47318267606079
1095,5423f654-ae20-44f1-a78a-07cd67c30854,7,1095,True,2944,2944,83.99686404912563
1096,5423f654-ae20-44f1-a78a-07cd67c30854,7,1096,True,2971,2971,94.63081868364952
1097,5423f654-ae20-44f1-a78a-07cd67c30854,7,1097,True,2999,2999,110.939413670867
1098,5423f654-ae20-44f1-a78a-07cd67c30854,7,1098,True,3023,3023,104.64123746040468
1099,5423f654-ae20-44f1-a78a-07cd67c30854,7,1099,True,3054,3054,102.79804627075009
1100,5423f654-ae20-44f1-a78a-07cd67c30854,7,1100,True,3086,3086,113.79173146205085
1101,5423f654-ae20-44f1-a78a-07cd67c30854,7,1101,True,3132,3132,93.9604095880477
1102,5423f654-ae20-44f1-a78a-07cd67c30854,7,1102,True,3166,3166,84.05711690298722
1103,5423f654-ae20-44f1-a78a-07cd67c30854,7,1103,True,3202,3202,86.71337286980543
1104,5423f654-ae20-44f1-a78a-07cd67c30854,7,1104,True,3226,3226,82.82293846208586
1105,5423f654-ae20-44f1-a78a-07cd67c30854,7,1105,True,3262,3262,88.67333203493808
1106,5423f654-ae20-44f1-a78a-07cd67c30854,7,1106,True,3285,3285,93.36790884352058
1107,5423f654-ae20-44f1-a78a-07cd67c30854,7,1107,True,3321,3321,83.79205622132804
1108,5423f654-ae20-44f1-a78a-07cd67c30854,7,1108,True,3350,3350,79.22337031112784
1109,5423f654-ae20-44f1-a78a-07cd67c30854,7,1109,True,3388,3388,87.91188605277011
1110,5423f654-ae20-44f1-a78a-07cd67c30854,7,1110,True,3424,3424,78.25242779793734
1111,5423f654-ae20-44f1-a78a-07cd67c30854,7,1111,True,3453,3453,75.59802103911488
1112,5423f654-ae20-44f1-a78a-07cd67c30854,7,1112,True,3473,3473,81.01996470233325
1113,5423f654-ae20-44f1-a78a-07cd67c30854,7,1113,True,3500,3500,107.02638184941725
1114,5423f654-ae20-44f1-a78a-07cd67c30854,7,1114,True,3536,3536,95.7573504739139
1115,5423f654-ae20-44f1-a78a-07cd67c30854,7,1115,True,3582,3582,81.36882041260333
1116,5423f654-ae20-44f1-a78a-07cd67c30854,7,1116,True,3611,3611,78.60487004252946
1117,5423f654-ae20-44f1-a78a-07cd67c30854,7,1117,True,3637,3637,77.74896543563136
1118,5423f654-ae20-44f1-a78a-07cd67c30854,7,1118,True,3670,3670,72.92589055721237
1119,5423f654-ae20-44f1-a78a-07cd67c30854,7,1119,True,3702,3702,78.9190284032602
1120,5423f654-ae20-44f1-a78a-07cd67c30854,7,1120,True,3739,3739,95.2979027464894
1121,5423f654-ae20-44f1-a78a-07cd67c30854,7,1121,True,3768,3768,90.03243691531134
1122,5423f654-ae20-44f1-a78a-07cd67c30854,7,1122,True,3795,3795,80.65293612817732
1123,5423f654-ae20-44f1-a78a-07cd67c30854,7,1123,True,3836,3836,72.70406349210725
1124,5423f654-ae20-44f1-a78a-07cd67c30854,7,1124,True,3867,3867,82.14982774042528
1125,5423f654-ae20-44f1-a78a-07cd67c30854,7,1125,True,3902,3902,91.40432578944228
1126,5423f654-ae20-44f1-a78a-07cd67c30854,7,1126,True,3926,3926,79.14263325311276
1127,5423f654-ae20-44f1-a78a-07cd67c30854,7,1127,True,3959,3959,101.81225767480237
1128,5423f654-ae20-44f1-a78a-07cd67c30854,7,1128,True,3991,3991,96.0502300666667
1129,5423f654-ae20-44f1-a78a-07cd67c30854,7,1129,True,4022,4022,90.67973578594228
1130,5423f654-ae20-44f1-a78a-07cd67c30854,7,1130,True,4043,4043,97.65089535941024
1131,5423f654-ae20-44f1-a78a-07cd67c30854,7,1131,True,4080,4080,93.83338719972835
1132,5423f654-ae20-44f1-a78a-07cd67c30854,7,1132,True,4112,4112,88.28887357483563
1133,5423f654-ae20-44f1-a78a-07cd67c30854,7,1133,True,4130,4130,119.87471565938631
1134,5423f654-ae20-44f1-a78a-07cd67c30854,7,1134,True,4160,4160,114.6679860752829
1135,5423f654-ae20-44f1-a78a-07cd67c30854,7,1135,True,4198,4198,97.20676193890176
1136,5423f654-ae20-44f1-a78a-07cd67c30854,7,1136,True,4244,4244,79.87045273179592
1137,5423f654-ae20-44f1-a78a-07cd67c30854,7,1137,True,4276,4276,80.59595361653646
1138,5423f654-ae20-44f1-a78a-07cd67c30854,7,1138,True,4306,4306,78.45404637825504
1139,5423f654-ae20-44f1-a78a-07cd67c30854,7,1139,True,4327,4327,106.69745143237833
1140,5423f654-ae20-44f1-a78a-07cd67c30854,7,1140,True,4363,4363,98.0909779971671
1141,5423f654-ae20-44f1-a78a-07cd67c30854,7,1141,True,4394,4394,102.52287367318968
1142,5423f654-ae20-44f1-a78a-07cd67c30854,7,1142,True,4421,4421,100.0074766214484
1143,5423f654-ae20-44f1-a78a-07cd67c30854,7,1143,True,4455,4455,91.61281555547703
1144,5423f654-ae20-44f1-a78a-07cd67c30854,7,1144,True,4487,4487,87.58146872007273
1145,5423f654-ae20-44f1-a78a-07cd67c30854,7,1145,True,4518,4518,80.74933885637529
1146,5423f654-ae20-44f1-a78a-07cd67c30854,7,1146,True,4559,4559,86.45227507479831
1147,5423f654-ae20-44f1-a78a-07cd67c30854,7,1147,True,4592,4592,98.21847134683503
1148,5423f654-ae20-44f1-a78a-07cd67c30854,7,1148,True,4620,4620,79.75335247566727
1149,5423f654-ae20-44f1-a78a-07cd67c30854,7,1149,True,4655,4655,81.91704659466996
1150,5423f654-ae20-44f1-a78a-07cd67c30854,7,1150,True,4685,4685,76.62866391756597
1151,5423f654-ae20-44f1-a78a-07cd67c30854,7,1151,True,4716,4716,85.84424277445942
1152,5423f654-ae20-44f1-a78a-07cd67c30854,7,1152,True,4739,4739,81.7199333334911
1153,5423f654-ae20-44f1-a78a-07cd67c30854,7,1153,True,4768,4768,80.3767653413488
1154,5423f654-ae20-44f1-a78a-07cd67c30854,7,1154,True,4804,4804,87.38026584530508
1155,5423f654-ae20-44f1-a78a-07cd67c30854,7,1155,True,4833,4833,84.35886182868126
1156,5423f654-ae20-44f1-a78a-07cd67c30854,7,1156,True,4865,4865,79.11663018570653
1157,5423f654-ae20-44f1-a78a-07cd67c30854,7,1157,True,4901,4901,86.61945327696048
1158,5423f654-ae20-44f1-a78a-07cd67c30854,7,1158,True,4933,4933,83.53940430553212
1159,5423f654-ae20-44f1-a78a-07cd67c30854,7,1159,True,4967,4967,78.96508117201574
1160,5423f654-ae20-44f1-a78a-07cd67c30854,7,1160,True,4993,4993,80.86171068621934
1161,5423f654-ae20-44f1-a78a-07cd67c30854,7,1161,True,5016,5016,100.44028858842648
1162,5423f654-ae20-44f1-a78a-07cd67c30854,7,1162,True,5042,5042,92.27499553454709
1163,5423f654-ae20-44f1-a78a-07cd67c30854,7,1163,True,5058,5058,92.48734951200004
1164,5423f654-ae20-44f1-a78a-07cd67c30854,7,1164,True,5096,5096,99.96515972544057
1165,5423f654-ae20-44f1-a78a-07cd67c30854,7,1165,True,5140,5140,80.19416492719574
1166,5423f654-ae20-44f1-a78a-07cd67c30854,7,1166,True,5170,5170,89.62432275337505
1167,5423f654-ae20-44f1-a78a-07cd67c30854,7,1167,True,5201,5201,105.89246068704415
1168,5423f654-ae20-44f1-a78a-07cd67c30854,7,1168,True,5228,5228,90.04555209012142
1169,5423f654-ae20-44f1-a78a-07cd67c30854,7,1169,True,5267,5267,94.67780570992636
1170,5423f654-ae20-44f1-a78a-07cd67c30854,7,1170,True,5303,5303,93.61927811534224
1171,5423f654-ae20-44f1-a78a-07cd67c30854,7,1171,True,5334,5334,107.86880375340388
1172,5423f654-ae20-44f1-a78a-07cd67c30854,7,1172,True,5367,5367,99.24632089475836
1173,5423f654-ae20-44f1-a78a-07cd67c30854,7,1173,True,5395,5395,82.1867143203126
1174,5423f654-ae20-44f1-a78a-07cd67c30854,7,1174,True,5421,5421,79.06681585353908
1175,5423f654-ae20-44f1-a78a-07cd67c30854,7,1175,True,5452,5452,78.38679015592788
1176,5423f654-ae20-44f1-a78a-07cd67c30854,7,1176,True,5480,5480,102.51406230633347
1177,5423f654-ae20-44f1-a78a-07cd67c30854,7,1177,True,5516,5516,106.13212354282405
1178,5423f654-ae20-44f1-a78a-07cd67c30854,7,1178,True,5548,5548,90.228764797047
1179,5423f654-ae20-44f1-a78a-07cd67c30854,7,1179,True,5578,5578,87.04269813024257
1180,5423f654-ae20-44f1-a78a-07cd67c30854,7,1180,True,5602,5602,110.02149992539489
1181,5423f654-ae20-44f1-a78a-07cd67c30854,7,1181,True,5634,5634,87.91658350481339
1182,5423f654-ae20-44f1-a78a-07cd67c30854,7,1182,True,5683,5683,78.90563144650969
1183,5423f654-ae20-44f1-a78a-07cd67c30854,7,1183,True,5711,5711,81.33415949218033
1184,5423f654-ae20-44f1-a78a-07cd67c30854,7,1184,True,5737,5737,86.87624148767645
1185,5423f654-ae20-44f1-a78a-07cd67c30854,7,1185,True,5763,5763,102.93654178975885
1186,5423f654-ae20-44f1-a78a-07cd67c30854,7,1186,True,5798,5798,100.00393531774625
1187,5423f654-ae20-44f1-a78a-07cd67c30854,7,1187,True,5828,5828,106.02298009363221
1188,5423f654-ae20-44f1-a78a-07cd67c30854,7,1188,True,5856,5856,104.69846154717834
1189,5423f654-ae20-44f1-a78a-07cd67c30854,7,1189,True,5893,5893,114.18397636914233
1190,5423f654-ae20-44f1-a78a-07cd67c30854,7,1190,True,5922,5922,142.1979976170751
1191,5423f654-ae20-44f1-a78a-07cd67c30854,7,1191,True,5958,5958,133.31892877778773
1192,5423f654-ae20-44f1-a78a-07cd67c30854,7,1192,True,5991,5991,126.30973734920644
1193,5423f654-ae20-44f1-a78a-07cd67c30854,7,1193,True,6012,6012,131.2299522759722
1194,5423f654-ae20-44f1-a78a-07cd67c30854,7,1194,True,6047,6047,119.10663528532041
1195,5423f654-ae20-44f1-a78a-07cd67c30854,7,1195,True,6083,6083,109.71637563582408
1196,5423f654-ae20-44f1-a78a-07cd67c30854,7,1196,True,6127,6127,99.17836879440256
1197,5423f654-ae20-44f1-a78a-07cd67c30854,7,1197,True,6154,6154,110.88935704028609
1198,5423f654-ae20-44f1-a78a-07cd67c30854,7,1198,True,6182,6182,93.09875396907137
1199,5423f654-ae20-44f1-a78a-07cd67c30854,7,1199,True,6218,6218,104.75737606326402
1200,5423f654-ae20-44f1-a78a-07cd67c30854,7,1200,True,6249,6249,97.40928006485137
1201,5423f654-ae20-44f1-a78a-07cd67c30854,7,1201,True,6278,6278,92.70160140106327
1202,5423f654-ae20-44f1-a78a-07cd67c30854,7,1202,True,6315,6315,97.592017820828
1203,5423f654-ae20-44f1-a78a-07cd67c30854,7,1203,True,6350,6350,91.95469644554214
1204,5423f654-ae20-44f1-a78a-07cd67c30854,7,1204,True,6391,6391,78.47237349825718
1205,5423f654-ae20-44f1-a78a-07cd67c30854,7,1205,True,6418,6418,78.61139911600185
1206,5423f654-ae20-44f1-a78a-07cd67c30854,7,1206,True,6444,6444,91.158949988303
1207,5423f654-ae20-44f1-a78a-07cd67c30854,7,1207,True,6482,6482,81.02409605275534
1208,5423f654-ae20-44f1-a78a-07cd67c30854,7,1208,True,6517,6517,80.32611846722557
1209,5423f654-ae20-44f1-a78a-07cd67c30854,7,1209,True,6560,6560,89.69249503759056
1210,5423f654-ae20-44f1-a78a-07cd67c30854,7,1210,True,6589,6589,72.62801601353476
1211,5423f654-ae20-44f1-a78a-07cd67c30854,7,1211,True,6625,6625,69.35714278658543
1212,5423f654-ae20-44f1-a78a-07cd67c30854,7,1212,True,6654,6654,89.73777678422539
1213,5423f654-ae20-44f1-a78a-07cd67c30854,7,1213,True,6692,6692,80.80191663743608
1214,5423f654-ae20-44f1-a78a-07cd67c30854,7,1214,True,6722,6722,72.17417653762368
1215,5423f654-ae20-44f1-a78a-07cd67c30854,7,1215,True,6757,6757,101.070231552917
1216,5423f654-ae20-44f1-a78a-07cd67c30854,7,1216,True,6776,6776,92.204659444571
1217,5423f654-ae20-44f1-a78a-07cd67c30854,7,1217,True,6801,6801,97.07659929515012
1218,5423f654-ae20-44f1-a78a-07cd67c30854,7,1218,True,6833,6833,87.89023772073688
1219,5423f654-ae20-44f1-a78a-07cd67c30854,7,1219,True,6857,6857,82.47395483928722
1220,5423f654-ae20-44f1-a78a-07cd67c30854,7,1220,True,6882,6882,89.08511644607552
1221,5423f654-ae20-44f1-a78a-07cd67c30854,7,1221,True,6910,6910,79.44492613050443
1222,5423f654-ae20-44f1-a78a-07cd67c30854,7,1222,True,6944,6944,74.63426297047044
1223,5423f654-ae20-44f1-a78a-07cd67c30854,7,1223,True,6971,6971,82.63884867915203
1224,5423f654-ae20-44f1-a78a-07cd67c30854,7,1224,True,7003,7003,97.18155392291919
1225,5423f654-ae20-44f1-a78a-07cd67c30854,7,1225,True,7043,7043,91.97623220612513
1226,5423f654-ae20-44f1-a78a-07cd67c30854,7,1226,True,7077,7077,92.0171442201281
1227,5423f654-ae20-44f1-a78a-07cd67c30854,7,1227,True,7109,7109,89.73618951489334
1228,5423f654-ae20-44f1-a78a-07cd67c30854,7,1228,True,7137,7137,98.17002188147944
1229,5423f654-ae20-44f1-a78a-07cd67c30854,7,1229,True,7170,7170,97.88629296271756
1230,5423f654-ae20-44f1-a78a-07cd67c30854,7,1230,True,7205,7205,91.2406983200026
1231,5423f654-ae20-44f1-a78a-07cd67c30854,7,1231,True,7226,7226,81.4815009259828
1232,5423f654-ae20-44f1-a78a-07cd67c30854,7,1232,True,7253,7253,97.60633032414717
1233,5423f654-ae20-44f1-a78a-07cd67c30854,7,1233,True,7287,7287,90.22332642346373
1234,5423f654-ae20-44f1-a78a-07cd67c30854,7,1234,True,7307,7307,88.09585166104989
1235,5423f654-ae20-44f1-a78a-07cd67c30854,7,1235,True,7350,7350,95.03237996574535
1236,5423f654-ae20-44f1-a78a-07cd67c30854,7,1236,True,7384,7384,109.23728188863606
1237,5423f654-ae20-44f1-a78a-07cd67c30854,7,1237,True,7410,7410,107.35133665001194
1238,5423f654-ae20-44f1-a78a-07cd67c30854,7,1238,True,7446,7446,96.70657436107649
1239,5423f654-ae20-44f1-a78a-07cd67c30854,7,1239,True,7473,7473,131.32376743708483
1240,5423f654-ae20-44f1-a78a-07cd67c30854,7,1240,True,7494,7494,118.28428616932615
1241,5423f654-ae20-44f1-a78a-07cd67c30854,7,1241,True,7517,7517,144.74256823375345
1242,5423f654-ae20-44f1-a78a-07cd67c30854,7,1242,True,7552,7552,143.96099124034754
1243,5423f654-ae20-44f1-a78a-07cd67c30854,7,1243,True,7582,7582,151.83876660574697
1244,5423f654-ae20-44f1-a78a-07cd67c30854,7,1244,True,7611,7611,113.95063145648055
1245,5423f654-ae20-44f1-a78a-07cd67c30854,7,1245,True,7637,7637,140.2605784902771
1246,5423f654-ae20-44f1-a78a-07cd67c30854,7,1246,True,7664,7664,124.80445581456024
1247,5423f654-ae20-44f1-a78a-07cd67c30854,7,1247,True,7697,7697,125.08731517193155
1248,5423f654-ae20-44f1-a78a-07cd67c30854,7,1248,True,7725,7725,109.4455702684254
1249,5423f654-ae20-44f1-a78a-07cd67c30854,7,1249,True,7758,7758,122.79637175341486
1250,5423f654-ae20-44f1-a78a-07cd67c30854,7,1250,True,7792,7792,111.88792380648738
1251,5423f654-ae20-44f1-a78a-07cd67c30854,7,1251,True,7819,7819,110.1418418823423
1252,5423f654-ae20-44f1-a78a-07cd67c30854,7,1252,True,7854,7854,138.40252749657157
1253,5423f654-ae20-44f1-a78a-07cd67c30854,7,1253,True,7882,7882,135.26308441565743
1254,5423f654-ae20-44f1-a78a-07cd67c30854,7,1254,True,7915,7915,123.96414038532566
1255,5423f654-ae20-44f1-a78a-07cd67c30854,7,1255,True,7958,7958,106.25961357374217
1256,5423f654-ae20-44f1-a78a-07cd67c30854,7,1256,True,7984,7984,105.06303816248146
1257,5423f654-ae20-44f1-a78a-07cd67c30854,7,1257,True,8019,8019,99.35843116758679
1258,5423f654-ae20-44f1-a78a-07cd67c30854,7,1258,True,8049,8049,102.84053958154436
1259,5423f654-ae20-44f1-a78a-07cd67c30854,7,1259,True,8082,8082,99.2517545132232
1260,5423f654-ae20-44f1-a78a-07cd67c30854,7,1260,True,8112,8112,107.66529311008162
1261,5423f654-ae20-44f1-a78a-07cd67c30854,7,1261,True,8141,8141,110.77106511927013
1262,5423f654-ae20-44f1-a78a-07cd67c30854,7,1262,True,8166,8166,114.86986840483587
1263,5423f654-ae20-44f1-a78a-07cd67c30854,7,1263,True,8217,8217,107.5812355049602
1264,5423f654-ae20-44f1-a78a-07cd67c30854,7,1264,True,8239,8239,99.53829085260622
1265,5423f654-ae20-44f1-a78a-07cd67c30854,7,1265,True,8279,8279,104.11464534082916
1266,5423f654-ae20-44f1-a78a-07cd67c30854,7,1266,True,8306,8306,92.98333193372855
1267,5423f654-ae20-44f1-a78a-07cd67c30854,7,1267,True,8341,8341,111.46428231397476
1268,5423f654-ae20-44f1-a78a-07cd67c30854,7,1268,True,8374,8374,110.74116141199192
1269,5423f654-ae20-44f1-a78a-07cd67c30854,7,1269,True,8407,8407,105.2741358394178
1270,5423f654-ae20-44f1-a78a-07cd67c30854,7,1270,True,8442,8442,109.20577182775378
1271,5423f654-ae20-44f1-a78a-07cd67c30854,7,1271,True,8468,8468,109.44496706876998
1272,5423f654-ae20-44f1-a78a-07cd67c30854,7,1272,True,8503,8503,98.03092419495806
1273,5423f654-ae20-44f1-a78a-07cd67c30854,7,1273,True,8530,8530,90.8298107572191
1274,5423f654-ae20-44f1-a78a-07cd67c30854,7,1274,True,8557,8557,102.72955967472808
1275,5423f654-ae20-44f1-a78a-07cd67c30854,7,1275,True,8577,8577,93.17980356119006
1276,5423f654-ae20-44f1-a78a-07cd67c30854,7,1276,True,8612,8612,94.8073286059498
1277,5423f654-ae20-44f1-a78a-07cd67c30854,7,1277,True,8646,8646,129.6024866917487
1278,5423f654-ae20-44f1-a78a-07cd67c30854,7,1278,True,8688,8688,110.53479436966154
1279,5423f654-ae20-44f1-a78a-07cd67c30854,7,1279,True,8714,8714,110.87947571111727
1280,5423f654-ae20-44f1-a78a-07cd67c30854,7,1280,True,8749,8749,103.4010842660191
1281,5423f654-ae20-44f1-a78a-07cd67c30854,7,1281,True,8781,8781,108.58797608228087
1282,5423f654-ae20-44f1-a78a-07cd67c30854,7,1282,True,8810,8810,106.50239273669831
1283,5423f654-ae20-44f1-a78a-07cd67c30854,7,1283,True,8843,8843,99.94017086784697
1284,5423f654-ae20-44f1-a78a-07cd67c30854,7,1284,True,8870,8870,93.48339084389227
1285,5423f654-ae20-44f1-a78a-07cd67c30854,7,1285,True,8910,8910,102.57475386194892
1286,5423f654-ae20-44f1-a78a-07cd67c30854,7,1286,True,8946,8946,91.57327604797501
1287,5423f654-ae20-44f1-a78a-07cd67c30854,7,1287,True,8979,8979,85.49066300966842
1288,5423f654-ae20-44f1-a78a-07cd67c30854,7,1288,True,9014,9014,76.4671637548563
1289,5423f654-ae20-44f1-a78a-07cd67c30854,7,1289,True,9044,9044,78.18039294012124
1290,5423f654-ae20-44f1-a78a-07cd67c30854,7,1290,True,9086,9086,73.70181830545152
1291,5423f654-ae20-44f1-a78a-07cd67c30854,7,1291,True,9123,9123,82.17110641267573
1292,5423f654-ae20-44f1-a78a-07cd67c30854,7,1292,True,9153,9153,81.31986887760286
1293,5423f654-ae20-44f1-a78a-07cd67c30854,7,1293,True,9181,9181,78.28180954722484
1294,5423f654-ae20-44f1-a78a-07cd67c30854,7,1294,True,9201,9201,78.86025960396
1295,5423f654-ae20-44f1-a78a-07cd67c30854,7,1295,True,9242,9242,85.59362934893943
1296,5423f654-ae20-44f1-a78a-07cd67c30854,7,1296,True,9278,9278,86.08404978806902
1297,5423f654-ae20-44f1-a78a-07cd67c30854,7,1297,True,9312,9312,78.93370507684085
1298,5423f654-ae20-44f1-a78a-07cd67c30854,7,1298,True,9337,9337,80.95230551695568
1299,5423f654-ae20-44f1-a78a-07cd67c30854,7,1299,True,9358,9358,81.4084088211439
1300,5423f654-ae20-44f1-a78a-07cd67c30854,7,1300,True,9392,9392,99.35241786652477
1301,5423f654-ae20-44f1-a78a-07cd67c30854,7,1301,True,9429,9429,99.41536006202477
1302,5423f654-ae20-44f1-a78a-07cd67c30854,7,1302,True,9452,9452,87.17563497047013
1303,5423f654-ae20-44f1-a78a-07cd67c30854,7,1303,True,9480,9480,84.60945506101598
1304,5423f654-ae20-44f1-a78a-07cd67c30854,7,1304,True,9511,9511,100.4003261347043
1305,5423f654-ae20-44f1-a78a-07cd67c30854,7,1305,True,9540,9540,94.57654605167045
1306,5423f654-ae20-44f1-a78a-07cd67c30854,7,1306,True,9577,9577,90.08835768092467
1307,5423f654-ae20-44f1-a78a-07cd67c30854,7,1307,True,9605,9605,101.31108586945811
1308,5423f654-ae20-44f1-a78a-07cd67c30854,7,1308,True,9649,9649,79.73905407267557
1309,5423f654-ae20-44f1-a78a-07cd67c30854,7,1309,True,9678,9678,77.32343368825241
1310,5423f654-ae20-44f1-a78a-07cd67c30854,7,1310,True,9701,9701,86.2226928137843
1311,5423f654-ae20-44f1-a78a-07cd67c30854,7,1311,True,9733,9733,76.77955964216017
1312,5423f654-ae20-44f1-a78a-07cd67c30854,7,1312,True,9759,9759,92.49953272216044
1313,5423f654-ae20-44f1-a78a-07cd67c30854,7,1313,True,9793,9793,85.60723339142896
1314,5423f654-ae20-44f1-a78a-07cd67c30854,7,1314,True,9831,9831,70.70977076696545
1315,5423f654-ae20-44f1-a78a-07cd67c30854,7,1315,True,9861,9861,71.8650305304327
1316,5423f654-ae20-44f1-a78a-07cd67c30854,7,1316,True,9886,9886,80.0116005757136
1317,5423f654-ae20-44f1-a78a-07cd67c30854,7,1317,True,9911,9911,104.70286844694783
1318,5423f654-ae20-44f1-a78a-07cd67c30854,7,1318,True,9937,9937,111.9493538984807
1319,5423f654-ae20-44f1-a78a-07cd67c30854,7,1319,True,9962,9962,99.39151656586546
1320,5423f654-ae20-44f1-a78a-07cd67c30854,7,1320,True,9997,9997,134.23094374127322
1321,5423f654-ae20-44f1-a78a-07cd67c30854,7,1321,True,10028,10028,121.9373030554616
1322,5423f654-ae20-44f1-a78a-07cd67c30854,7,1322,True,10050,10050,119.9759736075448
1323,5423f654-ae20-44f1-a78a-07cd67c30854,7,1323,True,10077,10077,150.10001112000646
1324,5423f654-ae20-44f1-a78a-07cd67c30854,7,1324,True,10100,10100,93.73495362732501
1325,5423f654-ae20-44f1-a78a-07cd67c30854,7,1325,True,10131,10131,120.7671306080465
1326,5423f654-ae20-44f1-a78a-07cd67c30854,7,1326,True,10158,10158,103.23875782684445
1327,5423f654-ae20-44f1-a78a-07cd67c30854,7,1327,True,10187,10187,109.57177772969771
1328,5423f654-ae20-44f1-a78a-07cd67c30854,7,1328,True,10220,10220,104.6809009434528
1329,5423f654-ae20-44f1-a78a-07cd67c30854,7,1329,True,10250,10250,108.84491994098244
1330,5423f654-ae20-44f1-a78a-07cd67c30854,7,1330,True,10282,10282,100.92560801952095
1331,5423f654-ae20-44f1-a78a-07cd67c30854,7,1331,True,10317,10317,115.15119232965844
1332,5423f654-ae20-44f1-a78a-07cd67c30854,7,1332,True,10348,10348,96.62401893604329
1333,5423f654-ae20-44f1-a78a-07cd67c30854,7,1333,True,10387,10387,111.29768684807641
1334,5423f654-ae20-44f1-a78a-07cd67c30854,7,1334,True,10419,10419,105.84458654074842
1335,5423f654-ae20-44f1-a78a-07cd67c30854,7,1335,True,10452,10452,97.78263027196772
1336,5423f654-ae20-44f1-a78a-07cd67c30854,7,1336,True,10480,10480,98.54340474361561
1337,5423f654-ae20-44f1-a78a-07cd67c30854,7,1337,True,10514,10514,91.49841006113638
1338,5423f654-ae20-44f1-a78a-07cd67c30854,7,1338,True,10543,10543,91.61291115163112
1339,5423f654-ae20-44f1-a78a-07cd67c30854,7,1339,True,10569,10569,93.89916882156831
1340,5423f654-ae20-44f1-a78a-07cd67c30854,7,1340,True,10599,10599,97.44097258184229
1341,5423f654-ae20-44f1-a78a-07cd67c30854,7,1341,True,10635,10635,89.09211166139721
1342,5423f654-ae20-44f1-a78a-07cd67c30854,7,1342,True,10666,10666,97.93061041809051
1343,5423f654-ae20-44f1-a78a-07cd67c30854,7,1343,True,10699,10699,91.46036453363558
1344,5423f654-ae20-44f1-a78a-07cd67c30854,7,1344,True,10726,10726,95.95428241101581
1345,5423f654-ae20-44f1-a78a-07cd67c30854,7,1345,True,10761,10761,76.57335640216115
1346,5423f654-ae20-44f1-a78a-07cd67c30854,7,1346,True,10799,10799,87.17323838216726
1347,5423f654-ae20-44f1-a78a-07cd67c30854,7,1347,True,10827,10827,85.08291676956469
1348,5423f654-ae20-44f1-a78a-07cd67c30854,7,1348,True,10857,10857,98.3302726577258
1349,5423f654-ae20-44f1-a78a-07cd67c30854,7,1349,True,10888,10888,95.44448737593302
1350,5423f654-ae20-44f1-a78a-07cd67c30854,7,1350,True,10917,10917,89.56393796919292
1351,5423f654-ae20-44f1-a78a-07cd67c30854,7,1351,True,10957,10957,91.13182436686839
1352,5423f654-ae20-44f1-a78a-07cd67c30854,7,1352,True,10978,10978,98.67414986686344
1353,5423f654-ae20-44f1-a78a-07cd67c30854,7,1353,True,11007,11007,103.53294490601729
1354,5423f654-ae20-44f1-a78a-07cd67c30854,7,1354,True,11054,11054,81.54873229143595
1355,5423f654-ae20-44f1-a78a-07cd67c30854,7,1355,True,11088,11088,84.90532987601728
1356,5423f654-ae20-44f1-a78a-07cd67c30854,7,1356,True,11117,11117,97.14542304589304
1357,5423f654-ae20-44f1-a78a-07cd67c30854,7,1357,True,11149,11149,90.8657791331334
1358,5423f654-ae20-44f1-a78a-07cd67c30854,7,1358,True,11175,11175,95.84326640955442
1359,5423f654-ae20-44f1-a78a-07cd67c30854,7,1359,True,11204,11204,83.64261995970628
1360,5423f654-ae20-44f1-a78a-07cd67c30854,7,1360,True,11233,11233,83.94808750676384
1361,5423f654-ae20-44f1-a78a-07cd67c30854,7,1361,True,11268,11268,78.99893590112879
1362,5423f654-ae20-44f1-a78a-07cd67c30854,7,1362,True,11303,11303,70.62558042717137
1363,5423f654-ae20-44f1-a78a-07cd67c30854,7,1363,True,11329,11329,87.45934601075714
1364,5423f654-ae20-44f1-a78a-07cd67c30854,7,1364,True,11360,11360,78.09144297571402
1365,5423f654-ae20-44f1-a78a-07cd67c30854,7,1365,True,11392,11392,76.22380148087541
1366,5423f654-ae20-44f1-a78a-07cd67c30854,7,1366,True,11428,11428,80.82201093880576
1367,5423f654-ae20-44f1-a78a-07cd67c30854,7,1367,True,11464,11464,76.84443851890683
1368,5423f654-ae20-44f1-a78a-07cd67c30854,7,1368,True,11501,11501,75.17741603313516
1369,5423f654-ae20-44f1-a78a-07cd67c30854,7,1369,True,11525,11525,82.11072203036929
1370,5423f654-ae20-44f1-a78a-07cd67c30854,7,1370,True,11558,11558,88.8170758550732
1371,5423f654-ae20-44f1-a78a-07cd67c30854,7,1371,True,11583,11583,88.06991643638139
1372,5423f654-ae20-44f1-a78a-07cd67c30854,7,1372,True,11622,11622,85.63001129968143
1373,5423f654-ae20-44f1-a78a-07cd67c30854,7,1373,True,11662,11662,76.04006939297142
1374,5423f654-ae20-44f1-a78a-07cd67c30854,7,1374,True,11695,11695,77.67686647742812
1375,5423f654-ae20-44f1-a78a-07cd67c30854,7,1375,True,11734,11734,87.22525921275337
1376,5423f654-ae20-44f1-a78a-07cd67c30854,7,1376,True,11767,11767,76.07808729691715
1377,5423f654-ae20-44f1-a78a-07cd67c30854,7,1377,True,11798,11798,74.62140882855783
1378,5423f654-ae20-44f1-a78a-07cd67c30854,7,1378,True,11825,11825,73.23898910037678
1379,5423f654-ae20-44f1-a78a-07cd67c30854,7,1379,True,11853,11853,98.90059143238614
1380,5423f654-ae20-44f1-a78a-07cd67c30854,7,1380,True,11879,11879,100.2843662734067
1381,5423f654-ae20-44f1-a78a-07cd67c30854,7,1381,True,11919,11919,91.29413569944336
1382,5423f654-ae20-44f1-a78a-07cd67c30854,7,1382,True,11944,11944,89.95805984236358
1383,5423f654-ae20-44f1-a78a-07cd67c30854,7,1383,True,11979,11979,87.42802459833547
1384,5423f654-ae20-44f1-a78a-07cd67c30854,7,1384,True,12016,12016,76.54586593132262
1385,5423f654-ae20-44f1-a78a-07cd67c30854,7,1385,True,12053,12053,80.45719984112111
1386,5423f654-ae20-44f1-a78a-07cd67c30854,7,1386,True,12087,12087,82.91602328442241
1387,5423f654-ae20-44f1-a78a-07cd67c30854,7,1387,True,12129,12129,81.2795499226886
1388,5423f654-ae20-44f1-a78a-07cd67c30854,7,1388,True,12157,12157,76.03070600568753
1389,5423f654-ae20-44f1-a78a-07cd67c30854,7,1389,True,12183,12183,81.50664986832817
1390,5423f654-ae20-44f1-a78a-07cd67c30854,7,1390,True,12209,12209,76.94245675612365
1391,5423f654-ae20-44f1-a78a-07cd67c30854,7,1391,True,12236,12236,85.3981962340622
1392,5423f654-ae20-44f1-a78a-07cd67c30854,7,1392,True,12273,12273,79.01565177621524
1393,5423f654-ae20-44f1-a78a-07cd67c30854,7,1393,True,12309,12309,72.68666648360886
1394,5423f654-ae20-44f1-a78a-07cd67c30854,7,1394,True,12331,12331,79.41573771685216
1395,5423f654-ae20-44f1-a78a-07cd67c30854,7,1395,True,12360,12360,80.73383009501049
1396,5423f654-ae20-44f1-a78a-07cd67c30854,7,1396,True,12387,12387,80.96780284071065
1397,5423f654-ae20-44f1-a78a-07cd67c30854,7,1397,True,12415,12415,92.82036913880438
1398,5423f654-ae20-44f1-a78a-07cd67c30854,7,1398,True,12454,12454,80.9671406053858
1399,5423f654-ae20-44f1-a78a-07cd67c30854,7,1399,True,12481,12481,92.0297173542258
1400,5423f654-ae20-44f1-a78a-07cd67c30854,7,1400,True,12502,12502,98.22393734234356
1401,5423f654-ae20-44f1-a78a-07cd67c30854,7,1401,True,12529,12529,93.49946705477487
1402,5423f654-ae20-44f1-a78a-07cd67c30854,7,1402,True,12559,12559,89.46019480418727
1403,5423f654-ae20-44f1-a78a-07cd67c30854,7,1403,True,12595,12595,87.47048396957143
1404,5423f654-ae20-44f1-a78a-07cd67c30854,7,1404,True,12623,12623,81.77621600615203
1405,5423f654-ae20-44f1-a78a-07cd67c30854,7,1405,True,12649,12649,87.22518446142021
1406,5423f654-ae20-44f1-a78a-07cd67c30854,7,1406,True,12685,12685,65.72218709241497
1407,5423f654-ae20-44f1-a78a-07cd67c30854,7,1407,True,12721,12721,69.09423074791448
1408,5423f654-ae20-44f1-a78a-07cd67c30854,7,1408,True,12759,12759,78.15213214624055
1409,5423f654-ae20-44f1-a78a-07cd67c30854,7,1409,True,12791,12791,88.27816406678176
1410,5423f654-ae20-44f1-a78a-07cd67c30854,7,1410,True,12829,12829,84.65947777346082
1411,5423f654-ae20-44f1-a78a-07cd67c30854,7,1411,True,12865,12865,81.79454101388
1412,5423f654-ae20-44f1-a78a-07cd67c30854,7,1412,True,12900,12900,97.1881258802241
1413,5423f654-ae20-44f1-a78a-07cd67c30854,7,1413,True,12926,12926,81.73011154905907
1414,5423f654-ae20-44f1-a78a-07cd67c30854,7,1414,True,12967,12967,78.27514736561898
1415,5423f654-ae20-44f1-a78a-07cd67c30854,7,1415,True,12996,12996,76.40884721102884
1416,5423f654-ae20-44f1-a78a-07cd67c30854,7,1416,True,13033,13033,76.93100259188213
1417,5423f654-ae20-44f1-a78a-07cd67c30854,7,1417,True,13066,13066,84.61190383828762
1418,5423f654-ae20-44f1-a78a-07cd67c30854,7,1418,True,13096,13096,75.30114827663965
1419,5423f654-ae20-44f1-a78a-07cd67c30854,7,1419,True,13130,13130,70.76351031069498
1420,5423f654-ae20-44f1-a78a-07cd67c30854,7,1420,True,13173,13173,76.63456925030368
1421,5423f654-ae20-44f1-a78a-07cd67c30854,7,1421,True,13204,13204,81.49617633059825
1422,5423f654-ae20-44f1-a78a-07cd67c30854,7,1422,True,13239,13239,74.59930977399745
1423,5423f654-ae20-44f1-a78a-07cd67c30854,7,1423,True,13266,13266,75.17760435255514
1424,5423f654-ae20-44f1-a78a-07cd67c30854,7,1424,True,13299,13299,88.44179776814417
1425,5423f654-ae20-44f1-a78a-07cd67c30854,7,1425,True,13324,13324,73.17782883462496
1426,5423f654-ae20-44f1-a78a-07cd67c30854,7,1426,True,13354,13354,94.89880396698572
1427,5423f654-ae20-44f1-a78a-07cd67c30854,7,1427,True,13392,13392,90.50319146561742
1428,5423f654-ae20-44f1-a78a-07cd67c30854,7,1428,True,13425,13425,88.13011165895114
1429,5423f654-ae20-44f1-a78a-07cd67c30854,7,1429,True,13456,13456,83.65650750542409
1430,5423f654-ae20-44f1-a78a-07cd67c30854,7,1430,True,13481,13481,105.49076945789966
1431,5423f654-ae20-44f1-a78a-07cd67c30854,7,1431,True,13514,13514,119.31680861104542
1432,5423f654-ae20-44f1-a78a-07cd67c30854,7,1432,True,13543,13543,101.65331654032161
1433,5423f654-ae20-44f1-a78a-07cd67c30854,7,1433,True,13565,13565,94.27096257837547
1434,5423f654-ae20-44f1-a78a-07cd67c30854,7,1434,True,13599,13599,85.58833875188793
1435,5423f654-ae20-44f1-a78a-07cd67c30854,7,1435,True,13625,13625,85.8857574408994
1436,5423f654-ae20-44f1-a78a-07cd67c30854,7,1436,True,13652,13652,106.34697393616807
1437,5423f654-ae20-44f1-a78a-07cd67c30854,7,1437,True,13692,13692,88.95507627581901
1438,5423f654-ae20-44f1-a78a-07cd67c30854,7,1438,True,13730,13730,78.76510029415294
1439,5423f654-ae20-44f1-a78a-07cd67c30854,7,1439,True,13758,13758,76.5886576235298
1440,5423f654-ae20-44f1-a78a-07cd67c30854,7,1440,True,13780,13780,88.92427831182795
1441,5423f654-ae20-44f1-a78a-07cd67c30854,7,1441,True,13801,13801,80.96483175729918
1442,5423f654-ae20-44f1-a78a-07cd67c30854,7,1442,True,13827,13827,87.42346410337632
1443,5423f654-ae20-44f1-a78a-07cd67c30854,7,1443,True,13854,13854,94.05101573809588
1444,5423f654-ae20-44f1-a78a-07cd67c30854,7,1444,True,13879,13879,114.96082509428743
1445,5423f654-ae20-44f1-a78a-07cd67c30854,7,1445,True,13926,13926,92.00637709223702
1446,5423f654-ae20-44f1-a78a-07cd67c30854,7,1446,True,13953,13953,88.86403428644371
1447,5423f654-ae20-44f1-a78a-07cd67c30854,7,1447,True,13981,13981,94.44650518534581
1448,5423f654-ae20-44f1-a78a-07cd67c30854,7,1448,True,14007,14007,96.86615658082155
1449,5423f654-ae20-44f1-a78a-07cd67c30854,7,1449,True,14034,14034,89.58220725392675
1450,5423f654-ae20-44f1-a78a-07cd67c30854,7,1450,True,14068,14068,80.90348992261715
1451,5423f654-ae20-44f1-a78a-07cd67c30854,7,1451,True,14094,14094,80.85252397918157
1452,5423f654-ae20-44f1-a78a-07cd67c30854,7,1452,True,14118,14118,116.19399470538337
1453,5423f654-ae20-44f1-a78a-07cd67c30854,7,1453,True,14156,14156,106.9390023213
1454,5423f654-ae20-44f1-a78a-07cd67c30854,7,1454,True,14178,14178,109.86136803499176
1455,5423f654-ae20-44f1-a78a-07cd67c30854,7,1455,True,14206,14206,108.21378965129043
1456,5423f654-ae20-44f1-a78a-07cd67c30854,7,1456,True,14243,14243,92.84138307904504
1457,5423f654-ae20-44f1-a78a-07cd67c30854,7,1457,True,14276,14276,86.79457584425109
1458,5423f654-ae20-44f1-a78a-07cd67c30854,7,1458,True,14300,14300,88.23217810145252
1459,5423f654-ae20-44f1-a78a-07cd67c30854,7,1459,True,14327,14327,93.53152265385324
1460,5423f654-ae20-44f1-a78a-07cd67c30854,7,1460,True,14349,14349,81.07401139953072
1461,5423f654-ae20-44f1-a78a-07cd67c30854,7,1461,True,14377,14377,97.69183406436241
1462,5423f654-ae20-44f1-a78a-07cd67c30854,7,1462,True,14397,14397,105.23434159559656
1463,5423f654-ae20-44f1-a78a-07cd67c30854,7,1463,True,14427,14427,104.80181317774986
1464,5423f654-ae20-44f1-a78a-07cd67c30854,7,1464,True,14459,14459,95.45999346764256
1465,5423f654-ae20-44f1-a78a-07cd67c30854,7,1465,True,14487,14487,114.10733185866593
1466,5423f654-ae20-44f1-a78a-07cd67c30854,7,1466,True,14526,14526,112.27392854192658
1467,5423f654-ae20-44f1-a78a-07cd67c30854,7,1467,True,14552,14552,111.34650364576191
1468,5423f654-ae20-44f1-a78a-07cd67c30854,7,1468,True,14587,14587,96.43242847504916
1469,5423f654-ae20-44f1-a78a-07cd67c30854,7,1469,True,14618,14618,96.60677668080643
1470,5423f654-ae20-44f1-a78a-07cd67c30854,7,1470,True,14647,14647,93.09557487571874
1471,5423f654-ae20-44f1-a78a-07cd67c30854,7,1471,True,14677,14677,100.0761725450975
1472,5423f654-ae20-44f1-a78a-07cd67c30854,7,1472,True,14707,14707,116.4193588181115
1473,5423f654-ae20-44f1-a78a-07cd67c30854,7,1473,True,14731,14731,118.77010693439297
1474,5423f654-ae20-44f1-a78a-07cd67c30854,7,1474,True,14775,14775,101.20829406626217
1475,5423f654-ae20-44f1-a78a-07cd67c30854,7,1475,True,14807,14807,94.7532145773348
1476,5423f654-ae20-44f1-a78a-07cd67c30854,7,1476,True,14838,14838,88.93267691636356
1477,5423f654-ae20-44f1-a78a-07cd67c30854,7,1477,True,14864,14864,87.85986244605738
1478,5423f654-ae20-44f1-a78a-07cd67c30854,7,1478,True,14893,14893,81.74858506421151
1479,5423f654-ae20-44f1-a78a-07cd67c30854,7,1479,True,14917,14917,84.82555183068871
1480,5423f654-ae20-44f1-a78a-07cd67c30854,7,1480,True,14942,14942,87.53934905326605
1481,5423f654-ae20-44f1-a78a-07cd67c30854,7,1481,True,14968,14968,88.39410675649924
1482,5423f654-ae20-44f1-a78a-07cd67c30854,7,1482,True,15005,15005,93.4041120556576
1483,5423f654-ae20-44f1-a78a-07cd67c30854,7,1483,True,15037,15037,96.21343851230995
1484,5423f654-ae20-44f1-a78a-07cd67c30854,7,1484,True,15066,15066,100.10266670640885
1485,5423f654-ae20-44f1-a78a-07cd67c30854,7,1485,True,15095,15095,88.02652207520987
1486,5423f654-ae20-44f1-a78a-07cd67c30854,7,1486,True,15127,15127,102.76198993408252
1487,5423f654-ae20-44f1-a78a-07cd67c30854,7,1487,True,15164,15164,94.98727232771125
1488,5423f654-ae20-44f1-a78a-07cd67c30854,7,1488,True,15198,15198,88.20627837111897
1489,5423f654-ae20-44f1-a78a-07cd67c30854,7,1489,True,15225,15225,80.71538019515174
1490,5423f654-ae20-44f1-a78a-07cd67c30854,7,1490,True,15261,15261,82.02371268273782
1491,5423f654-ae20-44f1-a78a-07cd67c30854,7,1491,True,15297,15297,93.18762238801719
1492,5423f654-ae20-44f1-a78a-07cd67c30854,7,1492,True,15327,15327,80.93045158044151
1493,5423f654-ae20-44f1-a78a-07cd67c30854,7,1493,True,15349,15349,110.4395865301085
1494,5423f654-ae20-44f1-a78a-07cd67c30854,7,1494,True,15390,15390,94.04628524239888
1495,5423f654-ae20-44f1-a78a-07cd67c30854,7,1495,True,15418,15418,90.31184292829676
1496,5423f654-ae20-44f1-a78a-07cd67c30854,7,1496,True,15445,15445,78.8276534179331
1497,5423f654-ae20-44f1-a78a-07cd67c30854,7,1497,True,15476,15476,91.94503126930431
1498,5423f654-ae20-44f1-a78a-07cd67c30854,7,1498,True,15512,15512,94.43143798989331
1499,5423f654-ae20-44f1-a78a-07cd67c30854,7,1499,True,15543,15543,88.8355423260382
1500,5423f654-ae20-44f1-a78a-07cd67c30854,7,1500,True,15579,15579,76.6128131786154
1501,5423f654-ae20-44f1-a78a-07cd67c30854,7,1501,True,15616,15616,68.55050995500642
1502,5423f654-ae20-44f1-a78a-07cd67c30854,7,1502,True,15644,15644,83.37037004866397
1503,5423f654-ae20-44f1-a78a-07cd67c30854,7,1503,True,15677,15677,75.91344901658886
1504,5423f654-ae20-44f1-a78a-07cd67c30854,7,1504,True,15708,15708,84.3877549143308
1505,5423f654-ae20-44f1-a78a-07cd67c30854,7,1505,True,15727,15727,90.19687951023843
1506,5423f654-ae20-44f1-a78a-07cd67c30854,7,1506,True,15759,15759,97.37119894767238
1507,5423f654-ae20-44f1-a78a-07cd67c30854,7,1507,True,15797,15797,95.12444958275773
1508,5423f654-ae20-44f1-a78a-07cd67c30854,7,1508,True,15824,15824,94.48399944986159
1509,5423f654-ae20-44f1-a78a-07cd67c30854,7,1509,True,15859,15859,103.93754769703446
1510,5423f654-ae20-44f1-a78a-07cd67c30854,7,1510,True,15892,15892,97.59998335931778
1511,5423f654-ae20-44f1-a78a-07cd67c30854,7,1511,True,15917,15917,89.59338402798676
1512,5423f654-ae20-44f1-a78a-07cd67c30854,7,1512,True,15954,15954,104.29311488270469
1513,5423f654-ae20-44f1-a78a-07cd67c30854,7,1513,True,15990,15990,98.71302185837703
1514,5423f654-ae20-44f1-a78a-07cd67c30854,7,1514,True,16026,16026,89.55209899878355
1515,5423f654-ae20-44f1-a78a-07cd67c30854,7,1515,True,16060,16060,115.12402844131611
1516,5423f654-ae20-44f1-a78a-07cd67c30854,7,1516,True,16101,16101,132.3905292971831
1517,5423f654-ae20-44f1-a78a-07cd67c30854,7,1517,True,16122,16122,122.00295150721104
1518,5423f654-ae20-44f1-a78a-07cd67c30854,7,1518,True,16159,16159,104.54380163935639
1519,5423f654-ae20-44f1-a78a-07cd67c30854,7,1519,True,16195,16195,101.36222777092007
1520,5423f654-ae20-44f1-a78a-07cd67c30854,7,1520,True,16224,16224,93.07102544212648
1521,5423f654-ae20-44f1-a78a-07cd67c30854,7,1521,True,16266,16266,97.74261897307406
1522,5423f654-ae20-44f1-a78a-07cd67c30854,7,1522,True,16299,16299,89.46478036350891
1523,5423f654-ae20-44f1-a78a-07cd67c30854,7,1523,True,16327,16327,112.30148911515062
1524,5423f654-ae20-44f1-a78a-07cd67c30854,7,1524,True,16362,16362,102.43317661105539
1525,5423f654-ae20-44f1-a78a-07cd67c30854,7,1525,True,16397,16397,101.15422547621347
1526,5423f654-ae20-44f1-a78a-07cd67c30854,7,1526,True,16425,16425,103.26755538530051
1527,5423f654-ae20-44f1-a78a-07cd67c30854,7,1527,True,16455,16455,127.88922433807602
1528,5423f654-ae20-44f1-a78a-07cd67c30854,7,1528,True,16484,16484,135.39675679141146
1529,5423f654-ae20-44f1-a78a-07cd67c30854,7,1529,True,16526,16526,116.45558918426468
1530,5423f654-ae20-44f1-a78a-07cd67c30854,7,1530,True,16555,16555,138.1333152417683
1531,5423f654-ae20-44f1-a78a-07cd67c30854,7,1531,True,16575,16575,96.88048262716256
1532,5423f654-ae20-44f1-a78a-07cd67c30854,7,1532,True,16600,16600,140.28710560813488
1533,5423f654-ae20-44f1-a78a-07cd67c30854,7,1533,True,16630,16630,119.78865474506892
1534,5423f654-ae20-44f1-a78a-07cd67c30854,7,1534,True,16657,16657,118.28525036049177
1535,5423f654-ae20-44f1-a78a-07cd67c30854,7,1535,True,16691,16691,123.24738760460968
1536,5423f654-ae20-44f1-a78a-07cd67c30854,7,1536,True,16727,16727,114.03379376255543
1537,5423f654-ae20-44f1-a78a-07cd67c30854,7,1537,True,16767,16767,98.2214347041263
1538,5423f654-ae20-44f1-a78a-07cd67c30854,7,1538,True,16803,16803,85.80843449845634
1539,5423f654-ae20-44f1-a78a-07cd67c30854,7,1539,True,16837,16837,93.15421452328519
1540,5423f654-ae20-44f1-a78a-07cd67c30854,7,1540,True,16867,16867,86.68692853481116
1541,5423f654-ae20-44f1-a78a-07cd67c30854,7,1541,True,16895,16895,101.38557674990807
1542,5423f654-ae20-44f1-a78a-07cd67c30854,7,1542,True,16922,16922,101.00979480708338
1543,5423f654-ae20-44f1-a78a-07cd67c30854,7,1543,True,16947,16947,102.23699730502994
1544,5423f654-ae20-44f1-a78a-07cd67c30854,7,1544,True,16977,16977,113.15999199703583
1545,5423f654-ae20-44f1-a78a-07cd67c30854,7,1545,True,17000,17000,101.55713898203612
1546,5423f654-ae20-44f1-a78a-07cd67c30854,7,1546,True,17032,17032,92.46553346440487
1547,5423f654-ae20-44f1-a78a-07cd67c30854,7,1547,True,17063,17063,110.63415027783776
1548,5423f654-ae20-44f1-a78a-07cd67c30854,7,1548,True,17096,17096,86.70767693499147
1549,5423f654-ae20-44f1-a78a-07cd67c30854,7,1549,True,17121,17121,87.55322450732638
1550,5423f654-ae20-44f1-a78a-07cd67c30854,7,1550,True,17153,17153,78.45746401372526
1551,5423f654-ae20-44f1-a78a-07cd67c30854,7,1551,True,17182,17182,85.67771605959206
1552,5423f654-ae20-44f1-a78a-07cd67c30854,7,1552,True,17219,17219,78.4989244536846
1553,5423f654-ae20-44f1-a78a-07cd67c30854,7,1553,True,17249,17249,78.58695710776374
1554,5423f654-ae20-44f1-a78a-07cd67c30854,7,1554,True,17286,17286,85.3167189556807
1555,5423f654-ae20-44f1-a78a-07cd67c30854,7,1555,True,17318,17318,77.80640638478508
1556,5423f654-ae20-44f1-a78a-07cd67c30854,7,1556,True,17344,17344,81.22018366513294
1557,5423f654-ae20-44f1-a78a-07cd67c30854,7,1557,True,17377,17377,91.04253994191822
1558,5423f654-ae20-44f1-a78a-07cd67c30854,7,1558,True,17409,17409,85.38762570729887
1559,5423f654-ae20-44f1-a78a-07cd67c30854,7,1559,True,17434,17434,89.32922135731496
1560,5423f654-ae20-44f1-a78a-07cd67c30854,7,1560,True,17462,17462,89.01659190395367
1561,5423f654-ae20-44f1-a78a-07cd67c30854,7,1561,True,17492,17492,92.78732670741374
1562,5423f654-ae20-44f1-a78a-07cd67c30854,7,1562,True,17511,17511,84.73760821881297
1563,5423f654-ae20-44f1-a78a-07cd67c30854,7,1563,True,17545,17545,83.64648292905258
1564,5423f654-ae20-44f1-a78a-07cd67c30854,7,1564,True,17571,17571,85.49103721550273
1565,5423f654-ae20-44f1-a78a-07cd67c30854,7,1565,True,17598,17598,88.68264252646259
1566,5423f654-ae20-44f1-a78a-07cd67c30854,7,1566,True,17627,17627,91.55710189495585
1567,5423f654-ae20-44f1-a78a-07cd67c30854,7,1567,True,17664,17664,87.66088401551679
1568,5423f654-ae20-44f1-a78a-07cd67c30854,7,1568,True,17693,17693,95.39161512569626
1569,5423f654-ae20-44f1-a78a-07cd67c30854,7,1569,True,17730,17730,87.49412803933592
1570,5423f654-ae20-44f1-a78a-07cd67c30854,7,1570,True,17756,17756,92.01427131610762
1571,5423f654-ae20-44f1-a78a-07cd67c30854,7,1571,True,17787,17787,101.22694116989078
1572,5423f654-ae20-44f1-a78a-07cd67c30854,7,1572,True,17825,17825,114.4707810841137
1573,5423f654-ae20-44f1-a78a-07cd67c30854,7,1573,True,17854,17854,108.19934236798872
1574,5423f654-ae20-44f1-a78a-07cd67c30854,7,1574,True,17891,17891,91.63600160821079
1575,5423f654-ae20-44f1-a78a-07cd67c30854,7,1575,True,17922,17922,104.26891545691251
1576,5423f654-ae20-44f1-a78a-07cd67c30854,7,1576,True,17964,17964,111.31713505430525
1577,5423f654-ae20-44f1-a78a-07cd67c30854,7,1577,True,18006,18006,92.36778412683634
1578,5423f654-ae20-44f1-a78a-07cd67c30854,7,1578,True,18038,18038,78.12154509357424
1579,5423f654-ae20-44f1-a78a-07cd67c30854,7,1579,True,18069,18069,77.58131918472282
1580,5423f654-ae20-44f1-a78a-07cd67c30854,7,1580,True,18094,18094,96.8410653615756
1581,5423f654-ae20-44f1-a78a-07cd67c30854,7,1581,True,18129,18129,86.50841116770243
1582,5423f654-ae20-44f1-a78a-07cd67c30854,7,1582,True,18159,18159,84.5712824025286
1583,5423f654-ae20-44f1-a78a-07cd67c30854,7,1583,True,18193,18193,80.73837236804684
1584,5423f654-ae20-44f1-a78a-07cd67c30854,7,1584,True,18222,18222,79.99786598918945
1585,5423f654-ae20-44f1-a78a-07cd67c30854,7,1585,True,18252,18252,73.64932876530293
1586,5423f654-ae20-44f1-a78a-07cd67c30854,7,1586,True,18289,18289,72.92294640957698
1587,5423f654-ae20-44f1-a78a-07cd67c30854,7,1587,True,18318,18318,70.44952011745772
1588,5423f654-ae20-44f1-a78a-07cd67c30854,7,1588,True,18341,18341,88.32331862240244
1589,5423f654-ae20-44f1-a78a-07cd67c30854,7,1589,True,18371,18371,84.08594026432183
1590,5423f654-ae20-44f1-a78a-07cd67c30854,7,1590,True,18405,18405,85.47451229024591
1591,5423f654-ae20-44f1-a78a-07cd67c30854,7,1591,True,18434,18434,95.43243723921478
1592,5423f654-ae20-44f1-a78a-07cd67c30854,7,1592,True,18459,18459,81.08994876289216
1593,5423f654-ae20-44f1-a78a-07cd67c30854,7,1593,True,18491,18491,76.31602141577605
1594,5423f654-ae20-44f1-a78a-07cd67c30854,7,1594,True,18522,18522,81.67339963399354
1595,5423f654-ae20-44f1-a78a-07cd67c30854,7,1595,True,18567,18567,80.58251666346041
1596,5423f654-ae20-44f1-a78a-07cd67c30854,7,1596,True,18608,18608,73.46288366765657
1597,5423f654-ae20-44f1-a78a-07cd67c30854,7,1597,True,18641,18641,79.312158859193
1598,5423f654-ae20-44f1-a78a-07cd67c30854,7,1598,True,18677,18677,75.5240204994443
1599,5423f654-ae20-44f1-a78a-07cd67c30854,7,1599,True,18711,18711,73.14493035724809
1600,5423f654-ae20-44f1-a78a-07cd67c30854,7,1600,True,18746,18746,72.14894556740182
1601,5423f654-ae20-44f1-a78a-07cd67c30854,7,1601,True,18778,18778,81.02982757284553
1602,5423f654-ae20-44f1-a78a-07cd67c30854,7,1602,True,18808,18808,81.40554397268352
1603,5423f654-ae20-44f1-a78a-07cd67c30854,7,1603,True,18849,18849,81.06727276389574
1604,5423f654-ae20-44f1-a78a-07cd67c30854,7,1604,True,18887,18887,81.516583411787
1605,5423f654-ae20-44f1-a78a-07cd67c30854,7,1605,True,18918,18918,87.34599220822565
1606,5423f654-ae20-44f1-a78a-07cd67c30854,7,1606,True,18950,18950,88.43753384540832
1607,5423f654-ae20-44f1-a78a-07cd67c30854,7,1607,True,18967,18967,102.0598264699911
1608,5423f654-ae20-44f1-a78a-07cd67c30854,7,1608,True,19014,19014,85.05650187524952
1609,5423f654-ae20-44f1-a78a-07cd67c30854,7,1609,True,19049,19049,87.51101769331581
1610,5423f654-ae20-44f1-a78a-07cd67c30854,7,1610,True,19083,19083,77.49286804119765
1611,5423f654-ae20-44f1-a78a-07cd67c30854,7,1611,True,19126,19126,82.5118370177479
1612,5423f654-ae20-44f1-a78a-07cd67c30854,7,1612,True,19162,19162,81.10397856123745
1613,5423f654-ae20-44f1-a78a-07cd67c30854,7,1613,True,19195,19195,79.47448252742106
1614,5423f654-ae20-44f1-a78a-07cd67c30854,7,1614,True,19229,19229,84.36347165242114
1615,5423f654-ae20-44f1-a78a-07cd67c30854,7,1615,True,19271,19271,85.354697471088
1616,5423f654-ae20-44f1-a78a-07cd67c30854,7,1616,True,19304,19304,85.67815925734976
1617,5423f654-ae20-44f1-a78a-07cd67c30854,7,1617,True,19332,19332,78.29312426373508
1618,5423f654-ae20-44f1-a78a-07cd67c30854,7,1618,True,19362,19362,97.49692624969975
1619,5423f654-ae20-44f1-a78a-07cd67c30854,7,1619,True,19387,19387,98.55678025098678
1620,5423f654-ae20-44f1-a78a-07cd67c30854,7,1620,True,19409,19409,102.62727519870168
1621,5423f654-ae20-44f1-a78a-07cd67c30854,7,1621,True,19432,19432,92.32952844964893
1622,5423f654-ae20-44f1-a78a-07cd67c30854,7,1622,True,19466,19466,85.01921219236465
1623,5423f654-ae20-44f1-a78a-07cd67c30854,7,1623,True,19491,19491,91.04785912089937
1624,5423f654-ae20-44f1-a78a-07cd67c30854,7,1624,True,19541,19541,86.82536580794113
1625,5423f654-ae20-44f1-a78a-07cd67c30854,7,1625,True,19582,19582,72.46001082235307
1626,5423f654-ae20-44f1-a78a-07cd67c30854,7,1626,True,19601,19601,89.10862817824818
1627,5423f654-ae20-44f1-a78a-07cd67c30854,7,1627,True,19633,19633,92.95393105192852
1628,5423f654-ae20-44f1-a78a-07cd67c30854,7,1628,True,19661,19661,91.55516161337073
1629,5423f654-ae20-44f1-a78a-07cd67c30854,7,1629,True,19694,19694,72.47826174393413
1630,5423f654-ae20-44f1-a78a-07cd67c30854,7,1630,True,19721,19721,85.62406604872376
1631,5423f654-ae20-44f1-a78a-07cd67c30854,7,1631,True,19750,19750,92.21347345479808
1632,5423f654-ae20-44f1-a78a-07cd67c30854,7,1632,True,19769,19769,107.29457232784262
1633,5423f654-ae20-44f1-a78a-07cd67c30854,7,1633,True,19806,19806,98.92980355206964
1634,5423f654-ae20-44f1-a78a-07cd67c30854,7,1634,True,19832,19832,94.60886515458333
1635,5423f654-ae20-44f1-a78a-07cd67c30854,7,1635,True,19854,19854,86.80844308201631
1636,5423f654-ae20-44f1-a78a-07cd67c30854,7,1636,True,19882,19882,99.5122553971014
1637,5423f654-ae20-44f1-a78a-07cd67c30854,7,1637,True,19904,19904,100.3747341134731
1638,5423f654-ae20-44f1-a78a-07cd67c30854,7,1638,True,19940,19940,89.93331370549276
1639,5423f654-ae20-44f1-a78a-07cd67c30854,7,1639,True,19971,19971,83.3419963520937
1640,5423f654-ae20-44f1-a78a-07cd67c30854,7,1640,True,19999,19999,100.6643525082909
1641,5423f654-ae20-44f1-a78a-07cd67c30854,7,1641,True,20031,20031,95.80617703641474
1642,5423f654-ae20-44f1-a78a-07cd67c30854,7,1642,True,20063,20063,94.05152282620838
1643,5423f654-ae20-44f1-a78a-07cd67c30854,7,1643,True,20099,20099,88.71321045572768
1644,5423f654-ae20-44f1-a78a-07cd67c30854,7,1644,True,20123,20123,101.96641750033814
1645,5423f654-ae20-44f1-a78a-07cd67c30854,7,1645,True,20152,20152,96.52984332899359
1646,5423f654-ae20-44f1-a78a-07cd67c30854,7,1646,True,20186,20186,96.64275130864917
1647,5423f654-ae20-44f1-a78a-07cd67c30854,7,1647,True,20221,20221,115.12223719317262
1648,5423f654-ae20-44f1-a78a-07cd67c30854,7,1648,True,20255,20255,108.87522924309815
1649,5423f654-ae20-44f1-a78a-07cd67c30854,7,1649,True,20283,20283,104.38674835281199
1650,5423f654-ae20-44f1-a78a-07cd67c30854,7,1650,True,20313,20313,100.90704535314217
1651,5423f654-ae20-44f1-a78a-07cd67c30854,7,1651,True,20347,20347,90.8307680397229
1652,5423f654-ae20-44f1-a78a-07cd67c30854,7,1652,True,20381,20381,96.360807444089
1653,5423f654-ae20-44f1-a78a-07cd67c30854,7,1653,True,20410,20410,90.51015816425934
1654,5423f654-ae20-44f1-a78a-07cd67c30854,7,1654,True,20445,20445,80.34120472291761
1655,5423f654-ae20-44f1-a78a-07cd67c30854,7,1655,True,20479,20479,78.5206340959594
1656,5423f654-ae20-44f1-a78a-07cd67c30854,7,1656,True,20513,20513,78.00027391311596
1657,5423f654-ae20-44f1-a78a-07cd67c30854,7,1657,True,20551,20551,82.68196229133173
1658,5423f654-ae20-44f1-a78a-07cd67c30854,7,1658,True,20582,20582,79.86281037628214
1659,5423f654-ae20-44f1-a78a-07cd67c30854,7,1659,True,20612,20612,80.26383190323759
1660,5423f654-ae20-44f1-a78a-07cd67c30854,7,1660,True,20640,20640,82.23707871124134
1661,5423f654-ae20-44f1-a78a-07cd67c30854,7,1661,True,20678,20678,71.87618107170056
1662,5423f654-ae20-44f1-a78a-07cd67c30854,7,1662,True,20720,20720,79.17791932999535
1663,5423f654-ae20-44f1-a78a-07cd67c30854,7,1663,True,20757,20757,71.64919239150186
1664,5423f654-ae20-44f1-a78a-07cd67c30854,7,1664,True,20793,20793,70.86121973809713
1665,5423f654-ae20-44f1-a78a-07cd67c30854,7,1665,True,20830,20830,84.90705825520854
1666,5423f654-ae20-44f1-a78a-07cd67c30854,7,1666,True,20858,20858,91.5045883067105
1667,5423f654-ae20-44f1-a78a-07cd67c30854,7,1667,True,20894,20894,82.0675062694645
1668,5423f654-ae20-44f1-a78a-07cd67c30854,7,1668,True,20932,20932,82.08109740636064
1669,5423f654-ae20-44f1-a78a-07cd67c30854,7,1669,True,20966,20966,73.1145827147775
1670,5423f654-ae20-44f1-a78a-07cd67c30854,7,1670,True,20994,20994,87.32804802499595
1671,5423f654-ae20-44f1-a78a-07cd67c30854,7,1671,True,21027,21027,80.12168292189017
1672,5423f654-ae20-44f1-a78a-07cd67c30854,7,1672,True,21061,21061,80.8548917124499
1673,5423f654-ae20-44f1-a78a-07cd67c30854,7,1673,True,21091,21091,89.08733741999094
1674,5423f654-ae20-44f1-a78a-07cd67c30854,7,1674,True,21127,21127,87.65518486490691
1675,5423f654-ae20-44f1-a78a-07cd67c30854,7,1675,True,21161,21161,79.85035521408281
1676,5423f654-ae20-44f1-a78a-07cd67c30854,7,1676,True,21194,21194,73.1960385563907
1677,5423f654-ae20-44f1-a78a-07cd67c30854,7,1677,True,21220,21220,78.16221147586111
1678,5423f654-ae20-44f1-a78a-07cd67c30854,7,1678,True,21244,21244,88.17539441994813
1679,5423f654-ae20-44f1-a78a-07cd67c30854,7,1679,True,21282,21282,84.1188507329498
1680,5423f654-ae20-44f1-a78a-07cd67c30854,7,1680,True,21317,21317,80.53828262293973
1681,5423f654-ae20-44f1-a78a-07cd67c30854,7,1681,True,21348,21348,81.23352408176652
1682,5423f654-ae20-44f1-a78a-07cd67c30854,7,1682,True,21376,21376,73.34616179743534
1683,5423f654-ae20-44f1-a78a-07cd67c30854,7,1683,True,21403,21403,84.04566225142116
1684,5423f654-ae20-44f1-a78a-07cd67c30854,7,1684,True,21436,21436,85.89647082709052
1685,5423f654-ae20-44f1-a78a-07cd67c30854,7,1685,True,21468,21468,83.04267487299148
1686,5423f654-ae20-44f1-a78a-07cd67c30854,7,1686,True,21496,21496,82.59897143206035
1687,5423f654-ae20-44f1-a78a-07cd67c30854,7,1687,True,21543,21543,84.3131263824871
1688,5423f654-ae20-44f1-a78a-07cd67c30854,7,1688,True,21582,21582,80.38985416709693
1689,5423f654-ae20-44f1-a78a-07cd67c30854,7,1689,True,21614,21614,75.15936705215063
1690,5423f654-ae20-44f1-a78a-07cd67c30854,7,1690,True,21635,21635,88.74002949352871
1691,5423f654-ae20-44f1-a78a-07cd67c30854,7,1691,True,21668,21668,86.46360514315165
1692,5423f654-ae20-44f1-a78a-07cd67c30854,7,1692,True,21709,21709,88.72024698283349
1693,5423f654-ae20-44f1-a78a-07cd67c30854,7,1693,True,21733,21733,89.44590508023248
1694,5423f654-ae20-44f1-a78a-07cd67c30854,7,1694,True,21761,21761,90.7945036687779
1695,5423f654-ae20-44f1-a78a-07cd67c30854,7,1695,True,21797,21797,93.11511904441795
1696,5423f654-ae20-44f1-a78a-07cd67c30854,7,1696,True,21825,21825,93.55185478778367
1697,5423f654-ae20-44f1-a78a-07cd67c30854,7,1697,True,21852,21852,76.98596701206043
1698,5423f654-ae20-44f1-a78a-07cd67c30854,7,1698,True,21886,21886,92.19180065406545
1699,5423f654-ae20-44f1-a78a-07cd67c30854,7,1699,True,21919,21919,94.87145641518146
1700,5423f654-ae20-44f1-a78a-07cd67c30854,7,1700,True,21954,21954,85.00073552060348
1701,5423f654-ae20-44f1-a78a-07cd67c30854,7,1701,True,21988,21988,84.10716249122925
1702,5423f654-ae20-44f1-a78a-07cd67c30854,7,1702,True,22017,22017,83.76463162716755
1703,5423f654-ae20-44f1-a78a-07cd67c30854,7,1703,True,22058,22058,67.67221614035225
1704,5423f654-ae20-44f1-a78a-07cd67c30854,7,1704,True,22081,22081,77.67104455238223
1705,5423f654-ae20-44f1-a78a-07cd67c30854,7,1705,True,22116,22116,79.85025498523828
1706,5423f654-ae20-44f1-a78a-07cd67c30854,7,1706,True,22139,22139,82.24243543262855
1707,5423f654-ae20-44f1-a78a-07cd67c30854,7,1707,True,22174,22174,97.05287546240288
1708,5423f654-ae20-44f1-a78a-07cd67c30854,7,1708,True,22201,22201,100.53719181930501
1709,5423f654-ae20-44f1-a78a-07cd67c30854,7,1709,True,22233,22233,93.13595195315065
1710,5423f654-ae20-44f1-a78a-07cd67c30854,7,1710,True,22278,22278,95.05860348313217
1711,5423f654-ae20-44f1-a78a-07cd67c30854,7,1711,True,22309,22309,94.55104340620892
1712,5423f654-ae20-44f1-a78a-07cd67c30854,7,1712,True,22341,22341,77.36610479308365
1713,5423f654-ae20-44f1-a78a-07cd67c30854,7,1713,True,22374,22374,89.51417643589593
1714,5423f654-ae20-44f1-a78a-07cd67c30854,7,1714,True,22401,22401,103.72202655464935
1715,5423f654-ae20-44f1-a78a-07cd67c30854,7,1715,True,22429,22429,93.24628309862965
1716,5423f654-ae20-44f1-a78a-07cd67c30854,7,1716,True,22459,22459,86.77131406281114
1717,5423f654-ae20-44f1-a78a-07cd67c30854,7,1717,True,22492,22492,102.50860396125427
1718,5423f654-ae20-44f1-a78a-07cd67c30854,7,1718,True,22520,22520,88.19269946299028
1719,5423f654-ae20-44f1-a78a-07cd67c30854,7,1719,True,22550,22550,109.43084120822823
1720,5423f654-ae20-44f1-a78a-07cd67c30854,7,1720,True,22584,22584,110.77172960088137
1721,5423f654-ae20-44f1-a78a-07cd67c30854,7,1721,True,22608,22608,100.01795350570319
1722,5423f654-ae20-44f1-a78a-07cd67c30854,7,1722,True,22632,22632,94.16031687836221
1723,5423f654-ae20-44f1-a78a-07cd67c30854,7,1723,True,22666,22666,94.41073077378314
1724,5423f654-ae20-44f1-a78a-07cd67c30854,7,1724,True,22697,22697,97.45005753188525
1725,5423f654-ae20-44f1-a78a-07cd67c30854,7,1725,True,22730,22730,91.16187266824636
1726,5423f654-ae20-44f1-a78a-07cd67c30854,7,1726,True,22760,22760,86.57710771311031
1727,5423f654-ae20-44f1-a78a-07cd67c30854,7,1727,True,22798,22798,89.70455681753447
1728,5423f654-ae20-44f1-a78a-07cd67c30854,7,1728,True,22821,22821,98.68401030031237
1729,5423f654-ae20-44f1-a78a-07cd67c30854,7,1729,True,22854,22854,117.98358516993176
1730,5423f654-ae20-44f1-a78a-07cd67c30854,7,1730,True,22876,22876,132.42220015237763
1731,5423f654-ae20-44f1-a78a-07cd67c30854,7,1731,True,22899,22899,119.86009284470492
1732,5423f654-ae20-44f1-a78a-07cd67c30854,7,1732,True,22931,22931,114.58371331521266
1733,5423f654-ae20-44f1-a78a-07cd67c30854,7,1733,True,22964,22964,104.73968622447865
1734,5423f654-ae20-44f1-a78a-07cd67c30854,7,1734,True,22998,22998,94.27034106451174
1735,5423f654-ae20-44f1-a78a-07cd67c30854,7,1735,True,23026,23026,97.86518941438044
1736,5423f654-ae20-44f1-a78a-07cd67c30854,7,1736,True,23059,23059,98.94795538818289
1737,5423f654-ae20-44f1-a78a-07cd67c30854,7,1737,True,23088,23088,120.39883056085091
1738,5423f654-ae20-44f1-a78a-07cd67c30854,7,1738,True,23119,23119,111.46224154692754
1739,5423f654-ae20-44f1-a78a-07cd67c30854,7,1739,True,23154,23154,100.09009318852623
1740,5423f654-ae20-44f1-a78a-07cd67c30854,7,1740,True,23183,23183,89.66271466168837
1741,5423f654-ae20-44f1-a78a-07cd67c30854,7,1741,True,23203,23203,104.30333390765009
1742,5423f654-ae20-44f1-a78a-07cd67c30854,7,1742,True,23238,23238,97.17632957183378
1743,5423f654-ae20-44f1-a78a-07cd67c30854,7,1743,True,23272,23272,96.46331600676422
1744,5423f654-ae20-44f1-a78a-07cd67c30854,7,1744,True,23308,23308,93.20726003835807
1745,5423f654-ae20-44f1-a78a-07cd67c30854,7,1745,True,23338,23338,88.87493089805503
1746,5423f654-ae20-44f1-a78a-07cd67c30854,7,1746,True,23365,23365,100.71172199198554
1747,5423f654-ae20-44f1-a78a-07cd67c30854,7,1747,True,23394,23394,97.54224967230039
1748,5423f654-ae20-44f1-a78a-07cd67c30854,7,1748,True,23422,23422,86.09910941568887
1749,5423f654-ae20-44f1-a78a-07cd67c30854,7,1749,True,23447,23447,86.01925638984176
1750,5423f654-ae20-44f1-a78a-07cd67c30854,7,1750,True,23476,23476,99.37640869851748
1751,5423f654-ae20-44f1-a78a-07cd67c30854,7,1751,True,23506,23506,95.87926901170431
1752,5423f654-ae20-44f1-a78a-07cd67c30854,7,1752,True,23540,23540,95.0114631136712
1753,5423f654-ae20-44f1-a78a-07cd67c30854,7,1753,True,23574,23574,93.54889925741736
1754,5423f654-ae20-44f1-a78a-07cd67c30854,7,1754,True,23598,23598,88.72502326615722
1755,5423f654-ae20-44f1-a78a-07cd67c30854,7,1755,True,23631,23631,90.8776264029002
1756,5423f654-ae20-44f1-a78a-07cd67c30854,7,1756,True,23661,23661,98.63731119231306
1757,5423f654-ae20-44f1-a78a-07cd67c30854,7,1757,True,23685,23685,97.62228963723464
1758,5423f654-ae20-44f1-a78a-07cd67c30854,7,1758,True,23710,23710,90.43743268581602
1759,5423f654-ae20-44f1-a78a-07cd67c30854,7,1759,True,23736,23736,92.04592373011837
1760,5423f654-ae20-44f1-a78a-07cd67c30854,7,1760,True,23768,23768,94.61726650490891
1761,5423f654-ae20-44f1-a78a-07cd67c30854,7,1761,True,23807,23807,93.87745177113175
1762,5423f654-ae20-44f1-a78a-07cd67c30854,7,1762,True,23836,23836,89.11798919662033
1763,5423f654-ae20-44f1-a78a-07cd67c30854,7,1763,True,23868,23868,88.32328047803821
1764,5423f654-ae20-44f1-a78a-07cd67c30854,7,1764,True,23900,23900,86.65950091537525
1765,5423f654-ae20-44f1-a78a-07cd67c30854,7,1765,True,23929,23929,84.96412402570058
1766,5423f654-ae20-44f1-a78a-07cd67c30854,7,1766,True,23953,23953,106.13449359569859
1767,5423f654-ae20-44f1-a78a-07cd67c30854,7,1767,True,23983,23983,99.64720488999228
1768,5423f654-ae20-44f1-a78a-07cd67c30854,7,1768,True,24005,24005,92.93810338867479
1769,5423f654-ae20-44f1-a78a-07cd67c30854,7,1769,True,24041,24041,100.87343050642812
1770,5423f654-ae20-44f1-a78a-07cd67c30854,7,1770,True,24078,24078,84.8276840389808
1771,5423f654-ae20-44f1-a78a-07cd67c30854,7,1771,True,24109,24109,104.52678339631166
1772,5423f654-ae20-44f1-a78a-07cd67c30854,7,1772,True,24146,24146,93.9933133023842
1773,5423f654-ae20-44f1-a78a-07cd67c30854,7,1773,True,24170,24170,92.46402968424809
1774,5423f654-ae20-44f1-a78a-07cd67c30854,7,1774,True,24218,24218,90.43044987372559
1775,5423f654-ae20-44f1-a78a-07cd67c30854,7,1775,True,24253,24253,81.85285538161042
1776,5423f654-ae20-44f1-a78a-07cd67c30854,7,1776,True,24283,24283,76.589702514495
1777,5423f654-ae20-44f1-a78a-07cd67c30854,7,1777,True,24317,24317,84.39625433034598
1778,5423f654-ae20-44f1-a78a-07cd67c30854,7,1778,True,24339,24339,72.76931530385991
1779,5423f654-ae20-44f1-a78a-07cd67c30854,7,1779,True,24366,24366,76.52672929837354
1780,5423f654-ae20-44f1-a78a-07cd67c30854,7,1780,True,24396,24396,85.65751109867051
1781,5423f654-ae20-44f1-a78a-07cd67c30854,7,1781,True,24425,24425,87.42117714040796
1782,5423f654-ae20-44f1-a78a-07cd67c30854,7,1782,True,24458,24458,77.90313440667524
1783,5423f654-ae20-44f1-a78a-07cd67c30854,7,1783,True,24487,24487,85.2143252373935
1784,5423f654-ae20-44f1-a78a-07cd67c30854,7,1784,True,24517,24517,92.22214418857038
1785,5423f654-ae20-44f1-a78a-07cd67c30854,7,1785,True,24550,24550,83.33351489993584
1786,5423f654-ae20-44f1-a78a-07cd67c30854,7,1786,True,24587,24587,87.38834336672153
1787,5423f654-ae20-44f1-a78a-07cd67c30854,7,1787,True,24624,24624,81.7821779618098
1788,5423f654-ae20-44f1-a78a-07cd67c30854,7,1788,True,24660,24660,114.46612980808641
1789,5423f654-ae20-44f1-a78a-07cd67c30854,7,1789,True,24690,24690,121.71571966538613
1790,5423f654-ae20-44f1-a78a-07cd67c30854,7,1790,True,24722,24722,143.03579029170942
1791,5423f654-ae20-44f1-a78a-07cd67c30854,7,1791,True,24748,24748,117.03579029170942
1792,5423f654-ae20-44f1-a78a-07cd67c30854,7,1792,True,24780,24780,109.08978679704887
1793,5423f654-ae20-44f1-a78a-07cd67c30854,7,1793,True,24800,24800,116.64312599171171
1794,5423f654-ae20-44f1-a78a-07cd67c30854,7,1794,True,24836,24836,124.82310397544643
1795,5423f654-ae20-44f1-a78a-07cd67c30854,7,1795,True,24862,24862,126.79029337745669
1796,5423f654-ae20-44f1-a78a-07cd67c30854,7,1796,True,24884,24884,131.0425928783152
1797,5423f654-ae20-44f1-a78a-07cd67c30854,7,1797,True,24909,24909,138.86865605344792
1798,5423f654-ae20-44f1-a78a-07cd67c30854,7,1798,True,24935,24935,142.051017477992
1799,5423f654-ae20-44f1-a78a-07cd67c30854,7,1799,True,24954,24954,112.10642039819504
1800,5423f654-ae20-44f1-a78a-07cd67c30854,7,1800,True,24985,24985,116.35489899979075
1801,5423f654-ae20-44f1-a78a-07cd67c30854,7,1801,True,25014,25014,158.57780586513763
1802,5423f654-ae20-44f1-a78a-07cd67c30854,7,1802,True,25038,25038,122.11437433344327
1803,5423f654-ae20-44f1-a78a-07cd67c30854,7,1803,True,25058,25058,127.7580446417087
1804,5423f654-ae20-44f1-a78a-07cd67c30854,7,1804,True,25090,25090,154.53520104404743
1805,5423f654-ae20-44f1-a78a-07cd67c30854,7,1805,True,25129,25129,124.81281308136022
1806,5423f654-ae20-44f1-a78a-07cd67c30854,7,1806,True,25174,25174,109.59429715760416
1807,5423f654-ae20-44f1-a78a-07cd67c30854,7,1807,True,25197,25197,108.1415515189583
1808,5423f654-ae20-44f1-a78a-07cd67c30854,7,1808,True,25222,25222,109.98342171499098
1809,5423f654-ae20-44f1-a78a-07cd67c30854,7,1809,True,25256,25256,98.26864595668303
1810,5423f654-ae20-44f1-a78a-07cd67c30854,7,1810,True,25299,25299,85.91877824875701
1811,5423f654-ae20-44f1-a78a-07cd67c30854,7,1811,True,25327,25327,80.88487926977177
1812,5423f654-ae20-44f1-a78a-07cd67c30854,7,1812,True,25352,25352,88.8152736713455
1813,5423f654-ae20-44f1-a78a-07cd67c30854,7,1813,True,25376,25376,86.00169482018828
1814,5423f654-ae20-44f1-a78a-07cd67c30854,7,1814,True,25403,25403,84.01358224498472
1815,5423f654-ae20-44f1-a78a-07cd67c30854,7,1815,True,25446,25446,76.65605063584735
1816,5423f654-ae20-44f1-a78a-07cd67c30854,7,1816,True,25475,25475,74.78478521574289
1817,5423f654-ae20-44f1-a78a-07cd67c30854,7,1817,True,25496,25496,89.95708431890671
1818,5423f654-ae20-44f1-a78a-07cd67c30854,7,1818,True,25530,25530,86.98607712721059
1819,5423f654-ae20-44f1-a78a-07cd67c30854,7,1819,True,25560,25560,90.79904825561607
1820,5423f654-ae20-44f1-a78a-07cd67c30854,7,1820,True,25590,25590,88.09633810789455
1821,5423f654-ae20-44f1-a78a-07cd67c30854,7,1821,True,25618,25618,91.22520921604882
1822,5423f654-ae20-44f1-a78a-07cd67c30854,7,1822,True,25641,25641,82.78093271607577
1823,5423f654-ae20-44f1-a78a-07cd67c30854,7,1823,True,25674,25674,85.62524351441243
1824,5423f654-ae20-44f1-a78a-07cd67c30854,7,1824,True,25702,25702,90.7350247777249
1825,5423f654-ae20-44f1-a78a-07cd67c30854,7,1825,True,25729,25729,74.35455604004164
1826,5423f654-ae20-44f1-a78a-07cd67c30854,7,1826,True,25754,25754,89.90457517456161
1827,5423f654-ae20-44f1-a78a-07cd67c30854,7,1827,True,25788,25788,83.56740838010228
1828,5423f654-ae20-44f1-a78a-07cd67c30854,7,1828,True,25819,25819,96.56231096354895
1829,5423f654-ae20-44f1-a78a-07cd67c30854,7,1829,True,25840,25840,116.59097983297397
1830,5423f654-ae20-44f1-a78a-07cd67c30854,7,1830,True,25869,25869,111.92419883944967
1831,5423f654-ae20-44f1-a78a-07cd67c30854,7,1831,True,25895,25895,96.50163928565962
1832,5423f654-ae20-44f1-a78a-07cd67c30854,7,1832,True,25925,25925,120.84661701164441
1833,5423f654-ae20-44f1-a78a-07cd67c30854,7,1833,True,25950,25950,114.51940293231019
1834,5423f654-ae20-44f1-a78a-07cd67c30854,7,1834,True,25978,25978,107.69817389505988
1835,5423f654-ae20-44f1-a78a-07cd67c30854,7,1835,True,26008,26008,101.95605889625585
1836,5423f654-ae20-44f1-a78a-07cd67c30854,7,1836,True,26045,26045,94.91849514510977
1837,5423f654-ae20-44f1-a78a-07cd67c30854,7,1837,True,26083,26083,88.85391223655097
1838,5423f654-ae20-44f1-a78a-07cd67c30854,7,1838,True,26117,26117,94.94359874737347
1839,5423f654-ae20-44f1-a78a-07cd67c30854,7,1839,True,26147,26147,102.61012257234324
1840,5423f654-ae20-44f1-a78a-07cd67c30854,7,1840,True,26177,26177,99.89810885850966
1841,5423f654-ae20-44f1-a78a-07cd67c30854,7,1841,True,26211,26211,103.60136886666078
1842,5423f654-ae20-44f1-a78a-07cd67c30854,7,1842,True,26235,26235,115.88154793909052
1843,5423f654-ae20-44f1-a78a-07cd67c30854,7,1843,True,26261,26261,101.29608885820926
1844,5423f654-ae20-44f1-a78a-07cd67c30854,7,1844,True,26295,26295,107.01971380476971
1845,5423f654-ae20-44f1-a78a-07cd67c30854,7,1845,True,26325,26325,105.36022812579904
1846,5423f654-ae20-44f1-a78a-07cd67c30854,7,1846,True,26358,26358,104.83922106015234
1847,5423f654-ae20-44f1-a78a-07cd67c30854,7,1847,True,26383,26383,108.41999691293313
1848,5423f654-ae20-44f1-a78a-07cd67c30854,7,1848,True,26415,26415,125.10618556197369
1849,5423f654-ae20-44f1-a78a-07cd67c30854,7,1849,True,26441,26441,123.42691468386329
1850,5423f654-ae20-44f1-a78a-07cd67c30854,7,1850,True,26477,26477,99.22455194003851
1851,5423f654-ae20-44f1-a78a-07cd67c30854,7,1851,True,26504,26504,105.41571684629162
1852,5423f654-ae20-44f1-a78a-07cd67c30854,7,1852,True,26536,26536,109.85820062587663
1853,5423f654-ae20-44f1-a78a-07cd67c30854,7,1853,True,26571,26571,111.86993309884565
1854,5423f654-ae20-44f1-a78a-07cd67c30854,7,1854,True,26602,26602,107.82236581093457
1855,5423f654-ae20-44f1-a78a-07cd67c30854,7,1855,True,26629,26629,104.33078892362755
1856,5423f654-ae20-44f1-a78a-07cd67c30854,7,1856,True,26662,26662,95.22096498748579
1857,5423f654-ae20-44f1-a78a-07cd67c30854,7,1857,True,26690,26690,93.82647561541307
1858,5423f654-ae20-44f1-a78a-07cd67c30854,7,1858,True,26721,26721,95.95200753510653
1859,5423f654-ae20-44f1-a78a-07cd67c30854,7,1859,True,26756,26756,101.31865775938422
1860,5423f654-ae20-44f1-a78a-07cd67c30854,7,1860,True,26781,26781,124.06336075824584
1861,5423f654-ae20-44f1-a78a-07cd67c30854,7,1861,True,26803,26803,112.50350797128704
1862,5423f654-ae20-44f1-a78a-07cd67c30854,7,1862,True,26835,26835,121.97914862216567
1863,5423f654-ae20-44f1-a78a-07cd67c30854,7,1863,True,26867,26867,116.04095047965166
1864,5423f654-ae20-44f1-a78a-07cd67c30854,7,1864,True,26893,26893,104.86708525430004
1865,5423f654-ae20-44f1-a78a-07cd67c30854,7,1865,True,26931,26931,99.71217006841107
1866,5423f654-ae20-44f1-a78a-07cd67c30854,7,1866,True,26970,26970,86.53771420568228
1867,5423f654-ae20-44f1-a78a-07cd67c30854,7,1867,True,27007,27007,89.19005760792788
1868,5423f654-ae20-44f1-a78a-07cd67c30854,7,1868,True,27039,27039,80.00956710928585
1869,5423f654-ae20-44f1-a78a-07cd67c30854,7,1869,True,27066,27066,83.9309316410654
1870,5423f654-ae20-44f1-a78a-07cd67c30854,7,1870,True,27093,27093,80.50983993083719
1871,5423f654-ae20-44f1-a78a-07cd67c30854,7,1871,True,27125,27125,73.60205666126058
1872,5423f654-ae20-44f1-a78a-07cd67c30854,7,1872,True,27155,27155,76.97697572043762
1873,5423f654-ae20-44f1-a78a-07cd67c30854,7,1873,True,27177,27177,93.05073831092886
1874,5423f654-ae20-44f1-a78a-07cd67c30854,7,1874,True,27202,27202,99.78445405555613
1875,5423f654-ae20-44f1-a78a-07cd67c30854,7,1875,True,27228,27228,109.85388076331947
1876,5423f654-ae20-44f1-a78a-07cd67c30854,7,1876,True,27258,27258,88.87137101400367
1877,5423f654-ae20-44f1-a78a-07cd67c30854,7,1877,True,27292,27292,103.64828310333178
1878,5423f654-ae20-44f1-a78a-07cd67c30854,7,1878,True,27334,27334,97.0304290210006
1879,5423f654-ae20-44f1-a78a-07cd67c30854,7,1879,True,27359,27359,82.0132014763476
1880,5423f654-ae20-44f1-a78a-07cd67c30854,7,1880,True,27389,27389,85.32550380692919
1881,5423f654-ae20-44f1-a78a-07cd67c30854,7,1881,True,27423,27423,98.39204283706931
1882,5423f654-ae20-44f1-a78a-07cd67c30854,7,1882,True,27458,27458,76.10755027710184
1883,5423f654-ae20-44f1-a78a-07cd67c30854,7,1883,True,27497,27497,81.64274114742875
1884,5423f654-ae20-44f1-a78a-07cd67c30854,7,1884,True,27524,27524,80.82667056872378
1885,5423f654-ae20-44f1-a78a-07cd67c30854,7,1885,True,27555,27555,82.85337370126945
1886,5423f654-ae20-44f1-a78a-07cd67c30854,7,1886,True,27582,27582,80.60456150220489
1887,5423f654-ae20-44f1-a78a-07cd67c30854,7,1887,True,27618,27618,90.82557468383311
1888,5423f654-ae20-44f1-a78a-07cd67c30854,7,1888,True,27648,27648,90.61200553511298
1889,5423f654-ae20-44f1-a78a-07cd67c30854,7,1889,True,27690,27690,76.71712371446483
1890,5423f654-ae20-44f1-a78a-07cd67c30854,7,1890,True,27726,27726,69.96068297872989
1891,5423f654-ae20-44f1-a78a-07cd67c30854,7,1891,True,27755,27755,88.31715746608825
1892,5423f654-ae20-44f1-a78a-07cd67c30854,7,1892,True,27789,27789,95.04862313339254
1893,5423f654-ae20-44f1-a78a-07cd67c30854,7,1893,True,27821,27821,92.17231952606016
1894,5423f654-ae20-44f1-a78a-07cd67c30854,7,1894,True,27852,27852,91.32727705235448
1895,5423f654-ae20-44f1-a78a-07cd67c30854,7,1895,True,27882,27882,95.39888966395301
1896,5423f654-ae20-44f1-a78a-07cd67c30854,7,1896,True,27917,27917,88.88518051102801
1897,5423f654-ae20-44f1-a78a-07cd67c30854,7,1897,True,27947,27947,82.32441313853633
1898,5423f654-ae20-44f1-a78a-07cd67c30854,7,1898,True,27973,27973,97.19516619859496
1899,5423f654-ae20-44f1-a78a-07cd67c30854,7,1899,True,28013,28013,88.37734906467085
1900,5423f654-ae20-44f1-a78a-07cd67c30854,7,1900,True,28051,28051,72.85167889404693
1901,5423f654-ae20-44f1-a78a-07cd67c30854,7,1901,True,28096,28096,82.44694181820887
1902,5423f654-ae20-44f1-a78a-07cd67c30854,7,1902,True,28124,28124,78.33953453067807
1903,5423f654-ae20-44f1-a78a-07cd67c30854,7,1903,True,28155,28155,92.59239479809912
1904,5423f654-ae20-44f1-a78a-07cd67c30854,7,1904,True,28182,28182,91.21926700845142
1905,5423f654-ae20-44f1-a78a-07cd67c30854,7,1905,True,28210,28210,90.25075862740414
1906,5423f654-ae20-44f1-a78a-07cd67c30854,7,1906,True,28248,28248,85.43160718171566
1907,5423f654-ae20-44f1-a78a-07cd67c30854,7,1907,True,28272,28272,86.89956995984176
1908,5423f654-ae20-44f1-a78a-07cd67c30854,7,1908,True,28315,28315,69.98067030867605
1909,5423f654-ae20-44f1-a78a-07cd67c30854,7,1909,True,28343,28343,77.76227100847973
1910,5423f654-ae20-44f1-a78a-07cd67c30854,7,1910,True,28377,28377,73.93011178531742
1911,5423f654-ae20-44f1-a78a-07cd67c30854,7,1911,True,28400,28400,89.00695337164507
1912,5423f654-ae20-44f1-a78a-07cd67c30854,7,1912,True,28428,28428,86.60495712832926
1913,5423f654-ae20-44f1-a78a-07cd67c30854,7,1913,True,28471,28471,74.12395796797136
1914,5423f654-ae20-44f1-a78a-07cd67c30854,7,1914,True,28509,28509,71.62556023791694
1915,5423f654-ae20-44f1-a78a-07cd67c30854,7,1915,True,28544,28544,87.10687841798426
1916,5423f654-ae20-44f1-a78a-07cd67c30854,7,1916,True,28578,28578,81.10526239042156
1917,5423f654-ae20-44f1-a78a-07cd67c30854,7,1917,True,28617,28617,78.06300192210983
1918,5423f654-ae20-44f1-a78a-07cd67c30854,7,1918,True,28648,28648,80.71131739094199
1919,5423f654-ae20-44f1-a78a-07cd67c30854,7,1919,True,28677,28677,82.81887505276245
1920,5423f654-ae20-44f1-a78a-07cd67c30854,7,1920,True,28715,28715,80.42352149589715
1921,5423f654-ae20-44f1-a78a-07cd67c30854,7,1921,True,28740,28740,83.44203919080246
1922,5423f654-ae20-44f1-a78a-07cd67c30854,7,1922,True,28771,28771,89.26017830539786
1923,5423f654-ae20-44f1-a78a-07cd67c30854,7,1923,True,28802,28802,88.74659306152171
1924,5423f654-ae20-44f1-a78a-07cd67c30854,7,1924,True,28839,28839,80.15108644682914
1925,5423f654-ae20-44f1-a78a-07cd67c30854,7,1925,True,28862,28862,86.97709855616267
1926,5423f654-ae20-44f1-a78a-07cd67c30854,7,1926,True,28896,28896,93.37359263942562
1927,5423f654-ae20-44f1-a78a-07cd67c30854,7,1927,True,28925,28925,90.55678175982757
1928,5423f654-ae20-44f1-a78a-07cd67c30854,7,1928,True,28960,28960,97.59743570102364
1929,5423f654-ae20-44f1-a78a-07cd67c30854,7,1929,True,28990,28990,92.74583882901061
1930,5423f654-ae20-44f1-a78a-07cd67c30854,7,1930,True,29024,29024,82.32265384707716
1931,5423f654-ae20-44f1-a78a-07cd67c30854,7,1931,True,29051,29051,77.90439317522396
1932,5423f654-ae20-44f1-a78a-07cd67c30854,7,1932,True,29094,29094,83.88514831194334
1933,5423f654-ae20-44f1-a78a-07cd67c30854,7,1933,True,29130,29130,85.66107543489488
1934,5423f654-ae20-44f1-a78a-07cd67c30854,7,1934,True,29154,29154,85.13660353195519
1935,5423f654-ae20-44f1-a78a-07cd67c30854,7,1935,True,29183,29183,77.08643309156469
1936,5423f654-ae20-44f1-a78a-07cd67c30854,7,1936,True,29212,29212,97.71663667501343
1937,5423f654-ae20-44f1-a78a-07cd67c30854,7,1937,True,29242,29242,93.75100433760963
1938,5423f654-ae20-44f1-a78a-07cd67c30854,7,1938,True,29273,29273,95.45189654072965
1939,5423f654-ae20-44f1-a78a-07cd67c30854,7,1939,True,29300,29300,94.13283749207403
1940,5423f654-ae20-44f1-a78a-07cd67c30854,7,1940,True,29334,29334,96.95309609956894
1941,5423f654-ae20-44f1-a78a-07cd67c30854,7,1941,True,29364,29364,101.23991787858904
1942,5423f654-ae20-44f1-a78a-07cd67c30854,7,1942,True,29400,29400,101.81630368879632
1943,5423f654-ae20-44f1-a78a-07cd67c30854,7,1943,True,29437,29437,89.13988295814124
1944,5423f654-ae20-44f1-a78a-07cd67c30854,7,1944,True,29467,29467,88.4456055125047
1945,5423f654-ae20-44f1-a78a-07cd67c30854,7,1945,True,29494,29494,75.9991516662194
1946,5423f654-ae20-44f1-a78a-07cd67c30854,7,1946,True,29525,29525,96.15452157358959
1947,5423f654-ae20-44f1-a78a-07cd67c30854,7,1947,True,29555,29555,94.4331975787536
1948,5423f654-ae20-44f1-a78a-07cd67c30854,7,1948,True,29584,29584,93.22873638814053
1949,5423f654-ae20-44f1-a78a-07cd67c30854,7,1949,True,29610,29610,84.58714942502775
1950,5423f654-ae20-44f1-a78a-07cd67c30854,7,1950,True,29636,29636,102.45250685379506
1951,5423f654-ae20-44f1-a78a-07cd67c30854,7,1951,True,29671,29671,99.40281363558825
1952,5423f654-ae20-44f1-a78a-07cd67c30854,7,1952,True,29694,29694,102.45909173911059
1953,5423f654-ae20-44f1-a78a-07cd67c30854,7,1953,True,29724,29724,82.29678081653765
1954,5423f654-ae20-44f1-a78a-07cd67c30854,7,1954,True,29755,29755,87.7294982966705
1955,5423f654-ae20-44f1-a78a-07cd67c30854,7,1955,True,29784,29784,90.68406959682397
1956,5423f654-ae20-44f1-a78a-07cd67c30854,7,1956,True,29819,29819,82.91736126245814
1957,5423f654-ae20-44f1-a78a-07cd67c30854,7,1957,True,29845,29845,94.26662940252936
1958,5423f654-ae20-44f1-a78a-07cd67c30854,7,1958,True,29870,29870,92.8233781155468
1959,5423f654-ae20-44f1-a78a-07cd67c30854,7,1959,True,29899,29899,77.6907005006542
1960,5423f654-ae20-44f1-a78a-07cd67c30854,7,1960,True,29927,29927,88.98689652170287
1961,5423f654-ae20-44f1-a78a-07cd67c30854,7,1961,True,29961,29961,72.82677980565495
1962,5423f654-ae20-44f1-a78a-07cd67c30854,7,1962,True,29997,29997,85.88742691018706
1963,5423f654-ae20-44f1-a78a-07cd67c30854,7,1963,True,30035,30035,82.7464706454848
1964,5423f654-ae20-44f1-a78a-07cd67c30854,7,1964,True,30070,30070,80.19231495829808
1965,5423f654-ae20-44f1-a78a-07cd67c30854,7,1965,True,30096,30096,84.52878665641401
1966,5423f654-ae20-44f1-a78a-07cd67c30854,7,1966,True,30124,30124,102.0567331283637
1967,5423f654-ae20-44f1-a78a-07cd67c30854,7,1967,True,30151,30151,85.76125328111812
1968,5423f654-ae20-44f1-a78a-07cd67c30854,7,1968,True,30172,30172,91.06604579919076
1969,5423f654-ae20-44f1-a78a-07cd67c30854,7,1969,True,30204,30204,91.79005975810287
1970,5423f654-ae20-44f1-a78a-07cd67c30854,7,1970,True,30234,30234,97.09829772173907
1971,5423f654-ae20-44f1-a78a-07cd67c30854,7,1971,True,30265,30265,94.79852537877741
1972,5423f654-ae20-44f1-a78a-07cd67c30854,7,1972,True,30285,30285,84.30224540094423
1973,5423f654-ae20-44f1-a78a-07cd67c30854,7,1973,True,30313,30313,73.07886732298721
1974,5423f654-ae20-44f1-a78a-07cd67c30854,7,1974,True,30338,30338,74.9361915665977
1975,5423f654-ae20-44f1-a78a-07cd67c30854,7,1975,True,30362,30362,102.25703674738179
1976,5423f654-ae20-44f1-a78a-07cd67c30854,7,1976,True,30386,30386,89.57709723372682
1977,5423f654-ae20-44f1-a78a-07cd67c30854,7,1977,True,30426,30426,85.54659569017167
1978,5423f654-ae20-44f1-a78a-07cd67c30854,7,1978,True,30463,30463,97.73084449158341
1979,5423f654-ae20-44f1-a78a-07cd67c30854,7,1979,True,30490,30490,94.18221600466131
1980,5423f654-ae20-44f1-a78a-07cd67c30854,7,1980,True,30515,30515,97.55132324935767
1981,5423f654-ae20-44f1-a78a-07cd67c30854,7,1981,True,30555,30555,90.5608207180012
1982,5423f654-ae20-44f1-a78a-07cd67c30854,7,1982,True,30594,30594,102.00494497743057
1983,5423f654-ae20-44f1-a78a-07cd67c30854,7,1983,True,30621,30621,97.17190157555524
1984,5423f654-ae20-44f1-a78a-07cd67c30854,7,1984,True,30650,30650,83.45803515314037
1985,5423f654-ae20-44f1-a78a-07cd67c30854,7,1985,True,30682,30682,93.00278347607309
1986,5423f654-ae20-44f1-a78a-07cd67c30854,7,1986,True,30716,30716,75.42936945110341
1987,5423f654-ae20-44f1-a78a-07cd67c30854,7,1987,True,30744,30744,84.53247296228074
1988,5423f654-ae20-44f1-a78a-07cd67c30854,7,1988,True,30778,30778,91.78996862087297
1989,5423f654-ae20-44f1-a78a-07cd67c30854,7,1989,True,30810,30810,88.32272650071536
1990,5423f654-ae20-44f1-a78a-07cd67c30854,7,1990,True,30839,30839,103.68738631396263
1991,5423f654-ae20-44f1-a78a-07cd67c30854,7,1991,True,30856,30856,96.32487300727371
1992,5423f654-ae20-44f1-a78a-07cd67c30854,7,1992,True,30885,30885,86.36041420164838
1993,5423f654-ae20-44f1-a78a-07cd67c30854,7,1993,True,30910,30910,93.23514777328455
1994,5423f654-ae20-44f1-a78a-07cd67c30854,7,1994,True,30953,30953,94.58176297818864
1995,5423f654-ae20-44f1-a78a-07cd67c30854,7,1995,True,30989,30989,83.47848350449203
1996,5423f654-ae20-44f1-a78a-07cd67c30854,7,1996,True,31025,31025,98.92618247685459
1997,5423f654-ae20-44f1-a78a-07cd67c30854,7,1997,True,31058,31058,91.18185552272917
1998,5423f654-ae20-44f1-a78a-07cd67c30854,7,1998,True,31091,31091,99.4508510054875
1999,5423f654-ae20-44f1-a78a-07cd67c30854,7,1999,True,31112,31112,89.94972910729848
2000,8d4dd746-f3dc-49f5-a3f1-75a1817c1fe3,8,2000,True,28,28,92.60243873458587
2001,8d4dd746-f3dc-49f5-a3f1-75a1817c1fe3,8,2001,True,57,57,84.88401972658951
2002,8d4dd746-f3dc-49f5-a3f1-75a1817c1fe3,8,2002,True,90,90,85.26341761127676
2003,8d4dd746-f3dc-49f5-a3f1-75a1817c1fe3,8,2003,True,119,119,94.78291076864511
2004,8d4dd746-f3dc-49f5-a3f1-75a1817c1fe3,8,2004,True,145,145,90.50272518043886
2005,8d4dd746-f3dc-49f5-a3f1-75a1817c1fe3,8,2005,True,173,173,95.4483757883637
2006,8d4dd746-f3dc-49f5-a3f1-75a1817c1fe3,8,2006,True,206,206,87.25417822921122
2007,8d4dd746-f3dc-49f5-a3f1-75a1817c1fe3,8,2007,True,235,235,102.67148885493015
2008,8d4dd746-f3dc-49f5-a3f1-75a1817c1fe3,8,2008,True,261,261,96.14525331121791
2009,8d4dd746-f3dc-49f5-a3f1-75a1817c1fe3,8,2009,True,298,298,86.8004962012069
2010,8d4dd746-f3dc-49f5-a3f1-75a1817c1fe3,8,2010,True,327,327,88.35375886860606
2011,8d4dd746-f3dc-49f5-a3f1-75a1817c1fe3,8,2011,True,355,355,93.56522804263528
2012,8d4dd746-f3dc-49f5-a3f1-75a1817c1fe3,8,2012,True,388,388,91.66255350740903
2013,8d4dd746-f3dc-49f5-a3f1-75a1817c1fe3,8,2013,True,417,417,92.51314976107102
2014,8d4dd746-f3dc-49f5-a3f1-75a1817c1fe3,8,2014,True,441,441,93.29749078148996
2015,8d4dd746-f3dc-49f5-a3f1-75a1817c1fe3,8,2015,True,465,465,121.53844244701008
2016,8d4dd746-f3dc-49f5-a3f1-75a1817c1fe3,8,2016,True,506,506,106.49239695185088
2017,8d4dd746-f3dc-49f5-a3f1-75a1817c1fe3,8,2017,True,553,553,105.34027019913799
2018,8d4dd746-f3dc-49f5-a3f1-75a1817c1fe3,8,2018,True,588,588,96.82222095746693
2019,8d4dd746-f3dc-49f5-a3f1-75a1817c1fe3,8,2019,True,627,627,87.07331149598451
2020,8d4dd746-f3dc-49f5-a3f1-75a1817c1fe3,8,2020,True,659,659,93.74524689943871
2021,8d4dd746-f3dc-49f5-a3f1-75a1817c1fe3,8,2021,True,687,687,89.64455039587381
2022,8d4dd746-f3dc-49f5-a3f1-75a1817c1fe3,8,2022,True,723,723,94.4054218358691
2023,8d4dd746-f3dc-49f5-a3f1-75a1817c1fe3,8,2023,True,767,767,82.9006350045812
2024,8d4dd746-f3dc-49f5-a3f1-75a1817c1fe3,8,2024,True,800,800,103.74081580176767
2025,8d4dd746-f3dc-49f5-a3f1-75a1817c1fe3,8,2025,True,819,819,105.80943316818082
2026,8d4dd746-f3dc-49f5-a3f1-75a1817c1fe3,8,2026,True,850,850,93.98646489283328
2027,8d4dd746-f3dc-49f5-a3f1-75a1817c1fe3,8,2027,True,880,880,98.12052752035015
2028,8d4dd746-f3dc-49f5-a3f1-75a1817c1fe3,8,2028,True,926,926,91.22716173265405
2029,8d4dd746-f3dc-49f5-a3f1-75a1817c1fe3,8,2029,True,957,957,89.19871259869296
2030,8d4dd746-f3dc-49f5-a3f1-75a1817c1fe3,8,2030,True,997,997,82.28339387487608
2031,8d4dd746-f3dc-49f5-a3f1-75a1817c1fe3,8,2031,True,1026,1026,79.61272894024728
2032,8d4dd746-f3dc-49f5-a3f1-75a1817c1fe3,8,2032,True,1064,1064,85.75980841033333
2033,8d4dd746-f3dc-49f5-a3f1-75a1817c1fe3,8,2033,True,1097,1097,81.06292646400561
2034,8d4dd746-f3dc-49f5-a3f1-75a1817c1fe3,8,2034,True,1126,1126,81.36046659370368
2035,8d4dd746-f3dc-49f5-a3f1-75a1817c1fe3,8,2035,True,1156,1156,85.68648709951094
2036,8d4dd746-f3dc-49f5-a3f1-75a1817c1fe3,8,2036,True,1186,1186,82.54674166822633
2037,8d4dd746-f3dc-49f5-a3f1-75a1817c1fe3,8,2037,True,1215,1215,86.08087523163545
2038,8d4dd746-f3dc-49f5-a3f1-75a1817c1fe3,8,2038,True,1240,1240,82.16355651416598
2039,8d4dd746-f3dc-49f5-a3f1-75a1817c1fe3,8,2039,True,1272,1272,92.0005286786452
2040,8d4dd746-f3dc-49f5-a3f1-75a1817c1fe3,8,2040,True,1300,1300,94.93344490540699
2041,8d4dd746-f3dc-49f5-a3f1-75a1817c1fe3,8,2041,True,1331,1331,90.28101052746433
2042,8d4dd746-f3dc-49f5-a3f1-75a1817c1fe3,8,2042,True,1376,1376,83.42765131450187
2043,8d4dd746-f3dc-49f5-a3f1-75a1817c1fe3,8,2043,True,1407,1407,84.87476056733226
2044,8d4dd746-f3dc-49f5-a3f1-75a1817c1fe3,8,2044,True,1439,1439,94.57044240163873
2045,8d4dd746-f3dc-49f5-a3f1-75a1817c1fe3,8,2045,True,1466,1466,98.78143174268098
2046,8d4dd746-f3dc-49f5-a3f1-75a1817c1fe3,8,2046,True,1490,1490,122.29572810541345
2047,8d4dd746-f3dc-49f5-a3f1-75a1817c1fe3,8,2047,True,1524,1524,109.27319798872054
2048,8d4dd746-f3dc-49f5-a3f1-75a1817c1fe3,8,2048,True,1556,1556,104.21321282252575
2049,8d4dd746-f3dc-49f5-a3f1-75a1817c1fe3,8,2049,True,1591,1591,111.53957839672626
2050,8d4dd746-f3dc-49f5-a3f1-75a1817c1fe3,8,2050,True,1626,1626,110.04381518588661
2051,8d4dd746-f3dc-49f5-a3f1-75a1817c1fe3,8,2051,True,1655,1655,108.34225620120765
2052,8d4dd746-f3dc-49f5-a3f1-75a1817c1fe3,8,2052,True,1678,1678,109.95330010990597
2053,8d4dd746-f3dc-49f5-a3f1-75a1817c1fe3,8,2053,True,1715,1715,122.26263034074373
2054,8d4dd746-f3dc-49f5-a3f1-75a1817c1fe3,8,2054,True,1744,1744,112.64016223914564
2055,8d4dd746-f3dc-49f5-a3f1-75a1817c1fe3,8,2055,True,1782,1782,105.48464878357186
2056,8d4dd746-f3dc-49f5-a3f1-75a1817c1fe3,8,2056,True,1821,1821,98.95060352773089
2057,8d4dd746-f3dc-49f5-a3f1-75a1817c1fe3,8,2057,True,1846,1846,98.97451059551395
2058,8d4dd746-f3dc-49f5-a3f1-75a1817c1fe3,8,2058,True,1871,1871,108.64631960269139
2059,8d4dd746-f3dc-49f5-a3f1-75a1817c1fe3,8,2059,True,1903,1903,101.35746898148068
2060,8d4dd746-f3dc-49f5-a3f1-75a1817c1fe3,8,2060,True,1929,1929,117.30451530991536
2061,8d4dd746-f3dc-49f5-a3f1-75a1817c1fe3,8,2061,True,1961,1961,105.25491352346535
2062,8d4dd746-f3dc-49f5-a3f1-75a1817c1fe3,8,2062,True,1995,1995,103.62747943280192
2063,8d4dd746-f3dc-49f5-a3f1-75a1817c1fe3,8,2063,True,2039,2039,96.32377040487017
2064,8d4dd746-f3dc-49f5-a3f1-75a1817c1fe3,8,2064,True,2081,2081,102.83133159721774
2065,8d4dd746-f3dc-49f5-a3f1-75a1817c1fe3,8,2065,True,2108,2108,97.40673979751
2066,8d4dd746-f3dc-49f5-a3f1-75a1817c1fe3,8,2066,True,2143,2143,98.79128251727889
2067,8d4dd746-f3dc-49f5-a3f1-75a1817c1fe3,8,2067,True,2171,2171,97.45757969938268
2068,8d4dd746-f3dc-49f5-a3f1-75a1817c1fe3,8,2068,True,2203,2203,106.68366452583541
2069,8d4dd746-f3dc-49f5-a3f1-75a1817c1fe3,8,2069,True,2228,2228,105.87442142841564
2070,8d4dd746-f3dc-49f5-a3f1-75a1817c1fe3,8,2070,True,2264,2264,89.20455852742725
2071,8d4dd746-f3dc-49f5-a3f1-75a1817c1fe3,8,2071,True,2290,2290,99.00935750850203
2072,8d4dd746-f3dc-49f5-a3f1-75a1817c1fe3,8,2072,True,2323,2323,96.72754527230154
2073,8d4dd746-f3dc-49f5-a3f1-75a1817c1fe3,8,2073,True,2354,2354,92.70894466132222
2074,8d4dd746-f3dc-49f5-a3f1-75a1817c1fe3,8,2074,True,2382,2382,89.15221419498721
2075,8d4dd746-f3dc-49f5-a3f1-75a1817c1fe3,8,2075,True,2408,2408,83.46662585285458
2076,8d4dd746-f3dc-49f5-a3f1-75a1817c1fe3,8,2076,True,2433,2433,88.11934025961637
2077,8d4dd746-f3dc-49f5-a3f1-75a1817c1fe3,8,2077,True,2463,2463,96.9964567121583
2078,8d4dd746-f3dc-49f5-a3f1-75a1817c1fe3,8,2078,True,2493,2493,90.63358550078692
2079,8d4dd746-f3dc-49f5-a3f1-75a1817c1fe3,8,2079,True,2525,2525,113.515721608906
2080,8d4dd746-f3dc-49f5-a3f1-75a1817c1fe3,8,2080,True,2556,2556,106.72468973719378
2081,8d4dd746-f3dc-49f5-a3f1-75a1817c1fe3,8,2081,True,2591,2591,94.95246327343739
2082,8d4dd746-f3dc-49f5-a3f1-75a1817c1fe3,8,2082,True,2622,2622,90.52230155503185
2083,8d4dd746-f3dc-49f5-a3f1-75a1817c1fe3,8,2083,True,2663,2663,83.03718430901199
2084,8d4dd746-f3dc-49f5-a3f1-75a1817c1fe3,8,2084,True,2695,2695,97.28385745415062
2085,8d4dd746-f3dc-49f5-a3f1-75a1817c1fe3,8,2085,True,2726,2726,98.50990338278098
2086,8d4dd746-f3dc-49f5-a3f1-75a1817c1fe3,8,2086,True,2759,2759,94.30064028316883
2087,8d4dd746-f3dc-49f5-a3f1-75a1817c1fe3,8,2087,True,2790,2790,91.69443072383046
2088,8d4dd746-f3dc-49f5-a3f1-75a1817c1fe3,8,2088,True,2811,2811,93.0671190373564
2089,8d4dd746-f3dc-49f5-a3f1-75a1817c1fe3,8,2089,True,2849,2849,99.4736228538577
2090,8d4dd746-f3dc-49f5-a3f1-75a1817c1fe3,8,2090,True,2875,2875,95.80490989769123
2091,8d4dd746-f3dc-49f5-a3f1-75a1817c1fe3,8,2091,True,2911,2911,88.88914714831344
2092,8d4dd746-f3dc-49f5-a3f1-75a1817c1fe3,8,2092,True,2943,2943,85.44282534226068
2093,8d4dd746-f3dc-49f5-a3f1-75a1817c1fe3,8,2093,True,2959,2959,96.467834460424
2094,8d4dd746-f3dc-49f5-a3f1-75a1817c1fe3,8,2094,True,2996,2996,93.87088472797541
2095,8d4dd746-f3dc-49f5-a3f1-75a1817c1fe3,8,2095,True,3014,3014,111.12288464694666
2096,8d4dd746-f3dc-49f5-a3f1-75a1817c1fe3,8,2096,True,3052,3052,104.82004350799252
2097,8d4dd746-f3dc-49f5-a3f1-75a1817c1fe3,8,2097,True,3082,3082,106.78403280752264
2098,8d4dd746-f3dc-49f5-a3f1-75a1817c1fe3,8,2098,True,3112,3112,100.9003607890163
2099,8d4dd746-f3dc-49f5-a3f1-75a1817c1fe3,8,2099,True,3144,3144,92.78179368964175
2100,8d4dd746-f3dc-49f5-a3f1-75a1817c1fe3,8,2100,True,3172,3172,93.26369323760537
2101,8d4dd746-f3dc-49f5-a3f1-75a1817c1fe3,8,2101,True,3201,3201,86.58383381052136
2102,8d4dd746-f3dc-49f5-a3f1-75a1817c1fe3,8,2102,True,3234,3234,91.18357688014157
2103,8d4dd746-f3dc-49f5-a3f1-75a1817c1fe3,8,2103,True,3261,3261,90.37414679943049
2104,8d4dd746-f3dc-49f5-a3f1-75a1817c1fe3,8,2104,True,3291,3291,99.77977182422501
2105,8d4dd746-f3dc-49f5-a3f1-75a1817c1fe3,8,2105,True,3327,3327,102.76475824853696
2106,8d4dd746-f3dc-49f5-a3f1-75a1817c1fe3,8,2106,True,3355,3355,97.54481353727033
2107,8d4dd746-f3dc-49f5-a3f1-75a1817c1fe3,8,2107,True,3375,3375,115.97434596632411
2108,8d4dd746-f3dc-49f5-a3f1-75a1817c1fe3,8,2108,True,3415,3415,100.46809465712568
2109,8d4dd746-f3dc-49f5-a3f1-75a1817c1fe3,8,2109,True,3447,3447,89.60940727000025
2110,8d4dd746-f3dc-49f5-a3f1-75a1817c1fe3,8,2110,True,3476,3476,116.6393081852425
2111,8d4dd746-f3dc-49f5-a3f1-75a1817c1fe3,8,2111,True,3508,3508,108.88598033187236
2112,8d4dd746-f3dc-49f5-a3f1-75a1817c1fe3,8,2112,True,3531,3531,111.09176986436842
2113,8d4dd746-f3dc-49f5-a3f1-75a1817c1fe3,8,2113,True,3577,3577,89.18608900193476
2114,8d4dd746-f3dc-49f5-a3f1-75a1817c1fe3,8,2114,True,3610,3610,80.01152793691517
2115,8d4dd746-f3dc-49f5-a3f1-75a1817c1fe3,8,2115,True,3642,3642,87.62968973284387
2116,8d4dd746-f3dc-49f5-a3f1-75a1817c1fe3,8,2116,True,3675,3675,82.11464924342272
2117,8d4dd746-f3dc-49f5-a3f1-75a1817c1fe3,8,2117,True,3705,3705,95.52383127811208
2118,8d4dd746-f3dc-49f5-a3f1-75a1817c1fe3,8,2118,True,3738,3738,88.76934065116257
2119,8d4dd746-f3dc-49f5-a3f1-75a1817c1fe3,8,2119,True,3766,3766,94.89775931858367
2120,8d4dd746-f3dc-49f5-a3f1-75a1817c1fe3,8,2120,True,3806,3806,91.14682776710424
2121,8d4dd746-f3dc-49f5-a3f1-75a1817c1fe3,8,2121,True,3840,3840,82.09493617985345
2122,8d4dd746-f3dc-49f5-a3f1-75a1817c1fe3,8,2122,True,3865,3865,83.85251065927832
2123,8d4dd746-f3dc-49f5-a3f1-75a1817c1fe3,8,2123,True,3896,3896,89.46221380255292
2124,8d4dd746-f3dc-49f5-a3f1-75a1817c1fe3,8,2124,True,3929,3929,96.10997690703243
2125,8d4dd746-f3dc-49f5-a3f1-75a1817c1fe3,8,2125,True,3957,3957,114.8564118895074
2126,8d4dd746-f3dc-49f5-a3f1-75a1817c1fe3,8,2126,True,3983,3983,114.65226899633126
2127,8d4dd746-f3dc-49f5-a3f1-75a1817c1fe3,8,2127,True,4009,4009,114.44522163232705
2128,8d4dd746-f3dc-49f5-a3f1-75a1817c1fe3,8,2128,True,4039,4039,116.12267733966746
2129,8d4dd746-f3dc-49f5-a3f1-75a1817c1fe3,8,2129,True,4069,4069,107.88621771017915
2130,8d4dd746-f3dc-49f5-a3f1-75a1817c1fe3,8,2130,True,4108,4108,100.38182720526129
2131,8d4dd746-f3dc-49f5-a3f1-75a1817c1fe3,8,2131,True,4140,4140,120.65942594371063
2132,8d4dd746-f3dc-49f5-a3f1-75a1817c1fe3,8,2132,True,4169,4169,113.32726909792927
2133,8d4dd746-f3dc-49f5-a3f1-75a1817c1fe3,8,2133,True,4203,4203,107.73586846663329
2134,8d4dd746-f3dc-49f5-a3f1-75a1817c1fe3,8,2134,True,4245,4245,87.6739680465962
2135,8d4dd746-f3dc-49f5-a3f1-75a1817c1fe3,8,2135,True,4273,4273,90.41363244643526
2136,8d4dd746-f3dc-49f5-a3f1-75a1817c1fe3,8,2136,True,4299,4299,89.13743345977764
2137,8d4dd746-f3dc-49f5-a3f1-75a1817c1fe3,8,2137,True,4334,4334,110.95071202195413
2138,8d4dd746-f3dc-49f5-a3f1-75a1817c1fe3,8,2138,True,4363,4363,103.10884428971258
2139,8d4dd746-f3dc-49f5-a3f1-75a1817c1fe3,8,2139,True,4397,4397,108.68525830853469
2140,8d4dd746-f3dc-49f5-a3f1-75a1817c1fe3,8,2140,True,4434,4434,98.80887440738206
2141,8d4dd746-f3dc-49f5-a3f1-75a1817c1fe3,8,2141,True,4473,4473,100.20398684505108
2142,8d4dd746-f3dc-49f5-a3f1-75a1817c1fe3,8,2142,True,4516,4516,86.91181431839686
2143,8d4dd746-f3dc-49f5-a3f1-75a1817c1fe3,8,2143,True,4544,4544,84.77400545279579
2144,8d4dd746-f3dc-49f5-a3f1-75a1817c1fe3,8,2144,True,4573,4573,100.40720896819039
2145,8d4dd746-f3dc-49f5-a3f1-75a1817c1fe3,8,2145,True,4603,4603,94.98378672302533
2146,8d4dd746-f3dc-49f5-a3f1-75a1817c1fe3,8,2146,True,4629,4629,92.63115222638953
2147,8d4dd746-f3dc-49f5-a3f1-75a1817c1fe3,8,2147,True,4657,4657,103.46666193482179
2148,8d4dd746-f3dc-49f5-a3f1-75a1817c1fe3,8,2148,True,4682,4682,98.77552503487732
2149,8d4dd746-f3dc-49f5-a3f1-75a1817c1fe3,8,2149,True,4712,4712,88.09384465335643
2150,8d4dd746-f3dc-49f5-a3f1-75a1817c1fe3,8,2150,True,4745,4745,87.76349427477362
2151,8d4dd746-f3dc-49f5-a3f1-75a1817c1fe3,8,2151,True,4769,4769,106.22796511873639
2152,8d4dd746-f3dc-49f5-a3f1-75a1817c1fe3,8,2152,True,4803,4803,92.51492369092193
2153,8d4dd746-f3dc-49f5-a3f1-75a1817c1fe3,8,2153,True,4838,4838,90.06757791013115
2154,8d4dd746-f3dc-49f5-a3f1-75a1817c1fe3,8,2154,True,4869,4869,106.17168841686907
2155,8d4dd746-f3dc-49f5-a3f1-75a1817c1fe3,8,2155,True,4903,4903,99.40760043264436
2156,8d4dd746-f3dc-49f5-a3f1-75a1817c1fe3,8,2156,True,4934,4934,93.74153025900068
2157,8d4dd746-f3dc-49f5-a3f1-75a1817c1fe3,8,2157,True,4969,4969,95.3878806571065
2158,8d4dd746-f3dc-49f5-a3f1-75a1817c1fe3,8,2158,True,4999,4999,102.98516076796932
2159,8d4dd746-f3dc-49f5-a3f1-75a1817c1fe3,8,2159,True,5034,5034,96.25232882202272
2160,8d4dd746-f3dc-49f5-a3f1-75a1817c1fe3,8,2160,True,5072,5072,95.7783133312114
2161,8d4dd746-f3dc-49f5-a3f1-75a1817c1fe3,8,2161,True,5093,5093,96.82504751717806
2162,8d4dd746-f3dc-49f5-a3f1-75a1817c1fe3,8,2162,True,5123,5123,87.2605854557105
2163,8d4dd746-f3dc-49f5-a3f1-75a1817c1fe3,8,2163,True,5149,5149,97.02359542030445
2164,8d4dd746-f3dc-49f5-a3f1-75a1817c1fe3,8,2164,True,5181,5181,110.44331352757672
2165,8d4dd746-f3dc-49f5-a3f1-75a1817c1fe3,8,2165,True,5209,5209,105.58431699456924
2166,8d4dd746-f3dc-49f5-a3f1-75a1817c1fe3,8,2166,True,5247,5247,90.87175144122557
2167,8d4dd746-f3dc-49f5-a3f1-75a1817c1fe3,8,2167,True,5273,5273,94.37721028988835
2168,8d4dd746-f3dc-49f5-a3f1-75a1817c1fe3,8,2168,True,5301,5301,110.4747645686557
2169,8d4dd746-f3dc-49f5-a3f1-75a1817c1fe3,8,2169,True,5332,5332,121.05707612472543
2170,8d4dd746-f3dc-49f5-a3f1-75a1817c1fe3,8,2170,True,5357,5357,116.9102464481839
2171,8d4dd746-f3dc-49f5-a3f1-75a1817c1fe3,8,2171,True,5399,5399,99.63301881119332
2172,8d4dd746-f3dc-49f5-a3f1-75a1817c1fe3,8,2172,True,5430,5430,104.72981868233819
2173,8d4dd746-f3dc-49f5-a3f1-75a1817c1fe3,8,2173,True,5452,5452,117.28051641000184
2174,8d4dd746-f3dc-49f5-a3f1-75a1817c1fe3,8,2174,True,5479,5479,107.5816597678704
2175,8d4dd746-f3dc-49f5-a3f1-75a1817c1fe3,8,2175,True,5496,5496,111.17437162519491
2176,8d4dd746-f3dc-49f5-a3f1-75a1817c1fe3,8,2176,True,5532,5532,106.05108979122997
2177,8d4dd746-f3dc-49f5-a3f1-75a1817c1fe3,8,2177,True,5563,5563,96.94229864564568
2178,8d4dd746-f3dc-49f5-a3f1-75a1817c1fe3,8,2178,True,5593,5593,102.19614199338503
2179,8d4dd746-f3dc-49f5-a3f1-75a1817c1fe3,8,2179,True,5629,5629,120.83254196598864
2180,8d4dd746-f3dc-49f5-a3f1-75a1817c1fe3,8,2180,True,5659,5659,112.23627948543253
2181,8d4dd746-f3dc-49f5-a3f1-75a1817c1fe3,8,2181,True,5690,5690,111.54887618637531
2182,8d4dd746-f3dc-49f5-a3f1-75a1817c1fe3,8,2182,True,5718,5718,104.38951170933433
2183,8d4dd746-f3dc-49f5-a3f1-75a1817c1fe3,8,2183,True,5749,5749,110.57104902335777
2184,8d4dd746-f3dc-49f5-a3f1-75a1817c1fe3,8,2184,True,5773,5773,111.01730455863617
2185,8d4dd746-f3dc-49f5-a3f1-75a1817c1fe3,8,2185,True,5800,5800,152.05692228378848
2186,8d4dd746-f3dc-49f5-a3f1-75a1817c1fe3,8,2186,True,5822,5822,114.3702645452031
2187,8d4dd746-f3dc-49f5-a3f1-75a1817c1fe3,8,2187,True,5852,5852,123.02436758766453
2188,8d4dd746-f3dc-49f5-a3f1-75a1817c1fe3,8,2188,True,5879,5879,193.98064431309922
2189,8d4dd746-f3dc-49f5-a3f1-75a1817c1fe3,8,2189,True,5901,5901,146.5854510128629
2190,8d4dd746-f3dc-49f5-a3f1-75a1817c1fe3,8,2190,True,5929,5929,163.26431730685545
2191,8d4dd746-f3dc-49f5-a3f1-75a1817c1fe3,8,2191,True,5969,5969,176.9971904240956
2192,8d4dd746-f3dc-49f5-a3f1-75a1817c1fe3,8,2192,True,5991,5991,133.34227894514606
2193,8d4dd746-f3dc-49f5-a3f1-75a1817c1fe3,8,2193,True,6021,6021,188.52691428943308
2194,8d4dd746-f3dc-49f5-a3f1-75a1817c1fe3,8,2194,True,6049,6049,137.9970726195952
2195,8d4dd746-f3dc-49f5-a3f1-75a1817c1fe3,8,2195,True,6081,6081,147.41647002217542
2196,8d4dd746-f3dc-49f5-a3f1-75a1817c1fe3,8,2196,True,6119,6119,109.41647002217542
2197,8d4dd746-f3dc-49f5-a3f1-75a1817c1fe3,8,2197,True,6152,6152,123.21225087975017
2198,8d4dd746-f3dc-49f5-a3f1-75a1817c1fe3,8,2198,True,6184,6184,122.63493407523674
2199,8d4dd746-f3dc-49f5-a3f1-75a1817c1fe3,8,2199,True,6217,6217,114.53616255634097
2200,8d4dd746-f3dc-49f5-a3f1-75a1817c1fe3,8,2200,True,6253,6253,102.59647227961432
2201,8d4dd746-f3dc-49f5-a3f1-75a1817c1fe3,8,2201,True,6282,6282,106.86539262757015
2202,8d4dd746-f3dc-49f5-a3f1-75a1817c1fe3,8,2202,True,6312,6312,96.06552592244498
2203,8d4dd746-f3dc-49f5-a3f1-75a1817c1fe3,8,2203,True,6343,6343,100.96933784949215
2204,8d4dd746-f3dc-49f5-a3f1-75a1817c1fe3,8,2204,True,6375,6375,104.00704384815799
2205,8d4dd746-f3dc-49f5-a3f1-75a1817c1fe3,8,2205,True,6412,6412,91.7161451802458
2206,8d4dd746-f3dc-49f5-a3f1-75a1817c1fe3,8,2206,True,6438,6438,92.09528895964377
2207,8d4dd746-f3dc-49f5-a3f1-75a1817c1fe3,8,2207,True,6465,6465,109.33914848964287
2208,8d4dd746-f3dc-49f5-a3f1-75a1817c1fe3,8,2208,True,6499,6499,99.47077374957917
2209,8d4dd746-f3dc-49f5-a3f1-75a1817c1fe3,8,2209,True,6531,6531,108.5000436002374
2210,8d4dd746-f3dc-49f5-a3f1-75a1817c1fe3,8,2210,True,6555,6555,103.04755421651953
2211,8d4dd746-f3dc-49f5-a3f1-75a1817c1fe3,8,2211,True,6593,6593,103.63360103387458
2212,8d4dd746-f3dc-49f5-a3f1-75a1817c1fe3,8,2212,True,6628,6628,92.90676826182153
2213,8d4dd746-f3dc-49f5-a3f1-75a1817c1fe3,8,2213,True,6650,6650,90.70102683745154
2214,8d4dd746-f3dc-49f5-a3f1-75a1817c1fe3,8,2214,True,6679,6679,96.22837143874403
2215,8d4dd746-f3dc-49f5-a3f1-75a1817c1fe3,8,2215,True,6724,6724,101.81456627443731
2216,8d4dd746-f3dc-49f5-a3f1-75a1817c1fe3,8,2216,True,6753,6753,92.88626851198023
2217,8d4dd746-f3dc-49f5-a3f1-75a1817c1fe3,8,2217,True,6800,6800,91.58043401946543
2218,8d4dd746-f3dc-49f5-a3f1-75a1817c1fe3,8,2218,True,6828,6828,89.91519645609424
2219,8d4dd746-f3dc-49f5-a3f1-75a1817c1fe3,8,2219,True,6862,6862,101.02004593443871
2220,8d4dd746-f3dc-49f5-a3f1-75a1817c1fe3,8,2220,True,6897,6897,94.48185859101523
2221,8d4dd746-f3dc-49f5-a3f1-75a1817c1fe3,8,2221,True,6916,6916,92.09140408038274
2222,8d4dd746-f3dc-49f5-a3f1-75a1817c1fe3,8,2222,True,6945,6945,118.656759184757
2223,8d4dd746-f3dc-49f5-a3f1-75a1817c1fe3,8,2223,True,6976,6976,109.54599202635745
2224,8d4dd746-f3dc-49f5-a3f1-75a1817c1fe3,8,2224,True,7002,7002,106.65594760269505
2225,8d4dd746-f3dc-49f5-a3f1-75a1817c1fe3,8,2225,True,7032,7032,96.77684826885798
2226,8d4dd746-f3dc-49f5-a3f1-75a1817c1fe3,8,2226,True,7066,7066,91.14845517702997
2227,8d4dd746-f3dc-49f5-a3f1-75a1817c1fe3,8,2227,True,7099,7099,101.75378809968606
2228,8d4dd746-f3dc-49f5-a3f1-75a1817c1fe3,8,2228,True,7133,7133,85.56972674616554
2229,8d4dd746-f3dc-49f5-a3f1-75a1817c1fe3,8,2229,True,7166,7166,86.76843822828323
2230,8d4dd746-f3dc-49f5-a3f1-75a1817c1fe3,8,2230,True,7192,7192,91.93600498919932
2231,8d4dd746-f3dc-49f5-a3f1-75a1817c1fe3,8,2231,True,7223,7223,89.91872683074507
2232,8d4dd746-f3dc-49f5-a3f1-75a1817c1fe3,8,2232,True,7244,7244,103.42276318420772
2233,8d4dd746-f3dc-49f5-a3f1-75a1817c1fe3,8,2233,True,7273,7273,103.70588754259643
2234,8d4dd746-f3dc-49f5-a3f1-75a1817c1fe3,8,2234,True,7305,7305,104.03962542990212
2235,8d4dd746-f3dc-49f5-a3f1-75a1817c1fe3,8,2235,True,7333,7333,147.7947738081739
2236,8d4dd746-f3dc-49f5-a3f1-75a1817c1fe3,8,2236,True,7359,7359,143.2922101635295
2237,8d4dd746-f3dc-49f5-a3f1-75a1817c1fe3,8,2237,True,7394,7394,128.70843730535125
2238,8d4dd746-f3dc-49f5-a3f1-75a1817c1fe3,8,2238,True,7423,7423,119.94692607510206
2239,8d4dd746-f3dc-49f5-a3f1-75a1817c1fe3,8,2239,True,7460,7460,111.82877149918477
2240,8d4dd746-f3dc-49f5-a3f1-75a1817c1fe3,8,2240,True,7481,7481,190.35190956061524
2241,8d4dd746-f3dc-49f5-a3f1-75a1817c1fe3,8,2241,True,7508,7508,140.04793319221426
2242,8d4dd746-f3dc-49f5-a3f1-75a1817c1fe3,8,2242,True,7546,7546,143.23804476353052
2243,8d4dd746-f3dc-49f5-a3f1-75a1817c1fe3,8,2243,True,7580,7580,144.24671604982086
2244,8d4dd746-f3dc-49f5-a3f1-75a1817c1fe3,8,2244,True,7600,7600,163.71748458521324
2245,8d4dd746-f3dc-49f5-a3f1-75a1817c1fe3,8,2245,True,7628,7628,156.97724804861627
2246,8d4dd746-f3dc-49f5-a3f1-75a1817c1fe3,8,2246,True,7664,7664,170.29235027811046
2247,8d4dd746-f3dc-49f5-a3f1-75a1817c1fe3,8,2247,True,7701,7701,153.10570767123136
2248,8d4dd746-f3dc-49f5-a3f1-75a1817c1fe3,8,2248,True,7731,7731,141.0296198176602
2249,8d4dd746-f3dc-49f5-a3f1-75a1817c1fe3,8,2249,True,7757,7757,137.3388683359317
2250,8d4dd746-f3dc-49f5-a3f1-75a1817c1fe3,8,2250,True,7790,7790,125.62608376586559
2251,8d4dd746-f3dc-49f5-a3f1-75a1817c1fe3,8,2251,True,7815,7815,123.69686787614955
2252,8d4dd746-f3dc-49f5-a3f1-75a1817c1fe3,8,2252,True,7847,7847,118.79834901022605
2253,8d4dd746-f3dc-49f5-a3f1-75a1817c1fe3,8,2253,True,7878,7878,130.13451802975123
2254,8d4dd746-f3dc-49f5-a3f1-75a1817c1fe3,8,2254,True,7910,7910,117.68244869426871
2255,8d4dd746-f3dc-49f5-a3f1-75a1817c1fe3,8,2255,True,7942,7942,131.7439153602927
2256,8d4dd746-f3dc-49f5-a3f1-75a1817c1fe3,8,2256,True,7973,7973,142.36472559836784
2257,8d4dd746-f3dc-49f5-a3f1-75a1817c1fe3,8,2257,True,7999,7999,135.54495519098327
2258,8d4dd746-f3dc-49f5-a3f1-75a1817c1fe3,8,2258,True,8027,8027,128.94272657662805
2259,8d4dd746-f3dc-49f5-a3f1-75a1817c1fe3,8,2259,True,8058,8058,122.61902603448834
2260,8d4dd746-f3dc-49f5-a3f1-75a1817c1fe3,8,2260,True,8085,8085,120.18093441073688
2261,8d4dd746-f3dc-49f5-a3f1-75a1817c1fe3,8,2261,True,8123,8123,118.09987098917918
2262,8d4dd746-f3dc-49f5-a3f1-75a1817c1fe3,8,2262,True,8146,8146,135.77122430990858
2263,8d4dd746-f3dc-49f5-a3f1-75a1817c1fe3,8,2263,True,8183,8183,123.21297636012969
2264,8d4dd746-f3dc-49f5-a3f1-75a1817c1fe3,8,2264,True,8206,8206,120.44799959875672
2265,8d4dd746-f3dc-49f5-a3f1-75a1817c1fe3,8,2265,True,8243,8243,118.10500609277369
2266,8d4dd746-f3dc-49f5-a3f1-75a1817c1fe3,8,2266,True,8277,8277,107.52431118972527
2267,8d4dd746-f3dc-49f5-a3f1-75a1817c1fe3,8,2267,True,8309,8309,130.79490128280668
2268,8d4dd746-f3dc-49f5-a3f1-75a1817c1fe3,8,2268,True,8343,8343,126.18964716402843
2269,8d4dd746-f3dc-49f5-a3f1-75a1817c1fe3,8,2269,True,8373,8373,115.76511173104154
2270,8d4dd746-f3dc-49f5-a3f1-75a1817c1fe3,8,2270,True,8405,8405,108.5973736424312
2271,8d4dd746-f3dc-49f5-a3f1-75a1817c1fe3,8,2271,True,8439,8439,102.88495016500201
2272,8d4dd746-f3dc-49f5-a3f1-75a1817c1fe3,8,2272,True,8464,8464,117.1318289560586
2273,8d4dd746-f3dc-49f5-a3f1-75a1817c1fe3,8,2273,True,8496,8496,107.57731311643875
2274,8d4dd746-f3dc-49f5-a3f1-75a1817c1fe3,8,2274,True,8519,8519,104.67623124832971
2275,8d4dd746-f3dc-49f5-a3f1-75a1817c1fe3,8,2275,True,8557,8557,96.05691709162056
2276,8d4dd746-f3dc-49f5-a3f1-75a1817c1fe3,8,2276,True,8590,8590,107.59819583467288
2277,8d4dd746-f3dc-49f5-a3f1-75a1817c1fe3,8,2277,True,8613,8613,146.20441593776377
2278,8d4dd746-f3dc-49f5-a3f1-75a1817c1fe3,8,2278,True,8640,8640,140.1318968777905
2279,8d4dd746-f3dc-49f5-a3f1-75a1817c1fe3,8,2279,True,8667,8667,134.46496958076568
2280,8d4dd746-f3dc-49f5-a3f1-75a1817c1fe3,8,2280,True,8710,8710,112.59474945585862
2281,8d4dd746-f3dc-49f5-a3f1-75a1817c1fe3,8,2281,True,8748,8748,102.64296269778606
2282,8d4dd746-f3dc-49f5-a3f1-75a1817c1fe3,8,2282,True,8771,8771,113.39397536433171
2283,8d4dd746-f3dc-49f5-a3f1-75a1817c1fe3,8,2283,True,8798,8798,108.70235574320213
2284,8d4dd746-f3dc-49f5-a3f1-75a1817c1fe3,8,2284,True,8825,8825,114.4987562992228
2285,8d4dd746-f3dc-49f5-a3f1-75a1817c1fe3,8,2285,True,8867,8867,100.17718834413063
2286,8d4dd746-f3dc-49f5-a3f1-75a1817c1fe3,8,2286,True,8902,8902,118.41079951815846
2287,8d4dd746-f3dc-49f5-a3f1-75a1817c1fe3,8,2287,True,8953,8953,96.3024025203249
2288,8d4dd746-f3dc-49f5-a3f1-75a1817c1fe3,8,2288,True,8990,8990,85.77816664038619
2289,8d4dd746-f3dc-49f5-a3f1-75a1817c1fe3,8,2289,True,9024,9024,99.33508755006551
2290,8d4dd746-f3dc-49f5-a3f1-75a1817c1fe3,8,2290,True,9064,9064,92.94024259533762
2291,8d4dd746-f3dc-49f5-a3f1-75a1817c1fe3,8,2291,True,9101,9101,85.42778764190916
2292,8d4dd746-f3dc-49f5-a3f1-75a1817c1fe3,8,2292,True,9132,9132,96.69060552288647
2293,8d4dd746-f3dc-49f5-a3f1-75a1817c1fe3,8,2293,True,9162,9162,86.57228356124324
2294,8d4dd746-f3dc-49f5-a3f1-75a1817c1fe3,8,2294,True,9203,9203,97.45907826062285
2295,8d4dd746-f3dc-49f5-a3f1-75a1817c1fe3,8,2295,True,9231,9231,89.55959955767503
2296,8d4dd746-f3dc-49f5-a3f1-75a1817c1fe3,8,2296,True,9260,9260,92.01857213764379
2297,8d4dd746-f3dc-49f5-a3f1-75a1817c1fe3,8,2297,True,9289,9289,98.99829083472468
2298,8d4dd746-f3dc-49f5-a3f1-75a1817c1fe3,8,2298,True,9323,9323,91.3139144855395
2299,8d4dd746-f3dc-49f5-a3f1-75a1817c1fe3,8,2299,True,9350,9350,92.19937110455794
2300,8d4dd746-f3dc-49f5-a3f1-75a1817c1fe3,8,2300,True,9374,9374,101.81234410649813
2301,8d4dd746-f3dc-49f5-a3f1-75a1817c1fe3,8,2301,True,9404,9404,94.88681355440895
2302,8d4dd746-f3dc-49f5-a3f1-75a1817c1fe3,8,2302,True,9425,9425,99.95032636139149
2303,8d4dd746-f3dc-49f5-a3f1-75a1817c1fe3,8,2303,True,9462,9462,101.68405010341849
2304,8d4dd746-f3dc-49f5-a3f1-75a1817c1fe3,8,2304,True,9492,9492,115.71574208228412
2305,8d4dd746-f3dc-49f5-a3f1-75a1817c1fe3,8,2305,True,9531,9531,102.00509686345686
2306,8d4dd746-f3dc-49f5-a3f1-75a1817c1fe3,8,2306,True,9563,9563,103.37400016434003
2307,8d4dd746-f3dc-49f5-a3f1-75a1817c1fe3,8,2307,True,9586,9586,114.54276424157251
2308,8d4dd746-f3dc-49f5-a3f1-75a1817c1fe3,8,2308,True,9623,9623,103.23658188648551
2309,8d4dd746-f3dc-49f5-a3f1-75a1817c1fe3,8,2309,True,9653,9653,106.67403054255192
2310,8d4dd746-f3dc-49f5-a3f1-75a1817c1fe3,8,2310,True,9685,9685,99.0219819718568
2311,8d4dd746-f3dc-49f5-a3f1-75a1817c1fe3,8,2311,True,9721,9721,94.89626987244083
2312,8d4dd746-f3dc-49f5-a3f1-75a1817c1fe3,8,2312,True,9746,9746,106.35588907792408
2313,8d4dd746-f3dc-49f5-a3f1-75a1817c1fe3,8,2313,True,9771,9771,109.86276158920919
2314,8d4dd746-f3dc-49f5-a3f1-75a1817c1fe3,8,2314,True,9804,9804,103.12961524953971
2315,8d4dd746-f3dc-49f5-a3f1-75a1817c1fe3,8,2315,True,9836,9836,103.80211949047043
2316,8d4dd746-f3dc-49f5-a3f1-75a1817c1fe3,8,2316,True,9864,9864,98.75450862212529
2317,8d4dd746-f3dc-49f5-a3f1-75a1817c1fe3,8,2317,True,9897,9897,92.06620597915753
2318,8d4dd746-f3dc-49f5-a3f1-75a1817c1fe3,8,2318,True,9930,9930,92.23650589061435
2319,8d4dd746-f3dc-49f5-a3f1-75a1817c1fe3,8,2319,True,9965,9965,116.34956476678417
2320,8d4dd746-f3dc-49f5-a3f1-75a1817c1fe3,8,2320,True,9991,9991,113.57747239830678
2321,8d4dd746-f3dc-49f5-a3f1-75a1817c1fe3,8,2321,True,10015,10015,119.43281325308271
2322,8d4dd746-f3dc-49f5-a3f1-75a1817c1fe3,8,2322,True,10049,10049,121.01072291745186
2323,8d4dd746-f3dc-49f5-a3f1-75a1817c1fe3,8,2323,True,10074,10074,123.437418125357
2324,8d4dd746-f3dc-49f5-a3f1-75a1817c1fe3,8,2324,True,10111,10111,128.44977685310914
2325,8d4dd746-f3dc-49f5-a3f1-75a1817c1fe3,8,2325,True,10144,10144,146.00213156824975
2326,8d4dd746-f3dc-49f5-a3f1-75a1817c1fe3,8,2326,True,10164,10164,104.72381052985293
2327,8d4dd746-f3dc-49f5-a3f1-75a1817c1fe3,8,2327,True,10202,10202,114.02761003884916
2328,8d4dd746-f3dc-49f5-a3f1-75a1817c1fe3,8,2328,True,10236,10236,109.80357257648757
2329,8d4dd746-f3dc-49f5-a3f1-75a1817c1fe3,8,2329,True,10281,10281,99.92928920261329
2330,8d4dd746-f3dc-49f5-a3f1-75a1817c1fe3,8,2330,True,10314,10314,111.9097868803965
2331,8d4dd746-f3dc-49f5-a3f1-75a1817c1fe3,8,2331,True,10349,10349,116.74058508442613
2332,8d4dd746-f3dc-49f5-a3f1-75a1817c1fe3,8,2332,True,10375,10375,113.76735968422145
2333,8d4dd746-f3dc-49f5-a3f1-75a1817c1fe3,8,2333,True,10416,10416,104.30852955678165
2334,8d4dd746-f3dc-49f5-a3f1-75a1817c1fe3,8,2334,True,10440,10440,102.39847734727118
2335,8d4dd746-f3dc-49f5-a3f1-75a1817c1fe3,8,2335,True,10471,10471,109.71334671364457
2336,8d4dd746-f3dc-49f5-a3f1-75a1817c1fe3,8,2336,True,10495,10495,103.93928627757305
2337,8d4dd746-f3dc-49f5-a3f1-75a1817c1fe3,8,2337,True,10521,10521,108.05559267636272
2338,8d4dd746-f3dc-49f5-a3f1-75a1817c1fe3,8,2338,True,10555,10555,104.0266228505152
2339,8d4dd746-f3dc-49f5-a3f1-75a1817c1fe3,8,2339,True,10591,10591,108.65022684501855
2340,8d4dd746-f3dc-49f5-a3f1-75a1817c1fe3,8,2340,True,10621,10621,102.75792310561155
2341,8d4dd746-f3dc-49f5-a3f1-75a1817c1fe3,8,2341,True,10649,10649,107.77810458982094
2342,8d4dd746-f3dc-49f5-a3f1-75a1817c1fe3,8,2342,True,10681,10681,107.53710934100855
2343,8d4dd746-f3dc-49f5-a3f1-75a1817c1fe3,8,2343,True,10722,10722,89.4586681656856
2344,8d4dd746-f3dc-49f5-a3f1-75a1817c1fe3,8,2344,True,10762,10762,114.35813009976846
2345,8d4dd746-f3dc-49f5-a3f1-75a1817c1fe3,8,2345,True,10792,10792,106.28104454079767
2346,8d4dd746-f3dc-49f5-a3f1-75a1817c1fe3,8,2346,True,10826,10826,105.08807937792335
2347,8d4dd746-f3dc-49f5-a3f1-75a1817c1fe3,8,2347,True,10851,10851,101.15448925194505
2348,8d4dd746-f3dc-49f5-a3f1-75a1817c1fe3,8,2348,True,10873,10873,103.08159893914853
2349,8d4dd746-f3dc-49f5-a3f1-75a1817c1fe3,8,2349,True,10896,10896,116.41059517760186
2350,8d4dd746-f3dc-49f5-a3f1-75a1817c1fe3,8,2350,True,10933,10933,100.26791807464906
2351,8d4dd746-f3dc-49f5-a3f1-75a1817c1fe3,8,2351,True,10957,10957,101.21451632357457
2352,8d4dd746-f3dc-49f5-a3f1-75a1817c1fe3,8,2352,True,10983,10983,108.71781565546189
2353,8d4dd746-f3dc-49f5-a3f1-75a1817c1fe3,8,2353,True,11020,11020,113.03275762176236
2354,8d4dd746-f3dc-49f5-a3f1-75a1817c1fe3,8,2354,True,11054,11054,110.47961175581986
2355,8d4dd746-f3dc-49f5-a3f1-75a1817c1fe3,8,2355,True,11088,11088,102.3284047731886
2356,8d4dd746-f3dc-49f5-a3f1-75a1817c1fe3,8,2356,True,11121,11121,102.61415462183504
2357,8d4dd746-f3dc-49f5-a3f1-75a1817c1fe3,8,2357,True,11160,11160,90.01896466061953
2358,8d4dd746-f3dc-49f5-a3f1-75a1817c1fe3,8,2358,True,11185,11185,99.29575333674256
2359,8d4dd746-f3dc-49f5-a3f1-75a1817c1fe3,8,2359,True,11212,11212,97.46498125386643
2360,8d4dd746-f3dc-49f5-a3f1-75a1817c1fe3,8,2360,True,11235,11235,113.05453845557349
2361,8d4dd746-f3dc-49f5-a3f1-75a1817c1fe3,8,2361,True,11275,11275,97.84664256733049
2362,8d4dd746-f3dc-49f5-a3f1-75a1817c1fe3,8,2362,True,11308,11308,98.74670143912772
2363,8d4dd746-f3dc-49f5-a3f1-75a1817c1fe3,8,2363,True,11338,11338,94.98500986408908
2364,8d4dd746-f3dc-49f5-a3f1-75a1817c1fe3,8,2364,True,11381,11381,79.30814903330611
2365,8d4dd746-f3dc-49f5-a3f1-75a1817c1fe3,8,2365,True,11420,11420,88.3531370127148
2366,8d4dd746-f3dc-49f5-a3f1-75a1817c1fe3,8,2366,True,11447,11447,87.18544483701044
2367,8d4dd746-f3dc-49f5-a3f1-75a1817c1fe3,8,2367,True,11480,11480,83.91288548568627
2368,8d4dd746-f3dc-49f5-a3f1-75a1817c1fe3,8,2368,True,11507,11507,92.70756424238971
2369,8d4dd746-f3dc-49f5-a3f1-75a1817c1fe3,8,2369,True,11540,11540,100.72730455548117
2370,8d4dd746-f3dc-49f5-a3f1-75a1817c1fe3,8,2370,True,11577,11577,86.90444335743996
2371,8d4dd746-f3dc-49f5-a3f1-75a1817c1fe3,8,2371,True,11611,11611,99.4167678310605
2372,8d4dd746-f3dc-49f5-a3f1-75a1817c1fe3,8,2372,True,11644,11644,93.66711807441789
2373,8d4dd746-f3dc-49f5-a3f1-75a1817c1fe3,8,2373,True,11671,11671,91.35235077775906
2374,8d4dd746-f3dc-49f5-a3f1-75a1817c1fe3,8,2374,True,11698,11698,98.50454630598324
2375,8d4dd746-f3dc-49f5-a3f1-75a1817c1fe3,8,2375,True,11729,11729,102.29459037742527
2376,8d4dd746-f3dc-49f5-a3f1-75a1817c1fe3,8,2376,True,11775,11775,90.25612099323735
2377,8d4dd746-f3dc-49f5-a3f1-75a1817c1fe3,8,2377,True,11803,11803,82.88683879845121
2378,8d4dd746-f3dc-49f5-a3f1-75a1817c1fe3,8,2378,True,11830,11830,84.55902165027692
2379,8d4dd746-f3dc-49f5-a3f1-75a1817c1fe3,8,2379,True,11859,11859,102.33851390378913
2380,8d4dd746-f3dc-49f5-a3f1-75a1817c1fe3,8,2380,True,11888,11888,105.04848665055397
2381,8d4dd746-f3dc-49f5-a3f1-75a1817c1fe3,8,2381,True,11921,11921,102.70416636841219
2382,8d4dd746-f3dc-49f5-a3f1-75a1817c1fe3,8,2382,True,11958,11958,97.6582601497812
2383,8d4dd746-f3dc-49f5-a3f1-75a1817c1fe3,8,2383,True,11979,11979,96.63902244811288
2384,8d4dd746-f3dc-49f5-a3f1-75a1817c1fe3,8,2384,True,12002,12002,101.29146459772164
2385,8d4dd746-f3dc-49f5-a3f1-75a1817c1fe3,8,2385,True,12043,12043,81.9552442063632
2386,8d4dd746-f3dc-49f5-a3f1-75a1817c1fe3,8,2386,True,12081,12081,91.26399901319564
2387,8d4dd746-f3dc-49f5-a3f1-75a1817c1fe3,8,2387,True,12116,12116,89.99396744505066
2388,8d4dd746-f3dc-49f5-a3f1-75a1817c1fe3,8,2388,True,12141,12141,90.44501160882464
2389,8d4dd746-f3dc-49f5-a3f1-75a1817c1fe3,8,2389,True,12174,12174,90.6162432723795
2390,8d4dd746-f3dc-49f5-a3f1-75a1817c1fe3,8,2390,True,12203,12203,87.53580514214809
2391,8d4dd746-f3dc-49f5-a3f1-75a1817c1fe3,8,2391,True,12240,12240,101.38943279598789
2392,8d4dd746-f3dc-49f5-a3f1-75a1817c1fe3,8,2392,True,12277,12277,106.84945556972889
2393,8d4dd746-f3dc-49f5-a3f1-75a1817c1fe3,8,2393,True,12316,12316,99.73480202486098
2394,8d4dd746-f3dc-49f5-a3f1-75a1817c1fe3,8,2394,True,12349,12349,82.98720462603887
2395,8d4dd746-f3dc-49f5-a3f1-75a1817c1fe3,8,2395,True,12379,12379,95.38139270222564
2396,8d4dd746-f3dc-49f5-a3f1-75a1817c1fe3,8,2396,True,12401,12401,107.54971327383828
2397,8d4dd746-f3dc-49f5-a3f1-75a1817c1fe3,8,2397,True,12440,12440,95.74986414076739
2398,8d4dd746-f3dc-49f5-a3f1-75a1817c1fe3,8,2398,True,12466,12466,103.74606789088466
2399,8d4dd746-f3dc-49f5-a3f1-75a1817c1fe3,8,2399,True,12494,12494,102.21051901344617
2400,8d4dd746-f3dc-49f5-a3f1-75a1817c1fe3,8,2400,True,12524,12524,103.96112815310335
2401,8d4dd746-f3dc-49f5-a3f1-75a1817c1fe3,8,2401,True,12548,12548,97.24050342667942
2402,8d4dd746-f3dc-49f5-a3f1-75a1817c1fe3,8,2402,True,12578,12578,102.35019672568706
2403,8d4dd746-f3dc-49f5-a3f1-75a1817c1fe3,8,2403,True,12613,12613,90.98858936291435
2404,8d4dd746-f3dc-49f5-a3f1-75a1817c1fe3,8,2404,True,12648,12648,89.6569088478027
2405,8d4dd746-f3dc-49f5-a3f1-75a1817c1fe3,8,2405,True,12685,12685,91.5679159786414
2406,8d4dd746-f3dc-49f5-a3f1-75a1817c1fe3,8,2406,True,12711,12711,86.21349044202725
2407,8d4dd746-f3dc-49f5-a3f1-75a1817c1fe3,8,2407,True,12744,12744,77.80871006691268
2408,8d4dd746-f3dc-49f5-a3f1-75a1817c1fe3,8,2408,True,12774,12774,84.048264735462
2409,8d4dd746-f3dc-49f5-a3f1-75a1817c1fe3,8,2409,True,12812,12812,85.41543086529418
2410,8d4dd746-f3dc-49f5-a3f1-75a1817c1fe3,8,2410,True,12842,12842,83.75626853049835
2411,8d4dd746-f3dc-49f5-a3f1-75a1817c1fe3,8,2411,True,12868,12868,113.02960872719268
2412,8d4dd746-f3dc-49f5-a3f1-75a1817c1fe3,8,2412,True,12899,12899,100.73160539044693
2413,8d4dd746-f3dc-49f5-a3f1-75a1817c1fe3,8,2413,True,12931,12931,102.77915169054722
2414,8d4dd746-f3dc-49f5-a3f1-75a1817c1fe3,8,2414,True,12968,12968,101.80950395723812
2415,8d4dd746-f3dc-49f5-a3f1-75a1817c1fe3,8,2415,True,13003,13003,97.81172442843854
2416,8d4dd746-f3dc-49f5-a3f1-75a1817c1fe3,8,2416,True,13034,13034,98.88436522629854
2417,8d4dd746-f3dc-49f5-a3f1-75a1817c1fe3,8,2417,True,13065,13065,86.01282361799349
2418,8d4dd746-f3dc-49f5-a3f1-75a1817c1fe3,8,2418,True,13106,13106,83.84895136061277
2419,8d4dd746-f3dc-49f5-a3f1-75a1817c1fe3,8,2419,True,13150,13150,85.5083977262675
2420,8d4dd746-f3dc-49f5-a3f1-75a1817c1fe3,8,2420,True,13183,13183,87.62004076406265
2421,8d4dd746-f3dc-49f5-a3f1-75a1817c1fe3,8,2421,True,13207,13207,83.10481420952783
2422,8d4dd746-f3dc-49f5-a3f1-75a1817c1fe3,8,2422,True,13230,13230,102.41088908889469
2423,8d4dd746-f3dc-49f5-a3f1-75a1817c1fe3,8,2423,True,13260,13260,102.72996880856772
2424,8d4dd746-f3dc-49f5-a3f1-75a1817c1fe3,8,2424,True,13286,13286,98.42297523824527
2425,8d4dd746-f3dc-49f5-a3f1-75a1817c1fe3,8,2425,True,13316,13316,97.93012952171011
2426,8d4dd746-f3dc-49f5-a3f1-75a1817c1fe3,8,2426,True,13351,13351,89.31565949671676
2427,8d4dd746-f3dc-49f5-a3f1-75a1817c1fe3,8,2427,True,13382,13382,100.37779604131356
2428,8d4dd746-f3dc-49f5-a3f1-75a1817c1fe3,8,2428,True,13409,13409,94.36213010676875
2429,8d4dd746-f3dc-49f5-a3f1-75a1817c1fe3,8,2429,True,13434,13434,113.10679647640427
2430,8d4dd746-f3dc-49f5-a3f1-75a1817c1fe3,8,2430,True,13461,13461,119.2525551291219
2431,8d4dd746-f3dc-49f5-a3f1-75a1817c1fe3,8,2431,True,13497,13497,125.36068129221167
2432,8d4dd746-f3dc-49f5-a3f1-75a1817c1fe3,8,2432,True,13530,13530,121.66344382650459
2433,8d4dd746-f3dc-49f5-a3f1-75a1817c1fe3,8,2433,True,13551,13551,120.79022199158499
2434,8d4dd746-f3dc-49f5-a3f1-75a1817c1fe3,8,2434,True,13580,13580,112.4088009952975
2435,8d4dd746-f3dc-49f5-a3f1-75a1817c1fe3,8,2435,True,13614,13614,97.21606951272406
2436,8d4dd746-f3dc-49f5-a3f1-75a1817c1fe3,8,2436,True,13641,13641,119.53431819524121
2437,8d4dd746-f3dc-49f5-a3f1-75a1817c1fe3,8,2437,True,13671,13671,114.15979017130667
2438,8d4dd746-f3dc-49f5-a3f1-75a1817c1fe3,8,2438,True,13718,13718,89.8125065408858
2439,8d4dd746-f3dc-49f5-a3f1-75a1817c1fe3,8,2439,True,13746,13746,90.67456564592248
2440,8d4dd746-f3dc-49f5-a3f1-75a1817c1fe3,8,2440,True,13780,13780,96.61741450025511
2441,8d4dd746-f3dc-49f5-a3f1-75a1817c1fe3,8,2441,True,13804,13804,102.85153072051253
2442,8d4dd746-f3dc-49f5-a3f1-75a1817c1fe3,8,2442,True,13840,13840,87.90589219452704
2443,8d4dd746-f3dc-49f5-a3f1-75a1817c1fe3,8,2443,True,13868,13868,121.5613872451031
2444,8d4dd746-f3dc-49f5-a3f1-75a1817c1fe3,8,2444,True,13898,13898,119.92772782791872
2445,8d4dd746-f3dc-49f5-a3f1-75a1817c1fe3,8,2445,True,13928,13928,110.36300874412336
2446,8d4dd746-f3dc-49f5-a3f1-75a1817c1fe3,8,2446,True,13959,13959,115.18115383319127
2447,8d4dd746-f3dc-49f5-a3f1-75a1817c1fe3,8,2447,True,13999,13999,103.9387476484153
2448,8d4dd746-f3dc-49f5-a3f1-75a1817c1fe3,8,2448,True,14041,14041,99.50495700895954
2449,8d4dd746-f3dc-49f5-a3f1-75a1817c1fe3,8,2449,True,14077,14077,94.74580308783698
2450,8d4dd746-f3dc-49f5-a3f1-75a1817c1fe3,8,2450,True,14105,14105,114.55621979602984
2451,8d4dd746-f3dc-49f5-a3f1-75a1817c1fe3,8,2451,True,14124,14124,151.59870911437793
2452,8d4dd746-f3dc-49f5-a3f1-75a1817c1fe3,8,2452,True,14156,14156,137.83986792723226
2453,8d4dd746-f3dc-49f5-a3f1-75a1817c1fe3,8,2453,True,14190,14190,124.44607008975254
2454,8d4dd746-f3dc-49f5-a3f1-75a1817c1fe3,8,2454,True,14235,14235,99.72991139785336
2455,8d4dd746-f3dc-49f5-a3f1-75a1817c1fe3,8,2455,True,14259,14259,101.02287185486784
2456,8d4dd746-f3dc-49f5-a3f1-75a1817c1fe3,8,2456,True,14291,14291,102.09555387854562
2457,8d4dd746-f3dc-49f5-a3f1-75a1817c1fe3,8,2457,True,14325,14325,104.3634780682496
2458,8d4dd746-f3dc-49f5-a3f1-75a1817c1fe3,8,2458,True,14356,14356,96.46601787752115
2459,8d4dd746-f3dc-49f5-a3f1-75a1817c1fe3,8,2459,True,14377,14377,121.54059300027257
2460,8d4dd746-f3dc-49f5-a3f1-75a1817c1fe3,8,2460,True,14408,14408,112.11582585940778
2461,8d4dd746-f3dc-49f5-a3f1-75a1817c1fe3,8,2461,True,14439,14439,124.29862159691402
2462,8d4dd746-f3dc-49f5-a3f1-75a1817c1fe3,8,2462,True,14473,14473,136.8816529293108
2463,8d4dd746-f3dc-49f5-a3f1-75a1817c1fe3,8,2463,True,14512,14512,131.8104142026168
2464,8d4dd746-f3dc-49f5-a3f1-75a1817c1fe3,8,2464,True,14543,14543,125.17122983332047
2465,8d4dd746-f3dc-49f5-a3f1-75a1817c1fe3,8,2465,True,14576,14576,119.0214796821474
2466,8d4dd746-f3dc-49f5-a3f1-75a1817c1fe3,8,2466,True,14606,14606,109.00097341454602
2467,8d4dd746-f3dc-49f5-a3f1-75a1817c1fe3,8,2467,True,14630,14630,105.39044807799837
2468,8d4dd746-f3dc-49f5-a3f1-75a1817c1fe3,8,2468,True,14662,14662,110.22194053904605
2469,8d4dd746-f3dc-49f5-a3f1-75a1817c1fe3,8,2469,True,14692,14692,110.74377224662385
2470,8d4dd746-f3dc-49f5-a3f1-75a1817c1fe3,8,2470,True,14730,14730,126.05641980587097
2471,8d4dd746-f3dc-49f5-a3f1-75a1817c1fe3,8,2471,True,14752,14752,123.1877361177194
2472,8d4dd746-f3dc-49f5-a3f1-75a1817c1fe3,8,2472,True,14791,14791,105.51068550797572
2473,8d4dd746-f3dc-49f5-a3f1-75a1817c1fe3,8,2473,True,14826,14826,106.60349619833869
2474,8d4dd746-f3dc-49f5-a3f1-75a1817c1fe3,8,2474,True,14859,14859,101.60065639269487
2475,8d4dd746-f3dc-49f5-a3f1-75a1817c1fe3,8,2475,True,14895,14895,98.47897659769478
2476,8d4dd746-f3dc-49f5-a3f1-75a1817c1fe3,8,2476,True,14929,14929,89.57368173958275
2477,8d4dd746-f3dc-49f5-a3f1-75a1817c1fe3,8,2477,True,14953,14953,96.53409600654959
2478,8d4dd746-f3dc-49f5-a3f1-75a1817c1fe3,8,2478,True,14986,14986,106.37149479682921
2479,8d4dd746-f3dc-49f5-a3f1-75a1817c1fe3,8,2479,True,15016,15016,112.99994651377892
2480,8d4dd746-f3dc-49f5-a3f1-75a1817c1fe3,8,2480,True,15051,15051,105.447546329533
2481,8d4dd746-f3dc-49f5-a3f1-75a1817c1fe3,8,2481,True,15074,15074,111.55408699755026
2482,8d4dd746-f3dc-49f5-a3f1-75a1817c1fe3,8,2482,True,15105,15105,112.99691092372268
2483,8d4dd746-f3dc-49f5-a3f1-75a1817c1fe3,8,2483,True,15137,15137,104.68789810824092
2484,8d4dd746-f3dc-49f5-a3f1-75a1817c1fe3,8,2484,True,15175,15175,101.77479217861583
2485,8d4dd746-f3dc-49f5-a3f1-75a1817c1fe3,8,2485,True,15206,15206,96.6735303580117
2486,8d4dd746-f3dc-49f5-a3f1-75a1817c1fe3,8,2486,True,15236,15236,98.70443218856417
2487,8d4dd746-f3dc-49f5-a3f1-75a1817c1fe3,8,2487,True,15267,15267,90.41880225453497
2488,8d4dd746-f3dc-49f5-a3f1-75a1817c1fe3,8,2488,True,15294,15294,98.5561095623143
2489,8d4dd746-f3dc-49f5-a3f1-75a1817c1fe3,8,2489,True,15325,15325,101.76449751803739
2490,8d4dd746-f3dc-49f5-a3f1-75a1817c1fe3,8,2490,True,15348,15348,95.6412333000826
2491,8d4dd746-f3dc-49f5-a3f1-75a1817c1fe3,8,2491,True,15392,15392,103.38546182532082
2492,8d4dd746-f3dc-49f5-a3f1-75a1817c1fe3,8,2492,True,15417,15417,100.59715074197811
2493,8d4dd746-f3dc-49f5-a3f1-75a1817c1fe3,8,2493,True,15445,15445,100.09234266435851
2494,8d4dd746-f3dc-49f5-a3f1-75a1817c1fe3,8,2494,True,15473,15473,90.23607976135827
2495,8d4dd746-f3dc-49f5-a3f1-75a1817c1fe3,8,2495,True,15505,15505,81.91818278951541
2496,8d4dd746-f3dc-49f5-a3f1-75a1817c1fe3,8,2496,True,15535,15535,96.72465160005049
2497,8d4dd746-f3dc-49f5-a3f1-75a1817c1fe3,8,2497,True,15564,15564,93.9758260155395
2498,8d4dd746-f3dc-49f5-a3f1-75a1817c1fe3,8,2498,True,15591,15591,88.28375004056761
2499,8d4dd746-f3dc-49f5-a3f1-75a1817c1fe3,8,2499,True,15627,15627,87.86332750709153
2500,8d4dd746-f3dc-49f5-a3f1-75a1817c1fe3,8,2500,True,15662,15662,86.51512600187016
2501,8d4dd746-f3dc-49f5-a3f1-75a1817c1fe3,8,2501,True,15692,15692,99.72381873156155
2502,8d4dd746-f3dc-49f5-a3f1-75a1817c1fe3,8,2502,True,15720,15720,101.81249871098407
2503,8d4dd746-f3dc-49f5-a3f1-75a1817c1fe3,8,2503,True,15746,15746,110.11148923113251
2504,8d4dd746-f3dc-49f5-a3f1-75a1817c1fe3,8,2504,True,15772,15772,168.42082137040597
2505,8d4dd746-f3dc-49f5-a3f1-75a1817c1fe3,8,2505,True,15801,15801,116.83832975653786
2506,8d4dd746-f3dc-49f5-a3f1-75a1817c1fe3,8,2506,True,15829,15829,137.03295805575726
2507,8d4dd746-f3dc-49f5-a3f1-75a1817c1fe3,8,2507,True,15853,15853,113.03295805575726
2508,8d4dd746-f3dc-49f5-a3f1-75a1817c1fe3,8,2508,True,15884,15884,104.21487878648804
2509,8d4dd746-f3dc-49f5-a3f1-75a1817c1fe3,8,2509,True,15925,15925,119.37439434275075
2510,8d4dd746-f3dc-49f5-a3f1-75a1817c1fe3,8,2510,True,15952,15952,112.38678805632117
2511,8d4dd746-f3dc-49f5-a3f1-75a1817c1fe3,8,2511,True,15979,15979,103.96878765939437
2512,8d4dd746-f3dc-49f5-a3f1-75a1817c1fe3,8,2512,True,15998,15998,111.6139719711482
2513,8d4dd746-f3dc-49f5-a3f1-75a1817c1fe3,8,2513,True,16029,16029,164.63706129261118
2514,8d4dd746-f3dc-49f5-a3f1-75a1817c1fe3,8,2514,True,16053,16053,122.76574611153774
2515,8d4dd746-f3dc-49f5-a3f1-75a1817c1fe3,8,2515,True,16082,16082,135.10967494078432
2516,8d4dd746-f3dc-49f5-a3f1-75a1817c1fe3,8,2516,True,16114,16114,124.06806782984677
2517,8d4dd746-f3dc-49f5-a3f1-75a1817c1fe3,8,2517,True,16144,16144,140.22895731379685
2518,8d4dd746-f3dc-49f5-a3f1-75a1817c1fe3,8,2518,True,16177,16177,127.57323685253687
2519,8d4dd746-f3dc-49f5-a3f1-75a1817c1fe3,8,2519,True,16208,16208,119.57394983576523
2520,8d4dd746-f3dc-49f5-a3f1-75a1817c1fe3,8,2520,True,16244,16244,107.06888708549923
2521,8d4dd746-f3dc-49f5-a3f1-75a1817c1fe3,8,2521,True,16275,16275,102.66506869900331
2522,8d4dd746-f3dc-49f5-a3f1-75a1817c1fe3,8,2522,True,16308,16308,106.59242752468344
2523,8d4dd746-f3dc-49f5-a3f1-75a1817c1fe3,8,2523,True,16327,16327,109.17682723524194
2524,8d4dd746-f3dc-49f5-a3f1-75a1817c1fe3,8,2524,True,16352,16352,111.10190026428609
2525,8d4dd746-f3dc-49f5-a3f1-75a1817c1fe3,8,2525,True,16387,16387,102.90259152906947
2526,8d4dd746-f3dc-49f5-a3f1-75a1817c1fe3,8,2526,True,16411,16411,109.03080425345252
2527,8d4dd746-f3dc-49f5-a3f1-75a1817c1fe3,8,2527,True,16436,16436,156.9611685859163
2528,8d4dd746-f3dc-49f5-a3f1-75a1817c1fe3,8,2528,True,16463,16463,146.7592840936013
2529,8d4dd746-f3dc-49f5-a3f1-75a1817c1fe3,8,2529,True,16490,16490,140.3087368398228
2530,8d4dd746-f3dc-49f5-a3f1-75a1817c1fe3,8,2530,True,16509,16509,140.5412398718363
2531,8d4dd746-f3dc-49f5-a3f1-75a1817c1fe3,8,2531,True,16540,16540,130.34512151876334
2532,8d4dd746-f3dc-49f5-a3f1-75a1817c1fe3,8,2532,True,16572,16572,175.900122363837
2533,8d4dd746-f3dc-49f5-a3f1-75a1817c1fe3,8,2533,True,16598,16598,127.89746064224528
2534,8d4dd746-f3dc-49f5-a3f1-75a1817c1fe3,8,2534,True,16631,16631,142.9210399176991
2535,8d4dd746-f3dc-49f5-a3f1-75a1817c1fe3,8,2535,True,16667,16667,156.61641536368552
2536,8d4dd746-f3dc-49f5-a3f1-75a1817c1fe3,8,2536,True,16691,16691,109.9938197879419
2537,8d4dd746-f3dc-49f5-a3f1-75a1817c1fe3,8,2537,True,16726,16726,123.90742540070278
2538,8d4dd746-f3dc-49f5-a3f1-75a1817c1fe3,8,2538,True,16760,16760,120.22802746709567
2539,8d4dd746-f3dc-49f5-a3f1-75a1817c1fe3,8,2539,True,16787,16787,113.88637893021223
2540,8d4dd746-f3dc-49f5-a3f1-75a1817c1fe3,8,2540,True,16813,16813,110.62664969212346
2541,8d4dd746-f3dc-49f5-a3f1-75a1817c1fe3,8,2541,True,16848,16848,97.68416528098169
2542,8d4dd746-f3dc-49f5-a3f1-75a1817c1fe3,8,2542,True,16889,16889,83.70110504455442
2543,8d4dd746-f3dc-49f5-a3f1-75a1817c1fe3,8,2543,True,16916,16916,96.0792451535126
2544,8d4dd746-f3dc-49f5-a3f1-75a1817c1fe3,8,2544,True,16946,16946,92.01227978746465
2545,8d4dd746-f3dc-49f5-a3f1-75a1817c1fe3,8,2545,True,16977,16977,89.81635576969347
2546,8d4dd746-f3dc-49f5-a3f1-75a1817c1fe3,8,2546,True,17007,17007,113.22837498552326
2547,8d4dd746-f3dc-49f5-a3f1-75a1817c1fe3,8,2547,True,17043,17043,102.46086828850093
2548,8d4dd746-f3dc-49f5-a3f1-75a1817c1fe3,8,2548,True,17068,17068,113.40151763761241
2549,8d4dd746-f3dc-49f5-a3f1-75a1817c1fe3,8,2549,True,17097,17097,109.17992877321376
2550,8d4dd746-f3dc-49f5-a3f1-75a1817c1fe3,8,2550,True,17134,17134,101.28584021969436
2551,8d4dd746-f3dc-49f5-a3f1-75a1817c1fe3,8,2551,True,17159,17159,102.3892331453826
2552,8d4dd746-f3dc-49f5-a3f1-75a1817c1fe3,8,2552,True,17182,17182,100.62732804712505
2553,8d4dd746-f3dc-49f5-a3f1-75a1817c1fe3,8,2553,True,17218,17218,89.73646024069967
2554,8d4dd746-f3dc-49f5-a3f1-75a1817c1fe3,8,2554,True,17250,17250,95.15598785436305
2555,8d4dd746-f3dc-49f5-a3f1-75a1817c1fe3,8,2555,True,17282,17282,88.30230083264905
2556,8d4dd746-f3dc-49f5-a3f1-75a1817c1fe3,8,2556,True,17311,17311,93.65202225797111
2557,8d4dd746-f3dc-49f5-a3f1-75a1817c1fe3,8,2557,True,17345,17345,101.47946507722372
2558,8d4dd746-f3dc-49f5-a3f1-75a1817c1fe3,8,2558,True,17386,17386,98.80865682606964
2559,8d4dd746-f3dc-49f5-a3f1-75a1817c1fe3,8,2559,True,17418,17418,89.04579672409818
2560,8d4dd746-f3dc-49f5-a3f1-75a1817c1fe3,8,2560,True,17454,17454,110.50241443722189
2561,8d4dd746-f3dc-49f5-a3f1-75a1817c1fe3,8,2561,True,17479,17479,108.409725902231
2562,8d4dd746-f3dc-49f5-a3f1-75a1817c1fe3,8,2562,True,17514,17514,99.16041161053727
2563,8d4dd746-f3dc-49f5-a3f1-75a1817c1fe3,8,2563,True,17545,17545,107.20001390547623
2564,8d4dd746-f3dc-49f5-a3f1-75a1817c1fe3,8,2564,True,17573,17573,107.58819586026948
2565,8d4dd746-f3dc-49f5-a3f1-75a1817c1fe3,8,2565,True,17603,17603,109.74446738841652
2566,8d4dd746-f3dc-49f5-a3f1-75a1817c1fe3,8,2566,True,17636,17636,111.88064535295052
2567,8d4dd746-f3dc-49f5-a3f1-75a1817c1fe3,8,2567,True,17674,17674,99.12756108501708
2568,8d4dd746-f3dc-49f5-a3f1-75a1817c1fe3,8,2568,True,17712,17712,104.74365296230826
2569,8d4dd746-f3dc-49f5-a3f1-75a1817c1fe3,8,2569,True,17740,17740,114.63584590215032
2570,8d4dd746-f3dc-49f5-a3f1-75a1817c1fe3,8,2570,True,17769,17769,133.0971502137727
2571,8d4dd746-f3dc-49f5-a3f1-75a1817c1fe3,8,2571,True,17789,17789,130.85638818759253
2572,8d4dd746-f3dc-49f5-a3f1-75a1817c1fe3,8,2572,True,17822,17822,126.80424454650347
2573,8d4dd746-f3dc-49f5-a3f1-75a1817c1fe3,8,2573,True,17849,17849,124.12509242249507
2574,8d4dd746-f3dc-49f5-a3f1-75a1817c1fe3,8,2574,True,17887,17887,108.07406159041057
2575,8d4dd746-f3dc-49f5-a3f1-75a1817c1fe3,8,2575,True,17924,17924,122.9344010718487
2576,8d4dd746-f3dc-49f5-a3f1-75a1817c1fe3,8,2576,True,17960,17960,113.2018946324315
2577,8d4dd746-f3dc-49f5-a3f1-75a1817c1fe3,8,2577,True,17986,17986,114.2028566021836
2578,8d4dd746-f3dc-49f5-a3f1-75a1817c1fe3,8,2578,True,18024,18024,98.13209689196447
2579,8d4dd746-f3dc-49f5-a3f1-75a1817c1fe3,8,2579,True,18071,18071,88.90464438666459
2580,8d4dd746-f3dc-49f5-a3f1-75a1817c1fe3,8,2580,True,18095,18095,105.0392782633644
2581,8d4dd746-f3dc-49f5-a3f1-75a1817c1fe3,8,2581,True,18139,18139,88.02568695778973
2582,8d4dd746-f3dc-49f5-a3f1-75a1817c1fe3,8,2582,True,18177,18177,93.15540078749837
2583,8d4dd746-f3dc-49f5-a3f1-75a1817c1fe3,8,2583,True,18206,18206,94.85787366978548
2584,8d4dd746-f3dc-49f5-a3f1-75a1817c1fe3,8,2584,True,18241,18241,86.66292399310623
2585,8d4dd746-f3dc-49f5-a3f1-75a1817c1fe3,8,2585,True,18277,18277,73.73517581585838
2586,8d4dd746-f3dc-49f5-a3f1-75a1817c1fe3,8,2586,True,18308,18308,80.83453026560528
2587,8d4dd746-f3dc-49f5-a3f1-75a1817c1fe3,8,2587,True,18337,18337,104.85170860975632
2588,8d4dd746-f3dc-49f5-a3f1-75a1817c1fe3,8,2588,True,18366,18366,93.95626970386002
2589,8d4dd746-f3dc-49f5-a3f1-75a1817c1fe3,8,2589,True,18398,18398,91.78218326686692
2590,8d4dd746-f3dc-49f5-a3f1-75a1817c1fe3,8,2590,True,18427,18427,91.84145654864551
2591,8d4dd746-f3dc-49f5-a3f1-75a1817c1fe3,8,2591,True,18461,18461,99.50296339064516
2592,8d4dd746-f3dc-49f5-a3f1-75a1817c1fe3,8,2592,True,18496,18496,87.52024248215457
2593,8d4dd746-f3dc-49f5-a3f1-75a1817c1fe3,8,2593,True,18530,18530,85.72481121060264
2594,8d4dd746-f3dc-49f5-a3f1-75a1817c1fe3,8,2594,True,18563,18563,82.81986127826531
2595,8d4dd746-f3dc-49f5-a3f1-75a1817c1fe3,8,2595,True,18595,18595,88.96396750893473
2596,8d4dd746-f3dc-49f5-a3f1-75a1817c1fe3,8,2596,True,18617,18617,93.97361804625689
2597,8d4dd746-f3dc-49f5-a3f1-75a1817c1fe3,8,2597,True,18661,18661,82.18400938407649
2598,8d4dd746-f3dc-49f5-a3f1-75a1817c1fe3,8,2598,True,18692,18692,100.73067057567096
2599,8d4dd746-f3dc-49f5-a3f1-75a1817c1fe3,8,2599,True,18724,18724,100.09827410609432
2600,8d4dd746-f3dc-49f5-a3f1-75a1817c1fe3,8,2600,True,18751,18751,100.3239164265542
2601,8d4dd746-f3dc-49f5-a3f1-75a1817c1fe3,8,2601,True,18776,18776,99.06442308100668
2602,8d4dd746-f3dc-49f5-a3f1-75a1817c1fe3,8,2602,True,18807,18807,85.43157437575792
2603,8d4dd746-f3dc-49f5-a3f1-75a1817c1fe3,8,2603,True,18834,18834,88.53768298149953
2604,8d4dd746-f3dc-49f5-a3f1-75a1817c1fe3,8,2604,True,18868,18868,87.83915241366412
2605,8d4dd746-f3dc-49f5-a3f1-75a1817c1fe3,8,2605,True,18898,18898,88.78620889643935
2606,8d4dd746-f3dc-49f5-a3f1-75a1817c1fe3,8,2606,True,18931,18931,80.06507831039198
2607,8d4dd746-f3dc-49f5-a3f1-75a1817c1fe3,8,2607,True,18963,18963,112.73028343203259
2608,8d4dd746-f3dc-49f5-a3f1-75a1817c1fe3,8,2608,True,19006,19006,97.2480142612585
2609,8d4dd746-f3dc-49f5-a3f1-75a1817c1fe3,8,2609,True,19026,19026,102.33348705998651
2610,8d4dd746-f3dc-49f5-a3f1-75a1817c1fe3,8,2610,True,19053,19053,97.25091876085207
2611,8d4dd746-f3dc-49f5-a3f1-75a1817c1fe3,8,2611,True,19083,19083,95.2721845752094
2612,8d4dd746-f3dc-49f5-a3f1-75a1817c1fe3,8,2612,True,19112,19112,88.32627400986894
2613,8d4dd746-f3dc-49f5-a3f1-75a1817c1fe3,8,2613,True,19143,19143,97.34878266460873
2614,8d4dd746-f3dc-49f5-a3f1-75a1817c1fe3,8,2614,True,19177,19177,92.4441142867363
2615,8d4dd746-f3dc-49f5-a3f1-75a1817c1fe3,8,2615,True,19203,19203,93.42312603686514
2616,8d4dd746-f3dc-49f5-a3f1-75a1817c1fe3,8,2616,True,19238,19238,103.76132016749762
2617,8d4dd746-f3dc-49f5-a3f1-75a1817c1fe3,8,2617,True,19271,19271,93.33083636938682
2618,8d4dd746-f3dc-49f5-a3f1-75a1817c1fe3,8,2618,True,19302,19302,91.14439886069158
2619,8d4dd746-f3dc-49f5-a3f1-75a1817c1fe3,8,2619,True,19334,19334,91.42461711108263
2620,8d4dd746-f3dc-49f5-a3f1-75a1817c1fe3,8,2620,True,19361,19361,109.02685582331105
2621,8d4dd746-f3dc-49f5-a3f1-75a1817c1fe3,8,2621,True,19383,19383,114.82986232432086
2622,8d4dd746-f3dc-49f5-a3f1-75a1817c1fe3,8,2622,True,19419,19419,104.3296225237973
2623,8d4dd746-f3dc-49f5-a3f1-75a1817c1fe3,8,2623,True,19450,19450,93.39709187305561
2624,8d4dd746-f3dc-49f5-a3f1-75a1817c1fe3,8,2624,True,19480,19480,95.27973139458118
2625,8d4dd746-f3dc-49f5-a3f1-75a1817c1fe3,8,2625,True,19514,19514,88.75702707489108
2626,8d4dd746-f3dc-49f5-a3f1-75a1817c1fe3,8,2626,True,19540,19540,94.06653514356003
2627,8d4dd746-f3dc-49f5-a3f1-75a1817c1fe3,8,2627,True,19568,19568,89.76208727549965
2628,8d4dd746-f3dc-49f5-a3f1-75a1817c1fe3,8,2628,True,19599,19599,89.16580293255538
2629,8d4dd746-f3dc-49f5-a3f1-75a1817c1fe3,8,2629,True,19617,19617,94.56667878048029
2630,8d4dd746-f3dc-49f5-a3f1-75a1817c1fe3,8,2630,True,19655,19655,84.71911018367973
2631,8d4dd746-f3dc-49f5-a3f1-75a1817c1fe3,8,2631,True,19681,19681,91.9092962767063
2632,8d4dd746-f3dc-49f5-a3f1-75a1817c1fe3,8,2632,True,19710,19710,93.15808590625602
2633,8d4dd746-f3dc-49f5-a3f1-75a1817c1fe3,8,2633,True,19746,19746,83.33359819907491
2634,8d4dd746-f3dc-49f5-a3f1-75a1817c1fe3,8,2634,True,19766,19766,104.78609749355019
2635,8d4dd746-f3dc-49f5-a3f1-75a1817c1fe3,8,2635,True,19796,19796,116.7148896871222
2636,8d4dd746-f3dc-49f5-a3f1-75a1817c1fe3,8,2636,True,19839,19839,102.8667295723244
2637,8d4dd746-f3dc-49f5-a3f1-75a1817c1fe3,8,2637,True,19866,19866,107.33577737571613
2638,8d4dd746-f3dc-49f5-a3f1-75a1817c1fe3,8,2638,True,19905,19905,111.44438282145347
2639,8d4dd746-f3dc-49f5-a3f1-75a1817c1fe3,8,2639,True,19941,19941,101.02887819590615
2640,8d4dd746-f3dc-49f5-a3f1-75a1817c1fe3,8,2640,True,19973,19973,93.51095233128581
2641,8d4dd746-f3dc-49f5-a3f1-75a1817c1fe3,8,2641,True,19997,19997,93.38368917267508
2642,8d4dd746-f3dc-49f5-a3f1-75a1817c1fe3,8,2642,True,20024,20024,94.87213992255056
2643,8d4dd746-f3dc-49f5-a3f1-75a1817c1fe3,8,2643,True,20059,20059,99.72084984587491
2644,8d4dd746-f3dc-49f5-a3f1-75a1817c1fe3,8,2644,True,20092,20092,92.51959681801964
2645,8d4dd746-f3dc-49f5-a3f1-75a1817c1fe3,8,2645,True,20112,20112,112.27237272003913
2646,8d4dd746-f3dc-49f5-a3f1-75a1817c1fe3,8,2646,True,20142,20142,108.95229803758411
2647,8d4dd746-f3dc-49f5-a3f1-75a1817c1fe3,8,2647,True,20182,20182,121.56213374053186
2648,8d4dd746-f3dc-49f5-a3f1-75a1817c1fe3,8,2648,True,20215,20215,146.5562781604749
2649,8d4dd746-f3dc-49f5-a3f1-75a1817c1fe3,8,2649,True,20242,20242,139.13683217343714
2650,8d4dd746-f3dc-49f5-a3f1-75a1817c1fe3,8,2650,True,20285,20285,117.99889678958789
2651,8d4dd746-f3dc-49f5-a3f1-75a1817c1fe3,8,2651,True,20322,20322,108.45181435549239
2652,8d4dd746-f3dc-49f5-a3f1-75a1817c1fe3,8,2652,True,20354,20354,106.66604947402811
2653,8d4dd746-f3dc-49f5-a3f1-75a1817c1fe3,8,2653,True,20396,20396,96.97083998320886
2654,8d4dd746-f3dc-49f5-a3f1-75a1817c1fe3,8,2654,True,20430,20430,98.2913481539872
2655,8d4dd746-f3dc-49f5-a3f1-75a1817c1fe3,8,2655,True,20461,20461,113.84980513310438
2656,8d4dd746-f3dc-49f5-a3f1-75a1817c1fe3,8,2656,True,20493,20493,114.65248929583322
2657,8d4dd746-f3dc-49f5-a3f1-75a1817c1fe3,8,2657,True,20526,20526,105.88214238267756
2658,8d4dd746-f3dc-49f5-a3f1-75a1817c1fe3,8,2658,True,20559,20559,97.61638182755269
2659,8d4dd746-f3dc-49f5-a3f1-75a1817c1fe3,8,2659,True,20585,20585,100.60468122939346
2660,8d4dd746-f3dc-49f5-a3f1-75a1817c1fe3,8,2660,True,20629,20629,89.16515374834125
2661,8d4dd746-f3dc-49f5-a3f1-75a1817c1fe3,8,2661,True,20659,20659,83.73446553621397
2662,8d4dd746-f3dc-49f5-a3f1-75a1817c1fe3,8,2662,True,20692,20692,89.656924621082
2663,8d4dd746-f3dc-49f5-a3f1-75a1817c1fe3,8,2663,True,20722,20722,102.42023086175323
2664,8d4dd746-f3dc-49f5-a3f1-75a1817c1fe3,8,2664,True,20769,20769,90.03670613369832
2665,8d4dd746-f3dc-49f5-a3f1-75a1817c1fe3,8,2665,True,20798,20798,84.887798826574
2666,8d4dd746-f3dc-49f5-a3f1-75a1817c1fe3,8,2666,True,20824,20824,90.29063197737923
2667,8d4dd746-f3dc-49f5-a3f1-75a1817c1fe3,8,2667,True,20850,20850,89.75027051221332
2668,8d4dd746-f3dc-49f5-a3f1-75a1817c1fe3,8,2668,True,20881,20881,97.46737333969577
2669,8d4dd746-f3dc-49f5-a3f1-75a1817c1fe3,8,2669,True,20903,20903,99.15660584971556
2670,8d4dd746-f3dc-49f5-a3f1-75a1817c1fe3,8,2670,True,20941,20941,88.94270557269192
2671,8d4dd746-f3dc-49f5-a3f1-75a1817c1fe3,8,2671,True,20972,20972,93.3580023958275
2672,8d4dd746-f3dc-49f5-a3f1-75a1817c1fe3,8,2672,True,21010,21010,101.64611243233958
2673,8d4dd746-f3dc-49f5-a3f1-75a1817c1fe3,8,2673,True,21036,21036,102.10688768379987
2674,8d4dd746-f3dc-49f5-a3f1-75a1817c1fe3,8,2674,True,21072,21072,91.54681149883618
2675,8d4dd746-f3dc-49f5-a3f1-75a1817c1fe3,8,2675,True,21101,21101,102.78815098864652
2676,8d4dd746-f3dc-49f5-a3f1-75a1817c1fe3,8,2676,True,21133,21133,101.47400703980747
2677,8d4dd746-f3dc-49f5-a3f1-75a1817c1fe3,8,2677,True,21174,21174,88.33494844392044
2678,8d4dd746-f3dc-49f5-a3f1-75a1817c1fe3,8,2678,True,21195,21195,94.30639044643613
2679,8d4dd746-f3dc-49f5-a3f1-75a1817c1fe3,8,2679,True,21229,21229,90.36216488000719
2680,8d4dd746-f3dc-49f5-a3f1-75a1817c1fe3,8,2680,True,21260,21260,85.7541179677537
2681,8d4dd746-f3dc-49f5-a3f1-75a1817c1fe3,8,2681,True,21307,21307,86.38968094048323
2682,8d4dd746-f3dc-49f5-a3f1-75a1817c1fe3,8,2682,True,21338,21338,82.6705746415646
2683,8d4dd746-f3dc-49f5-a3f1-75a1817c1fe3,8,2683,True,21370,21370,86.63968534227752
2684,8d4dd746-f3dc-49f5-a3f1-75a1817c1fe3,8,2684,True,21394,21394,96.24308555047901
2685,8d4dd746-f3dc-49f5-a3f1-75a1817c1fe3,8,2685,True,21422,21422,98.41635775090617
2686,8d4dd746-f3dc-49f5-a3f1-75a1817c1fe3,8,2686,True,21455,21455,98.0732335391076
2687,8d4dd746-f3dc-49f5-a3f1-75a1817c1fe3,8,2687,True,21491,21491,88.85793849908077
2688,8d4dd746-f3dc-49f5-a3f1-75a1817c1fe3,8,2688,True,21520,21520,85.99241453921422
2689,8d4dd746-f3dc-49f5-a3f1-75a1817c1fe3,8,2689,True,21547,21547,91.7710756135748
2690,8d4dd746-f3dc-49f5-a3f1-75a1817c1fe3,8,2690,True,21572,21572,85.7472459875462
2691,8d4dd746-f3dc-49f5-a3f1-75a1817c1fe3,8,2691,True,21597,21597,95.63817124616253
2692,8d4dd746-f3dc-49f5-a3f1-75a1817c1fe3,8,2692,True,21632,21632,89.13719121344184
2693,8d4dd746-f3dc-49f5-a3f1-75a1817c1fe3,8,2693,True,21661,21661,93.01930454509784
2694,8d4dd746-f3dc-49f5-a3f1-75a1817c1fe3,8,2694,True,21693,21693,103.6687029646273
2695,8d4dd746-f3dc-49f5-a3f1-75a1817c1fe3,8,2695,True,21714,21714,105.6910174071163
2696,8d4dd746-f3dc-49f5-a3f1-75a1817c1fe3,8,2696,True,21755,21755,86.42954133267995
2697,8d4dd746-f3dc-49f5-a3f1-75a1817c1fe3,8,2697,True,21784,21784,83.48782096328796
2698,8d4dd746-f3dc-49f5-a3f1-75a1817c1fe3,8,2698,True,21819,21819,95.47626914320426
2699,8d4dd746-f3dc-49f5-a3f1-75a1817c1fe3,8,2699,True,21853,21853,96.81437771628407
2700,8d4dd746-f3dc-49f5-a3f1-75a1817c1fe3,8,2700,True,21884,21884,88.63500044038301
2701,8d4dd746-f3dc-49f5-a3f1-75a1817c1fe3,8,2701,True,21910,21910,95.75138779737608
2702,8d4dd746-f3dc-49f5-a3f1-75a1817c1fe3,8,2702,True,21940,21940,94.10842267681801
2703,8d4dd746-f3dc-49f5-a3f1-75a1817c1fe3,8,2703,True,21969,21969,100.90387901836584
2704,8d4dd746-f3dc-49f5-a3f1-75a1817c1fe3,8,2704,True,22005,22005,106.48567335772896
2705,8d4dd746-f3dc-49f5-a3f1-75a1817c1fe3,8,2705,True,22028,22028,108.33807453785994
2706,8d4dd746-f3dc-49f5-a3f1-75a1817c1fe3,8,2706,True,22069,22069,85.709913217328
2707,8d4dd746-f3dc-49f5-a3f1-75a1817c1fe3,8,2707,True,22101,22101,91.03202196344864
2708,8d4dd746-f3dc-49f5-a3f1-75a1817c1fe3,8,2708,True,22130,22130,88.65526625759958
2709,8d4dd746-f3dc-49f5-a3f1-75a1817c1fe3,8,2709,True,22162,22162,98.86000397483804
2710,8d4dd746-f3dc-49f5-a3f1-75a1817c1fe3,8,2710,True,22186,22186,122.90891272694716
2711,8d4dd746-f3dc-49f5-a3f1-75a1817c1fe3,8,2711,True,22228,22228,106.29987917400285
2712,8d4dd746-f3dc-49f5-a3f1-75a1817c1fe3,8,2712,True,22255,22255,104.77934735432427
2713,8d4dd746-f3dc-49f5-a3f1-75a1817c1fe3,8,2713,True,22278,22278,110.08826007281095
2714,8d4dd746-f3dc-49f5-a3f1-75a1817c1fe3,8,2714,True,22304,22304,102.18470428567161
2715,8d4dd746-f3dc-49f5-a3f1-75a1817c1fe3,8,2715,True,22335,22335,87.50766203520834
2716,8d4dd746-f3dc-49f5-a3f1-75a1817c1fe3,8,2716,True,22358,22358,94.93850426655263
2717,8d4dd746-f3dc-49f5-a3f1-75a1817c1fe3,8,2717,True,22389,22389,95.02514852825698
2718,8d4dd746-f3dc-49f5-a3f1-75a1817c1fe3,8,2718,True,22426,22426,99.39331843777836
2719,8d4dd746-f3dc-49f5-a3f1-75a1817c1fe3,8,2719,True,22463,22463,109.48924365918356
2720,8d4dd746-f3dc-49f5-a3f1-75a1817c1fe3,8,2720,True,22495,22495,106.94995618665052
2721,8d4dd746-f3dc-49f5-a3f1-75a1817c1fe3,8,2721,True,22525,22525,101.59792538964757
2722,8d4dd746-f3dc-49f5-a3f1-75a1817c1fe3,8,2722,True,22559,22559,123.50487224103563
2723,8d4dd746-f3dc-49f5-a3f1-75a1817c1fe3,8,2723,True,22593,22593,116.24793498919826
2724,8d4dd746-f3dc-49f5-a3f1-75a1817c1fe3,8,2724,True,22633,22633,109.40037923352429
2725,8d4dd746-f3dc-49f5-a3f1-75a1817c1fe3,8,2725,True,22655,22655,108.36721001260958
2726,8d4dd746-f3dc-49f5-a3f1-75a1817c1fe3,8,2726,True,22686,22686,102.50366035748448
2727,8d4dd746-f3dc-49f5-a3f1-75a1817c1fe3,8,2727,True,22713,22713,111.4469180227461
2728,8d4dd746-f3dc-49f5-a3f1-75a1817c1fe3,8,2728,True,22747,22747,111.43068052326998
2729,8d4dd746-f3dc-49f5-a3f1-75a1817c1fe3,8,2729,True,22775,22775,141.64955873253348
2730,8d4dd746-f3dc-49f5-a3f1-75a1817c1fe3,8,2730,True,22802,22802,137.30172885851425
2731,8d4dd746-f3dc-49f5-a3f1-75a1817c1fe3,8,2731,True,22829,22829,148.98243007100245
2732,8d4dd746-f3dc-49f5-a3f1-75a1817c1fe3,8,2732,True,22853,22853,142.3911478065711
2733,8d4dd746-f3dc-49f5-a3f1-75a1817c1fe3,8,2733,True,22885,22885,129.7060133426021
2734,8d4dd746-f3dc-49f5-a3f1-75a1817c1fe3,8,2734,True,22914,22914,122.382946949303
2735,8d4dd746-f3dc-49f5-a3f1-75a1817c1fe3,8,2735,True,22953,22953,121.16372569096711
2736,8d4dd746-f3dc-49f5-a3f1-75a1817c1fe3,8,2736,True,22981,22981,112.04186089721043
2737,8d4dd746-f3dc-49f5-a3f1-75a1817c1fe3,8,2737,True,23005,23005,124.12104757937777
2738,8d4dd746-f3dc-49f5-a3f1-75a1817c1fe3,8,2738,True,23034,23034,171.91497739544138
2739,8d4dd746-f3dc-49f5-a3f1-75a1817c1fe3,8,2739,True,23061,23061,127.14210173843094
2740,8d4dd746-f3dc-49f5-a3f1-75a1817c1fe3,8,2740,True,23085,23085,120.91497739544138
2741,8d4dd746-f3dc-49f5-a3f1-75a1817c1fe3,8,2741,True,23118,23118,124.8060875845149
2742,8d4dd746-f3dc-49f5-a3f1-75a1817c1fe3,8,2742,True,23150,23150,121.10861556342206
2743,8d4dd746-f3dc-49f5-a3f1-75a1817c1fe3,8,2743,True,23184,23184,126.97517282975605
2744,8d4dd746-f3dc-49f5-a3f1-75a1817c1fe3,8,2744,True,23222,23222,118.3516936880078
2745,8d4dd746-f3dc-49f5-a3f1-75a1817c1fe3,8,2745,True,23257,23257,105.58876247948865
2746,8d4dd746-f3dc-49f5-a3f1-75a1817c1fe3,8,2746,True,23286,23286,97.23675646922857
2747,8d4dd746-f3dc-49f5-a3f1-75a1817c1fe3,8,2747,True,23318,23318,107.92115527833448
2748,8d4dd746-f3dc-49f5-a3f1-75a1817c1fe3,8,2748,True,23354,23354,94.64600695663466
2749,8d4dd746-f3dc-49f5-a3f1-75a1817c1fe3,8,2749,True,23388,23388,104.94781964190042
2750,8d4dd746-f3dc-49f5-a3f1-75a1817c1fe3,8,2750,True,23420,23420,97.08078919413674
2751,8d4dd746-f3dc-49f5-a3f1-75a1817c1fe3,8,2751,True,23454,23454,94.67542195942588
2752,8d4dd746-f3dc-49f5-a3f1-75a1817c1fe3,8,2752,True,23491,23491,99.8343349117713
2753,8d4dd746-f3dc-49f5-a3f1-75a1817c1fe3,8,2753,True,23523,23523,93.7933948676
2754,8d4dd746-f3dc-49f5-a3f1-75a1817c1fe3,8,2754,True,23552,23552,109.93984348565937
2755,8d4dd746-f3dc-49f5-a3f1-75a1817c1fe3,8,2755,True,23583,23583,101.32183411364167
2756,8d4dd746-f3dc-49f5-a3f1-75a1817c1fe3,8,2756,True,23625,23625,91.68543894407412
2757,8d4dd746-f3dc-49f5-a3f1-75a1817c1fe3,8,2757,True,23648,23648,98.2520555995834
2758,8d4dd746-f3dc-49f5-a3f1-75a1817c1fe3,8,2758,True,23683,23683,92.51914380444578
2759,8d4dd746-f3dc-49f5-a3f1-75a1817c1fe3,8,2759,True,23721,23721,98.28555843336653
2760,8d4dd746-f3dc-49f5-a3f1-75a1817c1fe3,8,2760,True,23743,23743,108.38274386680496
2761,8d4dd746-f3dc-49f5-a3f1-75a1817c1fe3,8,2761,True,23769,23769,110.28043295710086
2762,8d4dd746-f3dc-49f5-a3f1-75a1817c1fe3,8,2762,True,23805,23805,104.21796600905873
2763,8d4dd746-f3dc-49f5-a3f1-75a1817c1fe3,8,2763,True,23842,23842,99.84629123083505
2764,8d4dd746-f3dc-49f5-a3f1-75a1817c1fe3,8,2764,True,23875,23875,107.7405114692192
2765,8d4dd746-f3dc-49f5-a3f1-75a1817c1fe3,8,2765,True,23903,23903,106.35587943484279
2766,8d4dd746-f3dc-49f5-a3f1-75a1817c1fe3,8,2766,True,23934,23934,114.39466292280486
2767,8d4dd746-f3dc-49f5-a3f1-75a1817c1fe3,8,2767,True,23976,23976,110.52178412302601
2768,8d4dd746-f3dc-49f5-a3f1-75a1817c1fe3,8,2768,True,24001,24001,123.7087238791355
2769,8d4dd746-f3dc-49f5-a3f1-75a1817c1fe3,8,2769,True,24044,24044,110.29597834648666
2770,8d4dd746-f3dc-49f5-a3f1-75a1817c1fe3,8,2770,True,24071,24071,109.46214254670122
2771,8d4dd746-f3dc-49f5-a3f1-75a1817c1fe3,8,2771,True,24096,24096,104.0704271197501
2772,8d4dd746-f3dc-49f5-a3f1-75a1817c1fe3,8,2772,True,24128,24128,105.60976547203245
2773,8d4dd746-f3dc-49f5-a3f1-75a1817c1fe3,8,2773,True,24162,24162,97.03137434833116
2774,8d4dd746-f3dc-49f5-a3f1-75a1817c1fe3,8,2774,True,24190,24190,97.16150326022762
2775,8d4dd746-f3dc-49f5-a3f1-75a1817c1fe3,8,2775,True,24218,24218,104.10226431298724
2776,8d4dd746-f3dc-49f5-a3f1-75a1817c1fe3,8,2776,True,24256,24256,98.00538054079516
2777,8d4dd746-f3dc-49f5-a3f1-75a1817c1fe3,8,2777,True,24283,24283,98.31663892107099
2778,8d4dd746-f3dc-49f5-a3f1-75a1817c1fe3,8,2778,True,24308,24308,93.60388587042326
2779,8d4dd746-f3dc-49f5-a3f1-75a1817c1fe3,8,2779,True,24347,24347,102.01825447433293
2780,8d4dd746-f3dc-49f5-a3f1-75a1817c1fe3,8,2780,True,24380,24380,89.95419961190419
2781,8d4dd746-f3dc-49f5-a3f1-75a1817c1fe3,8,2781,True,24410,24410,93.06309353797042
2782,8d4dd746-f3dc-49f5-a3f1-75a1817c1fe3,8,2782,True,24445,24445,94.53057751698361
2783,8d4dd746-f3dc-49f5-a3f1-75a1817c1fe3,8,2783,True,24474,24474,84.65583425057412
2784,8d4dd746-f3dc-49f5-a3f1-75a1817c1fe3,8,2784,True,24505,24505,92.23584554721674
2785,8d4dd746-f3dc-49f5-a3f1-75a1817c1fe3,8,2785,True,24547,24547,88.92782867674032
2786,8d4dd746-f3dc-49f5-a3f1-75a1817c1fe3,8,2786,True,24585,24585,88.6379822987983
2787,8d4dd746-f3dc-49f5-a3f1-75a1817c1fe3,8,2787,True,24622,24622,87.87628808293084
2788,8d4dd746-f3dc-49f5-a3f1-75a1817c1fe3,8,2788,True,24651,24651,99.01479781582748
2789,8d4dd746-f3dc-49f5-a3f1-75a1817c1fe3,8,2789,True,24682,24682,139.99679708024632
2790,8d4dd746-f3dc-49f5-a3f1-75a1817c1fe3,8,2790,True,24728,24728,121.71043453905804
2791,8d4dd746-f3dc-49f5-a3f1-75a1817c1fe3,8,2791,True,24751,24751,123.5836678675987
2792,8d4dd746-f3dc-49f5-a3f1-75a1817c1fe3,8,2792,True,24771,24771,126.2031413481709
2793,8d4dd746-f3dc-49f5-a3f1-75a1817c1fe3,8,2793,True,24797,24797,124.63718195278125
2794,8d4dd746-f3dc-49f5-a3f1-75a1817c1fe3,8,2794,True,24827,24827,121.82466883206143
2795,8d4dd746-f3dc-49f5-a3f1-75a1817c1fe3,8,2795,True,24862,24862,139.2362615121565
2796,8d4dd746-f3dc-49f5-a3f1-75a1817c1fe3,8,2796,True,24890,24890,137.52265517797423
2797,8d4dd746-f3dc-49f5-a3f1-75a1817c1fe3,8,2797,True,24926,24926,123.95331793863079
2798,8d4dd746-f3dc-49f5-a3f1-75a1817c1fe3,8,2798,True,24957,24957,142.54292004724266
2799,8d4dd746-f3dc-49f5-a3f1-75a1817c1fe3,8,2799,True,24995,24995,129.84572682827275
2800,8d4dd746-f3dc-49f5-a3f1-75a1817c1fe3,8,2800,True,25026,25026,119.99430566640149
2801,8d4dd746-f3dc-49f5-a3f1-75a1817c1fe3,8,2801,True,25052,25052,182.42728414260273
2802,8d4dd746-f3dc-49f5-a3f1-75a1817c1fe3,8,2802,True,25078,25078,136.40560171270772
2803,8d4dd746-f3dc-49f5-a3f1-75a1817c1fe3,8,2803,True,25112,25112,142.90158309478284
2804,8d4dd746-f3dc-49f5-a3f1-75a1817c1fe3,8,2804,True,25154,25154,134.22484712660662
2805,8d4dd746-f3dc-49f5-a3f1-75a1817c1fe3,8,2805,True,25185,25185,126.2805059162456
2806,8d4dd746-f3dc-49f5-a3f1-75a1817c1fe3,8,2806,True,25225,25225,116.28532106168859
2807,8d4dd746-f3dc-49f5-a3f1-75a1817c1fe3,8,2807,True,25254,25254,116.66935958566683
2808,8d4dd746-f3dc-49f5-a3f1-75a1817c1fe3,8,2808,True,25294,25294,96.074552822447
2809,8d4dd746-f3dc-49f5-a3f1-75a1817c1fe3,8,2809,True,25317,25317,93.56643316406553
2810,8d4dd746-f3dc-49f5-a3f1-75a1817c1fe3,8,2810,True,25357,25357,90.4447174745801
2811,8d4dd746-f3dc-49f5-a3f1-75a1817c1fe3,8,2811,True,25387,25387,98.70031380606815
2812,8d4dd746-f3dc-49f5-a3f1-75a1817c1fe3,8,2812,True,25420,25420,98.90498691017638
2813,8d4dd746-f3dc-49f5-a3f1-75a1817c1fe3,8,2813,True,25460,25460,90.277240763593
2814,8d4dd746-f3dc-49f5-a3f1-75a1817c1fe3,8,2814,True,25493,25493,87.78388414788424
2815,8d4dd746-f3dc-49f5-a3f1-75a1817c1fe3,8,2815,True,25533,25533,100.6676407715895
2816,8d4dd746-f3dc-49f5-a3f1-75a1817c1fe3,8,2816,True,25578,25578,85.42622902049698
2817,8d4dd746-f3dc-49f5-a3f1-75a1817c1fe3,8,2817,True,25610,25610,84.51504335055506
2818,8d4dd746-f3dc-49f5-a3f1-75a1817c1fe3,8,2818,True,25639,25639,83.36128290961278
2819,8d4dd746-f3dc-49f5-a3f1-75a1817c1fe3,8,2819,True,25671,25671,89.5965148609248
2820,8d4dd746-f3dc-49f5-a3f1-75a1817c1fe3,8,2820,True,25702,25702,84.56835686651539
2821,8d4dd746-f3dc-49f5-a3f1-75a1817c1fe3,8,2821,True,25735,25735,105.75821390463898
2822,8d4dd746-f3dc-49f5-a3f1-75a1817c1fe3,8,2822,True,25773,25773,92.97939061069337
2823,8d4dd746-f3dc-49f5-a3f1-75a1817c1fe3,8,2823,True,25799,25799,107.22803602055501
2824,8d4dd746-f3dc-49f5-a3f1-75a1817c1fe3,8,2824,True,25835,25835,102.66647886113424
2825,8d4dd746-f3dc-49f5-a3f1-75a1817c1fe3,8,2825,True,25871,25871,115.5345006200514
2826,8d4dd746-f3dc-49f5-a3f1-75a1817c1fe3,8,2826,True,25899,25899,121.55319599935683
2827,8d4dd746-f3dc-49f5-a3f1-75a1817c1fe3,8,2827,True,25925,25925,118.17692376496052
2828,8d4dd746-f3dc-49f5-a3f1-75a1817c1fe3,8,2828,True,25949,25949,121.8614103233158
2829,8d4dd746-f3dc-49f5-a3f1-75a1817c1fe3,8,2829,True,25980,25980,124.10494545470283
2830,8d4dd746-f3dc-49f5-a3f1-75a1817c1fe3,8,2830,True,26022,26022,114.25523251136838
2831,8d4dd746-f3dc-49f5-a3f1-75a1817c1fe3,8,2831,True,26053,26053,121.60051886278961
2832,8d4dd746-f3dc-49f5-a3f1-75a1817c1fe3,8,2832,True,26090,26090,106.2287156848979
2833,8d4dd746-f3dc-49f5-a3f1-75a1817c1fe3,8,2833,True,26118,26118,111.9738697525936
2834,8d4dd746-f3dc-49f5-a3f1-75a1817c1fe3,8,2834,True,26144,26144,103.791958189875
2835,8d4dd746-f3dc-49f5-a3f1-75a1817c1fe3,8,2835,True,26171,26171,109.74783319872222
2836,8d4dd746-f3dc-49f5-a3f1-75a1817c1fe3,8,2836,True,26197,26197,115.0437980607312
2837,8d4dd746-f3dc-49f5-a3f1-75a1817c1fe3,8,2837,True,26235,26235,107.41972605400224
2838,8d4dd746-f3dc-49f5-a3f1-75a1817c1fe3,8,2838,True,26265,26265,120.19488228712362
2839,8d4dd746-f3dc-49f5-a3f1-75a1817c1fe3,8,2839,True,26291,26291,116.99369467087672
2840,8d4dd746-f3dc-49f5-a3f1-75a1817c1fe3,8,2840,True,26319,26319,110.04844364250312
2841,8d4dd746-f3dc-49f5-a3f1-75a1817c1fe3,8,2841,True,26348,26348,123.51527444100793
2842,8d4dd746-f3dc-49f5-a3f1-75a1817c1fe3,8,2842,True,26381,26381,111.96880507838796
2843,8d4dd746-f3dc-49f5-a3f1-75a1817c1fe3,8,2843,True,26423,26423,107.80656044697389
2844,8d4dd746-f3dc-49f5-a3f1-75a1817c1fe3,8,2844,True,26449,26449,124.25496964230842
2845,8d4dd746-f3dc-49f5-a3f1-75a1817c1fe3,8,2845,True,26482,26482,115.64434564427211
2846,8d4dd746-f3dc-49f5-a3f1-75a1817c1fe3,8,2846,True,26512,26512,117.7699858818014
2847,8d4dd746-f3dc-49f5-a3f1-75a1817c1fe3,8,2847,True,26547,26547,104.87081203644993
2848,8d4dd746-f3dc-49f5-a3f1-75a1817c1fe3,8,2848,True,26575,26575,103.77798571226595
2849,8d4dd746-f3dc-49f5-a3f1-75a1817c1fe3,8,2849,True,26605,26605,106.77128665978307
2850,8d4dd746-f3dc-49f5-a3f1-75a1817c1fe3,8,2850,True,26648,26648,100.6517993718735
2851,8d4dd746-f3dc-49f5-a3f1-75a1817c1fe3,8,2851,True,26676,26676,100.9356489849306
2852,8d4dd746-f3dc-49f5-a3f1-75a1817c1fe3,8,2852,True,26707,26707,113.08175428396862
2853,8d4dd746-f3dc-49f5-a3f1-75a1817c1fe3,8,2853,True,26741,26741,115.10556012725647
2854,8d4dd746-f3dc-49f5-a3f1-75a1817c1fe3,8,2854,True,26773,26773,117.26838756508005
2855,8d4dd746-f3dc-49f5-a3f1-75a1817c1fe3,8,2855,True,26797,26797,113.66986501330393
2856,8d4dd746-f3dc-49f5-a3f1-75a1817c1fe3,8,2856,True,26836,26836,135.15418397219037
2857,8d4dd746-f3dc-49f5-a3f1-75a1817c1fe3,8,2857,True,26872,26872,124.40573309672618
2858,8d4dd746-f3dc-49f5-a3f1-75a1817c1fe3,8,2858,True,26902,26902,120.72958710746389
2859,8d4dd746-f3dc-49f5-a3f1-75a1817c1fe3,8,2859,True,26939,26939,106.21147633923101
2860,8d4dd746-f3dc-49f5-a3f1-75a1817c1fe3,8,2860,True,26971,26971,100.60451048696268
2861,8d4dd746-f3dc-49f5-a3f1-75a1817c1fe3,8,2861,True,27003,27003,95.2885289631813
2862,8d4dd746-f3dc-49f5-a3f1-75a1817c1fe3,8,2862,True,27047,27047,89.61372077418855
2863,8d4dd746-f3dc-49f5-a3f1-75a1817c1fe3,8,2863,True,27075,27075,89.8570641922015
2864,8d4dd746-f3dc-49f5-a3f1-75a1817c1fe3,8,2864,True,27113,27113,94.87023642243366
2865,8d4dd746-f3dc-49f5-a3f1-75a1817c1fe3,8,2865,True,27147,27147,92.08045015846801
2866,8d4dd746-f3dc-49f5-a3f1-75a1817c1fe3,8,2866,True,27173,27173,99.44263900842634
2867,8d4dd746-f3dc-49f5-a3f1-75a1817c1fe3,8,2867,True,27193,27193,103.49328648292794
2868,8d4dd746-f3dc-49f5-a3f1-75a1817c1fe3,8,2868,True,27225,27225,100.77881047795745
2869,8d4dd746-f3dc-49f5-a3f1-75a1817c1fe3,8,2869,True,27261,27261,117.58933504209199
2870,8d4dd746-f3dc-49f5-a3f1-75a1817c1fe3,8,2870,True,27287,27287,110.18604226663592
2871,8d4dd746-f3dc-49f5-a3f1-75a1817c1fe3,8,2871,True,27329,27329,100.5719181135828
2872,8d4dd746-f3dc-49f5-a3f1-75a1817c1fe3,8,2872,True,27367,27367,102.87263896223885
2873,8d4dd746-f3dc-49f5-a3f1-75a1817c1fe3,8,2873,True,27397,27397,99.347136537177
2874,8d4dd746-f3dc-49f5-a3f1-75a1817c1fe3,8,2874,True,27422,27422,98.17718058452374
2875,8d4dd746-f3dc-49f5-a3f1-75a1817c1fe3,8,2875,True,27465,27465,90.77630051410961
2876,8d4dd746-f3dc-49f5-a3f1-75a1817c1fe3,8,2876,True,27492,27492,89.65224835653135
2877,8d4dd746-f3dc-49f5-a3f1-75a1817c1fe3,8,2877,True,27533,27533,91.33497879275455
2878,8d4dd746-f3dc-49f5-a3f1-75a1817c1fe3,8,2878,True,27562,27562,92.3519175777983
2879,8d4dd746-f3dc-49f5-a3f1-75a1817c1fe3,8,2879,True,27579,27579,94.0396864186987
2880,8d4dd746-f3dc-49f5-a3f1-75a1817c1fe3,8,2880,True,27616,27616,97.02858828510216
2881,8d4dd746-f3dc-49f5-a3f1-75a1817c1fe3,8,2881,True,27645,27645,86.0327870740548
2882,8d4dd746-f3dc-49f5-a3f1-75a1817c1fe3,8,2882,True,27677,27677,88.6075439717315
2883,8d4dd746-f3dc-49f5-a3f1-75a1817c1fe3,8,2883,True,27704,27704,84.31264408146308
2884,8d4dd746-f3dc-49f5-a3f1-75a1817c1fe3,8,2884,True,27731,27731,100.90291477261053
2885,8d4dd746-f3dc-49f5-a3f1-75a1817c1fe3,8,2885,True,27758,27758,98.33562381234879
2886,8d4dd746-f3dc-49f5-a3f1-75a1817c1fe3,8,2886,True,27789,27789,93.49157768803343
2887,8d4dd746-f3dc-49f5-a3f1-75a1817c1fe3,8,2887,True,27816,27816,93.06693686126528
2888,8d4dd746-f3dc-49f5-a3f1-75a1817c1fe3,8,2888,True,27845,27845,98.36658731608622
2889,8d4dd746-f3dc-49f5-a3f1-75a1817c1fe3,8,2889,True,27877,27877,100.42126909241051
2890,8d4dd746-f3dc-49f5-a3f1-75a1817c1fe3,8,2890,True,27910,27910,89.59521929986295
2891,8d4dd746-f3dc-49f5-a3f1-75a1817c1fe3,8,2891,True,27939,27939,92.48576280604539
2892,8d4dd746-f3dc-49f5-a3f1-75a1817c1fe3,8,2892,True,27973,27973,92.38784104303704
2893,8d4dd746-f3dc-49f5-a3f1-75a1817c1fe3,8,2893,True,28006,28006,87.33799440735311
2894,8d4dd746-f3dc-49f5-a3f1-75a1817c1fe3,8,2894,True,28036,28036,88.73974303310024
2895,8d4dd746-f3dc-49f5-a3f1-75a1817c1fe3,8,2895,True,28063,28063,89.88226132611089
2896,8d4dd746-f3dc-49f5-a3f1-75a1817c1fe3,8,2896,True,28095,28095,86.77716644558313
2897,8d4dd746-f3dc-49f5-a3f1-75a1817c1fe3,8,2897,True,28131,28131,106.21061440676203
2898,8d4dd746-f3dc-49f5-a3f1-75a1817c1fe3,8,2898,True,28165,28165,93.7102395470938
2899,8d4dd746-f3dc-49f5-a3f1-75a1817c1fe3,8,2899,True,28207,28207,90.17651631946865
2900,8d4dd746-f3dc-49f5-a3f1-75a1817c1fe3,8,2900,True,28242,28242,86.2172695165682
2901,8d4dd746-f3dc-49f5-a3f1-75a1817c1fe3,8,2901,True,28268,28268,84.63087025352797
2902,8d4dd746-f3dc-49f5-a3f1-75a1817c1fe3,8,2902,True,28307,28307,81.3063453256691
2903,8d4dd746-f3dc-49f5-a3f1-75a1817c1fe3,8,2903,True,28349,28349,97.8078584961113
2904,8d4dd746-f3dc-49f5-a3f1-75a1817c1fe3,8,2904,True,28380,28380,92.79532287098118
2905,8d4dd746-f3dc-49f5-a3f1-75a1817c1fe3,8,2905,True,28417,28417,83.13958388835454
2906,8d4dd746-f3dc-49f5-a3f1-75a1817c1fe3,8,2906,True,28460,28460,82.96053018391103
2907,8d4dd746-f3dc-49f5-a3f1-75a1817c1fe3,8,2907,True,28494,28494,81.59295862153522
2908,8d4dd746-f3dc-49f5-a3f1-75a1817c1fe3,8,2908,True,28518,28518,89.91879088380665
2909,8d4dd746-f3dc-49f5-a3f1-75a1817c1fe3,8,2909,True,28543,28543,92.92808165881797
2910,8d4dd746-f3dc-49f5-a3f1-75a1817c1fe3,8,2910,True,28572,28572,89.56446137109378
2911,8d4dd746-f3dc-49f5-a3f1-75a1817c1fe3,8,2911,True,28605,28605,84.48988776465558
2912,8d4dd746-f3dc-49f5-a3f1-75a1817c1fe3,8,2912,True,28636,28636,76.2292040657776
2913,8d4dd746-f3dc-49f5-a3f1-75a1817c1fe3,8,2913,True,28668,28668,87.99727821674969
2914,8d4dd746-f3dc-49f5-a3f1-75a1817c1fe3,8,2914,True,28700,28700,81.63439730641767
2915,8d4dd746-f3dc-49f5-a3f1-75a1817c1fe3,8,2915,True,28728,28728,83.75263961501696
2916,8d4dd746-f3dc-49f5-a3f1-75a1817c1fe3,8,2916,True,28758,28758,93.2311346100505
2917,8d4dd746-f3dc-49f5-a3f1-75a1817c1fe3,8,2917,True,28792,28792,80.98529880153
2918,8d4dd746-f3dc-49f5-a3f1-75a1817c1fe3,8,2918,True,28826,28826,92.08246445949044
2919,8d4dd746-f3dc-49f5-a3f1-75a1817c1fe3,8,2919,True,28854,28854,85.46210407920444
2920,8d4dd746-f3dc-49f5-a3f1-75a1817c1fe3,8,2920,True,28888,28888,87.7510158038458
2921,8d4dd746-f3dc-49f5-a3f1-75a1817c1fe3,8,2921,True,28917,28917,97.11635377790662
2922,8d4dd746-f3dc-49f5-a3f1-75a1817c1fe3,8,2922,True,28955,28955,87.860578232845
2923,8d4dd746-f3dc-49f5-a3f1-75a1817c1fe3,8,2923,True,28982,28982,97.59149623547637
2924,8d4dd746-f3dc-49f5-a3f1-75a1817c1fe3,8,2924,True,29027,29027,95.31807302051311
2925,8d4dd746-f3dc-49f5-a3f1-75a1817c1fe3,8,2925,True,29054,29054,90.48914560419144
2926,8d4dd746-f3dc-49f5-a3f1-75a1817c1fe3,8,2926,True,29093,29093,91.12615414509855
2927,8d4dd746-f3dc-49f5-a3f1-75a1817c1fe3,8,2927,True,29123,29123,95.583542142449
2928,8d4dd746-f3dc-49f5-a3f1-75a1817c1fe3,8,2928,True,29154,29154,101.68004863162787
2929,8d4dd746-f3dc-49f5-a3f1-75a1817c1fe3,8,2929,True,29191,29191,99.18807651004681
2930,8d4dd746-f3dc-49f5-a3f1-75a1817c1fe3,8,2930,True,29225,29225,97.54838659702
2931,8d4dd746-f3dc-49f5-a3f1-75a1817c1fe3,8,2931,True,29265,29265,101.25146898216917
2932,8d4dd746-f3dc-49f5-a3f1-75a1817c1fe3,8,2932,True,29297,29297,99.990345909202
2933,8d4dd746-f3dc-49f5-a3f1-75a1817c1fe3,8,2933,True,29327,29327,97.42203280850663
2934,8d4dd746-f3dc-49f5-a3f1-75a1817c1fe3,8,2934,True,29348,29348,105.88128857082484
2935,8d4dd746-f3dc-49f5-a3f1-75a1817c1fe3,8,2935,True,29375,29375,117.05280853799195
2936,8d4dd746-f3dc-49f5-a3f1-75a1817c1fe3,8,2936,True,29409,29409,115.33472296900436
2937,8d4dd746-f3dc-49f5-a3f1-75a1817c1fe3,8,2937,True,29440,29440,110.02711359765817
2938,8d4dd746-f3dc-49f5-a3f1-75a1817c1fe3,8,2938,True,29478,29478,98.18738936285445
2939,8d4dd746-f3dc-49f5-a3f1-75a1817c1fe3,8,2939,True,29512,29512,99.42794897943531
2940,8d4dd746-f3dc-49f5-a3f1-75a1817c1fe3,8,2940,True,29555,29555,85.8124064503645
2941,8d4dd746-f3dc-49f5-a3f1-75a1817c1fe3,8,2941,True,29591,29591,95.73334960673674
2942,8d4dd746-f3dc-49f5-a3f1-75a1817c1fe3,8,2942,True,29633,29633,110.47066784888375
2943,8d4dd746-f3dc-49f5-a3f1-75a1817c1fe3,8,2943,True,29669,29669,102.37677828792948
2944,8d4dd746-f3dc-49f5-a3f1-75a1817c1fe3,8,2944,True,29699,29699,108.91394124504586
2945,8d4dd746-f3dc-49f5-a3f1-75a1817c1fe3,8,2945,True,29735,29735,105.29617731678809
2946,8d4dd746-f3dc-49f5-a3f1-75a1817c1fe3,8,2946,True,29762,29762,104.43504312755977
2947,8d4dd746-f3dc-49f5-a3f1-75a1817c1fe3,8,2947,True,29793,29793,96.64466668581008
2948,8d4dd746-f3dc-49f5-a3f1-75a1817c1fe3,8,2948,True,29821,29821,95.18797890899441
2949,8d4dd746-f3dc-49f5-a3f1-75a1817c1fe3,8,2949,True,29856,29856,94.96559236213216
2950,8d4dd746-f3dc-49f5-a3f1-75a1817c1fe3,8,2950,True,29889,29889,96.01772869697379
2951,8d4dd746-f3dc-49f5-a3f1-75a1817c1fe3,8,2951,True,29924,29924,87.32027747709071
2952,8d4dd746-f3dc-49f5-a3f1-75a1817c1fe3,8,2952,True,29962,29962,92.6544416390534
2953,8d4dd746-f3dc-49f5-a3f1-75a1817c1fe3,8,2953,True,29989,29989,89.24079859105404
2954,8d4dd746-f3dc-49f5-a3f1-75a1817c1fe3,8,2954,True,30020,30020,85.94703844566538
2955,8d4dd746-f3dc-49f5-a3f1-75a1817c1fe3,8,2955,True,30049,30049,94.94051088201013
2956,8d4dd746-f3dc-49f5-a3f1-75a1817c1fe3,8,2956,True,30071,30071,106.69320119274926
2957,8d4dd746-f3dc-49f5-a3f1-75a1817c1fe3,8,2957,True,30097,30097,118.11061293246166
2958,8d4dd746-f3dc-49f5-a3f1-75a1817c1fe3,8,2958,True,30123,30123,111.5874301808908
2959,8d4dd746-f3dc-49f5-a3f1-75a1817c1fe3,8,2959,True,30159,30159,107.98043407274963
2960,8d4dd746-f3dc-49f5-a3f1-75a1817c1fe3,8,2960,True,30192,30192,101.29613094406523
2961,8d4dd746-f3dc-49f5-a3f1-75a1817c1fe3,8,2961,True,30223,30223,100.7996167649726
2962,8d4dd746-f3dc-49f5-a3f1-75a1817c1fe3,8,2962,True,30255,30255,103.35493003742886
2963,8d4dd746-f3dc-49f5-a3f1-75a1817c1fe3,8,2963,True,30286,30286,101.70036290200005
2964,8d4dd746-f3dc-49f5-a3f1-75a1817c1fe3,8,2964,True,30323,30323,160.68194966860028
2965,8d4dd746-f3dc-49f5-a3f1-75a1817c1fe3,8,2965,True,30347,30347,114.46487665025415
2966,8d4dd746-f3dc-49f5-a3f1-75a1817c1fe3,8,2966,True,30376,30376,125.81886645099075
2967,8d4dd746-f3dc-49f5-a3f1-75a1817c1fe3,8,2967,True,30407,30407,115.87700426865194
2968,8d4dd746-f3dc-49f5-a3f1-75a1817c1fe3,8,2968,True,30449,30449,116.5779934269558
2969,8d4dd746-f3dc-49f5-a3f1-75a1817c1fe3,8,2969,True,30476,30476,120.48018665720883
2970,8d4dd746-f3dc-49f5-a3f1-75a1817c1fe3,8,2970,True,30505,30505,115.3371990301057
2971,8d4dd746-f3dc-49f5-a3f1-75a1817c1fe3,8,2971,True,30535,30535,122.56778668779953
2972,8d4dd746-f3dc-49f5-a3f1-75a1817c1fe3,8,2972,True,30562,30562,110.80814191886384
2973,8d4dd746-f3dc-49f5-a3f1-75a1817c1fe3,8,2973,True,30586,30586,109.22362263139439
2974,8d4dd746-f3dc-49f5-a3f1-75a1817c1fe3,8,2974,True,30618,30618,99.84291793379816
2975,8d4dd746-f3dc-49f5-a3f1-75a1817c1fe3,8,2975,True,30660,30660,104.44723822862579
2976,8d4dd746-f3dc-49f5-a3f1-75a1817c1fe3,8,2976,True,30703,30703,106.58807993126175
2977,8d4dd746-f3dc-49f5-a3f1-75a1817c1fe3,8,2977,True,30727,30727,104.77864837130619
2978,8d4dd746-f3dc-49f5-a3f1-75a1817c1fe3,8,2978,True,30765,30765,100.83061576678665
2979,8d4dd746-f3dc-49f5-a3f1-75a1817c1fe3,8,2979,True,30808,30808,95.7427479891885
2980,8d4dd746-f3dc-49f5-a3f1-75a1817c1fe3,8,2980,True,30836,30836,95.80858956827797
2981,8d4dd746-f3dc-49f5-a3f1-75a1817c1fe3,8,2981,True,30869,30869,105.5277428634945
2982,8d4dd746-f3dc-49f5-a3f1-75a1817c1fe3,8,2982,True,30903,30903,102.8573943057745
2983,8d4dd746-f3dc-49f5-a3f1-75a1817c1fe3,8,2983,True,30926,30926,99.60035875589892
2984,8d4dd746-f3dc-49f5-a3f1-75a1817c1fe3,8,2984,True,30953,30953,95.82185849904272
2985,8d4dd746-f3dc-49f5-a3f1-75a1817c1fe3,8,2985,True,30987,30987,93.46344559005956
2986,8d4dd746-f3dc-49f5-a3f1-75a1817c1fe3,8,2986,True,31012,31012,103.0061892213962
2987,8d4dd746-f3dc-49f5-a3f1-75a1817c1fe3,8,2987,True,31039,31039,112.57534985581879
2988,8d4dd746-f3dc-49f5-a3f1-75a1817c1fe3,8,2988,True,31067,31067,104.9548680912958
2989,8d4dd746-f3dc-49f5-a3f1-75a1817c1fe3,8,2989,True,31086,31086,108.48457590024191
2990,8d4dd746-f3dc-49f5-a3f1-75a1817c1fe3,8,2990,True,31121,31121,104.82494842567758
2991,8d4dd746-f3dc-49f5-a3f1-75a1817c1fe3,8,2991,True,31148,31148,96.30646382452323
2992,8d4dd746-f3dc-49f5-a3f1-75a1817c1fe3,8,2992,True,31182,31182,85.14569023650256
2993,8d4dd746-f3dc-49f5-a3f1-75a1817c1fe3,8,2993,True,31219,31219,83.89889661534107
2994,8d4dd746-f3dc-49f5-a3f1-75a1817c1fe3,8,2994,True,31245,31245,95.26926098011245
2995,8d4dd746-f3dc-49f5-a3f1-75a1817c1fe3,8,2995,True,31276,31276,87.6771476770009
2996,8d4dd746-f3dc-49f5-a3f1-75a1817c1fe3,8,2996,True,31310,31310,76.79786383212922
2997,8d4dd746-f3dc-49f5-a3f1-75a1817c1fe3,8,2997,True,31340,31340,80.27440320939058
2998,8d4dd746-f3dc-49f5-a3f1-75a1817c1fe3,8,2998,True,31368,31368,81.53360685122243
2999,8d4dd746-f3dc-49f5-a3f1-75a1817c1fe3,8,2999,True,31404,31404,85.41205289774734
