{"clients": [{"6": {"client_id": 0, "slo": 0, "num_jobs": 5000, "throughput_qps": 35.28424179575003, "total_num_complete": 5000, "goodput_qps": 0, "total_num_tardy": 5000, "median_tardiness_ms": 1255.4243302321593, "mean_tardiness_ms": 1259.9442369594226, "std_tardiness_ms": 483.338374754618, "median_latency_ms": 1255.4243302321593, "mean_latency_ms": 1259.9442369594226, "std_latency_ms": 483.338374754618, "p99_latency_ms": 2063.270788466085, "total_num_dropped": 0, "drop_rate_qps": 0.0}}, {"7": {"client_id": 1, "slo": 0, "num_jobs": 5000, "throughput_qps": 35.26334390058948, "total_num_complete": 5000, "goodput_qps": 0, "total_num_tardy": 5000, "median_tardiness_ms": 1266.8570959725475, "mean_tardiness_ms": 1272.6687962895892, "std_tardiness_ms": 482.4983060946228, "median_latency_ms": 1266.8570959725475, "mean_latency_ms": 1272.6687962895892, "std_latency_ms": 482.4983060946228, "p99_latency_ms": 2073.5773955204822, "total_num_dropped": 0, "drop_rate_qps": 0.0}}, {"8": {"client_id": 2, "slo": 0, "num_jobs": 5000, "throughput_qps": 35.42358576950789, "total_num_complete": 5000, "goodput_qps": 0, "total_num_tardy": 5000, "median_tardiness_ms": 1284.227997616581, "mean_tardiness_ms": 1287.794630675555, "std_tardiness_ms": 483.08088374995646, "median_latency_ms": 1284.227997616581, "mean_latency_ms": 1287.794630675555, "std_latency_ms": 483.08088374995646, "p99_latency_ms": 2090.284334787414, "total_num_dropped": 0, "drop_rate_qps": 0.0}}]}