{"clients": [{"6": {"client_id": 0, "slo": 124, "num_jobs": 1000, "throughput_qps": 35.994863781418, "total_num_complete": 1000, "goodput_qps": 5.4414675939920105, "total_num_tardy": 854, "median_tardiness_ms": 34.92791138965731, "mean_tardiness_ms": 41.75372031243874, "std_tardiness_ms": 34.10920880903386, "median_latency_ms": 151.74644099641682, "mean_latency_ms": 157.8330744978429, "std_latency_ms": 37.16834590144414, "p99_latency_ms": 278.4578784605252, "total_num_dropped": 0, "drop_rate_qps": 0.0}}, {"7": {"client_id": 1, "slo": 140, "num_jobs": 1000, "throughput_qps": 35.92626802321459, "total_num_complete": 1000, "goodput_qps": 8.627767656571425, "total_num_tardy": 763, "median_tardiness_ms": 31.808189371298795, "mean_tardiness_ms": 39.68975177871273, "std_tardiness_ms": 33.14840143010993, "median_latency_ms": 160.85738545792037, "mean_latency_ms": 167.2337816319601, "std_latency_ms": 37.066885478573774, "p99_latency_ms": 291.48616322606745, "total_num_dropped": 0, "drop_rate_qps": 0.0}}, {"8": {"client_id": 2, "slo": 160, "num_jobs": 1000, "throughput_qps": 35.84094369638919, "total_num_complete": 1000, "goodput_qps": 10.752283108916757, "total_num_tardy": 700, "median_tardiness_ms": 30.84836550632417, "mean_tardiness_ms": 38.72377295028394, "std_tardiness_ms": 34.19249503789667, "median_latency_ms": 175.09803546950934, "mean_latency_ms": 182.33123441231663, "std_latency_ms": 38.82185288862992, "p99_latency_ms": 301.16324221201, "total_num_dropped": 0, "drop_rate_qps": 0.0}}]}