{"clients": [{"6": {"client_id": 0, "slo": 0, "num_jobs": 5000, "throughput_qps": 25.9606442621269, "total_num_complete": 5000, "goodput_qps": 0, "total_num_tardy": 5000, "median_tardiness_ms": 94.02987820514318, "mean_tardiness_ms": 98.28485213513443, "std_tardiness_ms": 16.02730052185448, "median_latency_ms": 94.02987820514318, "mean_latency_ms": 98.28485213513443, "std_latency_ms": 16.02730052185448, "p99_latency_ms": 159.28426190535728, "total_num_dropped": 0, "drop_rate_qps": 0.0}}, {"7": {"client_id": 1, "slo": 0, "num_jobs": 5000, "throughput_qps": 25.98847098467798, "total_num_complete": 5000, "goodput_qps": 0, "total_num_tardy": 5000, "median_tardiness_ms": 102.44174148634556, "mean_tardiness_ms": 106.29768482793155, "std_tardiness_ms": 15.853554169665715, "median_latency_ms": 102.44174148634556, "mean_latency_ms": 106.29768482793155, "std_latency_ms": 15.853554169665715, "p99_latency_ms": 166.30354745267056, "total_num_dropped": 0, "drop_rate_qps": 0.0}}, {"8": {"client_id": 2, "slo": 0, "num_jobs": 5000, "throughput_qps": 26.155089955168265, "total_num_complete": 5000, "goodput_qps": 0, "total_num_tardy": 5000, "median_tardiness_ms": 113.20621819390362, "mean_tardiness_ms": 117.33091673269246, "std_tardiness_ms": 16.94412904475974, "median_latency_ms": 113.20621819390362, "mean_latency_ms": 117.33091673269246, "std_latency_ms": 16.94412904475974, "p99_latency_ms": 182.20630157855481, "total_num_dropped": 0, "drop_rate_qps": 0.0}}]}