{"clients": [{"6": {"client_id": 0, "slo": 0, "num_jobs": 5000, "throughput_qps": 25.96072459646178, "total_num_complete": 5000, "goodput_qps": 0, "total_num_tardy": 5000, "median_tardiness_ms": 88.55927423488902, "mean_tardiness_ms": 92.24175068847309, "std_tardiness_ms": 14.913912553522202, "median_latency_ms": 88.55927423488902, "mean_latency_ms": 92.24175068847309, "std_latency_ms": 14.913912553522202, "p99_latency_ms": 148.87328912847846, "total_num_dropped": 0, "drop_rate_qps": 0.0}}, {"7": {"client_id": 1, "slo": 0, "num_jobs": 5000, "throughput_qps": 25.99029414216689, "total_num_complete": 5000, "goodput_qps": 0, "total_num_tardy": 5000, "median_tardiness_ms": 96.73767081403275, "mean_tardiness_ms": 100.59725475225453, "std_tardiness_ms": 15.384752930803446, "median_latency_ms": 96.73767081403275, "mean_latency_ms": 100.59725475225453, "std_latency_ms": 15.384752930803446, "p99_latency_ms": 160.5666589203196, "total_num_dropped": 0, "drop_rate_qps": 0.0}}, {"8": {"client_id": 2, "slo": 0, "num_jobs": 5000, "throughput_qps": 26.155462962754665, "total_num_complete": 5000, "goodput_qps": 0, "total_num_tardy": 5000, "median_tardiness_ms": 107.31596445527975, "mean_tardiness_ms": 111.34821146611436, "std_tardiness_ms": 16.20739987158512, "median_latency_ms": 107.31596445527975, "mean_latency_ms": 111.34821146611436, "std_latency_ms": 16.20739987158512, "p99_latency_ms": 174.94341155890103, "total_num_dropped": 0, "drop_rate_qps": 0.0}}]}