{"clients": [{"6": {"client_id": 0, "slo": 0, "num_jobs": 5000, "throughput_qps": 20.393758226080887, "total_num_complete": 3927, "goodput_qps": 0, "total_num_tardy": 3927, "median_tardiness_ms": 81.39759899431374, "mean_tardiness_ms": 82.35868633054052, "std_tardiness_ms": 6.703796300529081, "median_latency_ms": 81.39759899431374, "mean_latency_ms": 82.35868633054052, "std_latency_ms": 6.703796300529081, "p99_latency_ms": 103.94152546742815, "total_num_dropped": 1073, "drop_rate_qps": 5.5723204931461146}}, {"7": {"client_id": 1, "slo": 0, "num_jobs": 5000, "throughput_qps": 24.9032556198025, "total_num_complete": 4791, "goodput_qps": 0, "total_num_tardy": 4791, "median_tardiness_ms": 88.95564619230572, "mean_tardiness_ms": 89.95828593443416, "std_tardiness_ms": 6.643553589087237, "median_latency_ms": 88.95564619230572, "mean_latency_ms": 89.95828593443416, "std_latency_ms": 6.643553589087237, "p99_latency_ms": 112.02990868051202, "total_num_dropped": 209, "drop_rate_qps": 1.0863661917217122}}, {"8": {"client_id": 2, "slo": 0, "num_jobs": 5000, "throughput_qps": 25.037770105427626, "total_num_complete": 4786, "goodput_qps": 0, "total_num_tardy": 4786, "median_tardiness_ms": 99.0611620210475, "mean_tardiness_ms": 99.97914021313832, "std_tardiness_ms": 6.796161380931084, "median_latency_ms": 99.0611620210475, "mean_latency_ms": 99.97914021313832, "std_latency_ms": 6.796161380931084, "p99_latency_ms": 120.57385328135342, "total_num_dropped": 214, "drop_rate_qps": 1.1195325538156105}}]}