{"clients": [{"6": {"client_id": 0, "slo": 312, "num_jobs": 5000, "throughput_qps": 8.169596157571842, "total_num_complete": 1025, "goodput_qps": 7.850782648983673, "total_num_tardy": 40, "median_tardiness_ms": 1.6366460899262165, "mean_tardiness_ms": 1.5628362298480625, "std_tardiness_ms": 0.8758966362196324, "median_latency_ms": 273.00668687683356, "mean_latency_ms": 261.7488815711537, "std_latency_ms": 44.82504013860667, "p99_latency_ms": 314.262745443125, "total_num_dropped": 3975, "drop_rate_qps": 31.682092415949338}}, {"7": {"client_id": 1, "slo": 352, "num_jobs": 5000, "throughput_qps": 8.885201822910632, "total_num_complete": 1115, "goodput_qps": 8.407074370556696, "total_num_tardy": 60, "median_tardiness_ms": 1.3529042966220004, "mean_tardiness_ms": 1.6202782720161204, "std_tardiness_ms": 1.1968222586694566, "median_latency_ms": 311.0812265386994, "mean_latency_ms": 295.858115272358, "std_latency_ms": 51.845559670848374, "p99_latency_ms": 354.707516445916, "total_num_dropped": 3885, "drop_rate_qps": 30.958752539917317}}, {"8": {"client_id": 2, "slo": 402, "num_jobs": 5000, "throughput_qps": 12.603684536782492, "total_num_complete": 1569, "goodput_qps": 11.623665726401699, "total_num_tardy": 122, "median_tardiness_ms": 2.008611305282102, "mean_tardiness_ms": 2.1319376754616877, "std_tardiness_ms": 1.5067764986461343, "median_latency_ms": 366.08543623273727, "mean_latency_ms": 345.3875811020557, "std_latency_ms": 57.305517010959896, "p99_latency_ms": 405.76639187456135, "total_num_dropped": 3431, "drop_rate_qps": 27.56102080669263}}]}