,client_id,job_id,workflow_id,task_id,drop_time,create_time,arrival_time,slo,deadline
0,1,5111,7,3,3585.0008940037715,3541.1999999999935,3548.3999999999933,0,3541.1999999999935
1,0,247,6,3,7962.132633668516,7896.399999999969,7903.5999999999685,0,7896.399999999969
2,1,5264,7,3,8437.375953651373,8371.79999999997,8378.99999999997,0,8371.79999999997
3,0,263,6,3,8441.801698052244,8378.599999999971,8385.799999999972,0,8378.599999999971
4,0,1449,6,3,46604.89131310403,46547.799999999275,46554.99999999927,0,46547.799999999275
5,1,7810,7,2,90329.07214487944,90288.99999999531,90296.19999999531,0,90288.99999999531
6,1,8149,7,3,101233.69585473592,101189.79999999433,101196.99999999432,0,101189.79999999433
7,1,8359,7,3,108104.0244707038,108050.79999999372,108057.99999999371,0,108050.79999999372
8,2,13491,8,3,111984.34894301034,111926.19999999333,111933.39999999333,0,111926.19999999333
9,0,3482,6,3,111985.68501575249,111940.39999999336,111947.59999999336,0,111940.39999999336
