{"clients": [{"6": {"client_id": 0, "slo": 0, "num_jobs": 5000, "throughput_qps": 30.97308632584555, "total_num_complete": 4996, "goodput_qps": 0, "total_num_tardy": 4996, "median_tardiness_ms": 86.92785370382626, "mean_tardiness_ms": 88.25284659513392, "std_tardiness_ms": 8.936065990381538, "median_latency_ms": 86.92785370382626, "mean_latency_ms": 88.25284659513392, "std_latency_ms": 8.936065990381538, "p99_latency_ms": 115.41259457714715, "total_num_dropped": 4, "drop_rate_qps": 0.024798307706841917}}, {"7": {"client_id": 1, "slo": 0, "num_jobs": 5000, "throughput_qps": 30.955285496494124, "total_num_complete": 4995, "goodput_qps": 0, "total_num_tardy": 4995, "median_tardiness_ms": 95.2979462362564, "mean_tardiness_ms": 96.46428686618596, "std_tardiness_ms": 9.015376331344651, "median_latency_ms": 95.2979462362564, "mean_latency_ms": 96.46428686618596, "std_latency_ms": 9.015376331344651, "p99_latency_ms": 122.79244031833093, "total_num_dropped": 5, "drop_rate_qps": 0.030986271768262387}}, {"8": {"client_id": 2, "slo": 0, "num_jobs": 5000, "throughput_qps": 31.203405178438572, "total_num_complete": 4999, "goodput_qps": 0, "total_num_tardy": 4999, "median_tardiness_ms": 105.96813676023157, "mean_tardiness_ms": 107.09168948588945, "std_tardiness_ms": 9.30404963976701, "median_latency_ms": 105.96813676023157, "mean_latency_ms": 107.09168948588945, "std_latency_ms": 9.30404963976701, "p99_latency_ms": 132.89440565619293, "total_num_dropped": 1, "drop_rate_qps": 0.006241929421572028}}]}