{"clients": [{"6": {"client_id": 0, "slo": 249, "num_jobs": 5000, "throughput_qps": 34.042360393417965, "total_num_complete": 4773, "goodput_qps": 34.042360393417965, "total_num_tardy": 0, "median_latency_ms": 138.17436633097532, "mean_latency_ms": 138.6538802004059, "std_latency_ms": 21.628548114056294, "p99_latency_ms": 193.94660937344707, "total_num_dropped": 227, "drop_rate_qps": 1.619026987074351}}, {"7": {"client_id": 1, "slo": 281, "num_jobs": 5000, "throughput_qps": 27.807024427475426, "total_num_complete": 3907, "goodput_qps": 27.807024427475426, "total_num_tardy": 0, "median_latency_ms": 144.70491935459722, "mean_latency_ms": 145.0735626226533, "std_latency_ms": 21.20422873017874, "p99_latency_ms": 197.59037006639934, "total_num_dropped": 1093, "drop_rate_qps": 7.779134297217978}}, {"8": {"client_id": 2, "slo": 321, "num_jobs": 5000, "throughput_qps": 24.662006943808247, "total_num_complete": 3439, "goodput_qps": 24.662006943808247, "total_num_tardy": 0, "median_latency_ms": 159.32133021465415, "mean_latency_ms": 160.08227587315665, "std_latency_ms": 22.48657659471536, "p99_latency_ms": 221.57273474870453, "total_num_dropped": 1560, "drop_rate_qps": 11.187185470293942}}]}