{"clients": [{"6": {"client_id": 0, "slo": 0, "num_jobs": 5000, "throughput_qps": 25.70191276318431, "total_num_complete": 4950, "goodput_qps": 0, "total_num_tardy": 4950, "median_tardiness_ms": 81.43717430724564, "mean_tardiness_ms": 82.34875935925297, "std_tardiness_ms": 6.93616116867034, "median_latency_ms": 81.43717430724564, "mean_latency_ms": 82.34875935925297, "std_latency_ms": 6.93616116867034, "p99_latency_ms": 105.05513508951857, "total_num_dropped": 50, "drop_rate_qps": 0.2596152804362052}}, {"7": {"client_id": 1, "slo": 0, "num_jobs": 5000, "throughput_qps": 25.83436503146004, "total_num_complete": 4970, "goodput_qps": 0, "total_num_tardy": 4970, "median_tardiness_ms": 89.29041498556035, "mean_tardiness_ms": 90.35404715129529, "std_tardiness_ms": 6.963015861478613, "median_latency_ms": 89.29041498556035, "mean_latency_ms": 90.35404715129529, "std_latency_ms": 6.963015861478613, "p99_latency_ms": 111.862132765144, "total_num_dropped": 30, "drop_rate_qps": 0.1559418412361773}}, {"8": {"client_id": 2, "slo": 0, "num_jobs": 5000, "throughput_qps": 25.655822294967937, "total_num_complete": 4904, "goodput_qps": 0, "total_num_tardy": 4904, "median_tardiness_ms": 99.59427787011771, "mean_tardiness_ms": 100.47021129848804, "std_tardiness_ms": 7.0818728847154935, "median_latency_ms": 99.59427787011771, "mean_latency_ms": 100.47021129848804, "std_latency_ms": 7.0818728847154935, "p99_latency_ms": 121.71350745564132, "total_num_dropped": 96, "drop_rate_qps": 0.5022346941918682}}]}