{"clients": [{"6": {"client_id": 0, "slo": 312, "num_jobs": 5000, "throughput_qps": 30.577103430674004, "total_num_complete": 4932, "goodput_qps": 30.577103430674004, "total_num_tardy": 0, "median_latency_ms": 87.09780264698566, "mean_latency_ms": 88.56295200297755, "std_latency_ms": 9.403803137513306, "p99_latency_ms": 116.21056454652462, "total_num_dropped": 68, "drop_rate_qps": 0.42158212353727337}}, {"7": {"client_id": 1, "slo": 352, "num_jobs": 5000, "throughput_qps": 30.586950576399577, "total_num_complete": 4936, "goodput_qps": 30.586950576399577, "total_num_tardy": 0, "median_latency_ms": 94.91380540667706, "mean_latency_ms": 96.18208383106834, "std_latency_ms": 9.191842028447008, "p99_latency_ms": 124.04298337536271, "total_num_dropped": 64, "drop_rate_qps": 0.3965893105529929}}, {"8": {"client_id": 2, "slo": 402, "num_jobs": 5000, "throughput_qps": 29.624970932040764, "total_num_complete": 4746, "goodput_qps": 29.624970932040764, "total_num_tardy": 0, "median_latency_ms": 105.45814131914176, "mean_latency_ms": 106.932396220262, "std_latency_ms": 9.72070789372764, "p99_latency_ms": 136.06427468773404, "total_num_dropped": 254, "drop_rate_qps": 1.5854914910953126}}]}