{"clients": [{"6": {"client_id": 0, "slo": 312, "num_jobs": 5000, "throughput_qps": 18.75605848750227, "total_num_complete": 2630, "goodput_qps": 17.45811071384242, "total_num_tardy": 182, "median_tardiness_ms": 1.468803473447224, "mean_tardiness_ms": 1.476058089800548, "std_tardiness_ms": 0.8707834943183482, "median_latency_ms": 292.81130283460516, "mean_latency_ms": 276.73090787206223, "std_latency_ms": 40.79516008344551, "p99_latency_ms": 314.513191139938, "total_num_dropped": 2370, "drop_rate_qps": 16.90184738227391}}, {"7": {"client_id": 1, "slo": 352, "num_jobs": 5000, "throughput_qps": 17.20911163617976, "total_num_complete": 2418, "goodput_qps": 15.849748392792524, "total_num_tardy": 191, "median_tardiness_ms": 1.44455178953649, "mean_tardiness_ms": 1.624042342673279, "std_tardiness_ms": 1.1065395878643014, "median_latency_ms": 326.21795713642496, "mean_latency_ms": 307.5852392111998, "std_latency_ms": 50.25008814726538, "p99_latency_ms": 354.94824565800445, "total_num_dropped": 2582, "drop_rate_qps": 18.376313583381364}}, {"8": {"client_id": 2, "slo": 402, "num_jobs": 5000, "throughput_qps": 15.52086920634579, "total_num_complete": 2167, "goodput_qps": 14.482324658620758, "total_num_tardy": 145, "median_tardiness_ms": 1.8395822305537877, "mean_tardiness_ms": 2.1908698013782826, "std_tardiness_ms": 1.629436113642473, "median_latency_ms": 358.9987854213614, "mean_latency_ms": 341.69588170370656, "std_latency_ms": 57.1647284088663, "p99_latency_ms": 405.94845834564404, "total_num_dropped": 2833, "drop_rate_qps": 20.29101174968972}}]}