{"clients": [{"6": {"client_id": 0, "slo": 312, "num_jobs": 5000, "throughput_qps": 15.388045171552069, "total_num_complete": 2157, "goodput_qps": 15.388045171552069, "total_num_tardy": 0, "median_latency_ms": 89.44206719758222, "mean_latency_ms": 91.39120398727434, "std_latency_ms": 9.772639386890603, "p99_latency_ms": 129.19167017271687, "total_num_dropped": 2843, "drop_rate_qps": 20.281971452351662}}, {"7": {"client_id": 1, "slo": 352, "num_jobs": 5000, "throughput_qps": 14.616853297421093, "total_num_complete": 2054, "goodput_qps": 14.616853297421093, "total_num_tardy": 0, "median_latency_ms": 97.4796092736783, "mean_latency_ms": 99.40852534202341, "std_latency_ms": 9.76517124763978, "p99_latency_ms": 140.72028421647124, "total_num_dropped": 2946, "drop_rate_qps": 20.96458121431477}}, {"8": {"client_id": 2, "slo": 402, "num_jobs": 5000, "throughput_qps": 12.86863920985431, "total_num_complete": 1794, "goodput_qps": 12.86863920985431, "total_num_tardy": 0, "median_latency_ms": 108.14784541337576, "mean_latency_ms": 110.58593944197742, "std_latency_ms": 11.942857690907694, "p99_latency_ms": 163.3879184319196, "total_num_dropped": 3206, "drop_rate_qps": 22.99713339286116}}]}