{"clients": [{"6": {"client_id": 0, "slo": 124, "num_jobs": 5000, "throughput_qps": 14.612001087224431, "total_num_complete": 2357, "goodput_qps": 14.413620079676202, "total_num_tardy": 32, "median_tardiness_ms": 11.065346479699656, "mean_tardiness_ms": 13.179634379361914, "std_tardiness_ms": 10.666694885759433, "median_latency_ms": 89.99197431917128, "mean_latency_ms": 91.88500070271553, "std_latency_ms": 9.436584743244694, "p99_latency_ms": 127.7802513864875, "total_num_dropped": 2643, "drop_rate_qps": 16.385031342186753}}, {"7": {"client_id": 1, "slo": 140, "num_jobs": 5000, "throughput_qps": 16.15146694198577, "total_num_complete": 2606, "goodput_qps": 16.008917540732636, "total_num_tardy": 23, "median_tardiness_ms": 12.121800680630258, "mean_tardiness_ms": 13.105037919419294, "std_tardiness_ms": 11.223421549166194, "median_latency_ms": 97.88483212834399, "mean_latency_ms": 99.77527670220267, "std_latency_ms": 9.690666658759305, "p99_latency_ms": 139.67729415729426, "total_num_dropped": 2394, "drop_rate_qps": 14.837533330435125}}, {"8": {"client_id": 2, "slo": 160, "num_jobs": 5000, "throughput_qps": 18.677472089691644, "total_num_complete": 2991, "goodput_qps": 18.552580935631518, "total_num_tardy": 20, "median_tardiness_ms": 12.01241430243681, "mean_tardiness_ms": 14.129287609638094, "std_tardiness_ms": 10.295957457177927, "median_latency_ms": 108.11442907969467, "mean_latency_ms": 110.26516066724277, "std_latency_ms": 10.400712570521351, "p99_latency_ms": 151.74272233276278, "total_num_dropped": 2009, "drop_rate_qps": 12.545316425339522}}]}