{"clients": [{"6": {"client_id": 0, "slo": 0, "num_jobs": 5000, "throughput_qps": 28.120479289949504, "total_num_complete": 3528, "goodput_qps": 0, "total_num_tardy": 3528, "median_tardiness_ms": 88.47065470328926, "mean_tardiness_ms": 91.69040637296374, "std_tardiness_ms": 14.63065103311192, "median_latency_ms": 88.47065470328926, "mean_latency_ms": 91.69040637296374, "std_latency_ms": 14.63065103311192, "p99_latency_ms": 145.36116076342398, "total_num_dropped": 1472, "drop_rate_qps": 11.732807685602513}}, {"7": {"client_id": 1, "slo": 0, "num_jobs": 5000, "throughput_qps": 27.93606031077275, "total_num_complete": 3504, "goodput_qps": 0, "total_num_tardy": 3504, "median_tardiness_ms": 96.4297464028723, "mean_tardiness_ms": 99.61240151158545, "std_tardiness_ms": 14.466161950812399, "median_latency_ms": 96.4297464028723, "mean_latency_ms": 99.61240151158545, "std_latency_ms": 14.466161950812399, "p99_latency_ms": 153.20371130323542, "total_num_dropped": 1496, "drop_rate_qps": 11.927039447750012}}, {"8": {"client_id": 2, "slo": 0, "num_jobs": 5000, "throughput_qps": 28.27732498056961, "total_num_complete": 3518, "goodput_qps": 0, "total_num_tardy": 3518, "median_tardiness_ms": 108.48779337443557, "mean_tardiness_ms": 111.44237190757852, "std_tardiness_ms": 15.583264179789026, "median_latency_ms": 108.48779337443557, "mean_latency_ms": 111.44237190757852, "std_latency_ms": 15.583264179789026, "p99_latency_ms": 169.43231994464395, "total_num_dropped": 1482, "drop_rate_qps": 11.912164758727732}}]}