{"clients": [{"6": {"client_id": 0, "slo": 124, "num_jobs": 5000, "throughput_qps": 20.805124392891923, "total_num_complete": 4007, "goodput_qps": 20.805124392891923, "total_num_tardy": 0, "median_latency_ms": 79.81588526937412, "mean_latency_ms": 80.17928419076365, "std_latency_ms": 4.897302909120786, "p99_latency_ms": 92.63532258667638, "total_num_dropped": 993, "drop_rate_qps": 5.155849394095752}}, {"7": {"client_id": 1, "slo": 140, "num_jobs": 5000, "throughput_qps": 24.019389276347304, "total_num_complete": 4621, "goodput_qps": 24.019389276347304, "total_num_tardy": 0, "median_latency_ms": 88.43049635266652, "mean_latency_ms": 88.99413001282808, "std_latency_ms": 5.540497503740457, "p99_latency_ms": 103.87055257387694, "total_num_dropped": 379, "drop_rate_qps": 1.969995355060729}}, {"8": {"client_id": 2, "slo": 160, "num_jobs": 5000, "throughput_qps": 23.969837198227207, "total_num_complete": 4581, "goodput_qps": 23.969837198227207, "total_num_tardy": 0, "median_latency_ms": 98.65008878330991, "mean_latency_ms": 99.10087071272321, "std_latency_ms": 5.816339733369735, "p99_latency_ms": 114.69620867497578, "total_num_dropped": 419, "drop_rate_qps": 2.1923950635357348}}]}