{"clients": [{"6": {"client_id": 0, "slo": 0, "num_jobs": 5000, "throughput_qps": 25.961838565080896, "total_num_complete": 5000, "goodput_qps": 0, "total_num_tardy": 5000, "median_tardiness_ms": 81.68259319622848, "mean_tardiness_ms": 82.63192372119259, "std_tardiness_ms": 6.802264050188088, "median_latency_ms": 81.68259319622848, "mean_latency_ms": 82.63192372119259, "std_latency_ms": 6.802264050188088, "p99_latency_ms": 102.8197188627167, "total_num_dropped": 0, "drop_rate_qps": 0.0}}, {"7": {"client_id": 1, "slo": 0, "num_jobs": 5000, "throughput_qps": 25.989913033308504, "total_num_complete": 5000, "goodput_qps": 0, "total_num_tardy": 5000, "median_tardiness_ms": 89.67518652531726, "mean_tardiness_ms": 90.57425947524281, "std_tardiness_ms": 6.8045529284326065, "median_latency_ms": 89.67518652531726, "mean_latency_ms": 90.57425947524281, "std_latency_ms": 6.8045529284326065, "p99_latency_ms": 110.82932699791856, "total_num_dropped": 0, "drop_rate_qps": 0.0}}, {"8": {"client_id": 2, "slo": 0, "num_jobs": 5000, "throughput_qps": 26.157855663032493, "total_num_complete": 5000, "goodput_qps": 0, "total_num_tardy": 5000, "median_tardiness_ms": 99.72947709654545, "mean_tardiness_ms": 100.55161259693972, "std_tardiness_ms": 6.947889036498859, "median_latency_ms": 99.72947709654545, "mean_latency_ms": 100.55161259693972, "std_latency_ms": 6.947889036498859, "p99_latency_ms": 121.88614574249388, "total_num_dropped": 0, "drop_rate_qps": 0.0}}]}