{"clients": [{"6": {"client_id": 0, "slo": 0, "num_jobs": 5000, "throughput_qps": 30.54597268990548, "total_num_complete": 4927, "goodput_qps": 0, "total_num_tardy": 4927, "median_tardiness_ms": 85.74817663209978, "mean_tardiness_ms": 87.14087635809243, "std_tardiness_ms": 8.841629428586126, "median_latency_ms": 85.74817663209978, "mean_latency_ms": 87.14087635809243, "std_latency_ms": 8.841629428586126, "p99_latency_ms": 113.42107353258051, "total_num_dropped": 73, "drop_rate_qps": 0.4525788525194032}}, {"7": {"client_id": 1, "slo": 0, "num_jobs": 5000, "throughput_qps": 30.56871600357144, "total_num_complete": 4933, "goodput_qps": 0, "total_num_tardy": 4933, "median_tardiness_ms": 93.7754280699919, "mean_tardiness_ms": 95.22433617198597, "std_tardiness_ms": 9.13435038539345, "median_latency_ms": 93.7754280699919, "mean_latency_ms": 95.22433617198597, "std_latency_ms": 9.13435038539345, "p99_latency_ms": 122.9320765531485, "total_num_dropped": 67, "drop_rate_qps": 0.41518426357982696}}, {"8": {"client_id": 2, "slo": 0, "num_jobs": 5000, "throughput_qps": 29.61886902443824, "total_num_complete": 4745, "goodput_qps": 0, "total_num_tardy": 4745, "median_tardiness_ms": 104.89225861284649, "mean_tardiness_ms": 106.17336118996695, "std_tardiness_ms": 9.85983633850234, "median_latency_ms": 104.89225861284649, "mean_latency_ms": 106.17336118996695, "std_latency_ms": 9.85983633850234, "p99_latency_ms": 136.12686505595, "total_num_dropped": 255, "drop_rate_qps": 1.5917411172248157}}]}