{"clients": [{"6": {"client_id": 0, "slo": 249, "num_jobs": 5000, "throughput_qps": 8.141131966185783, "total_num_complete": 1020, "goodput_qps": 8.141131966185783, "total_num_tardy": 0, "median_latency_ms": 88.07224110578318, "mean_latency_ms": 89.2904760499382, "std_latency_ms": 7.325310875644897, "p99_latency_ms": 113.83898801522473, "total_num_dropped": 3980, "drop_rate_qps": 31.766377671979825}}, {"7": {"client_id": 1, "slo": 281, "num_jobs": 5000, "throughput_qps": 8.641218092375375, "total_num_complete": 1084, "goodput_qps": 8.641218092375375, "total_num_tardy": 0, "median_latency_ms": 96.57707162690349, "mean_latency_ms": 97.51923273897087, "std_latency_ms": 7.187392866800083, "p99_latency_ms": 122.52040666411071, "total_num_dropped": 3916, "drop_rate_qps": 31.216798938876355}}, {"8": {"client_id": 2, "slo": 321, "num_jobs": 5000, "throughput_qps": 12.48214328472047, "total_num_complete": 1552, "goodput_qps": 12.48214328472047, "total_num_tardy": 0, "median_latency_ms": 107.28600826865659, "mean_latency_ms": 107.91754958678594, "std_latency_ms": 6.860305973382658, "p99_latency_ms": 127.72584073304607, "total_num_dropped": 3448, "drop_rate_qps": 27.73094719440476}}]}