{"clients": [{"6": {"client_id": 0, "slo": 0, "num_jobs": 5000, "throughput_qps": 39.823467355803345, "total_num_complete": 5000, "goodput_qps": 0, "total_num_tardy": 5000, "median_tardiness_ms": 516.1635622459689, "mean_tardiness_ms": 507.4175822395716, "std_tardiness_ms": 150.0493795015968, "median_latency_ms": 516.1635622459689, "mean_latency_ms": 507.4175822395716, "std_latency_ms": 150.0493795015968, "p99_latency_ms": 832.1606859666585, "total_num_dropped": 0, "drop_rate_qps": 0.0}}, {"7": {"client_id": 1, "slo": 0, "num_jobs": 5000, "throughput_qps": 39.81786876544123, "total_num_complete": 5000, "goodput_qps": 0, "total_num_tardy": 5000, "median_tardiness_ms": 529.4971115672524, "mean_tardiness_ms": 521.9835015160577, "std_tardiness_ms": 151.18135280792484, "median_latency_ms": 529.4971115672524, "mean_latency_ms": 521.9835015160577, "std_latency_ms": 151.18135280792484, "p99_latency_ms": 841.8976921179838, "total_num_dropped": 0, "drop_rate_qps": 0.0}}, {"8": {"client_id": 2, "slo": 0, "num_jobs": 5000, "throughput_qps": 39.996318641788534, "total_num_complete": 5000, "goodput_qps": 0, "total_num_tardy": 5000, "median_tardiness_ms": 548.9674066752341, "mean_tardiness_ms": 538.4883693616387, "std_tardiness_ms": 152.22735405524938, "median_latency_ms": 548.9674066752341, "mean_latency_ms": 538.4883693616387, "std_latency_ms": 152.22735405524938, "p99_latency_ms": 864.0224098548977, "total_num_dropped": 0, "drop_rate_qps": 0.0}}]}