{"clients": [{"6": {"client_id": 0, "slo": 124, "num_jobs": 5000, "throughput_qps": 35.66207069733526, "total_num_complete": 5000, "goodput_qps": 4.493420907864243, "total_num_tardy": 4370, "median_tardiness_ms": 31.984266423991357, "mean_tardiness_ms": 38.50694349919171, "std_tardiness_ms": 28.32881607695357, "median_latency_ms": 151.41086308170088, "mean_latency_ms": 156.420049167326, "std_latency_ms": 31.129193871685032, "p99_latency_ms": 249.5541484545253, "total_num_dropped": 0, "drop_rate_qps": 0.0}}, {"7": {"client_id": 1, "slo": 140, "num_jobs": 5000, "throughput_qps": 35.5844223174047, "total_num_complete": 5000, "goodput_qps": 6.156105060911014, "total_num_tardy": 4135, "median_tardiness_ms": 28.232138530744123, "mean_tardiness_ms": 36.033404261753, "std_tardiness_ms": 29.028180669242705, "median_latency_ms": 161.98469585522798, "mean_latency_ms": 167.76216963722447, "std_latency_ms": 32.3335755275003, "p99_latency_ms": 263.1550978251206, "total_num_dropped": 0, "drop_rate_qps": 0.0}}, {"8": {"client_id": 2, "slo": 160, "num_jobs": 5000, "throughput_qps": 35.847184363607894, "total_num_complete": 5000, "goodput_qps": 7.920663793407279, "total_num_tardy": 3910, "median_tardiness_ms": 29.7940868025471, "mean_tardiness_ms": 36.310062592991734, "std_tardiness_ms": 29.26426640301534, "median_latency_ms": 180.1805890978976, "mean_latency_ms": 185.76626070662473, "std_latency_ms": 33.00219616081397, "p99_latency_ms": 283.4040693187357, "total_num_dropped": 0, "drop_rate_qps": 0.0}}]}