{"clients": [{"6": {"client_id": 0, "slo": 124, "num_jobs": 5000, "throughput_qps": 20.395006560777663, "total_num_complete": 3928, "goodput_qps": 20.395006560777663, "total_num_tardy": 0, "median_latency_ms": 80.04831944756734, "mean_latency_ms": 80.43003291485134, "std_latency_ms": 4.914822379920633, "p99_latency_ms": 93.08176326445886, "total_num_dropped": 1072, "drop_rate_qps": 5.566050670354801}}, {"7": {"client_id": 1, "slo": 140, "num_jobs": 5000, "throughput_qps": 24.78978299161045, "total_num_complete": 4769, "goodput_qps": 24.78978299161045, "total_num_tardy": 0, "median_latency_ms": 88.99800134195539, "mean_latency_ms": 89.77572246247384, "std_latency_ms": 6.273072880903656, "p99_latency_ms": 107.51405986543453, "total_num_dropped": 231, "drop_rate_qps": 1.2007632357018272}}, {"8": {"client_id": 2, "slo": 160, "num_jobs": 5000, "throughput_qps": 25.021617524927443, "total_num_complete": 4783, "goodput_qps": 25.021617524927443, "total_num_tardy": 0, "median_latency_ms": 99.3045290868904, "mean_latency_ms": 99.97007865026336, "std_latency_ms": 6.4598472270338325, "p99_latency_ms": 118.90201559999436, "total_num_dropped": 217, "drop_rate_qps": 1.1352061473780586}}]}