{"clients": [{"6": {"client_id": 0, "slo": 312, "num_jobs": 5000, "throughput_qps": 30.748245147909817, "total_num_complete": 4960, "goodput_qps": 30.67385423222939, "total_num_tardy": 12, "median_tardiness_ms": 1.301155451896193, "mean_tardiness_ms": 1.5540153906524665, "std_tardiness_ms": 1.214131005741428, "median_latency_ms": 149.92552780530104, "mean_latency_ms": 158.33945422262977, "std_latency_ms": 48.7758993677755, "p99_latency_ms": 298.04243873312646, "total_num_dropped": 40, "drop_rate_qps": 0.24796971893475658}}, {"7": {"client_id": 1, "slo": 352, "num_jobs": 5000, "throughput_qps": 30.872332700218866, "total_num_complete": 4982, "goodput_qps": 30.85993915035928, "total_num_tardy": 2, "median_tardiness_ms": 3.088044748969878, "mean_tardiness_ms": 3.088044748969878, "std_tardiness_ms": 1.337513019526341, "median_latency_ms": 167.4953851039827, "mean_latency_ms": 175.83641061863528, "std_latency_ms": 55.02391966551864, "p99_latency_ms": 326.9399842923894, "total_num_dropped": 18, "drop_rate_qps": 0.11154194873623836}}, {"8": {"client_id": 2, "slo": 402, "num_jobs": 5000, "throughput_qps": 31.04234749012777, "total_num_complete": 4976, "goodput_qps": 31.017393834589083, "total_num_tardy": 4, "median_tardiness_ms": 1.387460540419852, "mean_tardiness_ms": 1.4706700496353733, "std_tardiness_ms": 1.0489844105154178, "median_latency_ms": 192.76027488483305, "mean_latency_ms": 200.67319103180606, "std_latency_ms": 60.273859592601646, "p99_latency_ms": 376.28495439351536, "total_num_dropped": 24, "drop_rate_qps": 0.14972193323212749}}]}