{"clients": [{"6": {"client_id": 0, "slo": 0, "num_jobs": 5000, "throughput_qps": 33.117838695942446, "total_num_complete": 4155, "goodput_qps": 0, "total_num_tardy": 4155, "median_tardiness_ms": 88.8964919175487, "mean_tardiness_ms": 92.55909627654982, "std_tardiness_ms": 15.38518099075393, "median_latency_ms": 88.8964919175487, "mean_latency_ms": 92.55909627654982, "std_latency_ms": 15.38518099075393, "p99_latency_ms": 145.7544434104023, "total_num_dropped": 845, "drop_rate_qps": 6.73515612468625}}, {"7": {"client_id": 1, "slo": 0, "num_jobs": 5000, "throughput_qps": 32.97463280781183, "total_num_complete": 4137, "goodput_qps": 0, "total_num_tardy": 4137, "median_tardiness_ms": 97.3245696465965, "mean_tardiness_ms": 101.35554653544237, "std_tardiness_ms": 16.63832304491549, "median_latency_ms": 97.3245696465965, "mean_latency_ms": 101.35554653544237, "std_latency_ms": 16.63832304491549, "p99_latency_ms": 161.2426805371625, "total_num_dropped": 863, "drop_rate_qps": 6.878682164162826}}, {"8": {"client_id": 2, "slo": 0, "num_jobs": 5000, "throughput_qps": 20.918831829165104, "total_num_complete": 2603, "goodput_qps": 0, "total_num_tardy": 2603, "median_tardiness_ms": 109.04332526597864, "mean_tardiness_ms": 113.12565027131173, "std_tardiness_ms": 17.47692832026922, "median_latency_ms": 109.04332526597864, "mean_latency_ms": 113.12565027131173, "std_latency_ms": 17.47692832026922, "p99_latency_ms": 177.55288875958112, "total_num_dropped": 2397, "drop_rate_qps": 19.263326889938053}}]}