{"clients": [{"6": {"client_id": 0, "slo": 312, "num_jobs": 5000, "throughput_qps": 35.65968209606311, "total_num_complete": 5000, "goodput_qps": 35.65968209606311, "total_num_tardy": 0, "median_latency_ms": 150.67809808240054, "mean_latency_ms": 155.2546178594876, "std_latency_ms": 31.292747889483866, "p99_latency_ms": 250.12289103260315, "total_num_dropped": 0, "drop_rate_qps": 0.0}}, {"7": {"client_id": 1, "slo": 352, "num_jobs": 5000, "throughput_qps": 35.584187576060884, "total_num_complete": 5000, "goodput_qps": 35.584187576060884, "total_num_tardy": 0, "median_latency_ms": 162.15261315276803, "mean_latency_ms": 166.89204141919774, "std_latency_ms": 32.91764598730458, "p99_latency_ms": 265.3843389641398, "total_num_dropped": 0, "drop_rate_qps": 0.0}}, {"8": {"client_id": 2, "slo": 402, "num_jobs": 5000, "throughput_qps": 35.85093273320557, "total_num_complete": 5000, "goodput_qps": 35.85093273320557, "total_num_tardy": 0, "median_latency_ms": 180.0847987221132, "mean_latency_ms": 186.31692523726252, "std_latency_ms": 34.04481306202911, "p99_latency_ms": 289.22358669539585, "total_num_dropped": 0, "drop_rate_qps": 0.0}}]}