{"clients": [{"6": {"client_id": 0, "slo": 124, "num_jobs": 5000, "throughput_qps": 30.99554238753362, "total_num_complete": 5000, "goodput_qps": 7.395536413665521, "total_num_tardy": 3807, "median_tardiness_ms": 52.2683455535298, "mean_tardiness_ms": 77.74890543541323, "std_tardiness_ms": 75.11100118644859, "median_latency_ms": 157.7541957593985, "mean_latency_ms": 178.34289104001743, "std_latency_ms": 77.95436170079073, "p99_latency_ms": 432.93040813442525, "total_num_dropped": 0, "drop_rate_qps": 0.0}}, {"7": {"client_id": 1, "slo": 140, "num_jobs": 5000, "throughput_qps": 30.983281232752002, "total_num_complete": 5000, "goodput_qps": 8.68151540141711, "total_num_tardy": 3599, "median_tardiness_ms": 50.12477683986799, "mean_tardiness_ms": 76.3523139729172, "std_tardiness_ms": 75.55299487761837, "median_latency_ms": 168.3482564714759, "mean_latency_ms": 188.28084206073106, "std_latency_ms": 78.66602808629924, "p99_latency_ms": 442.6922384570786, "total_num_dropped": 0, "drop_rate_qps": 0.0}}, {"8": {"client_id": 2, "slo": 160, "num_jobs": 5000, "throughput_qps": 31.203031017657793, "total_num_complete": 5000, "goodput_qps": 10.072338412499935, "total_num_tardy": 3386, "median_tardiness_ms": 47.66378396084838, "mean_tardiness_ms": 75.6928426537446, "std_tardiness_ms": 76.07262199763298, "median_latency_ms": 183.01368843382807, "mean_latency_ms": 203.33022687220037, "std_latency_ms": 78.76534073404999, "p99_latency_ms": 457.99888275010335, "total_num_dropped": 0, "drop_rate_qps": 0.0}}]}