,client_id,workflow_id,job_id,was_completed,deadline,create_time,response_time
0,769a2141-a3a1-4252-920a-c08cdffd67bf,6,0,True,26,26,66.56056256298928
1,769a2141-a3a1-4252-920a-c08cdffd67bf,6,1,True,58,58,61.10876052845791
2,769a2141-a3a1-4252-920a-c08cdffd67bf,6,2,True,79,79,77.83375603800178
3,769a2141-a3a1-4252-920a-c08cdffd67bf,6,3,True,108,108,85.16286508988111
4,769a2141-a3a1-4252-920a-c08cdffd67bf,6,4,True,142,142,68.14292211684526
5,769a2141-a3a1-4252-920a-c08cdffd67bf,6,5,True,164,164,85.29303257043634
6,769a2141-a3a1-4252-920a-c08cdffd67bf,6,6,True,189,189,72.72958746075943
7,769a2141-a3a1-4252-920a-c08cdffd67bf,6,7,True,216,216,91.67619611335192
8,769a2141-a3a1-4252-920a-c08cdffd67bf,6,8,True,245,245,97.7010842148519
9,769a2141-a3a1-4252-920a-c08cdffd67bf,6,9,True,269,269,90.51111382349552
10,769a2141-a3a1-4252-920a-c08cdffd67bf,6,10,True,296,296,133.3723358580187
11,769a2141-a3a1-4252-920a-c08cdffd67bf,6,11,True,319,319,107.5671053830049
12,769a2141-a3a1-4252-920a-c08cdffd67bf,6,12,True,348,348,106.47501392441279
13,769a2141-a3a1-4252-920a-c08cdffd67bf,6,13,True,377,377,127.04193458293713
14,769a2141-a3a1-4252-920a-c08cdffd67bf,6,14,True,402,402,124.20592057836143
15,769a2141-a3a1-4252-920a-c08cdffd67bf,6,15,True,433,433,119.00006345655333
16,769a2141-a3a1-4252-920a-c08cdffd67bf,6,16,True,453,453,150.6436825586045
17,769a2141-a3a1-4252-920a-c08cdffd67bf,6,17,True,477,477,95.8199362347076
18,769a2141-a3a1-4252-920a-c08cdffd67bf,6,18,True,502,502,138.1681466783814
19,769a2141-a3a1-4252-920a-c08cdffd67bf,6,19,True,530,530,107.5850869514801
20,769a2141-a3a1-4252-920a-c08cdffd67bf,6,20,True,568,568,94.81298192364568
21,769a2141-a3a1-4252-920a-c08cdffd67bf,6,21,True,597,597,91.73850639419072
22,769a2141-a3a1-4252-920a-c08cdffd67bf,6,22,True,616,616,104.11727470567723
23,769a2141-a3a1-4252-920a-c08cdffd67bf,6,23,True,631,631,101.76163568499248
24,769a2141-a3a1-4252-920a-c08cdffd67bf,6,24,True,657,657,142.00739748082867
25,769a2141-a3a1-4252-920a-c08cdffd67bf,6,25,True,691,691,182.81308649794585
26,769a2141-a3a1-4252-920a-c08cdffd67bf,6,26,True,715,715,138.88557100712217
27,769a2141-a3a1-4252-920a-c08cdffd67bf,6,27,True,736,736,163.51069535765396
28,769a2141-a3a1-4252-920a-c08cdffd67bf,6,28,True,768,768,134.9269909634611
29,769a2141-a3a1-4252-920a-c08cdffd67bf,6,29,True,799,799,154.7067938412772
30,769a2141-a3a1-4252-920a-c08cdffd67bf,6,30,True,831,831,142.18558420386353
31,769a2141-a3a1-4252-920a-c08cdffd67bf,6,31,True,856,856,150.27661415472176
32,769a2141-a3a1-4252-920a-c08cdffd67bf,6,32,True,890,890,141.8340965024861
33,769a2141-a3a1-4252-920a-c08cdffd67bf,6,33,True,915,915,132.42063485832637
34,769a2141-a3a1-4252-920a-c08cdffd67bf,6,34,True,940,940,165.67845911043742
35,769a2141-a3a1-4252-920a-c08cdffd67bf,6,35,True,971,971,122.47097718248574
36,769a2141-a3a1-4252-920a-c08cdffd67bf,6,36,True,1006,1006,130.24980428091476
37,769a2141-a3a1-4252-920a-c08cdffd67bf,6,37,True,1026,1026,128.10189342840818
38,769a2141-a3a1-4252-920a-c08cdffd67bf,6,38,True,1058,1058,139.89579505114625
39,769a2141-a3a1-4252-920a-c08cdffd67bf,6,39,True,1090,1090,140.36791574021436
40,769a2141-a3a1-4252-920a-c08cdffd67bf,6,40,True,1118,1118,165.18311603980555
41,769a2141-a3a1-4252-920a-c08cdffd67bf,6,41,True,1143,1143,154.98256720444874
42,769a2141-a3a1-4252-920a-c08cdffd67bf,6,42,True,1179,1179,156.73096301870646
43,769a2141-a3a1-4252-920a-c08cdffd67bf,6,43,True,1205,1205,143.4014939834624
44,769a2141-a3a1-4252-920a-c08cdffd67bf,6,44,True,1228,1228,147.418204886485
45,769a2141-a3a1-4252-920a-c08cdffd67bf,6,45,True,1252,1252,120.8701316703216
46,769a2141-a3a1-4252-920a-c08cdffd67bf,6,46,True,1289,1289,156.3108653765055
47,769a2141-a3a1-4252-920a-c08cdffd67bf,6,47,True,1319,1319,129.47654990120805
48,769a2141-a3a1-4252-920a-c08cdffd67bf,6,48,True,1352,1352,150.92391218243756
49,769a2141-a3a1-4252-920a-c08cdffd67bf,6,49,True,1387,1387,137.08929929305032
50,769a2141-a3a1-4252-920a-c08cdffd67bf,6,50,True,1412,1412,118.12728718504445
51,769a2141-a3a1-4252-920a-c08cdffd67bf,6,51,True,1435,1435,133.83708141869124
52,769a2141-a3a1-4252-920a-c08cdffd67bf,6,52,True,1461,1461,193.3044081884525
53,769a2141-a3a1-4252-920a-c08cdffd67bf,6,53,True,1481,1481,169.54094455778977
54,769a2141-a3a1-4252-920a-c08cdffd67bf,6,54,True,1520,1520,100.14497912970728
55,769a2141-a3a1-4252-920a-c08cdffd67bf,6,55,True,1548,1548,157.2153200661421
56,769a2141-a3a1-4252-920a-c08cdffd67bf,6,56,True,1574,1574,126.42224807797334
57,769a2141-a3a1-4252-920a-c08cdffd67bf,6,57,True,1616,1616,161.4665198775615
58,769a2141-a3a1-4252-920a-c08cdffd67bf,6,58,True,1644,1644,157.5893617009367
59,769a2141-a3a1-4252-920a-c08cdffd67bf,6,59,True,1668,1668,184.95859397690492
60,769a2141-a3a1-4252-920a-c08cdffd67bf,6,60,True,1697,1697,176.31385079577944
61,769a2141-a3a1-4252-920a-c08cdffd67bf,6,61,True,1713,1713,167.98797544054173
62,769a2141-a3a1-4252-920a-c08cdffd67bf,6,62,True,1749,1749,175.34044359176573
63,769a2141-a3a1-4252-920a-c08cdffd67bf,6,63,True,1770,1770,160.11826676647502
64,769a2141-a3a1-4252-920a-c08cdffd67bf,6,64,True,1800,1800,166.26707222622713
65,769a2141-a3a1-4252-920a-c08cdffd67bf,6,65,True,1823,1823,242.58511919422926
66,769a2141-a3a1-4252-920a-c08cdffd67bf,6,66,True,1849,1849,171.9557875922701
67,769a2141-a3a1-4252-920a-c08cdffd67bf,6,67,True,1879,1879,212.13964749082652
68,769a2141-a3a1-4252-920a-c08cdffd67bf,6,68,True,1904,1904,161.58511919422926
69,769a2141-a3a1-4252-920a-c08cdffd67bf,6,69,True,1935,1935,182.3490715979915
70,769a2141-a3a1-4252-920a-c08cdffd67bf,6,70,True,1963,1963,156.87917483950923
71,769a2141-a3a1-4252-920a-c08cdffd67bf,6,71,True,1993,1993,176.48701417034226
72,769a2141-a3a1-4252-920a-c08cdffd67bf,6,72,True,2024,2024,142.78670600616488
73,769a2141-a3a1-4252-920a-c08cdffd67bf,6,73,True,2062,2062,153.67014615175003
74,769a2141-a3a1-4252-920a-c08cdffd67bf,6,74,True,2087,2087,125.7299570319351
75,769a2141-a3a1-4252-920a-c08cdffd67bf,6,75,True,2124,2124,142.15401192365152
76,769a2141-a3a1-4252-920a-c08cdffd67bf,6,76,True,2148,2148,110.04729828312975
77,769a2141-a3a1-4252-920a-c08cdffd67bf,6,77,True,2181,2181,137.524817473472
78,769a2141-a3a1-4252-920a-c08cdffd67bf,6,78,True,2209,2209,136.09354578902276
79,769a2141-a3a1-4252-920a-c08cdffd67bf,6,79,True,2245,2245,95.85902049958077
80,769a2141-a3a1-4252-920a-c08cdffd67bf,6,80,True,2270,2270,123.40921798873296
81,769a2141-a3a1-4252-920a-c08cdffd67bf,6,81,True,2305,2305,148.21978347316963
82,769a2141-a3a1-4252-920a-c08cdffd67bf,6,82,True,2335,2335,142.4379669301902
83,769a2141-a3a1-4252-920a-c08cdffd67bf,6,83,True,2357,2357,90.98280139648796
84,769a2141-a3a1-4252-920a-c08cdffd67bf,6,84,True,2386,2386,119.49289380651817
85,769a2141-a3a1-4252-920a-c08cdffd67bf,6,85,True,2406,2406,101.95209246486411
86,769a2141-a3a1-4252-920a-c08cdffd67bf,6,86,True,2434,2434,141.68117909467492
87,769a2141-a3a1-4252-920a-c08cdffd67bf,6,87,True,2464,2464,114.99319454792703
88,769a2141-a3a1-4252-920a-c08cdffd67bf,6,88,True,2495,2495,130.45211476499617
89,769a2141-a3a1-4252-920a-c08cdffd67bf,6,89,True,2520,2520,111.78191322663315
90,769a2141-a3a1-4252-920a-c08cdffd67bf,6,90,True,2550,2550,123.14712427098493
91,769a2141-a3a1-4252-920a-c08cdffd67bf,6,91,True,2580,2580,167.06096529555316
92,769a2141-a3a1-4252-920a-c08cdffd67bf,6,92,True,2599,2599,142.03939700770616
93,769a2141-a3a1-4252-920a-c08cdffd67bf,6,93,True,2623,2623,124.06096529555316
94,769a2141-a3a1-4252-920a-c08cdffd67bf,6,94,True,2658,2658,134.88814923924656
95,769a2141-a3a1-4252-920a-c08cdffd67bf,6,95,True,2691,2691,130.52735088320833
96,769a2141-a3a1-4252-920a-c08cdffd67bf,6,96,True,2720,2720,126.73586711198459
97,769a2141-a3a1-4252-920a-c08cdffd67bf,6,97,True,2742,2742,122.38640517933072
98,769a2141-a3a1-4252-920a-c08cdffd67bf,6,98,True,2766,2766,156.1621238000189
99,769a2141-a3a1-4252-920a-c08cdffd67bf,6,99,True,2796,2796,143.38712869162418
100,769a2141-a3a1-4252-920a-c08cdffd67bf,6,100,True,2833,2833,114.29915793796954
101,769a2141-a3a1-4252-920a-c08cdffd67bf,6,101,True,2860,2860,141.42579398734188
102,769a2141-a3a1-4252-920a-c08cdffd67bf,6,102,True,2884,2884,130.53223407441783
103,769a2141-a3a1-4252-920a-c08cdffd67bf,6,103,True,2918,2918,139.6201143258445
104,769a2141-a3a1-4252-920a-c08cdffd67bf,6,104,True,2940,2940,121.66659436329473
105,769a2141-a3a1-4252-920a-c08cdffd67bf,6,105,True,2978,2978,113.14535941268696
106,769a2141-a3a1-4252-920a-c08cdffd67bf,6,106,True,3007,3007,174.36481211750015
107,769a2141-a3a1-4252-920a-c08cdffd67bf,6,107,True,3028,3028,129.93239433736608
108,769a2141-a3a1-4252-920a-c08cdffd67bf,6,108,True,3063,3063,120.6365372713617
109,769a2141-a3a1-4252-920a-c08cdffd67bf,6,109,True,3094,3094,135.63485762193295
110,769a2141-a3a1-4252-920a-c08cdffd67bf,6,110,True,3119,3119,114.27457472441483
111,769a2141-a3a1-4252-920a-c08cdffd67bf,6,111,True,3147,3147,112.96120874601775
112,769a2141-a3a1-4252-920a-c08cdffd67bf,6,112,True,3180,3180,104.72875625562074
113,769a2141-a3a1-4252-920a-c08cdffd67bf,6,113,True,3211,3211,103.45747042871335
114,769a2141-a3a1-4252-920a-c08cdffd67bf,6,114,True,3246,3246,111.9737287103626
115,769a2141-a3a1-4252-920a-c08cdffd67bf,6,115,True,3272,3272,128.64089890156265
116,769a2141-a3a1-4252-920a-c08cdffd67bf,6,116,True,3301,3301,109.03346979551316
117,769a2141-a3a1-4252-920a-c08cdffd67bf,6,117,True,3328,3328,105.84044364443344
118,769a2141-a3a1-4252-920a-c08cdffd67bf,6,118,True,3352,3352,90.29275728904759
119,769a2141-a3a1-4252-920a-c08cdffd67bf,6,119,True,3364,3364,106.9036163305891
120,769a2141-a3a1-4252-920a-c08cdffd67bf,6,120,True,3397,3397,105.8840437791041
121,769a2141-a3a1-4252-920a-c08cdffd67bf,6,121,True,3418,3418,109.03939041035665
122,769a2141-a3a1-4252-920a-c08cdffd67bf,6,122,True,3450,3450,125.85519498723625
123,769a2141-a3a1-4252-920a-c08cdffd67bf,6,123,True,3480,3480,137.349649570348
124,769a2141-a3a1-4252-920a-c08cdffd67bf,6,124,True,3508,3508,112.60884533659646
125,769a2141-a3a1-4252-920a-c08cdffd67bf,6,125,True,3536,3536,109.14906779114335
126,769a2141-a3a1-4252-920a-c08cdffd67bf,6,126,True,3569,3569,135.6853680483041
127,769a2141-a3a1-4252-920a-c08cdffd67bf,6,127,True,3596,3596,101.71711310964793
128,769a2141-a3a1-4252-920a-c08cdffd67bf,6,128,True,3630,3630,96.44771774016453
129,769a2141-a3a1-4252-920a-c08cdffd67bf,6,129,True,3656,3656,146.0956558267021
130,769a2141-a3a1-4252-920a-c08cdffd67bf,6,130,True,3678,3678,127.76642620571693
131,769a2141-a3a1-4252-920a-c08cdffd67bf,6,131,True,3706,3706,152.53126870417373
132,769a2141-a3a1-4252-920a-c08cdffd67bf,6,132,True,3736,3736,151.3735603667701
133,769a2141-a3a1-4252-920a-c08cdffd67bf,6,133,True,3776,3776,162.30899427248414
134,769a2141-a3a1-4252-920a-c08cdffd67bf,6,134,True,3805,3805,129.65290239623027
135,769a2141-a3a1-4252-920a-c08cdffd67bf,6,135,True,3831,3831,159.5134145531074
136,769a2141-a3a1-4252-920a-c08cdffd67bf,6,136,True,3856,3856,132.1070599110658
137,769a2141-a3a1-4252-920a-c08cdffd67bf,6,137,True,3871,3871,137.9295653107797
138,769a2141-a3a1-4252-920a-c08cdffd67bf,6,138,True,3905,3905,137.29793169311597
139,769a2141-a3a1-4252-920a-c08cdffd67bf,6,139,True,3932,3932,106.69849825623805
140,769a2141-a3a1-4252-920a-c08cdffd67bf,6,140,True,3960,3960,139.58018012271077
141,769a2141-a3a1-4252-920a-c08cdffd67bf,6,141,True,3982,3982,120.20051216688444
142,769a2141-a3a1-4252-920a-c08cdffd67bf,6,142,True,4008,4008,163.15007261666324
143,769a2141-a3a1-4252-920a-c08cdffd67bf,6,143,True,4038,4038,155.2080891898222
144,769a2141-a3a1-4252-920a-c08cdffd67bf,6,144,True,4064,4064,165.01890721099608
145,769a2141-a3a1-4252-920a-c08cdffd67bf,6,145,True,4092,4092,161.56237980506012
146,769a2141-a3a1-4252-920a-c08cdffd67bf,6,146,True,4122,4122,198.12450064969926
147,769a2141-a3a1-4252-920a-c08cdffd67bf,6,147,True,4140,4140,185.31685877954624
148,769a2141-a3a1-4252-920a-c08cdffd67bf,6,148,True,4178,4178,190.3838433028277
149,769a2141-a3a1-4252-920a-c08cdffd67bf,6,149,True,4204,4204,137.31723933617195
150,769a2141-a3a1-4252-920a-c08cdffd67bf,6,150,True,4231,4231,137.3838433028277
151,769a2141-a3a1-4252-920a-c08cdffd67bf,6,151,True,4269,4269,176.0831966944943
152,769a2141-a3a1-4252-920a-c08cdffd67bf,6,152,True,4291,4291,127.68814437618767
153,769a2141-a3a1-4252-920a-c08cdffd67bf,6,153,True,4311,4311,138.26661210079874
154,769a2141-a3a1-4252-920a-c08cdffd67bf,6,154,True,4330,4330,135.10808766243463
155,769a2141-a3a1-4252-920a-c08cdffd67bf,6,155,True,4348,4348,130.00992544082874
156,769a2141-a3a1-4252-920a-c08cdffd67bf,6,156,True,4382,4382,135.8454336331397
157,769a2141-a3a1-4252-920a-c08cdffd67bf,6,157,True,4415,4415,154.67121300794315
158,769a2141-a3a1-4252-920a-c08cdffd67bf,6,158,True,4435,4435,131.59749689760338
159,769a2141-a3a1-4252-920a-c08cdffd67bf,6,159,True,4465,4465,181.12882078694201
160,769a2141-a3a1-4252-920a-c08cdffd67bf,6,160,True,4489,4489,126.40184715050054
161,769a2141-a3a1-4252-920a-c08cdffd67bf,6,161,True,4515,4515,156.1176705381713
162,769a2141-a3a1-4252-920a-c08cdffd67bf,6,162,True,4540,4540,133.80638211533187
163,769a2141-a3a1-4252-920a-c08cdffd67bf,6,163,True,4574,4574,170.15104983171295
164,769a2141-a3a1-4252-920a-c08cdffd67bf,6,164,True,4606,4606,141.34916614450503
165,769a2141-a3a1-4252-920a-c08cdffd67bf,6,165,True,4626,4626,164.9535159377947
166,769a2141-a3a1-4252-920a-c08cdffd67bf,6,166,True,4654,4654,168.03077164630122
167,769a2141-a3a1-4252-920a-c08cdffd67bf,6,167,True,4679,4679,169.98467551801969
168,769a2141-a3a1-4252-920a-c08cdffd67bf,6,168,True,4705,4705,146.18192545517377
169,769a2141-a3a1-4252-920a-c08cdffd67bf,6,169,True,4741,4741,159.22586744852288
170,769a2141-a3a1-4252-920a-c08cdffd67bf,6,170,True,4766,4766,137.8478660707242
171,769a2141-a3a1-4252-920a-c08cdffd67bf,6,171,True,4806,4806,143.653136335025
172,769a2141-a3a1-4252-920a-c08cdffd67bf,6,172,True,4836,4836,153.4539846035068
173,769a2141-a3a1-4252-920a-c08cdffd67bf,6,173,True,4860,4860,141.33828223820456
174,769a2141-a3a1-4252-920a-c08cdffd67bf,6,174,True,4890,4890,126.32474549951712
175,769a2141-a3a1-4252-920a-c08cdffd67bf,6,175,True,4909,4909,144.27821430119093
176,769a2141-a3a1-4252-920a-c08cdffd67bf,6,176,True,4926,4926,124.87539841724629
177,769a2141-a3a1-4252-920a-c08cdffd67bf,6,177,True,4953,4953,146.63675948120726
178,769a2141-a3a1-4252-920a-c08cdffd67bf,6,178,True,4978,4978,124.00452894305545
179,769a2141-a3a1-4252-920a-c08cdffd67bf,6,179,True,4999,4999,185.03327441097372
180,769a2141-a3a1-4252-920a-c08cdffd67bf,6,180,True,5029,5029,165.7115340463788
181,769a2141-a3a1-4252-920a-c08cdffd67bf,6,181,True,5048,5048,152.1789404402025
182,769a2141-a3a1-4252-920a-c08cdffd67bf,6,182,True,5079,5079,161.95906684260444
183,769a2141-a3a1-4252-920a-c08cdffd67bf,6,183,True,5105,5105,159.038008676991
184,769a2141-a3a1-4252-920a-c08cdffd67bf,6,184,True,5131,5131,158.53882641040218
185,769a2141-a3a1-4252-920a-c08cdffd67bf,6,185,True,5163,5163,129.02558493119795
186,769a2141-a3a1-4252-920a-c08cdffd67bf,6,186,True,5190,5190,166.184430600797
187,769a2141-a3a1-4252-920a-c08cdffd67bf,6,187,True,5210,5210,153.38936314794228
188,769a2141-a3a1-4252-920a-c08cdffd67bf,6,188,True,5227,5227,153.641401758533
189,769a2141-a3a1-4252-920a-c08cdffd67bf,6,189,True,5247,5247,157.0445988679603
190,769a2141-a3a1-4252-920a-c08cdffd67bf,6,190,True,5279,5279,127.18756006692365
191,769a2141-a3a1-4252-920a-c08cdffd67bf,6,191,True,5321,5321,131.59655906797707
192,769a2141-a3a1-4252-920a-c08cdffd67bf,6,192,True,5345,5345,164.68604209697605
193,769a2141-a3a1-4252-920a-c08cdffd67bf,6,193,True,5363,5363,130.30080656384325
194,769a2141-a3a1-4252-920a-c08cdffd67bf,6,194,True,5393,5393,129.97004584972728
195,769a2141-a3a1-4252-920a-c08cdffd67bf,6,195,True,5420,5420,116.34271959504804
196,769a2141-a3a1-4252-920a-c08cdffd67bf,6,196,True,5449,5449,122.39134851795643
197,769a2141-a3a1-4252-920a-c08cdffd67bf,6,197,True,5464,5464,130.7356453441398
198,769a2141-a3a1-4252-920a-c08cdffd67bf,6,198,True,5503,5503,137.74684626073758
199,769a2141-a3a1-4252-920a-c08cdffd67bf,6,199,True,5530,5530,122.94942085508228
200,769a2141-a3a1-4252-920a-c08cdffd67bf,6,200,True,5554,5554,131.87813638096577
201,769a2141-a3a1-4252-920a-c08cdffd67bf,6,201,True,5581,5581,107.54637236470535
202,769a2141-a3a1-4252-920a-c08cdffd67bf,6,202,True,5610,5610,139.88237079996998
203,769a2141-a3a1-4252-920a-c08cdffd67bf,6,203,True,5641,5641,134.20985273000224
204,769a2141-a3a1-4252-920a-c08cdffd67bf,6,204,True,5666,5666,145.04884405791654
205,769a2141-a3a1-4252-920a-c08cdffd67bf,6,205,True,5697,5697,133.9249082325805
206,769a2141-a3a1-4252-920a-c08cdffd67bf,6,206,True,5733,5733,123.15032162382431
207,769a2141-a3a1-4252-920a-c08cdffd67bf,6,207,True,5772,5772,151.91306982926835
208,769a2141-a3a1-4252-920a-c08cdffd67bf,6,208,True,5801,5801,139.05452956772115
209,769a2141-a3a1-4252-920a-c08cdffd67bf,6,209,True,5816,5816,170.12511355848437
210,769a2141-a3a1-4252-920a-c08cdffd67bf,6,210,True,5842,5842,114.12244858449412
211,769a2141-a3a1-4252-920a-c08cdffd67bf,6,211,True,5871,5871,146.31186606328356
212,769a2141-a3a1-4252-920a-c08cdffd67bf,6,212,True,5905,5905,155.871938024643
213,769a2141-a3a1-4252-920a-c08cdffd67bf,6,213,True,5931,5931,168.4600641933739
214,769a2141-a3a1-4252-920a-c08cdffd67bf,6,214,True,5965,5965,143.86293400393788
215,769a2141-a3a1-4252-920a-c08cdffd67bf,6,215,True,5992,5992,169.58234179476221
216,769a2141-a3a1-4252-920a-c08cdffd67bf,6,216,True,6032,6032,145.00003868652584
217,769a2141-a3a1-4252-920a-c08cdffd67bf,6,217,True,6055,6055,130.00845162054247
218,769a2141-a3a1-4252-920a-c08cdffd67bf,6,218,True,6085,6085,135.12129350111172
219,769a2141-a3a1-4252-920a-c08cdffd67bf,6,219,True,6105,6105,166.74158172802072
220,769a2141-a3a1-4252-920a-c08cdffd67bf,6,220,True,6133,6133,115.44045441159142
221,769a2141-a3a1-4252-920a-c08cdffd67bf,6,221,True,6161,6161,113.25892031988951
222,769a2141-a3a1-4252-920a-c08cdffd67bf,6,222,True,6190,6190,135.1185481165121
223,769a2141-a3a1-4252-920a-c08cdffd67bf,6,223,True,6225,6225,125.61014893599531
224,769a2141-a3a1-4252-920a-c08cdffd67bf,6,224,True,6246,6246,151.0638739678343
225,769a2141-a3a1-4252-920a-c08cdffd67bf,6,225,True,6278,6278,123.91914151391666
226,769a2141-a3a1-4252-920a-c08cdffd67bf,6,226,True,6309,6309,137.11967490298866
227,769a2141-a3a1-4252-920a-c08cdffd67bf,6,227,True,6330,6330,125.17667816697121
228,769a2141-a3a1-4252-920a-c08cdffd67bf,6,228,True,6355,6355,145.87370739645576
229,769a2141-a3a1-4252-920a-c08cdffd67bf,6,229,True,6381,6381,126.86471100654035
230,769a2141-a3a1-4252-920a-c08cdffd67bf,6,230,True,6417,6417,145.52717224677326
231,769a2141-a3a1-4252-920a-c08cdffd67bf,6,231,True,6445,6445,113.09295109260074
232,769a2141-a3a1-4252-920a-c08cdffd67bf,6,232,True,6471,6471,164.20159879024777
233,769a2141-a3a1-4252-920a-c08cdffd67bf,6,233,True,6499,6499,142.27376566011844
234,769a2141-a3a1-4252-920a-c08cdffd67bf,6,234,True,6527,6527,155.21030933865495
235,769a2141-a3a1-4252-920a-c08cdffd67bf,6,235,True,6557,6557,194.48851723563803
236,769a2141-a3a1-4252-920a-c08cdffd67bf,6,236,True,6575,6575,161.003164125078
237,769a2141-a3a1-4252-920a-c08cdffd67bf,6,237,True,6596,6596,137.2220871360987
238,769a2141-a3a1-4252-920a-c08cdffd67bf,6,238,True,6617,6617,160.09797883599003
239,769a2141-a3a1-4252-920a-c08cdffd67bf,6,239,True,6639,6639,173.52264436292444
240,769a2141-a3a1-4252-920a-c08cdffd67bf,6,240,True,6675,6675,151.70895211982315
241,769a2141-a3a1-4252-920a-c08cdffd67bf,6,241,True,6705,6705,134.89028108723232
242,769a2141-a3a1-4252-920a-c08cdffd67bf,6,242,True,6727,6727,146.72089520157897
243,769a2141-a3a1-4252-920a-c08cdffd67bf,6,243,True,6749,6749,186.1776207109815
244,769a2141-a3a1-4252-920a-c08cdffd67bf,6,244,True,6771,6771,161.4767216661894
245,769a2141-a3a1-4252-920a-c08cdffd67bf,6,245,True,6791,6791,146.64883150358855
246,769a2141-a3a1-4252-920a-c08cdffd67bf,6,246,True,6814,6814,225.4503897361801
247,769a2141-a3a1-4252-920a-c08cdffd67bf,6,247,True,6842,6842,254.02155261494318
248,769a2141-a3a1-4252-920a-c08cdffd67bf,6,248,True,6872,6872,220.75163397875622
249,769a2141-a3a1-4252-920a-c08cdffd67bf,6,249,True,6889,6889,207.02155261494318
250,769a2141-a3a1-4252-920a-c08cdffd67bf,6,250,True,6922,6922,170.75163397875622
251,769a2141-a3a1-4252-920a-c08cdffd67bf,6,251,True,6944,6944,199.52059832616578
252,769a2141-a3a1-4252-920a-c08cdffd67bf,6,252,True,6970,6970,146.98117308589462
253,769a2141-a3a1-4252-920a-c08cdffd67bf,6,253,True,7000,7000,196.09792855417163
254,769a2141-a3a1-4252-920a-c08cdffd67bf,6,254,True,7027,7027,190.41495088130705
255,769a2141-a3a1-4252-920a-c08cdffd67bf,6,255,True,7041,7041,227.73172797060124
256,769a2141-a3a1-4252-920a-c08cdffd67bf,6,256,True,7069,7069,170.08622139216914
257,769a2141-a3a1-4252-920a-c08cdffd67bf,6,257,True,7089,7089,203.36965569737004
258,769a2141-a3a1-4252-920a-c08cdffd67bf,6,258,True,7117,7117,182.5513499232693
259,769a2141-a3a1-4252-920a-c08cdffd67bf,6,259,True,7141,7141,177.49620662004963
260,769a2141-a3a1-4252-920a-c08cdffd67bf,6,260,True,7164,7164,208.78473205248793
261,769a2141-a3a1-4252-920a-c08cdffd67bf,6,261,True,7193,7193,184.52939685131514
262,769a2141-a3a1-4252-920a-c08cdffd67bf,6,262,True,7226,7226,149.04912733382116
263,769a2141-a3a1-4252-920a-c08cdffd67bf,6,263,True,7245,7245,177.81299327796296
264,769a2141-a3a1-4252-920a-c08cdffd67bf,6,264,True,7274,7274,179.62934478862735
265,769a2141-a3a1-4252-920a-c08cdffd67bf,6,265,True,7301,7301,174.17728610221093
266,769a2141-a3a1-4252-920a-c08cdffd67bf,6,266,True,7325,7325,155.56785906847472
267,769a2141-a3a1-4252-920a-c08cdffd67bf,6,267,True,7355,7355,122.92723646885224
268,769a2141-a3a1-4252-920a-c08cdffd67bf,6,268,True,7384,7384,148.6878688954539
269,769a2141-a3a1-4252-920a-c08cdffd67bf,6,269,True,7404,7404,131.45759876597913
270,769a2141-a3a1-4252-920a-c08cdffd67bf,6,270,True,7427,7427,186.77171076477134
271,769a2141-a3a1-4252-920a-c08cdffd67bf,6,271,True,7449,7449,175.32406729819013
272,769a2141-a3a1-4252-920a-c08cdffd67bf,6,272,True,7468,7468,119.92013606770888
273,769a2141-a3a1-4252-920a-c08cdffd67bf,6,273,True,7488,7488,227.48158534270078
274,769a2141-a3a1-4252-920a-c08cdffd67bf,6,274,True,7521,7521,171.13853507498698
275,769a2141-a3a1-4252-920a-c08cdffd67bf,6,275,True,7543,7543,174.59207893268558
276,769a2141-a3a1-4252-920a-c08cdffd67bf,6,276,True,7580,7580,187.43995779617399
277,769a2141-a3a1-4252-920a-c08cdffd67bf,6,277,True,7609,7609,152.81922306357956
278,769a2141-a3a1-4252-920a-c08cdffd67bf,6,278,True,7641,7641,175.1126879054591
279,769a2141-a3a1-4252-920a-c08cdffd67bf,6,279,True,7666,7666,147.96410485980778
280,769a2141-a3a1-4252-920a-c08cdffd67bf,6,280,True,7694,7694,170.40016221983842
281,769a2141-a3a1-4252-920a-c08cdffd67bf,6,281,True,7714,7714,133.86121238244596
282,769a2141-a3a1-4252-920a-c08cdffd67bf,6,282,True,7738,7738,138.55803873653895
283,769a2141-a3a1-4252-920a-c08cdffd67bf,6,283,True,7759,7759,160.68254731692105
284,769a2141-a3a1-4252-920a-c08cdffd67bf,6,284,True,7787,7787,167.14371034012856
285,769a2141-a3a1-4252-920a-c08cdffd67bf,6,285,True,7812,7812,159.35590384764146
286,769a2141-a3a1-4252-920a-c08cdffd67bf,6,286,True,7837,7837,172.35828309233602
287,769a2141-a3a1-4252-920a-c08cdffd67bf,6,287,True,7861,7861,160.29858794239863
288,769a2141-a3a1-4252-920a-c08cdffd67bf,6,288,True,7893,7893,131.94501944159947
289,769a2141-a3a1-4252-920a-c08cdffd67bf,6,289,True,7920,7920,155.1436603978127
290,769a2141-a3a1-4252-920a-c08cdffd67bf,6,290,True,7945,7945,132.68607242820326
291,769a2141-a3a1-4252-920a-c08cdffd67bf,6,291,True,7966,7966,135.24623257982603
292,769a2141-a3a1-4252-920a-c08cdffd67bf,6,292,True,8004,8004,159.3536345256798
293,769a2141-a3a1-4252-920a-c08cdffd67bf,6,293,True,8022,8022,143.88311306678224
294,769a2141-a3a1-4252-920a-c08cdffd67bf,6,294,True,8051,8051,216.63145826833534
295,769a2141-a3a1-4252-920a-c08cdffd67bf,6,295,True,8072,8072,165.45369785156072
296,769a2141-a3a1-4252-920a-c08cdffd67bf,6,296,True,8095,8095,167.87139763424238
297,769a2141-a3a1-4252-920a-c08cdffd67bf,6,297,True,8117,8117,221.1015577897033
298,769a2141-a3a1-4252-920a-c08cdffd67bf,6,298,True,8147,8147,165.75403538903447
299,769a2141-a3a1-4252-920a-c08cdffd67bf,6,299,True,8172,8172,166.1015577897033
300,769a2141-a3a1-4252-920a-c08cdffd67bf,6,300,True,8198,8198,164.7005849185698
301,769a2141-a3a1-4252-920a-c08cdffd67bf,6,301,True,8225,8225,163.86728286189646
302,769a2141-a3a1-4252-920a-c08cdffd67bf,6,302,True,8252,8252,163.2894942984476
303,769a2141-a3a1-4252-920a-c08cdffd67bf,6,303,True,8284,8284,137.69523870646663
304,769a2141-a3a1-4252-920a-c08cdffd67bf,6,304,True,8310,8310,184.9920724712665
305,769a2141-a3a1-4252-920a-c08cdffd67bf,6,305,True,8346,8346,184.11265456654655
306,769a2141-a3a1-4252-920a-c08cdffd67bf,6,306,True,8376,8376,139.28422977925038
307,769a2141-a3a1-4252-920a-c08cdffd67bf,6,307,True,8397,8397,159.85307736101458
308,769a2141-a3a1-4252-920a-c08cdffd67bf,6,308,True,8427,8427,136.02614770663786
309,769a2141-a3a1-4252-920a-c08cdffd67bf,6,309,True,8448,8448,131.75302768554684
310,769a2141-a3a1-4252-920a-c08cdffd67bf,6,310,True,8472,8472,178.68553294527737
311,769a2141-a3a1-4252-920a-c08cdffd67bf,6,311,True,8497,8497,157.48745778265038
312,769a2141-a3a1-4252-920a-c08cdffd67bf,6,312,True,8518,8518,130.24434411289258
313,769a2141-a3a1-4252-920a-c08cdffd67bf,6,313,True,8551,8551,162.57182571159865
314,769a2141-a3a1-4252-920a-c08cdffd67bf,6,314,True,8574,8574,153.5251377613895
315,769a2141-a3a1-4252-920a-c08cdffd67bf,6,315,True,8605,8605,158.80021152548215
316,769a2141-a3a1-4252-920a-c08cdffd67bf,6,316,True,8636,8636,138.9252356417146
317,769a2141-a3a1-4252-920a-c08cdffd67bf,6,317,True,8660,8660,200.4198151505134
318,769a2141-a3a1-4252-920a-c08cdffd67bf,6,318,True,8689,8689,179.49426543469053
319,769a2141-a3a1-4252-920a-c08cdffd67bf,6,319,True,8716,8716,196.53046789082873
320,769a2141-a3a1-4252-920a-c08cdffd67bf,6,320,True,8737,8737,193.82581059004042
321,769a2141-a3a1-4252-920a-c08cdffd67bf,6,321,True,8765,8765,221.6288630390627
322,769a2141-a3a1-4252-920a-c08cdffd67bf,6,322,True,8803,8803,183.6288630390627
323,769a2141-a3a1-4252-920a-c08cdffd67bf,6,323,True,8834,8834,206.28707498078802
324,769a2141-a3a1-4252-920a-c08cdffd67bf,6,324,True,8863,8863,164.7210335303971
325,769a2141-a3a1-4252-920a-c08cdffd67bf,6,325,True,8890,8890,187.1936060612461
326,769a2141-a3a1-4252-920a-c08cdffd67bf,6,326,True,8917,8917,160.1936060612461
327,769a2141-a3a1-4252-920a-c08cdffd67bf,6,327,True,8938,8938,208.3128153868147
328,769a2141-a3a1-4252-920a-c08cdffd67bf,6,328,True,8973,8973,150.00289507051275
329,769a2141-a3a1-4252-920a-c08cdffd67bf,6,329,True,9002,9002,172.32038805940465
330,769a2141-a3a1-4252-920a-c08cdffd67bf,6,330,True,9019,9019,182.24619011126742
331,769a2141-a3a1-4252-920a-c08cdffd67bf,6,331,True,9052,9052,174.37470320587636
332,769a2141-a3a1-4252-920a-c08cdffd67bf,6,332,True,9077,9077,154.80225124526805
333,769a2141-a3a1-4252-920a-c08cdffd67bf,6,333,True,9105,9105,153.95285177805818
334,769a2141-a3a1-4252-920a-c08cdffd67bf,6,334,True,9130,9130,131.24015961354417
335,769a2141-a3a1-4252-920a-c08cdffd67bf,6,335,True,9162,9162,155.9451173514026
336,769a2141-a3a1-4252-920a-c08cdffd67bf,6,336,True,9185,9185,157.79490713281848
337,769a2141-a3a1-4252-920a-c08cdffd67bf,6,337,True,9206,9206,161.86614874325642
338,769a2141-a3a1-4252-920a-c08cdffd67bf,6,338,True,9234,9234,239.34276657536066
339,769a2141-a3a1-4252-920a-c08cdffd67bf,6,339,True,9271,9271,124.710369711569
340,769a2141-a3a1-4252-920a-c08cdffd67bf,6,340,True,9300,9300,120.18985448212334
341,769a2141-a3a1-4252-920a-c08cdffd67bf,6,341,True,9321,9321,190.74053930706577
342,769a2141-a3a1-4252-920a-c08cdffd67bf,6,342,True,9349,9349,174.42261074014823
343,769a2141-a3a1-4252-920a-c08cdffd67bf,6,343,True,9367,9367,132.24656424237583
344,769a2141-a3a1-4252-920a-c08cdffd67bf,6,344,True,9390,9390,106.59672446662807
345,769a2141-a3a1-4252-920a-c08cdffd67bf,6,345,True,9413,9413,134.00142866173337
346,769a2141-a3a1-4252-920a-c08cdffd67bf,6,346,True,9442,9442,122.23912162867055
347,769a2141-a3a1-4252-920a-c08cdffd67bf,6,347,True,9474,9474,167.67268845606122
348,769a2141-a3a1-4252-920a-c08cdffd67bf,6,348,True,9502,9502,110.56406417776998
349,769a2141-a3a1-4252-920a-c08cdffd67bf,6,349,True,9528,9528,176.64328555585053
350,769a2141-a3a1-4252-920a-c08cdffd67bf,6,350,True,9549,9549,133.419973436492
351,769a2141-a3a1-4252-920a-c08cdffd67bf,6,351,True,9575,9575,159.18405232820078
352,769a2141-a3a1-4252-920a-c08cdffd67bf,6,352,True,9605,9605,127.0830368234474
353,769a2141-a3a1-4252-920a-c08cdffd67bf,6,353,True,9636,9636,131.52966899375315
354,769a2141-a3a1-4252-920a-c08cdffd67bf,6,354,True,9659,9659,161.6955229172072
355,769a2141-a3a1-4252-920a-c08cdffd67bf,6,355,True,9692,9692,210.96887562937627
356,769a2141-a3a1-4252-920a-c08cdffd67bf,6,356,True,9722,9722,155.7813229097792
357,769a2141-a3a1-4252-920a-c08cdffd67bf,6,357,True,9742,9742,182.143335093142
358,769a2141-a3a1-4252-920a-c08cdffd67bf,6,358,True,9773,9773,132.55127944280684
359,769a2141-a3a1-4252-920a-c08cdffd67bf,6,359,True,9807,9807,148.50316149654464
360,769a2141-a3a1-4252-920a-c08cdffd67bf,6,360,True,9837,9837,143.95468080371575
361,769a2141-a3a1-4252-920a-c08cdffd67bf,6,361,True,9860,9860,173.75400226761303
362,769a2141-a3a1-4252-920a-c08cdffd67bf,6,362,True,9882,9882,148.83039219976854
363,769a2141-a3a1-4252-920a-c08cdffd67bf,6,363,True,9908,9908,166.83280284371722
364,769a2141-a3a1-4252-920a-c08cdffd67bf,6,364,True,9941,9941,137.5858109080873
365,769a2141-a3a1-4252-920a-c08cdffd67bf,6,365,True,9965,9965,137.00715427977957
366,769a2141-a3a1-4252-920a-c08cdffd67bf,6,366,True,9994,9994,110.53025203638208
367,769a2141-a3a1-4252-920a-c08cdffd67bf,6,367,True,10024,10024,128.25067772048533
368,769a2141-a3a1-4252-920a-c08cdffd67bf,6,368,True,10053,10053,105.87935816498793
369,769a2141-a3a1-4252-920a-c08cdffd67bf,6,369,True,10085,10085,146.43693133218403
370,769a2141-a3a1-4252-920a-c08cdffd67bf,6,370,True,10120,10120,114.03090242100188
371,769a2141-a3a1-4252-920a-c08cdffd67bf,6,371,True,10147,10147,138.32095062302506
372,769a2141-a3a1-4252-920a-c08cdffd67bf,6,372,True,10171,10171,104.11029222786601
373,769a2141-a3a1-4252-920a-c08cdffd67bf,6,373,True,10201,10201,162.03611344043202
374,769a2141-a3a1-4252-920a-c08cdffd67bf,6,374,True,10222,10222,135.58664998896893
375,769a2141-a3a1-4252-920a-c08cdffd67bf,6,375,True,10244,10244,119.03611344043202
376,769a2141-a3a1-4252-920a-c08cdffd67bf,6,376,True,10264,10264,130.2580067718427
377,769a2141-a3a1-4252-920a-c08cdffd67bf,6,377,True,10288,10288,150.9909488744961
378,769a2141-a3a1-4252-920a-c08cdffd67bf,6,378,True,10318,10318,125.5942423128763
379,769a2141-a3a1-4252-920a-c08cdffd67bf,6,379,True,10341,10341,125.83728349725425
380,769a2141-a3a1-4252-920a-c08cdffd67bf,6,380,True,10376,10376,182.50788278012988
381,769a2141-a3a1-4252-920a-c08cdffd67bf,6,381,True,10405,10405,141.08313709754475
382,769a2141-a3a1-4252-920a-c08cdffd67bf,6,382,True,10431,10431,127.50788278012988
383,769a2141-a3a1-4252-920a-c08cdffd67bf,6,383,True,10459,10459,139.23665234060354
384,769a2141-a3a1-4252-920a-c08cdffd67bf,6,384,True,10481,10481,162.81898160877427
385,769a2141-a3a1-4252-920a-c08cdffd67bf,6,385,True,10500,10500,152.7054442574008
386,769a2141-a3a1-4252-920a-c08cdffd67bf,6,386,True,10523,10523,173.33628920591582
387,769a2141-a3a1-4252-920a-c08cdffd67bf,6,387,True,10547,10547,161.88193024780958
388,769a2141-a3a1-4252-920a-c08cdffd67bf,6,388,True,10578,10578,143.88505639178766
389,769a2141-a3a1-4252-920a-c08cdffd67bf,6,389,True,10607,10607,139.9651024351133
390,769a2141-a3a1-4252-920a-c08cdffd67bf,6,390,True,10639,10639,160.45535780527462
391,769a2141-a3a1-4252-920a-c08cdffd67bf,6,391,True,10668,10668,133.4762004606
392,769a2141-a3a1-4252-920a-c08cdffd67bf,6,392,True,10696,10696,127.59555678234028
393,769a2141-a3a1-4252-920a-c08cdffd67bf,6,393,True,10721,10721,111.35989133206385
394,769a2141-a3a1-4252-920a-c08cdffd67bf,6,394,True,10741,10741,236.5055119106728
395,769a2141-a3a1-4252-920a-c08cdffd67bf,6,395,True,10772,10772,121.92205857471708
396,769a2141-a3a1-4252-920a-c08cdffd67bf,6,396,True,10803,10803,249.34218070803763
397,769a2141-a3a1-4252-920a-c08cdffd67bf,6,397,True,10826,10826,186.6482762392152
398,769a2141-a3a1-4252-920a-c08cdffd67bf,6,398,True,10859,10859,202.16442672247467
399,769a2141-a3a1-4252-920a-c08cdffd67bf,6,399,True,10883,10883,178.16442672247467
400,769a2141-a3a1-4252-920a-c08cdffd67bf,6,400,True,10908,10908,215.7659218842091
401,769a2141-a3a1-4252-920a-c08cdffd67bf,6,401,True,10945,10945,164.24699009625874
402,769a2141-a3a1-4252-920a-c08cdffd67bf,6,402,True,10984,10984,142.1114956055044
403,769a2141-a3a1-4252-920a-c08cdffd67bf,6,403,True,11006,11006,152.35054559825403
404,769a2141-a3a1-4252-920a-c08cdffd67bf,6,404,True,11041,11041,122.23051805516297
405,769a2141-a3a1-4252-920a-c08cdffd67bf,6,405,True,11074,11074,123.89513836133665
406,769a2141-a3a1-4252-920a-c08cdffd67bf,6,406,True,11098,11098,130.77117759318935
407,769a2141-a3a1-4252-920a-c08cdffd67bf,6,407,True,11137,11137,115.91780517510051
408,769a2141-a3a1-4252-920a-c08cdffd67bf,6,408,True,11159,11159,136.8452593491511
409,769a2141-a3a1-4252-920a-c08cdffd67bf,6,409,True,11196,11196,126.46815864644122
410,769a2141-a3a1-4252-920a-c08cdffd67bf,6,410,True,11227,11227,120.16343736290946
411,769a2141-a3a1-4252-920a-c08cdffd67bf,6,411,True,11266,11266,103.55678277012703
412,769a2141-a3a1-4252-920a-c08cdffd67bf,6,412,True,11300,11300,153.22638916211326
413,769a2141-a3a1-4252-920a-c08cdffd67bf,6,413,True,11325,11325,133.8516716145259
414,769a2141-a3a1-4252-920a-c08cdffd67bf,6,414,True,11348,11348,152.8207101000662
415,769a2141-a3a1-4252-920a-c08cdffd67bf,6,415,True,11373,11373,153.03736169705735
416,769a2141-a3a1-4252-920a-c08cdffd67bf,6,416,True,11391,11391,137.65633685692592
417,769a2141-a3a1-4252-920a-c08cdffd67bf,6,417,True,11419,11419,133.68448053637258
418,769a2141-a3a1-4252-920a-c08cdffd67bf,6,418,True,11444,11444,134.19456186879324
419,769a2141-a3a1-4252-920a-c08cdffd67bf,6,419,True,11479,11479,127.01625954116935
420,769a2141-a3a1-4252-920a-c08cdffd67bf,6,420,True,11502,11502,149.39550614338987
421,769a2141-a3a1-4252-920a-c08cdffd67bf,6,421,True,11537,11537,126.1204040518387
422,769a2141-a3a1-4252-920a-c08cdffd67bf,6,422,True,11572,11572,129.964165334246
423,769a2141-a3a1-4252-920a-c08cdffd67bf,6,423,True,11610,11610,117.67920650771703
424,769a2141-a3a1-4252-920a-c08cdffd67bf,6,424,True,11642,11642,139.23129705649808
425,769a2141-a3a1-4252-920a-c08cdffd67bf,6,425,True,11669,11669,109.68895378410161
426,769a2141-a3a1-4252-920a-c08cdffd67bf,6,426,True,11701,11701,154.036834813498
427,769a2141-a3a1-4252-920a-c08cdffd67bf,6,427,True,11727,11727,130.68423625545074
428,769a2141-a3a1-4252-920a-c08cdffd67bf,6,428,True,11750,11750,113.019526047623
429,769a2141-a3a1-4252-920a-c08cdffd67bf,6,429,True,11775,11775,129.52327760896878
430,769a2141-a3a1-4252-920a-c08cdffd67bf,6,430,True,11799,11799,140.63497863595512
431,769a2141-a3a1-4252-920a-c08cdffd67bf,6,431,True,11814,11814,93.4681558481825
432,769a2141-a3a1-4252-920a-c08cdffd67bf,6,432,True,11840,11840,125.99734166552116
433,769a2141-a3a1-4252-920a-c08cdffd67bf,6,433,True,11873,11873,115.93272664565848
434,769a2141-a3a1-4252-920a-c08cdffd67bf,6,434,True,11899,11899,134.96208176445361
435,769a2141-a3a1-4252-920a-c08cdffd67bf,6,435,True,11938,11938,130.77084224709506
436,769a2141-a3a1-4252-920a-c08cdffd67bf,6,436,True,11967,11967,144.06592690827893
437,769a2141-a3a1-4252-920a-c08cdffd67bf,6,437,True,12006,12006,158.5382004621515
438,769a2141-a3a1-4252-920a-c08cdffd67bf,6,438,True,12035,12035,127.29638127694852
439,769a2141-a3a1-4252-920a-c08cdffd67bf,6,439,True,12058,12058,156.501049979066
440,769a2141-a3a1-4252-920a-c08cdffd67bf,6,440,True,12081,12081,130.76136275957833
441,769a2141-a3a1-4252-920a-c08cdffd67bf,6,441,True,12113,12113,149.64997508803754
442,769a2141-a3a1-4252-920a-c08cdffd67bf,6,442,True,12139,12139,152.21187397179347
443,769a2141-a3a1-4252-920a-c08cdffd67bf,6,443,True,12170,12170,141.50403028172695
444,769a2141-a3a1-4252-920a-c08cdffd67bf,6,444,True,12203,12203,138.33936702778374
445,769a2141-a3a1-4252-920a-c08cdffd67bf,6,445,True,12226,12226,214.07093655120116
446,769a2141-a3a1-4252-920a-c08cdffd67bf,6,446,True,12255,12255,188.1439314087329
447,769a2141-a3a1-4252-920a-c08cdffd67bf,6,447,True,12279,12279,164.1439314087329
448,769a2141-a3a1-4252-920a-c08cdffd67bf,6,448,True,12313,12313,308.82784526173236
449,769a2141-a3a1-4252-920a-c08cdffd67bf,6,449,True,12343,12343,249.1176278497387
450,769a2141-a3a1-4252-920a-c08cdffd67bf,6,450,True,12362,12362,259.82784526173236
451,769a2141-a3a1-4252-920a-c08cdffd67bf,6,451,True,12388,12388,230.99370591037768
452,769a2141-a3a1-4252-920a-c08cdffd67bf,6,452,True,12419,12419,251.87827095926696
453,769a2141-a3a1-4252-920a-c08cdffd67bf,6,453,True,12438,12438,257.34814700890274
454,769a2141-a3a1-4252-920a-c08cdffd67bf,6,454,True,12469,12469,291.4920064611597
455,769a2141-a3a1-4252-920a-c08cdffd67bf,6,455,True,12503,12503,237.48210514430684
456,769a2141-a3a1-4252-920a-c08cdffd67bf,6,456,True,12530,12530,230.4920064611597
457,769a2141-a3a1-4252-920a-c08cdffd67bf,6,457,True,12563,12563,233.36836411954027
458,769a2141-a3a1-4252-920a-c08cdffd67bf,6,458,True,12594,12594,248.81070255120176
459,769a2141-a3a1-4252-920a-c08cdffd67bf,6,459,True,12618,12618,166.502059937573
460,769a2141-a3a1-4252-920a-c08cdffd67bf,6,460,True,12651,12651,205.3046096158996
461,769a2141-a3a1-4252-920a-c08cdffd67bf,6,461,True,12682,12682,231.1901842058396
462,769a2141-a3a1-4252-920a-c08cdffd67bf,6,462,True,12713,12713,218.9824693048231
463,769a2141-a3a1-4252-920a-c08cdffd67bf,6,463,True,12743,12743,240.59350267873015
464,769a2141-a3a1-4252-920a-c08cdffd67bf,6,464,True,12765,12765,201.83050559150252
465,769a2141-a3a1-4252-920a-c08cdffd67bf,6,465,True,12800,12800,248.46508004133648
466,769a2141-a3a1-4252-920a-c08cdffd67bf,6,466,True,12833,12833,186.74081138768815
467,769a2141-a3a1-4252-920a-c08cdffd67bf,6,467,True,12858,12858,171.17979663306687
468,769a2141-a3a1-4252-920a-c08cdffd67bf,6,468,True,12880,12880,191.42606456843168
469,769a2141-a3a1-4252-920a-c08cdffd67bf,6,469,True,12914,12914,186.25500170251144
470,769a2141-a3a1-4252-920a-c08cdffd67bf,6,470,True,12944,12944,192.60100036154836
471,769a2141-a3a1-4252-920a-c08cdffd67bf,6,471,True,12974,12974,174.4665252440118
472,769a2141-a3a1-4252-920a-c08cdffd67bf,6,472,True,13006,13006,177.7667266714252
473,769a2141-a3a1-4252-920a-c08cdffd67bf,6,473,True,13038,13038,145.7667266714252
474,769a2141-a3a1-4252-920a-c08cdffd67bf,6,474,True,13080,13080,153.366529601406
475,769a2141-a3a1-4252-920a-c08cdffd67bf,6,475,True,13111,13111,150.0288503643278
476,769a2141-a3a1-4252-920a-c08cdffd67bf,6,476,True,13135,13135,144.88292428886962
477,769a2141-a3a1-4252-920a-c08cdffd67bf,6,477,True,13153,13153,177.2179371437196
478,769a2141-a3a1-4252-920a-c08cdffd67bf,6,478,True,13178,13178,124.90105603191296
479,769a2141-a3a1-4252-920a-c08cdffd67bf,6,479,True,13210,13210,143.0296998793583
480,769a2141-a3a1-4252-920a-c08cdffd67bf,6,480,True,13242,13242,113.65641500156744
481,769a2141-a3a1-4252-920a-c08cdffd67bf,6,481,True,13270,13270,116.70165358647318
482,769a2141-a3a1-4252-920a-c08cdffd67bf,6,482,True,13301,13301,147.19356844551476
483,769a2141-a3a1-4252-920a-c08cdffd67bf,6,483,True,13328,13328,117.67964676858537
484,769a2141-a3a1-4252-920a-c08cdffd67bf,6,484,True,13350,13350,147.9415570351939
485,769a2141-a3a1-4252-920a-c08cdffd67bf,6,485,True,13381,13381,114.40068495456035
486,769a2141-a3a1-4252-920a-c08cdffd67bf,6,486,True,13400,13400,147.55231824536713
487,769a2141-a3a1-4252-920a-c08cdffd67bf,6,487,True,13430,13430,121.89818851017299
488,769a2141-a3a1-4252-920a-c08cdffd67bf,6,488,True,13470,13470,129.20736228551323
489,769a2141-a3a1-4252-920a-c08cdffd67bf,6,489,True,13497,13497,130.4518397204174
490,769a2141-a3a1-4252-920a-c08cdffd67bf,6,490,True,13523,13523,115.04066397353017
491,769a2141-a3a1-4252-920a-c08cdffd67bf,6,491,True,13549,13549,131.2364596057596
492,769a2141-a3a1-4252-920a-c08cdffd67bf,6,492,True,13585,13585,115.12340201538973
493,769a2141-a3a1-4252-920a-c08cdffd67bf,6,493,True,13608,13608,146.60997147437047
494,769a2141-a3a1-4252-920a-c08cdffd67bf,6,494,True,13638,13638,121.46288743862169
495,769a2141-a3a1-4252-920a-c08cdffd67bf,6,495,True,13672,13672,134.6296871800132
496,769a2141-a3a1-4252-920a-c08cdffd67bf,6,496,True,13715,13715,122.02161419372896
497,769a2141-a3a1-4252-920a-c08cdffd67bf,6,497,True,13747,13747,159.85758777887168
498,769a2141-a3a1-4252-920a-c08cdffd67bf,6,498,True,13768,13768,180.80279783325386
499,769a2141-a3a1-4252-920a-c08cdffd67bf,6,499,True,13805,13805,177.36572300437365
500,769a2141-a3a1-4252-920a-c08cdffd67bf,6,500,True,13838,13838,161.6211150267045
501,769a2141-a3a1-4252-920a-c08cdffd67bf,6,501,True,13858,13858,200.4407632891216
502,769a2141-a3a1-4252-920a-c08cdffd67bf,6,502,True,13889,13889,220.3810012984377
503,769a2141-a3a1-4252-920a-c08cdffd67bf,6,503,True,13912,13912,200.13942653057893
504,769a2141-a3a1-4252-920a-c08cdffd67bf,6,504,True,13929,13929,186.72951402954823
505,769a2141-a3a1-4252-920a-c08cdffd67bf,6,505,True,13953,13953,211.95085640993057
506,769a2141-a3a1-4252-920a-c08cdffd67bf,6,506,True,13978,13978,204.91125692466812
507,769a2141-a3a1-4252-920a-c08cdffd67bf,6,507,True,14004,14004,222.24880000297344
508,769a2141-a3a1-4252-920a-c08cdffd67bf,6,508,True,14033,14033,174.45099159537858
509,769a2141-a3a1-4252-920a-c08cdffd67bf,6,509,True,14065,14065,185.19338944334777
510,769a2141-a3a1-4252-920a-c08cdffd67bf,6,510,True,14092,14092,217.96100722808478
511,769a2141-a3a1-4252-920a-c08cdffd67bf,6,511,True,14113,14113,196.96100722808478
512,769a2141-a3a1-4252-920a-c08cdffd67bf,6,512,True,14143,14143,163.42372649679237
513,769a2141-a3a1-4252-920a-c08cdffd67bf,6,513,True,14172,14172,192.14497953514183
514,769a2141-a3a1-4252-920a-c08cdffd67bf,6,514,True,14197,14197,164.75481686146668
515,769a2141-a3a1-4252-920a-c08cdffd67bf,6,515,True,14216,14216,198.6208533640547
516,769a2141-a3a1-4252-920a-c08cdffd67bf,6,516,True,14229,14229,158.38851722876643
517,769a2141-a3a1-4252-920a-c08cdffd67bf,6,517,True,14255,14255,156.92993085053968
518,769a2141-a3a1-4252-920a-c08cdffd67bf,6,518,True,14284,14284,170.25436691002506
519,769a2141-a3a1-4252-920a-c08cdffd67bf,6,519,True,14317,14317,147.89680035818856
520,769a2141-a3a1-4252-920a-c08cdffd67bf,6,520,True,14339,14339,192.1392996470131
521,769a2141-a3a1-4252-920a-c08cdffd67bf,6,521,True,14369,14369,134.26284178633614
522,769a2141-a3a1-4252-920a-c08cdffd67bf,6,522,True,14400,14400,182.6954779883199
523,769a2141-a3a1-4252-920a-c08cdffd67bf,6,523,True,14425,14425,140.91547599106525
524,769a2141-a3a1-4252-920a-c08cdffd67bf,6,524,True,14444,14444,138.6954779883199
525,769a2141-a3a1-4252-920a-c08cdffd67bf,6,525,True,14472,14472,161.39793874479437
526,769a2141-a3a1-4252-920a-c08cdffd67bf,6,526,True,14499,14499,224.14772074284156
527,769a2141-a3a1-4252-920a-c08cdffd67bf,6,527,True,14527,14527,167.1652455473013
528,769a2141-a3a1-4252-920a-c08cdffd67bf,6,528,True,14546,14546,173.2235209005321
529,769a2141-a3a1-4252-920a-c08cdffd67bf,6,529,True,14569,14569,156.9232406858937
530,769a2141-a3a1-4252-920a-c08cdffd67bf,6,530,True,14604,14604,193.70894686809515
531,769a2141-a3a1-4252-920a-c08cdffd67bf,6,531,True,14626,14626,225.63498796032218
532,769a2141-a3a1-4252-920a-c08cdffd67bf,6,532,True,14656,14656,195.63498796032218
533,769a2141-a3a1-4252-920a-c08cdffd67bf,6,533,True,14685,14685,201.37314929923923
534,769a2141-a3a1-4252-920a-c08cdffd67bf,6,534,True,14708,14708,199.49133748494387
535,769a2141-a3a1-4252-920a-c08cdffd67bf,6,535,True,14726,14726,209.1121484617579
536,769a2141-a3a1-4252-920a-c08cdffd67bf,6,536,True,14750,14750,201.32214343629676
537,769a2141-a3a1-4252-920a-c08cdffd67bf,6,537,True,14782,14782,199.3292305811501
538,769a2141-a3a1-4252-920a-c08cdffd67bf,6,538,True,14807,14807,170.18222100195635
539,769a2141-a3a1-4252-920a-c08cdffd67bf,6,539,True,14842,14842,183.8103959566688
540,769a2141-a3a1-4252-920a-c08cdffd67bf,6,540,True,14869,14869,210.1824002060439
541,769a2141-a3a1-4252-920a-c08cdffd67bf,6,541,True,14897,14897,184.60471804612462
542,769a2141-a3a1-4252-920a-c08cdffd67bf,6,542,True,14933,14933,201.68344360078845
543,769a2141-a3a1-4252-920a-c08cdffd67bf,6,543,True,14957,14957,148.51720610115808
544,769a2141-a3a1-4252-920a-c08cdffd67bf,6,544,True,14993,14993,165.8222457768734
545,769a2141-a3a1-4252-920a-c08cdffd67bf,6,545,True,15023,15023,138.2207550630319
546,769a2141-a3a1-4252-920a-c08cdffd67bf,6,546,True,15055,15055,149.38849594149178
547,769a2141-a3a1-4252-920a-c08cdffd67bf,6,547,True,15077,15077,134.25433875664203
548,769a2141-a3a1-4252-920a-c08cdffd67bf,6,548,True,15121,15121,141.93842429073993
549,769a2141-a3a1-4252-920a-c08cdffd67bf,6,549,True,15155,15155,141.0565557959053
550,769a2141-a3a1-4252-920a-c08cdffd67bf,6,550,True,15182,15182,138.4213842734971
551,769a2141-a3a1-4252-920a-c08cdffd67bf,6,551,True,15207,15207,125.42425655706211
552,769a2141-a3a1-4252-920a-c08cdffd67bf,6,552,True,15229,15229,134.82538137929987
553,769a2141-a3a1-4252-920a-c08cdffd67bf,6,553,True,15272,15272,134.6781996132613
554,769a2141-a3a1-4252-920a-c08cdffd67bf,6,554,True,15302,15302,143.64296820570416
555,769a2141-a3a1-4252-920a-c08cdffd67bf,6,555,True,15334,15334,119.982940402253
556,769a2141-a3a1-4252-920a-c08cdffd67bf,6,556,True,15357,15357,136.96824505177392
557,769a2141-a3a1-4252-920a-c08cdffd67bf,6,557,True,15379,15379,112.31763247235358
558,769a2141-a3a1-4252-920a-c08cdffd67bf,6,558,True,15404,15404,127.86714277556348
559,769a2141-a3a1-4252-920a-c08cdffd67bf,6,559,True,15431,15431,98.29948804746346
560,769a2141-a3a1-4252-920a-c08cdffd67bf,6,560,True,15461,15461,127.02666786480404
561,769a2141-a3a1-4252-920a-c08cdffd67bf,6,561,True,15483,15483,96.74810677490677
562,769a2141-a3a1-4252-920a-c08cdffd67bf,6,562,True,15513,15513,119.44842781608713
563,769a2141-a3a1-4252-920a-c08cdffd67bf,6,563,True,15542,15542,120.06001405922689
564,769a2141-a3a1-4252-920a-c08cdffd67bf,6,564,True,15565,15565,108.40393258194672
565,769a2141-a3a1-4252-920a-c08cdffd67bf,6,565,True,15589,15589,101.29072228635778
566,769a2141-a3a1-4252-920a-c08cdffd67bf,6,566,True,15617,15617,112.1929901995245
567,769a2141-a3a1-4252-920a-c08cdffd67bf,6,567,True,15631,15631,127.18743512011679
568,769a2141-a3a1-4252-920a-c08cdffd67bf,6,568,True,15658,15658,97.23514011793122
569,769a2141-a3a1-4252-920a-c08cdffd67bf,6,569,True,15683,15683,132.74395970081605
570,769a2141-a3a1-4252-920a-c08cdffd67bf,6,570,True,15698,15698,160.30295867773384
571,769a2141-a3a1-4252-920a-c08cdffd67bf,6,571,True,15728,15728,145.6589147457671
572,769a2141-a3a1-4252-920a-c08cdffd67bf,6,572,True,15755,15755,153.79730127160292
573,769a2141-a3a1-4252-920a-c08cdffd67bf,6,573,True,15783,15783,149.3732879404124
574,769a2141-a3a1-4252-920a-c08cdffd67bf,6,574,True,15804,15804,167.8588519295772
575,769a2141-a3a1-4252-920a-c08cdffd67bf,6,575,True,15829,15829,162.22685694311986
576,769a2141-a3a1-4252-920a-c08cdffd67bf,6,576,True,15852,15852,190.0906553871937
577,769a2141-a3a1-4252-920a-c08cdffd67bf,6,577,True,15896,15896,146.0906553871937
578,769a2141-a3a1-4252-920a-c08cdffd67bf,6,578,True,15926,15926,131.46959691062693
579,769a2141-a3a1-4252-920a-c08cdffd67bf,6,579,True,15961,15961,131.63078504183613
580,769a2141-a3a1-4252-920a-c08cdffd67bf,6,580,True,15992,15992,113.49508252236046
581,769a2141-a3a1-4252-920a-c08cdffd67bf,6,581,True,16031,16031,153.65972611415418
582,769a2141-a3a1-4252-920a-c08cdffd67bf,6,582,True,16059,16059,161.4663150413453
583,769a2141-a3a1-4252-920a-c08cdffd67bf,6,583,True,16094,16094,124.12149947609396
584,769a2141-a3a1-4252-920a-c08cdffd67bf,6,584,True,16125,16125,172.4466097252698
585,769a2141-a3a1-4252-920a-c08cdffd67bf,6,585,True,16148,16148,152.18581267572154
586,769a2141-a3a1-4252-920a-c08cdffd67bf,6,586,True,16174,16174,118.07711182115418
587,769a2141-a3a1-4252-920a-c08cdffd67bf,6,587,True,16194,16194,175.32273632315628
588,769a2141-a3a1-4252-920a-c08cdffd67bf,6,588,True,16223,16223,130.31650000954687
589,769a2141-a3a1-4252-920a-c08cdffd67bf,6,589,True,16258,16258,117.72041447865922
590,769a2141-a3a1-4252-920a-c08cdffd67bf,6,590,True,16283,16283,126.75237750763335
591,769a2141-a3a1-4252-920a-c08cdffd67bf,6,591,True,16316,16316,115.07221342849516
592,769a2141-a3a1-4252-920a-c08cdffd67bf,6,592,True,16349,16349,173.56753811979797
593,769a2141-a3a1-4252-920a-c08cdffd67bf,6,593,True,16382,16382,142.76800407957126
594,769a2141-a3a1-4252-920a-c08cdffd67bf,6,594,True,16410,16410,164.62330375572492
595,769a2141-a3a1-4252-920a-c08cdffd67bf,6,595,True,16435,16435,139.62330375572492
596,769a2141-a3a1-4252-920a-c08cdffd67bf,6,596,True,16461,16461,131.7295133720254
597,769a2141-a3a1-4252-920a-c08cdffd67bf,6,597,True,16487,16487,136.49567735359233
598,769a2141-a3a1-4252-920a-c08cdffd67bf,6,598,True,16510,16510,162.51841775647335
599,769a2141-a3a1-4252-920a-c08cdffd67bf,6,599,True,16533,16533,164.8915616393715
600,769a2141-a3a1-4252-920a-c08cdffd67bf,6,600,True,16562,16562,158.86718564495823
601,769a2141-a3a1-4252-920a-c08cdffd67bf,6,601,True,16592,16592,133.7061508625702
602,769a2141-a3a1-4252-920a-c08cdffd67bf,6,602,True,16618,16618,182.26300347103097
603,769a2141-a3a1-4252-920a-c08cdffd67bf,6,603,True,16646,16646,171.93202910676337
604,769a2141-a3a1-4252-920a-c08cdffd67bf,6,604,True,16672,16672,152.04510443107938
605,769a2141-a3a1-4252-920a-c08cdffd67bf,6,605,True,16701,16701,154.5065946666473
606,769a2141-a3a1-4252-920a-c08cdffd67bf,6,606,True,16730,16730,125.50659466664729
607,769a2141-a3a1-4252-920a-c08cdffd67bf,6,607,True,16763,16763,117.69108678168777
608,769a2141-a3a1-4252-920a-c08cdffd67bf,6,608,True,16803,16803,115.1304890202955
609,769a2141-a3a1-4252-920a-c08cdffd67bf,6,609,True,16825,16825,108.79952819647224
610,769a2141-a3a1-4252-920a-c08cdffd67bf,6,610,True,16855,16855,131.4435201087872
611,769a2141-a3a1-4252-920a-c08cdffd67bf,6,611,True,16880,16880,134.80115432937964
612,769a2141-a3a1-4252-920a-c08cdffd67bf,6,612,True,16907,16907,120.37033724304638
613,769a2141-a3a1-4252-920a-c08cdffd67bf,6,613,True,16931,16931,111.00491399351813
614,769a2141-a3a1-4252-920a-c08cdffd67bf,6,614,True,16964,16964,124.00596705545468
615,769a2141-a3a1-4252-920a-c08cdffd67bf,6,615,True,16989,16989,145.89290047785107
616,769a2141-a3a1-4252-920a-c08cdffd67bf,6,616,True,17020,17020,129.4901830664421
617,769a2141-a3a1-4252-920a-c08cdffd67bf,6,617,True,17046,17046,133.8165671272618
618,769a2141-a3a1-4252-920a-c08cdffd67bf,6,618,True,17068,17068,136.7055595650454
619,769a2141-a3a1-4252-920a-c08cdffd67bf,6,619,True,17090,17090,122.46040411551803
620,769a2141-a3a1-4252-920a-c08cdffd67bf,6,620,True,17121,17121,124.72077893646201
621,769a2141-a3a1-4252-920a-c08cdffd67bf,6,621,True,17150,17150,122.93782934297997
622,769a2141-a3a1-4252-920a-c08cdffd67bf,6,622,True,17192,17192,166.4527219391166
623,769a2141-a3a1-4252-920a-c08cdffd67bf,6,623,True,17225,17225,130.77464299806525
624,769a2141-a3a1-4252-920a-c08cdffd67bf,6,624,True,17265,17265,167.51487816620283
625,769a2141-a3a1-4252-920a-c08cdffd67bf,6,625,True,17288,17288,196.98315299653405
626,769a2141-a3a1-4252-920a-c08cdffd67bf,6,626,True,17317,17317,167.98315299653405
627,769a2141-a3a1-4252-920a-c08cdffd67bf,6,627,True,17342,17342,197.56832655661856
628,769a2141-a3a1-4252-920a-c08cdffd67bf,6,628,True,17374,17374,168.42599779509328
629,769a2141-a3a1-4252-920a-c08cdffd67bf,6,629,True,17407,17407,126.66509629083885
630,769a2141-a3a1-4252-920a-c08cdffd67bf,6,630,True,17437,17437,146.00220842463023
631,769a2141-a3a1-4252-920a-c08cdffd67bf,6,631,True,17467,17467,124.0014786090178
632,769a2141-a3a1-4252-920a-c08cdffd67bf,6,632,True,17496,17496,112.35322393463503
633,769a2141-a3a1-4252-920a-c08cdffd67bf,6,633,True,17519,17519,141.0305043375738
634,769a2141-a3a1-4252-920a-c08cdffd67bf,6,634,True,17548,17548,114.65432281825633
635,769a2141-a3a1-4252-920a-c08cdffd67bf,6,635,True,17571,17571,114.80513787104792
636,769a2141-a3a1-4252-920a-c08cdffd67bf,6,636,True,17600,17600,103.67218912943281
637,769a2141-a3a1-4252-920a-c08cdffd67bf,6,637,True,17631,17631,148.19543108886865
638,769a2141-a3a1-4252-920a-c08cdffd67bf,6,638,True,17658,17658,112.09564280749328
639,769a2141-a3a1-4252-920a-c08cdffd67bf,6,639,True,17679,17679,157.69665871189136
640,769a2141-a3a1-4252-920a-c08cdffd67bf,6,640,True,17710,17710,133.3598548909431
641,769a2141-a3a1-4252-920a-c08cdffd67bf,6,641,True,17734,17734,127.75701239657064
642,769a2141-a3a1-4252-920a-c08cdffd67bf,6,642,True,17756,17756,108.269404374656
643,769a2141-a3a1-4252-920a-c08cdffd67bf,6,643,True,17779,17779,162.1100914763665
644,769a2141-a3a1-4252-920a-c08cdffd67bf,6,644,True,17797,17797,179.1578326141098
645,769a2141-a3a1-4252-920a-c08cdffd67bf,6,645,True,17815,17815,183.08098568642527
646,769a2141-a3a1-4252-920a-c08cdffd67bf,6,646,True,17838,17838,189.26937372686007
647,769a2141-a3a1-4252-920a-c08cdffd67bf,6,647,True,17873,17873,176.7944225046449
648,769a2141-a3a1-4252-920a-c08cdffd67bf,6,648,True,17901,17901,203.38865084070858
649,769a2141-a3a1-4252-920a-c08cdffd67bf,6,649,True,17926,17926,151.31585182052368
650,769a2141-a3a1-4252-920a-c08cdffd67bf,6,650,True,17955,17955,201.26037189517228
651,769a2141-a3a1-4252-920a-c08cdffd67bf,6,651,True,17982,17982,147.88809214183493
652,769a2141-a3a1-4252-920a-c08cdffd67bf,6,652,True,18004,18004,155.01817426142588
653,769a2141-a3a1-4252-920a-c08cdffd67bf,6,653,True,18027,18027,140.97247369270917
654,769a2141-a3a1-4252-920a-c08cdffd67bf,6,654,True,18046,18046,145.07604609299597
655,769a2141-a3a1-4252-920a-c08cdffd67bf,6,655,True,18078,18078,149.84780129156206
656,769a2141-a3a1-4252-920a-c08cdffd67bf,6,656,True,18108,18108,126.60604435881396
657,769a2141-a3a1-4252-920a-c08cdffd67bf,6,657,True,18145,18145,147.59784801220303
658,769a2141-a3a1-4252-920a-c08cdffd67bf,6,658,True,18171,18171,105.26442934367151
659,769a2141-a3a1-4252-920a-c08cdffd67bf,6,659,True,18199,18199,102.83534283568224
660,769a2141-a3a1-4252-920a-c08cdffd67bf,6,660,True,18227,18227,121.1750030412586
661,769a2141-a3a1-4252-920a-c08cdffd67bf,6,661,True,18246,18246,136.42768648867423
662,769a2141-a3a1-4252-920a-c08cdffd67bf,6,662,True,18267,18267,135.54232434493315
663,769a2141-a3a1-4252-920a-c08cdffd67bf,6,663,True,18299,18299,166.2736896126953
664,769a2141-a3a1-4252-920a-c08cdffd67bf,6,664,True,18313,18313,120.47416637592687
665,769a2141-a3a1-4252-920a-c08cdffd67bf,6,665,True,18337,18337,153.62428820171408
666,769a2141-a3a1-4252-920a-c08cdffd67bf,6,666,True,18366,18366,135.03412583302998
667,769a2141-a3a1-4252-920a-c08cdffd67bf,6,667,True,18392,18392,226.07889763182902
668,769a2141-a3a1-4252-920a-c08cdffd67bf,6,668,True,18421,18421,191.1720361345033
669,769a2141-a3a1-4252-920a-c08cdffd67bf,6,669,True,18458,18458,154.1720361345033
670,769a2141-a3a1-4252-920a-c08cdffd67bf,6,670,True,18484,18484,187.92152031738806
671,769a2141-a3a1-4252-920a-c08cdffd67bf,6,671,True,18517,18517,182.104196522243
672,769a2141-a3a1-4252-920a-c08cdffd67bf,6,672,True,18536,18536,225.57579884485676
673,769a2141-a3a1-4252-920a-c08cdffd67bf,6,673,True,18558,18558,203.57579884485676
674,769a2141-a3a1-4252-920a-c08cdffd67bf,6,674,True,18588,18588,218.14987573406324
675,769a2141-a3a1-4252-920a-c08cdffd67bf,6,675,True,18609,18609,199.78118804414407
676,769a2141-a3a1-4252-920a-c08cdffd67bf,6,676,True,18646,18646,211.64999030276158
677,769a2141-a3a1-4252-920a-c08cdffd67bf,6,677,True,18675,18675,180.33022942028765
678,769a2141-a3a1-4252-920a-c08cdffd67bf,6,678,True,18697,18697,185.34715173483346
679,769a2141-a3a1-4252-920a-c08cdffd67bf,6,679,True,18723,18723,177.37874632899548
680,769a2141-a3a1-4252-920a-c08cdffd67bf,6,680,True,18749,18749,200.64157128370425
681,769a2141-a3a1-4252-920a-c08cdffd67bf,6,681,True,18791,18791,148.21559858830005
682,769a2141-a3a1-4252-920a-c08cdffd67bf,6,682,True,18816,18816,187.4867135294262
683,769a2141-a3a1-4252-920a-c08cdffd67bf,6,683,True,18843,18843,160.4867135294262
684,769a2141-a3a1-4252-920a-c08cdffd67bf,6,684,True,18873,18873,161.9035462153297
685,769a2141-a3a1-4252-920a-c08cdffd67bf,6,685,True,18903,18903,150.60336583285607
686,769a2141-a3a1-4252-920a-c08cdffd67bf,6,686,True,18924,18924,162.21149943317505
687,769a2141-a3a1-4252-920a-c08cdffd67bf,6,687,True,18956,18956,176.86642081025275
688,769a2141-a3a1-4252-920a-c08cdffd67bf,6,688,True,18973,18973,139.48097649302508
689,769a2141-a3a1-4252-920a-c08cdffd67bf,6,689,True,18994,18994,138.86642081025275
690,769a2141-a3a1-4252-920a-c08cdffd67bf,6,690,True,19019,19019,182.80526735931562
691,769a2141-a3a1-4252-920a-c08cdffd67bf,6,691,True,19050,19050,151.80526735931562
692,769a2141-a3a1-4252-920a-c08cdffd67bf,6,692,True,19083,19083,154.89561664658686
693,769a2141-a3a1-4252-920a-c08cdffd67bf,6,693,True,19108,19108,120.21787092613522
694,769a2141-a3a1-4252-920a-c08cdffd67bf,6,694,True,19136,19136,170.3990367940787
695,769a2141-a3a1-4252-920a-c08cdffd67bf,6,695,True,19157,19157,126.01093500979914
696,769a2141-a3a1-4252-920a-c08cdffd67bf,6,696,True,19184,19184,176.7514153507218
697,769a2141-a3a1-4252-920a-c08cdffd67bf,6,697,True,19210,19210,174.66352358558288
698,769a2141-a3a1-4252-920a-c08cdffd67bf,6,698,True,19242,19242,189.41761239238622
699,769a2141-a3a1-4252-920a-c08cdffd67bf,6,699,True,19268,19268,139.02335876188226
700,769a2141-a3a1-4252-920a-c08cdffd67bf,6,700,True,19300,19300,158.4113603419064
701,769a2141-a3a1-4252-920a-c08cdffd67bf,6,701,True,19328,19328,127.7128870385568
702,769a2141-a3a1-4252-920a-c08cdffd67bf,6,702,True,19369,19369,136.83235032028097
703,769a2141-a3a1-4252-920a-c08cdffd67bf,6,703,True,19389,19389,147.66906881037357
704,769a2141-a3a1-4252-920a-c08cdffd67bf,6,704,True,19416,19416,147.76700286391497
705,769a2141-a3a1-4252-920a-c08cdffd67bf,6,705,True,19436,19436,139.0293598381977
706,769a2141-a3a1-4252-920a-c08cdffd67bf,6,706,True,19457,19457,133.1624415940496
707,769a2141-a3a1-4252-920a-c08cdffd67bf,6,707,True,19489,19489,145.41190463196835
708,769a2141-a3a1-4252-920a-c08cdffd67bf,6,708,True,19515,19515,178.91217196315483
709,769a2141-a3a1-4252-920a-c08cdffd67bf,6,709,True,19542,19542,148.71823634360044
710,769a2141-a3a1-4252-920a-c08cdffd67bf,6,710,True,19575,19575,232.7488989222329
711,769a2141-a3a1-4252-920a-c08cdffd67bf,6,711,True,19606,19606,179.36377350401017
712,769a2141-a3a1-4252-920a-c08cdffd67bf,6,712,True,19630,19630,173.04030372067427
713,769a2141-a3a1-4252-920a-c08cdffd67bf,6,713,True,19657,19657,200.62799476444343
714,769a2141-a3a1-4252-920a-c08cdffd67bf,6,714,True,19687,19687,163.4540045734757
715,769a2141-a3a1-4252-920a-c08cdffd67bf,6,715,True,19717,19717,155.02050231022076
716,769a2141-a3a1-4252-920a-c08cdffd67bf,6,716,True,19735,19735,166.20062676918315
717,769a2141-a3a1-4252-920a-c08cdffd67bf,6,717,True,19756,19756,179.0078949584058
718,769a2141-a3a1-4252-920a-c08cdffd67bf,6,718,True,19784,19784,173.59058915849164
719,769a2141-a3a1-4252-920a-c08cdffd67bf,6,719,True,19799,19799,126.66882600853205
720,769a2141-a3a1-4252-920a-c08cdffd67bf,6,720,True,19830,19830,153.59071085453252
721,769a2141-a3a1-4252-920a-c08cdffd67bf,6,721,True,19848,19848,191.98361694488995
722,769a2141-a3a1-4252-920a-c08cdffd67bf,6,722,True,19888,19888,166.82580487144878
723,769a2141-a3a1-4252-920a-c08cdffd67bf,6,723,True,19913,19913,147.50480501194397
724,769a2141-a3a1-4252-920a-c08cdffd67bf,6,724,True,19938,19938,187.69059219755945
725,769a2141-a3a1-4252-920a-c08cdffd67bf,6,725,True,19968,19968,160.67118939289503
726,769a2141-a3a1-4252-920a-c08cdffd67bf,6,726,True,19990,19990,149.34072359301354
727,769a2141-a3a1-4252-920a-c08cdffd67bf,6,727,True,20020,20020,233.52952181338333
728,769a2141-a3a1-4252-920a-c08cdffd67bf,6,728,True,20044,20044,209.52952181338333
729,769a2141-a3a1-4252-920a-c08cdffd67bf,6,729,True,20068,20068,180.33283452995965
730,769a2141-a3a1-4252-920a-c08cdffd67bf,6,730,True,20098,20098,218.61963403755726
731,769a2141-a3a1-4252-920a-c08cdffd67bf,6,731,True,20121,20121,178.59383706616427
732,769a2141-a3a1-4252-920a-c08cdffd67bf,6,732,True,20151,20151,225.93127808845747
733,769a2141-a3a1-4252-920a-c08cdffd67bf,6,733,True,20181,20181,169.94935383002667
734,769a2141-a3a1-4252-920a-c08cdffd67bf,6,734,True,20214,20214,210.56670126465542
735,769a2141-a3a1-4252-920a-c08cdffd67bf,6,735,True,20243,20243,161.22624473246105
736,769a2141-a3a1-4252-920a-c08cdffd67bf,6,736,True,20276,20276,148.56670126465542
737,769a2141-a3a1-4252-920a-c08cdffd67bf,6,737,True,20297,20297,182.8090379582427
738,769a2141-a3a1-4252-920a-c08cdffd67bf,6,738,True,20334,20334,145.8090379582427
739,769a2141-a3a1-4252-920a-c08cdffd67bf,6,739,True,20360,20360,171.35070516850828
740,769a2141-a3a1-4252-920a-c08cdffd67bf,6,740,True,20387,20387,144.35070516850828
741,769a2141-a3a1-4252-920a-c08cdffd67bf,6,741,True,20426,20426,183.12659664780222
742,769a2141-a3a1-4252-920a-c08cdffd67bf,6,742,True,20446,20446,150.25259441049275
743,769a2141-a3a1-4252-920a-c08cdffd67bf,6,743,True,20481,20481,153.21489247695354
744,769a2141-a3a1-4252-920a-c08cdffd67bf,6,744,True,20505,20505,115.29196772626165
745,769a2141-a3a1-4252-920a-c08cdffd67bf,6,745,True,20539,20539,148.2654748882269
746,769a2141-a3a1-4252-920a-c08cdffd67bf,6,746,True,20576,20576,113.74786104140003
747,769a2141-a3a1-4252-920a-c08cdffd67bf,6,747,True,20608,20608,107.4138443582051
748,769a2141-a3a1-4252-920a-c08cdffd67bf,6,748,True,20642,20642,128.66749173060816
749,769a2141-a3a1-4252-920a-c08cdffd67bf,6,749,True,20674,20674,100.98655631610018
750,769a2141-a3a1-4252-920a-c08cdffd67bf,6,750,True,20696,20696,120.65403544110086
751,769a2141-a3a1-4252-920a-c08cdffd67bf,6,751,True,20711,20711,146.48812267558242
752,769a2141-a3a1-4252-920a-c08cdffd67bf,6,752,True,20732,20732,136.49263911037997
753,769a2141-a3a1-4252-920a-c08cdffd67bf,6,753,True,20765,20765,146.2022498434926
754,769a2141-a3a1-4252-920a-c08cdffd67bf,6,754,True,20793,20793,130.95114529641796
755,769a2141-a3a1-4252-920a-c08cdffd67bf,6,755,True,20825,20825,136.08676142074546
756,769a2141-a3a1-4252-920a-c08cdffd67bf,6,756,True,20854,20854,127.19841412915775
757,769a2141-a3a1-4252-920a-c08cdffd67bf,6,757,True,20878,20878,138.3665260148373
758,769a2141-a3a1-4252-920a-c08cdffd67bf,6,758,True,20908,20908,128.6354422635959
759,769a2141-a3a1-4252-920a-c08cdffd67bf,6,759,True,20930,20930,110.48756847172262
760,769a2141-a3a1-4252-920a-c08cdffd67bf,6,760,True,20950,20950,116.17532580719853
761,769a2141-a3a1-4252-920a-c08cdffd67bf,6,761,True,20983,20983,130.3581570875249
762,769a2141-a3a1-4252-920a-c08cdffd67bf,6,762,True,21012,21012,125.84408861786142
763,769a2141-a3a1-4252-920a-c08cdffd67bf,6,763,True,21042,21042,132.81572858545405
764,769a2141-a3a1-4252-920a-c08cdffd67bf,6,764,True,21067,21067,117.09470869254437
765,769a2141-a3a1-4252-920a-c08cdffd67bf,6,765,True,21096,21096,139.42521962837418
766,769a2141-a3a1-4252-920a-c08cdffd67bf,6,766,True,21128,21128,86.66615240393367
767,769a2141-a3a1-4252-920a-c08cdffd67bf,6,767,True,21160,21160,94.35838486464854
768,769a2141-a3a1-4252-920a-c08cdffd67bf,6,768,True,21201,21201,124.74296826672071
769,769a2141-a3a1-4252-920a-c08cdffd67bf,6,769,True,21226,21226,97.06379137919794
770,769a2141-a3a1-4252-920a-c08cdffd67bf,6,770,True,21251,21251,97.75303169235849
771,769a2141-a3a1-4252-920a-c08cdffd67bf,6,771,True,21278,21278,111.11786852514706
772,769a2141-a3a1-4252-920a-c08cdffd67bf,6,772,True,21313,21313,104.6513637439275
773,769a2141-a3a1-4252-920a-c08cdffd67bf,6,773,True,21339,21339,110.21646387732108
774,769a2141-a3a1-4252-920a-c08cdffd67bf,6,774,True,21370,21370,127.75010154019765
775,769a2141-a3a1-4252-920a-c08cdffd67bf,6,775,True,21400,21400,94.01008392916992
776,769a2141-a3a1-4252-920a-c08cdffd67bf,6,776,True,21433,21433,117.52991778392243
777,769a2141-a3a1-4252-920a-c08cdffd67bf,6,777,True,21462,21462,107.0439601349317
778,769a2141-a3a1-4252-920a-c08cdffd67bf,6,778,True,21492,21492,106.05900175246279
779,769a2141-a3a1-4252-920a-c08cdffd67bf,6,779,True,21521,21521,131.29366542107527
780,769a2141-a3a1-4252-920a-c08cdffd67bf,6,780,True,21550,21550,128.93678071333488
781,769a2141-a3a1-4252-920a-c08cdffd67bf,6,781,True,21581,21581,143.6241784946833
782,769a2141-a3a1-4252-920a-c08cdffd67bf,6,782,True,21605,21605,117.24611658155845
783,769a2141-a3a1-4252-920a-c08cdffd67bf,6,783,True,21633,21633,142.25672943078462
784,769a2141-a3a1-4252-920a-c08cdffd67bf,6,784,True,21650,21650,102.19050177969257
785,769a2141-a3a1-4252-920a-c08cdffd67bf,6,785,True,21683,21683,173.7036318846731
786,769a2141-a3a1-4252-920a-c08cdffd67bf,6,786,True,21716,21716,153.31954857073652
787,769a2141-a3a1-4252-920a-c08cdffd67bf,6,787,True,21743,21743,152.381204193327
788,769a2141-a3a1-4252-920a-c08cdffd67bf,6,788,True,21768,21768,142.61063947332877
789,769a2141-a3a1-4252-920a-c08cdffd67bf,6,789,True,21787,21787,224.50829557722682
790,769a2141-a3a1-4252-920a-c08cdffd67bf,6,790,True,21816,21816,170.75520951163708
791,769a2141-a3a1-4252-920a-c08cdffd67bf,6,791,True,21846,21846,162.98342353682165
792,769a2141-a3a1-4252-920a-c08cdffd67bf,6,792,True,21876,21876,158.71313000060763
793,769a2141-a3a1-4252-920a-c08cdffd67bf,6,793,True,21896,21896,165.43322990700472
794,769a2141-a3a1-4252-920a-c08cdffd67bf,6,794,True,21930,21930,188.37206856547346
795,769a2141-a3a1-4252-920a-c08cdffd67bf,6,795,True,21959,21959,149.7463280191041
796,769a2141-a3a1-4252-920a-c08cdffd67bf,6,796,True,21981,21981,186.68992491886092
797,769a2141-a3a1-4252-920a-c08cdffd67bf,6,797,True,22006,22006,181.89169488561674
798,769a2141-a3a1-4252-920a-c08cdffd67bf,6,798,True,22030,22030,132.48884524774985
799,769a2141-a3a1-4252-920a-c08cdffd67bf,6,799,True,22054,22054,165.25318530229197
800,769a2141-a3a1-4252-920a-c08cdffd67bf,6,800,True,22076,22076,135.0314773691025
801,769a2141-a3a1-4252-920a-c08cdffd67bf,6,801,True,22103,22103,161.17258086626316
802,769a2141-a3a1-4252-920a-c08cdffd67bf,6,802,True,22124,22124,144.22133574766485
803,769a2141-a3a1-4252-920a-c08cdffd67bf,6,803,True,22155,22155,186.857693858321
804,769a2141-a3a1-4252-920a-c08cdffd67bf,6,804,True,22182,22182,137.30975017068704
805,769a2141-a3a1-4252-920a-c08cdffd67bf,6,805,True,22214,22214,157.72289757581893
806,769a2141-a3a1-4252-920a-c08cdffd67bf,6,806,True,22243,22243,126.18196475138757
807,769a2141-a3a1-4252-920a-c08cdffd67bf,6,807,True,22275,22275,146.3937730796315
808,769a2141-a3a1-4252-920a-c08cdffd67bf,6,808,True,22315,22315,147.6400038498905
809,769a2141-a3a1-4252-920a-c08cdffd67bf,6,809,True,22332,22332,179.82160272148394
810,769a2141-a3a1-4252-920a-c08cdffd67bf,6,810,True,22356,22356,160.2982290923901
811,769a2141-a3a1-4252-920a-c08cdffd67bf,6,811,True,22392,22392,144.49663038216386
812,769a2141-a3a1-4252-920a-c08cdffd67bf,6,812,True,22416,22416,127.15283650026322
813,769a2141-a3a1-4252-920a-c08cdffd67bf,6,813,True,22443,22443,151.6579707225501
814,769a2141-a3a1-4252-920a-c08cdffd67bf,6,814,True,22461,22461,202.95047814480495
815,769a2141-a3a1-4252-920a-c08cdffd67bf,6,815,True,22474,22474,171.04217444464302
816,769a2141-a3a1-4252-920a-c08cdffd67bf,6,816,True,22510,22510,160.58614165505787
817,769a2141-a3a1-4252-920a-c08cdffd67bf,6,817,True,22538,22538,242.55138372805231
818,769a2141-a3a1-4252-920a-c08cdffd67bf,6,818,True,22563,22563,211.99050578997412
819,769a2141-a3a1-4252-920a-c08cdffd67bf,6,819,True,22601,22601,173.99050578997412
820,769a2141-a3a1-4252-920a-c08cdffd67bf,6,820,True,22627,22627,225.69507631988017
821,769a2141-a3a1-4252-920a-c08cdffd67bf,6,821,True,22651,22651,204.02170211179327
822,769a2141-a3a1-4252-920a-c08cdffd67bf,6,822,True,22674,22674,185.00604539580308
823,769a2141-a3a1-4252-920a-c08cdffd67bf,6,823,True,22703,22703,270.7132200380147
824,769a2141-a3a1-4252-920a-c08cdffd67bf,6,824,True,22723,22723,236.82222383315457
825,769a2141-a3a1-4252-920a-c08cdffd67bf,6,825,True,22746,22746,163.4758218299903
826,769a2141-a3a1-4252-920a-c08cdffd67bf,6,826,True,22780,22780,179.82222383315457
827,769a2141-a3a1-4252-920a-c08cdffd67bf,6,827,True,22808,22808,154.81459143451139
828,769a2141-a3a1-4252-920a-c08cdffd67bf,6,828,True,22842,22842,170.31634917389965
829,769a2141-a3a1-4252-920a-c08cdffd67bf,6,829,True,22860,22860,162.61856276585604
830,769a2141-a3a1-4252-920a-c08cdffd67bf,6,830,True,22888,22888,158.97026067031402
831,769a2141-a3a1-4252-920a-c08cdffd67bf,6,831,True,22915,22915,140.58854175629313
832,769a2141-a3a1-4252-920a-c08cdffd67bf,6,832,True,22949,22949,238.54803801657908
833,769a2141-a3a1-4252-920a-c08cdffd67bf,6,833,True,22976,22976,211.54803801657908
834,769a2141-a3a1-4252-920a-c08cdffd67bf,6,834,True,23006,23006,191.55080496130904
835,769a2141-a3a1-4252-920a-c08cdffd67bf,6,835,True,23023,23023,174.55080496130904
836,769a2141-a3a1-4252-920a-c08cdffd67bf,6,836,True,23056,23056,206.22005895866096
837,769a2141-a3a1-4252-920a-c08cdffd67bf,6,837,True,23079,23079,169.47034269186406
838,769a2141-a3a1-4252-920a-c08cdffd67bf,6,838,True,23101,23101,144.7189546147747
839,769a2141-a3a1-4252-920a-c08cdffd67bf,6,839,True,23133,23133,190.42489085650595
840,769a2141-a3a1-4252-920a-c08cdffd67bf,6,840,True,23156,23156,158.8841735152928
841,769a2141-a3a1-4252-920a-c08cdffd67bf,6,841,True,23179,23179,192.94556053373526
842,769a2141-a3a1-4252-920a-c08cdffd67bf,6,842,True,23206,23206,162.00049555556689
843,769a2141-a3a1-4252-920a-c08cdffd67bf,6,843,True,23234,23234,187.08523373521166
844,769a2141-a3a1-4252-920a-c08cdffd67bf,6,844,True,23254,23254,147.85096358286683
845,769a2141-a3a1-4252-920a-c08cdffd67bf,6,845,True,23287,23287,170.21492578849575
846,769a2141-a3a1-4252-920a-c08cdffd67bf,6,846,True,23310,23310,140.64662507618414
847,769a2141-a3a1-4252-920a-c08cdffd67bf,6,847,True,23334,23334,169.2256189828331
848,769a2141-a3a1-4252-920a-c08cdffd67bf,6,848,True,23363,23363,135.41039726453528
849,769a2141-a3a1-4252-920a-c08cdffd67bf,6,849,True,23396,23396,197.16009538585058
850,769a2141-a3a1-4252-920a-c08cdffd67bf,6,850,True,23433,23433,160.16009538585058
851,769a2141-a3a1-4252-920a-c08cdffd67bf,6,851,True,23455,23455,189.6261628296088
852,769a2141-a3a1-4252-920a-c08cdffd67bf,6,852,True,23488,23488,156.6261628296088
853,769a2141-a3a1-4252-920a-c08cdffd67bf,6,853,True,23509,23509,183.60927921998154
854,769a2141-a3a1-4252-920a-c08cdffd67bf,6,854,True,23539,23539,126.57054696526757
855,769a2141-a3a1-4252-920a-c08cdffd67bf,6,855,True,23566,23566,153.2926511441692
856,769a2141-a3a1-4252-920a-c08cdffd67bf,6,856,True,23599,23599,146.77786253696104
857,769a2141-a3a1-4252-920a-c08cdffd67bf,6,857,True,23629,23629,121.38411879559862
858,769a2141-a3a1-4252-920a-c08cdffd67bf,6,858,True,23664,23664,156.78962481108465
859,769a2141-a3a1-4252-920a-c08cdffd67bf,6,859,True,23686,23686,116.10234086268247
860,769a2141-a3a1-4252-920a-c08cdffd67bf,6,860,True,23715,23715,158.9451154282251
861,769a2141-a3a1-4252-920a-c08cdffd67bf,6,861,True,23734,23734,137.52315229840315
862,769a2141-a3a1-4252-920a-c08cdffd67bf,6,862,True,23767,23767,243.89695268975265
863,769a2141-a3a1-4252-920a-c08cdffd67bf,6,863,True,23798,23798,189.66779624662377
864,769a2141-a3a1-4252-920a-c08cdffd67bf,6,864,True,23825,23825,180.03854122368284
865,769a2141-a3a1-4252-920a-c08cdffd67bf,6,865,True,23852,23852,185.53807755231537
866,769a2141-a3a1-4252-920a-c08cdffd67bf,6,866,True,23880,23880,171.56748749110557
867,769a2141-a3a1-4252-920a-c08cdffd67bf,6,867,True,23905,23905,185.87708689692226
868,769a2141-a3a1-4252-920a-c08cdffd67bf,6,868,True,23936,23936,160.0154292333391
869,769a2141-a3a1-4252-920a-c08cdffd67bf,6,869,True,23956,23956,204.88888212136953
870,769a2141-a3a1-4252-920a-c08cdffd67bf,6,870,True,23977,23977,214.65969370511084
871,769a2141-a3a1-4252-920a-c08cdffd67bf,6,871,True,24004,24004,209.8406320143331
872,769a2141-a3a1-4252-920a-c08cdffd67bf,6,872,True,24034,24034,183.61220740553472
873,769a2141-a3a1-4252-920a-c08cdffd67bf,6,873,True,24059,24059,179.82046332600657
874,769a2141-a3a1-4252-920a-c08cdffd67bf,6,874,True,24089,24089,175.87744588532587
875,769a2141-a3a1-4252-920a-c08cdffd67bf,6,875,True,24120,24120,165.87137046956195
876,769a2141-a3a1-4252-920a-c08cdffd67bf,6,876,True,24151,24151,164.09220157377422
877,769a2141-a3a1-4252-920a-c08cdffd67bf,6,877,True,24173,24173,121.56989934058947
878,769a2141-a3a1-4252-920a-c08cdffd67bf,6,878,True,24196,24196,146.0685675763816
879,769a2141-a3a1-4252-920a-c08cdffd67bf,6,879,True,24220,24220,148.37540917205843
880,769a2141-a3a1-4252-920a-c08cdffd67bf,6,880,True,24251,24251,163.81716910668547
881,769a2141-a3a1-4252-920a-c08cdffd67bf,6,881,True,24276,24276,172.88861344449833
882,769a2141-a3a1-4252-920a-c08cdffd67bf,6,882,True,24309,24309,139.88861344449833
883,769a2141-a3a1-4252-920a-c08cdffd67bf,6,883,True,24333,24333,157.56759853642507
884,769a2141-a3a1-4252-920a-c08cdffd67bf,6,884,True,24363,24363,130.17375631862524
885,769a2141-a3a1-4252-920a-c08cdffd67bf,6,885,True,24383,24383,123.42826010983481
886,769a2141-a3a1-4252-920a-c08cdffd67bf,6,886,True,24410,24410,106.84396922818996
887,769a2141-a3a1-4252-920a-c08cdffd67bf,6,887,True,24438,24438,128.60104044902255
888,769a2141-a3a1-4252-920a-c08cdffd67bf,6,888,True,24464,24464,149.40871981870805
889,769a2141-a3a1-4252-920a-c08cdffd67bf,6,889,True,24488,24488,148.6498297785438
890,769a2141-a3a1-4252-920a-c08cdffd67bf,6,890,True,24520,24520,119.3724075938917
891,769a2141-a3a1-4252-920a-c08cdffd67bf,6,891,True,24551,24551,134.55579779804975
892,769a2141-a3a1-4252-920a-c08cdffd67bf,6,892,True,24585,24585,139.96025790575004
893,769a2141-a3a1-4252-920a-c08cdffd67bf,6,893,True,24620,24620,133.22829347286097
894,769a2141-a3a1-4252-920a-c08cdffd67bf,6,894,True,24651,24651,99.77422970621774
895,769a2141-a3a1-4252-920a-c08cdffd67bf,6,895,True,24670,24670,122.81024958599664
896,769a2141-a3a1-4252-920a-c08cdffd67bf,6,896,True,24694,24694,149.020808272071
897,769a2141-a3a1-4252-920a-c08cdffd67bf,6,897,True,24718,24718,110.82495293625107
898,769a2141-a3a1-4252-920a-c08cdffd67bf,6,898,True,24750,24750,121.817851763004
899,769a2141-a3a1-4252-920a-c08cdffd67bf,6,899,True,24780,24780,101.16016673728518
900,769a2141-a3a1-4252-920a-c08cdffd67bf,6,900,True,24815,24815,103.53339244813469
901,769a2141-a3a1-4252-920a-c08cdffd67bf,6,901,True,24834,24834,96.83950361245297
902,769a2141-a3a1-4252-920a-c08cdffd67bf,6,902,True,24867,24867,102.22442508766107
903,769a2141-a3a1-4252-920a-c08cdffd67bf,6,903,True,24901,24901,98.76802502240025
904,769a2141-a3a1-4252-920a-c08cdffd67bf,6,904,True,24930,24930,134.7338765610657
905,769a2141-a3a1-4252-920a-c08cdffd67bf,6,905,True,24960,24960,102.457920065699
906,769a2141-a3a1-4252-920a-c08cdffd67bf,6,906,True,24995,24995,129.88812696447712
907,769a2141-a3a1-4252-920a-c08cdffd67bf,6,907,True,25023,25023,99.69129477611932
908,769a2141-a3a1-4252-920a-c08cdffd67bf,6,908,True,25048,25048,101.00684080552674
909,769a2141-a3a1-4252-920a-c08cdffd67bf,6,909,True,25080,25080,108.34501725521841
910,769a2141-a3a1-4252-920a-c08cdffd67bf,6,910,True,25115,25115,116.11536521962626
911,769a2141-a3a1-4252-920a-c08cdffd67bf,6,911,True,25144,25144,90.66529470020032
912,769a2141-a3a1-4252-920a-c08cdffd67bf,6,912,True,25173,25173,128.12643861212564
913,769a2141-a3a1-4252-920a-c08cdffd67bf,6,913,True,25196,25196,129.12166798767066
914,769a2141-a3a1-4252-920a-c08cdffd67bf,6,914,True,25216,25216,135.165171343182
915,769a2141-a3a1-4252-920a-c08cdffd67bf,6,915,True,25244,25244,104.59781337958339
916,769a2141-a3a1-4252-920a-c08cdffd67bf,6,916,True,25284,25284,117.26916671876461
917,769a2141-a3a1-4252-920a-c08cdffd67bf,6,917,True,25316,25316,95.31184326183939
918,769a2141-a3a1-4252-920a-c08cdffd67bf,6,918,True,25346,25346,124.67356601920619
919,769a2141-a3a1-4252-920a-c08cdffd67bf,6,919,True,25370,25370,107.62058082628937
920,769a2141-a3a1-4252-920a-c08cdffd67bf,6,920,True,25397,25397,136.49932104241452
921,769a2141-a3a1-4252-920a-c08cdffd67bf,6,921,True,25418,25418,98.95985424885293
922,769a2141-a3a1-4252-920a-c08cdffd67bf,6,922,True,25462,25462,131.95940420409534
923,769a2141-a3a1-4252-920a-c08cdffd67bf,6,923,True,25489,25489,111.68929525481508
924,769a2141-a3a1-4252-920a-c08cdffd67bf,6,924,True,25518,25518,132.20931979839224
925,769a2141-a3a1-4252-920a-c08cdffd67bf,6,925,True,25541,25541,148.2715705163937
926,769a2141-a3a1-4252-920a-c08cdffd67bf,6,926,True,25564,25564,110.30121257418796
927,769a2141-a3a1-4252-920a-c08cdffd67bf,6,927,True,25584,25584,157.68014974109974
928,769a2141-a3a1-4252-920a-c08cdffd67bf,6,928,True,25617,25617,122.086047171877
929,769a2141-a3a1-4252-920a-c08cdffd67bf,6,929,True,25645,25645,160.7568605110937
930,769a2141-a3a1-4252-920a-c08cdffd67bf,6,930,True,25683,25683,147.28157542590998
931,769a2141-a3a1-4252-920a-c08cdffd67bf,6,931,True,25702,25702,155.36998177418718
932,769a2141-a3a1-4252-920a-c08cdffd67bf,6,932,True,25722,25722,133.03346205235357
933,769a2141-a3a1-4252-920a-c08cdffd67bf,6,933,True,25750,25750,159.34112860198002
934,769a2141-a3a1-4252-920a-c08cdffd67bf,6,934,True,25778,25778,148.93207785201957
935,769a2141-a3a1-4252-920a-c08cdffd67bf,6,935,True,25802,25802,153.9622287865568
936,769a2141-a3a1-4252-920a-c08cdffd67bf,6,936,True,25828,25828,130.9214650726426
937,769a2141-a3a1-4252-920a-c08cdffd67bf,6,937,True,25864,25864,118.59202383452794
938,769a2141-a3a1-4252-920a-c08cdffd67bf,6,938,True,25893,25893,145.66457533276844
939,769a2141-a3a1-4252-920a-c08cdffd67bf,6,939,True,25926,25926,126.65429142316498
940,769a2141-a3a1-4252-920a-c08cdffd67bf,6,940,True,25956,25956,169.93717624221244
941,769a2141-a3a1-4252-920a-c08cdffd67bf,6,941,True,25980,25980,122.70076402938139
942,769a2141-a3a1-4252-920a-c08cdffd67bf,6,942,True,26009,26009,131.84624998643994
943,769a2141-a3a1-4252-920a-c08cdffd67bf,6,943,True,26029,26029,147.83283323392607
944,769a2141-a3a1-4252-920a-c08cdffd67bf,6,944,True,26056,26056,133.3249174026896
945,769a2141-a3a1-4252-920a-c08cdffd67bf,6,945,True,26076,26076,134.38957953847785
946,769a2141-a3a1-4252-920a-c08cdffd67bf,6,946,True,26108,26108,100.37755675147855
947,769a2141-a3a1-4252-920a-c08cdffd67bf,6,947,True,26127,26127,143.18591744761943
948,769a2141-a3a1-4252-920a-c08cdffd67bf,6,948,True,26165,26165,157.62900687342335
949,769a2141-a3a1-4252-920a-c08cdffd67bf,6,949,True,26196,26196,160.68874676672203
950,769a2141-a3a1-4252-920a-c08cdffd67bf,6,950,True,26225,26225,160.66223558850834
951,769a2141-a3a1-4252-920a-c08cdffd67bf,6,951,True,26254,26254,128.93578408159738
952,769a2141-a3a1-4252-920a-c08cdffd67bf,6,952,True,26285,26285,208.97139440879982
953,769a2141-a3a1-4252-920a-c08cdffd67bf,6,953,True,26321,26321,180.32454081943433
954,769a2141-a3a1-4252-920a-c08cdffd67bf,6,954,True,26349,26349,224.28354292228323
955,769a2141-a3a1-4252-920a-c08cdffd67bf,6,955,True,26373,26373,179.9948409587596
956,769a2141-a3a1-4252-920a-c08cdffd67bf,6,956,True,26402,26402,230.0240061847544
957,769a2141-a3a1-4252-920a-c08cdffd67bf,6,957,True,26423,26423,150.28354292228323
958,769a2141-a3a1-4252-920a-c08cdffd67bf,6,958,True,26448,26448,212.2092872860485
959,769a2141-a3a1-4252-920a-c08cdffd67bf,6,959,True,26478,26478,203.13717281124264
960,769a2141-a3a1-4252-920a-c08cdffd67bf,6,960,True,26509,26509,196.81860289150427
961,769a2141-a3a1-4252-920a-c08cdffd67bf,6,961,True,26539,26539,163.42189446382326
962,769a2141-a3a1-4252-920a-c08cdffd67bf,6,962,True,26564,26564,186.79286776022855
963,769a2141-a3a1-4252-920a-c08cdffd67bf,6,963,True,26591,26591,135.81481888765848
964,769a2141-a3a1-4252-920a-c08cdffd67bf,6,964,True,26628,26628,208.21760433616146
965,769a2141-a3a1-4252-920a-c08cdffd67bf,6,965,True,26653,26653,131.8844818305406
966,769a2141-a3a1-4252-920a-c08cdffd67bf,6,966,True,26679,26679,145.70299715686997
967,769a2141-a3a1-4252-920a-c08cdffd67bf,6,967,True,26710,26710,128.88457255878893
968,769a2141-a3a1-4252-920a-c08cdffd67bf,6,968,True,26736,26736,160.26945478521156
969,769a2141-a3a1-4252-920a-c08cdffd67bf,6,969,True,26763,26763,130.79195653439092
970,769a2141-a3a1-4252-920a-c08cdffd67bf,6,970,True,26798,26798,146.77386211444536
971,769a2141-a3a1-4252-920a-c08cdffd67bf,6,971,True,26819,26819,149.09888420901552
972,769a2141-a3a1-4252-920a-c08cdffd67bf,6,972,True,26849,26849,156.53780145723067
973,769a2141-a3a1-4252-920a-c08cdffd67bf,6,973,True,26874,26874,140.47147763728935
974,769a2141-a3a1-4252-920a-c08cdffd67bf,6,974,True,26900,26900,155.3230387168187
975,769a2141-a3a1-4252-920a-c08cdffd67bf,6,975,True,26931,26931,137.20280186656237
976,769a2141-a3a1-4252-920a-c08cdffd67bf,6,976,True,26957,26957,165.3495633571838
977,769a2141-a3a1-4252-920a-c08cdffd67bf,6,977,True,26988,26988,118.44272458571504
978,769a2141-a3a1-4252-920a-c08cdffd67bf,6,978,True,27015,27015,147.87451968067762
979,769a2141-a3a1-4252-920a-c08cdffd67bf,6,979,True,27041,27041,124.50540885919327
980,769a2141-a3a1-4252-920a-c08cdffd67bf,6,980,True,27063,27063,200.09064074916023
981,769a2141-a3a1-4252-920a-c08cdffd67bf,6,981,True,27095,27095,146.04011124964745
982,769a2141-a3a1-4252-920a-c08cdffd67bf,6,982,True,27120,27120,212.03512815947397
983,769a2141-a3a1-4252-920a-c08cdffd67bf,6,983,True,27149,27149,118.1594605242899
984,769a2141-a3a1-4252-920a-c08cdffd67bf,6,984,True,27190,27190,168.8730425148642
985,769a2141-a3a1-4252-920a-c08cdffd67bf,6,985,True,27216,27216,159.36596439659843
986,769a2141-a3a1-4252-920a-c08cdffd67bf,6,986,True,27244,27244,212.071154470701
987,769a2141-a3a1-4252-920a-c08cdffd67bf,6,987,True,27273,27273,193.86943129157225
988,769a2141-a3a1-4252-920a-c08cdffd67bf,6,988,True,27300,27300,241.5743858822134
989,769a2141-a3a1-4252-920a-c08cdffd67bf,6,989,True,27324,27324,220.77980660555113
990,769a2141-a3a1-4252-920a-c08cdffd67bf,6,990,True,27341,27341,200.5743858822134
991,769a2141-a3a1-4252-920a-c08cdffd67bf,6,991,True,27370,27370,174.77980660555113
992,769a2141-a3a1-4252-920a-c08cdffd67bf,6,992,True,27399,27399,193.23628911274864
993,769a2141-a3a1-4252-920a-c08cdffd67bf,6,993,True,27426,27426,190.37097527875812
994,769a2141-a3a1-4252-920a-c08cdffd67bf,6,994,True,27454,27454,211.5374168444141
995,769a2141-a3a1-4252-920a-c08cdffd67bf,6,995,True,27484,27484,229.35339126813415
996,769a2141-a3a1-4252-920a-c08cdffd67bf,6,996,True,27514,27514,215.1066871075309
997,769a2141-a3a1-4252-920a-c08cdffd67bf,6,997,True,27540,27540,189.1066871075309
998,769a2141-a3a1-4252-920a-c08cdffd67bf,6,998,True,27567,27567,197.60048974374877
999,769a2141-a3a1-4252-920a-c08cdffd67bf,6,999,True,27603,27603,173.64254588971744
1000,0fcaf4ae-7b46-45e5-aa2f-b15f4759e4dc,9,1000,True,28,28,77.32110337772636
1001,0fcaf4ae-7b46-45e5-aa2f-b15f4759e4dc,9,1001,True,49,49,88.07119263729302
1002,0fcaf4ae-7b46-45e5-aa2f-b15f4759e4dc,9,1002,True,70,70,93.17648712447877
1003,0fcaf4ae-7b46-45e5-aa2f-b15f4759e4dc,9,1003,True,94,94,88.61427734484465
1004,0fcaf4ae-7b46-45e5-aa2f-b15f4759e4dc,9,1004,True,133,133,84.66217258352435
1005,0fcaf4ae-7b46-45e5-aa2f-b15f4759e4dc,9,1005,True,160,160,89.5432045854925
1006,0fcaf4ae-7b46-45e5-aa2f-b15f4759e4dc,9,1006,True,189,189,103.61590510277478
1007,0fcaf4ae-7b46-45e5-aa2f-b15f4759e4dc,9,1007,True,213,213,99.89804540891305
1008,0fcaf4ae-7b46-45e5-aa2f-b15f4759e4dc,9,1008,True,245,245,142.62862678736695
1009,0fcaf4ae-7b46-45e5-aa2f-b15f4759e4dc,9,1009,True,273,273,115.14151465078726
1010,0fcaf4ae-7b46-45e5-aa2f-b15f4759e4dc,9,1010,True,302,302,97.23036364719752
1011,0fcaf4ae-7b46-45e5-aa2f-b15f4759e4dc,9,1011,True,325,325,126.10010708929224
1012,0fcaf4ae-7b46-45e5-aa2f-b15f4759e4dc,9,1012,True,359,359,118.73830736810186
1013,0fcaf4ae-7b46-45e5-aa2f-b15f4759e4dc,9,1013,True,386,386,134.6895710345898
1014,0fcaf4ae-7b46-45e5-aa2f-b15f4759e4dc,9,1014,True,417,417,108.15117688166004
1015,0fcaf4ae-7b46-45e5-aa2f-b15f4759e4dc,9,1015,True,448,448,128.00697811259306
1016,0fcaf4ae-7b46-45e5-aa2f-b15f4759e4dc,9,1016,True,472,472,128.91433407317334
1017,0fcaf4ae-7b46-45e5-aa2f-b15f4759e4dc,9,1017,True,505,505,121.82580607476098
1018,0fcaf4ae-7b46-45e5-aa2f-b15f4759e4dc,9,1018,True,536,536,139.51287080037275
1019,0fcaf4ae-7b46-45e5-aa2f-b15f4759e4dc,9,1019,True,560,560,126.21732646787791
1020,0fcaf4ae-7b46-45e5-aa2f-b15f4759e4dc,9,1020,True,592,592,108.85544450046518
1021,0fcaf4ae-7b46-45e5-aa2f-b15f4759e4dc,9,1021,True,624,624,147.78989385009038
1022,0fcaf4ae-7b46-45e5-aa2f-b15f4759e4dc,9,1022,True,654,654,177.4740744823381
1023,0fcaf4ae-7b46-45e5-aa2f-b15f4759e4dc,9,1023,True,688,688,141.52042831633605
1024,0fcaf4ae-7b46-45e5-aa2f-b15f4759e4dc,9,1024,True,707,707,148.22151462041472
1025,0fcaf4ae-7b46-45e5-aa2f-b15f4759e4dc,9,1025,True,725,725,146.52439679190093
1026,0fcaf4ae-7b46-45e5-aa2f-b15f4759e4dc,9,1026,True,751,751,164.45344915738235
1027,0fcaf4ae-7b46-45e5-aa2f-b15f4759e4dc,9,1027,True,776,776,147.31740294115673
1028,0fcaf4ae-7b46-45e5-aa2f-b15f4759e4dc,9,1028,True,804,804,194.04749848795745
1029,0fcaf4ae-7b46-45e5-aa2f-b15f4759e4dc,9,1029,True,822,822,153.97836456038897
1030,0fcaf4ae-7b46-45e5-aa2f-b15f4759e4dc,9,1030,True,855,855,167.2474593331707
1031,0fcaf4ae-7b46-45e5-aa2f-b15f4759e4dc,9,1031,True,871,871,153.48812317661304
1032,0fcaf4ae-7b46-45e5-aa2f-b15f4759e4dc,9,1032,True,897,897,159.61419338915812
1033,0fcaf4ae-7b46-45e5-aa2f-b15f4759e4dc,9,1033,True,920,920,183.14045869889492
1034,0fcaf4ae-7b46-45e5-aa2f-b15f4759e4dc,9,1034,True,946,946,162.61207638040582
1035,0fcaf4ae-7b46-45e5-aa2f-b15f4759e4dc,9,1035,True,971,971,154.99407635859984
1036,0fcaf4ae-7b46-45e5-aa2f-b15f4759e4dc,9,1036,True,994,994,159.63672111406777
1037,0fcaf4ae-7b46-45e5-aa2f-b15f4759e4dc,9,1037,True,1019,1019,158.21373960783717
1038,0fcaf4ae-7b46-45e5-aa2f-b15f4759e4dc,9,1038,True,1040,1040,162.1662846045599
1039,0fcaf4ae-7b46-45e5-aa2f-b15f4759e4dc,9,1039,True,1068,1068,133.97054923458245
1040,0fcaf4ae-7b46-45e5-aa2f-b15f4759e4dc,9,1040,True,1097,1097,198.82852867224688
1041,0fcaf4ae-7b46-45e5-aa2f-b15f4759e4dc,9,1041,True,1115,1115,132.7437911893444
1042,0fcaf4ae-7b46-45e5-aa2f-b15f4759e4dc,9,1042,True,1138,1138,159.5674402902423
1043,0fcaf4ae-7b46-45e5-aa2f-b15f4759e4dc,9,1043,True,1171,1171,162.09715198607205
1044,0fcaf4ae-7b46-45e5-aa2f-b15f4759e4dc,9,1044,True,1200,1200,195.80266186809718
1045,0fcaf4ae-7b46-45e5-aa2f-b15f4759e4dc,9,1045,True,1221,1221,173.52144899688233
1046,0fcaf4ae-7b46-45e5-aa2f-b15f4759e4dc,9,1046,True,1245,1245,149.34548567796332
1047,0fcaf4ae-7b46-45e5-aa2f-b15f4759e4dc,9,1047,True,1269,1269,152.52409736823006
1048,0fcaf4ae-7b46-45e5-aa2f-b15f4759e4dc,9,1048,True,1299,1299,148.01692057984724
1049,0fcaf4ae-7b46-45e5-aa2f-b15f4759e4dc,9,1049,True,1331,1331,160.53557626140264
1050,0fcaf4ae-7b46-45e5-aa2f-b15f4759e4dc,9,1050,True,1347,1347,150.3533117830434
1051,0fcaf4ae-7b46-45e5-aa2f-b15f4759e4dc,9,1051,True,1378,1378,212.81933343741866
1052,0fcaf4ae-7b46-45e5-aa2f-b15f4759e4dc,9,1052,True,1412,1412,179.5082731801458
1053,0fcaf4ae-7b46-45e5-aa2f-b15f4759e4dc,9,1053,True,1435,1435,161.3705678177448
1054,0fcaf4ae-7b46-45e5-aa2f-b15f4759e4dc,9,1054,True,1460,1460,217.28595666139267
1055,0fcaf4ae-7b46-45e5-aa2f-b15f4759e4dc,9,1055,True,1485,1485,187.91998543361524
1056,0fcaf4ae-7b46-45e5-aa2f-b15f4759e4dc,9,1056,True,1519,1519,161.3551964496785
1057,0fcaf4ae-7b46-45e5-aa2f-b15f4759e4dc,9,1057,True,1546,1546,178.7466960732579
1058,0fcaf4ae-7b46-45e5-aa2f-b15f4759e4dc,9,1058,True,1572,1572,169.78395738458335
1059,0fcaf4ae-7b46-45e5-aa2f-b15f4759e4dc,9,1059,True,1591,1591,208.02065513195976
1060,0fcaf4ae-7b46-45e5-aa2f-b15f4759e4dc,9,1060,True,1619,1619,132.8510776660628
1061,0fcaf4ae-7b46-45e5-aa2f-b15f4759e4dc,9,1061,True,1649,1649,165.03402745468088
1062,0fcaf4ae-7b46-45e5-aa2f-b15f4759e4dc,9,1062,True,1680,1680,133.28469507948603
1063,0fcaf4ae-7b46-45e5-aa2f-b15f4759e4dc,9,1063,True,1704,1704,205.1812196021342
1064,0fcaf4ae-7b46-45e5-aa2f-b15f4759e4dc,9,1064,True,1736,1736,173.1812196021342
1065,0fcaf4ae-7b46-45e5-aa2f-b15f4759e4dc,9,1065,True,1752,1752,211.71202415338485
1066,0fcaf4ae-7b46-45e5-aa2f-b15f4759e4dc,9,1066,True,1792,1792,181.4804859999963
1067,0fcaf4ae-7b46-45e5-aa2f-b15f4759e4dc,9,1067,True,1819,1819,199.53366704584846
1068,0fcaf4ae-7b46-45e5-aa2f-b15f4759e4dc,9,1068,True,1842,1842,137.63576265740176
1069,0fcaf4ae-7b46-45e5-aa2f-b15f4759e4dc,9,1069,True,1868,1868,194.8890334126936
1070,0fcaf4ae-7b46-45e5-aa2f-b15f4759e4dc,9,1070,True,1900,1900,166.10781166833658
1071,0fcaf4ae-7b46-45e5-aa2f-b15f4759e4dc,9,1071,True,1923,1923,191.88888471665814
1072,0fcaf4ae-7b46-45e5-aa2f-b15f4759e4dc,9,1072,True,1950,1950,138.4014541659658
1073,0fcaf4ae-7b46-45e5-aa2f-b15f4759e4dc,9,1073,True,1973,1973,166.005608302602
1074,0fcaf4ae-7b46-45e5-aa2f-b15f4759e4dc,9,1074,True,2002,2002,135.26821481679872
1075,0fcaf4ae-7b46-45e5-aa2f-b15f4759e4dc,9,1075,True,2023,2023,191.3282917609008
1076,0fcaf4ae-7b46-45e5-aa2f-b15f4759e4dc,9,1076,True,2055,2055,135.85199197672364
1077,0fcaf4ae-7b46-45e5-aa2f-b15f4759e4dc,9,1077,True,2085,2085,178.520994647301
1078,0fcaf4ae-7b46-45e5-aa2f-b15f4759e4dc,9,1078,True,2116,2116,147.23824419130733
1079,0fcaf4ae-7b46-45e5-aa2f-b15f4759e4dc,9,1079,True,2151,2151,193.7577170021118
1080,0fcaf4ae-7b46-45e5-aa2f-b15f4759e4dc,9,1080,True,2177,2177,140.39762530718872
1081,0fcaf4ae-7b46-45e5-aa2f-b15f4759e4dc,9,1081,True,2197,2197,200.89192043647608
1082,0fcaf4ae-7b46-45e5-aa2f-b15f4759e4dc,9,1082,True,2221,2221,142.04405812099503
1083,0fcaf4ae-7b46-45e5-aa2f-b15f4759e4dc,9,1083,True,2246,2246,151.89192043647608
1084,0fcaf4ae-7b46-45e5-aa2f-b15f4759e4dc,9,1084,True,2267,2267,153.75395730068294
1085,0fcaf4ae-7b46-45e5-aa2f-b15f4759e4dc,9,1085,True,2295,2295,100.53155569057708
1086,0fcaf4ae-7b46-45e5-aa2f-b15f4759e4dc,9,1086,True,2323,2323,125.38838969690005
1087,0fcaf4ae-7b46-45e5-aa2f-b15f4759e4dc,9,1087,True,2354,2354,145.7882345107637
1088,0fcaf4ae-7b46-45e5-aa2f-b15f4759e4dc,9,1088,True,2386,2386,143.42147765069967
1089,0fcaf4ae-7b46-45e5-aa2f-b15f4759e4dc,9,1089,True,2407,2407,145.1881398185419
1090,0fcaf4ae-7b46-45e5-aa2f-b15f4759e4dc,9,1090,True,2439,2439,163.24945254683962
1091,0fcaf4ae-7b46-45e5-aa2f-b15f4759e4dc,9,1091,True,2459,2459,161.53020703596394
1092,0fcaf4ae-7b46-45e5-aa2f-b15f4759e4dc,9,1092,True,2491,2491,171.21619599381938
1093,0fcaf4ae-7b46-45e5-aa2f-b15f4759e4dc,9,1093,True,2516,2516,180.39033215900326
1094,0fcaf4ae-7b46-45e5-aa2f-b15f4759e4dc,9,1094,True,2550,2550,152.51386725472958
1095,0fcaf4ae-7b46-45e5-aa2f-b15f4759e4dc,9,1095,True,2582,2582,133.50029037773857
1096,0fcaf4ae-7b46-45e5-aa2f-b15f4759e4dc,9,1096,True,2608,2608,174.82801393133877
1097,0fcaf4ae-7b46-45e5-aa2f-b15f4759e4dc,9,1097,True,2626,2626,139.2309164435028
1098,0fcaf4ae-7b46-45e5-aa2f-b15f4759e4dc,9,1098,True,2649,2649,167.20732116102045
1099,0fcaf4ae-7b46-45e5-aa2f-b15f4759e4dc,9,1099,True,2681,2681,127.52805399613953
1100,0fcaf4ae-7b46-45e5-aa2f-b15f4759e4dc,9,1100,True,2723,2723,117.06340161181015
1101,0fcaf4ae-7b46-45e5-aa2f-b15f4759e4dc,9,1101,True,2749,2749,159.7889560326048
1102,0fcaf4ae-7b46-45e5-aa2f-b15f4759e4dc,9,1102,True,2771,2771,138.47745826886285
1103,0fcaf4ae-7b46-45e5-aa2f-b15f4759e4dc,9,1103,True,2801,2801,159.44694304350242
1104,0fcaf4ae-7b46-45e5-aa2f-b15f4759e4dc,9,1104,True,2830,2830,131.1176023086614
1105,0fcaf4ae-7b46-45e5-aa2f-b15f4759e4dc,9,1105,True,2863,2863,123.32401859910397
1106,0fcaf4ae-7b46-45e5-aa2f-b15f4759e4dc,9,1106,True,2889,2889,147.94855388854057
1107,0fcaf4ae-7b46-45e5-aa2f-b15f4759e4dc,9,1107,True,2913,2913,128.8326540299854
1108,0fcaf4ae-7b46-45e5-aa2f-b15f4759e4dc,9,1108,True,2950,2950,135.1503148512811
1109,0fcaf4ae-7b46-45e5-aa2f-b15f4759e4dc,9,1109,True,2977,2977,128.96577412551142
1110,0fcaf4ae-7b46-45e5-aa2f-b15f4759e4dc,9,1110,True,3008,3008,147.2548003443112
1111,0fcaf4ae-7b46-45e5-aa2f-b15f4759e4dc,9,1111,True,3029,3029,150.09321656687234
1112,0fcaf4ae-7b46-45e5-aa2f-b15f4759e4dc,9,1112,True,3059,3059,147.28016149519908
1113,0fcaf4ae-7b46-45e5-aa2f-b15f4759e4dc,9,1113,True,3087,3087,118.71611467074717
1114,0fcaf4ae-7b46-45e5-aa2f-b15f4759e4dc,9,1114,True,3115,3115,141.11205990392727
1115,0fcaf4ae-7b46-45e5-aa2f-b15f4759e4dc,9,1115,True,3133,3133,148.2927419672601
1116,0fcaf4ae-7b46-45e5-aa2f-b15f4759e4dc,9,1116,True,3166,3166,116.0777471459487
1117,0fcaf4ae-7b46-45e5-aa2f-b15f4759e4dc,9,1117,True,3194,3194,138.8165687808546
1118,0fcaf4ae-7b46-45e5-aa2f-b15f4759e4dc,9,1118,True,3209,3209,146.78847172138194
1119,0fcaf4ae-7b46-45e5-aa2f-b15f4759e4dc,9,1119,True,3236,3236,101.16307400999176
1120,0fcaf4ae-7b46-45e5-aa2f-b15f4759e4dc,9,1120,True,3270,3270,101.77383444236375
1121,0fcaf4ae-7b46-45e5-aa2f-b15f4759e4dc,9,1121,True,3311,3311,110.42477762973567
1122,0fcaf4ae-7b46-45e5-aa2f-b15f4759e4dc,9,1122,True,3340,3340,130.17140812701655
1123,0fcaf4ae-7b46-45e5-aa2f-b15f4759e4dc,9,1123,True,3367,3367,128.41243062652438
1124,0fcaf4ae-7b46-45e5-aa2f-b15f4759e4dc,9,1124,True,3385,3385,141.0776403738987
1125,0fcaf4ae-7b46-45e5-aa2f-b15f4759e4dc,9,1125,True,3417,3417,132.92940360728971
1126,0fcaf4ae-7b46-45e5-aa2f-b15f4759e4dc,9,1126,True,3444,3444,123.11487404511672
1127,0fcaf4ae-7b46-45e5-aa2f-b15f4759e4dc,9,1127,True,3468,3468,109.34312143193074
1128,0fcaf4ae-7b46-45e5-aa2f-b15f4759e4dc,9,1128,True,3498,3498,153.2918258873906
1129,0fcaf4ae-7b46-45e5-aa2f-b15f4759e4dc,9,1129,True,3527,3527,138.23933911052472
1130,0fcaf4ae-7b46-45e5-aa2f-b15f4759e4dc,9,1130,True,3555,3555,111.79645395976968
1131,0fcaf4ae-7b46-45e5-aa2f-b15f4759e4dc,9,1131,True,3592,3592,126.35761836144047
1132,0fcaf4ae-7b46-45e5-aa2f-b15f4759e4dc,9,1132,True,3622,3622,142.06539005826608
1133,0fcaf4ae-7b46-45e5-aa2f-b15f4759e4dc,9,1133,True,3647,3647,117.09994802053052
1134,0fcaf4ae-7b46-45e5-aa2f-b15f4759e4dc,9,1134,True,3678,3678,145.1155853201717
1135,0fcaf4ae-7b46-45e5-aa2f-b15f4759e4dc,9,1135,True,3705,3705,118.89998192203029
1136,0fcaf4ae-7b46-45e5-aa2f-b15f4759e4dc,9,1136,True,3732,3732,149.7450883817878
1137,0fcaf4ae-7b46-45e5-aa2f-b15f4759e4dc,9,1137,True,3752,3752,153.7735761474255
1138,0fcaf4ae-7b46-45e5-aa2f-b15f4759e4dc,9,1138,True,3778,3778,129.64895847209937
1139,0fcaf4ae-7b46-45e5-aa2f-b15f4759e4dc,9,1139,True,3810,3810,148.42243967063223
1140,0fcaf4ae-7b46-45e5-aa2f-b15f4759e4dc,9,1140,True,3836,3836,150.3409735646319
1141,0fcaf4ae-7b46-45e5-aa2f-b15f4759e4dc,9,1141,True,3865,3865,116.34253877422816
1142,0fcaf4ae-7b46-45e5-aa2f-b15f4759e4dc,9,1142,True,3898,3898,137.73861772738155
1143,0fcaf4ae-7b46-45e5-aa2f-b15f4759e4dc,9,1143,True,3927,3927,134.43481677564114
1144,0fcaf4ae-7b46-45e5-aa2f-b15f4759e4dc,9,1144,True,3957,3957,174.96889518205717
1145,0fcaf4ae-7b46-45e5-aa2f-b15f4759e4dc,9,1145,True,3977,3977,155.56957817482999
1146,0fcaf4ae-7b46-45e5-aa2f-b15f4759e4dc,9,1146,True,4000,4000,190.93559259828453
1147,0fcaf4ae-7b46-45e5-aa2f-b15f4759e4dc,9,1147,True,4035,4035,149.8913431456631
1148,0fcaf4ae-7b46-45e5-aa2f-b15f4759e4dc,9,1148,True,4075,4075,191.72157843881905
1149,0fcaf4ae-7b46-45e5-aa2f-b15f4759e4dc,9,1149,True,4102,4102,161.7976597849074
1150,0fcaf4ae-7b46-45e5-aa2f-b15f4759e4dc,9,1150,True,4130,4130,159.33236096181645
1151,0fcaf4ae-7b46-45e5-aa2f-b15f4759e4dc,9,1151,True,4154,4154,163.86909551766803
1152,0fcaf4ae-7b46-45e5-aa2f-b15f4759e4dc,9,1152,True,4189,4189,184.46543902771919
1153,0fcaf4ae-7b46-45e5-aa2f-b15f4759e4dc,9,1153,True,4221,4221,191.84706077704323
1154,0fcaf4ae-7b46-45e5-aa2f-b15f4759e4dc,9,1154,True,4249,4249,167.07585283913613
1155,0fcaf4ae-7b46-45e5-aa2f-b15f4759e4dc,9,1155,True,4278,4278,161.48083079327535
1156,0fcaf4ae-7b46-45e5-aa2f-b15f4759e4dc,9,1156,True,4303,4303,139.59826035900733
1157,0fcaf4ae-7b46-45e5-aa2f-b15f4759e4dc,9,1157,True,4326,4326,165.63008903799164
1158,0fcaf4ae-7b46-45e5-aa2f-b15f4759e4dc,9,1158,True,4354,4354,145.66703482922094
1159,0fcaf4ae-7b46-45e5-aa2f-b15f4759e4dc,9,1159,True,4379,4379,188.08914491294945
1160,0fcaf4ae-7b46-45e5-aa2f-b15f4759e4dc,9,1160,True,4411,4411,147.5987520325407
1161,0fcaf4ae-7b46-45e5-aa2f-b15f4759e4dc,9,1161,True,4439,4439,148.89182861677
1162,0fcaf4ae-7b46-45e5-aa2f-b15f4759e4dc,9,1162,True,4466,4466,164.7418295247462
1163,0fcaf4ae-7b46-45e5-aa2f-b15f4759e4dc,9,1163,True,4487,4487,227.28786501412378
1164,0fcaf4ae-7b46-45e5-aa2f-b15f4759e4dc,9,1164,True,4515,4515,179.21825365234054
1165,0fcaf4ae-7b46-45e5-aa2f-b15f4759e4dc,9,1165,True,4560,4560,158.99114513601944
1166,0fcaf4ae-7b46-45e5-aa2f-b15f4759e4dc,9,1166,True,4585,4585,152.74004847952074
1167,0fcaf4ae-7b46-45e5-aa2f-b15f4759e4dc,9,1167,True,4608,4608,188.79887780019908
1168,0fcaf4ae-7b46-45e5-aa2f-b15f4759e4dc,9,1168,True,4631,4631,210.74236319773445
1169,0fcaf4ae-7b46-45e5-aa2f-b15f4759e4dc,9,1169,True,4657,4657,162.4490548018448
1170,0fcaf4ae-7b46-45e5-aa2f-b15f4759e4dc,9,1170,True,4682,4682,186.27888529801567
1171,0fcaf4ae-7b46-45e5-aa2f-b15f4759e4dc,9,1171,True,4715,4715,160.9130663141732
1172,0fcaf4ae-7b46-45e5-aa2f-b15f4759e4dc,9,1172,True,4741,4741,151.850156084246
1173,0fcaf4ae-7b46-45e5-aa2f-b15f4759e4dc,9,1173,True,4773,4773,148.89930840233774
1174,0fcaf4ae-7b46-45e5-aa2f-b15f4759e4dc,9,1174,True,4802,4802,166.68255519028844
1175,0fcaf4ae-7b46-45e5-aa2f-b15f4759e4dc,9,1175,True,4821,4821,126.82607827918491
1176,0fcaf4ae-7b46-45e5-aa2f-b15f4759e4dc,9,1176,True,4852,4852,141.65677490805137
1177,0fcaf4ae-7b46-45e5-aa2f-b15f4759e4dc,9,1177,True,4884,4884,178.90744856893707
1178,0fcaf4ae-7b46-45e5-aa2f-b15f4759e4dc,9,1178,True,4924,4924,138.90744856893707
1179,0fcaf4ae-7b46-45e5-aa2f-b15f4759e4dc,9,1179,True,4948,4948,173.3053785758184
1180,0fcaf4ae-7b46-45e5-aa2f-b15f4759e4dc,9,1180,True,4972,4972,172.99551288290877
1181,0fcaf4ae-7b46-45e5-aa2f-b15f4759e4dc,9,1181,True,5004,5004,162.85152810623094
1182,0fcaf4ae-7b46-45e5-aa2f-b15f4759e4dc,9,1182,True,5032,5032,138.2046164226531
1183,0fcaf4ae-7b46-45e5-aa2f-b15f4759e4dc,9,1183,True,5058,5058,203.63933760883447
1184,0fcaf4ae-7b46-45e5-aa2f-b15f4759e4dc,9,1184,True,5092,5092,153.36462958201355
1185,0fcaf4ae-7b46-45e5-aa2f-b15f4759e4dc,9,1185,True,5123,5123,203.66356248450757
1186,0fcaf4ae-7b46-45e5-aa2f-b15f4759e4dc,9,1186,True,5160,5160,152.7565055891837
1187,0fcaf4ae-7b46-45e5-aa2f-b15f4759e4dc,9,1187,True,5191,5191,146.64435037930798
1188,0fcaf4ae-7b46-45e5-aa2f-b15f4759e4dc,9,1188,True,5215,5215,121.91247344554904
1189,0fcaf4ae-7b46-45e5-aa2f-b15f4759e4dc,9,1189,True,5237,5237,149.6345755189468
1190,0fcaf4ae-7b46-45e5-aa2f-b15f4759e4dc,9,1190,True,5271,5271,185.79433154752223
1191,0fcaf4ae-7b46-45e5-aa2f-b15f4759e4dc,9,1191,True,5302,5302,109.50821585429094
1192,0fcaf4ae-7b46-45e5-aa2f-b15f4759e4dc,9,1192,True,5341,5341,142.09090953077884
1193,0fcaf4ae-7b46-45e5-aa2f-b15f4759e4dc,9,1193,True,5367,5367,169.24026963224424
1194,0fcaf4ae-7b46-45e5-aa2f-b15f4759e4dc,9,1194,True,5400,5400,144.703430848861
1195,0fcaf4ae-7b46-45e5-aa2f-b15f4759e4dc,9,1195,True,5426,5426,157.91061197277395
1196,0fcaf4ae-7b46-45e5-aa2f-b15f4759e4dc,9,1196,True,5460,5460,123.42872261311823
1197,0fcaf4ae-7b46-45e5-aa2f-b15f4759e4dc,9,1197,True,5487,5487,139.43685599276887
1198,0fcaf4ae-7b46-45e5-aa2f-b15f4759e4dc,9,1198,True,5518,5518,114.70238485063783
1199,0fcaf4ae-7b46-45e5-aa2f-b15f4759e4dc,9,1199,True,5534,5534,164.23749119661352
1200,0fcaf4ae-7b46-45e5-aa2f-b15f4759e4dc,9,1200,True,5565,5565,141.76611325195518
1201,0fcaf4ae-7b46-45e5-aa2f-b15f4759e4dc,9,1201,True,5587,5587,183.55218990813046
1202,0fcaf4ae-7b46-45e5-aa2f-b15f4759e4dc,9,1202,True,5616,5616,142.86999045680113
1203,0fcaf4ae-7b46-45e5-aa2f-b15f4759e4dc,9,1203,True,5637,5637,161.0174921337857
1204,0fcaf4ae-7b46-45e5-aa2f-b15f4759e4dc,9,1204,True,5659,5659,141.53281316420362
1205,0fcaf4ae-7b46-45e5-aa2f-b15f4759e4dc,9,1205,True,5683,5683,141.4283127054523
1206,0fcaf4ae-7b46-45e5-aa2f-b15f4759e4dc,9,1206,True,5713,5713,144.40907159519156
1207,0fcaf4ae-7b46-45e5-aa2f-b15f4759e4dc,9,1207,True,5737,5737,137.17678404177695
1208,0fcaf4ae-7b46-45e5-aa2f-b15f4759e4dc,9,1208,True,5766,5766,171.55176851352553
1209,0fcaf4ae-7b46-45e5-aa2f-b15f4759e4dc,9,1209,True,5802,5802,150.32849890761918
1210,0fcaf4ae-7b46-45e5-aa2f-b15f4759e4dc,9,1210,True,5833,5833,180.22658360570313
1211,0fcaf4ae-7b46-45e5-aa2f-b15f4759e4dc,9,1211,True,5861,5861,180.79023830076858
1212,0fcaf4ae-7b46-45e5-aa2f-b15f4759e4dc,9,1212,True,5886,5886,127.67393452545821
1213,0fcaf4ae-7b46-45e5-aa2f-b15f4759e4dc,9,1213,True,5916,5916,156.29471813995133
1214,0fcaf4ae-7b46-45e5-aa2f-b15f4759e4dc,9,1214,True,5948,5948,144.28788236357377
1215,0fcaf4ae-7b46-45e5-aa2f-b15f4759e4dc,9,1215,True,5966,5966,157.75773504309927
1216,0fcaf4ae-7b46-45e5-aa2f-b15f4759e4dc,9,1216,True,5990,5990,128.29121719849263
1217,0fcaf4ae-7b46-45e5-aa2f-b15f4759e4dc,9,1217,True,6021,6021,144.98898796747017
1218,0fcaf4ae-7b46-45e5-aa2f-b15f4759e4dc,9,1218,True,6038,6038,174.78487706160104
1219,0fcaf4ae-7b46-45e5-aa2f-b15f4759e4dc,9,1219,True,6077,6077,169.09015547640138
1220,0fcaf4ae-7b46-45e5-aa2f-b15f4759e4dc,9,1220,True,6107,6107,157.06173982232212
1221,0fcaf4ae-7b46-45e5-aa2f-b15f4759e4dc,9,1221,True,6130,6130,158.33367916707084
1222,0fcaf4ae-7b46-45e5-aa2f-b15f4759e4dc,9,1222,True,6162,6162,132.89089062813673
1223,0fcaf4ae-7b46-45e5-aa2f-b15f4759e4dc,9,1223,True,6186,6186,150.08140073689538
1224,0fcaf4ae-7b46-45e5-aa2f-b15f4759e4dc,9,1224,True,6204,6204,119.98507728337881
1225,0fcaf4ae-7b46-45e5-aa2f-b15f4759e4dc,9,1225,True,6224,6224,138.76446099774876
1226,0fcaf4ae-7b46-45e5-aa2f-b15f4759e4dc,9,1226,True,6256,6256,119.99921551881289
1227,0fcaf4ae-7b46-45e5-aa2f-b15f4759e4dc,9,1227,True,6282,6282,137.13593474963727
1228,0fcaf4ae-7b46-45e5-aa2f-b15f4759e4dc,9,1228,True,6308,6308,122.42818519008233
1229,0fcaf4ae-7b46-45e5-aa2f-b15f4759e4dc,9,1229,True,6331,6331,135.8021244511965
1230,0fcaf4ae-7b46-45e5-aa2f-b15f4759e4dc,9,1230,True,6355,6355,163.69790180536165
1231,0fcaf4ae-7b46-45e5-aa2f-b15f4759e4dc,9,1231,True,6384,6384,140.18794268379315
1232,0fcaf4ae-7b46-45e5-aa2f-b15f4759e4dc,9,1232,True,6408,6408,196.55857551224653
1233,0fcaf4ae-7b46-45e5-aa2f-b15f4759e4dc,9,1233,True,6437,6437,176.81283231001817
1234,0fcaf4ae-7b46-45e5-aa2f-b15f4759e4dc,9,1234,True,6467,6467,120.37527926879011
1235,0fcaf4ae-7b46-45e5-aa2f-b15f4759e4dc,9,1235,True,6491,6491,200.1377593280704
1236,0fcaf4ae-7b46-45e5-aa2f-b15f4759e4dc,9,1236,True,6522,6522,152.56114985162822
1237,0fcaf4ae-7b46-45e5-aa2f-b15f4759e4dc,9,1237,True,6547,6547,151.8249375330406
1238,0fcaf4ae-7b46-45e5-aa2f-b15f4759e4dc,9,1238,True,6576,6576,184.11903552776675
1239,0fcaf4ae-7b46-45e5-aa2f-b15f4759e4dc,9,1239,True,6615,6615,207.41061204376547
1240,0fcaf4ae-7b46-45e5-aa2f-b15f4759e4dc,9,1240,True,6638,6638,161.10527698812257
1241,0fcaf4ae-7b46-45e5-aa2f-b15f4759e4dc,9,1241,True,6669,6669,201.84110627756127
1242,0fcaf4ae-7b46-45e5-aa2f-b15f4759e4dc,9,1242,True,6695,6695,151.25067295844565
1243,0fcaf4ae-7b46-45e5-aa2f-b15f4759e4dc,9,1243,True,6724,6724,172.66885851086954
1244,0fcaf4ae-7b46-45e5-aa2f-b15f4759e4dc,9,1244,True,6751,6751,148.51186651733224
1245,0fcaf4ae-7b46-45e5-aa2f-b15f4759e4dc,9,1245,True,6777,6777,207.8756060397518
1246,0fcaf4ae-7b46-45e5-aa2f-b15f4759e4dc,9,1246,True,6799,6799,211.98099899332374
1247,0fcaf4ae-7b46-45e5-aa2f-b15f4759e4dc,9,1247,True,6846,6846,191.50375997508036
1248,0fcaf4ae-7b46-45e5-aa2f-b15f4759e4dc,9,1248,True,6865,6865,168.7885451531747
1249,0fcaf4ae-7b46-45e5-aa2f-b15f4759e4dc,9,1249,True,6901,6901,213.8348554628974
1250,0fcaf4ae-7b46-45e5-aa2f-b15f4759e4dc,9,1250,True,6925,6925,215.42217488073584
1251,0fcaf4ae-7b46-45e5-aa2f-b15f4759e4dc,9,1251,True,6956,6956,211.72147184382175
1252,0fcaf4ae-7b46-45e5-aa2f-b15f4759e4dc,9,1252,True,6985,6985,182.84891930555386
1253,0fcaf4ae-7b46-45e5-aa2f-b15f4759e4dc,9,1253,True,7015,7015,200.12426231967856
1254,0fcaf4ae-7b46-45e5-aa2f-b15f4759e4dc,9,1254,True,7046,7046,190.63477745073305
1255,0fcaf4ae-7b46-45e5-aa2f-b15f4759e4dc,9,1255,True,7069,7069,194.907978199838
1256,0fcaf4ae-7b46-45e5-aa2f-b15f4759e4dc,9,1256,True,7101,7101,165.53905714975372
1257,0fcaf4ae-7b46-45e5-aa2f-b15f4759e4dc,9,1257,True,7125,7125,191.0102131500198
1258,0fcaf4ae-7b46-45e5-aa2f-b15f4759e4dc,9,1258,True,7149,7149,198.78170419533944
1259,0fcaf4ae-7b46-45e5-aa2f-b15f4759e4dc,9,1259,True,7166,7166,177.27815524775633
1260,0fcaf4ae-7b46-45e5-aa2f-b15f4759e4dc,9,1260,True,7198,7198,222.4716097445198
1261,0fcaf4ae-7b46-45e5-aa2f-b15f4759e4dc,9,1261,True,7228,7228,170.40057842714577
1262,0fcaf4ae-7b46-45e5-aa2f-b15f4759e4dc,9,1262,True,7266,7266,206.70699124286512
1263,0fcaf4ae-7b46-45e5-aa2f-b15f4759e4dc,9,1263,True,7289,7289,157.75411786867517
1264,0fcaf4ae-7b46-45e5-aa2f-b15f4759e4dc,9,1264,True,7321,7321,183.3738694338017
1265,0fcaf4ae-7b46-45e5-aa2f-b15f4759e4dc,9,1265,True,7349,7349,180.1435234646715
1266,0fcaf4ae-7b46-45e5-aa2f-b15f4759e4dc,9,1266,True,7375,7375,180.46675306175348
1267,0fcaf4ae-7b46-45e5-aa2f-b15f4759e4dc,9,1267,True,7404,7404,154.40061676819187
1268,0fcaf4ae-7b46-45e5-aa2f-b15f4759e4dc,9,1268,True,7428,7428,152.89684641692565
1269,0fcaf4ae-7b46-45e5-aa2f-b15f4759e4dc,9,1269,True,7464,7464,166.74655535046895
1270,0fcaf4ae-7b46-45e5-aa2f-b15f4759e4dc,9,1270,True,7497,7497,160.5521255629974
1271,0fcaf4ae-7b46-45e5-aa2f-b15f4759e4dc,9,1271,True,7527,7527,129.43530530859425
1272,0fcaf4ae-7b46-45e5-aa2f-b15f4759e4dc,9,1272,True,7558,7558,201.07229000594543
1273,0fcaf4ae-7b46-45e5-aa2f-b15f4759e4dc,9,1273,True,7585,7585,154.79038717780622
1274,0fcaf4ae-7b46-45e5-aa2f-b15f4759e4dc,9,1274,True,7623,7623,188.13358130833421
1275,0fcaf4ae-7b46-45e5-aa2f-b15f4759e4dc,9,1275,True,7656,7656,161.8908595023604
1276,0fcaf4ae-7b46-45e5-aa2f-b15f4759e4dc,9,1276,True,7683,7683,151.7275070304413
1277,0fcaf4ae-7b46-45e5-aa2f-b15f4759e4dc,9,1277,True,7707,7707,209.97406517252784
1278,0fcaf4ae-7b46-45e5-aa2f-b15f4759e4dc,9,1278,True,7724,7724,175.20873486958044
1279,0fcaf4ae-7b46-45e5-aa2f-b15f4759e4dc,9,1279,True,7761,7761,151.79796848793376
1280,0fcaf4ae-7b46-45e5-aa2f-b15f4759e4dc,9,1280,True,7793,7793,133.5371799684026
1281,0fcaf4ae-7b46-45e5-aa2f-b15f4759e4dc,9,1281,True,7823,7823,146.2772312589068
1282,0fcaf4ae-7b46-45e5-aa2f-b15f4759e4dc,9,1282,True,7845,7845,133.55704567552493
1283,0fcaf4ae-7b46-45e5-aa2f-b15f4759e4dc,9,1283,True,7863,7863,170.2405175147951
1284,0fcaf4ae-7b46-45e5-aa2f-b15f4759e4dc,9,1284,True,7893,7893,152.34129169000698
1285,0fcaf4ae-7b46-45e5-aa2f-b15f4759e4dc,9,1285,True,7926,7926,174.82854762929674
1286,0fcaf4ae-7b46-45e5-aa2f-b15f4759e4dc,9,1286,True,7946,7946,170.4211117662653
1287,0fcaf4ae-7b46-45e5-aa2f-b15f4759e4dc,9,1287,True,7971,7971,152.98469800633939
1288,0fcaf4ae-7b46-45e5-aa2f-b15f4759e4dc,9,1288,True,7999,7999,215.18140527232572
1289,0fcaf4ae-7b46-45e5-aa2f-b15f4759e4dc,9,1289,True,8024,8024,192.37111475752317
1290,0fcaf4ae-7b46-45e5-aa2f-b15f4759e4dc,9,1290,True,8049,8049,160.94316113219065
1291,0fcaf4ae-7b46-45e5-aa2f-b15f4759e4dc,9,1291,True,8089,8089,176.30523924949375
1292,0fcaf4ae-7b46-45e5-aa2f-b15f4759e4dc,9,1292,True,8114,8114,202.37672580571962
1293,0fcaf4ae-7b46-45e5-aa2f-b15f4759e4dc,9,1293,True,8152,8152,164.37672580571962
1294,0fcaf4ae-7b46-45e5-aa2f-b15f4759e4dc,9,1294,True,8172,8172,170.48359293555768
1295,0fcaf4ae-7b46-45e5-aa2f-b15f4759e4dc,9,1295,True,8201,8201,134.98795742769107
1296,0fcaf4ae-7b46-45e5-aa2f-b15f4759e4dc,9,1296,True,8235,8235,188.58452882238998
1297,0fcaf4ae-7b46-45e5-aa2f-b15f4759e4dc,9,1297,True,8262,8262,203.01171753304334
1298,0fcaf4ae-7b46-45e5-aa2f-b15f4759e4dc,9,1298,True,8284,8284,161.86884903758983
1299,0fcaf4ae-7b46-45e5-aa2f-b15f4759e4dc,9,1299,True,8306,8306,159.01171753304334
1300,0fcaf4ae-7b46-45e5-aa2f-b15f4759e4dc,9,1300,True,8329,8329,148.08331240001098
1301,0fcaf4ae-7b46-45e5-aa2f-b15f4759e4dc,9,1301,True,8351,8351,168.420026794558
1302,0fcaf4ae-7b46-45e5-aa2f-b15f4759e4dc,9,1302,True,8382,8382,145.57444087130898
1303,0fcaf4ae-7b46-45e5-aa2f-b15f4759e4dc,9,1303,True,8410,8410,135.9680746331469
1304,0fcaf4ae-7b46-45e5-aa2f-b15f4759e4dc,9,1304,True,8429,8429,189.26557245908043
1305,0fcaf4ae-7b46-45e5-aa2f-b15f4759e4dc,9,1305,True,8451,8451,176.304708147547
1306,0fcaf4ae-7b46-45e5-aa2f-b15f4759e4dc,9,1306,True,8474,8474,147.56290952909876
1307,0fcaf4ae-7b46-45e5-aa2f-b15f4759e4dc,9,1307,True,8494,8494,190.92565483340877
1308,0fcaf4ae-7b46-45e5-aa2f-b15f4759e4dc,9,1308,True,8522,8522,200.50495900938222
1309,0fcaf4ae-7b46-45e5-aa2f-b15f4759e4dc,9,1309,True,8545,8545,152.9999452999764
1310,0fcaf4ae-7b46-45e5-aa2f-b15f4759e4dc,9,1310,True,8571,8571,173.8282754294214
1311,0fcaf4ae-7b46-45e5-aa2f-b15f4759e4dc,9,1311,True,8601,8601,149.75773073101664
1312,0fcaf4ae-7b46-45e5-aa2f-b15f4759e4dc,9,1312,True,8627,8627,187.105908204323
1313,0fcaf4ae-7b46-45e5-aa2f-b15f4759e4dc,9,1313,True,8655,8655,158.96437331727793
1314,0fcaf4ae-7b46-45e5-aa2f-b15f4759e4dc,9,1314,True,8686,8686,180.0300870747069
1315,0fcaf4ae-7b46-45e5-aa2f-b15f4759e4dc,9,1315,True,8714,8714,168.66208359865595
1316,0fcaf4ae-7b46-45e5-aa2f-b15f4759e4dc,9,1316,True,8749,8749,215.57119814036741
1317,0fcaf4ae-7b46-45e5-aa2f-b15f4759e4dc,9,1317,True,8777,8777,187.57119814036741
1318,0fcaf4ae-7b46-45e5-aa2f-b15f4759e4dc,9,1318,True,8806,8806,219.28406129573523
1319,0fcaf4ae-7b46-45e5-aa2f-b15f4759e4dc,9,1319,True,8831,8831,158.8550798202068
1320,0fcaf4ae-7b46-45e5-aa2f-b15f4759e4dc,9,1320,True,8862,8862,174.75853320022543
1321,0fcaf4ae-7b46-45e5-aa2f-b15f4759e4dc,9,1321,True,8888,8888,149.8817313857926
1322,0fcaf4ae-7b46-45e5-aa2f-b15f4759e4dc,9,1322,True,8911,8911,178.16790531943116
1323,0fcaf4ae-7b46-45e5-aa2f-b15f4759e4dc,9,1323,True,8937,8937,157.39527889711098
1324,0fcaf4ae-7b46-45e5-aa2f-b15f4759e4dc,9,1324,True,8970,8970,201.69045915016432
1325,0fcaf4ae-7b46-45e5-aa2f-b15f4759e4dc,9,1325,True,8997,8997,146.66397660273287
1326,0fcaf4ae-7b46-45e5-aa2f-b15f4759e4dc,9,1326,True,9027,9027,202.73655070960012
1327,0fcaf4ae-7b46-45e5-aa2f-b15f4759e4dc,9,1327,True,9051,9051,151.95073664590018
1328,0fcaf4ae-7b46-45e5-aa2f-b15f4759e4dc,9,1328,True,9082,9082,149.67169113670752
1329,0fcaf4ae-7b46-45e5-aa2f-b15f4759e4dc,9,1329,True,9116,9116,174.4164211122843
1330,0fcaf4ae-7b46-45e5-aa2f-b15f4759e4dc,9,1330,True,9141,9141,193.83396013760284
1331,0fcaf4ae-7b46-45e5-aa2f-b15f4759e4dc,9,1331,True,9168,9168,175.31494938255491
1332,0fcaf4ae-7b46-45e5-aa2f-b15f4759e4dc,9,1332,True,9195,9195,198.1542546256096
1333,0fcaf4ae-7b46-45e5-aa2f-b15f4759e4dc,9,1333,True,9221,9221,167.33438892750382
1334,0fcaf4ae-7b46-45e5-aa2f-b15f4759e4dc,9,1334,True,9257,9257,159.67653118138514
1335,0fcaf4ae-7b46-45e5-aa2f-b15f4759e4dc,9,1335,True,9283,9283,134.11443906006753
1336,0fcaf4ae-7b46-45e5-aa2f-b15f4759e4dc,9,1336,True,9326,9326,145.16022506962145
1337,0fcaf4ae-7b46-45e5-aa2f-b15f4759e4dc,9,1337,True,9356,9356,178.62055053660333
1338,0fcaf4ae-7b46-45e5-aa2f-b15f4759e4dc,9,1338,True,9382,9382,162.96606066134336
1339,0fcaf4ae-7b46-45e5-aa2f-b15f4759e4dc,9,1339,True,9411,9411,175.381983235613
1340,0fcaf4ae-7b46-45e5-aa2f-b15f4759e4dc,9,1340,True,9434,9434,164.58018453738987
1341,0fcaf4ae-7b46-45e5-aa2f-b15f4759e4dc,9,1341,True,9460,9460,137.6723186326417
1342,0fcaf4ae-7b46-45e5-aa2f-b15f4759e4dc,9,1342,True,9486,9486,135.79632434299856
1343,0fcaf4ae-7b46-45e5-aa2f-b15f4759e4dc,9,1343,True,9517,9517,130.49106373239192
1344,0fcaf4ae-7b46-45e5-aa2f-b15f4759e4dc,9,1344,True,9548,9548,156.09193185145887
1345,0fcaf4ae-7b46-45e5-aa2f-b15f4759e4dc,9,1345,True,9571,9571,207.1613431422902
1346,0fcaf4ae-7b46-45e5-aa2f-b15f4759e4dc,9,1346,True,9598,9598,155.38420121642594
1347,0fcaf4ae-7b46-45e5-aa2f-b15f4759e4dc,9,1347,True,9631,9631,171.13854001505752
1348,0fcaf4ae-7b46-45e5-aa2f-b15f4759e4dc,9,1348,True,9659,9659,148.26303510563775
1349,0fcaf4ae-7b46-45e5-aa2f-b15f4759e4dc,9,1349,True,9691,9691,146.69211747438567
1350,0fcaf4ae-7b46-45e5-aa2f-b15f4759e4dc,9,1350,True,9723,9723,115.98982178992082
1351,0fcaf4ae-7b46-45e5-aa2f-b15f4759e4dc,9,1351,True,9756,9756,196.87890062808947
1352,0fcaf4ae-7b46-45e5-aa2f-b15f4759e4dc,9,1352,True,9777,9777,144.61332073839912
1353,0fcaf4ae-7b46-45e5-aa2f-b15f4759e4dc,9,1353,True,9807,9807,145.95223916278155
1354,0fcaf4ae-7b46-45e5-aa2f-b15f4759e4dc,9,1354,True,9829,9829,119.41738198367966
1355,0fcaf4ae-7b46-45e5-aa2f-b15f4759e4dc,9,1355,True,9864,9864,137.9018557365198
1356,0fcaf4ae-7b46-45e5-aa2f-b15f4759e4dc,9,1356,True,9900,9900,172.66177045683253
1357,0fcaf4ae-7b46-45e5-aa2f-b15f4759e4dc,9,1357,True,9929,9929,126.77272085559889
1358,0fcaf4ae-7b46-45e5-aa2f-b15f4759e4dc,9,1358,True,9964,9964,142.61813508778687
1359,0fcaf4ae-7b46-45e5-aa2f-b15f4759e4dc,9,1359,True,9994,9994,131.30673290790946
1360,0fcaf4ae-7b46-45e5-aa2f-b15f4759e4dc,9,1360,True,10021,10021,113.92977971718028
1361,0fcaf4ae-7b46-45e5-aa2f-b15f4759e4dc,9,1361,True,10045,10045,135.35590926371697
1362,0fcaf4ae-7b46-45e5-aa2f-b15f4759e4dc,9,1362,True,10070,10070,132.15271168211257
1363,0fcaf4ae-7b46-45e5-aa2f-b15f4759e4dc,9,1363,True,10093,10093,111.11219927427737
1364,0fcaf4ae-7b46-45e5-aa2f-b15f4759e4dc,9,1364,True,10129,10129,117.92184654907032
1365,0fcaf4ae-7b46-45e5-aa2f-b15f4759e4dc,9,1365,True,10151,10151,105.23287007272302
1366,0fcaf4ae-7b46-45e5-aa2f-b15f4759e4dc,9,1366,True,10182,10182,117.38096849620524
1367,0fcaf4ae-7b46-45e5-aa2f-b15f4759e4dc,9,1367,True,10215,10215,114.24785116583917
1368,0fcaf4ae-7b46-45e5-aa2f-b15f4759e4dc,9,1368,True,10248,10248,198.31716109125773
1369,0fcaf4ae-7b46-45e5-aa2f-b15f4759e4dc,9,1369,True,10279,10279,115.07764878246962
1370,0fcaf4ae-7b46-45e5-aa2f-b15f4759e4dc,9,1370,True,10317,10317,129.31716109125773
1371,0fcaf4ae-7b46-45e5-aa2f-b15f4759e4dc,9,1371,True,10342,10342,148.2944322887779
1372,0fcaf4ae-7b46-45e5-aa2f-b15f4759e4dc,9,1372,True,10364,10364,133.59725072601395
1373,0fcaf4ae-7b46-45e5-aa2f-b15f4759e4dc,9,1373,True,10387,10387,129.52668683775846
1374,0fcaf4ae-7b46-45e5-aa2f-b15f4759e4dc,9,1374,True,10411,10411,186.73160741809443
1375,0fcaf4ae-7b46-45e5-aa2f-b15f4759e4dc,9,1375,True,10444,10444,151.87412829778805
1376,0fcaf4ae-7b46-45e5-aa2f-b15f4759e4dc,9,1376,True,10476,10476,174.15149032379122
1377,0fcaf4ae-7b46-45e5-aa2f-b15f4759e4dc,9,1377,True,10495,10495,130.46309409576315
1378,0fcaf4ae-7b46-45e5-aa2f-b15f4759e4dc,9,1378,True,10521,10521,185.55964787605626
1379,0fcaf4ae-7b46-45e5-aa2f-b15f4759e4dc,9,1379,True,10544,10544,129.66514546403596
1380,0fcaf4ae-7b46-45e5-aa2f-b15f4759e4dc,9,1380,True,10569,10569,189.1097431291255
1381,0fcaf4ae-7b46-45e5-aa2f-b15f4759e4dc,9,1381,True,10604,10604,122.04798416104131
1382,0fcaf4ae-7b46-45e5-aa2f-b15f4759e4dc,9,1382,True,10637,10637,134.33289617191622
1383,0fcaf4ae-7b46-45e5-aa2f-b15f4759e4dc,9,1383,True,10661,10661,114.50182079826118
1384,0fcaf4ae-7b46-45e5-aa2f-b15f4759e4dc,9,1384,True,10679,10679,195.39857418731663
1385,0fcaf4ae-7b46-45e5-aa2f-b15f4759e4dc,9,1385,True,10702,10702,142.75159875133068
1386,0fcaf4ae-7b46-45e5-aa2f-b15f4759e4dc,9,1386,True,10728,10728,146.39857418731663
1387,0fcaf4ae-7b46-45e5-aa2f-b15f4759e4dc,9,1387,True,10761,10761,195.55030163506126
1388,0fcaf4ae-7b46-45e5-aa2f-b15f4759e4dc,9,1388,True,10786,10786,238.85492742535826
1389,0fcaf4ae-7b46-45e5-aa2f-b15f4759e4dc,9,1389,True,10809,10809,215.85492742535826
1390,0fcaf4ae-7b46-45e5-aa2f-b15f4759e4dc,9,1390,True,10841,10841,229.35673645206225
1391,0fcaf4ae-7b46-45e5-aa2f-b15f4759e4dc,9,1391,True,10873,10873,176.82585089444
1392,0fcaf4ae-7b46-45e5-aa2f-b15f4759e4dc,9,1392,True,10907,10907,199.6936356226579
1393,0fcaf4ae-7b46-45e5-aa2f-b15f4759e4dc,9,1393,True,10936,10936,185.16602386421982
1394,0fcaf4ae-7b46-45e5-aa2f-b15f4759e4dc,9,1394,True,10970,10970,190.65194702207555
1395,0fcaf4ae-7b46-45e5-aa2f-b15f4759e4dc,9,1395,True,11002,11002,167.23702689034326
1396,0fcaf4ae-7b46-45e5-aa2f-b15f4759e4dc,9,1396,True,11033,11033,174.49639476435186
1397,0fcaf4ae-7b46-45e5-aa2f-b15f4759e4dc,9,1397,True,11056,11056,151.49639476435186
1398,0fcaf4ae-7b46-45e5-aa2f-b15f4759e4dc,9,1398,True,11093,11093,149.9847424456093
1399,0fcaf4ae-7b46-45e5-aa2f-b15f4759e4dc,9,1399,True,11118,11118,116.31676557001083
1400,0fcaf4ae-7b46-45e5-aa2f-b15f4759e4dc,9,1400,True,11151,11151,134.34450938135342
1401,0fcaf4ae-7b46-45e5-aa2f-b15f4759e4dc,9,1401,True,11180,11180,154.5562329556451
1402,0fcaf4ae-7b46-45e5-aa2f-b15f4759e4dc,9,1402,True,11207,11207,136.56687083787438
1403,0fcaf4ae-7b46-45e5-aa2f-b15f4759e4dc,9,1403,True,11238,11238,123.49344953610125
1404,0fcaf4ae-7b46-45e5-aa2f-b15f4759e4dc,9,1404,True,11276,11276,94.3875819147579
1405,0fcaf4ae-7b46-45e5-aa2f-b15f4759e4dc,9,1405,True,11304,11304,96.687103858927
1406,0fcaf4ae-7b46-45e5-aa2f-b15f4759e4dc,9,1406,True,11335,11335,138.26452691489067
1407,0fcaf4ae-7b46-45e5-aa2f-b15f4759e4dc,9,1407,True,11359,11359,117.16910625822493
1408,0fcaf4ae-7b46-45e5-aa2f-b15f4759e4dc,9,1408,True,11389,11389,163.31955315215055
1409,0fcaf4ae-7b46-45e5-aa2f-b15f4759e4dc,9,1409,True,11411,11411,114.9516929322399
1410,0fcaf4ae-7b46-45e5-aa2f-b15f4759e4dc,9,1410,True,11438,11438,159.07965955666623
1411,0fcaf4ae-7b46-45e5-aa2f-b15f4759e4dc,9,1411,True,11472,11472,149.23786860004657
1412,0fcaf4ae-7b46-45e5-aa2f-b15f4759e4dc,9,1412,True,11501,11501,133.45837612003015
1413,0fcaf4ae-7b46-45e5-aa2f-b15f4759e4dc,9,1413,True,11542,11542,133.6237867349264
1414,0fcaf4ae-7b46-45e5-aa2f-b15f4759e4dc,9,1414,True,11570,11570,154.62843842105576
1415,0fcaf4ae-7b46-45e5-aa2f-b15f4759e4dc,9,1415,True,11591,11591,123.41574650908478
1416,0fcaf4ae-7b46-45e5-aa2f-b15f4759e4dc,9,1416,True,11620,11620,130.34823951012368
1417,0fcaf4ae-7b46-45e5-aa2f-b15f4759e4dc,9,1417,True,11645,11645,139.1896025335027
1418,0fcaf4ae-7b46-45e5-aa2f-b15f4759e4dc,9,1418,True,11664,11664,137.86771855443112
1419,0fcaf4ae-7b46-45e5-aa2f-b15f4759e4dc,9,1419,True,11694,11694,116.53973336073977
1420,0fcaf4ae-7b46-45e5-aa2f-b15f4759e4dc,9,1420,True,11716,11716,111.90286109687622
1421,0fcaf4ae-7b46-45e5-aa2f-b15f4759e4dc,9,1421,True,11740,11740,144.07671224173828
1422,0fcaf4ae-7b46-45e5-aa2f-b15f4759e4dc,9,1422,True,11776,11776,102.66238228802285
1423,0fcaf4ae-7b46-45e5-aa2f-b15f4759e4dc,9,1423,True,11810,11810,125.68089683795006
1424,0fcaf4ae-7b46-45e5-aa2f-b15f4759e4dc,9,1424,True,11835,11835,174.7695805620824
1425,0fcaf4ae-7b46-45e5-aa2f-b15f4759e4dc,9,1425,True,11854,11854,144.04418585966596
1426,0fcaf4ae-7b46-45e5-aa2f-b15f4759e4dc,9,1426,True,11872,11872,137.7695805620824
1427,0fcaf4ae-7b46-45e5-aa2f-b15f4759e4dc,9,1427,True,11895,11895,161.37920334917908
1428,0fcaf4ae-7b46-45e5-aa2f-b15f4759e4dc,9,1428,True,11919,11919,109.42126988555538
1429,0fcaf4ae-7b46-45e5-aa2f-b15f4759e4dc,9,1429,True,11941,11941,144.2859137337764
1430,0fcaf4ae-7b46-45e5-aa2f-b15f4759e4dc,9,1430,True,11965,11965,125.83972826270292
1431,0fcaf4ae-7b46-45e5-aa2f-b15f4759e4dc,9,1431,True,11990,11990,116.62426166041587
1432,0fcaf4ae-7b46-45e5-aa2f-b15f4759e4dc,9,1432,True,12013,12013,196.98261622302743
1433,0fcaf4ae-7b46-45e5-aa2f-b15f4759e4dc,9,1433,True,12037,12037,146.75682694278294
1434,0fcaf4ae-7b46-45e5-aa2f-b15f4759e4dc,9,1434,True,12068,12068,165.83350413814696
1435,0fcaf4ae-7b46-45e5-aa2f-b15f4759e4dc,9,1435,True,12091,12091,144.29042641573142
1436,0fcaf4ae-7b46-45e5-aa2f-b15f4759e4dc,9,1436,True,12112,12112,197.14782629424008
1437,0fcaf4ae-7b46-45e5-aa2f-b15f4759e4dc,9,1437,True,12147,12147,138.82502166828817
1438,0fcaf4ae-7b46-45e5-aa2f-b15f4759e4dc,9,1438,True,12166,12166,171.0438887934124
1439,0fcaf4ae-7b46-45e5-aa2f-b15f4759e4dc,9,1439,True,12191,12191,155.8308671251143
1440,0fcaf4ae-7b46-45e5-aa2f-b15f4759e4dc,9,1440,True,12224,12224,186.79488569289242
1441,0fcaf4ae-7b46-45e5-aa2f-b15f4759e4dc,9,1441,True,12253,12253,159.85673781023797
1442,0fcaf4ae-7b46-45e5-aa2f-b15f4759e4dc,9,1442,True,12274,12274,111.26526777479012
1443,0fcaf4ae-7b46-45e5-aa2f-b15f4759e4dc,9,1443,True,12298,12298,166.67698473838027
1444,0fcaf4ae-7b46-45e5-aa2f-b15f4759e4dc,9,1444,True,12317,12317,185.1697525702166
1445,0fcaf4ae-7b46-45e5-aa2f-b15f4759e4dc,9,1445,True,12342,12342,162.61568019611332
1446,0fcaf4ae-7b46-45e5-aa2f-b15f4759e4dc,9,1446,True,12359,12359,333.6930843000082
1447,0fcaf4ae-7b46-45e5-aa2f-b15f4759e4dc,9,1447,True,12386,12386,282.457223454594
1448,0fcaf4ae-7b46-45e5-aa2f-b15f4759e4dc,9,1448,True,12415,12415,277.85557814688764
1449,0fcaf4ae-7b46-45e5-aa2f-b15f4759e4dc,9,1449,True,12440,12440,298.60468324251997
1450,0fcaf4ae-7b46-45e5-aa2f-b15f4759e4dc,9,1450,True,12475,12475,263.60468324251997
1451,0fcaf4ae-7b46-45e5-aa2f-b15f4759e4dc,9,1451,True,12497,12497,260.4302248827935
1452,0fcaf4ae-7b46-45e5-aa2f-b15f4759e4dc,9,1452,True,12529,12529,264.83043072557666
1453,0fcaf4ae-7b46-45e5-aa2f-b15f4759e4dc,9,1453,True,12556,12556,226.05492106778183
1454,0fcaf4ae-7b46-45e5-aa2f-b15f4759e4dc,9,1454,True,12582,12582,198.3989553895044
1455,0fcaf4ae-7b46-45e5-aa2f-b15f4759e4dc,9,1455,True,12608,12608,218.43605891966945
1456,0fcaf4ae-7b46-45e5-aa2f-b15f4759e4dc,9,1456,True,12635,12635,263.0491530840336
1457,0fcaf4ae-7b46-45e5-aa2f-b15f4759e4dc,9,1457,True,12656,12656,254.4693390124212
1458,0fcaf4ae-7b46-45e5-aa2f-b15f4759e4dc,9,1458,True,12696,12696,285.3116054137263
1459,0fcaf4ae-7b46-45e5-aa2f-b15f4759e4dc,9,1459,True,12725,12725,239.10037527961867
1460,0fcaf4ae-7b46-45e5-aa2f-b15f4759e4dc,9,1460,True,12753,12753,176.52908505353844
1461,0fcaf4ae-7b46-45e5-aa2f-b15f4759e4dc,9,1461,True,12776,12776,188.10037527961867
1462,0fcaf4ae-7b46-45e5-aa2f-b15f4759e4dc,9,1462,True,12802,12802,178.95616903728478
1463,0fcaf4ae-7b46-45e5-aa2f-b15f4759e4dc,9,1463,True,12823,12823,194.26139037464782
1464,0fcaf4ae-7b46-45e5-aa2f-b15f4759e4dc,9,1464,True,12845,12845,200.49958880224585
1465,0fcaf4ae-7b46-45e5-aa2f-b15f4759e4dc,9,1465,True,12868,12868,201.05524125781994
1466,0fcaf4ae-7b46-45e5-aa2f-b15f4759e4dc,9,1466,True,12901,12901,196.71825148577227
1467,0fcaf4ae-7b46-45e5-aa2f-b15f4759e4dc,9,1467,True,12930,12930,203.97970670156792
1468,0fcaf4ae-7b46-45e5-aa2f-b15f4759e4dc,9,1468,True,12956,12956,224.4604434419689
1469,0fcaf4ae-7b46-45e5-aa2f-b15f4759e4dc,9,1469,True,12982,12982,151.97970670156792
1470,0fcaf4ae-7b46-45e5-aa2f-b15f4759e4dc,9,1470,True,13011,13011,171.7005201206448
1471,0fcaf4ae-7b46-45e5-aa2f-b15f4759e4dc,9,1471,True,13044,13044,153.55969283073682
1472,0fcaf4ae-7b46-45e5-aa2f-b15f4759e4dc,9,1472,True,13074,13074,151.14270548963577
1473,0fcaf4ae-7b46-45e5-aa2f-b15f4759e4dc,9,1473,True,13097,13097,135.75180610496318
1474,0fcaf4ae-7b46-45e5-aa2f-b15f4759e4dc,9,1474,True,13121,13121,179.33066759546273
1475,0fcaf4ae-7b46-45e5-aa2f-b15f4759e4dc,9,1475,True,13154,13154,155.49205528299535
1476,0fcaf4ae-7b46-45e5-aa2f-b15f4759e4dc,9,1476,True,13186,13186,141.95227966599487
1477,0fcaf4ae-7b46-45e5-aa2f-b15f4759e4dc,9,1477,True,13213,13213,143.49917829126025
1478,0fcaf4ae-7b46-45e5-aa2f-b15f4759e4dc,9,1478,True,13232,13232,144.55987626281058
1479,0fcaf4ae-7b46-45e5-aa2f-b15f4759e4dc,9,1479,True,13269,13269,142.53115025193438
1480,0fcaf4ae-7b46-45e5-aa2f-b15f4759e4dc,9,1480,True,13293,13293,130.52775760985787
1481,0fcaf4ae-7b46-45e5-aa2f-b15f4759e4dc,9,1481,True,13320,13320,148.37629107271096
1482,0fcaf4ae-7b46-45e5-aa2f-b15f4759e4dc,9,1482,True,13352,13352,130.75974973051052
1483,0fcaf4ae-7b46-45e5-aa2f-b15f4759e4dc,9,1483,True,13380,13380,137.94335542541194
1484,0fcaf4ae-7b46-45e5-aa2f-b15f4759e4dc,9,1484,True,13412,13412,122.08416413055238
1485,0fcaf4ae-7b46-45e5-aa2f-b15f4759e4dc,9,1485,True,13446,13446,126.44686082499175
1486,0fcaf4ae-7b46-45e5-aa2f-b15f4759e4dc,9,1486,True,13471,13471,139.55485213300744
1487,0fcaf4ae-7b46-45e5-aa2f-b15f4759e4dc,9,1487,True,13499,13499,123.29503839150675
1488,0fcaf4ae-7b46-45e5-aa2f-b15f4759e4dc,9,1488,True,13515,13515,155.141953375698
1489,0fcaf4ae-7b46-45e5-aa2f-b15f4759e4dc,9,1489,True,13544,13544,135.32396753532157
1490,0fcaf4ae-7b46-45e5-aa2f-b15f4759e4dc,9,1490,True,13578,13578,153.79550484648098
1491,0fcaf4ae-7b46-45e5-aa2f-b15f4759e4dc,9,1491,True,13601,13601,133.31045489255303
1492,0fcaf4ae-7b46-45e5-aa2f-b15f4759e4dc,9,1492,True,13632,13632,148.04135616305211
1493,0fcaf4ae-7b46-45e5-aa2f-b15f4759e4dc,9,1493,True,13661,13661,134.5138867937585
1494,0fcaf4ae-7b46-45e5-aa2f-b15f4759e4dc,9,1494,True,13683,13683,121.652012340297
1495,0fcaf4ae-7b46-45e5-aa2f-b15f4759e4dc,9,1495,True,13716,13716,104.04967874802787
1496,0fcaf4ae-7b46-45e5-aa2f-b15f4759e4dc,9,1496,True,13748,13748,112.72067795663497
1497,0fcaf4ae-7b46-45e5-aa2f-b15f4759e4dc,9,1497,True,13780,13780,171.91430121286066
1498,0fcaf4ae-7b46-45e5-aa2f-b15f4759e4dc,9,1498,True,13811,13811,172.7458778701439
1499,0fcaf4ae-7b46-45e5-aa2f-b15f4759e4dc,9,1499,True,13848,13848,209.0408242603553
1500,0fcaf4ae-7b46-45e5-aa2f-b15f4759e4dc,9,1500,True,13866,13866,191.0408242603553
1501,0fcaf4ae-7b46-45e5-aa2f-b15f4759e4dc,9,1501,True,13899,13899,207.9674391691824
1502,0fcaf4ae-7b46-45e5-aa2f-b15f4759e4dc,9,1502,True,13931,13931,245.74592996822685
1503,0fcaf4ae-7b46-45e5-aa2f-b15f4759e4dc,9,1503,True,13956,13956,206.54737456734983
1504,0fcaf4ae-7b46-45e5-aa2f-b15f4759e4dc,9,1504,True,13997,13997,179.74592996822685
1505,0fcaf4ae-7b46-45e5-aa2f-b15f4759e4dc,9,1505,True,14035,14035,203.77099844767326
1506,0fcaf4ae-7b46-45e5-aa2f-b15f4759e4dc,9,1506,True,14064,14064,159.91683663837102
1507,0fcaf4ae-7b46-45e5-aa2f-b15f4759e4dc,9,1507,True,14089,14089,163.32448460132946
1508,0fcaf4ae-7b46-45e5-aa2f-b15f4759e4dc,9,1508,True,14121,14121,181.85756207183113
1509,0fcaf4ae-7b46-45e5-aa2f-b15f4759e4dc,9,1509,True,14152,14152,153.5968482030039
1510,0fcaf4ae-7b46-45e5-aa2f-b15f4759e4dc,9,1510,True,14177,14177,151.72409164390774
1511,0fcaf4ae-7b46-45e5-aa2f-b15f4759e4dc,9,1511,True,14204,14204,148.15416925627142
1512,0fcaf4ae-7b46-45e5-aa2f-b15f4759e4dc,9,1512,True,14229,14229,173.2275749618293
1513,0fcaf4ae-7b46-45e5-aa2f-b15f4759e4dc,9,1513,True,14267,14267,169.6165327967392
1514,0fcaf4ae-7b46-45e5-aa2f-b15f4759e4dc,9,1514,True,14293,14293,140.16958612873896
1515,0fcaf4ae-7b46-45e5-aa2f-b15f4759e4dc,9,1515,True,14310,14310,178.03605263145437
1516,0fcaf4ae-7b46-45e5-aa2f-b15f4759e4dc,9,1516,True,14332,14332,155.6827692682018
1517,0fcaf4ae-7b46-45e5-aa2f-b15f4759e4dc,9,1517,True,14359,14359,178.5349536146623
1518,0fcaf4ae-7b46-45e5-aa2f-b15f4759e4dc,9,1518,True,14382,14382,130.30781519553238
1519,0fcaf4ae-7b46-45e5-aa2f-b15f4759e4dc,9,1519,True,14412,14412,192.65718026263494
1520,0fcaf4ae-7b46-45e5-aa2f-b15f4759e4dc,9,1520,True,14444,14444,211.8625440784872
1521,0fcaf4ae-7b46-45e5-aa2f-b15f4759e4dc,9,1521,True,14480,14480,175.8625440784872
1522,0fcaf4ae-7b46-45e5-aa2f-b15f4759e4dc,9,1522,True,14512,14512,204.54403097042996
1523,0fcaf4ae-7b46-45e5-aa2f-b15f4759e4dc,9,1523,True,14542,14542,178.64273980855796
1524,0fcaf4ae-7b46-45e5-aa2f-b15f4759e4dc,9,1524,True,14568,14568,205.078908825526
1525,0fcaf4ae-7b46-45e5-aa2f-b15f4759e4dc,9,1525,True,14593,14593,153.48781950062767
1526,0fcaf4ae-7b46-45e5-aa2f-b15f4759e4dc,9,1526,True,14617,14617,217.47697008930663
1527,0fcaf4ae-7b46-45e5-aa2f-b15f4759e4dc,9,1527,True,14639,14639,196.98400721767575
1528,0fcaf4ae-7b46-45e5-aa2f-b15f4759e4dc,9,1528,True,14666,14666,238.9462822498408
1529,0fcaf4ae-7b46-45e5-aa2f-b15f4759e4dc,9,1529,True,14686,14686,235.38345358714105
1530,0fcaf4ae-7b46-45e5-aa2f-b15f4759e4dc,9,1530,True,14714,14714,190.9462822498408
1531,0fcaf4ae-7b46-45e5-aa2f-b15f4759e4dc,9,1531,True,14742,14742,179.38345358714105
1532,0fcaf4ae-7b46-45e5-aa2f-b15f4759e4dc,9,1532,True,14771,14771,161.8260776918887
1533,0fcaf4ae-7b46-45e5-aa2f-b15f4759e4dc,9,1533,True,14793,14793,179.79414677747445
1534,0fcaf4ae-7b46-45e5-aa2f-b15f4759e4dc,9,1534,True,14821,14821,157.76299860216932
1535,0fcaf4ae-7b46-45e5-aa2f-b15f4759e4dc,9,1535,True,14846,14846,177.09202812086733
1536,0fcaf4ae-7b46-45e5-aa2f-b15f4759e4dc,9,1536,True,14879,14879,156.2638233073103
1537,0fcaf4ae-7b46-45e5-aa2f-b15f4759e4dc,9,1537,True,14909,14909,169.107243495102
1538,0fcaf4ae-7b46-45e5-aa2f-b15f4759e4dc,9,1538,True,14935,14935,147.96606942863946
1539,0fcaf4ae-7b46-45e5-aa2f-b15f4759e4dc,9,1539,True,14968,14968,161.9652872038714
1540,0fcaf4ae-7b46-45e5-aa2f-b15f4759e4dc,9,1540,True,14997,14997,137.8459359133085
1541,0fcaf4ae-7b46-45e5-aa2f-b15f4759e4dc,9,1541,True,15020,15020,163.11653893712355
1542,0fcaf4ae-7b46-45e5-aa2f-b15f4759e4dc,9,1542,True,15049,15049,139.25231669156892
1543,0fcaf4ae-7b46-45e5-aa2f-b15f4759e4dc,9,1543,True,15077,15077,149.22320544259128
1544,0fcaf4ae-7b46-45e5-aa2f-b15f4759e4dc,9,1544,True,15099,15099,178.48046841193354
1545,0fcaf4ae-7b46-45e5-aa2f-b15f4759e4dc,9,1545,True,15126,15126,160.65511819237872
1546,0fcaf4ae-7b46-45e5-aa2f-b15f4759e4dc,9,1546,True,15142,15142,151.54819139054234
1547,0fcaf4ae-7b46-45e5-aa2f-b15f4759e4dc,9,1547,True,15173,15173,164.40811422919433
1548,0fcaf4ae-7b46-45e5-aa2f-b15f4759e4dc,9,1548,True,15196,15196,116.2123994504982
1549,0fcaf4ae-7b46-45e5-aa2f-b15f4759e4dc,9,1549,True,15220,15220,159.21724999421167
1550,0fcaf4ae-7b46-45e5-aa2f-b15f4759e4dc,9,1550,True,15245,15245,119.33709364615424
1551,0fcaf4ae-7b46-45e5-aa2f-b15f4759e4dc,9,1551,True,15278,15278,136.296796792647
1552,0fcaf4ae-7b46-45e5-aa2f-b15f4759e4dc,9,1552,True,15303,15303,112.4887592790219
1553,0fcaf4ae-7b46-45e5-aa2f-b15f4759e4dc,9,1553,True,15336,15336,130.6578901142093
1554,0fcaf4ae-7b46-45e5-aa2f-b15f4759e4dc,9,1554,True,15359,15359,108.9283488121946
1555,0fcaf4ae-7b46-45e5-aa2f-b15f4759e4dc,9,1555,True,15386,15386,130.06109714938066
1556,0fcaf4ae-7b46-45e5-aa2f-b15f4759e4dc,9,1556,True,15420,15420,136.65540419236095
1557,0fcaf4ae-7b46-45e5-aa2f-b15f4759e4dc,9,1557,True,15446,15446,119.68548570556231
1558,0fcaf4ae-7b46-45e5-aa2f-b15f4759e4dc,9,1558,True,15479,15479,111.83963231792222
1559,0fcaf4ae-7b46-45e5-aa2f-b15f4759e4dc,9,1559,True,15506,15506,110.07454511443211
1560,0fcaf4ae-7b46-45e5-aa2f-b15f4759e4dc,9,1560,True,15544,15544,113.4047514981412
1561,0fcaf4ae-7b46-45e5-aa2f-b15f4759e4dc,9,1561,True,15582,15582,138.47179378739565
1562,0fcaf4ae-7b46-45e5-aa2f-b15f4759e4dc,9,1562,True,15610,15610,109.2769356439967
1563,0fcaf4ae-7b46-45e5-aa2f-b15f4759e4dc,9,1563,True,15637,15637,154.37854236675594
1564,0fcaf4ae-7b46-45e5-aa2f-b15f4759e4dc,9,1564,True,15659,15659,114.60801887673188
1565,0fcaf4ae-7b46-45e5-aa2f-b15f4759e4dc,9,1565,True,15690,15690,125.84731727648068
1566,0fcaf4ae-7b46-45e5-aa2f-b15f4759e4dc,9,1566,True,15716,15716,121.29172705626843
1567,0fcaf4ae-7b46-45e5-aa2f-b15f4759e4dc,9,1567,True,15745,15745,126.78521747011109
1568,0fcaf4ae-7b46-45e5-aa2f-b15f4759e4dc,9,1568,True,15775,15775,130.8586039032125
1569,0fcaf4ae-7b46-45e5-aa2f-b15f4759e4dc,9,1569,True,15800,15800,189.03163834849147
1570,0fcaf4ae-7b46-45e5-aa2f-b15f4759e4dc,9,1570,True,15826,15826,167.1803623424512
1571,0fcaf4ae-7b46-45e5-aa2f-b15f4759e4dc,9,1571,True,15859,15859,141.73805461594566
1572,0fcaf4ae-7b46-45e5-aa2f-b15f4759e4dc,9,1572,True,15885,15885,158.18674745862154
1573,0fcaf4ae-7b46-45e5-aa2f-b15f4759e4dc,9,1573,True,15905,15905,198.06026447298063
1574,0fcaf4ae-7b46-45e5-aa2f-b15f4759e4dc,9,1574,True,15931,15931,157.64024681895353
1575,0fcaf4ae-7b46-45e5-aa2f-b15f4759e4dc,9,1575,True,15961,15961,169.14937992328305
1576,0fcaf4ae-7b46-45e5-aa2f-b15f4759e4dc,9,1576,True,15987,15987,153.80030491983598
1577,0fcaf4ae-7b46-45e5-aa2f-b15f4759e4dc,9,1577,True,16009,16009,132.45186622656547
1578,0fcaf4ae-7b46-45e5-aa2f-b15f4759e4dc,9,1578,True,16024,16024,132.13865246345995
1579,0fcaf4ae-7b46-45e5-aa2f-b15f4759e4dc,9,1579,True,16046,16046,122.25769911922544
1580,0fcaf4ae-7b46-45e5-aa2f-b15f4759e4dc,9,1580,True,16075,16075,167.26851815695045
1581,0fcaf4ae-7b46-45e5-aa2f-b15f4759e4dc,9,1581,True,16103,16103,141.07199648564347
1582,0fcaf4ae-7b46-45e5-aa2f-b15f4759e4dc,9,1582,True,16144,16144,150.99882651212283
1583,0fcaf4ae-7b46-45e5-aa2f-b15f4759e4dc,9,1583,True,16181,16181,169.58067415408004
1584,0fcaf4ae-7b46-45e5-aa2f-b15f4759e4dc,9,1584,True,16211,16211,136.78891563869365
1585,0fcaf4ae-7b46-45e5-aa2f-b15f4759e4dc,9,1585,True,16243,16243,124.08027669619878
1586,0fcaf4ae-7b46-45e5-aa2f-b15f4759e4dc,9,1586,True,16274,16274,127.21759258041493
1587,0fcaf4ae-7b46-45e5-aa2f-b15f4759e4dc,9,1587,True,16302,16302,116.1291093515938
1588,0fcaf4ae-7b46-45e5-aa2f-b15f4759e4dc,9,1588,True,16329,16329,149.23216946343382
1589,0fcaf4ae-7b46-45e5-aa2f-b15f4759e4dc,9,1589,True,16366,16366,155.99425865420926
1590,0fcaf4ae-7b46-45e5-aa2f-b15f4759e4dc,9,1590,True,16400,16400,190.2222408598427
1591,0fcaf4ae-7b46-45e5-aa2f-b15f4759e4dc,9,1591,True,16428,16428,141.3851517004514
1592,0fcaf4ae-7b46-45e5-aa2f-b15f4759e4dc,9,1592,True,16457,16457,137.77933176079387
1593,0fcaf4ae-7b46-45e5-aa2f-b15f4759e4dc,9,1593,True,16499,16499,124.3960028794827
1594,0fcaf4ae-7b46-45e5-aa2f-b15f4759e4dc,9,1594,True,16530,16530,166.0197461412281
1595,0fcaf4ae-7b46-45e5-aa2f-b15f4759e4dc,9,1595,True,16560,16560,187.3321421545079
1596,0fcaf4ae-7b46-45e5-aa2f-b15f4759e4dc,9,1596,True,16599,16599,161.041065661233
1597,0fcaf4ae-7b46-45e5-aa2f-b15f4759e4dc,9,1597,True,16632,16632,173.48377808372607
1598,0fcaf4ae-7b46-45e5-aa2f-b15f4759e4dc,9,1598,True,16661,16661,136.70726224454847
1599,0fcaf4ae-7b46-45e5-aa2f-b15f4759e4dc,9,1599,True,16692,16692,173.96029661177818
1600,0fcaf4ae-7b46-45e5-aa2f-b15f4759e4dc,9,1600,True,16730,16730,161.53110895851205
1601,0fcaf4ae-7b46-45e5-aa2f-b15f4759e4dc,9,1601,True,16760,16760,132.3060828111702
1602,0fcaf4ae-7b46-45e5-aa2f-b15f4759e4dc,9,1602,True,16785,16785,121.41738401866678
1603,0fcaf4ae-7b46-45e5-aa2f-b15f4759e4dc,9,1603,True,16811,16811,136.21465722932408
1604,0fcaf4ae-7b46-45e5-aa2f-b15f4759e4dc,9,1604,True,16833,16833,115.99331649059968
1605,0fcaf4ae-7b46-45e5-aa2f-b15f4759e4dc,9,1605,True,16852,16852,144.1104769522899
1606,0fcaf4ae-7b46-45e5-aa2f-b15f4759e4dc,9,1606,True,16872,16872,135.64668247820373
1607,0fcaf4ae-7b46-45e5-aa2f-b15f4759e4dc,9,1607,True,16902,16902,156.95185913765818
1608,0fcaf4ae-7b46-45e5-aa2f-b15f4759e4dc,9,1608,True,16924,16924,156.50062431365586
1609,0fcaf4ae-7b46-45e5-aa2f-b15f4759e4dc,9,1609,True,16970,16970,149.96591021265704
1610,0fcaf4ae-7b46-45e5-aa2f-b15f4759e4dc,9,1610,True,17007,17007,147.17153104123645
1611,0fcaf4ae-7b46-45e5-aa2f-b15f4759e4dc,9,1611,True,17023,17023,173.84960542682165
1612,0fcaf4ae-7b46-45e5-aa2f-b15f4759e4dc,9,1612,True,17052,17052,131.84463525473984
1613,0fcaf4ae-7b46-45e5-aa2f-b15f4759e4dc,9,1613,True,17077,17077,142.22662356613364
1614,0fcaf4ae-7b46-45e5-aa2f-b15f4759e4dc,9,1614,True,17106,17106,153.05919927855211
1615,0fcaf4ae-7b46-45e5-aa2f-b15f4759e4dc,9,1615,True,17130,17130,147.08477718135327
1616,0fcaf4ae-7b46-45e5-aa2f-b15f4759e4dc,9,1616,True,17154,17154,128.73428937134668
1617,0fcaf4ae-7b46-45e5-aa2f-b15f4759e4dc,9,1617,True,17180,17180,113.89365462498245
1618,0fcaf4ae-7b46-45e5-aa2f-b15f4759e4dc,9,1618,True,17196,17196,133.83933380946473
1619,0fcaf4ae-7b46-45e5-aa2f-b15f4759e4dc,9,1619,True,17219,17219,210.96894766132027
1620,0fcaf4ae-7b46-45e5-aa2f-b15f4759e4dc,9,1620,True,17238,17238,135.17891172556483
1621,0fcaf4ae-7b46-45e5-aa2f-b15f4759e4dc,9,1621,True,17263,17263,114.12518932106104
1622,0fcaf4ae-7b46-45e5-aa2f-b15f4759e4dc,9,1622,True,17282,17282,180.20603850715997
1623,0fcaf4ae-7b46-45e5-aa2f-b15f4759e4dc,9,1623,True,17314,17314,143.85291893014073
1624,0fcaf4ae-7b46-45e5-aa2f-b15f4759e4dc,9,1624,True,17342,17342,146.93366503123616
1625,0fcaf4ae-7b46-45e5-aa2f-b15f4759e4dc,9,1625,True,17367,17367,164.24625925066357
1626,0fcaf4ae-7b46-45e5-aa2f-b15f4759e4dc,9,1626,True,17395,17395,165.5223460508605
1627,0fcaf4ae-7b46-45e5-aa2f-b15f4759e4dc,9,1627,True,17424,17424,140.75316058973112
1628,0fcaf4ae-7b46-45e5-aa2f-b15f4759e4dc,9,1628,True,17456,17456,168.41205148103836
1629,0fcaf4ae-7b46-45e5-aa2f-b15f4759e4dc,9,1629,True,17477,17477,145.6019137688818
1630,0fcaf4ae-7b46-45e5-aa2f-b15f4759e4dc,9,1630,True,17502,17502,126.43412965868265
1631,0fcaf4ae-7b46-45e5-aa2f-b15f4759e4dc,9,1631,True,17533,17533,149.06655503978982
1632,0fcaf4ae-7b46-45e5-aa2f-b15f4759e4dc,9,1632,True,17564,17564,162.22645344653574
1633,0fcaf4ae-7b46-45e5-aa2f-b15f4759e4dc,9,1633,True,17594,17594,140.88689093426729
1634,0fcaf4ae-7b46-45e5-aa2f-b15f4759e4dc,9,1634,True,17618,17618,124.03628699438923
1635,0fcaf4ae-7b46-45e5-aa2f-b15f4759e4dc,9,1635,True,17644,17644,106.91563178734214
1636,0fcaf4ae-7b46-45e5-aa2f-b15f4759e4dc,9,1636,True,17674,17674,166.94988228714647
1637,0fcaf4ae-7b46-45e5-aa2f-b15f4759e4dc,9,1637,True,17704,17704,130.87891084934017
1638,0fcaf4ae-7b46-45e5-aa2f-b15f4759e4dc,9,1638,True,17730,17730,142.91251667177494
1639,0fcaf4ae-7b46-45e5-aa2f-b15f4759e4dc,9,1639,True,17762,17762,126.20264418370789
1640,0fcaf4ae-7b46-45e5-aa2f-b15f4759e4dc,9,1640,True,17792,17792,148.56799253394638
1641,0fcaf4ae-7b46-45e5-aa2f-b15f4759e4dc,9,1641,True,17822,17822,203.03644919606813
1642,0fcaf4ae-7b46-45e5-aa2f-b15f4759e4dc,9,1642,True,17857,17857,190.5287328992199
1643,0fcaf4ae-7b46-45e5-aa2f-b15f4759e4dc,9,1643,True,17884,17884,165.53812200407629
1644,0fcaf4ae-7b46-45e5-aa2f-b15f4759e4dc,9,1644,True,17910,17910,187.73084304429358
1645,0fcaf4ae-7b46-45e5-aa2f-b15f4759e4dc,9,1645,True,17935,17935,192.3225904339306
1646,0fcaf4ae-7b46-45e5-aa2f-b15f4759e4dc,9,1646,True,17969,17969,172.84062035420357
1647,0fcaf4ae-7b46-45e5-aa2f-b15f4759e4dc,9,1647,True,18007,18007,168.77102315274533
1648,0fcaf4ae-7b46-45e5-aa2f-b15f4759e4dc,9,1648,True,18040,18040,166.74181576760748
1649,0fcaf4ae-7b46-45e5-aa2f-b15f4759e4dc,9,1649,True,18072,18072,127.48202006273641
1650,0fcaf4ae-7b46-45e5-aa2f-b15f4759e4dc,9,1650,True,18105,18105,153.7710824898022
1651,0fcaf4ae-7b46-45e5-aa2f-b15f4759e4dc,9,1651,True,18129,18129,155.24997071667894
1652,0fcaf4ae-7b46-45e5-aa2f-b15f4759e4dc,9,1652,True,18161,18161,148.237621252003
1653,0fcaf4ae-7b46-45e5-aa2f-b15f4759e4dc,9,1653,True,18196,18196,122.69846008347668
1654,0fcaf4ae-7b46-45e5-aa2f-b15f4759e4dc,9,1654,True,18221,18221,151.16977952449452
1655,0fcaf4ae-7b46-45e5-aa2f-b15f4759e4dc,9,1655,True,18250,18250,120.45062217408486
1656,0fcaf4ae-7b46-45e5-aa2f-b15f4759e4dc,9,1656,True,18281,18281,148.50885787199513
1657,0fcaf4ae-7b46-45e5-aa2f-b15f4759e4dc,9,1657,True,18308,18308,164.92912748262825
1658,0fcaf4ae-7b46-45e5-aa2f-b15f4759e4dc,9,1658,True,18340,18340,114.87849188817563
1659,0fcaf4ae-7b46-45e5-aa2f-b15f4759e4dc,9,1659,True,18371,18371,151.6462440298419
1660,0fcaf4ae-7b46-45e5-aa2f-b15f4759e4dc,9,1660,True,18401,18401,133.03751041734358
1661,0fcaf4ae-7b46-45e5-aa2f-b15f4759e4dc,9,1661,True,18424,18424,168.68818878450838
1662,0fcaf4ae-7b46-45e5-aa2f-b15f4759e4dc,9,1662,True,18445,18445,118.80159743027252
1663,0fcaf4ae-7b46-45e5-aa2f-b15f4759e4dc,9,1663,True,18479,18479,217.3549720324445
1664,0fcaf4ae-7b46-45e5-aa2f-b15f4759e4dc,9,1664,True,18511,18511,161.12412695915555
1665,0fcaf4ae-7b46-45e5-aa2f-b15f4759e4dc,9,1665,True,18538,18538,215.77447202882468
1666,0fcaf4ae-7b46-45e5-aa2f-b15f4759e4dc,9,1666,True,18563,18563,190.77447202882468
1667,0fcaf4ae-7b46-45e5-aa2f-b15f4759e4dc,9,1667,True,18587,18587,218.08988813613905
1668,0fcaf4ae-7b46-45e5-aa2f-b15f4759e4dc,9,1668,True,18617,18617,186.6105178384787
1669,0fcaf4ae-7b46-45e5-aa2f-b15f4759e4dc,9,1669,True,18645,18645,209.2094169884149
1670,0fcaf4ae-7b46-45e5-aa2f-b15f4759e4dc,9,1670,True,18669,18669,187.38989803799268
1671,0fcaf4ae-7b46-45e5-aa2f-b15f4759e4dc,9,1671,True,18711,18711,221.03287849491244
1672,0fcaf4ae-7b46-45e5-aa2f-b15f4759e4dc,9,1672,True,18746,18746,186.03287849491244
1673,0fcaf4ae-7b46-45e5-aa2f-b15f4759e4dc,9,1673,True,18775,18775,171.9509767694617
1674,0fcaf4ae-7b46-45e5-aa2f-b15f4759e4dc,9,1674,True,18793,18793,189.4534213480474
1675,0fcaf4ae-7b46-45e5-aa2f-b15f4759e4dc,9,1675,True,18822,18822,160.4534213480474
1676,0fcaf4ae-7b46-45e5-aa2f-b15f4759e4dc,9,1676,True,18859,18859,191.87335600502774
1677,0fcaf4ae-7b46-45e5-aa2f-b15f4759e4dc,9,1677,True,18880,18880,153.54893993087535
1678,0fcaf4ae-7b46-45e5-aa2f-b15f4759e4dc,9,1678,True,18904,18904,192.8136878457335
1679,0fcaf4ae-7b46-45e5-aa2f-b15f4759e4dc,9,1679,True,18937,18937,159.8136878457335
1680,0fcaf4ae-7b46-45e5-aa2f-b15f4759e4dc,9,1680,True,18961,18961,174.76569809572902
1681,0fcaf4ae-7b46-45e5-aa2f-b15f4759e4dc,9,1681,True,18985,18985,166.10817643153496
1682,0fcaf4ae-7b46-45e5-aa2f-b15f4759e4dc,9,1682,True,19015,19015,147.3870878616035
1683,0fcaf4ae-7b46-45e5-aa2f-b15f4759e4dc,9,1683,True,19044,19044,155.39009995103333
1684,0fcaf4ae-7b46-45e5-aa2f-b15f4759e4dc,9,1684,True,19075,19075,136.24037785736073
1685,0fcaf4ae-7b46-45e5-aa2f-b15f4759e4dc,9,1685,True,19105,19105,148.9887424229819
1686,0fcaf4ae-7b46-45e5-aa2f-b15f4759e4dc,9,1686,True,19130,19130,155.75261612038594
1687,0fcaf4ae-7b46-45e5-aa2f-b15f4759e4dc,9,1687,True,19167,19167,160.1128515178898
1688,0fcaf4ae-7b46-45e5-aa2f-b15f4759e4dc,9,1688,True,19187,19187,141.06919105497218
1689,0fcaf4ae-7b46-45e5-aa2f-b15f4759e4dc,9,1689,True,19218,19218,186.67832228351836
1690,0fcaf4ae-7b46-45e5-aa2f-b15f4759e4dc,9,1690,True,19238,19238,198.78312993830696
1691,0fcaf4ae-7b46-45e5-aa2f-b15f4759e4dc,9,1691,True,19269,19269,183.962617526955
1692,0fcaf4ae-7b46-45e5-aa2f-b15f4759e4dc,9,1692,True,19293,19293,169.08085866494366
1693,0fcaf4ae-7b46-45e5-aa2f-b15f4759e4dc,9,1693,True,19321,19321,158.83598916605115
1694,0fcaf4ae-7b46-45e5-aa2f-b15f4759e4dc,9,1694,True,19362,19362,145.74337008541988
1695,0fcaf4ae-7b46-45e5-aa2f-b15f4759e4dc,9,1695,True,19390,19390,158.42425325431032
1696,0fcaf4ae-7b46-45e5-aa2f-b15f4759e4dc,9,1696,True,19418,19418,144.22067720115592
1697,0fcaf4ae-7b46-45e5-aa2f-b15f4759e4dc,9,1697,True,19447,19447,158.77015495030355
1698,0fcaf4ae-7b46-45e5-aa2f-b15f4759e4dc,9,1698,True,19470,19470,138.63215045463585
1699,0fcaf4ae-7b46-45e5-aa2f-b15f4759e4dc,9,1699,True,19495,19495,142.70421501398596
1700,0fcaf4ae-7b46-45e5-aa2f-b15f4759e4dc,9,1700,True,19522,19522,121.43111962741386
1701,0fcaf4ae-7b46-45e5-aa2f-b15f4759e4dc,9,1701,True,19551,19551,186.78309448663276
1702,0fcaf4ae-7b46-45e5-aa2f-b15f4759e4dc,9,1702,True,19576,19576,162.61407927540495
1703,0fcaf4ae-7b46-45e5-aa2f-b15f4759e4dc,9,1703,True,19602,19602,134.99884402983662
1704,0fcaf4ae-7b46-45e5-aa2f-b15f4759e4dc,9,1704,True,19633,19633,221.15055337697413
1705,0fcaf4ae-7b46-45e5-aa2f-b15f4759e4dc,9,1705,True,19654,19654,194.01944778294637
1706,0fcaf4ae-7b46-45e5-aa2f-b15f4759e4dc,9,1706,True,19675,19675,179.15055337697413
1707,0fcaf4ae-7b46-45e5-aa2f-b15f4759e4dc,9,1707,True,19706,19706,199.91329659765324
1708,0fcaf4ae-7b46-45e5-aa2f-b15f4759e4dc,9,1708,True,19734,19734,144.18067200888254
1709,0fcaf4ae-7b46-45e5-aa2f-b15f4759e4dc,9,1709,True,19764,19764,162.6531632848637
1710,0fcaf4ae-7b46-45e5-aa2f-b15f4759e4dc,9,1710,True,19791,19791,159.48526722089082
1711,0fcaf4ae-7b46-45e5-aa2f-b15f4759e4dc,9,1711,True,19825,19825,151.03709353114755
1712,0fcaf4ae-7b46-45e5-aa2f-b15f4759e4dc,9,1712,True,19845,19845,161.63288064226072
1713,0fcaf4ae-7b46-45e5-aa2f-b15f4759e4dc,9,1713,True,19874,19874,159.2017529177283
1714,0fcaf4ae-7b46-45e5-aa2f-b15f4759e4dc,9,1714,True,19893,19893,169.14686083574634
1715,0fcaf4ae-7b46-45e5-aa2f-b15f4759e4dc,9,1715,True,19913,19913,200.44337865887064
1716,0fcaf4ae-7b46-45e5-aa2f-b15f4759e4dc,9,1716,True,19941,19941,136.8584253798981
1717,0fcaf4ae-7b46-45e5-aa2f-b15f4759e4dc,9,1717,True,19971,19971,191.61180209514714
1718,0fcaf4ae-7b46-45e5-aa2f-b15f4759e4dc,9,1718,True,20002,20002,190.36407794010665
1719,0fcaf4ae-7b46-45e5-aa2f-b15f4759e4dc,9,1719,True,20027,20027,219.34532829356976
1720,0fcaf4ae-7b46-45e5-aa2f-b15f4759e4dc,9,1720,True,20056,20056,193.34391310430146
1721,0fcaf4ae-7b46-45e5-aa2f-b15f4759e4dc,9,1721,True,20082,20082,239.99328826179772
1722,0fcaf4ae-7b46-45e5-aa2f-b15f4759e4dc,9,1722,True,20109,20109,212.99328826179772
1723,0fcaf4ae-7b46-45e5-aa2f-b15f4759e4dc,9,1723,True,20140,20140,208.18396339497485
1724,0fcaf4ae-7b46-45e5-aa2f-b15f4759e4dc,9,1724,True,20165,20165,219.30077606031773
1725,0fcaf4ae-7b46-45e5-aa2f-b15f4759e4dc,9,1725,True,20196,20196,205.79344228653645
1726,0fcaf4ae-7b46-45e5-aa2f-b15f4759e4dc,9,1726,True,20227,20227,157.30077606031773
1727,0fcaf4ae-7b46-45e5-aa2f-b15f4759e4dc,9,1727,True,20259,20259,217.61117746021773
1728,0fcaf4ae-7b46-45e5-aa2f-b15f4759e4dc,9,1728,True,20285,20285,149.7593412580136
1729,0fcaf4ae-7b46-45e5-aa2f-b15f4759e4dc,9,1729,True,20309,20309,177.29430827933538
1730,0fcaf4ae-7b46-45e5-aa2f-b15f4759e4dc,9,1730,True,20335,20335,182.15183029492619
1731,0fcaf4ae-7b46-45e5-aa2f-b15f4759e4dc,9,1731,True,20360,20360,174.45795651119624
1732,0fcaf4ae-7b46-45e5-aa2f-b15f4759e4dc,9,1732,True,20382,20382,161.40092123546856
1733,0fcaf4ae-7b46-45e5-aa2f-b15f4759e4dc,9,1733,True,20407,20407,152.66872732686898
1734,0fcaf4ae-7b46-45e5-aa2f-b15f4759e4dc,9,1734,True,20433,20433,160.8213296186259
1735,0fcaf4ae-7b46-45e5-aa2f-b15f4759e4dc,9,1735,True,20463,20463,144.34243704274922
1736,0fcaf4ae-7b46-45e5-aa2f-b15f4759e4dc,9,1736,True,20493,20493,150.68251749736373
1737,0fcaf4ae-7b46-45e5-aa2f-b15f4759e4dc,9,1737,True,20514,20514,144.1474882294242
1738,0fcaf4ae-7b46-45e5-aa2f-b15f4759e4dc,9,1738,True,20543,20543,148.9295169855941
1739,0fcaf4ae-7b46-45e5-aa2f-b15f4759e4dc,9,1739,True,20569,20569,168.65233023550536
1740,0fcaf4ae-7b46-45e5-aa2f-b15f4759e4dc,9,1740,True,20590,20590,145.8648659241626
1741,0fcaf4ae-7b46-45e5-aa2f-b15f4759e4dc,9,1741,True,20612,20612,128.37951462721685
1742,0fcaf4ae-7b46-45e5-aa2f-b15f4759e4dc,9,1742,True,20635,20635,153.18476455420023
1743,0fcaf4ae-7b46-45e5-aa2f-b15f4759e4dc,9,1743,True,20664,20664,135.74008117425547
1744,0fcaf4ae-7b46-45e5-aa2f-b15f4759e4dc,9,1744,True,20699,20699,143.2443684291502
1745,0fcaf4ae-7b46-45e5-aa2f-b15f4759e4dc,9,1745,True,20724,20724,129.99273077742328
1746,0fcaf4ae-7b46-45e5-aa2f-b15f4759e4dc,9,1746,True,20752,20752,144.29417555874534
1747,0fcaf4ae-7b46-45e5-aa2f-b15f4759e4dc,9,1747,True,20781,20781,130.70159495760163
1748,0fcaf4ae-7b46-45e5-aa2f-b15f4759e4dc,9,1748,True,20807,20807,128.56024826030261
1749,0fcaf4ae-7b46-45e5-aa2f-b15f4759e4dc,9,1749,True,20828,20828,105.93077117643043
1750,0fcaf4ae-7b46-45e5-aa2f-b15f4759e4dc,9,1750,True,20855,20855,133.16175594238666
1751,0fcaf4ae-7b46-45e5-aa2f-b15f4759e4dc,9,1751,True,20887,20887,125.72056882205652
1752,0fcaf4ae-7b46-45e5-aa2f-b15f4759e4dc,9,1752,True,20921,20921,190.16408767819303
1753,0fcaf4ae-7b46-45e5-aa2f-b15f4759e4dc,9,1753,True,20948,20948,136.9152268965372
1754,0fcaf4ae-7b46-45e5-aa2f-b15f4759e4dc,9,1754,True,20969,20969,185.31677580519317
1755,0fcaf4ae-7b46-45e5-aa2f-b15f4759e4dc,9,1755,True,21013,21013,99.75520322989178
1756,0fcaf4ae-7b46-45e5-aa2f-b15f4759e4dc,9,1756,True,21044,21044,110.31677580519317
1757,0fcaf4ae-7b46-45e5-aa2f-b15f4759e4dc,9,1757,True,21070,21070,93.27552139381805
1758,0fcaf4ae-7b46-45e5-aa2f-b15f4759e4dc,9,1758,True,21100,21100,109.02144495131142
1759,0fcaf4ae-7b46-45e5-aa2f-b15f4759e4dc,9,1759,True,21119,21119,115.07625128593281
1760,0fcaf4ae-7b46-45e5-aa2f-b15f4759e4dc,9,1760,True,21143,21143,134.52933211790878
1761,0fcaf4ae-7b46-45e5-aa2f-b15f4759e4dc,9,1761,True,21170,21170,123.44449252637423
1762,0fcaf4ae-7b46-45e5-aa2f-b15f4759e4dc,9,1762,True,21196,21196,135.16310459013403
1763,0fcaf4ae-7b46-45e5-aa2f-b15f4759e4dc,9,1763,True,21225,21225,123.26210269473813
1764,0fcaf4ae-7b46-45e5-aa2f-b15f4759e4dc,9,1764,True,21251,21251,149.13617657172654
1765,0fcaf4ae-7b46-45e5-aa2f-b15f4759e4dc,9,1765,True,21278,21278,128.275886641768
1766,0fcaf4ae-7b46-45e5-aa2f-b15f4759e4dc,9,1766,True,21311,21311,111.97378700826448
1767,0fcaf4ae-7b46-45e5-aa2f-b15f4759e4dc,9,1767,True,21340,21340,128.83272524259155
1768,0fcaf4ae-7b46-45e5-aa2f-b15f4759e4dc,9,1768,True,21373,21373,97.66494672605768
1769,0fcaf4ae-7b46-45e5-aa2f-b15f4759e4dc,9,1769,True,21406,21406,89.47782029713926
1770,0fcaf4ae-7b46-45e5-aa2f-b15f4759e4dc,9,1770,True,21439,21439,118.18949531748513
1771,0fcaf4ae-7b46-45e5-aa2f-b15f4759e4dc,9,1771,True,21467,21467,115.79809201088574
1772,0fcaf4ae-7b46-45e5-aa2f-b15f4759e4dc,9,1772,True,21490,21490,122.80095078714658
1773,0fcaf4ae-7b46-45e5-aa2f-b15f4759e4dc,9,1773,True,21519,21519,141.92615240480518
1774,0fcaf4ae-7b46-45e5-aa2f-b15f4759e4dc,9,1774,True,21536,21536,121.982049215203
1775,0fcaf4ae-7b46-45e5-aa2f-b15f4759e4dc,9,1775,True,21568,21568,125.98345253473963
1776,0fcaf4ae-7b46-45e5-aa2f-b15f4759e4dc,9,1776,True,21591,21591,109.59479949808883
1777,0fcaf4ae-7b46-45e5-aa2f-b15f4759e4dc,9,1777,True,21610,21610,136.0249339537113
1778,0fcaf4ae-7b46-45e5-aa2f-b15f4759e4dc,9,1778,True,21632,21632,146.39326281815374
1779,0fcaf4ae-7b46-45e5-aa2f-b15f4759e4dc,9,1779,True,21655,21655,143.41845057902174
1780,0fcaf4ae-7b46-45e5-aa2f-b15f4759e4dc,9,1780,True,21671,21671,160.504285754967
1781,0fcaf4ae-7b46-45e5-aa2f-b15f4759e4dc,9,1781,True,21699,21699,131.18510678443272
1782,0fcaf4ae-7b46-45e5-aa2f-b15f4759e4dc,9,1782,True,21725,21725,158.66218415206095
1783,0fcaf4ae-7b46-45e5-aa2f-b15f4759e4dc,9,1783,True,21746,21746,137.93169003604635
1784,0fcaf4ae-7b46-45e5-aa2f-b15f4759e4dc,9,1784,True,21763,21763,154.79923869967388
1785,0fcaf4ae-7b46-45e5-aa2f-b15f4759e4dc,9,1785,True,21792,21792,190.34035662030874
1786,0fcaf4ae-7b46-45e5-aa2f-b15f4759e4dc,9,1786,True,21827,21827,179.68080238577386
1787,0fcaf4ae-7b46-45e5-aa2f-b15f4759e4dc,9,1787,True,21868,21868,190.88639639772373
1788,0fcaf4ae-7b46-45e5-aa2f-b15f4759e4dc,9,1788,True,21888,21888,168.33336749661248
1789,0fcaf4ae-7b46-45e5-aa2f-b15f4759e4dc,9,1789,True,21910,21910,195.42316459148788
1790,0fcaf4ae-7b46-45e5-aa2f-b15f4759e4dc,9,1790,True,21940,21940,141.54067256300914
1791,0fcaf4ae-7b46-45e5-aa2f-b15f4759e4dc,9,1791,True,21964,21964,166.15531545603153
1792,0fcaf4ae-7b46-45e5-aa2f-b15f4759e4dc,9,1792,True,21986,21986,178.89877915918623
1793,0fcaf4ae-7b46-45e5-aa2f-b15f4759e4dc,9,1793,True,22007,22007,148.50504051484677
1794,0fcaf4ae-7b46-45e5-aa2f-b15f4759e4dc,9,1794,True,22030,22030,183.60644324308305
1795,0fcaf4ae-7b46-45e5-aa2f-b15f4759e4dc,9,1795,True,22069,22069,167.96124877248803
1796,0fcaf4ae-7b46-45e5-aa2f-b15f4759e4dc,9,1796,True,22095,22095,164.55555054784054
1797,0fcaf4ae-7b46-45e5-aa2f-b15f4759e4dc,9,1797,True,22113,22113,171.6443490739366
1798,0fcaf4ae-7b46-45e5-aa2f-b15f4759e4dc,9,1798,True,22143,22143,168.2979582608823
1799,0fcaf4ae-7b46-45e5-aa2f-b15f4759e4dc,9,1799,True,22169,22169,170.33194849106803
1800,0fcaf4ae-7b46-45e5-aa2f-b15f4759e4dc,9,1800,True,22195,22195,186.87609602142038
1801,0fcaf4ae-7b46-45e5-aa2f-b15f4759e4dc,9,1801,True,22220,22220,172.6893880234784
1802,0fcaf4ae-7b46-45e5-aa2f-b15f4759e4dc,9,1802,True,22240,22240,166.25928495792323
1803,0fcaf4ae-7b46-45e5-aa2f-b15f4759e4dc,9,1803,True,22269,22269,191.93482535439762
1804,0fcaf4ae-7b46-45e5-aa2f-b15f4759e4dc,9,1804,True,22294,22294,137.39275242796066
1805,0fcaf4ae-7b46-45e5-aa2f-b15f4759e4dc,9,1805,True,22317,22317,166.29798418965947
1806,0fcaf4ae-7b46-45e5-aa2f-b15f4759e4dc,9,1806,True,22339,22339,148.20395743034533
1807,0fcaf4ae-7b46-45e5-aa2f-b15f4759e4dc,9,1807,True,22370,22370,185.28042107860892
1808,0fcaf4ae-7b46-45e5-aa2f-b15f4759e4dc,9,1808,True,22397,22397,159.79635127177608
1809,0fcaf4ae-7b46-45e5-aa2f-b15f4759e4dc,9,1809,True,22415,22415,153.69925293441338
1810,0fcaf4ae-7b46-45e5-aa2f-b15f4759e4dc,9,1810,True,22440,22440,194.7799384292448
1811,0fcaf4ae-7b46-45e5-aa2f-b15f4759e4dc,9,1811,True,22463,22463,194.02862370129515
1812,0fcaf4ae-7b46-45e5-aa2f-b15f4759e4dc,9,1812,True,22485,22485,131.9753856924035
1813,0fcaf4ae-7b46-45e5-aa2f-b15f4759e4dc,9,1813,True,22510,22510,206.94009128322796
1814,0fcaf4ae-7b46-45e5-aa2f-b15f4759e4dc,9,1814,True,22536,22536,180.42802269443564
1815,0fcaf4ae-7b46-45e5-aa2f-b15f4759e4dc,9,1815,True,22571,22571,178.17498949127548
1816,0fcaf4ae-7b46-45e5-aa2f-b15f4759e4dc,9,1816,True,22602,22602,205.06852880677616
1817,0fcaf4ae-7b46-45e5-aa2f-b15f4759e4dc,9,1817,True,22628,22628,179.691789568049
1818,0fcaf4ae-7b46-45e5-aa2f-b15f4759e4dc,9,1818,True,22654,22654,176.000236558928
1819,0fcaf4ae-7b46-45e5-aa2f-b15f4759e4dc,9,1819,True,22685,22685,221.9541612858775
1820,0fcaf4ae-7b46-45e5-aa2f-b15f4759e4dc,9,1820,True,22706,22706,193.3222130826507
1821,0fcaf4ae-7b46-45e5-aa2f-b15f4759e4dc,9,1821,True,22745,22745,215.33104267602903
1822,0fcaf4ae-7b46-45e5-aa2f-b15f4759e4dc,9,1822,True,22768,22768,138.61295126959521
1823,0fcaf4ae-7b46-45e5-aa2f-b15f4759e4dc,9,1823,True,22798,22798,228.8530581440391
1824,0fcaf4ae-7b46-45e5-aa2f-b15f4759e4dc,9,1824,True,22824,22824,147.44438924992573
1825,0fcaf4ae-7b46-45e5-aa2f-b15f4759e4dc,9,1825,True,22853,22853,188.6056796244775
1826,0fcaf4ae-7b46-45e5-aa2f-b15f4759e4dc,9,1826,True,22875,22875,151.8530581440391
1827,0fcaf4ae-7b46-45e5-aa2f-b15f4759e4dc,9,1827,True,22904,22904,217.43607971016536
1828,0fcaf4ae-7b46-45e5-aa2f-b15f4759e4dc,9,1828,True,22927,22927,191.0766427671515
1829,0fcaf4ae-7b46-45e5-aa2f-b15f4759e4dc,9,1829,True,22959,22959,208.88487298310065
1830,0fcaf4ae-7b46-45e5-aa2f-b15f4759e4dc,9,1830,True,22983,22983,184.88487298310065
1831,0fcaf4ae-7b46-45e5-aa2f-b15f4759e4dc,9,1831,True,23012,23012,172.4117701157811
1832,0fcaf4ae-7b46-45e5-aa2f-b15f4759e4dc,9,1832,True,23044,23044,173.69084553361972
1833,0fcaf4ae-7b46-45e5-aa2f-b15f4759e4dc,9,1833,True,23072,23072,197.6836697328945
1834,0fcaf4ae-7b46-45e5-aa2f-b15f4759e4dc,9,1834,True,23096,23096,172.3759043353566
1835,0fcaf4ae-7b46-45e5-aa2f-b15f4759e4dc,9,1835,True,23125,23125,187.14957083886839
1836,0fcaf4ae-7b46-45e5-aa2f-b15f4759e4dc,9,1836,True,23149,23149,169.12437855610915
1837,0fcaf4ae-7b46-45e5-aa2f-b15f4759e4dc,9,1837,True,23177,23177,188.17604301037136
1838,0fcaf4ae-7b46-45e5-aa2f-b15f4759e4dc,9,1838,True,23209,23209,162.30084053759856
1839,0fcaf4ae-7b46-45e5-aa2f-b15f4759e4dc,9,1839,True,23231,23231,164.45785206586515
1840,0fcaf4ae-7b46-45e5-aa2f-b15f4759e4dc,9,1840,True,23250,23250,168.50354574903758
1841,0fcaf4ae-7b46-45e5-aa2f-b15f4759e4dc,9,1841,True,23278,23278,191.81817274004425
1842,0fcaf4ae-7b46-45e5-aa2f-b15f4759e4dc,9,1842,True,23306,23306,194.53356896107653
1843,0fcaf4ae-7b46-45e5-aa2f-b15f4759e4dc,9,1843,True,23328,23328,192.4317039029338
1844,0fcaf4ae-7b46-45e5-aa2f-b15f4759e4dc,9,1844,True,23362,23362,165.81719299819815
1845,0fcaf4ae-7b46-45e5-aa2f-b15f4759e4dc,9,1845,True,23397,23397,164.5678914925993
1846,0fcaf4ae-7b46-45e5-aa2f-b15f4759e4dc,9,1846,True,23430,23430,159.89500466818208
1847,0fcaf4ae-7b46-45e5-aa2f-b15f4759e4dc,9,1847,True,23459,23459,156.31386767891672
1848,0fcaf4ae-7b46-45e5-aa2f-b15f4759e4dc,9,1848,True,23483,23483,141.11166133907682
1849,0fcaf4ae-7b46-45e5-aa2f-b15f4759e4dc,9,1849,True,23506,23506,167.3951728175598
1850,0fcaf4ae-7b46-45e5-aa2f-b15f4759e4dc,9,1850,True,23535,23535,155.04154729714355
1851,0fcaf4ae-7b46-45e5-aa2f-b15f4759e4dc,9,1851,True,23562,23562,161.75805527112607
1852,0fcaf4ae-7b46-45e5-aa2f-b15f4759e4dc,9,1852,True,23581,23581,129.60887731711773
1853,0fcaf4ae-7b46-45e5-aa2f-b15f4759e4dc,9,1853,True,23603,23603,189.24586629455007
1854,0fcaf4ae-7b46-45e5-aa2f-b15f4759e4dc,9,1854,True,23626,23626,137.8368213117683
1855,0fcaf4ae-7b46-45e5-aa2f-b15f4759e4dc,9,1855,True,23652,23652,146.5427568696614
1856,0fcaf4ae-7b46-45e5-aa2f-b15f4759e4dc,9,1856,True,23682,23682,142.5955667792041
1857,0fcaf4ae-7b46-45e5-aa2f-b15f4759e4dc,9,1857,True,23720,23720,173.3592379252259
1858,0fcaf4ae-7b46-45e5-aa2f-b15f4759e4dc,9,1858,True,23747,23747,162.63867652559202
1859,0fcaf4ae-7b46-45e5-aa2f-b15f4759e4dc,9,1859,True,23777,23777,225.76931153037003
1860,0fcaf4ae-7b46-45e5-aa2f-b15f4759e4dc,9,1860,True,23808,23808,200.40096243510925
1861,0fcaf4ae-7b46-45e5-aa2f-b15f4759e4dc,9,1861,True,23843,23843,206.0764468433772
1862,0fcaf4ae-7b46-45e5-aa2f-b15f4759e4dc,9,1862,True,23867,23867,191.4145560363213
1863,0fcaf4ae-7b46-45e5-aa2f-b15f4759e4dc,9,1863,True,23895,23895,198.6059653156699
1864,0fcaf4ae-7b46-45e5-aa2f-b15f4759e4dc,9,1864,True,23918,23918,190.13414327746432
1865,0fcaf4ae-7b46-45e5-aa2f-b15f4759e4dc,9,1865,True,23950,23950,166.1437615285904
1866,0fcaf4ae-7b46-45e5-aa2f-b15f4759e4dc,9,1866,True,23976,23976,179.99503769662988
1867,0fcaf4ae-7b46-45e5-aa2f-b15f4759e4dc,9,1867,True,24014,24014,198.5785816537209
1868,0fcaf4ae-7b46-45e5-aa2f-b15f4759e4dc,9,1868,True,24046,24046,143.05485063681772
1869,0fcaf4ae-7b46-45e5-aa2f-b15f4759e4dc,9,1869,True,24072,24072,211.33815853247506
1870,0fcaf4ae-7b46-45e5-aa2f-b15f4759e4dc,9,1870,True,24102,24102,138.36589509552869
1871,0fcaf4ae-7b46-45e5-aa2f-b15f4759e4dc,9,1871,True,24131,24131,180.2348477172127
1872,0fcaf4ae-7b46-45e5-aa2f-b15f4759e4dc,9,1872,True,24159,24159,153.69359741128574
1873,0fcaf4ae-7b46-45e5-aa2f-b15f4759e4dc,9,1873,True,24186,24186,201.5886056025447
1874,0fcaf4ae-7b46-45e5-aa2f-b15f4759e4dc,9,1874,True,24218,24218,125.72266621969902
1875,0fcaf4ae-7b46-45e5-aa2f-b15f4759e4dc,9,1875,True,24244,24244,147.64078354831508
1876,0fcaf4ae-7b46-45e5-aa2f-b15f4759e4dc,9,1876,True,24267,24267,127.32302303495817
1877,0fcaf4ae-7b46-45e5-aa2f-b15f4759e4dc,9,1877,True,24303,24303,132.83880108336598
1878,0fcaf4ae-7b46-45e5-aa2f-b15f4759e4dc,9,1878,True,24337,24337,129.1697289594049
1879,0fcaf4ae-7b46-45e5-aa2f-b15f4759e4dc,9,1879,True,24377,24377,171.60419889141122
1880,0fcaf4ae-7b46-45e5-aa2f-b15f4759e4dc,9,1880,True,24402,24402,154.2900685464665
1881,0fcaf4ae-7b46-45e5-aa2f-b15f4759e4dc,9,1881,True,24429,24429,181.5747227561369
1882,0fcaf4ae-7b46-45e5-aa2f-b15f4759e4dc,9,1882,True,24453,24453,122.09525014002793
1883,0fcaf4ae-7b46-45e5-aa2f-b15f4759e4dc,9,1883,True,24478,24478,137.92857506693326
1884,0fcaf4ae-7b46-45e5-aa2f-b15f4759e4dc,9,1884,True,24512,24512,160.1018289771564
1885,0fcaf4ae-7b46-45e5-aa2f-b15f4759e4dc,9,1885,True,24533,24533,128.83070630003203
1886,0fcaf4ae-7b46-45e5-aa2f-b15f4759e4dc,9,1886,True,24572,24572,116.57467180503227
1887,0fcaf4ae-7b46-45e5-aa2f-b15f4759e4dc,9,1887,True,24597,24597,118.78587558625804
1888,0fcaf4ae-7b46-45e5-aa2f-b15f4759e4dc,9,1888,True,24627,24627,136.80855056689688
1889,0fcaf4ae-7b46-45e5-aa2f-b15f4759e4dc,9,1889,True,24647,24647,126.97652063566784
1890,0fcaf4ae-7b46-45e5-aa2f-b15f4759e4dc,9,1890,True,24672,24672,127.90886217220759
1891,0fcaf4ae-7b46-45e5-aa2f-b15f4759e4dc,9,1891,True,24711,24711,129.9688934455662
1892,0fcaf4ae-7b46-45e5-aa2f-b15f4759e4dc,9,1892,True,24745,24745,146.69909853565696
1893,0fcaf4ae-7b46-45e5-aa2f-b15f4759e4dc,9,1893,True,24776,24776,121.81970697042925
1894,0fcaf4ae-7b46-45e5-aa2f-b15f4759e4dc,9,1894,True,24807,24807,116.05591731911409
1895,0fcaf4ae-7b46-45e5-aa2f-b15f4759e4dc,9,1895,True,24842,24842,109.30554089725774
1896,0fcaf4ae-7b46-45e5-aa2f-b15f4759e4dc,9,1896,True,24869,24869,134.57040172172856
1897,0fcaf4ae-7b46-45e5-aa2f-b15f4759e4dc,9,1897,True,24895,24895,111.96249088470358
1898,0fcaf4ae-7b46-45e5-aa2f-b15f4759e4dc,9,1898,True,24929,24929,144.59310865237785
1899,0fcaf4ae-7b46-45e5-aa2f-b15f4759e4dc,9,1899,True,24951,24951,135.1651658735791
1900,0fcaf4ae-7b46-45e5-aa2f-b15f4759e4dc,9,1900,True,24979,24979,151.95730074967287
1901,0fcaf4ae-7b46-45e5-aa2f-b15f4759e4dc,9,1901,True,25006,25006,141.7481389609893
1902,0fcaf4ae-7b46-45e5-aa2f-b15f4759e4dc,9,1902,True,25026,25026,148.54566094072652
1903,0fcaf4ae-7b46-45e5-aa2f-b15f4759e4dc,9,1903,True,25056,25056,116.26770515440148
1904,0fcaf4ae-7b46-45e5-aa2f-b15f4759e4dc,9,1904,True,25082,25082,119.73752530639467
1905,0fcaf4ae-7b46-45e5-aa2f-b15f4759e4dc,9,1905,True,25113,25113,131.57555067685462
1906,0fcaf4ae-7b46-45e5-aa2f-b15f4759e4dc,9,1906,True,25139,25139,131.29795569713679
1907,0fcaf4ae-7b46-45e5-aa2f-b15f4759e4dc,9,1907,True,25170,25170,152.25714515703294
1908,0fcaf4ae-7b46-45e5-aa2f-b15f4759e4dc,9,1908,True,25194,25194,128.98102358319738
1909,0fcaf4ae-7b46-45e5-aa2f-b15f4759e4dc,9,1909,True,25233,25233,140.25634762588743
1910,0fcaf4ae-7b46-45e5-aa2f-b15f4759e4dc,9,1910,True,25265,25265,130.63576581879533
1911,0fcaf4ae-7b46-45e5-aa2f-b15f4759e4dc,9,1911,True,25286,25286,151.3647423493203
1912,0fcaf4ae-7b46-45e5-aa2f-b15f4759e4dc,9,1912,True,25312,25312,112.40194452590731
1913,0fcaf4ae-7b46-45e5-aa2f-b15f4759e4dc,9,1913,True,25337,25337,149.59638626239757
1914,0fcaf4ae-7b46-45e5-aa2f-b15f4759e4dc,9,1914,True,25364,25364,128.14006791499196
1915,0fcaf4ae-7b46-45e5-aa2f-b15f4759e4dc,9,1915,True,25392,25392,157.00860001531692
1916,0fcaf4ae-7b46-45e5-aa2f-b15f4759e4dc,9,1916,True,25416,25416,122.27975560375125
1917,0fcaf4ae-7b46-45e5-aa2f-b15f4759e4dc,9,1917,True,25446,25446,127.52527864932563
1918,0fcaf4ae-7b46-45e5-aa2f-b15f4759e4dc,9,1918,True,25472,25472,108.47580825315526
1919,0fcaf4ae-7b46-45e5-aa2f-b15f4759e4dc,9,1919,True,25505,25505,102.51963637153676
1920,0fcaf4ae-7b46-45e5-aa2f-b15f4759e4dc,9,1920,True,25538,25538,122.63124045995937
1921,0fcaf4ae-7b46-45e5-aa2f-b15f4759e4dc,9,1921,True,25564,25564,130.13292687614012
1922,0fcaf4ae-7b46-45e5-aa2f-b15f4759e4dc,9,1922,True,25588,25588,123.51067975647675
1923,0fcaf4ae-7b46-45e5-aa2f-b15f4759e4dc,9,1923,True,25616,25616,145.8877850518511
1924,0fcaf4ae-7b46-45e5-aa2f-b15f4759e4dc,9,1924,True,25643,25643,184.95966881573258
1925,0fcaf4ae-7b46-45e5-aa2f-b15f4759e4dc,9,1925,True,25668,25668,137.50415906169655
1926,0fcaf4ae-7b46-45e5-aa2f-b15f4759e4dc,9,1926,True,25691,25691,186.60059813759653
1927,0fcaf4ae-7b46-45e5-aa2f-b15f4759e4dc,9,1927,True,25714,25714,163.60059813759653
1928,0fcaf4ae-7b46-45e5-aa2f-b15f4759e4dc,9,1928,True,25746,25746,178.58095673189018
1929,0fcaf4ae-7b46-45e5-aa2f-b15f4759e4dc,9,1929,True,25766,25766,140.36867999619062
1930,0fcaf4ae-7b46-45e5-aa2f-b15f4759e4dc,9,1930,True,25793,25793,162.2198167953975
1931,0fcaf4ae-7b46-45e5-aa2f-b15f4759e4dc,9,1931,True,25821,25821,157.90482358674126
1932,0fcaf4ae-7b46-45e5-aa2f-b15f4759e4dc,9,1932,True,25847,25847,163.99228323499847
1933,0fcaf4ae-7b46-45e5-aa2f-b15f4759e4dc,9,1933,True,25878,25878,138.031449197053
1934,0fcaf4ae-7b46-45e5-aa2f-b15f4759e4dc,9,1934,True,25901,25901,161.51641421148452
1935,0fcaf4ae-7b46-45e5-aa2f-b15f4759e4dc,9,1935,True,25923,25923,146.04538747377228
1936,0fcaf4ae-7b46-45e5-aa2f-b15f4759e4dc,9,1936,True,25949,25949,189.1624224336374
1937,0fcaf4ae-7b46-45e5-aa2f-b15f4759e4dc,9,1937,True,25974,25974,149.29701200956333
1938,0fcaf4ae-7b46-45e5-aa2f-b15f4759e4dc,9,1938,True,26005,26005,143.1402162176455
1939,0fcaf4ae-7b46-45e5-aa2f-b15f4759e4dc,9,1939,True,26037,26037,110.79707759835583
1940,0fcaf4ae-7b46-45e5-aa2f-b15f4759e4dc,9,1940,True,26071,26071,172.10097606897034
1941,0fcaf4ae-7b46-45e5-aa2f-b15f4759e4dc,9,1941,True,26102,26102,165.07374857900504
1942,0fcaf4ae-7b46-45e5-aa2f-b15f4759e4dc,9,1942,True,26125,26125,167.55649218254257
1943,0fcaf4ae-7b46-45e5-aa2f-b15f4759e4dc,9,1943,True,26150,26150,144.80925675429535
1944,0fcaf4ae-7b46-45e5-aa2f-b15f4759e4dc,9,1944,True,26173,26173,153.84350474482562
1945,0fcaf4ae-7b46-45e5-aa2f-b15f4759e4dc,9,1945,True,26191,26191,165.57090217630684
1946,0fcaf4ae-7b46-45e5-aa2f-b15f4759e4dc,9,1946,True,26220,26220,232.1010742960898
1947,0fcaf4ae-7b46-45e5-aa2f-b15f4759e4dc,9,1947,True,26246,26246,181.26474487065207
1948,0fcaf4ae-7b46-45e5-aa2f-b15f4759e4dc,9,1948,True,26274,26274,223.9193157543341
1949,0fcaf4ae-7b46-45e5-aa2f-b15f4759e4dc,9,1949,True,26291,26291,208.00658889854094
1950,0fcaf4ae-7b46-45e5-aa2f-b15f4759e4dc,9,1950,True,26315,26315,176.76500959294572
1951,0fcaf4ae-7b46-45e5-aa2f-b15f4759e4dc,9,1951,True,26337,26337,179.89446454850258
1952,0fcaf4ae-7b46-45e5-aa2f-b15f4759e4dc,9,1952,True,26358,26358,190.48641518688964
1953,0fcaf4ae-7b46-45e5-aa2f-b15f4759e4dc,9,1953,True,26379,26379,195.52399656197304
1954,0fcaf4ae-7b46-45e5-aa2f-b15f4759e4dc,9,1954,True,26415,26415,203.93474289117876
1955,0fcaf4ae-7b46-45e5-aa2f-b15f4759e4dc,9,1955,True,26448,26448,181.26500942168423
1956,0fcaf4ae-7b46-45e5-aa2f-b15f4759e4dc,9,1956,True,26470,26470,148.93474289117876
1957,0fcaf4ae-7b46-45e5-aa2f-b15f4759e4dc,9,1957,True,26506,26506,172.65047928711283
1958,0fcaf4ae-7b46-45e5-aa2f-b15f4759e4dc,9,1958,True,26541,26541,165.85069433573517
1959,0fcaf4ae-7b46-45e5-aa2f-b15f4759e4dc,9,1959,True,26565,26565,168.47551077447133
1960,0fcaf4ae-7b46-45e5-aa2f-b15f4759e4dc,9,1960,True,26591,26591,188.82787585534243
1961,0fcaf4ae-7b46-45e5-aa2f-b15f4759e4dc,9,1961,True,26619,26619,155.37831824313253
1962,0fcaf4ae-7b46-45e5-aa2f-b15f4759e4dc,9,1962,True,26650,26650,183.7588009911342
1963,0fcaf4ae-7b46-45e5-aa2f-b15f4759e4dc,9,1963,True,26675,26675,209.98379600775297
1964,0fcaf4ae-7b46-45e5-aa2f-b15f4759e4dc,9,1964,True,26708,26708,176.98379600775297
1965,0fcaf4ae-7b46-45e5-aa2f-b15f4759e4dc,9,1965,True,26738,26738,178.10564821610024
1966,0fcaf4ae-7b46-45e5-aa2f-b15f4759e4dc,9,1966,True,26766,26766,164.21131422465623
1967,0fcaf4ae-7b46-45e5-aa2f-b15f4759e4dc,9,1967,True,26792,26792,174.5655506292169
1968,0fcaf4ae-7b46-45e5-aa2f-b15f4759e4dc,9,1968,True,26817,26817,161.38747512569898
1969,0fcaf4ae-7b46-45e5-aa2f-b15f4759e4dc,9,1969,True,26839,26839,173.030359447901
1970,0fcaf4ae-7b46-45e5-aa2f-b15f4759e4dc,9,1970,True,26878,26878,148.34286130230612
1971,0fcaf4ae-7b46-45e5-aa2f-b15f4759e4dc,9,1971,True,26910,26910,170.08878622966586
1972,0fcaf4ae-7b46-45e5-aa2f-b15f4759e4dc,9,1972,True,26942,26942,138.42631464900478
1973,0fcaf4ae-7b46-45e5-aa2f-b15f4759e4dc,9,1973,True,26972,26972,165.43614202390745
1974,0fcaf4ae-7b46-45e5-aa2f-b15f4759e4dc,9,1974,True,27002,27002,211.69503814326526
1975,0fcaf4ae-7b46-45e5-aa2f-b15f4759e4dc,9,1975,True,27020,27020,170.1115558273923
1976,0fcaf4ae-7b46-45e5-aa2f-b15f4759e4dc,9,1976,True,27045,27045,168.69503814326526
1977,0fcaf4ae-7b46-45e5-aa2f-b15f4759e4dc,9,1977,True,27070,27070,169.8896121820908
1978,0fcaf4ae-7b46-45e5-aa2f-b15f4759e4dc,9,1978,True,27099,27099,161.56128517148318
1979,0fcaf4ae-7b46-45e5-aa2f-b15f4759e4dc,9,1979,True,27125,27125,162.31417124710424
1980,0fcaf4ae-7b46-45e5-aa2f-b15f4759e4dc,9,1980,True,27147,27147,143.49628839402067
1981,0fcaf4ae-7b46-45e5-aa2f-b15f4759e4dc,9,1981,True,27171,27171,201.52479347938424
1982,0fcaf4ae-7b46-45e5-aa2f-b15f4759e4dc,9,1982,True,27200,27200,155.9535489548398
1983,0fcaf4ae-7b46-45e5-aa2f-b15f4759e4dc,9,1983,True,27226,27226,159.26217398967856
1984,0fcaf4ae-7b46-45e5-aa2f-b15f4759e4dc,9,1984,True,27249,27249,139.38534444935794
1985,0fcaf4ae-7b46-45e5-aa2f-b15f4759e4dc,9,1985,True,27282,27282,204.27412752551027
1986,0fcaf4ae-7b46-45e5-aa2f-b15f4759e4dc,9,1986,True,27307,27307,201.5361354975139
1987,0fcaf4ae-7b46-45e5-aa2f-b15f4759e4dc,9,1987,True,27332,27332,200.25450296038252
1988,0fcaf4ae-7b46-45e5-aa2f-b15f4759e4dc,9,1988,True,27361,27361,250.0119872084215
1989,0fcaf4ae-7b46-45e5-aa2f-b15f4759e4dc,9,1989,True,27387,27387,226.76202649901825
1990,0fcaf4ae-7b46-45e5-aa2f-b15f4759e4dc,9,1990,True,27408,27408,203.0119872084215
1991,0fcaf4ae-7b46-45e5-aa2f-b15f4759e4dc,9,1991,True,27429,27429,209.62468966355664
1992,0fcaf4ae-7b46-45e5-aa2f-b15f4759e4dc,9,1992,True,27466,27466,259.80236485759815
1993,0fcaf4ae-7b46-45e5-aa2f-b15f4759e4dc,9,1993,True,27508,27508,180.9010095705562
1994,0fcaf4ae-7b46-45e5-aa2f-b15f4759e4dc,9,1994,True,27540,27540,234.16308294403643
1995,0fcaf4ae-7b46-45e5-aa2f-b15f4759e4dc,9,1995,True,27575,27575,161.68785512337854
1996,0fcaf4ae-7b46-45e5-aa2f-b15f4759e4dc,9,1996,True,27603,27603,213.13651298380864
1997,0fcaf4ae-7b46-45e5-aa2f-b15f4759e4dc,9,1997,True,27628,27628,196.15190730258473
1998,0fcaf4ae-7b46-45e5-aa2f-b15f4759e4dc,9,1998,True,27660,27660,156.13651298380864
1999,0fcaf4ae-7b46-45e5-aa2f-b15f4759e4dc,9,1999,True,27689,27689,153.6166799373059
2000,4814bd74-db90-4e8a-ab7a-79d42c618035,10,2000,True,16,16,79.16270699263497
2001,4814bd74-db90-4e8a-ab7a-79d42c618035,10,2001,True,43,43,105.25431174087686
2002,4814bd74-db90-4e8a-ab7a-79d42c618035,10,2002,True,70,70,101.58206912152474
2003,4814bd74-db90-4e8a-ab7a-79d42c618035,10,2003,True,111,111,86.40702859215449
2004,4814bd74-db90-4e8a-ab7a-79d42c618035,10,2004,True,139,139,91.51206397128126
2005,4814bd74-db90-4e8a-ab7a-79d42c618035,10,2005,True,175,175,105.347269221425
2006,4814bd74-db90-4e8a-ab7a-79d42c618035,10,2006,True,207,207,119.07581641863783
2007,4814bd74-db90-4e8a-ab7a-79d42c618035,10,2007,True,232,232,120.03985372470788
2008,4814bd74-db90-4e8a-ab7a-79d42c618035,10,2008,True,266,266,108.28233961571357
2009,4814bd74-db90-4e8a-ab7a-79d42c618035,10,2009,True,296,296,126.60749979821219
2010,4814bd74-db90-4e8a-ab7a-79d42c618035,10,2010,True,322,322,144.0230014656775
2011,4814bd74-db90-4e8a-ab7a-79d42c618035,10,2011,True,348,348,150.52480146022202
2012,4814bd74-db90-4e8a-ab7a-79d42c618035,10,2012,True,375,375,119.55217029758933
2013,4814bd74-db90-4e8a-ab7a-79d42c618035,10,2013,True,400,400,144.74806648553022
2014,4814bd74-db90-4e8a-ab7a-79d42c618035,10,2014,True,422,422,126.74284099814167
2015,4814bd74-db90-4e8a-ab7a-79d42c618035,10,2015,True,450,450,146.83416850905348
2016,4814bd74-db90-4e8a-ab7a-79d42c618035,10,2016,True,474,474,130.14664270446735
2017,4814bd74-db90-4e8a-ab7a-79d42c618035,10,2017,True,501,501,148.82945373952134
2018,4814bd74-db90-4e8a-ab7a-79d42c618035,10,2018,True,542,542,118.03323673195109
2019,4814bd74-db90-4e8a-ab7a-79d42c618035,10,2019,True,569,569,147.2692940456668
2020,4814bd74-db90-4e8a-ab7a-79d42c618035,10,2020,True,597,597,149.17981242733072
2021,4814bd74-db90-4e8a-ab7a-79d42c618035,10,2021,True,621,621,123.02898601883726
2022,4814bd74-db90-4e8a-ab7a-79d42c618035,10,2022,True,642,642,131.0997787680359
2023,4814bd74-db90-4e8a-ab7a-79d42c618035,10,2023,True,672,672,125.67800275716445
2024,4814bd74-db90-4e8a-ab7a-79d42c618035,10,2024,True,700,700,175.9065506370248
2025,4814bd74-db90-4e8a-ab7a-79d42c618035,10,2025,True,731,731,147.11667996602978
2026,4814bd74-db90-4e8a-ab7a-79d42c618035,10,2026,True,763,763,208.14639055773955
2027,4814bd74-db90-4e8a-ab7a-79d42c618035,10,2027,True,788,788,162.07256879424915
2028,4814bd74-db90-4e8a-ab7a-79d42c618035,10,2028,True,808,808,216.48812317661304
2029,4814bd74-db90-4e8a-ab7a-79d42c618035,10,2029,True,841,841,157.04749848795745
2030,4814bd74-db90-4e8a-ab7a-79d42c618035,10,2030,True,867,867,186.08190173909702
2031,4814bd74-db90-4e8a-ab7a-79d42c618035,10,2031,True,901,901,190.24865111939152
2032,4814bd74-db90-4e8a-ab7a-79d42c618035,10,2032,True,936,936,147.89497313474362
2033,4814bd74-db90-4e8a-ab7a-79d42c618035,10,2033,True,968,968,160.31759144085117
2034,4814bd74-db90-4e8a-ab7a-79d42c618035,10,2034,True,990,990,180.5268154842231
2035,4814bd74-db90-4e8a-ab7a-79d42c618035,10,2035,True,1012,1012,165.36177172665816
2036,4814bd74-db90-4e8a-ab7a-79d42c618035,10,2036,True,1040,1040,182.79848459375648
2037,4814bd74-db90-4e8a-ab7a-79d42c618035,10,2037,True,1062,1062,218.75211987692387
2038,4814bd74-db90-4e8a-ab7a-79d42c618035,10,2038,True,1077,1077,168.95433285457716
2039,4814bd74-db90-4e8a-ab7a-79d42c618035,10,2039,True,1106,1106,167.88359278538792
2040,4814bd74-db90-4e8a-ab7a-79d42c618035,10,2040,True,1136,1136,210.0442451069714
2041,4814bd74-db90-4e8a-ab7a-79d42c618035,10,2041,True,1173,1173,145.74245286758674
2042,4814bd74-db90-4e8a-ab7a-79d42c618035,10,2042,True,1197,1197,149.82248332249333
2043,4814bd74-db90-4e8a-ab7a-79d42c618035,10,2043,True,1228,1228,132.05367528096122
2044,4814bd74-db90-4e8a-ab7a-79d42c618035,10,2044,True,1253,1253,194.01692057984724
2045,4814bd74-db90-4e8a-ab7a-79d42c618035,10,2045,True,1282,1282,137.972909378861
2046,4814bd74-db90-4e8a-ab7a-79d42c618035,10,2046,True,1304,1304,166.85438427106055
2047,4814bd74-db90-4e8a-ab7a-79d42c618035,10,2047,True,1336,1336,130.4490686035938
2048,4814bd74-db90-4e8a-ab7a-79d42c618035,10,2048,True,1358,1358,157.98782577524457
2049,4814bd74-db90-4e8a-ab7a-79d42c618035,10,2049,True,1388,1388,155.86251515888534
2050,4814bd74-db90-4e8a-ab7a-79d42c618035,10,2050,True,1416,1416,129.8849754301823
2051,4814bd74-db90-4e8a-ab7a-79d42c618035,10,2051,True,1441,1441,128.6451323497356
2052,4814bd74-db90-4e8a-ab7a-79d42c618035,10,2052,True,1463,1463,157.66088639284112
2053,4814bd74-db90-4e8a-ab7a-79d42c618035,10,2053,True,1490,1490,162.60911764920888
2054,4814bd74-db90-4e8a-ab7a-79d42c618035,10,2054,True,1517,1517,197.01014503930628
2055,4814bd74-db90-4e8a-ab7a-79d42c618035,10,2055,True,1546,1546,180.65105359803078
2056,4814bd74-db90-4e8a-ab7a-79d42c618035,10,2056,True,1574,1574,177.78223268867532
2057,4814bd74-db90-4e8a-ab7a-79d42c618035,10,2057,True,1606,1606,173.05756146151543
2058,4814bd74-db90-4e8a-ab7a-79d42c618035,10,2058,True,1633,1633,237.89376367628142
2059,4814bd74-db90-4e8a-ab7a-79d42c618035,10,2059,True,1670,1670,178.88887526662188
2060,4814bd74-db90-4e8a-ab7a-79d42c618035,10,2060,True,1699,1699,201.98530245758684
2061,4814bd74-db90-4e8a-ab7a-79d42c618035,10,2061,True,1726,1726,195.91456516839457
2062,4814bd74-db90-4e8a-ab7a-79d42c618035,10,2062,True,1756,1756,196.96775405835433
2063,4814bd74-db90-4e8a-ab7a-79d42c618035,10,2063,True,1783,1783,190.4804859999963
2064,4814bd74-db90-4e8a-ab7a-79d42c618035,10,2064,True,1801,1801,187.27394340320643
2065,4814bd74-db90-4e8a-ab7a-79d42c618035,10,2065,True,1835,1835,202.22930501320684
2066,4814bd74-db90-4e8a-ab7a-79d42c618035,10,2066,True,1857,1857,209.10781166833658
2067,4814bd74-db90-4e8a-ab7a-79d42c618035,10,2067,True,1889,1889,148.22930501320684
2068,4814bd74-db90-4e8a-ab7a-79d42c618035,10,2068,True,1918,1918,193.83403880544938
2069,4814bd74-db90-4e8a-ab7a-79d42c618035,10,2069,True,1932,1932,184.4724351024929
2070,4814bd74-db90-4e8a-ab7a-79d42c618035,10,2070,True,1966,1966,198.23979333612078
2071,4814bd74-db90-4e8a-ab7a-79d42c618035,10,2071,True,2000,2000,163.42567854710796
2072,4814bd74-db90-4e8a-ab7a-79d42c618035,10,2072,True,2026,2026,160.1889489130449
2073,4814bd74-db90-4e8a-ab7a-79d42c618035,10,2073,True,2053,2053,161.3282917609008
2074,4814bd74-db90-4e8a-ab7a-79d42c618035,10,2074,True,2082,2082,181.23824419130733
2075,4814bd74-db90-4e8a-ab7a-79d42c618035,10,2075,True,2107,2107,148.85152296193155
2076,4814bd74-db90-4e8a-ab7a-79d42c618035,10,2076,True,2133,2133,154.5651024224162
2077,4814bd74-db90-4e8a-ab7a-79d42c618035,10,2077,True,2162,2162,124.41477358365
2078,4814bd74-db90-4e8a-ab7a-79d42c618035,10,2078,True,2186,2186,158.7577170021118
2079,4814bd74-db90-4e8a-ab7a-79d42c618035,10,2079,True,2213,2213,153.0021009025627
2080,4814bd74-db90-4e8a-ab7a-79d42c618035,10,2080,True,2245,2245,205.60454627326408
2081,4814bd74-db90-4e8a-ab7a-79d42c618035,10,2081,True,2270,2270,147.9342460306848
2082,4814bd74-db90-4e8a-ab7a-79d42c618035,10,2082,True,2287,2287,212.7882345107637
2083,4814bd74-db90-4e8a-ab7a-79d42c618035,10,2083,True,2323,2323,149.24181906130207
2084,4814bd74-db90-4e8a-ab7a-79d42c618035,10,2084,True,2351,2351,177.0388775471988
2085,4814bd74-db90-4e8a-ab7a-79d42c618035,10,2085,True,2376,2376,154.28287382160124
2086,4814bd74-db90-4e8a-ab7a-79d42c618035,10,2086,True,2405,2405,215.53020703596394
2087,4814bd74-db90-4e8a-ab7a-79d42c618035,10,2087,True,2425,2425,174.78960955383627
2088,4814bd74-db90-4e8a-ab7a-79d42c618035,10,2088,True,2467,2467,177.96867636630304
2089,4814bd74-db90-4e8a-ab7a-79d42c618035,10,2089,True,2496,2496,151.02516196099486
2090,4814bd74-db90-4e8a-ab7a-79d42c618035,10,2090,True,2525,2525,165.08446561051414
2091,4814bd74-db90-4e8a-ab7a-79d42c618035,10,2091,True,2554,2554,142.39033215900326
2092,4814bd74-db90-4e8a-ab7a-79d42c618035,10,2092,True,2580,2580,148.64876651415716
2093,4814bd74-db90-4e8a-ab7a-79d42c618035,10,2093,True,2610,2610,158.35272934461364
2094,4814bd74-db90-4e8a-ab7a-79d42c618035,10,2094,True,2640,2640,142.82801393133877
2095,4814bd74-db90-4e8a-ab7a-79d42c618035,10,2095,True,2665,2665,127.96047025035296
2096,4814bd74-db90-4e8a-ab7a-79d42c618035,10,2096,True,2701,2701,134.37273706828182
2097,4814bd74-db90-4e8a-ab7a-79d42c618035,10,2097,True,2732,2732,154.0614768453038
2098,4814bd74-db90-4e8a-ab7a-79d42c618035,10,2098,True,2754,2754,133.88722283790685
2099,4814bd74-db90-4e8a-ab7a-79d42c618035,10,2099,True,2781,2781,154.52589117581556
2100,4814bd74-db90-4e8a-ab7a-79d42c618035,10,2100,True,2811,2811,157.84634989176993
2101,4814bd74-db90-4e8a-ab7a-79d42c618035,10,2101,True,2836,2836,148.65787439869337
2102,4814bd74-db90-4e8a-ab7a-79d42c618035,10,2102,True,2859,2859,156.962190712577
2103,4814bd74-db90-4e8a-ab7a-79d42c618035,10,2103,True,2882,2882,142.278521452502
2104,4814bd74-db90-4e8a-ab7a-79d42c618035,10,2104,True,2909,2909,196.96577412551142
2105,4814bd74-db90-4e8a-ab7a-79d42c618035,10,2105,True,2936,2936,129.82501988348076
2106,4814bd74-db90-4e8a-ab7a-79d42c618035,10,2106,True,2971,2971,158.47021668563093
2107,4814bd74-db90-4e8a-ab7a-79d42c618035,10,2107,True,2999,2999,130.4365459249143
2108,4814bd74-db90-4e8a-ab7a-79d42c618035,10,2108,True,3025,3025,154.55968504757675
2109,4814bd74-db90-4e8a-ab7a-79d42c618035,10,2109,True,3056,3056,147.76786277030806
2110,4814bd74-db90-4e8a-ab7a-79d42c618035,10,2110,True,3094,3094,138.94507537045274
2111,4814bd74-db90-4e8a-ab7a-79d42c618035,10,2111,True,3119,3119,136.0768927822569
2112,4814bd74-db90-4e8a-ab7a-79d42c618035,10,2112,True,3142,3142,165.64498762535095
2113,4814bd74-db90-4e8a-ab7a-79d42c618035,10,2113,True,3174,3174,132.28142293417613
2114,4814bd74-db90-4e8a-ab7a-79d42c618035,10,2114,True,3200,3200,130.63832240364854
2115,4814bd74-db90-4e8a-ab7a-79d42c618035,10,2115,True,3230,3230,153.67330294963222
2116,4814bd74-db90-4e8a-ab7a-79d42c618035,10,2116,True,3263,3263,117.03132609354407
2117,4814bd74-db90-4e8a-ab7a-79d42c618035,10,2117,True,3298,3298,112.4407178147444
2118,4814bd74-db90-4e8a-ab7a-79d42c618035,10,2118,True,3337,3337,139.84178276033526
2119,4814bd74-db90-4e8a-ab7a-79d42c618035,10,2119,True,3362,3362,130.94150948206243
2120,4814bd74-db90-4e8a-ab7a-79d42c618035,10,2120,True,3388,3388,153.76229026318742
2121,4814bd74-db90-4e8a-ab7a-79d42c618035,10,2121,True,3415,3415,135.48043588262226
2122,4814bd74-db90-4e8a-ab7a-79d42c618035,10,2122,True,3438,3438,154.230028288197
2123,4814bd74-db90-4e8a-ab7a-79d42c618035,10,2123,True,3462,3462,138.79861723031854
2124,4814bd74-db90-4e8a-ab7a-79d42c618035,10,2124,True,3484,3484,143.73852128106319
2125,4814bd74-db90-4e8a-ab7a-79d42c618035,10,2125,True,3510,3510,130.37321104071407
2126,4814bd74-db90-4e8a-ab7a-79d42c618035,10,2126,True,3539,3539,138.5133649238851
2127,4814bd74-db90-4e8a-ab7a-79d42c618035,10,2127,True,3560,3560,131.99707855634506
2128,4814bd74-db90-4e8a-ab7a-79d42c618035,10,2128,True,3590,3590,148.40694649934585
2129,4814bd74-db90-4e8a-ab7a-79d42c618035,10,2129,True,3621,3621,120.66540408559695
2130,4814bd74-db90-4e8a-ab7a-79d42c618035,10,2130,True,3649,3649,121.81765705633552
2131,4814bd74-db90-4e8a-ab7a-79d42c618035,10,2131,True,3680,3680,204.86232011717038
2132,4814bd74-db90-4e8a-ab7a-79d42c618035,10,2132,True,3708,3708,149.2847896000235
2133,4814bd74-db90-4e8a-ab7a-79d42c618035,10,2133,True,3739,3739,140.4156845079956
2134,4814bd74-db90-4e8a-ab7a-79d42c618035,10,2134,True,3766,3766,169.82555691823381
2135,4814bd74-db90-4e8a-ab7a-79d42c618035,10,2135,True,3792,3792,138.50856785466203
2136,4814bd74-db90-4e8a-ab7a-79d42c618035,10,2136,True,3823,3823,134.85851484134082
2137,4814bd74-db90-4e8a-ab7a-79d42c618035,10,2137,True,3857,3857,178.73861772738155
2138,4814bd74-db90-4e8a-ab7a-79d42c618035,10,2138,True,3875,3875,133.64218559488972
2139,4814bd74-db90-4e8a-ab7a-79d42c618035,10,2139,True,3901,3901,162.5495266731309
2140,4814bd74-db90-4e8a-ab7a-79d42c618035,10,2140,True,3924,3924,138.6846546599204
2141,4814bd74-db90-4e8a-ab7a-79d42c618035,10,2141,True,3953,3953,206.50125268918146
2142,4814bd74-db90-4e8a-ab7a-79d42c618035,10,2142,True,3977,3977,182.50125268918146
2143,4814bd74-db90-4e8a-ab7a-79d42c618035,10,2143,True,4011,4011,189.0438079780306
2144,4814bd74-db90-4e8a-ab7a-79d42c618035,10,2144,True,4033,4033,175.60995991038544
2145,4814bd74-db90-4e8a-ab7a-79d42c618035,10,2145,True,4057,4057,193.9455320281504
2146,4814bd74-db90-4e8a-ab7a-79d42c618035,10,2146,True,4084,4084,149.28618842570359
2147,4814bd74-db90-4e8a-ab7a-79d42c618035,10,2147,True,4106,4106,169.26774345194372
2148,4814bd74-db90-4e8a-ab7a-79d42c618035,10,2148,True,4144,4144,194.622160485098
2149,4814bd74-db90-4e8a-ab7a-79d42c618035,10,2149,True,4171,4171,151.75026941859232
2150,4814bd74-db90-4e8a-ab7a-79d42c618035,10,2150,True,4195,4195,170.31488510429153
2151,4814bd74-db90-4e8a-ab7a-79d42c618035,10,2151,True,4209,4209,164.46543902771919
2152,4814bd74-db90-4e8a-ab7a-79d42c618035,10,2152,True,4241,4241,149.89029173124254
2153,4814bd74-db90-4e8a-ab7a-79d42c618035,10,2153,True,4268,4268,144.84706077704323
2154,4814bd74-db90-4e8a-ab7a-79d42c618035,10,2154,True,4295,4295,178.9932512140922
2155,4814bd74-db90-4e8a-ab7a-79d42c618035,10,2155,True,4328,4328,187.63579455703803
2156,4814bd74-db90-4e8a-ab7a-79d42c618035,10,2156,True,4355,4355,203.5987520325407
2157,4814bd74-db90-4e8a-ab7a-79d42c618035,10,2157,True,4382,4382,181.96213330158207
2158,4814bd74-db90-4e8a-ab7a-79d42c618035,10,2158,True,4407,4407,176.1848018057417
2159,4814bd74-db90-4e8a-ab7a-79d42c618035,10,2159,True,4435,4435,157.45599443752508
2160,4814bd74-db90-4e8a-ab7a-79d42c618035,10,2160,True,4456,4456,150.02384079449075
2161,4814bd74-db90-4e8a-ab7a-79d42c618035,10,2161,True,4480,4480,163.62520214180768
2162,4814bd74-db90-4e8a-ab7a-79d42c618035,10,2162,True,4497,4497,217.95619630431338
2163,4814bd74-db90-4e8a-ab7a-79d42c618035,10,2163,True,4516,4516,198.28786501412378
2164,4814bd74-db90-4e8a-ab7a-79d42c618035,10,2164,True,4543,4543,171.95619630431338
2165,4814bd74-db90-4e8a-ab7a-79d42c618035,10,2165,True,4567,4567,197.09885729669077
2166,4814bd74-db90-4e8a-ab7a-79d42c618035,10,2166,True,4586,4586,182.19742304994634
2167,4814bd74-db90-4e8a-ab7a-79d42c618035,10,2167,True,4611,4611,160.30403560249488
2168,4814bd74-db90-4e8a-ab7a-79d42c618035,10,2168,True,4647,4647,176.84549513632282
2169,4814bd74-db90-4e8a-ab7a-79d42c618035,10,2169,True,4666,4666,175.74236319773445
2170,4814bd74-db90-4e8a-ab7a-79d42c618035,10,2170,True,4707,4707,164.98924450188952
2171,4814bd74-db90-4e8a-ab7a-79d42c618035,10,2171,True,4734,4734,186.60266995042002
2172,4814bd74-db90-4e8a-ab7a-79d42c618035,10,2172,True,4758,4758,165.25369232732464
2173,4814bd74-db90-4e8a-ab7a-79d42c618035,10,2173,True,4786,4786,159.14563145036664
2174,4814bd74-db90-4e8a-ab7a-79d42c618035,10,2174,True,4820,4820,152.6848174536708
2175,4814bd74-db90-4e8a-ab7a-79d42c618035,10,2175,True,4849,4849,172.98158967362633
2176,4814bd74-db90-4e8a-ab7a-79d42c618035,10,2176,True,4877,4877,146.72944526736683
2177,4814bd74-db90-4e8a-ab7a-79d42c618035,10,2177,True,4906,4906,167.05638678746345
2178,4814bd74-db90-4e8a-ab7a-79d42c618035,10,2178,True,4938,4938,136.35636679263644
2179,4814bd74-db90-4e8a-ab7a-79d42c618035,10,2179,True,4964,4964,161.25078795747413
2180,4814bd74-db90-4e8a-ab7a-79d42c618035,10,2180,True,4991,4991,151.9118734006197
2181,4814bd74-db90-4e8a-ab7a-79d42c618035,10,2181,True,5018,5018,192.24824487001297
2182,4814bd74-db90-4e8a-ab7a-79d42c618035,10,2182,True,5047,5047,171.20949173497684
2183,4814bd74-db90-4e8a-ab7a-79d42c618035,10,2183,True,5080,5080,183.54209483226532
2184,4814bd74-db90-4e8a-ab7a-79d42c618035,10,2184,True,5103,5103,168.81649318665677
2185,4814bd74-db90-4e8a-ab7a-79d42c618035,10,2185,True,5127,5127,183.83760872308176
2186,4814bd74-db90-4e8a-ab7a-79d42c618035,10,2186,True,5157,5157,169.66356248450757
2187,4814bd74-db90-4e8a-ab7a-79d42c618035,10,2187,True,5184,5184,192.23269087476456
2188,4814bd74-db90-4e8a-ab7a-79d42c618035,10,2188,True,5213,5213,215.339756369749
2189,4814bd74-db90-4e8a-ab7a-79d42c618035,10,2189,True,5234,5234,191.83826720456182
2190,4814bd74-db90-4e8a-ab7a-79d42c618035,10,2190,True,5269,5269,169.1640578102424
2191,4814bd74-db90-4e8a-ab7a-79d42c618035,10,2191,True,5300,5300,166.3084617999839
2192,4814bd74-db90-4e8a-ab7a-79d42c618035,10,2192,True,5319,5319,168.02551752012732
2193,4814bd74-db90-4e8a-ab7a-79d42c618035,10,2193,True,5345,5345,167.13599136706944
2194,4814bd74-db90-4e8a-ab7a-79d42c618035,10,2194,True,5386,5386,173.55343126825392
2195,4814bd74-db90-4e8a-ab7a-79d42c618035,10,2195,True,5411,5411,147.98883752827896
2196,4814bd74-db90-4e8a-ab7a-79d42c618035,10,2196,True,5436,5436,169.8554815876396
2197,4814bd74-db90-4e8a-ab7a-79d42c618035,10,2197,True,5467,5467,141.53378701163274
2198,4814bd74-db90-4e8a-ab7a-79d42c618035,10,2198,True,5499,5499,160.28413430407818
2199,4814bd74-db90-4e8a-ab7a-79d42c618035,10,2199,True,5515,5515,147.77086274939757
2200,4814bd74-db90-4e8a-ab7a-79d42c618035,10,2200,True,5540,5540,185.9471754968872
2201,4814bd74-db90-4e8a-ab7a-79d42c618035,10,2201,True,5568,5568,157.77124185190678
2202,4814bd74-db90-4e8a-ab7a-79d42c618035,10,2202,True,5590,5590,142.8229101841871
2203,4814bd74-db90-4e8a-ab7a-79d42c618035,10,2203,True,5617,5617,153.55218990813046
2204,4814bd74-db90-4e8a-ab7a-79d42c618035,10,2204,True,5648,5648,135.18326320266897
2205,4814bd74-db90-4e8a-ab7a-79d42c618035,10,2205,True,5677,5677,175.03489074236495
2206,4814bd74-db90-4e8a-ab7a-79d42c618035,10,2206,True,5708,5708,125.52712295539732
2207,4814bd74-db90-4e8a-ab7a-79d42c618035,10,2207,True,5737,5737,159.03866938492683
2208,4814bd74-db90-4e8a-ab7a-79d42c618035,10,2208,True,5760,5760,138.36465341252824
2209,4814bd74-db90-4e8a-ab7a-79d42c618035,10,2209,True,5787,5787,138.1019403293194
2210,4814bd74-db90-4e8a-ab7a-79d42c618035,10,2210,True,5805,5805,208.22658360570313
2211,4814bd74-db90-4e8a-ab7a-79d42c618035,10,2211,True,5830,5830,158.83085341976584
2212,4814bd74-db90-4e8a-ab7a-79d42c618035,10,2212,True,5858,5858,200.5489412003135
2213,4814bd74-db90-4e8a-ab7a-79d42c618035,10,2213,True,5882,5882,157.28996528503558
2214,4814bd74-db90-4e8a-ab7a-79d42c618035,10,2214,True,5905,5905,201.65394032914355
2215,4814bd74-db90-4e8a-ab7a-79d42c618035,10,2215,True,5936,5936,132.9321261895475
2216,4814bd74-db90-4e8a-ab7a-79d42c618035,10,2216,True,5962,5962,180.06246988506882
2217,4814bd74-db90-4e8a-ab7a-79d42c618035,10,2217,True,5995,5995,154.94807575029972
2218,4814bd74-db90-4e8a-ab7a-79d42c618035,10,2218,True,6013,6013,177.15223498534488
2219,4814bd74-db90-4e8a-ab7a-79d42c618035,10,2219,True,6037,6037,162.72961797332573
2220,4814bd74-db90-4e8a-ab7a-79d42c618035,10,2220,True,6071,6071,193.06173982232212
2221,4814bd74-db90-4e8a-ab7a-79d42c618035,10,2221,True,6102,6102,167.2215806757249
2222,4814bd74-db90-4e8a-ab7a-79d42c618035,10,2222,True,6127,6127,169.31969280815065
2223,4814bd74-db90-4e8a-ab7a-79d42c618035,10,2223,True,6159,6159,152.4624881484151
2224,4814bd74-db90-4e8a-ab7a-79d42c618035,10,2224,True,6192,6192,156.27996053754032
2225,4814bd74-db90-4e8a-ab7a-79d42c618035,10,2225,True,6219,6219,154.24047975797112
2226,4814bd74-db90-4e8a-ab7a-79d42c618035,10,2226,True,6242,6242,161.1174949862734
2227,4814bd74-db90-4e8a-ab7a-79d42c618035,10,2227,True,6271,6271,153.01428112871235
2228,4814bd74-db90-4e8a-ab7a-79d42c618035,10,2228,True,6293,6293,172.5121988435285
2229,4814bd74-db90-4e8a-ab7a-79d42c618035,10,2229,True,6322,6322,158.13889379723696
2230,4814bd74-db90-4e8a-ab7a-79d42c618035,10,2230,True,6349,6349,145.0594097580215
2231,4814bd74-db90-4e8a-ab7a-79d42c618035,10,2231,True,6378,6378,153.21044553573665
2232,4814bd74-db90-4e8a-ab7a-79d42c618035,10,2232,True,6407,6407,138.31860330163818
2233,4814bd74-db90-4e8a-ab7a-79d42c618035,10,2233,True,6435,6435,154.5066772312266
2234,4814bd74-db90-4e8a-ab7a-79d42c618035,10,2234,True,6458,6458,155.0484998487873
2235,4814bd74-db90-4e8a-ab7a-79d42c618035,10,2235,True,6483,6483,165.3674457575553
2236,4814bd74-db90-4e8a-ab7a-79d42c618035,10,2236,True,6511,6511,169.1627914184428
2237,4814bd74-db90-4e8a-ab7a-79d42c618035,10,2237,True,6535,6535,156.1377593280704
2238,4814bd74-db90-4e8a-ab7a-79d42c618035,10,2238,True,6570,6570,132.914806010137
2239,4814bd74-db90-4e8a-ab7a-79d42c618035,10,2239,True,6590,6590,165.54409820900673
2240,4814bd74-db90-4e8a-ab7a-79d42c618035,10,2240,True,6623,6623,162.15691760749814
2241,4814bd74-db90-4e8a-ab7a-79d42c618035,10,2241,True,6643,6643,179.41061204376547
2242,4814bd74-db90-4e8a-ab7a-79d42c618035,10,2242,True,6677,6677,186.451852344695
2243,4814bd74-db90-4e8a-ab7a-79d42c618035,10,2243,True,6707,6707,168.91201920750336
2244,4814bd74-db90-4e8a-ab7a-79d42c618035,10,2244,True,6735,6735,154.97405505834013
2245,4814bd74-db90-4e8a-ab7a-79d42c618035,10,2245,True,6765,6765,245.98099899332374
2246,4814bd74-db90-4e8a-ab7a-79d42c618035,10,2246,True,6792,6792,193.95311689904065
2247,4814bd74-db90-4e8a-ab7a-79d42c618035,10,2247,True,6820,6820,187.1874470305729
2248,4814bd74-db90-4e8a-ab7a-79d42c618035,10,2248,True,6851,6851,159.3139001193622
2249,4814bd74-db90-4e8a-ab7a-79d42c618035,10,2249,True,6873,6873,192.81936110686638
2250,4814bd74-db90-4e8a-ab7a-79d42c618035,10,2250,True,6901,6901,239.42217488073584
2251,4814bd74-db90-4e8a-ab7a-79d42c618035,10,2251,True,6921,6921,219.63927559423155
2252,4814bd74-db90-4e8a-ab7a-79d42c618035,10,2252,True,6951,6951,188.6442188727624
2253,4814bd74-db90-4e8a-ab7a-79d42c618035,10,2253,True,6971,6971,218.13815406134108
2254,4814bd74-db90-4e8a-ab7a-79d42c618035,10,2254,True,6995,6995,223.6952219185814
2255,4814bd74-db90-4e8a-ab7a-79d42c618035,10,2255,True,7019,7019,170.13815406134108
2256,4814bd74-db90-4e8a-ab7a-79d42c618035,10,2256,True,7058,7058,187.2063336532292
2257,4814bd74-db90-4e8a-ab7a-79d42c618035,10,2257,True,7092,7092,178.62515677401188
2258,4814bd74-db90-4e8a-ab7a-79d42c618035,10,2258,True,7112,7112,205.23629267783053
2259,4814bd74-db90-4e8a-ab7a-79d42c618035,10,2259,True,7136,7136,187.8173017301442
2260,4814bd74-db90-4e8a-ab7a-79d42c618035,10,2260,True,7160,7160,189.20683577693308
2261,4814bd74-db90-4e8a-ab7a-79d42c618035,10,2261,True,7198,7198,202.85761586706667
2262,4814bd74-db90-4e8a-ab7a-79d42c618035,10,2262,True,7229,7229,196.2925709138226
2263,4814bd74-db90-4e8a-ab7a-79d42c618035,10,2263,True,7275,7275,147.23408329752147
2264,4814bd74-db90-4e8a-ab7a-79d42c618035,10,2264,True,7308,7308,221.1435234646715
2265,4814bd74-db90-4e8a-ab7a-79d42c618035,10,2265,True,7338,7338,165.94688499813947
2266,4814bd74-db90-4e8a-ab7a-79d42c618035,10,2266,True,7374,7374,203.14442079419132
2267,4814bd74-db90-4e8a-ab7a-79d42c618035,10,2267,True,7407,7407,170.14442079419132
2268,4814bd74-db90-4e8a-ab7a-79d42c618035,10,2268,True,7434,7434,188.31276932933542
2269,4814bd74-db90-4e8a-ab7a-79d42c618035,10,2269,True,7461,7461,169.74655535046895
2270,4814bd74-db90-4e8a-ab7a-79d42c618035,10,2270,True,7498,7498,215.39206950573953
2271,4814bd74-db90-4e8a-ab7a-79d42c618035,10,2271,True,7523,7523,189.95552411006702
2272,4814bd74-db90-4e8a-ab7a-79d42c618035,10,2272,True,7548,7548,191.79038717780622
2273,4814bd74-db90-4e8a-ab7a-79d42c618035,10,2273,True,7573,7573,191.98811666322945
2274,4814bd74-db90-4e8a-ab7a-79d42c618035,10,2274,True,7603,7603,160.15878751556738
2275,4814bd74-db90-4e8a-ab7a-79d42c618035,10,2275,True,7627,7627,185.03533811792022
2276,4814bd74-db90-4e8a-ab7a-79d42c618035,10,2276,True,7648,7648,142.96891683014746
2277,4814bd74-db90-4e8a-ab7a-79d42c618035,10,2277,True,7675,7675,161.29284544593065
2278,4814bd74-db90-4e8a-ab7a-79d42c618035,10,2278,True,7693,7693,171.56065013339412
2279,4814bd74-db90-4e8a-ab7a-79d42c618035,10,2279,True,7726,7726,161.45969053145927
2280,4814bd74-db90-4e8a-ab7a-79d42c618035,10,2280,True,7752,7752,216.85914400265574
2281,4814bd74-db90-4e8a-ab7a-79d42c618035,10,2281,True,7787,7787,151.70204476367053
2282,4814bd74-db90-4e8a-ab7a-79d42c618035,10,2282,True,7815,7815,178.00347704188425
2283,4814bd74-db90-4e8a-ab7a-79d42c618035,10,2283,True,7835,7835,159.8225943867974
2284,4814bd74-db90-4e8a-ab7a-79d42c618035,10,2284,True,7868,7868,180.11843475576188
2285,4814bd74-db90-4e8a-ab7a-79d42c618035,10,2285,True,7895,7895,163.47272069388873
2286,4814bd74-db90-4e8a-ab7a-79d42c618035,10,2286,True,7923,7923,165.59163290642573
2287,4814bd74-db90-4e8a-ab7a-79d42c618035,10,2287,True,7955,7955,208.25788236604149
2288,4814bd74-db90-4e8a-ab7a-79d42c618035,10,2288,True,7977,7977,212.86996723341417
2289,4814bd74-db90-4e8a-ab7a-79d42c618035,10,2289,True,7999,7999,191.345703563421
2290,4814bd74-db90-4e8a-ab7a-79d42c618035,10,2290,True,8028,8028,159.9691789466251
2291,4814bd74-db90-4e8a-ab7a-79d42c618035,10,2291,True,8057,8057,208.30523924949375
2292,4814bd74-db90-4e8a-ab7a-79d42c618035,10,2292,True,8082,8082,183.1180223733645
2293,4814bd74-db90-4e8a-ab7a-79d42c618035,10,2293,True,8111,8111,223.7521987253076
2294,4814bd74-db90-4e8a-ab7a-79d42c618035,10,2294,True,8141,8141,146.39711285881458
2295,4814bd74-db90-4e8a-ab7a-79d42c618035,10,2295,True,8173,8173,213.64273184160447
2296,4814bd74-db90-4e8a-ab7a-79d42c618035,10,2296,True,8196,8196,172.62642145485916
2297,4814bd74-db90-4e8a-ab7a-79d42c618035,10,2297,True,8217,8217,175.31267643526917
2298,4814bd74-db90-4e8a-ab7a-79d42c618035,10,2298,True,8239,8239,150.68665493411208
2299,4814bd74-db90-4e8a-ab7a-79d42c618035,10,2299,True,8272,8272,205.08331240001098
2300,4814bd74-db90-4e8a-ab7a-79d42c618035,10,2300,True,8302,8302,210.79936884288327
2301,4814bd74-db90-4e8a-ab7a-79d42c618035,10,2301,True,8333,8333,159.5220637169441
2302,4814bd74-db90-4e8a-ab7a-79d42c618035,10,2302,True,8367,8367,168.76717008022388
2303,4814bd74-db90-4e8a-ab7a-79d42c618035,10,2303,True,8397,8397,172.29489574619038
2304,4814bd74-db90-4e8a-ab7a-79d42c618035,10,2304,True,8438,8438,162.61889133928526
2305,4814bd74-db90-4e8a-ab7a-79d42c618035,10,2305,True,8467,8467,131.570368409426
2306,4814bd74-db90-4e8a-ab7a-79d42c618035,10,2306,True,8498,8498,173.75753115122825
2307,4814bd74-db90-4e8a-ab7a-79d42c618035,10,2307,True,8521,8521,152.53995946545547
2308,4814bd74-db90-4e8a-ab7a-79d42c618035,10,2308,True,8558,8558,164.50495900938222
2309,4814bd74-db90-4e8a-ab7a-79d42c618035,10,2309,True,8579,8579,157.35442299747228
2310,4814bd74-db90-4e8a-ab7a-79d42c618035,10,2310,True,8607,8607,251.0940744954296
2311,4814bd74-db90-4e8a-ab7a-79d42c618035,10,2311,True,8628,8628,237.91724839510425
2312,4814bd74-db90-4e8a-ab7a-79d42c618035,10,2312,True,8651,8651,188.94721558864876
2313,4814bd74-db90-4e8a-ab7a-79d42c618035,10,2313,True,8682,8682,246.47403297810888
2314,4814bd74-db90-4e8a-ab7a-79d42c618035,10,2314,True,8714,8714,186.06703985523927
2315,4814bd74-db90-4e8a-ab7a-79d42c618035,10,2315,True,8741,8741,221.2568643554514
2316,4814bd74-db90-4e8a-ab7a-79d42c618035,10,2316,True,8765,8765,197.2568643554514
2317,4814bd74-db90-4e8a-ab7a-79d42c618035,10,2317,True,8794,8794,191.05192513087786
2318,4814bd74-db90-4e8a-ab7a-79d42c618035,10,2318,True,8831,8831,205.75853320022543
2319,4814bd74-db90-4e8a-ab7a-79d42c618035,10,2319,True,8867,8867,227.39527889711098
2320,4814bd74-db90-4e8a-ab7a-79d42c618035,10,2320,True,8897,8897,192.16790531943116
2321,4814bd74-db90-4e8a-ab7a-79d42c618035,10,2321,True,8924,8924,196.45845393901072
2322,4814bd74-db90-4e8a-ab7a-79d42c618035,10,2322,True,8955,8955,159.0133509305506
2323,4814bd74-db90-4e8a-ab7a-79d42c618035,10,2323,True,8977,8977,200.97882694189684
2324,4814bd74-db90-4e8a-ab7a-79d42c618035,10,2324,True,8996,8996,149.35581715749868
2325,4814bd74-db90-4e8a-ab7a-79d42c618035,10,2325,True,9016,9016,163.4642531287791
2326,4814bd74-db90-4e8a-ab7a-79d42c618035,10,2326,True,9049,9049,240.06791353404878
2327,4814bd74-db90-4e8a-ab7a-79d42c618035,10,2327,True,9070,9070,217.90262907884244
2328,4814bd74-db90-4e8a-ab7a-79d42c618035,10,2328,True,9092,9092,156.6780982125474
2329,4814bd74-db90-4e8a-ab7a-79d42c618035,10,2329,True,9125,9125,215.2934882373247
2330,4814bd74-db90-4e8a-ab7a-79d42c618035,10,2330,True,9155,9155,155.22406455075543
2331,4814bd74-db90-4e8a-ab7a-79d42c618035,10,2331,True,9186,9186,202.33438892750382
2332,4814bd74-db90-4e8a-ab7a-79d42c618035,10,2332,True,9216,9216,174.69821745004083
2333,4814bd74-db90-4e8a-ab7a-79d42c618035,10,2333,True,9251,9251,190.35304049362094
2334,4814bd74-db90-4e8a-ab7a-79d42c618035,10,2334,True,9273,9273,169.57966869233314
2335,4814bd74-db90-4e8a-ab7a-79d42c618035,10,2335,True,9296,9296,171.81554520278223
2336,4814bd74-db90-4e8a-ab7a-79d42c618035,10,2336,True,9316,9316,149.02789287910127
2337,4814bd74-db90-4e8a-ab7a-79d42c618035,10,2337,True,9352,9352,167.92181709597025
2338,4814bd74-db90-4e8a-ab7a-79d42c618035,10,2338,True,9382,9382,216.58018453738987
2339,4814bd74-db90-4e8a-ab7a-79d42c618035,10,2339,True,9409,9409,160.94223362817866
2340,4814bd74-db90-4e8a-ab7a-79d42c618035,10,2340,True,9447,9447,175.3213473143951
2341,4814bd74-db90-4e8a-ab7a-79d42c618035,10,2341,True,9482,9482,168.3478660926903
2342,4814bd74-db90-4e8a-ab7a-79d42c618035,10,2342,True,9506,9506,175.15851319302965
2343,4814bd74-db90-4e8a-ab7a-79d42c618035,10,2343,True,9530,9530,135.28835360387893
2344,4814bd74-db90-4e8a-ab7a-79d42c618035,10,2344,True,9560,9560,151.14761186458782
2345,4814bd74-db90-4e8a-ab7a-79d42c618035,10,2345,True,9584,9584,154.87203751265406
2346,4814bd74-db90-4e8a-ab7a-79d42c618035,10,2346,True,9614,9614,166.3120061400623
2347,4814bd74-db90-4e8a-ab7a-79d42c618035,10,2347,True,9647,9647,131.1613431422902
2348,4814bd74-db90-4e8a-ab7a-79d42c618035,10,2348,True,9677,9677,141.34978629266516
2349,4814bd74-db90-4e8a-ab7a-79d42c618035,10,2349,True,9706,9706,167.34267240866575
2350,4814bd74-db90-4e8a-ab7a-79d42c618035,10,2350,True,9730,9730,170.61696404878785
2351,4814bd74-db90-4e8a-ab7a-79d42c618035,10,2351,True,9754,9754,173.30930739046926
2352,4814bd74-db90-4e8a-ab7a-79d42c618035,10,2352,True,9782,9782,193.8856077779019
2353,4814bd74-db90-4e8a-ab7a-79d42c618035,10,2353,True,9824,9824,177.9018557365198
2354,4814bd74-db90-4e8a-ab7a-79d42c618035,10,2354,True,9848,9848,153.13553736204994
2355,4814bd74-db90-4e8a-ab7a-79d42c618035,10,2355,True,9872,9872,130.46805271752055
2356,4814bd74-db90-4e8a-ab7a-79d42c618035,10,2356,True,9898,9898,132.80668586974753
2357,4814bd74-db90-4e8a-ab7a-79d42c618035,10,2357,True,9928,9928,147.5053725236121
2358,4814bd74-db90-4e8a-ab7a-79d42c618035,10,2358,True,9961,9961,119.49153099085197
2359,4814bd74-db90-4e8a-ab7a-79d42c618035,10,2359,True,9979,9979,154.5138110752996
2360,4814bd74-db90-4e8a-ab7a-79d42c618035,10,2360,True,9999,9999,167.41701601871318
2361,4814bd74-db90-4e8a-ab7a-79d42c618035,10,2361,True,10036,10036,139.86326458786243
2362,4814bd74-db90-4e8a-ab7a-79d42c618035,10,2362,True,10070,10070,123.3163510991908
2363,4814bd74-db90-4e8a-ab7a-79d42c618035,10,2363,True,10101,10101,118.6817781635109
2364,4814bd74-db90-4e8a-ab7a-79d42c618035,10,2364,True,10123,10123,142.71797572109972
2365,4814bd74-db90-4e8a-ab7a-79d42c618035,10,2365,True,10153,10153,138.45902272670355
2366,4814bd74-db90-4e8a-ab7a-79d42c618035,10,2366,True,10179,10179,152.13828275102242
2367,4814bd74-db90-4e8a-ab7a-79d42c618035,10,2367,True,10212,10212,146.52483511369792
2368,4814bd74-db90-4e8a-ab7a-79d42c618035,10,2368,True,10245,10245,191.72295941222183
2369,4814bd74-db90-4e8a-ab7a-79d42c618035,10,2369,True,10280,10280,138.95923315703294
2370,4814bd74-db90-4e8a-ab7a-79d42c618035,10,2370,True,10309,10309,163.7018658052384
2371,4814bd74-db90-4e8a-ab7a-79d42c618035,10,2371,True,10335,10335,133.40352169091238
2372,4814bd74-db90-4e8a-ab7a-79d42c618035,10,2372,True,10354,10354,160.29586655386993
2373,4814bd74-db90-4e8a-ab7a-79d42c618035,10,2373,True,10389,10389,150.1057133641516
2374,4814bd74-db90-4e8a-ab7a-79d42c618035,10,2374,True,10412,10412,185.73160741809443
2375,4814bd74-db90-4e8a-ab7a-79d42c618035,10,2375,True,10437,10437,140.7812791017077
2376,4814bd74-db90-4e8a-ab7a-79d42c618035,10,2376,True,10463,10463,154.1029500627501
2377,4814bd74-db90-4e8a-ab7a-79d42c618035,10,2377,True,10484,10484,165.86142524918068
2378,4814bd74-db90-4e8a-ab7a-79d42c618035,10,2378,True,10511,10511,155.90821010777108
2379,4814bd74-db90-4e8a-ab7a-79d42c618035,10,2379,True,10542,10542,157.7352616600001
2380,4814bd74-db90-4e8a-ab7a-79d42c618035,10,2380,True,10574,10574,177.93481191285355
2381,4814bd74-db90-4e8a-ab7a-79d42c618035,10,2381,True,10607,10607,151.1097431291255
2382,4814bd74-db90-4e8a-ab7a-79d42c618035,10,2382,True,10630,10630,176.22537340842428
2383,4814bd74-db90-4e8a-ab7a-79d42c618035,10,2383,True,10660,10660,161.34663084287422
2384,4814bd74-db90-4e8a-ab7a-79d42c618035,10,2384,True,10686,10686,169.331749126648
2385,4814bd74-db90-4e8a-ab7a-79d42c618035,10,2385,True,10721,10721,169.26818929384717
2386,4814bd74-db90-4e8a-ab7a-79d42c618035,10,2386,True,10748,10748,208.92779069926655
2387,4814bd74-db90-4e8a-ab7a-79d42c618035,10,2387,True,10771,10771,204.21616843621268
2388,4814bd74-db90-4e8a-ab7a-79d42c618035,10,2388,True,10798,10798,212.61348514295423
2389,4814bd74-db90-4e8a-ab7a-79d42c618035,10,2389,True,10827,10827,222.82585089444
2390,4814bd74-db90-4e8a-ab7a-79d42c618035,10,2390,True,10860,10860,164.85492742535826
2391,4814bd74-db90-4e8a-ab7a-79d42c618035,10,2391,True,10891,10891,231.83801478023088
2392,4814bd74-db90-4e8a-ab7a-79d42c618035,10,2392,True,10919,10919,151.35673645206225
2393,4814bd74-db90-4e8a-ab7a-79d42c618035,10,2393,True,10946,10946,175.16602386421982
2394,4814bd74-db90-4e8a-ab7a-79d42c618035,10,2394,True,10983,10983,173.09955775004346
2395,4814bd74-db90-4e8a-ab7a-79d42c618035,10,2395,True,11023,11023,146.23702689034326
2396,4814bd74-db90-4e8a-ab7a-79d42c618035,10,2396,True,11053,11053,163.2775130629634
2397,4814bd74-db90-4e8a-ab7a-79d42c618035,10,2397,True,11074,11074,142.2775130629634
2398,4814bd74-db90-4e8a-ab7a-79d42c618035,10,2398,True,11094,11094,172.3381177521951
2399,4814bd74-db90-4e8a-ab7a-79d42c618035,10,2399,True,11121,11121,147.6771344130848
2400,4814bd74-db90-4e8a-ab7a-79d42c618035,10,2400,True,11144,11144,165.0368054189894
2401,4814bd74-db90-4e8a-ab7a-79d42c618035,10,2401,True,11170,11170,126.1356523491213
2402,4814bd74-db90-4e8a-ab7a-79d42c618035,10,2402,True,11201,11201,120.51755654273984
2403,4814bd74-db90-4e8a-ab7a-79d42c618035,10,2403,True,11229,11229,158.94651180943947
2404,4814bd74-db90-4e8a-ab7a-79d42c618035,10,2404,True,11253,11253,142.04860343910332
2405,4814bd74-db90-4e8a-ab7a-79d42c618035,10,2405,True,11275,11275,154.48095580756853
2406,4814bd74-db90-4e8a-ab7a-79d42c618035,10,2406,True,11298,11298,133.52758575537518
2407,4814bd74-db90-4e8a-ab7a-79d42c618035,10,2407,True,11330,11330,193.64107106285155
2408,4814bd74-db90-4e8a-ab7a-79d42c618035,10,2408,True,11349,11349,153.53704702993855
2409,4814bd74-db90-4e8a-ab7a-79d42c618035,10,2409,True,11375,11375,196.8723799284744
2410,4814bd74-db90-4e8a-ab7a-79d42c618035,10,2410,True,11406,11406,165.8723799284744
2411,4814bd74-db90-4e8a-ab7a-79d42c618035,10,2411,True,11429,11429,187.3368552233569
2412,4814bd74-db90-4e8a-ab7a-79d42c618035,10,2412,True,11455,11455,124.84171624753799
2413,4814bd74-db90-4e8a-ab7a-79d42c618035,10,2413,True,11497,11497,175.82980361810405
2414,4814bd74-db90-4e8a-ab7a-79d42c618035,10,2414,True,11522,11522,118.78852498538254
2415,4814bd74-db90-4e8a-ab7a-79d42c618035,10,2415,True,11553,11553,133.97234560798097
2416,4814bd74-db90-4e8a-ab7a-79d42c618035,10,2416,True,11574,11574,126.39322783701937
2417,4814bd74-db90-4e8a-ab7a-79d42c618035,10,2417,True,11607,11607,144.0382811620202
2418,4814bd74-db90-4e8a-ab7a-79d42c618035,10,2418,True,11632,11632,120.74201981283841
2419,4814bd74-db90-4e8a-ab7a-79d42c618035,10,2419,True,11664,11664,137.48693612310126
2420,4814bd74-db90-4e8a-ab7a-79d42c618035,10,2420,True,11690,11690,145.01299506267787
2421,4814bd74-db90-4e8a-ab7a-79d42c618035,10,2421,True,11716,11716,136.6614837388297
2422,4814bd74-db90-4e8a-ab7a-79d42c618035,10,2422,True,11743,11743,133.54705604608898
2423,4814bd74-db90-4e8a-ab7a-79d42c618035,10,2423,True,11779,11779,169.61332002412746
2424,4814bd74-db90-4e8a-ab7a-79d42c618035,10,2424,True,11817,11817,146.3351154366119
2425,4814bd74-db90-4e8a-ab7a-79d42c618035,10,2425,True,11850,11850,121.57221972400112
2426,4814bd74-db90-4e8a-ab7a-79d42c618035,10,2426,True,11866,11866,173.8363110998871
2427,4814bd74-db90-4e8a-ab7a-79d42c618035,10,2427,True,11894,11894,164.8847478736261
2428,4814bd74-db90-4e8a-ab7a-79d42c618035,10,2428,True,11924,11924,156.9128228404843
2429,4814bd74-db90-4e8a-ab7a-79d42c618035,10,2429,True,11965,11965,158.52472220403615
2430,4814bd74-db90-4e8a-ab7a-79d42c618035,10,2430,True,11986,11986,150.02243287156125
2431,4814bd74-db90-4e8a-ab7a-79d42c618035,10,2431,True,12016,12016,172.374353304147
2432,4814bd74-db90-4e8a-ab7a-79d42c618035,10,2432,True,12043,12043,166.98261622302743
2433,4814bd74-db90-4e8a-ab7a-79d42c618035,10,2433,True,12061,12061,175.71319410769138
2434,4814bd74-db90-4e8a-ab7a-79d42c618035,10,2434,True,12089,12089,170.07431314530186
2435,4814bd74-db90-4e8a-ab7a-79d42c618035,10,2435,True,12116,12116,145.92065597770306
2436,4814bd74-db90-4e8a-ab7a-79d42c618035,10,2436,True,12146,12146,166.79538050682277
2437,4814bd74-db90-4e8a-ab7a-79d42c618035,10,2437,True,12181,12181,133.07677276558388
2438,4814bd74-db90-4e8a-ab7a-79d42c618035,10,2438,True,12209,12209,151.8968870345634
2439,4814bd74-db90-4e8a-ab7a-79d42c618035,10,2439,True,12239,12239,144.89586194838193
2440,4814bd74-db90-4e8a-ab7a-79d42c618035,10,2440,True,12266,12266,147.72784903817956
2441,4814bd74-db90-4e8a-ab7a-79d42c618035,10,2441,True,12287,12287,216.6586490851114
2442,4814bd74-db90-4e8a-ab7a-79d42c618035,10,2442,True,12315,12315,150.88329043966587
2443,4814bd74-db90-4e8a-ab7a-79d42c618035,10,2443,True,12341,12341,275.6695566127255
2444,4814bd74-db90-4e8a-ab7a-79d42c618035,10,2444,True,12375,12375,317.85557814688764
2445,4814bd74-db90-4e8a-ab7a-79d42c618035,10,2445,True,12394,12394,298.6930843000082
2446,4814bd74-db90-4e8a-ab7a-79d42c618035,10,2446,True,12429,12429,263.6930843000082
2447,4814bd74-db90-4e8a-ab7a-79d42c618035,10,2447,True,12460,12460,333.83043072557666
2448,4814bd74-db90-4e8a-ab7a-79d42c618035,10,2448,True,12490,12490,303.83043072557666
2449,4814bd74-db90-4e8a-ab7a-79d42c618035,10,2449,True,12523,12523,317.0674964795908
2450,4814bd74-db90-4e8a-ab7a-79d42c618035,10,2450,True,12553,12553,273.43605891966945
2451,4814bd74-db90-4e8a-ab7a-79d42c618035,10,2451,True,12574,12574,231.31252782635602
2452,4814bd74-db90-4e8a-ab7a-79d42c618035,10,2452,True,12603,12603,250.6436156341024
2453,4814bd74-db90-4e8a-ab7a-79d42c618035,10,2453,True,12630,12630,280.4693390124212
2454,4814bd74-db90-4e8a-ab7a-79d42c618035,10,2454,True,12661,12661,237.0491530840336
2455,4814bd74-db90-4e8a-ab7a-79d42c618035,10,2455,True,12681,12681,248.52908505353844
2456,4814bd74-db90-4e8a-ab7a-79d42c618035,10,2456,True,12709,12709,189.0491530840336
2457,4814bd74-db90-4e8a-ab7a-79d42c618035,10,2457,True,12743,12743,237.95616903728478
2458,4814bd74-db90-4e8a-ab7a-79d42c618035,10,2458,True,12770,12770,211.31160541372628
2459,4814bd74-db90-4e8a-ab7a-79d42c618035,10,2459,True,12796,12796,230.8530338231376
2460,4814bd74-db90-4e8a-ab7a-79d42c618035,10,2460,True,12824,12824,221.49958880224585
2461,4814bd74-db90-4e8a-ab7a-79d42c618035,10,2461,True,12847,12847,250.71825148577227
2462,4814bd74-db90-4e8a-ab7a-79d42c618035,10,2462,True,12874,12874,242.92094033312242
2463,4814bd74-db90-4e8a-ab7a-79d42c618035,10,2463,True,12894,12894,222.92094033312242
2464,4814bd74-db90-4e8a-ab7a-79d42c618035,10,2464,True,12933,12933,183.92094033312242
2465,4814bd74-db90-4e8a-ab7a-79d42c618035,10,2465,True,12955,12955,190.84864833771462
2466,4814bd74-db90-4e8a-ab7a-79d42c618035,10,2466,True,12980,12980,202.7005201206448
2467,4814bd74-db90-4e8a-ab7a-79d42c618035,10,2467,True,13005,13005,192.55969283073682
2468,4814bd74-db90-4e8a-ab7a-79d42c618035,10,2468,True,13034,13034,198.75180610496318
2469,4814bd74-db90-4e8a-ab7a-79d42c618035,10,2469,True,13061,13061,170.0748817771164
2470,4814bd74-db90-4e8a-ab7a-79d42c618035,10,2470,True,13087,13087,190.49995967081122
2471,4814bd74-db90-4e8a-ab7a-79d42c618035,10,2471,True,13110,13110,144.9399962118805
2472,4814bd74-db90-4e8a-ab7a-79d42c618035,10,2472,True,13142,13142,143.54147015041235
2473,4814bd74-db90-4e8a-ab7a-79d42c618035,10,2473,True,13173,13173,153.65700352299427
2474,4814bd74-db90-4e8a-ab7a-79d42c618035,10,2474,True,13199,13199,134.52087296958234
2475,4814bd74-db90-4e8a-ab7a-79d42c618035,10,2475,True,13224,13224,150.3025469895565
2476,4814bd74-db90-4e8a-ab7a-79d42c618035,10,2476,True,13247,13247,152.17870647152995
2477,4814bd74-db90-4e8a-ab7a-79d42c618035,10,2477,True,13270,13270,131.7821983851427
2478,4814bd74-db90-4e8a-ab7a-79d42c618035,10,2478,True,13295,13295,163.47320782809038
2479,4814bd74-db90-4e8a-ab7a-79d42c618035,10,2479,True,13320,13320,148.47759413578024
2480,4814bd74-db90-4e8a-ab7a-79d42c618035,10,2480,True,13341,13341,168.3008866280761
2481,4814bd74-db90-4e8a-ab7a-79d42c618035,10,2481,True,13369,13369,156.01749503767132
2482,4814bd74-db90-4e8a-ab7a-79d42c618035,10,2482,True,13406,13406,153.6914730826793
2483,4814bd74-db90-4e8a-ab7a-79d42c618035,10,2483,True,13430,13430,143.68727987694183
2484,4814bd74-db90-4e8a-ab7a-79d42c618035,10,2484,True,13454,13454,131.13443602635743
2485,4814bd74-db90-4e8a-ab7a-79d42c618035,10,2485,True,13470,13470,131.60566766494048
2486,4814bd74-db90-4e8a-ab7a-79d42c618035,10,2486,True,13498,13498,156.45210634632713
2487,4814bd74-db90-4e8a-ab7a-79d42c618035,10,2487,True,13519,13519,135.19698951085047
2488,4814bd74-db90-4e8a-ab7a-79d42c618035,10,2488,True,13545,13545,163.9698614311128
2489,4814bd74-db90-4e8a-ab7a-79d42c618035,10,2489,True,13573,13573,134.7110321051532
2490,4814bd74-db90-4e8a-ab7a-79d42c618035,10,2490,True,13599,13599,170.5104321484141
2491,4814bd74-db90-4e8a-ab7a-79d42c618035,10,2491,True,13629,13629,148.67487417307893
2492,4814bd74-db90-4e8a-ab7a-79d42c618035,10,2492,True,13656,13656,186.73673569283346
2493,4814bd74-db90-4e8a-ab7a-79d42c618035,10,2493,True,13689,13689,159.1106483165022
2494,4814bd74-db90-4e8a-ab7a-79d42c618035,10,2494,True,13717,13717,153.21199700570105
2495,4814bd74-db90-4e8a-ab7a-79d42c618035,10,2495,True,13746,13746,156.0673969117197
2496,4814bd74-db90-4e8a-ab7a-79d42c618035,10,2496,True,13762,13762,210.6537708937267
2497,4814bd74-db90-4e8a-ab7a-79d42c618035,10,2497,True,13784,13784,188.6537708937267
2498,4814bd74-db90-4e8a-ab7a-79d42c618035,10,2498,True,13816,13816,240.14170536694473
2499,4814bd74-db90-4e8a-ab7a-79d42c618035,10,2499,True,13837,13837,219.58286225560732
2500,4814bd74-db90-4e8a-ab7a-79d42c618035,10,2500,True,13858,13858,198.58286225560732
2501,4814bd74-db90-4e8a-ab7a-79d42c618035,10,2501,True,13882,13882,225.16142168924125
2502,4814bd74-db90-4e8a-ab7a-79d42c618035,10,2502,True,13906,13906,207.026923733456
2503,4814bd74-db90-4e8a-ab7a-79d42c618035,10,2503,True,13923,13923,257.6224194354909
2504,4814bd74-db90-4e8a-ab7a-79d42c618035,10,2504,True,13951,13951,225.74592996822685
2505,4814bd74-db90-4e8a-ab7a-79d42c618035,10,2505,True,13980,13980,224.81602623015897
2506,4814bd74-db90-4e8a-ab7a-79d42c618035,10,2506,True,14002,14002,178.62241943549088
2507,4814bd74-db90-4e8a-ab7a-79d42c618035,10,2507,True,14031,14031,221.32448460132946
2508,4814bd74-db90-4e8a-ab7a-79d42c618035,10,2508,True,14064,14064,174.77099844767326
2509,4814bd74-db90-4e8a-ab7a-79d42c618035,10,2509,True,14085,14085,217.85756207183113
2510,4814bd74-db90-4e8a-ab7a-79d42c618035,10,2510,True,14116,14116,187.42345253833264
2511,4814bd74-db90-4e8a-ab7a-79d42c618035,10,2511,True,14147,14147,205.15416925627142
2512,4814bd74-db90-4e8a-ab7a-79d42c618035,10,2512,True,14170,14170,159.3476570122275
2513,4814bd74-db90-4e8a-ab7a-79d42c618035,10,2513,True,14201,14201,175.1438860393282
2514,4814bd74-db90-4e8a-ab7a-79d42c618035,10,2514,True,14238,14238,173.25985431196023
2515,4814bd74-db90-4e8a-ab7a-79d42c618035,10,2515,True,14262,14262,165.45991298836634
2516,4814bd74-db90-4e8a-ab7a-79d42c618035,10,2516,True,14288,14288,175.8795816277343
2517,4814bd74-db90-4e8a-ab7a-79d42c618035,10,2517,True,14316,14316,160.31315444934808
2518,4814bd74-db90-4e8a-ab7a-79d42c618035,10,2518,True,14342,14342,172.00558758427724
2519,4814bd74-db90-4e8a-ab7a-79d42c618035,10,2519,True,14374,14374,164.49088968927208
2520,4814bd74-db90-4e8a-ab7a-79d42c618035,10,2520,True,14395,14395,171.72291629325628
2521,4814bd74-db90-4e8a-ab7a-79d42c618035,10,2521,True,14421,14421,183.91594596328832
2522,4814bd74-db90-4e8a-ab7a-79d42c618035,10,2522,True,14454,14454,149.90527143480904
2523,4814bd74-db90-4e8a-ab7a-79d42c618035,10,2523,True,14476,14476,152.57977708714134
2524,4814bd74-db90-4e8a-ab7a-79d42c618035,10,2524,True,14496,14496,162.60022047171333
2525,4814bd74-db90-4e8a-ab7a-79d42c618035,10,2525,True,14528,14528,129.07403456943757
2526,4814bd74-db90-4e8a-ab7a-79d42c618035,10,2526,True,14557,14557,238.26665579580367
2527,4814bd74-db90-4e8a-ab7a-79d42c618035,10,2527,True,14586,14586,188.25627954939773
2528,4814bd74-db90-4e8a-ab7a-79d42c618035,10,2528,True,14612,14612,223.98400721767575
2529,4814bd74-db90-4e8a-ab7a-79d42c618035,10,2529,True,14642,14642,192.47697008930663
2530,4814bd74-db90-4e8a-ab7a-79d42c618035,10,2530,True,14679,14679,204.95390787834185
2531,4814bd74-db90-4e8a-ab7a-79d42c618035,10,2531,True,14707,14707,214.38345358714105
2532,4814bd74-db90-4e8a-ab7a-79d42c618035,10,2532,True,14739,14739,236.03514132371856
2533,4814bd74-db90-4e8a-ab7a-79d42c618035,10,2533,True,14761,14761,187.77302903604323
2534,4814bd74-db90-4e8a-ab7a-79d42c618035,10,2534,True,14792,14792,232.83982989837932
2535,4814bd74-db90-4e8a-ab7a-79d42c618035,10,2535,True,14819,14819,216.2638233073103
2536,4814bd74-db90-4e8a-ab7a-79d42c618035,10,2536,True,14844,14844,180.83982989837932
2537,4814bd74-db90-4e8a-ab7a-79d42c618035,10,2537,True,14870,14870,212.96606942863946
2538,4814bd74-db90-4e8a-ab7a-79d42c618035,10,2538,True,14900,14900,176.7832278146634
2539,4814bd74-db90-4e8a-ab7a-79d42c618035,10,2539,True,14934,14934,200.8459359133085
2540,4814bd74-db90-4e8a-ab7a-79d42c618035,10,2540,True,14968,14968,163.80519981965517
2541,4814bd74-db90-4e8a-ab7a-79d42c618035,10,2541,True,14993,14993,172.755896060964
2542,4814bd74-db90-4e8a-ab7a-79d42c618035,10,2542,True,15018,15018,162.13731269109485
2543,4814bd74-db90-4e8a-ab7a-79d42c618035,10,2543,True,15036,15036,177.70892549940072
2544,4814bd74-db90-4e8a-ab7a-79d42c618035,10,2544,True,15065,15065,167.81534963480954
2545,4814bd74-db90-4e8a-ab7a-79d42c618035,10,2545,True,15089,15089,152.20031674979327
2546,4814bd74-db90-4e8a-ab7a-79d42c618035,10,2546,True,15123,15123,129.15786455358284
2547,4814bd74-db90-4e8a-ab7a-79d42c618035,10,2547,True,15156,15156,146.8980575994974
2548,4814bd74-db90-4e8a-ab7a-79d42c618035,10,2548,True,15188,15188,156.81178207600897
2549,4814bd74-db90-4e8a-ab7a-79d42c618035,10,2549,True,15211,15211,180.70525252706466
2550,4814bd74-db90-4e8a-ab7a-79d42c618035,10,2550,True,15246,15246,140.4839261867055
2551,4814bd74-db90-4e8a-ab7a-79d42c618035,10,2551,True,15267,15267,161.8329847644709
2552,4814bd74-db90-4e8a-ab7a-79d42c618035,10,2552,True,15307,15307,135.3811472071211
2553,4814bd74-db90-4e8a-ab7a-79d42c618035,10,2553,True,15332,15332,142.1369901503349
2554,4814bd74-db90-4e8a-ab7a-79d42c618035,10,2554,True,15363,15363,137.1828519991741
2555,4814bd74-db90-4e8a-ab7a-79d42c618035,10,2555,True,15396,15396,142.8300070923906
2556,4814bd74-db90-4e8a-ab7a-79d42c618035,10,2556,True,15423,15423,128.32708472890954
2557,4814bd74-db90-4e8a-ab7a-79d42c618035,10,2557,True,15449,15449,153.5604166000885
2558,4814bd74-db90-4e8a-ab7a-79d42c618035,10,2558,True,15475,15475,133.56504107098772
2559,4814bd74-db90-4e8a-ab7a-79d42c618035,10,2559,True,15503,15503,132.50864581553833
2560,4814bd74-db90-4e8a-ab7a-79d42c618035,10,2560,True,15529,15529,115.23787902378172
2561,4814bd74-db90-4e8a-ab7a-79d42c618035,10,2561,True,15559,15559,122.33158871427804
2562,4814bd74-db90-4e8a-ab7a-79d42c618035,10,2562,True,15590,15590,106.95478862854361
2563,4814bd74-db90-4e8a-ab7a-79d42c618035,10,2563,True,15620,15620,124.6834026188335
2564,4814bd74-db90-4e8a-ab7a-79d42c618035,10,2564,True,15650,15650,140.2096600377954
2565,4814bd74-db90-4e8a-ab7a-79d42c618035,10,2565,True,15678,15678,152.09809865719762
2566,4814bd74-db90-4e8a-ab7a-79d42c618035,10,2566,True,15697,15697,145.87999587363447
2567,4814bd74-db90-4e8a-ab7a-79d42c618035,10,2567,True,15737,15737,192.90219270037778
2568,4814bd74-db90-4e8a-ab7a-79d42c618035,10,2568,True,15764,15764,167.69040488599967
2569,4814bd74-db90-4e8a-ab7a-79d42c618035,10,2569,True,15792,15792,141.86765713356363
2570,4814bd74-db90-4e8a-ab7a-79d42c618035,10,2570,True,15815,15815,157.53952124626812
2571,4814bd74-db90-4e8a-ab7a-79d42c618035,10,2571,True,15837,15837,192.69307396620388
2572,4814bd74-db90-4e8a-ab7a-79d42c618035,10,2572,True,15864,15864,152.9088408208263
2573,4814bd74-db90-4e8a-ab7a-79d42c618035,10,2573,True,15888,15888,176.083998331349
2574,4814bd74-db90-4e8a-ab7a-79d42c618035,10,2574,True,15918,15918,171.99031687476054
2575,4814bd74-db90-4e8a-ab7a-79d42c618035,10,2575,True,15944,15944,169.02031703924695
2576,4814bd74-db90-4e8a-ab7a-79d42c618035,10,2576,True,15973,15973,142.18381365056848
2577,4814bd74-db90-4e8a-ab7a-79d42c618035,10,2577,True,16001,16001,166.20332108169168
2578,4814bd74-db90-4e8a-ab7a-79d42c618035,10,2578,True,16040,16040,150.8341173326644
2579,4814bd74-db90-4e8a-ab7a-79d42c618035,10,2579,True,16058,16058,186.07199648564347
2580,4814bd74-db90-4e8a-ab7a-79d42c618035,10,2580,True,16081,16081,162.12983915497898
2581,4814bd74-db90-4e8a-ab7a-79d42c618035,10,2581,True,16108,16108,181.7348163370316
2582,4814bd74-db90-4e8a-ab7a-79d42c618035,10,2582,True,16133,16133,163.6988981304512
2583,4814bd74-db90-4e8a-ab7a-79d42c618035,10,2583,True,16161,16161,157.25065612032085
2584,4814bd74-db90-4e8a-ab7a-79d42c618035,10,2584,True,16191,16191,131.15995319731883
2585,4814bd74-db90-4e8a-ab7a-79d42c618035,10,2585,True,16214,16214,170.29126884367724
2586,4814bd74-db90-4e8a-ab7a-79d42c618035,10,2586,True,16243,16243,148.18247617215457
2587,4814bd74-db90-4e8a-ab7a-79d42c618035,10,2587,True,16270,16270,160.7375773913227
2588,4814bd74-db90-4e8a-ab7a-79d42c618035,10,2588,True,16299,16299,145.66082614995685
2589,4814bd74-db90-4e8a-ab7a-79d42c618035,10,2589,True,16323,16323,131.28839438733485
2590,4814bd74-db90-4e8a-ab7a-79d42c618035,10,2590,True,16342,16342,139.1098597400087
2591,4814bd74-db90-4e8a-ab7a-79d42c618035,10,2591,True,16374,16374,216.2222408598427
2592,4814bd74-db90-4e8a-ab7a-79d42c618035,10,2592,True,16402,16402,167.3851517004514
2593,4814bd74-db90-4e8a-ab7a-79d42c618035,10,2593,True,16429,16429,168.5563534607718
2594,4814bd74-db90-4e8a-ab7a-79d42c618035,10,2594,True,16452,16452,162.37844653585853
2595,4814bd74-db90-4e8a-ab7a-79d42c618035,10,2595,True,16477,16477,218.21679047983707
2596,4814bd74-db90-4e8a-ab7a-79d42c618035,10,2596,True,16505,16505,167.83865921280812
2597,4814bd74-db90-4e8a-ab7a-79d42c618035,10,2597,True,16521,16521,176.42185782815068
2598,4814bd74-db90-4e8a-ab7a-79d42c618035,10,2598,True,16555,16555,205.041065661233
2599,4814bd74-db90-4e8a-ab7a-79d42c618035,10,2599,True,16578,16578,170.00388130307329
2600,4814bd74-db90-4e8a-ab7a-79d42c618035,10,2600,True,16604,16604,211.23093441804303
2601,4814bd74-db90-4e8a-ab7a-79d42c618035,10,2601,True,16636,16636,169.48377808372607
2602,4814bd74-db90-4e8a-ab7a-79d42c618035,10,2602,True,16653,16653,162.23093441804303
2603,4814bd74-db90-4e8a-ab7a-79d42c618035,10,2603,True,16680,16680,187.2120634187122
2604,4814bd74-db90-4e8a-ab7a-79d42c618035,10,2604,True,16719,16719,146.96029661177818
2605,4814bd74-db90-4e8a-ab7a-79d42c618035,10,2605,True,16743,16743,124.2120634187122
2606,4814bd74-db90-4e8a-ab7a-79d42c618035,10,2606,True,16778,16778,136.9733456159156
2607,4814bd74-db90-4e8a-ab7a-79d42c618035,10,2607,True,16810,16810,152.8572496177876
2608,4814bd74-db90-4e8a-ab7a-79d42c618035,10,2608,True,16839,16839,131.4897776705584
2609,4814bd74-db90-4e8a-ab7a-79d42c618035,10,2609,True,16860,16860,127.98165911918113
2610,4814bd74-db90-4e8a-ab7a-79d42c618035,10,2610,True,16884,16884,147.61332044337541
2611,4814bd74-db90-4e8a-ab7a-79d42c618035,10,2611,True,16915,16915,145.4153789984921
2612,4814bd74-db90-4e8a-ab7a-79d42c618035,10,2612,True,16944,16944,148.8222038480817
2613,4814bd74-db90-4e8a-ab7a-79d42c618035,10,2613,True,16961,16961,144.3063436702323
2614,4814bd74-db90-4e8a-ab7a-79d42c618035,10,2614,True,16988,16988,130.9925937082371
2615,4814bd74-db90-4e8a-ab7a-79d42c618035,10,2615,True,17024,17024,134.59284110417502
2616,4814bd74-db90-4e8a-ab7a-79d42c618035,10,2616,True,17054,17054,142.84960542682165
2617,4814bd74-db90-4e8a-ab7a-79d42c618035,10,2617,True,17069,17069,166.05069546028244
2618,4814bd74-db90-4e8a-ab7a-79d42c618035,10,2618,True,17093,17093,134.42421828548686
2619,4814bd74-db90-4e8a-ab7a-79d42c618035,10,2619,True,17132,17132,121.05722520004201
2620,4814bd74-db90-4e8a-ab7a-79d42c618035,10,2620,True,17165,17165,164.28110866755014
2621,4814bd74-db90-4e8a-ab7a-79d42c618035,10,2621,True,17193,17193,120.43772988164346
2622,4814bd74-db90-4e8a-ab7a-79d42c618035,10,2622,True,17231,17231,180.86514928273755
2623,4814bd74-db90-4e8a-ab7a-79d42c618035,10,2623,True,17261,17261,147.36485392081522
2624,4814bd74-db90-4e8a-ab7a-79d42c618035,10,2624,True,17289,17289,173.20603850715997
2625,4814bd74-db90-4e8a-ab7a-79d42c618035,10,2625,True,17317,17317,140.85291893014073
2626,4814bd74-db90-4e8a-ab7a-79d42c618035,10,2626,True,17346,17346,142.34949123584374
2627,4814bd74-db90-4e8a-ab7a-79d42c618035,10,2627,True,17376,17376,160.95509448807934
2628,4814bd74-db90-4e8a-ab7a-79d42c618035,10,2628,True,17398,17398,140.3229980030992
2629,4814bd74-db90-4e8a-ab7a-79d42c618035,10,2629,True,17438,17438,142.24362899282642
2630,4814bd74-db90-4e8a-ab7a-79d42c618035,10,2630,True,17465,17465,121.18035789751957
2631,4814bd74-db90-4e8a-ab7a-79d42c618035,10,2631,True,17494,17494,182.02367506175506
2632,4814bd74-db90-4e8a-ab7a-79d42c618035,10,2632,True,17520,17520,130.59330834506545
2633,4814bd74-db90-4e8a-ab7a-79d42c618035,10,2633,True,17562,17562,147.72285435735103
2634,4814bd74-db90-4e8a-ab7a-79d42c618035,10,2634,True,17588,17588,122.53369526741517
2635,4814bd74-db90-4e8a-ab7a-79d42c618035,10,2635,True,17611,17611,148.39057683909414
2636,4814bd74-db90-4e8a-ab7a-79d42c618035,10,2636,True,17634,17634,151.3162547540269
2637,4814bd74-db90-4e8a-ab7a-79d42c618035,10,2637,True,17661,17661,148.3552750425406
2638,4814bd74-db90-4e8a-ab7a-79d42c618035,10,2638,True,17680,17680,130.86508863487688
2639,4814bd74-db90-4e8a-ab7a-79d42c618035,10,2639,True,17714,17714,193.33066913761286
2640,4814bd74-db90-4e8a-ab7a-79d42c618035,10,2640,True,17742,17742,166.4737830484737
2641,4814bd74-db90-4e8a-ab7a-79d42c618035,10,2641,True,17776,17776,219.4566738384092
2642,4814bd74-db90-4e8a-ab7a-79d42c618035,10,2642,True,17799,17799,172.69209580230017
2643,4814bd74-db90-4e8a-ab7a-79d42c618035,10,2643,True,17832,17832,166.16728800023702
2644,4814bd74-db90-4e8a-ab7a-79d42c618035,10,2644,True,17858,17858,167.03644919606813
2645,4814bd74-db90-4e8a-ab7a-79d42c618035,10,2645,True,17887,17887,164.81977390210886
2646,4814bd74-db90-4e8a-ab7a-79d42c618035,10,2646,True,17924,17924,173.73084304429358
2647,4814bd74-db90-4e8a-ab7a-79d42c618035,10,2647,True,17942,17942,160.14933392427338
2648,4814bd74-db90-4e8a-ab7a-79d42c618035,10,2648,True,17972,17972,169.84062035420357
2649,4814bd74-db90-4e8a-ab7a-79d42c618035,10,2649,True,17999,17999,154.75544663917026
2650,4814bd74-db90-4e8a-ab7a-79d42c618035,10,2650,True,18021,18021,158.55718520444498
2651,4814bd74-db90-4e8a-ab7a-79d42c618035,10,2651,True,18064,18064,149.28125396617543
2652,4814bd74-db90-4e8a-ab7a-79d42c618035,10,2652,True,18092,18092,148.824238202149
2653,4814bd74-db90-4e8a-ab7a-79d42c618035,10,2653,True,18121,18121,127.19440890017722
2654,4814bd74-db90-4e8a-ab7a-79d42c618035,10,2654,True,18142,18142,148.2822807745397
2655,4814bd74-db90-4e8a-ab7a-79d42c618035,10,2655,True,18167,18167,159.05652573694897
2656,4814bd74-db90-4e8a-ab7a-79d42c618035,10,2656,True,18196,18196,135.45099603497874
2657,4814bd74-db90-4e8a-ab7a-79d42c618035,10,2657,True,18228,18228,125.1260229771724
2658,4814bd74-db90-4e8a-ab7a-79d42c618035,10,2658,True,18254,18254,147.18294582067028
2659,4814bd74-db90-4e8a-ab7a-79d42c618035,10,2659,True,18277,18277,126.09363813015807
2660,4814bd74-db90-4e8a-ab7a-79d42c618035,10,2660,True,18299,18299,147.29202541405903
2661,4814bd74-db90-4e8a-ab7a-79d42c618035,10,2661,True,18320,18320,159.977086060102
2662,4814bd74-db90-4e8a-ab7a-79d42c618035,10,2662,True,18351,18351,157.68134470161021
2663,4814bd74-db90-4e8a-ab7a-79d42c618035,10,2663,True,18377,18377,137.79733576020953
2664,4814bd74-db90-4e8a-ab7a-79d42c618035,10,2664,True,18406,18406,156.3978199598023
2665,4814bd74-db90-4e8a-ab7a-79d42c618035,10,2665,True,18425,18425,190.8917809804334
2666,4814bd74-db90-4e8a-ab7a-79d42c618035,10,2666,True,18462,18462,162.52435204817084
2667,4814bd74-db90-4e8a-ab7a-79d42c618035,10,2667,True,18488,18488,151.11670047983353
2668,4814bd74-db90-4e8a-ab7a-79d42c618035,10,2668,True,18520,18520,232.26426532967162
2669,4814bd74-db90-4e8a-ab7a-79d42c618035,10,2669,True,18550,18550,202.26426532967162
2670,4814bd74-db90-4e8a-ab7a-79d42c618035,10,2670,True,18577,18577,224.21935176991974
2671,4814bd74-db90-4e8a-ab7a-79d42c618035,10,2671,True,18599,18599,202.21935176991974
2672,4814bd74-db90-4e8a-ab7a-79d42c618035,10,2672,True,18626,18626,226.81626018867246
2673,4814bd74-db90-4e8a-ab7a-79d42c618035,10,2673,True,18652,18652,204.38989803799268
2674,4814bd74-db90-4e8a-ab7a-79d42c618035,10,2674,True,18684,18684,213.75419874693762
2675,4814bd74-db90-4e8a-ab7a-79d42c618035,10,2675,True,18704,18704,178.4841784084383
2676,4814bd74-db90-4e8a-ab7a-79d42c618035,10,2676,True,18741,18741,195.92092774045886
2677,4814bd74-db90-4e8a-ab7a-79d42c618035,10,2677,True,18769,18769,213.52591215785287
2678,4814bd74-db90-4e8a-ab7a-79d42c618035,10,2678,True,18795,18795,187.52591215785287
2679,4814bd74-db90-4e8a-ab7a-79d42c618035,10,2679,True,18823,18823,210.54893993087535
2680,4814bd74-db90-4e8a-ab7a-79d42c618035,10,2680,True,18844,18844,188.3774608515705
2681,4814bd74-db90-4e8a-ab7a-79d42c618035,10,2681,True,18882,18882,175.31997251486973
2682,4814bd74-db90-4e8a-ab7a-79d42c618035,10,2682,True,18906,18906,152.5643865383572
2683,4814bd74-db90-4e8a-ab7a-79d42c618035,10,2683,True,18926,18926,158.55682164507016
2684,4814bd74-db90-4e8a-ab7a-79d42c618035,10,2684,True,18949,18949,202.10817643153496
2685,4814bd74-db90-4e8a-ab7a-79d42c618035,10,2685,True,18977,18977,199.36906716725935
2686,4814bd74-db90-4e8a-ab7a-79d42c618035,10,2686,True,18997,18997,191.0744681984106
2687,4814bd74-db90-4e8a-ab7a-79d42c618035,10,2687,True,19024,19024,152.36906716725935
2688,4814bd74-db90-4e8a-ab7a-79d42c618035,10,2688,True,19057,19057,167.51741872543425
2689,4814bd74-db90-4e8a-ab7a-79d42c618035,10,2689,True,19090,19090,160.2204322713369
2690,4814bd74-db90-4e8a-ab7a-79d42c618035,10,2690,True,19119,19119,142.29799321054088
2691,4814bd74-db90-4e8a-ab7a-79d42c618035,10,2691,True,19145,19145,159.0752743050034
2692,4814bd74-db90-4e8a-ab7a-79d42c618035,10,2692,True,19175,19175,207.3654018715206
2693,4814bd74-db90-4e8a-ab7a-79d42c618035,10,2693,True,19205,19205,152.35482858728938
2694,4814bd74-db90-4e8a-ab7a-79d42c618035,10,2694,True,19241,19241,143.6504855606654
2695,4814bd74-db90-4e8a-ab7a-79d42c618035,10,2695,True,19260,19260,168.8632009767025
2696,4814bd74-db90-4e8a-ab7a-79d42c618035,10,2696,True,19292,19292,144.78312993830696
2697,4814bd74-db90-4e8a-ab7a-79d42c618035,10,2697,True,19320,19320,169.01872309398823
2698,4814bd74-db90-4e8a-ab7a-79d42c618035,10,2698,True,19344,19344,132.31460915170828
2699,4814bd74-db90-4e8a-ab7a-79d42c618035,10,2699,True,19369,19369,144.78763511766374
2700,4814bd74-db90-4e8a-ab7a-79d42c618035,10,2700,True,19392,19392,144.0900160240417
2701,4814bd74-db90-4e8a-ab7a-79d42c618035,10,2701,True,19416,19416,172.09699979312063
2702,4814bd74-db90-4e8a-ab7a-79d42c618035,10,2702,True,19437,19437,179.57499118085252
2703,4814bd74-db90-4e8a-ab7a-79d42c618035,10,2703,True,19466,19466,196.18739013481172
2704,4814bd74-db90-4e8a-ab7a-79d42c618035,10,2704,True,19491,19491,172.78194685934068
2705,4814bd74-db90-4e8a-ab7a-79d42c618035,10,2705,True,19516,19516,152.10712504639378
2706,4814bd74-db90-4e8a-ab7a-79d42c618035,10,2706,True,19537,19537,157.0314848281596
2707,4814bd74-db90-4e8a-ab7a-79d42c618035,10,2707,True,19562,19562,152.07289862434118
2708,4814bd74-db90-4e8a-ab7a-79d42c618035,10,2708,True,19585,19585,215.70522613056892
2709,4814bd74-db90-4e8a-ab7a-79d42c618035,10,2709,True,19606,19606,199.19057936076933
2710,4814bd74-db90-4e8a-ab7a-79d42c618035,10,2710,True,19636,19636,168.6162304724312
2711,4814bd74-db90-4e8a-ab7a-79d42c618035,10,2711,True,19665,19665,190.05043846216358
2712,4814bd74-db90-4e8a-ab7a-79d42c618035,10,2712,True,19695,19695,207.84174668176274
2713,4814bd74-db90-4e8a-ab7a-79d42c618035,10,2713,True,19729,19729,176.91329659765324
2714,4814bd74-db90-4e8a-ab7a-79d42c618035,10,2714,True,19760,19760,224.39290259973495
2715,4814bd74-db90-4e8a-ab7a-79d42c618035,10,2715,True,19786,19786,198.39290259973495
2716,4814bd74-db90-4e8a-ab7a-79d42c618035,10,2716,True,19814,19814,188.19118973544755
2717,4814bd74-db90-4e8a-ab7a-79d42c618035,10,2717,True,19847,19847,190.53038823791576
2718,4814bd74-db90-4e8a-ab7a-79d42c618035,10,2718,True,19878,19878,149.32982652885767
2719,4814bd74-db90-4e8a-ab7a-79d42c618035,10,2719,True,19907,19907,178.40034948705943
2720,4814bd74-db90-4e8a-ab7a-79d42c618035,10,2720,True,19937,19937,176.44337865887064
2721,4814bd74-db90-4e8a-ab7a-79d42c618035,10,2721,True,19970,19970,222.36407794010665
2722,4814bd74-db90-4e8a-ab7a-79d42c618035,10,2722,True,19999,19999,165.11502492331783
2723,4814bd74-db90-4e8a-ab7a-79d42c618035,10,2723,True,20025,20025,224.34391310430146
2724,4814bd74-db90-4e8a-ab7a-79d42c618035,10,2724,True,20052,20052,262.27413812182203
2725,4814bd74-db90-4e8a-ab7a-79d42c618035,10,2725,True,20089,20089,208.0919846077304
2726,4814bd74-db90-4e8a-ab7a-79d42c618035,10,2726,True,20119,20119,195.27413812182203
2727,4814bd74-db90-4e8a-ab7a-79d42c618035,10,2727,True,20139,20139,182.99328826179772
2728,4814bd74-db90-4e8a-ab7a-79d42c618035,10,2728,True,20170,20170,214.30077606031773
2729,4814bd74-db90-4e8a-ab7a-79d42c618035,10,2729,True,20204,20204,170.47043262453008
2730,4814bd74-db90-4e8a-ab7a-79d42c618035,10,2730,True,20223,20223,211.7593412580136
2731,4814bd74-db90-4e8a-ab7a-79d42c618035,10,2731,True,20246,20246,223.03593196254224
2732,4814bd74-db90-4e8a-ab7a-79d42c618035,10,2732,True,20278,20278,191.03593196254224
2733,4814bd74-db90-4e8a-ab7a-79d42c618035,10,2733,True,20312,20312,174.29430827933538
2734,4814bd74-db90-4e8a-ab7a-79d42c618035,10,2734,True,20341,20341,176.15183029492619
2735,4814bd74-db90-4e8a-ab7a-79d42c618035,10,2735,True,20366,20366,168.45795651119624
2736,4814bd74-db90-4e8a-ab7a-79d42c618035,10,2736,True,20393,20393,161.9644485693425
2737,4814bd74-db90-4e8a-ab7a-79d42c618035,10,2737,True,20431,20431,153.86386830267656
2738,4814bd74-db90-4e8a-ab7a-79d42c618035,10,2738,True,20453,20453,153.88792663597997
2739,4814bd74-db90-4e8a-ab7a-79d42c618035,10,2739,True,20492,20492,140.64635436099707
2740,4814bd74-db90-4e8a-ab7a-79d42c618035,10,2740,True,20514,20514,145.29812017482618
2741,4814bd74-db90-4e8a-ab7a-79d42c618035,10,2741,True,20543,20543,122.5659533992839
2742,4814bd74-db90-4e8a-ab7a-79d42c618035,10,2742,True,20574,20574,142.93195333551557
2743,4814bd74-db90-4e8a-ab7a-79d42c618035,10,2743,True,20598,20598,139.65233023550536
2744,4814bd74-db90-4e8a-ab7a-79d42c618035,10,2744,True,20623,20623,140.93352715116634
2745,4814bd74-db90-4e8a-ab7a-79d42c618035,10,2745,True,20657,20657,138.68505450834346
2746,4814bd74-db90-4e8a-ab7a-79d42c618035,10,2746,True,20681,20681,148.56880928545434
2747,4814bd74-db90-4e8a-ab7a-79d42c618035,10,2747,True,20703,20703,125.96690984448287
2748,4814bd74-db90-4e8a-ab7a-79d42c618035,10,2748,True,20738,20738,147.66023904200483
2749,4814bd74-db90-4e8a-ab7a-79d42c618035,10,2749,True,20768,20768,116.2282573774246
2750,4814bd74-db90-4e8a-ab7a-79d42c618035,10,2750,True,20795,20795,157.1917349996511
2751,4814bd74-db90-4e8a-ab7a-79d42c618035,10,2751,True,20827,20827,134.15663224159653
2752,4814bd74-db90-4e8a-ab7a-79d42c618035,10,2752,True,20852,20852,155.86480723756904
2753,4814bd74-db90-4e8a-ab7a-79d42c618035,10,2753,True,20880,20880,109.32768703937472
2754,4814bd74-db90-4e8a-ab7a-79d42c618035,10,2754,True,20911,20911,149.65966406017105
2755,4814bd74-db90-4e8a-ab7a-79d42c618035,10,2755,True,20949,20949,139.01469726836513
2756,4814bd74-db90-4e8a-ab7a-79d42c618035,10,2756,True,20983,20983,128.49611791185453
2757,4814bd74-db90-4e8a-ab7a-79d42c618035,10,2757,True,21016,21016,119.39304748730865
2758,4814bd74-db90-4e8a-ab7a-79d42c618035,10,2758,True,21042,21042,145.54145121843976
2759,4814bd74-db90-4e8a-ab7a-79d42c618035,10,2759,True,21069,21069,127.71233552346894
2760,4814bd74-db90-4e8a-ab7a-79d42c618035,10,2760,True,21110,21110,113.18479320180268
2761,4814bd74-db90-4e8a-ab7a-79d42c618035,10,2761,True,21130,21130,139.86599586658485
2762,4814bd74-db90-4e8a-ab7a-79d42c618035,10,2762,True,21147,21147,120.91486355832603
2763,4814bd74-db90-4e8a-ab7a-79d42c618035,10,2763,True,21170,21170,125.65523136132833
2764,4814bd74-db90-4e8a-ab7a-79d42c618035,10,2764,True,21197,21197,109.26746572570482
2765,4814bd74-db90-4e8a-ab7a-79d42c618035,10,2765,True,21229,21229,154.72162206766006
2766,4814bd74-db90-4e8a-ab7a-79d42c618035,10,2766,True,21254,21254,115.99643482887768
2767,4814bd74-db90-4e8a-ab7a-79d42c618035,10,2767,True,21286,21286,145.78289099390167
2768,4814bd74-db90-4e8a-ab7a-79d42c618035,10,2768,True,21313,21313,130.64013360325043
2769,4814bd74-db90-4e8a-ab7a-79d42c618035,10,2769,True,21347,21347,110.9083601634884
2770,4814bd74-db90-4e8a-ab7a-79d42c618035,10,2770,True,21374,21374,150.62550553931942
2771,4814bd74-db90-4e8a-ab7a-79d42c618035,10,2771,True,21397,21397,132.1841884485293
2772,4814bd74-db90-4e8a-ab7a-79d42c618035,10,2772,True,21419,21419,124.0989860120535
2773,4814bd74-db90-4e8a-ab7a-79d42c618035,10,2773,True,21450,21450,121.18152963015746
2774,4814bd74-db90-4e8a-ab7a-79d42c618035,10,2774,True,21488,21488,140.35721985320197
2775,4814bd74-db90-4e8a-ab7a-79d42c618035,10,2775,True,21516,21516,115.01516100368099
2776,4814bd74-db90-4e8a-ab7a-79d42c618035,10,2776,True,21552,21552,133.12078156614734
2777,4814bd74-db90-4e8a-ab7a-79d42c618035,10,2777,True,21578,21578,146.08074737509378
2778,4814bd74-db90-4e8a-ab7a-79d42c618035,10,2778,True,21614,21614,132.4500502189985
2779,4814bd74-db90-4e8a-ab7a-79d42c618035,10,2779,True,21634,21634,137.70345776358954
2780,4814bd74-db90-4e8a-ab7a-79d42c618035,10,2780,True,21670,21670,196.918698426849
2781,4814bd74-db90-4e8a-ab7a-79d42c618035,10,2781,True,21696,21696,160.34230193347685
2782,4814bd74-db90-4e8a-ab7a-79d42c618035,10,2782,True,21725,21725,184.82302136824728
2783,4814bd74-db90-4e8a-ab7a-79d42c618035,10,2783,True,21761,21761,182.44743654043123
2784,4814bd74-db90-4e8a-ab7a-79d42c618035,10,2784,True,21791,21791,151.34998909910792
2785,4814bd74-db90-4e8a-ab7a-79d42c618035,10,2785,True,21827,21827,179.62127684745064
2786,4814bd74-db90-4e8a-ab7a-79d42c618035,10,2786,True,21868,21868,192.71143683808623
2787,4814bd74-db90-4e8a-ab7a-79d42c618035,10,2787,True,21896,21896,164.71143683808623
2788,4814bd74-db90-4e8a-ab7a-79d42c618035,10,2788,True,21922,21922,193.93053249282457
2789,4814bd74-db90-4e8a-ab7a-79d42c618035,10,2789,True,21950,21950,155.42316459148788
2790,4814bd74-db90-4e8a-ab7a-79d42c618035,10,2790,True,21980,21980,152.06368657139683
2791,4814bd74-db90-4e8a-ab7a-79d42c618035,10,2791,True,22014,22014,169.07921567310404
2792,4814bd74-db90-4e8a-ab7a-79d42c618035,10,2792,True,22036,22036,180.42095155986317
2793,4814bd74-db90-4e8a-ab7a-79d42c618035,10,2793,True,22068,22068,191.55555054784054
2794,4814bd74-db90-4e8a-ab7a-79d42c618035,10,2794,True,22100,22100,139.17931532270813
2795,4814bd74-db90-4e8a-ab7a-79d42c618035,10,2795,True,22125,22125,166.0518589077692
2796,4814bd74-db90-4e8a-ab7a-79d42c618035,10,2796,True,22148,22148,140.09658003267032
2797,4814bd74-db90-4e8a-ab7a-79d42c618035,10,2797,True,22169,22169,172.37368920622976
2798,4814bd74-db90-4e8a-ab7a-79d42c618035,10,2798,True,22196,22196,137.53539057109447
2799,4814bd74-db90-4e8a-ab7a-79d42c618035,10,2799,True,22233,22233,159.6928174484492
2800,4814bd74-db90-4e8a-ab7a-79d42c618035,10,2800,True,22261,22261,157.10970312232894
2801,4814bd74-db90-4e8a-ab7a-79d42c618035,10,2801,True,22294,22294,210.8202502773347
2802,4814bd74-db90-4e8a-ab7a-79d42c618035,10,2802,True,22319,22319,140.84308538213736
2803,4814bd74-db90-4e8a-ab7a-79d42c618035,10,2803,True,22342,22342,186.75128015823066
2804,4814bd74-db90-4e8a-ab7a-79d42c618035,10,2804,True,22366,22366,211.86871341129154
2805,4814bd74-db90-4e8a-ab7a-79d42c618035,10,2805,True,22389,22389,191.70607875318092
2806,4814bd74-db90-4e8a-ab7a-79d42c618035,10,2806,True,22423,22423,186.47411373677096
2807,4814bd74-db90-4e8a-ab7a-79d42c618035,10,2807,True,22446,22446,160.9302274022557
2808,4814bd74-db90-4e8a-ab7a-79d42c618035,10,2808,True,22470,22470,160.51368376209575
2809,4814bd74-db90-4e8a-ab7a-79d42c618035,10,2809,True,22496,22496,191.3965590782136
2810,4814bd74-db90-4e8a-ab7a-79d42c618035,10,2810,True,22526,22526,157.36451986726024
2811,4814bd74-db90-4e8a-ab7a-79d42c618035,10,2811,True,22564,22564,155.9078074834979
2812,4814bd74-db90-4e8a-ab7a-79d42c618035,10,2812,True,22587,22587,190.93555967364955
2813,4814bd74-db90-4e8a-ab7a-79d42c618035,10,2813,True,22617,22617,159.47796579827627
2814,4814bd74-db90-4e8a-ab7a-79d42c618035,10,2814,True,22643,22643,162.1311105008317
2815,4814bd74-db90-4e8a-ab7a-79d42c618035,10,2815,True,22674,22674,225.3222130826507
2816,4814bd74-db90-4e8a-ab7a-79d42c618035,10,2816,True,22699,22699,207.61295126959521
2817,4814bd74-db90-4e8a-ab7a-79d42c618035,10,2817,True,22726,22726,245.44438924992573
2818,4814bd74-db90-4e8a-ab7a-79d42c618035,10,2818,True,22765,22765,255.3349620331428
2819,4814bd74-db90-4e8a-ab7a-79d42c618035,10,2819,True,22790,22790,236.8530581440391
2820,4814bd74-db90-4e8a-ab7a-79d42c618035,10,2820,True,22818,22818,192.2247428564042
2821,4814bd74-db90-4e8a-ab7a-79d42c618035,10,2821,True,22848,22848,273.43607971016536
2822,4814bd74-db90-4e8a-ab7a-79d42c618035,10,2822,True,22877,22877,241.0766427671515
2823,4814bd74-db90-4e8a-ab7a-79d42c618035,10,2823,True,22898,22898,192.50846605050174
2824,4814bd74-db90-4e8a-ab7a-79d42c618035,10,2824,True,22933,22933,215.43554428177958
2825,4814bd74-db90-4e8a-ab7a-79d42c618035,10,2825,True,22965,22965,183.43554428177958
2826,4814bd74-db90-4e8a-ab7a-79d42c618035,10,2826,True,22992,22992,225.69084553361972
2827,4814bd74-db90-4e8a-ab7a-79d42c618035,10,2827,True,23025,23025,207.81250727301813
2828,4814bd74-db90-4e8a-ab7a-79d42c618035,10,2828,True,23053,23053,167.01874810089794
2829,4814bd74-db90-4e8a-ab7a-79d42c618035,10,2829,True,23081,23081,151.81250727301813
2830,4814bd74-db90-4e8a-ab7a-79d42c618035,10,2830,True,23121,23121,199.99928979809556
2831,4814bd74-db90-4e8a-ab7a-79d42c618035,10,2831,True,23145,23145,173.12437855610915
2832,4814bd74-db90-4e8a-ab7a-79d42c618035,10,2832,True,23179,23179,192.30084053759856
2833,4814bd74-db90-4e8a-ab7a-79d42c618035,10,2833,True,23209,23209,160.80546151513045
2834,4814bd74-db90-4e8a-ab7a-79d42c618035,10,2834,True,23232,23232,222.68640172352025
2835,4814bd74-db90-4e8a-ab7a-79d42c618035,10,2835,True,23249,23249,199.14848231002543
2836,4814bd74-db90-4e8a-ab7a-79d42c618035,10,2836,True,23277,23277,192.81817274004425
2837,4814bd74-db90-4e8a-ab7a-79d42c618035,10,2837,True,23309,23309,186.71409261830922
2838,4814bd74-db90-4e8a-ab7a-79d42c618035,10,2838,True,23331,23331,189.4317039029338
2839,4814bd74-db90-4e8a-ab7a-79d42c618035,10,2839,True,23365,23365,166.92206690226885
2840,4814bd74-db90-4e8a-ab7a-79d42c618035,10,2840,True,23392,23392,155.6370014411841
2841,4814bd74-db90-4e8a-ab7a-79d42c618035,10,2841,True,23414,23414,158.77838830955807
2842,4814bd74-db90-4e8a-ab7a-79d42c618035,10,2842,True,23453,23453,145.75528467223194
2843,4814bd74-db90-4e8a-ab7a-79d42c618035,10,2843,True,23476,23476,163.67950612490677
2844,4814bd74-db90-4e8a-ab7a-79d42c618035,10,2844,True,23513,23513,136.53727698105286
2845,4814bd74-db90-4e8a-ab7a-79d42c618035,10,2845,True,23543,23543,142.90981670840483
2846,4814bd74-db90-4e8a-ab7a-79d42c618035,10,2846,True,23568,23568,129.494417586262
2847,4814bd74-db90-4e8a-ab7a-79d42c618035,10,2847,True,23582,23582,155.59586154100543
2848,4814bd74-db90-4e8a-ab7a-79d42c618035,10,2848,True,23607,23607,164.28537779948238
2849,4814bd74-db90-4e8a-ab7a-79d42c618035,10,2849,True,23635,23635,157.24586629455007
2850,4814bd74-db90-4e8a-ab7a-79d42c618035,10,2850,True,23658,23658,168.22316818211402
2851,4814bd74-db90-4e8a-ab7a-79d42c618035,10,2851,True,23682,23682,162.7939930563698
2852,4814bd74-db90-4e8a-ab7a-79d42c618035,10,2852,True,23706,23706,203.63867652559202
2853,4814bd74-db90-4e8a-ab7a-79d42c618035,10,2853,True,23734,23734,160.24961576420174
2854,4814bd74-db90-4e8a-ab7a-79d42c618035,10,2854,True,23757,23757,174.70471163687762
2855,4814bd74-db90-4e8a-ab7a-79d42c618035,10,2855,True,23782,23782,147.84556129733028
2856,4814bd74-db90-4e8a-ab7a-79d42c618035,10,2856,True,23810,23810,225.27242485752504
2857,4814bd74-db90-4e8a-ab7a-79d42c618035,10,2857,True,23839,23839,219.4145560363213
2858,4814bd74-db90-4e8a-ab7a-79d42c618035,10,2858,True,23865,23865,195.71045760342895
2859,4814bd74-db90-4e8a-ab7a-79d42c618035,10,2859,True,23895,23895,213.13414327746432
2860,4814bd74-db90-4e8a-ab7a-79d42c618035,10,2860,True,23924,23924,208.6755173406782
2861,4814bd74-db90-4e8a-ab7a-79d42c618035,10,2861,True,23951,23951,190.0114611237368
2862,4814bd74-db90-4e8a-ab7a-79d42c618035,10,2862,True,23975,23975,180.99503769662988
2863,4814bd74-db90-4e8a-ab7a-79d42c618035,10,2863,True,24003,24003,208.09751488284746
2864,4814bd74-db90-4e8a-ab7a-79d42c618035,10,2864,True,24036,24036,176.5785816537209
2865,4814bd74-db90-4e8a-ab7a-79d42c618035,10,2865,True,24066,24066,172.49149521854633
2866,4814bd74-db90-4e8a-ab7a-79d42c618035,10,2866,True,24104,24104,161.37217476612568
2867,4814bd74-db90-4e8a-ab7a-79d42c618035,10,2867,True,24135,24135,182.95024501044463
2868,4814bd74-db90-4e8a-ab7a-79d42c618035,10,2868,True,24158,24158,178.99234637895643
2869,4814bd74-db90-4e8a-ab7a-79d42c618035,10,2869,True,24193,24193,176.7017229244775
2870,4814bd74-db90-4e8a-ab7a-79d42c618035,10,2870,True,24230,24230,157.5886056025447
2871,4814bd74-db90-4e8a-ab7a-79d42c618035,10,2871,True,24258,24258,154.35948539721358
2872,4814bd74-db90-4e8a-ab7a-79d42c618035,10,2872,True,24291,24291,147.05491591598184
2873,4814bd74-db90-4e8a-ab7a-79d42c618035,10,2873,True,24330,24330,133.27821646381926
2874,4814bd74-db90-4e8a-ab7a-79d42c618035,10,2874,True,24361,24361,108.42611590423621
2875,4814bd74-db90-4e8a-ab7a-79d42c618035,10,2875,True,24382,24382,147.80988627938495
2876,4814bd74-db90-4e8a-ab7a-79d42c618035,10,2876,True,24403,24403,125.17474853921158
2877,4814bd74-db90-4e8a-ab7a-79d42c618035,10,2877,True,24429,24429,155.3899704844771
2878,4814bd74-db90-4e8a-ab7a-79d42c618035,10,2878,True,24459,24459,131.6153155730608
2879,4814bd74-db90-4e8a-ab7a-79d42c618035,10,2879,True,24487,24487,153.86493018490364
2880,4814bd74-db90-4e8a-ab7a-79d42c618035,10,2880,True,24516,24516,143.7078890769808
2881,4814bd74-db90-4e8a-ab7a-79d42c618035,10,2881,True,24545,24545,152.7558303965743
2882,4814bd74-db90-4e8a-ab7a-79d42c618035,10,2882,True,24570,24570,139.29559369415074
2883,4814bd74-db90-4e8a-ab7a-79d42c618035,10,2883,True,24597,24597,138.0616241048847
2884,4814bd74-db90-4e8a-ab7a-79d42c618035,10,2884,True,24627,24627,147.96221905275888
2885,4814bd74-db90-4e8a-ab7a-79d42c618035,10,2885,True,24657,24657,141.80801662169324
2886,4814bd74-db90-4e8a-ab7a-79d42c618035,10,2886,True,24682,24682,134.15542077687132
2887,4814bd74-db90-4e8a-ab7a-79d42c618035,10,2887,True,24713,24713,139.5014049721176
2888,4814bd74-db90-4e8a-ab7a-79d42c618035,10,2888,True,24738,24738,126.72983264777577
2889,4814bd74-db90-4e8a-ab7a-79d42c618035,10,2889,True,24772,24772,133.3282898400539
2890,4814bd74-db90-4e8a-ab7a-79d42c618035,10,2890,True,24813,24813,130.66364311838333
2891,4814bd74-db90-4e8a-ab7a-79d42c618035,10,2891,True,24837,24837,113.9533350065467
2892,4814bd74-db90-4e8a-ab7a-79d42c618035,10,2892,True,24872,24872,105.04373372741975
2893,4814bd74-db90-4e8a-ab7a-79d42c618035,10,2893,True,24898,24898,127.05709494286202
2894,4814bd74-db90-4e8a-ab7a-79d42c618035,10,2894,True,24926,24926,110.72056305041406
2895,4814bd74-db90-4e8a-ab7a-79d42c618035,10,2895,True,24959,24959,126.40678911802752
2896,4814bd74-db90-4e8a-ab7a-79d42c618035,10,2896,True,24990,24990,111.12688483958482
2897,4814bd74-db90-4e8a-ab7a-79d42c618035,10,2897,True,25026,25026,132.60489929339383
2898,4814bd74-db90-4e8a-ab7a-79d42c618035,10,2898,True,25054,25054,154.60469728536555
2899,4814bd74-db90-4e8a-ab7a-79d42c618035,10,2899,True,25080,25080,131.11696416656923
2900,4814bd74-db90-4e8a-ab7a-79d42c618035,10,2900,True,25098,25098,159.9945846365481
2901,4814bd74-db90-4e8a-ab7a-79d42c618035,10,2901,True,25123,25123,131.3553709403168
2902,4814bd74-db90-4e8a-ab7a-79d42c618035,10,2902,True,25147,25147,149.27354930256843
2903,4814bd74-db90-4e8a-ab7a-79d42c618035,10,2903,True,25177,25177,120.60089658953439
2904,4814bd74-db90-4e8a-ab7a-79d42c618035,10,2904,True,25204,25204,165.4566886641478
2905,4814bd74-db90-4e8a-ab7a-79d42c618035,10,2905,True,25239,25239,159.5556912615175
2906,4814bd74-db90-4e8a-ab7a-79d42c618035,10,2906,True,25269,25269,152.78218273786842
2907,4814bd74-db90-4e8a-ab7a-79d42c618035,10,2907,True,25308,25308,137.74086289088518
2908,4814bd74-db90-4e8a-ab7a-79d42c618035,10,2908,True,25340,25340,116.82039299922326
2909,4814bd74-db90-4e8a-ab7a-79d42c618035,10,2909,True,25378,25378,134.67770227734582
2910,4814bd74-db90-4e8a-ab7a-79d42c618035,10,2910,True,25410,25410,147.38908259795426
2911,4814bd74-db90-4e8a-ab7a-79d42c618035,10,2911,True,25437,25437,128.16678733079243
2912,4814bd74-db90-4e8a-ab7a-79d42c618035,10,2912,True,25469,25469,166.1366838119684
2913,4814bd74-db90-4e8a-ab7a-79d42c618035,10,2913,True,25493,25493,142.07108761176642
2914,4814bd74-db90-4e8a-ab7a-79d42c618035,10,2914,True,25521,25521,137.8482406369876
2915,4814bd74-db90-4e8a-ab7a-79d42c618035,10,2915,True,25546,25546,137.93973328519496
2916,4814bd74-db90-4e8a-ab7a-79d42c618035,10,2916,True,25577,25577,168.1670932199777
2917,4814bd74-db90-4e8a-ab7a-79d42c618035,10,2917,True,25607,25607,158.1815403531873
2918,4814bd74-db90-4e8a-ab7a-79d42c618035,10,2918,True,25638,25638,135.3222851849314
2919,4814bd74-db90-4e8a-ab7a-79d42c618035,10,2919,True,25672,25672,180.78102472642058
2920,4814bd74-db90-4e8a-ab7a-79d42c618035,10,2920,True,25696,25696,134.15028151319348
2921,4814bd74-db90-4e8a-ab7a-79d42c618035,10,2921,True,25723,25723,157.52157610474023
2922,4814bd74-db90-4e8a-ab7a-79d42c618035,10,2922,True,25749,25749,132.56226597138448
2923,4814bd74-db90-4e8a-ab7a-79d42c618035,10,2923,True,25768,25768,188.121732665968
2924,4814bd74-db90-4e8a-ab7a-79d42c618035,10,2924,True,25791,25791,138.33680245790674
2925,4814bd74-db90-4e8a-ab7a-79d42c618035,10,2925,True,25814,25814,167.639655737039
2926,4814bd74-db90-4e8a-ab7a-79d42c618035,10,2926,True,25846,25846,178.95556931506144
2927,4814bd74-db90-4e8a-ab7a-79d42c618035,10,2927,True,25875,25875,168.23198867436804
2928,4814bd74-db90-4e8a-ab7a-79d42c618035,10,2928,True,25903,25903,173.44998524409675
2929,4814bd74-db90-4e8a-ab7a-79d42c618035,10,2929,True,25932,25932,155.41053998063944
2930,4814bd74-db90-4e8a-ab7a-79d42c618035,10,2930,True,25960,25960,163.8820123819678
2931,4814bd74-db90-4e8a-ab7a-79d42c618035,10,2931,True,25993,25993,168.84307569252633
2932,4814bd74-db90-4e8a-ab7a-79d42c618035,10,2932,True,26014,26014,160.07510470303532
2933,4814bd74-db90-4e8a-ab7a-79d42c618035,10,2933,True,26040,26040,227.07374857900504
2934,4814bd74-db90-4e8a-ab7a-79d42c618035,10,2934,True,26068,26068,174.42407634312258
2935,4814bd74-db90-4e8a-ab7a-79d42c618035,10,2935,True,26106,26106,214.19405028282563
2936,4814bd74-db90-4e8a-ab7a-79d42c618035,10,2936,True,26130,26130,137.19453845805765
2937,4814bd74-db90-4e8a-ab7a-79d42c618035,10,2937,True,26156,26156,225.1313223084435
2938,4814bd74-db90-4e8a-ab7a-79d42c618035,10,2938,True,26183,26183,143.6840896593494
2939,4814bd74-db90-4e8a-ab7a-79d42c618035,10,2939,True,26207,26207,174.968804174634
2940,4814bd74-db90-4e8a-ab7a-79d42c618035,10,2940,True,26228,26228,196.99368865292126
2941,4814bd74-db90-4e8a-ab7a-79d42c618035,10,2941,True,26257,26257,195.1010742960898
2942,4814bd74-db90-4e8a-ab7a-79d42c618035,10,2942,True,26296,26296,201.9193157543341
2943,4814bd74-db90-4e8a-ab7a-79d42c618035,10,2943,True,26317,26317,231.48641518688964
2944,4814bd74-db90-4e8a-ab7a-79d42c618035,10,2944,True,26351,26351,174.34729988834079
2945,4814bd74-db90-4e8a-ab7a-79d42c618035,10,2945,True,26390,26390,217.05641248681422
2946,4814bd74-db90-4e8a-ab7a-79d42c618035,10,2946,True,26415,26415,192.05641248681422
2947,4814bd74-db90-4e8a-ab7a-79d42c618035,10,2947,True,26444,26444,200.29842932631436
2948,4814bd74-db90-4e8a-ab7a-79d42c618035,10,2948,True,26474,26474,183.90673640482055
2949,4814bd74-db90-4e8a-ab7a-79d42c618035,10,2949,True,26494,26494,212.85069433573517
2950,4814bd74-db90-4e8a-ab7a-79d42c618035,10,2950,True,26518,26518,181.816913209248
2951,4814bd74-db90-4e8a-ab7a-79d42c618035,10,2951,True,26548,26548,180.2459053710736
2952,4814bd74-db90-4e8a-ab7a-79d42c618035,10,2952,True,26570,26570,188.1101442945801
2953,4814bd74-db90-4e8a-ab7a-79d42c618035,10,2953,True,26594,26594,185.82787585534243
2954,4814bd74-db90-4e8a-ab7a-79d42c618035,10,2954,True,26619,26619,190.69996062981954
2955,4814bd74-db90-4e8a-ab7a-79d42c618035,10,2955,True,26635,26635,162.67206035238632
2956,4814bd74-db90-4e8a-ab7a-79d42c618035,10,2956,True,26666,26666,195.69806853208866
2957,4814bd74-db90-4e8a-ab7a-79d42c618035,10,2957,True,26690,26690,156.48291884478022
2958,4814bd74-db90-4e8a-ab7a-79d42c618035,10,2958,True,26720,26720,210.21131422465623
2959,4814bd74-db90-4e8a-ab7a-79d42c618035,10,2959,True,26753,26753,164.11032244943635
2960,4814bd74-db90-4e8a-ab7a-79d42c618035,10,2960,True,26775,26775,179.77852667804837
2961,4814bd74-db90-4e8a-ab7a-79d42c618035,10,2961,True,26802,26802,139.7588237185264
2962,4814bd74-db90-4e8a-ab7a-79d42c618035,10,2962,True,26832,26832,186.78666627707935
2963,4814bd74-db90-4e8a-ab7a-79d42c618035,10,2963,True,26859,26859,132.16128248216046
2964,4814bd74-db90-4e8a-ab7a-79d42c618035,10,2964,True,26883,26883,156.11912838391072
2965,4814bd74-db90-4e8a-ab7a-79d42c618035,10,2965,True,26915,26915,128.54467439184373
2966,4814bd74-db90-4e8a-ab7a-79d42c618035,10,2966,True,26944,26944,147.0529741734681
2967,4814bd74-db90-4e8a-ab7a-79d42c618035,10,2967,True,26965,26965,155.94009856193225
2968,4814bd74-db90-4e8a-ab7a-79d42c618035,10,2968,True,26988,26988,158.15644679046818
2969,4814bd74-db90-4e8a-ab7a-79d42c618035,10,2969,True,27016,27016,174.37173841903495
2970,4814bd74-db90-4e8a-ab7a-79d42c618035,10,2970,True,27055,27055,159.79944267516112
2971,4814bd74-db90-4e8a-ab7a-79d42c618035,10,2971,True,27086,27086,128.53396660902217
2972,4814bd74-db90-4e8a-ab7a-79d42c618035,10,2972,True,27106,27106,160.3028395090514
2973,4814bd74-db90-4e8a-ab7a-79d42c618035,10,2973,True,27128,27128,202.34608611439762
2974,4814bd74-db90-4e8a-ab7a-79d42c618035,10,2974,True,27154,27154,179.02698191386662
2975,4814bd74-db90-4e8a-ab7a-79d42c618035,10,2975,True,27175,27175,278.47157952908674
2976,4814bd74-db90-4e8a-ab7a-79d42c618035,10,2976,True,27199,27199,265.3553661088845
2977,4814bd74-db90-4e8a-ab7a-79d42c618035,10,2977,True,27233,27233,205.64732845873732
2978,4814bd74-db90-4e8a-ab7a-79d42c618035,10,2978,True,27266,27266,242.5361354975139
2979,4814bd74-db90-4e8a-ab7a-79d42c618035,10,2979,True,27291,27291,197.2138990116655
2980,4814bd74-db90-4e8a-ab7a-79d42c618035,10,2980,True,27318,27318,238.56767870586918
2981,4814bd74-db90-4e8a-ab7a-79d42c618035,10,2981,True,27341,27341,222.54739291729857
2982,4814bd74-db90-4e8a-ab7a-79d42c618035,10,2982,True,27368,27368,197.94136066320425
2983,4814bd74-db90-4e8a-ab7a-79d42c618035,10,2983,True,27386,27386,272.5015099415905
2984,4814bd74-db90-4e8a-ab7a-79d42c618035,10,2984,True,27409,27409,254.13395266888983
2985,4814bd74-db90-4e8a-ab7a-79d42c618035,10,2985,True,27431,27431,257.9010095705562
2986,4814bd74-db90-4e8a-ab7a-79d42c618035,10,2986,True,27454,27454,204.50150994159048
2987,4814bd74-db90-4e8a-ab7a-79d42c618035,10,2987,True,27493,27493,243.68785512337854
2988,4814bd74-db90-4e8a-ab7a-79d42c618035,10,2988,True,27518,27518,192.95644458472816
2989,4814bd74-db90-4e8a-ab7a-79d42c618035,10,2989,True,27534,27534,226.5758222286422
2990,4814bd74-db90-4e8a-ab7a-79d42c618035,10,2990,True,27564,27564,196.5758222286422
2991,4814bd74-db90-4e8a-ab7a-79d42c618035,10,2991,True,27603,27603,182.2886001119914
2992,4814bd74-db90-4e8a-ab7a-79d42c618035,10,2992,True,27634,27634,200.2045773227328
2993,4814bd74-db90-4e8a-ab7a-79d42c618035,10,2993,True,27662,27662,162.15190730258473
2994,4814bd74-db90-4e8a-ab7a-79d42c618035,10,2994,True,27689,27689,145.2045773227328
2995,4814bd74-db90-4e8a-ab7a-79d42c618035,10,2995,True,27714,27714,133.89350798062515
2996,4814bd74-db90-4e8a-ab7a-79d42c618035,10,2996,True,27742,27742,119.2862534896085
2997,4814bd74-db90-4e8a-ab7a-79d42c618035,10,2997,True,27764,27764,104.9501019535819
2998,4814bd74-db90-4e8a-ab7a-79d42c618035,10,2998,True,27795,27795,84.1478234242968
2999,4814bd74-db90-4e8a-ab7a-79d42c618035,10,2999,True,27823,27823,80.56785927416422
