{"clients": [{"1": {"client_id": 0, "slo": 0, "num_jobs": 1000, "throughput_qps": 4.010774782786518, "total_num_complete": 1000, "goodput_qps": 0, "total_num_tardy": 1000, "median_tardiness_ms": 299.06147131721445, "mean_tardiness_ms": 332.6654644746755, "std_tardiness_ms": 132.9217505999644, "median_latency_ms": 299.06147131721445, "mean_latency_ms": 332.6654644746755, "std_latency_ms": 132.9217505999644, "p99_latency_ms": 807.0820105731718, "total_num_dropped": 0, "drop_rate_qps": 0.0}}, {"4": {"client_id": 1, "slo": 0, "num_jobs": 1000, "throughput_qps": 4.000363187998076, "total_num_complete": 1000, "goodput_qps": 0, "total_num_tardy": 1000, "median_tardiness_ms": 856.6392811116348, "mean_tardiness_ms": 888.5425555417069, "std_tardiness_ms": 277.01468808274615, "median_latency_ms": 856.6392811116348, "mean_latency_ms": 888.5425555417069, "std_latency_ms": 277.01468808274615, "p99_latency_ms": 1603.265395080897, "total_num_dropped": 0, "drop_rate_qps": 0.0}}, {"5": {"client_id": 2, "slo": 0, "num_jobs": 1000, "throughput_qps": 3.9937007074428434, "total_num_complete": 1000, "goodput_qps": 0, "total_num_tardy": 1000, "median_tardiness_ms": 468.01195452689717, "mean_tardiness_ms": 480.74661346325547, "std_tardiness_ms": 153.38912713088698, "median_latency_ms": 468.01195452689717, "mean_latency_ms": 480.74661346325547, "std_latency_ms": 153.38912713088698, "p99_latency_ms": 880.9477064631494, "total_num_dropped": 0, "drop_rate_qps": 0.0}}]}