{"clients": [{"6": {"client_id": 0, "slo": 124, "num_jobs": 5000, "throughput_qps": 0.7889781263812291, "total_num_complete": 99, "goodput_qps": 0.7013138901166481, "total_num_tardy": 11, "median_tardiness_ms": 1.8047771794808796, "mean_tardiness_ms": 1.7841027883352416, "std_tardiness_ms": 0.6187439730240286, "median_latency_ms": 113.64980158986145, "mean_latency_ms": 110.2408029862128, "std_latency_ms": 12.163639212902407, "p99_latency_ms": 126.50412297432544, "total_num_dropped": 4901, "drop_rate_qps": 39.05840199388287}}, {"7": {"client_id": 1, "slo": 140, "num_jobs": 5000, "throughput_qps": 1.027967527803444, "total_num_complete": 129, "goodput_qps": 0.948280122547363, "total_num_tardy": 10, "median_tardiness_ms": 2.0333606166241225, "mean_tardiness_ms": 1.7267582339726233, "std_tardiness_ms": 0.7033446040284052, "median_latency_ms": 128.45922448966303, "mean_latency_ms": 123.74537729633728, "std_latency_ms": 14.847692812749436, "p99_latency_ms": 142.36278506442324, "total_num_dropped": 4871, "drop_rate_qps": 38.81573510023702}}, {"8": {"client_id": 2, "slo": 160, "num_jobs": 5000, "throughput_qps": 0.9629745467557207, "total_num_complete": 119, "goodput_qps": 0.7606689697061995, "total_num_tardy": 25, "median_tardiness_ms": 2.6180513784347568, "mean_tardiness_ms": 2.515002873606554, "std_tardiness_ms": 1.4027693151559342, "median_latency_ms": 153.5279303179802, "mean_latency_ms": 150.84627450957126, "std_latency_ms": 10.847002088600064, "p99_latency_ms": 164.76655467948527, "total_num_dropped": 4881, "drop_rate_qps": 39.498140863148514}}]}