{"clients": [{"6": {"client_id": 0, "slo": 0, "num_jobs": 5000, "throughput_qps": 19.942260688685558, "total_num_complete": 2501, "goodput_qps": 0, "total_num_tardy": 2501, "median_tardiness_ms": 83.03835479287591, "mean_tardiness_ms": 84.29176819071807, "std_tardiness_ms": 8.006274529378233, "median_latency_ms": 83.03835479287591, "mean_latency_ms": 84.29176819071807, "std_latency_ms": 8.006274529378233, "p99_latency_ms": 109.16858360414335, "total_num_dropped": 2499, "drop_rate_qps": 19.92631325910644}}, {"7": {"client_id": 1, "slo": 0, "num_jobs": 5000, "throughput_qps": 26.54636876786334, "total_num_complete": 3330, "goodput_qps": 0, "total_num_tardy": 3330, "median_tardiness_ms": 91.07518639857517, "mean_tardiness_ms": 92.31442812087407, "std_tardiness_ms": 8.033890665219893, "median_latency_ms": 91.07518639857517, "mean_latency_ms": 92.31442812087407, "std_latency_ms": 8.033890665219893, "p99_latency_ms": 115.61747563133272, "total_num_dropped": 1670, "drop_rate_qps": 13.313043796496029}}, {"8": {"client_id": 2, "slo": 0, "num_jobs": 5000, "throughput_qps": 25.03591432558776, "total_num_complete": 3114, "goodput_qps": 0, "total_num_tardy": 3114, "median_tardiness_ms": 102.74346024317128, "mean_tardiness_ms": 103.57623104631021, "std_tardiness_ms": 8.162179822600518, "median_latency_ms": 102.74346024317128, "mean_latency_ms": 103.57623104631021, "std_latency_ms": 8.162179822600518, "p99_latency_ms": 127.74766034389108, "total_num_dropped": 1886, "drop_rate_qps": 15.163048946068887}}]}