{"clients": [{"6": {"client_id": 0, "slo": 124, "num_jobs": 5000, "throughput_qps": 3.999505328525747, "total_num_complete": 5000, "goodput_qps": 3.999505328525747, "total_num_tardy": 0, "median_latency_ms": 66.30762326015974, "mean_latency_ms": 66.80100913376401, "std_latency_ms": 4.8500221581542435, "p99_latency_ms": 79.54920209085104, "total_num_dropped": 0, "drop_rate_qps": 0.0}}, {"7": {"client_id": 1, "slo": 140, "num_jobs": 5000, "throughput_qps": 3.9970343136863433, "total_num_complete": 5000, "goodput_qps": 3.9970343136863433, "total_num_tardy": 0, "median_latency_ms": 74.39686306792646, "mean_latency_ms": 74.83899789650854, "std_latency_ms": 4.93625161149672, "p99_latency_ms": 87.68287177487888, "total_num_dropped": 0, "drop_rate_qps": 0.0}}, {"8": {"client_id": 2, "slo": 160, "num_jobs": 5000, "throughput_qps": 4.006803865493111, "total_num_complete": 5000, "goodput_qps": 4.006803865493111, "total_num_tardy": 0, "median_latency_ms": 84.27596807992086, "mean_latency_ms": 84.68624009554712, "std_latency_ms": 5.25749941514973, "p99_latency_ms": 97.85008436391685, "total_num_dropped": 0, "drop_rate_qps": 0.0}}]}