,client_id,workflow_id,job_id,was_completed,deadline,create_time,response_time
0,e16814e1-03c3-4baf-80c4-a124f31e75a5,6,0,True,26,26,63.31088573728867
1,e16814e1-03c3-4baf-80c4-a124f31e75a5,6,1,True,58,58,63.592489750271184
2,e16814e1-03c3-4baf-80c4-a124f31e75a5,6,2,True,79,79,71.09885391212543
3,e16814e1-03c3-4baf-80c4-a124f31e75a5,6,3,True,108,108,83.46919553638503
4,e16814e1-03c3-4baf-80c4-a124f31e75a5,6,4,True,142,142,74.84859002171311
5,e16814e1-03c3-4baf-80c4-a124f31e75a5,6,5,True,164,164,91.28117092457228
6,e16814e1-03c3-4baf-80c4-a124f31e75a5,6,6,True,189,189,90.41892448171569
7,e16814e1-03c3-4baf-80c4-a124f31e75a5,6,7,True,216,216,140.03039210059615
8,e16814e1-03c3-4baf-80c4-a124f31e75a5,6,8,True,245,245,108.25018902382328
9,e16814e1-03c3-4baf-80c4-a124f31e75a5,6,9,True,269,269,97.02547509326251
10,e16814e1-03c3-4baf-80c4-a124f31e75a5,6,10,True,296,296,180.36487334617493
11,e16814e1-03c3-4baf-80c4-a124f31e75a5,6,11,True,319,319,160.60697419044953
12,e16814e1-03c3-4baf-80c4-a124f31e75a5,6,12,True,348,348,131.60697419044953
13,e16814e1-03c3-4baf-80c4-a124f31e75a5,6,13,True,377,377,150.82311097180093
14,e16814e1-03c3-4baf-80c4-a124f31e75a5,6,14,True,402,402,153.57029809321534
15,e16814e1-03c3-4baf-80c4-a124f31e75a5,6,15,True,433,433,125.14549771309237
16,e16814e1-03c3-4baf-80c4-a124f31e75a5,6,16,True,453,453,145.84739933774222
17,e16814e1-03c3-4baf-80c4-a124f31e75a5,6,17,True,477,477,141.94380448496827
18,e16814e1-03c3-4baf-80c4-a124f31e75a5,6,18,True,502,502,121.03904031178593
19,e16814e1-03c3-4baf-80c4-a124f31e75a5,6,19,True,530,530,115.75222690040073
20,e16814e1-03c3-4baf-80c4-a124f31e75a5,6,20,True,568,568,128.60653514107787
21,e16814e1-03c3-4baf-80c4-a124f31e75a5,6,21,True,597,597,122.10246679991553
22,e16814e1-03c3-4baf-80c4-a124f31e75a5,6,22,True,616,616,127.859392993896
23,e16814e1-03c3-4baf-80c4-a124f31e75a5,6,23,True,631,631,117.54438719838345
24,e16814e1-03c3-4baf-80c4-a124f31e75a5,6,24,True,657,657,145.05741661126797
25,e16814e1-03c3-4baf-80c4-a124f31e75a5,6,25,True,691,691,113.44048386025986
26,e16814e1-03c3-4baf-80c4-a124f31e75a5,6,26,True,715,715,139.18142598300517
27,e16814e1-03c3-4baf-80c4-a124f31e75a5,6,27,True,736,736,123.39356364275
28,e16814e1-03c3-4baf-80c4-a124f31e75a5,6,28,True,768,768,141.06024470583964
29,e16814e1-03c3-4baf-80c4-a124f31e75a5,6,29,True,799,799,115.4103821772942
30,e16814e1-03c3-4baf-80c4-a124f31e75a5,6,30,True,831,831,122.05193898668108
31,e16814e1-03c3-4baf-80c4-a124f31e75a5,6,31,True,856,856,143.20145083525074
32,e16814e1-03c3-4baf-80c4-a124f31e75a5,6,32,True,890,890,114.26864192590256
33,e16814e1-03c3-4baf-80c4-a124f31e75a5,6,33,True,915,915,141.16700822192456
34,e16814e1-03c3-4baf-80c4-a124f31e75a5,6,34,True,940,940,126.70091364680934
35,e16814e1-03c3-4baf-80c4-a124f31e75a5,6,35,True,971,971,137.59899273693782
36,e16814e1-03c3-4baf-80c4-a124f31e75a5,6,36,True,1006,1006,123.85563160006927
37,e16814e1-03c3-4baf-80c4-a124f31e75a5,6,37,True,1026,1026,109.89007977153778
38,e16814e1-03c3-4baf-80c4-a124f31e75a5,6,38,True,1058,1058,156.40533969466605
39,e16814e1-03c3-4baf-80c4-a124f31e75a5,6,39,True,1090,1090,159.2539359820944
40,e16814e1-03c3-4baf-80c4-a124f31e75a5,6,40,True,1118,1118,181.1501778193201
41,e16814e1-03c3-4baf-80c4-a124f31e75a5,6,41,True,1143,1143,153.51583868540456
42,e16814e1-03c3-4baf-80c4-a124f31e75a5,6,42,True,1179,1179,189.8683756950643
43,e16814e1-03c3-4baf-80c4-a124f31e75a5,6,43,True,1205,1205,166.21456158071737
44,e16814e1-03c3-4baf-80c4-a124f31e75a5,6,44,True,1228,1228,138.42801322084506
45,e16814e1-03c3-4baf-80c4-a124f31e75a5,6,45,True,1252,1252,159.8077194284583
46,e16814e1-03c3-4baf-80c4-a124f31e75a5,6,46,True,1289,1289,156.39999755827193
47,e16814e1-03c3-4baf-80c4-a124f31e75a5,6,47,True,1319,1319,204.79091385708625
48,e16814e1-03c3-4baf-80c4-a124f31e75a5,6,48,True,1352,1352,171.79091385708625
49,e16814e1-03c3-4baf-80c4-a124f31e75a5,6,49,True,1387,1387,157.6249813654249
50,e16814e1-03c3-4baf-80c4-a124f31e75a5,6,50,True,1412,1412,134.9052594179782
51,e16814e1-03c3-4baf-80c4-a124f31e75a5,6,51,True,1435,1435,144.6867166162599
52,e16814e1-03c3-4baf-80c4-a124f31e75a5,6,52,True,1461,1461,144.9578433485117
53,e16814e1-03c3-4baf-80c4-a124f31e75a5,6,53,True,1481,1481,177.0936275554925
54,e16814e1-03c3-4baf-80c4-a124f31e75a5,6,54,True,1520,1520,163.1514331486121
55,e16814e1-03c3-4baf-80c4-a124f31e75a5,6,55,True,1548,1548,139.53046268107983
56,e16814e1-03c3-4baf-80c4-a124f31e75a5,6,56,True,1574,1574,135.94828087278734
57,e16814e1-03c3-4baf-80c4-a124f31e75a5,6,57,True,1616,1616,136.8043852867304
58,e16814e1-03c3-4baf-80c4-a124f31e75a5,6,58,True,1644,1644,194.22218809893684
59,e16814e1-03c3-4baf-80c4-a124f31e75a5,6,59,True,1668,1668,139.94939769240113
60,e16814e1-03c3-4baf-80c4-a124f31e75a5,6,60,True,1697,1697,141.22218809893684
61,e16814e1-03c3-4baf-80c4-a124f31e75a5,6,61,True,1713,1713,154.74973057030707
62,e16814e1-03c3-4baf-80c4-a124f31e75a5,6,62,True,1749,1749,140.04458535830395
63,e16814e1-03c3-4baf-80c4-a124f31e75a5,6,63,True,1770,1770,194.16823703549335
64,e16814e1-03c3-4baf-80c4-a124f31e75a5,6,64,True,1800,1800,173.07032227531067
65,e16814e1-03c3-4baf-80c4-a124f31e75a5,6,65,True,1823,1823,143.93507245613523
66,e16814e1-03c3-4baf-80c4-a124f31e75a5,6,66,True,1849,1849,201.46746584544917
67,e16814e1-03c3-4baf-80c4-a124f31e75a5,6,67,True,1879,1879,171.46746584544917
68,e16814e1-03c3-4baf-80c4-a124f31e75a5,6,68,True,1904,1904,143.45694050208908
69,e16814e1-03c3-4baf-80c4-a124f31e75a5,6,69,True,1935,1935,163.41901500149743
70,e16814e1-03c3-4baf-80c4-a124f31e75a5,6,70,True,1963,1963,186.7293144374321
71,e16814e1-03c3-4baf-80c4-a124f31e75a5,6,71,True,1993,1993,172.72452268310371
72,e16814e1-03c3-4baf-80c4-a124f31e75a5,6,72,True,2024,2024,172.97212932418824
73,e16814e1-03c3-4baf-80c4-a124f31e75a5,6,73,True,2062,2062,154.4436392440557
74,e16814e1-03c3-4baf-80c4-a124f31e75a5,6,74,True,2087,2087,131.5340411066495
75,e16814e1-03c3-4baf-80c4-a124f31e75a5,6,75,True,2124,2124,141.56971877260094
76,e16814e1-03c3-4baf-80c4-a124f31e75a5,6,76,True,2148,2148,151.0021598061844
77,e16814e1-03c3-4baf-80c4-a124f31e75a5,6,77,True,2181,2181,138.43202902818985
78,e16814e1-03c3-4baf-80c4-a124f31e75a5,6,78,True,2209,2209,127.32733848197586
79,e16814e1-03c3-4baf-80c4-a124f31e75a5,6,79,True,2245,2245,137.8923072962598
80,e16814e1-03c3-4baf-80c4-a124f31e75a5,6,80,True,2270,2270,162.48490273777588
81,e16814e1-03c3-4baf-80c4-a124f31e75a5,6,81,True,2305,2305,202.34962535389377
82,e16814e1-03c3-4baf-80c4-a124f31e75a5,6,82,True,2335,2335,174.66374943483424
83,e16814e1-03c3-4baf-80c4-a124f31e75a5,6,83,True,2357,2357,155.03270064473554
84,e16814e1-03c3-4baf-80c4-a124f31e75a5,6,84,True,2386,2386,149.2995386217226
85,e16814e1-03c3-4baf-80c4-a124f31e75a5,6,85,True,2406,2406,156.4268290325308
86,e16814e1-03c3-4baf-80c4-a124f31e75a5,6,86,True,2434,2434,179.36570150060243
87,e16814e1-03c3-4baf-80c4-a124f31e75a5,6,87,True,2464,2464,121.4325364382562
88,e16814e1-03c3-4baf-80c4-a124f31e75a5,6,88,True,2495,2495,167.7638068579231
89,e16814e1-03c3-4baf-80c4-a124f31e75a5,6,89,True,2520,2520,114.36446068044461
90,e16814e1-03c3-4baf-80c4-a124f31e75a5,6,90,True,2550,2550,132.26924589036207
91,e16814e1-03c3-4baf-80c4-a124f31e75a5,6,91,True,2580,2580,128.89053059245816
92,e16814e1-03c3-4baf-80c4-a124f31e75a5,6,92,True,2599,2599,138.83480600857592
93,e16814e1-03c3-4baf-80c4-a124f31e75a5,6,93,True,2623,2623,149.4750760336833
94,e16814e1-03c3-4baf-80c4-a124f31e75a5,6,94,True,2658,2658,106.51295938619478
95,e16814e1-03c3-4baf-80c4-a124f31e75a5,6,95,True,2691,2691,108.81132604025197
96,e16814e1-03c3-4baf-80c4-a124f31e75a5,6,96,True,2720,2720,140.6686188218423
97,e16814e1-03c3-4baf-80c4-a124f31e75a5,6,97,True,2742,2742,207.23674994404792
98,e16814e1-03c3-4baf-80c4-a124f31e75a5,6,98,True,2766,2766,157.1303227233293
99,e16814e1-03c3-4baf-80c4-a124f31e75a5,6,99,True,2796,2796,178.61861400897942
100,e16814e1-03c3-4baf-80c4-a124f31e75a5,6,100,True,2833,2833,166.10277301693714
101,e16814e1-03c3-4baf-80c4-a124f31e75a5,6,101,True,2860,2860,192.14477605465618
102,e16814e1-03c3-4baf-80c4-a124f31e75a5,6,102,True,2884,2884,130.98610063533079
103,e16814e1-03c3-4baf-80c4-a124f31e75a5,6,103,True,2918,2918,187.26709577856036
104,e16814e1-03c3-4baf-80c4-a124f31e75a5,6,104,True,2940,2940,135.92117546930695
105,e16814e1-03c3-4baf-80c4-a124f31e75a5,6,105,True,2978,2978,203.55843500719766
106,e16814e1-03c3-4baf-80c4-a124f31e75a5,6,106,True,3007,3007,117.22880508226945
107,e16814e1-03c3-4baf-80c4-a124f31e75a5,6,107,True,3028,3028,139.8849433478531
108,e16814e1-03c3-4baf-80c4-a124f31e75a5,6,108,True,3063,3063,132.51125814550596
109,e16814e1-03c3-4baf-80c4-a124f31e75a5,6,109,True,3094,3094,134.20004624593957
110,e16814e1-03c3-4baf-80c4-a124f31e75a5,6,110,True,3119,3119,137.10721612143652
111,e16814e1-03c3-4baf-80c4-a124f31e75a5,6,111,True,3147,3147,132.18382153943912
112,e16814e1-03c3-4baf-80c4-a124f31e75a5,6,112,True,3180,3180,101.63481620202083
113,e16814e1-03c3-4baf-80c4-a124f31e75a5,6,113,True,3211,3211,139.9607247227559
114,e16814e1-03c3-4baf-80c4-a124f31e75a5,6,114,True,3246,3246,120.42065884767817
115,e16814e1-03c3-4baf-80c4-a124f31e75a5,6,115,True,3272,3272,121.49479965213959
116,e16814e1-03c3-4baf-80c4-a124f31e75a5,6,116,True,3301,3301,101.49921417447331
117,e16814e1-03c3-4baf-80c4-a124f31e75a5,6,117,True,3328,3328,132.46394161641183
118,e16814e1-03c3-4baf-80c4-a124f31e75a5,6,118,True,3352,3352,105.93366976553398
119,e16814e1-03c3-4baf-80c4-a124f31e75a5,6,119,True,3364,3364,117.6234800446382
120,e16814e1-03c3-4baf-80c4-a124f31e75a5,6,120,True,3397,3397,110.24258680881621
121,e16814e1-03c3-4baf-80c4-a124f31e75a5,6,121,True,3418,3418,149.58124726822643
122,e16814e1-03c3-4baf-80c4-a124f31e75a5,6,122,True,3450,3450,113.46178035223602
123,e16814e1-03c3-4baf-80c4-a124f31e75a5,6,123,True,3480,3480,136.58660995309265
124,e16814e1-03c3-4baf-80c4-a124f31e75a5,6,124,True,3508,3508,105.16716260643352
125,e16814e1-03c3-4baf-80c4-a124f31e75a5,6,125,True,3536,3536,135.20240903336708
126,e16814e1-03c3-4baf-80c4-a124f31e75a5,6,126,True,3569,3569,139.5873224504894
127,e16814e1-03c3-4baf-80c4-a124f31e75a5,6,127,True,3596,3596,116.01098905668505
128,e16814e1-03c3-4baf-80c4-a124f31e75a5,6,128,True,3630,3630,145.41709081289082
129,e16814e1-03c3-4baf-80c4-a124f31e75a5,6,129,True,3656,3656,116.72588827186519
130,e16814e1-03c3-4baf-80c4-a124f31e75a5,6,130,True,3678,3678,123.8435944787675
131,e16814e1-03c3-4baf-80c4-a124f31e75a5,6,131,True,3706,3706,145.41700487548405
132,e16814e1-03c3-4baf-80c4-a124f31e75a5,6,132,True,3736,3736,117.92839716196931
133,e16814e1-03c3-4baf-80c4-a124f31e75a5,6,133,True,3776,3776,125.84928430682021
134,e16814e1-03c3-4baf-80c4-a124f31e75a5,6,134,True,3805,3805,142.40020075135044
135,e16814e1-03c3-4baf-80c4-a124f31e75a5,6,135,True,3831,3831,122.5170201060223
136,e16814e1-03c3-4baf-80c4-a124f31e75a5,6,136,True,3856,3856,162.324805409884
137,e16814e1-03c3-4baf-80c4-a124f31e75a5,6,137,True,3871,3871,129.40989715309115
138,e16814e1-03c3-4baf-80c4-a124f31e75a5,6,138,True,3905,3905,164.5171003057576
139,e16814e1-03c3-4baf-80c4-a124f31e75a5,6,139,True,3932,3932,159.91445912740846
140,e16814e1-03c3-4baf-80c4-a124f31e75a5,6,140,True,3960,3960,168.77386664943606
141,e16814e1-03c3-4baf-80c4-a124f31e75a5,6,141,True,3982,3982,165.4155012408346
142,e16814e1-03c3-4baf-80c4-a124f31e75a5,6,142,True,4008,4008,192.88176763728643
143,e16814e1-03c3-4baf-80c4-a124f31e75a5,6,143,True,4038,4038,162.88176763728643
144,e16814e1-03c3-4baf-80c4-a124f31e75a5,6,144,True,4064,4064,235.65005680367813
145,e16814e1-03c3-4baf-80c4-a124f31e75a5,6,145,True,4092,4092,179.87581044646322
146,e16814e1-03c3-4baf-80c4-a124f31e75a5,6,146,True,4122,4122,216.24270313636316
147,e16814e1-03c3-4baf-80c4-a124f31e75a5,6,147,True,4140,4140,200.8704601401414
148,e16814e1-03c3-4baf-80c4-a124f31e75a5,6,148,True,4178,4178,228.14523466829814
149,e16814e1-03c3-4baf-80c4-a124f31e75a5,6,149,True,4204,4204,202.14523466829814
150,e16814e1-03c3-4baf-80c4-a124f31e75a5,6,150,True,4231,4231,242.69685223232045
151,e16814e1-03c3-4baf-80c4-a124f31e75a5,6,151,True,4269,4269,207.39923588659258
152,e16814e1-03c3-4baf-80c4-a124f31e75a5,6,152,True,4291,4291,251.0451858693068
153,e16814e1-03c3-4baf-80c4-a124f31e75a5,6,153,True,4311,4311,220.1673768606879
154,e16814e1-03c3-4baf-80c4-a124f31e75a5,6,154,True,4330,4330,242.0824289047032
155,e16814e1-03c3-4baf-80c4-a124f31e75a5,6,155,True,4348,4348,224.0824289047032
156,e16814e1-03c3-4baf-80c4-a124f31e75a5,6,156,True,4382,4382,211.06054581492663
157,e16814e1-03c3-4baf-80c4-a124f31e75a5,6,157,True,4415,4415,216.1785820848354
158,e16814e1-03c3-4baf-80c4-a124f31e75a5,6,158,True,4435,4435,158.06054581492663
159,e16814e1-03c3-4baf-80c4-a124f31e75a5,6,159,True,4465,4465,212.202144481731
160,e16814e1-03c3-4baf-80c4-a124f31e75a5,6,160,True,4489,4489,245.70953487158476
161,e16814e1-03c3-4baf-80c4-a124f31e75a5,6,161,True,4515,4515,216.15029631228936
162,e16814e1-03c3-4baf-80c4-a124f31e75a5,6,162,True,4540,4540,194.70953487158476
163,e16814e1-03c3-4baf-80c4-a124f31e75a5,6,163,True,4574,4574,212.27521786227226
164,e16814e1-03c3-4baf-80c4-a124f31e75a5,6,164,True,4606,4606,177.84986802042567
165,e16814e1-03c3-4baf-80c4-a124f31e75a5,6,165,True,4626,4626,224.0230468701293
166,e16814e1-03c3-4baf-80c4-a124f31e75a5,6,166,True,4654,4654,185.22941827351497
167,e16814e1-03c3-4baf-80c4-a124f31e75a5,6,167,True,4679,4679,211.39125065189364
168,e16814e1-03c3-4baf-80c4-a124f31e75a5,6,168,True,4705,4705,176.2938333738639
169,e16814e1-03c3-4baf-80c4-a124f31e75a5,6,169,True,4741,4741,202.4127276914469
170,e16814e1-03c3-4baf-80c4-a124f31e75a5,6,170,True,4766,4766,140.3758114139473
171,e16814e1-03c3-4baf-80c4-a124f31e75a5,6,171,True,4806,4806,187.86421928067193
172,e16814e1-03c3-4baf-80c4-a124f31e75a5,6,172,True,4836,4836,123.18180469481467
173,e16814e1-03c3-4baf-80c4-a124f31e75a5,6,173,True,4860,4860,182.96951956272733
174,e16814e1-03c3-4baf-80c4-a124f31e75a5,6,174,True,4890,4890,121.85625414551487
175,e16814e1-03c3-4baf-80c4-a124f31e75a5,6,175,True,4909,4909,182.02590403010345
176,e16814e1-03c3-4baf-80c4-a124f31e75a5,6,176,True,4926,4926,168.10067310662726
177,e16814e1-03c3-4baf-80c4-a124f31e75a5,6,177,True,4953,4953,138.02590403010345
178,e16814e1-03c3-4baf-80c4-a124f31e75a5,6,178,True,4978,4978,177.76121994060213
179,e16814e1-03c3-4baf-80c4-a124f31e75a5,6,179,True,4999,4999,122.20623660404544
180,e16814e1-03c3-4baf-80c4-a124f31e75a5,6,180,True,5029,5029,155.55157262661396
181,e16814e1-03c3-4baf-80c4-a124f31e75a5,6,181,True,5048,5048,164.81532154498473
182,e16814e1-03c3-4baf-80c4-a124f31e75a5,6,182,True,5079,5079,199.97256049169482
183,e16814e1-03c3-4baf-80c4-a124f31e75a5,6,183,True,5105,5105,122.56349739408051
184,e16814e1-03c3-4baf-80c4-a124f31e75a5,6,184,True,5131,5131,145.47432555717023
185,e16814e1-03c3-4baf-80c4-a124f31e75a5,6,185,True,5163,5163,141.47539984593914
186,e16814e1-03c3-4baf-80c4-a124f31e75a5,6,186,True,5190,5190,178.48918167834108
187,e16814e1-03c3-4baf-80c4-a124f31e75a5,6,187,True,5210,5210,129.775150327966
188,e16814e1-03c3-4baf-80c4-a124f31e75a5,6,188,True,5227,5227,190.07177963804497
189,e16814e1-03c3-4baf-80c4-a124f31e75a5,6,189,True,5247,5247,152.08003780713625
190,e16814e1-03c3-4baf-80c4-a124f31e75a5,6,190,True,5279,5279,165.39846152856717
191,e16814e1-03c3-4baf-80c4-a124f31e75a5,6,191,True,5321,5321,149.41681656754918
192,e16814e1-03c3-4baf-80c4-a124f31e75a5,6,192,True,5345,5345,169.2384856250419
193,e16814e1-03c3-4baf-80c4-a124f31e75a5,6,193,True,5363,5363,154.0949701651798
194,e16814e1-03c3-4baf-80c4-a124f31e75a5,6,194,True,5393,5393,147.40641980688997
195,e16814e1-03c3-4baf-80c4-a124f31e75a5,6,195,True,5420,5420,143.54315449975365
196,e16814e1-03c3-4baf-80c4-a124f31e75a5,6,196,True,5449,5449,160.65277418811365
197,e16814e1-03c3-4baf-80c4-a124f31e75a5,6,197,True,5464,5464,145.65277418811365
198,e16814e1-03c3-4baf-80c4-a124f31e75a5,6,198,True,5503,5503,132.93727667158146
199,e16814e1-03c3-4baf-80c4-a124f31e75a5,6,199,True,5530,5530,109.01043895103066
200,e16814e1-03c3-4baf-80c4-a124f31e75a5,6,200,True,5554,5554,132.7767875129557
201,e16814e1-03c3-4baf-80c4-a124f31e75a5,6,201,True,5581,5581,110.7489862461016
202,e16814e1-03c3-4baf-80c4-a124f31e75a5,6,202,True,5610,5610,181.287440809052
203,e16814e1-03c3-4baf-80c4-a124f31e75a5,6,203,True,5641,5641,147.83216678171993
204,e16814e1-03c3-4baf-80c4-a124f31e75a5,6,204,True,5666,5666,127.55862976438311
205,e16814e1-03c3-4baf-80c4-a124f31e75a5,6,205,True,5697,5697,161.09442857316208
206,e16814e1-03c3-4baf-80c4-a124f31e75a5,6,206,True,5733,5733,136.45637484604686
207,e16814e1-03c3-4baf-80c4-a124f31e75a5,6,207,True,5772,5772,144.25304961537768
208,e16814e1-03c3-4baf-80c4-a124f31e75a5,6,208,True,5801,5801,144.18193463502303
209,e16814e1-03c3-4baf-80c4-a124f31e75a5,6,209,True,5816,5816,126.67043432926585
210,e16814e1-03c3-4baf-80c4-a124f31e75a5,6,210,True,5842,5842,153.7290295369994
211,e16814e1-03c3-4baf-80c4-a124f31e75a5,6,211,True,5871,5871,138.0853217760532
212,e16814e1-03c3-4baf-80c4-a124f31e75a5,6,212,True,5905,5905,167.31386751916125
213,e16814e1-03c3-4baf-80c4-a124f31e75a5,6,213,True,5931,5931,138.8447203188498
214,e16814e1-03c3-4baf-80c4-a124f31e75a5,6,214,True,5965,5965,132.81474251597137
215,e16814e1-03c3-4baf-80c4-a124f31e75a5,6,215,True,5992,5992,172.5644916667452
216,e16814e1-03c3-4baf-80c4-a124f31e75a5,6,216,True,6032,6032,132.5644916667452
217,e16814e1-03c3-4baf-80c4-a124f31e75a5,6,217,True,6055,6055,151.30300641902068
218,e16814e1-03c3-4baf-80c4-a124f31e75a5,6,218,True,6085,6085,130.9301060679627
219,e16814e1-03c3-4baf-80c4-a124f31e75a5,6,219,True,6105,6105,179.32579513803103
220,e16814e1-03c3-4baf-80c4-a124f31e75a5,6,220,True,6133,6133,151.32579513803103
221,e16814e1-03c3-4baf-80c4-a124f31e75a5,6,221,True,6161,6161,154.40016790142636
222,e16814e1-03c3-4baf-80c4-a124f31e75a5,6,222,True,6190,6190,122.86717593423327
223,e16814e1-03c3-4baf-80c4-a124f31e75a5,6,223,True,6225,6225,169.99198012894794
224,e16814e1-03c3-4baf-80c4-a124f31e75a5,6,224,True,6246,6246,195.26133001833932
225,e16814e1-03c3-4baf-80c4-a124f31e75a5,6,225,True,6278,6278,173.18000587992174
226,e16814e1-03c3-4baf-80c4-a124f31e75a5,6,226,True,6309,6309,196.1087700724047
227,e16814e1-03c3-4baf-80c4-a124f31e75a5,6,227,True,6330,6330,185.89015826319337
228,e16814e1-03c3-4baf-80c4-a124f31e75a5,6,228,True,6355,6355,141.91261475699412
229,e16814e1-03c3-4baf-80c4-a124f31e75a5,6,229,True,6381,6381,207.00950695082065
230,e16814e1-03c3-4baf-80c4-a124f31e75a5,6,230,True,6417,6417,171.00950695082065
231,e16814e1-03c3-4baf-80c4-a124f31e75a5,6,231,True,6445,6445,207.9634672090324
232,e16814e1-03c3-4baf-80c4-a124f31e75a5,6,232,True,6471,6471,168.15582513520621
233,e16814e1-03c3-4baf-80c4-a124f31e75a5,6,233,True,6499,6499,186.17326190585845
234,e16814e1-03c3-4baf-80c4-a124f31e75a5,6,234,True,6527,6527,155.54973842986783
235,e16814e1-03c3-4baf-80c4-a124f31e75a5,6,235,True,6557,6557,150.09285790429294
236,e16814e1-03c3-4baf-80c4-a124f31e75a5,6,236,True,6575,6575,188.58132858600584
237,e16814e1-03c3-4baf-80c4-a124f31e75a5,6,237,True,6596,6596,161.78354713026147
238,e16814e1-03c3-4baf-80c4-a124f31e75a5,6,238,True,6617,6617,201.72365563527455
239,e16814e1-03c3-4baf-80c4-a124f31e75a5,6,239,True,6639,6639,177.16551723861085
240,e16814e1-03c3-4baf-80c4-a124f31e75a5,6,240,True,6675,6675,138.4598828503922
241,e16814e1-03c3-4baf-80c4-a124f31e75a5,6,241,True,6705,6705,245.42374466637375
242,e16814e1-03c3-4baf-80c4-a124f31e75a5,6,242,True,6727,6727,196.55853480182486
243,e16814e1-03c3-4baf-80c4-a124f31e75a5,6,243,True,6749,6749,253.16584246263392
244,e16814e1-03c3-4baf-80c4-a124f31e75a5,6,244,True,6771,6771,206.2407114179514
245,e16814e1-03c3-4baf-80c4-a124f31e75a5,6,245,True,6791,6791,211.16584246263392
246,e16814e1-03c3-4baf-80c4-a124f31e75a5,6,246,True,6814,6814,228.45710380480705
247,e16814e1-03c3-4baf-80c4-a124f31e75a5,6,247,True,6842,6842,255.09312377106198
248,e16814e1-03c3-4baf-80c4-a124f31e75a5,6,248,True,6872,6872,220.09585956605133
249,e16814e1-03c3-4baf-80c4-a124f31e75a5,6,249,True,6889,6889,228.44389226666954
250,e16814e1-03c3-4baf-80c4-a124f31e75a5,6,250,True,6922,6922,218.68708917845197
251,e16814e1-03c3-4baf-80c4-a124f31e75a5,6,251,True,6944,6944,196.68708917845197
252,e16814e1-03c3-4baf-80c4-a124f31e75a5,6,252,True,6970,6970,268.8296830786994
253,e16814e1-03c3-4baf-80c4-a124f31e75a5,6,253,True,7000,7000,193.41201096986242
254,e16814e1-03c3-4baf-80c4-a124f31e75a5,6,254,True,7027,7027,183.73891211163118
255,e16814e1-03c3-4baf-80c4-a124f31e75a5,6,255,True,7041,7041,177.66401362678516
256,e16814e1-03c3-4baf-80c4-a124f31e75a5,6,256,True,7069,7069,189.59617706450626
257,e16814e1-03c3-4baf-80c4-a124f31e75a5,6,257,True,7089,7089,180.3942028095671
258,e16814e1-03c3-4baf-80c4-a124f31e75a5,6,258,True,7117,7117,168.1164145875464
259,e16814e1-03c3-4baf-80c4-a124f31e75a5,6,259,True,7141,7141,181.245910914874
260,e16814e1-03c3-4baf-80c4-a124f31e75a5,6,260,True,7164,7164,196.95124073647185
261,e16814e1-03c3-4baf-80c4-a124f31e75a5,6,261,True,7193,7193,220.53952869791465
262,e16814e1-03c3-4baf-80c4-a124f31e75a5,6,262,True,7226,7226,170.5290745610655
263,e16814e1-03c3-4baf-80c4-a124f31e75a5,6,263,True,7245,7245,171.04493801594526
264,e16814e1-03c3-4baf-80c4-a124f31e75a5,6,264,True,7274,7274,212.18774674955057
265,e16814e1-03c3-4baf-80c4-a124f31e75a5,6,265,True,7301,7301,189.49949645066772
266,e16814e1-03c3-4baf-80c4-a124f31e75a5,6,266,True,7325,7325,145.17038640783994
267,e16814e1-03c3-4baf-80c4-a124f31e75a5,6,267,True,7355,7355,158.94059716677566
268,e16814e1-03c3-4baf-80c4-a124f31e75a5,6,268,True,7384,7384,137.41887080502602
269,e16814e1-03c3-4baf-80c4-a124f31e75a5,6,269,True,7404,7404,137.2167594248067
270,e16814e1-03c3-4baf-80c4-a124f31e75a5,6,270,True,7427,7427,134.50900970263865
271,e16814e1-03c3-4baf-80c4-a124f31e75a5,6,271,True,7449,7449,154.13250318905102
272,e16814e1-03c3-4baf-80c4-a124f31e75a5,6,272,True,7468,7468,145.95079807103957
273,e16814e1-03c3-4baf-80c4-a124f31e75a5,6,273,True,7488,7488,155.7537476092093
274,e16814e1-03c3-4baf-80c4-a124f31e75a5,6,274,True,7521,7521,118.17098199125667
275,e16814e1-03c3-4baf-80c4-a124f31e75a5,6,275,True,7543,7543,199.51273849477639
276,e16814e1-03c3-4baf-80c4-a124f31e75a5,6,276,True,7580,7580,159.9296298548643
277,e16814e1-03c3-4baf-80c4-a124f31e75a5,6,277,True,7609,7609,127.000559570537
278,e16814e1-03c3-4baf-80c4-a124f31e75a5,6,278,True,7641,7641,161.18680663475334
279,e16814e1-03c3-4baf-80c4-a124f31e75a5,6,279,True,7666,7666,138.93267621913674
280,e16814e1-03c3-4baf-80c4-a124f31e75a5,6,280,True,7694,7694,182.59553919628888
281,e16814e1-03c3-4baf-80c4-a124f31e75a5,6,281,True,7714,7714,208.25359376282813
282,e16814e1-03c3-4baf-80c4-a124f31e75a5,6,282,True,7738,7738,184.25359376282813
283,e16814e1-03c3-4baf-80c4-a124f31e75a5,6,283,True,7759,7759,207.44630025198148
284,e16814e1-03c3-4baf-80c4-a124f31e75a5,6,284,True,7787,7787,190.23745878714908
285,e16814e1-03c3-4baf-80c4-a124f31e75a5,6,285,True,7812,7812,177.2007805488738
286,e16814e1-03c3-4baf-80c4-a124f31e75a5,6,286,True,7837,7837,193.10991805245067
287,e16814e1-03c3-4baf-80c4-a124f31e75a5,6,287,True,7861,7861,153.04852645888514
288,e16814e1-03c3-4baf-80c4-a124f31e75a5,6,288,True,7893,7893,192.17268454891564
289,e16814e1-03c3-4baf-80c4-a124f31e75a5,6,289,True,7920,7920,158.31041140803518
290,e16814e1-03c3-4baf-80c4-a124f31e75a5,6,290,True,7945,7945,219.84435390599538
291,e16814e1-03c3-4baf-80c4-a124f31e75a5,6,291,True,7966,7966,172.9258305625417
292,e16814e1-03c3-4baf-80c4-a124f31e75a5,6,292,True,8004,8004,158.46598713704952
293,e16814e1-03c3-4baf-80c4-a124f31e75a5,6,293,True,8022,8022,188.9655995093035
294,e16814e1-03c3-4baf-80c4-a124f31e75a5,6,294,True,8051,8051,214.66730501165875
295,e16814e1-03c3-4baf-80c4-a124f31e75a5,6,295,True,8072,8072,190.59495154492106
296,e16814e1-03c3-4baf-80c4-a124f31e75a5,6,296,True,8095,8095,170.66730501165875
297,e16814e1-03c3-4baf-80c4-a124f31e75a5,6,297,True,8117,8117,199.31726934122707
298,e16814e1-03c3-4baf-80c4-a124f31e75a5,6,298,True,8147,8147,169.31726934122707
299,e16814e1-03c3-4baf-80c4-a124f31e75a5,6,299,True,8172,8172,146.84375713377995
300,e16814e1-03c3-4baf-80c4-a124f31e75a5,6,300,True,8198,8198,217.0249958029308
301,e16814e1-03c3-4baf-80c4-a124f31e75a5,6,301,True,8225,8225,194.96635639160377
302,e16814e1-03c3-4baf-80c4-a124f31e75a5,6,302,True,8252,8252,165.3769929830305
303,e16814e1-03c3-4baf-80c4-a124f31e75a5,6,303,True,8284,8284,188.00638567737587
304,e16814e1-03c3-4baf-80c4-a124f31e75a5,6,304,True,8310,8310,157.03529649225857
305,e16814e1-03c3-4baf-80c4-a124f31e75a5,6,305,True,8346,8346,173.05857784391446
306,e16814e1-03c3-4baf-80c4-a124f31e75a5,6,306,True,8376,8376,149.848113928565
307,e16814e1-03c3-4baf-80c4-a124f31e75a5,6,307,True,8397,8397,171.98594413329374
308,e16814e1-03c3-4baf-80c4-a124f31e75a5,6,308,True,8427,8427,147.80528736654742
309,e16814e1-03c3-4baf-80c4-a124f31e75a5,6,309,True,8448,8448,147.18004529535574
310,e16814e1-03c3-4baf-80c4-a124f31e75a5,6,310,True,8472,8472,184.6315796450417
311,e16814e1-03c3-4baf-80c4-a124f31e75a5,6,311,True,8497,8497,162.45524232402022
312,e16814e1-03c3-4baf-80c4-a124f31e75a5,6,312,True,8518,8518,126.86960010183248
313,e16814e1-03c3-4baf-80c4-a124f31e75a5,6,313,True,8551,8551,146.16791611046392
314,e16814e1-03c3-4baf-80c4-a124f31e75a5,6,314,True,8574,8574,134.41943972868103
315,e16814e1-03c3-4baf-80c4-a124f31e75a5,6,315,True,8605,8605,201.22948131303383
316,e16814e1-03c3-4baf-80c4-a124f31e75a5,6,316,True,8636,8636,172.6895052293039
317,e16814e1-03c3-4baf-80c4-a124f31e75a5,6,317,True,8660,8660,165.95120750112437
318,e16814e1-03c3-4baf-80c4-a124f31e75a5,6,318,True,8689,8689,167.16206098367002
319,e16814e1-03c3-4baf-80c4-a124f31e75a5,6,319,True,8716,8716,163.2129508260332
320,e16814e1-03c3-4baf-80c4-a124f31e75a5,6,320,True,8737,8737,151.5731173459135
321,e16814e1-03c3-4baf-80c4-a124f31e75a5,6,321,True,8765,8765,165.3141780509868
322,e16814e1-03c3-4baf-80c4-a124f31e75a5,6,322,True,8803,8803,160.40479131778375
323,e16814e1-03c3-4baf-80c4-a124f31e75a5,6,323,True,8834,8834,152.36023806182857
324,e16814e1-03c3-4baf-80c4-a124f31e75a5,6,324,True,8863,8863,206.02021786490695
325,e16814e1-03c3-4baf-80c4-a124f31e75a5,6,325,True,8890,8890,156.95508273144878
326,e16814e1-03c3-4baf-80c4-a124f31e75a5,6,326,True,8917,8917,190.72698609469626
327,e16814e1-03c3-4baf-80c4-a124f31e75a5,6,327,True,8938,8938,169.72698609469626
328,e16814e1-03c3-4baf-80c4-a124f31e75a5,6,328,True,8973,8973,189.76707282138887
329,e16814e1-03c3-4baf-80c4-a124f31e75a5,6,329,True,9002,9002,170.53714086437867
330,e16814e1-03c3-4baf-80c4-a124f31e75a5,6,330,True,9019,9019,188.1268962072445
331,e16814e1-03c3-4baf-80c4-a124f31e75a5,6,331,True,9052,9052,165.7794793382036
332,e16814e1-03c3-4baf-80c4-a124f31e75a5,6,332,True,9077,9077,156.78165469711166
333,e16814e1-03c3-4baf-80c4-a124f31e75a5,6,333,True,9105,9105,126.29006744378603
334,e16814e1-03c3-4baf-80c4-a124f31e75a5,6,334,True,9130,9130,181.23175092728707
335,e16814e1-03c3-4baf-80c4-a124f31e75a5,6,335,True,9162,9162,117.56606461845695
336,e16814e1-03c3-4baf-80c4-a124f31e75a5,6,336,True,9185,9185,178.36984494944045
337,e16814e1-03c3-4baf-80c4-a124f31e75a5,6,337,True,9206,9206,160.00300983020497
338,e16814e1-03c3-4baf-80c4-a124f31e75a5,6,338,True,9234,9234,193.87694341458518
339,e16814e1-03c3-4baf-80c4-a124f31e75a5,6,339,True,9271,9271,138.33055592866367
340,e16814e1-03c3-4baf-80c4-a124f31e75a5,6,340,True,9300,9300,134.85046990761475
341,e16814e1-03c3-4baf-80c4-a124f31e75a5,6,341,True,9321,9321,140.22479873963493
342,e16814e1-03c3-4baf-80c4-a124f31e75a5,6,342,True,9349,9349,129.48618733407238
343,e16814e1-03c3-4baf-80c4-a124f31e75a5,6,343,True,9367,9367,127.58263424756478
344,e16814e1-03c3-4baf-80c4-a124f31e75a5,6,344,True,9390,9390,156.32681499695536
345,e16814e1-03c3-4baf-80c4-a124f31e75a5,6,345,True,9413,9413,136.00291584109254
346,e16814e1-03c3-4baf-80c4-a124f31e75a5,6,346,True,9442,9442,176.07894810819562
347,e16814e1-03c3-4baf-80c4-a124f31e75a5,6,347,True,9474,9474,123.79348477660278
348,e16814e1-03c3-4baf-80c4-a124f31e75a5,6,348,True,9502,9502,167.9153351330715
349,e16814e1-03c3-4baf-80c4-a124f31e75a5,6,349,True,9528,9528,117.81274172919257
350,e16814e1-03c3-4baf-80c4-a124f31e75a5,6,350,True,9549,9549,170.40926737616428
351,e16814e1-03c3-4baf-80c4-a124f31e75a5,6,351,True,9575,9575,122.887714275701
352,e16814e1-03c3-4baf-80c4-a124f31e75a5,6,352,True,9605,9605,139.00621328703892
353,e16814e1-03c3-4baf-80c4-a124f31e75a5,6,353,True,9636,9636,114.28002061575899
354,e16814e1-03c3-4baf-80c4-a124f31e75a5,6,354,True,9659,9659,137.091530924401
355,e16814e1-03c3-4baf-80c4-a124f31e75a5,6,355,True,9692,9692,137.48658919822446
356,e16814e1-03c3-4baf-80c4-a124f31e75a5,6,356,True,9722,9722,134.23441754880332
357,e16814e1-03c3-4baf-80c4-a124f31e75a5,6,357,True,9742,9742,177.37264100630273
358,e16814e1-03c3-4baf-80c4-a124f31e75a5,6,358,True,9773,9773,130.4671319210429
359,e16814e1-03c3-4baf-80c4-a124f31e75a5,6,359,True,9807,9807,122.70867431127226
360,e16814e1-03c3-4baf-80c4-a124f31e75a5,6,360,True,9837,9837,141.60093096785386
361,e16814e1-03c3-4baf-80c4-a124f31e75a5,6,361,True,9860,9860,132.98210386357277
362,e16814e1-03c3-4baf-80c4-a124f31e75a5,6,362,True,9882,9882,121.20237584069037
363,e16814e1-03c3-4baf-80c4-a124f31e75a5,6,363,True,9908,9908,150.52612849310935
364,e16814e1-03c3-4baf-80c4-a124f31e75a5,6,364,True,9941,9941,120.2398480326101
365,e16814e1-03c3-4baf-80c4-a124f31e75a5,6,365,True,9965,9965,142.86717435961873
366,e16814e1-03c3-4baf-80c4-a124f31e75a5,6,366,True,9994,9994,131.9460432292126
367,e16814e1-03c3-4baf-80c4-a124f31e75a5,6,367,True,10024,10024,138.45799714071836
368,e16814e1-03c3-4baf-80c4-a124f31e75a5,6,368,True,10053,10053,112.17709031773666
369,e16814e1-03c3-4baf-80c4-a124f31e75a5,6,369,True,10085,10085,138.55401193474245
370,e16814e1-03c3-4baf-80c4-a124f31e75a5,6,370,True,10120,10120,170.13973269565213
371,e16814e1-03c3-4baf-80c4-a124f31e75a5,6,371,True,10147,10147,125.83411425701524
372,e16814e1-03c3-4baf-80c4-a124f31e75a5,6,372,True,10171,10171,142.50049708756342
373,e16814e1-03c3-4baf-80c4-a124f31e75a5,6,373,True,10201,10201,128.74411199869246
374,e16814e1-03c3-4baf-80c4-a124f31e75a5,6,374,True,10222,10222,145.849749056395
375,e16814e1-03c3-4baf-80c4-a124f31e75a5,6,375,True,10244,10244,152.84716463335462
376,e16814e1-03c3-4baf-80c4-a124f31e75a5,6,376,True,10264,10264,130.38785910906518
377,e16814e1-03c3-4baf-80c4-a124f31e75a5,6,377,True,10288,10288,182.07161106348576
378,e16814e1-03c3-4baf-80c4-a124f31e75a5,6,378,True,10318,10318,170.55552473170792
379,e16814e1-03c3-4baf-80c4-a124f31e75a5,6,379,True,10341,10341,190.3121826927727
380,e16814e1-03c3-4baf-80c4-a124f31e75a5,6,380,True,10376,10376,159.35900417246012
381,e16814e1-03c3-4baf-80c4-a124f31e75a5,6,381,True,10405,10405,171.56555312981618
382,e16814e1-03c3-4baf-80c4-a124f31e75a5,6,382,True,10431,10431,153.24597607271062
383,e16814e1-03c3-4baf-80c4-a124f31e75a5,6,383,True,10459,10459,160.90856650452042
384,e16814e1-03c3-4baf-80c4-a124f31e75a5,6,384,True,10481,10481,156.25337437541748
385,e16814e1-03c3-4baf-80c4-a124f31e75a5,6,385,True,10500,10500,215.44274499051244
386,e16814e1-03c3-4baf-80c4-a124f31e75a5,6,386,True,10523,10523,189.967126731819
387,e16814e1-03c3-4baf-80c4-a124f31e75a5,6,387,True,10547,10547,152.52011525295893
388,e16814e1-03c3-4baf-80c4-a124f31e75a5,6,388,True,10578,10578,158.60269397752745
389,e16814e1-03c3-4baf-80c4-a124f31e75a5,6,389,True,10607,10607,156.6094316886265
390,e16814e1-03c3-4baf-80c4-a124f31e75a5,6,390,True,10639,10639,158.0399447239979
391,e16814e1-03c3-4baf-80c4-a124f31e75a5,6,391,True,10668,10668,133.4477859655035
392,e16814e1-03c3-4baf-80c4-a124f31e75a5,6,392,True,10696,10696,225.07280501021341
393,e16814e1-03c3-4baf-80c4-a124f31e75a5,6,393,True,10721,10721,175.5568086535677
394,e16814e1-03c3-4baf-80c4-a124f31e75a5,6,394,True,10741,10741,180.07280501021341
395,e16814e1-03c3-4baf-80c4-a124f31e75a5,6,395,True,10772,10772,153.5292434594412
396,e16814e1-03c3-4baf-80c4-a124f31e75a5,6,396,True,10803,10803,174.6809089234921
397,e16814e1-03c3-4baf-80c4-a124f31e75a5,6,397,True,10826,10826,177.69201560227157
398,e16814e1-03c3-4baf-80c4-a124f31e75a5,6,398,True,10859,10859,159.97028204683374
399,e16814e1-03c3-4baf-80c4-a124f31e75a5,6,399,True,10883,10883,182.59874979410233
400,e16814e1-03c3-4baf-80c4-a124f31e75a5,6,400,True,10908,10908,143.99510550143896
401,e16814e1-03c3-4baf-80c4-a124f31e75a5,6,401,True,10945,10945,167.32426955997653
402,e16814e1-03c3-4baf-80c4-a124f31e75a5,6,402,True,10984,10984,148.00372923338182
403,e16814e1-03c3-4baf-80c4-a124f31e75a5,6,403,True,11006,11006,143.16159470952152
404,e16814e1-03c3-4baf-80c4-a124f31e75a5,6,404,True,11041,11041,117.96348156323438
405,e16814e1-03c3-4baf-80c4-a124f31e75a5,6,405,True,11074,11074,120.13011224319962
406,e16814e1-03c3-4baf-80c4-a124f31e75a5,6,406,True,11098,11098,138.67899095077883
407,e16814e1-03c3-4baf-80c4-a124f31e75a5,6,407,True,11137,11137,112.58113826424596
408,e16814e1-03c3-4baf-80c4-a124f31e75a5,6,408,True,11159,11159,128.4191017198773
409,e16814e1-03c3-4baf-80c4-a124f31e75a5,6,409,True,11196,11196,104.11164954660853
410,e16814e1-03c3-4baf-80c4-a124f31e75a5,6,410,True,11227,11227,135.12977205426614
411,e16814e1-03c3-4baf-80c4-a124f31e75a5,6,411,True,11266,11266,118.08066054905248
412,e16814e1-03c3-4baf-80c4-a124f31e75a5,6,412,True,11300,11300,112.68412388953584
413,e16814e1-03c3-4baf-80c4-a124f31e75a5,6,413,True,11325,11325,114.2383382990447
414,e16814e1-03c3-4baf-80c4-a124f31e75a5,6,414,True,11348,11348,142.2531778879602
415,e16814e1-03c3-4baf-80c4-a124f31e75a5,6,415,True,11373,11373,120.23898065181675
416,e16814e1-03c3-4baf-80c4-a124f31e75a5,6,416,True,11391,11391,153.61911845952636
417,e16814e1-03c3-4baf-80c4-a124f31e75a5,6,417,True,11419,11419,128.264716649197
418,e16814e1-03c3-4baf-80c4-a124f31e75a5,6,418,True,11444,11444,156.80285287948573
419,e16814e1-03c3-4baf-80c4-a124f31e75a5,6,419,True,11479,11479,141.2017414785496
420,e16814e1-03c3-4baf-80c4-a124f31e75a5,6,420,True,11502,11502,152.77752990782756
421,e16814e1-03c3-4baf-80c4-a124f31e75a5,6,421,True,11537,11537,120.03681043412325
422,e16814e1-03c3-4baf-80c4-a124f31e75a5,6,422,True,11572,11572,144.29319399656015
423,e16814e1-03c3-4baf-80c4-a124f31e75a5,6,423,True,11610,11610,132.3699689320365
424,e16814e1-03c3-4baf-80c4-a124f31e75a5,6,424,True,11642,11642,137.30837838106345
425,e16814e1-03c3-4baf-80c4-a124f31e75a5,6,425,True,11669,11669,123.7634591301412
426,e16814e1-03c3-4baf-80c4-a124f31e75a5,6,426,True,11701,11701,106.7878682161936
427,e16814e1-03c3-4baf-80c4-a124f31e75a5,6,427,True,11727,11727,121.68771917404956
428,e16814e1-03c3-4baf-80c4-a124f31e75a5,6,428,True,11750,11750,107.18674032041054
429,e16814e1-03c3-4baf-80c4-a124f31e75a5,6,429,True,11775,11775,122.65216095260985
430,e16814e1-03c3-4baf-80c4-a124f31e75a5,6,430,True,11799,11799,153.34334616625893
431,e16814e1-03c3-4baf-80c4-a124f31e75a5,6,431,True,11814,11814,101.76587865191505
432,e16814e1-03c3-4baf-80c4-a124f31e75a5,6,432,True,11840,11840,136.50998341367267
433,e16814e1-03c3-4baf-80c4-a124f31e75a5,6,433,True,11873,11873,124.64951147316788
434,e16814e1-03c3-4baf-80c4-a124f31e75a5,6,434,True,11899,11899,171.31336026493045
435,e16814e1-03c3-4baf-80c4-a124f31e75a5,6,435,True,11938,11938,155.63236658334245
436,e16814e1-03c3-4baf-80c4-a124f31e75a5,6,436,True,11967,11967,153.9914044299312
437,e16814e1-03c3-4baf-80c4-a124f31e75a5,6,437,True,12006,12006,187.26830418306236
438,e16814e1-03c3-4baf-80c4-a124f31e75a5,6,438,True,12035,12035,132.20174287666123
439,e16814e1-03c3-4baf-80c4-a124f31e75a5,6,439,True,12058,12058,165.03055380662227
440,e16814e1-03c3-4baf-80c4-a124f31e75a5,6,440,True,12081,12081,139.48919348149138
441,e16814e1-03c3-4baf-80c4-a124f31e75a5,6,441,True,12113,12113,137.91077569260415
442,e16814e1-03c3-4baf-80c4-a124f31e75a5,6,442,True,12139,12139,129.89167201503733
443,e16814e1-03c3-4baf-80c4-a124f31e75a5,6,443,True,12170,12170,130.64920646133942
444,e16814e1-03c3-4baf-80c4-a124f31e75a5,6,444,True,12203,12203,226.78716879172862
445,e16814e1-03c3-4baf-80c4-a124f31e75a5,6,445,True,12226,12226,182.65632147851284
446,e16814e1-03c3-4baf-80c4-a124f31e75a5,6,446,True,12255,12255,221.47892254725593
447,e16814e1-03c3-4baf-80c4-a124f31e75a5,6,447,True,12279,12279,197.47892254725593
448,e16814e1-03c3-4baf-80c4-a124f31e75a5,6,448,True,12313,12313,233.50551405666374
449,e16814e1-03c3-4baf-80c4-a124f31e75a5,6,449,True,12343,12343,230.17587410328997
450,e16814e1-03c3-4baf-80c4-a124f31e75a5,6,450,True,12362,12362,184.50551405666374
451,e16814e1-03c3-4baf-80c4-a124f31e75a5,6,451,True,12388,12388,194.51156549161715
452,e16814e1-03c3-4baf-80c4-a124f31e75a5,6,452,True,12419,12419,174.11099846806246
453,e16814e1-03c3-4baf-80c4-a124f31e75a5,6,453,True,12438,12438,204.91361108815727
454,e16814e1-03c3-4baf-80c4-a124f31e75a5,6,454,True,12469,12469,246.21849802324505
455,e16814e1-03c3-4baf-80c4-a124f31e75a5,6,455,True,12503,12503,191.69341183696633
456,e16814e1-03c3-4baf-80c4-a124f31e75a5,6,456,True,12530,12530,162.30563783438265
457,e16814e1-03c3-4baf-80c4-a124f31e75a5,6,457,True,12563,12563,183.94301946034648
458,e16814e1-03c3-4baf-80c4-a124f31e75a5,6,458,True,12594,12594,150.3697535988449
459,e16814e1-03c3-4baf-80c4-a124f31e75a5,6,459,True,12618,12618,149.6441860392697
460,e16814e1-03c3-4baf-80c4-a124f31e75a5,6,460,True,12651,12651,147.55358129321758
461,e16814e1-03c3-4baf-80c4-a124f31e75a5,6,461,True,12682,12682,186.1069984964888
462,e16814e1-03c3-4baf-80c4-a124f31e75a5,6,462,True,12713,12713,189.77989521611744
463,e16814e1-03c3-4baf-80c4-a124f31e75a5,6,463,True,12743,12743,167.36454518384926
464,e16814e1-03c3-4baf-80c4-a124f31e75a5,6,464,True,12765,12765,137.77989521611744
465,e16814e1-03c3-4baf-80c4-a124f31e75a5,6,465,True,12800,12800,134.09884573150157
466,e16814e1-03c3-4baf-80c4-a124f31e75a5,6,466,True,12833,12833,135.368688411927
467,e16814e1-03c3-4baf-80c4-a124f31e75a5,6,467,True,12858,12858,155.20904718954444
468,e16814e1-03c3-4baf-80c4-a124f31e75a5,6,468,True,12880,12880,139.07889424987115
469,e16814e1-03c3-4baf-80c4-a124f31e75a5,6,469,True,12914,12914,149.56903666437756
470,e16814e1-03c3-4baf-80c4-a124f31e75a5,6,470,True,12944,12944,128.15813331721802
471,e16814e1-03c3-4baf-80c4-a124f31e75a5,6,471,True,12974,12974,143.0277806507438
472,e16814e1-03c3-4baf-80c4-a124f31e75a5,6,472,True,13006,13006,138.54654434805343
473,e16814e1-03c3-4baf-80c4-a124f31e75a5,6,473,True,13038,13038,121.02399920605785
474,e16814e1-03c3-4baf-80c4-a124f31e75a5,6,474,True,13080,13080,116.30926535594881
475,e16814e1-03c3-4baf-80c4-a124f31e75a5,6,475,True,13111,13111,108.2023222257103
476,e16814e1-03c3-4baf-80c4-a124f31e75a5,6,476,True,13135,13135,109.34725046398125
477,e16814e1-03c3-4baf-80c4-a124f31e75a5,6,477,True,13153,13153,109.29702207671107
478,e16814e1-03c3-4baf-80c4-a124f31e75a5,6,478,True,13178,13178,154.7823426763989
479,e16814e1-03c3-4baf-80c4-a124f31e75a5,6,479,True,13210,13210,126.15802900566814
480,e16814e1-03c3-4baf-80c4-a124f31e75a5,6,480,True,13242,13242,132.36344067835125
481,e16814e1-03c3-4baf-80c4-a124f31e75a5,6,481,True,13270,13270,156.90867221273402
482,e16814e1-03c3-4baf-80c4-a124f31e75a5,6,482,True,13301,13301,166.6509846352801
483,e16814e1-03c3-4baf-80c4-a124f31e75a5,6,483,True,13328,13328,153.09827490893986
484,e16814e1-03c3-4baf-80c4-a124f31e75a5,6,484,True,13350,13350,143.64363363447774
485,e16814e1-03c3-4baf-80c4-a124f31e75a5,6,485,True,13381,13381,149.94172222023553
486,e16814e1-03c3-4baf-80c4-a124f31e75a5,6,486,True,13400,13400,180.50033079919922
487,e16814e1-03c3-4baf-80c4-a124f31e75a5,6,487,True,13430,13430,126.06197563385831
488,e16814e1-03c3-4baf-80c4-a124f31e75a5,6,488,True,13470,13470,152.82478672131037
489,e16814e1-03c3-4baf-80c4-a124f31e75a5,6,489,True,13497,13497,138.28404537961796
490,e16814e1-03c3-4baf-80c4-a124f31e75a5,6,490,True,13523,13523,160.69910202308165
491,e16814e1-03c3-4baf-80c4-a124f31e75a5,6,491,True,13549,13549,138.92841385256725
492,e16814e1-03c3-4baf-80c4-a124f31e75a5,6,492,True,13585,13585,149.9731063058407
493,e16814e1-03c3-4baf-80c4-a124f31e75a5,6,493,True,13608,13608,129.91024040376215
494,e16814e1-03c3-4baf-80c4-a124f31e75a5,6,494,True,13638,13638,211.24632893808666
495,e16814e1-03c3-4baf-80c4-a124f31e75a5,6,495,True,13672,13672,153.54494136801804
496,e16814e1-03c3-4baf-80c4-a124f31e75a5,6,496,True,13715,13715,136.45584635113664
497,e16814e1-03c3-4baf-80c4-a124f31e75a5,6,497,True,13747,13747,149.8473218954441
498,e16814e1-03c3-4baf-80c4-a124f31e75a5,6,498,True,13768,13768,133.05618094157762
499,e16814e1-03c3-4baf-80c4-a124f31e75a5,6,499,True,13805,13805,146.40434895754333
500,e16814e1-03c3-4baf-80c4-a124f31e75a5,6,500,True,13838,13838,138.21304975400562
501,e16814e1-03c3-4baf-80c4-a124f31e75a5,6,501,True,13858,13858,114.32323048432954
502,e16814e1-03c3-4baf-80c4-a124f31e75a5,6,502,True,13889,13889,140.70294800856573
503,e16814e1-03c3-4baf-80c4-a124f31e75a5,6,503,True,13912,13912,112.93849204338221
504,e16814e1-03c3-4baf-80c4-a124f31e75a5,6,504,True,13929,13929,155.22408111653203
505,e16814e1-03c3-4baf-80c4-a124f31e75a5,6,505,True,13953,13953,125.44238962405689
506,e16814e1-03c3-4baf-80c4-a124f31e75a5,6,506,True,13978,13978,138.48735023927475
507,e16814e1-03c3-4baf-80c4-a124f31e75a5,6,507,True,14004,14004,126.62833798918473
508,e16814e1-03c3-4baf-80c4-a124f31e75a5,6,508,True,14033,14033,137.93167431637448
509,e16814e1-03c3-4baf-80c4-a124f31e75a5,6,509,True,14065,14065,115.51490326351632
510,e16814e1-03c3-4baf-80c4-a124f31e75a5,6,510,True,14092,14092,140.04612455124152
511,e16814e1-03c3-4baf-80c4-a124f31e75a5,6,511,True,14113,14113,136.74143775635275
512,e16814e1-03c3-4baf-80c4-a124f31e75a5,6,512,True,14143,14143,115.042056189699
513,e16814e1-03c3-4baf-80c4-a124f31e75a5,6,513,True,14172,14172,153.8778084393034
514,e16814e1-03c3-4baf-80c4-a124f31e75a5,6,514,True,14197,14197,113.61610800370727
515,e16814e1-03c3-4baf-80c4-a124f31e75a5,6,515,True,14216,14216,127.40347066413779
516,e16814e1-03c3-4baf-80c4-a124f31e75a5,6,516,True,14229,14229,139.27604972276822
517,e16814e1-03c3-4baf-80c4-a124f31e75a5,6,517,True,14255,14255,133.16121512634345
518,e16814e1-03c3-4baf-80c4-a124f31e75a5,6,518,True,14284,14284,153.0433567597138
519,e16814e1-03c3-4baf-80c4-a124f31e75a5,6,519,True,14317,14317,145.15467578021708
520,e16814e1-03c3-4baf-80c4-a124f31e75a5,6,520,True,14339,14339,126.10440888889207
521,e16814e1-03c3-4baf-80c4-a124f31e75a5,6,521,True,14369,14369,205.37685552007497
522,e16814e1-03c3-4baf-80c4-a124f31e75a5,6,522,True,14400,14400,174.37685552007497
523,e16814e1-03c3-4baf-80c4-a124f31e75a5,6,523,True,14425,14425,169.35789420506808
524,e16814e1-03c3-4baf-80c4-a124f31e75a5,6,524,True,14444,14444,152.79895782962558
525,e16814e1-03c3-4baf-80c4-a124f31e75a5,6,525,True,14472,14472,150.06228485570318
526,e16814e1-03c3-4baf-80c4-a124f31e75a5,6,526,True,14499,14499,177.3948061424253
527,e16814e1-03c3-4baf-80c4-a124f31e75a5,6,527,True,14527,14527,182.32262067264855
528,e16814e1-03c3-4baf-80c4-a124f31e75a5,6,528,True,14546,14546,160.5706816694219
529,e16814e1-03c3-4baf-80c4-a124f31e75a5,6,529,True,14569,14569,156.54164591948938
530,e16814e1-03c3-4baf-80c4-a124f31e75a5,6,530,True,14604,14604,146.91207339760695
531,e16814e1-03c3-4baf-80c4-a124f31e75a5,6,531,True,14626,14626,136.75568902511077
532,e16814e1-03c3-4baf-80c4-a124f31e75a5,6,532,True,14656,14656,156.30776528818933
533,e16814e1-03c3-4baf-80c4-a124f31e75a5,6,533,True,14685,14685,129.7348247541413
534,e16814e1-03c3-4baf-80c4-a124f31e75a5,6,534,True,14708,14708,178.96017441537697
535,e16814e1-03c3-4baf-80c4-a124f31e75a5,6,535,True,14726,14726,141.10565617486282
536,e16814e1-03c3-4baf-80c4-a124f31e75a5,6,536,True,14750,14750,154.59778991775238
537,e16814e1-03c3-4baf-80c4-a124f31e75a5,6,537,True,14782,14782,212.10479361925536
538,e16814e1-03c3-4baf-80c4-a124f31e75a5,6,538,True,14807,14807,167.22634042199206
539,e16814e1-03c3-4baf-80c4-a124f31e75a5,6,539,True,14842,14842,182.28964314664154
540,e16814e1-03c3-4baf-80c4-a124f31e75a5,6,540,True,14869,14869,147.91405473799023
541,e16814e1-03c3-4baf-80c4-a124f31e75a5,6,541,True,14897,14897,196.0446762143656
542,e16814e1-03c3-4baf-80c4-a124f31e75a5,6,542,True,14933,14933,133.06491455340074
543,e16814e1-03c3-4baf-80c4-a124f31e75a5,6,543,True,14957,14957,168.0318353284929
544,e16814e1-03c3-4baf-80c4-a124f31e75a5,6,544,True,14993,14993,154.046877809933
545,e16814e1-03c3-4baf-80c4-a124f31e75a5,6,545,True,15023,15023,128.6618526390739
546,e16814e1-03c3-4baf-80c4-a124f31e75a5,6,546,True,15055,15055,142.03166867210348
547,e16814e1-03c3-4baf-80c4-a124f31e75a5,6,547,True,15077,15077,156.85769959115714
548,e16814e1-03c3-4baf-80c4-a124f31e75a5,6,548,True,15121,15121,126.66051590175084
549,e16814e1-03c3-4baf-80c4-a124f31e75a5,6,549,True,15155,15155,145.29758196340845
550,e16814e1-03c3-4baf-80c4-a124f31e75a5,6,550,True,15182,15182,179.81323708707532
551,e16814e1-03c3-4baf-80c4-a124f31e75a5,6,551,True,15207,15207,133.6547219375443
552,e16814e1-03c3-4baf-80c4-a124f31e75a5,6,552,True,15229,15229,163.67119602984712
553,e16814e1-03c3-4baf-80c4-a124f31e75a5,6,553,True,15272,15272,123.53618629953235
554,e16814e1-03c3-4baf-80c4-a124f31e75a5,6,554,True,15302,15302,159.21252987614025
555,e16814e1-03c3-4baf-80c4-a124f31e75a5,6,555,True,15334,15334,116.88474860740644
556,e16814e1-03c3-4baf-80c4-a124f31e75a5,6,556,True,15357,15357,159.8123709699703
557,e16814e1-03c3-4baf-80c4-a124f31e75a5,6,557,True,15379,15379,145.11056411444042
558,e16814e1-03c3-4baf-80c4-a124f31e75a5,6,558,True,15404,15404,149.97235975512376
559,e16814e1-03c3-4baf-80c4-a124f31e75a5,6,559,True,15431,15431,135.51724261642084
560,e16814e1-03c3-4baf-80c4-a124f31e75a5,6,560,True,15461,15461,160.1581862906496
561,e16814e1-03c3-4baf-80c4-a124f31e75a5,6,561,True,15483,15483,141.4956095539219
562,e16814e1-03c3-4baf-80c4-a124f31e75a5,6,562,True,15513,15513,163.22528282966232
563,e16814e1-03c3-4baf-80c4-a124f31e75a5,6,563,True,15542,15542,109.98128607543913
564,e16814e1-03c3-4baf-80c4-a124f31e75a5,6,564,True,15565,15565,140.03394132608446
565,e16814e1-03c3-4baf-80c4-a124f31e75a5,6,565,True,15589,15589,108.1376705250077
566,e16814e1-03c3-4baf-80c4-a124f31e75a5,6,566,True,15617,15617,136.03772329910498
567,e16814e1-03c3-4baf-80c4-a124f31e75a5,6,567,True,15631,15631,150.91677852727662
568,e16814e1-03c3-4baf-80c4-a124f31e75a5,6,568,True,15658,15658,137.29234691693273
569,e16814e1-03c3-4baf-80c4-a124f31e75a5,6,569,True,15683,15683,152.87115392248597
570,e16814e1-03c3-4baf-80c4-a124f31e75a5,6,570,True,15698,15698,147.97537883255245
571,e16814e1-03c3-4baf-80c4-a124f31e75a5,6,571,True,15728,15728,144.48635393528457
572,e16814e1-03c3-4baf-80c4-a124f31e75a5,6,572,True,15755,15755,133.7024736519761
573,e16814e1-03c3-4baf-80c4-a124f31e75a5,6,573,True,15783,15783,150.57028100762363
574,e16814e1-03c3-4baf-80c4-a124f31e75a5,6,574,True,15804,15804,146.36776241652115
575,e16814e1-03c3-4baf-80c4-a124f31e75a5,6,575,True,15829,15829,181.18912152719895
576,e16814e1-03c3-4baf-80c4-a124f31e75a5,6,576,True,15852,15852,158.18912152719895
577,e16814e1-03c3-4baf-80c4-a124f31e75a5,6,577,True,15896,15896,129.17757630321103
578,e16814e1-03c3-4baf-80c4-a124f31e75a5,6,578,True,15926,15926,182.74434824580203
579,e16814e1-03c3-4baf-80c4-a124f31e75a5,6,579,True,15961,15961,145.17691968935833
580,e16814e1-03c3-4baf-80c4-a124f31e75a5,6,580,True,15992,15992,127.20763167254518
581,e16814e1-03c3-4baf-80c4-a124f31e75a5,6,581,True,16031,16031,125.15621360887235
582,e16814e1-03c3-4baf-80c4-a124f31e75a5,6,582,True,16059,16059,155.58703610877092
583,e16814e1-03c3-4baf-80c4-a124f31e75a5,6,583,True,16094,16094,147.63910890429725
584,e16814e1-03c3-4baf-80c4-a124f31e75a5,6,584,True,16125,16125,120.37006626967559
585,e16814e1-03c3-4baf-80c4-a124f31e75a5,6,585,True,16148,16148,169.6216199595874
586,e16814e1-03c3-4baf-80c4-a124f31e75a5,6,586,True,16174,16174,135.9593171622746
587,e16814e1-03c3-4baf-80c4-a124f31e75a5,6,587,True,16194,16194,123.6216199595874
588,e16814e1-03c3-4baf-80c4-a124f31e75a5,6,588,True,16223,16223,147.03428600513507
589,e16814e1-03c3-4baf-80c4-a124f31e75a5,6,589,True,16258,16258,184.20956794805898
590,e16814e1-03c3-4baf-80c4-a124f31e75a5,6,590,True,16283,16283,146.32080667127593
591,e16814e1-03c3-4baf-80c4-a124f31e75a5,6,591,True,16316,16316,165.49940191138376
592,e16814e1-03c3-4baf-80c4-a124f31e75a5,6,592,True,16349,16349,143.8005580871577
593,e16814e1-03c3-4baf-80c4-a124f31e75a5,6,593,True,16382,16382,155.95246863521243
594,e16814e1-03c3-4baf-80c4-a124f31e75a5,6,594,True,16410,16410,121.40603183140047
595,e16814e1-03c3-4baf-80c4-a124f31e75a5,6,595,True,16435,16435,178.1328608875665
596,e16814e1-03c3-4baf-80c4-a124f31e75a5,6,596,True,16461,16461,131.18289917575385
597,e16814e1-03c3-4baf-80c4-a124f31e75a5,6,597,True,16487,16487,132.90110314131016
598,e16814e1-03c3-4baf-80c4-a124f31e75a5,6,598,True,16510,16510,107.64377838232758
599,e16814e1-03c3-4baf-80c4-a124f31e75a5,6,599,True,16533,16533,154.081770128887
600,e16814e1-03c3-4baf-80c4-a124f31e75a5,6,600,True,16562,16562,127.94805977418218
601,e16814e1-03c3-4baf-80c4-a124f31e75a5,6,601,True,16592,16592,189.98464846288334
602,e16814e1-03c3-4baf-80c4-a124f31e75a5,6,602,True,16618,16618,140.40150688994981
603,e16814e1-03c3-4baf-80c4-a124f31e75a5,6,603,True,16646,16646,201.2855524616134
604,e16814e1-03c3-4baf-80c4-a124f31e75a5,6,604,True,16672,16672,155.2787832441427
605,e16814e1-03c3-4baf-80c4-a124f31e75a5,6,605,True,16701,16701,204.92250791866172
606,e16814e1-03c3-4baf-80c4-a124f31e75a5,6,606,True,16730,16730,175.92250791866172
607,e16814e1-03c3-4baf-80c4-a124f31e75a5,6,607,True,16763,16763,209.2084093650301
608,e16814e1-03c3-4baf-80c4-a124f31e75a5,6,608,True,16803,16803,169.2084093650301
609,e16814e1-03c3-4baf-80c4-a124f31e75a5,6,609,True,16825,16825,147.2084093650301
610,e16814e1-03c3-4baf-80c4-a124f31e75a5,6,610,True,16855,16855,121.54491313307517
611,e16814e1-03c3-4baf-80c4-a124f31e75a5,6,611,True,16880,16880,160.97793021622056
612,e16814e1-03c3-4baf-80c4-a124f31e75a5,6,612,True,16907,16907,151.85863875524592
613,e16814e1-03c3-4baf-80c4-a124f31e75a5,6,613,True,16931,16931,167.53327140487818
614,e16814e1-03c3-4baf-80c4-a124f31e75a5,6,614,True,16964,16964,148.66236186802416
615,e16814e1-03c3-4baf-80c4-a124f31e75a5,6,615,True,16989,16989,160.20849947698298
616,e16814e1-03c3-4baf-80c4-a124f31e75a5,6,616,True,17020,17020,154.46837381037403
617,e16814e1-03c3-4baf-80c4-a124f31e75a5,6,617,True,17046,17046,149.92651198338717
618,e16814e1-03c3-4baf-80c4-a124f31e75a5,6,618,True,17068,17068,175.27353887590652
619,e16814e1-03c3-4baf-80c4-a124f31e75a5,6,619,True,17090,17090,157.92861769460433
620,e16814e1-03c3-4baf-80c4-a124f31e75a5,6,620,True,17121,17121,181.38410309184837
621,e16814e1-03c3-4baf-80c4-a124f31e75a5,6,621,True,17150,17150,147.24371329945643
622,e16814e1-03c3-4baf-80c4-a124f31e75a5,6,622,True,17192,17192,157.62134195997714
623,e16814e1-03c3-4baf-80c4-a124f31e75a5,6,623,True,17225,17225,137.89900865251911
624,e16814e1-03c3-4baf-80c4-a124f31e75a5,6,624,True,17265,17265,135.308411793063
625,e16814e1-03c3-4baf-80c4-a124f31e75a5,6,625,True,17288,17288,158.55021813699932
626,e16814e1-03c3-4baf-80c4-a124f31e75a5,6,626,True,17317,17317,129.55021813699932
627,e16814e1-03c3-4baf-80c4-a124f31e75a5,6,627,True,17342,17342,141.49971636995906
628,e16814e1-03c3-4baf-80c4-a124f31e75a5,6,628,True,17374,17374,106.78400712922667
629,e16814e1-03c3-4baf-80c4-a124f31e75a5,6,629,True,17407,17407,144.46672407701772
630,e16814e1-03c3-4baf-80c4-a124f31e75a5,6,630,True,17437,17437,90.77761350844594
631,e16814e1-03c3-4baf-80c4-a124f31e75a5,6,631,True,17467,17467,199.38406414750716
632,e16814e1-03c3-4baf-80c4-a124f31e75a5,6,632,True,17496,17496,152.49770067881764
633,e16814e1-03c3-4baf-80c4-a124f31e75a5,6,633,True,17519,17519,183.40564001667008
634,e16814e1-03c3-4baf-80c4-a124f31e75a5,6,634,True,17548,17548,154.40564001667008
635,e16814e1-03c3-4baf-80c4-a124f31e75a5,6,635,True,17571,17571,185.371519795528
636,e16814e1-03c3-4baf-80c4-a124f31e75a5,6,636,True,17600,17600,165.55088785269254
637,e16814e1-03c3-4baf-80c4-a124f31e75a5,6,637,True,17631,17631,150.56659630404465
638,e16814e1-03c3-4baf-80c4-a124f31e75a5,6,638,True,17658,17658,131.14051374514383
639,e16814e1-03c3-4baf-80c4-a124f31e75a5,6,639,True,17679,17679,177.5467268831526
640,e16814e1-03c3-4baf-80c4-a124f31e75a5,6,640,True,17710,17710,115.79318815367878
641,e16814e1-03c3-4baf-80c4-a124f31e75a5,6,641,True,17734,17734,168.55093526991914
642,e16814e1-03c3-4baf-80c4-a124f31e75a5,6,642,True,17756,17756,148.854427237653
643,e16814e1-03c3-4baf-80c4-a124f31e75a5,6,643,True,17779,17779,135.15635452821516
644,e16814e1-03c3-4baf-80c4-a124f31e75a5,6,644,True,17797,17797,140.97484940223512
645,e16814e1-03c3-4baf-80c4-a124f31e75a5,6,645,True,17815,17815,112.84837438468094
646,e16814e1-03c3-4baf-80c4-a124f31e75a5,6,646,True,17838,17838,154.82015976331968
647,e16814e1-03c3-4baf-80c4-a124f31e75a5,6,647,True,17873,17873,117.1336740163606
648,e16814e1-03c3-4baf-80c4-a124f31e75a5,6,648,True,17901,17901,143.43144739860145
649,e16814e1-03c3-4baf-80c4-a124f31e75a5,6,649,True,17926,17926,113.37258567674871
650,e16814e1-03c3-4baf-80c4-a124f31e75a5,6,650,True,17955,17955,142.83623257515865
651,e16814e1-03c3-4baf-80c4-a124f31e75a5,6,651,True,17982,17982,105.13231436324713
652,e16814e1-03c3-4baf-80c4-a124f31e75a5,6,652,True,18004,18004,132.36028843508757
653,e16814e1-03c3-4baf-80c4-a124f31e75a5,6,653,True,18027,18027,159.3322346510431
654,e16814e1-03c3-4baf-80c4-a124f31e75a5,6,654,True,18046,18046,131.27692654516432
655,e16814e1-03c3-4baf-80c4-a124f31e75a5,6,655,True,18078,18078,146.8740903166581
656,e16814e1-03c3-4baf-80c4-a124f31e75a5,6,656,True,18108,18108,114.34672375223818
657,e16814e1-03c3-4baf-80c4-a124f31e75a5,6,657,True,18145,18145,178.62232160842905
658,e16814e1-03c3-4baf-80c4-a124f31e75a5,6,658,True,18171,18171,179.16776470602053
659,e16814e1-03c3-4baf-80c4-a124f31e75a5,6,659,True,18199,18199,202.36023275159823
660,e16814e1-03c3-4baf-80c4-a124f31e75a5,6,660,True,18227,18227,142.97007391125953
661,e16814e1-03c3-4baf-80c4-a124f31e75a5,6,661,True,18246,18246,181.54005871572735
662,e16814e1-03c3-4baf-80c4-a124f31e75a5,6,662,True,18267,18267,128.21480002664975
663,e16814e1-03c3-4baf-80c4-a124f31e75a5,6,663,True,18299,18299,177.26577453787831
664,e16814e1-03c3-4baf-80c4-a124f31e75a5,6,664,True,18313,18313,134.98894127440872
665,e16814e1-03c3-4baf-80c4-a124f31e75a5,6,665,True,18337,18337,162.74772843781102
666,e16814e1-03c3-4baf-80c4-a124f31e75a5,6,666,True,18366,18366,156.94649027576816
667,e16814e1-03c3-4baf-80c4-a124f31e75a5,6,667,True,18392,18392,162.22366356827115
668,e16814e1-03c3-4baf-80c4-a124f31e75a5,6,668,True,18421,18421,158.75516175976736
669,e16814e1-03c3-4baf-80c4-a124f31e75a5,6,669,True,18458,18458,173.77494934531933
670,e16814e1-03c3-4baf-80c4-a124f31e75a5,6,670,True,18484,18484,114.836739397786
671,e16814e1-03c3-4baf-80c4-a124f31e75a5,6,671,True,18517,18517,140.21620435467048
672,e16814e1-03c3-4baf-80c4-a124f31e75a5,6,672,True,18536,18536,170.4564841190113
673,e16814e1-03c3-4baf-80c4-a124f31e75a5,6,673,True,18558,18558,123.95093013465521
674,e16814e1-03c3-4baf-80c4-a124f31e75a5,6,674,True,18588,18588,115.580931707329
675,e16814e1-03c3-4baf-80c4-a124f31e75a5,6,675,True,18609,18609,123.98961565721402
676,e16814e1-03c3-4baf-80c4-a124f31e75a5,6,676,True,18646,18646,164.8933522531952
677,e16814e1-03c3-4baf-80c4-a124f31e75a5,6,677,True,18675,18675,161.88443702913355
678,e16814e1-03c3-4baf-80c4-a124f31e75a5,6,678,True,18697,18697,163.65960737465502
679,e16814e1-03c3-4baf-80c4-a124f31e75a5,6,679,True,18723,18723,169.175420460022
680,e16814e1-03c3-4baf-80c4-a124f31e75a5,6,680,True,18749,18749,160.72228935490784
681,e16814e1-03c3-4baf-80c4-a124f31e75a5,6,681,True,18791,18791,150.17257897994205
682,e16814e1-03c3-4baf-80c4-a124f31e75a5,6,682,True,18816,18816,198.2998480871138
683,e16814e1-03c3-4baf-80c4-a124f31e75a5,6,683,True,18843,18843,171.2998480871138
684,e16814e1-03c3-4baf-80c4-a124f31e75a5,6,684,True,18873,18873,137.88488156203675
685,e16814e1-03c3-4baf-80c4-a124f31e75a5,6,685,True,18903,18903,132.02716006838818
686,e16814e1-03c3-4baf-80c4-a124f31e75a5,6,686,True,18924,18924,138.6905573177246
687,e16814e1-03c3-4baf-80c4-a124f31e75a5,6,687,True,18956,18956,154.1057094714124
688,e16814e1-03c3-4baf-80c4-a124f31e75a5,6,688,True,18973,18973,207.4510987183603
689,e16814e1-03c3-4baf-80c4-a124f31e75a5,6,689,True,18994,18994,191.12069055688698
690,e16814e1-03c3-4baf-80c4-a124f31e75a5,6,690,True,19019,19019,163.7838381597212
691,e16814e1-03c3-4baf-80c4-a124f31e75a5,6,691,True,19050,19050,202.36661906339214
692,e16814e1-03c3-4baf-80c4-a124f31e75a5,6,692,True,19083,19083,153.2021718051583
693,e16814e1-03c3-4baf-80c4-a124f31e75a5,6,693,True,19108,19108,203.25385614694096
694,e16814e1-03c3-4baf-80c4-a124f31e75a5,6,694,True,19136,19136,150.58571271135952
695,e16814e1-03c3-4baf-80c4-a124f31e75a5,6,695,True,19157,19157,182.28558877499017
696,e16814e1-03c3-4baf-80c4-a124f31e75a5,6,696,True,19184,19184,153.08644638856276
697,e16814e1-03c3-4baf-80c4-a124f31e75a5,6,697,True,19210,19210,151.83319814230708
698,e16814e1-03c3-4baf-80c4-a124f31e75a5,6,698,True,19242,19242,165.93959949893906
699,e16814e1-03c3-4baf-80c4-a124f31e75a5,6,699,True,19268,19268,163.07449346698922
700,e16814e1-03c3-4baf-80c4-a124f31e75a5,6,700,True,19300,19300,159.53138767520068
701,e16814e1-03c3-4baf-80c4-a124f31e75a5,6,701,True,19328,19328,135.44044881615264
702,e16814e1-03c3-4baf-80c4-a124f31e75a5,6,702,True,19369,19369,145.40841088467278
703,e16814e1-03c3-4baf-80c4-a124f31e75a5,6,703,True,19389,19389,144.4027458915698
704,e16814e1-03c3-4baf-80c4-a124f31e75a5,6,704,True,19416,19416,122.913785930421
705,e16814e1-03c3-4baf-80c4-a124f31e75a5,6,705,True,19436,19436,154.18533641154863
706,e16814e1-03c3-4baf-80c4-a124f31e75a5,6,706,True,19457,19457,130.66802473984353
707,e16814e1-03c3-4baf-80c4-a124f31e75a5,6,707,True,19489,19489,126.76562192076744
708,e16814e1-03c3-4baf-80c4-a124f31e75a5,6,708,True,19515,19515,116.68587258574917
709,e16814e1-03c3-4baf-80c4-a124f31e75a5,6,709,True,19542,19542,155.202247334375
710,e16814e1-03c3-4baf-80c4-a124f31e75a5,6,710,True,19575,19575,135.1824570275894
711,e16814e1-03c3-4baf-80c4-a124f31e75a5,6,711,True,19606,19606,160.8609883716199
712,e16814e1-03c3-4baf-80c4-a124f31e75a5,6,712,True,19630,19630,112.49326089902752
713,e16814e1-03c3-4baf-80c4-a124f31e75a5,6,713,True,19657,19657,138.1932341363463
714,e16814e1-03c3-4baf-80c4-a124f31e75a5,6,714,True,19687,19687,197.77563474626731
715,e16814e1-03c3-4baf-80c4-a124f31e75a5,6,715,True,19717,19717,174.22184247550467
716,e16814e1-03c3-4baf-80c4-a124f31e75a5,6,716,True,19735,19735,134.97749477827165
717,e16814e1-03c3-4baf-80c4-a124f31e75a5,6,717,True,19756,19756,135.22184247550467
718,e16814e1-03c3-4baf-80c4-a124f31e75a5,6,718,True,19784,19784,164.94372737194135
719,e16814e1-03c3-4baf-80c4-a124f31e75a5,6,719,True,19799,19799,175.38692459418598
720,e16814e1-03c3-4baf-80c4-a124f31e75a5,6,720,True,19830,19830,186.34575591540488
721,e16814e1-03c3-4baf-80c4-a124f31e75a5,6,721,True,19848,19848,191.8019674559764
722,e16814e1-03c3-4baf-80c4-a124f31e75a5,6,722,True,19888,19888,158.3863104343909
723,e16814e1-03c3-4baf-80c4-a124f31e75a5,6,723,True,19913,19913,157.61116539918658
724,e16814e1-03c3-4baf-80c4-a124f31e75a5,6,724,True,19938,19938,185.73232775567521
725,e16814e1-03c3-4baf-80c4-a124f31e75a5,6,725,True,19968,19968,153.29799353929047
726,e16814e1-03c3-4baf-80c4-a124f31e75a5,6,726,True,19990,19990,234.8325221107516
727,e16814e1-03c3-4baf-80c4-a124f31e75a5,6,727,True,20020,20020,169.37519824085757
728,e16814e1-03c3-4baf-80c4-a124f31e75a5,6,728,True,20044,20044,248.28570719474374
729,e16814e1-03c3-4baf-80c4-a124f31e75a5,6,729,True,20068,20068,224.28570719474374
730,e16814e1-03c3-4baf-80c4-a124f31e75a5,6,730,True,20098,20098,290.2213928136771
731,e16814e1-03c3-4baf-80c4-a124f31e75a5,6,731,True,20121,20121,267.2213928136771
732,e16814e1-03c3-4baf-80c4-a124f31e75a5,6,732,True,20151,20151,237.22139281367708
733,e16814e1-03c3-4baf-80c4-a124f31e75a5,6,733,True,20181,20181,203.08426315699762
734,e16814e1-03c3-4baf-80c4-a124f31e75a5,6,734,True,20214,20214,242.56255554794552
735,e16814e1-03c3-4baf-80c4-a124f31e75a5,6,735,True,20243,20243,216.402769792061
736,e16814e1-03c3-4baf-80c4-a124f31e75a5,6,736,True,20276,20276,180.56255554794552
737,e16814e1-03c3-4baf-80c4-a124f31e75a5,6,737,True,20297,20297,162.402769792061
738,e16814e1-03c3-4baf-80c4-a124f31e75a5,6,738,True,20334,20334,173.13461250122418
739,e16814e1-03c3-4baf-80c4-a124f31e75a5,6,739,True,20360,20360,216.54164951173516
740,e16814e1-03c3-4baf-80c4-a124f31e75a5,6,740,True,20387,20387,193.80717743981222
741,e16814e1-03c3-4baf-80c4-a124f31e75a5,6,741,True,20426,20426,156.84100244053843
742,e16814e1-03c3-4baf-80c4-a124f31e75a5,6,742,True,20446,20446,184.1621611213668
743,e16814e1-03c3-4baf-80c4-a124f31e75a5,6,743,True,20481,20481,152.32833039349498
744,e16814e1-03c3-4baf-80c4-a124f31e75a5,6,744,True,20505,20505,173.69278833689896
745,e16814e1-03c3-4baf-80c4-a124f31e75a5,6,745,True,20539,20539,143.9151980661154
746,e16814e1-03c3-4baf-80c4-a124f31e75a5,6,746,True,20576,20576,150.32311469503475
747,e16814e1-03c3-4baf-80c4-a124f31e75a5,6,747,True,20608,20608,181.4409178306778
748,e16814e1-03c3-4baf-80c4-a124f31e75a5,6,748,True,20642,20642,147.4409178306778
749,e16814e1-03c3-4baf-80c4-a124f31e75a5,6,749,True,20674,20674,171.1370192688737
750,e16814e1-03c3-4baf-80c4-a124f31e75a5,6,750,True,20696,20696,142.80053722702723
751,e16814e1-03c3-4baf-80c4-a124f31e75a5,6,751,True,20711,20711,134.1370192688737
752,e16814e1-03c3-4baf-80c4-a124f31e75a5,6,752,True,20732,20732,132.50688923730922
753,e16814e1-03c3-4baf-80c4-a124f31e75a5,6,753,True,20765,20765,142.61375259783745
754,e16814e1-03c3-4baf-80c4-a124f31e75a5,6,754,True,20793,20793,125.23030071540052
755,e16814e1-03c3-4baf-80c4-a124f31e75a5,6,755,True,20825,20825,90.5577716936059
756,e16814e1-03c3-4baf-80c4-a124f31e75a5,6,756,True,20854,20854,139.7881712724993
757,e16814e1-03c3-4baf-80c4-a124f31e75a5,6,757,True,20878,20878,113.3219583043392
758,e16814e1-03c3-4baf-80c4-a124f31e75a5,6,758,True,20908,20908,134.99348134062166
759,e16814e1-03c3-4baf-80c4-a124f31e75a5,6,759,True,20930,20930,110.31557499656628
760,e16814e1-03c3-4baf-80c4-a124f31e75a5,6,760,True,20950,20950,144.19971364058802
761,e16814e1-03c3-4baf-80c4-a124f31e75a5,6,761,True,20983,20983,136.3537647751764
762,e16814e1-03c3-4baf-80c4-a124f31e75a5,6,762,True,21012,21012,132.75427368510645
763,e16814e1-03c3-4baf-80c4-a124f31e75a5,6,763,True,21042,21042,105.26424217820022
764,e16814e1-03c3-4baf-80c4-a124f31e75a5,6,764,True,21067,21067,127.66230127234303
765,e16814e1-03c3-4baf-80c4-a124f31e75a5,6,765,True,21096,21096,106.99071813447517
766,e16814e1-03c3-4baf-80c4-a124f31e75a5,6,766,True,21128,21128,164.6844983784249
767,e16814e1-03c3-4baf-80c4-a124f31e75a5,6,767,True,21160,21160,132.6844983784249
768,e16814e1-03c3-4baf-80c4-a124f31e75a5,6,768,True,21201,21201,136.49434879648834
769,e16814e1-03c3-4baf-80c4-a124f31e75a5,6,769,True,21226,21226,142.031683012352
770,e16814e1-03c3-4baf-80c4-a124f31e75a5,6,770,True,21251,21251,138.5802904045231
771,e16814e1-03c3-4baf-80c4-a124f31e75a5,6,771,True,21278,21278,121.22454314048082
772,e16814e1-03c3-4baf-80c4-a124f31e75a5,6,772,True,21313,21313,132.40188771176327
773,e16814e1-03c3-4baf-80c4-a124f31e75a5,6,773,True,21339,21339,110.59779790488756
774,e16814e1-03c3-4baf-80c4-a124f31e75a5,6,774,True,21370,21370,101.93968358614438
775,e16814e1-03c3-4baf-80c4-a124f31e75a5,6,775,True,21400,21400,140.43793125305092
776,e16814e1-03c3-4baf-80c4-a124f31e75a5,6,776,True,21433,21433,153.9667252653744
777,e16814e1-03c3-4baf-80c4-a124f31e75a5,6,777,True,21462,21462,124.96672526537441
778,e16814e1-03c3-4baf-80c4-a124f31e75a5,6,778,True,21492,21492,121.11847446595857
779,e16814e1-03c3-4baf-80c4-a124f31e75a5,6,779,True,21521,21521,133.6835377572097
780,e16814e1-03c3-4baf-80c4-a124f31e75a5,6,780,True,21550,21550,111.72872577070666
781,e16814e1-03c3-4baf-80c4-a124f31e75a5,6,781,True,21581,21581,97.84184594820908
782,e16814e1-03c3-4baf-80c4-a124f31e75a5,6,782,True,21605,21605,108.57954418914233
783,e16814e1-03c3-4baf-80c4-a124f31e75a5,6,783,True,21633,21633,94.2668895600873
784,e16814e1-03c3-4baf-80c4-a124f31e75a5,6,784,True,21650,21650,125.27140234199396
785,e16814e1-03c3-4baf-80c4-a124f31e75a5,6,785,True,21683,21683,121.18967797749065
786,e16814e1-03c3-4baf-80c4-a124f31e75a5,6,786,True,21716,21716,118.75781811918569
787,e16814e1-03c3-4baf-80c4-a124f31e75a5,6,787,True,21743,21743,110.4977692577122
788,e16814e1-03c3-4baf-80c4-a124f31e75a5,6,788,True,21768,21768,134.99797814242265
789,e16814e1-03c3-4baf-80c4-a124f31e75a5,6,789,True,21787,21787,145.7156395861748
790,e16814e1-03c3-4baf-80c4-a124f31e75a5,6,790,True,21816,21816,131.11258383549284
791,e16814e1-03c3-4baf-80c4-a124f31e75a5,6,791,True,21846,21846,157.09611817937548
792,e16814e1-03c3-4baf-80c4-a124f31e75a5,6,792,True,21876,21876,132.03928649027148
793,e16814e1-03c3-4baf-80c4-a124f31e75a5,6,793,True,21896,21896,157.88583588752954
794,e16814e1-03c3-4baf-80c4-a124f31e75a5,6,794,True,21930,21930,130.7741771226174
795,e16814e1-03c3-4baf-80c4-a124f31e75a5,6,795,True,21959,21959,171.50702063004428
796,e16814e1-03c3-4baf-80c4-a124f31e75a5,6,796,True,21981,21981,155.4675973136509
797,e16814e1-03c3-4baf-80c4-a124f31e75a5,6,797,True,22006,22006,110.71340406112722
798,e16814e1-03c3-4baf-80c4-a124f31e75a5,6,798,True,22030,22030,138.66440542028067
799,e16814e1-03c3-4baf-80c4-a124f31e75a5,6,799,True,22054,22054,129.83080348846852
800,e16814e1-03c3-4baf-80c4-a124f31e75a5,6,800,True,22076,22076,151.93902207850988
801,e16814e1-03c3-4baf-80c4-a124f31e75a5,6,801,True,22103,22103,138.27016862134042
802,e16814e1-03c3-4baf-80c4-a124f31e75a5,6,802,True,22124,22124,145.83069811519817
803,e16814e1-03c3-4baf-80c4-a124f31e75a5,6,803,True,22155,22155,140.15236286639265
804,e16814e1-03c3-4baf-80c4-a124f31e75a5,6,804,True,22182,22182,181.23992321033802
805,e16814e1-03c3-4baf-80c4-a124f31e75a5,6,805,True,22214,22214,171.14140569607116
806,e16814e1-03c3-4baf-80c4-a124f31e75a5,6,806,True,22243,22243,194.09543277661942
807,e16814e1-03c3-4baf-80c4-a124f31e75a5,6,807,True,22275,22275,159.47427187099674
808,e16814e1-03c3-4baf-80c4-a124f31e75a5,6,808,True,22315,22315,204.68900934663907
809,e16814e1-03c3-4baf-80c4-a124f31e75a5,6,809,True,22332,22332,185.52081012231793
810,e16814e1-03c3-4baf-80c4-a124f31e75a5,6,810,True,22356,22356,157.45549269731055
811,e16814e1-03c3-4baf-80c4-a124f31e75a5,6,811,True,22392,22392,179.66960479457703
812,e16814e1-03c3-4baf-80c4-a124f31e75a5,6,812,True,22416,22416,153.08199053022327
813,e16814e1-03c3-4baf-80c4-a124f31e75a5,6,813,True,22443,22443,186.12064887286033
814,e16814e1-03c3-4baf-80c4-a124f31e75a5,6,814,True,22461,22461,220.02284264043192
815,e16814e1-03c3-4baf-80c4-a124f31e75a5,6,815,True,22474,22474,213.65702780509673
816,e16814e1-03c3-4baf-80c4-a124f31e75a5,6,816,True,22510,22510,174.66949148568892
817,e16814e1-03c3-4baf-80c4-a124f31e75a5,6,817,True,22538,22538,198.8315899791778
818,e16814e1-03c3-4baf-80c4-a124f31e75a5,6,818,True,22563,22563,173.8315899791778
819,e16814e1-03c3-4baf-80c4-a124f31e75a5,6,819,True,22601,22601,191.00460362217927
820,e16814e1-03c3-4baf-80c4-a124f31e75a5,6,820,True,22627,22627,256.4370106988681
821,e16814e1-03c3-4baf-80c4-a124f31e75a5,6,821,True,22651,22651,203.8634790365868
822,e16814e1-03c3-4baf-80c4-a124f31e75a5,6,822,True,22674,22674,204.08015348818662
823,e16814e1-03c3-4baf-80c4-a124f31e75a5,6,823,True,22703,22703,300.4551922856954
824,e16814e1-03c3-4baf-80c4-a124f31e75a5,6,824,True,22723,22723,205.1816647637388
825,e16814e1-03c3-4baf-80c4-a124f31e75a5,6,825,True,22746,22746,257.4551922856954
826,e16814e1-03c3-4baf-80c4-a124f31e75a5,6,826,True,22780,22780,214.61962561567998
827,e16814e1-03c3-4baf-80c4-a124f31e75a5,6,827,True,22808,22808,200.2317411939839
828,e16814e1-03c3-4baf-80c4-a124f31e75a5,6,828,True,22842,22842,199.73327432341466
829,e16814e1-03c3-4baf-80c4-a124f31e75a5,6,829,True,22860,22860,199.25119979357623
830,e16814e1-03c3-4baf-80c4-a124f31e75a5,6,830,True,22888,22888,180.04252181261108
831,e16814e1-03c3-4baf-80c4-a124f31e75a5,6,831,True,22915,22915,205.44182909488882
832,e16814e1-03c3-4baf-80c4-a124f31e75a5,6,832,True,22949,22949,163.68288665543878
833,e16814e1-03c3-4baf-80c4-a124f31e75a5,6,833,True,22976,22976,230.7373488054509
834,e16814e1-03c3-4baf-80c4-a124f31e75a5,6,834,True,23006,23006,203.0547820608408
835,e16814e1-03c3-4baf-80c4-a124f31e75a5,6,835,True,23023,23023,166.7371775319225
836,e16814e1-03c3-4baf-80c4-a124f31e75a5,6,836,True,23056,23056,206.52755530374634
837,e16814e1-03c3-4baf-80c4-a124f31e75a5,6,837,True,23079,23079,160.92099839066213
838,e16814e1-03c3-4baf-80c4-a124f31e75a5,6,838,True,23101,23101,161.52755530374634
839,e16814e1-03c3-4baf-80c4-a124f31e75a5,6,839,True,23133,23133,173.50580528096907
840,e16814e1-03c3-4baf-80c4-a124f31e75a5,6,840,True,23156,23156,153.35790845954762
841,e16814e1-03c3-4baf-80c4-a124f31e75a5,6,841,True,23179,23179,183.946363053019
842,e16814e1-03c3-4baf-80c4-a124f31e75a5,6,842,True,23206,23206,130.69635554108027
843,e16814e1-03c3-4baf-80c4-a124f31e75a5,6,843,True,23234,23234,152.5382505684065
844,e16814e1-03c3-4baf-80c4-a124f31e75a5,6,844,True,23254,23254,152.08071328755614
845,e16814e1-03c3-4baf-80c4-a124f31e75a5,6,845,True,23287,23287,204.11836844227582
846,e16814e1-03c3-4baf-80c4-a124f31e75a5,6,846,True,23310,23310,184.24516244736515
847,e16814e1-03c3-4baf-80c4-a124f31e75a5,6,847,True,23334,23334,160.24516244736515
848,e16814e1-03c3-4baf-80c4-a124f31e75a5,6,848,True,23363,23363,190.41355878723334
849,e16814e1-03c3-4baf-80c4-a124f31e75a5,6,849,True,23396,23396,180.78294193831607
850,e16814e1-03c3-4baf-80c4-a124f31e75a5,6,850,True,23433,23433,177.93729824330512
851,e16814e1-03c3-4baf-80c4-a124f31e75a5,6,851,True,23455,23455,209.9062817950362
852,e16814e1-03c3-4baf-80c4-a124f31e75a5,6,852,True,23488,23488,191.19249705464244
853,e16814e1-03c3-4baf-80c4-a124f31e75a5,6,853,True,23509,23509,208.8901882803766
854,e16814e1-03c3-4baf-80c4-a124f31e75a5,6,854,True,23539,23539,156.76880313695438
855,e16814e1-03c3-4baf-80c4-a124f31e75a5,6,855,True,23566,23566,204.04373080003643
856,e16814e1-03c3-4baf-80c4-a124f31e75a5,6,856,True,23599,23599,156.8457054219798
857,e16814e1-03c3-4baf-80c4-a124f31e75a5,6,857,True,23629,23629,168.05167486218852
858,e16814e1-03c3-4baf-80c4-a124f31e75a5,6,858,True,23664,23664,230.27099189615183
859,e16814e1-03c3-4baf-80c4-a124f31e75a5,6,859,True,23686,23686,210.42499225659412
860,e16814e1-03c3-4baf-80c4-a124f31e75a5,6,860,True,23715,23715,246.504985873049
861,e16814e1-03c3-4baf-80c4-a124f31e75a5,6,861,True,23734,23734,179.21196983136906
862,e16814e1-03c3-4baf-80c4-a124f31e75a5,6,862,True,23767,23767,269.2392163262848
863,e16814e1-03c3-4baf-80c4-a124f31e75a5,6,863,True,23798,23798,217.78228597842826
864,e16814e1-03c3-4baf-80c4-a124f31e75a5,6,864,True,23825,23825,188.07353137085374
865,e16814e1-03c3-4baf-80c4-a124f31e75a5,6,865,True,23852,23852,206.35792157540345
866,e16814e1-03c3-4baf-80c4-a124f31e75a5,6,866,True,23880,23880,183.6164347062513
867,e16814e1-03c3-4baf-80c4-a124f31e75a5,6,867,True,23905,23905,205.34580322076363
868,e16814e1-03c3-4baf-80c4-a124f31e75a5,6,868,True,23936,23936,176.54889061407812
869,e16814e1-03c3-4baf-80c4-a124f31e75a5,6,869,True,23956,23956,222.2689506069837
870,e16814e1-03c3-4baf-80c4-a124f31e75a5,6,870,True,23977,23977,180.276634773978
871,e16814e1-03c3-4baf-80c4-a124f31e75a5,6,871,True,24004,24004,134.01765866165078
872,e16814e1-03c3-4baf-80c4-a124f31e75a5,6,872,True,24034,24034,144.2689506069837
873,e16814e1-03c3-4baf-80c4-a124f31e75a5,6,873,True,24059,24059,154.8560959294009
874,e16814e1-03c3-4baf-80c4-a124f31e75a5,6,874,True,24089,24089,140.00262613366795
875,e16814e1-03c3-4baf-80c4-a124f31e75a5,6,875,True,24120,24120,142.2163922441141
876,e16814e1-03c3-4baf-80c4-a124f31e75a5,6,876,True,24151,24151,137.09902838116977
877,e16814e1-03c3-4baf-80c4-a124f31e75a5,6,877,True,24173,24173,121.92400976885983
878,e16814e1-03c3-4baf-80c4-a124f31e75a5,6,878,True,24196,24196,150.10547911332833
879,e16814e1-03c3-4baf-80c4-a124f31e75a5,6,879,True,24220,24220,118.48336730989104
880,e16814e1-03c3-4baf-80c4-a124f31e75a5,6,880,True,24251,24251,148.67948334420726
881,e16814e1-03c3-4baf-80c4-a124f31e75a5,6,881,True,24276,24276,135.29970536879046
882,e16814e1-03c3-4baf-80c4-a124f31e75a5,6,882,True,24309,24309,116.40559901551023
883,e16814e1-03c3-4baf-80c4-a124f31e75a5,6,883,True,24333,24333,119.25823102130744
884,e16814e1-03c3-4baf-80c4-a124f31e75a5,6,884,True,24363,24363,122.56764248197578
885,e16814e1-03c3-4baf-80c4-a124f31e75a5,6,885,True,24383,24383,112.66815074887563
886,e16814e1-03c3-4baf-80c4-a124f31e75a5,6,886,True,24410,24410,100.72654570756276
887,e16814e1-03c3-4baf-80c4-a124f31e75a5,6,887,True,24438,24438,99.9883400947474
888,e16814e1-03c3-4baf-80c4-a124f31e75a5,6,888,True,24464,24464,130.76847035311584
889,e16814e1-03c3-4baf-80c4-a124f31e75a5,6,889,True,24488,24488,109.56666797719663
890,e16814e1-03c3-4baf-80c4-a124f31e75a5,6,890,True,24520,24520,142.45038927625865
891,e16814e1-03c3-4baf-80c4-a124f31e75a5,6,891,True,24551,24551,113.86582608329263
892,e16814e1-03c3-4baf-80c4-a124f31e75a5,6,892,True,24585,24585,118.70412162260618
893,e16814e1-03c3-4baf-80c4-a124f31e75a5,6,893,True,24620,24620,97.27351346856813
894,e16814e1-03c3-4baf-80c4-a124f31e75a5,6,894,True,24651,24651,127.43231040341925
895,e16814e1-03c3-4baf-80c4-a124f31e75a5,6,895,True,24670,24670,149.61601185302789
896,e16814e1-03c3-4baf-80c4-a124f31e75a5,6,896,True,24694,24694,157.54194351733167
897,e16814e1-03c3-4baf-80c4-a124f31e75a5,6,897,True,24718,24718,189.0008758034637
898,e16814e1-03c3-4baf-80c4-a124f31e75a5,6,898,True,24750,24750,121.95065661575063
899,e16814e1-03c3-4baf-80c4-a124f31e75a5,6,899,True,24780,24780,121.5641842931218
900,e16814e1-03c3-4baf-80c4-a124f31e75a5,6,900,True,24815,24815,111.68846798868617
901,e16814e1-03c3-4baf-80c4-a124f31e75a5,6,901,True,24834,24834,123.65302332764622
902,e16814e1-03c3-4baf-80c4-a124f31e75a5,6,902,True,24867,24867,115.01872580018244
903,e16814e1-03c3-4baf-80c4-a124f31e75a5,6,903,True,24901,24901,129.2588983840942
904,e16814e1-03c3-4baf-80c4-a124f31e75a5,6,904,True,24930,24930,134.32260847695215
905,e16814e1-03c3-4baf-80c4-a124f31e75a5,6,905,True,24960,24960,101.7714986907813
906,e16814e1-03c3-4baf-80c4-a124f31e75a5,6,906,True,24995,24995,111.46996881271843
907,e16814e1-03c3-4baf-80c4-a124f31e75a5,6,907,True,25023,25023,127.60409966356019
908,e16814e1-03c3-4baf-80c4-a124f31e75a5,6,908,True,25048,25048,115.38315763940409
909,e16814e1-03c3-4baf-80c4-a124f31e75a5,6,909,True,25080,25080,97.63368513131718
910,e16814e1-03c3-4baf-80c4-a124f31e75a5,6,910,True,25115,25115,102.34187076467788
911,e16814e1-03c3-4baf-80c4-a124f31e75a5,6,911,True,25144,25144,125.09405182968112
912,e16814e1-03c3-4baf-80c4-a124f31e75a5,6,912,True,25173,25173,99.83325707861877
913,e16814e1-03c3-4baf-80c4-a124f31e75a5,6,913,True,25196,25196,129.69158830093875
914,e16814e1-03c3-4baf-80c4-a124f31e75a5,6,914,True,25216,25216,137.26753961701615
915,e16814e1-03c3-4baf-80c4-a124f31e75a5,6,915,True,25244,25244,111.7034349467358
916,e16814e1-03c3-4baf-80c4-a124f31e75a5,6,916,True,25284,25284,137.97600473598504
917,e16814e1-03c3-4baf-80c4-a124f31e75a5,6,917,True,25316,25316,136.01051532753263
918,e16814e1-03c3-4baf-80c4-a124f31e75a5,6,918,True,25346,25346,108.42341151213259
919,e16814e1-03c3-4baf-80c4-a124f31e75a5,6,919,True,25370,25370,105.63502268213415
920,e16814e1-03c3-4baf-80c4-a124f31e75a5,6,920,True,25397,25397,123.72639849769257
921,e16814e1-03c3-4baf-80c4-a124f31e75a5,6,921,True,25418,25418,109.25710083578088
922,e16814e1-03c3-4baf-80c4-a124f31e75a5,6,922,True,25462,25462,91.57932161190183
923,e16814e1-03c3-4baf-80c4-a124f31e75a5,6,923,True,25489,25489,117.01860551718346
924,e16814e1-03c3-4baf-80c4-a124f31e75a5,6,924,True,25518,25518,163.60518541679266
925,e16814e1-03c3-4baf-80c4-a124f31e75a5,6,925,True,25541,25541,117.73441910622205
926,e16814e1-03c3-4baf-80c4-a124f31e75a5,6,926,True,25564,25564,127.68687065557242
927,e16814e1-03c3-4baf-80c4-a124f31e75a5,6,927,True,25584,25584,145.7346016387055
928,e16814e1-03c3-4baf-80c4-a124f31e75a5,6,928,True,25617,25617,155.77369081411962
929,e16814e1-03c3-4baf-80c4-a124f31e75a5,6,929,True,25645,25645,139.33783766112538
930,e16814e1-03c3-4baf-80c4-a124f31e75a5,6,930,True,25683,25683,141.02642990161985
931,e16814e1-03c3-4baf-80c4-a124f31e75a5,6,931,True,25702,25702,131.59604021749328
932,e16814e1-03c3-4baf-80c4-a124f31e75a5,6,932,True,25722,25722,212.9672405967176
933,e16814e1-03c3-4baf-80c4-a124f31e75a5,6,933,True,25750,25750,184.9672405967176
934,e16814e1-03c3-4baf-80c4-a124f31e75a5,6,934,True,25778,25778,213.72211674709615
935,e16814e1-03c3-4baf-80c4-a124f31e75a5,6,935,True,25802,25802,182.37845625276896
936,e16814e1-03c3-4baf-80c4-a124f31e75a5,6,936,True,25828,25828,166.49006964680302
937,e16814e1-03c3-4baf-80c4-a124f31e75a5,6,937,True,25864,25864,202.5437682984666
938,e16814e1-03c3-4baf-80c4-a124f31e75a5,6,938,True,25893,25893,187.03025316002459
939,e16814e1-03c3-4baf-80c4-a124f31e75a5,6,939,True,25926,25926,201.37605007259845
940,e16814e1-03c3-4baf-80c4-a124f31e75a5,6,940,True,25956,25956,160.28999206996014
941,e16814e1-03c3-4baf-80c4-a124f31e75a5,6,941,True,25980,25980,176.6911601034226
942,e16814e1-03c3-4baf-80c4-a124f31e75a5,6,942,True,26009,26009,160.0617580607468
943,e16814e1-03c3-4baf-80c4-a124f31e75a5,6,943,True,26029,26029,198.51484843286016
944,e16814e1-03c3-4baf-80c4-a124f31e75a5,6,944,True,26056,26056,174.0717109495381
945,e16814e1-03c3-4baf-80c4-a124f31e75a5,6,945,True,26076,26076,149.0929742085973
946,e16814e1-03c3-4baf-80c4-a124f31e75a5,6,946,True,26108,26108,198.5306263883358
947,e16814e1-03c3-4baf-80c4-a124f31e75a5,6,947,True,26127,26127,173.0124647779885
948,e16814e1-03c3-4baf-80c4-a124f31e75a5,6,948,True,26165,26165,152.35292659946936
949,e16814e1-03c3-4baf-80c4-a124f31e75a5,6,949,True,26196,26196,177.58682978630168
950,e16814e1-03c3-4baf-80c4-a124f31e75a5,6,950,True,26225,26225,201.60672432804495
951,e16814e1-03c3-4baf-80c4-a124f31e75a5,6,951,True,26254,26254,164.25104690366788
952,e16814e1-03c3-4baf-80c4-a124f31e75a5,6,952,True,26285,26285,137.71981487395533
953,e16814e1-03c3-4baf-80c4-a124f31e75a5,6,953,True,26321,26321,150.22407612746247
954,e16814e1-03c3-4baf-80c4-a124f31e75a5,6,954,True,26349,26349,217.32965014720685
955,e16814e1-03c3-4baf-80c4-a124f31e75a5,6,955,True,26373,26373,195.93931655753477
956,e16814e1-03c3-4baf-80c4-a124f31e75a5,6,956,True,26402,26402,213.09038669681468
957,e16814e1-03c3-4baf-80c4-a124f31e75a5,6,957,True,26423,26423,199.21276685245903
958,e16814e1-03c3-4baf-80c4-a124f31e75a5,6,958,True,26448,26448,218.13744761517955
959,e16814e1-03c3-4baf-80c4-a124f31e75a5,6,959,True,26478,26478,167.8831137544039
960,e16814e1-03c3-4baf-80c4-a124f31e75a5,6,960,True,26509,26509,157.13744761517955
961,e16814e1-03c3-4baf-80c4-a124f31e75a5,6,961,True,26539,26539,132.0550510020439
962,e16814e1-03c3-4baf-80c4-a124f31e75a5,6,962,True,26564,26564,156.43017047145986
963,e16814e1-03c3-4baf-80c4-a124f31e75a5,6,963,True,26591,26591,180.65545545151326
964,e16814e1-03c3-4baf-80c4-a124f31e75a5,6,964,True,26628,26628,146.0218448747837
965,e16814e1-03c3-4baf-80c4-a124f31e75a5,6,965,True,26653,26653,168.14036318162835
966,e16814e1-03c3-4baf-80c4-a124f31e75a5,6,966,True,26679,26679,161.2627452724155
967,e16814e1-03c3-4baf-80c4-a124f31e75a5,6,967,True,26710,26710,159.88279823910852
968,e16814e1-03c3-4baf-80c4-a124f31e75a5,6,968,True,26736,26736,112.6122637159533
969,e16814e1-03c3-4baf-80c4-a124f31e75a5,6,969,True,26763,26763,133.37393008644358
970,e16814e1-03c3-4baf-80c4-a124f31e75a5,6,970,True,26798,26798,147.62046262323565
971,e16814e1-03c3-4baf-80c4-a124f31e75a5,6,971,True,26819,26819,184.4854760479866
972,e16814e1-03c3-4baf-80c4-a124f31e75a5,6,972,True,26849,26849,175.13911187680787
973,e16814e1-03c3-4baf-80c4-a124f31e75a5,6,973,True,26874,26874,175.85428722614597
974,e16814e1-03c3-4baf-80c4-a124f31e75a5,6,974,True,26900,26900,124.13911187680787
975,e16814e1-03c3-4baf-80c4-a124f31e75a5,6,975,True,26931,26931,145.63536500466216
976,e16814e1-03c3-4baf-80c4-a124f31e75a5,6,976,True,26957,26957,117.18719413275176
977,e16814e1-03c3-4baf-80c4-a124f31e75a5,6,977,True,26988,26988,141.34435336766182
978,e16814e1-03c3-4baf-80c4-a124f31e75a5,6,978,True,27015,27015,108.65986985878772
979,e16814e1-03c3-4baf-80c4-a124f31e75a5,6,979,True,27041,27041,134.28771793977648
980,e16814e1-03c3-4baf-80c4-a124f31e75a5,6,980,True,27063,27063,114.7358679977333
981,e16814e1-03c3-4baf-80c4-a124f31e75a5,6,981,True,27095,27095,124.75621439558017
982,e16814e1-03c3-4baf-80c4-a124f31e75a5,6,982,True,27120,27120,102.73785430042699
983,e16814e1-03c3-4baf-80c4-a124f31e75a5,6,983,True,27149,27149,198.30786985890154
984,e16814e1-03c3-4baf-80c4-a124f31e75a5,6,984,True,27190,27190,133.041540849983
985,e16814e1-03c3-4baf-80c4-a124f31e75a5,6,985,True,27216,27216,224.1936685293258
986,e16814e1-03c3-4baf-80c4-a124f31e75a5,6,986,True,27244,27244,193.2640296214122
987,e16814e1-03c3-4baf-80c4-a124f31e75a5,6,987,True,27273,27273,167.1936685293258
988,e16814e1-03c3-4baf-80c4-a124f31e75a5,6,988,True,27300,27300,193.7504055234458
989,e16814e1-03c3-4baf-80c4-a124f31e75a5,6,989,True,27324,27324,195.56530045224645
990,e16814e1-03c3-4baf-80c4-a124f31e75a5,6,990,True,27341,27341,207.05347463274666
991,e16814e1-03c3-4baf-80c4-a124f31e75a5,6,991,True,27370,27370,210.04294811423824
992,e16814e1-03c3-4baf-80c4-a124f31e75a5,6,992,True,27399,27399,176.46168363815013
993,e16814e1-03c3-4baf-80c4-a124f31e75a5,6,993,True,27426,27426,151.51809469157888
994,e16814e1-03c3-4baf-80c4-a124f31e75a5,6,994,True,27454,27454,165.7912309376843
995,e16814e1-03c3-4baf-80c4-a124f31e75a5,6,995,True,27484,27484,159.5606834524733
996,e16814e1-03c3-4baf-80c4-a124f31e75a5,6,996,True,27514,27514,186.50622740807376
997,e16814e1-03c3-4baf-80c4-a124f31e75a5,6,997,True,27540,27540,181.30481443437384
998,e16814e1-03c3-4baf-80c4-a124f31e75a5,6,998,True,27567,27567,158.0248350300244
999,e16814e1-03c3-4baf-80c4-a124f31e75a5,6,999,True,27603,27603,147.84491406737288
1000,6abde408-e1dd-4284-8dda-970f8bfd81a4,7,1000,True,28,28,79.85157901363769
1001,6abde408-e1dd-4284-8dda-970f8bfd81a4,7,1001,True,49,49,89.2749419846952
1002,6abde408-e1dd-4284-8dda-970f8bfd81a4,7,1002,True,70,70,93.19013569656008
1003,6abde408-e1dd-4284-8dda-970f8bfd81a4,7,1003,True,94,94,85.93286887207918
1004,6abde408-e1dd-4284-8dda-970f8bfd81a4,7,1004,True,133,133,74.13870206664853
1005,6abde408-e1dd-4284-8dda-970f8bfd81a4,7,1005,True,160,160,83.96576629387357
1006,6abde408-e1dd-4284-8dda-970f8bfd81a4,7,1006,True,189,189,84.04131404984741
1007,6abde408-e1dd-4284-8dda-970f8bfd81a4,7,1007,True,213,213,93.13041707939931
1008,6abde408-e1dd-4284-8dda-970f8bfd81a4,7,1008,True,245,245,87.29789325343921
1009,6abde408-e1dd-4284-8dda-970f8bfd81a4,7,1009,True,273,273,165.73499404560778
1010,6abde408-e1dd-4284-8dda-970f8bfd81a4,7,1010,True,302,302,125.72249510563961
1011,6abde408-e1dd-4284-8dda-970f8bfd81a4,7,1011,True,325,325,160.86199936811045
1012,6abde408-e1dd-4284-8dda-970f8bfd81a4,7,1012,True,359,359,158.42009739024252
1013,6abde408-e1dd-4284-8dda-970f8bfd81a4,7,1013,True,386,386,150.6265306228995
1014,6abde408-e1dd-4284-8dda-970f8bfd81a4,7,1014,True,417,417,130.31483800402816
1015,6abde408-e1dd-4284-8dda-970f8bfd81a4,7,1015,True,448,448,133.8374372590947
1016,6abde408-e1dd-4284-8dda-970f8bfd81a4,7,1016,True,472,472,119.51333071774218
1017,6abde408-e1dd-4284-8dda-970f8bfd81a4,7,1017,True,505,505,194.00954906543222
1018,6abde408-e1dd-4284-8dda-970f8bfd81a4,7,1018,True,536,536,175.5210650633892
1019,6abde408-e1dd-4284-8dda-970f8bfd81a4,7,1019,True,560,560,139.00954906543222
1020,6abde408-e1dd-4284-8dda-970f8bfd81a4,7,1020,True,592,592,119.52106506338919
1021,6abde408-e1dd-4284-8dda-970f8bfd81a4,7,1021,True,624,624,152.15754484163904
1022,6abde408-e1dd-4284-8dda-970f8bfd81a4,7,1022,True,654,654,131.192164325789
1023,6abde408-e1dd-4284-8dda-970f8bfd81a4,7,1023,True,688,688,140.34620931896677
1024,6abde408-e1dd-4284-8dda-970f8bfd81a4,7,1024,True,707,707,134.54529126292073
1025,6abde408-e1dd-4284-8dda-970f8bfd81a4,7,1025,True,725,725,130.60404085286132
1026,6abde408-e1dd-4284-8dda-970f8bfd81a4,7,1026,True,751,751,146.08504655326112
1027,6abde408-e1dd-4284-8dda-970f8bfd81a4,7,1027,True,776,776,133.07318538209552
1028,6abde408-e1dd-4284-8dda-970f8bfd81a4,7,1028,True,804,804,154.19450810467333
1029,6abde408-e1dd-4284-8dda-970f8bfd81a4,7,1029,True,822,822,149.62269297815806
1030,6abde408-e1dd-4284-8dda-970f8bfd81a4,7,1030,True,855,855,125.75212361367721
1031,6abde408-e1dd-4284-8dda-970f8bfd81a4,7,1031,True,871,871,158.631483604099
1032,6abde408-e1dd-4284-8dda-970f8bfd81a4,7,1032,True,897,897,148.40251656696546
1033,6abde408-e1dd-4284-8dda-970f8bfd81a4,7,1033,True,920,920,136.27833162433376
1034,6abde408-e1dd-4284-8dda-970f8bfd81a4,7,1034,True,946,946,138.7858723238785
1035,6abde408-e1dd-4284-8dda-970f8bfd81a4,7,1035,True,971,971,122.23493070134009
1036,6abde408-e1dd-4284-8dda-970f8bfd81a4,7,1036,True,994,994,133.84698266769533
1037,6abde408-e1dd-4284-8dda-970f8bfd81a4,7,1037,True,1019,1019,187.41943118442236
1038,6abde408-e1dd-4284-8dda-970f8bfd81a4,7,1038,True,1040,1040,155.7516640973663
1039,6abde408-e1dd-4284-8dda-970f8bfd81a4,7,1039,True,1068,1068,138.41943118442236
1040,6abde408-e1dd-4284-8dda-970f8bfd81a4,7,1040,True,1097,1097,187.94876022637845
1041,6abde408-e1dd-4284-8dda-970f8bfd81a4,7,1041,True,1115,1115,141.5816253365308
1042,6abde408-e1dd-4284-8dda-970f8bfd81a4,7,1042,True,1138,1138,170.99038508275817
1043,6abde408-e1dd-4284-8dda-970f8bfd81a4,7,1043,True,1171,1171,159.8338491949255
1044,6abde408-e1dd-4284-8dda-970f8bfd81a4,7,1044,True,1200,1200,234.47732047259274
1045,6abde408-e1dd-4284-8dda-970f8bfd81a4,7,1045,True,1221,1221,200.49409313866363
1046,6abde408-e1dd-4284-8dda-970f8bfd81a4,7,1046,True,1245,1245,189.47732047259274
1047,6abde408-e1dd-4284-8dda-970f8bfd81a4,7,1047,True,1269,1269,175.32606485504743
1048,6abde408-e1dd-4284-8dda-970f8bfd81a4,7,1048,True,1299,1299,154.8319670275605
1049,6abde408-e1dd-4284-8dda-970f8bfd81a4,7,1049,True,1331,1331,184.49137890336647
1050,6abde408-e1dd-4284-8dda-970f8bfd81a4,7,1050,True,1347,1347,158.08614238674772
1051,6abde408-e1dd-4284-8dda-970f8bfd81a4,7,1051,True,1378,1378,199.77327414790534
1052,6abde408-e1dd-4284-8dda-970f8bfd81a4,7,1052,True,1412,1412,165.77327414790534
1053,6abde408-e1dd-4284-8dda-970f8bfd81a4,7,1053,True,1435,1435,169.62545231661625
1054,6abde408-e1dd-4284-8dda-970f8bfd81a4,7,1054,True,1460,1460,129.07169248719129
1055,6abde408-e1dd-4284-8dda-970f8bfd81a4,7,1055,True,1485,1485,156.23884944927931
1056,6abde408-e1dd-4284-8dda-970f8bfd81a4,7,1056,True,1519,1519,134.6421649000347
1057,6abde408-e1dd-4284-8dda-970f8bfd81a4,7,1057,True,1546,1546,202.75747583958196
1058,6abde408-e1dd-4284-8dda-970f8bfd81a4,7,1058,True,1572,1572,163.85754241286213
1059,6abde408-e1dd-4284-8dda-970f8bfd81a4,7,1059,True,1591,1591,157.75747583958196
1060,6abde408-e1dd-4284-8dda-970f8bfd81a4,7,1060,True,1619,1619,167.14243241033705
1061,6abde408-e1dd-4284-8dda-970f8bfd81a4,7,1061,True,1649,1649,146.9521885740162
1062,6abde408-e1dd-4284-8dda-970f8bfd81a4,7,1062,True,1680,1680,157.02466544633785
1063,6abde408-e1dd-4284-8dda-970f8bfd81a4,7,1063,True,1704,1704,144.8215260413706
1064,6abde408-e1dd-4284-8dda-970f8bfd81a4,7,1064,True,1736,1736,149.08154526407634
1065,6abde408-e1dd-4284-8dda-970f8bfd81a4,7,1065,True,1752,1752,178.0940110601448
1066,6abde408-e1dd-4284-8dda-970f8bfd81a4,7,1066,True,1792,1792,167.57096888401634
1067,6abde408-e1dd-4284-8dda-970f8bfd81a4,7,1067,True,1819,1819,129.55201822601407
1068,6abde408-e1dd-4284-8dda-970f8bfd81a4,7,1068,True,1842,1842,153.11109960545718
1069,6abde408-e1dd-4284-8dda-970f8bfd81a4,7,1069,True,1868,1868,154.63081133390324
1070,6abde408-e1dd-4284-8dda-970f8bfd81a4,7,1070,True,1900,1900,204.0620763442421
1071,6abde408-e1dd-4284-8dda-970f8bfd81a4,7,1071,True,1923,1923,191.06946059927077
1072,6abde408-e1dd-4284-8dda-970f8bfd81a4,7,1072,True,1950,1950,204.7788448235633
1073,6abde408-e1dd-4284-8dda-970f8bfd81a4,7,1073,True,1973,1973,155.01996061784757
1074,6abde408-e1dd-4284-8dda-970f8bfd81a4,7,1074,True,2002,2002,200.4138188679526
1075,6abde408-e1dd-4284-8dda-970f8bfd81a4,7,1075,True,2023,2023,190.43048640331835
1076,6abde408-e1dd-4284-8dda-970f8bfd81a4,7,1076,True,2055,2055,147.4138188679526
1077,6abde408-e1dd-4284-8dda-970f8bfd81a4,7,1077,True,2085,2085,176.08833017236066
1078,6abde408-e1dd-4284-8dda-970f8bfd81a4,7,1078,True,2116,2116,133.52428935147418
1079,6abde408-e1dd-4284-8dda-970f8bfd81a4,7,1079,True,2151,2151,125.91751126240797
1080,6abde408-e1dd-4284-8dda-970f8bfd81a4,7,1080,True,2177,2177,122.153723977759
1081,6abde408-e1dd-4284-8dda-970f8bfd81a4,7,1081,True,2197,2197,164.9816683918384
1082,6abde408-e1dd-4284-8dda-970f8bfd81a4,7,1082,True,2221,2221,130.19786188803346
1083,6abde408-e1dd-4284-8dda-970f8bfd81a4,7,1083,True,2246,2246,187.09060067756127
1084,6abde408-e1dd-4284-8dda-970f8bfd81a4,7,1084,True,2267,2267,126.43828848186558
1085,6abde408-e1dd-4284-8dda-970f8bfd81a4,7,1085,True,2295,2295,121.83530298659025
1086,6abde408-e1dd-4284-8dda-970f8bfd81a4,7,1086,True,2323,2323,142.15040196880864
1087,6abde408-e1dd-4284-8dda-970f8bfd81a4,7,1087,True,2354,2354,138.43684975538008
1088,6abde408-e1dd-4284-8dda-970f8bfd81a4,7,1088,True,2386,2386,207.64346754627604
1089,6abde408-e1dd-4284-8dda-970f8bfd81a4,7,1089,True,2407,2407,163.26621386905572
1090,6abde408-e1dd-4284-8dda-970f8bfd81a4,7,1090,True,2439,2439,176.81916556557235
1091,6abde408-e1dd-4284-8dda-970f8bfd81a4,7,1091,True,2459,2459,167.30112460697183
1092,6abde408-e1dd-4284-8dda-970f8bfd81a4,7,1092,True,2491,2491,154.34017315057417
1093,6abde408-e1dd-4284-8dda-970f8bfd81a4,7,1093,True,2516,2516,155.43675567323498
1094,6abde408-e1dd-4284-8dda-970f8bfd81a4,7,1094,True,2550,2550,138.22163100117677
1095,6abde408-e1dd-4284-8dda-970f8bfd81a4,7,1095,True,2582,2582,134.50561985679497
1096,6abde408-e1dd-4284-8dda-970f8bfd81a4,7,1096,True,2608,2608,144.6751477399648
1097,6abde408-e1dd-4284-8dda-970f8bfd81a4,7,1097,True,2626,2626,115.7411277277688
1098,6abde408-e1dd-4284-8dda-970f8bfd81a4,7,1098,True,2649,2649,157.31740455991667
1099,6abde408-e1dd-4284-8dda-970f8bfd81a4,7,1099,True,2681,2681,198.41755082503187
1100,6abde408-e1dd-4284-8dda-970f8bfd81a4,7,1100,True,2723,2723,145.7933096040365
1101,6abde408-e1dd-4284-8dda-970f8bfd81a4,7,1101,True,2749,2749,177.32500473702385
1102,6abde408-e1dd-4284-8dda-970f8bfd81a4,7,1102,True,2771,2771,185.26703428896553
1103,6abde408-e1dd-4284-8dda-970f8bfd81a4,7,1103,True,2801,2801,205.796296209106
1104,6abde408-e1dd-4284-8dda-970f8bfd81a4,7,1104,True,2830,2830,153.38717253186996
1105,6abde408-e1dd-4284-8dda-970f8bfd81a4,7,1105,True,2863,2863,198.60217184638577
1106,6abde408-e1dd-4284-8dda-970f8bfd81a4,7,1106,True,2889,2889,159.44429712166902
1107,6abde408-e1dd-4284-8dda-970f8bfd81a4,7,1107,True,2913,2913,160.36758315468524
1108,6abde408-e1dd-4284-8dda-970f8bfd81a4,7,1108,True,2950,2950,147.8005076045165
1109,6abde408-e1dd-4284-8dda-970f8bfd81a4,7,1109,True,2977,2977,148.90766586205564
1110,6abde408-e1dd-4284-8dda-970f8bfd81a4,7,1110,True,3008,3008,141.78965969016463
1111,6abde408-e1dd-4284-8dda-970f8bfd81a4,7,1111,True,3029,3029,206.4694757889638
1112,6abde408-e1dd-4284-8dda-970f8bfd81a4,7,1112,True,3059,3059,152.3261769095211
1113,6abde408-e1dd-4284-8dda-970f8bfd81a4,7,1113,True,3087,3087,124.32617690952111
1114,6abde408-e1dd-4284-8dda-970f8bfd81a4,7,1114,True,3115,3115,147.5910387684644
1115,6abde408-e1dd-4284-8dda-970f8bfd81a4,7,1115,True,3133,3133,119.25732679349267
1116,6abde408-e1dd-4284-8dda-970f8bfd81a4,7,1116,True,3166,3166,154.53063555899325
1117,6abde408-e1dd-4284-8dda-970f8bfd81a4,7,1117,True,3194,3194,116.8382745720578
1118,6abde408-e1dd-4284-8dda-970f8bfd81a4,7,1118,True,3209,3209,141.41288475946158
1119,6abde408-e1dd-4284-8dda-970f8bfd81a4,7,1119,True,3236,3236,126.31268502062767
1120,6abde408-e1dd-4284-8dda-970f8bfd81a4,7,1120,True,3270,3270,113.96114837150026
1121,6abde408-e1dd-4284-8dda-970f8bfd81a4,7,1121,True,3311,3311,115.03582762232054
1122,6abde408-e1dd-4284-8dda-970f8bfd81a4,7,1122,True,3340,3340,135.21278618811175
1123,6abde408-e1dd-4284-8dda-970f8bfd81a4,7,1123,True,3367,3367,144.8575179430627
1124,6abde408-e1dd-4284-8dda-970f8bfd81a4,7,1124,True,3385,3385,116.47997300319912
1125,6abde408-e1dd-4284-8dda-970f8bfd81a4,7,1125,True,3417,3417,121.57090921126837
1126,6abde408-e1dd-4284-8dda-970f8bfd81a4,7,1126,True,3444,3444,140.0202607631013
1127,6abde408-e1dd-4284-8dda-970f8bfd81a4,7,1127,True,3468,3468,132.72449859195103
1128,6abde408-e1dd-4284-8dda-970f8bfd81a4,7,1128,True,3498,3498,134.73422418914242
1129,6abde408-e1dd-4284-8dda-970f8bfd81a4,7,1129,True,3527,3527,122.05824782438594
1130,6abde408-e1dd-4284-8dda-970f8bfd81a4,7,1130,True,3555,3555,119.68802617752135
1131,6abde408-e1dd-4284-8dda-970f8bfd81a4,7,1131,True,3592,3592,160.88321010865548
1132,6abde408-e1dd-4284-8dda-970f8bfd81a4,7,1132,True,3622,3622,139.13403909368708
1133,6abde408-e1dd-4284-8dda-970f8bfd81a4,7,1133,True,3647,3647,129.18286569000793
1134,6abde408-e1dd-4284-8dda-970f8bfd81a4,7,1134,True,3678,3678,129.7742647472569
1135,6abde408-e1dd-4284-8dda-970f8bfd81a4,7,1135,True,3705,3705,119.95392627339288
1136,6abde408-e1dd-4284-8dda-970f8bfd81a4,7,1136,True,3732,3732,177.1034508840762
1137,6abde408-e1dd-4284-8dda-970f8bfd81a4,7,1137,True,3752,3752,134.34860303181586
1138,6abde408-e1dd-4284-8dda-970f8bfd81a4,7,1138,True,3778,3778,146.2899208939598
1139,6abde408-e1dd-4284-8dda-970f8bfd81a4,7,1139,True,3810,3810,124.41797820468855
1140,6abde408-e1dd-4284-8dda-970f8bfd81a4,7,1140,True,3836,3836,147.68125379224148
1141,6abde408-e1dd-4284-8dda-970f8bfd81a4,7,1141,True,3865,3865,129.53723327327953
1142,6abde408-e1dd-4284-8dda-970f8bfd81a4,7,1142,True,3898,3898,151.4736128433351
1143,6abde408-e1dd-4284-8dda-970f8bfd81a4,7,1143,True,3927,3927,151.73217102777426
1144,6abde408-e1dd-4284-8dda-970f8bfd81a4,7,1144,True,3957,3957,198.04082559078142
1145,6abde408-e1dd-4284-8dda-970f8bfd81a4,7,1145,True,3977,3977,124.49510540284882
1146,6abde408-e1dd-4284-8dda-970f8bfd81a4,7,1146,True,4000,4000,165.4875729497353
1147,6abde408-e1dd-4284-8dda-970f8bfd81a4,7,1147,True,4035,4035,152.70748648591962
1148,6abde408-e1dd-4284-8dda-970f8bfd81a4,7,1148,True,4075,4075,202.78193940773963
1149,6abde408-e1dd-4284-8dda-970f8bfd81a4,7,1149,True,4102,4102,205.00412756289552
1150,6abde408-e1dd-4284-8dda-970f8bfd81a4,7,1150,True,4130,4130,229.77639235950392
1151,6abde408-e1dd-4284-8dda-970f8bfd81a4,7,1151,True,4154,4154,205.77639235950392
1152,6abde408-e1dd-4284-8dda-970f8bfd81a4,7,1152,True,4189,4189,226.25380294844763
1153,6abde408-e1dd-4284-8dda-970f8bfd81a4,7,1153,True,4221,4221,286.89900265884535
1154,6abde408-e1dd-4284-8dda-970f8bfd81a4,7,1154,True,4249,4249,258.89900265884535
1155,6abde408-e1dd-4284-8dda-970f8bfd81a4,7,1155,True,4278,4278,229.89900265884535
1156,6abde408-e1dd-4284-8dda-970f8bfd81a4,7,1156,True,4303,4303,179.0477311216955
1157,6abde408-e1dd-4284-8dda-970f8bfd81a4,7,1157,True,4326,4326,181.89900265884535
1158,6abde408-e1dd-4284-8dda-970f8bfd81a4,7,1158,True,4354,4354,186.0515970023489
1159,6abde408-e1dd-4284-8dda-970f8bfd81a4,7,1159,True,4379,4379,171.8345114173071
1160,6abde408-e1dd-4284-8dda-970f8bfd81a4,7,1160,True,4411,4411,177.42712898149784
1161,6abde408-e1dd-4284-8dda-970f8bfd81a4,7,1161,True,4439,4439,196.56694116630297
1162,6abde408-e1dd-4284-8dda-970f8bfd81a4,7,1162,True,4466,4466,160.93635350620661
1163,6abde408-e1dd-4284-8dda-970f8bfd81a4,7,1163,True,4487,4487,195.18072024683715
1164,6abde408-e1dd-4284-8dda-970f8bfd81a4,7,1164,True,4515,4515,200.9138847629738
1165,6abde408-e1dd-4284-8dda-970f8bfd81a4,7,1165,True,4560,4560,181.26095799704672
1166,6abde408-e1dd-4284-8dda-970f8bfd81a4,7,1166,True,4585,4585,208.56108561875226
1167,6abde408-e1dd-4284-8dda-970f8bfd81a4,7,1167,True,4608,4608,229.48192321078386
1168,6abde408-e1dd-4284-8dda-970f8bfd81a4,7,1168,True,4631,4631,228.1430409869081
1169,6abde408-e1dd-4284-8dda-970f8bfd81a4,7,1169,True,4657,4657,192.33777074504815
1170,6abde408-e1dd-4284-8dda-970f8bfd81a4,7,1170,True,4682,4682,227.10316035908363
1171,6abde408-e1dd-4284-8dda-970f8bfd81a4,7,1171,True,4715,4715,183.19619072483965
1172,6abde408-e1dd-4284-8dda-970f8bfd81a4,7,1172,True,4741,4741,222.10350704544544
1173,6abde408-e1dd-4284-8dda-970f8bfd81a4,7,1173,True,4773,4773,177.9867078879779
1174,6abde408-e1dd-4284-8dda-970f8bfd81a4,7,1174,True,4802,4802,200.06947297477836
1175,6abde408-e1dd-4284-8dda-970f8bfd81a4,7,1175,True,4821,4821,191.21628740747565
1176,6abde408-e1dd-4284-8dda-970f8bfd81a4,7,1176,True,4852,4852,203.65875326395144
1177,6abde408-e1dd-4284-8dda-970f8bfd81a4,7,1177,True,4884,4884,161.32230295183945
1178,6abde408-e1dd-4284-8dda-970f8bfd81a4,7,1178,True,4924,4924,183.66811641624554
1179,6abde408-e1dd-4284-8dda-970f8bfd81a4,7,1179,True,4948,4948,149.57517649011425
1180,6abde408-e1dd-4284-8dda-970f8bfd81a4,7,1180,True,4972,4972,154.75010327519703
1181,6abde408-e1dd-4284-8dda-970f8bfd81a4,7,1181,True,5004,5004,182.6998320975772
1182,6abde408-e1dd-4284-8dda-970f8bfd81a4,7,1182,True,5032,5032,212.51502317232553
1183,6abde408-e1dd-4284-8dda-970f8bfd81a4,7,1183,True,5058,5058,176.57237489603176
1184,6abde408-e1dd-4284-8dda-970f8bfd81a4,7,1184,True,5092,5092,165.59845003174541
1185,6abde408-e1dd-4284-8dda-970f8bfd81a4,7,1185,True,5123,5123,162.94813801009514
1186,6abde408-e1dd-4284-8dda-970f8bfd81a4,7,1186,True,5160,5160,149.42352355719595
1187,6abde408-e1dd-4284-8dda-970f8bfd81a4,7,1187,True,5191,5191,144.9239557636738
1188,6abde408-e1dd-4284-8dda-970f8bfd81a4,7,1188,True,5215,5215,148.62312641907192
1189,6abde408-e1dd-4284-8dda-970f8bfd81a4,7,1189,True,5237,5237,166.56273040242922
1190,6abde408-e1dd-4284-8dda-970f8bfd81a4,7,1190,True,5271,5271,154.58488641632266
1191,6abde408-e1dd-4284-8dda-970f8bfd81a4,7,1191,True,5302,5302,147.353101217318
1192,6abde408-e1dd-4284-8dda-970f8bfd81a4,7,1192,True,5341,5341,207.92378796063895
1193,6abde408-e1dd-4284-8dda-970f8bfd81a4,7,1193,True,5367,5367,181.92378796063895
1194,6abde408-e1dd-4284-8dda-970f8bfd81a4,7,1194,True,5400,5400,176.87928588665363
1195,6abde408-e1dd-4284-8dda-970f8bfd81a4,7,1195,True,5426,5426,173.29599430373037
1196,6abde408-e1dd-4284-8dda-970f8bfd81a4,7,1196,True,5460,5460,161.203608697223
1197,6abde408-e1dd-4284-8dda-970f8bfd81a4,7,1197,True,5487,5487,162.70018108028125
1198,6abde408-e1dd-4284-8dda-970f8bfd81a4,7,1198,True,5518,5518,152.43390848608215
1199,6abde408-e1dd-4284-8dda-970f8bfd81a4,7,1199,True,5534,5534,163.82127264214978
1200,6abde408-e1dd-4284-8dda-970f8bfd81a4,7,1200,True,5565,5565,192.13196393525777
1201,6abde408-e1dd-4284-8dda-970f8bfd81a4,7,1201,True,5587,5587,157.3414059537945
1202,6abde408-e1dd-4284-8dda-970f8bfd81a4,7,1202,True,5616,5616,141.13196393525777
1203,6abde408-e1dd-4284-8dda-970f8bfd81a4,7,1203,True,5637,5637,133.06207348936823
1204,6abde408-e1dd-4284-8dda-970f8bfd81a4,7,1204,True,5659,5659,175.22539551747195
1205,6abde408-e1dd-4284-8dda-970f8bfd81a4,7,1205,True,5683,5683,140.22993545991358
1206,6abde408-e1dd-4284-8dda-970f8bfd81a4,7,1206,True,5713,5713,159.44776768705378
1207,6abde408-e1dd-4284-8dda-970f8bfd81a4,7,1207,True,5737,5737,151.9962485667329
1208,6abde408-e1dd-4284-8dda-970f8bfd81a4,7,1208,True,5766,5766,133.63220500740954
1209,6abde408-e1dd-4284-8dda-970f8bfd81a4,7,1209,True,5802,5802,139.30638685725444
1210,6abde408-e1dd-4284-8dda-970f8bfd81a4,7,1210,True,5833,5833,146.88744432047042
1211,6abde408-e1dd-4284-8dda-970f8bfd81a4,7,1211,True,5861,5861,206.40457702428102
1212,6abde408-e1dd-4284-8dda-970f8bfd81a4,7,1212,True,5886,5886,167.4257185125034
1213,6abde408-e1dd-4284-8dda-970f8bfd81a4,7,1213,True,5916,5916,151.40457702428102
1214,6abde408-e1dd-4284-8dda-970f8bfd81a4,7,1214,True,5948,5948,187.67702753788035
1215,6abde408-e1dd-4284-8dda-970f8bfd81a4,7,1215,True,5966,5966,184.9278634730199
1216,6abde408-e1dd-4284-8dda-970f8bfd81a4,7,1216,True,5990,5990,145.67702753788035
1217,6abde408-e1dd-4284-8dda-970f8bfd81a4,7,1217,True,6021,6021,129.9278634730199
1218,6abde408-e1dd-4284-8dda-970f8bfd81a4,7,1218,True,6038,6038,161.4566625222824
1219,6abde408-e1dd-4284-8dda-970f8bfd81a4,7,1219,True,6077,6077,132.8528147363968
1220,6abde408-e1dd-4284-8dda-970f8bfd81a4,7,1220,True,6107,6107,162.5266985008766
1221,6abde408-e1dd-4284-8dda-970f8bfd81a4,7,1221,True,6130,6130,148.88865542561598
1222,6abde408-e1dd-4284-8dda-970f8bfd81a4,7,1222,True,6162,6162,193.1746433041335
1223,6abde408-e1dd-4284-8dda-970f8bfd81a4,7,1223,True,6186,6186,216.55066510625875
1224,6abde408-e1dd-4284-8dda-970f8bfd81a4,7,1224,True,6204,6204,209.04449886803286
1225,6abde408-e1dd-4284-8dda-970f8bfd81a4,7,1225,True,6224,6224,212.4390224396402
1226,6abde408-e1dd-4284-8dda-970f8bfd81a4,7,1226,True,6256,6256,198.9673624382649
1227,6abde408-e1dd-4284-8dda-970f8bfd81a4,7,1227,True,6282,6282,154.4390224396402
1228,6abde408-e1dd-4284-8dda-970f8bfd81a4,7,1228,True,6308,6308,168.363962090908
1229,6abde408-e1dd-4284-8dda-970f8bfd81a4,7,1229,True,6331,6331,193.29280019926682
1230,6abde408-e1dd-4284-8dda-970f8bfd81a4,7,1230,True,6355,6355,180.35337681924557
1231,6abde408-e1dd-4284-8dda-970f8bfd81a4,7,1231,True,6384,6384,199.7188928495534
1232,6abde408-e1dd-4284-8dda-970f8bfd81a4,7,1232,True,6408,6408,165.35640059832986
1233,6abde408-e1dd-4284-8dda-970f8bfd81a4,7,1233,True,6437,6437,175.1357985462082
1234,6abde408-e1dd-4284-8dda-970f8bfd81a4,7,1234,True,6467,6467,135.98087013973964
1235,6abde408-e1dd-4284-8dda-970f8bfd81a4,7,1235,True,6491,6491,165.52256102133742
1236,6abde408-e1dd-4284-8dda-970f8bfd81a4,7,1236,True,6522,6522,149.3153412668289
1237,6abde408-e1dd-4284-8dda-970f8bfd81a4,7,1237,True,6547,6547,200.23019207239668
1238,6abde408-e1dd-4284-8dda-970f8bfd81a4,7,1238,True,6576,6576,145.06155527900592
1239,6abde408-e1dd-4284-8dda-970f8bfd81a4,7,1239,True,6615,6615,167.3604321922894
1240,6abde408-e1dd-4284-8dda-970f8bfd81a4,7,1240,True,6638,6638,157.11173765862077
1241,6abde408-e1dd-4284-8dda-970f8bfd81a4,7,1241,True,6669,6669,206.62516889531707
1242,6abde408-e1dd-4284-8dda-970f8bfd81a4,7,1242,True,6695,6695,211.18980678869684
1243,6abde408-e1dd-4284-8dda-970f8bfd81a4,7,1243,True,6724,6724,261.0002663375617
1244,6abde408-e1dd-4284-8dda-970f8bfd81a4,7,1244,True,6751,6751,207.96139924206182
1245,6abde408-e1dd-4284-8dda-970f8bfd81a4,7,1245,True,6777,6777,228.25157695916005
1246,6abde408-e1dd-4284-8dda-970f8bfd81a4,7,1246,True,6799,6799,216.74491802878765
1247,6abde408-e1dd-4284-8dda-970f8bfd81a4,7,1247,True,6846,6846,210.70604633540188
1248,6abde408-e1dd-4284-8dda-970f8bfd81a4,7,1248,True,6865,6865,259.7982748102204
1249,6abde408-e1dd-4284-8dda-970f8bfd81a4,7,1249,True,6901,6901,204.6333362857813
1250,6abde408-e1dd-4284-8dda-970f8bfd81a4,7,1250,True,6925,6925,227.85808427259872
1251,6abde408-e1dd-4284-8dda-970f8bfd81a4,7,1251,True,6956,6956,217.74282534510257
1252,6abde408-e1dd-4284-8dda-970f8bfd81a4,7,1252,True,6985,6985,232.5262289874363
1253,6abde408-e1dd-4284-8dda-970f8bfd81a4,7,1253,True,7015,7015,188.80129961563853
1254,6abde408-e1dd-4284-8dda-970f8bfd81a4,7,1254,True,7046,7046,225.29498062422863
1255,6abde408-e1dd-4284-8dda-970f8bfd81a4,7,1255,True,7069,7069,177.33972141951108
1256,6abde408-e1dd-4284-8dda-970f8bfd81a4,7,1256,True,7101,7101,181.0746377113801
1257,6abde408-e1dd-4284-8dda-970f8bfd81a4,7,1257,True,7125,7125,230.59029925119012
1258,6abde408-e1dd-4284-8dda-970f8bfd81a4,7,1258,True,7149,7149,195.7730088558792
1259,6abde408-e1dd-4284-8dda-970f8bfd81a4,7,1259,True,7166,7166,199.32558188280927
1260,6abde408-e1dd-4284-8dda-970f8bfd81a4,7,1260,True,7198,7198,224.02321013259916
1261,6abde408-e1dd-4284-8dda-970f8bfd81a4,7,1261,True,7228,7228,152.00683198414117
1262,6abde408-e1dd-4284-8dda-970f8bfd81a4,7,1262,True,7266,7266,167.10563304781226
1263,6abde408-e1dd-4284-8dda-970f8bfd81a4,7,1263,True,7289,7289,157.24045940292308
1264,6abde408-e1dd-4284-8dda-970f8bfd81a4,7,1264,True,7321,7321,175.15052972093872
1265,6abde408-e1dd-4284-8dda-970f8bfd81a4,7,1265,True,7349,7349,157.38902992885505
1266,6abde408-e1dd-4284-8dda-970f8bfd81a4,7,1266,True,7375,7375,194.18684831600604
1267,6abde408-e1dd-4284-8dda-970f8bfd81a4,7,1267,True,7404,7404,149.7404789390257
1268,6abde408-e1dd-4284-8dda-970f8bfd81a4,7,1268,True,7428,7428,167.22856380803205
1269,6abde408-e1dd-4284-8dda-970f8bfd81a4,7,1269,True,7464,7464,155.4570078285269
1270,6abde408-e1dd-4284-8dda-970f8bfd81a4,7,1270,True,7497,7497,141.49987680478534
1271,6abde408-e1dd-4284-8dda-970f8bfd81a4,7,1271,True,7527,7527,145.70886202148722
1272,6abde408-e1dd-4284-8dda-970f8bfd81a4,7,1272,True,7558,7558,163.26316706304806
1273,6abde408-e1dd-4284-8dda-970f8bfd81a4,7,1273,True,7585,7585,163.23095452744565
1274,6abde408-e1dd-4284-8dda-970f8bfd81a4,7,1274,True,7623,7623,157.41398954514534
1275,6abde408-e1dd-4284-8dda-970f8bfd81a4,7,1275,True,7656,7656,229.25327124218802
1276,6abde408-e1dd-4284-8dda-970f8bfd81a4,7,1276,True,7683,7683,174.71841883323395
1277,6abde408-e1dd-4284-8dda-970f8bfd81a4,7,1277,True,7707,7707,218.23362123847528
1278,6abde408-e1dd-4284-8dda-970f8bfd81a4,7,1278,True,7724,7724,226.88583841353375
1279,6abde408-e1dd-4284-8dda-970f8bfd81a4,7,1279,True,7761,7761,236.5780691190921
1280,6abde408-e1dd-4284-8dda-970f8bfd81a4,7,1280,True,7793,7793,193.3179385183812
1281,6abde408-e1dd-4284-8dda-970f8bfd81a4,7,1281,True,7823,7823,215.73484087350153
1282,6abde408-e1dd-4284-8dda-970f8bfd81a4,7,1282,True,7845,7845,204.82871186574175
1283,6abde408-e1dd-4284-8dda-970f8bfd81a4,7,1283,True,7863,7863,223.31042260321192
1284,6abde408-e1dd-4284-8dda-970f8bfd81a4,7,1284,True,7893,7893,178.2024885721512
1285,6abde408-e1dd-4284-8dda-970f8bfd81a4,7,1285,True,7926,7926,171.78870511345758
1286,6abde408-e1dd-4284-8dda-970f8bfd81a4,7,1286,True,7946,7946,175.14198798980033
1287,6abde408-e1dd-4284-8dda-970f8bfd81a4,7,1287,True,7971,7971,161.36351613158604
1288,6abde408-e1dd-4284-8dda-970f8bfd81a4,7,1288,True,7999,7999,173.46859692339876
1289,6abde408-e1dd-4284-8dda-970f8bfd81a4,7,1289,True,8024,8024,199.4642862295168
1290,6abde408-e1dd-4284-8dda-970f8bfd81a4,7,1290,True,8049,8049,174.4642862295168
1291,6abde408-e1dd-4284-8dda-970f8bfd81a4,7,1291,True,8089,8089,156.3907535512044
1292,6abde408-e1dd-4284-8dda-970f8bfd81a4,7,1292,True,8114,8114,158.85135165574684
1293,6abde408-e1dd-4284-8dda-970f8bfd81a4,7,1293,True,8152,8152,196.57445231883503
1294,6abde408-e1dd-4284-8dda-970f8bfd81a4,7,1294,True,8172,8172,149.34284168647355
1295,6abde408-e1dd-4284-8dda-970f8bfd81a4,7,1295,True,8201,8201,172.38616798665498
1296,6abde408-e1dd-4284-8dda-970f8bfd81a4,7,1296,True,8235,8235,174.54440731208524
1297,6abde408-e1dd-4284-8dda-970f8bfd81a4,7,1297,True,8262,8262,138.49940775641517
1298,6abde408-e1dd-4284-8dda-970f8bfd81a4,7,1298,True,8284,8284,163.33786263338334
1299,6abde408-e1dd-4284-8dda-970f8bfd81a4,7,1299,True,8306,8306,166.30921958529143
1300,6abde408-e1dd-4284-8dda-970f8bfd81a4,7,1300,True,8329,8329,204.15155595534634
1301,6abde408-e1dd-4284-8dda-970f8bfd81a4,7,1301,True,8351,8351,147.6587205485739
1302,6abde408-e1dd-4284-8dda-970f8bfd81a4,7,1302,True,8382,8382,203.6115296328444
1303,6abde408-e1dd-4284-8dda-970f8bfd81a4,7,1303,True,8410,8410,144.29684290043224
1304,6abde408-e1dd-4284-8dda-970f8bfd81a4,7,1304,True,8429,8429,156.6115296328444
1305,6abde408-e1dd-4284-8dda-970f8bfd81a4,7,1305,True,8451,8451,175.54742696456742
1306,6abde408-e1dd-4284-8dda-970f8bfd81a4,7,1306,True,8474,8474,163.7766078721961
1307,6abde408-e1dd-4284-8dda-970f8bfd81a4,7,1307,True,8494,8494,155.94952037208714
1308,6abde408-e1dd-4284-8dda-970f8bfd81a4,7,1308,True,8522,8522,169.28650745733648
1309,6abde408-e1dd-4284-8dda-970f8bfd81a4,7,1309,True,8545,8545,175.0520030343614
1310,6abde408-e1dd-4284-8dda-970f8bfd81a4,7,1310,True,8571,8571,161.52153927638392
1311,6abde408-e1dd-4284-8dda-970f8bfd81a4,7,1311,True,8601,8601,234.09160204267937
1312,6abde408-e1dd-4284-8dda-970f8bfd81a4,7,1312,True,8627,8627,187.80272054757734
1313,6abde408-e1dd-4284-8dda-970f8bfd81a4,7,1313,True,8655,8655,209.10115050552304
1314,6abde408-e1dd-4284-8dda-970f8bfd81a4,7,1314,True,8686,8686,159.72128151752986
1315,6abde408-e1dd-4284-8dda-970f8bfd81a4,7,1315,True,8714,8714,150.10115050552304
1316,6abde408-e1dd-4284-8dda-970f8bfd81a4,7,1316,True,8749,8749,175.28590557634925
1317,6abde408-e1dd-4284-8dda-970f8bfd81a4,7,1317,True,8777,8777,170.13345037789986
1318,6abde408-e1dd-4284-8dda-970f8bfd81a4,7,1318,True,8806,8806,181.414300279077
1319,6abde408-e1dd-4284-8dda-970f8bfd81a4,7,1319,True,8831,8831,132.1212880345065
1320,6abde408-e1dd-4284-8dda-970f8bfd81a4,7,1320,True,8862,8862,135.1046856258872
1321,6abde408-e1dd-4284-8dda-970f8bfd81a4,7,1321,True,8888,8888,126.17339352597082
1322,6abde408-e1dd-4284-8dda-970f8bfd81a4,7,1322,True,8911,8911,204.93914109125217
1323,6abde408-e1dd-4284-8dda-970f8bfd81a4,7,1323,True,8937,8937,178.93914109125217
1324,6abde408-e1dd-4284-8dda-970f8bfd81a4,7,1324,True,8970,8970,210.80526440035283
1325,6abde408-e1dd-4284-8dda-970f8bfd81a4,7,1325,True,8997,8997,145.1657390193559
1326,6abde408-e1dd-4284-8dda-970f8bfd81a4,7,1326,True,9027,9027,198.95907370947498
1327,6abde408-e1dd-4284-8dda-970f8bfd81a4,7,1327,True,9051,9051,163.56226195033923
1328,6abde408-e1dd-4284-8dda-970f8bfd81a4,7,1328,True,9082,9082,183.41838777559678
1329,6abde408-e1dd-4284-8dda-970f8bfd81a4,7,1329,True,9116,9116,159.06990397433583
1330,6abde408-e1dd-4284-8dda-970f8bfd81a4,7,1330,True,9141,9141,169.85188965859015
1331,6abde408-e1dd-4284-8dda-970f8bfd81a4,7,1331,True,9168,9168,156.6880767301045
1332,6abde408-e1dd-4284-8dda-970f8bfd81a4,7,1332,True,9195,9195,168.5235098690955
1333,6abde408-e1dd-4284-8dda-970f8bfd81a4,7,1333,True,9221,9221,152.2471661470645
1334,6abde408-e1dd-4284-8dda-970f8bfd81a4,7,1334,True,9257,9257,194.98696971690515
1335,6abde408-e1dd-4284-8dda-970f8bfd81a4,7,1335,True,9283,9283,153.4493690509862
1336,6abde408-e1dd-4284-8dda-970f8bfd81a4,7,1336,True,9326,9326,136.01454510614167
1337,6abde408-e1dd-4284-8dda-970f8bfd81a4,7,1337,True,9356,9356,139.34845151137597
1338,6abde408-e1dd-4284-8dda-970f8bfd81a4,7,1338,True,9382,9382,137.30885479476638
1339,6abde408-e1dd-4284-8dda-970f8bfd81a4,7,1339,True,9411,9411,127.52334631664053
1340,6abde408-e1dd-4284-8dda-970f8bfd81a4,7,1340,True,9434,9434,144.42777858434602
1341,6abde408-e1dd-4284-8dda-970f8bfd81a4,7,1341,True,9460,9460,169.61553227945296
1342,6abde408-e1dd-4284-8dda-970f8bfd81a4,7,1342,True,9486,9486,152.75281673081918
1343,6abde408-e1dd-4284-8dda-970f8bfd81a4,7,1343,True,9517,9517,171.66706871426868
1344,6abde408-e1dd-4284-8dda-970f8bfd81a4,7,1344,True,9548,9548,127.51816008480273
1345,6abde408-e1dd-4284-8dda-970f8bfd81a4,7,1345,True,9571,9571,163.36518985623297
1346,6abde408-e1dd-4284-8dda-970f8bfd81a4,7,1346,True,9598,9598,145.59090139065302
1347,6abde408-e1dd-4284-8dda-970f8bfd81a4,7,1347,True,9631,9631,160.5277809389081
1348,6abde408-e1dd-4284-8dda-970f8bfd81a4,7,1348,True,9659,9659,121.06713253782436
1349,6abde408-e1dd-4284-8dda-970f8bfd81a4,7,1349,True,9691,9691,164.36135156489217
1350,6abde408-e1dd-4284-8dda-970f8bfd81a4,7,1350,True,9723,9723,116.05947038848899
1351,6abde408-e1dd-4284-8dda-970f8bfd81a4,7,1351,True,9756,9756,128.14785209607908
1352,6abde408-e1dd-4284-8dda-970f8bfd81a4,7,1352,True,9777,9777,151.56716300962762
1353,6abde408-e1dd-4284-8dda-970f8bfd81a4,7,1353,True,9807,9807,141.8186515469606
1354,6abde408-e1dd-4284-8dda-970f8bfd81a4,7,1354,True,9829,9829,134.55204793006305
1355,6abde408-e1dd-4284-8dda-970f8bfd81a4,7,1355,True,9864,9864,126.18998570418444
1356,6abde408-e1dd-4284-8dda-970f8bfd81a4,7,1356,True,9900,9900,137.75102688369043
1357,6abde408-e1dd-4284-8dda-970f8bfd81a4,7,1357,True,9929,9929,156.99328527211583
1358,6abde408-e1dd-4284-8dda-970f8bfd81a4,7,1358,True,9964,9964,132.61286236625892
1359,6abde408-e1dd-4284-8dda-970f8bfd81a4,7,1359,True,9994,9994,129.6176969148837
1360,6abde408-e1dd-4284-8dda-970f8bfd81a4,7,1360,True,10021,10021,118.08149559135745
1361,6abde408-e1dd-4284-8dda-970f8bfd81a4,7,1361,True,10045,10045,172.18303965727682
1362,6abde408-e1dd-4284-8dda-970f8bfd81a4,7,1362,True,10070,10070,136.27431580578923
1363,6abde408-e1dd-4284-8dda-970f8bfd81a4,7,1363,True,10093,10093,139.88768528757828
1364,6abde408-e1dd-4284-8dda-970f8bfd81a4,7,1364,True,10129,10129,126.09542891734418
1365,6abde408-e1dd-4284-8dda-970f8bfd81a4,7,1365,True,10151,10151,147.50055819990848
1366,6abde408-e1dd-4284-8dda-970f8bfd81a4,7,1366,True,10182,10182,169.14661165730104
1367,6abde408-e1dd-4284-8dda-970f8bfd81a4,7,1367,True,10215,10215,188.50500136662959
1368,6abde408-e1dd-4284-8dda-970f8bfd81a4,7,1368,True,10248,10248,128.87520427835625
1369,6abde408-e1dd-4284-8dda-970f8bfd81a4,7,1369,True,10279,10279,217.20014131295102
1370,6abde408-e1dd-4284-8dda-970f8bfd81a4,7,1370,True,10317,10317,112.20874822012229
1371,6abde408-e1dd-4284-8dda-970f8bfd81a4,7,1371,True,10342,10342,208.69875423359736
1372,6abde408-e1dd-4284-8dda-970f8bfd81a4,7,1372,True,10364,10364,176.85736711088975
1373,6abde408-e1dd-4284-8dda-970f8bfd81a4,7,1373,True,10387,10387,197.6771056481175
1374,6abde408-e1dd-4284-8dda-970f8bfd81a4,7,1374,True,10411,10411,185.64043313591174
1375,6abde408-e1dd-4284-8dda-970f8bfd81a4,7,1375,True,10444,10444,208.62979667732907
1376,6abde408-e1dd-4284-8dda-970f8bfd81a4,7,1376,True,10476,10476,166.64936685753673
1377,6abde408-e1dd-4284-8dda-970f8bfd81a4,7,1377,True,10495,10495,172.9296603630155
1378,6abde408-e1dd-4284-8dda-970f8bfd81a4,7,1378,True,10521,10521,187.21783364244948
1379,6abde408-e1dd-4284-8dda-970f8bfd81a4,7,1379,True,10544,10544,178.4704844326261
1380,6abde408-e1dd-4284-8dda-970f8bfd81a4,7,1380,True,10569,10569,177.12136934724185
1381,6abde408-e1dd-4284-8dda-970f8bfd81a4,7,1381,True,10604,10604,181.05505591080146
1382,6abde408-e1dd-4284-8dda-970f8bfd81a4,7,1382,True,10637,10637,134.43738114173902
1383,6abde408-e1dd-4284-8dda-970f8bfd81a4,7,1383,True,10661,10661,161.28813886349053
1384,6abde408-e1dd-4284-8dda-970f8bfd81a4,7,1384,True,10679,10679,181.65309196233466
1385,6abde408-e1dd-4284-8dda-970f8bfd81a4,7,1385,True,10702,10702,149.33618269493127
1386,6abde408-e1dd-4284-8dda-970f8bfd81a4,7,1386,True,10728,10728,263.5817723664695
1387,6abde408-e1dd-4284-8dda-970f8bfd81a4,7,1387,True,10761,10761,218.85145028973602
1388,6abde408-e1dd-4284-8dda-970f8bfd81a4,7,1388,True,10786,10786,205.58177236646952
1389,6abde408-e1dd-4284-8dda-970f8bfd81a4,7,1389,True,10809,10809,217.10089692706606
1390,6abde408-e1dd-4284-8dda-970f8bfd81a4,7,1390,True,10841,10841,196.3871436899699
1391,6abde408-e1dd-4284-8dda-970f8bfd81a4,7,1391,True,10873,10873,215.52396460930868
1392,6abde408-e1dd-4284-8dda-970f8bfd81a4,7,1392,True,10907,10907,165.97212116388982
1393,6abde408-e1dd-4284-8dda-970f8bfd81a4,7,1393,True,10936,10936,219.90162017389594
1394,6abde408-e1dd-4284-8dda-970f8bfd81a4,7,1394,True,10970,10970,152.5769657594974
1395,6abde408-e1dd-4284-8dda-970f8bfd81a4,7,1395,True,11002,11002,205.38310568113593
1396,6abde408-e1dd-4284-8dda-970f8bfd81a4,7,1396,True,11033,11033,138.45186298154294
1397,6abde408-e1dd-4284-8dda-970f8bfd81a4,7,1397,True,11056,11056,174.5175699919182
1398,6abde408-e1dd-4284-8dda-970f8bfd81a4,7,1398,True,11093,11093,148.18021298175518
1399,6abde408-e1dd-4284-8dda-970f8bfd81a4,7,1399,True,11118,11118,165.5629059086259
1400,6abde408-e1dd-4284-8dda-970f8bfd81a4,7,1400,True,11151,11151,118.78387188245324
1401,6abde408-e1dd-4284-8dda-970f8bfd81a4,7,1401,True,11180,11180,145.22327842338746
1402,6abde408-e1dd-4284-8dda-970f8bfd81a4,7,1402,True,11207,11207,127.89719028215222
1403,6abde408-e1dd-4284-8dda-970f8bfd81a4,7,1403,True,11238,11238,114.07155583365602
1404,6abde408-e1dd-4284-8dda-970f8bfd81a4,7,1404,True,11276,11276,155.78744072579502
1405,6abde408-e1dd-4284-8dda-970f8bfd81a4,7,1405,True,11304,11304,118.07114005267795
1406,6abde408-e1dd-4284-8dda-970f8bfd81a4,7,1406,True,11335,11335,136.53248251508558
1407,6abde408-e1dd-4284-8dda-970f8bfd81a4,7,1407,True,11359,11359,125.11462664820829
1408,6abde408-e1dd-4284-8dda-970f8bfd81a4,7,1408,True,11389,11389,140.21242253983291
1409,6abde408-e1dd-4284-8dda-970f8bfd81a4,7,1409,True,11411,11411,128.87241977091435
1410,6abde408-e1dd-4284-8dda-970f8bfd81a4,7,1410,True,11438,11438,163.8634743144048
1411,6abde408-e1dd-4284-8dda-970f8bfd81a4,7,1411,True,11472,11472,142.44568316833102
1412,6abde408-e1dd-4284-8dda-970f8bfd81a4,7,1412,True,11501,11501,183.5915650514453
1413,6abde408-e1dd-4284-8dda-970f8bfd81a4,7,1413,True,11542,11542,142.5915650514453
1414,6abde408-e1dd-4284-8dda-970f8bfd81a4,7,1414,True,11570,11570,138.72568150973166
1415,6abde408-e1dd-4284-8dda-970f8bfd81a4,7,1415,True,11591,11591,157.46467187112285
1416,6abde408-e1dd-4284-8dda-970f8bfd81a4,7,1416,True,11620,11620,141.197428501162
1417,6abde408-e1dd-4284-8dda-970f8bfd81a4,7,1417,True,11645,11645,116.197428501162
1418,6abde408-e1dd-4284-8dda-970f8bfd81a4,7,1418,True,11664,11664,113.63992301800681
1419,6abde408-e1dd-4284-8dda-970f8bfd81a4,7,1419,True,11694,11694,143.93842036182468
1420,6abde408-e1dd-4284-8dda-970f8bfd81a4,7,1420,True,11716,11716,134.50751340531315
1421,6abde408-e1dd-4284-8dda-970f8bfd81a4,7,1421,True,11740,11740,160.13656959711807
1422,6abde408-e1dd-4284-8dda-970f8bfd81a4,7,1422,True,11776,11776,105.13968920237676
1423,6abde408-e1dd-4284-8dda-970f8bfd81a4,7,1423,True,11810,11810,127.1931157494655
1424,6abde408-e1dd-4284-8dda-970f8bfd81a4,7,1424,True,11835,11835,116.0995229639484
1425,6abde408-e1dd-4284-8dda-970f8bfd81a4,7,1425,True,11854,11854,137.91679886448765
1426,6abde408-e1dd-4284-8dda-970f8bfd81a4,7,1426,True,11872,11872,179.07541694942302
1427,6abde408-e1dd-4284-8dda-970f8bfd81a4,7,1427,True,11895,11895,167.61754929677227
1428,6abde408-e1dd-4284-8dda-970f8bfd81a4,7,1428,True,11919,11919,161.69923010802086
1429,6abde408-e1dd-4284-8dda-970f8bfd81a4,7,1429,True,11941,11941,210.70424591282972
1430,6abde408-e1dd-4284-8dda-970f8bfd81a4,7,1430,True,11965,11965,165.06258108095608
1431,6abde408-e1dd-4284-8dda-970f8bfd81a4,7,1431,True,11990,11990,161.70424591282972
1432,6abde408-e1dd-4284-8dda-970f8bfd81a4,7,1432,True,12013,12013,150.85621047956556
1433,6abde408-e1dd-4284-8dda-970f8bfd81a4,7,1433,True,12037,12037,163.29740800996842
1434,6abde408-e1dd-4284-8dda-970f8bfd81a4,7,1434,True,12068,12068,168.13138377908035
1435,6abde408-e1dd-4284-8dda-970f8bfd81a4,7,1435,True,12091,12091,189.19013907108456
1436,6abde408-e1dd-4284-8dda-970f8bfd81a4,7,1436,True,12112,12112,168.19013907108456
1437,6abde408-e1dd-4284-8dda-970f8bfd81a4,7,1437,True,12147,12147,157.17182310069074
1438,6abde408-e1dd-4284-8dda-970f8bfd81a4,7,1438,True,12166,12166,169.83313428914516
1439,6abde408-e1dd-4284-8dda-970f8bfd81a4,7,1439,True,12191,12191,134.95393487161527
1440,6abde408-e1dd-4284-8dda-970f8bfd81a4,7,1440,True,12224,12224,191.82635307481542
1441,6abde408-e1dd-4284-8dda-970f8bfd81a4,7,1441,True,12253,12253,184.67723152566577
1442,6abde408-e1dd-4284-8dda-970f8bfd81a4,7,1442,True,12274,12274,205.6502664706186
1443,6abde408-e1dd-4284-8dda-970f8bfd81a4,7,1443,True,12298,12298,192.09647646268422
1444,6abde408-e1dd-4284-8dda-970f8bfd81a4,7,1444,True,12317,12317,237.4073888823914
1445,6abde408-e1dd-4284-8dda-970f8bfd81a4,7,1445,True,12342,12342,195.1274098908725
1446,6abde408-e1dd-4284-8dda-970f8bfd81a4,7,1446,True,12359,12359,204.76751386123215
1447,6abde408-e1dd-4284-8dda-970f8bfd81a4,7,1447,True,12386,12386,194.75441707513346
1448,6abde408-e1dd-4284-8dda-970f8bfd81a4,7,1448,True,12415,12415,230.74992736788954
1449,6abde408-e1dd-4284-8dda-970f8bfd81a4,7,1449,True,12440,12440,263.3951140303452
1450,6abde408-e1dd-4284-8dda-970f8bfd81a4,7,1450,True,12475,12475,183.64497686114737
1451,6abde408-e1dd-4284-8dda-970f8bfd81a4,7,1451,True,12497,12497,206.3951140303452
1452,6abde408-e1dd-4284-8dda-970f8bfd81a4,7,1452,True,12529,12529,194.14697570439057
1453,6abde408-e1dd-4284-8dda-970f8bfd81a4,7,1453,True,12556,12556,198.26075451850375
1454,6abde408-e1dd-4284-8dda-970f8bfd81a4,7,1454,True,12582,12582,256.2590510975315
1455,6abde408-e1dd-4284-8dda-970f8bfd81a4,7,1455,True,12608,12608,198.60869929324872
1456,6abde408-e1dd-4284-8dda-970f8bfd81a4,7,1456,True,12635,12635,191.43138526945404
1457,6abde408-e1dd-4284-8dda-970f8bfd81a4,7,1457,True,12656,12656,218.02938727579203
1458,6abde408-e1dd-4284-8dda-970f8bfd81a4,7,1458,True,12696,12696,165.66337498863504
1459,6abde408-e1dd-4284-8dda-970f8bfd81a4,7,1459,True,12725,12725,160.32044075502017
1460,6abde408-e1dd-4284-8dda-970f8bfd81a4,7,1460,True,12753,12753,166.18197583719848
1461,6abde408-e1dd-4284-8dda-970f8bfd81a4,7,1461,True,12776,12776,153.25716616875434
1462,6abde408-e1dd-4284-8dda-970f8bfd81a4,7,1462,True,12802,12802,171.89357741995627
1463,6abde408-e1dd-4284-8dda-970f8bfd81a4,7,1463,True,12823,12823,139.6543615477185
1464,6abde408-e1dd-4284-8dda-970f8bfd81a4,7,1464,True,12845,12845,182.13297989112834
1465,6abde408-e1dd-4284-8dda-970f8bfd81a4,7,1465,True,12868,12868,144.14567799082397
1466,6abde408-e1dd-4284-8dda-970f8bfd81a4,7,1466,True,12901,12901,147.12763197163258
1467,6abde408-e1dd-4284-8dda-970f8bfd81a4,7,1467,True,12930,12930,137.62352913439463
1468,6abde408-e1dd-4284-8dda-970f8bfd81a4,7,1468,True,12956,12956,141.06853243294245
1469,6abde408-e1dd-4284-8dda-970f8bfd81a4,7,1469,True,12982,12982,163.82991958822822
1470,6abde408-e1dd-4284-8dda-970f8bfd81a4,7,1470,True,13011,13011,146.27977964553065
1471,6abde408-e1dd-4284-8dda-970f8bfd81a4,7,1471,True,13044,13044,146.62066786136893
1472,6abde408-e1dd-4284-8dda-970f8bfd81a4,7,1472,True,13074,13074,127.47555684188046
1473,6abde408-e1dd-4284-8dda-970f8bfd81a4,7,1473,True,13097,13097,120.12523366638925
1474,6abde408-e1dd-4284-8dda-970f8bfd81a4,7,1474,True,13121,13121,145.14730384885115
1475,6abde408-e1dd-4284-8dda-970f8bfd81a4,7,1475,True,13154,13154,148.6498952655038
1476,6abde408-e1dd-4284-8dda-970f8bfd81a4,7,1476,True,13186,13186,126.24454941690783
1477,6abde408-e1dd-4284-8dda-970f8bfd81a4,7,1477,True,13213,13213,166.2606060331109
1478,6abde408-e1dd-4284-8dda-970f8bfd81a4,7,1478,True,13232,13232,177.05539135226718
1479,6abde408-e1dd-4284-8dda-970f8bfd81a4,7,1479,True,13269,13269,149.88634271239607
1480,6abde408-e1dd-4284-8dda-970f8bfd81a4,7,1480,True,13293,13293,178.27656316970206
1481,6abde408-e1dd-4284-8dda-970f8bfd81a4,7,1481,True,13320,13320,141.0826477668943
1482,6abde408-e1dd-4284-8dda-970f8bfd81a4,7,1482,True,13352,13352,176.38429818871919
1483,6abde408-e1dd-4284-8dda-970f8bfd81a4,7,1483,True,13380,13380,158.58324981340593
1484,6abde408-e1dd-4284-8dda-970f8bfd81a4,7,1484,True,13412,13412,167.9566181989012
1485,6abde408-e1dd-4284-8dda-970f8bfd81a4,7,1485,True,13446,13446,145.77781948577467
1486,6abde408-e1dd-4284-8dda-970f8bfd81a4,7,1486,True,13471,13471,142.57144605155008
1487,6abde408-e1dd-4284-8dda-970f8bfd81a4,7,1487,True,13499,13499,181.50491360100386
1488,6abde408-e1dd-4284-8dda-970f8bfd81a4,7,1488,True,13515,13515,141.09272021292782
1489,6abde408-e1dd-4284-8dda-970f8bfd81a4,7,1489,True,13544,13544,162.04200950866652
1490,6abde408-e1dd-4284-8dda-970f8bfd81a4,7,1490,True,13578,13578,143.28734621741933
1491,6abde408-e1dd-4284-8dda-970f8bfd81a4,7,1491,True,13601,13601,130.35085633491872
1492,6abde408-e1dd-4284-8dda-970f8bfd81a4,7,1492,True,13632,13632,165.14483895414378
1493,6abde408-e1dd-4284-8dda-970f8bfd81a4,7,1493,True,13661,13661,124.68251946182863
1494,6abde408-e1dd-4284-8dda-970f8bfd81a4,7,1494,True,13683,13683,172.5664685909469
1495,6abde408-e1dd-4284-8dda-970f8bfd81a4,7,1495,True,13716,13716,193.40846287817658
1496,6abde408-e1dd-4284-8dda-970f8bfd81a4,7,1496,True,13748,13748,220.58858285739188
1497,6abde408-e1dd-4284-8dda-970f8bfd81a4,7,1497,True,13780,13780,176.30315725505898
1498,6abde408-e1dd-4284-8dda-970f8bfd81a4,7,1498,True,13811,13811,157.58858285739188
1499,6abde408-e1dd-4284-8dda-970f8bfd81a4,7,1499,True,13848,13848,158.55482614484936
1500,6abde408-e1dd-4284-8dda-970f8bfd81a4,7,1500,True,13866,13866,151.14644250306628
1501,6abde408-e1dd-4284-8dda-970f8bfd81a4,7,1501,True,13899,13899,167.0638261707045
1502,6abde408-e1dd-4284-8dda-970f8bfd81a4,7,1502,True,13931,13931,167.8626357407884
1503,6abde408-e1dd-4284-8dda-970f8bfd81a4,7,1503,True,13956,13956,159.84092362031333
1504,6abde408-e1dd-4284-8dda-970f8bfd81a4,7,1504,True,13997,13997,180.91895165975984
1505,6abde408-e1dd-4284-8dda-970f8bfd81a4,7,1505,True,14035,14035,180.00242879125653
1506,6abde408-e1dd-4284-8dda-970f8bfd81a4,7,1506,True,14064,14064,140.2006852427785
1507,6abde408-e1dd-4284-8dda-970f8bfd81a4,7,1507,True,14089,14089,141.76919864281263
1508,6abde408-e1dd-4284-8dda-970f8bfd81a4,7,1508,True,14121,14121,121.81326992081449
1509,6abde408-e1dd-4284-8dda-970f8bfd81a4,7,1509,True,14152,14152,144.51379095011544
1510,6abde408-e1dd-4284-8dda-970f8bfd81a4,7,1510,True,14177,14177,128.75512082376554
1511,6abde408-e1dd-4284-8dda-970f8bfd81a4,7,1511,True,14204,14204,166.91336002191565
1512,6abde408-e1dd-4284-8dda-970f8bfd81a4,7,1512,True,14229,14229,165.81928611360308
1513,6abde408-e1dd-4284-8dda-970f8bfd81a4,7,1513,True,14267,14267,151.73248215480817
1514,6abde408-e1dd-4284-8dda-970f8bfd81a4,7,1514,True,14293,14293,136.07698971116952
1515,6abde408-e1dd-4284-8dda-970f8bfd81a4,7,1515,True,14310,14310,138.63200009828688
1516,6abde408-e1dd-4284-8dda-970f8bfd81a4,7,1516,True,14332,14332,181.09589908605267
1517,6abde408-e1dd-4284-8dda-970f8bfd81a4,7,1517,True,14359,14359,164.6116113562839
1518,6abde408-e1dd-4284-8dda-970f8bfd81a4,7,1518,True,14382,14382,141.6116113562839
1519,6abde408-e1dd-4284-8dda-970f8bfd81a4,7,1519,True,14412,14412,169.76303377160366
1520,6abde408-e1dd-4284-8dda-970f8bfd81a4,7,1520,True,14444,14444,126.56117565973182
1521,6abde408-e1dd-4284-8dda-970f8bfd81a4,7,1521,True,14480,14480,217.73075998897912
1522,6abde408-e1dd-4284-8dda-970f8bfd81a4,7,1522,True,14512,14512,144.49988637509887
1523,6abde408-e1dd-4284-8dda-970f8bfd81a4,7,1523,True,14542,14542,142.19925082237387
1524,6abde408-e1dd-4284-8dda-970f8bfd81a4,7,1524,True,14568,14568,142.68742464496245
1525,6abde408-e1dd-4284-8dda-970f8bfd81a4,7,1525,True,14593,14593,201.4431853336264
1526,6abde408-e1dd-4284-8dda-970f8bfd81a4,7,1526,True,14617,14617,190.75451327980954
1527,6abde408-e1dd-4284-8dda-970f8bfd81a4,7,1527,True,14639,14639,178.40037318099894
1528,6abde408-e1dd-4284-8dda-970f8bfd81a4,7,1528,True,14666,14666,180.78174352661154
1529,6abde408-e1dd-4284-8dda-970f8bfd81a4,7,1529,True,14686,14686,179.09987865746734
1530,6abde408-e1dd-4284-8dda-970f8bfd81a4,7,1530,True,14714,14714,159.57672664023812
1531,6abde408-e1dd-4284-8dda-970f8bfd81a4,7,1531,True,14742,14742,187.24199623398272
1532,6abde408-e1dd-4284-8dda-970f8bfd81a4,7,1532,True,14771,14771,171.9621870214014
1533,6abde408-e1dd-4284-8dda-970f8bfd81a4,7,1533,True,14793,14793,149.9621870214014
1534,6abde408-e1dd-4284-8dda-970f8bfd81a4,7,1534,True,14821,14821,205.07035576007002
1535,6abde408-e1dd-4284-8dda-970f8bfd81a4,7,1535,True,14846,14846,216.15153758672022
1536,6abde408-e1dd-4284-8dda-970f8bfd81a4,7,1536,True,14879,14879,170.0998483287549
1537,6abde408-e1dd-4284-8dda-970f8bfd81a4,7,1537,True,14909,14909,153.15153758672022
1538,6abde408-e1dd-4284-8dda-970f8bfd81a4,7,1538,True,14935,14935,165.41450962125964
1539,6abde408-e1dd-4284-8dda-970f8bfd81a4,7,1539,True,14968,14968,193.4650636449478
1540,6abde408-e1dd-4284-8dda-970f8bfd81a4,7,1540,True,14997,14997,154.5920834949775
1541,6abde408-e1dd-4284-8dda-970f8bfd81a4,7,1541,True,15020,15020,171.85042312109545
1542,6abde408-e1dd-4284-8dda-970f8bfd81a4,7,1542,True,15049,15049,131.91440607789082
1543,6abde408-e1dd-4284-8dda-970f8bfd81a4,7,1543,True,15077,15077,179.47632812076517
1544,6abde408-e1dd-4284-8dda-970f8bfd81a4,7,1544,True,15099,15099,129.889523910555
1545,6abde408-e1dd-4284-8dda-970f8bfd81a4,7,1545,True,15126,15126,154.58413417769407
1546,6abde408-e1dd-4284-8dda-970f8bfd81a4,7,1546,True,15142,15142,126.00509634660375
1547,6abde408-e1dd-4284-8dda-970f8bfd81a4,7,1547,True,15173,15173,163.8088379369583
1548,6abde408-e1dd-4284-8dda-970f8bfd81a4,7,1548,True,15196,15196,130.28233763574644
1549,6abde408-e1dd-4284-8dda-970f8bfd81a4,7,1549,True,15220,15220,159.57410370155958
1550,6abde408-e1dd-4284-8dda-970f8bfd81a4,7,1550,True,15245,15245,148.63999724389214
1551,6abde408-e1dd-4284-8dda-970f8bfd81a4,7,1551,True,15278,15278,151.33340401041823
1552,6abde408-e1dd-4284-8dda-970f8bfd81a4,7,1552,True,15303,15303,153.20542129719433
1553,6abde408-e1dd-4284-8dda-970f8bfd81a4,7,1553,True,15336,15336,148.81976035041225
1554,6abde408-e1dd-4284-8dda-970f8bfd81a4,7,1554,True,15359,15359,172.96483759381954
1555,6abde408-e1dd-4284-8dda-970f8bfd81a4,7,1555,True,15386,15386,125.4869378650983
1556,6abde408-e1dd-4284-8dda-970f8bfd81a4,7,1556,True,15420,15420,121.50995345893716
1557,6abde408-e1dd-4284-8dda-970f8bfd81a4,7,1557,True,15446,15446,135.97039306775514
1558,6abde408-e1dd-4284-8dda-970f8bfd81a4,7,1558,True,15479,15479,126.37142612430216
1559,6abde408-e1dd-4284-8dda-970f8bfd81a4,7,1559,True,15506,15506,152.76395853832582
1560,6abde408-e1dd-4284-8dda-970f8bfd81a4,7,1560,True,15544,15544,141.8341262058275
1561,6abde408-e1dd-4284-8dda-970f8bfd81a4,7,1561,True,15582,15582,146.21457569806807
1562,6abde408-e1dd-4284-8dda-970f8bfd81a4,7,1562,True,15610,15610,127.00259008517787
1563,6abde408-e1dd-4284-8dda-970f8bfd81a4,7,1563,True,15637,15637,123.0189370882581
1564,6abde408-e1dd-4284-8dda-970f8bfd81a4,7,1564,True,15659,15659,154.96735369804264
1565,6abde408-e1dd-4284-8dda-970f8bfd81a4,7,1565,True,15690,15690,134.68611807591333
1566,6abde408-e1dd-4284-8dda-970f8bfd81a4,7,1566,True,15716,15716,161.4690415272289
1567,6abde408-e1dd-4284-8dda-970f8bfd81a4,7,1567,True,15745,15745,122.0834282137821
1568,6abde408-e1dd-4284-8dda-970f8bfd81a4,7,1568,True,15775,15775,168.78491183568985
1569,6abde408-e1dd-4284-8dda-970f8bfd81a4,7,1569,True,15800,15800,133.5418520295516
1570,6abde408-e1dd-4284-8dda-970f8bfd81a4,7,1570,True,15826,15826,180.62452345257225
1571,6abde408-e1dd-4284-8dda-970f8bfd81a4,7,1571,True,15859,15859,132.19198143883477
1572,6abde408-e1dd-4284-8dda-970f8bfd81a4,7,1572,True,15885,15885,189.19138781715992
1573,6abde408-e1dd-4284-8dda-970f8bfd81a4,7,1573,True,15905,15905,159.15780268483468
1574,6abde408-e1dd-4284-8dda-970f8bfd81a4,7,1574,True,15931,15931,153.4858366451026
1575,6abde408-e1dd-4284-8dda-970f8bfd81a4,7,1575,True,15961,15961,133.44061929047712
1576,6abde408-e1dd-4284-8dda-970f8bfd81a4,7,1576,True,15987,15987,160.95185737913744
1577,6abde408-e1dd-4284-8dda-970f8bfd81a4,7,1577,True,16009,16009,128.18071501314262
1578,6abde408-e1dd-4284-8dda-970f8bfd81a4,7,1578,True,16024,16024,147.07689761869733
1579,6abde408-e1dd-4284-8dda-970f8bfd81a4,7,1579,True,16046,16046,134.0894492836651
1580,6abde408-e1dd-4284-8dda-970f8bfd81a4,7,1580,True,16075,16075,155.30756679788465
1581,6abde408-e1dd-4284-8dda-970f8bfd81a4,7,1581,True,16103,16103,138.59641593092965
1582,6abde408-e1dd-4284-8dda-970f8bfd81a4,7,1582,True,16144,16144,135.8520986566
1583,6abde408-e1dd-4284-8dda-970f8bfd81a4,7,1583,True,16181,16181,124.87189479369772
1584,6abde408-e1dd-4284-8dda-970f8bfd81a4,7,1584,True,16211,16211,177.76114827133642
1585,6abde408-e1dd-4284-8dda-970f8bfd81a4,7,1585,True,16243,16243,136.67601838737392
1586,6abde408-e1dd-4284-8dda-970f8bfd81a4,7,1586,True,16274,16274,136.72123602988358
1587,6abde408-e1dd-4284-8dda-970f8bfd81a4,7,1587,True,16302,16302,197.92671538931972
1588,6abde408-e1dd-4284-8dda-970f8bfd81a4,7,1588,True,16329,16329,160.5691856324811
1589,6abde408-e1dd-4284-8dda-970f8bfd81a4,7,1589,True,16366,16366,149.83767100127807
1590,6abde408-e1dd-4284-8dda-970f8bfd81a4,7,1590,True,16400,16400,153.9655502139649
1591,6abde408-e1dd-4284-8dda-970f8bfd81a4,7,1591,True,16428,16428,144.10589895952216
1592,6abde408-e1dd-4284-8dda-970f8bfd81a4,7,1592,True,16457,16457,127.52925561647135
1593,6abde408-e1dd-4284-8dda-970f8bfd81a4,7,1593,True,16499,16499,146.4630716918
1594,6abde408-e1dd-4284-8dda-970f8bfd81a4,7,1594,True,16530,16530,142.1176094378352
1595,6abde408-e1dd-4284-8dda-970f8bfd81a4,7,1595,True,16560,16560,138.46298707129245
1596,6abde408-e1dd-4284-8dda-970f8bfd81a4,7,1596,True,16599,16599,132.58445773179847
1597,6abde408-e1dd-4284-8dda-970f8bfd81a4,7,1597,True,16632,16632,162.93326627154966
1598,6abde408-e1dd-4284-8dda-970f8bfd81a4,7,1598,True,16661,16661,203.41606507949837
1599,6abde408-e1dd-4284-8dda-970f8bfd81a4,7,1599,True,16692,16692,172.41606507949837
1600,6abde408-e1dd-4284-8dda-970f8bfd81a4,7,1600,True,16730,16730,163.3085952738693
1601,6abde408-e1dd-4284-8dda-970f8bfd81a4,7,1601,True,16760,16760,200.81375607675363
1602,6abde408-e1dd-4284-8dda-970f8bfd81a4,7,1602,True,16785,16785,175.81375607675363
1603,6abde408-e1dd-4284-8dda-970f8bfd81a4,7,1603,True,16811,16811,149.81375607675363
1604,6abde408-e1dd-4284-8dda-970f8bfd81a4,7,1604,True,16833,16833,185.7016325008808
1605,6abde408-e1dd-4284-8dda-970f8bfd81a4,7,1605,True,16852,16852,166.7016325008808
1606,6abde408-e1dd-4284-8dda-970f8bfd81a4,7,1606,True,16872,16872,156.61706614384457
1607,6abde408-e1dd-4284-8dda-970f8bfd81a4,7,1607,True,16902,16902,168.12888165417826
1608,6abde408-e1dd-4284-8dda-970f8bfd81a4,7,1608,True,16924,16924,157.99367353583875
1609,6abde408-e1dd-4284-8dda-970f8bfd81a4,7,1609,True,16970,16970,124.05745619132722
1610,6abde408-e1dd-4284-8dda-970f8bfd81a4,7,1610,True,17007,17007,207.88855604619312
1611,6abde408-e1dd-4284-8dda-970f8bfd81a4,7,1611,True,17023,17023,130.61353542774668
1612,6abde408-e1dd-4284-8dda-970f8bfd81a4,7,1612,True,17052,17052,174.63721387318583
1613,6abde408-e1dd-4284-8dda-970f8bfd81a4,7,1613,True,17077,17077,125.24232004966689
1614,6abde408-e1dd-4284-8dda-970f8bfd81a4,7,1614,True,17106,17106,160.47903604016392
1615,6abde408-e1dd-4284-8dda-970f8bfd81a4,7,1615,True,17130,17130,165.05063941540357
1616,6abde408-e1dd-4284-8dda-970f8bfd81a4,7,1616,True,17154,17154,156.65596887827633
1617,6abde408-e1dd-4284-8dda-970f8bfd81a4,7,1617,True,17180,17180,185.4060995347245
1618,6abde408-e1dd-4284-8dda-970f8bfd81a4,7,1618,True,17196,17196,148.20974817860042
1619,6abde408-e1dd-4284-8dda-970f8bfd81a4,7,1619,True,17219,17219,146.4060995347245
1620,6abde408-e1dd-4284-8dda-970f8bfd81a4,7,1620,True,17238,17238,157.59873878004146
1621,6abde408-e1dd-4284-8dda-970f8bfd81a4,7,1621,True,17263,17263,120.39050172442512
1622,6abde408-e1dd-4284-8dda-970f8bfd81a4,7,1622,True,17282,17282,139.1882115279368
1623,6abde408-e1dd-4284-8dda-970f8bfd81a4,7,1623,True,17314,17314,147.10127562909838
1624,6abde408-e1dd-4284-8dda-970f8bfd81a4,7,1624,True,17342,17342,129.14102962842662
1625,6abde408-e1dd-4284-8dda-970f8bfd81a4,7,1625,True,17367,17367,144.42898130005779
1626,6abde408-e1dd-4284-8dda-970f8bfd81a4,7,1626,True,17395,17395,127.23813170419453
1627,6abde408-e1dd-4284-8dda-970f8bfd81a4,7,1627,True,17424,17424,148.12388049197762
1628,6abde408-e1dd-4284-8dda-970f8bfd81a4,7,1628,True,17456,17456,130.17427281827258
1629,6abde408-e1dd-4284-8dda-970f8bfd81a4,7,1629,True,17477,17477,180.62100767469383
1630,6abde408-e1dd-4284-8dda-970f8bfd81a4,7,1630,True,17502,17502,172.00786019022416
1631,6abde408-e1dd-4284-8dda-970f8bfd81a4,7,1631,True,17533,17533,195.949332794582
1632,6abde408-e1dd-4284-8dda-970f8bfd81a4,7,1632,True,17564,17564,164.949332794582
1633,6abde408-e1dd-4284-8dda-970f8bfd81a4,7,1633,True,17594,17594,167.80738888766064
1634,6abde408-e1dd-4284-8dda-970f8bfd81a4,7,1634,True,17618,17618,156.39064948650412
1635,6abde408-e1dd-4284-8dda-970f8bfd81a4,7,1635,True,17644,17644,144.59010343862974
1636,6abde408-e1dd-4284-8dda-970f8bfd81a4,7,1636,True,17674,17674,150.39316172313193
1637,6abde408-e1dd-4284-8dda-970f8bfd81a4,7,1637,True,17704,17704,154.7843565315743
1638,6abde408-e1dd-4284-8dda-970f8bfd81a4,7,1638,True,17730,17730,143.01345051424505
1639,6abde408-e1dd-4284-8dda-970f8bfd81a4,7,1639,True,17762,17762,123.79658879544877
1640,6abde408-e1dd-4284-8dda-970f8bfd81a4,7,1640,True,17792,17792,147.15533210225112
1641,6abde408-e1dd-4284-8dda-970f8bfd81a4,7,1641,True,17822,17822,141.74644913921293
1642,6abde408-e1dd-4284-8dda-970f8bfd81a4,7,1642,True,17857,17857,189.38210675711525
1643,6abde408-e1dd-4284-8dda-970f8bfd81a4,7,1643,True,17884,17884,140.22603562749282
1644,6abde408-e1dd-4284-8dda-970f8bfd81a4,7,1644,True,17910,17910,182.3797223454676
1645,6abde408-e1dd-4284-8dda-970f8bfd81a4,7,1645,True,17935,17935,144.04649686049743
1646,6abde408-e1dd-4284-8dda-970f8bfd81a4,7,1646,True,17969,17969,149.36139505519532
1647,6abde408-e1dd-4284-8dda-970f8bfd81a4,7,1647,True,18007,18007,156.99884037174706
1648,6abde408-e1dd-4284-8dda-970f8bfd81a4,7,1648,True,18040,18040,113.76742539201223
1649,6abde408-e1dd-4284-8dda-970f8bfd81a4,7,1649,True,18072,18072,139.40423543755242
1650,6abde408-e1dd-4284-8dda-970f8bfd81a4,7,1650,True,18105,18105,155.55135868873185
1651,6abde408-e1dd-4284-8dda-970f8bfd81a4,7,1651,True,18129,18129,168.49153991234562
1652,6abde408-e1dd-4284-8dda-970f8bfd81a4,7,1652,True,18161,18161,124.8805468683895
1653,6abde408-e1dd-4284-8dda-970f8bfd81a4,7,1653,True,18196,18196,183.71228665720264
1654,6abde408-e1dd-4284-8dda-970f8bfd81a4,7,1654,True,18221,18221,168.38560868165587
1655,6abde408-e1dd-4284-8dda-970f8bfd81a4,7,1655,True,18250,18250,209.2803932557399
1656,6abde408-e1dd-4284-8dda-970f8bfd81a4,7,1656,True,18281,18281,178.2803932557399
1657,6abde408-e1dd-4284-8dda-970f8bfd81a4,7,1657,True,18308,18308,174.03390351666167
1658,6abde408-e1dd-4284-8dda-970f8bfd81a4,7,1658,True,18340,18340,166.71308854016388
1659,6abde408-e1dd-4284-8dda-970f8bfd81a4,7,1659,True,18371,18371,145.79071135956474
1660,6abde408-e1dd-4284-8dda-970f8bfd81a4,7,1660,True,18401,18401,166.25039802598621
1661,6abde408-e1dd-4284-8dda-970f8bfd81a4,7,1661,True,18424,18424,131.244193617189
1662,6abde408-e1dd-4284-8dda-970f8bfd81a4,7,1662,True,18445,18445,167.4681554122726
1663,6abde408-e1dd-4284-8dda-970f8bfd81a4,7,1663,True,18479,18479,152.1745554407753
1664,6abde408-e1dd-4284-8dda-970f8bfd81a4,7,1664,True,18511,18511,157.40225500671295
1665,6abde408-e1dd-4284-8dda-970f8bfd81a4,7,1665,True,18538,18538,119.83699110305679
1666,6abde408-e1dd-4284-8dda-970f8bfd81a4,7,1666,True,18563,18563,151.88729199987574
1667,6abde408-e1dd-4284-8dda-970f8bfd81a4,7,1667,True,18587,18587,152.2990417854635
1668,6abde408-e1dd-4284-8dda-970f8bfd81a4,7,1668,True,18617,18617,236.70431232777264
1669,6abde408-e1dd-4284-8dda-970f8bfd81a4,7,1669,True,18645,18645,177.55997237865813
1670,6abde408-e1dd-4284-8dda-970f8bfd81a4,7,1670,True,18669,18669,184.70431232777264
1671,6abde408-e1dd-4284-8dda-970f8bfd81a4,7,1671,True,18711,18711,209.24650486866813
1672,6abde408-e1dd-4284-8dda-970f8bfd81a4,7,1672,True,18746,18746,149.49675635656968
1673,6abde408-e1dd-4284-8dda-970f8bfd81a4,7,1673,True,18775,18775,243.5356700212251
1674,6abde408-e1dd-4284-8dda-970f8bfd81a4,7,1674,True,18793,18793,180.06180160697113
1675,6abde408-e1dd-4284-8dda-970f8bfd81a4,7,1675,True,18822,18822,122.47128370838618
1676,6abde408-e1dd-4284-8dda-970f8bfd81a4,7,1676,True,18859,18859,159.5356700212251
1677,6abde408-e1dd-4284-8dda-970f8bfd81a4,7,1677,True,18880,18880,149.05566465715674
1678,6abde408-e1dd-4284-8dda-970f8bfd81a4,7,1678,True,18904,18904,163.7287438892563
1679,6abde408-e1dd-4284-8dda-970f8bfd81a4,7,1679,True,18937,18937,171.6062558310623
1680,6abde408-e1dd-4284-8dda-970f8bfd81a4,7,1680,True,18961,18961,137.67439669862142
1681,6abde408-e1dd-4284-8dda-970f8bfd81a4,7,1681,True,18985,18985,149.01857922630734
1682,6abde408-e1dd-4284-8dda-970f8bfd81a4,7,1682,True,19015,19015,129.00126680682297
1683,6abde408-e1dd-4284-8dda-970f8bfd81a4,7,1683,True,19044,19044,168.242570789429
1684,6abde408-e1dd-4284-8dda-970f8bfd81a4,7,1684,True,19075,19075,148.39915687239045
1685,6abde408-e1dd-4284-8dda-970f8bfd81a4,7,1685,True,19105,19105,163.44237822451032
1686,6abde408-e1dd-4284-8dda-970f8bfd81a4,7,1686,True,19130,19130,149.67955525961588
1687,6abde408-e1dd-4284-8dda-970f8bfd81a4,7,1687,True,19167,19167,197.71853701307919
1688,6abde408-e1dd-4284-8dda-970f8bfd81a4,7,1688,True,19187,19187,158.24028713346343
1689,6abde408-e1dd-4284-8dda-970f8bfd81a4,7,1689,True,19218,19218,198.24409489548998
1690,6abde408-e1dd-4284-8dda-970f8bfd81a4,7,1690,True,19238,19238,150.68420654078727
1691,6abde408-e1dd-4284-8dda-970f8bfd81a4,7,1691,True,19269,19269,157.30987404540065
1692,6abde408-e1dd-4284-8dda-970f8bfd81a4,7,1692,True,19293,19293,148.31602069892324
1693,6abde408-e1dd-4284-8dda-970f8bfd81a4,7,1693,True,19321,19321,198.08248071377966
1694,6abde408-e1dd-4284-8dda-970f8bfd81a4,7,1694,True,19362,19362,131.35295421133196
1695,6abde408-e1dd-4284-8dda-970f8bfd81a4,7,1695,True,19390,19390,140.07786980881428
1696,6abde408-e1dd-4284-8dda-970f8bfd81a4,7,1696,True,19418,19418,147.8729154608991
1697,6abde408-e1dd-4284-8dda-970f8bfd81a4,7,1697,True,19447,19447,168.42500934078998
1698,6abde408-e1dd-4284-8dda-970f8bfd81a4,7,1698,True,19470,19470,156.87173038630863
1699,6abde408-e1dd-4284-8dda-970f8bfd81a4,7,1699,True,19495,19495,178.51637171400944
1700,6abde408-e1dd-4284-8dda-970f8bfd81a4,7,1700,True,19522,19522,162.36371712995606
1701,6abde408-e1dd-4284-8dda-970f8bfd81a4,7,1701,True,19551,19551,171.86811350476273
1702,6abde408-e1dd-4284-8dda-970f8bfd81a4,7,1702,True,19576,19576,156.64536277198204
1703,6abde408-e1dd-4284-8dda-970f8bfd81a4,7,1703,True,19602,19602,146.28649154558298
1704,6abde408-e1dd-4284-8dda-970f8bfd81a4,7,1704,True,19633,19633,165.78783173542251
1705,6abde408-e1dd-4284-8dda-970f8bfd81a4,7,1705,True,19654,19654,187.16500092819842
1706,6abde408-e1dd-4284-8dda-970f8bfd81a4,7,1706,True,19675,19675,175.6002926881447
1707,6abde408-e1dd-4284-8dda-970f8bfd81a4,7,1707,True,19706,19706,156.38549382730707
1708,6abde408-e1dd-4284-8dda-970f8bfd81a4,7,1708,True,19734,19734,194.73020309297863
1709,6abde408-e1dd-4284-8dda-970f8bfd81a4,7,1709,True,19764,19764,219.0890452759304
1710,6abde408-e1dd-4284-8dda-970f8bfd81a4,7,1710,True,19791,19791,165.78580296208384
1711,6abde408-e1dd-4284-8dda-970f8bfd81a4,7,1711,True,19825,19825,169.0426711787477
1712,6abde408-e1dd-4284-8dda-970f8bfd81a4,7,1712,True,19845,19845,178.29181263158898
1713,6abde408-e1dd-4284-8dda-970f8bfd81a4,7,1713,True,19874,19874,226.39130089326864
1714,6abde408-e1dd-4284-8dda-970f8bfd81a4,7,1714,True,19893,19893,217.98354424267745
1715,6abde408-e1dd-4284-8dda-970f8bfd81a4,7,1715,True,19913,19913,216.823917632355
1716,6abde408-e1dd-4284-8dda-970f8bfd81a4,7,1716,True,19941,19941,235.613428881039
1717,6abde408-e1dd-4284-8dda-970f8bfd81a4,7,1717,True,19971,19971,193.9047836261343
1718,6abde408-e1dd-4284-8dda-970f8bfd81a4,7,1718,True,20002,20002,174.613428881039
1719,6abde408-e1dd-4284-8dda-970f8bfd81a4,7,1719,True,20027,20027,286.7505533026706
1720,6abde408-e1dd-4284-8dda-970f8bfd81a4,7,1720,True,20056,20056,257.7505533026706
1721,6abde408-e1dd-4284-8dda-970f8bfd81a4,7,1721,True,20082,20082,218.72234263282735
1722,6abde408-e1dd-4284-8dda-970f8bfd81a4,7,1722,True,20109,20109,285.725018373716
1723,6abde408-e1dd-4284-8dda-970f8bfd81a4,7,1723,True,20140,20140,283.5704755552724
1724,6abde408-e1dd-4284-8dda-970f8bfd81a4,7,1724,True,20165,20165,258.5704755552724
1725,6abde408-e1dd-4284-8dda-970f8bfd81a4,7,1725,True,20196,20196,198.725018373716
1726,6abde408-e1dd-4284-8dda-970f8bfd81a4,7,1726,True,20227,20227,290.1250382155631
1727,6abde408-e1dd-4284-8dda-970f8bfd81a4,7,1727,True,20259,20259,205.45587509835968
1728,6abde408-e1dd-4284-8dda-970f8bfd81a4,7,1728,True,20285,20285,232.1250382155631
1729,6abde408-e1dd-4284-8dda-970f8bfd81a4,7,1729,True,20309,20309,208.1250382155631
1730,6abde408-e1dd-4284-8dda-970f8bfd81a4,7,1730,True,20335,20335,262.60313166704873
1731,6abde408-e1dd-4284-8dda-970f8bfd81a4,7,1731,True,20360,20360,169.59089306805618
1732,6abde408-e1dd-4284-8dda-970f8bfd81a4,7,1732,True,20382,20382,215.60313166704873
1733,6abde408-e1dd-4284-8dda-970f8bfd81a4,7,1733,True,20407,20407,178.66569797835837
1734,6abde408-e1dd-4284-8dda-970f8bfd81a4,7,1734,True,20433,20433,199.8536544448907
1735,6abde408-e1dd-4284-8dda-970f8bfd81a4,7,1735,True,20463,20463,179.44828231670908
1736,6abde408-e1dd-4284-8dda-970f8bfd81a4,7,1736,True,20493,20493,189.57196831666806
1737,6abde408-e1dd-4284-8dda-970f8bfd81a4,7,1737,True,20514,20514,146.47427814720504
1738,6abde408-e1dd-4284-8dda-970f8bfd81a4,7,1738,True,20543,20543,168.54512876757508
1739,6abde408-e1dd-4284-8dda-970f8bfd81a4,7,1739,True,20569,20569,168.70508062255976
1740,6abde408-e1dd-4284-8dda-970f8bfd81a4,7,1740,True,20590,20590,157.15935809565053
1741,6abde408-e1dd-4284-8dda-970f8bfd81a4,7,1741,True,20612,20612,197.73048036932596
1742,6abde408-e1dd-4284-8dda-970f8bfd81a4,7,1742,True,20635,20635,151.5422011493174
1743,6abde408-e1dd-4284-8dda-970f8bfd81a4,7,1743,True,20664,20664,145.73048036932596
1744,6abde408-e1dd-4284-8dda-970f8bfd81a4,7,1744,True,20699,20699,135.46150297552595
1745,6abde408-e1dd-4284-8dda-970f8bfd81a4,7,1745,True,20724,20724,151.3637340174064
1746,6abde408-e1dd-4284-8dda-970f8bfd81a4,7,1746,True,20752,20752,134.8280642696518
1747,6abde408-e1dd-4284-8dda-970f8bfd81a4,7,1747,True,20781,20781,192.37113749386117
1748,6abde408-e1dd-4284-8dda-970f8bfd81a4,7,1748,True,20807,20807,179.18235370040566
1749,6abde408-e1dd-4284-8dda-970f8bfd81a4,7,1749,True,20828,20828,158.18235370040566
1750,6abde408-e1dd-4284-8dda-970f8bfd81a4,7,1750,True,20855,20855,166.84719552440583
1751,6abde408-e1dd-4284-8dda-970f8bfd81a4,7,1751,True,20887,20887,146.68003297805626
1752,6abde408-e1dd-4284-8dda-970f8bfd81a4,7,1752,True,20921,20921,151.27857791449424
1753,6abde408-e1dd-4284-8dda-970f8bfd81a4,7,1753,True,20948,20948,134.2581200934983
1754,6abde408-e1dd-4284-8dda-970f8bfd81a4,7,1754,True,20969,20969,133.1362126971835
1755,6abde408-e1dd-4284-8dda-970f8bfd81a4,7,1755,True,21013,21013,117.26653898742734
1756,6abde408-e1dd-4284-8dda-970f8bfd81a4,7,1756,True,21044,21044,133.65208223725858
1757,6abde408-e1dd-4284-8dda-970f8bfd81a4,7,1757,True,21070,21070,158.78641768476882
1758,6abde408-e1dd-4284-8dda-970f8bfd81a4,7,1758,True,21100,21100,128.78641768476882
1759,6abde408-e1dd-4284-8dda-970f8bfd81a4,7,1759,True,21119,21119,138.3074739300282
1760,6abde408-e1dd-4284-8dda-970f8bfd81a4,7,1760,True,21143,21143,124.69954840950231
1761,6abde408-e1dd-4284-8dda-970f8bfd81a4,7,1761,True,21170,21170,174.1403782249945
1762,6abde408-e1dd-4284-8dda-970f8bfd81a4,7,1762,True,21196,21196,118.15490879481877
1763,6abde408-e1dd-4284-8dda-970f8bfd81a4,7,1763,True,21225,21225,129.35920218432148
1764,6abde408-e1dd-4284-8dda-970f8bfd81a4,7,1764,True,21251,21251,122.7545669328756
1765,6abde408-e1dd-4284-8dda-970f8bfd81a4,7,1765,True,21278,21278,155.65180755901747
1766,6abde408-e1dd-4284-8dda-970f8bfd81a4,7,1766,True,21311,21311,144.577461923589
1767,6abde408-e1dd-4284-8dda-970f8bfd81a4,7,1767,True,21340,21340,165.49968803107913
1768,6abde408-e1dd-4284-8dda-970f8bfd81a4,7,1768,True,21373,21373,145.27216447112733
1769,6abde408-e1dd-4284-8dda-970f8bfd81a4,7,1769,True,21406,21406,112.27216447112733
1770,6abde408-e1dd-4284-8dda-970f8bfd81a4,7,1770,True,21439,21439,126.87564146403747
1771,6abde408-e1dd-4284-8dda-970f8bfd81a4,7,1771,True,21467,21467,129.4950318932315
1772,6abde408-e1dd-4284-8dda-970f8bfd81a4,7,1772,True,21490,21490,130.10343088284571
1773,6abde408-e1dd-4284-8dda-970f8bfd81a4,7,1773,True,21519,21519,113.63522952390849
1774,6abde408-e1dd-4284-8dda-970f8bfd81a4,7,1774,True,21536,21536,110.78071831945635
1775,6abde408-e1dd-4284-8dda-970f8bfd81a4,7,1775,True,21568,21568,127.92651690527055
1776,6abde408-e1dd-4284-8dda-970f8bfd81a4,7,1776,True,21591,21591,114.33527669155592
1777,6abde408-e1dd-4284-8dda-970f8bfd81a4,7,1777,True,21610,21610,123.10526035526345
1778,6abde408-e1dd-4284-8dda-970f8bfd81a4,7,1778,True,21632,21632,153.69238036825845
1779,6abde408-e1dd-4284-8dda-970f8bfd81a4,7,1779,True,21655,21655,140.83333777431835
1780,6abde408-e1dd-4284-8dda-970f8bfd81a4,7,1780,True,21671,21671,163.10323729896845
1781,6abde408-e1dd-4284-8dda-970f8bfd81a4,7,1781,True,21699,21699,144.1611474513047
1782,6abde408-e1dd-4284-8dda-970f8bfd81a4,7,1782,True,21725,21725,163.24991388774652
1783,6abde408-e1dd-4284-8dda-970f8bfd81a4,7,1783,True,21746,21746,119.29236885079445
1784,6abde408-e1dd-4284-8dda-970f8bfd81a4,7,1784,True,21763,21763,142.4136558725222
1785,6abde408-e1dd-4284-8dda-970f8bfd81a4,7,1785,True,21792,21792,138.52423240585995
1786,6abde408-e1dd-4284-8dda-970f8bfd81a4,7,1786,True,21827,21827,145.8176513871622
1787,6abde408-e1dd-4284-8dda-970f8bfd81a4,7,1787,True,21868,21868,122.10909035948134
1788,6abde408-e1dd-4284-8dda-970f8bfd81a4,7,1788,True,21888,21888,111.57644617457845
1789,6abde408-e1dd-4284-8dda-970f8bfd81a4,7,1789,True,21910,21910,134.70618851528343
1790,6abde408-e1dd-4284-8dda-970f8bfd81a4,7,1790,True,21940,21940,116.53584724958637
1791,6abde408-e1dd-4284-8dda-970f8bfd81a4,7,1791,True,21964,21964,135.35977223514055
1792,6abde408-e1dd-4284-8dda-970f8bfd81a4,7,1792,True,21986,21986,124.42365880933721
1793,6abde408-e1dd-4284-8dda-970f8bfd81a4,7,1793,True,22007,22007,145.33115432627528
1794,6abde408-e1dd-4284-8dda-970f8bfd81a4,7,1794,True,22030,22030,169.17211003675766
1795,6abde408-e1dd-4284-8dda-970f8bfd81a4,7,1795,True,22069,22069,155.97604619671984
1796,6abde408-e1dd-4284-8dda-970f8bfd81a4,7,1796,True,22095,22095,156.6466337682832
1797,6abde408-e1dd-4284-8dda-970f8bfd81a4,7,1797,True,22113,22113,148.83044020245143
1798,6abde408-e1dd-4284-8dda-970f8bfd81a4,7,1798,True,22143,22143,250.37646957094694
1799,6abde408-e1dd-4284-8dda-970f8bfd81a4,7,1799,True,22169,22169,160.79276026323714
1800,6abde408-e1dd-4284-8dda-970f8bfd81a4,7,1800,True,22195,22195,198.37646957094694
1801,6abde408-e1dd-4284-8dda-970f8bfd81a4,7,1801,True,22220,22220,224.19909560336237
1802,6abde408-e1dd-4284-8dda-970f8bfd81a4,7,1802,True,22240,22240,188.22257054073998
1803,6abde408-e1dd-4284-8dda-970f8bfd81a4,7,1803,True,22269,22269,148.24197285077025
1804,6abde408-e1dd-4284-8dda-970f8bfd81a4,7,1804,True,22294,22294,191.40162039411734
1805,6abde408-e1dd-4284-8dda-970f8bfd81a4,7,1805,True,22317,22317,155.01036471957923
1806,6abde408-e1dd-4284-8dda-970f8bfd81a4,7,1806,True,22339,22339,159.94372971034682
1807,6abde408-e1dd-4284-8dda-970f8bfd81a4,7,1807,True,22370,22370,208.8991771384426
1808,6abde408-e1dd-4284-8dda-970f8bfd81a4,7,1808,True,22397,22397,153.3842502190564
1809,6abde408-e1dd-4284-8dda-970f8bfd81a4,7,1809,True,22415,22415,187.72725445483957
1810,6abde408-e1dd-4284-8dda-970f8bfd81a4,7,1810,True,22440,22440,173.46930158549003
1811,6abde408-e1dd-4284-8dda-970f8bfd81a4,7,1811,True,22463,22463,174.02684296642474
1812,6abde408-e1dd-4284-8dda-970f8bfd81a4,7,1812,True,22485,22485,161.9348363852696
1813,6abde408-e1dd-4284-8dda-970f8bfd81a4,7,1813,True,22510,22510,231.3251769536182
1814,6abde408-e1dd-4284-8dda-970f8bfd81a4,7,1814,True,22536,22536,242.69336183830092
1815,6abde408-e1dd-4284-8dda-970f8bfd81a4,7,1815,True,22571,22571,196.63603183897794
1816,6abde408-e1dd-4284-8dda-970f8bfd81a4,7,1816,True,22602,22602,199.5162095776759
1817,6abde408-e1dd-4284-8dda-970f8bfd81a4,7,1817,True,22628,22628,256.9245983906694
1818,6abde408-e1dd-4284-8dda-970f8bfd81a4,7,1818,True,22654,22654,240.0523481357377
1819,6abde408-e1dd-4284-8dda-970f8bfd81a4,7,1819,True,22685,22685,260.83089973887036
1820,6abde408-e1dd-4284-8dda-970f8bfd81a4,7,1820,True,22706,22706,207.92602758025168
1821,6abde408-e1dd-4284-8dda-970f8bfd81a4,7,1821,True,22745,22745,191.14616685189685
1822,6abde408-e1dd-4284-8dda-970f8bfd81a4,7,1822,True,22768,22768,194.90678356158605
1823,6abde408-e1dd-4284-8dda-970f8bfd81a4,7,1823,True,22798,22798,214.26015068191555
1824,6abde408-e1dd-4284-8dda-970f8bfd81a4,7,1824,True,22824,22824,177.76913473603054
1825,6abde408-e1dd-4284-8dda-970f8bfd81a4,7,1825,True,22853,22853,213.50482104402545
1826,6abde408-e1dd-4284-8dda-970f8bfd81a4,7,1826,True,22875,22875,255.17370622997987
1827,6abde408-e1dd-4284-8dda-970f8bfd81a4,7,1827,True,22904,22904,192.1328325261602
1828,6abde408-e1dd-4284-8dda-970f8bfd81a4,7,1828,True,22927,22927,192.02433169518918
1829,6abde408-e1dd-4284-8dda-970f8bfd81a4,7,1829,True,22959,22959,207.97131340016858
1830,6abde408-e1dd-4284-8dda-970f8bfd81a4,7,1830,True,22983,22983,194.13613404854186
1831,6abde408-e1dd-4284-8dda-970f8bfd81a4,7,1831,True,23012,23012,184.10968786299782
1832,6abde408-e1dd-4284-8dda-970f8bfd81a4,7,1832,True,23044,23044,178.85484634478053
1833,6abde408-e1dd-4284-8dda-970f8bfd81a4,7,1833,True,23072,23072,167.4039406927768
1834,6abde408-e1dd-4284-8dda-970f8bfd81a4,7,1834,True,23096,23096,231.019822536211
1835,6abde408-e1dd-4284-8dda-970f8bfd81a4,7,1835,True,23125,23125,190.48986432430684
1836,6abde408-e1dd-4284-8dda-970f8bfd81a4,7,1836,True,23149,23149,178.019822536211
1837,6abde408-e1dd-4284-8dda-970f8bfd81a4,7,1837,True,23177,23177,190.58371334657204
1838,6abde408-e1dd-4284-8dda-970f8bfd81a4,7,1838,True,23209,23209,158.58371334657204
1839,6abde408-e1dd-4284-8dda-970f8bfd81a4,7,1839,True,23231,23231,183.8857899401155
1840,6abde408-e1dd-4284-8dda-970f8bfd81a4,7,1840,True,23250,23250,176.1589849533193
1841,6abde408-e1dd-4284-8dda-970f8bfd81a4,7,1841,True,23278,23278,162.99793686071644
1842,6abde408-e1dd-4284-8dda-970f8bfd81a4,7,1842,True,23306,23306,174.45878192661985
1843,6abde408-e1dd-4284-8dda-970f8bfd81a4,7,1843,True,23328,23328,142.2851759339319
1844,6abde408-e1dd-4284-8dda-970f8bfd81a4,7,1844,True,23362,23362,181.970077503036
1845,6abde408-e1dd-4284-8dda-970f8bfd81a4,7,1845,True,23397,23397,222.7628832448936
1846,6abde408-e1dd-4284-8dda-970f8bfd81a4,7,1846,True,23430,23430,172.8821903824064
1847,6abde408-e1dd-4284-8dda-970f8bfd81a4,7,1847,True,23459,23459,175.4714313237855
1848,6abde408-e1dd-4284-8dda-970f8bfd81a4,7,1848,True,23483,23483,169.4045362650104
1849,6abde408-e1dd-4284-8dda-970f8bfd81a4,7,1849,True,23506,23506,181.1564490192577
1850,6abde408-e1dd-4284-8dda-970f8bfd81a4,7,1850,True,23535,23535,216.29870245076017
1851,6abde408-e1dd-4284-8dda-970f8bfd81a4,7,1851,True,23562,23562,175.41801941342055
1852,6abde408-e1dd-4284-8dda-970f8bfd81a4,7,1852,True,23581,23581,208.30382664042918
1853,6abde408-e1dd-4284-8dda-970f8bfd81a4,7,1853,True,23603,23603,196.46781351481695
1854,6abde408-e1dd-4284-8dda-970f8bfd81a4,7,1854,True,23626,23626,152.38877714850605
1855,6abde408-e1dd-4284-8dda-970f8bfd81a4,7,1855,True,23652,23652,195.58649077445443
1856,6abde408-e1dd-4284-8dda-970f8bfd81a4,7,1856,True,23682,23682,239.06684729225526
1857,6abde408-e1dd-4284-8dda-970f8bfd81a4,7,1857,True,23720,23720,264.45970440290694
1858,6abde408-e1dd-4284-8dda-970f8bfd81a4,7,1858,True,23747,23747,223.3042899668726
1859,6abde408-e1dd-4284-8dda-970f8bfd81a4,7,1859,True,23777,23777,193.3042899668726
1860,6abde408-e1dd-4284-8dda-970f8bfd81a4,7,1860,True,23808,23808,176.45970440290694
1861,6abde408-e1dd-4284-8dda-970f8bfd81a4,7,1861,True,23843,23843,179.746759522699
1862,6abde408-e1dd-4284-8dda-970f8bfd81a4,7,1862,True,23867,23867,225.90115520509062
1863,6abde408-e1dd-4284-8dda-970f8bfd81a4,7,1863,True,23895,23895,171.1062073295543
1864,6abde408-e1dd-4284-8dda-970f8bfd81a4,7,1864,True,23918,23918,174.90115520509062
1865,6abde408-e1dd-4284-8dda-970f8bfd81a4,7,1865,True,23950,23950,171.18562548084446
1866,6abde408-e1dd-4284-8dda-970f8bfd81a4,7,1866,True,23976,23976,188.786966397347
1867,6abde408-e1dd-4284-8dda-970f8bfd81a4,7,1867,True,24014,24014,182.58944894787783
1868,6abde408-e1dd-4284-8dda-970f8bfd81a4,7,1868,True,24046,24046,192.493316931781
1869,6abde408-e1dd-4284-8dda-970f8bfd81a4,7,1869,True,24072,24072,178.77505872063193
1870,6abde408-e1dd-4284-8dda-970f8bfd81a4,7,1870,True,24102,24102,148.77505872063193
1871,6abde408-e1dd-4284-8dda-970f8bfd81a4,7,1871,True,24131,24131,143.53986665768753
1872,6abde408-e1dd-4284-8dda-970f8bfd81a4,7,1872,True,24159,24159,161.01672471349957
1873,6abde408-e1dd-4284-8dda-970f8bfd81a4,7,1873,True,24186,24186,144.1501686427182
1874,6abde408-e1dd-4284-8dda-970f8bfd81a4,7,1874,True,24218,24218,156.5489245284698
1875,6abde408-e1dd-4284-8dda-970f8bfd81a4,7,1875,True,24244,24244,141.5059903755864
1876,6abde408-e1dd-4284-8dda-970f8bfd81a4,7,1876,True,24267,24267,131.2628773623219
1877,6abde408-e1dd-4284-8dda-970f8bfd81a4,7,1877,True,24303,24303,142.8233954503994
1878,6abde408-e1dd-4284-8dda-970f8bfd81a4,7,1878,True,24337,24337,134.9290396268334
1879,6abde408-e1dd-4284-8dda-970f8bfd81a4,7,1879,True,24377,24377,108.62016208769637
1880,6abde408-e1dd-4284-8dda-970f8bfd81a4,7,1880,True,24402,24402,107.1057088901216
1881,6abde408-e1dd-4284-8dda-970f8bfd81a4,7,1881,True,24429,24429,150.4258100233492
1882,6abde408-e1dd-4284-8dda-970f8bfd81a4,7,1882,True,24453,24453,110.62488131749706
1883,6abde408-e1dd-4284-8dda-970f8bfd81a4,7,1883,True,24478,24478,112.38411863936926
1884,6abde408-e1dd-4284-8dda-970f8bfd81a4,7,1884,True,24512,24512,122.68040085189568
1885,6abde408-e1dd-4284-8dda-970f8bfd81a4,7,1885,True,24533,24533,123.42349776475749
1886,6abde408-e1dd-4284-8dda-970f8bfd81a4,7,1886,True,24572,24572,123.80846553720767
1887,6abde408-e1dd-4284-8dda-970f8bfd81a4,7,1887,True,24597,24597,126.78461876979054
1888,6abde408-e1dd-4284-8dda-970f8bfd81a4,7,1888,True,24627,24627,151.6542791705615
1889,6abde408-e1dd-4284-8dda-970f8bfd81a4,7,1889,True,24647,24647,91.18161327598136
1890,6abde408-e1dd-4284-8dda-970f8bfd81a4,7,1890,True,24672,24672,119.76870387235977
1891,6abde408-e1dd-4284-8dda-970f8bfd81a4,7,1891,True,24711,24711,169.84990209643365
1892,6abde408-e1dd-4284-8dda-970f8bfd81a4,7,1892,True,24745,24745,169.2009884223662
1893,6abde408-e1dd-4284-8dda-970f8bfd81a4,7,1893,True,24776,24776,163.27298953218997
1894,6abde408-e1dd-4284-8dda-970f8bfd81a4,7,1894,True,24807,24807,119.44108519055226
1895,6abde408-e1dd-4284-8dda-970f8bfd81a4,7,1895,True,24842,24842,172.61955779310665
1896,6abde408-e1dd-4284-8dda-970f8bfd81a4,7,1896,True,24869,24869,156.2767545016286
1897,6abde408-e1dd-4284-8dda-970f8bfd81a4,7,1897,True,24895,24895,119.61955779310665
1898,6abde408-e1dd-4284-8dda-970f8bfd81a4,7,1898,True,24929,24929,111.13856273428246
1899,6abde408-e1dd-4284-8dda-970f8bfd81a4,7,1899,True,24951,24951,136.5730000816293
1900,6abde408-e1dd-4284-8dda-970f8bfd81a4,7,1900,True,24979,24979,118.28934732676498
1901,6abde408-e1dd-4284-8dda-970f8bfd81a4,7,1901,True,25006,25006,140.0640457123809
1902,6abde408-e1dd-4284-8dda-970f8bfd81a4,7,1902,True,25026,25026,131.58172291007213
1903,6abde408-e1dd-4284-8dda-970f8bfd81a4,7,1903,True,25056,25056,157.3197946006876
1904,6abde408-e1dd-4284-8dda-970f8bfd81a4,7,1904,True,25082,25082,118.925718737235
1905,6abde408-e1dd-4284-8dda-970f8bfd81a4,7,1905,True,25113,25113,128.934286769374
1906,6abde408-e1dd-4284-8dda-970f8bfd81a4,7,1906,True,25139,25139,117.74877511148588
1907,6abde408-e1dd-4284-8dda-970f8bfd81a4,7,1907,True,25170,25170,147.27137492023758
1908,6abde408-e1dd-4284-8dda-970f8bfd81a4,7,1908,True,25194,25194,113.08765412506546
1909,6abde408-e1dd-4284-8dda-970f8bfd81a4,7,1909,True,25233,25233,104.48449692510258
1910,6abde408-e1dd-4284-8dda-970f8bfd81a4,7,1910,True,25265,25265,149.2199803210351
1911,6abde408-e1dd-4284-8dda-970f8bfd81a4,7,1911,True,25286,25286,116.85814530738571
1912,6abde408-e1dd-4284-8dda-970f8bfd81a4,7,1912,True,25312,25312,116.06569369049612
1913,6abde408-e1dd-4284-8dda-970f8bfd81a4,7,1913,True,25337,25337,102.14865143120551
1914,6abde408-e1dd-4284-8dda-970f8bfd81a4,7,1914,True,25364,25364,138.2938275424167
1915,6abde408-e1dd-4284-8dda-970f8bfd81a4,7,1915,True,25392,25392,119.24057730636196
1916,6abde408-e1dd-4284-8dda-970f8bfd81a4,7,1916,True,25416,25416,106.67684936458681
1917,6abde408-e1dd-4284-8dda-970f8bfd81a4,7,1917,True,25446,25446,146.46919438477198
1918,6abde408-e1dd-4284-8dda-970f8bfd81a4,7,1918,True,25472,25472,110.61746245504037
1919,6abde408-e1dd-4284-8dda-970f8bfd81a4,7,1919,True,25505,25505,112.06035613710264
1920,6abde408-e1dd-4284-8dda-970f8bfd81a4,7,1920,True,25538,25538,103.86936404812514
1921,6abde408-e1dd-4284-8dda-970f8bfd81a4,7,1921,True,25564,25564,151.02342037476774
1922,6abde408-e1dd-4284-8dda-970f8bfd81a4,7,1922,True,25588,25588,138.19372698011648
1923,6abde408-e1dd-4284-8dda-970f8bfd81a4,7,1923,True,25616,25616,159.46159138478833
1924,6abde408-e1dd-4284-8dda-970f8bfd81a4,7,1924,True,25643,25643,123.20143772053416
1925,6abde408-e1dd-4284-8dda-970f8bfd81a4,7,1925,True,25668,25668,152.26144500470764
1926,6abde408-e1dd-4284-8dda-970f8bfd81a4,7,1926,True,25691,25691,116.45359623472177
1927,6abde408-e1dd-4284-8dda-970f8bfd81a4,7,1927,True,25714,25714,158.52148434405535
1928,6abde408-e1dd-4284-8dda-970f8bfd81a4,7,1928,True,25746,25746,137.03740790404117
1929,6abde408-e1dd-4284-8dda-970f8bfd81a4,7,1929,True,25766,25766,184.731346812845
1930,6abde408-e1dd-4284-8dda-970f8bfd81a4,7,1930,True,25793,25793,218.41970608932388
1931,6abde408-e1dd-4284-8dda-970f8bfd81a4,7,1931,True,25821,25821,179.89775326686504
1932,6abde408-e1dd-4284-8dda-970f8bfd81a4,7,1932,True,25847,25847,175.5295074627793
1933,6abde408-e1dd-4284-8dda-970f8bfd81a4,7,1933,True,25878,25878,163.8462763018906
1934,6abde408-e1dd-4284-8dda-970f8bfd81a4,7,1934,True,25901,25901,173.64914271538873
1935,6abde408-e1dd-4284-8dda-970f8bfd81a4,7,1935,True,25923,25923,200.92552039358634
1936,6abde408-e1dd-4284-8dda-970f8bfd81a4,7,1936,True,25949,25949,151.991569929065
1937,6abde408-e1dd-4284-8dda-970f8bfd81a4,7,1937,True,25974,25974,176.7844816962679
1938,6abde408-e1dd-4284-8dda-970f8bfd81a4,7,1938,True,26005,26005,157.68263441836461
1939,6abde408-e1dd-4284-8dda-970f8bfd81a4,7,1939,True,26037,26037,167.27009948157502
1940,6abde408-e1dd-4284-8dda-970f8bfd81a4,7,1940,True,26071,26071,214.73719670550418
1941,6abde408-e1dd-4284-8dda-970f8bfd81a4,7,1941,True,26102,26102,159.9805414338225
1942,6abde408-e1dd-4284-8dda-970f8bfd81a4,7,1942,True,26125,26125,160.73719670550418
1943,6abde408-e1dd-4284-8dda-970f8bfd81a4,7,1943,True,26150,26150,235.21944265489583
1944,6abde408-e1dd-4284-8dda-970f8bfd81a4,7,1944,True,26173,26173,200.6895464281115
1945,6abde408-e1dd-4284-8dda-970f8bfd81a4,7,1945,True,26191,26191,141.96684289412224
1946,6abde408-e1dd-4284-8dda-970f8bfd81a4,7,1946,True,26220,26220,165.21944265489583
1947,6abde408-e1dd-4284-8dda-970f8bfd81a4,7,1947,True,26246,26246,188.31022328166364
1948,6abde408-e1dd-4284-8dda-970f8bfd81a4,7,1948,True,26274,26274,198.19863697055553
1949,6abde408-e1dd-4284-8dda-970f8bfd81a4,7,1949,True,26291,26291,166.65082547058046
1950,6abde408-e1dd-4284-8dda-970f8bfd81a4,7,1950,True,26315,26315,222.43793225227637
1951,6abde408-e1dd-4284-8dda-970f8bfd81a4,7,1951,True,26337,26337,188.8639808324806
1952,6abde408-e1dd-4284-8dda-970f8bfd81a4,7,1952,True,26358,26358,179.43793225227637
1953,6abde408-e1dd-4284-8dda-970f8bfd81a4,7,1953,True,26379,26379,196.93598038321215
1954,6abde408-e1dd-4284-8dda-970f8bfd81a4,7,1954,True,26415,26415,214.10497471239796
1955,6abde408-e1dd-4284-8dda-970f8bfd81a4,7,1955,True,26448,26448,181.10497471239796
1956,6abde408-e1dd-4284-8dda-970f8bfd81a4,7,1956,True,26470,26470,169.53963142559587
1957,6abde408-e1dd-4284-8dda-970f8bfd81a4,7,1957,True,26506,26506,173.36246827180003
1958,6abde408-e1dd-4284-8dda-970f8bfd81a4,7,1958,True,26541,26541,163.52370593907108
1959,6abde408-e1dd-4284-8dda-970f8bfd81a4,7,1959,True,26565,26565,171.63499036919166
1960,6abde408-e1dd-4284-8dda-970f8bfd81a4,7,1960,True,26591,26591,160.39040710069457
1961,6abde408-e1dd-4284-8dda-970f8bfd81a4,7,1961,True,26619,26619,142.50147949937673
1962,6abde408-e1dd-4284-8dda-970f8bfd81a4,7,1962,True,26650,26650,172.00528884507003
1963,6abde408-e1dd-4284-8dda-970f8bfd81a4,7,1963,True,26675,26675,156.91990407933554
1964,6abde408-e1dd-4284-8dda-970f8bfd81a4,7,1964,True,26708,26708,146.33515750570587
1965,6abde408-e1dd-4284-8dda-970f8bfd81a4,7,1965,True,26738,26738,164.34072489056052
1966,6abde408-e1dd-4284-8dda-970f8bfd81a4,7,1966,True,26766,26766,187.66015319149665
1967,6abde408-e1dd-4284-8dda-970f8bfd81a4,7,1967,True,26792,26792,118.4828013057413
1968,6abde408-e1dd-4284-8dda-970f8bfd81a4,7,1968,True,26817,26817,160.72757555387943
1969,6abde408-e1dd-4284-8dda-970f8bfd81a4,7,1969,True,26839,26839,147.5146117306249
1970,6abde408-e1dd-4284-8dda-970f8bfd81a4,7,1970,True,26878,26878,157.9675136215701
1971,6abde408-e1dd-4284-8dda-970f8bfd81a4,7,1971,True,26910,26910,147.8615532731019
1972,6abde408-e1dd-4284-8dda-970f8bfd81a4,7,1972,True,26942,26942,146.20917601497058
1973,6abde408-e1dd-4284-8dda-970f8bfd81a4,7,1973,True,26972,26972,143.78359852619178
1974,6abde408-e1dd-4284-8dda-970f8bfd81a4,7,1974,True,27002,27002,156.79536541849666
1975,6abde408-e1dd-4284-8dda-970f8bfd81a4,7,1975,True,27020,27020,149.46998414629707
1976,6abde408-e1dd-4284-8dda-970f8bfd81a4,7,1976,True,27045,27045,150.5851176367869
1977,6abde408-e1dd-4284-8dda-970f8bfd81a4,7,1977,True,27070,27070,136.81674937157732
1978,6abde408-e1dd-4284-8dda-970f8bfd81a4,7,1978,True,27099,27099,182.36411327468159
1979,6abde408-e1dd-4284-8dda-970f8bfd81a4,7,1979,True,27125,27125,167.89109618466682
1980,6abde408-e1dd-4284-8dda-970f8bfd81a4,7,1980,True,27147,27147,155.84003551332717
1981,6abde408-e1dd-4284-8dda-970f8bfd81a4,7,1981,True,27171,27171,142.92424536763065
1982,6abde408-e1dd-4284-8dda-970f8bfd81a4,7,1982,True,27200,27200,158.15192936214225
1983,6abde408-e1dd-4284-8dda-970f8bfd81a4,7,1983,True,27226,27226,154.59654977307218
1984,6abde408-e1dd-4284-8dda-970f8bfd81a4,7,1984,True,27249,27249,163.2669605947449
1985,6abde408-e1dd-4284-8dda-970f8bfd81a4,7,1985,True,27282,27282,140.6229621162056
1986,6abde408-e1dd-4284-8dda-970f8bfd81a4,7,1986,True,27307,27307,169.95011856390192
1987,6abde408-e1dd-4284-8dda-970f8bfd81a4,7,1987,True,27332,27332,174.63687092074542
1988,6abde408-e1dd-4284-8dda-970f8bfd81a4,7,1988,True,27361,27361,168.68450318889882
1989,6abde408-e1dd-4284-8dda-970f8bfd81a4,7,1989,True,27387,27387,167.7380305193292
1990,6abde408-e1dd-4284-8dda-970f8bfd81a4,7,1990,True,27408,27408,236.45494554911056
1991,6abde408-e1dd-4284-8dda-970f8bfd81a4,7,1991,True,27429,27429,205.16246462881827
1992,6abde408-e1dd-4284-8dda-970f8bfd81a4,7,1992,True,27466,27466,168.16246462881827
1993,6abde408-e1dd-4284-8dda-970f8bfd81a4,7,1993,True,27508,27508,148.80905676815746
1994,6abde408-e1dd-4284-8dda-970f8bfd81a4,7,1994,True,27540,27540,188.7390467354271
1995,6abde408-e1dd-4284-8dda-970f8bfd81a4,7,1995,True,27575,27575,164.05357287303195
1996,6abde408-e1dd-4284-8dda-970f8bfd81a4,7,1996,True,27603,27603,148.83112438238095
1997,6abde408-e1dd-4284-8dda-970f8bfd81a4,7,1997,True,27628,27628,135.20008816081827
1998,6abde408-e1dd-4284-8dda-970f8bfd81a4,7,1998,True,27660,27660,150.46279414066157
1999,6abde408-e1dd-4284-8dda-970f8bfd81a4,7,1999,True,27689,27689,121.46279414066157
2000,a0c1d2ff-eeab-4699-8d8d-baa4a31aac0e,8,2000,True,16,16,80.57745477884143
2001,a0c1d2ff-eeab-4699-8d8d-baa4a31aac0e,8,2001,True,43,43,80.91174393607484
2002,a0c1d2ff-eeab-4699-8d8d-baa4a31aac0e,8,2002,True,70,70,88.48219784610853
2003,a0c1d2ff-eeab-4699-8d8d-baa4a31aac0e,8,2003,True,111,111,90.43798098562945
2004,a0c1d2ff-eeab-4699-8d8d-baa4a31aac0e,8,2004,True,139,139,107.88094510293246
2005,a0c1d2ff-eeab-4699-8d8d-baa4a31aac0e,8,2005,True,175,175,91.50831711133947
2006,a0c1d2ff-eeab-4699-8d8d-baa4a31aac0e,8,2006,True,207,207,84.67388012636354
2007,a0c1d2ff-eeab-4699-8d8d-baa4a31aac0e,8,2007,True,232,232,89.16132816551374
2008,a0c1d2ff-eeab-4699-8d8d-baa4a31aac0e,8,2008,True,266,266,95.63947257106031
2009,a0c1d2ff-eeab-4699-8d8d-baa4a31aac0e,8,2009,True,296,296,100.42985281856903
2010,a0c1d2ff-eeab-4699-8d8d-baa4a31aac0e,8,2010,True,322,322,149.38791349900765
2011,a0c1d2ff-eeab-4699-8d8d-baa4a31aac0e,8,2011,True,348,348,221.35213217680337
2012,a0c1d2ff-eeab-4699-8d8d-baa4a31aac0e,8,2012,True,375,375,127.1923321192225
2013,a0c1d2ff-eeab-4699-8d8d-baa4a31aac0e,8,2013,True,400,400,147.97809398602135
2014,a0c1d2ff-eeab-4699-8d8d-baa4a31aac0e,8,2014,True,422,422,169.82540833850544
2015,a0c1d2ff-eeab-4699-8d8d-baa4a31aac0e,8,2015,True,450,450,195.93245970916792
2016,a0c1d2ff-eeab-4699-8d8d-baa4a31aac0e,8,2016,True,474,474,152.82692595248932
2017,a0c1d2ff-eeab-4699-8d8d-baa4a31aac0e,8,2017,True,501,501,167.86656956347963
2018,a0c1d2ff-eeab-4699-8d8d-baa4a31aac0e,8,2018,True,542,542,146.63475613916603
2019,a0c1d2ff-eeab-4699-8d8d-baa4a31aac0e,8,2019,True,569,569,195.30476832882323
2020,a0c1d2ff-eeab-4699-8d8d-baa4a31aac0e,8,2020,True,597,597,144.33404212075902
2021,a0c1d2ff-eeab-4699-8d8d-baa4a31aac0e,8,2021,True,621,621,143.30476832882323
2022,a0c1d2ff-eeab-4699-8d8d-baa4a31aac0e,8,2022,True,642,642,157.47832750828252
2023,a0c1d2ff-eeab-4699-8d8d-baa4a31aac0e,8,2023,True,672,672,149.42784083960362
2024,a0c1d2ff-eeab-4699-8d8d-baa4a31aac0e,8,2024,True,700,700,151.94007766440927
2025,a0c1d2ff-eeab-4699-8d8d-baa4a31aac0e,8,2025,True,731,731,156.686403390637
2026,a0c1d2ff-eeab-4699-8d8d-baa4a31aac0e,8,2026,True,763,763,147.76904203580898
2027,a0c1d2ff-eeab-4699-8d8d-baa4a31aac0e,8,2027,True,788,788,155.59316248137748
2028,a0c1d2ff-eeab-4699-8d8d-baa4a31aac0e,8,2028,True,808,808,155.0438942269867
2029,a0c1d2ff-eeab-4699-8d8d-baa4a31aac0e,8,2029,True,841,841,156.30884803719846
2030,a0c1d2ff-eeab-4699-8d8d-baa4a31aac0e,8,2030,True,867,867,149.93661742035238
2031,a0c1d2ff-eeab-4699-8d8d-baa4a31aac0e,8,2031,True,901,901,145.68032462386918
2032,a0c1d2ff-eeab-4699-8d8d-baa4a31aac0e,8,2032,True,936,936,176.53886616148543
2033,a0c1d2ff-eeab-4699-8d8d-baa4a31aac0e,8,2033,True,968,968,164.27643370195278
2034,a0c1d2ff-eeab-4699-8d8d-baa4a31aac0e,8,2034,True,990,990,211.55967248412708
2035,a0c1d2ff-eeab-4699-8d8d-baa4a31aac0e,8,2035,True,1012,1012,166.78590025847643
2036,a0c1d2ff-eeab-4699-8d8d-baa4a31aac0e,8,2036,True,1040,1040,161.55967248412708
2037,a0c1d2ff-eeab-4699-8d8d-baa4a31aac0e,8,2037,True,1062,1062,201.64860927628933
2038,a0c1d2ff-eeab-4699-8d8d-baa4a31aac0e,8,2038,True,1077,1077,154.75669565848398
2039,a0c1d2ff-eeab-4699-8d8d-baa4a31aac0e,8,2039,True,1106,1106,231.63424677764192
2040,a0c1d2ff-eeab-4699-8d8d-baa4a31aac0e,8,2040,True,1136,1136,181.1969326721785
2041,a0c1d2ff-eeab-4699-8d8d-baa4a31aac0e,8,2041,True,1173,1173,190.24295618581846
2042,a0c1d2ff-eeab-4699-8d8d-baa4a31aac0e,8,2042,True,1197,1197,166.24295618581846
2043,a0c1d2ff-eeab-4699-8d8d-baa4a31aac0e,8,2043,True,1228,1228,182.49876640871253
2044,a0c1d2ff-eeab-4699-8d8d-baa4a31aac0e,8,2044,True,1253,1253,207.47286614754807
2045,a0c1d2ff-eeab-4699-8d8d-baa4a31aac0e,8,2045,True,1282,1282,227.54269056350336
2046,a0c1d2ff-eeab-4699-8d8d-baa4a31aac0e,8,2046,True,1304,1304,180.46105273623448
2047,a0c1d2ff-eeab-4699-8d8d-baa4a31aac0e,8,2047,True,1336,1336,173.54269056350336
2048,a0c1d2ff-eeab-4699-8d8d-baa4a31aac0e,8,2048,True,1358,1358,205.7167306440058
2049,a0c1d2ff-eeab-4699-8d8d-baa4a31aac0e,8,2049,True,1388,1388,144.92029955768066
2050,a0c1d2ff-eeab-4699-8d8d-baa4a31aac0e,8,2050,True,1416,1416,208.3200291136543
2051,a0c1d2ff-eeab-4699-8d8d-baa4a31aac0e,8,2051,True,1441,1441,205.19482690118457
2052,a0c1d2ff-eeab-4699-8d8d-baa4a31aac0e,8,2052,True,1463,1463,203.54481167059794
2053,a0c1d2ff-eeab-4699-8d8d-baa4a31aac0e,8,2053,True,1490,1490,214.60033015578233
2054,a0c1d2ff-eeab-4699-8d8d-baa4a31aac0e,8,2054,True,1517,1517,169.57669350701144
2055,a0c1d2ff-eeab-4699-8d8d-baa4a31aac0e,8,2055,True,1546,1546,177.8486344684427
2056,a0c1d2ff-eeab-4699-8d8d-baa4a31aac0e,8,2056,True,1574,1574,234.78411382278705
2057,a0c1d2ff-eeab-4699-8d8d-baa4a31aac0e,8,2057,True,1606,1606,173.96756602057462
2058,a0c1d2ff-eeab-4699-8d8d-baa4a31aac0e,8,2058,True,1633,1633,175.78411382278705
2059,a0c1d2ff-eeab-4699-8d8d-baa4a31aac0e,8,2059,True,1670,1670,160.22108830552747
2060,a0c1d2ff-eeab-4699-8d8d-baa4a31aac0e,8,2060,True,1699,1699,192.03495962096667
2061,a0c1d2ff-eeab-4699-8d8d-baa4a31aac0e,8,2061,True,1726,1726,144.5765116208429
2062,a0c1d2ff-eeab-4699-8d8d-baa4a31aac0e,8,2062,True,1756,1756,155.12149835607033
2063,a0c1d2ff-eeab-4699-8d8d-baa4a31aac0e,8,2063,True,1783,1783,153.33239940976068
2064,a0c1d2ff-eeab-4699-8d8d-baa4a31aac0e,8,2064,True,1801,1801,156.76034856657157
2065,a0c1d2ff-eeab-4699-8d8d-baa4a31aac0e,8,2065,True,1835,1835,199.72910052336556
2066,a0c1d2ff-eeab-4699-8d8d-baa4a31aac0e,8,2066,True,1857,1857,159.52941021646984
2067,a0c1d2ff-eeab-4699-8d8d-baa4a31aac0e,8,2067,True,1889,1889,207.12517816882018
2068,a0c1d2ff-eeab-4699-8d8d-baa4a31aac0e,8,2068,True,1918,1918,197.98700863303702
2069,a0c1d2ff-eeab-4699-8d8d-baa4a31aac0e,8,2069,True,1932,1932,204.02185357769304
2070,a0c1d2ff-eeab-4699-8d8d-baa4a31aac0e,8,2070,True,1966,1966,219.01014696044558
2071,a0c1d2ff-eeab-4699-8d8d-baa4a31aac0e,8,2071,True,2000,2000,163.27950345147337
2072,a0c1d2ff-eeab-4699-8d8d-baa4a31aac0e,8,2072,True,2026,2026,178.77516152966564
2073,a0c1d2ff-eeab-4699-8d8d-baa4a31aac0e,8,2073,True,2053,2053,173.8912111585464
2074,a0c1d2ff-eeab-4699-8d8d-baa4a31aac0e,8,2074,True,2082,2082,201.87165968820773
2075,a0c1d2ff-eeab-4699-8d8d-baa4a31aac0e,8,2075,True,2107,2107,158.19181598275645
2076,a0c1d2ff-eeab-4699-8d8d-baa4a31aac0e,8,2076,True,2133,2133,172.38207510150687
2077,a0c1d2ff-eeab-4699-8d8d-baa4a31aac0e,8,2077,True,2162,2162,171.5620473337226
2078,a0c1d2ff-eeab-4699-8d8d-baa4a31aac0e,8,2078,True,2186,2186,165.16042554570595
2079,a0c1d2ff-eeab-4699-8d8d-baa4a31aac0e,8,2079,True,2213,2213,165.72951088534546
2080,a0c1d2ff-eeab-4699-8d8d-baa4a31aac0e,8,2080,True,2245,2245,154.25669680812825
2081,a0c1d2ff-eeab-4699-8d8d-baa4a31aac0e,8,2081,True,2270,2270,192.73491442619525
2082,a0c1d2ff-eeab-4699-8d8d-baa4a31aac0e,8,2082,True,2287,2287,153.93679657044322
2083,a0c1d2ff-eeab-4699-8d8d-baa4a31aac0e,8,2083,True,2323,2323,182.39970830258244
2084,a0c1d2ff-eeab-4699-8d8d-baa4a31aac0e,8,2084,True,2351,2351,132.15095597871914
2085,a0c1d2ff-eeab-4699-8d8d-baa4a31aac0e,8,2085,True,2376,2376,204.04868566527375
2086,a0c1d2ff-eeab-4699-8d8d-baa4a31aac0e,8,2086,True,2405,2405,151.07766641004582
2087,a0c1d2ff-eeab-4699-8d8d-baa4a31aac0e,8,2087,True,2425,2425,207.4596986069614
2088,a0c1d2ff-eeab-4699-8d8d-baa4a31aac0e,8,2088,True,2467,2467,165.4596986069614
2089,a0c1d2ff-eeab-4699-8d8d-baa4a31aac0e,8,2089,True,2496,2496,180.29339571078572
2090,a0c1d2ff-eeab-4699-8d8d-baa4a31aac0e,8,2090,True,2525,2525,199.17700949607115
2091,a0c1d2ff-eeab-4699-8d8d-baa4a31aac0e,8,2091,True,2554,2554,199.30111186976228
2092,a0c1d2ff-eeab-4699-8d8d-baa4a31aac0e,8,2092,True,2580,2580,127.71570592155513
2093,a0c1d2ff-eeab-4699-8d8d-baa4a31aac0e,8,2093,True,2610,2610,218.91112210315532
2094,a0c1d2ff-eeab-4699-8d8d-baa4a31aac0e,8,2094,True,2640,2640,166.14292640592112
2095,a0c1d2ff-eeab-4699-8d8d-baa4a31aac0e,8,2095,True,2665,2665,184.32673179873655
2096,a0c1d2ff-eeab-4699-8d8d-baa4a31aac0e,8,2096,True,2701,2701,166.98964085634907
2097,a0c1d2ff-eeab-4699-8d8d-baa4a31aac0e,8,2097,True,2732,2732,191.73413748673738
2098,a0c1d2ff-eeab-4699-8d8d-baa4a31aac0e,8,2098,True,2754,2754,146.4931839297128
2099,a0c1d2ff-eeab-4699-8d8d-baa4a31aac0e,8,2099,True,2781,2781,206.47437192047255
2100,a0c1d2ff-eeab-4699-8d8d-baa4a31aac0e,8,2100,True,2811,2811,176.47437192047255
2101,a0c1d2ff-eeab-4699-8d8d-baa4a31aac0e,8,2101,True,2836,2836,217.90479740286128
2102,a0c1d2ff-eeab-4699-8d8d-baa4a31aac0e,8,2102,True,2859,2859,173.48753050114965
2103,a0c1d2ff-eeab-4699-8d8d-baa4a31aac0e,8,2103,True,2882,2882,130.64755706345113
2104,a0c1d2ff-eeab-4699-8d8d-baa4a31aac0e,8,2104,True,2909,2909,166.19310775205122
2105,a0c1d2ff-eeab-4699-8d8d-baa4a31aac0e,8,2105,True,2936,2936,203.09728380949673
2106,a0c1d2ff-eeab-4699-8d8d-baa4a31aac0e,8,2106,True,2971,2971,146.72895411723448
2107,a0c1d2ff-eeab-4699-8d8d-baa4a31aac0e,8,2107,True,2999,2999,160.6845789155559
2108,a0c1d2ff-eeab-4699-8d8d-baa4a31aac0e,8,2108,True,3025,3025,155.88721303255988
2109,a0c1d2ff-eeab-4699-8d8d-baa4a31aac0e,8,2109,True,3056,3056,148.66868181133032
2110,a0c1d2ff-eeab-4699-8d8d-baa4a31aac0e,8,2110,True,3094,3094,143.76628233739484
2111,a0c1d2ff-eeab-4699-8d8d-baa4a31aac0e,8,2111,True,3119,3119,138.87243280583743
2112,a0c1d2ff-eeab-4699-8d8d-baa4a31aac0e,8,2112,True,3142,3142,154.6900431835461
2113,a0c1d2ff-eeab-4699-8d8d-baa4a31aac0e,8,2113,True,3174,3174,153.2200547364937
2114,a0c1d2ff-eeab-4699-8d8d-baa4a31aac0e,8,2114,True,3200,3200,168.66774416987892
2115,a0c1d2ff-eeab-4699-8d8d-baa4a31aac0e,8,2115,True,3230,3230,119.4466797481632
2116,a0c1d2ff-eeab-4699-8d8d-baa4a31aac0e,8,2116,True,3263,3263,132.47065767647473
2117,a0c1d2ff-eeab-4699-8d8d-baa4a31aac0e,8,2117,True,3298,3298,120.42591936202643
2118,a0c1d2ff-eeab-4699-8d8d-baa4a31aac0e,8,2118,True,3337,3337,107.05298780481144
2119,a0c1d2ff-eeab-4699-8d8d-baa4a31aac0e,8,2119,True,3362,3362,137.8085543326697
2120,a0c1d2ff-eeab-4699-8d8d-baa4a31aac0e,8,2120,True,3388,3388,149.79420319855944
2121,a0c1d2ff-eeab-4699-8d8d-baa4a31aac0e,8,2121,True,3415,3415,147.154701026956
2122,a0c1d2ff-eeab-4699-8d8d-baa4a31aac0e,8,2122,True,3438,3438,144.97373035960345
2123,a0c1d2ff-eeab-4699-8d8d-baa4a31aac0e,8,2123,True,3462,3462,141.79761623032618
2124,a0c1d2ff-eeab-4699-8d8d-baa4a31aac0e,8,2124,True,3484,3484,140.18563009349828
2125,a0c1d2ff-eeab-4699-8d8d-baa4a31aac0e,8,2125,True,3510,3510,152.6179572088854
2126,a0c1d2ff-eeab-4699-8d8d-baa4a31aac0e,8,2126,True,3539,3539,143.5512708051274
2127,a0c1d2ff-eeab-4699-8d8d-baa4a31aac0e,8,2127,True,3560,3560,143.05102824531423
2128,a0c1d2ff-eeab-4699-8d8d-baa4a31aac0e,8,2128,True,3590,3590,132.13517314060346
2129,a0c1d2ff-eeab-4699-8d8d-baa4a31aac0e,8,2129,True,3621,3621,148.43745207541906
2130,a0c1d2ff-eeab-4699-8d8d-baa4a31aac0e,8,2130,True,3649,3649,162.81455788161475
2131,a0c1d2ff-eeab-4699-8d8d-baa4a31aac0e,8,2131,True,3680,3680,189.3795778630206
2132,a0c1d2ff-eeab-4699-8d8d-baa4a31aac0e,8,2132,True,3708,3708,139.51180193319487
2133,a0c1d2ff-eeab-4699-8d8d-baa4a31aac0e,8,2133,True,3739,3739,149.28994486592774
2134,a0c1d2ff-eeab-4699-8d8d-baa4a31aac0e,8,2134,True,3766,3766,139.23045251434814
2135,a0c1d2ff-eeab-4699-8d8d-baa4a31aac0e,8,2135,True,3792,3792,137.82447330317473
2136,a0c1d2ff-eeab-4699-8d8d-baa4a31aac0e,8,2136,True,3823,3823,147.18143625538642
2137,a0c1d2ff-eeab-4699-8d8d-baa4a31aac0e,8,2137,True,3857,3857,156.83721174391212
2138,a0c1d2ff-eeab-4699-8d8d-baa4a31aac0e,8,2138,True,3875,3875,162.05185911605895
2139,a0c1d2ff-eeab-4699-8d8d-baa4a31aac0e,8,2139,True,3901,3901,208.10338685065472
2140,a0c1d2ff-eeab-4699-8d8d-baa4a31aac0e,8,2140,True,3924,3924,132.16981028137252
2141,a0c1d2ff-eeab-4699-8d8d-baa4a31aac0e,8,2141,True,3953,3953,176.26576996457425
2142,a0c1d2ff-eeab-4699-8d8d-baa4a31aac0e,8,2142,True,3977,3977,172.07030201392445
2143,a0c1d2ff-eeab-4699-8d8d-baa4a31aac0e,8,2143,True,4011,4011,190.52718418771565
2144,a0c1d2ff-eeab-4699-8d8d-baa4a31aac0e,8,2144,True,4033,4033,140.3933542773657
2145,a0c1d2ff-eeab-4699-8d8d-baa4a31aac0e,8,2145,True,4057,4057,187.3801896191526
2146,a0c1d2ff-eeab-4699-8d8d-baa4a31aac0e,8,2146,True,4084,4084,141.20210354785286
2147,a0c1d2ff-eeab-4699-8d8d-baa4a31aac0e,8,2147,True,4106,4106,269.9941603011239
2148,a0c1d2ff-eeab-4699-8d8d-baa4a31aac0e,8,2148,True,4144,4144,213.68637858026523
2149,a0c1d2ff-eeab-4699-8d8d-baa4a31aac0e,8,2149,True,4171,4171,258.37958736313703
2150,a0c1d2ff-eeab-4699-8d8d-baa4a31aac0e,8,2150,True,4195,4195,234.37958736313703
2151,a0c1d2ff-eeab-4699-8d8d-baa4a31aac0e,8,2151,True,4209,4209,239.95262244587684
2152,a0c1d2ff-eeab-4699-8d8d-baa4a31aac0e,8,2152,True,4241,4241,273.0361365782719
2153,a0c1d2ff-eeab-4699-8d8d-baa4a31aac0e,8,2153,True,4268,4268,223.66498688227603
2154,a0c1d2ff-eeab-4699-8d8d-baa4a31aac0e,8,2154,True,4295,4295,219.0361365782719
2155,a0c1d2ff-eeab-4699-8d8d-baa4a31aac0e,8,2155,True,4328,4328,231.04295800045475
2156,a0c1d2ff-eeab-4699-8d8d-baa4a31aac0e,8,2156,True,4355,4355,258.0679526889917
2157,a0c1d2ff-eeab-4699-8d8d-baa4a31aac0e,8,2157,True,4382,4382,207.59199904875277
2158,a0c1d2ff-eeab-4699-8d8d-baa4a31aac0e,8,2158,True,4407,4407,229.75856338837002
2159,a0c1d2ff-eeab-4699-8d8d-baa4a31aac0e,8,2159,True,4435,4435,240.9056433930882
2160,a0c1d2ff-eeab-4699-8d8d-baa4a31aac0e,8,2160,True,4456,4456,199.77746561877484
2161,a0c1d2ff-eeab-4699-8d8d-baa4a31aac0e,8,2161,True,4480,4480,222.7123545927434
2162,a0c1d2ff-eeab-4699-8d8d-baa4a31aac0e,8,2162,True,4497,4497,205.7123545927434
2163,a0c1d2ff-eeab-4699-8d8d-baa4a31aac0e,8,2163,True,4516,4516,186.7123545927434
2164,a0c1d2ff-eeab-4699-8d8d-baa4a31aac0e,8,2164,True,4543,4543,206.44229175550754
2165,a0c1d2ff-eeab-4699-8d8d-baa4a31aac0e,8,2165,True,4567,4567,261.14794496386
2166,a0c1d2ff-eeab-4699-8d8d-baa4a31aac0e,8,2166,True,4586,4586,242.14794496386003
2167,a0c1d2ff-eeab-4699-8d8d-baa4a31aac0e,8,2167,True,4611,4611,190.9659258482361
2168,a0c1d2ff-eeab-4699-8d8d-baa4a31aac0e,8,2168,True,4647,4647,202.65525684510158
2169,a0c1d2ff-eeab-4699-8d8d-baa4a31aac0e,8,2169,True,4666,4666,203.11465868169398
2170,a0c1d2ff-eeab-4699-8d8d-baa4a31aac0e,8,2170,True,4707,4707,193.26728990407446
2171,a0c1d2ff-eeab-4699-8d8d-baa4a31aac0e,8,2171,True,4734,4734,186.14648146908894
2172,a0c1d2ff-eeab-4699-8d8d-baa4a31aac0e,8,2172,True,4758,4758,189.95344486604426
2173,a0c1d2ff-eeab-4699-8d8d-baa4a31aac0e,8,2173,True,4786,4786,182.4981053280644
2174,a0c1d2ff-eeab-4699-8d8d-baa4a31aac0e,8,2174,True,4820,4820,181.2838889679051
2175,a0c1d2ff-eeab-4699-8d8d-baa4a31aac0e,8,2175,True,4849,4849,173.86525443316896
2176,a0c1d2ff-eeab-4699-8d8d-baa4a31aac0e,8,2176,True,4877,4877,203.09153838197562
2177,a0c1d2ff-eeab-4699-8d8d-baa4a31aac0e,8,2177,True,4906,4906,155.21125716575443
2178,a0c1d2ff-eeab-4699-8d8d-baa4a31aac0e,8,2178,True,4938,4938,176.3808266727674
2179,a0c1d2ff-eeab-4699-8d8d-baa4a31aac0e,8,2179,True,4964,4964,233.9507658678922
2180,a0c1d2ff-eeab-4699-8d8d-baa4a31aac0e,8,2180,True,4991,4991,181.03824933984015
2181,a0c1d2ff-eeab-4699-8d8d-baa4a31aac0e,8,2181,True,5018,5018,212.60053643605534
2182,a0c1d2ff-eeab-4699-8d8d-baa4a31aac0e,8,2182,True,5047,5047,204.0264230265684
2183,a0c1d2ff-eeab-4699-8d8d-baa4a31aac0e,8,2183,True,5080,5080,199.19150642440945
2184,a0c1d2ff-eeab-4699-8d8d-baa4a31aac0e,8,2184,True,5103,5103,176.19150642440945
2185,a0c1d2ff-eeab-4699-8d8d-baa4a31aac0e,8,2185,True,5127,5127,229.92020774038428
2186,a0c1d2ff-eeab-4699-8d8d-baa4a31aac0e,8,2186,True,5157,5157,147.53776324721275
2187,a0c1d2ff-eeab-4699-8d8d-baa4a31aac0e,8,2187,True,5184,5184,194.54695377868302
2188,a0c1d2ff-eeab-4699-8d8d-baa4a31aac0e,8,2188,True,5213,5213,188.2961764046895
2189,a0c1d2ff-eeab-4699-8d8d-baa4a31aac0e,8,2189,True,5234,5234,190.45303708272695
2190,a0c1d2ff-eeab-4699-8d8d-baa4a31aac0e,8,2190,True,5269,5269,181.00952902106837
2191,a0c1d2ff-eeab-4699-8d8d-baa4a31aac0e,8,2191,True,5300,5300,150.00952902106837
2192,a0c1d2ff-eeab-4699-8d8d-baa4a31aac0e,8,2192,True,5319,5319,150.16143464703327
2193,a0c1d2ff-eeab-4699-8d8d-baa4a31aac0e,8,2193,True,5345,5345,143.8669438826464
2194,a0c1d2ff-eeab-4699-8d8d-baa4a31aac0e,8,2194,True,5386,5386,195.09955351072313
2195,a0c1d2ff-eeab-4699-8d8d-baa4a31aac0e,8,2195,True,5411,5411,216.40362361988264
2196,a0c1d2ff-eeab-4699-8d8d-baa4a31aac0e,8,2196,True,5436,5436,224.5129126318816
2197,a0c1d2ff-eeab-4699-8d8d-baa4a31aac0e,8,2197,True,5467,5467,140.70086956798968
2198,a0c1d2ff-eeab-4699-8d8d-baa4a31aac0e,8,2198,True,5499,5499,211.76203895879644
2199,a0c1d2ff-eeab-4699-8d8d-baa4a31aac0e,8,2199,True,5515,5515,167.6933217727037
2200,a0c1d2ff-eeab-4699-8d8d-baa4a31aac0e,8,2200,True,5540,5540,212.07920892818856
2201,a0c1d2ff-eeab-4699-8d8d-baa4a31aac0e,8,2201,True,5568,5568,162.50604220393961
2202,a0c1d2ff-eeab-4699-8d8d-baa4a31aac0e,8,2202,True,5590,5590,162.07920892818856
2203,a0c1d2ff-eeab-4699-8d8d-baa4a31aac0e,8,2203,True,5617,5617,169.62199491525553
2204,a0c1d2ff-eeab-4699-8d8d-baa4a31aac0e,8,2204,True,5648,5648,160.40479132476776
2205,a0c1d2ff-eeab-4699-8d8d-baa4a31aac0e,8,2205,True,5677,5677,196.6924822727351
2206,a0c1d2ff-eeab-4699-8d8d-baa4a31aac0e,8,2206,True,5708,5708,146.13421727693094
2207,a0c1d2ff-eeab-4699-8d8d-baa4a31aac0e,8,2207,True,5737,5737,175.79417791645574
2208,a0c1d2ff-eeab-4699-8d8d-baa4a31aac0e,8,2208,True,5760,5760,174.36337607976748
2209,a0c1d2ff-eeab-4699-8d8d-baa4a31aac0e,8,2209,True,5787,5787,167.88942275050704
2210,a0c1d2ff-eeab-4699-8d8d-baa4a31aac0e,8,2210,True,5805,5805,175.80050334008865
2211,a0c1d2ff-eeab-4699-8d8d-baa4a31aac0e,8,2211,True,5830,5830,171.44541621332883
2212,a0c1d2ff-eeab-4699-8d8d-baa4a31aac0e,8,2212,True,5858,5858,158.3489930850319
2213,a0c1d2ff-eeab-4699-8d8d-baa4a31aac0e,8,2213,True,5882,5882,153.063092005601
2214,a0c1d2ff-eeab-4699-8d8d-baa4a31aac0e,8,2214,True,5905,5905,148.63680557094085
2215,a0c1d2ff-eeab-4699-8d8d-baa4a31aac0e,8,2215,True,5936,5936,162.98060189463013
2216,a0c1d2ff-eeab-4699-8d8d-baa4a31aac0e,8,2216,True,5962,5962,166.20540071241066
2217,a0c1d2ff-eeab-4699-8d8d-baa4a31aac0e,8,2217,True,5995,5995,212.63091554394032
2218,a0c1d2ff-eeab-4699-8d8d-baa4a31aac0e,8,2218,True,6013,6013,170.06535823010654
2219,a0c1d2ff-eeab-4699-8d8d-baa4a31aac0e,8,2219,True,6037,6037,170.63091554394032
2220,a0c1d2ff-eeab-4699-8d8d-baa4a31aac0e,8,2220,True,6071,6071,184.50764654229624
2221,a0c1d2ff-eeab-4699-8d8d-baa4a31aac0e,8,2221,True,6102,6102,174.06237614719612
2222,a0c1d2ff-eeab-4699-8d8d-baa4a31aac0e,8,2222,True,6127,6127,180.26270725329414
2223,a0c1d2ff-eeab-4699-8d8d-baa4a31aac0e,8,2223,True,6159,6159,167.40974449795704
2224,a0c1d2ff-eeab-4699-8d8d-baa4a31aac0e,8,2224,True,6192,6192,175.75627902604356
2225,a0c1d2ff-eeab-4699-8d8d-baa4a31aac0e,8,2225,True,6219,6219,169.8671449200665
2226,a0c1d2ff-eeab-4699-8d8d-baa4a31aac0e,8,2226,True,6242,6242,175.31755170345514
2227,a0c1d2ff-eeab-4699-8d8d-baa4a31aac0e,8,2227,True,6271,6271,191.2517881132917
2228,a0c1d2ff-eeab-4699-8d8d-baa4a31aac0e,8,2228,True,6293,6293,188.470143496942
2229,a0c1d2ff-eeab-4699-8d8d-baa4a31aac0e,8,2229,True,6322,6322,196.27883526833193
2230,a0c1d2ff-eeab-4699-8d8d-baa4a31aac0e,8,2230,True,6349,6349,190.9864578268207
2231,a0c1d2ff-eeab-4699-8d8d-baa4a31aac0e,8,2231,True,6378,6378,181.14379854030267
2232,a0c1d2ff-eeab-4699-8d8d-baa4a31aac0e,8,2232,True,6407,6407,152.14379854030267
2233,a0c1d2ff-eeab-4699-8d8d-baa4a31aac0e,8,2233,True,6435,6435,219.70153899033176
2234,a0c1d2ff-eeab-4699-8d8d-baa4a31aac0e,8,2234,True,6458,6458,178.13744024681182
2235,a0c1d2ff-eeab-4699-8d8d-baa4a31aac0e,8,2235,True,6483,6483,188.96956146851517
2236,a0c1d2ff-eeab-4699-8d8d-baa4a31aac0e,8,2236,True,6511,6511,195.56155308828602
2237,a0c1d2ff-eeab-4699-8d8d-baa4a31aac0e,8,2237,True,6535,6535,191.01553424585654
2238,a0c1d2ff-eeab-4699-8d8d-baa4a31aac0e,8,2238,True,6570,6570,199.84798564302673
2239,a0c1d2ff-eeab-4699-8d8d-baa4a31aac0e,8,2239,True,6590,6590,158.83968179132262
2240,a0c1d2ff-eeab-4699-8d8d-baa4a31aac0e,8,2240,True,6623,6623,294.15023868770186
2241,a0c1d2ff-eeab-4699-8d8d-baa4a31aac0e,8,2241,True,6643,6643,297.14291336311453
2242,a0c1d2ff-eeab-4699-8d8d-baa4a31aac0e,8,2242,True,6677,6677,240.15023868770186
2243,a0c1d2ff-eeab-4699-8d8d-baa4a31aac0e,8,2243,True,6707,6707,261.53434917456616
2244,a0c1d2ff-eeab-4699-8d8d-baa4a31aac0e,8,2244,True,6735,6735,255.77387653914138
2245,a0c1d2ff-eeab-4699-8d8d-baa4a31aac0e,8,2245,True,6765,6765,251.41069950316614
2246,a0c1d2ff-eeab-4699-8d8d-baa4a31aac0e,8,2246,True,6792,6792,279.6588974012675
2247,a0c1d2ff-eeab-4699-8d8d-baa4a31aac0e,8,2247,True,6820,6820,232.76299779106103
2248,a0c1d2ff-eeab-4699-8d8d-baa4a31aac0e,8,2248,True,6851,6851,220.6588974012675
2249,a0c1d2ff-eeab-4699-8d8d-baa4a31aac0e,8,2249,True,6873,6873,257.72295848974136
2250,a0c1d2ff-eeab-4699-8d8d-baa4a31aac0e,8,2250,True,6901,6901,208.64044018105596
2251,a0c1d2ff-eeab-4699-8d8d-baa4a31aac0e,8,2251,True,6921,6921,228.93835444948854
2252,a0c1d2ff-eeab-4699-8d8d-baa4a31aac0e,8,2252,True,6951,6951,215.33611103319254
2253,a0c1d2ff-eeab-4699-8d8d-baa4a31aac0e,8,2253,True,6971,6971,212.91241648788673
2254,a0c1d2ff-eeab-4699-8d8d-baa4a31aac0e,8,2254,True,6995,6995,234.47081990410243
2255,a0c1d2ff-eeab-4699-8d8d-baa4a31aac0e,8,2255,True,7019,7019,250.6244633224769
2256,a0c1d2ff-eeab-4699-8d8d-baa4a31aac0e,8,2256,True,7058,7058,194.37072985915347
2257,a0c1d2ff-eeab-4699-8d8d-baa4a31aac0e,8,2257,True,7092,7092,214.0633348141273
2258,a0c1d2ff-eeab-4699-8d8d-baa4a31aac0e,8,2258,True,7112,7112,237.17940848929447
2259,a0c1d2ff-eeab-4699-8d8d-baa4a31aac0e,8,2259,True,7136,7136,190.8372193918367
2260,a0c1d2ff-eeab-4699-8d8d-baa4a31aac0e,8,2260,True,7160,7160,189.17940848929447
2261,a0c1d2ff-eeab-4699-8d8d-baa4a31aac0e,8,2261,True,7198,7198,180.81434581763733
2262,a0c1d2ff-eeab-4699-8d8d-baa4a31aac0e,8,2262,True,7229,7229,203.8477713790944
2263,a0c1d2ff-eeab-4699-8d8d-baa4a31aac0e,8,2263,True,7275,7275,182.42942175266307
2264,a0c1d2ff-eeab-4699-8d8d-baa4a31aac0e,8,2264,True,7308,7308,182.20975167940378
2265,a0c1d2ff-eeab-4699-8d8d-baa4a31aac0e,8,2265,True,7338,7338,173.66333829872656
2266,a0c1d2ff-eeab-4699-8d8d-baa4a31aac0e,8,2266,True,7374,7374,158.15471421848815
2267,a0c1d2ff-eeab-4699-8d8d-baa4a31aac0e,8,2267,True,7407,7407,176.21369862525626
2268,a0c1d2ff-eeab-4699-8d8d-baa4a31aac0e,8,2268,True,7434,7434,167.11959414652483
2269,a0c1d2ff-eeab-4699-8d8d-baa4a31aac0e,8,2269,True,7461,7461,159.8820818092081
2270,a0c1d2ff-eeab-4699-8d8d-baa4a31aac0e,8,2270,True,7498,7498,175.34488881525522
2271,a0c1d2ff-eeab-4699-8d8d-baa4a31aac0e,8,2271,True,7523,7523,174.72396207861857
2272,a0c1d2ff-eeab-4699-8d8d-baa4a31aac0e,8,2272,True,7548,7548,168.2714726949007
2273,a0c1d2ff-eeab-4699-8d8d-baa4a31aac0e,8,2273,True,7573,7573,166.37793068771407
2274,a0c1d2ff-eeab-4699-8d8d-baa4a31aac0e,8,2274,True,7603,7603,219.62757403057003
2275,a0c1d2ff-eeab-4699-8d8d-baa4a31aac0e,8,2275,True,7627,7627,171.40845847635592
2276,a0c1d2ff-eeab-4699-8d8d-baa4a31aac0e,8,2276,True,7648,7648,174.62757403057003
2277,a0c1d2ff-eeab-4699-8d8d-baa4a31aac0e,8,2277,True,7675,7675,196.01245170641778
2278,a0c1d2ff-eeab-4699-8d8d-baa4a31aac0e,8,2278,True,7693,7693,267.60608645765114
2279,a0c1d2ff-eeab-4699-8d8d-baa4a31aac0e,8,2279,True,7726,7726,208.5183992018392
2280,a0c1d2ff-eeab-4699-8d8d-baa4a31aac0e,8,2280,True,7752,7752,208.60608645765114
2281,a0c1d2ff-eeab-4699-8d8d-baa4a31aac0e,8,2281,True,7787,7787,197.98433559822388
2282,a0c1d2ff-eeab-4699-8d8d-baa4a31aac0e,8,2282,True,7815,7815,218.2484505688244
2283,a0c1d2ff-eeab-4699-8d8d-baa4a31aac0e,8,2283,True,7835,7835,223.73086179965685
2284,a0c1d2ff-eeab-4699-8d8d-baa4a31aac0e,8,2284,True,7868,7868,214.58937178708584
2285,a0c1d2ff-eeab-4699-8d8d-baa4a31aac0e,8,2285,True,7895,7895,206.09886096465743
2286,a0c1d2ff-eeab-4699-8d8d-baa4a31aac0e,8,2286,True,7923,7923,207.6758126466102
2287,a0c1d2ff-eeab-4699-8d8d-baa4a31aac0e,8,2287,True,7955,7955,223.22782811213983
2288,a0c1d2ff-eeab-4699-8d8d-baa4a31aac0e,8,2288,True,7977,7977,222.99350139061426
2289,a0c1d2ff-eeab-4699-8d8d-baa4a31aac0e,8,2289,True,7999,7999,230.41815001643226
2290,a0c1d2ff-eeab-4699-8d8d-baa4a31aac0e,8,2290,True,8028,8028,201.41815001643226
2291,a0c1d2ff-eeab-4699-8d8d-baa4a31aac0e,8,2291,True,8057,8057,193.07413807405464
2292,a0c1d2ff-eeab-4699-8d8d-baa4a31aac0e,8,2292,True,8082,8082,188.97537540039593
2293,a0c1d2ff-eeab-4699-8d8d-baa4a31aac0e,8,2293,True,8111,8111,220.27127224808646
2294,a0c1d2ff-eeab-4699-8d8d-baa4a31aac0e,8,2294,True,8141,8141,170.1373444579658
2295,a0c1d2ff-eeab-4699-8d8d-baa4a31aac0e,8,2295,True,8173,8173,188.6295818475337
2296,a0c1d2ff-eeab-4699-8d8d-baa4a31aac0e,8,2296,True,8196,8196,215.4256565592459
2297,a0c1d2ff-eeab-4699-8d8d-baa4a31aac0e,8,2297,True,8217,8217,168.61429196739118
2298,a0c1d2ff-eeab-4699-8d8d-baa4a31aac0e,8,2298,True,8239,8239,172.4256565592459
2299,a0c1d2ff-eeab-4699-8d8d-baa4a31aac0e,8,2299,True,8272,8272,210.9532343980427
2300,a0c1d2ff-eeab-4699-8d8d-baa4a31aac0e,8,2300,True,8302,8302,160.4117199442553
2301,a0c1d2ff-eeab-4699-8d8d-baa4a31aac0e,8,2301,True,8333,8333,204.1547236434053
2302,a0c1d2ff-eeab-4699-8d8d-baa4a31aac0e,8,2302,True,8367,8367,189.38640770807797
2303,a0c1d2ff-eeab-4699-8d8d-baa4a31aac0e,8,2303,True,8397,8397,180.8027896284966
2304,a0c1d2ff-eeab-4699-8d8d-baa4a31aac0e,8,2304,True,8438,8438,179.08602589575275
2305,a0c1d2ff-eeab-4699-8d8d-baa4a31aac0e,8,2305,True,8467,8467,168.91975134119275
2306,a0c1d2ff-eeab-4699-8d8d-baa4a31aac0e,8,2306,True,8498,8498,206.84804449901094
2307,a0c1d2ff-eeab-4699-8d8d-baa4a31aac0e,8,2307,True,8521,8521,165.97014865350502
2308,a0c1d2ff-eeab-4699-8d8d-baa4a31aac0e,8,2308,True,8558,8558,240.0598237317081
2309,a0c1d2ff-eeab-4699-8d8d-baa4a31aac0e,8,2309,True,8579,8579,219.0598237317081
2310,a0c1d2ff-eeab-4699-8d8d-baa4a31aac0e,8,2310,True,8607,8607,165.78848316146468
2311,a0c1d2ff-eeab-4699-8d8d-baa4a31aac0e,8,2311,True,8628,8628,214.1125997280924
2312,a0c1d2ff-eeab-4699-8d8d-baa4a31aac0e,8,2312,True,8651,8651,174.94926306162415
2313,a0c1d2ff-eeab-4699-8d8d-baa4a31aac0e,8,2313,True,8682,8682,215.73065696072808
2314,a0c1d2ff-eeab-4699-8d8d-baa4a31aac0e,8,2314,True,8714,8714,229.45329145744654
2315,a0c1d2ff-eeab-4699-8d8d-baa4a31aac0e,8,2315,True,8741,8741,222.9512291317842
2316,a0c1d2ff-eeab-4699-8d8d-baa4a31aac0e,8,2316,True,8765,8765,148.16731942521074
2317,a0c1d2ff-eeab-4699-8d8d-baa4a31aac0e,8,2317,True,8794,8794,169.9512291317842
2318,a0c1d2ff-eeab-4699-8d8d-baa4a31aac0e,8,2318,True,8831,8831,152.83805116129042
2319,a0c1d2ff-eeab-4699-8d8d-baa4a31aac0e,8,2319,True,8867,8867,204.59614129071815
2320,a0c1d2ff-eeab-4699-8d8d-baa4a31aac0e,8,2320,True,8897,8897,195.85590475412027
2321,a0c1d2ff-eeab-4699-8d8d-baa4a31aac0e,8,2321,True,8924,8924,221.03703292084901
2322,a0c1d2ff-eeab-4699-8d8d-baa4a31aac0e,8,2322,True,8955,8955,190.03703292084901
2323,a0c1d2ff-eeab-4699-8d8d-baa4a31aac0e,8,2323,True,8977,8977,205.3014557284514
2324,a0c1d2ff-eeab-4699-8d8d-baa4a31aac0e,8,2324,True,8996,8996,206.53312047529107
2325,a0c1d2ff-eeab-4699-8d8d-baa4a31aac0e,8,2325,True,9016,9016,228.80744645468076
2326,a0c1d2ff-eeab-4699-8d8d-baa4a31aac0e,8,2326,True,9049,9049,176.03577590676286
2327,a0c1d2ff-eeab-4699-8d8d-baa4a31aac0e,8,2327,True,9070,9070,224.77542539802562
2328,a0c1d2ff-eeab-4699-8d8d-baa4a31aac0e,8,2328,True,9092,9092,180.1389613331903
2329,a0c1d2ff-eeab-4699-8d8d-baa4a31aac0e,8,2329,True,9125,9125,224.4589825696039
2330,a0c1d2ff-eeab-4699-8d8d-baa4a31aac0e,8,2330,True,9155,9155,173.35673965528258
2331,a0c1d2ff-eeab-4699-8d8d-baa4a31aac0e,8,2331,True,9186,9186,194.36904484375555
2332,a0c1d2ff-eeab-4699-8d8d-baa4a31aac0e,8,2332,True,9216,9216,133.4589825696039
2333,a0c1d2ff-eeab-4699-8d8d-baa4a31aac0e,8,2333,True,9251,9251,168.8196062828265
2334,a0c1d2ff-eeab-4699-8d8d-baa4a31aac0e,8,2334,True,9273,9273,128.4123174890101
2335,a0c1d2ff-eeab-4699-8d8d-baa4a31aac0e,8,2335,True,9296,9296,193.33902963465516
2336,a0c1d2ff-eeab-4699-8d8d-baa4a31aac0e,8,2336,True,9316,9316,145.95006294933773
2337,a0c1d2ff-eeab-4699-8d8d-baa4a31aac0e,8,2337,True,9352,9352,188.06790119008292
2338,a0c1d2ff-eeab-4699-8d8d-baa4a31aac0e,8,2338,True,9382,9382,138.10121012685704
2339,a0c1d2ff-eeab-4699-8d8d-baa4a31aac0e,8,2339,True,9409,9409,182.73681245152147
2340,a0c1d2ff-eeab-4699-8d8d-baa4a31aac0e,8,2340,True,9447,9447,167.36291608823558
2341,a0c1d2ff-eeab-4699-8d8d-baa4a31aac0e,8,2341,True,9482,9482,152.83589549459793
2342,a0c1d2ff-eeab-4699-8d8d-baa4a31aac0e,8,2342,True,9506,9506,155.68156599829672
2343,a0c1d2ff-eeab-4699-8d8d-baa4a31aac0e,8,2343,True,9530,9530,155.79526595177595
2344,a0c1d2ff-eeab-4699-8d8d-baa4a31aac0e,8,2344,True,9560,9560,151.16599261279407
2345,a0c1d2ff-eeab-4699-8d8d-baa4a31aac0e,8,2345,True,9584,9584,155.18332766449385
2346,a0c1d2ff-eeab-4699-8d8d-baa4a31aac0e,8,2346,True,9614,9614,159.32610672408555
2347,a0c1d2ff-eeab-4699-8d8d-baa4a31aac0e,8,2347,True,9647,9647,147.49662650203936
2348,a0c1d2ff-eeab-4699-8d8d-baa4a31aac0e,8,2348,True,9677,9677,143.60368509678665
2349,a0c1d2ff-eeab-4699-8d8d-baa4a31aac0e,8,2349,True,9706,9706,139.48119467253855
2350,a0c1d2ff-eeab-4699-8d8d-baa4a31aac0e,8,2350,True,9730,9730,165.3810413369756
2351,a0c1d2ff-eeab-4699-8d8d-baa4a31aac0e,8,2351,True,9754,9754,169.904365271208
2352,a0c1d2ff-eeab-4699-8d8d-baa4a31aac0e,8,2352,True,9782,9782,165.8107496807388
2353,a0c1d2ff-eeab-4699-8d8d-baa4a31aac0e,8,2353,True,9824,9824,150.8944636478609
2354,a0c1d2ff-eeab-4699-8d8d-baa4a31aac0e,8,2354,True,9848,9848,148.90062842685256
2355,a0c1d2ff-eeab-4699-8d8d-baa4a31aac0e,8,2355,True,9872,9872,172.4431784951903
2356,a0c1d2ff-eeab-4699-8d8d-baa4a31aac0e,8,2356,True,9898,9898,125.09956574679563
2357,a0c1d2ff-eeab-4699-8d8d-baa4a31aac0e,8,2357,True,9928,9928,137.57926226574273
2358,a0c1d2ff-eeab-4699-8d8d-baa4a31aac0e,8,2358,True,9961,9961,148.35363266840432
2359,a0c1d2ff-eeab-4699-8d8d-baa4a31aac0e,8,2359,True,9979,9979,151.40871492538827
2360,a0c1d2ff-eeab-4699-8d8d-baa4a31aac0e,8,2360,True,9999,9999,158.07865457927073
2361,a0c1d2ff-eeab-4699-8d8d-baa4a31aac0e,8,2361,True,10036,10036,140.18438665875146
2362,a0c1d2ff-eeab-4699-8d8d-baa4a31aac0e,8,2362,True,10070,10070,155.2743548041799
2363,a0c1d2ff-eeab-4699-8d8d-baa4a31aac0e,8,2363,True,10101,10101,152.1923096190385
2364,a0c1d2ff-eeab-4699-8d8d-baa4a31aac0e,8,2364,True,10123,10123,157.18355063453782
2365,a0c1d2ff-eeab-4699-8d8d-baa4a31aac0e,8,2365,True,10153,10153,177.21355288463383
2366,a0c1d2ff-eeab-4699-8d8d-baa4a31aac0e,8,2366,True,10179,10179,131.21765637744465
2367,a0c1d2ff-eeab-4699-8d8d-baa4a31aac0e,8,2367,True,10212,10212,147.50993863568874
2368,a0c1d2ff-eeab-4699-8d8d-baa4a31aac0e,8,2368,True,10245,10245,168.1434639457275
2369,a0c1d2ff-eeab-4699-8d8d-baa4a31aac0e,8,2369,True,10280,10280,154.96185257345314
2370,a0c1d2ff-eeab-4699-8d8d-baa4a31aac0e,8,2370,True,10309,10309,181.64975415138724
2371,a0c1d2ff-eeab-4699-8d8d-baa4a31aac0e,8,2371,True,10335,10335,209.6893219267713
2372,a0c1d2ff-eeab-4699-8d8d-baa4a31aac0e,8,2372,True,10354,10354,190.6893219267713
2373,a0c1d2ff-eeab-4699-8d8d-baa4a31aac0e,8,2373,True,10389,10389,230.27186631916084
2374,a0c1d2ff-eeab-4699-8d8d-baa4a31aac0e,8,2374,True,10412,10412,186.5613717772285
2375,a0c1d2ff-eeab-4699-8d8d-baa4a31aac0e,8,2375,True,10437,10437,202.32488884357008
2376,a0c1d2ff-eeab-4699-8d8d-baa4a31aac0e,8,2376,True,10463,10463,196.42435509542702
2377,a0c1d2ff-eeab-4699-8d8d-baa4a31aac0e,8,2377,True,10484,10484,193.68779901925518
2378,a0c1d2ff-eeab-4699-8d8d-baa4a31aac0e,8,2378,True,10511,10511,185.5970876727315
2379,a0c1d2ff-eeab-4699-8d8d-baa4a31aac0e,8,2379,True,10542,10542,208.92576857748645
2380,a0c1d2ff-eeab-4699-8d8d-baa4a31aac0e,8,2380,True,10574,10574,156.21014626419492
2381,a0c1d2ff-eeab-4699-8d8d-baa4a31aac0e,8,2381,True,10607,10607,164.6288275569168
2382,a0c1d2ff-eeab-4699-8d8d-baa4a31aac0e,8,2382,True,10630,10630,174.27512594717155
2383,a0c1d2ff-eeab-4699-8d8d-baa4a31aac0e,8,2383,True,10660,10660,198.1405463169558
2384,a0c1d2ff-eeab-4699-8d8d-baa4a31aac0e,8,2384,True,10686,10686,150.90087039774517
2385,a0c1d2ff-eeab-4699-8d8d-baa4a31aac0e,8,2385,True,10721,10721,197.6892276488561
2386,a0c1d2ff-eeab-4699-8d8d-baa4a31aac0e,8,2386,True,10748,10748,194.51581467045798
2387,a0c1d2ff-eeab-4699-8d8d-baa4a31aac0e,8,2387,True,10771,10771,196.05047715901674
2388,a0c1d2ff-eeab-4699-8d8d-baa4a31aac0e,8,2388,True,10798,10798,195.02570564759662
2389,a0c1d2ff-eeab-4699-8d8d-baa4a31aac0e,8,2389,True,10827,10827,218.86017004576388
2390,a0c1d2ff-eeab-4699-8d8d-baa4a31aac0e,8,2390,True,10860,10860,205.91694399691914
2391,a0c1d2ff-eeab-4699-8d8d-baa4a31aac0e,8,2391,True,10891,10891,207.5164115035186
2392,a0c1d2ff-eeab-4699-8d8d-baa4a31aac0e,8,2392,True,10919,10919,209.35136364591017
2393,a0c1d2ff-eeab-4699-8d8d-baa4a31aac0e,8,2393,True,10946,10946,228.32004347465409
2394,a0c1d2ff-eeab-4699-8d8d-baa4a31aac0e,8,2394,True,10983,10983,145.35136364591017
2395,a0c1d2ff-eeab-4699-8d8d-baa4a31aac0e,8,2395,True,11023,11023,128.38586661122645
2396,a0c1d2ff-eeab-4699-8d8d-baa4a31aac0e,8,2396,True,11053,11053,147.0674166268709
2397,a0c1d2ff-eeab-4699-8d8d-baa4a31aac0e,8,2397,True,11074,11074,147.14640636527292
2398,a0c1d2ff-eeab-4699-8d8d-baa4a31aac0e,8,2398,True,11094,11094,150.87485937513884
2399,a0c1d2ff-eeab-4699-8d8d-baa4a31aac0e,8,2399,True,11121,11121,148.03561200452532
2400,a0c1d2ff-eeab-4699-8d8d-baa4a31aac0e,8,2400,True,11144,11144,155.9493028492925
2401,a0c1d2ff-eeab-4699-8d8d-baa4a31aac0e,8,2401,True,11170,11170,179.15702919790056
2402,a0c1d2ff-eeab-4699-8d8d-baa4a31aac0e,8,2402,True,11201,11201,168.32930898370068
2403,a0c1d2ff-eeab-4699-8d8d-baa4a31aac0e,8,2403,True,11229,11229,186.2868089907497
2404,a0c1d2ff-eeab-4699-8d8d-baa4a31aac0e,8,2404,True,11253,11253,138.95639524677608
2405,a0c1d2ff-eeab-4699-8d8d-baa4a31aac0e,8,2405,True,11275,11275,140.2868089907497
2406,a0c1d2ff-eeab-4699-8d8d-baa4a31aac0e,8,2406,True,11298,11298,160.20034883996595
2407,a0c1d2ff-eeab-4699-8d8d-baa4a31aac0e,8,2407,True,11330,11330,148.33124414102167
2408,a0c1d2ff-eeab-4699-8d8d-baa4a31aac0e,8,2408,True,11349,11349,149.69922197097367
2409,a0c1d2ff-eeab-4699-8d8d-baa4a31aac0e,8,2409,True,11375,11375,144.3817604231881
2410,a0c1d2ff-eeab-4699-8d8d-baa4a31aac0e,8,2410,True,11406,11406,132.1391100257806
2411,a0c1d2ff-eeab-4699-8d8d-baa4a31aac0e,8,2411,True,11429,11429,166.84987762048695
2412,a0c1d2ff-eeab-4699-8d8d-baa4a31aac0e,8,2412,True,11455,11455,161.8081545250734
2413,a0c1d2ff-eeab-4699-8d8d-baa4a31aac0e,8,2413,True,11497,11497,175.73573146181297
2414,a0c1d2ff-eeab-4699-8d8d-baa4a31aac0e,8,2414,True,11522,11522,127.16737539260794
2415,a0c1d2ff-eeab-4699-8d8d-baa4a31aac0e,8,2415,True,11553,11553,158.16242261630578
2416,a0c1d2ff-eeab-4699-8d8d-baa4a31aac0e,8,2416,True,11574,11574,157.95066234961632
2417,a0c1d2ff-eeab-4699-8d8d-baa4a31aac0e,8,2417,True,11607,11607,147.95009808112263
2418,a0c1d2ff-eeab-4699-8d8d-baa4a31aac0e,8,2418,True,11632,11632,152.12390195034823
2419,a0c1d2ff-eeab-4699-8d8d-baa4a31aac0e,8,2419,True,11664,11664,149.34018171628304
2420,a0c1d2ff-eeab-4699-8d8d-baa4a31aac0e,8,2420,True,11690,11690,162.65990474637874
2421,a0c1d2ff-eeab-4699-8d8d-baa4a31aac0e,8,2421,True,11716,11716,118.81535774100485
2422,a0c1d2ff-eeab-4699-8d8d-baa4a31aac0e,8,2422,True,11743,11743,149.7654733611198
2423,a0c1d2ff-eeab-4699-8d8d-baa4a31aac0e,8,2423,True,11779,11779,157.7247202201106
2424,a0c1d2ff-eeab-4699-8d8d-baa4a31aac0e,8,2424,True,11817,11817,158.95483566172697
2425,a0c1d2ff-eeab-4699-8d8d-baa4a31aac0e,8,2425,True,11850,11850,211.43962541215842
2426,a0c1d2ff-eeab-4699-8d8d-baa4a31aac0e,8,2426,True,11866,11866,129.7620505602008
2427,a0c1d2ff-eeab-4699-8d8d-baa4a31aac0e,8,2427,True,11894,11894,219.6858377587414
2428,a0c1d2ff-eeab-4699-8d8d-baa4a31aac0e,8,2428,True,11924,11924,216.66274628179963
2429,a0c1d2ff-eeab-4699-8d8d-baa4a31aac0e,8,2429,True,11965,11965,175.66274628179963
2430,a0c1d2ff-eeab-4699-8d8d-baa4a31aac0e,8,2430,True,11986,11986,199.65916611374814
2431,a0c1d2ff-eeab-4699-8d8d-baa4a31aac0e,8,2431,True,12016,12016,189.71453878233115
2432,a0c1d2ff-eeab-4699-8d8d-baa4a31aac0e,8,2432,True,12043,12043,183.9170767135438
2433,a0c1d2ff-eeab-4699-8d8d-baa4a31aac0e,8,2433,True,12061,12061,165.9170767135438
2434,a0c1d2ff-eeab-4699-8d8d-baa4a31aac0e,8,2434,True,12089,12089,199.8031876564146
2435,a0c1d2ff-eeab-4699-8d8d-baa4a31aac0e,8,2435,True,12116,12116,190.43119968291285
2436,a0c1d2ff-eeab-4699-8d8d-baa4a31aac0e,8,2436,True,12146,12146,184.79987651999363
2437,a0c1d2ff-eeab-4699-8d8d-baa4a31aac0e,8,2437,True,12181,12181,199.7597582013732
2438,a0c1d2ff-eeab-4699-8d8d-baa4a31aac0e,8,2438,True,12209,12209,153.80930584256748
2439,a0c1d2ff-eeab-4699-8d8d-baa4a31aac0e,8,2439,True,12239,12239,254.7539564982926
2440,a0c1d2ff-eeab-4699-8d8d-baa4a31aac0e,8,2440,True,12266,12266,248.48959565754194
2441,a0c1d2ff-eeab-4699-8d8d-baa4a31aac0e,8,2441,True,12287,12287,255.89183974470143
2442,a0c1d2ff-eeab-4699-8d8d-baa4a31aac0e,8,2442,True,12315,12315,250.10042226560472
2443,a0c1d2ff-eeab-4699-8d8d-baa4a31aac0e,8,2443,True,12341,12341,201.89183974470143
2444,a0c1d2ff-eeab-4699-8d8d-baa4a31aac0e,8,2444,True,12375,12375,235.9716537394179
2445,a0c1d2ff-eeab-4699-8d8d-baa4a31aac0e,8,2445,True,12394,12394,250.19586030824394
2446,a0c1d2ff-eeab-4699-8d8d-baa4a31aac0e,8,2446,True,12429,12429,215.19586030824394
2447,a0c1d2ff-eeab-4699-8d8d-baa4a31aac0e,8,2447,True,12460,12460,206.16987562293798
2448,a0c1d2ff-eeab-4699-8d8d-baa4a31aac0e,8,2448,True,12490,12490,221.80647098644295
2449,a0c1d2ff-eeab-4699-8d8d-baa4a31aac0e,8,2449,True,12523,12523,211.99814972859713
2450,a0c1d2ff-eeab-4699-8d8d-baa4a31aac0e,8,2450,True,12553,12553,210.54797824685738
2451,a0c1d2ff-eeab-4699-8d8d-baa4a31aac0e,8,2451,True,12574,12574,210.40348503312634
2452,a0c1d2ff-eeab-4699-8d8d-baa4a31aac0e,8,2452,True,12603,12603,231.2444720098065
2453,a0c1d2ff-eeab-4699-8d8d-baa4a31aac0e,8,2453,True,12630,12630,227.33967148096417
2454,a0c1d2ff-eeab-4699-8d8d-baa4a31aac0e,8,2454,True,12661,12661,196.33967148096417
2455,a0c1d2ff-eeab-4699-8d8d-baa4a31aac0e,8,2455,True,12681,12681,176.33967148096417
2456,a0c1d2ff-eeab-4699-8d8d-baa4a31aac0e,8,2456,True,12709,12709,167.1992668375442
2457,a0c1d2ff-eeab-4699-8d8d-baa4a31aac0e,8,2457,True,12743,12743,191.2604007956288
2458,a0c1d2ff-eeab-4699-8d8d-baa4a31aac0e,8,2458,True,12770,12770,185.54873083429084
2459,a0c1d2ff-eeab-4699-8d8d-baa4a31aac0e,8,2459,True,12796,12796,187.0279263677421
2460,a0c1d2ff-eeab-4699-8d8d-baa4a31aac0e,8,2460,True,12824,12824,201.02315618268767
2461,a0c1d2ff-eeab-4699-8d8d-baa4a31aac0e,8,2461,True,12847,12847,153.85275011595513
2462,a0c1d2ff-eeab-4699-8d8d-baa4a31aac0e,8,2462,True,12874,12874,210.4700285352519
2463,a0c1d2ff-eeab-4699-8d8d-baa4a31aac0e,8,2463,True,12894,12894,170.43443128834406
2464,a0c1d2ff-eeab-4699-8d8d-baa4a31aac0e,8,2464,True,12933,12933,172.7517214036052
2465,a0c1d2ff-eeab-4699-8d8d-baa4a31aac0e,8,2465,True,12955,12955,175.26032244489943
2466,a0c1d2ff-eeab-4699-8d8d-baa4a31aac0e,8,2466,True,12980,12980,178.0613743854865
2467,a0c1d2ff-eeab-4699-8d8d-baa4a31aac0e,8,2467,True,13005,13005,153.0613743854865
2468,a0c1d2ff-eeab-4699-8d8d-baa4a31aac0e,8,2468,True,13034,13034,151.52714617245874
2469,a0c1d2ff-eeab-4699-8d8d-baa4a31aac0e,8,2469,True,13061,13061,143.50955116013392
2470,a0c1d2ff-eeab-4699-8d8d-baa4a31aac0e,8,2470,True,13087,13087,150.2365133230942
2471,a0c1d2ff-eeab-4699-8d8d-baa4a31aac0e,8,2471,True,13110,13110,149.63031692642835
2472,a0c1d2ff-eeab-4699-8d8d-baa4a31aac0e,8,2472,True,13142,13142,146.56739427111097
2473,a0c1d2ff-eeab-4699-8d8d-baa4a31aac0e,8,2473,True,13173,13173,136.26320304496585
2474,a0c1d2ff-eeab-4699-8d8d-baa4a31aac0e,8,2474,True,13199,13199,164.36956521152933
2475,a0c1d2ff-eeab-4699-8d8d-baa4a31aac0e,8,2475,True,13224,13224,155.57355191546048
2476,a0c1d2ff-eeab-4699-8d8d-baa4a31aac0e,8,2476,True,13247,13247,222.86650763673788
2477,a0c1d2ff-eeab-4699-8d8d-baa4a31aac0e,8,2477,True,13270,13270,175.85054770781062
2478,a0c1d2ff-eeab-4699-8d8d-baa4a31aac0e,8,2478,True,13295,13295,174.86650763673788
2479,a0c1d2ff-eeab-4699-8d8d-baa4a31aac0e,8,2479,True,13320,13320,181.63339989092674
2480,a0c1d2ff-eeab-4699-8d8d-baa4a31aac0e,8,2480,True,13341,13341,206.71224642175366
2481,a0c1d2ff-eeab-4699-8d8d-baa4a31aac0e,8,2481,True,13369,13369,155.8631694875712
2482,a0c1d2ff-eeab-4699-8d8d-baa4a31aac0e,8,2482,True,13406,13406,161.01531148615504
2483,a0c1d2ff-eeab-4699-8d8d-baa4a31aac0e,8,2483,True,13430,13430,168.5778081669432
2484,a0c1d2ff-eeab-4699-8d8d-baa4a31aac0e,8,2484,True,13454,13454,187.65446003877332
2485,a0c1d2ff-eeab-4699-8d8d-baa4a31aac0e,8,2485,True,13470,13470,151.21962490836813
2486,a0c1d2ff-eeab-4699-8d8d-baa4a31aac0e,8,2486,True,13498,13498,165.06501815414413
2487,a0c1d2ff-eeab-4699-8d8d-baa4a31aac0e,8,2487,True,13519,13519,166.44562733168823
2488,a0c1d2ff-eeab-4699-8d8d-baa4a31aac0e,8,2488,True,13545,13545,140.44562733168823
2489,a0c1d2ff-eeab-4699-8d8d-baa4a31aac0e,8,2489,True,13573,13573,152.92435713323903
2490,a0c1d2ff-eeab-4699-8d8d-baa4a31aac0e,8,2490,True,13599,13599,165.14681561209363
2491,a0c1d2ff-eeab-4699-8d8d-baa4a31aac0e,8,2491,True,13629,13629,156.09414936581197
2492,a0c1d2ff-eeab-4699-8d8d-baa4a31aac0e,8,2492,True,13656,13656,187.3295269125374
2493,a0c1d2ff-eeab-4699-8d8d-baa4a31aac0e,8,2493,True,13689,13689,201.33077090937695
2494,a0c1d2ff-eeab-4699-8d8d-baa4a31aac0e,8,2494,True,13717,13717,173.33077090937695
2495,a0c1d2ff-eeab-4699-8d8d-baa4a31aac0e,8,2495,True,13746,13746,163.35746805630697
2496,a0c1d2ff-eeab-4699-8d8d-baa4a31aac0e,8,2496,True,13762,13762,166.48363516943027
2497,a0c1d2ff-eeab-4699-8d8d-baa4a31aac0e,8,2497,True,13784,13784,179.56513667453328
2498,a0c1d2ff-eeab-4699-8d8d-baa4a31aac0e,8,2498,True,13816,13816,168.27913610196265
2499,a0c1d2ff-eeab-4699-8d8d-baa4a31aac0e,8,2499,True,13837,13837,189.9649573933475
2500,a0c1d2ff-eeab-4699-8d8d-baa4a31aac0e,8,2500,True,13858,13858,168.9649573933475
2501,a0c1d2ff-eeab-4699-8d8d-baa4a31aac0e,8,2501,True,13882,13882,207.18791745322778
2502,a0c1d2ff-eeab-4699-8d8d-baa4a31aac0e,8,2502,True,13906,13906,163.77890332049355
2503,a0c1d2ff-eeab-4699-8d8d-baa4a31aac0e,8,2503,True,13923,13923,166.18791745322778
2504,a0c1d2ff-eeab-4699-8d8d-baa4a31aac0e,8,2504,True,13951,13951,170.20359946198187
2505,a0c1d2ff-eeab-4699-8d8d-baa4a31aac0e,8,2505,True,13980,13980,217.05141037225258
2506,a0c1d2ff-eeab-4699-8d8d-baa4a31aac0e,8,2506,True,14002,14002,168.60249331590603
2507,a0c1d2ff-eeab-4699-8d8d-baa4a31aac0e,8,2507,True,14031,14031,166.05141037225258
2508,a0c1d2ff-eeab-4699-8d8d-baa4a31aac0e,8,2508,True,14064,14064,159.50084329929086
2509,a0c1d2ff-eeab-4699-8d8d-baa4a31aac0e,8,2509,True,14085,14085,157.14460387729378
2510,a0c1d2ff-eeab-4699-8d8d-baa4a31aac0e,8,2510,True,14116,14116,161.8177590682444
2511,a0c1d2ff-eeab-4699-8d8d-baa4a31aac0e,8,2511,True,14147,14147,154.6649149806908
2512,a0c1d2ff-eeab-4699-8d8d-baa4a31aac0e,8,2512,True,14170,14170,150.2975650410608
2513,a0c1d2ff-eeab-4699-8d8d-baa4a31aac0e,8,2513,True,14201,14201,148.62339674271607
2514,a0c1d2ff-eeab-4699-8d8d-baa4a31aac0e,8,2514,True,14238,14238,132.17560225769557
2515,a0c1d2ff-eeab-4699-8d8d-baa4a31aac0e,8,2515,True,14262,14262,149.94878092052932
2516,a0c1d2ff-eeab-4699-8d8d-baa4a31aac0e,8,2516,True,14288,14288,144.57318937949822
2517,a0c1d2ff-eeab-4699-8d8d-baa4a31aac0e,8,2517,True,14316,14316,153.26540677608682
2518,a0c1d2ff-eeab-4699-8d8d-baa4a31aac0e,8,2518,True,14342,14342,148.55558958332404
2519,a0c1d2ff-eeab-4699-8d8d-baa4a31aac0e,8,2519,True,14374,14374,208.9298167234556
2520,a0c1d2ff-eeab-4699-8d8d-baa4a31aac0e,8,2520,True,14395,14395,163.54860167245533
2521,a0c1d2ff-eeab-4699-8d8d-baa4a31aac0e,8,2521,True,14421,14421,235.64567781784717
2522,a0c1d2ff-eeab-4699-8d8d-baa4a31aac0e,8,2522,True,14454,14454,202.64567781784717
2523,a0c1d2ff-eeab-4699-8d8d-baa4a31aac0e,8,2523,True,14476,14476,201.85295818626037
2524,a0c1d2ff-eeab-4699-8d8d-baa4a31aac0e,8,2524,True,14496,14496,138.79949996451978
2525,a0c1d2ff-eeab-4699-8d8d-baa4a31aac0e,8,2525,True,14528,14528,170.64191973275047
2526,a0c1d2ff-eeab-4699-8d8d-baa4a31aac0e,8,2526,True,14557,14557,214.379020808934
2527,a0c1d2ff-eeab-4699-8d8d-baa4a31aac0e,8,2527,True,14586,14586,162.9108948542398
2528,a0c1d2ff-eeab-4699-8d8d-baa4a31aac0e,8,2528,True,14612,14612,183.5919709826485
2529,a0c1d2ff-eeab-4699-8d8d-baa4a31aac0e,8,2529,True,14642,14642,177.7502978278335
2530,a0c1d2ff-eeab-4699-8d8d-baa4a31aac0e,8,2530,True,14679,14679,165.71899097384812
2531,a0c1d2ff-eeab-4699-8d8d-baa4a31aac0e,8,2531,True,14707,14707,172.31769915467885
2532,a0c1d2ff-eeab-4699-8d8d-baa4a31aac0e,8,2532,True,14739,14739,171.4446556440871
2533,a0c1d2ff-eeab-4699-8d8d-baa4a31aac0e,8,2533,True,14761,14761,169.32874878643997
2534,a0c1d2ff-eeab-4699-8d8d-baa4a31aac0e,8,2534,True,14792,14792,199.21557617447434
2535,a0c1d2ff-eeab-4699-8d8d-baa4a31aac0e,8,2535,True,14819,14819,192.90218313620971
2536,a0c1d2ff-eeab-4699-8d8d-baa4a31aac0e,8,2536,True,14844,14844,198.24826163210128
2537,a0c1d2ff-eeab-4699-8d8d-baa4a31aac0e,8,2537,True,14870,14870,195.76339837674277
2538,a0c1d2ff-eeab-4699-8d8d-baa4a31aac0e,8,2538,True,14900,14900,190.09510755898555
2539,a0c1d2ff-eeab-4699-8d8d-baa4a31aac0e,8,2539,True,14934,14934,178.97100140159637
2540,a0c1d2ff-eeab-4699-8d8d-baa4a31aac0e,8,2540,True,14968,14968,161.75700109463287
2541,a0c1d2ff-eeab-4699-8d8d-baa4a31aac0e,8,2541,True,14993,14993,161.43152372993063
2542,a0c1d2ff-eeab-4699-8d8d-baa4a31aac0e,8,2542,True,15018,15018,183.98099614186322
2543,a0c1d2ff-eeab-4699-8d8d-baa4a31aac0e,8,2543,True,15036,15036,185.6330141371909
2544,a0c1d2ff-eeab-4699-8d8d-baa4a31aac0e,8,2544,True,15065,15065,190.73421542735377
2545,a0c1d2ff-eeab-4699-8d8d-baa4a31aac0e,8,2545,True,15089,15089,188.33816646738524
2546,a0c1d2ff-eeab-4699-8d8d-baa4a31aac0e,8,2546,True,15123,15123,194.02726259731207
2547,a0c1d2ff-eeab-4699-8d8d-baa4a31aac0e,8,2547,True,15156,15156,140.37970132710507
2548,a0c1d2ff-eeab-4699-8d8d-baa4a31aac0e,8,2548,True,15188,15188,175.85411749946797
2549,a0c1d2ff-eeab-4699-8d8d-baa4a31aac0e,8,2549,True,15211,15211,173.33895540243793
2550,a0c1d2ff-eeab-4699-8d8d-baa4a31aac0e,8,2550,True,15246,15246,159.64350972983266
2551,a0c1d2ff-eeab-4699-8d8d-baa4a31aac0e,8,2551,True,15267,15267,163.689349106573
2552,a0c1d2ff-eeab-4699-8d8d-baa4a31aac0e,8,2552,True,15307,15307,143.1730625274795
2553,a0c1d2ff-eeab-4699-8d8d-baa4a31aac0e,8,2553,True,15332,15332,161.4825704526611
2554,a0c1d2ff-eeab-4699-8d8d-baa4a31aac0e,8,2554,True,15363,15363,146.75325300826444
2555,a0c1d2ff-eeab-4699-8d8d-baa4a31aac0e,8,2555,True,15396,15396,164.61187136927765
2556,a0c1d2ff-eeab-4699-8d8d-baa4a31aac0e,8,2556,True,15423,15423,162.61486611927285
2557,a0c1d2ff-eeab-4699-8d8d-baa4a31aac0e,8,2557,True,15449,15449,178.25346577738856
2558,a0c1d2ff-eeab-4699-8d8d-baa4a31aac0e,8,2558,True,15475,15475,128.7647601165463
2559,a0c1d2ff-eeab-4699-8d8d-baa4a31aac0e,8,2559,True,15503,15503,147.76725361608987
2560,a0c1d2ff-eeab-4699-8d8d-baa4a31aac0e,8,2560,True,15529,15529,140.75494074905146
2561,a0c1d2ff-eeab-4699-8d8d-baa4a31aac0e,8,2561,True,15559,15559,133.27999188236572
2562,a0c1d2ff-eeab-4699-8d8d-baa4a31aac0e,8,2562,True,15590,15590,129.26982879019306
2563,a0c1d2ff-eeab-4699-8d8d-baa4a31aac0e,8,2563,True,15620,15620,170.62631210610016
2564,a0c1d2ff-eeab-4699-8d8d-baa4a31aac0e,8,2564,True,15650,15650,159.6064292578394
2565,a0c1d2ff-eeab-4699-8d8d-baa4a31aac0e,8,2565,True,15678,15678,156.14879496548565
2566,a0c1d2ff-eeab-4699-8d8d-baa4a31aac0e,8,2566,True,15697,15697,156.40653642450707
2567,a0c1d2ff-eeab-4699-8d8d-baa4a31aac0e,8,2567,True,15737,15737,171.62079760935558
2568,a0c1d2ff-eeab-4699-8d8d-baa4a31aac0e,8,2568,True,15764,15764,164.31845922266803
2569,a0c1d2ff-eeab-4699-8d8d-baa4a31aac0e,8,2569,True,15792,15792,180.94935813261873
2570,a0c1d2ff-eeab-4699-8d8d-baa4a31aac0e,8,2570,True,15815,15815,181.12708174572617
2571,a0c1d2ff-eeab-4699-8d8d-baa4a31aac0e,8,2571,True,15837,15837,159.12708174572617
2572,a0c1d2ff-eeab-4699-8d8d-baa4a31aac0e,8,2572,True,15864,15864,173.98747034794724
2573,a0c1d2ff-eeab-4699-8d8d-baa4a31aac0e,8,2573,True,15888,15888,168.7771503495569
2574,a0c1d2ff-eeab-4699-8d8d-baa4a31aac0e,8,2574,True,15918,15918,159.55000809816192
2575,a0c1d2ff-eeab-4699-8d8d-baa4a31aac0e,8,2575,True,15944,15944,166.91283032818683
2576,a0c1d2ff-eeab-4699-8d8d-baa4a31aac0e,8,2576,True,15973,15973,159.23000260918707
2577,a0c1d2ff-eeab-4699-8d8d-baa4a31aac0e,8,2577,True,16001,16001,163.30850992723026
2578,a0c1d2ff-eeab-4699-8d8d-baa4a31aac0e,8,2578,True,16040,16040,188.57436208999206
2579,a0c1d2ff-eeab-4699-8d8d-baa4a31aac0e,8,2579,True,16058,16058,147.28175406457012
2580,a0c1d2ff-eeab-4699-8d8d-baa4a31aac0e,8,2580,True,16081,16081,147.57436208999206
2581,a0c1d2ff-eeab-4699-8d8d-baa4a31aac0e,8,2581,True,16108,16108,170.5671096037604
2582,a0c1d2ff-eeab-4699-8d8d-baa4a31aac0e,8,2582,True,16133,16133,165.9247036504803
2583,a0c1d2ff-eeab-4699-8d8d-baa4a31aac0e,8,2583,True,16161,16161,156.34768288258238
2584,a0c1d2ff-eeab-4699-8d8d-baa4a31aac0e,8,2584,True,16191,16191,190.62894454938942
2585,a0c1d2ff-eeab-4699-8d8d-baa4a31aac0e,8,2585,True,16214,16214,143.72108855370425
2586,a0c1d2ff-eeab-4699-8d8d-baa4a31aac0e,8,2586,True,16243,16243,179.8945080004596
2587,a0c1d2ff-eeab-4699-8d8d-baa4a31aac0e,8,2587,True,16270,16270,175.53639580044182
2588,a0c1d2ff-eeab-4699-8d8d-baa4a31aac0e,8,2588,True,16299,16299,165.27025834772212
2589,a0c1d2ff-eeab-4699-8d8d-baa4a31aac0e,8,2589,True,16323,16323,201.1776362916171
2590,a0c1d2ff-eeab-4699-8d8d-baa4a31aac0e,8,2590,True,16342,16342,145.8258392033822
2591,a0c1d2ff-eeab-4699-8d8d-baa4a31aac0e,8,2591,True,16374,16374,175.9002134961229
2592,a0c1d2ff-eeab-4699-8d8d-baa4a31aac0e,8,2592,True,16402,16402,147.9002134961229
2593,a0c1d2ff-eeab-4699-8d8d-baa4a31aac0e,8,2593,True,16429,16429,156.81018227035747
2594,a0c1d2ff-eeab-4699-8d8d-baa4a31aac0e,8,2594,True,16452,16452,155.46450568270666
2595,a0c1d2ff-eeab-4699-8d8d-baa4a31aac0e,8,2595,True,16477,16477,155.6960951242254
2596,a0c1d2ff-eeab-4699-8d8d-baa4a31aac0e,8,2596,True,16505,16505,177.15203955737888
2597,a0c1d2ff-eeab-4699-8d8d-baa4a31aac0e,8,2597,True,16521,16521,141.73308463392095
2598,a0c1d2ff-eeab-4699-8d8d-baa4a31aac0e,8,2598,True,16555,16555,183.73722054523387
2599,a0c1d2ff-eeab-4699-8d8d-baa4a31aac0e,8,2599,True,16578,16578,182.10110496458583
2600,a0c1d2ff-eeab-4699-8d8d-baa4a31aac0e,8,2600,True,16604,16604,176.8517004041787
2601,a0c1d2ff-eeab-4699-8d8d-baa4a31aac0e,8,2601,True,16636,16636,164.01766470710936
2602,a0c1d2ff-eeab-4699-8d8d-baa4a31aac0e,8,2602,True,16653,16653,166.87526520971733
2603,a0c1d2ff-eeab-4699-8d8d-baa4a31aac0e,8,2603,True,16680,16680,184.24749943864663
2604,a0c1d2ff-eeab-4699-8d8d-baa4a31aac0e,8,2604,True,16719,16719,214.60638006548834
2605,a0c1d2ff-eeab-4699-8d8d-baa4a31aac0e,8,2605,True,16743,16743,190.60638006548834
2606,a0c1d2ff-eeab-4699-8d8d-baa4a31aac0e,8,2606,True,16778,16778,205.26846291881884
2607,a0c1d2ff-eeab-4699-8d8d-baa4a31aac0e,8,2607,True,16810,16810,173.26846291881884
2608,a0c1d2ff-eeab-4699-8d8d-baa4a31aac0e,8,2608,True,16839,16839,202.24102985348145
2609,a0c1d2ff-eeab-4699-8d8d-baa4a31aac0e,8,2609,True,16860,16860,161.37241537563386
2610,a0c1d2ff-eeab-4699-8d8d-baa4a31aac0e,8,2610,True,16884,16884,182.60652455676973
2611,a0c1d2ff-eeab-4699-8d8d-baa4a31aac0e,8,2611,True,16915,16915,151.60652455676973
2612,a0c1d2ff-eeab-4699-8d8d-baa4a31aac0e,8,2612,True,16944,16944,158.16434171465153
2613,a0c1d2ff-eeab-4699-8d8d-baa4a31aac0e,8,2613,True,16961,16961,170.94947711280838
2614,a0c1d2ff-eeab-4699-8d8d-baa4a31aac0e,8,2614,True,16988,16988,164.02491502391058
2615,a0c1d2ff-eeab-4699-8d8d-baa4a31aac0e,8,2615,True,17024,17024,162.9124939321664
2616,a0c1d2ff-eeab-4699-8d8d-baa4a31aac0e,8,2616,True,17054,17054,164.10558095618762
2617,a0c1d2ff-eeab-4699-8d8d-baa4a31aac0e,8,2617,True,17069,17069,191.6720143968305
2618,a0c1d2ff-eeab-4699-8d8d-baa4a31aac0e,8,2618,True,17093,17093,186.3797068996646
2619,a0c1d2ff-eeab-4699-8d8d-baa4a31aac0e,8,2619,True,17132,17132,169.19902979369726
2620,a0c1d2ff-eeab-4699-8d8d-baa4a31aac0e,8,2620,True,17165,17165,162.72752049106566
2621,a0c1d2ff-eeab-4699-8d8d-baa4a31aac0e,8,2621,True,17193,17193,157.01975278292957
2622,a0c1d2ff-eeab-4699-8d8d-baa4a31aac0e,8,2622,True,17231,17231,162.42724207716674
2623,a0c1d2ff-eeab-4699-8d8d-baa4a31aac0e,8,2623,True,17261,17261,158.89672393977526
2624,a0c1d2ff-eeab-4699-8d8d-baa4a31aac0e,8,2624,True,17289,17289,176.27321275556096
2625,a0c1d2ff-eeab-4699-8d8d-baa4a31aac0e,8,2625,True,17317,17317,127.24669761932455
2626,a0c1d2ff-eeab-4699-8d8d-baa4a31aac0e,8,2626,True,17346,17346,161.31164769282623
2627,a0c1d2ff-eeab-4699-8d8d-baa4a31aac0e,8,2627,True,17376,17376,155.54510469548404
2628,a0c1d2ff-eeab-4699-8d8d-baa4a31aac0e,8,2628,True,17398,17398,155.4705363103203
2629,a0c1d2ff-eeab-4699-8d8d-baa4a31aac0e,8,2629,True,17438,17438,136.30283702355882
2630,a0c1d2ff-eeab-4699-8d8d-baa4a31aac0e,8,2630,True,17465,17465,150.48341943804553
2631,a0c1d2ff-eeab-4699-8d8d-baa4a31aac0e,8,2631,True,17494,17494,142.07721671048057
2632,a0c1d2ff-eeab-4699-8d8d-baa4a31aac0e,8,2632,True,17520,17520,206.33942456883233
2633,a0c1d2ff-eeab-4699-8d8d-baa4a31aac0e,8,2633,True,17562,17562,164.33942456883233
2634,a0c1d2ff-eeab-4699-8d8d-baa4a31aac0e,8,2634,True,17588,17588,184.36256847361437
2635,a0c1d2ff-eeab-4699-8d8d-baa4a31aac0e,8,2635,True,17611,17611,184.3344693581421
2636,a0c1d2ff-eeab-4699-8d8d-baa4a31aac0e,8,2636,True,17634,17634,208.88312120233604
2637,a0c1d2ff-eeab-4699-8d8d-baa4a31aac0e,8,2637,True,17661,17661,161.52015750721694
2638,a0c1d2ff-eeab-4699-8d8d-baa4a31aac0e,8,2638,True,17680,17680,184.88482886438214
2639,a0c1d2ff-eeab-4699-8d8d-baa4a31aac0e,8,2639,True,17714,17714,173.7899529416827
2640,a0c1d2ff-eeab-4699-8d8d-baa4a31aac0e,8,2640,True,17742,17742,165.21995687261006
2641,a0c1d2ff-eeab-4699-8d8d-baa4a31aac0e,8,2641,True,17776,17776,156.1455150390684
2642,a0c1d2ff-eeab-4699-8d8d-baa4a31aac0e,8,2642,True,17799,17799,175.86138528261654
2643,a0c1d2ff-eeab-4699-8d8d-baa4a31aac0e,8,2643,True,17832,17832,164.88767810136778
2644,a0c1d2ff-eeab-4699-8d8d-baa4a31aac0e,8,2644,True,17858,17858,178.18210636833828
2645,a0c1d2ff-eeab-4699-8d8d-baa4a31aac0e,8,2645,True,17887,17887,169.6869104775178
2646,a0c1d2ff-eeab-4699-8d8d-baa4a31aac0e,8,2646,True,17924,17924,155.0323355104847
2647,a0c1d2ff-eeab-4699-8d8d-baa4a31aac0e,8,2647,True,17942,17942,161.30298632165068
2648,a0c1d2ff-eeab-4699-8d8d-baa4a31aac0e,8,2648,True,17972,17972,164.60643933855317
2649,a0c1d2ff-eeab-4699-8d8d-baa4a31aac0e,8,2649,True,17999,17999,158.88978662779482
2650,a0c1d2ff-eeab-4699-8d8d-baa4a31aac0e,8,2650,True,18021,18021,170.91589282711357
2651,a0c1d2ff-eeab-4699-8d8d-baa4a31aac0e,8,2651,True,18064,18064,148.60698651440907
2652,a0c1d2ff-eeab-4699-8d8d-baa4a31aac0e,8,2652,True,18092,18092,212.85930001542147
2653,a0c1d2ff-eeab-4699-8d8d-baa4a31aac0e,8,2653,True,18121,18121,150.14919352976358
2654,a0c1d2ff-eeab-4699-8d8d-baa4a31aac0e,8,2654,True,18142,18142,229.04326837382177
2655,a0c1d2ff-eeab-4699-8d8d-baa4a31aac0e,8,2655,True,18167,18167,175.96314881779836
2656,a0c1d2ff-eeab-4699-8d8d-baa4a31aac0e,8,2656,True,18196,18196,200.39275804347199
2657,a0c1d2ff-eeab-4699-8d8d-baa4a31aac0e,8,2657,True,18228,18228,187.82890913898154
2658,a0c1d2ff-eeab-4699-8d8d-baa4a31aac0e,8,2658,True,18254,18254,189.68658330381368
2659,a0c1d2ff-eeab-4699-8d8d-baa4a31aac0e,8,2659,True,18277,18277,189.24541353626046
2660,a0c1d2ff-eeab-4699-8d8d-baa4a31aac0e,8,2660,True,18299,18299,218.7007732553502
2661,a0c1d2ff-eeab-4699-8d8d-baa4a31aac0e,8,2661,True,18320,18320,171.07145526197928
2662,a0c1d2ff-eeab-4699-8d8d-baa4a31aac0e,8,2662,True,18351,18351,220.9523025015551
2663,a0c1d2ff-eeab-4699-8d8d-baa4a31aac0e,8,2663,True,18377,18377,165.96393921321214
2664,a0c1d2ff-eeab-4699-8d8d-baa4a31aac0e,8,2664,True,18406,18406,217.4141490438342
2665,a0c1d2ff-eeab-4699-8d8d-baa4a31aac0e,8,2665,True,18425,18425,164.7430004848975
2666,a0c1d2ff-eeab-4699-8d8d-baa4a31aac0e,8,2666,True,18462,18462,209.85889100902932
2667,a0c1d2ff-eeab-4699-8d8d-baa4a31aac0e,8,2667,True,18488,18488,160.67588256596719
2668,a0c1d2ff-eeab-4699-8d8d-baa4a31aac0e,8,2668,True,18520,18520,175.78705143186016
2669,a0c1d2ff-eeab-4699-8d8d-baa4a31aac0e,8,2669,True,18550,18550,174.2316134394714
2670,a0c1d2ff-eeab-4699-8d8d-baa4a31aac0e,8,2670,True,18577,18577,225.39857908013437
2671,a0c1d2ff-eeab-4699-8d8d-baa4a31aac0e,8,2671,True,18599,18599,224.25160999669242
2672,a0c1d2ff-eeab-4699-8d8d-baa4a31aac0e,8,2672,True,18626,18626,197.25160999669242
2673,a0c1d2ff-eeab-4699-8d8d-baa4a31aac0e,8,2673,True,18652,18652,227.58694249281325
2674,a0c1d2ff-eeab-4699-8d8d-baa4a31aac0e,8,2674,True,18684,18684,227.01359467325528
2675,a0c1d2ff-eeab-4699-8d8d-baa4a31aac0e,8,2675,True,18704,18704,175.58694249281325
2676,a0c1d2ff-eeab-4699-8d8d-baa4a31aac0e,8,2676,True,18741,18741,219.9349762558886
2677,a0c1d2ff-eeab-4699-8d8d-baa4a31aac0e,8,2677,True,18769,18769,160.20094812692696
2678,a0c1d2ff-eeab-4699-8d8d-baa4a31aac0e,8,2678,True,18795,18795,205.89317709044917
2679,a0c1d2ff-eeab-4699-8d8d-baa4a31aac0e,8,2679,True,18823,18823,201.27406672766665
2680,a0c1d2ff-eeab-4699-8d8d-baa4a31aac0e,8,2680,True,18844,18844,134.91861677471388
2681,a0c1d2ff-eeab-4699-8d8d-baa4a31aac0e,8,2681,True,18882,18882,198.45183445542352
2682,a0c1d2ff-eeab-4699-8d8d-baa4a31aac0e,8,2682,True,18906,18906,151.0730336679917
2683,a0c1d2ff-eeab-4699-8d8d-baa4a31aac0e,8,2683,True,18926,18926,173.1558442767855
2684,a0c1d2ff-eeab-4699-8d8d-baa4a31aac0e,8,2684,True,18949,18949,172.53323327507314
2685,a0c1d2ff-eeab-4699-8d8d-baa4a31aac0e,8,2685,True,18977,18977,164.7497108036623
2686,a0c1d2ff-eeab-4699-8d8d-baa4a31aac0e,8,2686,True,18997,18997,200.50366613012739
2687,a0c1d2ff-eeab-4699-8d8d-baa4a31aac0e,8,2687,True,19024,19024,151.6053628116133
2688,a0c1d2ff-eeab-4699-8d8d-baa4a31aac0e,8,2688,True,19057,19057,192.14340966756208
2689,a0c1d2ff-eeab-4699-8d8d-baa4a31aac0e,8,2689,True,19090,19090,176.8055257900196
2690,a0c1d2ff-eeab-4699-8d8d-baa4a31aac0e,8,2690,True,19119,19119,182.96455015208994
2691,a0c1d2ff-eeab-4699-8d8d-baa4a31aac0e,8,2691,True,19145,19145,186.7485977790493
2692,a0c1d2ff-eeab-4699-8d8d-baa4a31aac0e,8,2692,True,19175,19175,175.2824183425182
2693,a0c1d2ff-eeab-4699-8d8d-baa4a31aac0e,8,2693,True,19205,19205,166.01584880157316
2694,a0c1d2ff-eeab-4699-8d8d-baa4a31aac0e,8,2694,True,19241,19241,149.9526690471248
2695,a0c1d2ff-eeab-4699-8d8d-baa4a31aac0e,8,2695,True,19260,19260,154.2611051348431
2696,a0c1d2ff-eeab-4699-8d8d-baa4a31aac0e,8,2696,True,19292,19292,164.95485408307286
2697,a0c1d2ff-eeab-4699-8d8d-baa4a31aac0e,8,2697,True,19320,19320,156.394061312727
2698,a0c1d2ff-eeab-4699-8d8d-baa4a31aac0e,8,2698,True,19344,19344,161.5116860635353
2699,a0c1d2ff-eeab-4699-8d8d-baa4a31aac0e,8,2699,True,19369,19369,156.96092850609784
2700,a0c1d2ff-eeab-4699-8d8d-baa4a31aac0e,8,2700,True,19392,19392,171.4537658197587
2701,a0c1d2ff-eeab-4699-8d8d-baa4a31aac0e,8,2701,True,19416,19416,168.89013398392854
2702,a0c1d2ff-eeab-4699-8d8d-baa4a31aac0e,8,2702,True,19437,19437,166.58590552006717
2703,a0c1d2ff-eeab-4699-8d8d-baa4a31aac0e,8,2703,True,19466,19466,188.28920329843822
2704,a0c1d2ff-eeab-4699-8d8d-baa4a31aac0e,8,2704,True,19491,19491,189.332226204755
2705,a0c1d2ff-eeab-4699-8d8d-baa4a31aac0e,8,2705,True,19516,19516,164.332226204755
2706,a0c1d2ff-eeab-4699-8d8d-baa4a31aac0e,8,2706,True,19537,19537,163.41691962481855
2707,a0c1d2ff-eeab-4699-8d8d-baa4a31aac0e,8,2707,True,19562,19562,156.14384102188706
2708,a0c1d2ff-eeab-4699-8d8d-baa4a31aac0e,8,2708,True,19585,19585,180.6558117767454
2709,a0c1d2ff-eeab-4699-8d8d-baa4a31aac0e,8,2709,True,19606,19606,199.73120371133336
2710,a0c1d2ff-eeab-4699-8d8d-baa4a31aac0e,8,2710,True,19636,19636,151.3004630725991
2711,a0c1d2ff-eeab-4699-8d8d-baa4a31aac0e,8,2711,True,19665,19665,166.58758866399148
2712,a0c1d2ff-eeab-4699-8d8d-baa4a31aac0e,8,2712,True,19695,19695,154.11954734877872
2713,a0c1d2ff-eeab-4699-8d8d-baa4a31aac0e,8,2713,True,19729,19729,174.20408753595984
2714,a0c1d2ff-eeab-4699-8d8d-baa4a31aac0e,8,2714,True,19760,19760,175.51653190538127
2715,a0c1d2ff-eeab-4699-8d8d-baa4a31aac0e,8,2715,True,19786,19786,171.116526712216
2716,a0c1d2ff-eeab-4699-8d8d-baa4a31aac0e,8,2716,True,19814,19814,245.0238326001636
2717,a0c1d2ff-eeab-4699-8d8d-baa4a31aac0e,8,2717,True,19847,19847,143.70336665040668
2718,a0c1d2ff-eeab-4699-8d8d-baa4a31aac0e,8,2718,True,19878,19878,210.2208002261541
2719,a0c1d2ff-eeab-4699-8d8d-baa4a31aac0e,8,2719,True,19907,19907,224.0464589550902
2720,a0c1d2ff-eeab-4699-8d8d-baa4a31aac0e,8,2720,True,19937,19937,173.4526025732339
2721,a0c1d2ff-eeab-4699-8d8d-baa4a31aac0e,8,2721,True,19970,19970,181.70908231238718
2722,a0c1d2ff-eeab-4699-8d8d-baa4a31aac0e,8,2722,True,19999,19999,216.63365643065117
2723,a0c1d2ff-eeab-4699-8d8d-baa4a31aac0e,8,2723,True,20025,20025,217.22062323126738
2724,a0c1d2ff-eeab-4699-8d8d-baa4a31aac0e,8,2724,True,20052,20052,258.0159475310611
2725,a0c1d2ff-eeab-4699-8d8d-baa4a31aac0e,8,2725,True,20089,20089,364.0508394025528
2726,a0c1d2ff-eeab-4699-8d8d-baa4a31aac0e,8,2726,True,20119,20119,334.0508394025528
2727,a0c1d2ff-eeab-4699-8d8d-baa4a31aac0e,8,2727,True,20139,20139,265.92401859362144
2728,a0c1d2ff-eeab-4699-8d8d-baa4a31aac0e,8,2728,True,20170,20170,254.62967830473644
2729,a0c1d2ff-eeab-4699-8d8d-baa4a31aac0e,8,2729,True,20204,20204,249.0508394025528
2730,a0c1d2ff-eeab-4699-8d8d-baa4a31aac0e,8,2730,True,20223,20223,255.80158175675388
2731,a0c1d2ff-eeab-4699-8d8d-baa4a31aac0e,8,2731,True,20246,20246,274.1365898404438
2732,a0c1d2ff-eeab-4699-8d8d-baa4a31aac0e,8,2732,True,20278,20278,268.47615467515425
2733,a0c1d2ff-eeab-4699-8d8d-baa4a31aac0e,8,2733,True,20312,20312,234.47615467515425
2734,a0c1d2ff-eeab-4699-8d8d-baa4a31aac0e,8,2734,True,20341,20341,252.87383297920678
2735,a0c1d2ff-eeab-4699-8d8d-baa4a31aac0e,8,2735,True,20366,20366,250.17823946056888
2736,a0c1d2ff-eeab-4699-8d8d-baa4a31aac0e,8,2736,True,20393,20393,223.17823946056888
2737,a0c1d2ff-eeab-4699-8d8d-baa4a31aac0e,8,2737,True,20431,20431,232.2523742400772
2738,a0c1d2ff-eeab-4699-8d8d-baa4a31aac0e,8,2738,True,20453,20453,193.25737687508445
2739,a0c1d2ff-eeab-4699-8d8d-baa4a31aac0e,8,2739,True,20492,20492,190.81360140196557
2740,a0c1d2ff-eeab-4699-8d8d-baa4a31aac0e,8,2740,True,20514,20514,188.19881097296457
2741,a0c1d2ff-eeab-4699-8d8d-baa4a31aac0e,8,2741,True,20543,20543,180.30902575243454
2742,a0c1d2ff-eeab-4699-8d8d-baa4a31aac0e,8,2742,True,20574,20574,168.65526709054393
2743,a0c1d2ff-eeab-4699-8d8d-baa4a31aac0e,8,2743,True,20598,20598,172.0366493263573
2744,a0c1d2ff-eeab-4699-8d8d-baa4a31aac0e,8,2744,True,20623,20623,167.8493449147427
2745,a0c1d2ff-eeab-4699-8d8d-baa4a31aac0e,8,2745,True,20657,20657,163.82736653439133
2746,a0c1d2ff-eeab-4699-8d8d-baa4a31aac0e,8,2746,True,20681,20681,160.15021090393202
2747,a0c1d2ff-eeab-4699-8d8d-baa4a31aac0e,8,2747,True,20703,20703,164.32188023969138
2748,a0c1d2ff-eeab-4699-8d8d-baa4a31aac0e,8,2748,True,20738,20738,196.39742111254236
2749,a0c1d2ff-eeab-4699-8d8d-baa4a31aac0e,8,2749,True,20768,20768,143.80948195926248
2750,a0c1d2ff-eeab-4699-8d8d-baa4a31aac0e,8,2750,True,20795,20795,165.0523420924801
2751,a0c1d2ff-eeab-4699-8d8d-baa4a31aac0e,8,2751,True,20827,20827,156.62297601008686
2752,a0c1d2ff-eeab-4699-8d8d-baa4a31aac0e,8,2752,True,20852,20852,156.14423962483488
2753,a0c1d2ff-eeab-4699-8d8d-baa4a31aac0e,8,2753,True,20880,20880,155.64454191706682
2754,a0c1d2ff-eeab-4699-8d8d-baa4a31aac0e,8,2754,True,20911,20911,152.6605242579426
2755,a0c1d2ff-eeab-4699-8d8d-baa4a31aac0e,8,2755,True,20949,20949,139.5984140312721
2756,a0c1d2ff-eeab-4699-8d8d-baa4a31aac0e,8,2756,True,20983,20983,134.92455344699192
2757,a0c1d2ff-eeab-4699-8d8d-baa4a31aac0e,8,2757,True,21016,21016,153.61254971347807
2758,a0c1d2ff-eeab-4699-8d8d-baa4a31aac0e,8,2758,True,21042,21042,150.11042359790736
2759,a0c1d2ff-eeab-4699-8d8d-baa4a31aac0e,8,2759,True,21069,21069,144.07131385084722
2760,a0c1d2ff-eeab-4699-8d8d-baa4a31aac0e,8,2760,True,21110,21110,127.29900423850268
2761,a0c1d2ff-eeab-4699-8d8d-baa4a31aac0e,8,2761,True,21130,21130,186.26824579815366
2762,a0c1d2ff-eeab-4699-8d8d-baa4a31aac0e,8,2762,True,21147,21147,146.84006993591902
2763,a0c1d2ff-eeab-4699-8d8d-baa4a31aac0e,8,2763,True,21170,21170,167.746326366836
2764,a0c1d2ff-eeab-4699-8d8d-baa4a31aac0e,8,2764,True,21197,21197,140.746326366836
2765,a0c1d2ff-eeab-4699-8d8d-baa4a31aac0e,8,2765,True,21229,21229,159.48990974350818
2766,a0c1d2ff-eeab-4699-8d8d-baa4a31aac0e,8,2766,True,21254,21254,155.7962327132118
2767,a0c1d2ff-eeab-4699-8d8d-baa4a31aac0e,8,2767,True,21286,21286,178.43221747651114
2768,a0c1d2ff-eeab-4699-8d8d-baa4a31aac0e,8,2768,True,21313,21313,122.41919467205298
2769,a0c1d2ff-eeab-4699-8d8d-baa4a31aac0e,8,2769,True,21347,21347,140.86849882797105
2770,a0c1d2ff-eeab-4699-8d8d-baa4a31aac0e,8,2770,True,21374,21374,130.23372960038978
2771,a0c1d2ff-eeab-4699-8d8d-baa4a31aac0e,8,2771,True,21397,21397,176.93486581908292
2772,a0c1d2ff-eeab-4699-8d8d-baa4a31aac0e,8,2772,True,21419,21419,131.66969939454793
2773,a0c1d2ff-eeab-4699-8d8d-baa4a31aac0e,8,2773,True,21450,21450,144.20232546794796
2774,a0c1d2ff-eeab-4699-8d8d-baa4a31aac0e,8,2774,True,21488,21488,125.59506981611412
2775,a0c1d2ff-eeab-4699-8d8d-baa4a31aac0e,8,2775,True,21516,21516,145.6806283505648
2776,a0c1d2ff-eeab-4699-8d8d-baa4a31aac0e,8,2776,True,21552,21552,128.1527928493415
2777,a0c1d2ff-eeab-4699-8d8d-baa4a31aac0e,8,2777,True,21578,21578,140.35175451780742
2778,a0c1d2ff-eeab-4699-8d8d-baa4a31aac0e,8,2778,True,21614,21614,149.5797070963963
2779,a0c1d2ff-eeab-4699-8d8d-baa4a31aac0e,8,2779,True,21634,21634,151.7655995496425
2780,a0c1d2ff-eeab-4699-8d8d-baa4a31aac0e,8,2780,True,21670,21670,151.6939419845512
2781,a0c1d2ff-eeab-4699-8d8d-baa4a31aac0e,8,2781,True,21696,21696,148.25897377742513
2782,a0c1d2ff-eeab-4699-8d8d-baa4a31aac0e,8,2782,True,21725,21725,145.66388656767595
2783,a0c1d2ff-eeab-4699-8d8d-baa4a31aac0e,8,2783,True,21761,21761,132.40459472072325
2784,a0c1d2ff-eeab-4699-8d8d-baa4a31aac0e,8,2784,True,21791,21791,131.9016295780384
2785,a0c1d2ff-eeab-4699-8d8d-baa4a31aac0e,8,2785,True,21827,21827,121.29539620214564
2786,a0c1d2ff-eeab-4699-8d8d-baa4a31aac0e,8,2786,True,21868,21868,113.76904491212917
2787,a0c1d2ff-eeab-4699-8d8d-baa4a31aac0e,8,2787,True,21896,21896,142.41330453314004
2788,a0c1d2ff-eeab-4699-8d8d-baa4a31aac0e,8,2788,True,21922,21922,135.46909373980816
2789,a0c1d2ff-eeab-4699-8d8d-baa4a31aac0e,8,2789,True,21950,21950,141.3794289135003
2790,a0c1d2ff-eeab-4699-8d8d-baa4a31aac0e,8,2790,True,21980,21980,150.56592882846962
2791,a0c1d2ff-eeab-4699-8d8d-baa4a31aac0e,8,2791,True,22014,22014,155.5224916438019
2792,a0c1d2ff-eeab-4699-8d8d-baa4a31aac0e,8,2792,True,22036,22036,150.22431313417837
2793,a0c1d2ff-eeab-4699-8d8d-baa4a31aac0e,8,2793,True,22068,22068,137.73593042572247
2794,a0c1d2ff-eeab-4699-8d8d-baa4a31aac0e,8,2794,True,22100,22100,134.32319531181565
2795,a0c1d2ff-eeab-4699-8d8d-baa4a31aac0e,8,2795,True,22125,22125,187.7111895533235
2796,a0c1d2ff-eeab-4699-8d8d-baa4a31aac0e,8,2796,True,22148,22148,143.88958345371793
2797,a0c1d2ff-eeab-4699-8d8d-baa4a31aac0e,8,2797,True,22169,22169,233.17077843291554
2798,a0c1d2ff-eeab-4699-8d8d-baa4a31aac0e,8,2798,True,22196,22196,142.70534395514187
2799,a0c1d2ff-eeab-4699-8d8d-baa4a31aac0e,8,2799,True,22233,22233,196.1311964264678
2800,a0c1d2ff-eeab-4699-8d8d-baa4a31aac0e,8,2800,True,22261,22261,190.96262792561538
2801,a0c1d2ff-eeab-4699-8d8d-baa4a31aac0e,8,2801,True,22294,22294,237.1301372281232
2802,a0c1d2ff-eeab-4699-8d8d-baa4a31aac0e,8,2802,True,22319,22319,212.1301372281232
2803,a0c1d2ff-eeab-4699-8d8d-baa4a31aac0e,8,2803,True,22342,22342,248.9735837606786
2804,a0c1d2ff-eeab-4699-8d8d-baa4a31aac0e,8,2804,True,22366,22366,139.47784951634458
2805,a0c1d2ff-eeab-4699-8d8d-baa4a31aac0e,8,2805,True,22389,22389,222.88482813316296
2806,a0c1d2ff-eeab-4699-8d8d-baa4a31aac0e,8,2806,True,22423,22423,248.3463467773763
2807,a0c1d2ff-eeab-4699-8d8d-baa4a31aac0e,8,2807,True,22446,22446,249.3672527393137
2808,a0c1d2ff-eeab-4699-8d8d-baa4a31aac0e,8,2808,True,22470,22470,225.3672527393137
2809,a0c1d2ff-eeab-4699-8d8d-baa4a31aac0e,8,2809,True,22496,22496,230.7607076866734
2810,a0c1d2ff-eeab-4699-8d8d-baa4a31aac0e,8,2810,True,22526,22526,229.8117305550477
2811,a0c1d2ff-eeab-4699-8d8d-baa4a31aac0e,8,2811,True,22564,22564,212.36090018964387
2812,a0c1d2ff-eeab-4699-8d8d-baa4a31aac0e,8,2812,True,22587,22587,255.80016211083057
2813,a0c1d2ff-eeab-4699-8d8d-baa4a31aac0e,8,2813,True,22617,22617,201.58496242447654
2814,a0c1d2ff-eeab-4699-8d8d-baa4a31aac0e,8,2814,True,22643,22643,199.80016211083057
2815,a0c1d2ff-eeab-4699-8d8d-baa4a31aac0e,8,2815,True,22674,22674,247.3691984432444
2816,a0c1d2ff-eeab-4699-8d8d-baa4a31aac0e,8,2816,True,22699,22699,245.91627339190381
2817,a0c1d2ff-eeab-4699-8d8d-baa4a31aac0e,8,2817,True,22726,22726,288.19513686900973
2818,a0c1d2ff-eeab-4699-8d8d-baa4a31aac0e,8,2818,True,22765,22765,208.63727089616805
2819,a0c1d2ff-eeab-4699-8d8d-baa4a31aac0e,8,2819,True,22790,22790,245.14006763948782
2820,a0c1d2ff-eeab-4699-8d8d-baa4a31aac0e,8,2820,True,22818,22818,273.5678806517717
2821,a0c1d2ff-eeab-4699-8d8d-baa4a31aac0e,8,2821,True,22848,22848,210.14362116787015
2822,a0c1d2ff-eeab-4699-8d8d-baa4a31aac0e,8,2822,True,22877,22877,214.5678806517717
2823,a0c1d2ff-eeab-4699-8d8d-baa4a31aac0e,8,2823,True,22898,22898,214.7528575603974
2824,a0c1d2ff-eeab-4699-8d8d-baa4a31aac0e,8,2824,True,22933,22933,194.2706053467482
2825,a0c1d2ff-eeab-4699-8d8d-baa4a31aac0e,8,2825,True,22965,22965,185.87987571435588
2826,a0c1d2ff-eeab-4699-8d8d-baa4a31aac0e,8,2826,True,22992,22992,176.22063522545795
2827,a0c1d2ff-eeab-4699-8d8d-baa4a31aac0e,8,2827,True,23025,23025,199.3785584356374
2828,a0c1d2ff-eeab-4699-8d8d-baa4a31aac0e,8,2828,True,23053,23053,191.94433659025526
2829,a0c1d2ff-eeab-4699-8d8d-baa4a31aac0e,8,2829,True,23081,23081,193.83628387919453
2830,a0c1d2ff-eeab-4699-8d8d-baa4a31aac0e,8,2830,True,23121,23121,175.97357404572176
2831,a0c1d2ff-eeab-4699-8d8d-baa4a31aac0e,8,2831,True,23145,23145,171.53570255945306
2832,a0c1d2ff-eeab-4699-8d8d-baa4a31aac0e,8,2832,True,23179,23179,172.908815665749
2833,a0c1d2ff-eeab-4699-8d8d-baa4a31aac0e,8,2833,True,23209,23209,167.6914262198443
2834,a0c1d2ff-eeab-4699-8d8d-baa4a31aac0e,8,2834,True,23232,23232,197.9154229753367
2835,a0c1d2ff-eeab-4699-8d8d-baa4a31aac0e,8,2835,True,23249,23249,155.11555071248586
2836,a0c1d2ff-eeab-4699-8d8d-baa4a31aac0e,8,2836,True,23277,23277,203.64133405810207
2837,a0c1d2ff-eeab-4699-8d8d-baa4a31aac0e,8,2837,True,23309,23309,262.1578695284079
2838,a0c1d2ff-eeab-4699-8d8d-baa4a31aac0e,8,2838,True,23331,23331,263.7528680769392
2839,a0c1d2ff-eeab-4699-8d8d-baa4a31aac0e,8,2839,True,23365,23365,250.1891631264407
2840,a0c1d2ff-eeab-4699-8d8d-baa4a31aac0e,8,2840,True,23392,23392,202.7528680769392
2841,a0c1d2ff-eeab-4699-8d8d-baa4a31aac0e,8,2841,True,23414,23414,230.56154556313777
2842,a0c1d2ff-eeab-4699-8d8d-baa4a31aac0e,8,2842,True,23453,23453,210.06484353914493
2843,a0c1d2ff-eeab-4699-8d8d-baa4a31aac0e,8,2843,True,23476,23476,237.37637351241574
2844,a0c1d2ff-eeab-4699-8d8d-baa4a31aac0e,8,2844,True,23513,23513,170.3010336893567
2845,a0c1d2ff-eeab-4699-8d8d-baa4a31aac0e,8,2845,True,23543,23543,208.94999652940533
2846,a0c1d2ff-eeab-4699-8d8d-baa4a31aac0e,8,2846,True,23568,23568,160.86889218947545
2847,a0c1d2ff-eeab-4699-8d8d-baa4a31aac0e,8,2847,True,23582,23582,188.62468265172356
2848,a0c1d2ff-eeab-4699-8d8d-baa4a31aac0e,8,2848,True,23607,23607,282.4795125598357
2849,a0c1d2ff-eeab-4699-8d8d-baa4a31aac0e,8,2849,True,23635,23635,223.67483487764184
2850,a0c1d2ff-eeab-4699-8d8d-baa4a31aac0e,8,2850,True,23658,23658,272.9404906547752
2851,a0c1d2ff-eeab-4699-8d8d-baa4a31aac0e,8,2851,True,23682,23682,207.4795125598357
2852,a0c1d2ff-eeab-4699-8d8d-baa4a31aac0e,8,2852,True,23706,23706,204.539770075884
2853,a0c1d2ff-eeab-4699-8d8d-baa4a31aac0e,8,2853,True,23734,23734,250.01847072849705
2854,a0c1d2ff-eeab-4699-8d8d-baa4a31aac0e,8,2854,True,23757,23757,246.5990247414593
2855,a0c1d2ff-eeab-4699-8d8d-baa4a31aac0e,8,2855,True,23782,23782,202.01847072849705
2856,a0c1d2ff-eeab-4699-8d8d-baa4a31aac0e,8,2856,True,23810,23810,249.48841539978457
2857,a0c1d2ff-eeab-4699-8d8d-baa4a31aac0e,8,2857,True,23839,23839,191.00179108250813
2858,a0c1d2ff-eeab-4699-8d8d-baa4a31aac0e,8,2858,True,23865,23865,194.48841539978457
2859,a0c1d2ff-eeab-4699-8d8d-baa4a31aac0e,8,2859,True,23895,23895,186.4638222743415
2860,a0c1d2ff-eeab-4699-8d8d-baa4a31aac0e,8,2860,True,23924,23924,231.18538602776243
2861,a0c1d2ff-eeab-4699-8d8d-baa4a31aac0e,8,2861,True,23951,23951,178.03535652803112
2862,a0c1d2ff-eeab-4699-8d8d-baa4a31aac0e,8,2862,True,23975,23975,180.18538602776243
2863,a0c1d2ff-eeab-4699-8d8d-baa4a31aac0e,8,2863,True,24003,24003,178.12295611427544
2864,a0c1d2ff-eeab-4699-8d8d-baa4a31aac0e,8,2864,True,24036,24036,199.11835285329653
2865,a0c1d2ff-eeab-4699-8d8d-baa4a31aac0e,8,2865,True,24066,24066,169.11835285329653
2866,a0c1d2ff-eeab-4699-8d8d-baa4a31aac0e,8,2866,True,24104,24104,172.24340057397785
2867,a0c1d2ff-eeab-4699-8d8d-baa4a31aac0e,8,2867,True,24135,24135,190.59967258925826
2868,a0c1d2ff-eeab-4699-8d8d-baa4a31aac0e,8,2868,True,24158,24158,140.89584805531194
2869,a0c1d2ff-eeab-4699-8d8d-baa4a31aac0e,8,2869,True,24193,24193,159.24144596534825
2870,a0c1d2ff-eeab-4699-8d8d-baa4a31aac0e,8,2870,True,24230,24230,147.79374376131454
2871,a0c1d2ff-eeab-4699-8d8d-baa4a31aac0e,8,2871,True,24258,24258,143.3659493697378
2872,a0c1d2ff-eeab-4699-8d8d-baa4a31aac0e,8,2872,True,24291,24291,144.330088027109
2873,a0c1d2ff-eeab-4699-8d8d-baa4a31aac0e,8,2873,True,24330,24330,135.48569061392845
2874,a0c1d2ff-eeab-4699-8d8d-baa4a31aac0e,8,2874,True,24361,24361,132.00055999236065
2875,a0c1d2ff-eeab-4699-8d8d-baa4a31aac0e,8,2875,True,24382,24382,158.44735766659505
2876,a0c1d2ff-eeab-4699-8d8d-baa4a31aac0e,8,2876,True,24403,24403,158.23464752099244
2877,a0c1d2ff-eeab-4699-8d8d-baa4a31aac0e,8,2877,True,24429,24429,155.75326973912524
2878,a0c1d2ff-eeab-4699-8d8d-baa4a31aac0e,8,2878,True,24459,24459,143.16491032909107
2879,a0c1d2ff-eeab-4699-8d8d-baa4a31aac0e,8,2879,True,24487,24487,177.14326494315537
2880,a0c1d2ff-eeab-4699-8d8d-baa4a31aac0e,8,2880,True,24516,24516,126.0079262458712
2881,a0c1d2ff-eeab-4699-8d8d-baa4a31aac0e,8,2881,True,24545,24545,177.07717790551033
2882,a0c1d2ff-eeab-4699-8d8d-baa4a31aac0e,8,2882,True,24570,24570,127.55606139617885
2883,a0c1d2ff-eeab-4699-8d8d-baa4a31aac0e,8,2883,True,24597,24597,172.62709585001357
2884,a0c1d2ff-eeab-4699-8d8d-baa4a31aac0e,8,2884,True,24627,24627,165.19061553988286
2885,a0c1d2ff-eeab-4699-8d8d-baa4a31aac0e,8,2885,True,24657,24657,226.6875206333134
2886,a0c1d2ff-eeab-4699-8d8d-baa4a31aac0e,8,2886,True,24682,24682,157.3323953038016
2887,a0c1d2ff-eeab-4699-8d8d-baa4a31aac0e,8,2887,True,24713,24713,190.26367585030312
2888,a0c1d2ff-eeab-4699-8d8d-baa4a31aac0e,8,2888,True,24738,24738,126.3365532277312
2889,a0c1d2ff-eeab-4699-8d8d-baa4a31aac0e,8,2889,True,24772,24772,152.19166756114282
2890,a0c1d2ff-eeab-4699-8d8d-baa4a31aac0e,8,2890,True,24813,24813,166.1213261051853
2891,a0c1d2ff-eeab-4699-8d8d-baa4a31aac0e,8,2891,True,24837,24837,164.6795877855402
2892,a0c1d2ff-eeab-4699-8d8d-baa4a31aac0e,8,2892,True,24872,24872,149.9515739578601
2893,a0c1d2ff-eeab-4699-8d8d-baa4a31aac0e,8,2893,True,24898,24898,144.58233858463427
2894,a0c1d2ff-eeab-4699-8d8d-baa4a31aac0e,8,2894,True,24926,24926,133.46364349528085
2895,a0c1d2ff-eeab-4699-8d8d-baa4a31aac0e,8,2895,True,24959,24959,122.84605977193132
2896,a0c1d2ff-eeab-4699-8d8d-baa4a31aac0e,8,2896,True,24990,24990,117.20912969719939
2897,a0c1d2ff-eeab-4699-8d8d-baa4a31aac0e,8,2897,True,25026,25026,104.1253852081827
2898,a0c1d2ff-eeab-4699-8d8d-baa4a31aac0e,8,2898,True,25054,25054,128.1830568601581
2899,a0c1d2ff-eeab-4699-8d8d-baa4a31aac0e,8,2899,True,25080,25080,141.01967408008204
2900,a0c1d2ff-eeab-4699-8d8d-baa4a31aac0e,8,2900,True,25098,25098,145.4321267713276
2901,a0c1d2ff-eeab-4699-8d8d-baa4a31aac0e,8,2901,True,25123,25123,140.45724037217587
2902,a0c1d2ff-eeab-4699-8d8d-baa4a31aac0e,8,2902,True,25147,25147,136.72694131382013
2903,a0c1d2ff-eeab-4699-8d8d-baa4a31aac0e,8,2903,True,25177,25177,146.32292779461932
2904,a0c1d2ff-eeab-4699-8d8d-baa4a31aac0e,8,2904,True,25204,25204,140.29527822426462
2905,a0c1d2ff-eeab-4699-8d8d-baa4a31aac0e,8,2905,True,25239,25239,131.1032610974471
2906,a0c1d2ff-eeab-4699-8d8d-baa4a31aac0e,8,2906,True,25269,25269,127.19074896222082
2907,a0c1d2ff-eeab-4699-8d8d-baa4a31aac0e,8,2907,True,25308,25308,110.23565768727349
2908,a0c1d2ff-eeab-4699-8d8d-baa4a31aac0e,8,2908,True,25340,25340,143.6832792645837
2909,a0c1d2ff-eeab-4699-8d8d-baa4a31aac0e,8,2909,True,25378,25378,126.47491160619393
2910,a0c1d2ff-eeab-4699-8d8d-baa4a31aac0e,8,2910,True,25410,25410,146.02533273416702
2911,a0c1d2ff-eeab-4699-8d8d-baa4a31aac0e,8,2911,True,25437,25437,138.28188025499185
2912,a0c1d2ff-eeab-4699-8d8d-baa4a31aac0e,8,2912,True,25469,25469,125.63233780231167
2913,a0c1d2ff-eeab-4699-8d8d-baa4a31aac0e,8,2913,True,25493,25493,127.95470092992036
2914,a0c1d2ff-eeab-4699-8d8d-baa4a31aac0e,8,2914,True,25521,25521,149.66019327556933
2915,a0c1d2ff-eeab-4699-8d8d-baa4a31aac0e,8,2915,True,25546,25546,172.49643335721703
2916,a0c1d2ff-eeab-4699-8d8d-baa4a31aac0e,8,2916,True,25577,25577,119.83891618156122
2917,a0c1d2ff-eeab-4699-8d8d-baa4a31aac0e,8,2917,True,25607,25607,140.11235706851585
2918,a0c1d2ff-eeab-4699-8d8d-baa4a31aac0e,8,2918,True,25638,25638,130.96704589506408
2919,a0c1d2ff-eeab-4699-8d8d-baa4a31aac0e,8,2919,True,25672,25672,151.86806468959185
2920,a0c1d2ff-eeab-4699-8d8d-baa4a31aac0e,8,2920,True,25696,25696,151.16471525996167
2921,a0c1d2ff-eeab-4699-8d8d-baa4a31aac0e,8,2921,True,25723,25723,226.6537409853663
2922,a0c1d2ff-eeab-4699-8d8d-baa4a31aac0e,8,2922,True,25749,25749,179.61353395057085
2923,a0c1d2ff-eeab-4699-8d8d-baa4a31aac0e,8,2923,True,25768,25768,234.13460191245758
2924,a0c1d2ff-eeab-4699-8d8d-baa4a31aac0e,8,2924,True,25791,25791,178.42131032966063
2925,a0c1d2ff-eeab-4699-8d8d-baa4a31aac0e,8,2925,True,25814,25814,245.0982771508934
2926,a0c1d2ff-eeab-4699-8d8d-baa4a31aac0e,8,2926,True,25846,25846,193.11639165020824
2927,a0c1d2ff-eeab-4699-8d8d-baa4a31aac0e,8,2927,True,25875,25875,207.5737904644193
2928,a0c1d2ff-eeab-4699-8d8d-baa4a31aac0e,8,2928,True,25903,25903,225.44384215577156
2929,a0c1d2ff-eeab-4699-8d8d-baa4a31aac0e,8,2929,True,25932,25932,173.44777556284316
2930,a0c1d2ff-eeab-4699-8d8d-baa4a31aac0e,8,2930,True,25960,25960,193.20657082996695
2931,a0c1d2ff-eeab-4699-8d8d-baa4a31aac0e,8,2931,True,25993,25993,160.20657082996695
2932,a0c1d2ff-eeab-4699-8d8d-baa4a31aac0e,8,2932,True,26014,26014,174.6573404006449
2933,a0c1d2ff-eeab-4699-8d8d-baa4a31aac0e,8,2933,True,26040,26040,170.7129953922813
2934,a0c1d2ff-eeab-4699-8d8d-baa4a31aac0e,8,2934,True,26068,26068,160.20277308273944
2935,a0c1d2ff-eeab-4699-8d8d-baa4a31aac0e,8,2935,True,26106,26106,158.4695470171646
2936,a0c1d2ff-eeab-4699-8d8d-baa4a31aac0e,8,2936,True,26130,26130,162.23872831302288
2937,a0c1d2ff-eeab-4699-8d8d-baa4a31aac0e,8,2937,True,26156,26156,167.75044622605492
2938,a0c1d2ff-eeab-4699-8d8d-baa4a31aac0e,8,2938,True,26183,26183,184.61426976767325
2939,a0c1d2ff-eeab-4699-8d8d-baa4a31aac0e,8,2939,True,26207,26207,179.22219274951203
2940,a0c1d2ff-eeab-4699-8d8d-baa4a31aac0e,8,2940,True,26228,26228,182.6457065425202
2941,a0c1d2ff-eeab-4699-8d8d-baa4a31aac0e,8,2941,True,26257,26257,185.13171103886998
2942,a0c1d2ff-eeab-4699-8d8d-baa4a31aac0e,8,2942,True,26296,26296,197.41764115800106
2943,a0c1d2ff-eeab-4699-8d8d-baa4a31aac0e,8,2943,True,26317,26317,143.9220014746461
2944,a0c1d2ff-eeab-4699-8d8d-baa4a31aac0e,8,2944,True,26351,26351,210.2105341317947
2945,a0c1d2ff-eeab-4699-8d8d-baa4a31aac0e,8,2945,True,26390,26390,214.11718486563404
2946,a0c1d2ff-eeab-4699-8d8d-baa4a31aac0e,8,2946,True,26415,26415,169.44199054888304
2947,a0c1d2ff-eeab-4699-8d8d-baa4a31aac0e,8,2947,True,26444,26444,187.82533899054033
2948,a0c1d2ff-eeab-4699-8d8d-baa4a31aac0e,8,2948,True,26474,26474,185.39664483303568
2949,a0c1d2ff-eeab-4699-8d8d-baa4a31aac0e,8,2949,True,26494,26494,245.0124189754497
2950,a0c1d2ff-eeab-4699-8d8d-baa4a31aac0e,8,2950,True,26518,26518,243.29819019985007
2951,a0c1d2ff-eeab-4699-8d8d-baa4a31aac0e,8,2951,True,26548,26548,191.0124189754497
2952,a0c1d2ff-eeab-4699-8d8d-baa4a31aac0e,8,2952,True,26570,26570,215.15229916908356
2953,a0c1d2ff-eeab-4699-8d8d-baa4a31aac0e,8,2953,True,26594,26594,211.47166679220754
2954,a0c1d2ff-eeab-4699-8d8d-baa4a31aac0e,8,2954,True,26619,26619,207.51875398667835
2955,a0c1d2ff-eeab-4699-8d8d-baa4a31aac0e,8,2955,True,26635,26635,217.06423421680665
2956,a0c1d2ff-eeab-4699-8d8d-baa4a31aac0e,8,2956,True,26666,26666,186.06423421680665
2957,a0c1d2ff-eeab-4699-8d8d-baa4a31aac0e,8,2957,True,26690,26690,222.49881648238807
2958,a0c1d2ff-eeab-4699-8d8d-baa4a31aac0e,8,2958,True,26720,26720,171.5000553557402
2959,a0c1d2ff-eeab-4699-8d8d-baa4a31aac0e,8,2959,True,26753,26753,188.62931785717956
2960,a0c1d2ff-eeab-4699-8d8d-baa4a31aac0e,8,2960,True,26775,26775,193.2034266501214
2961,a0c1d2ff-eeab-4699-8d8d-baa4a31aac0e,8,2961,True,26802,26802,184.63252273167382
2962,a0c1d2ff-eeab-4699-8d8d-baa4a31aac0e,8,2962,True,26832,26832,184.2028627892796
2963,a0c1d2ff-eeab-4699-8d8d-baa4a31aac0e,8,2963,True,26859,26859,176.58764390563738
2964,a0c1d2ff-eeab-4699-8d8d-baa4a31aac0e,8,2964,True,26883,26883,186.02019042128086
2965,a0c1d2ff-eeab-4699-8d8d-baa4a31aac0e,8,2965,True,26915,26915,177.10464889860305
2966,a0c1d2ff-eeab-4699-8d8d-baa4a31aac0e,8,2966,True,26944,26944,174.88438427977962
2967,a0c1d2ff-eeab-4699-8d8d-baa4a31aac0e,8,2967,True,26965,26965,175.9266516062853
2968,a0c1d2ff-eeab-4699-8d8d-baa4a31aac0e,8,2968,True,26988,26988,182.10698040128773
2969,a0c1d2ff-eeab-4699-8d8d-baa4a31aac0e,8,2969,True,27016,27016,154.10698040128773
2970,a0c1d2ff-eeab-4699-8d8d-baa4a31aac0e,8,2970,True,27055,27055,235.7589624414286
2971,a0c1d2ff-eeab-4699-8d8d-baa4a31aac0e,8,2971,True,27086,27086,204.7589624414286
2972,a0c1d2ff-eeab-4699-8d8d-baa4a31aac0e,8,2972,True,27106,27106,159.94209857553142
2973,a0c1d2ff-eeab-4699-8d8d-baa4a31aac0e,8,2973,True,27128,27128,228.66326594183192
2974,a0c1d2ff-eeab-4699-8d8d-baa4a31aac0e,8,2974,True,27154,27154,181.78271545759344
2975,a0c1d2ff-eeab-4699-8d8d-baa4a31aac0e,8,2975,True,27175,27175,202.02712942441212
2976,a0c1d2ff-eeab-4699-8d8d-baa4a31aac0e,8,2976,True,27199,27199,200.52559452053902
2977,a0c1d2ff-eeab-4699-8d8d-baa4a31aac0e,8,2977,True,27233,27233,188.0317514486269
2978,a0c1d2ff-eeab-4699-8d8d-baa4a31aac0e,8,2978,True,27266,27266,155.0317514486269
2979,a0c1d2ff-eeab-4699-8d8d-baa4a31aac0e,8,2979,True,27291,27291,226.11847094392942
2980,a0c1d2ff-eeab-4699-8d8d-baa4a31aac0e,8,2980,True,27318,27318,170.27448118483153
2981,a0c1d2ff-eeab-4699-8d8d-baa4a31aac0e,8,2981,True,27341,27341,219.23133778698684
2982,a0c1d2ff-eeab-4699-8d8d-baa4a31aac0e,8,2982,True,27368,27368,213.08842601834476
2983,a0c1d2ff-eeab-4699-8d8d-baa4a31aac0e,8,2983,True,27386,27386,153.90868470117857
2984,a0c1d2ff-eeab-4699-8d8d-baa4a31aac0e,8,2984,True,27409,27409,227.85987725845916
2985,a0c1d2ff-eeab-4699-8d8d-baa4a31aac0e,8,2985,True,27431,27431,227.53493560002244
2986,a0c1d2ff-eeab-4699-8d8d-baa4a31aac0e,8,2986,True,27454,27454,239.27339615070014
2987,a0c1d2ff-eeab-4699-8d8d-baa4a31aac0e,8,2987,True,27493,27493,225.85912214355994
2988,a0c1d2ff-eeab-4699-8d8d-baa4a31aac0e,8,2988,True,27518,27518,200.85912214355994
2989,a0c1d2ff-eeab-4699-8d8d-baa4a31aac0e,8,2989,True,27534,27534,159.27339615070014
2990,a0c1d2ff-eeab-4699-8d8d-baa4a31aac0e,8,2990,True,27564,27564,180.02006458201868
2991,a0c1d2ff-eeab-4699-8d8d-baa4a31aac0e,8,2991,True,27603,27603,191.49619029433234
2992,a0c1d2ff-eeab-4699-8d8d-baa4a31aac0e,8,2992,True,27634,27634,186.4074728486703
2993,a0c1d2ff-eeab-4699-8d8d-baa4a31aac0e,8,2993,True,27662,27662,184.3990061264485
2994,a0c1d2ff-eeab-4699-8d8d-baa4a31aac0e,8,2994,True,27689,27689,131.4074728486703
2995,a0c1d2ff-eeab-4699-8d8d-baa4a31aac0e,8,2995,True,27714,27714,132.3990061264485
2996,a0c1d2ff-eeab-4699-8d8d-baa4a31aac0e,8,2996,True,27742,27742,129.92173604748677
2997,a0c1d2ff-eeab-4699-8d8d-baa4a31aac0e,8,2997,True,27764,27764,107.92173604748677
2998,a0c1d2ff-eeab-4699-8d8d-baa4a31aac0e,8,2998,True,27795,27795,95.78274108193364
2999,a0c1d2ff-eeab-4699-8d8d-baa4a31aac0e,8,2999,True,27823,27823,87.13741538077375
