{"clients": [{"6": {"client_id": 0, "slo": 124, "num_jobs": 5000, "throughput_qps": 20.855223838860653, "total_num_complete": 2924, "goodput_qps": 17.10356592530364, "total_num_tardy": 526, "median_tardiness_ms": 4.402871970436536, "mean_tardiness_ms": 6.741668369453127, "std_tardiness_ms": 10.907446214108651, "median_latency_ms": 112.78190102895314, "mean_latency_ms": 112.6195163395044, "std_latency_ms": 13.453312532473706, "p99_latency_ms": 138.04931468381048, "total_num_dropped": 2076, "drop_rate_qps": 14.806923628411326}}, {"7": {"client_id": 1, "slo": 140, "num_jobs": 5000, "throughput_qps": 27.065634450128837, "total_num_complete": 3803, "goodput_qps": 25.051547006167105, "total_num_tardy": 283, "median_tardiness_ms": 4.180411742374417, "mean_tardiness_ms": 8.062223833284566, "std_tardiness_ms": 12.672690208211172, "median_latency_ms": 123.79655917402852, "mean_latency_ms": 123.19959778064812, "std_latency_ms": 13.434128693010411, "p99_latency_ms": 153.15428332658078, "total_num_dropped": 1197, "drop_rate_qps": 8.518949365449439}}, {"8": {"client_id": 2, "slo": 160, "num_jobs": 5000, "throughput_qps": 26.521479100233638, "total_num_complete": 3698, "goodput_qps": 25.854497608529545, "total_num_tardy": 93, "median_tardiness_ms": 4.0839667715081305, "mean_tardiness_ms": 13.51949808779302, "std_tardiness_ms": 22.164723087954837, "median_latency_ms": 134.75615351691295, "mean_latency_ms": 134.77756259913664, "std_latency_ms": 13.804302390578856, "p99_latency_ms": 166.07710131864545, "total_num_dropped": 1302, "drop_rate_qps": 9.337740883857274}}]}