{"clients": [{"6": {"client_id": 0, "slo": 624, "num_jobs": 5000, "throughput_qps": 31.55594302038482, "total_num_complete": 3959, "goodput_qps": 31.55594302038482, "total_num_tardy": 0, "median_latency_ms": 283.15396256786335, "mean_latency_ms": 278.7088242429965, "std_latency_ms": 49.93343373841315, "p99_latency_ms": 374.94804138438377, "total_num_dropped": 1041, "drop_rate_qps": 8.297483375655618}}, {"7": {"client_id": 1, "slo": 704, "num_jobs": 5000, "throughput_qps": 31.653097899530774, "total_num_complete": 3972, "goodput_qps": 31.653097899530774, "total_num_tardy": 0, "median_latency_ms": 295.90318635377116, "mean_latency_ms": 292.1641385524323, "std_latency_ms": 49.112043566402555, "p99_latency_ms": 387.970042185906, "total_num_dropped": 1028, "drop_rate_qps": 8.192191500684197}}, {"8": {"client_id": 2, "slo": 804, "num_jobs": 5000, "throughput_qps": 31.317558599139172, "total_num_complete": 3904, "goodput_qps": 31.317558599139172, "total_num_tardy": 0, "median_latency_ms": 310.37190297192865, "mean_latency_ms": 308.4175172514992, "std_latency_ms": 47.88874034666252, "p99_latency_ms": 410.3505560499212, "total_num_dropped": 1096, "drop_rate_qps": 8.792019524758333}}]}