{"clients": [{"6": {"client_id": 0, "slo": 312, "num_jobs": 5000, "throughput_qps": 30.626446140646333, "total_num_complete": 4940, "goodput_qps": 30.626446140646333, "total_num_tardy": 0, "median_latency_ms": 86.81351605008604, "mean_latency_ms": 88.23525963174495, "std_latency_ms": 9.30344176505493, "p99_latency_ms": 117.48397001734745, "total_num_dropped": 60, "drop_rate_qps": 0.37198112721432797}}, {"7": {"client_id": 1, "slo": 352, "num_jobs": 5000, "throughput_qps": 30.593257596657665, "total_num_complete": 4937, "goodput_qps": 30.593257596657665, "total_num_tardy": 0, "median_latency_ms": 94.79006194890826, "mean_latency_ms": 96.23839895262557, "std_latency_ms": 9.211336589317549, "p99_latency_ms": 123.8452401893634, "total_num_dropped": 63, "drop_rate_qps": 0.39039401024699877}}, {"8": {"client_id": 2, "slo": 402, "num_jobs": 5000, "throughput_qps": 30.887586661865026, "total_num_complete": 4948, "goodput_qps": 30.887586661865026, "total_num_tardy": 0, "median_latency_ms": 105.57030253613266, "mean_latency_ms": 106.80970831414923, "std_latency_ms": 9.593233865812328, "p99_latency_ms": 135.9802434449494, "total_num_dropped": 52, "drop_rate_qps": 0.3246068121295435}}]}