{"clients": [{"6": {"client_id": 0, "slo": 0, "num_jobs": 5000, "throughput_qps": 34.203294119698256, "total_num_complete": 5000, "goodput_qps": 0, "total_num_tardy": 5000, "median_tardiness_ms": 10628.636351382615, "mean_tardiness_ms": 10962.28716439833, "std_tardiness_ms": 6028.906198341183, "median_latency_ms": 10628.636351382615, "mean_latency_ms": 10962.28716439833, "std_latency_ms": 6028.906198341183, "p99_latency_ms": 20888.819242494323, "total_num_dropped": 0, "drop_rate_qps": 0.0}}, {"7": {"client_id": 1, "slo": 0, "num_jobs": 5000, "throughput_qps": 34.19943976625183, "total_num_complete": 5000, "goodput_qps": 0, "total_num_tardy": 5000, "median_tardiness_ms": 10644.090109538476, "mean_tardiness_ms": 10979.879669937824, "std_tardiness_ms": 6030.975933770179, "median_latency_ms": 10644.090109538476, "mean_latency_ms": 10979.879669937824, "std_latency_ms": 6030.975933770179, "p99_latency_ms": 20892.334582591448, "total_num_dropped": 0, "drop_rate_qps": 0.0}}, {"8": {"client_id": 2, "slo": 0, "num_jobs": 5000, "throughput_qps": 34.378294984664905, "total_num_complete": 5000, "goodput_qps": 0, "total_num_tardy": 5000, "median_tardiness_ms": 10615.65019025169, "mean_tardiness_ms": 10936.38016740072, "std_tardiness_ms": 5988.954959399981, "median_latency_ms": 10615.65019025169, "mean_latency_ms": 10936.38016740072, "std_latency_ms": 5988.954959399981, "p99_latency_ms": 20843.55346981202, "total_num_dropped": 0, "drop_rate_qps": 0.0}}]}