{"clients": [{"6": {"client_id": 0, "slo": 124, "num_jobs": 5000, "throughput_qps": 11.993640704688238, "total_num_complete": 5000, "goodput_qps": 11.993640704688238, "total_num_tardy": 0, "median_latency_ms": 67.0875882850687, "mean_latency_ms": 67.65402122784306, "std_latency_ms": 5.46381561645019, "p99_latency_ms": 83.55202095908288, "total_num_dropped": 0, "drop_rate_qps": 0.0}}, {"7": {"client_id": 1, "slo": 140, "num_jobs": 5000, "throughput_qps": 11.989468971677198, "total_num_complete": 5000, "goodput_qps": 11.989468971677198, "total_num_tardy": 0, "median_latency_ms": 74.94382117628265, "mean_latency_ms": 75.5481660531777, "std_latency_ms": 5.483434288100669, "p99_latency_ms": 90.82097249439134, "total_num_dropped": 0, "drop_rate_qps": 0.0}}, {"8": {"client_id": 2, "slo": 160, "num_jobs": 5000, "throughput_qps": 12.037564932743386, "total_num_complete": 5000, "goodput_qps": 12.037564932743386, "total_num_tardy": 0, "median_latency_ms": 85.09429541643476, "mean_latency_ms": 85.73464693637865, "std_latency_ms": 5.884509090397907, "p99_latency_ms": 102.29747041802534, "total_num_dropped": 0, "drop_rate_qps": 0.0}}]}