{"clients": [{"6": {"client_id": 0, "slo": 124, "num_jobs": 5000, "throughput_qps": 39.851961408677134, "total_num_complete": 5000, "goodput_qps": 0.10361509966256054, "total_num_tardy": 4987, "median_tardiness_ms": 288.3121898623067, "mean_tardiness_ms": 287.7935606604452, "std_tardiness_ms": 65.14551708404748, "median_latency_ms": 412.13726786985353, "mean_latency_ms": 410.96985752985205, "std_latency_ms": 67.0329734019324, "p99_latency_ms": 568.274310923035, "total_num_dropped": 0, "drop_rate_qps": 0.0}}, {"7": {"client_id": 1, "slo": 140, "num_jobs": 5000, "throughput_qps": 39.84905707610425, "total_num_complete": 5000, "goodput_qps": 0.13548679405875447, "total_num_tardy": 4983, "median_tardiness_ms": 282.42777227802435, "mean_tardiness_ms": 284.374193219721, "std_tardiness_ms": 64.96670692524006, "median_latency_ms": 422.20553218369605, "mean_latency_ms": 423.3003059086168, "std_latency_ms": 67.42166301985151, "p99_latency_ms": 584.6412276768368, "total_num_dropped": 0, "drop_rate_qps": 0.0}}, {"8": {"client_id": 2, "slo": 160, "num_jobs": 5000, "throughput_qps": 40.0561775772271, "total_num_complete": 5000, "goodput_qps": 22.854799140172158, "total_num_tardy": 4994, "median_tardiness_ms": 284.48062609962653, "mean_tardiness_ms": 285.1147518813427, "std_tardiness_ms": 66.0075192395974, "median_latency_ms": 444.46322884114124, "mean_latency_ms": 444.7348333153982, "std_latency_ms": 66.8767308584263, "p99_latency_ms": 603.3639624708328, "total_num_dropped": 0, "drop_rate_qps": 0.0}}]}