{"clients": [{"6": {"client_id": 0, "slo": 124, "num_jobs": 5000, "throughput_qps": 25.94011838606446, "total_num_complete": 4996, "goodput_qps": 25.93492620864531, "total_num_tardy": 1, "median_tardiness_ms": 0.19151011125359219, "mean_tardiness_ms": 0.19151011125359219, "std_tardiness_ms": 0.0, "median_latency_ms": 81.5346981875482, "mean_latency_ms": 83.11737979336021, "std_latency_ms": 7.928273357696026, "p99_latency_ms": 112.27209887924073, "total_num_dropped": 4, "drop_rate_qps": 0.020768709676592844}}, {"7": {"client_id": 1, "slo": 140, "num_jobs": 5000, "throughput_qps": 25.93854961402029, "total_num_complete": 4990, "goodput_qps": 25.93854961402029, "total_num_tardy": 0, "median_latency_ms": 89.72442726968984, "mean_latency_ms": 91.0741039928462, "std_latency_ms": 7.8056698858195706, "p99_latency_ms": 118.33277349904408, "total_num_dropped": 10, "drop_rate_qps": 0.051981061350742055}}, {"8": {"client_id": 2, "slo": 160, "num_jobs": 5000, "throughput_qps": 26.110810458337266, "total_num_complete": 4991, "goodput_qps": 26.110810458337266, "total_num_tardy": 0, "median_latency_ms": 99.9911509425001, "mean_latency_ms": 101.46270817202371, "std_latency_ms": 8.867236968429399, "p99_latency_ms": 134.92924275152166, "total_num_dropped": 9, "drop_rate_qps": 0.047084210403733805}}]}