{"clients": [{"6": {"client_id": 0, "slo": 0, "num_jobs": 5000, "throughput_qps": 35.66088341797371, "total_num_complete": 5000, "goodput_qps": 0, "total_num_tardy": 5000, "median_tardiness_ms": 155.47059625473048, "mean_tardiness_ms": 160.10441370866675, "std_tardiness_ms": 31.597604988551552, "median_latency_ms": 155.47059625473048, "mean_latency_ms": 160.10441370866675, "std_latency_ms": 31.597604988551552, "p99_latency_ms": 258.6841369911262, "total_num_dropped": 0, "drop_rate_qps": 0.0}}, {"7": {"client_id": 1, "slo": 0, "num_jobs": 5000, "throughput_qps": 35.58431000655519, "total_num_complete": 5000, "goodput_qps": 0, "total_num_tardy": 5000, "median_tardiness_ms": 163.48760006560042, "mean_tardiness_ms": 168.676809548557, "std_tardiness_ms": 31.919729766287073, "median_latency_ms": 163.48760006560042, "mean_latency_ms": 168.676809548557, "std_latency_ms": 31.919729766287073, "p99_latency_ms": 266.09221242754086, "total_num_dropped": 0, "drop_rate_qps": 0.0}}, {"8": {"client_id": 2, "slo": 0, "num_jobs": 5000, "throughput_qps": 35.843879858004, "total_num_complete": 5000, "goodput_qps": 0, "total_num_tardy": 5000, "median_tardiness_ms": 177.3981430133863, "mean_tardiness_ms": 183.63290063777956, "std_tardiness_ms": 32.937895597977935, "median_latency_ms": 177.3981430133863, "mean_latency_ms": 183.63290063777956, "std_latency_ms": 32.937895597977935, "p99_latency_ms": 288.7729697721044, "total_num_dropped": 0, "drop_rate_qps": 0.0}}]}