{"clients": [{"6": {"client_id": 0, "slo": 312, "num_jobs": 5000, "throughput_qps": 34.3693080569547, "total_num_complete": 4819, "goodput_qps": 34.3693080569547, "total_num_tardy": 0, "median_latency_ms": 143.27093576318293, "mean_latency_ms": 144.97052520189416, "std_latency_ms": 24.72701554317081, "p99_latency_ms": 212.16372707928412, "total_num_dropped": 181, "drop_rate_qps": 1.2908995140711352}}, {"7": {"client_id": 1, "slo": 352, "num_jobs": 5000, "throughput_qps": 34.50898726442977, "total_num_complete": 4849, "goodput_qps": 34.50898726442977, "total_num_tardy": 0, "median_latency_ms": 151.93724919350643, "mean_latency_ms": 154.02207952754586, "std_latency_ms": 24.47516434140682, "p99_latency_ms": 220.86174251539884, "total_num_dropped": 151, "drop_rate_qps": 1.0746250932004322}}, {"8": {"client_id": 2, "slo": 402, "num_jobs": 5000, "throughput_qps": 34.669344962552024, "total_num_complete": 4837, "goodput_qps": 34.669344962552024, "total_num_tardy": 0, "median_latency_ms": 167.42017075834883, "mean_latency_ms": 169.50831739203818, "std_latency_ms": 24.33393829056223, "p99_latency_ms": 236.04719958671254, "total_num_dropped": 163, "drop_rate_qps": 1.1683074692776472}}]}