{"clients": [{"6": {"client_id": 0, "slo": 312, "num_jobs": 5000, "throughput_qps": 30.997377267586515, "total_num_complete": 5000, "goodput_qps": 30.997377267586515, "total_num_tardy": 0, "median_latency_ms": 87.3437684419523, "mean_latency_ms": 88.82042855840392, "std_latency_ms": 9.8105129326352, "p99_latency_ms": 120.56875928261351, "total_num_dropped": 0, "drop_rate_qps": 0.0}}, {"7": {"client_id": 1, "slo": 352, "num_jobs": 5000, "throughput_qps": 30.98462093469008, "total_num_complete": 5000, "goodput_qps": 30.98462093469008, "total_num_tardy": 0, "median_latency_ms": 95.18095499147239, "mean_latency_ms": 96.99912726290454, "std_latency_ms": 9.980273922790044, "p99_latency_ms": 128.75455289688864, "total_num_dropped": 0, "drop_rate_qps": 0.0}}, {"8": {"client_id": 2, "slo": 402, "num_jobs": 5000, "throughput_qps": 31.211437270107567, "total_num_complete": 5000, "goodput_qps": 31.211437270107567, "total_num_tardy": 0, "median_latency_ms": 106.16263779989822, "mean_latency_ms": 107.8837476126323, "std_latency_ms": 10.927681386996722, "p99_latency_ms": 145.25445982928952, "total_num_dropped": 0, "drop_rate_qps": 0.0}}]}