{"clients": [{"6": {"client_id": 0, "slo": 312, "num_jobs": 5000, "throughput_qps": 25.960446147319388, "total_num_complete": 5000, "goodput_qps": 25.960446147319388, "total_num_tardy": 0, "median_latency_ms": 88.42531883798802, "mean_latency_ms": 91.81414940526683, "std_latency_ms": 14.326612539924614, "p99_latency_ms": 146.6638608777485, "total_num_dropped": 0, "drop_rate_qps": 0.0}}, {"7": {"client_id": 1, "slo": 352, "num_jobs": 5000, "throughput_qps": 25.98866860487129, "total_num_complete": 5000, "goodput_qps": 25.98866860487129, "total_num_tardy": 0, "median_latency_ms": 96.22611002947087, "mean_latency_ms": 100.47767926808295, "std_latency_ms": 15.603168630635102, "p99_latency_ms": 163.61652272772952, "total_num_dropped": 0, "drop_rate_qps": 0.0}}, {"8": {"client_id": 2, "slo": 402, "num_jobs": 5000, "throughput_qps": 26.15617934900114, "total_num_complete": 5000, "goodput_qps": 26.15617934900114, "total_num_tardy": 0, "median_latency_ms": 107.2696581879045, "mean_latency_ms": 111.94465068453478, "std_latency_ms": 17.33204957924314, "p99_latency_ms": 182.02245896874874, "total_num_dropped": 0, "drop_rate_qps": 0.0}}]}