{"clients": [{"6": {"client_id": 0, "slo": 249, "num_jobs": 5000, "throughput_qps": 39.85109722207094, "total_num_complete": 5000, "goodput_qps": 0.422421630553952, "total_num_tardy": 4947, "median_tardiness_ms": 160.70687889671535, "mean_tardiness_ms": 164.31954689396167, "std_tardiness_ms": 66.47807656246643, "median_latency_ms": 409.03385416542005, "mean_latency_ms": 410.7037053673038, "std_latency_ms": 71.06684720596787, "p99_latency_ms": 585.9287138667063, "total_num_dropped": 0, "drop_rate_qps": 0.0}}, {"7": {"client_id": 1, "slo": 281, "num_jobs": 5000, "throughput_qps": 39.843757368635494, "total_num_complete": 5000, "goodput_qps": 0.6056251120032594, "total_num_tardy": 4924, "median_tardiness_ms": 149.78087637922, "mean_tardiness_ms": 152.99929207318556, "std_tardiness_ms": 67.07121784084069, "median_latency_ms": 429.221790621079, "mean_latency_ms": 430.4376244338391, "std_latency_ms": 72.9307097684488, "p99_latency_ms": 605.597070823374, "total_num_dropped": 0, "drop_rate_qps": 0.0}}, {"8": {"client_id": 2, "slo": 321, "num_jobs": 5000, "throughput_qps": 40.063003045383645, "total_num_complete": 5000, "goodput_qps": 0.8795549290466945, "total_num_tardy": 4893, "median_tardiness_ms": 135.8375173324166, "mean_tardiness_ms": 140.44334651526577, "std_tardiness_ms": 70.0010338232615, "median_latency_ms": 455.1340679928626, "mean_latency_ms": 457.6001038453463, "std_latency_ms": 74.33199928526251, "p99_latency_ms": 642.1152487785237, "total_num_dropped": 0, "drop_rate_qps": 0.0}}]}