{"clients": [{"1": {"client_id": 0, "slo": 0, "num_jobs": 1000, "throughput_qps": 4.012611149458807, "total_num_complete": 1000, "goodput_qps": 0, "total_num_tardy": 1000, "median_tardiness_ms": 289.360489046594, "mean_tardiness_ms": 312.65656999063674, "std_tardiness_ms": 112.27883889912881, "median_latency_ms": 289.360489046594, "mean_latency_ms": 312.65656999063674, "std_latency_ms": 112.27883889912881, "p99_latency_ms": 703.1868861985403, "total_num_dropped": 0, "drop_rate_qps": 0.0}}, {"4": {"client_id": 1, "slo": 0, "num_jobs": 1000, "throughput_qps": 3.986966376576784, "total_num_complete": 1000, "goodput_qps": 0, "total_num_tardy": 1000, "median_tardiness_ms": 904.686743630642, "mean_tardiness_ms": 936.7529043305713, "std_tardiness_ms": 324.5915202494296, "median_latency_ms": 904.686743630642, "mean_latency_ms": 936.7529043305713, "std_latency_ms": 324.5915202494296, "p99_latency_ms": 1799.7682360522458, "total_num_dropped": 0, "drop_rate_qps": 0.0}}, {"5": {"client_id": 2, "slo": 0, "num_jobs": 1000, "throughput_qps": 3.9949052746548728, "total_num_complete": 1000, "goodput_qps": 0, "total_num_tardy": 1000, "median_tardiness_ms": 439.80456885869353, "mean_tardiness_ms": 450.25778087137695, "std_tardiness_ms": 141.14519989255137, "median_latency_ms": 439.80456885869353, "mean_latency_ms": 450.25778087137695, "std_latency_ms": 141.14519989255137, "p99_latency_ms": 790.57819383401, "total_num_dropped": 0, "drop_rate_qps": 0.0}}]}