{"clients": [{"6": {"client_id": 0, "slo": 0, "num_jobs": 5000, "throughput_qps": 18.23844837365544, "total_num_complete": 3511, "goodput_qps": 0, "total_num_tardy": 3511, "median_tardiness_ms": 80.34119330815156, "mean_tardiness_ms": 81.05955512748956, "std_tardiness_ms": 5.802513107697984, "median_latency_ms": 80.34119330815156, "mean_latency_ms": 81.05955512748956, "std_latency_ms": 5.802513107697984, "p99_latency_ms": 98.66289277528413, "total_num_dropped": 1489, "drop_rate_qps": 7.734847515913686}}, {"7": {"client_id": 1, "slo": 0, "num_jobs": 5000, "throughput_qps": 18.224074722651423, "total_num_complete": 3506, "goodput_qps": 0, "total_num_tardy": 3506, "median_tardiness_ms": 88.34036543868933, "mean_tardiness_ms": 89.12871164355343, "std_tardiness_ms": 6.07393811676794, "median_latency_ms": 88.34036543868933, "mean_latency_ms": 89.12871164355343, "std_latency_ms": 6.07393811676794, "p99_latency_ms": 107.24218144642708, "total_num_dropped": 1494, "drop_rate_qps": 7.765763729504058}}, {"8": {"client_id": 2, "slo": 0, "num_jobs": 5000, "throughput_qps": 18.48953273176283, "total_num_complete": 3533, "goodput_qps": 0, "total_num_tardy": 3533, "median_tardiness_ms": 98.38643355657587, "mean_tardiness_ms": 99.21478145508911, "std_tardiness_ms": 6.220678037568502, "median_latency_ms": 98.38643355657587, "mean_latency_ms": 99.21478145508911, "std_latency_ms": 6.220678037568502, "p99_latency_ms": 117.27244950985886, "total_num_dropped": 1467, "drop_rate_qps": 7.67736895485312}}]}