{"clients": [{"6": {"client_id": 0, "slo": 124, "num_jobs": 5000, "throughput_qps": 8.70116146398251, "total_num_complete": 1220, "goodput_qps": 8.55138737320904, "total_num_tardy": 21, "median_tardiness_ms": 0.15876627350189665, "mean_tardiness_ms": 0.1965189681719667, "std_tardiness_ms": 0.1406586869806988, "median_latency_ms": 107.15239161759382, "mean_latency_ms": 102.89503726414809, "std_latency_ms": 15.52058952868345, "p99_latency_ms": 124.13399149813004, "total_num_dropped": 3780, "drop_rate_qps": 26.959336339224496}}, {"7": {"client_id": 1, "slo": 140, "num_jobs": 5000, "throughput_qps": 10.518810560375771, "total_num_complete": 1478, "goodput_qps": 10.31241982542929, "total_num_tardy": 29, "median_tardiness_ms": 0.6613091750477906, "mean_tardiness_ms": 0.6286550861113624, "std_tardiness_ms": 0.4073623909943145, "median_latency_ms": 117.79626628187543, "mean_latency_ms": 113.77097484381905, "std_latency_ms": 18.38418968491369, "p99_latency_ms": 140.65952321733087, "total_num_dropped": 3522, "drop_rate_qps": 25.06579891315525}}, {"8": {"client_id": 2, "slo": 160, "num_jobs": 5000, "throughput_qps": 14.395700963067773, "total_num_complete": 2005, "goodput_qps": 13.90746771344752, "total_num_tardy": 68, "median_tardiness_ms": 0.9143448065019584, "mean_tardiness_ms": 1.3946618674061777, "std_tardiness_ms": 1.2368730922011617, "median_latency_ms": 137.43746552222, "mean_latency_ms": 132.462124011232, "std_latency_ms": 20.78416317306234, "p99_latency_ms": 161.69934483994962, "total_num_dropped": 2995, "drop_rate_qps": 21.503802685480288}}]}