{"clients": [{"6": {"client_id": 0, "slo": 124, "num_jobs": 5000, "throughput_qps": 16.720628318436532, "total_num_complete": 2697, "goodput_qps": 15.319492982890868, "total_num_tardy": 226, "median_tardiness_ms": 1.3281414310913533, "mean_tardiness_ms": 1.419679426546426, "std_tardiness_ms": 0.876828178242374, "median_latency_ms": 106.81465511313581, "mean_latency_ms": 105.1848637507695, "std_latency_ms": 14.130479036696437, "p99_latency_ms": 126.58559558060195, "total_num_dropped": 2303, "drop_rate_qps": 14.277941052042765}}, {"7": {"client_id": 1, "slo": 140, "num_jobs": 5000, "throughput_qps": 18.58483513015971, "total_num_complete": 2999, "goodput_qps": 17.23388679458958, "total_num_tardy": 218, "median_tardiness_ms": 1.4600074997579213, "mean_tardiness_ms": 1.5688944275924745, "std_tardiness_ms": 1.0243588895229083, "median_latency_ms": 119.38088257619529, "mean_latency_ms": 117.67232401112976, "std_latency_ms": 16.5908845903472, "p99_latency_ms": 142.78677764848632, "total_num_dropped": 2001, "drop_rate_qps": 12.400218437962513}}, {"8": {"client_id": 2, "slo": 160, "num_jobs": 5000, "throughput_qps": 20.378722896810935, "total_num_complete": 3263, "goodput_qps": 19.21280041494025, "total_num_tardy": 191, "median_tardiness_ms": 1.612355360048241, "mean_tardiness_ms": 2.0514445486498283, "std_tardiness_ms": 1.6036412016972805, "median_latency_ms": 138.10632054127927, "mean_latency_ms": 135.18523380892378, "std_latency_ms": 18.30353385162359, "p99_latency_ms": 163.68138980497562, "total_num_dropped": 1737, "drop_rate_qps": 10.84825058895513}}]}