{"clients": [{"6": {"client_id": 0, "slo": 124, "num_jobs": 1000, "throughput_qps": 31.99875853749179, "total_num_complete": 1000, "goodput_qps": 5.613799365649814, "total_num_tardy": 827, "median_tardiness_ms": 79.74256739948851, "mean_tardiness_ms": 99.73141012245488, "std_tardiness_ms": 83.49644563656167, "median_latency_ms": 184.8827699256999, "mean_latency_ms": 201.9984233705353, "std_latency_ms": 89.89377946950583, "p99_latency_ms": 522.9142611919202, "total_num_dropped": 0, "drop_rate_qps": 0.0}}, {"7": {"client_id": 1, "slo": 140, "num_jobs": 1000, "throughput_qps": 31.991291717699827, "total_num_complete": 1000, "goodput_qps": 12.845610918924663, "total_num_tardy": 600, "median_tardiness_ms": 58.24296913971557, "mean_tardiness_ms": 79.71343399212955, "std_tardiness_ms": 74.41362772923289, "median_latency_ms": 155.26539421043344, "mean_latency_ms": 173.5712291795367, "std_latency_ms": 81.75460507424161, "p99_latency_ms": 432.42418597422596, "total_num_dropped": 0, "drop_rate_qps": 0.0}}, {"8": {"client_id": 2, "slo": 160, "num_jobs": 1000, "throughput_qps": 31.78623711332105, "total_num_complete": 1000, "goodput_qps": 16.05204974222713, "total_num_tardy": 495, "median_tardiness_ms": 57.410495560292475, "mean_tardiness_ms": 79.0650922856458, "std_tardiness_ms": 74.1650060593869, "median_latency_ms": 158.7579737665112, "mean_latency_ms": 179.5311086804948, "std_latency_ms": 80.3341580835858, "p99_latency_ms": 413.5984270067682, "total_num_dropped": 0, "drop_rate_qps": 0.0}}]}