,client_id,workflow_id,job_id,was_completed,deadline,create_time,response_time
0,ab45bd45-f994-4bb9-a6d9-f947db68f63d,6,0,True,338,26,66.56056256298928
1,ab45bd45-f994-4bb9-a6d9-f947db68f63d,6,1,True,370,58,61.10876052845791
2,ab45bd45-f994-4bb9-a6d9-f947db68f63d,6,2,True,391,79,77.83375603800178
3,ab45bd45-f994-4bb9-a6d9-f947db68f63d,6,3,True,420,108,85.16286508988111
4,ab45bd45-f994-4bb9-a6d9-f947db68f63d,6,4,True,454,142,68.14292211684526
5,ab45bd45-f994-4bb9-a6d9-f947db68f63d,6,5,True,476,164,85.29303257043634
6,ab45bd45-f994-4bb9-a6d9-f947db68f63d,6,6,True,501,189,72.72958746075943
7,ab45bd45-f994-4bb9-a6d9-f947db68f63d,6,7,True,528,216,91.67619611335192
8,ab45bd45-f994-4bb9-a6d9-f947db68f63d,6,8,True,557,245,97.7010842148519
9,ab45bd45-f994-4bb9-a6d9-f947db68f63d,6,9,True,581,269,90.51111382349552
10,ab45bd45-f994-4bb9-a6d9-f947db68f63d,6,10,True,608,296,131.55012633146197
11,ab45bd45-f994-4bb9-a6d9-f947db68f63d,6,11,True,631,319,105.9585999783286
12,ab45bd45-f994-4bb9-a6d9-f947db68f63d,6,12,True,660,348,108.0082332843815
13,ab45bd45-f994-4bb9-a6d9-f947db68f63d,6,13,True,689,377,127.04193458293713
14,ab45bd45-f994-4bb9-a6d9-f947db68f63d,6,14,True,714,402,124.20592057836143
15,ab45bd45-f994-4bb9-a6d9-f947db68f63d,6,15,True,745,433,119.00006345655333
16,ab45bd45-f994-4bb9-a6d9-f947db68f63d,6,16,True,765,453,150.6436825586045
17,ab45bd45-f994-4bb9-a6d9-f947db68f63d,6,17,True,789,477,95.8199362347076
18,ab45bd45-f994-4bb9-a6d9-f947db68f63d,6,18,True,814,502,138.1681466783814
19,ab45bd45-f994-4bb9-a6d9-f947db68f63d,6,19,True,842,530,107.5850869514801
20,ab45bd45-f994-4bb9-a6d9-f947db68f63d,6,20,True,880,568,94.81298192364568
21,ab45bd45-f994-4bb9-a6d9-f947db68f63d,6,21,True,909,597,91.73850639419072
22,ab45bd45-f994-4bb9-a6d9-f947db68f63d,6,22,True,928,616,102.43118378489964
23,ab45bd45-f994-4bb9-a6d9-f947db68f63d,6,23,True,943,631,101.76163568499248
24,ab45bd45-f994-4bb9-a6d9-f947db68f63d,6,24,True,969,657,142.00739748082867
25,ab45bd45-f994-4bb9-a6d9-f947db68f63d,6,25,True,1003,691,182.72599580161625
26,ab45bd45-f994-4bb9-a6d9-f947db68f63d,6,26,True,1027,715,142.07393875404807
27,ab45bd45-f994-4bb9-a6d9-f947db68f63d,6,27,True,1048,736,172.61693384918283
28,ab45bd45-f994-4bb9-a6d9-f947db68f63d,6,28,True,1080,768,137.9986817185693
29,ab45bd45-f994-4bb9-a6d9-f947db68f63d,6,29,True,1111,799,158.39617451792094
30,ab45bd45-f994-4bb9-a6d9-f947db68f63d,6,30,True,1143,831,123.5549255569648
31,ab45bd45-f994-4bb9-a6d9-f947db68f63d,6,31,True,1168,856,145.88846674815034
32,ab45bd45-f994-4bb9-a6d9-f947db68f63d,6,32,True,1202,890,141.93756583465597
33,ab45bd45-f994-4bb9-a6d9-f947db68f63d,6,33,True,1227,915,133.9959576996148
34,ab45bd45-f994-4bb9-a6d9-f947db68f63d,6,34,True,1252,940,143.4947852149446
35,ab45bd45-f994-4bb9-a6d9-f947db68f63d,6,35,True,1283,971,129.376207082091
36,ab45bd45-f994-4bb9-a6d9-f947db68f63d,6,36,True,1318,1006,118.95170408788022
37,ab45bd45-f994-4bb9-a6d9-f947db68f63d,6,37,True,1338,1026,114.60047585378652
38,ab45bd45-f994-4bb9-a6d9-f947db68f63d,6,38,True,1370,1058,154.12666185318585
39,ab45bd45-f994-4bb9-a6d9-f947db68f63d,6,39,True,1402,1090,102.09462811693152
40,ab45bd45-f994-4bb9-a6d9-f947db68f63d,6,40,True,1430,1118,140.69506983168367
41,ab45bd45-f994-4bb9-a6d9-f947db68f63d,6,41,True,1455,1143,112.72806629098272
42,ab45bd45-f994-4bb9-a6d9-f947db68f63d,6,42,True,1491,1179,170.13555570400194
43,ab45bd45-f994-4bb9-a6d9-f947db68f63d,6,43,True,1517,1205,125.69581804581594
44,ab45bd45-f994-4bb9-a6d9-f947db68f63d,6,44,True,1540,1228,170.22639751660313
45,ab45bd45-f994-4bb9-a6d9-f947db68f63d,6,45,True,1564,1252,125.30216949797705
46,ab45bd45-f994-4bb9-a6d9-f947db68f63d,6,46,True,1601,1289,142.89723399650165
47,ab45bd45-f994-4bb9-a6d9-f947db68f63d,6,47,True,1631,1319,130.41693253677454
48,ab45bd45-f994-4bb9-a6d9-f947db68f63d,6,48,True,1664,1352,133.82507411933875
49,ab45bd45-f994-4bb9-a6d9-f947db68f63d,6,49,True,1699,1387,115.0325474023955
50,ab45bd45-f994-4bb9-a6d9-f947db68f63d,6,50,True,1724,1412,149.15569462237454
51,ab45bd45-f994-4bb9-a6d9-f947db68f63d,6,51,True,1747,1435,113.83226868911447
52,ab45bd45-f994-4bb9-a6d9-f947db68f63d,6,52,True,1773,1461,142.70234977177483
53,ab45bd45-f994-4bb9-a6d9-f947db68f63d,6,53,True,1793,1481,125.13483008357093
54,ab45bd45-f994-4bb9-a6d9-f947db68f63d,6,54,True,1832,1520,170.2167788482775
55,ab45bd45-f994-4bb9-a6d9-f947db68f63d,6,55,True,1860,1548,139.63714390000337
56,ab45bd45-f994-4bb9-a6d9-f947db68f63d,6,56,True,1886,1574,251.81078130510582
57,ab45bd45-f994-4bb9-a6d9-f947db68f63d,6,57,True,1928,1616,127.38778182723468
58,ab45bd45-f994-4bb9-a6d9-f947db68f63d,6,58,True,1956,1644,101.81569409020062
59,ab45bd45-f994-4bb9-a6d9-f947db68f63d,6,59,True,1980,1668,243.19871267696453
60,ab45bd45-f994-4bb9-a6d9-f947db68f63d,6,60,True,2009,1697,210.68222015206607
61,ab45bd45-f994-4bb9-a6d9-f947db68f63d,6,61,True,2025,1713,198.19871267696453
62,ab45bd45-f994-4bb9-a6d9-f947db68f63d,6,62,True,2061,1749,242.16000309960282
63,ab45bd45-f994-4bb9-a6d9-f947db68f63d,6,63,True,2082,1770,223.29499325041502
64,ab45bd45-f994-4bb9-a6d9-f947db68f63d,6,64,True,2112,1800,191.16000309960282
65,ab45bd45-f994-4bb9-a6d9-f947db68f63d,6,65,True,2135,1823,240.74521184531295
66,ab45bd45-f994-4bb9-a6d9-f947db68f63d,6,66,True,2161,1849,207.9148725913683
67,ab45bd45-f994-4bb9-a6d9-f947db68f63d,6,67,True,2191,1879,184.74521184531295
68,ab45bd45-f994-4bb9-a6d9-f947db68f63d,6,68,True,2216,1904,207.61402235188962
69,ab45bd45-f994-4bb9-a6d9-f947db68f63d,6,69,True,2247,1935,194.09269259556868
70,ab45bd45-f994-4bb9-a6d9-f947db68f63d,6,70,True,2275,1963,162.60376376419345
71,ab45bd45-f994-4bb9-a6d9-f947db68f63d,6,71,True,2305,1993,181.57441405834925
72,ab45bd45-f994-4bb9-a6d9-f947db68f63d,6,72,True,2336,2024,155.65659288488814
73,ab45bd45-f994-4bb9-a6d9-f947db68f63d,6,73,True,2374,2062,138.77638998435123
74,ab45bd45-f994-4bb9-a6d9-f947db68f63d,6,74,True,2399,2087,143.05061334322272
75,ab45bd45-f994-4bb9-a6d9-f947db68f63d,6,75,True,2436,2124,132.03300120604672
76,ab45bd45-f994-4bb9-a6d9-f947db68f63d,6,76,True,2460,2148,131.8886219658316
77,ab45bd45-f994-4bb9-a6d9-f947db68f63d,6,77,True,2493,2181,124.03350698520171
78,ab45bd45-f994-4bb9-a6d9-f947db68f63d,6,78,True,2521,2209,122.94250083148245
79,ab45bd45-f994-4bb9-a6d9-f947db68f63d,6,79,True,2557,2245,119.23332598699744
80,ab45bd45-f994-4bb9-a6d9-f947db68f63d,6,80,True,2582,2270,106.96849863290436
81,ab45bd45-f994-4bb9-a6d9-f947db68f63d,6,81,True,2617,2305,98.67207029659812
82,ab45bd45-f994-4bb9-a6d9-f947db68f63d,6,82,True,2647,2335,149.07404286058681
83,ab45bd45-f994-4bb9-a6d9-f947db68f63d,6,83,True,2669,2357,111.617990131831
84,ab45bd45-f994-4bb9-a6d9-f947db68f63d,6,84,True,2698,2386,122.04309411421582
85,ab45bd45-f994-4bb9-a6d9-f947db68f63d,6,85,True,2718,2406,113.09609004698632
86,ab45bd45-f994-4bb9-a6d9-f947db68f63d,6,86,True,2746,2434,136.8621943921712
87,ab45bd45-f994-4bb9-a6d9-f947db68f63d,6,87,True,2776,2464,116.11045281937868
88,ab45bd45-f994-4bb9-a6d9-f947db68f63d,6,88,True,2807,2495,126.40516985175827
89,ab45bd45-f994-4bb9-a6d9-f947db68f63d,6,89,True,2832,2520,106.36952563243358
90,ab45bd45-f994-4bb9-a6d9-f947db68f63d,6,90,True,2862,2550,151.91990736018943
91,ab45bd45-f994-4bb9-a6d9-f947db68f63d,6,91,True,2892,2580,124.48139637562826
92,ab45bd45-f994-4bb9-a6d9-f947db68f63d,6,92,True,2911,2599,128.46781884386655
93,ab45bd45-f994-4bb9-a6d9-f947db68f63d,6,93,True,2935,2623,111.06007849059279
94,ab45bd45-f994-4bb9-a6d9-f947db68f63d,6,94,True,2970,2658,100.17477089458816
95,ab45bd45-f994-4bb9-a6d9-f947db68f63d,6,95,True,3003,2691,109.28219754156953
96,ab45bd45-f994-4bb9-a6d9-f947db68f63d,6,96,True,3032,2720,126.74357945690645
97,ab45bd45-f994-4bb9-a6d9-f947db68f63d,6,97,True,3054,2742,111.03113885172252
98,ab45bd45-f994-4bb9-a6d9-f947db68f63d,6,98,True,3078,2766,140.6071221754305
99,ab45bd45-f994-4bb9-a6d9-f947db68f63d,6,99,True,3108,2796,120.01207154138592
100,ab45bd45-f994-4bb9-a6d9-f947db68f63d,6,100,True,3145,2833,124.87861029890882
101,ab45bd45-f994-4bb9-a6d9-f947db68f63d,6,101,True,3172,2860,147.96928205642735
102,ab45bd45-f994-4bb9-a6d9-f947db68f63d,6,102,True,3196,2884,136.55280537404224
103,ab45bd45-f994-4bb9-a6d9-f947db68f63d,6,103,True,3230,2918,132.6226619129061
104,ab45bd45-f994-4bb9-a6d9-f947db68f63d,6,104,True,3252,2940,106.65005343931853
105,ab45bd45-f994-4bb9-a6d9-f947db68f63d,6,105,True,3290,2978,104.34765792958797
106,ab45bd45-f994-4bb9-a6d9-f947db68f63d,6,106,True,3319,3007,141.24637468198716
107,ab45bd45-f994-4bb9-a6d9-f947db68f63d,6,107,True,3340,3028,117.92040248459989
108,ab45bd45-f994-4bb9-a6d9-f947db68f63d,6,108,True,3375,3063,129.82302603048538
109,ab45bd45-f994-4bb9-a6d9-f947db68f63d,6,109,True,3406,3094,101.13038638314765
110,ab45bd45-f994-4bb9-a6d9-f947db68f63d,6,110,True,3431,3119,103.78996007131082
111,ab45bd45-f994-4bb9-a6d9-f947db68f63d,6,111,True,3459,3147,145.74081527111503
112,ab45bd45-f994-4bb9-a6d9-f947db68f63d,6,112,True,3492,3180,141.4419614183612
113,ab45bd45-f994-4bb9-a6d9-f947db68f63d,6,113,True,3523,3211,107.90724640271446
114,ab45bd45-f994-4bb9-a6d9-f947db68f63d,6,114,True,3558,3246,124.25237340482954
115,ab45bd45-f994-4bb9-a6d9-f947db68f63d,6,115,True,3584,3272,94.0779372812658
116,ab45bd45-f994-4bb9-a6d9-f947db68f63d,6,116,True,3613,3301,115.97551164318293
117,ab45bd45-f994-4bb9-a6d9-f947db68f63d,6,117,True,3640,3328,133.31144333689508
118,ab45bd45-f994-4bb9-a6d9-f947db68f63d,6,118,True,3664,3352,89.88655337173395
119,ab45bd45-f994-4bb9-a6d9-f947db68f63d,6,119,True,3676,3364,103.97380904682541
120,ab45bd45-f994-4bb9-a6d9-f947db68f63d,6,120,True,3709,3397,116.78312650435146
121,ab45bd45-f994-4bb9-a6d9-f947db68f63d,6,121,True,3730,3418,135.16413844511635
122,ab45bd45-f994-4bb9-a6d9-f947db68f63d,6,122,True,3762,3450,139.96112921596978
123,ab45bd45-f994-4bb9-a6d9-f947db68f63d,6,123,True,3792,3480,205.26231484650407
124,ab45bd45-f994-4bb9-a6d9-f947db68f63d,6,124,True,3820,3508,147.5302551353684
125,ab45bd45-f994-4bb9-a6d9-f947db68f63d,6,125,True,3848,3536,201.97190645155115
126,ab45bd45-f994-4bb9-a6d9-f947db68f63d,6,126,True,3881,3569,113.60204130036891
127,ab45bd45-f994-4bb9-a6d9-f947db68f63d,6,127,True,3908,3596,160.98876058717178
128,ab45bd45-f994-4bb9-a6d9-f947db68f63d,6,128,True,3942,3630,133.37152136709574
129,ab45bd45-f994-4bb9-a6d9-f947db68f63d,6,129,True,3968,3656,206.17603600666007
130,ab45bd45-f994-4bb9-a6d9-f947db68f63d,6,130,True,3990,3678,161.15074031741688
131,ab45bd45-f994-4bb9-a6d9-f947db68f63d,6,131,True,4018,3706,209.29077284800724
132,ab45bd45-f994-4bb9-a6d9-f947db68f63d,6,132,True,4048,3736,167.1428256100603
133,ab45bd45-f994-4bb9-a6d9-f947db68f63d,6,133,True,4088,3776,139.29077284800724
134,ab45bd45-f994-4bb9-a6d9-f947db68f63d,6,134,True,4117,3805,158.4787030124903
135,ab45bd45-f994-4bb9-a6d9-f947db68f63d,6,135,True,4143,3831,130.0766106255146
136,ab45bd45-f994-4bb9-a6d9-f947db68f63d,6,136,True,4168,3856,157.07814582766514
137,ab45bd45-f994-4bb9-a6d9-f947db68f63d,6,137,True,4183,3871,149.75844443368305
138,ab45bd45-f994-4bb9-a6d9-f947db68f63d,6,138,True,4217,3905,132.55581152562445
139,ab45bd45-f994-4bb9-a6d9-f947db68f63d,6,139,True,4244,3932,177.98730542538487
140,ab45bd45-f994-4bb9-a6d9-f947db68f63d,6,140,True,4272,3960,129.61417502751192
141,ab45bd45-f994-4bb9-a6d9-f947db68f63d,6,141,True,4294,3982,154.93316712151682
142,ab45bd45-f994-4bb9-a6d9-f947db68f63d,6,142,True,4320,4008,131.56854740369636
143,ab45bd45-f994-4bb9-a6d9-f947db68f63d,6,143,True,4350,4038,176.09455355536102
144,ab45bd45-f994-4bb9-a6d9-f947db68f63d,6,144,True,4376,4064,146.64189379904565
145,ab45bd45-f994-4bb9-a6d9-f947db68f63d,6,145,True,4404,4092,179.77765358114993
146,ab45bd45-f994-4bb9-a6d9-f947db68f63d,6,146,True,4434,4122,167.95626371352046
147,ab45bd45-f994-4bb9-a6d9-f947db68f63d,6,147,True,4452,4140,147.42065862393883
148,ab45bd45-f994-4bb9-a6d9-f947db68f63d,6,148,True,4490,4178,172.0317317119143
149,ab45bd45-f994-4bb9-a6d9-f947db68f63d,6,149,True,4516,4204,150.55695902600564
150,ab45bd45-f994-4bb9-a6d9-f947db68f63d,6,150,True,4543,4231,129.00894844601316
151,ab45bd45-f994-4bb9-a6d9-f947db68f63d,6,151,True,4581,4269,115.594822021435
152,ab45bd45-f994-4bb9-a6d9-f947db68f63d,6,152,True,4603,4291,169.7499481099503
153,ab45bd45-f994-4bb9-a6d9-f947db68f63d,6,153,True,4623,4311,175.09999850933218
154,ab45bd45-f994-4bb9-a6d9-f947db68f63d,6,154,True,4642,4330,158.85119752183527
155,ab45bd45-f994-4bb9-a6d9-f947db68f63d,6,155,True,4660,4348,147.44706066268373
156,ab45bd45-f994-4bb9-a6d9-f947db68f63d,6,156,True,4694,4382,209.8982720848253
157,ab45bd45-f994-4bb9-a6d9-f947db68f63d,6,157,True,4727,4415,172.6124732509088
158,ab45bd45-f994-4bb9-a6d9-f947db68f63d,6,158,True,4747,4435,222.30419728301058
159,ab45bd45-f994-4bb9-a6d9-f947db68f63d,6,159,True,4777,4465,189.93631090893996
160,ab45bd45-f994-4bb9-a6d9-f947db68f63d,6,160,True,4801,4489,234.70664180582662
161,ab45bd45-f994-4bb9-a6d9-f947db68f63d,6,161,True,4827,4515,190.64986630961266
162,ab45bd45-f994-4bb9-a6d9-f947db68f63d,6,162,True,4852,4540,236.48168948813782
163,ab45bd45-f994-4bb9-a6d9-f947db68f63d,6,163,True,4886,4574,199.57801258336804
164,ab45bd45-f994-4bb9-a6d9-f947db68f63d,6,164,True,4918,4606,262.71703254578006
165,ab45bd45-f994-4bb9-a6d9-f947db68f63d,6,165,True,4938,4626,239.5405972748531
166,ab45bd45-f994-4bb9-a6d9-f947db68f63d,6,166,True,4966,4654,217.10257802565866
167,ab45bd45-f994-4bb9-a6d9-f947db68f63d,6,167,True,4991,4679,257.5060965765315
168,ab45bd45-f994-4bb9-a6d9-f947db68f63d,6,168,True,5017,4705,210.1706763811726
169,ab45bd45-f994-4bb9-a6d9-f947db68f63d,6,169,True,5053,4741,222.78654085282324
170,ab45bd45-f994-4bb9-a6d9-f947db68f63d,6,170,True,5078,4766,218.17909676308136
171,ab45bd45-f994-4bb9-a6d9-f947db68f63d,6,171,True,5118,4806,178.17909676308136
172,ab45bd45-f994-4bb9-a6d9-f947db68f63d,6,172,True,5148,4836,213.21877178183058
173,ab45bd45-f994-4bb9-a6d9-f947db68f63d,6,173,True,5172,4860,198.27551470047547
174,ab45bd45-f994-4bb9-a6d9-f947db68f63d,6,174,True,5202,4890,174.18811041202207
175,ab45bd45-f994-4bb9-a6d9-f947db68f63d,6,175,True,5221,4909,239.91705852700943
176,ab45bd45-f994-4bb9-a6d9-f947db68f63d,6,176,True,5238,4926,157.69829851600025
177,ab45bd45-f994-4bb9-a6d9-f947db68f63d,6,177,True,5265,4953,201.6123624257434
178,ab45bd45-f994-4bb9-a6d9-f947db68f63d,6,178,True,5290,4978,134.14263482729712
179,ab45bd45-f994-4bb9-a6d9-f947db68f63d,6,179,True,5311,4999,167.66946802472648
180,ab45bd45-f994-4bb9-a6d9-f947db68f63d,6,180,True,5341,5029,168.15454486023737
181,ab45bd45-f994-4bb9-a6d9-f947db68f63d,6,181,True,5360,5048,167.8625399512157
182,ab45bd45-f994-4bb9-a6d9-f947db68f63d,6,182,True,5391,5079,169.42137856850968
183,ab45bd45-f994-4bb9-a6d9-f947db68f63d,6,183,True,5417,5105,154.44863762670138
184,ab45bd45-f994-4bb9-a6d9-f947db68f63d,6,184,True,5443,5131,175.2498425990825
185,ab45bd45-f994-4bb9-a6d9-f947db68f63d,6,185,True,5475,5163,188.0563777858688
186,ab45bd45-f994-4bb9-a6d9-f947db68f63d,6,186,True,5502,5190,165.9974593463794
187,ab45bd45-f994-4bb9-a6d9-f947db68f63d,6,187,True,5522,5210,175.7763024638707
188,ab45bd45-f994-4bb9-a6d9-f947db68f63d,6,188,True,5539,5227,149.60231253792426
189,ab45bd45-f994-4bb9-a6d9-f947db68f63d,6,189,True,5559,5247,166.2628160794593
190,ab45bd45-f994-4bb9-a6d9-f947db68f63d,6,190,True,5591,5279,146.07189812426623
191,ab45bd45-f994-4bb9-a6d9-f947db68f63d,6,191,True,5633,5321,128.97770935220524
192,ab45bd45-f994-4bb9-a6d9-f947db68f63d,6,192,True,5657,5345,137.68785310517433
193,ab45bd45-f994-4bb9-a6d9-f947db68f63d,6,193,True,5675,5363,149.58946234162977
194,ab45bd45-f994-4bb9-a6d9-f947db68f63d,6,194,True,5705,5393,135.15753384391974
195,ab45bd45-f994-4bb9-a6d9-f947db68f63d,6,195,True,5732,5420,145.95644319621624
196,ab45bd45-f994-4bb9-a6d9-f947db68f63d,6,196,True,5761,5449,130.05037833617826
197,ab45bd45-f994-4bb9-a6d9-f947db68f63d,6,197,True,5776,5464,145.1540730431243
198,ab45bd45-f994-4bb9-a6d9-f947db68f63d,6,198,True,5815,5503,133.49614365145862
199,ab45bd45-f994-4bb9-a6d9-f947db68f63d,6,199,True,5842,5530,151.49301665921848
200,ab45bd45-f994-4bb9-a6d9-f947db68f63d,6,200,True,5866,5554,130.1911569673848
201,ab45bd45-f994-4bb9-a6d9-f947db68f63d,6,201,True,5893,5581,153.43258586136017
202,ab45bd45-f994-4bb9-a6d9-f947db68f63d,6,202,True,5922,5610,122.34377153257083
203,ab45bd45-f994-4bb9-a6d9-f947db68f63d,6,203,True,5953,5641,116.35902047791933
204,ab45bd45-f994-4bb9-a6d9-f947db68f63d,6,204,True,5978,5666,120.24153889294575
205,ab45bd45-f994-4bb9-a6d9-f947db68f63d,6,205,True,6009,5697,109.09500913283773
206,ab45bd45-f994-4bb9-a6d9-f947db68f63d,6,206,True,6045,5733,123.99614295369338
207,ab45bd45-f994-4bb9-a6d9-f947db68f63d,6,207,True,6084,5772,110.72924763627452
208,ab45bd45-f994-4bb9-a6d9-f947db68f63d,6,208,True,6113,5801,125.48259073612553
209,ab45bd45-f994-4bb9-a6d9-f947db68f63d,6,209,True,6128,5816,119.46433817258458
210,ab45bd45-f994-4bb9-a6d9-f947db68f63d,6,210,True,6154,5842,151.64641496064996
211,ab45bd45-f994-4bb9-a6d9-f947db68f63d,6,211,True,6183,5871,217.47863211536878
212,ab45bd45-f994-4bb9-a6d9-f947db68f63d,6,212,True,6217,5905,216.91142288918672
213,ab45bd45-f994-4bb9-a6d9-f947db68f63d,6,213,True,6243,5931,211.8709906203976
214,ab45bd45-f994-4bb9-a6d9-f947db68f63d,6,214,True,6277,5965,206.61149235851826
215,ab45bd45-f994-4bb9-a6d9-f947db68f63d,6,215,True,6304,5992,215.0908596876443
216,ab45bd45-f994-4bb9-a6d9-f947db68f63d,6,216,True,6344,6032,164.0277229134308
217,ab45bd45-f994-4bb9-a6d9-f947db68f63d,6,217,True,6367,6055,218.06286629958686
218,ab45bd45-f994-4bb9-a6d9-f947db68f63d,6,218,True,6397,6085,191.43657253979836
219,ab45bd45-f994-4bb9-a6d9-f947db68f63d,6,219,True,6417,6105,168.06286629958686
220,ab45bd45-f994-4bb9-a6d9-f947db68f63d,6,220,True,6445,6133,188.301002712019
221,ab45bd45-f994-4bb9-a6d9-f947db68f63d,6,221,True,6473,6161,162.7205978324164
222,ab45bd45-f994-4bb9-a6d9-f947db68f63d,6,222,True,6502,6190,184.59553512363527
223,ab45bd45-f994-4bb9-a6d9-f947db68f63d,6,223,True,6537,6225,166.46914763344284
224,ab45bd45-f994-4bb9-a6d9-f947db68f63d,6,224,True,6558,6246,142.4343836016069
225,ab45bd45-f994-4bb9-a6d9-f947db68f63d,6,225,True,6590,6278,175.98614860968792
226,ab45bd45-f994-4bb9-a6d9-f947db68f63d,6,226,True,6621,6309,142.49554184980389
227,ab45bd45-f994-4bb9-a6d9-f947db68f63d,6,227,True,6642,6330,275.68961661356843
228,ab45bd45-f994-4bb9-a6d9-f947db68f63d,6,228,True,6667,6355,234.51692431103766
229,ab45bd45-f994-4bb9-a6d9-f947db68f63d,6,229,True,6693,6381,224.68961661356843
230,ab45bd45-f994-4bb9-a6d9-f947db68f63d,6,230,True,6729,6417,225.21756340628235
231,ab45bd45-f994-4bb9-a6d9-f947db68f63d,6,231,True,6757,6445,212.28255892160269
232,ab45bd45-f994-4bb9-a6d9-f947db68f63d,6,232,True,6783,6471,269.0894037222306
233,ab45bd45-f994-4bb9-a6d9-f947db68f63d,6,233,True,6811,6499,238.4611225841818
234,ab45bd45-f994-4bb9-a6d9-f947db68f63d,6,234,True,6839,6527,206.9803356852717
235,ab45bd45-f994-4bb9-a6d9-f947db68f63d,6,235,True,6869,6557,180.4611225841818
236,ab45bd45-f994-4bb9-a6d9-f947db68f63d,6,236,True,6887,6575,209.7869776840762
237,ab45bd45-f994-4bb9-a6d9-f947db68f63d,6,237,True,6908,6596,191.3133675459494
238,ab45bd45-f994-4bb9-a6d9-f947db68f63d,6,238,True,6929,6617,216.3548727012967
239,ab45bd45-f994-4bb9-a6d9-f947db68f63d,6,239,True,6951,6639,169.75430411927118
240,ab45bd45-f994-4bb9-a6d9-f947db68f63d,6,240,True,6987,6675,214.68485360853447
241,ab45bd45-f994-4bb9-a6d9-f947db68f63d,6,241,True,7017,6705,180.40258620538407
242,ab45bd45-f994-4bb9-a6d9-f947db68f63d,6,242,True,7039,6727,218.17677030300274
243,ab45bd45-f994-4bb9-a6d9-f947db68f63d,6,243,True,7061,6749,210.49878435058054
244,ab45bd45-f994-4bb9-a6d9-f947db68f63d,6,244,True,7083,6771,174.17677030300274
245,ab45bd45-f994-4bb9-a6d9-f947db68f63d,6,245,True,7103,6791,230.2613352394319
246,ab45bd45-f994-4bb9-a6d9-f947db68f63d,6,246,True,7126,6814,223.5125611077856
247,ab45bd45-f994-4bb9-a6d9-f947db68f63d,6,247,True,7154,6842,209.6635345154882
248,ab45bd45-f994-4bb9-a6d9-f947db68f63d,6,248,True,7184,6872,149.2613352394319
249,ab45bd45-f994-4bb9-a6d9-f947db68f63d,6,249,True,7201,6889,207.35466039333824
250,ab45bd45-f994-4bb9-a6d9-f947db68f63d,6,250,True,7234,6922,165.33999594934994
251,ab45bd45-f994-4bb9-a6d9-f947db68f63d,6,251,True,7256,6944,201.75934490780128
252,ab45bd45-f994-4bb9-a6d9-f947db68f63d,6,252,True,7282,6970,193.860169247253
253,ab45bd45-f994-4bb9-a6d9-f947db68f63d,6,253,True,7312,7000,163.860169247253
254,ab45bd45-f994-4bb9-a6d9-f947db68f63d,6,254,True,7339,7027,172.78670538630467
255,ab45bd45-f994-4bb9-a6d9-f947db68f63d,6,255,True,7353,7041,197.47258692942341
256,ab45bd45-f994-4bb9-a6d9-f947db68f63d,6,256,True,7381,7069,208.91533658088883
257,ab45bd45-f994-4bb9-a6d9-f947db68f63d,6,257,True,7401,7089,200.6688279285654
258,ab45bd45-f994-4bb9-a6d9-f947db68f63d,6,258,True,7429,7117,175.0286401602225
259,ab45bd45-f994-4bb9-a6d9-f947db68f63d,6,259,True,7453,7141,200.16014464629825
260,ab45bd45-f994-4bb9-a6d9-f947db68f63d,6,260,True,7476,7164,190.8061221814387
261,ab45bd45-f994-4bb9-a6d9-f947db68f63d,6,261,True,7505,7193,175.49303391288595
262,ab45bd45-f994-4bb9-a6d9-f947db68f63d,6,262,True,7538,7226,203.55413317264356
263,ab45bd45-f994-4bb9-a6d9-f947db68f63d,6,263,True,7557,7245,119.34133838810794
264,ab45bd45-f994-4bb9-a6d9-f947db68f63d,6,264,True,7586,7274,205.17539797837708
265,ab45bd45-f994-4bb9-a6d9-f947db68f63d,6,265,True,7613,7301,115.74278928934837
266,ab45bd45-f994-4bb9-a6d9-f947db68f63d,6,266,True,7637,7325,154.17539797837708
267,ab45bd45-f994-4bb9-a6d9-f947db68f63d,6,267,True,7667,7355,153.19729904722408
268,ab45bd45-f994-4bb9-a6d9-f947db68f63d,6,268,True,7696,7384,142.95988832605144
269,ab45bd45-f994-4bb9-a6d9-f947db68f63d,6,269,True,7716,7404,209.8308636789152
270,ab45bd45-f994-4bb9-a6d9-f947db68f63d,6,270,True,7739,7427,158.4547006128887
271,ab45bd45-f994-4bb9-a6d9-f947db68f63d,6,271,True,7761,7449,185.7496147416623
272,ab45bd45-f994-4bb9-a6d9-f947db68f63d,6,272,True,7780,7468,169.98136588700982
273,ab45bd45-f994-4bb9-a6d9-f947db68f63d,6,273,True,7800,7488,202.82970510539144
274,ab45bd45-f994-4bb9-a6d9-f947db68f63d,6,274,True,7833,7521,137.96790513375345
275,ab45bd45-f994-4bb9-a6d9-f947db68f63d,6,275,True,7855,7543,194.53032182648712
276,ab45bd45-f994-4bb9-a6d9-f947db68f63d,6,276,True,7892,7580,135.66425683896978
277,ab45bd45-f994-4bb9-a6d9-f947db68f63d,6,277,True,7921,7609,185.795600505503
278,ab45bd45-f994-4bb9-a6d9-f947db68f63d,6,278,True,7953,7641,121.39711160125898
279,ab45bd45-f994-4bb9-a6d9-f947db68f63d,6,279,True,7978,7666,128.795600505503
280,ab45bd45-f994-4bb9-a6d9-f947db68f63d,6,280,True,8006,7694,141.0730184710692
281,ab45bd45-f994-4bb9-a6d9-f947db68f63d,6,281,True,8026,7714,137.1873590174091
282,ab45bd45-f994-4bb9-a6d9-f947db68f63d,6,282,True,8050,7738,136.419792663497
283,ab45bd45-f994-4bb9-a6d9-f947db68f63d,6,283,True,8071,7759,169.24073974041676
284,ab45bd45-f994-4bb9-a6d9-f947db68f63d,6,284,True,8099,7787,155.15316773763607
285,ab45bd45-f994-4bb9-a6d9-f947db68f63d,6,285,True,8124,7812,178.60289175658
286,ab45bd45-f994-4bb9-a6d9-f947db68f63d,6,286,True,8149,7837,116.04268464448614
287,ab45bd45-f994-4bb9-a6d9-f947db68f63d,6,287,True,8173,7861,133.2855503072342
288,ab45bd45-f994-4bb9-a6d9-f947db68f63d,6,288,True,8205,7893,180.4119815992135
289,ab45bd45-f994-4bb9-a6d9-f947db68f63d,6,289,True,8232,7920,159.27234609965035
290,ab45bd45-f994-4bb9-a6d9-f947db68f63d,6,290,True,8257,7945,138.9328778525787
291,ab45bd45-f994-4bb9-a6d9-f947db68f63d,6,291,True,8278,7966,163.17533130095762
292,ab45bd45-f994-4bb9-a6d9-f947db68f63d,6,292,True,8316,8004,203.89872530866887
293,ab45bd45-f994-4bb9-a6d9-f947db68f63d,6,293,True,8334,8022,155.562159991523
294,ab45bd45-f994-4bb9-a6d9-f947db68f63d,6,294,True,8363,8051,203.43072683982246
295,ab45bd45-f994-4bb9-a6d9-f947db68f63d,6,295,True,8384,8072,187.57233991927023
296,ab45bd45-f994-4bb9-a6d9-f947db68f63d,6,296,True,8407,8095,239.43500207982288
297,ab45bd45-f994-4bb9-a6d9-f947db68f63d,6,297,True,8429,8117,179.21738092870692
298,ab45bd45-f994-4bb9-a6d9-f947db68f63d,6,298,True,8459,8147,184.98482438732026
299,ab45bd45-f994-4bb9-a6d9-f947db68f63d,6,299,True,8484,8172,217.84796733485382
300,ab45bd45-f994-4bb9-a6d9-f947db68f63d,6,300,True,8510,8198,189.54551899774196
301,ab45bd45-f994-4bb9-a6d9-f947db68f63d,6,301,True,8537,8225,160.16008216128103
302,ab45bd45-f994-4bb9-a6d9-f947db68f63d,6,302,True,8564,8252,218.2535299271749
303,ab45bd45-f994-4bb9-a6d9-f947db68f63d,6,303,True,8596,8284,183.74148470964974
304,ab45bd45-f994-4bb9-a6d9-f947db68f63d,6,304,True,8622,8310,188.95884930537068
305,ab45bd45-f994-4bb9-a6d9-f947db68f63d,6,305,True,8658,8346,170.64474259064082
306,ab45bd45-f994-4bb9-a6d9-f947db68f63d,6,306,True,8688,8376,143.06405332165923
307,ab45bd45-f994-4bb9-a6d9-f947db68f63d,6,307,True,8709,8397,179.02749596492686
308,ab45bd45-f994-4bb9-a6d9-f947db68f63d,6,308,True,8739,8427,164.1614837135894
309,ab45bd45-f994-4bb9-a6d9-f947db68f63d,6,309,True,8760,8448,194.4803584621368
310,ab45bd45-f994-4bb9-a6d9-f947db68f63d,6,310,True,8784,8472,177.77926161200412
311,ab45bd45-f994-4bb9-a6d9-f947db68f63d,6,311,True,8809,8497,225.1207655747785
312,ab45bd45-f994-4bb9-a6d9-f947db68f63d,6,312,True,8830,8518,152.058707144839
313,ab45bd45-f994-4bb9-a6d9-f947db68f63d,6,313,True,8863,8551,168.19514004692974
314,ab45bd45-f994-4bb9-a6d9-f947db68f63d,6,314,True,8886,8574,176.63257639736912
315,ab45bd45-f994-4bb9-a6d9-f947db68f63d,6,315,True,8917,8605,172.44748107605665
316,ab45bd45-f994-4bb9-a6d9-f947db68f63d,6,316,True,8948,8636,163.63618825746198
317,ab45bd45-f994-4bb9-a6d9-f947db68f63d,6,317,True,8972,8660,182.01848007441004
318,ab45bd45-f994-4bb9-a6d9-f947db68f63d,6,318,True,9001,8689,167.60455056799765
319,ab45bd45-f994-4bb9-a6d9-f947db68f63d,6,319,True,9028,8716,156.54155412060027
320,ab45bd45-f994-4bb9-a6d9-f947db68f63d,6,320,True,9049,8737,199.1241639391592
321,ab45bd45-f994-4bb9-a6d9-f947db68f63d,6,321,True,9077,8765,156.80003722074798
322,ab45bd45-f994-4bb9-a6d9-f947db68f63d,6,322,True,9115,8803,159.23291390295526
323,ab45bd45-f994-4bb9-a6d9-f947db68f63d,6,323,True,9146,8834,133.50901268760572
324,ab45bd45-f994-4bb9-a6d9-f947db68f63d,6,324,True,9175,8863,150.30052771260853
325,ab45bd45-f994-4bb9-a6d9-f947db68f63d,6,325,True,9202,8890,106.76083443312018
326,ab45bd45-f994-4bb9-a6d9-f947db68f63d,6,326,True,9229,8917,127.45950699411515
327,ab45bd45-f994-4bb9-a6d9-f947db68f63d,6,327,True,9250,8938,109.20531933177881
328,ab45bd45-f994-4bb9-a6d9-f947db68f63d,6,328,True,9285,8973,119.70441909703732
329,ab45bd45-f994-4bb9-a6d9-f947db68f63d,6,329,True,9314,9002,137.6323433350717
330,ab45bd45-f994-4bb9-a6d9-f947db68f63d,6,330,True,9331,9019,146.93990259804923
331,ab45bd45-f994-4bb9-a6d9-f947db68f63d,6,331,True,9364,9052,138.70633460707904
332,ab45bd45-f994-4bb9-a6d9-f947db68f63d,6,332,True,9389,9077,189.43116356097198
333,ab45bd45-f994-4bb9-a6d9-f947db68f63d,6,333,True,9417,9105,134.2537882936449
334,ab45bd45-f994-4bb9-a6d9-f947db68f63d,6,334,True,9442,9130,164.30140683958962
335,ab45bd45-f994-4bb9-a6d9-f947db68f63d,6,335,True,9474,9162,128.06425792663867
336,ab45bd45-f994-4bb9-a6d9-f947db68f63d,6,336,True,9497,9185,160.44180102853352
337,ab45bd45-f994-4bb9-a6d9-f947db68f63d,6,337,True,9518,9206,154.49330685118184
338,ab45bd45-f994-4bb9-a6d9-f947db68f63d,6,338,True,9546,9234,166.97597256719746
339,ab45bd45-f994-4bb9-a6d9-f947db68f63d,6,339,True,9583,9271,111.55723024769395
340,ab45bd45-f994-4bb9-a6d9-f947db68f63d,6,340,True,9612,9300,152.24771165650054
341,ab45bd45-f994-4bb9-a6d9-f947db68f63d,6,341,True,9633,9321,133.63546958896404
342,ab45bd45-f994-4bb9-a6d9-f947db68f63d,6,342,True,9661,9349,139.9320631161554
343,ab45bd45-f994-4bb9-a6d9-f947db68f63d,6,343,True,9679,9367,191.02947899770152
344,ab45bd45-f994-4bb9-a6d9-f947db68f63d,6,344,True,9702,9390,145.6865766870378
345,ab45bd45-f994-4bb9-a6d9-f947db68f63d,6,345,True,9725,9413,176.1515908752517
346,ab45bd45-f994-4bb9-a6d9-f947db68f63d,6,346,True,9754,9442,165.24086952131074
347,ab45bd45-f994-4bb9-a6d9-f947db68f63d,6,347,True,9786,9474,176.80316568384114
348,ab45bd45-f994-4bb9-a6d9-f947db68f63d,6,348,True,9814,9502,156.3933768382576
349,ab45bd45-f994-4bb9-a6d9-f947db68f63d,6,349,True,9840,9528,167.3734315200345
350,ab45bd45-f994-4bb9-a6d9-f947db68f63d,6,350,True,9861,9549,161.58020866938205
351,ab45bd45-f994-4bb9-a6d9-f947db68f63d,6,351,True,9887,9575,185.89968572673388
352,ab45bd45-f994-4bb9-a6d9-f947db68f63d,6,352,True,9917,9605,119.90533860574033
353,ab45bd45-f994-4bb9-a6d9-f947db68f63d,6,353,True,9948,9636,177.51547789367032
354,ab45bd45-f994-4bb9-a6d9-f947db68f63d,6,354,True,9971,9659,115.87734183718385
355,ab45bd45-f994-4bb9-a6d9-f947db68f63d,6,355,True,10004,9692,124.98432937859798
356,ab45bd45-f994-4bb9-a6d9-f947db68f63d,6,356,True,10034,9722,146.51161294578924
357,ab45bd45-f994-4bb9-a6d9-f947db68f63d,6,357,True,10054,9742,147.59338142025808
358,ab45bd45-f994-4bb9-a6d9-f947db68f63d,6,358,True,10085,9773,161.1247040777489
359,ab45bd45-f994-4bb9-a6d9-f947db68f63d,6,359,True,10119,9807,143.4667355179481
360,ab45bd45-f994-4bb9-a6d9-f947db68f63d,6,360,True,10149,9837,152.67418601960526
361,ab45bd45-f994-4bb9-a6d9-f947db68f63d,6,361,True,10172,9860,126.52533134344412
362,ab45bd45-f994-4bb9-a6d9-f947db68f63d,6,362,True,10194,9882,158.3524613954287
363,ab45bd45-f994-4bb9-a6d9-f947db68f63d,6,363,True,10220,9908,106.03569676893858
364,ab45bd45-f994-4bb9-a6d9-f947db68f63d,6,364,True,10253,9941,127.4921160556878
365,ab45bd45-f994-4bb9-a6d9-f947db68f63d,6,365,True,10277,9965,127.1510924907052
366,ab45bd45-f994-4bb9-a6d9-f947db68f63d,6,366,True,10306,9994,94.63085728960868
367,ab45bd45-f994-4bb9-a6d9-f947db68f63d,6,367,True,10336,10024,91.49118759462544
368,ab45bd45-f994-4bb9-a6d9-f947db68f63d,6,368,True,10365,10053,92.56617273159645
369,ab45bd45-f994-4bb9-a6d9-f947db68f63d,6,369,True,10397,10085,111.4890683635258
370,ab45bd45-f994-4bb9-a6d9-f947db68f63d,6,370,True,10432,10120,129.8546103909739
371,ab45bd45-f994-4bb9-a6d9-f947db68f63d,6,371,True,10459,10147,133.00392209914753
372,ab45bd45-f994-4bb9-a6d9-f947db68f63d,6,372,True,10483,10171,136.64296671777265
373,ab45bd45-f994-4bb9-a6d9-f947db68f63d,6,373,True,10513,10201,128.3817762495455
374,ab45bd45-f994-4bb9-a6d9-f947db68f63d,6,374,True,10534,10222,121.36251329474726
375,ab45bd45-f994-4bb9-a6d9-f947db68f63d,6,375,True,10556,10244,114.06781863430479
376,ab45bd45-f994-4bb9-a6d9-f947db68f63d,6,376,True,10576,10264,91.51858688185348
377,ab45bd45-f994-4bb9-a6d9-f947db68f63d,6,377,True,10600,10288,117.85091646331603
378,ab45bd45-f994-4bb9-a6d9-f947db68f63d,6,378,True,10630,10318,102.1587034854474
379,ab45bd45-f994-4bb9-a6d9-f947db68f63d,6,379,True,10653,10341,175.6518920687122
380,ab45bd45-f994-4bb9-a6d9-f947db68f63d,6,380,True,10688,10376,143.17173851454572
381,ab45bd45-f994-4bb9-a6d9-f947db68f63d,6,381,True,10717,10405,116.4114227706541
382,ab45bd45-f994-4bb9-a6d9-f947db68f63d,6,382,True,10743,10431,138.0030194189585
383,ab45bd45-f994-4bb9-a6d9-f947db68f63d,6,383,True,10771,10459,104.95866081711029
384,ab45bd45-f994-4bb9-a6d9-f947db68f63d,6,384,True,10793,10481,117.91691614523552
385,ab45bd45-f994-4bb9-a6d9-f947db68f63d,6,385,True,10812,10500,155.46168095538997
386,ab45bd45-f994-4bb9-a6d9-f947db68f63d,6,386,True,10835,10523,145.51199197239112
387,ab45bd45-f994-4bb9-a6d9-f947db68f63d,6,387,True,10859,10547,163.44507152393635
388,ab45bd45-f994-4bb9-a6d9-f947db68f63d,6,388,True,10890,10578,144.15153722009381
389,ab45bd45-f994-4bb9-a6d9-f947db68f63d,6,389,True,10919,10607,161.55205808416576
390,ab45bd45-f994-4bb9-a6d9-f947db68f63d,6,390,True,10951,10639,137.90417836859342
391,ab45bd45-f994-4bb9-a6d9-f947db68f63d,6,391,True,10980,10668,207.8106163780012
392,ab45bd45-f994-4bb9-a6d9-f947db68f63d,6,392,True,11008,10696,184.535494727279
393,ab45bd45-f994-4bb9-a6d9-f947db68f63d,6,393,True,11033,10721,154.8106163780012
394,ab45bd45-f994-4bb9-a6d9-f947db68f63d,6,394,True,11053,10741,203.4862328653635
395,ab45bd45-f994-4bb9-a6d9-f947db68f63d,6,395,True,11084,10772,151.33088688783027
396,ab45bd45-f994-4bb9-a6d9-f947db68f63d,6,396,True,11115,10803,176.17141168113812
397,ab45bd45-f994-4bb9-a6d9-f947db68f63d,6,397,True,11138,10826,150.6368782290774
398,ab45bd45-f994-4bb9-a6d9-f947db68f63d,6,398,True,11171,10859,167.18594530378323
399,ab45bd45-f994-4bb9-a6d9-f947db68f63d,6,399,True,11195,10883,167.10293252251176
400,ab45bd45-f994-4bb9-a6d9-f947db68f63d,6,400,True,11220,10908,147.16821004674966
401,ab45bd45-f994-4bb9-a6d9-f947db68f63d,6,401,True,11257,10945,156.5676520373454
402,ab45bd45-f994-4bb9-a6d9-f947db68f63d,6,402,True,11296,10984,143.52686570286642
403,ab45bd45-f994-4bb9-a6d9-f947db68f63d,6,403,True,11318,11006,144.50468674408694
404,ab45bd45-f994-4bb9-a6d9-f947db68f63d,6,404,True,11353,11041,103.02429998235675
405,ab45bd45-f994-4bb9-a6d9-f947db68f63d,6,405,True,11386,11074,102.78818197516193
406,ab45bd45-f994-4bb9-a6d9-f947db68f63d,6,406,True,11410,11098,113.01880606657869
407,ab45bd45-f994-4bb9-a6d9-f947db68f63d,6,407,True,11449,11137,108.89250037616148
408,ab45bd45-f994-4bb9-a6d9-f947db68f63d,6,408,True,11471,11159,114.39376953828832
409,ab45bd45-f994-4bb9-a6d9-f947db68f63d,6,409,True,11508,11196,104.64262671100005
410,ab45bd45-f994-4bb9-a6d9-f947db68f63d,6,410,True,11539,11227,126.64997326596313
411,ab45bd45-f994-4bb9-a6d9-f947db68f63d,6,411,True,11578,11266,94.86792430850255
412,ab45bd45-f994-4bb9-a6d9-f947db68f63d,6,412,True,11612,11300,132.31631053507954
413,ab45bd45-f994-4bb9-a6d9-f947db68f63d,6,413,True,11637,11325,113.23182507628553
414,ab45bd45-f994-4bb9-a6d9-f947db68f63d,6,414,True,11660,11348,126.71948068575512
415,ab45bd45-f994-4bb9-a6d9-f947db68f63d,6,415,True,11685,11373,130.2823533285573
416,ab45bd45-f994-4bb9-a6d9-f947db68f63d,6,416,True,11703,11391,126.73698273337686
417,ab45bd45-f994-4bb9-a6d9-f947db68f63d,6,417,True,11731,11419,194.04894306301685
418,ab45bd45-f994-4bb9-a6d9-f947db68f63d,6,418,True,11756,11444,175.30926935765274
419,ab45bd45-f994-4bb9-a6d9-f947db68f63d,6,419,True,11791,11479,185.3272016071569
420,ab45bd45-f994-4bb9-a6d9-f947db68f63d,6,420,True,11814,11502,167.36361373824184
421,ab45bd45-f994-4bb9-a6d9-f947db68f63d,6,421,True,11849,11537,132.36361373824184
422,ab45bd45-f994-4bb9-a6d9-f947db68f63d,6,422,True,11884,11572,145.34812867917026
423,ab45bd45-f994-4bb9-a6d9-f947db68f63d,6,423,True,11922,11610,146.23861974077408
424,ab45bd45-f994-4bb9-a6d9-f947db68f63d,6,424,True,11954,11642,114.23861974077408
425,ab45bd45-f994-4bb9-a6d9-f947db68f63d,6,425,True,11981,11669,112.42393869931584
426,ab45bd45-f994-4bb9-a6d9-f947db68f63d,6,426,True,12013,11701,133.70855815049617
427,ab45bd45-f994-4bb9-a6d9-f947db68f63d,6,427,True,12039,11727,126.83095657838749
428,ab45bd45-f994-4bb9-a6d9-f947db68f63d,6,428,True,12062,11750,134.72656629736775
429,ab45bd45-f994-4bb9-a6d9-f947db68f63d,6,429,True,12087,11775,124.34475648587068
430,ab45bd45-f994-4bb9-a6d9-f947db68f63d,6,430,True,12111,11799,127.78841981533697
431,ab45bd45-f994-4bb9-a6d9-f947db68f63d,6,431,True,12126,11814,152.64458755595842
432,ab45bd45-f994-4bb9-a6d9-f947db68f63d,6,432,True,12152,11840,129.51739273966632
433,ab45bd45-f994-4bb9-a6d9-f947db68f63d,6,433,True,12185,11873,171.6449008917898
434,ab45bd45-f994-4bb9-a6d9-f947db68f63d,6,434,True,12211,11899,182.32426145926547
435,ab45bd45-f994-4bb9-a6d9-f947db68f63d,6,435,True,12250,11938,153.78705734771574
436,ab45bd45-f994-4bb9-a6d9-f947db68f63d,6,436,True,12279,11967,147.04039288836066
437,ab45bd45-f994-4bb9-a6d9-f947db68f63d,6,437,True,12318,12006,133.65541634126748
438,ab45bd45-f994-4bb9-a6d9-f947db68f63d,6,438,True,12347,12035,120.82544597873493
439,ab45bd45-f994-4bb9-a6d9-f947db68f63d,6,439,True,12370,12058,121.48858710794775
440,ab45bd45-f994-4bb9-a6d9-f947db68f63d,6,440,True,12393,12081,149.5410839779961
441,ab45bd45-f994-4bb9-a6d9-f947db68f63d,6,441,True,12425,12113,147.6296625210216
442,ab45bd45-f994-4bb9-a6d9-f947db68f63d,6,442,True,12451,12139,141.94962595244397
443,ab45bd45-f994-4bb9-a6d9-f947db68f63d,6,443,True,12482,12170,137.3470831118284
444,ab45bd45-f994-4bb9-a6d9-f947db68f63d,6,444,True,12515,12203,131.1539529671445
445,ab45bd45-f994-4bb9-a6d9-f947db68f63d,6,445,True,12538,12226,136.64723212435638
446,ab45bd45-f994-4bb9-a6d9-f947db68f63d,6,446,True,12567,12255,159.13506558531844
447,ab45bd45-f994-4bb9-a6d9-f947db68f63d,6,447,True,12591,12279,132.64812537274884
448,ab45bd45-f994-4bb9-a6d9-f947db68f63d,6,448,True,12625,12313,127.81283281532342
449,ab45bd45-f994-4bb9-a6d9-f947db68f63d,6,449,True,12655,12343,154.79300008708196
450,ab45bd45-f994-4bb9-a6d9-f947db68f63d,6,450,True,12674,12362,215.62184229575905
451,ab45bd45-f994-4bb9-a6d9-f947db68f63d,6,451,True,12700,12388,189.62184229575905
452,ab45bd45-f994-4bb9-a6d9-f947db68f63d,6,452,True,12731,12419,214.53650783734338
453,ab45bd45-f994-4bb9-a6d9-f947db68f63d,6,453,True,12750,12438,204.52482238091943
454,ab45bd45-f994-4bb9-a6d9-f947db68f63d,6,454,True,12781,12469,241.7140102825815
455,ab45bd45-f994-4bb9-a6d9-f947db68f63d,6,455,True,12815,12503,199.129127087077
456,ab45bd45-f994-4bb9-a6d9-f947db68f63d,6,456,True,12842,12530,223.9255924451445
457,ab45bd45-f994-4bb9-a6d9-f947db68f63d,6,457,True,12875,12563,160.81150891747166
458,ab45bd45-f994-4bb9-a6d9-f947db68f63d,6,458,True,12906,12594,198.2529561837764
459,ab45bd45-f994-4bb9-a6d9-f947db68f63d,6,459,True,12930,12618,174.2529561837764
460,ab45bd45-f994-4bb9-a6d9-f947db68f63d,6,460,True,12963,12651,172.8166782188382
461,ab45bd45-f994-4bb9-a6d9-f947db68f63d,6,461,True,12994,12682,206.7120789559267
462,ab45bd45-f994-4bb9-a6d9-f947db68f63d,6,462,True,13025,12713,228.25570089787834
463,ab45bd45-f994-4bb9-a6d9-f947db68f63d,6,463,True,13055,12743,195.92156361471643
464,ab45bd45-f994-4bb9-a6d9-f947db68f63d,6,464,True,13077,12765,131.45528682520853
465,ab45bd45-f994-4bb9-a6d9-f947db68f63d,6,465,True,13112,12800,188.8841188855913
466,ab45bd45-f994-4bb9-a6d9-f947db68f63d,6,466,True,13145,12833,153.18008958140126
467,ab45bd45-f994-4bb9-a6d9-f947db68f63d,6,467,True,13170,12858,162.97974279996197
468,ab45bd45-f994-4bb9-a6d9-f947db68f63d,6,468,True,13192,12880,153.65972000035435
469,ab45bd45-f994-4bb9-a6d9-f947db68f63d,6,469,True,13226,12914,174.5632851562059
470,ab45bd45-f994-4bb9-a6d9-f947db68f63d,6,470,True,13256,12944,144.5632851562059
471,ab45bd45-f994-4bb9-a6d9-f947db68f63d,6,471,True,13286,12974,158.54996582266904
472,ab45bd45-f994-4bb9-a6d9-f947db68f63d,6,472,True,13318,13006,153.82830899882174
473,ab45bd45-f994-4bb9-a6d9-f947db68f63d,6,473,True,13350,13038,119.16731501702452
474,ab45bd45-f994-4bb9-a6d9-f947db68f63d,6,474,True,13392,13080,132.3750107205051
475,ab45bd45-f994-4bb9-a6d9-f947db68f63d,6,475,True,13423,13111,125.02282540952729
476,ab45bd45-f994-4bb9-a6d9-f947db68f63d,6,476,True,13447,13135,152.14856988573956
477,ab45bd45-f994-4bb9-a6d9-f947db68f63d,6,477,True,13465,13153,158.04023306569798
478,ab45bd45-f994-4bb9-a6d9-f947db68f63d,6,478,True,13490,13178,135.61722637723506
479,ab45bd45-f994-4bb9-a6d9-f947db68f63d,6,479,True,13522,13210,148.74162775698824
480,ab45bd45-f994-4bb9-a6d9-f947db68f63d,6,480,True,13554,13242,119.66564979081159
481,ab45bd45-f994-4bb9-a6d9-f947db68f63d,6,481,True,13582,13270,116.50030956508817
482,ab45bd45-f994-4bb9-a6d9-f947db68f63d,6,482,True,13613,13301,133.9539469893225
483,ab45bd45-f994-4bb9-a6d9-f947db68f63d,6,483,True,13640,13328,118.81675059088593
484,ab45bd45-f994-4bb9-a6d9-f947db68f63d,6,484,True,13662,13350,142.09648229450067
485,ab45bd45-f994-4bb9-a6d9-f947db68f63d,6,485,True,13693,13381,108.58675753542047
486,ab45bd45-f994-4bb9-a6d9-f947db68f63d,6,486,True,13712,13400,139.81670089808904
487,ab45bd45-f994-4bb9-a6d9-f947db68f63d,6,487,True,13742,13430,126.78505314088761
488,ab45bd45-f994-4bb9-a6d9-f947db68f63d,6,488,True,13782,13470,129.23931251645627
489,ab45bd45-f994-4bb9-a6d9-f947db68f63d,6,489,True,13809,13497,137.00973336798052
490,ab45bd45-f994-4bb9-a6d9-f947db68f63d,6,490,True,13835,13523,204.76250865069233
491,ab45bd45-f994-4bb9-a6d9-f947db68f63d,6,491,True,13861,13549,157.24751825703788
492,ab45bd45-f994-4bb9-a6d9-f947db68f63d,6,492,True,13897,13585,207.73577080011637
493,ab45bd45-f994-4bb9-a6d9-f947db68f63d,6,493,True,13920,13608,192.41193816776104
494,ab45bd45-f994-4bb9-a6d9-f947db68f63d,6,494,True,13950,13638,258.0029955652808
495,ab45bd45-f994-4bb9-a6d9-f947db68f63d,6,495,True,13984,13672,212.9603851882148
496,ab45bd45-f994-4bb9-a6d9-f947db68f63d,6,496,True,14027,13715,146.51840987879405
497,ab45bd45-f994-4bb9-a6d9-f947db68f63d,6,497,True,14059,13747,187.9015012479431
498,ab45bd45-f994-4bb9-a6d9-f947db68f63d,6,498,True,14080,13768,194.60472348660915
499,ab45bd45-f994-4bb9-a6d9-f947db68f63d,6,499,True,14117,13805,157.60472348660915
500,ab45bd45-f994-4bb9-a6d9-f947db68f63d,6,500,True,14150,13838,191.01258875281928
501,ab45bd45-f994-4bb9-a6d9-f947db68f63d,6,501,True,14170,13858,171.01258875281928
502,ab45bd45-f994-4bb9-a6d9-f947db68f63d,6,502,True,14201,13889,165.1313959901654
503,ab45bd45-f994-4bb9-a6d9-f947db68f63d,6,503,True,14224,13912,167.1630386986035
504,ab45bd45-f994-4bb9-a6d9-f947db68f63d,6,504,True,14241,13929,140.18695538882275
505,ab45bd45-f994-4bb9-a6d9-f947db68f63d,6,505,True,14265,13953,167.76517740568124
506,ab45bd45-f994-4bb9-a6d9-f947db68f63d,6,506,True,14290,13978,152.307380080676
507,ab45bd45-f994-4bb9-a6d9-f947db68f63d,6,507,True,14316,14004,174.61146298386848
508,ab45bd45-f994-4bb9-a6d9-f947db68f63d,6,508,True,14345,14033,121.72814487311734
509,ab45bd45-f994-4bb9-a6d9-f947db68f63d,6,509,True,14377,14065,141.7996517984193
510,ab45bd45-f994-4bb9-a6d9-f947db68f63d,6,510,True,14404,14092,112.8162066094792
511,ab45bd45-f994-4bb9-a6d9-f947db68f63d,6,511,True,14425,14113,171.92416431557103
512,ab45bd45-f994-4bb9-a6d9-f947db68f63d,6,512,True,14455,14143,109.36876436376406
513,ab45bd45-f994-4bb9-a6d9-f947db68f63d,6,513,True,14484,14172,105.75067704310277
514,ab45bd45-f994-4bb9-a6d9-f947db68f63d,6,514,True,14509,14197,115.65693172748979
515,ab45bd45-f994-4bb9-a6d9-f947db68f63d,6,515,True,14528,14216,114.1458989644143
516,ab45bd45-f994-4bb9-a6d9-f947db68f63d,6,516,True,14541,14229,183.3928994423659
517,ab45bd45-f994-4bb9-a6d9-f947db68f63d,6,517,True,14567,14255,106.9667876310723
518,ab45bd45-f994-4bb9-a6d9-f947db68f63d,6,518,True,14596,14284,131.09548973845813
519,ab45bd45-f994-4bb9-a6d9-f947db68f63d,6,519,True,14629,14317,120.88271167999847
520,ab45bd45-f994-4bb9-a6d9-f947db68f63d,6,520,True,14651,14339,189.81495369808
521,ab45bd45-f994-4bb9-a6d9-f947db68f63d,6,521,True,14681,14369,141.82976190937916
522,ab45bd45-f994-4bb9-a6d9-f947db68f63d,6,522,True,14712,14400,174.86018010001135
523,ab45bd45-f994-4bb9-a6d9-f947db68f63d,6,523,True,14737,14425,158.47425334305626
524,ab45bd45-f994-4bb9-a6d9-f947db68f63d,6,524,True,14756,14444,203.46261374624737
525,ab45bd45-f994-4bb9-a6d9-f947db68f63d,6,525,True,14784,14472,121.9478981793527
526,ab45bd45-f994-4bb9-a6d9-f947db68f63d,6,526,True,14811,14499,167.84057971429684
527,ab45bd45-f994-4bb9-a6d9-f947db68f63d,6,527,True,14839,14527,190.07968960568178
528,ab45bd45-f994-4bb9-a6d9-f947db68f63d,6,528,True,14858,14546,117.26011316131917
529,ab45bd45-f994-4bb9-a6d9-f947db68f63d,6,529,True,14881,14569,141.86024520023238
530,ab45bd45-f994-4bb9-a6d9-f947db68f63d,6,530,True,14916,14604,147.68269823756236
531,ab45bd45-f994-4bb9-a6d9-f947db68f63d,6,531,True,14938,14626,141.47710561099666
532,ab45bd45-f994-4bb9-a6d9-f947db68f63d,6,532,True,14968,14656,149.0784566719285
533,ab45bd45-f994-4bb9-a6d9-f947db68f63d,6,533,True,14997,14685,133.1476031429811
534,ab45bd45-f994-4bb9-a6d9-f947db68f63d,6,534,True,15020,14708,163.15490193918595
535,ab45bd45-f994-4bb9-a6d9-f947db68f63d,6,535,True,15038,14726,125.8262712145879
536,ab45bd45-f994-4bb9-a6d9-f947db68f63d,6,536,True,15062,14750,136.64904937827305
537,ab45bd45-f994-4bb9-a6d9-f947db68f63d,6,537,True,15094,14782,236.3565743055733
538,ab45bd45-f994-4bb9-a6d9-f947db68f63d,6,538,True,15119,14807,130.28464534907835
539,ab45bd45-f994-4bb9-a6d9-f947db68f63d,6,539,True,15154,14842,207.62237532094878
540,ab45bd45-f994-4bb9-a6d9-f947db68f63d,6,540,True,15181,14869,200.08206088303268
541,ab45bd45-f994-4bb9-a6d9-f947db68f63d,6,541,True,15209,14897,216.92889867483427
542,ab45bd45-f994-4bb9-a6d9-f947db68f63d,6,542,True,15245,14933,183.56478934954612
543,ab45bd45-f994-4bb9-a6d9-f947db68f63d,6,543,True,15269,14957,190.5525100193663
544,ab45bd45-f994-4bb9-a6d9-f947db68f63d,6,544,True,15305,14993,173.92004823767093
545,ab45bd45-f994-4bb9-a6d9-f947db68f63d,6,545,True,15335,15023,176.84350411514242
546,ab45bd45-f994-4bb9-a6d9-f947db68f63d,6,546,True,15367,15055,160.97712441711155
547,ab45bd45-f994-4bb9-a6d9-f947db68f63d,6,547,True,15389,15077,190.69248862430686
548,ab45bd45-f994-4bb9-a6d9-f947db68f63d,6,548,True,15433,15121,198.0877988535758
549,ab45bd45-f994-4bb9-a6d9-f947db68f63d,6,549,True,15467,15155,145.10402758761848
550,ab45bd45-f994-4bb9-a6d9-f947db68f63d,6,550,True,15494,15182,141.25609864758007
551,ab45bd45-f994-4bb9-a6d9-f947db68f63d,6,551,True,15519,15207,136.00709914719664
552,ab45bd45-f994-4bb9-a6d9-f947db68f63d,6,552,True,15541,15229,154.7404435189419
553,ab45bd45-f994-4bb9-a6d9-f947db68f63d,6,553,True,15584,15272,199.31275399225706
554,ab45bd45-f994-4bb9-a6d9-f947db68f63d,6,554,True,15614,15302,154.39942882404284
555,ab45bd45-f994-4bb9-a6d9-f947db68f63d,6,555,True,15646,15334,158.48671220751567
556,ab45bd45-f994-4bb9-a6d9-f947db68f63d,6,556,True,15669,15357,137.93967468115443
557,ab45bd45-f994-4bb9-a6d9-f947db68f63d,6,557,True,15691,15379,182.6071248980279
558,ab45bd45-f994-4bb9-a6d9-f947db68f63d,6,558,True,15716,15404,165.50868789252672
559,ab45bd45-f994-4bb9-a6d9-f947db68f63d,6,559,True,15743,15431,205.12020219745682
560,ab45bd45-f994-4bb9-a6d9-f947db68f63d,6,560,True,15773,15461,153.07697121955243
561,ab45bd45-f994-4bb9-a6d9-f947db68f63d,6,561,True,15795,15483,153.12020219745682
562,ab45bd45-f994-4bb9-a6d9-f947db68f63d,6,562,True,15825,15513,176.04775615122526
563,ab45bd45-f994-4bb9-a6d9-f947db68f63d,6,563,True,15854,15542,163.30855921380498
564,ab45bd45-f994-4bb9-a6d9-f947db68f63d,6,564,True,15877,15565,174.7663481569034
565,ab45bd45-f994-4bb9-a6d9-f947db68f63d,6,565,True,15901,15589,119.11145457571365
566,ab45bd45-f994-4bb9-a6d9-f947db68f63d,6,566,True,15929,15617,134.55822371903014
567,ab45bd45-f994-4bb9-a6d9-f947db68f63d,6,567,True,15943,15631,103.58315695038254
568,ab45bd45-f994-4bb9-a6d9-f947db68f63d,6,568,True,15970,15658,128.58784827041382
569,ab45bd45-f994-4bb9-a6d9-f947db68f63d,6,569,True,15995,15683,151.02459618232206
570,ab45bd45-f994-4bb9-a6d9-f947db68f63d,6,570,True,16010,15698,136.02459618232206
571,ab45bd45-f994-4bb9-a6d9-f947db68f63d,6,571,True,16040,15728,134.1593474367437
572,ab45bd45-f994-4bb9-a6d9-f947db68f63d,6,572,True,16067,15755,128.07119946301464
573,ab45bd45-f994-4bb9-a6d9-f947db68f63d,6,573,True,16095,15783,91.3853929265897
574,ab45bd45-f994-4bb9-a6d9-f947db68f63d,6,574,True,16116,15804,158.62017373406707
575,ab45bd45-f994-4bb9-a6d9-f947db68f63d,6,575,True,16141,15829,131.40396753063942
576,ab45bd45-f994-4bb9-a6d9-f947db68f63d,6,576,True,16164,15852,198.26615667405167
577,ab45bd45-f994-4bb9-a6d9-f947db68f63d,6,577,True,16208,15896,135.04718389722075
578,ab45bd45-f994-4bb9-a6d9-f947db68f63d,6,578,True,16238,15926,176.57804546369698
579,ab45bd45-f994-4bb9-a6d9-f947db68f63d,6,579,True,16273,15961,117.20571308934996
580,ab45bd45-f994-4bb9-a6d9-f947db68f63d,6,580,True,16304,15992,135.0125832202648
581,ab45bd45-f994-4bb9-a6d9-f947db68f63d,6,581,True,16343,16031,120.29358954116287
582,ab45bd45-f994-4bb9-a6d9-f947db68f63d,6,582,True,16371,16059,180.24568482562427
583,ab45bd45-f994-4bb9-a6d9-f947db68f63d,6,583,True,16406,16094,153.61596292251306
584,ab45bd45-f994-4bb9-a6d9-f947db68f63d,6,584,True,16437,16125,195.12332659986896
585,ab45bd45-f994-4bb9-a6d9-f947db68f63d,6,585,True,16460,16148,124.66839191958388
586,ab45bd45-f994-4bb9-a6d9-f947db68f63d,6,586,True,16486,16174,143.74866065763308
587,ab45bd45-f994-4bb9-a6d9-f947db68f63d,6,587,True,16506,16194,129.3250272566329
588,ab45bd45-f994-4bb9-a6d9-f947db68f63d,6,588,True,16535,16223,141.71952377925118
589,ab45bd45-f994-4bb9-a6d9-f947db68f63d,6,589,True,16570,16258,111.72456834289187
590,ab45bd45-f994-4bb9-a6d9-f947db68f63d,6,590,True,16595,16283,133.05846977266992
591,ab45bd45-f994-4bb9-a6d9-f947db68f63d,6,591,True,16628,16316,128.91865638700256
592,ab45bd45-f994-4bb9-a6d9-f947db68f63d,6,592,True,16661,16349,145.27569015364134
593,ab45bd45-f994-4bb9-a6d9-f947db68f63d,6,593,True,16694,16382,105.69222240845193
594,ab45bd45-f994-4bb9-a6d9-f947db68f63d,6,594,True,16722,16410,91.32147467719551
595,ab45bd45-f994-4bb9-a6d9-f947db68f63d,6,595,True,16747,16435,125.36741096000696
596,ab45bd45-f994-4bb9-a6d9-f947db68f63d,6,596,True,16773,16461,172.00319945282172
597,ab45bd45-f994-4bb9-a6d9-f947db68f63d,6,597,True,16799,16487,143.67950026246035
598,ab45bd45-f994-4bb9-a6d9-f947db68f63d,6,598,True,16822,16510,99.9263254130019
599,ab45bd45-f994-4bb9-a6d9-f947db68f63d,6,599,True,16845,16533,166.38860904005924
600,ab45bd45-f994-4bb9-a6d9-f947db68f63d,6,600,True,16874,16562,120.0133709348629
601,ab45bd45-f994-4bb9-a6d9-f947db68f63d,6,601,True,16904,16592,193.5495946970659
602,ab45bd45-f994-4bb9-a6d9-f947db68f63d,6,602,True,16930,16618,139.45351210394438
603,ab45bd45-f994-4bb9-a6d9-f947db68f63d,6,603,True,16958,16646,182.43256814885171
604,ab45bd45-f994-4bb9-a6d9-f947db68f63d,6,604,True,16984,16672,111.35572864577261
605,ab45bd45-f994-4bb9-a6d9-f947db68f63d,6,605,True,17013,16701,133.62418450943005
606,ab45bd45-f994-4bb9-a6d9-f947db68f63d,6,606,True,17042,16730,126.77629068044189
607,ab45bd45-f994-4bb9-a6d9-f947db68f63d,6,607,True,17075,16763,119.90420758519758
608,ab45bd45-f994-4bb9-a6d9-f947db68f63d,6,608,True,17115,16803,131.05297804525253
609,ab45bd45-f994-4bb9-a6d9-f947db68f63d,6,609,True,17137,16825,111.89754603057736
610,ab45bd45-f994-4bb9-a6d9-f947db68f63d,6,610,True,17167,16855,134.17176785014453
611,ab45bd45-f994-4bb9-a6d9-f947db68f63d,6,611,True,17192,16880,106.55389806074163
612,ab45bd45-f994-4bb9-a6d9-f947db68f63d,6,612,True,17219,16907,133.9340482181833
613,ab45bd45-f994-4bb9-a6d9-f947db68f63d,6,613,True,17243,16931,131.45863685273434
614,ab45bd45-f994-4bb9-a6d9-f947db68f63d,6,614,True,17276,16964,103.08266996118255
615,ab45bd45-f994-4bb9-a6d9-f947db68f63d,6,615,True,17301,16989,107.5448351500163
616,ab45bd45-f994-4bb9-a6d9-f947db68f63d,6,616,True,17332,17020,133.04349999209808
617,ab45bd45-f994-4bb9-a6d9-f947db68f63d,6,617,True,17358,17046,113.47113526496469
618,ab45bd45-f994-4bb9-a6d9-f947db68f63d,6,618,True,17380,17068,116.80462347846697
619,ab45bd45-f994-4bb9-a6d9-f947db68f63d,6,619,True,17402,17090,147.35718521464878
620,ab45bd45-f994-4bb9-a6d9-f947db68f63d,6,620,True,17433,17121,164.02417210162457
621,ab45bd45-f994-4bb9-a6d9-f947db68f63d,6,621,True,17462,17150,172.49713413034988
622,ab45bd45-f994-4bb9-a6d9-f947db68f63d,6,622,True,17504,17192,179.9698051537962
623,ab45bd45-f994-4bb9-a6d9-f947db68f63d,6,623,True,17537,17225,134.69426617932913
624,ab45bd45-f994-4bb9-a6d9-f947db68f63d,6,624,True,17577,17265,144.15526330457214
625,ab45bd45-f994-4bb9-a6d9-f947db68f63d,6,625,True,17600,17288,144.80673720691266
626,ab45bd45-f994-4bb9-a6d9-f947db68f63d,6,626,True,17629,17317,164.12599216312083
627,ab45bd45-f994-4bb9-a6d9-f947db68f63d,6,627,True,17654,17342,116.33082047032804
628,ab45bd45-f994-4bb9-a6d9-f947db68f63d,6,628,True,17686,17374,133.8874625692515
629,ab45bd45-f994-4bb9-a6d9-f947db68f63d,6,629,True,17719,17407,141.0806011924942
630,ab45bd45-f994-4bb9-a6d9-f947db68f63d,6,630,True,17749,17437,115.8640714045614
631,ab45bd45-f994-4bb9-a6d9-f947db68f63d,6,631,True,17779,17467,133.3282014329052
632,ab45bd45-f994-4bb9-a6d9-f947db68f63d,6,632,True,17808,17496,107.68692164598906
633,ab45bd45-f994-4bb9-a6d9-f947db68f63d,6,633,True,17831,17519,148.15409012101372
634,ab45bd45-f994-4bb9-a6d9-f947db68f63d,6,634,True,17860,17548,116.43975988339662
635,ab45bd45-f994-4bb9-a6d9-f947db68f63d,6,635,True,17883,17571,101.89535451479969
636,ab45bd45-f994-4bb9-a6d9-f947db68f63d,6,636,True,17912,17600,123.28339341067476
637,ab45bd45-f994-4bb9-a6d9-f947db68f63d,6,637,True,17943,17631,134.5367090859654
638,ab45bd45-f994-4bb9-a6d9-f947db68f63d,6,638,True,17970,17658,142.5865822171072
639,ab45bd45-f994-4bb9-a6d9-f947db68f63d,6,639,True,17991,17679,94.02114600669665
640,ab45bd45-f994-4bb9-a6d9-f947db68f63d,6,640,True,18022,17710,158.6360896399965
641,ab45bd45-f994-4bb9-a6d9-f947db68f63d,6,641,True,18046,17734,137.36232483640924
642,ab45bd45-f994-4bb9-a6d9-f947db68f63d,6,642,True,18068,17756,138.24050231087676
643,ab45bd45-f994-4bb9-a6d9-f947db68f63d,6,643,True,18091,17779,120.86648725687701
644,ab45bd45-f994-4bb9-a6d9-f947db68f63d,6,644,True,18109,17797,131.45073153355042
645,ab45bd45-f994-4bb9-a6d9-f947db68f63d,6,645,True,18127,17815,161.54576396696575
646,ab45bd45-f994-4bb9-a6d9-f947db68f63d,6,646,True,18150,17838,152.94466477334572
647,ab45bd45-f994-4bb9-a6d9-f947db68f63d,6,647,True,18185,17873,207.72974986379995
648,ab45bd45-f994-4bb9-a6d9-f947db68f63d,6,648,True,18213,17901,174.79108969254958
649,ab45bd45-f994-4bb9-a6d9-f947db68f63d,6,649,True,18238,17926,152.2514129250303
650,ab45bd45-f994-4bb9-a6d9-f947db68f63d,6,650,True,18267,17955,194.55417458869488
651,ab45bd45-f994-4bb9-a6d9-f947db68f63d,6,651,True,18294,17982,170.7760985240493
652,ab45bd45-f994-4bb9-a6d9-f947db68f63d,6,652,True,18316,18004,173.5857025608093
653,ab45bd45-f994-4bb9-a6d9-f947db68f63d,6,653,True,18339,18027,175.2335211367099
654,ab45bd45-f994-4bb9-a6d9-f947db68f63d,6,654,True,18358,18046,129.0850912948008
655,ab45bd45-f994-4bb9-a6d9-f947db68f63d,6,655,True,18390,18078,146.33870099118576
656,ab45bd45-f994-4bb9-a6d9-f947db68f63d,6,656,True,18420,18108,145.61712112440728
657,ab45bd45-f994-4bb9-a6d9-f947db68f63d,6,657,True,18457,18145,163.50655318827557
658,ab45bd45-f994-4bb9-a6d9-f947db68f63d,6,658,True,18483,18171,132.19555815275453
659,ab45bd45-f994-4bb9-a6d9-f947db68f63d,6,659,True,18511,18199,146.8455015080399
660,ab45bd45-f994-4bb9-a6d9-f947db68f63d,6,660,True,18539,18227,123.41445846335773
661,ab45bd45-f994-4bb9-a6d9-f947db68f63d,6,661,True,18558,18246,134.05279580740898
662,ab45bd45-f994-4bb9-a6d9-f947db68f63d,6,662,True,18579,18267,126.5464305636524
663,ab45bd45-f994-4bb9-a6d9-f947db68f63d,6,663,True,18611,18299,147.59763529714837
664,ab45bd45-f994-4bb9-a6d9-f947db68f63d,6,664,True,18625,18313,193.47689049109977
665,ab45bd45-f994-4bb9-a6d9-f947db68f63d,6,665,True,18649,18337,167.31031737466037
666,ab45bd45-f994-4bb9-a6d9-f947db68f63d,6,666,True,18678,18366,135.8401655323396
667,ab45bd45-f994-4bb9-a6d9-f947db68f63d,6,667,True,18704,18392,162.15017216966953
668,ab45bd45-f994-4bb9-a6d9-f947db68f63d,6,668,True,18733,18421,159.45210256006976
669,ab45bd45-f994-4bb9-a6d9-f947db68f63d,6,669,True,18770,18458,196.1109802565079
670,ab45bd45-f994-4bb9-a6d9-f947db68f63d,6,670,True,18796,18484,129.8160345974029
671,ab45bd45-f994-4bb9-a6d9-f947db68f63d,6,671,True,18829,18517,174.5144666084634
672,ab45bd45-f994-4bb9-a6d9-f947db68f63d,6,672,True,18848,18536,152.74461973968937
673,ab45bd45-f994-4bb9-a6d9-f947db68f63d,6,673,True,18870,18558,145.10768490001283
674,ab45bd45-f994-4bb9-a6d9-f947db68f63d,6,674,True,18900,18588,192.5042230947256
675,ab45bd45-f994-4bb9-a6d9-f947db68f63d,6,675,True,18921,18609,173.8567011994819
676,ab45bd45-f994-4bb9-a6d9-f947db68f63d,6,676,True,18958,18646,139.34169808364095
677,ab45bd45-f994-4bb9-a6d9-f947db68f63d,6,677,True,18987,18675,133.13028934921022
678,ab45bd45-f994-4bb9-a6d9-f947db68f63d,6,678,True,19009,18697,165.2158924794494
679,ab45bd45-f994-4bb9-a6d9-f947db68f63d,6,679,True,19035,18723,135.70610087469322
680,ab45bd45-f994-4bb9-a6d9-f947db68f63d,6,680,True,19061,18749,160.51559129393718
681,ab45bd45-f994-4bb9-a6d9-f947db68f63d,6,681,True,19103,18791,144.64975567153306
682,ab45bd45-f994-4bb9-a6d9-f947db68f63d,6,682,True,19128,18816,172.73907927966502
683,ab45bd45-f994-4bb9-a6d9-f947db68f63d,6,683,True,19155,18843,115.49854270370997
684,ab45bd45-f994-4bb9-a6d9-f947db68f63d,6,684,True,19185,18873,142.67830651534678
685,ab45bd45-f994-4bb9-a6d9-f947db68f63d,6,685,True,19215,18903,130.3904158292171
686,ab45bd45-f994-4bb9-a6d9-f947db68f63d,6,686,True,19236,18924,177.0139026947727
687,ab45bd45-f994-4bb9-a6d9-f947db68f63d,6,687,True,19268,18956,110.57402080021348
688,ab45bd45-f994-4bb9-a6d9-f947db68f63d,6,688,True,19285,18973,219.5898592891317
689,ab45bd45-f994-4bb9-a6d9-f947db68f63d,6,689,False,19306,18994,311.7514007118334
690,ab45bd45-f994-4bb9-a6d9-f947db68f63d,6,690,True,19331,19019,272.0943705649588
691,ab45bd45-f994-4bb9-a6d9-f947db68f63d,6,691,True,19362,19050,249.08230593590997
692,ab45bd45-f994-4bb9-a6d9-f947db68f63d,6,692,True,19395,19083,295.17608304932946
693,ab45bd45-f994-4bb9-a6d9-f947db68f63d,6,693,True,19420,19108,264.0350109572355
694,ab45bd45-f994-4bb9-a6d9-f947db68f63d,6,694,True,19448,19136,221.12534300122934
695,ab45bd45-f994-4bb9-a6d9-f947db68f63d,6,695,True,19469,19157,200.12534300122934
696,ab45bd45-f994-4bb9-a6d9-f947db68f63d,6,696,True,19496,19184,264.94186125957276
697,ab45bd45-f994-4bb9-a6d9-f947db68f63d,6,697,True,19522,19210,238.94186125957276
698,ab45bd45-f994-4bb9-a6d9-f947db68f63d,6,698,True,19554,19242,245.1383268918653
699,ab45bd45-f994-4bb9-a6d9-f947db68f63d,6,699,True,19580,19268,265.9258113941396
700,ab45bd45-f994-4bb9-a6d9-f947db68f63d,6,700,True,19612,19300,233.9258113941396
701,ab45bd45-f994-4bb9-a6d9-f947db68f63d,6,701,True,19640,19328,222.74062970297746
702,ab45bd45-f994-4bb9-a6d9-f947db68f63d,6,702,True,19681,19369,234.81494823861067
703,ab45bd45-f994-4bb9-a6d9-f947db68f63d,6,703,True,19701,19389,194.62558788479146
704,ab45bd45-f994-4bb9-a6d9-f947db68f63d,6,704,True,19728,19416,236.95079363378682
705,ab45bd45-f994-4bb9-a6d9-f947db68f63d,6,705,True,19748,19436,216.95079363378682
706,ab45bd45-f994-4bb9-a6d9-f947db68f63d,6,706,True,19769,19457,192.62222979451326
707,ab45bd45-f994-4bb9-a6d9-f947db68f63d,6,707,True,19801,19489,188.83190269325132
708,ab45bd45-f994-4bb9-a6d9-f947db68f63d,6,708,True,19827,19515,165.46452739719098
709,ab45bd45-f994-4bb9-a6d9-f947db68f63d,6,709,True,19854,19542,196.9655532645229
710,ab45bd45-f994-4bb9-a6d9-f947db68f63d,6,710,True,19887,19575,149.15876353460771
711,ab45bd45-f994-4bb9-a6d9-f947db68f63d,6,711,True,19918,19606,204.01969608982472
712,ab45bd45-f994-4bb9-a6d9-f947db68f63d,6,712,True,19942,19630,162.1056852415495
713,ab45bd45-f994-4bb9-a6d9-f947db68f63d,6,713,True,19969,19657,201.361637974951
714,ab45bd45-f994-4bb9-a6d9-f947db68f63d,6,714,True,19999,19687,131.62942821382603
715,ab45bd45-f994-4bb9-a6d9-f947db68f63d,6,715,True,20029,19717,177.42694289293286
716,ab45bd45-f994-4bb9-a6d9-f947db68f63d,6,716,True,20047,19735,170.88219535349344
717,ab45bd45-f994-4bb9-a6d9-f947db68f63d,6,717,True,20068,19756,156.70108543394963
718,ab45bd45-f994-4bb9-a6d9-f947db68f63d,6,718,True,20096,19784,198.18498315449324
719,ab45bd45-f994-4bb9-a6d9-f947db68f63d,6,719,True,20111,19799,156.97976648997792
720,ab45bd45-f994-4bb9-a6d9-f947db68f63d,6,720,True,20142,19830,204.8378173302117
721,ab45bd45-f994-4bb9-a6d9-f947db68f63d,6,721,True,20160,19848,158.20270137994885
722,ab45bd45-f994-4bb9-a6d9-f947db68f63d,6,722,True,20200,19888,236.69122503366452
723,ab45bd45-f994-4bb9-a6d9-f947db68f63d,6,723,True,20225,19913,208.744906396827
724,ab45bd45-f994-4bb9-a6d9-f947db68f63d,6,724,True,20250,19938,191.9576492719716
725,ab45bd45-f994-4bb9-a6d9-f947db68f63d,6,725,True,20280,19968,192.22449004999362
726,ab45bd45-f994-4bb9-a6d9-f947db68f63d,6,726,True,20302,19990,139.9576492719716
727,ab45bd45-f994-4bb9-a6d9-f947db68f63d,6,727,True,20332,20020,184.75254192619832
728,ab45bd45-f994-4bb9-a6d9-f947db68f63d,6,728,True,20356,20044,163.2495465844513
729,ab45bd45-f994-4bb9-a6d9-f947db68f63d,6,729,True,20380,20068,158.9249080195732
730,ab45bd45-f994-4bb9-a6d9-f947db68f63d,6,730,True,20410,20098,157.48536345647517
731,ab45bd45-f994-4bb9-a6d9-f947db68f63d,6,731,True,20433,20121,182.02560179433203
732,ab45bd45-f994-4bb9-a6d9-f947db68f63d,6,732,True,20463,20151,154.62673781471312
733,ab45bd45-f994-4bb9-a6d9-f947db68f63d,6,733,True,20493,20181,147.82096237587393
734,ab45bd45-f994-4bb9-a6d9-f947db68f63d,6,734,True,20526,20214,140.53978518828808
735,ab45bd45-f994-4bb9-a6d9-f947db68f63d,6,735,True,20555,20243,104.96028763828144
736,ab45bd45-f994-4bb9-a6d9-f947db68f63d,6,736,True,20588,20276,146.9815030511745
737,ab45bd45-f994-4bb9-a6d9-f947db68f63d,6,737,True,20609,20297,132.33917830341306
738,ab45bd45-f994-4bb9-a6d9-f947db68f63d,6,738,True,20646,20334,142.6072650355345
739,ab45bd45-f994-4bb9-a6d9-f947db68f63d,6,739,True,20672,20360,144.23014391318793
740,ab45bd45-f994-4bb9-a6d9-f947db68f63d,6,740,True,20699,20387,117.23014391318793
741,ab45bd45-f994-4bb9-a6d9-f947db68f63d,6,741,True,20738,20426,144.53249600853815
742,ab45bd45-f994-4bb9-a6d9-f947db68f63d,6,742,True,20758,20446,130.40814817695718
743,ab45bd45-f994-4bb9-a6d9-f947db68f63d,6,743,True,20793,20481,169.66870053260573
744,ab45bd45-f994-4bb9-a6d9-f947db68f63d,6,744,True,20817,20505,97.00328294639257
745,ab45bd45-f994-4bb9-a6d9-f947db68f63d,6,745,True,20851,20539,113.92821229299807
746,ab45bd45-f994-4bb9-a6d9-f947db68f63d,6,746,True,20888,20576,141.15247809866196
747,ab45bd45-f994-4bb9-a6d9-f947db68f63d,6,747,True,20920,20608,123.31243688958057
748,ab45bd45-f994-4bb9-a6d9-f947db68f63d,6,748,True,20954,20642,99.84520966608034
749,ab45bd45-f994-4bb9-a6d9-f947db68f63d,6,749,True,20986,20674,116.09535666987722
750,ab45bd45-f994-4bb9-a6d9-f947db68f63d,6,750,True,21008,20696,110.00053982822647
751,ab45bd45-f994-4bb9-a6d9-f947db68f63d,6,751,True,21023,20711,195.02524935246038
752,ab45bd45-f994-4bb9-a6d9-f947db68f63d,6,752,True,21044,20732,168.9165792311651
753,ab45bd45-f994-4bb9-a6d9-f947db68f63d,6,753,True,21077,20765,138.3096118800895
754,ab45bd45-f994-4bb9-a6d9-f947db68f63d,6,754,True,21105,20793,161.01732786161665
755,ab45bd45-f994-4bb9-a6d9-f947db68f63d,6,755,True,21137,20825,146.7078024762668
756,ab45bd45-f994-4bb9-a6d9-f947db68f63d,6,756,True,21166,20854,124.52881020923815
757,ab45bd45-f994-4bb9-a6d9-f947db68f63d,6,757,True,21190,20878,181.34411619325692
758,ab45bd45-f994-4bb9-a6d9-f947db68f63d,6,758,True,21220,20908,153.9890666647916
759,ab45bd45-f994-4bb9-a6d9-f947db68f63d,6,759,True,21242,20930,129.34411619325692
760,ab45bd45-f994-4bb9-a6d9-f947db68f63d,6,760,True,21262,20950,150.92414355979417
761,ab45bd45-f994-4bb9-a6d9-f947db68f63d,6,761,True,21295,20983,117.92414355979417
762,ab45bd45-f994-4bb9-a6d9-f947db68f63d,6,762,True,21324,21012,151.92670687317514
763,ab45bd45-f994-4bb9-a6d9-f947db68f63d,6,763,True,21354,21042,164.67125637135905
764,ab45bd45-f994-4bb9-a6d9-f947db68f63d,6,764,True,21379,21067,106.0399335462971
765,ab45bd45-f994-4bb9-a6d9-f947db68f63d,6,765,True,21408,21096,118.5031125707792
766,ab45bd45-f994-4bb9-a6d9-f947db68f63d,6,766,True,21440,21128,111.52299534811027
767,ab45bd45-f994-4bb9-a6d9-f947db68f63d,6,767,True,21472,21160,121.69446706918097
768,ab45bd45-f994-4bb9-a6d9-f947db68f63d,6,768,True,21513,21201,94.17007728786484
769,ab45bd45-f994-4bb9-a6d9-f947db68f63d,6,769,True,21538,21226,120.52659065288753
770,ab45bd45-f994-4bb9-a6d9-f947db68f63d,6,770,True,21563,21251,97.76929999081767
771,ab45bd45-f994-4bb9-a6d9-f947db68f63d,6,771,True,21590,21278,118.71082734917945
772,ab45bd45-f994-4bb9-a6d9-f947db68f63d,6,772,True,21625,21313,130.69023779878262
773,ab45bd45-f994-4bb9-a6d9-f947db68f63d,6,773,True,21651,21339,107.17189866431727
774,ab45bd45-f994-4bb9-a6d9-f947db68f63d,6,774,True,21682,21370,97.54908833704394
775,ab45bd45-f994-4bb9-a6d9-f947db68f63d,6,775,True,21712,21400,97.61923403098262
776,ab45bd45-f994-4bb9-a6d9-f947db68f63d,6,776,True,21745,21433,87.26158308002778
777,ab45bd45-f994-4bb9-a6d9-f947db68f63d,6,777,True,21774,21462,106.42532441898948
778,ab45bd45-f994-4bb9-a6d9-f947db68f63d,6,778,True,21804,21492,89.21971820225372
779,ab45bd45-f994-4bb9-a6d9-f947db68f63d,6,779,True,21833,21521,120.07578103430933
780,ab45bd45-f994-4bb9-a6d9-f947db68f63d,6,780,True,21862,21550,100.29816273172764
781,ab45bd45-f994-4bb9-a6d9-f947db68f63d,6,781,True,21893,21581,133.01686035245075
782,ab45bd45-f994-4bb9-a6d9-f947db68f63d,6,782,True,21917,21605,118.05364947779162
783,ab45bd45-f994-4bb9-a6d9-f947db68f63d,6,783,True,21945,21633,134.86585663818187
784,ab45bd45-f994-4bb9-a6d9-f947db68f63d,6,784,True,21962,21650,115.34534986503058
785,ab45bd45-f994-4bb9-a6d9-f947db68f63d,6,785,True,21995,21683,179.91711515690258
786,ab45bd45-f994-4bb9-a6d9-f947db68f63d,6,786,True,22028,21716,134.49283792747883
787,ab45bd45-f994-4bb9-a6d9-f947db68f63d,6,787,True,22055,21743,199.94158487326058
788,ab45bd45-f994-4bb9-a6d9-f947db68f63d,6,788,True,22080,21768,152.5516655019528
789,ab45bd45-f994-4bb9-a6d9-f947db68f63d,6,789,True,22099,21787,214.28078534815722
790,ab45bd45-f994-4bb9-a6d9-f947db68f63d,6,790,True,22128,21816,155.54667082636297
791,ab45bd45-f994-4bb9-a6d9-f947db68f63d,6,791,True,22158,21846,178.9721707320241
792,ab45bd45-f994-4bb9-a6d9-f947db68f63d,6,792,True,22188,21876,146.436022230846
793,ab45bd45-f994-4bb9-a6d9-f947db68f63d,6,793,True,22208,21896,152.64527282662675
794,ab45bd45-f994-4bb9-a6d9-f947db68f63d,6,794,True,22242,21930,120.79358646237233
795,ab45bd45-f994-4bb9-a6d9-f947db68f63d,6,795,True,22271,21959,143.24354250903343
796,ab45bd45-f994-4bb9-a6d9-f947db68f63d,6,796,True,22293,21981,118.62654380507229
797,ab45bd45-f994-4bb9-a6d9-f947db68f63d,6,797,True,22318,22006,184.53160223593295
798,ab45bd45-f994-4bb9-a6d9-f947db68f63d,6,798,True,22342,22030,184.91534363048413
799,ab45bd45-f994-4bb9-a6d9-f947db68f63d,6,799,True,22366,22054,152.3799290623174
800,ab45bd45-f994-4bb9-a6d9-f947db68f63d,6,800,True,22388,22076,181.3220795401976
801,ab45bd45-f994-4bb9-a6d9-f947db68f63d,6,801,True,22415,22103,165.80961358961576
802,ab45bd45-f994-4bb9-a6d9-f947db68f63d,6,802,True,22436,22124,207.06602926199412
803,ab45bd45-f994-4bb9-a6d9-f947db68f63d,6,803,True,22467,22155,173.67183834629395
804,ab45bd45-f994-4bb9-a6d9-f947db68f63d,6,804,False,22494,22182,339.01183546053653
805,ab45bd45-f994-4bb9-a6d9-f947db68f63d,6,805,True,22526,22214,291.7961615054737
806,ab45bd45-f994-4bb9-a6d9-f947db68f63d,6,806,True,22555,22243,259.7957922042842
807,ab45bd45-f994-4bb9-a6d9-f947db68f63d,6,807,False,22587,22275,343.8727542939341
808,ab45bd45-f994-4bb9-a6d9-f947db68f63d,6,808,True,22627,22315,293.5792085845642
809,ab45bd45-f994-4bb9-a6d9-f947db68f63d,6,809,True,22644,22332,289.4258778185467
810,ab45bd45-f994-4bb9-a6d9-f947db68f63d,6,810,True,22668,22356,252.57920858456419
811,ab45bd45-f994-4bb9-a6d9-f947db68f63d,6,811,True,22704,22392,278.4471339446354
812,ab45bd45-f994-4bb9-a6d9-f947db68f63d,6,812,True,22728,22416,250.99080713634976
813,ab45bd45-f994-4bb9-a6d9-f947db68f63d,6,813,True,22755,22443,233.25174061142025
814,ab45bd45-f994-4bb9-a6d9-f947db68f63d,6,814,True,22773,22461,282.9355441738917
815,ab45bd45-f994-4bb9-a6d9-f947db68f63d,6,815,True,22786,22474,304.9284724919271
816,ab45bd45-f994-4bb9-a6d9-f947db68f63d,6,816,True,22822,22510,219.56376040575924
817,ab45bd45-f994-4bb9-a6d9-f947db68f63d,6,817,True,22850,22538,250.34041321888435
818,ab45bd45-f994-4bb9-a6d9-f947db68f63d,6,818,True,22875,22563,249.66093734580136
819,ab45bd45-f994-4bb9-a6d9-f947db68f63d,6,819,True,22913,22601,236.41808047698578
820,ab45bd45-f994-4bb9-a6d9-f947db68f63d,6,820,True,22939,22627,229.24489615047787
821,ab45bd45-f994-4bb9-a6d9-f947db68f63d,6,821,True,22963,22651,186.41808047698578
822,ab45bd45-f994-4bb9-a6d9-f947db68f63d,6,822,True,22986,22674,251.53105084806157
823,ab45bd45-f994-4bb9-a6d9-f947db68f63d,6,823,True,23015,22703,181.43292282744005
824,ab45bd45-f994-4bb9-a6d9-f947db68f63d,6,824,True,23035,22723,205.598353734571
825,ab45bd45-f994-4bb9-a6d9-f947db68f63d,6,825,True,23058,22746,182.598353734571
826,ab45bd45-f994-4bb9-a6d9-f947db68f63d,6,826,True,23092,22780,192.9016081409536
827,ab45bd45-f994-4bb9-a6d9-f947db68f63d,6,827,True,23120,22808,191.54560484045942
828,ab45bd45-f994-4bb9-a6d9-f947db68f63d,6,828,True,23154,22842,182.45193492798717
829,ab45bd45-f994-4bb9-a6d9-f947db68f63d,6,829,True,23172,22860,188.04569443720175
830,ab45bd45-f994-4bb9-a6d9-f947db68f63d,6,830,True,23200,22888,223.17651336432755
831,ab45bd45-f994-4bb9-a6d9-f947db68f63d,6,831,True,23227,22915,156.17793557245022
832,ab45bd45-f994-4bb9-a6d9-f947db68f63d,6,832,True,23261,22949,208.13788875101818
833,ab45bd45-f994-4bb9-a6d9-f947db68f63d,6,833,True,23288,22976,164.73394412248308
834,ab45bd45-f994-4bb9-a6d9-f947db68f63d,6,834,True,23318,23006,174.5628478478211
835,ab45bd45-f994-4bb9-a6d9-f947db68f63d,6,835,True,23335,23023,170.55148826324148
836,ab45bd45-f994-4bb9-a6d9-f947db68f63d,6,836,True,23368,23056,165.76690763166334
837,ab45bd45-f994-4bb9-a6d9-f947db68f63d,6,837,True,23391,23079,152.39575053874796
838,ab45bd45-f994-4bb9-a6d9-f947db68f63d,6,838,True,23413,23101,172.60812489288946
839,ab45bd45-f994-4bb9-a6d9-f947db68f63d,6,839,True,23445,23133,124.05525719376965
840,ab45bd45-f994-4bb9-a6d9-f947db68f63d,6,840,True,23468,23156,176.53171951557306
841,ab45bd45-f994-4bb9-a6d9-f947db68f63d,6,841,True,23491,23179,132.90782093902817
842,ab45bd45-f994-4bb9-a6d9-f947db68f63d,6,842,True,23518,23206,152.18512011934217
843,ab45bd45-f994-4bb9-a6d9-f947db68f63d,6,843,True,23546,23234,126.87723017569442
844,ab45bd45-f994-4bb9-a6d9-f947db68f63d,6,844,True,23566,23254,153.94325677504094
845,ab45bd45-f994-4bb9-a6d9-f947db68f63d,6,845,True,23599,23287,174.89694457436417
846,ab45bd45-f994-4bb9-a6d9-f947db68f63d,6,846,True,23622,23310,146.98295701923416
847,ab45bd45-f994-4bb9-a6d9-f947db68f63d,6,847,True,23646,23334,125.50391390305595
848,ab45bd45-f994-4bb9-a6d9-f947db68f63d,6,848,True,23675,23363,218.1917217382288
849,ab45bd45-f994-4bb9-a6d9-f947db68f63d,6,849,True,23708,23396,189.30083026869397
850,ab45bd45-f994-4bb9-a6d9-f947db68f63d,6,850,True,23745,23433,199.06095793404893
851,ab45bd45-f994-4bb9-a6d9-f947db68f63d,6,851,True,23767,23455,182.5183819575941
852,ab45bd45-f994-4bb9-a6d9-f947db68f63d,6,852,True,23800,23488,188.63247666283496
853,ab45bd45-f994-4bb9-a6d9-f947db68f63d,6,853,True,23821,23509,182.81912271532929
854,ab45bd45-f994-4bb9-a6d9-f947db68f63d,6,854,True,23851,23539,190.0485651577692
855,ab45bd45-f994-4bb9-a6d9-f947db68f63d,6,855,True,23878,23566,195.06355330154838
856,ab45bd45-f994-4bb9-a6d9-f947db68f63d,6,856,True,23911,23599,154.32342303477708
857,ab45bd45-f994-4bb9-a6d9-f947db68f63d,6,857,True,23941,23629,154.83505280356258
858,ab45bd45-f994-4bb9-a6d9-f947db68f63d,6,858,True,23976,23664,145.352316123528
859,ab45bd45-f994-4bb9-a6d9-f947db68f63d,6,859,True,23998,23686,179.17261975845395
860,ab45bd45-f994-4bb9-a6d9-f947db68f63d,6,860,True,24027,23715,171.41347827886784
861,ab45bd45-f994-4bb9-a6d9-f947db68f63d,6,861,True,24046,23734,181.71292478820033
862,ab45bd45-f994-4bb9-a6d9-f947db68f63d,6,862,True,24079,23767,169.89358997381714
863,ab45bd45-f994-4bb9-a6d9-f947db68f63d,6,863,True,24110,23798,170.7976629678451
864,ab45bd45-f994-4bb9-a6d9-f947db68f63d,6,864,True,24137,23825,165.10135102422282
865,ab45bd45-f994-4bb9-a6d9-f947db68f63d,6,865,True,24164,23852,129.82391638213448
866,ab45bd45-f994-4bb9-a6d9-f947db68f63d,6,866,True,24192,23880,160.17072004138026
867,ab45bd45-f994-4bb9-a6d9-f947db68f63d,6,867,True,24217,23905,167.93058049986212
868,ab45bd45-f994-4bb9-a6d9-f947db68f63d,6,868,True,24248,23936,177.92095893279838
869,ab45bd45-f994-4bb9-a6d9-f947db68f63d,6,869,True,24268,23956,138.94975889482885
870,ab45bd45-f994-4bb9-a6d9-f947db68f63d,6,870,True,24289,23977,208.5329478040876
871,ab45bd45-f994-4bb9-a6d9-f947db68f63d,6,871,True,24316,24004,166.5287139622087
872,ab45bd45-f994-4bb9-a6d9-f947db68f63d,6,872,True,24346,24034,202.9238929436906
873,ab45bd45-f994-4bb9-a6d9-f947db68f63d,6,873,True,24371,24059,138.634814003035
874,ab45bd45-f994-4bb9-a6d9-f947db68f63d,6,874,True,24401,24089,161.75702131728758
875,ab45bd45-f994-4bb9-a6d9-f947db68f63d,6,875,True,24432,24120,185.6413420380777
876,ab45bd45-f994-4bb9-a6d9-f947db68f63d,6,876,True,24463,24151,115.93948503645515
877,ab45bd45-f994-4bb9-a6d9-f947db68f63d,6,877,True,24485,24173,182.70053008368632
878,ab45bd45-f994-4bb9-a6d9-f947db68f63d,6,878,True,24508,24196,127.56227810141718
879,ab45bd45-f994-4bb9-a6d9-f947db68f63d,6,879,True,24532,24220,118.05452878535289
880,ab45bd45-f994-4bb9-a6d9-f947db68f63d,6,880,True,24563,24251,95.73187348168722
881,ab45bd45-f994-4bb9-a6d9-f947db68f63d,6,881,True,24588,24276,130.91782416531714
882,ab45bd45-f994-4bb9-a6d9-f947db68f63d,6,882,True,24621,24309,150.39753050400031
883,ab45bd45-f994-4bb9-a6d9-f947db68f63d,6,883,True,24645,24333,123.00987743564474
884,ab45bd45-f994-4bb9-a6d9-f947db68f63d,6,884,True,24675,24363,122.7862234920467
885,ab45bd45-f994-4bb9-a6d9-f947db68f63d,6,885,True,24695,24383,122.09334814813701
886,ab45bd45-f994-4bb9-a6d9-f947db68f63d,6,886,True,24722,24410,106.61381470518972
887,ab45bd45-f994-4bb9-a6d9-f947db68f63d,6,887,True,24750,24438,135.96783667171985
888,ab45bd45-f994-4bb9-a6d9-f947db68f63d,6,888,True,24776,24464,137.97190209152905
889,ab45bd45-f994-4bb9-a6d9-f947db68f63d,6,889,True,24800,24488,123.87689002017578
890,ab45bd45-f994-4bb9-a6d9-f947db68f63d,6,890,True,24832,24520,107.94537565124483
891,ab45bd45-f994-4bb9-a6d9-f947db68f63d,6,891,True,24863,24551,109.5616755784431
892,ab45bd45-f994-4bb9-a6d9-f947db68f63d,6,892,True,24897,24585,102.3935887652624
893,ab45bd45-f994-4bb9-a6d9-f947db68f63d,6,893,True,24932,24620,138.00156853495355
894,ab45bd45-f994-4bb9-a6d9-f947db68f63d,6,894,True,24963,24651,104.65623904305903
895,ab45bd45-f994-4bb9-a6d9-f947db68f63d,6,895,True,24982,24670,112.30918194045807
896,ab45bd45-f994-4bb9-a6d9-f947db68f63d,6,896,True,25006,24694,139.49701542836192
897,ab45bd45-f994-4bb9-a6d9-f947db68f63d,6,897,True,25030,24718,120.69281595059147
898,ab45bd45-f994-4bb9-a6d9-f947db68f63d,6,898,True,25062,24750,116.8482081438051
899,ab45bd45-f994-4bb9-a6d9-f947db68f63d,6,899,True,25092,24780,117.28641644841264
900,ab45bd45-f994-4bb9-a6d9-f947db68f63d,6,900,True,25127,24815,125.58003690738042
901,ab45bd45-f994-4bb9-a6d9-f947db68f63d,6,901,True,25146,24834,97.10804521455793
902,ab45bd45-f994-4bb9-a6d9-f947db68f63d,6,902,True,25179,24867,102.07013114242363
903,ab45bd45-f994-4bb9-a6d9-f947db68f63d,6,903,True,25213,24901,96.19727431918363
904,ab45bd45-f994-4bb9-a6d9-f947db68f63d,6,904,True,25242,24930,101.46508359200743
905,ab45bd45-f994-4bb9-a6d9-f947db68f63d,6,905,True,25272,24960,91.59495674459322
906,ab45bd45-f994-4bb9-a6d9-f947db68f63d,6,906,True,25307,24995,99.13480446106041
907,ab45bd45-f994-4bb9-a6d9-f947db68f63d,6,907,True,25335,25023,127.46718580450397
908,ab45bd45-f994-4bb9-a6d9-f947db68f63d,6,908,True,25360,25048,113.80399641258555
909,ab45bd45-f994-4bb9-a6d9-f947db68f63d,6,909,True,25392,25080,107.35864169153137
910,ab45bd45-f994-4bb9-a6d9-f947db68f63d,6,910,True,25427,25115,86.0964340262035
911,ab45bd45-f994-4bb9-a6d9-f947db68f63d,6,911,True,25456,25144,164.20052806786043
912,ab45bd45-f994-4bb9-a6d9-f947db68f63d,6,912,True,25485,25173,121.98383806297716
913,ab45bd45-f994-4bb9-a6d9-f947db68f63d,6,913,True,25508,25196,133.51365276566503
914,ab45bd45-f994-4bb9-a6d9-f947db68f63d,6,914,True,25528,25216,116.78248324088418
915,ab45bd45-f994-4bb9-a6d9-f947db68f63d,6,915,True,25556,25244,138.28296477781987
916,ab45bd45-f994-4bb9-a6d9-f947db68f63d,6,916,True,25596,25284,145.6095634712874
917,ab45bd45-f994-4bb9-a6d9-f947db68f63d,6,917,True,25628,25316,117.3807672004732
918,ab45bd45-f994-4bb9-a6d9-f947db68f63d,6,918,True,25658,25346,115.28494240975124
919,ab45bd45-f994-4bb9-a6d9-f947db68f63d,6,919,True,25682,25370,108.74872018751194
920,ab45bd45-f994-4bb9-a6d9-f947db68f63d,6,920,True,25709,25397,89.55900591237514
921,ab45bd45-f994-4bb9-a6d9-f947db68f63d,6,921,True,25730,25418,109.15005862301041
922,ab45bd45-f994-4bb9-a6d9-f947db68f63d,6,922,True,25774,25462,100.44722197889132
923,ab45bd45-f994-4bb9-a6d9-f947db68f63d,6,923,True,25801,25489,159.42199528555284
924,ab45bd45-f994-4bb9-a6d9-f947db68f63d,6,924,True,25830,25518,132.95502255523024
925,ab45bd45-f994-4bb9-a6d9-f947db68f63d,6,925,True,25853,25541,137.27756547663012
926,ab45bd45-f994-4bb9-a6d9-f947db68f63d,6,926,True,25876,25564,111.55422946678664
927,ab45bd45-f994-4bb9-a6d9-f947db68f63d,6,927,True,25896,25584,208.86059278992252
928,ab45bd45-f994-4bb9-a6d9-f947db68f63d,6,928,True,25929,25617,178.13225813637473
929,ab45bd45-f994-4bb9-a6d9-f947db68f63d,6,929,True,25957,25645,173.44572709597196
930,ab45bd45-f994-4bb9-a6d9-f947db68f63d,6,930,True,25995,25683,163.38138368995715
931,ab45bd45-f994-4bb9-a6d9-f947db68f63d,6,931,True,26014,25702,144.38138368995715
932,ab45bd45-f994-4bb9-a6d9-f947db68f63d,6,932,True,26034,25722,171.3697196145331
933,ab45bd45-f994-4bb9-a6d9-f947db68f63d,6,933,True,26062,25750,166.86064792734032
934,ab45bd45-f994-4bb9-a6d9-f947db68f63d,6,934,True,26090,25778,165.4737149901157
935,ab45bd45-f994-4bb9-a6d9-f947db68f63d,6,935,True,26114,25802,169.72632448953664
936,ab45bd45-f994-4bb9-a6d9-f947db68f63d,6,936,True,26140,25828,191.22936710883732
937,ab45bd45-f994-4bb9-a6d9-f947db68f63d,6,937,True,26176,25864,163.94409597772028
938,ab45bd45-f994-4bb9-a6d9-f947db68f63d,6,938,True,26205,25893,153.6958667179133
939,ab45bd45-f994-4bb9-a6d9-f947db68f63d,6,939,True,26238,25926,116.09431725386094
940,ab45bd45-f994-4bb9-a6d9-f947db68f63d,6,940,True,26268,25956,139.75970975810196
941,ab45bd45-f994-4bb9-a6d9-f947db68f63d,6,941,True,26292,25980,120.98268432653276
942,ab45bd45-f994-4bb9-a6d9-f947db68f63d,6,942,True,26321,26009,114.72156696342063
943,ab45bd45-f994-4bb9-a6d9-f947db68f63d,6,943,True,26341,26029,167.80306699307766
944,ab45bd45-f994-4bb9-a6d9-f947db68f63d,6,944,True,26368,26056,125.98525493799752
945,ab45bd45-f994-4bb9-a6d9-f947db68f63d,6,945,True,26388,26076,185.52653820066917
946,ab45bd45-f994-4bb9-a6d9-f947db68f63d,6,946,True,26420,26108,150.92268878419782
947,ab45bd45-f994-4bb9-a6d9-f947db68f63d,6,947,True,26439,26127,138.41996753856074
948,ab45bd45-f994-4bb9-a6d9-f947db68f63d,6,948,True,26477,26165,145.64014262463752
949,ab45bd45-f994-4bb9-a6d9-f947db68f63d,6,949,True,26508,26196,163.1075557073891
950,ab45bd45-f994-4bb9-a6d9-f947db68f63d,6,950,True,26537,26225,136.9725225623697
951,ab45bd45-f994-4bb9-a6d9-f947db68f63d,6,951,True,26566,26254,115.90615705014352
952,ab45bd45-f994-4bb9-a6d9-f947db68f63d,6,952,True,26597,26285,154.69641751319796
953,ab45bd45-f994-4bb9-a6d9-f947db68f63d,6,953,True,26633,26321,195.03355138237384
954,ab45bd45-f994-4bb9-a6d9-f947db68f63d,6,954,True,26661,26349,169.47073981167705
955,ab45bd45-f994-4bb9-a6d9-f947db68f63d,6,955,True,26685,26373,163.76237804409175
956,ab45bd45-f994-4bb9-a6d9-f947db68f63d,6,956,True,26714,26402,192.74077774714897
957,ab45bd45-f994-4bb9-a6d9-f947db68f63d,6,957,True,26735,26423,119.68561978867729
958,ab45bd45-f994-4bb9-a6d9-f947db68f63d,6,958,True,26760,26448,150.7108886199785
959,ab45bd45-f994-4bb9-a6d9-f947db68f63d,6,959,True,26790,26478,133.53338364670344
960,ab45bd45-f994-4bb9-a6d9-f947db68f63d,6,960,True,26821,26509,179.4708030249858
961,ab45bd45-f994-4bb9-a6d9-f947db68f63d,6,961,True,26851,26539,125.41131097703692
962,ab45bd45-f994-4bb9-a6d9-f947db68f63d,6,962,True,26876,26564,148.4905585441811
963,ab45bd45-f994-4bb9-a6d9-f947db68f63d,6,963,True,26903,26591,189.5866206043611
964,ab45bd45-f994-4bb9-a6d9-f947db68f63d,6,964,True,26940,26628,133.4893343664844
965,ab45bd45-f994-4bb9-a6d9-f947db68f63d,6,965,True,26965,26653,170.52876447539165
966,ab45bd45-f994-4bb9-a6d9-f947db68f63d,6,966,True,26991,26679,132.5383808903025
967,ab45bd45-f994-4bb9-a6d9-f947db68f63d,6,967,True,27022,26710,139.9464154592606
968,ab45bd45-f994-4bb9-a6d9-f947db68f63d,6,968,True,27048,26736,128.75813479919452
969,ab45bd45-f994-4bb9-a6d9-f947db68f63d,6,969,True,27075,26763,145.05565482312886
970,ab45bd45-f994-4bb9-a6d9-f947db68f63d,6,970,True,27110,26798,151.46233643615778
971,ab45bd45-f994-4bb9-a6d9-f947db68f63d,6,971,True,27131,26819,152.58457640434062
972,ab45bd45-f994-4bb9-a6d9-f947db68f63d,6,972,True,27161,26849,124.75983530380472
973,ab45bd45-f994-4bb9-a6d9-f947db68f63d,6,973,True,27186,26874,149.6149071517757
974,ab45bd45-f994-4bb9-a6d9-f947db68f63d,6,974,True,27212,26900,125.93285907266909
975,ab45bd45-f994-4bb9-a6d9-f947db68f63d,6,975,True,27243,26931,166.50785024589277
976,ab45bd45-f994-4bb9-a6d9-f947db68f63d,6,976,True,27269,26957,143.02949656903002
977,ab45bd45-f994-4bb9-a6d9-f947db68f63d,6,977,True,27300,26988,134.39567431115938
978,ab45bd45-f994-4bb9-a6d9-f947db68f63d,6,978,True,27327,27015,175.01681885444123
979,ab45bd45-f994-4bb9-a6d9-f947db68f63d,6,979,True,27353,27041,132.19877705235922
980,ab45bd45-f994-4bb9-a6d9-f947db68f63d,6,980,True,27375,27063,240.16468621030435
981,ab45bd45-f994-4bb9-a6d9-f947db68f63d,6,981,True,27407,27095,211.81656163097068
982,ab45bd45-f994-4bb9-a6d9-f947db68f63d,6,982,True,27432,27120,160.0662200104489
983,ab45bd45-f994-4bb9-a6d9-f947db68f63d,6,983,True,27461,27149,154.16468621030435
984,ab45bd45-f994-4bb9-a6d9-f947db68f63d,6,984,True,27502,27190,136.36088546534302
985,ab45bd45-f994-4bb9-a6d9-f947db68f63d,6,985,True,27528,27216,158.9273331147051
986,ab45bd45-f994-4bb9-a6d9-f947db68f63d,6,986,True,27556,27244,136.6041601966499
987,ab45bd45-f994-4bb9-a6d9-f947db68f63d,6,987,True,27585,27273,169.7682942710926
988,ab45bd45-f994-4bb9-a6d9-f947db68f63d,6,988,True,27612,27300,140.4576379256032
989,ab45bd45-f994-4bb9-a6d9-f947db68f63d,6,989,True,27636,27324,203.7396742356541
990,ab45bd45-f994-4bb9-a6d9-f947db68f63d,6,990,True,27653,27341,146.16575837094933
991,ab45bd45-f994-4bb9-a6d9-f947db68f63d,6,991,True,27682,27370,119.48996757331042
992,ab45bd45-f994-4bb9-a6d9-f947db68f63d,6,992,True,27711,27399,214.80733538210552
993,ab45bd45-f994-4bb9-a6d9-f947db68f63d,6,993,True,27738,27426,183.47738980985014
994,ab45bd45-f994-4bb9-a6d9-f947db68f63d,6,994,True,27766,27454,245.9509690591076
995,ab45bd45-f994-4bb9-a6d9-f947db68f63d,6,995,True,27796,27484,212.93961651467544
996,ab45bd45-f994-4bb9-a6d9-f947db68f63d,6,996,True,27826,27514,185.9509690591076
997,ab45bd45-f994-4bb9-a6d9-f947db68f63d,6,997,True,27852,27540,191.6595304552975
998,ab45bd45-f994-4bb9-a6d9-f947db68f63d,6,998,True,27879,27567,180.87717021174103
999,ab45bd45-f994-4bb9-a6d9-f947db68f63d,6,999,True,27915,27603,204.80182884657188
1000,1e4be97a-ff75-4018-bd1b-6de790f25d23,9,1000,True,380,28,77.32110337772636
1001,1e4be97a-ff75-4018-bd1b-6de790f25d23,9,1001,True,401,49,88.07119263729302
1002,1e4be97a-ff75-4018-bd1b-6de790f25d23,9,1002,True,422,70,93.17648712447877
1003,1e4be97a-ff75-4018-bd1b-6de790f25d23,9,1003,True,446,94,88.61427734484465
1004,1e4be97a-ff75-4018-bd1b-6de790f25d23,9,1004,True,485,133,84.66217258352435
1005,1e4be97a-ff75-4018-bd1b-6de790f25d23,9,1005,True,512,160,89.5432045854925
1006,1e4be97a-ff75-4018-bd1b-6de790f25d23,9,1006,True,541,189,103.61590510277478
1007,1e4be97a-ff75-4018-bd1b-6de790f25d23,9,1007,True,565,213,99.89804540891305
1008,1e4be97a-ff75-4018-bd1b-6de790f25d23,9,1008,True,597,245,142.62862678736695
1009,1e4be97a-ff75-4018-bd1b-6de790f25d23,9,1009,True,625,273,115.14151465078726
1010,1e4be97a-ff75-4018-bd1b-6de790f25d23,9,1010,True,654,302,97.23036364719752
1011,1e4be97a-ff75-4018-bd1b-6de790f25d23,9,1011,True,677,325,126.10010708929224
1012,1e4be97a-ff75-4018-bd1b-6de790f25d23,9,1012,True,711,359,107.02300146567751
1013,1e4be97a-ff75-4018-bd1b-6de790f25d23,9,1013,True,738,386,134.6895710345898
1014,1e4be97a-ff75-4018-bd1b-6de790f25d23,9,1014,True,769,417,108.15117688166004
1015,1e4be97a-ff75-4018-bd1b-6de790f25d23,9,1015,True,800,448,128.00697811259306
1016,1e4be97a-ff75-4018-bd1b-6de790f25d23,9,1016,True,824,472,128.91433407317334
1017,1e4be97a-ff75-4018-bd1b-6de790f25d23,9,1017,True,857,505,121.82580607476098
1018,1e4be97a-ff75-4018-bd1b-6de790f25d23,9,1018,True,888,536,139.51287080037275
1019,1e4be97a-ff75-4018-bd1b-6de790f25d23,9,1019,True,912,560,126.21732646787791
1020,1e4be97a-ff75-4018-bd1b-6de790f25d23,9,1020,True,944,592,108.85544450046518
1021,1e4be97a-ff75-4018-bd1b-6de790f25d23,9,1021,True,976,624,147.78989385009038
1022,1e4be97a-ff75-4018-bd1b-6de790f25d23,9,1022,True,1006,654,177.4740744823381
1023,1e4be97a-ff75-4018-bd1b-6de790f25d23,9,1023,True,1040,688,141.52042831633605
1024,1e4be97a-ff75-4018-bd1b-6de790f25d23,9,1024,True,1059,707,144.10044324135526
1025,1e4be97a-ff75-4018-bd1b-6de790f25d23,9,1025,True,1077,725,146.52439679190093
1026,1e4be97a-ff75-4018-bd1b-6de790f25d23,9,1026,True,1103,751,187.58065934191734
1027,1e4be97a-ff75-4018-bd1b-6de790f25d23,9,1027,True,1128,776,152.8226641692396
1028,1e4be97a-ff75-4018-bd1b-6de790f25d23,9,1028,True,1156,804,158.05789150692692
1029,1e4be97a-ff75-4018-bd1b-6de790f25d23,9,1029,True,1174,822,177.2832598487356
1030,1e4be97a-ff75-4018-bd1b-6de790f25d23,9,1030,True,1207,855,167.9289015916022
1031,1e4be97a-ff75-4018-bd1b-6de790f25d23,9,1031,True,1223,871,131.12790875477776
1032,1e4be97a-ff75-4018-bd1b-6de790f25d23,9,1032,True,1249,897,151.7113596602187
1033,1e4be97a-ff75-4018-bd1b-6de790f25d23,9,1033,True,1272,920,136.48145688803402
1034,1e4be97a-ff75-4018-bd1b-6de790f25d23,9,1034,True,1298,946,158.03482747939074
1035,1e4be97a-ff75-4018-bd1b-6de790f25d23,9,1035,True,1323,971,156.17059657930804
1036,1e4be97a-ff75-4018-bd1b-6de790f25d23,9,1036,True,1346,994,150.65865119724344
1037,1e4be97a-ff75-4018-bd1b-6de790f25d23,9,1037,True,1371,1019,196.5917745787997
1038,1e4be97a-ff75-4018-bd1b-6de790f25d23,9,1038,True,1392,1040,146.60182629013548
1039,1e4be97a-ff75-4018-bd1b-6de790f25d23,9,1039,True,1420,1068,114.48540807850895
1040,1e4be97a-ff75-4018-bd1b-6de790f25d23,9,1040,True,1449,1097,202.3107586345916
1041,1e4be97a-ff75-4018-bd1b-6de790f25d23,9,1041,True,1467,1115,159.2937929245445
1042,1e4be97a-ff75-4018-bd1b-6de790f25d23,9,1042,True,1490,1138,139.57583576192542
1043,1e4be97a-ff75-4018-bd1b-6de790f25d23,9,1043,True,1523,1171,156.45202508870284
1044,1e4be97a-ff75-4018-bd1b-6de790f25d23,9,1044,True,1552,1200,146.57895085597374
1045,1e4be97a-ff75-4018-bd1b-6de790f25d23,9,1045,True,1573,1221,154.61163986919905
1046,1e4be97a-ff75-4018-bd1b-6de790f25d23,9,1046,True,1597,1245,150.5081401319028
1047,1e4be97a-ff75-4018-bd1b-6de790f25d23,9,1047,True,1621,1269,151.91890130461275
1048,1e4be97a-ff75-4018-bd1b-6de790f25d23,9,1048,True,1651,1299,124.07986004645909
1049,1e4be97a-ff75-4018-bd1b-6de790f25d23,9,1049,True,1683,1331,165.27125141600072
1050,1e4be97a-ff75-4018-bd1b-6de790f25d23,9,1050,True,1699,1347,128.5280224462258
1051,1e4be97a-ff75-4018-bd1b-6de790f25d23,9,1051,True,1730,1378,148.41645425948036
1052,1e4be97a-ff75-4018-bd1b-6de790f25d23,9,1052,True,1764,1412,118.46307053904275
1053,1e4be97a-ff75-4018-bd1b-6de790f25d23,9,1053,True,1787,1435,145.40552040512762
1054,1e4be97a-ff75-4018-bd1b-6de790f25d23,9,1054,True,1812,1460,122.03515194554143
1055,1e4be97a-ff75-4018-bd1b-6de790f25d23,9,1055,True,1837,1485,144.7722208109983
1056,1e4be97a-ff75-4018-bd1b-6de790f25d23,9,1056,True,1871,1519,113.21111704237455
1057,1e4be97a-ff75-4018-bd1b-6de790f25d23,9,1057,True,1898,1546,149.88104874653982
1058,1e4be97a-ff75-4018-bd1b-6de790f25d23,9,1058,True,1924,1572,137.0112801589171
1059,1e4be97a-ff75-4018-bd1b-6de790f25d23,9,1059,True,1943,1591,230.65693189652984
1060,1e4be97a-ff75-4018-bd1b-6de790f25d23,9,1060,True,1971,1619,177.87251860912147
1061,1e4be97a-ff75-4018-bd1b-6de790f25d23,9,1061,True,2001,1649,252.3465466779287
1062,1e4be97a-ff75-4018-bd1b-6de790f25d23,9,1062,True,2032,1680,221.3465466779287
1063,1e4be97a-ff75-4018-bd1b-6de790f25d23,9,1063,True,2056,1704,285.8226117380659
1064,1e4be97a-ff75-4018-bd1b-6de790f25d23,9,1064,True,2088,1736,258.6604250826033
1065,1e4be97a-ff75-4018-bd1b-6de790f25d23,9,1065,True,2104,1752,236.14947775624273
1066,1e4be97a-ff75-4018-bd1b-6de790f25d23,9,1066,True,2144,1792,202.6604250826033
1067,1e4be97a-ff75-4018-bd1b-6de790f25d23,9,1067,True,2171,1819,242.0116406373645
1068,1e4be97a-ff75-4018-bd1b-6de790f25d23,9,1068,True,2194,1842,212.49303880854586
1069,1e4be97a-ff75-4018-bd1b-6de790f25d23,9,1069,True,2220,1868,193.0116406373645
1070,1e4be97a-ff75-4018-bd1b-6de790f25d23,9,1070,True,2252,1900,161.0116406373645
1071,1e4be97a-ff75-4018-bd1b-6de790f25d23,9,1071,True,2275,1923,200.34868085905964
1072,1e4be97a-ff75-4018-bd1b-6de790f25d23,9,1072,True,2302,1950,158.87582902702889
1073,1e4be97a-ff75-4018-bd1b-6de790f25d23,9,1073,True,2325,1973,182.05850695285244
1074,1e4be97a-ff75-4018-bd1b-6de790f25d23,9,1074,True,2354,2002,200.02534866347196
1075,1e4be97a-ff75-4018-bd1b-6de790f25d23,9,1075,True,2375,2023,149.24710112982575
1076,1e4be97a-ff75-4018-bd1b-6de790f25d23,9,1076,True,2407,2055,199.3445358374588
1077,1e4be97a-ff75-4018-bd1b-6de790f25d23,9,1077,True,2437,2085,141.63390970638147
1078,1e4be97a-ff75-4018-bd1b-6de790f25d23,9,1078,True,2468,2116,136.3426360994281
1079,1e4be97a-ff75-4018-bd1b-6de790f25d23,9,1079,True,2503,2151,154.40399212763123
1080,1e4be97a-ff75-4018-bd1b-6de790f25d23,9,1080,True,2529,2177,158.44660215217482
1081,1e4be97a-ff75-4018-bd1b-6de790f25d23,9,1081,True,2549,2197,138.44660215217482
1082,1e4be97a-ff75-4018-bd1b-6de790f25d23,9,1082,True,2573,2221,134.24507542437595
1083,1e4be97a-ff75-4018-bd1b-6de790f25d23,9,1083,True,2598,2246,132.89788653253527
1084,1e4be97a-ff75-4018-bd1b-6de790f25d23,9,1084,True,2619,2267,164.2980909058574
1085,1e4be97a-ff75-4018-bd1b-6de790f25d23,9,1085,True,2647,2295,144.60351012157707
1086,1e4be97a-ff75-4018-bd1b-6de790f25d23,9,1086,True,2675,2323,153.02931942397345
1087,1e4be97a-ff75-4018-bd1b-6de790f25d23,9,1087,True,2706,2354,136.95879381892382
1088,1e4be97a-ff75-4018-bd1b-6de790f25d23,9,1088,True,2738,2386,157.1911784896447
1089,1e4be97a-ff75-4018-bd1b-6de790f25d23,9,1089,True,2759,2407,145.56146316269906
1090,1e4be97a-ff75-4018-bd1b-6de790f25d23,9,1090,True,2791,2439,115.7499492539132
1091,1e4be97a-ff75-4018-bd1b-6de790f25d23,9,1091,True,2811,2459,123.46508531234485
1092,1e4be97a-ff75-4018-bd1b-6de790f25d23,9,1092,True,2843,2491,141.57141447861613
1093,1e4be97a-ff75-4018-bd1b-6de790f25d23,9,1093,True,2868,2516,128.13359219319364
1094,1e4be97a-ff75-4018-bd1b-6de790f25d23,9,1094,True,2902,2550,155.66780225196362
1095,1e4be97a-ff75-4018-bd1b-6de790f25d23,9,1095,True,2934,2582,141.148749119865
1096,1e4be97a-ff75-4018-bd1b-6de790f25d23,9,1096,True,2960,2608,167.13042791406588
1097,1e4be97a-ff75-4018-bd1b-6de790f25d23,9,1097,True,2978,2626,153.79262680282454
1098,1e4be97a-ff75-4018-bd1b-6de790f25d23,9,1098,True,3001,2649,121.46366101984768
1099,1e4be97a-ff75-4018-bd1b-6de790f25d23,9,1099,True,3033,2681,137.42343267336446
1100,1e4be97a-ff75-4018-bd1b-6de790f25d23,9,1100,True,3075,2723,154.60226562779098
1101,1e4be97a-ff75-4018-bd1b-6de790f25d23,9,1101,True,3101,2749,129.19969543181833
1102,1e4be97a-ff75-4018-bd1b-6de790f25d23,9,1102,True,3123,2771,168.67135196537265
1103,1e4be97a-ff75-4018-bd1b-6de790f25d23,9,1103,True,3153,2801,150.22859989832523
1104,1e4be97a-ff75-4018-bd1b-6de790f25d23,9,1104,True,3182,2830,162.69268396367806
1105,1e4be97a-ff75-4018-bd1b-6de790f25d23,9,1105,True,3215,2863,130.55205507060236
1106,1e4be97a-ff75-4018-bd1b-6de790f25d23,9,1106,True,3241,2889,179.64834832831002
1107,1e4be97a-ff75-4018-bd1b-6de790f25d23,9,1107,True,3265,2913,157.41225594816797
1108,1e4be97a-ff75-4018-bd1b-6de790f25d23,9,1108,True,3302,2950,143.65144282725532
1109,1e4be97a-ff75-4018-bd1b-6de790f25d23,9,1109,True,3329,2977,129.63195211543234
1110,1e4be97a-ff75-4018-bd1b-6de790f25d23,9,1110,True,3360,3008,135.11242392891518
1111,1e4be97a-ff75-4018-bd1b-6de790f25d23,9,1111,True,3381,3029,140.75131326757355
1112,1e4be97a-ff75-4018-bd1b-6de790f25d23,9,1112,True,3411,3059,162.96435189633075
1113,1e4be97a-ff75-4018-bd1b-6de790f25d23,9,1113,True,3439,3087,145.27997123586147
1114,1e4be97a-ff75-4018-bd1b-6de790f25d23,9,1114,True,3467,3115,175.21734426756802
1115,1e4be97a-ff75-4018-bd1b-6de790f25d23,9,1115,True,3485,3133,114.32193252308207
1116,1e4be97a-ff75-4018-bd1b-6de790f25d23,9,1116,True,3518,3166,122.73381117764347
1117,1e4be97a-ff75-4018-bd1b-6de790f25d23,9,1117,True,3546,3194,161.2787082582331
1118,1e4be97a-ff75-4018-bd1b-6de790f25d23,9,1118,True,3561,3209,158.59672019278105
1119,1e4be97a-ff75-4018-bd1b-6de790f25d23,9,1119,True,3588,3236,166.49216157375395
1120,1e4be97a-ff75-4018-bd1b-6de790f25d23,9,1120,True,3622,3270,144.70445208755382
1121,1e4be97a-ff75-4018-bd1b-6de790f25d23,9,1121,True,3663,3311,115.14802758476662
1122,1e4be97a-ff75-4018-bd1b-6de790f25d23,9,1122,True,3692,3340,142.49590567576342
1123,1e4be97a-ff75-4018-bd1b-6de790f25d23,9,1123,True,3719,3367,146.24654591942362
1124,1e4be97a-ff75-4018-bd1b-6de790f25d23,9,1124,True,3737,3385,152.0076692516127
1125,1e4be97a-ff75-4018-bd1b-6de790f25d23,9,1125,True,3769,3417,161.7031512719409
1126,1e4be97a-ff75-4018-bd1b-6de790f25d23,9,1126,True,3796,3444,140.31575391621982
1127,1e4be97a-ff75-4018-bd1b-6de790f25d23,9,1127,True,3820,3468,137.7488410091746
1128,1e4be97a-ff75-4018-bd1b-6de790f25d23,9,1128,True,3850,3498,126.09099344162269
1129,1e4be97a-ff75-4018-bd1b-6de790f25d23,9,1129,True,3879,3527,147.23464929134616
1130,1e4be97a-ff75-4018-bd1b-6de790f25d23,9,1130,True,3907,3555,154.8523442862438
1131,1e4be97a-ff75-4018-bd1b-6de790f25d23,9,1131,True,3944,3592,143.48577347083483
1132,1e4be97a-ff75-4018-bd1b-6de790f25d23,9,1132,True,3974,3622,200.9408330348483
1133,1e4be97a-ff75-4018-bd1b-6de790f25d23,9,1133,True,3999,3647,151.85006104579816
1134,1e4be97a-ff75-4018-bd1b-6de790f25d23,9,1134,True,4030,3678,185.32940316003896
1135,1e4be97a-ff75-4018-bd1b-6de790f25d23,9,1135,True,4057,3705,195.53206693099855
1136,1e4be97a-ff75-4018-bd1b-6de790f25d23,9,1136,True,4084,3732,200.46559318295158
1137,1e4be97a-ff75-4018-bd1b-6de790f25d23,9,1137,True,4104,3752,206.54791197208033
1138,1e4be97a-ff75-4018-bd1b-6de790f25d23,9,1138,True,4130,3778,192.019475915135
1139,1e4be97a-ff75-4018-bd1b-6de790f25d23,9,1139,True,4162,3810,196.82796191052057
1140,1e4be97a-ff75-4018-bd1b-6de790f25d23,9,1140,True,4188,3836,149.22676622022664
1141,1e4be97a-ff75-4018-bd1b-6de790f25d23,9,1141,True,4217,3865,167.16230333663862
1142,1e4be97a-ff75-4018-bd1b-6de790f25d23,9,1142,True,4250,3898,187.22892952059965
1143,1e4be97a-ff75-4018-bd1b-6de790f25d23,9,1143,True,4279,3927,133.45892411990735
1144,1e4be97a-ff75-4018-bd1b-6de790f25d23,9,1144,True,4309,3957,154.009268347525
1145,1e4be97a-ff75-4018-bd1b-6de790f25d23,9,1145,True,4329,3977,160.0007728063929
1146,1e4be97a-ff75-4018-bd1b-6de790f25d23,9,1146,True,4352,4000,163.5167596850879
1147,1e4be97a-ff75-4018-bd1b-6de790f25d23,9,1147,True,4387,4035,151.15313814669935
1148,1e4be97a-ff75-4018-bd1b-6de790f25d23,9,1148,True,4427,4075,108.3261209136981
1149,1e4be97a-ff75-4018-bd1b-6de790f25d23,9,1149,True,4454,4102,138.69824325870468
1150,1e4be97a-ff75-4018-bd1b-6de790f25d23,9,1150,True,4482,4130,130.55311826562684
1151,1e4be97a-ff75-4018-bd1b-6de790f25d23,9,1151,True,4506,4154,144.41175269747418
1152,1e4be97a-ff75-4018-bd1b-6de790f25d23,9,1152,True,4541,4189,121.83222408502843
1153,1e4be97a-ff75-4018-bd1b-6de790f25d23,9,1153,True,4573,4221,152.05092023965244
1154,1e4be97a-ff75-4018-bd1b-6de790f25d23,9,1154,True,4601,4249,128.59088000307383
1155,1e4be97a-ff75-4018-bd1b-6de790f25d23,9,1155,True,4630,4278,127.5121441881256
1156,1e4be97a-ff75-4018-bd1b-6de790f25d23,9,1156,True,4655,4303,162.30740221565065
1157,1e4be97a-ff75-4018-bd1b-6de790f25d23,9,1157,True,4678,4326,259.0289483870147
1158,1e4be97a-ff75-4018-bd1b-6de790f25d23,9,1158,True,4706,4354,206.70861247902667
1159,1e4be97a-ff75-4018-bd1b-6de790f25d23,9,1159,True,4731,4379,210.30980101510522
1160,1e4be97a-ff75-4018-bd1b-6de790f25d23,9,1160,True,4763,4411,244.82219658875601
1161,1e4be97a-ff75-4018-bd1b-6de790f25d23,9,1161,True,4791,4439,216.82219658875601
1162,1e4be97a-ff75-4018-bd1b-6de790f25d23,9,1162,True,4818,4466,254.19950305934435
1163,1e4be97a-ff75-4018-bd1b-6de790f25d23,9,1163,True,4839,4487,233.19950305934435
1164,1e4be97a-ff75-4018-bd1b-6de790f25d23,9,1164,True,4867,4515,234.066646106985
1165,1e4be97a-ff75-4018-bd1b-6de790f25d23,9,1165,True,4912,4560,213.8736757928973
1166,1e4be97a-ff75-4018-bd1b-6de790f25d23,9,1166,True,4937,4585,282.0246063252762
1167,1e4be97a-ff75-4018-bd1b-6de790f25d23,9,1167,True,4960,4608,258.3930669241581
1168,1e4be97a-ff75-4018-bd1b-6de790f25d23,9,1168,True,4983,4631,231.94174122921777
1169,1e4be97a-ff75-4018-bd1b-6de790f25d23,9,1169,True,5009,4657,279.93508020061654
1170,1e4be97a-ff75-4018-bd1b-6de790f25d23,9,1170,True,5034,4682,251.81067027844801
1171,1e4be97a-ff75-4018-bd1b-6de790f25d23,9,1171,True,5067,4715,197.45484544521696
1172,1e4be97a-ff75-4018-bd1b-6de790f25d23,9,1172,True,5093,4741,195.93508020061654
1173,1e4be97a-ff75-4018-bd1b-6de790f25d23,9,1173,True,5125,4773,240.55811801456457
1174,1e4be97a-ff75-4018-bd1b-6de790f25d23,9,1174,True,5154,4802,244.74024562277918
1175,1e4be97a-ff75-4018-bd1b-6de790f25d23,9,1175,True,5173,4821,184.69892492894814
1176,1e4be97a-ff75-4018-bd1b-6de790f25d23,9,1176,True,5204,4852,203.89549149853974
1177,1e4be97a-ff75-4018-bd1b-6de790f25d23,9,1177,True,5236,4884,212.39534555460705
1178,1e4be97a-ff75-4018-bd1b-6de790f25d23,9,1178,True,5276,4924,228.7518845674349
1179,1e4be97a-ff75-4018-bd1b-6de790f25d23,9,1179,True,5300,4948,216.19717915300407
1180,1e4be97a-ff75-4018-bd1b-6de790f25d23,9,1180,True,5324,4972,228.54799658436696
1181,1e4be97a-ff75-4018-bd1b-6de790f25d23,9,1181,True,5356,5004,209.25217109414643
1182,1e4be97a-ff75-4018-bd1b-6de790f25d23,9,1182,True,5384,5032,215.93067152182903
1183,1e4be97a-ff75-4018-bd1b-6de790f25d23,9,1183,True,5410,5058,199.2139277577162
1184,1e4be97a-ff75-4018-bd1b-6de790f25d23,9,1184,True,5444,5092,213.46401497697752
1185,1e4be97a-ff75-4018-bd1b-6de790f25d23,9,1185,True,5475,5123,176.74373284355988
1186,1e4be97a-ff75-4018-bd1b-6de790f25d23,9,1186,True,5512,5160,145.46401497697752
1187,1e4be97a-ff75-4018-bd1b-6de790f25d23,9,1187,True,5543,5191,162.45000372777304
1188,1e4be97a-ff75-4018-bd1b-6de790f25d23,9,1188,True,5567,5215,139.8774687293053
1189,1e4be97a-ff75-4018-bd1b-6de790f25d23,9,1189,True,5589,5237,142.5564571383493
1190,1e4be97a-ff75-4018-bd1b-6de790f25d23,9,1190,True,5623,5271,159.590713257895
1191,1e4be97a-ff75-4018-bd1b-6de790f25d23,9,1191,True,5654,5302,161.662838365668
1192,1e4be97a-ff75-4018-bd1b-6de790f25d23,9,1192,True,5693,5341,158.4769278791082
1193,1e4be97a-ff75-4018-bd1b-6de790f25d23,9,1193,True,5719,5367,140.3618831160611
1194,1e4be97a-ff75-4018-bd1b-6de790f25d23,9,1194,True,5752,5400,152.2027717972387
1195,1e4be97a-ff75-4018-bd1b-6de790f25d23,9,1195,True,5778,5426,132.10372100115273
1196,1e4be97a-ff75-4018-bd1b-6de790f25d23,9,1196,True,5812,5460,167.53881814621218
1197,1e4be97a-ff75-4018-bd1b-6de790f25d23,9,1197,True,5839,5487,123.76319328127647
1198,1e4be97a-ff75-4018-bd1b-6de790f25d23,9,1198,True,5870,5518,138.3827335182068
1199,1e4be97a-ff75-4018-bd1b-6de790f25d23,9,1199,True,5886,5534,129.42401726840671
1200,1e4be97a-ff75-4018-bd1b-6de790f25d23,9,1200,True,5917,5565,165.15642818594642
1201,1e4be97a-ff75-4018-bd1b-6de790f25d23,9,1201,True,5939,5587,130.3213267965766
1202,1e4be97a-ff75-4018-bd1b-6de790f25d23,9,1202,True,5968,5616,150.02476854028555
1203,1e4be97a-ff75-4018-bd1b-6de790f25d23,9,1203,True,5989,5637,142.58244427052432
1204,1e4be97a-ff75-4018-bd1b-6de790f25d23,9,1204,True,6011,5659,150.76989153570048
1205,1e4be97a-ff75-4018-bd1b-6de790f25d23,9,1205,True,6035,5683,151.21637885800465
1206,1e4be97a-ff75-4018-bd1b-6de790f25d23,9,1206,True,6065,5713,134.47568027254965
1207,1e4be97a-ff75-4018-bd1b-6de790f25d23,9,1207,True,6089,5737,152.94685651546843
1208,1e4be97a-ff75-4018-bd1b-6de790f25d23,9,1208,True,6118,5766,130.6011806440547
1209,1e4be97a-ff75-4018-bd1b-6de790f25d23,9,1209,True,6154,5802,107.05078773385321
1210,1e4be97a-ff75-4018-bd1b-6de790f25d23,9,1210,True,6185,5833,224.6451554896057
1211,1e4be97a-ff75-4018-bd1b-6de790f25d23,9,1211,True,6213,5861,130.94988371811996
1212,1e4be97a-ff75-4018-bd1b-6de790f25d23,9,1212,True,6238,5886,239.67157044224496
1213,1e4be97a-ff75-4018-bd1b-6de790f25d23,9,1213,True,6268,5916,203.4086618349911
1214,1e4be97a-ff75-4018-bd1b-6de790f25d23,9,1214,True,6300,5948,245.3245421964075
1215,1e4be97a-ff75-4018-bd1b-6de790f25d23,9,1215,True,6318,5966,203.17426944251656
1216,1e4be97a-ff75-4018-bd1b-6de790f25d23,9,1216,True,6342,5990,225.63834024887456
1217,1e4be97a-ff75-4018-bd1b-6de790f25d23,9,1217,True,6373,6021,183.6933234292801
1218,1e4be97a-ff75-4018-bd1b-6de790f25d23,9,1218,True,6390,6038,177.63834024887456
1219,1e4be97a-ff75-4018-bd1b-6de790f25d23,9,1219,True,6429,6077,166.80832449072113
1220,1e4be97a-ff75-4018-bd1b-6de790f25d23,9,1220,True,6459,6107,213.27946505666023
1221,1e4be97a-ff75-4018-bd1b-6de790f25d23,9,1221,True,6482,6130,161.4085816490433
1222,1e4be97a-ff75-4018-bd1b-6de790f25d23,9,1222,True,6514,6162,202.43562098063376
1223,1e4be97a-ff75-4018-bd1b-6de790f25d23,9,1223,True,6538,6186,151.3541970950082
1224,1e4be97a-ff75-4018-bd1b-6de790f25d23,9,1224,True,6556,6204,160.43562098063376
1225,1e4be97a-ff75-4018-bd1b-6de790f25d23,9,1225,True,6576,6224,208.77238584079987
1226,1e4be97a-ff75-4018-bd1b-6de790f25d23,9,1226,True,6608,6256,157.77177992616726
1227,1e4be97a-ff75-4018-bd1b-6de790f25d23,9,1227,True,6634,6282,244.72831174637304
1228,1e4be97a-ff75-4018-bd1b-6de790f25d23,9,1228,True,6660,6308,191.8055297950159
1229,1e4be97a-ff75-4018-bd1b-6de790f25d23,9,1229,True,6683,6331,258.9359307500499
1230,1e4be97a-ff75-4018-bd1b-6de790f25d23,9,1230,True,6707,6355,232.05748795480667
1231,1e4be97a-ff75-4018-bd1b-6de790f25d23,9,1231,True,6736,6384,254.5623218750543
1232,1e4be97a-ff75-4018-bd1b-6de790f25d23,9,1232,True,6760,6408,231.61120975330505
1233,1e4be97a-ff75-4018-bd1b-6de790f25d23,9,1233,True,6789,6437,294.4643911713365
1234,1e4be97a-ff75-4018-bd1b-6de790f25d23,9,1234,True,6819,6467,268.04449544381987
1235,1e4be97a-ff75-4018-bd1b-6de790f25d23,9,1235,True,6843,6491,244.04449544381987
1236,1e4be97a-ff75-4018-bd1b-6de790f25d23,9,1236,True,6874,6522,209.4643911713365
1237,1e4be97a-ff75-4018-bd1b-6de790f25d23,9,1237,True,6899,6547,209.60852397176677
1238,1e4be97a-ff75-4018-bd1b-6de790f25d23,9,1238,True,6928,6576,209.4115018196744
1239,1e4be97a-ff75-4018-bd1b-6de790f25d23,9,1239,True,6967,6615,218.20890830939334
1240,1e4be97a-ff75-4018-bd1b-6de790f25d23,9,1240,True,6990,6638,242.67272218029757
1241,1e4be97a-ff75-4018-bd1b-6de790f25d23,9,1241,True,7021,6669,218.0834249606396
1242,1e4be97a-ff75-4018-bd1b-6de790f25d23,9,1242,True,7047,6695,185.67272218029757
1243,1e4be97a-ff75-4018-bd1b-6de790f25d23,9,1243,True,7076,6724,213.40712061460908
1244,1e4be97a-ff75-4018-bd1b-6de790f25d23,9,1244,True,7103,6751,206.30521630511157
1245,1e4be97a-ff75-4018-bd1b-6de790f25d23,9,1245,True,7129,6777,220.86735196899008
1246,1e4be97a-ff75-4018-bd1b-6de790f25d23,9,1246,True,7151,6799,169.25787469354054
1247,1e4be97a-ff75-4018-bd1b-6de790f25d23,9,1247,True,7198,6846,199.60831858222627
1248,1e4be97a-ff75-4018-bd1b-6de790f25d23,9,1248,True,7217,6865,219.89679466274174
1249,1e4be97a-ff75-4018-bd1b-6de790f25d23,9,1249,True,7253,6901,195.7360984878951
1250,1e4be97a-ff75-4018-bd1b-6de790f25d23,9,1250,True,7277,6925,183.54726836139616
1251,1e4be97a-ff75-4018-bd1b-6de790f25d23,9,1251,True,7308,6956,190.7742365137501
1252,1e4be97a-ff75-4018-bd1b-6de790f25d23,9,1252,True,7337,6985,215.46297036184387
1253,1e4be97a-ff75-4018-bd1b-6de790f25d23,9,1253,True,7367,7015,229.8235338875984
1254,1e4be97a-ff75-4018-bd1b-6de790f25d23,9,1254,True,7398,7046,203.13821259790984
1255,1e4be97a-ff75-4018-bd1b-6de790f25d23,9,1255,True,7421,7069,166.62574791411498
1256,1e4be97a-ff75-4018-bd1b-6de790f25d23,9,1256,True,7453,7101,143.8235338875984
1257,1e4be97a-ff75-4018-bd1b-6de790f25d23,9,1257,True,7477,7125,162.30426140239706
1258,1e4be97a-ff75-4018-bd1b-6de790f25d23,9,1258,True,7501,7149,151.92224613258804
1259,1e4be97a-ff75-4018-bd1b-6de790f25d23,9,1259,True,7518,7166,158.79851174247415
1260,1e4be97a-ff75-4018-bd1b-6de790f25d23,9,1260,True,7550,7198,222.08373911327726
1261,1e4be97a-ff75-4018-bd1b-6de790f25d23,9,1261,True,7580,7228,158.79834937299802
1262,1e4be97a-ff75-4018-bd1b-6de790f25d23,9,1262,True,7618,7266,160.88620643438662
1263,1e4be97a-ff75-4018-bd1b-6de790f25d23,9,1263,True,7641,7289,151.28531403345278
1264,1e4be97a-ff75-4018-bd1b-6de790f25d23,9,1264,True,7673,7321,157.70233588539213
1265,1e4be97a-ff75-4018-bd1b-6de790f25d23,9,1265,True,7701,7349,151.1083822247374
1266,1e4be97a-ff75-4018-bd1b-6de790f25d23,9,1266,True,7727,7375,208.09953063691682
1267,1e4be97a-ff75-4018-bd1b-6de790f25d23,9,1267,True,7756,7404,157.19723325113864
1268,1e4be97a-ff75-4018-bd1b-6de790f25d23,9,1268,True,7780,7428,183.2925421918335
1269,1e4be97a-ff75-4018-bd1b-6de790f25d23,9,1269,True,7816,7464,171.34466437836727
1270,1e4be97a-ff75-4018-bd1b-6de790f25d23,9,1270,True,7849,7497,190.8787720644914
1271,1e4be97a-ff75-4018-bd1b-6de790f25d23,9,1271,True,7879,7527,160.8787720644914
1272,1e4be97a-ff75-4018-bd1b-6de790f25d23,9,1272,True,7910,7558,152.52684565378968
1273,1e4be97a-ff75-4018-bd1b-6de790f25d23,9,1273,True,7937,7585,154.5706045881616
1274,1e4be97a-ff75-4018-bd1b-6de790f25d23,9,1274,True,7975,7623,182.02568048767353
1275,1e4be97a-ff75-4018-bd1b-6de790f25d23,9,1275,True,8008,7656,129.80329068371884
1276,1e4be97a-ff75-4018-bd1b-6de790f25d23,9,1276,True,8035,7683,136.94115498507017
1277,1e4be97a-ff75-4018-bd1b-6de790f25d23,9,1277,True,8059,7707,140.19552104501054
1278,1e4be97a-ff75-4018-bd1b-6de790f25d23,9,1278,True,8076,7724,211.60301471728326
1279,1e4be97a-ff75-4018-bd1b-6de790f25d23,9,1279,True,8113,7761,152.74739628275984
1280,1e4be97a-ff75-4018-bd1b-6de790f25d23,9,1280,True,8145,7793,122.48458285977995
1281,1e4be97a-ff75-4018-bd1b-6de790f25d23,9,1281,True,8175,7823,143.0487576324358
1282,1e4be97a-ff75-4018-bd1b-6de790f25d23,9,1282,True,8197,7845,131.848560476712
1283,1e4be97a-ff75-4018-bd1b-6de790f25d23,9,1283,True,8215,7863,167.6851998163138
1284,1e4be97a-ff75-4018-bd1b-6de790f25d23,9,1284,True,8245,7893,146.5523509809991
1285,1e4be97a-ff75-4018-bd1b-6de790f25d23,9,1285,True,8278,7926,171.94885282168434
1286,1e4be97a-ff75-4018-bd1b-6de790f25d23,9,1286,True,8298,7946,154.3097157256998
1287,1e4be97a-ff75-4018-bd1b-6de790f25d23,9,1287,True,8323,7971,233.011888867557
1288,1e4be97a-ff75-4018-bd1b-6de790f25d23,9,1288,True,8351,7999,206.19024316427567
1289,1e4be97a-ff75-4018-bd1b-6de790f25d23,9,1289,True,8376,8024,221.01370165844673
1290,1e4be97a-ff75-4018-bd1b-6de790f25d23,9,1290,True,8401,8049,196.01370165844673
1291,1e4be97a-ff75-4018-bd1b-6de790f25d23,9,1291,True,8441,8089,240.560304657909
1292,1e4be97a-ff75-4018-bd1b-6de790f25d23,9,1292,True,8466,8114,164.84406217521973
1293,1e4be97a-ff75-4018-bd1b-6de790f25d23,9,1293,True,8504,8152,203.15823970148267
1294,1e4be97a-ff75-4018-bd1b-6de790f25d23,9,1294,True,8524,8172,158.7912584000096
1295,1e4be97a-ff75-4018-bd1b-6de790f25d23,9,1295,True,8553,8201,240.30088970563156
1296,1e4be97a-ff75-4018-bd1b-6de790f25d23,9,1296,True,8587,8235,207.4785882803626
1297,1e4be97a-ff75-4018-bd1b-6de790f25d23,9,1297,True,8614,8262,252.21382240726598
1298,1e4be97a-ff75-4018-bd1b-6de790f25d23,9,1298,True,8636,8284,232.11664969338017
1299,1e4be97a-ff75-4018-bd1b-6de790f25d23,9,1299,True,8658,8306,132.1449152229252
1300,1e4be97a-ff75-4018-bd1b-6de790f25d23,9,1300,True,8681,8329,220.58106480132483
1301,1e4be97a-ff75-4018-bd1b-6de790f25d23,9,1301,True,8703,8351,237.85816993668413
1302,1e4be97a-ff75-4018-bd1b-6de790f25d23,9,1302,True,8734,8382,182.45405508003387
1303,1e4be97a-ff75-4018-bd1b-6de790f25d23,9,1303,True,8762,8410,233.34475461116563
1304,1e4be97a-ff75-4018-bd1b-6de790f25d23,9,1304,True,8781,8429,162.43955668158196
1305,1e4be97a-ff75-4018-bd1b-6de790f25d23,9,1305,True,8803,8451,188.8920723424526
1306,1e4be97a-ff75-4018-bd1b-6de790f25d23,9,1306,True,8826,8474,169.34475461116563
1307,1e4be97a-ff75-4018-bd1b-6de790f25d23,9,1307,True,8846,8494,224.1076596328221
1308,1e4be97a-ff75-4018-bd1b-6de790f25d23,9,1308,True,8874,8522,196.97782023529362
1309,1e4be97a-ff75-4018-bd1b-6de790f25d23,9,1309,True,8897,8545,173.1076596328221
1310,1e4be97a-ff75-4018-bd1b-6de790f25d23,9,1310,True,8923,8571,175.63962934659685
1311,1e4be97a-ff75-4018-bd1b-6de790f25d23,9,1311,True,8953,8601,140.2383944391222
1312,1e4be97a-ff75-4018-bd1b-6de790f25d23,9,1312,True,8979,8627,176.02370538059222
1313,1e4be97a-ff75-4018-bd1b-6de790f25d23,9,1313,True,9007,8655,190.18235449297208
1314,1e4be97a-ff75-4018-bd1b-6de790f25d23,9,1314,True,9038,8686,181.46209305831326
1315,1e4be97a-ff75-4018-bd1b-6de790f25d23,9,1315,True,9066,8714,164.5765613586209
1316,1e4be97a-ff75-4018-bd1b-6de790f25d23,9,1316,True,9101,8749,168.6276760223991
1317,1e4be97a-ff75-4018-bd1b-6de790f25d23,9,1317,True,9129,8777,188.25195668541528
1318,1e4be97a-ff75-4018-bd1b-6de790f25d23,9,1318,True,9158,8806,136.49757613440306
1319,1e4be97a-ff75-4018-bd1b-6de790f25d23,9,1319,True,9183,8831,135.0407673490081
1320,1e4be97a-ff75-4018-bd1b-6de790f25d23,9,1320,True,9214,8862,156.59010109424707
1321,1e4be97a-ff75-4018-bd1b-6de790f25d23,9,1321,True,9240,8888,147.16146761034724
1322,1e4be97a-ff75-4018-bd1b-6de790f25d23,9,1322,True,9263,8911,160.4072937809815
1323,1e4be97a-ff75-4018-bd1b-6de790f25d23,9,1323,True,9289,8937,147.04009362132274
1324,1e4be97a-ff75-4018-bd1b-6de790f25d23,9,1324,True,9322,8970,215.19256538528134
1325,1e4be97a-ff75-4018-bd1b-6de790f25d23,9,1325,True,9349,8997,166.52894776403627
1326,1e4be97a-ff75-4018-bd1b-6de790f25d23,9,1326,True,9379,9027,208.98105917814792
1327,1e4be97a-ff75-4018-bd1b-6de790f25d23,9,1327,True,9403,9051,164.2979130196618
1328,1e4be97a-ff75-4018-bd1b-6de790f25d23,9,1328,True,9434,9082,131.16670203730428
1329,1e4be97a-ff75-4018-bd1b-6de790f25d23,9,1329,True,9468,9116,148.8273976240962
1330,1e4be97a-ff75-4018-bd1b-6de790f25d23,9,1330,True,9493,9141,146.24676571198506
1331,1e4be97a-ff75-4018-bd1b-6de790f25d23,9,1331,True,9520,9168,161.39957363602298
1332,1e4be97a-ff75-4018-bd1b-6de790f25d23,9,1332,True,9547,9195,140.43593381290884
1333,1e4be97a-ff75-4018-bd1b-6de790f25d23,9,1333,True,9573,9221,146.27286057014317
1334,1e4be97a-ff75-4018-bd1b-6de790f25d23,9,1334,True,9609,9257,154.175365978017
1335,1e4be97a-ff75-4018-bd1b-6de790f25d23,9,1335,True,9635,9283,140.99429954687366
1336,1e4be97a-ff75-4018-bd1b-6de790f25d23,9,1336,True,9678,9326,125.17709378367908
1337,1e4be97a-ff75-4018-bd1b-6de790f25d23,9,1337,True,9708,9356,199.57127630703144
1338,1e4be97a-ff75-4018-bd1b-6de790f25d23,9,1338,True,9734,9382,222.7719093515334
1339,1e4be97a-ff75-4018-bd1b-6de790f25d23,9,1339,True,9763,9411,193.1302713568948
1340,1e4be97a-ff75-4018-bd1b-6de790f25d23,9,1340,True,9786,9434,207.3286849937158
1341,1e4be97a-ff75-4018-bd1b-6de790f25d23,9,1341,True,9812,9460,181.3286849937158
1342,1e4be97a-ff75-4018-bd1b-6de790f25d23,9,1342,True,9838,9486,169.99748405480932
1343,1e4be97a-ff75-4018-bd1b-6de790f25d23,9,1343,True,9869,9517,179.74743759530247
1344,1e4be97a-ff75-4018-bd1b-6de790f25d23,9,1344,True,9900,9548,170.2055002268189
1345,1e4be97a-ff75-4018-bd1b-6de790f25d23,9,1345,True,9923,9571,177.36904272018182
1346,1e4be97a-ff75-4018-bd1b-6de790f25d23,9,1346,True,9950,9598,168.48534184451455
1347,1e4be97a-ff75-4018-bd1b-6de790f25d23,9,1347,True,9983,9631,184.4320196774679
1348,1e4be97a-ff75-4018-bd1b-6de790f25d23,9,1348,True,10011,9659,177.8405705230125
1349,1e4be97a-ff75-4018-bd1b-6de790f25d23,9,1349,True,10043,9691,195.8574122427326
1350,1e4be97a-ff75-4018-bd1b-6de790f25d23,9,1350,True,10075,9723,143.2495836058788
1351,1e4be97a-ff75-4018-bd1b-6de790f25d23,9,1351,True,10108,9756,155.73624302720054
1352,1e4be97a-ff75-4018-bd1b-6de790f25d23,9,1352,True,10129,9777,139.89917879842142
1353,1e4be97a-ff75-4018-bd1b-6de790f25d23,9,1353,True,10159,9807,183.72842903145101
1354,1e4be97a-ff75-4018-bd1b-6de790f25d23,9,1354,True,10181,9829,155.06201732264162
1355,1e4be97a-ff75-4018-bd1b-6de790f25d23,9,1355,True,10216,9864,142.03824355616598
1356,1e4be97a-ff75-4018-bd1b-6de790f25d23,9,1356,True,10252,9900,152.39180592569573
1357,1e4be97a-ff75-4018-bd1b-6de790f25d23,9,1357,True,10281,9929,123.39180592569573
1358,1e4be97a-ff75-4018-bd1b-6de790f25d23,9,1358,True,10316,9964,115.17997711280805
1359,1e4be97a-ff75-4018-bd1b-6de790f25d23,9,1359,True,10346,9994,112.9141107135365
1360,1e4be97a-ff75-4018-bd1b-6de790f25d23,9,1360,True,10373,10021,148.954196526749
1361,1e4be97a-ff75-4018-bd1b-6de790f25d23,9,1361,True,10397,10045,135.23250591245232
1362,1e4be97a-ff75-4018-bd1b-6de790f25d23,9,1362,True,10422,10070,127.4835017849091
1363,1e4be97a-ff75-4018-bd1b-6de790f25d23,9,1363,True,10445,10093,110.06596507090217
1364,1e4be97a-ff75-4018-bd1b-6de790f25d23,9,1364,True,10481,10129,132.7452639291878
1365,1e4be97a-ff75-4018-bd1b-6de790f25d23,9,1365,True,10503,10151,121.56833576248209
1366,1e4be97a-ff75-4018-bd1b-6de790f25d23,9,1366,True,10534,10182,116.69971232123862
1367,1e4be97a-ff75-4018-bd1b-6de790f25d23,9,1367,True,10567,10215,152.06892631941992
1368,1e4be97a-ff75-4018-bd1b-6de790f25d23,9,1368,True,10600,10248,132.3989523549517
1369,1e4be97a-ff75-4018-bd1b-6de790f25d23,9,1369,True,10631,10279,98.5868268956674
1370,1e4be97a-ff75-4018-bd1b-6de790f25d23,9,1370,True,10669,10317,112.33248299572551
1371,1e4be97a-ff75-4018-bd1b-6de790f25d23,9,1371,True,10694,10342,148.87454718950175
1372,1e4be97a-ff75-4018-bd1b-6de790f25d23,9,1372,True,10716,10364,127.16238805989269
1373,1e4be97a-ff75-4018-bd1b-6de790f25d23,9,1373,True,10739,10387,156.06127737816496
1374,1e4be97a-ff75-4018-bd1b-6de790f25d23,9,1374,True,10763,10411,128.1974122250158
1375,1e4be97a-ff75-4018-bd1b-6de790f25d23,9,1375,True,10796,10444,150.19143685275048
1376,1e4be97a-ff75-4018-bd1b-6de790f25d23,9,1376,True,10828,10476,142.2838985844246
1377,1e4be97a-ff75-4018-bd1b-6de790f25d23,9,1377,True,10847,10495,143.65470900621767
1378,1e4be97a-ff75-4018-bd1b-6de790f25d23,9,1378,True,10873,10521,159.42711314690314
1379,1e4be97a-ff75-4018-bd1b-6de790f25d23,9,1379,True,10896,10544,135.42112948669092
1380,1e4be97a-ff75-4018-bd1b-6de790f25d23,9,1380,True,10921,10569,162.36605077993045
1381,1e4be97a-ff75-4018-bd1b-6de790f25d23,9,1381,True,10956,10604,126.65877765004916
1382,1e4be97a-ff75-4018-bd1b-6de790f25d23,9,1382,True,10989,10637,171.59370833806315
1383,1e4be97a-ff75-4018-bd1b-6de790f25d23,9,1383,True,11013,10661,132.3030855475954
1384,1e4be97a-ff75-4018-bd1b-6de790f25d23,9,1384,True,11031,10679,180.38106413670903
1385,1e4be97a-ff75-4018-bd1b-6de790f25d23,9,1385,True,11054,10702,176.13541388492558
1386,1e4be97a-ff75-4018-bd1b-6de790f25d23,9,1386,True,11080,10728,102.90587539060834
1387,1e4be97a-ff75-4018-bd1b-6de790f25d23,9,1387,True,11113,10761,162.76136177864282
1388,1e4be97a-ff75-4018-bd1b-6de790f25d23,9,1388,True,11138,10786,230.3086854295616
1389,1e4be97a-ff75-4018-bd1b-6de790f25d23,9,1389,True,11161,10809,137.36709760702615
1390,1e4be97a-ff75-4018-bd1b-6de790f25d23,9,1390,True,11193,10841,157.591308806308
1391,1e4be97a-ff75-4018-bd1b-6de790f25d23,9,1391,True,11225,10873,170.27309679213977
1392,1e4be97a-ff75-4018-bd1b-6de790f25d23,9,1392,True,11259,10907,171.96721789181538
1393,1e4be97a-ff75-4018-bd1b-6de790f25d23,9,1393,True,11288,10936,154.86298438576523
1394,1e4be97a-ff75-4018-bd1b-6de790f25d23,9,1394,True,11322,10970,132.534226777223
1395,1e4be97a-ff75-4018-bd1b-6de790f25d23,9,1395,True,11354,11002,125.90962963965649
1396,1e4be97a-ff75-4018-bd1b-6de790f25d23,9,1396,True,11385,11033,123.52253123560513
1397,1e4be97a-ff75-4018-bd1b-6de790f25d23,9,1397,True,11408,11056,109.18034195134715
1398,1e4be97a-ff75-4018-bd1b-6de790f25d23,9,1398,True,11445,11093,106.30785392634425
1399,1e4be97a-ff75-4018-bd1b-6de790f25d23,9,1399,True,11470,11118,135.8832305311753
1400,1e4be97a-ff75-4018-bd1b-6de790f25d23,9,1400,True,11503,11151,136.3698103178558
1401,1e4be97a-ff75-4018-bd1b-6de790f25d23,9,1401,True,11532,11180,109.74353967761999
1402,1e4be97a-ff75-4018-bd1b-6de790f25d23,9,1402,True,11559,11207,110.99861678977504
1403,1e4be97a-ff75-4018-bd1b-6de790f25d23,9,1403,True,11590,11238,135.44001307995495
1404,1e4be97a-ff75-4018-bd1b-6de790f25d23,9,1404,True,11628,11276,124.3489371864107
1405,1e4be97a-ff75-4018-bd1b-6de790f25d23,9,1405,True,11656,11304,104.56419969378112
1406,1e4be97a-ff75-4018-bd1b-6de790f25d23,9,1406,True,11687,11335,111.45411488155878
1407,1e4be97a-ff75-4018-bd1b-6de790f25d23,9,1407,True,11711,11359,167.15509935203227
1408,1e4be97a-ff75-4018-bd1b-6de790f25d23,9,1408,True,11741,11389,196.5700747597075
1409,1e4be97a-ff75-4018-bd1b-6de790f25d23,9,1409,True,11763,11411,148.11462205273347
1410,1e4be97a-ff75-4018-bd1b-6de790f25d23,9,1410,True,11790,11438,220.2036451443837
1411,1e4be97a-ff75-4018-bd1b-6de790f25d23,9,1411,True,11824,11472,144.54783162408967
1412,1e4be97a-ff75-4018-bd1b-6de790f25d23,9,1412,True,11853,11501,157.2036451443837
1413,1e4be97a-ff75-4018-bd1b-6de790f25d23,9,1413,True,11894,11542,162.00568972595102
1414,1e4be97a-ff75-4018-bd1b-6de790f25d23,9,1414,True,11922,11570,134.00568972595102
1415,1e4be97a-ff75-4018-bd1b-6de790f25d23,9,1415,True,11943,11591,123.66754792702886
1416,1e4be97a-ff75-4018-bd1b-6de790f25d23,9,1416,True,11972,11620,145.53504911844175
1417,1e4be97a-ff75-4018-bd1b-6de790f25d23,9,1417,True,11997,11645,119.91306956957305
1418,1e4be97a-ff75-4018-bd1b-6de790f25d23,9,1418,True,12016,11664,125.67173256539354
1419,1e4be97a-ff75-4018-bd1b-6de790f25d23,9,1419,True,12046,11694,165.78246521834262
1420,1e4be97a-ff75-4018-bd1b-6de790f25d23,9,1420,True,12068,11716,120.15452148089389
1421,1e4be97a-ff75-4018-bd1b-6de790f25d23,9,1421,True,12092,11740,159.31350206415118
1422,1e4be97a-ff75-4018-bd1b-6de790f25d23,9,1422,True,12128,11776,132.02914191679338
1423,1e4be97a-ff75-4018-bd1b-6de790f25d23,9,1423,True,12162,11810,114.28916804070832
1424,1e4be97a-ff75-4018-bd1b-6de790f25d23,9,1424,True,12187,11835,171.50067883936208
1425,1e4be97a-ff75-4018-bd1b-6de790f25d23,9,1425,True,12206,11854,178.24574693017894
1426,1e4be97a-ff75-4018-bd1b-6de790f25d23,9,1426,True,12224,11872,158.16675890206716
1427,1e4be97a-ff75-4018-bd1b-6de790f25d23,9,1427,True,12247,11895,182.6341046185189
1428,1e4be97a-ff75-4018-bd1b-6de790f25d23,9,1428,True,12271,11919,133.6979540024622
1429,1e4be97a-ff75-4018-bd1b-6de790f25d23,9,1429,True,12293,11941,163.4494437502617
1430,1e4be97a-ff75-4018-bd1b-6de790f25d23,9,1430,True,12317,11965,164.04624752588825
1431,1e4be97a-ff75-4018-bd1b-6de790f25d23,9,1431,True,12342,11990,137.94973512806973
1432,1e4be97a-ff75-4018-bd1b-6de790f25d23,9,1432,True,12365,12013,151.5496540470358
1433,1e4be97a-ff75-4018-bd1b-6de790f25d23,9,1433,True,12389,12037,143.0335365847386
1434,1e4be97a-ff75-4018-bd1b-6de790f25d23,9,1434,True,12420,12068,165.76939073368703
1435,1e4be97a-ff75-4018-bd1b-6de790f25d23,9,1435,True,12443,12091,187.44764486897657
1436,1e4be97a-ff75-4018-bd1b-6de790f25d23,9,1436,True,12464,12112,147.03507346179867
1437,1e4be97a-ff75-4018-bd1b-6de790f25d23,9,1437,True,12499,12147,181.94107380529022
1438,1e4be97a-ff75-4018-bd1b-6de790f25d23,9,1438,True,12518,12166,168.97102951524175
1439,1e4be97a-ff75-4018-bd1b-6de790f25d23,9,1439,True,12543,12191,167.90048181575912
1440,1e4be97a-ff75-4018-bd1b-6de790f25d23,9,1440,True,12576,12224,188.30250419406184
1441,1e4be97a-ff75-4018-bd1b-6de790f25d23,9,1441,True,12605,12253,130.43410130706434
1442,1e4be97a-ff75-4018-bd1b-6de790f25d23,9,1442,True,12626,12274,166.7354959935783
1443,1e4be97a-ff75-4018-bd1b-6de790f25d23,9,1443,True,12650,12298,165.90890079465134
1444,1e4be97a-ff75-4018-bd1b-6de790f25d23,9,1444,True,12669,12317,263.0514387386065
1445,1e4be97a-ff75-4018-bd1b-6de790f25d23,9,1445,True,12694,12342,238.05143873860652
1446,1e4be97a-ff75-4018-bd1b-6de790f25d23,9,1446,True,12711,12359,281.0624974592556
1447,1e4be97a-ff75-4018-bd1b-6de790f25d23,9,1447,True,12738,12386,240.6790920995536
1448,1e4be97a-ff75-4018-bd1b-6de790f25d23,9,1448,True,12767,12415,215.79483030982374
1449,1e4be97a-ff75-4018-bd1b-6de790f25d23,9,1449,True,12792,12440,281.092029880012
1450,1e4be97a-ff75-4018-bd1b-6de790f25d23,9,1450,True,12827,12475,233.52226915518258
1451,1e4be97a-ff75-4018-bd1b-6de790f25d23,9,1451,True,12849,12497,202.6306740634227
1452,1e4be97a-ff75-4018-bd1b-6de790f25d23,9,1452,True,12881,12529,192.09202988001198
1453,1e4be97a-ff75-4018-bd1b-6de790f25d23,9,1453,True,12908,12556,195.47424379690347
1454,1e4be97a-ff75-4018-bd1b-6de790f25d23,9,1454,True,12934,12582,225.25750547323878
1455,1e4be97a-ff75-4018-bd1b-6de790f25d23,9,1455,True,12960,12608,199.25750547323878
1456,1e4be97a-ff75-4018-bd1b-6de790f25d23,9,1456,True,12987,12635,207.49962139239142
1457,1e4be97a-ff75-4018-bd1b-6de790f25d23,9,1457,True,13008,12656,165.83370907848803
1458,1e4be97a-ff75-4018-bd1b-6de790f25d23,9,1458,True,13048,12696,164.00261549757488
1459,1e4be97a-ff75-4018-bd1b-6de790f25d23,9,1459,True,13077,12725,212.8258559786227
1460,1e4be97a-ff75-4018-bd1b-6de790f25d23,9,1460,True,13105,12753,165.570783408848
1461,1e4be97a-ff75-4018-bd1b-6de790f25d23,9,1461,True,13128,12776,160.49126382072245
1462,1e4be97a-ff75-4018-bd1b-6de790f25d23,9,1462,True,13154,12802,169.56085023972264
1463,1e4be97a-ff75-4018-bd1b-6de790f25d23,9,1463,True,13175,12823,161.1082479768429
1464,1e4be97a-ff75-4018-bd1b-6de790f25d23,9,1464,True,13197,12845,186.62265533346363
1465,1e4be97a-ff75-4018-bd1b-6de790f25d23,9,1465,True,13220,12868,166.53606909639893
1466,1e4be97a-ff75-4018-bd1b-6de790f25d23,9,1466,True,13253,12901,181.23814022017905
1467,1e4be97a-ff75-4018-bd1b-6de790f25d23,9,1467,True,13282,12930,141.16151752862243
1468,1e4be97a-ff75-4018-bd1b-6de790f25d23,9,1468,True,13308,12956,150.6165051444641
1469,1e4be97a-ff75-4018-bd1b-6de790f25d23,9,1469,True,13334,12982,149.57268667686003
1470,1e4be97a-ff75-4018-bd1b-6de790f25d23,9,1470,True,13363,13011,195.98073209030917
1471,1e4be97a-ff75-4018-bd1b-6de790f25d23,9,1471,True,13396,13044,142.11723168353274
1472,1e4be97a-ff75-4018-bd1b-6de790f25d23,9,1472,True,13426,13074,160.4279719342394
1473,1e4be97a-ff75-4018-bd1b-6de790f25d23,9,1473,True,13449,13097,112.36254338200524
1474,1e4be97a-ff75-4018-bd1b-6de790f25d23,9,1474,True,13473,13121,145.11646296237632
1475,1e4be97a-ff75-4018-bd1b-6de790f25d23,9,1475,True,13506,13154,135.96585701092772
1476,1e4be97a-ff75-4018-bd1b-6de790f25d23,9,1476,True,13538,13186,148.1815969904219
1477,1e4be97a-ff75-4018-bd1b-6de790f25d23,9,1477,True,13565,13213,128.9873065749598
1478,1e4be97a-ff75-4018-bd1b-6de790f25d23,9,1478,True,13584,13232,150.15129422360405
1479,1e4be97a-ff75-4018-bd1b-6de790f25d23,9,1479,True,13621,13269,128.85826222522883
1480,1e4be97a-ff75-4018-bd1b-6de790f25d23,9,1480,True,13645,13293,157.12402565713091
1481,1e4be97a-ff75-4018-bd1b-6de790f25d23,9,1481,True,13672,13320,137.49412114464394
1482,1e4be97a-ff75-4018-bd1b-6de790f25d23,9,1482,True,13704,13352,186.598887677339
1483,1e4be97a-ff75-4018-bd1b-6de790f25d23,9,1483,True,13732,13380,205.80195908264614
1484,1e4be97a-ff75-4018-bd1b-6de790f25d23,9,1484,True,13764,13412,167.9557480898511
1485,1e4be97a-ff75-4018-bd1b-6de790f25d23,9,1485,True,13798,13446,210.40735239678543
1486,1e4be97a-ff75-4018-bd1b-6de790f25d23,9,1486,True,13823,13471,160.9488249504666
1487,1e4be97a-ff75-4018-bd1b-6de790f25d23,9,1487,True,13851,13499,203.68501646572804
1488,1e4be97a-ff75-4018-bd1b-6de790f25d23,9,1488,True,13867,13515,210.09214666195294
1489,1e4be97a-ff75-4018-bd1b-6de790f25d23,9,1489,True,13896,13544,252.64943640475758
1490,1e4be97a-ff75-4018-bd1b-6de790f25d23,9,1490,True,13930,13578,218.64943640475758
1491,1e4be97a-ff75-4018-bd1b-6de790f25d23,9,1491,True,13953,13601,258.1515003098466
1492,1e4be97a-ff75-4018-bd1b-6de790f25d23,9,1492,True,13984,13632,261.60426407303385
1493,1e4be97a-ff75-4018-bd1b-6de790f25d23,9,1493,True,14013,13661,221.5616707740155
1494,1e4be97a-ff75-4018-bd1b-6de790f25d23,9,1494,True,14035,13683,225.7272305674287
1495,1e4be97a-ff75-4018-bd1b-6de790f25d23,9,1495,True,14068,13716,166.5616707740155
1496,1e4be97a-ff75-4018-bd1b-6de790f25d23,9,1496,True,14100,13748,209.47329556630757
1497,1e4be97a-ff75-4018-bd1b-6de790f25d23,9,1497,True,14132,13780,177.47329556630757
1498,1e4be97a-ff75-4018-bd1b-6de790f25d23,9,1498,True,14163,13811,170.6927502796625
1499,1e4be97a-ff75-4018-bd1b-6de790f25d23,9,1499,True,14200,13848,189.5072344065793
1500,1e4be97a-ff75-4018-bd1b-6de790f25d23,9,1500,True,14218,13866,137.41291504151377
1501,1e4be97a-ff75-4018-bd1b-6de790f25d23,9,1501,True,14251,13899,179.1936341724304
1502,1e4be97a-ff75-4018-bd1b-6de790f25d23,9,1502,True,14283,13931,160.85110075801822
1503,1e4be97a-ff75-4018-bd1b-6de790f25d23,9,1503,True,14308,13956,170.28240177143016
1504,1e4be97a-ff75-4018-bd1b-6de790f25d23,9,1504,True,14349,13997,172.39774979942194
1505,1e4be97a-ff75-4018-bd1b-6de790f25d23,9,1505,True,14387,14035,141.2188474895902
1506,1e4be97a-ff75-4018-bd1b-6de790f25d23,9,1506,True,14416,14064,183.34715304721612
1507,1e4be97a-ff75-4018-bd1b-6de790f25d23,9,1507,True,14441,14089,138.63052129171047
1508,1e4be97a-ff75-4018-bd1b-6de790f25d23,9,1508,True,14473,14121,180.99944115284416
1509,1e4be97a-ff75-4018-bd1b-6de790f25d23,9,1509,True,14504,14152,130.09193366020736
1510,1e4be97a-ff75-4018-bd1b-6de790f25d23,9,1510,True,14529,14177,157.45660876797592
1511,1e4be97a-ff75-4018-bd1b-6de790f25d23,9,1511,True,14556,14204,141.26749623319665
1512,1e4be97a-ff75-4018-bd1b-6de790f25d23,9,1512,True,14581,14229,166.96964437416318
1513,1e4be97a-ff75-4018-bd1b-6de790f25d23,9,1513,True,14619,14267,142.63447421022465
1514,1e4be97a-ff75-4018-bd1b-6de790f25d23,9,1514,True,14645,14293,184.49100686740712
1515,1e4be97a-ff75-4018-bd1b-6de790f25d23,9,1515,True,14662,14310,170.79059821999726
1516,1e4be97a-ff75-4018-bd1b-6de790f25d23,9,1516,True,14684,14332,152.13383319184868
1517,1e4be97a-ff75-4018-bd1b-6de790f25d23,9,1517,True,14711,14359,203.293811463147
1518,1e4be97a-ff75-4018-bd1b-6de790f25d23,9,1518,True,14734,14382,167.73937819794082
1519,1e4be97a-ff75-4018-bd1b-6de790f25d23,9,1519,True,14764,14412,145.18903477124513
1520,1e4be97a-ff75-4018-bd1b-6de790f25d23,9,1520,True,14796,14444,165.82493127991802
1521,1e4be97a-ff75-4018-bd1b-6de790f25d23,9,1521,True,14832,14480,134.2557386827193
1522,1e4be97a-ff75-4018-bd1b-6de790f25d23,9,1522,True,14864,14512,132.95639300306902
1523,1e4be97a-ff75-4018-bd1b-6de790f25d23,9,1523,True,14894,14542,142.7846726867956
1524,1e4be97a-ff75-4018-bd1b-6de790f25d23,9,1524,True,14920,14568,197.01154049816978
1525,1e4be97a-ff75-4018-bd1b-6de790f25d23,9,1525,True,14945,14593,129.26458181421003
1526,1e4be97a-ff75-4018-bd1b-6de790f25d23,9,1526,True,14969,14617,146.92304374298874
1527,1e4be97a-ff75-4018-bd1b-6de790f25d23,9,1527,True,14991,14639,137.5102925804331
1528,1e4be97a-ff75-4018-bd1b-6de790f25d23,9,1528,True,15018,14666,176.7888830109241
1529,1e4be97a-ff75-4018-bd1b-6de790f25d23,9,1529,True,15038,14686,134.9880114511143
1530,1e4be97a-ff75-4018-bd1b-6de790f25d23,9,1530,True,15066,14714,113.49282716243943
1531,1e4be97a-ff75-4018-bd1b-6de790f25d23,9,1531,True,15094,14742,191.94341914186953
1532,1e4be97a-ff75-4018-bd1b-6de790f25d23,9,1532,True,15123,14771,162.96995209116722
1533,1e4be97a-ff75-4018-bd1b-6de790f25d23,9,1533,True,15145,14793,192.86620128444702
1534,1e4be97a-ff75-4018-bd1b-6de790f25d23,9,1534,True,15173,14821,194.80381851131824
1535,1e4be97a-ff75-4018-bd1b-6de790f25d23,9,1535,True,15198,14846,218.42869929392145
1536,1e4be97a-ff75-4018-bd1b-6de790f25d23,9,1536,True,15231,14879,187.60104481441158
1537,1e4be97a-ff75-4018-bd1b-6de790f25d23,9,1537,True,15261,14909,184.5843696569318
1538,1e4be97a-ff75-4018-bd1b-6de790f25d23,9,1538,True,15287,14935,178.98720523622433
1539,1e4be97a-ff75-4018-bd1b-6de790f25d23,9,1539,True,15320,14968,177.42909786763266
1540,1e4be97a-ff75-4018-bd1b-6de790f25d23,9,1540,True,15349,14997,216.52732919292066
1541,1e4be97a-ff75-4018-bd1b-6de790f25d23,9,1541,True,15372,15020,142.47734502032836
1542,1e4be97a-ff75-4018-bd1b-6de790f25d23,9,1542,True,15401,15049,216.27692267285056
1543,1e4be97a-ff75-4018-bd1b-6de790f25d23,9,1543,True,15429,15077,154.20075938469563
1544,1e4be97a-ff75-4018-bd1b-6de790f25d23,9,1544,True,15451,15099,183.08288703998005
1545,1e4be97a-ff75-4018-bd1b-6de790f25d23,9,1545,True,15478,15126,190.40749486576897
1546,1e4be97a-ff75-4018-bd1b-6de790f25d23,9,1546,True,15494,15142,140.08288703998005
1547,1e4be97a-ff75-4018-bd1b-6de790f25d23,9,1547,True,15525,15173,229.65477288596048
1548,1e4be97a-ff75-4018-bd1b-6de790f25d23,9,1548,True,15548,15196,141.3600549529947
1549,1e4be97a-ff75-4018-bd1b-6de790f25d23,9,1549,True,15572,15220,158.22647839678757
1550,1e4be97a-ff75-4018-bd1b-6de790f25d23,9,1550,True,15597,15245,189.16159778473593
1551,1e4be97a-ff75-4018-bd1b-6de790f25d23,9,1551,True,15630,15278,125.64382898668919
1552,1e4be97a-ff75-4018-bd1b-6de790f25d23,9,1552,True,15655,15303,156.61339197947564
1553,1e4be97a-ff75-4018-bd1b-6de790f25d23,9,1553,True,15688,15336,231.14697624662404
1554,1e4be97a-ff75-4018-bd1b-6de790f25d23,9,1554,True,15711,15359,202.95435483428992
1555,1e4be97a-ff75-4018-bd1b-6de790f25d23,9,1555,True,15738,15386,173.09778453600484
1556,1e4be97a-ff75-4018-bd1b-6de790f25d23,9,1556,True,15772,15420,184.1598350201948
1557,1e4be97a-ff75-4018-bd1b-6de790f25d23,9,1557,True,15798,15446,187.12194138881387
1558,1e4be97a-ff75-4018-bd1b-6de790f25d23,9,1558,True,15831,15479,207.6116441899976
1559,1e4be97a-ff75-4018-bd1b-6de790f25d23,9,1559,True,15858,15506,147.3193038763966
1560,1e4be97a-ff75-4018-bd1b-6de790f25d23,9,1560,True,15896,15544,161.72360009146723
1561,1e4be97a-ff75-4018-bd1b-6de790f25d23,9,1561,True,15934,15582,143.08862185676116
1562,1e4be97a-ff75-4018-bd1b-6de790f25d23,9,1562,True,15962,15610,171.02560302188795
1563,1e4be97a-ff75-4018-bd1b-6de790f25d23,9,1563,True,15989,15637,136.84360432552057
1564,1e4be97a-ff75-4018-bd1b-6de790f25d23,9,1564,True,16011,15659,162.32642400485565
1565,1e4be97a-ff75-4018-bd1b-6de790f25d23,9,1565,True,16042,15690,190.51363194274927
1566,1e4be97a-ff75-4018-bd1b-6de790f25d23,9,1566,True,16068,15716,129.88726671107906
1567,1e4be97a-ff75-4018-bd1b-6de790f25d23,9,1567,True,16097,15745,139.77253867833497
1568,1e4be97a-ff75-4018-bd1b-6de790f25d23,9,1568,True,16127,15775,135.81040245612166
1569,1e4be97a-ff75-4018-bd1b-6de790f25d23,9,1569,True,16152,15800,131.65573901321113
1570,1e4be97a-ff75-4018-bd1b-6de790f25d23,9,1570,True,16178,15826,204.59186368435803
1571,1e4be97a-ff75-4018-bd1b-6de790f25d23,9,1571,True,16211,15859,223.1568979042786
1572,1e4be97a-ff75-4018-bd1b-6de790f25d23,9,1572,True,16237,15885,166.9167257451645
1573,1e4be97a-ff75-4018-bd1b-6de790f25d23,9,1573,True,16257,15905,177.1568979042786
1574,1e4be97a-ff75-4018-bd1b-6de790f25d23,9,1574,True,16283,15931,168.0551784205927
1575,1e4be97a-ff75-4018-bd1b-6de790f25d23,9,1575,True,16313,15961,168.8571356641787
1576,1e4be97a-ff75-4018-bd1b-6de790f25d23,9,1576,True,16339,15987,162.88543612229114
1577,1e4be97a-ff75-4018-bd1b-6de790f25d23,9,1577,True,16361,16009,206.18016026000987
1578,1e4be97a-ff75-4018-bd1b-6de790f25d23,9,1578,True,16376,16024,167.40165410987174
1579,1e4be97a-ff75-4018-bd1b-6de790f25d23,9,1579,True,16398,16046,146.95819749663133
1580,1e4be97a-ff75-4018-bd1b-6de790f25d23,9,1580,True,16427,16075,192.716373171128
1581,1e4be97a-ff75-4018-bd1b-6de790f25d23,9,1581,True,16455,16103,158.7156009306691
1582,1e4be97a-ff75-4018-bd1b-6de790f25d23,9,1582,True,16496,16144,176.93840445603746
1583,1e4be97a-ff75-4018-bd1b-6de790f25d23,9,1583,True,16533,16181,161.80819979841363
1584,1e4be97a-ff75-4018-bd1b-6de790f25d23,9,1584,True,16563,16211,153.11997367597178
1585,1e4be97a-ff75-4018-bd1b-6de790f25d23,9,1585,True,16595,16243,147.8708592344883
1586,1e4be97a-ff75-4018-bd1b-6de790f25d23,9,1586,True,16626,16274,138.08685259403865
1587,1e4be97a-ff75-4018-bd1b-6de790f25d23,9,1587,True,16654,16302,164.75428270279372
1588,1e4be97a-ff75-4018-bd1b-6de790f25d23,9,1588,True,16681,16329,133.3314801348497
1589,1e4be97a-ff75-4018-bd1b-6de790f25d23,9,1589,True,16718,16366,100.96506378362028
1590,1e4be97a-ff75-4018-bd1b-6de790f25d23,9,1590,True,16752,16400,156.35416619108946
1591,1e4be97a-ff75-4018-bd1b-6de790f25d23,9,1591,True,16780,16428,127.83421784028178
1592,1e4be97a-ff75-4018-bd1b-6de790f25d23,9,1592,True,16809,16457,126.488090649902
1593,1e4be97a-ff75-4018-bd1b-6de790f25d23,9,1593,True,16851,16499,153.38684986878798
1594,1e4be97a-ff75-4018-bd1b-6de790f25d23,9,1594,True,16882,16530,123.73011206453157
1595,1e4be97a-ff75-4018-bd1b-6de790f25d23,9,1595,True,16912,16560,148.02790305742747
1596,1e4be97a-ff75-4018-bd1b-6de790f25d23,9,1596,True,16951,16599,158.318006388894
1597,1e4be97a-ff75-4018-bd1b-6de790f25d23,9,1597,True,16984,16632,144.973236012298
1598,1e4be97a-ff75-4018-bd1b-6de790f25d23,9,1598,True,17013,16661,145.25625916785066
1599,1e4be97a-ff75-4018-bd1b-6de790f25d23,9,1599,True,17044,16692,163.7664535173535
1600,1e4be97a-ff75-4018-bd1b-6de790f25d23,9,1600,True,17082,16730,151.47174398062634
1601,1e4be97a-ff75-4018-bd1b-6de790f25d23,9,1601,True,17112,16760,170.19992325271596
1602,1e4be97a-ff75-4018-bd1b-6de790f25d23,9,1602,True,17137,16785,120.42995106330636
1603,1e4be97a-ff75-4018-bd1b-6de790f25d23,9,1603,True,17163,16811,147.66621017687794
1604,1e4be97a-ff75-4018-bd1b-6de790f25d23,9,1604,True,17185,16833,123.67425303759592
1605,1e4be97a-ff75-4018-bd1b-6de790f25d23,9,1605,True,17204,16852,183.05203473905567
1606,1e4be97a-ff75-4018-bd1b-6de790f25d23,9,1606,True,17224,16872,140.38847623410402
1607,1e4be97a-ff75-4018-bd1b-6de790f25d23,9,1607,True,17254,16902,176.89053621935818
1608,1e4be97a-ff75-4018-bd1b-6de790f25d23,9,1608,True,17276,16924,160.7168062679266
1609,1e4be97a-ff75-4018-bd1b-6de790f25d23,9,1609,True,17322,16970,160.91492506978102
1610,1e4be97a-ff75-4018-bd1b-6de790f25d23,9,1610,True,17359,17007,114.38390685311606
1611,1e4be97a-ff75-4018-bd1b-6de790f25d23,9,1611,True,17375,17023,149.52402286420693
1612,1e4be97a-ff75-4018-bd1b-6de790f25d23,9,1612,True,17404,17052,124.73232922314492
1613,1e4be97a-ff75-4018-bd1b-6de790f25d23,9,1613,True,17429,17077,146.51463600092757
1614,1e4be97a-ff75-4018-bd1b-6de790f25d23,9,1614,True,17458,17106,143.08544834766144
1615,1e4be97a-ff75-4018-bd1b-6de790f25d23,9,1615,True,17482,17130,175.28811113221673
1616,1e4be97a-ff75-4018-bd1b-6de790f25d23,9,1616,True,17506,17154,153.8663237757246
1617,1e4be97a-ff75-4018-bd1b-6de790f25d23,9,1617,True,17532,17180,151.63028708368802
1618,1e4be97a-ff75-4018-bd1b-6de790f25d23,9,1618,True,17548,17196,158.05461769936664
1619,1e4be97a-ff75-4018-bd1b-6de790f25d23,9,1619,True,17571,17219,150.51899186343144
1620,1e4be97a-ff75-4018-bd1b-6de790f25d23,9,1620,True,17590,17238,143.0037265228275
1621,1e4be97a-ff75-4018-bd1b-6de790f25d23,9,1621,True,17615,17263,118.555413427428
1622,1e4be97a-ff75-4018-bd1b-6de790f25d23,9,1622,True,17634,17282,148.62699387646353
1623,1e4be97a-ff75-4018-bd1b-6de790f25d23,9,1623,True,17666,17314,115.99541339443385
1624,1e4be97a-ff75-4018-bd1b-6de790f25d23,9,1624,True,17694,17342,138.98027208832718
1625,1e4be97a-ff75-4018-bd1b-6de790f25d23,9,1625,True,17719,17367,117.38486189010291
1626,1e4be97a-ff75-4018-bd1b-6de790f25d23,9,1626,True,17747,17395,112.8234886279788
1627,1e4be97a-ff75-4018-bd1b-6de790f25d23,9,1627,True,17776,17424,133.51106746821824
1628,1e4be97a-ff75-4018-bd1b-6de790f25d23,9,1628,True,17808,17456,116.02174393836685
1629,1e4be97a-ff75-4018-bd1b-6de790f25d23,9,1629,True,17829,17477,130.75538691208203
1630,1e4be97a-ff75-4018-bd1b-6de790f25d23,9,1630,True,17854,17502,123.4242921576406
1631,1e4be97a-ff75-4018-bd1b-6de790f25d23,9,1631,True,17885,17533,114.17270753297271
1632,1e4be97a-ff75-4018-bd1b-6de790f25d23,9,1632,True,17916,17564,128.35352032386436
1633,1e4be97a-ff75-4018-bd1b-6de790f25d23,9,1633,True,17946,17594,153.838826068637
1634,1e4be97a-ff75-4018-bd1b-6de790f25d23,9,1634,True,17970,17618,106.0064141459734
1635,1e4be97a-ff75-4018-bd1b-6de790f25d23,9,1635,True,17996,17644,174.1383032309568
1636,1e4be97a-ff75-4018-bd1b-6de790f25d23,9,1636,True,18026,17674,147.8578078446808
1637,1e4be97a-ff75-4018-bd1b-6de790f25d23,9,1637,True,18056,17704,169.29999854029666
1638,1e4be97a-ff75-4018-bd1b-6de790f25d23,9,1638,True,18082,17730,135.90203800885865
1639,1e4be97a-ff75-4018-bd1b-6de790f25d23,9,1639,True,18114,17762,137.0551669594679
1640,1e4be97a-ff75-4018-bd1b-6de790f25d23,9,1640,True,18144,17792,154.88920991544364
1641,1e4be97a-ff75-4018-bd1b-6de790f25d23,9,1641,True,18174,17822,128.88590680932612
1642,1e4be97a-ff75-4018-bd1b-6de790f25d23,9,1642,True,18209,17857,141.08359830146583
1643,1e4be97a-ff75-4018-bd1b-6de790f25d23,9,1643,True,18236,17884,116.49998125962156
1644,1e4be97a-ff75-4018-bd1b-6de790f25d23,9,1644,True,18262,17910,216.25705168037894
1645,1e4be97a-ff75-4018-bd1b-6de790f25d23,9,1645,True,18287,17935,163.3453540096525
1646,1e4be97a-ff75-4018-bd1b-6de790f25d23,9,1646,True,18321,17969,177.98758516611633
1647,1e4be97a-ff75-4018-bd1b-6de790f25d23,9,1647,True,18359,18007,143.17427650782702
1648,1e4be97a-ff75-4018-bd1b-6de790f25d23,9,1648,True,18392,18040,157.97436296158412
1649,1e4be97a-ff75-4018-bd1b-6de790f25d23,9,1649,True,18424,18072,179.2542588190263
1650,1e4be97a-ff75-4018-bd1b-6de790f25d23,9,1650,True,18457,18105,148.74732553256763
1651,1e4be97a-ff75-4018-bd1b-6de790f25d23,9,1651,True,18481,18129,151.63446785366614
1652,1e4be97a-ff75-4018-bd1b-6de790f25d23,9,1652,True,18513,18161,136.2871559970481
1653,1e4be97a-ff75-4018-bd1b-6de790f25d23,9,1653,True,18548,18196,169.53158921888098
1654,1e4be97a-ff75-4018-bd1b-6de790f25d23,9,1654,True,18573,18221,148.64350560738967
1655,1e4be97a-ff75-4018-bd1b-6de790f25d23,9,1655,True,18602,18250,165.73803829166354
1656,1e4be97a-ff75-4018-bd1b-6de790f25d23,9,1656,True,18633,18281,140.2305247578479
1657,1e4be97a-ff75-4018-bd1b-6de790f25d23,9,1657,True,18660,18308,127.90155675173446
1658,1e4be97a-ff75-4018-bd1b-6de790f25d23,9,1658,True,18692,18340,210.02990223340748
1659,1e4be97a-ff75-4018-bd1b-6de790f25d23,9,1659,True,18723,18371,153.81131144630126
1660,1e4be97a-ff75-4018-bd1b-6de790f25d23,9,1660,True,18753,18401,177.38503097585271
1661,1e4be97a-ff75-4018-bd1b-6de790f25d23,9,1661,True,18776,18424,174.8896079037586
1662,1e4be97a-ff75-4018-bd1b-6de790f25d23,9,1662,True,18797,18445,166.44127931739058
1663,1e4be97a-ff75-4018-bd1b-6de790f25d23,9,1663,True,18831,18479,157.53659557571882
1664,1e4be97a-ff75-4018-bd1b-6de790f25d23,9,1664,True,18863,18511,189.58290891896468
1665,1e4be97a-ff75-4018-bd1b-6de790f25d23,9,1665,True,18890,18538,150.77845781014184
1666,1e4be97a-ff75-4018-bd1b-6de790f25d23,9,1666,True,18915,18563,148.72122099101034
1667,1e4be97a-ff75-4018-bd1b-6de790f25d23,9,1667,True,18939,18587,152.04547233746416
1668,1e4be97a-ff75-4018-bd1b-6de790f25d23,9,1668,True,18969,18617,213.62078682507854
1669,1e4be97a-ff75-4018-bd1b-6de790f25d23,9,1669,True,18997,18645,189.6187267639798
1670,1e4be97a-ff75-4018-bd1b-6de790f25d23,9,1670,True,19021,18669,161.96156408265233
1671,1e4be97a-ff75-4018-bd1b-6de790f25d23,9,1671,True,19063,18711,169.21324105385065
1672,1e4be97a-ff75-4018-bd1b-6de790f25d23,9,1672,True,19098,18746,161.43293464680755
1673,1e4be97a-ff75-4018-bd1b-6de790f25d23,9,1673,True,19127,18775,132.49279978706545
1674,1e4be97a-ff75-4018-bd1b-6de790f25d23,9,1674,True,19145,18793,190.6231461984935
1675,1e4be97a-ff75-4018-bd1b-6de790f25d23,9,1675,True,19174,18822,137.30707006521698
1676,1e4be97a-ff75-4018-bd1b-6de790f25d23,9,1676,True,19211,18859,179.11346352680266
1677,1e4be97a-ff75-4018-bd1b-6de790f25d23,9,1677,True,19232,18880,126.84806569789362
1678,1e4be97a-ff75-4018-bd1b-6de790f25d23,9,1678,True,19256,18904,153.45871827539304
1679,1e4be97a-ff75-4018-bd1b-6de790f25d23,9,1679,True,19289,18937,161.75474562709496
1680,1e4be97a-ff75-4018-bd1b-6de790f25d23,9,1680,True,19313,18961,150.48684360512925
1681,1e4be97a-ff75-4018-bd1b-6de790f25d23,9,1681,True,19337,18985,139.92286271176272
1682,1e4be97a-ff75-4018-bd1b-6de790f25d23,9,1682,True,19367,19015,174.11529106942544
1683,1e4be97a-ff75-4018-bd1b-6de790f25d23,9,1683,True,19396,19044,261.7514007118334
1684,1e4be97a-ff75-4018-bd1b-6de790f25d23,9,1684,True,19427,19075,230.7514007118334
1685,1e4be97a-ff75-4018-bd1b-6de790f25d23,9,1685,True,19457,19105,270.79417720370475
1686,1e4be97a-ff75-4018-bd1b-6de790f25d23,9,1686,True,19482,19130,245.79417720370475
1687,1e4be97a-ff75-4018-bd1b-6de790f25d23,9,1687,True,19519,19167,282.0500883500681
1688,1e4be97a-ff75-4018-bd1b-6de790f25d23,9,1688,True,19539,19187,262.0500883500681
1689,1e4be97a-ff75-4018-bd1b-6de790f25d23,9,1689,True,19570,19218,316.6737923643668
1690,1e4be97a-ff75-4018-bd1b-6de790f25d23,9,1690,True,19590,19238,246.79537703842288
1691,1e4be97a-ff75-4018-bd1b-6de790f25d23,9,1691,True,19621,19269,265.6737923643668
1692,1e4be97a-ff75-4018-bd1b-6de790f25d23,9,1692,True,19645,19293,241.67379236436682
1693,1e4be97a-ff75-4018-bd1b-6de790f25d23,9,1693,True,19673,19321,210.13424016585486
1694,1e4be97a-ff75-4018-bd1b-6de790f25d23,9,1694,True,19714,19362,186.0825115208536
1695,1e4be97a-ff75-4018-bd1b-6de790f25d23,9,1695,True,19742,19390,181.53646964356085
1696,1e4be97a-ff75-4018-bd1b-6de790f25d23,9,1696,True,19770,19418,183.62581487013085
1697,1e4be97a-ff75-4018-bd1b-6de790f25d23,9,1697,True,19799,19447,227.91421490481662
1698,1e4be97a-ff75-4018-bd1b-6de790f25d23,9,1698,True,19822,19470,177.1030653271373
1699,1e4be97a-ff75-4018-bd1b-6de790f25d23,9,1699,True,19847,19495,177.80607887303995
1700,1e4be97a-ff75-4018-bd1b-6de790f25d23,9,1700,True,19874,19522,219.00287167800707
1701,1e4be97a-ff75-4018-bd1b-6de790f25d23,9,1701,True,19903,19551,202.06601817951378
1702,1e4be97a-ff75-4018-bd1b-6de790f25d23,9,1702,True,19928,19576,189.16072869751588
1703,1e4be97a-ff75-4018-bd1b-6de790f25d23,9,1703,True,19954,19602,161.01704383149627
1704,1e4be97a-ff75-4018-bd1b-6de790f25d23,9,1704,True,19985,19633,226.30499366856748
1705,1e4be97a-ff75-4018-bd1b-6de790f25d23,9,1705,True,20006,19654,182.07049833541532
1706,1e4be97a-ff75-4018-bd1b-6de790f25d23,9,1706,True,20027,19675,180.85568930506997
1707,1e4be97a-ff75-4018-bd1b-6de790f25d23,9,1707,True,20058,19706,204.2640022057858
1708,1e4be97a-ff75-4018-bd1b-6de790f25d23,9,1708,True,20086,19734,169.37802254515918
1709,1e4be97a-ff75-4018-bd1b-6de790f25d23,9,1709,True,20116,19764,170.56655574093384
1710,1e4be97a-ff75-4018-bd1b-6de790f25d23,9,1710,True,20143,19791,151.10913811968203
1711,1e4be97a-ff75-4018-bd1b-6de790f25d23,9,1711,True,20177,19825,154.51842443472924
1712,1e4be97a-ff75-4018-bd1b-6de790f25d23,9,1712,True,20197,19845,161.85096950115258
1713,1e4be97a-ff75-4018-bd1b-6de790f25d23,9,1713,True,20226,19874,157.0099606955373
1714,1e4be97a-ff75-4018-bd1b-6de790f25d23,9,1714,True,20245,19893,137.84768927540426
1715,1e4be97a-ff75-4018-bd1b-6de790f25d23,9,1715,True,20265,19913,142.11876423370995
1716,1e4be97a-ff75-4018-bd1b-6de790f25d23,9,1716,True,20293,19941,179.2083497650783
1717,1e4be97a-ff75-4018-bd1b-6de790f25d23,9,1717,True,20323,19971,174.14618816645452
1718,1e4be97a-ff75-4018-bd1b-6de790f25d23,9,1718,True,20354,20002,144.64885842767762
1719,1e4be97a-ff75-4018-bd1b-6de790f25d23,9,1719,True,20379,20027,171.10296980275962
1720,1e4be97a-ff75-4018-bd1b-6de790f25d23,9,1720,True,20408,20056,145.9617292139519
1721,1e4be97a-ff75-4018-bd1b-6de790f25d23,9,1721,True,20434,20082,190.559836726934
1722,1e4be97a-ff75-4018-bd1b-6de790f25d23,9,1722,True,20461,20109,140.43231412694877
1723,1e4be97a-ff75-4018-bd1b-6de790f25d23,9,1723,True,20492,20140,155.4663687692955
1724,1e4be97a-ff75-4018-bd1b-6de790f25d23,9,1724,True,20517,20165,135.4480454920522
1725,1e4be97a-ff75-4018-bd1b-6de790f25d23,9,1725,True,20548,20196,157.91168049164116
1726,1e4be97a-ff75-4018-bd1b-6de790f25d23,9,1726,True,20579,20227,151.4012884665317
1727,1e4be97a-ff75-4018-bd1b-6de790f25d23,9,1727,True,20611,20259,137.64099770799294
1728,1e4be97a-ff75-4018-bd1b-6de790f25d23,9,1728,True,20637,20285,118.97250538989465
1729,1e4be97a-ff75-4018-bd1b-6de790f25d23,9,1729,True,20661,20309,139.03724031964157
1730,1e4be97a-ff75-4018-bd1b-6de790f25d23,9,1730,True,20687,20335,119.71496150826715
1731,1e4be97a-ff75-4018-bd1b-6de790f25d23,9,1731,True,20712,20360,141.58117636750103
1732,1e4be97a-ff75-4018-bd1b-6de790f25d23,9,1732,True,20734,20382,126.80803147990082
1733,1e4be97a-ff75-4018-bd1b-6de790f25d23,9,1733,True,20759,20407,116.32661541326888
1734,1e4be97a-ff75-4018-bd1b-6de790f25d23,9,1734,True,20785,20433,117.62846976597939
1735,1e4be97a-ff75-4018-bd1b-6de790f25d23,9,1735,True,20815,20463,132.2240100887393
1736,1e4be97a-ff75-4018-bd1b-6de790f25d23,9,1736,True,20845,20493,134.05008843114047
1737,1e4be97a-ff75-4018-bd1b-6de790f25d23,9,1737,True,20866,20514,134.25391552388464
1738,1e4be97a-ff75-4018-bd1b-6de790f25d23,9,1738,True,20895,20543,137.32812221041604
1739,1e4be97a-ff75-4018-bd1b-6de790f25d23,9,1739,True,20921,20569,119.66508665779475
1740,1e4be97a-ff75-4018-bd1b-6de790f25d23,9,1740,True,20942,20590,125.15279477006698
1741,1e4be97a-ff75-4018-bd1b-6de790f25d23,9,1741,True,20964,20612,165.8104315151104
1742,1e4be97a-ff75-4018-bd1b-6de790f25d23,9,1742,True,20987,20635,121.57824308199633
1743,1e4be97a-ff75-4018-bd1b-6de790f25d23,9,1743,True,21016,20664,147.10235206405196
1744,1e4be97a-ff75-4018-bd1b-6de790f25d23,9,1744,True,21051,20699,149.52720044802845
1745,1e4be97a-ff75-4018-bd1b-6de790f25d23,9,1745,True,21076,20724,150.9747518785989
1746,1e4be97a-ff75-4018-bd1b-6de790f25d23,9,1746,True,21104,20752,148.9247613314692
1747,1e4be97a-ff75-4018-bd1b-6de790f25d23,9,1747,True,21133,20781,170.66846826446272
1748,1e4be97a-ff75-4018-bd1b-6de790f25d23,9,1748,True,21159,20807,143.75208865634704
1749,1e4be97a-ff75-4018-bd1b-6de790f25d23,9,1749,True,21180,20828,206.3317751212926
1750,1e4be97a-ff75-4018-bd1b-6de790f25d23,9,1750,True,21207,20855,151.9744206214782
1751,1e4be97a-ff75-4018-bd1b-6de790f25d23,9,1751,True,21239,20887,201.18570357228964
1752,1e4be97a-ff75-4018-bd1b-6de790f25d23,9,1752,True,21273,20921,167.18570357228964
1753,1e4be97a-ff75-4018-bd1b-6de790f25d23,9,1753,True,21300,20948,162.99670135533597
1754,1e4be97a-ff75-4018-bd1b-6de790f25d23,9,1754,True,21321,20969,178.44914081224488
1755,1e4be97a-ff75-4018-bd1b-6de790f25d23,9,1755,True,21365,21013,145.9196468906448
1756,1e4be97a-ff75-4018-bd1b-6de790f25d23,9,1756,True,21396,21044,117.30165558753288
1757,1e4be97a-ff75-4018-bd1b-6de790f25d23,9,1757,True,21422,21070,115.49118309761616
1758,1e4be97a-ff75-4018-bd1b-6de790f25d23,9,1758,True,21452,21100,130.589872130633
1759,1e4be97a-ff75-4018-bd1b-6de790f25d23,9,1759,True,21471,21119,133.83876265671643
1760,1e4be97a-ff75-4018-bd1b-6de790f25d23,9,1760,True,21495,21143,118.54951983605861
1761,1e4be97a-ff75-4018-bd1b-6de790f25d23,9,1761,True,21522,21170,149.3502733936075
1762,1e4be97a-ff75-4018-bd1b-6de790f25d23,9,1762,True,21548,21196,123.37890094954128
1763,1e4be97a-ff75-4018-bd1b-6de790f25d23,9,1763,True,21577,21225,137.892156636266
1764,1e4be97a-ff75-4018-bd1b-6de790f25d23,9,1764,True,21603,21251,120.30373632743067
1765,1e4be97a-ff75-4018-bd1b-6de790f25d23,9,1765,True,21630,21278,135.6670676489848
1766,1e4be97a-ff75-4018-bd1b-6de790f25d23,9,1766,True,21663,21311,108.61886179478824
1767,1e4be97a-ff75-4018-bd1b-6de790f25d23,9,1767,True,21692,21340,114.08036553740749
1768,1e4be97a-ff75-4018-bd1b-6de790f25d23,9,1768,True,21725,21373,106.7497713807461
1769,1e4be97a-ff75-4018-bd1b-6de790f25d23,9,1769,True,21758,21406,98.73650839269249
1770,1e4be97a-ff75-4018-bd1b-6de790f25d23,9,1770,True,21791,21439,120.31760472882524
1771,1e4be97a-ff75-4018-bd1b-6de790f25d23,9,1771,True,21819,21467,145.35039587505526
1772,1e4be97a-ff75-4018-bd1b-6de790f25d23,9,1772,True,21842,21490,96.74088539295553
1773,1e4be97a-ff75-4018-bd1b-6de790f25d23,9,1773,True,21871,21519,145.24672828756957
1774,1e4be97a-ff75-4018-bd1b-6de790f25d23,9,1774,True,21888,21536,100.48898248109981
1775,1e4be97a-ff75-4018-bd1b-6de790f25d23,9,1775,True,21920,21568,126.86712004657966
1776,1e4be97a-ff75-4018-bd1b-6de790f25d23,9,1776,True,21943,21591,106.36958777286054
1777,1e4be97a-ff75-4018-bd1b-6de790f25d23,9,1777,True,21962,21610,113.56480602859665
1778,1e4be97a-ff75-4018-bd1b-6de790f25d23,9,1778,True,21984,21632,179.0594379177528
1779,1e4be97a-ff75-4018-bd1b-6de790f25d23,9,1779,True,22007,21655,138.7760826079866
1780,1e4be97a-ff75-4018-bd1b-6de790f25d23,9,1780,True,22023,21671,151.53107000937962
1781,1e4be97a-ff75-4018-bd1b-6de790f25d23,9,1781,True,22051,21699,122.99926048667112
1782,1e4be97a-ff75-4018-bd1b-6de790f25d23,9,1782,True,22077,21725,160.27583780472196
1783,1e4be97a-ff75-4018-bd1b-6de790f25d23,9,1783,True,22098,21746,137.32362445421313
1784,1e4be97a-ff75-4018-bd1b-6de790f25d23,9,1784,True,22115,21763,154.07581562477571
1785,1e4be97a-ff75-4018-bd1b-6de790f25d23,9,1785,True,22144,21792,173.9184205677775
1786,1e4be97a-ff75-4018-bd1b-6de790f25d23,9,1786,True,22179,21827,171.3255193479199
1787,1e4be97a-ff75-4018-bd1b-6de790f25d23,9,1787,True,22220,21868,122.34658809641405
1788,1e4be97a-ff75-4018-bd1b-6de790f25d23,9,1788,True,22240,21888,159.86156067793127
1789,1e4be97a-ff75-4018-bd1b-6de790f25d23,9,1789,True,22262,21910,162.46576145212384
1790,1e4be97a-ff75-4018-bd1b-6de790f25d23,9,1790,True,22292,21940,157.2777694406359
1791,1e4be97a-ff75-4018-bd1b-6de790f25d23,9,1791,True,22316,21964,160.34170000757513
1792,1e4be97a-ff75-4018-bd1b-6de790f25d23,9,1792,True,22338,21986,165.085988690862
1793,1e4be97a-ff75-4018-bd1b-6de790f25d23,9,1793,True,22359,22007,173.31042659341983
1794,1e4be97a-ff75-4018-bd1b-6de790f25d23,9,1794,True,22382,22030,149.90665399214413
1795,1e4be97a-ff75-4018-bd1b-6de790f25d23,9,1795,True,22421,22069,159.69897543842308
1796,1e4be97a-ff75-4018-bd1b-6de790f25d23,9,1796,True,22447,22095,226.82534564626621
1797,1e4be97a-ff75-4018-bd1b-6de790f25d23,9,1797,True,22465,22113,125.99340144309099
1798,1e4be97a-ff75-4018-bd1b-6de790f25d23,9,1798,True,22495,22143,270.761791054716
1799,1e4be97a-ff75-4018-bd1b-6de790f25d23,9,1799,True,22521,22169,251.61930579683758
1800,1e4be97a-ff75-4018-bd1b-6de790f25d23,9,1800,True,22547,22195,195.21198169516356
1801,1e4be97a-ff75-4018-bd1b-6de790f25d23,9,1801,True,22572,22220,301.01183546053653
1802,1e4be97a-ff75-4018-bd1b-6de790f25d23,9,1802,True,22592,22240,263.39565950795077
1803,1e4be97a-ff75-4018-bd1b-6de790f25d23,9,1803,True,22621,22269,329.2768658060304
1804,1e4be97a-ff75-4018-bd1b-6de790f25d23,9,1804,True,22646,22294,304.2768658060304
1805,1e4be97a-ff75-4018-bd1b-6de790f25d23,9,1805,True,22669,22317,301.8727542939341
1806,1e4be97a-ff75-4018-bd1b-6de790f25d23,9,1806,True,22691,22339,259.2768658060304
1807,1e4be97a-ff75-4018-bd1b-6de790f25d23,9,1807,True,22722,22370,235.32203110541377
1808,1e4be97a-ff75-4018-bd1b-6de790f25d23,9,1808,True,22749,22397,270.6154083585352
1809,1e4be97a-ff75-4018-bd1b-6de790f25d23,9,1809,True,22767,22415,249.26753368752907
1810,1e4be97a-ff75-4018-bd1b-6de790f25d23,9,1810,True,22792,22440,233.91216691161026
1811,1e4be97a-ff75-4018-bd1b-6de790f25d23,9,1811,True,22815,22463,270.78140274782345
1812,1e4be97a-ff75-4018-bd1b-6de790f25d23,9,1812,True,22837,22485,325.30872905170327
1813,1e4be97a-ff75-4018-bd1b-6de790f25d23,9,1813,True,22862,22510,266.75845904081507
1814,1e4be97a-ff75-4018-bd1b-6de790f25d23,9,1814,True,22888,22536,249.65426339740952
1815,1e4be97a-ff75-4018-bd1b-6de790f25d23,9,1815,True,22923,22571,170.5228750896713
1816,1e4be97a-ff75-4018-bd1b-6de790f25d23,9,1816,True,22954,22602,259.4052626312514
1817,1e4be97a-ff75-4018-bd1b-6de790f25d23,9,1817,True,22980,22628,233.4052626312514
1818,1e4be97a-ff75-4018-bd1b-6de790f25d23,9,1818,True,23006,22654,269.04856328000096
1819,1e4be97a-ff75-4018-bd1b-6de790f25d23,9,1819,True,23037,22685,244.19475464732022
1820,1e4be97a-ff75-4018-bd1b-6de790f25d23,9,1820,True,23058,22706,217.04856328000096
1821,1e4be97a-ff75-4018-bd1b-6de790f25d23,9,1821,True,23097,22745,251.97810676172594
1822,1e4be97a-ff75-4018-bd1b-6de790f25d23,9,1822,True,23120,22768,232.8088290164378
1823,1e4be97a-ff75-4018-bd1b-6de790f25d23,9,1823,True,23150,22798,198.97810676172594
1824,1e4be97a-ff75-4018-bd1b-6de790f25d23,9,1824,True,23176,22824,197.8669260663046
1825,1e4be97a-ff75-4018-bd1b-6de790f25d23,9,1825,True,23205,22853,199.23682172312328
1826,1e4be97a-ff75-4018-bd1b-6de790f25d23,9,1826,True,23227,22875,214.4796038649365
1827,1e4be97a-ff75-4018-bd1b-6de790f25d23,9,1827,True,23256,22904,185.4796038649365
1828,1e4be97a-ff75-4018-bd1b-6de790f25d23,9,1828,True,23279,22927,211.24436707846326
1829,1e4be97a-ff75-4018-bd1b-6de790f25d23,9,1829,True,23311,22959,162.6880775418649
1830,1e4be97a-ff75-4018-bd1b-6de790f25d23,9,1830,True,23335,22983,183.28036055663324
1831,1e4be97a-ff75-4018-bd1b-6de790f25d23,9,1831,True,23364,23012,158.6858876488077
1832,1e4be97a-ff75-4018-bd1b-6de790f25d23,9,1832,True,23396,23044,170.4158051202976
1833,1e4be97a-ff75-4018-bd1b-6de790f25d23,9,1833,True,23424,23072,188.82174612379458
1834,1e4be97a-ff75-4018-bd1b-6de790f25d23,9,1834,True,23448,23096,147.10266157461228
1835,1e4be97a-ff75-4018-bd1b-6de790f25d23,9,1835,True,23477,23125,155.15801529608143
1836,1e4be97a-ff75-4018-bd1b-6de790f25d23,9,1836,True,23501,23149,172.3248986299186
1837,1e4be97a-ff75-4018-bd1b-6de790f25d23,9,1837,True,23529,23177,153.03534979196047
1838,1e4be97a-ff75-4018-bd1b-6de790f25d23,9,1838,True,23561,23209,195.68891212304152
1839,1e4be97a-ff75-4018-bd1b-6de790f25d23,9,1839,True,23583,23231,150.5794422420513
1840,1e4be97a-ff75-4018-bd1b-6de790f25d23,9,1840,True,23602,23250,178.59805717175186
1841,1e4be97a-ff75-4018-bd1b-6de790f25d23,9,1841,True,23630,23278,127.4728162779029
1842,1e4be97a-ff75-4018-bd1b-6de790f25d23,9,1842,True,23658,23306,175.84629175707232
1843,1e4be97a-ff75-4018-bd1b-6de790f25d23,9,1843,True,23680,23328,152.0819128295916
1844,1e4be97a-ff75-4018-bd1b-6de790f25d23,9,1844,True,23714,23362,219.4470378938604
1845,1e4be97a-ff75-4018-bd1b-6de790f25d23,9,1845,True,23749,23397,182.21056173347824
1846,1e4be97a-ff75-4018-bd1b-6de790f25d23,9,1846,True,23782,23430,204.96959246800907
1847,1e4be97a-ff75-4018-bd1b-6de790f25d23,9,1847,True,23811,23459,166.68889323601252
1848,1e4be97a-ff75-4018-bd1b-6de790f25d23,9,1848,True,23835,23483,192.0695193514366
1849,1e4be97a-ff75-4018-bd1b-6de790f25d23,9,1849,True,23858,23506,168.06352483337105
1850,1e4be97a-ff75-4018-bd1b-6de790f25d23,9,1850,True,23887,23535,191.39575306129336
1851,1e4be97a-ff75-4018-bd1b-6de790f25d23,9,1851,True,23914,23562,164.27332915996885
1852,1e4be97a-ff75-4018-bd1b-6de790f25d23,9,1852,True,23933,23581,145.39575306129336
1853,1e4be97a-ff75-4018-bd1b-6de790f25d23,9,1853,True,23955,23603,178.1574204629651
1854,1e4be97a-ff75-4018-bd1b-6de790f25d23,9,1854,True,23978,23626,183.40686631122298
1855,1e4be97a-ff75-4018-bd1b-6de790f25d23,9,1855,True,24004,23652,183.7655128817678
1856,1e4be97a-ff75-4018-bd1b-6de790f25d23,9,1856,True,24034,23682,203.75070629643233
1857,1e4be97a-ff75-4018-bd1b-6de790f25d23,9,1857,True,24072,23720,139.48246349586407
1858,1e4be97a-ff75-4018-bd1b-6de790f25d23,9,1858,True,24099,23747,219.21597498167102
1859,1e4be97a-ff75-4018-bd1b-6de790f25d23,9,1859,True,24129,23777,157.29002673379728
1860,1e4be97a-ff75-4018-bd1b-6de790f25d23,9,1860,True,24160,23808,209.5306019726777
1861,1e4be97a-ff75-4018-bd1b-6de790f25d23,9,1861,True,24195,23843,174.5306019726777
1862,1e4be97a-ff75-4018-bd1b-6de790f25d23,9,1862,True,24219,23867,161.07260506941748
1863,1e4be97a-ff75-4018-bd1b-6de790f25d23,9,1863,True,24247,23895,175.34200322204924
1864,1e4be97a-ff75-4018-bd1b-6de790f25d23,9,1864,True,24270,23918,163.32410265421277
1865,1e4be97a-ff75-4018-bd1b-6de790f25d23,9,1865,True,24302,23950,167.7047566506044
1866,1e4be97a-ff75-4018-bd1b-6de790f25d23,9,1866,True,24328,23976,132.09561753858725
1867,1e4be97a-ff75-4018-bd1b-6de790f25d23,9,1867,True,24366,24014,179.7411886185182
1868,1e4be97a-ff75-4018-bd1b-6de790f25d23,9,1868,True,24398,24046,125.09883701110084
1869,1e4be97a-ff75-4018-bd1b-6de790f25d23,9,1869,True,24424,24072,162.46433523304222
1870,1e4be97a-ff75-4018-bd1b-6de790f25d23,9,1870,True,24454,24102,146.08759503091642
1871,1e4be97a-ff75-4018-bd1b-6de790f25d23,9,1871,True,24483,24131,156.22234659887545
1872,1e4be97a-ff75-4018-bd1b-6de790f25d23,9,1872,True,24511,24159,144.03485659145008
1873,1e4be97a-ff75-4018-bd1b-6de790f25d23,9,1873,True,24538,24186,167.08752838930013
1874,1e4be97a-ff75-4018-bd1b-6de790f25d23,9,1874,True,24570,24218,161.49907253027413
1875,1e4be97a-ff75-4018-bd1b-6de790f25d23,9,1875,True,24596,24244,129.51909233738843
1876,1e4be97a-ff75-4018-bd1b-6de790f25d23,9,1876,True,24619,24267,139.27094089153252
1877,1e4be97a-ff75-4018-bd1b-6de790f25d23,9,1877,True,24655,24303,129.05182500016963
1878,1e4be97a-ff75-4018-bd1b-6de790f25d23,9,1878,True,24689,24337,139.6980013705106
1879,1e4be97a-ff75-4018-bd1b-6de790f25d23,9,1879,True,24729,24377,130.2660307610895
1880,1e4be97a-ff75-4018-bd1b-6de790f25d23,9,1880,True,24754,24402,146.44800985307666
1881,1e4be97a-ff75-4018-bd1b-6de790f25d23,9,1881,True,24781,24429,130.52950125816278
1882,1e4be97a-ff75-4018-bd1b-6de790f25d23,9,1882,True,24805,24453,121.05204959252296
1883,1e4be97a-ff75-4018-bd1b-6de790f25d23,9,1883,True,24830,24478,143.3517419695745
1884,1e4be97a-ff75-4018-bd1b-6de790f25d23,9,1884,True,24864,24512,164.1562738007524
1885,1e4be97a-ff75-4018-bd1b-6de790f25d23,9,1885,True,24885,24533,147.05482834019494
1886,1e4be97a-ff75-4018-bd1b-6de790f25d23,9,1886,True,24924,24572,138.9660731094409
1887,1e4be97a-ff75-4018-bd1b-6de790f25d23,9,1887,True,24949,24597,128.0000503559786
1888,1e4be97a-ff75-4018-bd1b-6de790f25d23,9,1888,True,24979,24627,133.6900263492862
1889,1e4be97a-ff75-4018-bd1b-6de790f25d23,9,1889,True,24999,24647,133.60930975511656
1890,1e4be97a-ff75-4018-bd1b-6de790f25d23,9,1890,True,25024,24672,143.85977771358375
1891,1e4be97a-ff75-4018-bd1b-6de790f25d23,9,1891,True,25063,24711,130.96106579700427
1892,1e4be97a-ff75-4018-bd1b-6de790f25d23,9,1892,True,25097,24745,112.84888004798631
1893,1e4be97a-ff75-4018-bd1b-6de790f25d23,9,1893,True,25128,24776,138.6000888105773
1894,1e4be97a-ff75-4018-bd1b-6de790f25d23,9,1894,True,25159,24807,111.65536747746592
1895,1e4be97a-ff75-4018-bd1b-6de790f25d23,9,1895,True,25194,24842,110.33614056020087
1896,1e4be97a-ff75-4018-bd1b-6de790f25d23,9,1896,True,25221,24869,107.0617303746294
1897,1e4be97a-ff75-4018-bd1b-6de790f25d23,9,1897,True,25247,24895,108.12079078118404
1898,1e4be97a-ff75-4018-bd1b-6de790f25d23,9,1898,True,25281,24929,136.47953242253425
1899,1e4be97a-ff75-4018-bd1b-6de790f25d23,9,1899,True,25303,24951,113.5969233614669
1900,1e4be97a-ff75-4018-bd1b-6de790f25d23,9,1900,True,25331,24979,132.11853160562896
1901,1e4be97a-ff75-4018-bd1b-6de790f25d23,9,1901,True,25358,25006,105.57682164575453
1902,1e4be97a-ff75-4018-bd1b-6de790f25d23,9,1902,True,25378,25026,106.80987662128973
1903,1e4be97a-ff75-4018-bd1b-6de790f25d23,9,1903,True,25408,25056,103.00280263950845
1904,1e4be97a-ff75-4018-bd1b-6de790f25d23,9,1904,True,25434,25082,138.56621809091303
1905,1e4be97a-ff75-4018-bd1b-6de790f25d23,9,1905,True,25465,25113,143.56111462517947
1906,1e4be97a-ff75-4018-bd1b-6de790f25d23,9,1906,True,25491,25139,166.71681629566592
1907,1e4be97a-ff75-4018-bd1b-6de790f25d23,9,1907,True,25522,25170,135.62166234961478
1908,1e4be97a-ff75-4018-bd1b-6de790f25d23,9,1908,True,25546,25194,181.38005689949205
1909,1e4be97a-ff75-4018-bd1b-6de790f25d23,9,1909,True,25585,25233,121.92332539943163
1910,1e4be97a-ff75-4018-bd1b-6de790f25d23,9,1910,True,25617,25265,138.60284579172003
1911,1e4be97a-ff75-4018-bd1b-6de790f25d23,9,1911,True,25638,25286,117.3500834133556
1912,1e4be97a-ff75-4018-bd1b-6de790f25d23,9,1912,True,25664,25312,139.31168913868532
1913,1e4be97a-ff75-4018-bd1b-6de790f25d23,9,1913,True,25689,25337,122.77875297639548
1914,1e4be97a-ff75-4018-bd1b-6de790f25d23,9,1914,True,25716,25364,147.91371647744745
1915,1e4be97a-ff75-4018-bd1b-6de790f25d23,9,1915,True,25744,25392,115.61225020053098
1916,1e4be97a-ff75-4018-bd1b-6de790f25d23,9,1916,True,25768,25416,121.69773892007652
1917,1e4be97a-ff75-4018-bd1b-6de790f25d23,9,1917,True,25798,25446,101.41347698307436
1918,1e4be97a-ff75-4018-bd1b-6de790f25d23,9,1918,True,25824,25472,102.06604076973599
1919,1e4be97a-ff75-4018-bd1b-6de790f25d23,9,1919,True,25857,25505,118.28957092393466
1920,1e4be97a-ff75-4018-bd1b-6de790f25d23,9,1920,True,25890,25538,204.62903320777332
1921,1e4be97a-ff75-4018-bd1b-6de790f25d23,9,1921,True,25916,25564,151.57919216198206
1922,1e4be97a-ff75-4018-bd1b-6de790f25d23,9,1922,True,25940,25588,181.99879529046302
1923,1e4be97a-ff75-4018-bd1b-6de790f25d23,9,1923,True,25968,25616,174.08519120244455
1924,1e4be97a-ff75-4018-bd1b-6de790f25d23,9,1924,True,25995,25643,199.2781972230987
1925,1e4be97a-ff75-4018-bd1b-6de790f25d23,9,1925,True,26020,25668,197.97929549538458
1926,1e4be97a-ff75-4018-bd1b-6de790f25d23,9,1926,True,26043,25691,174.97929549538458
1927,1e4be97a-ff75-4018-bd1b-6de790f25d23,9,1927,True,26066,25714,180.6105619290429
1928,1e4be97a-ff75-4018-bd1b-6de790f25d23,9,1928,True,26098,25746,168.62279514751935
1929,1e4be97a-ff75-4018-bd1b-6de790f25d23,9,1929,True,26118,25766,177.52505936413945
1930,1e4be97a-ff75-4018-bd1b-6de790f25d23,9,1930,True,26145,25793,176.3592749584932
1931,1e4be97a-ff75-4018-bd1b-6de790f25d23,9,1931,True,26173,25821,174.39185694024854
1932,1e4be97a-ff75-4018-bd1b-6de790f25d23,9,1932,True,26199,25847,149.0643780423161
1933,1e4be97a-ff75-4018-bd1b-6de790f25d23,9,1933,True,26230,25878,216.18425527910586
1934,1e4be97a-ff75-4018-bd1b-6de790f25d23,9,1934,True,26253,25901,167.32374451848955
1935,1e4be97a-ff75-4018-bd1b-6de790f25d23,9,1935,True,26275,25923,201.47271698122495
1936,1e4be97a-ff75-4018-bd1b-6de790f25d23,9,1936,True,26301,25949,195.7160762797066
1937,1e4be97a-ff75-4018-bd1b-6de790f25d23,9,1937,True,26326,25974,173.44714261059562
1938,1e4be97a-ff75-4018-bd1b-6de790f25d23,9,1938,True,26357,26005,185.95176088539665
1939,1e4be97a-ff75-4018-bd1b-6de790f25d23,9,1939,True,26389,26037,157.26051327153618
1940,1e4be97a-ff75-4018-bd1b-6de790f25d23,9,1940,True,26423,26071,162.62213959332803
1941,1e4be97a-ff75-4018-bd1b-6de790f25d23,9,1941,True,26454,26102,132.55882136542277
1942,1e4be97a-ff75-4018-bd1b-6de790f25d23,9,1942,True,26477,26125,168.37395441826084
1943,1e4be97a-ff75-4018-bd1b-6de790f25d23,9,1943,True,26502,26150,180.29697779457274
1944,1e4be97a-ff75-4018-bd1b-6de790f25d23,9,1944,True,26525,26173,160.29045298312485
1945,1e4be97a-ff75-4018-bd1b-6de790f25d23,9,1945,True,26543,26191,115.51942357134976
1946,1e4be97a-ff75-4018-bd1b-6de790f25d23,9,1946,True,26572,26220,216.70098180074638
1947,1e4be97a-ff75-4018-bd1b-6de790f25d23,9,1947,True,26598,26246,192.32532141013507
1948,1e4be97a-ff75-4018-bd1b-6de790f25d23,9,1948,True,26626,26274,210.3799603634725
1949,1e4be97a-ff75-4018-bd1b-6de790f25d23,9,1949,True,26643,26291,170.25792410860595
1950,1e4be97a-ff75-4018-bd1b-6de790f25d23,9,1950,True,26667,26315,147.59710840623666
1951,1e4be97a-ff75-4018-bd1b-6de790f25d23,9,1951,True,26689,26337,177.19096114688728
1952,1e4be97a-ff75-4018-bd1b-6de790f25d23,9,1952,True,26710,26358,199.94209673780642
1953,1e4be97a-ff75-4018-bd1b-6de790f25d23,9,1953,True,26731,26379,163.84727036365803
1954,1e4be97a-ff75-4018-bd1b-6de790f25d23,9,1954,True,26767,26415,148.59377866260547
1955,1e4be97a-ff75-4018-bd1b-6de790f25d23,9,1955,True,26800,26448,211.8704535121724
1956,1e4be97a-ff75-4018-bd1b-6de790f25d23,9,1956,True,26822,26470,162.06590296212016
1957,1e4be97a-ff75-4018-bd1b-6de790f25d23,9,1957,True,26858,26506,203.84700026616702
1958,1e4be97a-ff75-4018-bd1b-6de790f25d23,9,1958,True,26893,26541,186.11809845703465
1959,1e4be97a-ff75-4018-bd1b-6de790f25d23,9,1959,True,26917,26565,168.45062929631604
1960,1e4be97a-ff75-4018-bd1b-6de790f25d23,9,1960,True,26943,26591,145.65781667522242
1961,1e4be97a-ff75-4018-bd1b-6de790f25d23,9,1961,True,26971,26619,163.2128985497584
1962,1e4be97a-ff75-4018-bd1b-6de790f25d23,9,1962,True,27002,26650,162.58666162905138
1963,1e4be97a-ff75-4018-bd1b-6de790f25d23,9,1963,True,27027,26675,146.22236305145634
1964,1e4be97a-ff75-4018-bd1b-6de790f25d23,9,1964,True,27060,26708,154.83093674996053
1965,1e4be97a-ff75-4018-bd1b-6de790f25d23,9,1965,True,27090,26738,131.7012972107259
1966,1e4be97a-ff75-4018-bd1b-6de790f25d23,9,1966,True,27118,26766,150.2393847891908
1967,1e4be97a-ff75-4018-bd1b-6de790f25d23,9,1967,True,27144,26792,140.60293231580727
1968,1e4be97a-ff75-4018-bd1b-6de790f25d23,9,1968,True,27169,26817,202.57237987873305
1969,1e4be97a-ff75-4018-bd1b-6de790f25d23,9,1969,True,27191,26839,155.37923717523518
1970,1e4be97a-ff75-4018-bd1b-6de790f25d23,9,1970,True,27230,26878,164.8653982019423
1971,1e4be97a-ff75-4018-bd1b-6de790f25d23,9,1971,True,27262,26910,140.64935297127158
1972,1e4be97a-ff75-4018-bd1b-6de790f25d23,9,1972,True,27294,26942,195.4269856176361
1973,1e4be97a-ff75-4018-bd1b-6de790f25d23,9,1973,True,27324,26972,152.22026402057236
1974,1e4be97a-ff75-4018-bd1b-6de790f25d23,9,1974,True,27354,27002,167.87689967204278
1975,1e4be97a-ff75-4018-bd1b-6de790f25d23,9,1975,True,27372,27020,150.65936766758387
1976,1e4be97a-ff75-4018-bd1b-6de790f25d23,9,1976,True,27397,27045,153.0487855580468
1977,1e4be97a-ff75-4018-bd1b-6de790f25d23,9,1977,True,27422,27070,142.63422820352935
1978,1e4be97a-ff75-4018-bd1b-6de790f25d23,9,1978,True,27451,27099,151.42903455682972
1979,1e4be97a-ff75-4018-bd1b-6de790f25d23,9,1979,True,27477,27125,127.33655195997926
1980,1e4be97a-ff75-4018-bd1b-6de790f25d23,9,1980,True,27499,27147,159.61137499734468
1981,1e4be97a-ff75-4018-bd1b-6de790f25d23,9,1981,True,27523,27171,182.91102096361647
1982,1e4be97a-ff75-4018-bd1b-6de790f25d23,9,1982,True,27552,27200,156.81347590886435
1983,1e4be97a-ff75-4018-bd1b-6de790f25d23,9,1983,True,27578,27226,162.95676573282253
1984,1e4be97a-ff75-4018-bd1b-6de790f25d23,9,1984,True,27601,27249,148.77758215709764
1985,1e4be97a-ff75-4018-bd1b-6de790f25d23,9,1985,True,27634,27282,168.7288834120518
1986,1e4be97a-ff75-4018-bd1b-6de790f25d23,9,1986,True,27659,27307,156.52885166762644
1987,1e4be97a-ff75-4018-bd1b-6de790f25d23,9,1987,True,27684,27332,198.8485729242966
1988,1e4be97a-ff75-4018-bd1b-6de790f25d23,9,1988,True,27713,27361,164.3568808977543
1989,1e4be97a-ff75-4018-bd1b-6de790f25d23,9,1989,True,27739,27387,224.10562061796736
1990,1e4be97a-ff75-4018-bd1b-6de790f25d23,9,1990,True,27760,27408,203.34774489741903
1991,1e4be97a-ff75-4018-bd1b-6de790f25d23,9,1991,True,27781,27429,178.2167923015113
1992,1e4be97a-ff75-4018-bd1b-6de790f25d23,9,1992,True,27818,27466,206.51364722761718
1993,1e4be97a-ff75-4018-bd1b-6de790f25d23,9,1993,True,27860,27508,185.84049747389508
1994,1e4be97a-ff75-4018-bd1b-6de790f25d23,9,1994,True,27892,27540,205.4494894485979
1995,1e4be97a-ff75-4018-bd1b-6de790f25d23,9,1995,True,27927,27575,164.16106263179609
1996,1e4be97a-ff75-4018-bd1b-6de790f25d23,9,1996,True,27955,27603,150.37243535275775
1997,1e4be97a-ff75-4018-bd1b-6de790f25d23,9,1997,True,27980,27628,167.76209844267942
1998,1e4be97a-ff75-4018-bd1b-6de790f25d23,9,1998,True,28012,27660,130.27008058749925
1999,1e4be97a-ff75-4018-bd1b-6de790f25d23,9,1999,True,28041,27689,133.23420749353318
2000,807db7d0-800f-439e-83c1-e9a74a8f0573,10,2000,True,418,16,79.16270699263497
2001,807db7d0-800f-439e-83c1-e9a74a8f0573,10,2001,True,445,43,105.25431174087686
2002,807db7d0-800f-439e-83c1-e9a74a8f0573,10,2002,True,472,70,101.58206912152474
2003,807db7d0-800f-439e-83c1-e9a74a8f0573,10,2003,True,513,111,86.40702859215449
2004,807db7d0-800f-439e-83c1-e9a74a8f0573,10,2004,True,541,139,91.51206397128126
2005,807db7d0-800f-439e-83c1-e9a74a8f0573,10,2005,True,577,175,105.347269221425
2006,807db7d0-800f-439e-83c1-e9a74a8f0573,10,2006,True,609,207,119.07581641863783
2007,807db7d0-800f-439e-83c1-e9a74a8f0573,10,2007,True,634,232,120.03985372470788
2008,807db7d0-800f-439e-83c1-e9a74a8f0573,10,2008,True,668,266,108.28233961571357
2009,807db7d0-800f-439e-83c1-e9a74a8f0573,10,2009,True,698,296,128.21600520288848
2010,807db7d0-800f-439e-83c1-e9a74a8f0573,10,2010,True,724,322,155.73830736810186
2011,807db7d0-800f-439e-83c1-e9a74a8f0573,10,2011,True,750,348,150.52480146022202
2012,807db7d0-800f-439e-83c1-e9a74a8f0573,10,2012,True,777,375,119.55217029758933
2013,807db7d0-800f-439e-83c1-e9a74a8f0573,10,2013,True,802,400,144.74806648553022
2014,807db7d0-800f-439e-83c1-e9a74a8f0573,10,2014,True,824,422,126.74284099814167
2015,807db7d0-800f-439e-83c1-e9a74a8f0573,10,2015,True,852,450,146.83416850905348
2016,807db7d0-800f-439e-83c1-e9a74a8f0573,10,2016,True,876,474,130.14664270446735
2017,807db7d0-800f-439e-83c1-e9a74a8f0573,10,2017,True,903,501,148.82945373952134
2018,807db7d0-800f-439e-83c1-e9a74a8f0573,10,2018,True,944,542,118.03323673195109
2019,807db7d0-800f-439e-83c1-e9a74a8f0573,10,2019,True,971,569,148.9553849664444
2020,807db7d0-800f-439e-83c1-e9a74a8f0573,10,2020,True,999,597,149.17981242733072
2021,807db7d0-800f-439e-83c1-e9a74a8f0573,10,2021,True,1023,621,123.02898601883726
2022,807db7d0-800f-439e-83c1-e9a74a8f0573,10,2022,True,1044,642,131.0997787680359
2023,807db7d0-800f-439e-83c1-e9a74a8f0573,10,2023,True,1074,672,125.67800275716445
2024,807db7d0-800f-439e-83c1-e9a74a8f0573,10,2024,True,1102,700,178.978241392133
2025,807db7d0-800f-439e-83c1-e9a74a8f0573,10,2025,True,1133,731,147.17204380957844
2026,807db7d0-800f-439e-83c1-e9a74a8f0573,10,2026,True,1165,763,164.22066538335469
2027,807db7d0-800f-439e-83c1-e9a74a8f0573,10,2027,True,1190,788,150.58065934191734
2028,807db7d0-800f-439e-83c1-e9a74a8f0573,10,2028,True,1210,808,168.82649627607657
2029,807db7d0-800f-439e-83c1-e9a74a8f0573,10,2029,True,1243,841,148.26517225685302
2030,807db7d0-800f-439e-83c1-e9a74a8f0573,10,2030,True,1269,867,158.20133591727358
2031,807db7d0-800f-439e-83c1-e9a74a8f0573,10,2031,True,1303,901,169.75567559042588
2032,807db7d0-800f-439e-83c1-e9a74a8f0573,10,2032,True,1338,936,140.35039410251716
2033,807db7d0-800f-439e-83c1-e9a74a8f0573,10,2033,True,1370,968,138.83877238719106
2034,807db7d0-800f-439e-83c1-e9a74a8f0573,10,2034,True,1392,990,163.7015183256126
2035,807db7d0-800f-439e-83c1-e9a74a8f0573,10,2035,True,1414,1012,151.27090444347436
2036,807db7d0-800f-439e-83c1-e9a74a8f0573,10,2036,True,1442,1040,196.8031347743422
2037,807db7d0-800f-439e-83c1-e9a74a8f0573,10,2037,True,1464,1062,174.8031347743422
2038,807db7d0-800f-439e-83c1-e9a74a8f0573,10,2038,True,1479,1077,200.66193156390068
2039,807db7d0-800f-439e-83c1-e9a74a8f0573,10,2039,True,1508,1106,194.56926246916328
2040,807db7d0-800f-439e-83c1-e9a74a8f0573,10,2040,True,1538,1136,167.0557834807521
2041,807db7d0-800f-439e-83c1-e9a74a8f0573,10,2041,True,1575,1173,201.76556331494794
2042,807db7d0-800f-439e-83c1-e9a74a8f0573,10,2042,True,1599,1197,154.85660981068804
2043,807db7d0-800f-439e-83c1-e9a74a8f0573,10,2043,True,1630,1228,169.8552285155697
2044,807db7d0-800f-439e-83c1-e9a74a8f0573,10,2044,True,1655,1253,145.62562167054875
2045,807db7d0-800f-439e-83c1-e9a74a8f0573,10,2045,True,1684,1282,168.35980942212154
2046,807db7d0-800f-439e-83c1-e9a74a8f0573,10,2046,True,1706,1304,152.70224214195423
2047,807db7d0-800f-439e-83c1-e9a74a8f0573,10,2047,True,1738,1336,173.44436478608782
2048,807db7d0-800f-439e-83c1-e9a74a8f0573,10,2048,True,1760,1358,138.27125141600072
2049,807db7d0-800f-439e-83c1-e9a74a8f0573,10,2049,True,1790,1388,163.59605878836305
2050,807db7d0-800f-439e-83c1-e9a74a8f0573,10,2050,True,1818,1416,157.22266239898067
2051,807db7d0-800f-439e-83c1-e9a74a8f0573,10,2051,True,1843,1441,166.93698801541814
2052,807db7d0-800f-439e-83c1-e9a74a8f0573,10,2052,True,1865,1463,162.06691070594297
2053,807db7d0-800f-439e-83c1-e9a74a8f0573,10,2053,True,1892,1490,160.90411220193232
2054,807db7d0-800f-439e-83c1-e9a74a8f0573,10,2054,True,1919,1517,140.5182996114679
2055,807db7d0-800f-439e-83c1-e9a74a8f0573,10,2055,True,1948,1546,163.07287743189204
2056,807db7d0-800f-439e-83c1-e9a74a8f0573,10,2056,True,1976,1574,149.65486109181688
2057,807db7d0-800f-439e-83c1-e9a74a8f0573,10,2057,True,2008,1606,217.55460525144963
2058,807db7d0-800f-439e-83c1-e9a74a8f0573,10,2058,True,2035,1633,188.65693189652984
2059,807db7d0-800f-439e-83c1-e9a74a8f0573,10,2059,True,2072,1670,235.01185496936932
2060,807db7d0-800f-439e-83c1-e9a74a8f0573,10,2060,True,2101,1699,290.8226117380659
2061,807db7d0-800f-439e-83c1-e9a74a8f0573,10,2061,True,2128,1726,268.6604250826033
2062,807db7d0-800f-439e-83c1-e9a74a8f0573,10,2062,True,2158,1756,233.82261173806592
2063,807db7d0-800f-439e-83c1-e9a74a8f0573,10,2063,True,2185,1783,205.14947775624273
2064,807db7d0-800f-439e-83c1-e9a74a8f0573,10,2064,True,2203,1801,193.6604250826033
2065,807db7d0-800f-439e-83c1-e9a74a8f0573,10,2065,True,2237,1835,225.8273776049855
2066,807db7d0-800f-439e-83c1-e9a74a8f0573,10,2066,True,2259,1857,269.7745128200604
2067,807db7d0-800f-439e-83c1-e9a74a8f0573,10,2067,True,2291,1889,165.49303880854586
2068,807db7d0-800f-439e-83c1-e9a74a8f0573,10,2068,True,2320,1918,208.7745128200604
2069,807db7d0-800f-439e-83c1-e9a74a8f0573,10,2069,True,2334,1932,191.34868085905964
2070,807db7d0-800f-439e-83c1-e9a74a8f0573,10,2070,True,2368,1966,210.90006495479474
2071,807db7d0-800f-439e-83c1-e9a74a8f0573,10,2071,True,2402,2000,155.05850695285244
2072,807db7d0-800f-439e-83c1-e9a74a8f0573,10,2072,True,2428,2026,201.50959489026718
2073,807db7d0-800f-439e-83c1-e9a74a8f0573,10,2073,True,2455,2053,149.02534866347196
2074,807db7d0-800f-439e-83c1-e9a74a8f0573,10,2074,True,2484,2082,172.3445358374588
2075,807db7d0-800f-439e-83c1-e9a74a8f0573,10,2075,True,2509,2107,175.6001620949014
2076,807db7d0-800f-439e-83c1-e9a74a8f0573,10,2076,True,2535,2133,143.12222443046267
2077,807db7d0-800f-439e-83c1-e9a74a8f0573,10,2077,True,2564,2162,164.8280560159278
2078,807db7d0-800f-439e-83c1-e9a74a8f0573,10,2078,True,2588,2186,163.37959800115505
2079,807db7d0-800f-439e-83c1-e9a74a8f0573,10,2079,True,2615,2213,175.72824113330398
2080,807db7d0-800f-439e-83c1-e9a74a8f0573,10,2080,True,2647,2245,160.40245180577904
2081,807db7d0-800f-439e-83c1-e9a74a8f0573,10,2081,True,2672,2270,142.71947328938586
2082,807db7d0-800f-439e-83c1-e9a74a8f0573,10,2082,True,2689,2287,162.50041914857547
2083,807db7d0-800f-439e-83c1-e9a74a8f0573,10,2083,True,2725,2323,134.94769729157133
2084,807db7d0-800f-439e-83c1-e9a74a8f0573,10,2084,True,2753,2351,150.6511386035345
2085,807db7d0-800f-439e-83c1-e9a74a8f0573,10,2085,True,2778,2376,151.3887098087671
2086,807db7d0-800f-439e-83c1-e9a74a8f0573,10,2086,True,2807,2405,128.35280524844438
2087,807db7d0-800f-439e-83c1-e9a74a8f0573,10,2087,True,2827,2425,167.15470735204372
2088,807db7d0-800f-439e-83c1-e9a74a8f0573,10,2088,True,2869,2467,134.4094343389629
2089,807db7d0-800f-439e-83c1-e9a74a8f0573,10,2089,True,2898,2496,112.13294514827703
2090,807db7d0-800f-439e-83c1-e9a74a8f0573,10,2090,True,2927,2525,145.0047195150205
2091,807db7d0-800f-439e-83c1-e9a74a8f0573,10,2091,True,2956,2554,118.12545184773217
2092,807db7d0-800f-439e-83c1-e9a74a8f0573,10,2092,True,2982,2580,166.52763794533575
2093,807db7d0-800f-439e-83c1-e9a74a8f0573,10,2093,True,3012,2610,140.52268700832656
2094,807db7d0-800f-439e-83c1-e9a74a8f0573,10,2094,True,3042,2640,183.00068081603604
2095,807db7d0-800f-439e-83c1-e9a74a8f0573,10,2095,True,3067,2665,134.15353588269954
2096,807db7d0-800f-439e-83c1-e9a74a8f0573,10,2096,True,3103,2701,131.33791459571103
2097,807db7d0-800f-439e-83c1-e9a74a8f0573,10,2097,True,3134,2732,157.70932321209466
2098,807db7d0-800f-439e-83c1-e9a74a8f0573,10,2098,True,3156,2754,146.9771430222777
2099,807db7d0-800f-439e-83c1-e9a74a8f0573,10,2099,True,3183,2781,147.0635921392518
2100,807db7d0-800f-439e-83c1-e9a74a8f0573,10,2100,True,3213,2811,118.38850369192141
2101,807db7d0-800f-439e-83c1-e9a74a8f0573,10,2101,True,3238,2836,126.74038640971958
2102,807db7d0-800f-439e-83c1-e9a74a8f0573,10,2102,True,3261,2859,160.69249642952218
2103,807db7d0-800f-439e-83c1-e9a74a8f0573,10,2103,True,3284,2882,148.3856018705501
2104,807db7d0-800f-439e-83c1-e9a74a8f0573,10,2104,True,3311,2909,188.04163192873602
2105,807db7d0-800f-439e-83c1-e9a74a8f0573,10,2105,True,3338,2936,207.85764883154934
2106,807db7d0-800f-439e-83c1-e9a74a8f0573,10,2106,True,3373,2971,160.64833929727
2107,807db7d0-800f-439e-83c1-e9a74a8f0573,10,2107,True,3401,2999,181.94594537305738
2108,807db7d0-800f-439e-83c1-e9a74a8f0573,10,2108,True,3427,3025,155.94594537305738
2109,807db7d0-800f-439e-83c1-e9a74a8f0573,10,2109,True,3458,3056,134.61061994035708
2110,807db7d0-800f-439e-83c1-e9a74a8f0573,10,2110,True,3496,3094,112.60541664406355
2111,807db7d0-800f-439e-83c1-e9a74a8f0573,10,2111,True,3521,3119,145.13911392796808
2112,807db7d0-800f-439e-83c1-e9a74a8f0573,10,2112,True,3544,3142,120.04955853594538
2113,807db7d0-800f-439e-83c1-e9a74a8f0573,10,2113,True,3576,3174,165.96180006825898
2114,807db7d0-800f-439e-83c1-e9a74a8f0573,10,2114,True,3602,3200,155.2787082582331
2115,807db7d0-800f-439e-83c1-e9a74a8f0573,10,2115,True,3632,3230,157.74999501368848
2116,807db7d0-800f-439e-83c1-e9a74a8f0573,10,2116,True,3665,3263,139.49216157375395
2117,807db7d0-800f-439e-83c1-e9a74a8f0573,10,2117,True,3700,3298,114.15791165565042
2118,807db7d0-800f-439e-83c1-e9a74a8f0573,10,2118,True,3739,3337,123.05178844118109
2119,807db7d0-800f-439e-83c1-e9a74a8f0573,10,2119,True,3764,3362,174.55499738907338
2120,807db7d0-800f-439e-83c1-e9a74a8f0573,10,2120,True,3790,3388,163.02561744015293
2121,807db7d0-800f-439e-83c1-e9a74a8f0573,10,2121,True,3817,3415,146.41046476033625
2122,807db7d0-800f-439e-83c1-e9a74a8f0573,10,2122,True,3840,3438,123.49022534678443
2123,807db7d0-800f-439e-83c1-e9a74a8f0573,10,2123,True,3864,3462,160.45825560995263
2124,807db7d0-800f-439e-83c1-e9a74a8f0573,10,2124,True,3886,3484,172.80242987574366
2125,807db7d0-800f-439e-83c1-e9a74a8f0573,10,2125,True,3912,3510,171.50451796066363
2126,807db7d0-800f-439e-83c1-e9a74a8f0573,10,2126,True,3941,3539,169.3609337355001
2127,807db7d0-800f-439e-83c1-e9a74a8f0573,10,2127,True,3962,3560,175.42286202585228
2128,807db7d0-800f-439e-83c1-e9a74a8f0573,10,2128,True,3992,3590,209.0130962878534
2129,807db7d0-800f-439e-83c1-e9a74a8f0573,10,2129,True,4023,3621,201.9408330348483
2130,807db7d0-800f-439e-83c1-e9a74a8f0573,10,2130,True,4051,3649,197.28810121808738
2131,807db7d0-800f-439e-83c1-e9a74a8f0573,10,2131,True,4082,3680,180.2024671832337
2132,807db7d0-800f-439e-83c1-e9a74a8f0573,10,2132,True,4110,3708,224.46559318295158
2133,807db7d0-800f-439e-83c1-e9a74a8f0573,10,2133,True,4141,3739,231.019475915135
2134,807db7d0-800f-439e-83c1-e9a74a8f0573,10,2134,True,4168,3766,166.46559318295158
2135,807db7d0-800f-439e-83c1-e9a74a8f0573,10,2135,True,4194,3792,178.019475915135
2136,807db7d0-800f-439e-83c1-e9a74a8f0573,10,2136,True,4225,3823,183.82796191052057
2137,807db7d0-800f-439e-83c1-e9a74a8f0573,10,2137,True,4259,3857,161.40679946132013
2138,807db7d0-800f-439e-83c1-e9a74a8f0573,10,2138,True,4277,3875,183.54708321578983
2139,807db7d0-800f-439e-83c1-e9a74a8f0573,10,2139,True,4303,3901,184.22892952059965
2140,807db7d0-800f-439e-83c1-e9a74a8f0573,10,2140,True,4326,3924,213.0007728063929
2141,807db7d0-800f-439e-83c1-e9a74a8f0573,10,2141,True,4355,3953,154.4792489080728
2142,807db7d0-800f-439e-83c1-e9a74a8f0573,10,2142,True,4379,3977,209.15313814669935
2143,807db7d0-800f-439e-83c1-e9a74a8f0573,10,2143,True,4413,4011,147.27157566243477
2144,807db7d0-800f-439e-83c1-e9a74a8f0573,10,2144,True,4435,4033,155.36898624583137
2145,807db7d0-800f-439e-83c1-e9a74a8f0573,10,2145,True,4459,4057,159.17704100954143
2146,807db7d0-800f-439e-83c1-e9a74a8f0573,10,2146,True,4486,4084,152.77298837917988
2147,807db7d0-800f-439e-83c1-e9a74a8f0573,10,2147,True,4508,4106,127.34785379281493
2148,807db7d0-800f-439e-83c1-e9a74a8f0573,10,2148,True,4546,4144,115.13806347596073
2149,807db7d0-800f-439e-83c1-e9a74a8f0573,10,2149,True,4573,4171,156.2775074070505
2150,807db7d0-800f-439e-83c1-e9a74a8f0573,10,2150,True,4597,4195,134.3080784491849
2151,807db7d0-800f-439e-83c1-e9a74a8f0573,10,2151,True,4611,4209,190.47691040298923
2152,807db7d0-800f-439e-83c1-e9a74a8f0573,10,2152,True,4643,4241,165.1803450057687
2153,807db7d0-800f-439e-83c1-e9a74a8f0573,10,2153,True,4670,4268,169.4844323156767
2154,807db7d0-800f-439e-83c1-e9a74a8f0573,10,2154,True,4697,4295,138.52815835115598
2155,807db7d0-800f-439e-83c1-e9a74a8f0573,10,2155,True,4730,4328,180.863563364147
2156,807db7d0-800f-439e-83c1-e9a74a8f0573,10,2156,True,4757,4355,154.84951711549456
2157,807db7d0-800f-439e-83c1-e9a74a8f0573,10,2157,True,4784,4382,272.8313929091555
2158,807db7d0-800f-439e-83c1-e9a74a8f0573,10,2158,True,4809,4407,245.275824883136
2159,807db7d0-800f-439e-83c1-e9a74a8f0573,10,2159,True,4837,4435,286.270811481535
2160,807db7d0-800f-439e-83c1-e9a74a8f0573,10,2160,True,4858,4456,247.20690943368936
2161,807db7d0-800f-439e-83c1-e9a74a8f0573,10,2161,True,4882,4480,241.27081148153502
2162,807db7d0-800f-439e-83c1-e9a74a8f0573,10,2162,True,4899,4497,223.19950305934435
2163,807db7d0-800f-439e-83c1-e9a74a8f0573,10,2163,True,4918,4516,254.95997395061931
2164,807db7d0-800f-439e-83c1-e9a74a8f0573,10,2164,True,4945,4543,206.066646106985
2165,807db7d0-800f-439e-83c1-e9a74a8f0573,10,2165,True,4969,4567,208.65558260322996
2166,807db7d0-800f-439e-83c1-e9a74a8f0573,10,2166,True,4988,4586,212.23216260997924
2167,807db7d0-800f-439e-83c1-e9a74a8f0573,10,2167,True,5013,4611,185.32030542080065
2168,807db7d0-800f-439e-83c1-e9a74a8f0573,10,2168,True,5049,4647,289.93508020061654
2169,807db7d0-800f-439e-83c1-e9a74a8f0573,10,2169,True,5068,4666,267.810670278448
2170,807db7d0-800f-439e-83c1-e9a74a8f0573,10,2170,True,5109,4707,298.69892492894814
2171,807db7d0-800f-439e-83c1-e9a74a8f0573,10,2171,True,5136,4734,227.26108771278996
2172,807db7d0-800f-439e-83c1-e9a74a8f0573,10,2172,True,5160,4758,247.69892492894814
2173,807db7d0-800f-439e-83c1-e9a74a8f0573,10,2173,True,5188,4786,227.55811801456457
2174,807db7d0-800f-439e-83c1-e9a74a8f0573,10,2174,True,5222,4820,241.68626660333302
2175,807db7d0-800f-439e-83c1-e9a74a8f0573,10,2175,True,5251,4849,197.74024562277918
2176,807db7d0-800f-439e-83c1-e9a74a8f0573,10,2176,True,5279,4877,232.50571508323083
2177,807db7d0-800f-439e-83c1-e9a74a8f0573,10,2177,True,5308,4906,190.39534555460705
2178,807db7d0-800f-439e-83c1-e9a74a8f0573,10,2178,True,5340,4938,208.53900864429488
2179,807db7d0-800f-439e-83c1-e9a74a8f0573,10,2179,True,5366,4964,188.7518845674349
2180,807db7d0-800f-439e-83c1-e9a74a8f0573,10,2180,True,5393,4991,203.88059314700968
2181,807db7d0-800f-439e-83c1-e9a74a8f0573,10,2181,True,5420,5018,182.54799658436696
2182,807db7d0-800f-439e-83c1-e9a74a8f0573,10,2182,True,5449,5047,198.75757381392395
2183,807db7d0-800f-439e-83c1-e9a74a8f0573,10,2183,True,5482,5080,167.93067152182903
2184,807db7d0-800f-439e-83c1-e9a74a8f0573,10,2184,True,5505,5103,196.74373284355988
2185,807db7d0-800f-439e-83c1-e9a74a8f0573,10,2185,True,5529,5127,176.76781503669645
2186,807db7d0-800f-439e-83c1-e9a74a8f0573,10,2186,True,5559,5157,197.8774687293053
2187,807db7d0-800f-439e-83c1-e9a74a8f0573,10,2187,True,5586,5184,164.55578707312816
2188,807db7d0-800f-439e-83c1-e9a74a8f0573,10,2188,True,5615,5213,209.6656852190772
2189,807db7d0-800f-439e-83c1-e9a74a8f0573,10,2189,True,5636,5234,171.55307057877417
2190,807db7d0-800f-439e-83c1-e9a74a8f0573,10,2190,True,5671,5269,185.1036902375845
2191,807db7d0-800f-439e-83c1-e9a74a8f0573,10,2191,True,5702,5300,135.83179460884276
2192,807db7d0-800f-439e-83c1-e9a74a8f0573,10,2192,True,5721,5319,154.68229785504536
2193,807db7d0-800f-439e-83c1-e9a74a8f0573,10,2193,True,5747,5345,141.8539898329418
2194,807db7d0-800f-439e-83c1-e9a74a8f0573,10,2194,True,5788,5386,145.81901173258666
2195,807db7d0-800f-439e-83c1-e9a74a8f0573,10,2195,True,5813,5411,123.1055419925242
2196,807db7d0-800f-439e-83c1-e9a74a8f0573,10,2196,True,5838,5436,148.55293030466692
2197,807db7d0-800f-439e-83c1-e9a74a8f0573,10,2197,True,5869,5467,121.95386126255562
2198,807db7d0-800f-439e-83c1-e9a74a8f0573,10,2198,True,5901,5499,140.72764428225946
2199,807db7d0-800f-439e-83c1-e9a74a8f0573,10,2199,True,5917,5515,137.6492919931543
2200,807db7d0-800f-439e-83c1-e9a74a8f0573,10,2200,True,5942,5540,151.0110315843649
2201,807db7d0-800f-439e-83c1-e9a74a8f0573,10,2201,True,5970,5568,136.70502733383273
2202,807db7d0-800f-439e-83c1-e9a74a8f0573,10,2202,True,5992,5590,165.53417063396773
2203,807db7d0-800f-439e-83c1-e9a74a8f0573,10,2203,True,6019,5617,173.28181848856093
2204,807db7d0-800f-439e-83c1-e9a74a8f0573,10,2204,True,6050,5648,173.28228679366202
2205,807db7d0-800f-439e-83c1-e9a74a8f0573,10,2205,True,6079,5677,151.14376074072425
2206,807db7d0-800f-439e-83c1-e9a74a8f0573,10,2206,True,6110,5708,156.08595089613937
2207,807db7d0-800f-439e-83c1-e9a74a8f0573,10,2207,True,6139,5737,136.96949339849562
2208,807db7d0-800f-439e-83c1-e9a74a8f0573,10,2208,True,6162,5760,153.45279993453096
2209,807db7d0-800f-439e-83c1-e9a74a8f0573,10,2209,True,6189,5787,153.9181021601862
2210,807db7d0-800f-439e-83c1-e9a74a8f0573,10,2210,True,6207,5805,146.8055511703269
2211,807db7d0-800f-439e-83c1-e9a74a8f0573,10,2211,True,6232,5830,226.7784371382877
2212,807db7d0-800f-439e-83c1-e9a74a8f0573,10,2212,True,6260,5858,227.89121588541002
2213,807db7d0-800f-439e-83c1-e9a74a8f0573,10,2213,True,6284,5882,243.67157044224496
2214,807db7d0-800f-439e-83c1-e9a74a8f0573,10,2214,True,6307,5905,235.82089828629796
2215,807db7d0-800f-439e-83c1-e9a74a8f0573,10,2215,True,6338,5936,257.3245421964075
2216,807db7d0-800f-439e-83c1-e9a74a8f0573,10,2216,True,6364,5962,242.6933234292801
2217,807db7d0-800f-439e-83c1-e9a74a8f0573,10,2217,True,6397,5995,248.80832449072113
2218,807db7d0-800f-439e-83c1-e9a74a8f0573,10,2218,True,6415,6013,260.86233803451614
2219,807db7d0-800f-439e-83c1-e9a74a8f0573,10,2219,True,6439,6037,254.4085816490433
2220,807db7d0-800f-439e-83c1-e9a74a8f0573,10,2220,True,6473,6071,202.86233803451614
2221,807db7d0-800f-439e-83c1-e9a74a8f0573,10,2221,True,6504,6102,235.3541970950082
2222,807db7d0-800f-439e-83c1-e9a74a8f0573,10,2222,True,6529,6127,192.16311946533915
2223,807db7d0-800f-439e-83c1-e9a74a8f0573,10,2223,True,6561,6159,203.039643315351
2224,807db7d0-800f-439e-83c1-e9a74a8f0573,10,2224,True,6594,6192,179.88597080800264
2225,807db7d0-800f-439e-83c1-e9a74a8f0573,10,2225,True,6621,6219,193.91124428688727
2226,807db7d0-800f-439e-83c1-e9a74a8f0573,10,2226,True,6644,6242,190.77238584079987
2227,807db7d0-800f-439e-83c1-e9a74a8f0573,10,2227,True,6673,6271,230.202900402679
2228,807db7d0-800f-439e-83c1-e9a74a8f0573,10,2228,True,6695,6293,233.72831174637304
2229,807db7d0-800f-439e-83c1-e9a74a8f0573,10,2229,True,6724,6322,267.9359307500499
2230,807db7d0-800f-439e-83c1-e9a74a8f0573,10,2230,True,6751,6349,253.24202016354138
2231,807db7d0-800f-439e-83c1-e9a74a8f0573,10,2231,True,6780,6378,260.5623218750543
2232,807db7d0-800f-439e-83c1-e9a74a8f0573,10,2232,True,6809,6407,248.29007306147196
2233,807db7d0-800f-439e-83c1-e9a74a8f0573,10,2233,True,6837,6435,296.4643911713365
2234,807db7d0-800f-439e-83c1-e9a74a8f0573,10,2234,True,6860,6458,275.158029515459
2235,807db7d0-800f-439e-83c1-e9a74a8f0573,10,2235,True,6885,6483,250.15802951545902
2236,807db7d0-800f-439e-83c1-e9a74a8f0573,10,2236,True,6913,6511,224.04449544381987
2237,807db7d0-800f-439e-83c1-e9a74a8f0573,10,2237,True,6937,6535,220.99669576719953
2238,807db7d0-800f-439e-83c1-e9a74a8f0573,10,2238,True,6972,6570,215.4115018196744
2239,807db7d0-800f-439e-83c1-e9a74a8f0573,10,2239,True,6992,6590,243.20890830939334
2240,807db7d0-800f-439e-83c1-e9a74a8f0573,10,2240,True,7025,6623,207.99056790192117
2241,807db7d0-800f-439e-83c1-e9a74a8f0573,10,2241,True,7045,6643,190.1458408885037
2242,807db7d0-800f-439e-83c1-e9a74a8f0573,10,2242,True,7079,6677,205.72902190584955
2243,807db7d0-800f-439e-83c1-e9a74a8f0573,10,2243,True,7109,6707,202.57879955114004
2244,807db7d0-800f-439e-83c1-e9a74a8f0573,10,2244,True,7137,6735,177.75664554063678
2245,807db7d0-800f-439e-83c1-e9a74a8f0573,10,2245,True,7167,6765,218.4989203991845
2246,807db7d0-800f-439e-83c1-e9a74a8f0573,10,2246,True,7194,6792,205.86735196899008
2247,807db7d0-800f-439e-83c1-e9a74a8f0573,10,2247,True,7222,6820,214.8139534918555
2248,807db7d0-800f-439e-83c1-e9a74a8f0573,10,2248,True,7253,6851,197.92124558463001
2249,807db7d0-800f-439e-83c1-e9a74a8f0573,10,2249,True,7275,6873,223.7360984878951
2250,807db7d0-800f-439e-83c1-e9a74a8f0573,10,2250,True,7303,6901,192.8608120452909
2251,807db7d0-800f-439e-83c1-e9a74a8f0573,10,2251,True,7323,6921,225.7742365137501
2252,807db7d0-800f-439e-83c1-e9a74a8f0573,10,2252,True,7353,6951,192.49444957382184
2253,807db7d0-800f-439e-83c1-e9a74a8f0573,10,2253,True,7373,6971,196.4329014512159
2254,807db7d0-800f-439e-83c1-e9a74a8f0573,10,2254,True,7397,6995,193.07297890190512
2255,807db7d0-800f-439e-83c1-e9a74a8f0573,10,2255,True,7421,7019,178.68312332325786
2256,807db7d0-800f-439e-83c1-e9a74a8f0573,10,2256,True,7460,7058,191.13821259790984
2257,807db7d0-800f-439e-83c1-e9a74a8f0573,10,2257,True,7494,7092,196.70868335885916
2258,807db7d0-800f-439e-83c1-e9a74a8f0573,10,2258,True,7514,7112,202.22059235260713
2259,807db7d0-800f-439e-83c1-e9a74a8f0573,10,2259,True,7538,7136,204.03280613862626
2260,807db7d0-800f-439e-83c1-e9a74a8f0573,10,2260,True,7562,7160,180.03280613862626
2261,807db7d0-800f-439e-83c1-e9a74a8f0573,10,2261,True,7600,7198,179.60782004173416
2262,807db7d0-800f-439e-83c1-e9a74a8f0573,10,2262,True,7631,7229,191.08373911327726
2263,807db7d0-800f-439e-83c1-e9a74a8f0573,10,2263,True,7677,7275,213.13708716298697
2264,807db7d0-800f-439e-83c1-e9a74a8f0573,10,2264,True,7710,7308,146.21445126935214
2265,807db7d0-800f-439e-83c1-e9a74a8f0573,10,2265,True,7740,7338,150.13708716298697
2266,807db7d0-800f-439e-83c1-e9a74a8f0573,10,2266,True,7776,7374,183.92895863910417
2267,807db7d0-800f-439e-83c1-e9a74a8f0573,10,2267,True,7809,7407,176.09953063691682
2268,807db7d0-800f-439e-83c1-e9a74a8f0573,10,2268,True,7836,7434,203.01303386205018
2269,807db7d0-800f-439e-83c1-e9a74a8f0573,10,2269,True,7863,7461,171.2586865322719
2270,807db7d0-800f-439e-83c1-e9a74a8f0573,10,2270,True,7900,7498,190.54516698026328
2271,807db7d0-800f-439e-83c1-e9a74a8f0573,10,2271,True,7925,7523,160.41632980066152
2272,807db7d0-800f-439e-83c1-e9a74a8f0573,10,2272,True,7950,7548,186.36570643589312
2273,807db7d0-800f-439e-83c1-e9a74a8f0573,10,2273,True,7975,7573,162.07197545836334
2274,807db7d0-800f-439e-83c1-e9a74a8f0573,10,2274,True,8005,7603,156.10544053465856
2275,807db7d0-800f-439e-83c1-e9a74a8f0573,10,2275,True,8029,7627,178.02568048767353
2276,807db7d0-800f-439e-83c1-e9a74a8f0573,10,2276,True,8050,7648,163.1472552576306
2277,807db7d0-800f-439e-83c1-e9a74a8f0573,10,2277,True,8077,7675,182.85190263736877
2278,807db7d0-800f-439e-83c1-e9a74a8f0573,10,2278,True,8095,7693,180.83302984859893
2279,807db7d0-800f-439e-83c1-e9a74a8f0573,10,2279,True,8128,7726,157.28199599254094
2280,807db7d0-800f-439e-83c1-e9a74a8f0573,10,2280,True,8154,7752,145.14510382436038
2281,807db7d0-800f-439e-83c1-e9a74a8f0573,10,2281,True,8189,7787,171.3161246065838
2282,807db7d0-800f-439e-83c1-e9a74a8f0573,10,2282,True,8217,7815,187.87449436037878
2283,807db7d0-800f-439e-83c1-e9a74a8f0573,10,2283,True,8237,7835,179.4791113859901
2284,807db7d0-800f-439e-83c1-e9a74a8f0573,10,2284,True,8270,7868,146.7311208560359
2285,807db7d0-800f-439e-83c1-e9a74a8f0573,10,2285,True,8297,7895,156.31241859535203
2286,807db7d0-800f-439e-83c1-e9a74a8f0573,10,2286,True,8325,7923,132.68913299951146
2287,807db7d0-800f-439e-83c1-e9a74a8f0573,10,2287,True,8357,7955,249.011888867557
2288,807db7d0-800f-439e-83c1-e9a74a8f0573,10,2288,True,8379,7977,149.97202486066635
2289,807db7d0-800f-439e-83c1-e9a74a8f0573,10,2289,True,8401,7999,252.59076774451387
2290,807db7d0-800f-439e-83c1-e9a74a8f0573,10,2290,True,8430,8028,229.07532199440357
2291,807db7d0-800f-439e-83c1-e9a74a8f0573,10,2291,True,8459,8057,188.01370165844673
2292,807db7d0-800f-439e-83c1-e9a74a8f0573,10,2292,True,8484,8082,187.54268431564196
2293,807db7d0-800f-439e-83c1-e9a74a8f0573,10,2293,True,8513,8111,218.560304657909
2294,807db7d0-800f-439e-83c1-e9a74a8f0573,10,2294,True,8543,8141,179.9283161513249
2295,807db7d0-800f-439e-83c1-e9a74a8f0573,10,2295,True,8575,8173,185.35856635851815
2296,807db7d0-800f-439e-83c1-e9a74a8f0573,10,2296,True,8598,8196,218.96523395688382
2297,807db7d0-800f-439e-83c1-e9a74a8f0573,10,2297,True,8619,8217,224.30088970563156
2298,807db7d0-800f-439e-83c1-e9a74a8f0573,10,2298,True,8641,8239,203.4785882803626
2299,807db7d0-800f-439e-83c1-e9a74a8f0573,10,2299,True,8674,8272,224.61424248684307
2300,807db7d0-800f-439e-83c1-e9a74a8f0573,10,2300,True,8704,8302,237.9236636243695
2301,807db7d0-800f-439e-83c1-e9a74a8f0573,10,2301,True,8735,8333,206.9236636243695
2302,807db7d0-800f-439e-83c1-e9a74a8f0573,10,2302,True,8769,8367,173.30149601389166
2303,807db7d0-800f-439e-83c1-e9a74a8f0573,10,2303,True,8799,8397,225.8934570036272
2304,807db7d0-800f-439e-83c1-e9a74a8f0573,10,2304,True,8840,8438,184.8934570036272
2305,807db7d0-800f-439e-83c1-e9a74a8f0573,10,2305,True,8869,8467,203.40676908483692
2306,807db7d0-800f-439e-83c1-e9a74a8f0573,10,2306,True,8900,8498,218.51412951215934
2307,807db7d0-800f-439e-83c1-e9a74a8f0573,10,2307,True,8923,8521,152.46086125656802
2308,807db7d0-800f-439e-83c1-e9a74a8f0573,10,2308,True,8960,8558,229.74063994658354
2309,807db7d0-800f-439e-83c1-e9a74a8f0573,10,2309,True,8981,8579,218.14845862944458
2310,807db7d0-800f-439e-83c1-e9a74a8f0573,10,2310,True,9009,8607,180.74063994658354
2311,807db7d0-800f-439e-83c1-e9a74a8f0573,10,2311,True,9030,8628,186.6208348834516
2312,807db7d0-800f-439e-83c1-e9a74a8f0573,10,2312,True,9053,8651,203.09160419637556
2313,807db7d0-800f-439e-83c1-e9a74a8f0573,10,2313,True,9084,8682,163.18235449297208
2314,807db7d0-800f-439e-83c1-e9a74a8f0573,10,2314,True,9116,8714,179.57313919654734
2315,807db7d0-800f-439e-83c1-e9a74a8f0573,10,2315,True,9143,8741,151.19364233207125
2316,807db7d0-800f-439e-83c1-e9a74a8f0573,10,2316,True,9167,8765,168.95856050272232
2317,807db7d0-800f-439e-83c1-e9a74a8f0573,10,2317,True,9196,8794,189.8816216451014
2318,807db7d0-800f-439e-83c1-e9a74a8f0573,10,2318,True,9233,8831,163.4761518237865
2319,807db7d0-800f-439e-83c1-e9a74a8f0573,10,2319,True,9269,8867,148.81333611592527
2320,807db7d0-800f-439e-83c1-e9a74a8f0573,10,2320,True,9299,8897,162.30868520175318
2321,807db7d0-800f-439e-83c1-e9a74a8f0573,10,2321,True,9326,8924,143.24210427998878
2322,807db7d0-800f-439e-83c1-e9a74a8f0573,10,2322,True,9357,8955,181.70520098106135
2323,807db7d0-800f-439e-83c1-e9a74a8f0573,10,2323,True,9379,8977,120.84482762244807
2324,807db7d0-800f-439e-83c1-e9a74a8f0573,10,2324,True,9398,8996,191.8983711722649
2325,807db7d0-800f-439e-83c1-e9a74a8f0573,10,2325,True,9418,9016,169.19256538528134
2326,807db7d0-800f-439e-83c1-e9a74a8f0573,10,2326,True,9451,9049,186.98105917814792
2327,807db7d0-800f-439e-83c1-e9a74a8f0573,10,2327,True,9472,9070,217.24676571198506
2328,807db7d0-800f-439e-83c1-e9a74a8f0573,10,2328,True,9494,9092,171.84030430375424
2329,807db7d0-800f-439e-83c1-e9a74a8f0573,10,2329,True,9527,9125,210.43593381290884
2330,807db7d0-800f-439e-83c1-e9a74a8f0573,10,2330,True,9557,9155,188.3561914335296
2331,807db7d0-800f-439e-83c1-e9a74a8f0573,10,2331,True,9588,9186,143.39957363602298
2332,807db7d0-800f-439e-83c1-e9a74a8f0573,10,2332,True,9618,9216,169.79980150593838
2333,807db7d0-800f-439e-83c1-e9a74a8f0573,10,2333,True,9653,9251,151.9798519314645
2334,807db7d0-800f-439e-83c1-e9a74a8f0573,10,2334,True,9675,9273,162.86649633826528
2335,807db7d0-800f-439e-83c1-e9a74a8f0573,10,2335,True,9698,9296,256.4746288972656
2336,807db7d0-800f-439e-83c1-e9a74a8f0573,10,2336,True,9718,9316,236.47462889726557
2337,807db7d0-800f-439e-83c1-e9a74a8f0573,10,2337,True,9754,9352,136.8058503856446
2338,807db7d0-800f-439e-83c1-e9a74a8f0573,10,2338,True,9784,9382,222.1302713568948
2339,807db7d0-800f-439e-83c1-e9a74a8f0573,10,2339,True,9811,9409,177.82424194492523
2340,807db7d0-800f-439e-83c1-e9a74a8f0573,10,2340,True,9849,9447,201.12413019774067
2341,807db7d0-800f-439e-83c1-e9a74a8f0573,10,2341,True,9884,9482,210.49008404254346
2342,807db7d0-800f-439e-83c1-e9a74a8f0573,10,2342,True,9908,9506,190.74743759530247
2343,807db7d0-800f-439e-83c1-e9a74a8f0573,10,2343,True,9932,9530,178.00713058691508
2344,807db7d0-800f-439e-83c1-e9a74a8f0573,10,2344,True,9962,9560,206.48534184451455
2345,807db7d0-800f-439e-83c1-e9a74a8f0573,10,2345,True,9986,9584,174.56418174732426
2346,807db7d0-800f-439e-83c1-e9a74a8f0573,10,2346,True,10016,9614,174.93356603128268
2347,807db7d0-800f-439e-83c1-e9a74a8f0573,10,2347,True,10049,9647,163.71540743255173
2348,807db7d0-800f-439e-83c1-e9a74a8f0573,10,2348,True,10079,9677,164.99241414518292
2349,807db7d0-800f-439e-83c1-e9a74a8f0573,10,2349,True,10108,9706,132.95514928219382
2350,807db7d0-800f-439e-83c1-e9a74a8f0573,10,2350,True,10132,9730,162.44039229519694
2351,807db7d0-800f-439e-83c1-e9a74a8f0573,10,2351,True,10156,9754,138.88279944150236
2352,807db7d0-800f-439e-83c1-e9a74a8f0573,10,2352,True,10184,9782,157.28209736467034
2353,807db7d0-800f-439e-83c1-e9a74a8f0573,10,2353,True,10226,9824,163.22363502982807
2354,807db7d0-800f-439e-83c1-e9a74a8f0573,10,2354,True,10250,9848,142.72842903145101
2355,807db7d0-800f-439e-83c1-e9a74a8f0573,10,2355,True,10274,9872,193.97459367788724
2356,807db7d0-800f-439e-83c1-e9a74a8f0573,10,2356,True,10300,9898,140.20363668035134
2357,807db7d0-800f-439e-83c1-e9a74a8f0573,10,2357,True,10330,9928,134.46532686728642
2358,807db7d0-800f-439e-83c1-e9a74a8f0573,10,2358,True,10363,9961,156.59228243688267
2359,807db7d0-800f-439e-83c1-e9a74a8f0573,10,2359,True,10381,9979,162.54334990117786
2360,807db7d0-800f-439e-83c1-e9a74a8f0573,10,2360,True,10401,9999,144.26800731385447
2361,807db7d0-800f-439e-83c1-e9a74a8f0573,10,2361,True,10438,10036,134.69703490259417
2362,807db7d0-800f-439e-83c1-e9a74a8f0573,10,2362,True,10472,10070,146.41177385908122
2363,807db7d0-800f-439e-83c1-e9a74a8f0573,10,2363,True,10503,10101,120.4174858787901
2364,807db7d0-800f-439e-83c1-e9a74a8f0573,10,2364,True,10525,10123,125.97459587638514
2365,807db7d0-800f-439e-83c1-e9a74a8f0573,10,2365,True,10555,10153,135.11719300796176
2366,807db7d0-800f-439e-83c1-e9a74a8f0573,10,2366,True,10581,10179,135.1218363323478
2367,807db7d0-800f-439e-83c1-e9a74a8f0573,10,2367,True,10614,10212,118.53068205561067
2368,807db7d0-800f-439e-83c1-e9a74a8f0573,10,2368,True,10647,10245,148.12574663389023
2369,807db7d0-800f-439e-83c1-e9a74a8f0573,10,2369,True,10682,10280,124.40620686668262
2370,807db7d0-800f-439e-83c1-e9a74a8f0573,10,2370,True,10711,10309,151.8398286801712
2371,807db7d0-800f-439e-83c1-e9a74a8f0573,10,2371,True,10737,10335,127.83850494575199
2372,807db7d0-800f-439e-83c1-e9a74a8f0573,10,2372,True,10756,10354,160.32451290025165
2373,807db7d0-800f-439e-83c1-e9a74a8f0573,10,2373,True,10791,10389,147.57167391626717
2374,807db7d0-800f-439e-83c1-e9a74a8f0573,10,2374,True,10814,10412,156.75341587945695
2375,807db7d0-800f-439e-83c1-e9a74a8f0573,10,2375,True,10839,10437,149.67106743868862
2376,807db7d0-800f-439e-83c1-e9a74a8f0573,10,2376,True,10865,10463,181.63946442822635
2377,807db7d0-800f-439e-83c1-e9a74a8f0573,10,2377,True,10886,10484,137.58646578469052
2378,807db7d0-800f-439e-83c1-e9a74a8f0573,10,2378,True,10913,10511,181.0664144237162
2379,807db7d0-800f-439e-83c1-e9a74a8f0573,10,2379,True,10944,10542,165.44783905956683
2380,807db7d0-800f-439e-83c1-e9a74a8f0573,10,2380,True,10976,10574,174.09561237329217
2381,807db7d0-800f-439e-83c1-e9a74a8f0573,10,2381,True,11009,10607,151.7562550456496
2382,807db7d0-800f-439e-83c1-e9a74a8f0573,10,2382,True,11032,10630,169.1309154373448
2383,807db7d0-800f-439e-83c1-e9a74a8f0573,10,2383,True,11062,10660,148.59370833806315
2384,807db7d0-800f-439e-83c1-e9a74a8f0573,10,2384,True,11088,10686,146.2348001237351
2385,807db7d0-800f-439e-83c1-e9a74a8f0573,10,2385,True,11123,10721,220.7096338682586
2386,807db7d0-800f-439e-83c1-e9a74a8f0573,10,2386,True,11150,10748,137.4591398731518
2387,807db7d0-800f-439e-83c1-e9a74a8f0573,10,2387,True,11173,10771,128.15259618861091
2388,807db7d0-800f-439e-83c1-e9a74a8f0573,10,2388,True,11200,10798,203.36647231824645
2389,807db7d0-800f-439e-83c1-e9a74a8f0573,10,2389,True,11229,10827,121.44965385531577
2390,807db7d0-800f-439e-83c1-e9a74a8f0573,10,2390,True,11262,10860,156.3086854295616
2391,807db7d0-800f-439e-83c1-e9a74a8f0573,10,2391,True,11293,10891,161.7929886373222
2392,807db7d0-800f-439e-83c1-e9a74a8f0573,10,2392,True,11321,10919,171.86298438576523
2393,807db7d0-800f-439e-83c1-e9a74a8f0573,10,2393,True,11348,10946,126.22803864656089
2394,807db7d0-800f-439e-83c1-e9a74a8f0573,10,2394,True,11385,10983,134.13755147356824
2395,807db7d0-800f-439e-83c1-e9a74a8f0573,10,2395,True,11425,11023,160.5292887627238
2396,807db7d0-800f-439e-83c1-e9a74a8f0573,10,2396,True,11455,11053,163.6877537055807
2397,807db7d0-800f-439e-83c1-e9a74a8f0573,10,2397,True,11476,11074,117.86046391521631
2398,807db7d0-800f-439e-83c1-e9a74a8f0573,10,2398,True,11496,11094,149.7444849026433
2399,807db7d0-800f-439e-83c1-e9a74a8f0573,10,2399,True,11523,11121,107.28318361145466
2400,807db7d0-800f-439e-83c1-e9a74a8f0573,10,2400,True,11546,11144,170.49314770694036
2401,807db7d0-800f-439e-83c1-e9a74a8f0573,10,2401,True,11572,11170,154.9121819226275
2402,807db7d0-800f-439e-83c1-e9a74a8f0573,10,2402,True,11603,11201,149.44080547478006
2403,807db7d0-800f-439e-83c1-e9a74a8f0573,10,2403,True,11631,11229,151.36724177512042
2404,807db7d0-800f-439e-83c1-e9a74a8f0573,10,2404,True,11655,11253,131.0047213785001
2405,807db7d0-800f-439e-83c1-e9a74a8f0573,10,2405,True,11677,11275,131.55966538640132
2406,807db7d0-800f-439e-83c1-e9a74a8f0573,10,2406,True,11700,11298,125.34351144918946
2407,807db7d0-800f-439e-83c1-e9a74a8f0573,10,2407,True,11732,11330,168.8700829812824
2408,807db7d0-800f-439e-83c1-e9a74a8f0573,10,2408,True,11751,11349,121.44005907871724
2409,807db7d0-800f-439e-83c1-e9a74a8f0573,10,2409,True,11777,11375,184.41550519534394
2410,807db7d0-800f-439e-83c1-e9a74a8f0573,10,2410,True,11808,11406,179.5700747597075
2411,807db7d0-800f-439e-83c1-e9a74a8f0573,10,2411,True,11831,11429,229.2036451443837
2412,807db7d0-800f-439e-83c1-e9a74a8f0573,10,2412,True,11857,11455,155.76500049036804
2413,807db7d0-800f-439e-83c1-e9a74a8f0573,10,2413,True,11899,11497,164.61404543908975
2414,807db7d0-800f-439e-83c1-e9a74a8f0573,10,2414,True,11924,11522,183.20634088510815
2415,807db7d0-800f-439e-83c1-e9a74a8f0573,10,2415,True,11955,11553,152.20634088510815
2416,807db7d0-800f-439e-83c1-e9a74a8f0573,10,2416,True,11976,11574,156.85921080367007
2417,807db7d0-800f-439e-83c1-e9a74a8f0573,10,2417,True,12009,11607,130.86308712031678
2418,807db7d0-800f-439e-83c1-e9a74a8f0573,10,2418,True,12034,11632,158.466403314138
2419,807db7d0-800f-439e-83c1-e9a74a8f0573,10,2419,True,12066,11664,145.51514178701655
2420,807db7d0-800f-439e-83c1-e9a74a8f0573,10,2420,True,12092,11690,124.14430017059567
2421,807db7d0-800f-439e-83c1-e9a74a8f0573,10,2421,True,12118,11716,155.15892576022816
2422,807db7d0-800f-439e-83c1-e9a74a8f0573,10,2422,True,12145,11743,133.1005351302174
2423,807db7d0-800f-439e-83c1-e9a74a8f0573,10,2423,True,12181,11779,163.8201226232086
2424,807db7d0-800f-439e-83c1-e9a74a8f0573,10,2424,True,12219,11817,131.89716890909585
2425,807db7d0-800f-439e-83c1-e9a74a8f0573,10,2425,True,12252,11850,153.77112162923368
2426,807db7d0-800f-439e-83c1-e9a74a8f0573,10,2426,True,12268,11866,176.07066633100294
2427,807db7d0-800f-439e-83c1-e9a74a8f0573,10,2427,True,12296,11894,194.85136756254542
2428,807db7d0-800f-439e-83c1-e9a74a8f0573,10,2428,True,12326,11924,154.91035373826344
2429,807db7d0-800f-439e-83c1-e9a74a8f0573,10,2429,True,12367,11965,139.57298582395015
2430,807db7d0-800f-439e-83c1-e9a74a8f0573,10,2430,True,12388,11986,167.31514353050807
2431,807db7d0-800f-439e-83c1-e9a74a8f0573,10,2431,True,12418,12016,175.7645775983474
2432,807db7d0-800f-439e-83c1-e9a74a8f0573,10,2432,True,12445,12043,165.5065148981139
2433,807db7d0-800f-439e-83c1-e9a74a8f0573,10,2433,True,12463,12061,141.77906744534266
2434,807db7d0-800f-439e-83c1-e9a74a8f0573,10,2434,True,12491,12089,144.79328143964995
2435,807db7d0-800f-439e-83c1-e9a74a8f0573,10,2435,True,12518,12116,170.52147127710487
2436,807db7d0-800f-439e-83c1-e9a74a8f0573,10,2436,True,12548,12146,134.8920333558999
2437,807db7d0-800f-439e-83c1-e9a74a8f0573,10,2437,True,12583,12181,131.22008415382697
2438,807db7d0-800f-439e-83c1-e9a74a8f0573,10,2438,True,12611,12209,151.69122564808094
2439,807db7d0-800f-439e-83c1-e9a74a8f0573,10,2439,True,12641,12239,144.9756536453333
2440,807db7d0-800f-439e-83c1-e9a74a8f0573,10,2440,True,12668,12266,146.30250419406184
2441,807db7d0-800f-439e-83c1-e9a74a8f0573,10,2441,True,12689,12287,267.0680870060951
2442,807db7d0-800f-439e-83c1-e9a74a8f0573,10,2442,True,12717,12315,155.21130089192957
2443,807db7d0-800f-439e-83c1-e9a74a8f0573,10,2443,True,12743,12341,156.25047117494614
2444,807db7d0-800f-439e-83c1-e9a74a8f0573,10,2444,True,12777,12375,251.6790920995536
2445,807db7d0-800f-439e-83c1-e9a74a8f0573,10,2445,True,12796,12394,246.0624974592556
2446,807db7d0-800f-439e-83c1-e9a74a8f0573,10,2446,True,12831,12429,270.6306740634227
2447,807db7d0-800f-439e-83c1-e9a74a8f0573,10,2447,True,12862,12460,189.77656526543979
2448,807db7d0-800f-439e-83c1-e9a74a8f0573,10,2448,True,12892,12490,218.52226915518258
2449,807db7d0-800f-439e-83c1-e9a74a8f0573,10,2449,True,12925,12523,249.1917570341393
2450,807db7d0-800f-439e-83c1-e9a74a8f0573,10,2450,True,12955,12553,219.1917570341393
2451,807db7d0-800f-439e-83c1-e9a74a8f0573,10,2451,True,12976,12574,215.0497192618168
2452,807db7d0-800f-439e-83c1-e9a74a8f0573,10,2452,True,13005,12603,257.0026154975749
2453,807db7d0-800f-439e-83c1-e9a74a8f0573,10,2453,True,13032,12630,212.49962139239142
2454,807db7d0-800f-439e-83c1-e9a74a8f0573,10,2454,True,13063,12661,184.45185797935483
2455,807db7d0-800f-439e-83c1-e9a74a8f0573,10,2455,True,13083,12681,212.87652419316692
2456,807db7d0-800f-439e-83c1-e9a74a8f0573,10,2456,True,13111,12709,177.1742338424665
2457,807db7d0-800f-439e-83c1-e9a74a8f0573,10,2457,True,13145,12743,194.8258559786227
2458,807db7d0-800f-439e-83c1-e9a74a8f0573,10,2458,True,13172,12770,213.35332056549487
2459,807db7d0-800f-439e-83c1-e9a74a8f0573,10,2459,True,13198,12796,175.56085023972264
2460,807db7d0-800f-439e-83c1-e9a74a8f0573,10,2460,True,13226,12824,210.53606909639893
2461,807db7d0-800f-439e-83c1-e9a74a8f0573,10,2461,True,13249,12847,146.76167538700247
2462,807db7d0-800f-439e-83c1-e9a74a8f0573,10,2462,True,13276,12874,171.23942128209274
2463,807db7d0-800f-439e-83c1-e9a74a8f0573,10,2463,True,13296,12894,188.23814022017905
2464,807db7d0-800f-439e-83c1-e9a74a8f0573,10,2464,True,13335,12933,198.57268667686003
2465,807db7d0-800f-439e-83c1-e9a74a8f0573,10,2465,True,13357,12955,139.52020164811074
2466,807db7d0-800f-439e-83c1-e9a74a8f0573,10,2466,True,13382,12980,150.32859195943092
2467,807db7d0-800f-439e-83c1-e9a74a8f0573,10,2467,True,13407,13005,180.17674389773128
2468,807db7d0-800f-439e-83c1-e9a74a8f0573,10,2468,True,13436,13034,172.98073209030917
2469,807db7d0-800f-439e-83c1-e9a74a8f0573,10,2469,True,13463,13061,170.90138220444715
2470,807db7d0-800f-439e-83c1-e9a74a8f0573,10,2470,True,13489,13087,169.82498361496255
2471,807db7d0-800f-439e-83c1-e9a74a8f0573,10,2471,True,13512,13110,148.64630030716216
2472,807db7d0-800f-439e-83c1-e9a74a8f0573,10,2472,True,13544,13142,142.1361808312995
2473,807db7d0-800f-439e-83c1-e9a74a8f0573,10,2473,True,13575,13173,142.5862152339996
2474,807db7d0-800f-439e-83c1-e9a74a8f0573,10,2474,True,13601,13199,133.61811671557552
2475,807db7d0-800f-439e-83c1-e9a74a8f0573,10,2475,True,13626,13224,183.46507790955184
2476,807db7d0-800f-439e-83c1-e9a74a8f0573,10,2476,True,13649,13247,171.85400556076274
2477,807db7d0-800f-439e-83c1-e9a74a8f0573,10,2477,True,13672,13270,154.25606014274672
2478,807db7d0-800f-439e-83c1-e9a74a8f0573,10,2478,True,13697,13295,235.11436003522613
2479,807db7d0-800f-439e-83c1-e9a74a8f0573,10,2479,True,13722,13320,191.16022414589497
2480,807db7d0-800f-439e-83c1-e9a74a8f0573,10,2480,True,13743,13341,189.11436003522613
2481,807db7d0-800f-439e-83c1-e9a74a8f0573,10,2481,True,13771,13369,169.598887677339
2482,807db7d0-800f-439e-83c1-e9a74a8f0573,10,2482,True,13808,13406,155.9483328664246
2483,807db7d0-800f-439e-83c1-e9a74a8f0573,10,2483,True,13832,13430,155.80195908264614
2484,807db7d0-800f-439e-83c1-e9a74a8f0573,10,2484,True,13856,13454,202.40735239678543
2485,807db7d0-800f-439e-83c1-e9a74a8f0573,10,2485,True,13872,13470,132.48740335019647
2486,807db7d0-800f-439e-83c1-e9a74a8f0573,10,2486,True,13900,13498,158.16202218824583
2487,807db7d0-800f-439e-83c1-e9a74a8f0573,10,2487,True,13921,13519,139.13891630683975
2488,807db7d0-800f-439e-83c1-e9a74a8f0573,10,2488,True,13947,13545,245.4614052724246
2489,807db7d0-800f-439e-83c1-e9a74a8f0573,10,2489,True,13975,13573,224.78335115602204
2490,807db7d0-800f-439e-83c1-e9a74a8f0573,10,2490,True,14001,13599,260.1515003098466
2491,807db7d0-800f-439e-83c1-e9a74a8f0573,10,2491,True,14031,13629,253.5616707740155
2492,807db7d0-800f-439e-83c1-e9a74a8f0573,10,2492,True,14058,13656,237.60426407303385
2493,807db7d0-800f-439e-83c1-e9a74a8f0573,10,2493,True,14091,13689,204.60426407303385
2494,807db7d0-800f-439e-83c1-e9a74a8f0573,10,2494,True,14119,13717,191.7272305674287
2495,807db7d0-800f-439e-83c1-e9a74a8f0573,10,2495,True,14148,13746,213.06606758624002
2496,807db7d0-800f-439e-83c1-e9a74a8f0573,10,2496,True,14164,13762,170.70453202055978
2497,807db7d0-800f-439e-83c1-e9a74a8f0573,10,2497,True,14186,13784,219.41291504151377
2498,807db7d0-800f-439e-83c1-e9a74a8f0573,10,2498,True,14218,13816,165.6927502796625
2499,807db7d0-800f-439e-83c1-e9a74a8f0573,10,2499,True,14239,13837,200.5072344065793
2500,807db7d0-800f-439e-83c1-e9a74a8f0573,10,2500,True,14260,13858,167.66922883102416
2501,807db7d0-800f-439e-83c1-e9a74a8f0573,10,2501,True,14284,13882,196.1936341724304
2502,807db7d0-800f-439e-83c1-e9a74a8f0573,10,2502,True,14308,13906,145.5895538737459
2503,807db7d0-800f-439e-83c1-e9a74a8f0573,10,2503,True,14325,13923,180.35753364780794
2504,807db7d0-800f-439e-83c1-e9a74a8f0573,10,2504,True,14353,13951,151.34789188913055
2505,807db7d0-800f-439e-83c1-e9a74a8f0573,10,2505,True,14382,13980,162.22423393306963
2506,807db7d0-800f-439e-83c1-e9a74a8f0573,10,2506,True,14404,14002,172.57435881297897
2507,807db7d0-800f-439e-83c1-e9a74a8f0573,10,2507,True,14433,14031,164.6445660676709
2508,807db7d0-800f-439e-83c1-e9a74a8f0573,10,2508,True,14466,14064,161.44432794531167
2509,807db7d0-800f-439e-83c1-e9a74a8f0573,10,2509,True,14487,14085,162.34715304721612
2510,807db7d0-800f-439e-83c1-e9a74a8f0573,10,2510,True,14518,14116,185.99944115284416
2511,807db7d0-800f-439e-83c1-e9a74a8f0573,10,2511,True,14549,14147,162.88373578473693
2512,807db7d0-800f-439e-83c1-e9a74a8f0573,10,2512,True,14572,14170,183.64837473712396
2513,807db7d0-800f-439e-83c1-e9a74a8f0573,10,2513,True,14603,14201,169.3338238804081
2514,807db7d0-800f-439e-83c1-e9a74a8f0573,10,2514,True,14640,14238,149.01967907355174
2515,807db7d0-800f-439e-83c1-e9a74a8f0573,10,2515,True,14664,14262,175.5454033770584
2516,807db7d0-800f-439e-83c1-e9a74a8f0573,10,2516,True,14690,14288,132.789145142513
2517,807db7d0-800f-439e-83c1-e9a74a8f0573,10,2517,True,14718,14316,197.64088105334486
2518,807db7d0-800f-439e-83c1-e9a74a8f0573,10,2518,True,14744,14342,184.36257470603414
2519,807db7d0-800f-439e-83c1-e9a74a8f0573,10,2519,True,14776,14374,183.18903477124513
2520,807db7d0-800f-439e-83c1-e9a74a8f0573,10,2520,True,14797,14395,142.59712247204334
2521,807db7d0-800f-439e-83c1-e9a74a8f0573,10,2521,True,14823,14421,177.53942980775173
2522,807db7d0-800f-439e-83c1-e9a74a8f0573,10,2522,True,14856,14454,183.10221325921702
2523,807db7d0-800f-439e-83c1-e9a74a8f0573,10,2523,True,14878,14476,188.38932429602755
2524,807db7d0-800f-439e-83c1-e9a74a8f0573,10,2524,True,14898,14496,174.6447376839933
2525,807db7d0-800f-439e-83c1-e9a74a8f0573,10,2525,True,14930,14528,168.90790332943106
2526,807db7d0-800f-439e-83c1-e9a74a8f0573,10,2526,True,14959,14557,157.56578919718595
2527,807db7d0-800f-439e-83c1-e9a74a8f0573,10,2527,True,14988,14586,150.08150642687178
2528,807db7d0-800f-439e-83c1-e9a74a8f0573,10,2528,True,15014,14612,175.62782757199966
2529,807db7d0-800f-439e-83c1-e9a74a8f0573,10,2529,True,15044,14642,145.96934131644775
2530,807db7d0-800f-439e-83c1-e9a74a8f0573,10,2530,True,15081,14679,172.76909246304604
2531,807db7d0-800f-439e-83c1-e9a74a8f0573,10,2531,True,15109,14707,167.50099059524473
2532,807db7d0-800f-439e-83c1-e9a74a8f0573,10,2532,True,15141,14739,275.2207596948774
2533,807db7d0-800f-439e-83c1-e9a74a8f0573,10,2533,True,15163,14761,131.9560828694448
2534,807db7d0-800f-439e-83c1-e9a74a8f0573,10,2534,True,15194,14792,222.22075969487742
2535,807db7d0-800f-439e-83c1-e9a74a8f0573,10,2535,True,15221,14819,228.30801094191156
2536,807db7d0-800f-439e-83c1-e9a74a8f0573,10,2536,True,15246,14844,220.42869929392145
2537,807db7d0-800f-439e-83c1-e9a74a8f0573,10,2537,True,15272,14870,241.78498946149557
2538,807db7d0-800f-439e-83c1-e9a74a8f0573,10,2538,True,15302,14900,193.5843696569318
2539,807db7d0-800f-439e-83c1-e9a74a8f0573,10,2539,True,15336,14934,230.53017796002678
2540,807db7d0-800f-439e-83c1-e9a74a8f0573,10,2540,True,15370,14968,194.47734502032836
2541,807db7d0-800f-439e-83c1-e9a74a8f0573,10,2541,True,15395,14993,204.10356981125733
2542,807db7d0-800f-439e-83c1-e9a74a8f0573,10,2542,True,15420,15018,169.3740125984932
2543,807db7d0-800f-439e-83c1-e9a74a8f0573,10,2543,True,15438,15036,195.20075938469563
2544,807db7d0-800f-439e-83c1-e9a74a8f0573,10,2544,True,15467,15065,182.53710703217985
2545,807db7d0-800f-439e-83c1-e9a74a8f0573,10,2545,True,15491,15089,158.53710703217985
2546,807db7d0-800f-439e-83c1-e9a74a8f0573,10,2546,True,15525,15123,174.83498837557272
2547,807db7d0-800f-439e-83c1-e9a74a8f0573,10,2547,True,15558,15156,151.98814565992507
2548,807db7d0-800f-439e-83c1-e9a74a8f0573,10,2548,True,15590,15188,214.65477288596048
2549,807db7d0-800f-439e-83c1-e9a74a8f0573,10,2549,True,15613,15211,135.61857118720945
2550,807db7d0-800f-439e-83c1-e9a74a8f0573,10,2550,True,15648,15246,181.70108411461297
2551,807db7d0-800f-439e-83c1-e9a74a8f0573,10,2551,True,15669,15267,167.16159778473593
2552,807db7d0-800f-439e-83c1-e9a74a8f0573,10,2552,True,15709,15307,162.3092461506767
2553,807db7d0-800f-439e-83c1-e9a74a8f0573,10,2553,True,15734,15332,163.40076086669433
2554,807db7d0-800f-439e-83c1-e9a74a8f0573,10,2554,True,15765,15363,198.95435483428992
2555,807db7d0-800f-439e-83c1-e9a74a8f0573,10,2555,True,15798,15396,215.65640201335373
2556,807db7d0-800f-439e-83c1-e9a74a8f0573,10,2556,True,15825,15423,181.1598350201948
2557,807db7d0-800f-439e-83c1-e9a74a8f0573,10,2557,True,15851,15449,204.3193038763966
2558,807db7d0-800f-439e-83c1-e9a74a8f0573,10,2558,True,15877,15475,184.65703481765377
2559,807db7d0-800f-439e-83c1-e9a74a8f0573,10,2559,True,15905,15503,156.65703481765377
2560,807db7d0-800f-439e-83c1-e9a74a8f0573,10,2560,True,15931,15529,207.96381020737317
2561,807db7d0-800f-439e-83c1-e9a74a8f0573,10,2561,True,15961,15559,143.52367130682796
2562,807db7d0-800f-439e-83c1-e9a74a8f0573,10,2562,True,15992,15590,191.02560302188795
2563,807db7d0-800f-439e-83c1-e9a74a8f0573,10,2563,True,16022,15620,138.62045040429803
2564,807db7d0-800f-439e-83c1-e9a74a8f0573,10,2564,True,16052,15650,171.32642400485565
2565,807db7d0-800f-439e-83c1-e9a74a8f0573,10,2565,True,16080,15678,129.9665154693448
2566,807db7d0-800f-439e-83c1-e9a74a8f0573,10,2566,True,16099,15697,137.28654329299025
2567,807db7d0-800f-439e-83c1-e9a74a8f0573,10,2567,True,16139,15737,169.71024249753827
2568,807db7d0-800f-439e-83c1-e9a74a8f0573,10,2568,True,16166,15764,133.72869724063275
2569,807db7d0-800f-439e-83c1-e9a74a8f0573,10,2569,True,16194,15792,210.9717027948136
2570,807db7d0-800f-439e-83c1-e9a74a8f0573,10,2570,True,16217,15815,187.93527920680026
2571,807db7d0-800f-439e-83c1-e9a74a8f0573,10,2571,True,16239,15837,193.59186368435803
2572,807db7d0-800f-439e-83c1-e9a74a8f0573,10,2572,True,16266,15864,183.825752664603
2573,807db7d0-800f-439e-83c1-e9a74a8f0573,10,2573,True,16290,15888,241.8571356641787
2574,807db7d0-800f-439e-83c1-e9a74a8f0573,10,2574,True,16320,15918,182.17604016019868
2575,807db7d0-800f-439e-83c1-e9a74a8f0573,10,2575,True,16346,15944,179.0928707489038
2576,807db7d0-800f-439e-83c1-e9a74a8f0573,10,2576,True,16375,15973,182.79343417982454
2577,807db7d0-800f-439e-83c1-e9a74a8f0573,10,2577,True,16403,16001,214.18016026000987
2578,807db7d0-800f-439e-83c1-e9a74a8f0573,10,2578,True,16442,16040,196.7266615740864
2579,807db7d0-800f-439e-83c1-e9a74a8f0573,10,2579,True,16460,16058,187.24754603800284
2580,807db7d0-800f-439e-83c1-e9a74a8f0573,10,2580,True,16483,16081,186.716373171128
2581,807db7d0-800f-439e-83c1-e9a74a8f0573,10,2581,True,16510,16108,207.70830359575302
2582,807db7d0-800f-439e-83c1-e9a74a8f0573,10,2582,True,16535,16133,155.01220541275143
2583,807db7d0-800f-439e-83c1-e9a74a8f0573,10,2583,True,16563,16161,179.15301338797326
2584,807db7d0-800f-439e-83c1-e9a74a8f0573,10,2584,True,16593,16191,147.97883634314348
2585,807db7d0-800f-439e-83c1-e9a74a8f0573,10,2585,True,16616,16214,199.8347378922299
2586,807db7d0-800f-439e-83c1-e9a74a8f0573,10,2586,True,16645,16243,142.8089459562434
2587,807db7d0-800f-439e-83c1-e9a74a8f0573,10,2587,True,16672,16270,167.73849993728436
2588,807db7d0-800f-439e-83c1-e9a74a8f0573,10,2588,True,16701,16299,116.34911690968147
2589,807db7d0-800f-439e-83c1-e9a74a8f0573,10,2589,True,16725,16323,116.85645904440753
2590,807db7d0-800f-439e-83c1-e9a74a8f0573,10,2590,True,16744,16342,182.84608194115208
2591,807db7d0-800f-439e-83c1-e9a74a8f0573,10,2591,True,16776,16374,153.83827402309544
2592,807db7d0-800f-439e-83c1-e9a74a8f0573,10,2592,True,16804,16402,180.993730896731
2593,807db7d0-800f-439e-83c1-e9a74a8f0573,10,2593,True,16831,16429,152.4738035716946
2594,807db7d0-800f-439e-83c1-e9a74a8f0573,10,2594,True,16854,16452,178.33335351520145
2595,807db7d0-800f-439e-83c1-e9a74a8f0573,10,2595,True,16879,16477,151.31238489450698
2596,807db7d0-800f-439e-83c1-e9a74a8f0573,10,2596,True,16907,16505,178.24645671874168
2597,807db7d0-800f-439e-83c1-e9a74a8f0573,10,2597,True,16923,16521,175.76153354304188
2598,807db7d0-800f-439e-83c1-e9a74a8f0573,10,2598,True,16957,16555,226.8987254690801
2599,807db7d0-800f-439e-83c1-e9a74a8f0573,10,2599,True,16980,16578,133.78331762430025
2600,807db7d0-800f-439e-83c1-e9a74a8f0573,10,2600,True,17006,16604,229.80268852411245
2601,807db7d0-800f-439e-83c1-e9a74a8f0573,10,2601,True,17038,16636,197.80268852411245
2602,807db7d0-800f-439e-83c1-e9a74a8f0573,10,2602,True,17055,16653,173.36185950890285
2603,807db7d0-800f-439e-83c1-e9a74a8f0573,10,2603,True,17082,16680,201.47174398062634
2604,807db7d0-800f-439e-83c1-e9a74a8f0573,10,2604,True,17121,16719,162.38401869009977
2605,807db7d0-800f-439e-83c1-e9a74a8f0573,10,2605,True,17145,16743,188.59135221031465
2606,807db7d0-800f-439e-83c1-e9a74a8f0573,10,2606,True,17180,16778,152.19992325271596
2607,807db7d0-800f-439e-83c1-e9a74a8f0573,10,2607,True,17212,16810,175.43813848043283
2608,807db7d0-800f-439e-83c1-e9a74a8f0573,10,2608,True,17241,16839,145.999084392035
2609,807db7d0-800f-439e-83c1-e9a74a8f0573,10,2609,True,17262,16860,149.0298127027454
2610,807db7d0-800f-439e-83c1-e9a74a8f0573,10,2610,True,17286,16884,151.05203473905567
2611,807db7d0-800f-439e-83c1-e9a74a8f0573,10,2611,True,17317,16915,121.45954379235991
2612,807db7d0-800f-439e-83c1-e9a74a8f0573,10,2612,True,17346,16944,160.89533896162175
2613,807db7d0-800f-439e-83c1-e9a74a8f0573,10,2613,True,17363,16961,161.29857302371602
2614,807db7d0-800f-439e-83c1-e9a74a8f0573,10,2614,True,17390,16988,159.51999285209604
2615,807db7d0-800f-439e-83c1-e9a74a8f0573,10,2615,True,17426,17024,173.8518435157639
2616,807db7d0-800f-439e-83c1-e9a74a8f0573,10,2616,True,17456,17054,147.97268608288505
2617,807db7d0-800f-439e-83c1-e9a74a8f0573,10,2617,True,17471,17069,140.5146648162554
2618,807db7d0-800f-439e-83c1-e9a74a8f0573,10,2618,True,17495,17093,133.35620509375804
2619,807db7d0-800f-439e-83c1-e9a74a8f0573,10,2619,True,17534,17132,150.68044538473987
2620,807db7d0-800f-439e-83c1-e9a74a8f0573,10,2620,True,17567,17165,155.00363939284944
2621,807db7d0-800f-439e-83c1-e9a74a8f0573,10,2621,True,17595,17193,139.21315034474173
2622,807db7d0-800f-439e-83c1-e9a74a8f0573,10,2622,True,17633,17231,175.49782951426096
2623,807db7d0-800f-439e-83c1-e9a74a8f0573,10,2623,True,17663,17261,145.06762747509856
2624,807db7d0-800f-439e-83c1-e9a74a8f0573,10,2624,True,17691,17289,168.21080281838294
2625,807db7d0-800f-439e-83c1-e9a74a8f0573,10,2625,True,17719,17317,161.7795326645064
2626,807db7d0-800f-439e-83c1-e9a74a8f0573,10,2626,True,17748,17346,180.4252478837916
2627,807db7d0-800f-439e-83c1-e9a74a8f0573,10,2627,True,17778,17376,155.5869023730047
2628,807db7d0-800f-439e-83c1-e9a74a8f0573,10,2628,True,17800,17398,179.71857588789862
2629,807db7d0-800f-439e-83c1-e9a74a8f0573,10,2629,True,17840,17438,145.15876982710324
2630,807db7d0-800f-439e-83c1-e9a74a8f0573,10,2630,True,17867,17465,167.8123999803247
2631,807db7d0-800f-439e-83c1-e9a74a8f0573,10,2631,True,17896,17494,128.72695810120422
2632,807db7d0-800f-439e-83c1-e9a74a8f0573,10,2632,True,17922,17520,168.29815158793645
2633,807db7d0-800f-439e-83c1-e9a74a8f0573,10,2633,True,17964,17562,134.78379165436854
2634,807db7d0-800f-439e-83c1-e9a74a8f0573,10,2634,True,17990,17588,161.83963087084703
2635,807db7d0-800f-439e-83c1-e9a74a8f0573,10,2635,True,18013,17611,151.87960269429823
2636,807db7d0-800f-439e-83c1-e9a74a8f0573,10,2636,True,18036,17634,140.92029193734925
2637,807db7d0-800f-439e-83c1-e9a74a8f0573,10,2637,True,18063,17661,135.24319585141347
2638,807db7d0-800f-439e-83c1-e9a74a8f0573,10,2638,True,18082,17680,160.0816142327858
2639,807db7d0-800f-439e-83c1-e9a74a8f0573,10,2639,True,18116,17714,133.37006575758278
2640,807db7d0-800f-439e-83c1-e9a74a8f0573,10,2640,True,18144,17742,189.7471827157351
2641,807db7d0-800f-439e-83c1-e9a74a8f0573,10,2641,True,18178,17776,141.8990067528539
2642,807db7d0-800f-439e-83c1-e9a74a8f0573,10,2642,True,18201,17799,164.51532347061584
2643,807db7d0-800f-439e-83c1-e9a74a8f0573,10,2643,True,18234,17832,139.90234143743874
2644,807db7d0-800f-439e-83c1-e9a74a8f0573,10,2644,True,18260,17858,156.5299343597253
2645,807db7d0-800f-439e-83c1-e9a74a8f0573,10,2645,True,18289,17887,136.51396501815543
2646,807db7d0-800f-439e-83c1-e9a74a8f0573,10,2646,True,18326,17924,177.51627271595862
2647,807db7d0-800f-439e-83c1-e9a74a8f0573,10,2647,True,18344,17942,184.25705168037894
2648,807db7d0-800f-439e-83c1-e9a74a8f0573,10,2648,True,18374,17972,202.7416507463131
2649,807db7d0-800f-439e-83c1-e9a74a8f0573,10,2649,True,18401,17999,173.96269581338856
2650,807db7d0-800f-439e-83c1-e9a74a8f0573,10,2650,True,18423,18021,181.3916351975131
2651,807db7d0-800f-439e-83c1-e9a74a8f0573,10,2651,True,18466,18064,181.09219897742514
2652,807db7d0-800f-439e-83c1-e9a74a8f0573,10,2652,True,18494,18092,132.63490127069963
2653,807db7d0-800f-439e-83c1-e9a74a8f0573,10,2653,True,18523,18121,176.2871559970481
2654,807db7d0-800f-439e-83c1-e9a74a8f0573,10,2654,True,18544,18142,131.9144406635096
2655,807db7d0-800f-439e-83c1-e9a74a8f0573,10,2655,True,18569,18167,155.04624564367623
2656,807db7d0-800f-439e-83c1-e9a74a8f0573,10,2656,True,18598,18196,135.5094637653492
2657,807db7d0-800f-439e-83c1-e9a74a8f0573,10,2657,True,18630,18228,167.74693240170745
2658,807db7d0-800f-439e-83c1-e9a74a8f0573,10,2658,True,18656,18254,149.77402158785844
2659,807db7d0-800f-439e-83c1-e9a74a8f0573,10,2659,True,18679,18277,165.2765126895647
2660,807db7d0-800f-439e-83c1-e9a74a8f0573,10,2660,True,18701,18299,162.33412908370155
2661,807db7d0-800f-439e-83c1-e9a74a8f0573,10,2661,True,18722,18320,231.4563447568289
2662,807db7d0-800f-439e-83c1-e9a74a8f0573,10,2662,True,18753,18351,199.02990223340748
2663,807db7d0-800f-439e-83c1-e9a74a8f0573,10,2663,True,18779,18377,221.8896079037586
2664,807db7d0-800f-439e-83c1-e9a74a8f0573,10,2664,True,18808,18406,172.82457885188705
2665,807db7d0-800f-439e-83c1-e9a74a8f0573,10,2665,True,18827,18425,212.1116734142197
2666,807db7d0-800f-439e-83c1-e9a74a8f0573,10,2666,True,18864,18462,189.33695379278652
2667,807db7d0-800f-439e-83c1-e9a74a8f0573,10,2667,True,18890,18488,227.7044842078394
2668,807db7d0-800f-439e-83c1-e9a74a8f0573,10,2668,True,18922,18520,142.28828056682687
2669,807db7d0-800f-439e-83c1-e9a74a8f0573,10,2669,True,18952,18550,187.20357930319005
2670,807db7d0-800f-439e-83c1-e9a74a8f0573,10,2670,True,18979,18577,150.6524061591881
2671,807db7d0-800f-439e-83c1-e9a74a8f0573,10,2671,True,19001,18599,231.62078682507854
2672,807db7d0-800f-439e-83c1-e9a74a8f0573,10,2672,True,19028,18626,208.6187267639798
2673,807db7d0-800f-439e-83c1-e9a74a8f0573,10,2673,True,19054,18652,228.21324105385065
2674,807db7d0-800f-439e-83c1-e9a74a8f0573,10,2674,True,19086,18684,223.49279978706545
2675,807db7d0-800f-439e-83c1-e9a74a8f0573,10,2675,True,19106,18704,177.10111439495813
2676,807db7d0-800f-439e-83c1-e9a74a8f0573,10,2676,True,19143,18741,190.06632978899142
2677,807db7d0-800f-439e-83c1-e9a74a8f0573,10,2677,True,19171,18769,162.49541245098953
2678,807db7d0-800f-439e-83c1-e9a74a8f0573,10,2678,True,19197,18795,188.6231461984935
2679,807db7d0-800f-439e-83c1-e9a74a8f0573,10,2679,True,19225,18823,157.07662471967342
2680,807db7d0-800f-439e-83c1-e9a74a8f0573,10,2680,True,19246,18844,167.93303040698447
2681,807db7d0-800f-439e-83c1-e9a74a8f0573,10,2681,True,19284,18882,156.92801682517893
2682,807db7d0-800f-439e-83c1-e9a74a8f0573,10,2682,True,19308,18906,179.04048919207708
2683,807db7d0-800f-439e-83c1-e9a74a8f0573,10,2683,True,19328,18926,138.3848899479308
2684,807db7d0-800f-439e-83c1-e9a74a8f0573,10,2684,True,19351,18949,173.86147634399094
2685,807db7d0-800f-439e-83c1-e9a74a8f0573,10,2685,True,19379,18977,211.29239761174176
2686,807db7d0-800f-439e-83c1-e9a74a8f0573,10,2686,True,19399,18997,291.53245420678286
2687,807db7d0-800f-439e-83c1-e9a74a8f0573,10,2687,True,19426,19024,272.5027316194937
2688,807db7d0-800f-439e-83c1-e9a74a8f0573,10,2688,True,19459,19057,312.67175934290935
2689,807db7d0-800f-439e-83c1-e9a74a8f0573,10,2689,True,19492,19090,279.67175934290935
2690,807db7d0-800f-439e-83c1-e9a74a8f0573,10,2690,True,19521,19119,301.20576717297445
2691,807db7d0-800f-439e-83c1-e9a74a8f0573,10,2691,True,19547,19145,275.20576717297445
2692,807db7d0-800f-439e-83c1-e9a74a8f0573,10,2692,True,19577,19175,270.5249627257617
2693,807db7d0-800f-439e-83c1-e9a74a8f0573,10,2693,True,19607,19205,244.0500883500681
2694,807db7d0-800f-439e-83c1-e9a74a8f0573,10,2694,True,19643,19241,290.13424016585486
2695,807db7d0-800f-439e-83c1-e9a74a8f0573,10,2695,True,19662,19260,224.79537703842288
2696,807db7d0-800f-439e-83c1-e9a74a8f0573,10,2696,True,19694,19292,242.67379236436682
2697,807db7d0-800f-439e-83c1-e9a74a8f0573,10,2697,True,19722,19320,281.62581487013085
2698,807db7d0-800f-439e-83c1-e9a74a8f0573,10,2698,True,19746,19344,204.0825115208536
2699,807db7d0-800f-439e-83c1-e9a74a8f0573,10,2699,True,19771,19369,212.24409401271987
2700,807db7d0-800f-439e-83c1-e9a74a8f0573,10,2700,True,19794,19392,204.71858742626864
2701,807db7d0-800f-439e-83c1-e9a74a8f0573,10,2701,True,19818,19416,233.7208684495854
2702,807db7d0-800f-439e-83c1-e9a74a8f0573,10,2702,True,19839,19437,237.91421490481662
2703,807db7d0-800f-439e-83c1-e9a74a8f0573,10,2703,True,19868,19466,270.1434026514471
2704,807db7d0-800f-439e-83c1-e9a74a8f0573,10,2704,True,19893,19491,230.57012476642194
2705,807db7d0-800f-439e-83c1-e9a74a8f0573,10,2705,True,19918,19516,225.00287167800707
2706,807db7d0-800f-439e-83c1-e9a74a8f0573,10,2706,True,19939,19537,204.00287167800707
2707,807db7d0-800f-439e-83c1-e9a74a8f0573,10,2707,True,19964,19562,174.1434026514471
2708,807db7d0-800f-439e-83c1-e9a74a8f0573,10,2708,True,19987,19585,203.17075814259806
2709,807db7d0-800f-439e-83c1-e9a74a8f0573,10,2709,True,20008,19606,201.5234334849374
2710,807db7d0-800f-439e-83c1-e9a74a8f0573,10,2710,True,20038,19636,176.10156254620597
2711,807db7d0-800f-439e-83c1-e9a74a8f0573,10,2711,True,20067,19665,194.30499366856748
2712,807db7d0-800f-439e-83c1-e9a74a8f0573,10,2712,True,20097,19695,224.22510381869506
2713,807db7d0-800f-439e-83c1-e9a74a8f0573,10,2713,True,20131,19729,162.92474305720316
2714,807db7d0-800f-439e-83c1-e9a74a8f0573,10,2714,True,20162,19760,193.51359881937606
2715,807db7d0-800f-439e-83c1-e9a74a8f0573,10,2715,True,20188,19786,194.27356992010027
2716,807db7d0-800f-439e-83c1-e9a74a8f0573,10,2716,True,20216,19814,218.29845403392756
2717,807db7d0-800f-439e-83c1-e9a74a8f0573,10,2717,True,20249,19847,225.77356453897664
2718,807db7d0-800f-439e-83c1-e9a74a8f0573,10,2718,True,20280,19878,176.27985545869888
2719,807db7d0-800f-439e-83c1-e9a74a8f0573,10,2719,True,20309,19907,212.4159523633498
2720,807db7d0-800f-439e-83c1-e9a74a8f0573,10,2720,True,20339,19937,135.77356453897664
2721,807db7d0-800f-439e-83c1-e9a74a8f0573,10,2721,True,20372,19970,232.28118957794504
2722,807db7d0-800f-439e-83c1-e9a74a8f0573,10,2722,True,20401,19999,199.10296980275962
2723,807db7d0-800f-439e-83c1-e9a74a8f0573,10,2723,True,20427,20025,227.85636882915787
2724,807db7d0-800f-439e-83c1-e9a74a8f0573,10,2724,True,20454,20052,171.40046423033345
2725,807db7d0-800f-439e-83c1-e9a74a8f0573,10,2725,True,20491,20089,212.92229775375017
2726,807db7d0-800f-439e-83c1-e9a74a8f0573,10,2726,True,20521,20119,153.559836726934
2727,807db7d0-800f-439e-83c1-e9a74a8f0573,10,2727,True,20541,20139,212.7740305667503
2728,807db7d0-800f-439e-83c1-e9a74a8f0573,10,2728,True,20572,20170,150.627163328194
2729,807db7d0-800f-439e-83c1-e9a74a8f0573,10,2729,True,20606,20204,165.09965460417516
2730,807db7d0-800f-439e-83c1-e9a74a8f0573,10,2730,True,20625,20223,156.3619327227825
2731,807db7d0-800f-439e-83c1-e9a74a8f0573,10,2731,True,20648,20246,180.96814991001884
2732,807db7d0-800f-439e-83c1-e9a74a8f0573,10,2732,True,20680,20278,150.94267061077335
2733,807db7d0-800f-439e-83c1-e9a74a8f0573,10,2733,True,20714,20312,141.9313273030275
2734,807db7d0-800f-439e-83c1-e9a74a8f0573,10,2734,True,20743,20341,139.10893834191666
2735,807db7d0-800f-439e-83c1-e9a74a8f0573,10,2735,True,20768,20366,161.10003734752172
2736,807db7d0-800f-439e-83c1-e9a74a8f0573,10,2736,True,20795,20393,153.8258548288868
2737,807db7d0-800f-439e-83c1-e9a74a8f0573,10,2737,True,20833,20431,167.24599054097416
2738,807db7d0-800f-439e-83c1-e9a74a8f0573,10,2738,True,20855,20453,145.24599054097416
2739,807db7d0-800f-439e-83c1-e9a74a8f0573,10,2739,True,20894,20492,131.07618627590637
2740,807db7d0-800f-439e-83c1-e9a74a8f0573,10,2740,True,20916,20514,149.27006899512344
2741,807db7d0-800f-439e-83c1-e9a74a8f0573,10,2741,True,20945,20543,134.00813242839286
2742,807db7d0-800f-439e-83c1-e9a74a8f0573,10,2742,True,20976,20574,130.25742182553222
2743,807db7d0-800f-439e-83c1-e9a74a8f0573,10,2743,True,21000,20598,156.72359694849
2744,807db7d0-800f-439e-83c1-e9a74a8f0573,10,2744,True,21025,20623,160.60684916220998
2745,807db7d0-800f-439e-83c1-e9a74a8f0573,10,2745,True,21059,20657,190.67487596745923
2746,807db7d0-800f-439e-83c1-e9a74a8f0573,10,2746,True,21083,20681,130.71972638301304
2747,807db7d0-800f-439e-83c1-e9a74a8f0573,10,2747,True,21105,20703,147.82157366242973
2748,807db7d0-800f-439e-83c1-e9a74a8f0573,10,2748,True,21140,20738,160.30899020557626
2749,807db7d0-800f-439e-83c1-e9a74a8f0573,10,2749,True,21170,20768,182.75208865634704
2750,807db7d0-800f-439e-83c1-e9a74a8f0573,10,2750,True,21197,20795,129.78580897170468
2751,807db7d0-800f-439e-83c1-e9a74a8f0573,10,2751,True,21229,20827,180.56820147658073
2752,807db7d0-800f-439e-83c1-e9a74a8f0573,10,2752,True,21254,20852,182.3317751212926
2753,807db7d0-800f-439e-83c1-e9a74a8f0573,10,2753,True,21282,20880,178.99040705157677
2754,807db7d0-800f-439e-83c1-e9a74a8f0573,10,2754,True,21313,20911,199.99670135533597
2755,807db7d0-800f-439e-83c1-e9a74a8f0573,10,2755,True,21351,20949,209.9196468906448
2756,807db7d0-800f-439e-83c1-e9a74a8f0573,10,2756,True,21385,20983,175.9196468906448
2757,807db7d0-800f-439e-83c1-e9a74a8f0573,10,2757,True,21418,21016,131.44914081224488
2758,807db7d0-800f-439e-83c1-e9a74a8f0573,10,2758,True,21444,21042,162.114670109062
2759,807db7d0-800f-439e-83c1-e9a74a8f0573,10,2759,True,21471,21069,126.98992374772934
2760,807db7d0-800f-439e-83c1-e9a74a8f0573,10,2760,True,21512,21110,119.25095954257995
2761,807db7d0-800f-439e-83c1-e9a74a8f0573,10,2761,True,21532,21130,122.77328077075072
2762,807db7d0-800f-439e-83c1-e9a74a8f0573,10,2762,True,21549,21147,155.55899683296593
2763,807db7d0-800f-439e-83c1-e9a74a8f0573,10,2763,True,21572,21170,108.86920871177426
2764,807db7d0-800f-439e-83c1-e9a74a8f0573,10,2764,True,21599,21197,133.4685749364544
2765,807db7d0-800f-439e-83c1-e9a74a8f0573,10,2765,True,21631,21229,148.2439855049597
2766,807db7d0-800f-439e-83c1-e9a74a8f0573,10,2766,True,21656,21254,136.46857332635045
2767,807db7d0-800f-439e-83c1-e9a74a8f0573,10,2767,True,21688,21286,116.8625745703066
2768,807db7d0-800f-439e-83c1-e9a74a8f0573,10,2768,True,21715,21313,117.10571078807698
2769,807db7d0-800f-439e-83c1-e9a74a8f0573,10,2769,True,21749,21347,121.10099973017714
2770,807db7d0-800f-439e-83c1-e9a74a8f0573,10,2770,True,21776,21374,131.22011647289764
2771,807db7d0-800f-439e-83c1-e9a74a8f0573,10,2771,True,21799,21397,143.53317430471725
2772,807db7d0-800f-439e-83c1-e9a74a8f0573,10,2772,True,21821,21419,124.16052197053432
2773,807db7d0-800f-439e-83c1-e9a74a8f0573,10,2773,True,21852,21450,142.71998477187663
2774,807db7d0-800f-439e-83c1-e9a74a8f0573,10,2774,True,21890,21488,125.88952750225508
2775,807db7d0-800f-439e-83c1-e9a74a8f0573,10,2775,True,21918,21516,106.71404385280039
2776,807db7d0-800f-439e-83c1-e9a74a8f0573,10,2776,True,21954,21552,108.87943307710157
2777,807db7d0-800f-439e-83c1-e9a74a8f0573,10,2777,True,21980,21578,161.08319451816715
2778,807db7d0-800f-439e-83c1-e9a74a8f0573,10,2778,True,22016,21614,180.35274274937547
2779,807db7d0-800f-439e-83c1-e9a74a8f0573,10,2779,True,22036,21634,177.0594379177528
2780,807db7d0-800f-439e-83c1-e9a74a8f0573,10,2780,True,22072,21670,176.1413262057249
2781,807db7d0-800f-439e-83c1-e9a74a8f0573,10,2781,True,22098,21696,164.20198946226446
2782,807db7d0-800f-439e-83c1-e9a74a8f0573,10,2782,True,22127,21725,215.4901942703582
2783,807db7d0-800f-439e-83c1-e9a74a8f0573,10,2783,True,22163,21761,183.42506726833017
2784,807db7d0-800f-439e-83c1-e9a74a8f0573,10,2784,True,22193,21791,152.47899297428012
2785,807db7d0-800f-439e-83c1-e9a74a8f0573,10,2785,True,22229,21827,219.2498134825255
2786,807db7d0-800f-439e-83c1-e9a74a8f0573,10,2786,True,22270,21868,154.5433256633769
2787,807db7d0-800f-439e-83c1-e9a74a8f0573,10,2787,True,22298,21896,176.72169208638297
2788,807db7d0-800f-439e-83c1-e9a74a8f0573,10,2788,True,22324,21922,152.43607960439476
2789,807db7d0-800f-439e-83c1-e9a74a8f0573,10,2789,True,22352,21950,173.83207366356874
2790,807db7d0-800f-439e-83c1-e9a74a8f0573,10,2790,True,22382,21980,171.085988690862
2791,807db7d0-800f-439e-83c1-e9a74a8f0573,10,2791,True,22416,22014,190.4844182162633
2792,807db7d0-800f-439e-83c1-e9a74a8f0573,10,2792,True,22438,22036,193.6017698076539
2793,807db7d0-800f-439e-83c1-e9a74a8f0573,10,2793,True,22470,22068,185.8577236681267
2794,807db7d0-800f-439e-83c1-e9a74a8f0573,10,2794,True,22502,22100,179.85135205726692
2795,807db7d0-800f-439e-83c1-e9a74a8f0573,10,2795,True,22527,22125,162.6152108921342
2796,807db7d0-800f-439e-83c1-e9a74a8f0573,10,2796,True,22550,22148,147.35502601456028
2797,807db7d0-800f-439e-83c1-e9a74a8f0573,10,2797,True,22571,22169,244.761791054716
2798,807db7d0-800f-439e-83c1-e9a74a8f0573,10,2798,True,22598,22196,224.61930579683758
2799,807db7d0-800f-439e-83c1-e9a74a8f0573,10,2799,True,22635,22233,267.27092016387905
2800,807db7d0-800f-439e-83c1-e9a74a8f0573,10,2800,True,22663,22261,260.01183546053653
2801,807db7d0-800f-439e-83c1-e9a74a8f0573,10,2801,True,22696,22294,311.32203110541377
2802,807db7d0-800f-439e-83c1-e9a74a8f0573,10,2802,True,22721,22319,299.8727542939341
2803,807db7d0-800f-439e-83c1-e9a74a8f0573,10,2803,True,22744,22342,256.2768658060304
2804,807db7d0-800f-439e-83c1-e9a74a8f0573,10,2804,True,22768,22366,252.87275429393412
2805,807db7d0-800f-439e-83c1-e9a74a8f0573,10,2805,True,22791,22389,275.26753368752907
2806,807db7d0-800f-439e-83c1-e9a74a8f0573,10,2806,True,22825,22423,250.91216691161026
2807,807db7d0-800f-439e-83c1-e9a74a8f0573,10,2807,True,22848,22446,295.5228750896713
2808,807db7d0-800f-439e-83c1-e9a74a8f0573,10,2808,True,22872,22470,263.78140274782345
2809,807db7d0-800f-439e-83c1-e9a74a8f0573,10,2809,True,22898,22496,231.67604812712307
2810,807db7d0-800f-439e-83c1-e9a74a8f0573,10,2810,True,22928,22526,207.78140274782345
2811,807db7d0-800f-439e-83c1-e9a74a8f0573,10,2811,True,22966,22564,289.74722697561447
2812,807db7d0-800f-439e-83c1-e9a74a8f0573,10,2812,True,22989,22587,266.74722697561447
2813,807db7d0-800f-439e-83c1-e9a74a8f0573,10,2813,True,23019,22617,193.30872905170327
2814,807db7d0-800f-439e-83c1-e9a74a8f0573,10,2814,True,23045,22643,238.99248682822508
2815,807db7d0-800f-439e-83c1-e9a74a8f0573,10,2815,True,23076,22674,249.31621796222316
2816,807db7d0-800f-439e-83c1-e9a74a8f0573,10,2816,True,23101,22699,230.19475464732022
2817,807db7d0-800f-439e-83c1-e9a74a8f0573,10,2817,True,23128,22726,274.8088290164378
2818,807db7d0-800f-439e-83c1-e9a74a8f0573,10,2818,True,23167,22765,205.54013556042628
2819,807db7d0-800f-439e-83c1-e9a74a8f0573,10,2819,True,23192,22790,210.8088290164378
2820,807db7d0-800f-439e-83c1-e9a74a8f0573,10,2820,True,23220,22818,227.40355543456099
2821,807db7d0-800f-439e-83c1-e9a74a8f0573,10,2821,True,23250,22848,220.88469093072854
2822,807db7d0-800f-439e-83c1-e9a74a8f0573,10,2822,True,23279,22877,175.23682172312328
2823,807db7d0-800f-439e-83c1-e9a74a8f0573,10,2823,True,23300,22898,223.6880775418649
2824,807db7d0-800f-439e-83c1-e9a74a8f0573,10,2824,True,23335,22933,175.7810288348228
2825,807db7d0-800f-439e-83c1-e9a74a8f0573,10,2825,True,23367,22965,205.6858876488077
2826,807db7d0-800f-439e-83c1-e9a74a8f0573,10,2826,True,23394,22992,162.68743489716508
2827,807db7d0-800f-439e-83c1-e9a74a8f0573,10,2827,True,23427,23025,194.1232370373109
2828,807db7d0-800f-439e-83c1-e9a74a8f0573,10,2828,True,23455,23053,175.88399040375225
2829,807db7d0-800f-439e-83c1-e9a74a8f0573,10,2829,True,23483,23081,179.82174612379458
2830,807db7d0-800f-439e-83c1-e9a74a8f0573,10,2830,True,23523,23121,164.98013352647104
2831,807db7d0-800f-439e-83c1-e9a74a8f0573,10,2831,True,23547,23145,176.3248986299186
2832,807db7d0-800f-439e-83c1-e9a74a8f0573,10,2832,True,23581,23179,199.78159910866816
2833,807db7d0-800f-439e-83c1-e9a74a8f0573,10,2833,True,23611,23209,195.68891212304152
2834,807db7d0-800f-439e-83c1-e9a74a8f0573,10,2834,True,23634,23232,199.39029410312287
2835,807db7d0-800f-439e-83c1-e9a74a8f0573,10,2835,True,23651,23249,208.12955959207466
2836,807db7d0-800f-439e-83c1-e9a74a8f0573,10,2836,True,23679,23277,243.01617377440562
2837,807db7d0-800f-439e-83c1-e9a74a8f0573,10,2837,True,23711,23309,210.34584617756263
2838,807db7d0-800f-439e-83c1-e9a74a8f0573,10,2838,True,23733,23331,187.20255148827346
2839,807db7d0-800f-439e-83c1-e9a74a8f0573,10,2839,True,23767,23365,218.02751375912703
2840,807db7d0-800f-439e-83c1-e9a74a8f0573,10,2840,True,23794,23392,189.4470378938604
2841,807db7d0-800f-439e-83c1-e9a74a8f0573,10,2841,True,23816,23414,215.6297990776402
2842,807db7d0-800f-439e-83c1-e9a74a8f0573,10,2842,True,23855,23453,172.68889323601252
2843,807db7d0-800f-439e-83c1-e9a74a8f0573,10,2843,True,23878,23476,213.20644131285735
2844,807db7d0-800f-439e-83c1-e9a74a8f0573,10,2844,True,23915,23513,162.0695193514366
2845,807db7d0-800f-439e-83c1-e9a74a8f0573,10,2845,True,23945,23543,215.53975047287895
2846,807db7d0-800f-439e-83c1-e9a74a8f0573,10,2846,True,23970,23568,190.53975047287895
2847,807db7d0-800f-439e-83c1-e9a74a8f0573,10,2847,True,23984,23582,202.0033262936813
2848,807db7d0-800f-439e-83c1-e9a74a8f0573,10,2848,True,24009,23607,169.92937715546213
2849,807db7d0-800f-439e-83c1-e9a74a8f0573,10,2849,True,24037,23635,199.07003125015763
2850,807db7d0-800f-439e-83c1-e9a74a8f0573,10,2850,True,24060,23658,204.47576217808455
2851,807db7d0-800f-439e-83c1-e9a74a8f0573,10,2851,True,24084,23682,230.8884722430048
2852,807db7d0-800f-439e-83c1-e9a74a8f0573,10,2852,True,24108,23706,179.75070629643233
2853,807db7d0-800f-439e-83c1-e9a74a8f0573,10,2853,True,24136,23734,200.29002673379728
2854,807db7d0-800f-439e-83c1-e9a74a8f0573,10,2854,True,24159,23757,152.5646231356077
2855,807db7d0-800f-439e-83c1-e9a74a8f0573,10,2855,True,24184,23782,197.32857040016097
2856,807db7d0-800f-439e-83c1-e9a74a8f0573,10,2856,True,24212,23810,151.636717733345
2857,807db7d0-800f-439e-83c1-e9a74a8f0573,10,2857,True,24241,23839,163.4060647586739
2858,807db7d0-800f-439e-83c1-e9a74a8f0573,10,2858,True,24267,23865,146.97329772611192
2859,807db7d0-800f-439e-83c1-e9a74a8f0573,10,2859,True,24297,23895,160.48041838825884
2860,807db7d0-800f-439e-83c1-e9a74a8f0573,10,2860,True,24326,23924,140.37111248549263
2861,807db7d0-800f-439e-83c1-e9a74a8f0573,10,2861,True,24353,23951,192.93740037978205
2862,807db7d0-800f-439e-83c1-e9a74a8f0573,10,2862,True,24377,23975,170.74246034425596
2863,807db7d0-800f-439e-83c1-e9a74a8f0573,10,2863,True,24405,24003,179.9650806521604
2864,807db7d0-800f-439e-83c1-e9a74a8f0573,10,2864,True,24438,24036,183.8582877198678
2865,807db7d0-800f-439e-83c1-e9a74a8f0573,10,2865,True,24468,24066,198.64834537860588
2866,807db7d0-800f-439e-83c1-e9a74a8f0573,10,2866,True,24506,24104,155.76202929360443
2867,807db7d0-800f-439e-83c1-e9a74a8f0573,10,2867,True,24537,24135,161.76690978646002
2868,807db7d0-800f-439e-83c1-e9a74a8f0573,10,2868,True,24560,24158,153.1384694651788
2869,807db7d0-800f-439e-83c1-e9a74a8f0573,10,2869,True,24595,24193,170.32892576468657
2870,807db7d0-800f-439e-83c1-e9a74a8f0573,10,2870,True,24632,24230,175.77931559723584
2871,807db7d0-800f-439e-83c1-e9a74a8f0573,10,2871,True,24660,24258,170.03075409044686
2872,807db7d0-800f-439e-83c1-e9a74a8f0573,10,2872,True,24693,24291,139.32490614174458
2873,807db7d0-800f-439e-83c1-e9a74a8f0573,10,2873,True,24732,24330,153.87136934707087
2874,807db7d0-800f-439e-83c1-e9a74a8f0573,10,2874,True,24763,24361,163.81549437413196
2875,807db7d0-800f-439e-83c1-e9a74a8f0573,10,2875,True,24784,24382,151.8613944656172
2876,807db7d0-800f-439e-83c1-e9a74a8f0573,10,2876,True,24805,24403,136.55872336620087
2877,807db7d0-800f-439e-83c1-e9a74a8f0573,10,2877,True,24831,24429,156.14099202027137
2878,807db7d0-800f-439e-83c1-e9a74a8f0573,10,2878,True,24861,24459,135.07015792311358
2879,807db7d0-800f-439e-83c1-e9a74a8f0573,10,2879,True,24889,24487,163.7071639237438
2880,807db7d0-800f-439e-83c1-e9a74a8f0573,10,2880,True,24918,24516,136.12552315085122
2881,807db7d0-800f-439e-83c1-e9a74a8f0573,10,2881,True,24947,24545,180.0000503559786
2882,807db7d0-800f-439e-83c1-e9a74a8f0573,10,2882,True,24972,24570,136.4042316777086
2883,807db7d0-800f-439e-83c1-e9a74a8f0573,10,2883,True,24999,24597,135.31714524253402
2884,807db7d0-800f-439e-83c1-e9a74a8f0573,10,2884,True,25029,24627,159.79938563338146
2885,807db7d0-800f-439e-83c1-e9a74a8f0573,10,2885,True,25059,24657,149.59837176170913
2886,807db7d0-800f-439e-83c1-e9a74a8f0573,10,2886,True,25084,24682,123.45616883235925
2887,807db7d0-800f-439e-83c1-e9a74a8f0573,10,2887,True,25115,24713,164.02643155255646
2888,807db7d0-800f-439e-83c1-e9a74a8f0573,10,2888,True,25140,24738,152.5612562237984
2889,807db7d0-800f-439e-83c1-e9a74a8f0573,10,2889,True,25174,24772,130.0292977536592
2890,807db7d0-800f-439e-83c1-e9a74a8f0573,10,2890,True,25215,24813,130.87866802530334
2891,807db7d0-800f-439e-83c1-e9a74a8f0573,10,2891,True,25239,24837,127.98456037694996
2892,807db7d0-800f-439e-83c1-e9a74a8f0573,10,2892,True,25274,24872,118.63420853162461
2893,807db7d0-800f-439e-83c1-e9a74a8f0573,10,2893,True,25300,24898,122.79786417841387
2894,807db7d0-800f-439e-83c1-e9a74a8f0573,10,2894,True,25328,24926,107.88229697588758
2895,807db7d0-800f-439e-83c1-e9a74a8f0573,10,2895,True,25361,24959,115.21102561029693
2896,807db7d0-800f-439e-83c1-e9a74a8f0573,10,2896,True,25392,24990,148.15535861640092
2897,807db7d0-800f-439e-83c1-e9a74a8f0573,10,2897,True,25428,25026,147.23905410595398
2898,807db7d0-800f-439e-83c1-e9a74a8f0573,10,2898,True,25456,25054,132.58074381896222
2899,807db7d0-800f-439e-83c1-e9a74a8f0573,10,2899,True,25482,25080,177.37164160661996
2900,807db7d0-800f-439e-83c1-e9a74a8f0573,10,2900,True,25500,25098,125.23194653620885
2901,807db7d0-800f-439e-83c1-e9a74a8f0573,10,2901,True,25525,25123,143.1469292776892
2902,807db7d0-800f-439e-83c1-e9a74a8f0573,10,2902,True,25549,25147,158.71681629566592
2903,807db7d0-800f-439e-83c1-e9a74a8f0573,10,2903,True,25579,25177,174.23708529506985
2904,807db7d0-800f-439e-83c1-e9a74a8f0573,10,2904,True,25606,25204,171.38005689949205
2905,807db7d0-800f-439e-83c1-e9a74a8f0573,10,2905,True,25641,25239,139.29968261818794
2906,807db7d0-800f-439e-83c1-e9a74a8f0573,10,2906,True,25671,25269,158.51269969010173
2907,807db7d0-800f-439e-83c1-e9a74a8f0573,10,2907,True,25710,25308,118.58624093594699
2908,807db7d0-800f-439e-83c1-e9a74a8f0573,10,2908,True,25742,25340,146.97935586809763
2909,807db7d0-800f-439e-83c1-e9a74a8f0573,10,2909,True,25780,25378,122.96000648097834
2910,807db7d0-800f-439e-83c1-e9a74a8f0573,10,2910,True,25812,25410,164.57975052780603
2911,807db7d0-800f-439e-83c1-e9a74a8f0573,10,2911,True,25839,25437,112.67053366574328
2912,807db7d0-800f-439e-83c1-e9a74a8f0573,10,2912,True,25871,25469,156.58947697283293
2913,807db7d0-800f-439e-83c1-e9a74a8f0573,10,2913,True,25895,25493,156.33893846230785
2914,807db7d0-800f-439e-83c1-e9a74a8f0573,10,2914,True,25923,25521,191.12579031239875
2915,807db7d0-800f-439e-83c1-e9a74a8f0573,10,2915,True,25948,25546,196.62903320777332
2916,807db7d0-800f-439e-83c1-e9a74a8f0573,10,2916,True,25979,25577,215.89438267273363
2917,807db7d0-800f-439e-83c1-e9a74a8f0573,10,2917,True,26009,25607,209.02830681322303
2918,807db7d0-800f-439e-83c1-e9a74a8f0573,10,2918,True,26040,25638,204.2781972230987
2919,807db7d0-800f-439e-83c1-e9a74a8f0573,10,2919,True,26074,25672,222.6105619290429
2920,807db7d0-800f-439e-83c1-e9a74a8f0573,10,2920,True,26098,25696,195.22372717136022
2921,807db7d0-800f-439e-83c1-e9a74a8f0573,10,2921,True,26125,25723,220.52505936413945
2922,807db7d0-800f-439e-83c1-e9a74a8f0573,10,2922,True,26151,25749,191.76023953286858
2923,807db7d0-800f-439e-83c1-e9a74a8f0573,10,2923,True,26170,25768,227.39185694024854
2924,807db7d0-800f-439e-83c1-e9a74a8f0573,10,2924,True,26193,25791,175.6064927972584
2925,807db7d0-800f-439e-83c1-e9a74a8f0573,10,2925,True,26216,25814,230.19685846165885
2926,807db7d0-800f-439e-83c1-e9a74a8f0573,10,2926,True,26248,25846,170.46540372804157
2927,807db7d0-800f-439e-83c1-e9a74a8f0573,10,2927,True,26277,25875,173.46760237731723
2928,807db7d0-800f-439e-83c1-e9a74a8f0573,10,2928,True,26305,25903,170.86222579051173
2929,807db7d0-800f-439e-83c1-e9a74a8f0573,10,2929,True,26334,25932,162.18425527910586
2930,807db7d0-800f-439e-83c1-e9a74a8f0573,10,2930,True,26362,25960,161.57078294010353
2931,807db7d0-800f-439e-83c1-e9a74a8f0573,10,2931,True,26395,25993,159.71239911826342
2932,807db7d0-800f-439e-83c1-e9a74a8f0573,10,2932,True,26416,26014,176.95176088539665
2933,807db7d0-800f-439e-83c1-e9a74a8f0573,10,2933,True,26442,26040,164.27726185446954
2934,807db7d0-800f-439e-83c1-e9a74a8f0573,10,2934,True,26470,26068,146.72891391061785
2935,807db7d0-800f-439e-83c1-e9a74a8f0573,10,2935,True,26508,26106,177.6141198685691
2936,807db7d0-800f-439e-83c1-e9a74a8f0573,10,2936,True,26532,26130,152.0997857724724
2937,807db7d0-800f-439e-83c1-e9a74a8f0573,10,2937,True,26558,26156,164.11396707866152
2938,807db7d0-800f-439e-83c1-e9a74a8f0573,10,2938,True,26585,26183,159.35230154265082
2939,807db7d0-800f-439e-83c1-e9a74a8f0573,10,2939,True,26609,26207,175.47338118209518
2940,807db7d0-800f-439e-83c1-e9a74a8f0573,10,2940,True,26630,26228,168.93516122689834
2941,807db7d0-800f-439e-83c1-e9a74a8f0573,10,2941,True,26659,26257,138.8911858184656
2942,807db7d0-800f-439e-83c1-e9a74a8f0573,10,2942,True,26698,26296,188.3799603634725
2943,807db7d0-800f-439e-83c1-e9a74a8f0573,10,2943,True,26719,26317,217.11517624491898
2944,807db7d0-800f-439e-83c1-e9a74a8f0573,10,2944,True,26753,26351,162.52327048495135
2945,807db7d0-800f-439e-83c1-e9a74a8f0573,10,2945,True,26792,26390,193.57548848809893
2946,807db7d0-800f-439e-83c1-e9a74a8f0573,10,2946,True,26817,26415,177.1014056828426
2947,807db7d0-800f-439e-83c1-e9a74a8f0573,10,2947,True,26846,26444,192.05653819719373
2948,807db7d0-800f-439e-83c1-e9a74a8f0573,10,2948,True,26876,26474,185.8704535121724
2949,807db7d0-800f-439e-83c1-e9a74a8f0573,10,2949,True,26896,26494,192.31752749791121
2950,807db7d0-800f-439e-83c1-e9a74a8f0573,10,2950,True,26920,26518,209.11809845703465
2951,807db7d0-800f-439e-83c1-e9a74a8f0573,10,2951,True,26950,26548,185.45062929631604
2952,807db7d0-800f-439e-83c1-e9a74a8f0573,10,2952,True,26972,26570,157.11809845703465
2953,807db7d0-800f-439e-83c1-e9a74a8f0573,10,2953,True,26996,26594,167.25445617672085
2954,807db7d0-800f-439e-83c1-e9a74a8f0573,10,2954,True,27021,26619,159.13558307092535
2955,807db7d0-800f-439e-83c1-e9a74a8f0573,10,2955,True,27037,26635,152.61405429963634
2956,807db7d0-800f-439e-83c1-e9a74a8f0573,10,2956,True,27068,26666,169.29579985233067
2957,807db7d0-800f-439e-83c1-e9a74a8f0573,10,2957,True,27092,26690,146.6802240181387
2958,807db7d0-800f-439e-83c1-e9a74a8f0573,10,2958,True,27122,26720,168.3986035097878
2959,807db7d0-800f-439e-83c1-e9a74a8f0573,10,2959,True,27155,26753,136.52973973631742
2960,807db7d0-800f-439e-83c1-e9a74a8f0573,10,2960,True,27177,26775,139.36255124085073
2961,807db7d0-800f-439e-83c1-e9a74a8f0573,10,2961,True,27204,26802,146.54453325198483
2962,807db7d0-800f-439e-83c1-e9a74a8f0573,10,2962,True,27234,26832,164.31634946686245
2963,807db7d0-800f-439e-83c1-e9a74a8f0573,10,2963,True,27261,26859,160.57237987873305
2964,807db7d0-800f-439e-83c1-e9a74a8f0573,10,2964,True,27285,26883,166.75897408379024
2965,807db7d0-800f-439e-83c1-e9a74a8f0573,10,2965,True,27317,26915,155.10533707307695
2966,807db7d0-800f-439e-83c1-e9a74a8f0573,10,2966,True,27346,26944,193.4269856176361
2967,807db7d0-800f-439e-83c1-e9a74a8f0573,10,2967,True,27367,26965,222.41368247153878
2968,807db7d0-800f-439e-83c1-e9a74a8f0573,10,2968,True,27390,26988,159.01069441923028
2969,807db7d0-800f-439e-83c1-e9a74a8f0573,10,2969,True,27418,27016,181.05687184204726
2970,807db7d0-800f-439e-83c1-e9a74a8f0573,10,2970,True,27457,27055,167.14546731996597
2971,807db7d0-800f-439e-83c1-e9a74a8f0573,10,2971,True,27488,27086,137.40711844382895
2972,807db7d0-800f-439e-83c1-e9a74a8f0573,10,2972,True,27508,27106,198.04464781218485
2973,807db7d0-800f-439e-83c1-e9a74a8f0573,10,2973,True,27530,27128,201.76586995423713
2974,807db7d0-800f-439e-83c1-e9a74a8f0573,10,2974,True,27556,27154,179.69541514470984
2975,807db7d0-800f-439e-83c1-e9a74a8f0573,10,2975,True,27577,27175,172.74614080022366
2976,807db7d0-800f-439e-83c1-e9a74a8f0573,10,2976,True,27601,27199,214.29034153876273
2977,807db7d0-800f-439e-83c1-e9a74a8f0573,10,2977,True,27635,27233,179.9709554818437
2978,807db7d0-800f-439e-83c1-e9a74a8f0573,10,2978,True,27668,27266,157.84367323477272
2979,807db7d0-800f-439e-83c1-e9a74a8f0573,10,2979,True,27693,27291,241.2366658985993
2980,807db7d0-800f-439e-83c1-e9a74a8f0573,10,2980,True,27720,27318,212.8485729242966
2981,807db7d0-800f-439e-83c1-e9a74a8f0573,10,2981,True,27743,27341,191.2366658985993
2982,807db7d0-800f-439e-83c1-e9a74a8f0573,10,2982,True,27770,27368,192.0065190367095
2983,807db7d0-800f-439e-83c1-e9a74a8f0573,10,2983,True,27788,27386,171.90212165072808
2984,807db7d0-800f-439e-83c1-e9a74a8f0573,10,2984,True,27811,27409,149.89968182863595
2985,807db7d0-800f-439e-83c1-e9a74a8f0573,10,2985,True,27833,27431,180.10562061796736
2986,807db7d0-800f-439e-83c1-e9a74a8f0573,10,2986,True,27856,27454,184.7774815276971
2987,807db7d0-800f-439e-83c1-e9a74a8f0573,10,2987,True,27895,27493,140.95625818142798
2988,807db7d0-800f-439e-83c1-e9a74a8f0573,10,2988,True,27920,27518,221.16106263179609
2989,807db7d0-800f-439e-83c1-e9a74a8f0573,10,2989,True,27936,27534,195.42670312543487
2990,807db7d0-800f-439e-83c1-e9a74a8f0573,10,2990,True,27966,27564,206.53849458658806
2991,807db7d0-800f-439e-83c1-e9a74a8f0573,10,2991,True,28005,27603,161.5057456386603
2992,807db7d0-800f-439e-83c1-e9a74a8f0573,10,2992,True,28036,27634,171.44144213971595
2993,807db7d0-800f-439e-83c1-e9a74a8f0573,10,2993,True,28064,27662,155.41817166813416
2994,807db7d0-800f-439e-83c1-e9a74a8f0573,10,2994,True,28091,27689,140.86385292134582
2995,807db7d0-800f-439e-83c1-e9a74a8f0573,10,2995,True,28116,27714,134.0557313317404
2996,807db7d0-800f-439e-83c1-e9a74a8f0573,10,2996,True,28144,27742,98.50626275817194
2997,807db7d0-800f-439e-83c1-e9a74a8f0573,10,2997,True,28166,27764,92.51838640599817
2998,807db7d0-800f-439e-83c1-e9a74a8f0573,10,2998,True,28197,27795,81.73900014756873
2999,807db7d0-800f-439e-83c1-e9a74a8f0573,10,2999,True,28225,27823,76.84785824746359
