{"clients": [{"6": {"client_id": 0, "slo": 249, "num_jobs": 5000, "throughput_qps": 15.82378440233103, "total_num_complete": 2219, "goodput_qps": 14.754127953322623, "total_num_tardy": 150, "median_tardiness_ms": 1.590245603088988, "mean_tardiness_ms": 1.5185588068115103, "std_tardiness_ms": 0.9514914272401028, "median_latency_ms": 228.85793747640855, "mean_latency_ms": 217.29606953480186, "std_latency_ms": 32.12609123812115, "p99_latency_ms": 251.5163644815312, "total_num_dropped": 2781, "drop_rate_qps": 19.83143056461586}}, {"7": {"client_id": 1, "slo": 281, "num_jobs": 5000, "throughput_qps": 16.78112364794298, "total_num_complete": 2358, "goodput_qps": 15.549938579624856, "total_num_tardy": 173, "median_tardiness_ms": 1.6086884784890572, "mean_tardiness_ms": 1.5743014464253795, "std_tardiness_ms": 1.0300996604081463, "median_latency_ms": 259.15277129343303, "mean_latency_ms": 245.46824610840454, "std_latency_ms": 37.35361633757458, "p99_latency_ms": 283.7447403670926, "total_num_dropped": 2642, "drop_rate_qps": 18.802259829459437}}, {"8": {"client_id": 2, "slo": 321, "num_jobs": 5000, "throughput_qps": 18.274001355796877, "total_num_complete": 2549, "goodput_qps": 17.105440264782796, "total_num_tardy": 163, "median_tardiness_ms": 2.0160986833798233, "mean_tardiness_ms": 2.363396010573495, "std_tardiness_ms": 1.7319346997724892, "median_latency_ms": 289.24446516417083, "mean_latency_ms": 277.2332736584961, "std_latency_ms": 41.16499222976838, "p99_latency_ms": 325.1159293557331, "total_num_dropped": 2451, "drop_rate_qps": 17.57143088389884}}]}