{"clients": [{"6": {"client_id": 0, "slo": 249, "num_jobs": 5000, "throughput_qps": 25.960446147319388, "total_num_complete": 5000, "goodput_qps": 25.960446147319388, "total_num_tardy": 0, "median_latency_ms": 88.42950623719662, "mean_latency_ms": 91.82174812369595, "std_latency_ms": 14.334009151293694, "p99_latency_ms": 146.6638608777485, "total_num_dropped": 0, "drop_rate_qps": 0.0}}, {"7": {"client_id": 1, "slo": 281, "num_jobs": 5000, "throughput_qps": 25.98866860487129, "total_num_complete": 5000, "goodput_qps": 25.98866860487129, "total_num_tardy": 0, "median_latency_ms": 96.22611002947087, "mean_latency_ms": 100.4704514321751, "std_latency_ms": 15.579997400439893, "p99_latency_ms": 163.36035306343553, "total_num_dropped": 0, "drop_rate_qps": 0.0}}, {"8": {"client_id": 2, "slo": 321, "num_jobs": 5000, "throughput_qps": 26.15617934900114, "total_num_complete": 5000, "goodput_qps": 26.15617934900114, "total_num_tardy": 0, "median_latency_ms": 107.2696581879045, "mean_latency_ms": 111.94330833414526, "std_latency_ms": 17.319593903785865, "p99_latency_ms": 180.92855456907836, "total_num_dropped": 0, "drop_rate_qps": 0.0}}]}