{"clients": [{"6": {"client_id": 0, "slo": 312, "num_jobs": 5000, "throughput_qps": 8.804483093890227, "total_num_complete": 1105, "goodput_qps": 8.39812233571068, "total_num_tardy": 51, "median_tardiness_ms": 1.7857363801886095, "mean_tardiness_ms": 1.606707107720503, "std_tardiness_ms": 0.9491083748097178, "median_latency_ms": 270.4711622114701, "mean_latency_ms": 261.3561183277185, "std_latency_ms": 44.83035930792321, "p99_latency_ms": 314.5638656527491, "total_num_dropped": 3895, "drop_rate_qps": 31.034806923712612}}, {"7": {"client_id": 1, "slo": 352, "num_jobs": 5000, "throughput_qps": 9.79888470122245, "total_num_complete": 1230, "goodput_qps": 9.185458585780069, "total_num_tardy": 77, "median_tardiness_ms": 1.771395745294285, "mean_tardiness_ms": 1.7833334037718604, "std_tardiness_ms": 1.1689739908632026, "median_latency_ms": 309.41525089575225, "mean_latency_ms": 295.0385620184335, "std_latency_ms": 53.87091418749508, "p99_latency_ms": 354.805440514534, "total_num_dropped": 3770, "drop_rate_qps": 30.033979937893204}}, {"8": {"client_id": 2, "slo": 402, "num_jobs": 5000, "throughput_qps": 13.652466689954172, "total_num_complete": 1701, "goodput_qps": 12.737486559057773, "total_num_tardy": 114, "median_tardiness_ms": 1.8990045118916896, "mean_tardiness_ms": 2.201469570573185, "std_tardiness_ms": 1.663639413827252, "median_latency_ms": 371.4517827399686, "mean_latency_ms": 348.48599961336316, "std_latency_ms": 55.87090584395554, "p99_latency_ms": 406.1571579235533, "total_num_dropped": 3299, "drop_rate_qps": 26.478240805501947}}]}