{"clients": [{"6": {"client_id": 0, "slo": 249, "num_jobs": 5000, "throughput_qps": 29.44697484394725, "total_num_complete": 4750, "goodput_qps": 27.394985649558503, "total_num_tardy": 331, "median_tardiness_ms": 54.825170411742874, "mean_tardiness_ms": 69.17536565548912, "std_tardiness_ms": 55.42811253131291, "median_latency_ms": 136.25418099865078, "mean_latency_ms": 149.6442187666821, "std_latency_ms": 60.84270747691677, "p99_latency_ms": 379.08556210803744, "total_num_dropped": 250, "drop_rate_qps": 1.5498407812603816}}, {"7": {"client_id": 1, "slo": 281, "num_jobs": 5000, "throughput_qps": 29.693621514460737, "total_num_complete": 4792, "goodput_qps": 28.119710858226803, "total_num_tardy": 254, "median_tardiness_ms": 53.91675363301874, "mean_tardiness_ms": 64.20139192661809, "std_tardiness_ms": 49.980560506823004, "median_latency_ms": 144.89433724350238, "mean_latency_ms": 157.88731385518975, "std_latency_ms": 61.335508857230224, "p99_latency_ms": 388.54997201795123, "total_num_dropped": 208, "drop_rate_qps": 1.2888717184907834}}, {"8": {"client_id": 2, "slo": 321, "num_jobs": 5000, "throughput_qps": 29.822889987877574, "total_num_complete": 4779, "goodput_qps": 28.655934468368656, "total_num_tardy": 187, "median_tardiness_ms": 45.85664087293844, "mean_tardiness_ms": 58.473067283247936, "std_tardiness_ms": 47.311123394375095, "median_latency_ms": 158.25297241226326, "mean_latency_ms": 172.21120646128205, "std_latency_ms": 61.54883977712266, "p99_latency_ms": 399.0152910444473, "total_num_dropped": 221, "drop_rate_qps": 1.379129250328718}}]}