{"clients": [{"6": {"client_id": 0, "slo": 0, "num_jobs": 5000, "throughput_qps": 35.14161868340266, "total_num_complete": 5000, "goodput_qps": 0, "total_num_tardy": 5000, "median_tardiness_ms": 8817.899207759518, "mean_tardiness_ms": 8678.979675048136, "std_tardiness_ms": 4804.490965734703, "median_latency_ms": 8817.899207759518, "mean_latency_ms": 8678.979675048136, "std_latency_ms": 4804.490965734703, "p99_latency_ms": 17031.53886066299, "total_num_dropped": 0, "drop_rate_qps": 0.0}}, {"7": {"client_id": 1, "slo": 0, "num_jobs": 5000, "throughput_qps": 35.13739945532642, "total_num_complete": 5000, "goodput_qps": 0, "total_num_tardy": 5000, "median_tardiness_ms": 8839.526609027882, "mean_tardiness_ms": 8697.852411500618, "std_tardiness_ms": 4807.011095498117, "median_latency_ms": 8839.526609027882, "mean_latency_ms": 8697.852411500618, "std_latency_ms": 4807.011095498117, "p99_latency_ms": 17020.039020102402, "total_num_dropped": 0, "drop_rate_qps": 0.0}}, {"8": {"client_id": 2, "slo": 0, "num_jobs": 5000, "throughput_qps": 35.32589839990483, "total_num_complete": 5000, "goodput_qps": 0, "total_num_tardy": 5000, "median_tardiness_ms": 8834.519680376012, "mean_tardiness_ms": 8660.99223169161, "std_tardiness_ms": 4766.343566974357, "median_latency_ms": 8834.519680376012, "mean_latency_ms": 8660.99223169161, "std_latency_ms": 4766.343566974357, "p99_latency_ms": 16937.225214184065, "total_num_dropped": 0, "drop_rate_qps": 0.0}}]}