{"clients": [{"6": {"client_id": 0, "slo": 0, "num_jobs": 5000, "throughput_qps": 31.99384387050451, "total_num_complete": 4014, "goodput_qps": 0, "total_num_tardy": 4014, "median_tardiness_ms": 187.83287147159353, "mean_tardiness_ms": 186.5478875023611, "std_tardiness_ms": 24.814250986175267, "median_latency_ms": 187.83287147159353, "mean_latency_ms": 186.5478875023611, "std_latency_ms": 24.814250986175267, "p99_latency_ms": 242.16269696736165, "total_num_dropped": 986, "drop_rate_qps": 7.858976097737282}}, {"7": {"client_id": 1, "slo": 0, "num_jobs": 5000, "throughput_qps": 31.157317438782794, "total_num_complete": 3910, "goodput_qps": 0, "total_num_tardy": 3910, "median_tardiness_ms": 198.0430901619693, "mean_tardiness_ms": 197.6291999300484, "std_tardiness_ms": 25.370596143608804, "median_latency_ms": 198.0430901619693, "mean_latency_ms": 197.6291999300484, "std_latency_ms": 25.370596143608804, "p99_latency_ms": 254.30978790127767, "total_num_dropped": 1090, "drop_rate_qps": 8.68579949060697}}, {"8": {"client_id": 2, "slo": 0, "num_jobs": 5000, "throughput_qps": 31.59716358267977, "total_num_complete": 3935, "goodput_qps": 0, "total_num_tardy": 3935, "median_tardiness_ms": 213.98755603161408, "mean_tardiness_ms": 213.86438534483403, "std_tardiness_ms": 24.191682601343928, "median_latency_ms": 213.98755603161408, "mean_latency_ms": 213.86438534483403, "std_latency_ms": 24.191682601343928, "p99_latency_ms": 272.3646490742848, "total_num_dropped": 1065, "drop_rate_qps": 8.551710092898082}}]}