{"clients": [{"6": {"client_id": 0, "slo": 312, "num_jobs": 5000, "throughput_qps": 34.5620544269822, "total_num_complete": 4846, "goodput_qps": 34.5620544269822, "total_num_tardy": 0, "median_latency_ms": 142.2301024739172, "mean_latency_ms": 144.07611400331038, "std_latency_ms": 24.860430914164745, "p99_latency_ms": 209.940150701582, "total_num_dropped": 154, "drop_rate_qps": 1.0983401530654682}}, {"7": {"client_id": 1, "slo": 352, "num_jobs": 5000, "throughput_qps": 33.56322867609711, "total_num_complete": 4716, "goodput_qps": 33.56322867609711, "total_num_tardy": 0, "median_latency_ms": 151.46122551148437, "mean_latency_ms": 153.11893910456217, "std_latency_ms": 25.130562158929944, "p99_latency_ms": 219.98040465889616, "total_num_dropped": 284, "drop_rate_qps": 2.021195280748851}}, {"8": {"client_id": 2, "slo": 402, "num_jobs": 5000, "throughput_qps": 24.50012181805014, "total_num_complete": 3417, "goodput_qps": 24.50012181805014, "total_num_tardy": 0, "median_latency_ms": 163.62064936525712, "mean_latency_ms": 164.84010975365507, "std_latency_ms": 23.99708075116138, "p99_latency_ms": 228.59009091228975, "total_num_dropped": 1583, "drop_rate_qps": 11.350217394782959}}]}