{"clients": [{"6": {"client_id": 0, "slo": 249, "num_jobs": 5000, "throughput_qps": 25.701525218133433, "total_num_complete": 4950, "goodput_qps": 25.701525218133433, "total_num_tardy": 0, "median_latency_ms": 81.48351817042567, "mean_latency_ms": 82.61529283632761, "std_latency_ms": 6.862219928820111, "p99_latency_ms": 103.43556935989459, "total_num_dropped": 50, "drop_rate_qps": 0.25961136583973166}}, {"7": {"client_id": 1, "slo": 281, "num_jobs": 5000, "throughput_qps": 25.74027553652282, "total_num_complete": 4952, "goodput_qps": 25.74027553652282, "total_num_tardy": 0, "median_latency_ms": 89.42982430657594, "mean_latency_ms": 90.46116482213174, "std_latency_ms": 6.860536549737364, "p99_latency_ms": 112.24125045543578, "total_num_dropped": 48, "drop_rate_qps": 0.24950186303576238}}, {"8": {"client_id": 2, "slo": 321, "num_jobs": 5000, "throughput_qps": 25.71245583737906, "total_num_complete": 4915, "goodput_qps": 25.71245583737906, "total_num_tardy": 0, "median_latency_ms": 99.70966539965593, "mean_latency_ms": 100.57785932605168, "std_latency_ms": 6.913544300654636, "p99_latency_ms": 120.95506818372421, "total_num_dropped": 85, "drop_rate_qps": 0.44467115893737946}}]}