{"clients": [{"6": {"client_id": 0, "slo": 249, "num_jobs": 5000, "throughput_qps": 14.667978046370195, "total_num_complete": 2056, "goodput_qps": 14.667978046370195, "total_num_tardy": 0, "median_latency_ms": 89.62337618640595, "mean_latency_ms": 92.4634616267594, "std_latency_ms": 11.66428888647624, "p99_latency_ms": 139.77928335916883, "total_num_dropped": 2944, "drop_rate_qps": 21.003174790133198}}, {"7": {"client_id": 1, "slo": 281, "num_jobs": 5000, "throughput_qps": 15.221640224435887, "total_num_complete": 2139, "goodput_qps": 15.221640224435887, "total_num_tardy": 0, "median_latency_ms": 97.66858794553991, "mean_latency_ms": 100.46423096303903, "std_latency_ms": 11.982834862906385, "p99_latency_ms": 154.22532701838932, "total_num_dropped": 2861, "drop_rate_qps": 20.359566471300177}}, {"8": {"client_id": 2, "slo": 321, "num_jobs": 5000, "throughput_qps": 16.756146432608034, "total_num_complete": 2336, "goodput_qps": 16.756146432608034, "total_num_tardy": 0, "median_latency_ms": 108.48144752328517, "mean_latency_ms": 111.20009584714674, "std_latency_ms": 12.52912948769269, "p99_latency_ms": 166.55572603066923, "total_num_dropped": 2664, "drop_rate_qps": 19.1088930207482}}]}