{"clients": [{"6": {"client_id": 0, "slo": 0, "num_jobs": 5000, "throughput_qps": 35.660589070821885, "total_num_complete": 5000, "goodput_qps": 0, "total_num_tardy": 5000, "median_tardiness_ms": 153.79819530045643, "mean_tardiness_ms": 158.3190587756569, "std_tardiness_ms": 29.34853310930477, "median_latency_ms": 153.79819530045643, "mean_latency_ms": 158.3190587756569, "std_latency_ms": 29.34853310930477, "p99_latency_ms": 242.22899074615862, "total_num_dropped": 0, "drop_rate_qps": 0.0}}, {"7": {"client_id": 1, "slo": 0, "num_jobs": 5000, "throughput_qps": 35.58346841948557, "total_num_complete": 5000, "goodput_qps": 0, "total_num_tardy": 5000, "median_tardiness_ms": 163.10142553363403, "mean_tardiness_ms": 167.92296254167536, "std_tardiness_ms": 30.650868579362665, "median_latency_ms": 163.10142553363403, "mean_latency_ms": 167.92296254167536, "std_latency_ms": 30.650868579362665, "p99_latency_ms": 250.9658281521861, "total_num_dropped": 0, "drop_rate_qps": 0.0}}, {"8": {"client_id": 2, "slo": 0, "num_jobs": 5000, "throughput_qps": 35.848186882850065, "total_num_complete": 5000, "goodput_qps": 0, "total_num_tardy": 5000, "median_tardiness_ms": 177.46588401322515, "mean_tardiness_ms": 182.93724304059845, "std_tardiness_ms": 29.948796726953578, "median_latency_ms": 177.46588401322515, "mean_latency_ms": 182.93724304059845, "std_latency_ms": 29.948796726953578, "p99_latency_ms": 268.7658723170415, "total_num_dropped": 0, "drop_rate_qps": 0.0}}]}