{"clients": [{"6": {"client_id": 0, "slo": 124, "num_jobs": 5000, "throughput_qps": 25.960238761343852, "total_num_complete": 5000, "goodput_qps": 24.24167095534289, "total_num_tardy": 331, "median_tardiness_ms": 12.325236483913613, "mean_tardiness_ms": 29.34145859805227, "std_tardiness_ms": 41.09231310882802, "median_latency_ms": 94.11528082003497, "mean_latency_ms": 99.05683119540961, "std_latency_ms": 20.184442674801822, "p99_latency_ms": 182.33881895192584, "total_num_dropped": 0, "drop_rate_qps": 0.0}}, {"7": {"client_id": 1, "slo": 140, "num_jobs": 5000, "throughput_qps": 25.989395844372112, "total_num_complete": 5000, "goodput_qps": 24.778289998024373, "total_num_tardy": 233, "median_tardiness_ms": 13.99932460677519, "mean_tardiness_ms": 31.356535167528904, "std_tardiness_ms": 41.59952693590685, "median_latency_ms": 102.1852051642345, "mean_latency_ms": 106.95646943251388, "std_latency_ms": 19.73858815422776, "p99_latency_ms": 184.8445190140529, "total_num_dropped": 0, "drop_rate_qps": 0.0}}, {"8": {"client_id": 2, "slo": 160, "num_jobs": 5000, "throughput_qps": 26.155522536904776, "total_num_complete": 5000, "goodput_qps": 25.240079248113105, "total_num_tardy": 175, "median_tardiness_ms": 19.426497162756277, "mean_tardiness_ms": 38.797035452900566, "std_tardiness_ms": 44.13272984021669, "median_latency_ms": 113.08557768858736, "mean_latency_ms": 118.17336068447084, "std_latency_ms": 20.98686000143641, "p99_latency_ms": 205.3661265271527, "total_num_dropped": 0, "drop_rate_qps": 0.0}}]}