{"clients": [{"6": {"client_id": 0, "slo": 0, "num_jobs": 5000, "throughput_qps": 30.99146899425396, "total_num_complete": 5000, "goodput_qps": 0, "total_num_tardy": 5000, "median_tardiness_ms": 153.41649146720374, "mean_tardiness_ms": 170.1207866348217, "std_tardiness_ms": 71.45454655174107, "median_latency_ms": 153.41649146720374, "mean_latency_ms": 170.1207866348217, "std_latency_ms": 71.45454655174107, "p99_latency_ms": 413.54594889804247, "total_num_dropped": 0, "drop_rate_qps": 0.0}}, {"7": {"client_id": 1, "slo": 0, "num_jobs": 5000, "throughput_qps": 30.984696095319304, "total_num_complete": 5000, "goodput_qps": 0, "total_num_tardy": 5000, "median_tardiness_ms": 163.49802613347128, "mean_tardiness_ms": 180.695144587249, "std_tardiness_ms": 73.29414397137823, "median_latency_ms": 163.49802613347128, "mean_latency_ms": 180.695144587249, "std_latency_ms": 73.29414397137823, "p99_latency_ms": 433.02360532757206, "total_num_dropped": 0, "drop_rate_qps": 0.0}}, {"8": {"client_id": 2, "slo": 0, "num_jobs": 5000, "throughput_qps": 31.179615620396913, "total_num_complete": 5000, "goodput_qps": 0, "total_num_tardy": 5000, "median_tardiness_ms": 180.18042926574384, "mean_tardiness_ms": 196.8619673593914, "std_tardiness_ms": 73.49598875448191, "median_latency_ms": 180.18042926574384, "mean_latency_ms": 196.8619673593914, "std_latency_ms": 73.49598875448191, "p99_latency_ms": 445.82956485734843, "total_num_dropped": 0, "drop_rate_qps": 0.0}}]}