{"clients": [{"6": {"client_id": 0, "slo": 249, "num_jobs": 5000, "throughput_qps": 5.177218331984166, "total_num_complete": 650, "goodput_qps": 4.938269793584897, "total_num_tardy": 30, "median_tardiness_ms": 1.5736942813819041, "mean_tardiness_ms": 1.568310419287881, "std_tardiness_ms": 0.8523897391748086, "median_latency_ms": 220.11915160410354, "mean_latency_ms": 212.72642273128588, "std_latency_ms": 28.705118857820892, "p99_latency_ms": 251.41863395479254, "total_num_dropped": 4350, "drop_rate_qps": 34.64753806789404}}, {"7": {"client_id": 1, "slo": 281, "num_jobs": 5000, "throughput_qps": 6.4347619840750765, "total_num_complete": 808, "goodput_qps": 6.10028178193256, "total_num_tardy": 42, "median_tardiness_ms": 1.3078167741987272, "mean_tardiness_ms": 1.5765920472809047, "std_tardiness_ms": 1.1289782118355702, "median_latency_ms": 244.72954645448488, "mean_latency_ms": 238.59054791341168, "std_latency_ms": 34.02419500686242, "p99_latency_ms": 283.6749401033107, "total_num_dropped": 4192, "drop_rate_qps": 33.384309699557825}}, {"8": {"client_id": 2, "slo": 321, "num_jobs": 5000, "throughput_qps": 10.408996961577502, "total_num_complete": 1297, "goodput_qps": 9.783012564504991, "total_num_tardy": 78, "median_tardiness_ms": 1.5024527867226425, "mean_tardiness_ms": 1.8906680167974452, "std_tardiness_ms": 1.4600528717709427, "median_latency_ms": 292.54750452191365, "mean_latency_ms": 278.0909090380283, "std_latency_ms": 40.71765108234611, "p99_latency_ms": 324.136608804566, "total_num_dropped": 3703, "drop_rate_qps": 29.718207978967996}}]}