{"clients": [{"6": {"client_id": 0, "slo": 312, "num_jobs": 5000, "throughput_qps": 25.96120739730419, "total_num_complete": 5000, "goodput_qps": 25.96120739730419, "total_num_tardy": 0, "median_latency_ms": 93.97282312697644, "mean_latency_ms": 97.74272690533763, "std_latency_ms": 15.071210400473435, "p99_latency_ms": 159.99557497747728, "total_num_dropped": 0, "drop_rate_qps": 0.0}}, {"7": {"client_id": 1, "slo": 352, "num_jobs": 5000, "throughput_qps": 25.98935219626124, "total_num_complete": 5000, "goodput_qps": 25.98935219626124, "total_num_tardy": 0, "median_latency_ms": 102.66155587200046, "mean_latency_ms": 107.15067438143126, "std_latency_ms": 16.411683207869252, "p99_latency_ms": 169.29635461932267, "total_num_dropped": 0, "drop_rate_qps": 0.0}}, {"8": {"client_id": 2, "slo": 402, "num_jobs": 5000, "throughput_qps": 26.153155441865486, "total_num_complete": 5000, "goodput_qps": 26.153155441865486, "total_num_tardy": 0, "median_latency_ms": 113.54356765140255, "mean_latency_ms": 118.31090798576548, "std_latency_ms": 18.162497062115513, "p99_latency_ms": 188.33106500156507, "total_num_dropped": 0, "drop_rate_qps": 0.0}}]}