{"clients": [{"6": {"client_id": 0, "slo": 249, "num_jobs": 5000, "throughput_qps": 5.379369678202046, "total_num_complete": 674, "goodput_qps": 5.379369678202046, "total_num_tardy": 0, "median_latency_ms": 87.55431017317824, "mean_latency_ms": 88.55055142093757, "std_latency_ms": 5.834647786117349, "p99_latency_ms": 103.76397542404746, "total_num_dropped": 4326, "drop_rate_qps": 34.526933572554974}}, {"7": {"client_id": 1, "slo": 281, "num_jobs": 5000, "throughput_qps": 6.35994583103492, "total_num_complete": 797, "goodput_qps": 6.35994583103492, "total_num_tardy": 0, "median_latency_ms": 95.78031262592413, "mean_latency_ms": 96.65517220357252, "std_latency_ms": 5.938312137829614, "p99_latency_ms": 113.45755506775167, "total_num_dropped": 4203, "drop_rate_qps": 33.539337927026054}}, {"8": {"client_id": 2, "slo": 321, "num_jobs": 5000, "throughput_qps": 10.230716728881259, "total_num_complete": 1272, "goodput_qps": 10.230716728881259, "total_num_tardy": 0, "median_latency_ms": 106.1845267513927, "mean_latency_ms": 106.6309870367442, "std_latency_ms": 5.643608793857708, "p99_latency_ms": 120.4092868038526, "total_num_dropped": 3728, "drop_rate_qps": 29.98436475257023}}]}