{"clients": [{"6": {"client_id": 0, "slo": 312, "num_jobs": 5000, "throughput_qps": 33.63595432458269, "total_num_complete": 4220, "goodput_qps": 33.57218948226121, "total_num_tardy": 8, "median_tardiness_ms": 13.79196423479334, "mean_tardiness_ms": 14.047641115791862, "std_tardiness_ms": 8.512193298594639, "median_latency_ms": 215.43781123315057, "mean_latency_ms": 215.42429865692554, "std_latency_ms": 31.485349316264976, "p99_latency_ms": 286.669263341348, "total_num_dropped": 780, "drop_rate_qps": 6.217072126344667}}, {"7": {"client_id": 1, "slo": 352, "num_jobs": 5000, "throughput_qps": 35.28668534957908, "total_num_complete": 4428, "goodput_qps": 35.27074737064972, "total_num_tardy": 2, "median_tardiness_ms": 6.956961508607492, "mean_tardiness_ms": 6.956961508607492, "std_tardiness_ms": 4.971202819739119, "median_latency_ms": 233.03854712951943, "mean_latency_ms": 233.17435207404253, "std_latency_ms": 35.63289527986642, "p99_latency_ms": 314.1528775094856, "total_num_dropped": 572, "drop_rate_qps": 4.558261973793864}}, {"8": {"client_id": 2, "slo": 402, "num_jobs": 5000, "throughput_qps": 34.974237847824114, "total_num_complete": 4357, "goodput_qps": 34.974237847824114, "total_num_tardy": 0, "median_latency_ms": 250.97674059250858, "mean_latency_ms": 251.0365219385654, "std_latency_ms": 34.611456127767056, "p99_latency_ms": 333.62222753867525, "total_num_dropped": 643, "drop_rate_qps": 5.1614493771289665}}]}