{"clients": [{"6": {"client_id": 0, "slo": 124, "num_jobs": 5000, "throughput_qps": 39.85162462537192, "total_num_complete": 5000, "goodput_qps": 0.0956438991008926, "total_num_tardy": 4988, "median_tardiness_ms": 288.59344411435086, "mean_tardiness_ms": 292.7858900886493, "std_tardiness_ms": 69.33084157309965, "median_latency_ms": 412.33258477641357, "mean_latency_ms": 416.0201070518418, "std_latency_ms": 70.98785513502888, "p99_latency_ms": 604.713475939839, "total_num_dropped": 0, "drop_rate_qps": 0.0}}, {"7": {"client_id": 1, "slo": 140, "num_jobs": 5000, "throughput_qps": 39.846860894745916, "total_num_complete": 5000, "goodput_qps": 0.11954058268423774, "total_num_tardy": 4985, "median_tardiness_ms": 285.9818569604613, "mean_tardiness_ms": 289.6675575886608, "std_tardiness_ms": 69.34383972582528, "median_latency_ms": 425.3613394963468, "mean_latency_ms": 428.7036716996534, "std_latency_ms": 71.43990307500373, "p99_latency_ms": 613.521145240387, "total_num_dropped": 0, "drop_rate_qps": 0.0}}, {"8": {"client_id": 2, "slo": 160, "num_jobs": 5000, "throughput_qps": 40.0177398244023, "total_num_complete": 5000, "goodput_qps": 22.854799140172158, "total_num_tardy": 4994, "median_tardiness_ms": 288.5783722292399, "mean_tardiness_ms": 292.9355143733777, "std_tardiness_ms": 70.32581711904791, "median_latency_ms": 448.43324801283643, "mean_latency_ms": 452.5462108924426, "std_latency_ms": 71.17954269245026, "p99_latency_ms": 638.1448809785469, "total_num_dropped": 0, "drop_rate_qps": 0.0}}]}