{"clients": [{"6": {"client_id": 0, "slo": 312, "num_jobs": 5000, "throughput_qps": 30.612451537837114, "total_num_complete": 4938, "goodput_qps": 29.583357379213993, "total_num_tardy": 166, "median_tardiness_ms": 39.343662775703706, "mean_tardiness_ms": 55.288342807968625, "std_tardiness_ms": 52.80056696091914, "median_latency_ms": 151.76104901310464, "mean_latency_ms": 164.0675373381349, "std_latency_ms": 61.5726443386085, "p99_latency_ms": 379.16004668618456, "total_num_dropped": 62, "drop_rate_qps": 0.38436046888333353}}, {"7": {"client_id": 1, "slo": 352, "num_jobs": 5000, "throughput_qps": 30.80271833079337, "total_num_complete": 4971, "goodput_qps": 30.22024890349613, "total_num_tardy": 94, "median_tardiness_ms": 32.57165718750912, "mean_tardiness_ms": 48.38542203001182, "std_tardiness_ms": 46.09586686886045, "median_latency_ms": 161.7031004253804, "mean_latency_ms": 173.6835836819744, "std_latency_ms": 61.15177364232932, "p99_latency_ms": 381.57975792120146, "total_num_dropped": 29, "drop_rate_qps": 0.17969801480446743}}, {"8": {"client_id": 2, "slo": 402, "num_jobs": 5000, "throughput_qps": 30.857108875774777, "total_num_complete": 4946, "goodput_qps": 30.60755684281259, "total_num_tardy": 40, "median_tardiness_ms": 33.166514838485455, "mean_tardiness_ms": 46.551252802524004, "std_tardiness_ms": 41.64273772715344, "median_latency_ms": 176.0659504207688, "mean_latency_ms": 188.75248123346822, "std_latency_ms": 60.97354748225175, "p99_latency_ms": 396.19230348419154, "total_num_dropped": 54, "drop_rate_qps": 0.3368952444989563}}]}