,client_id,workflow_id,job_id,was_completed,deadline,create_time,response_time
0,9fbe1a1d-0e5b-45f9-9c5f-35ebf231b3eb,6,0,True,341,29,65.7521739236239
1,9fbe1a1d-0e5b-45f9-9c5f-35ebf231b3eb,6,1,True,376,64,68.21625993517321
2,9fbe1a1d-0e5b-45f9-9c5f-35ebf231b3eb,6,2,True,401,89,66.79227202979604
3,9fbe1a1d-0e5b-45f9-9c5f-35ebf231b3eb,6,3,True,434,122,68.34524782017394
4,9fbe1a1d-0e5b-45f9-9c5f-35ebf231b3eb,6,4,True,471,159,72.85476064283984
5,9fbe1a1d-0e5b-45f9-9c5f-35ebf231b3eb,6,5,True,496,184,81.12152344740832
6,9fbe1a1d-0e5b-45f9-9c5f-35ebf231b3eb,6,6,True,524,212,76.81427092910741
7,9fbe1a1d-0e5b-45f9-9c5f-35ebf231b3eb,6,7,True,554,242,86.19510048338515
8,9fbe1a1d-0e5b-45f9-9c5f-35ebf231b3eb,6,8,True,587,275,78.89439195504087
9,9fbe1a1d-0e5b-45f9-9c5f-35ebf231b3eb,6,9,True,615,303,76.33339368775995
10,9fbe1a1d-0e5b-45f9-9c5f-35ebf231b3eb,6,10,True,645,333,78.11671962886004
11,9fbe1a1d-0e5b-45f9-9c5f-35ebf231b3eb,6,11,True,671,359,77.55278048876261
12,9fbe1a1d-0e5b-45f9-9c5f-35ebf231b3eb,6,12,True,704,392,76.30208543540027
13,9fbe1a1d-0e5b-45f9-9c5f-35ebf231b3eb,6,13,True,737,425,80.00961428084491
14,9fbe1a1d-0e5b-45f9-9c5f-35ebf231b3eb,6,14,True,765,453,72.19141197614067
15,9fbe1a1d-0e5b-45f9-9c5f-35ebf231b3eb,6,15,True,799,487,96.50827311143325
16,9fbe1a1d-0e5b-45f9-9c5f-35ebf231b3eb,6,16,True,823,511,100.37986459983324
17,9fbe1a1d-0e5b-45f9-9c5f-35ebf231b3eb,6,17,True,850,538,80.87242198530032
18,9fbe1a1d-0e5b-45f9-9c5f-35ebf231b3eb,6,18,True,878,566,87.53341695586573
19,9fbe1a1d-0e5b-45f9-9c5f-35ebf231b3eb,6,19,True,910,598,79.08982660389415
20,9fbe1a1d-0e5b-45f9-9c5f-35ebf231b3eb,6,20,True,952,640,69.92946588357233
21,9fbe1a1d-0e5b-45f9-9c5f-35ebf231b3eb,6,21,True,974,662,73.96435835260309
22,9fbe1a1d-0e5b-45f9-9c5f-35ebf231b3eb,6,22,True,992,680,69.54581321849241
23,9fbe1a1d-0e5b-45f9-9c5f-35ebf231b3eb,6,23,True,1021,709,93.46327898835307
24,9fbe1a1d-0e5b-45f9-9c5f-35ebf231b3eb,6,24,True,1058,746,82.5112818874079
25,9fbe1a1d-0e5b-45f9-9c5f-35ebf231b3eb,6,25,True,1085,773,76.4880069563228
26,9fbe1a1d-0e5b-45f9-9c5f-35ebf231b3eb,6,26,True,1109,797,66.66177166569241
27,9fbe1a1d-0e5b-45f9-9c5f-35ebf231b3eb,6,27,True,1145,833,84.93161035042635
28,9fbe1a1d-0e5b-45f9-9c5f-35ebf231b3eb,6,28,True,1180,868,77.18563482703166
29,9fbe1a1d-0e5b-45f9-9c5f-35ebf231b3eb,6,29,True,1216,904,68.2779104942606
30,9fbe1a1d-0e5b-45f9-9c5f-35ebf231b3eb,6,30,True,1245,933,71.20936119960163
31,9fbe1a1d-0e5b-45f9-9c5f-35ebf231b3eb,6,31,True,1283,971,67.85673182183359
32,9fbe1a1d-0e5b-45f9-9c5f-35ebf231b3eb,6,32,True,1311,999,69.39707176898332
33,9fbe1a1d-0e5b-45f9-9c5f-35ebf231b3eb,6,33,True,1339,1027,78.21947488702222
34,9fbe1a1d-0e5b-45f9-9c5f-35ebf231b3eb,6,34,True,1374,1062,74.76168017546411
35,9fbe1a1d-0e5b-45f9-9c5f-35ebf231b3eb,6,35,True,1413,1101,70.03985322349672
36,9fbe1a1d-0e5b-45f9-9c5f-35ebf231b3eb,6,36,True,1436,1124,74.26331345309768
37,9fbe1a1d-0e5b-45f9-9c5f-35ebf231b3eb,6,37,True,1472,1160,78.98270306897393
38,9fbe1a1d-0e5b-45f9-9c5f-35ebf231b3eb,6,38,True,1508,1196,71.57275223245233
39,9fbe1a1d-0e5b-45f9-9c5f-35ebf231b3eb,6,39,True,1540,1228,66.59683774368386
40,9fbe1a1d-0e5b-45f9-9c5f-35ebf231b3eb,6,40,True,1568,1256,62.92719062267406
41,9fbe1a1d-0e5b-45f9-9c5f-35ebf231b3eb,6,41,True,1608,1296,74.6695121388118
42,9fbe1a1d-0e5b-45f9-9c5f-35ebf231b3eb,6,42,True,1638,1326,86.39287630807803
43,9fbe1a1d-0e5b-45f9-9c5f-35ebf231b3eb,6,43,True,1664,1352,68.08934733619412
44,9fbe1a1d-0e5b-45f9-9c5f-35ebf231b3eb,6,44,True,1692,1380,87.64510105933527
45,9fbe1a1d-0e5b-45f9-9c5f-35ebf231b3eb,6,45,True,1725,1413,68.13861702338022
46,9fbe1a1d-0e5b-45f9-9c5f-35ebf231b3eb,6,46,True,1762,1450,81.60356063311133
47,9fbe1a1d-0e5b-45f9-9c5f-35ebf231b3eb,6,47,True,1801,1489,102.46193556174808
48,9fbe1a1d-0e5b-45f9-9c5f-35ebf231b3eb,6,48,True,1829,1517,83.38452099513665
49,9fbe1a1d-0e5b-45f9-9c5f-35ebf231b3eb,6,49,True,1855,1543,86.35903660499162
50,9fbe1a1d-0e5b-45f9-9c5f-35ebf231b3eb,6,50,True,1885,1573,97.15442007362776
51,9fbe1a1d-0e5b-45f9-9c5f-35ebf231b3eb,6,51,True,1908,1596,90.39554033803302
52,9fbe1a1d-0e5b-45f9-9c5f-35ebf231b3eb,6,52,True,1951,1639,83.99625464987889
53,9fbe1a1d-0e5b-45f9-9c5f-35ebf231b3eb,6,53,True,1982,1670,78.93276465270219
54,9fbe1a1d-0e5b-45f9-9c5f-35ebf231b3eb,6,54,True,2011,1699,88.37101911853142
55,9fbe1a1d-0e5b-45f9-9c5f-35ebf231b3eb,6,55,True,2057,1745,98.9674112700668
56,9fbe1a1d-0e5b-45f9-9c5f-35ebf231b3eb,6,56,True,2088,1776,83.97857891223407
57,9fbe1a1d-0e5b-45f9-9c5f-35ebf231b3eb,6,57,True,2115,1803,70.55401947719679
58,9fbe1a1d-0e5b-45f9-9c5f-35ebf231b3eb,6,58,True,2148,1836,80.59570559117674
59,9fbe1a1d-0e5b-45f9-9c5f-35ebf231b3eb,6,59,True,2167,1855,87.40687538540237
60,9fbe1a1d-0e5b-45f9-9c5f-35ebf231b3eb,6,60,True,2207,1895,121.80892368024661
61,9fbe1a1d-0e5b-45f9-9c5f-35ebf231b3eb,6,61,True,2231,1919,95.45626189805216
62,9fbe1a1d-0e5b-45f9-9c5f-35ebf231b3eb,6,62,True,2265,1953,89.23665944532581
63,9fbe1a1d-0e5b-45f9-9c5f-35ebf231b3eb,6,63,True,2292,1980,92.45715421804698
64,9fbe1a1d-0e5b-45f9-9c5f-35ebf231b3eb,6,64,True,2321,2009,87.55345559963007
65,9fbe1a1d-0e5b-45f9-9c5f-35ebf231b3eb,6,65,True,2354,2042,74.85838402324134
66,9fbe1a1d-0e5b-45f9-9c5f-35ebf231b3eb,6,66,True,2382,2070,81.4886011579456
67,9fbe1a1d-0e5b-45f9-9c5f-35ebf231b3eb,6,67,True,2416,2104,87.10708268828876
68,9fbe1a1d-0e5b-45f9-9c5f-35ebf231b3eb,6,68,True,2447,2135,83.14827540553324
69,9fbe1a1d-0e5b-45f9-9c5f-35ebf231b3eb,6,69,True,2481,2169,75.67408267553992
70,9fbe1a1d-0e5b-45f9-9c5f-35ebf231b3eb,6,70,True,2515,2203,67.23187389549093
71,9fbe1a1d-0e5b-45f9-9c5f-35ebf231b3eb,6,71,True,2557,2245,71.66358061951905
72,9fbe1a1d-0e5b-45f9-9c5f-35ebf231b3eb,6,72,True,2585,2273,76.92442236187617
73,9fbe1a1d-0e5b-45f9-9c5f-35ebf231b3eb,6,73,True,2626,2314,61.02761674889598
74,9fbe1a1d-0e5b-45f9-9c5f-35ebf231b3eb,6,74,True,2653,2341,65.38595421085074
75,9fbe1a1d-0e5b-45f9-9c5f-35ebf231b3eb,6,75,True,2690,2378,68.74121641616239
76,9fbe1a1d-0e5b-45f9-9c5f-35ebf231b3eb,6,76,True,2722,2410,71.0855523179157
77,9fbe1a1d-0e5b-45f9-9c5f-35ebf231b3eb,6,77,True,2762,2450,70.87417416963171
78,9fbe1a1d-0e5b-45f9-9c5f-35ebf231b3eb,6,78,True,2790,2478,69.61900220246343
79,9fbe1a1d-0e5b-45f9-9c5f-35ebf231b3eb,6,79,True,2829,2517,72.74558748460277
80,9fbe1a1d-0e5b-45f9-9c5f-35ebf231b3eb,6,80,True,2863,2551,80.01735776497571
81,9fbe1a1d-0e5b-45f9-9c5f-35ebf231b3eb,6,81,True,2888,2576,81.91761694290608
82,9fbe1a1d-0e5b-45f9-9c5f-35ebf231b3eb,6,82,True,2921,2609,73.10168342121733
83,9fbe1a1d-0e5b-45f9-9c5f-35ebf231b3eb,6,83,True,2944,2632,77.63722359996336
84,9fbe1a1d-0e5b-45f9-9c5f-35ebf231b3eb,6,84,True,2976,2664,78.69884588323293
85,9fbe1a1d-0e5b-45f9-9c5f-35ebf231b3eb,6,85,True,3010,2698,86.70615378570164
86,9fbe1a1d-0e5b-45f9-9c5f-35ebf231b3eb,6,86,True,3045,2733,86.97615305448198
87,9fbe1a1d-0e5b-45f9-9c5f-35ebf231b3eb,6,87,True,3073,2761,82.29662819629402
88,9fbe1a1d-0e5b-45f9-9c5f-35ebf231b3eb,6,88,True,3107,2795,75.43566457080169
89,9fbe1a1d-0e5b-45f9-9c5f-35ebf231b3eb,6,89,True,3141,2829,80.32512497242487
90,9fbe1a1d-0e5b-45f9-9c5f-35ebf231b3eb,6,90,True,3163,2851,86.39982342931808
91,9fbe1a1d-0e5b-45f9-9c5f-35ebf231b3eb,6,91,True,3190,2878,85.59385806404134
92,9fbe1a1d-0e5b-45f9-9c5f-35ebf231b3eb,6,92,True,3229,2917,76.47830105427965
93,9fbe1a1d-0e5b-45f9-9c5f-35ebf231b3eb,6,93,True,3266,2954,75.81886586244809
94,9fbe1a1d-0e5b-45f9-9c5f-35ebf231b3eb,6,94,True,3298,2986,74.19326990099898
95,9fbe1a1d-0e5b-45f9-9c5f-35ebf231b3eb,6,95,True,3324,3012,74.08364989676193
96,9fbe1a1d-0e5b-45f9-9c5f-35ebf231b3eb,6,96,True,3351,3039,86.62809130100231
97,9fbe1a1d-0e5b-45f9-9c5f-35ebf231b3eb,6,97,True,3385,3073,86.66304214896445
98,9fbe1a1d-0e5b-45f9-9c5f-35ebf231b3eb,6,98,True,3427,3115,88.62499987044202
99,9fbe1a1d-0e5b-45f9-9c5f-35ebf231b3eb,6,99,True,3468,3156,73.99607302712775
100,9fbe1a1d-0e5b-45f9-9c5f-35ebf231b3eb,6,100,True,3498,3186,78.52583222877684
101,9fbe1a1d-0e5b-45f9-9c5f-35ebf231b3eb,6,101,True,3526,3214,75.75371947338772
102,9fbe1a1d-0e5b-45f9-9c5f-35ebf231b3eb,6,102,True,3564,3252,69.3951906865882
103,9fbe1a1d-0e5b-45f9-9c5f-35ebf231b3eb,6,103,True,3589,3277,77.79962742261932
104,9fbe1a1d-0e5b-45f9-9c5f-35ebf231b3eb,6,104,True,3631,3319,66.00595685833332
105,9fbe1a1d-0e5b-45f9-9c5f-35ebf231b3eb,6,105,True,3663,3351,72.32187545748411
106,9fbe1a1d-0e5b-45f9-9c5f-35ebf231b3eb,6,106,True,3687,3375,79.71483604715377
107,9fbe1a1d-0e5b-45f9-9c5f-35ebf231b3eb,6,107,True,3726,3414,64.58990343327105
108,9fbe1a1d-0e5b-45f9-9c5f-35ebf231b3eb,6,108,True,3761,3449,77.06036149995043
109,9fbe1a1d-0e5b-45f9-9c5f-35ebf231b3eb,6,109,True,3790,3478,98.97684755787122
110,9fbe1a1d-0e5b-45f9-9c5f-35ebf231b3eb,6,110,True,3821,3509,92.05353694360292
111,9fbe1a1d-0e5b-45f9-9c5f-35ebf231b3eb,6,111,True,3858,3546,78.97166814269849
112,9fbe1a1d-0e5b-45f9-9c5f-35ebf231b3eb,6,112,True,3893,3581,74.32988261026867
113,9fbe1a1d-0e5b-45f9-9c5f-35ebf231b3eb,6,113,True,3932,3620,69.57272631049136
114,9fbe1a1d-0e5b-45f9-9c5f-35ebf231b3eb,6,114,True,3961,3649,75.9361356136219
115,9fbe1a1d-0e5b-45f9-9c5f-35ebf231b3eb,6,115,True,3993,3681,79.00493333501117
116,9fbe1a1d-0e5b-45f9-9c5f-35ebf231b3eb,6,116,True,4024,3712,71.09585354735555
117,9fbe1a1d-0e5b-45f9-9c5f-35ebf231b3eb,6,117,True,4051,3739,79.2879058928952
118,9fbe1a1d-0e5b-45f9-9c5f-35ebf231b3eb,6,118,True,4065,3753,83.23271110957012
119,9fbe1a1d-0e5b-45f9-9c5f-35ebf231b3eb,6,119,True,4102,3790,73.08297054049717
120,9fbe1a1d-0e5b-45f9-9c5f-35ebf231b3eb,6,120,True,4126,3814,77.3869819272054
121,9fbe1a1d-0e5b-45f9-9c5f-35ebf231b3eb,6,121,True,4162,3850,72.7108594764145
122,9fbe1a1d-0e5b-45f9-9c5f-35ebf231b3eb,6,122,True,4195,3883,67.63383060839124
123,9fbe1a1d-0e5b-45f9-9c5f-35ebf231b3eb,6,123,True,4214,3902,65.96297463376641
124,9fbe1a1d-0e5b-45f9-9c5f-35ebf231b3eb,6,124,True,4246,3934,91.40460857277367
125,9fbe1a1d-0e5b-45f9-9c5f-35ebf231b3eb,6,125,True,4277,3965,108.50132980629724
126,9fbe1a1d-0e5b-45f9-9c5f-35ebf231b3eb,6,126,True,4314,4002,96.83051985098064
127,9fbe1a1d-0e5b-45f9-9c5f-35ebf231b3eb,6,127,True,4344,4032,93.86674393392605
128,9fbe1a1d-0e5b-45f9-9c5f-35ebf231b3eb,6,128,True,4382,4070,92.43110151481869
129,9fbe1a1d-0e5b-45f9-9c5f-35ebf231b3eb,6,129,True,4412,4100,77.49569926411368
130,9fbe1a1d-0e5b-45f9-9c5f-35ebf231b3eb,6,130,True,4437,4125,87.52238533528998
131,9fbe1a1d-0e5b-45f9-9c5f-35ebf231b3eb,6,131,True,4469,4157,107.4267711360726
132,9fbe1a1d-0e5b-45f9-9c5f-35ebf231b3eb,6,132,True,4503,4191,101.10260433268286
133,9fbe1a1d-0e5b-45f9-9c5f-35ebf231b3eb,6,133,True,4547,4235,78.39035005062851
134,9fbe1a1d-0e5b-45f9-9c5f-35ebf231b3eb,6,134,True,4579,4267,73.38947672422
135,9fbe1a1d-0e5b-45f9-9c5f-35ebf231b3eb,6,135,True,4609,4297,70.22810072057291
136,9fbe1a1d-0e5b-45f9-9c5f-35ebf231b3eb,6,136,True,4638,4326,76.91694230410485
137,9fbe1a1d-0e5b-45f9-9c5f-35ebf231b3eb,6,137,True,4656,4344,86.64760881312941
138,9fbe1a1d-0e5b-45f9-9c5f-35ebf231b3eb,6,138,True,4694,4382,82.62327563257531
139,9fbe1a1d-0e5b-45f9-9c5f-35ebf231b3eb,6,139,True,4725,4413,79.7422528406687
140,9fbe1a1d-0e5b-45f9-9c5f-35ebf231b3eb,6,140,True,4756,4444,81.35564630086355
141,9fbe1a1d-0e5b-45f9-9c5f-35ebf231b3eb,6,141,True,4781,4469,74.82335018494086
142,9fbe1a1d-0e5b-45f9-9c5f-35ebf231b3eb,6,142,True,4810,4498,72.25556100781705
143,9fbe1a1d-0e5b-45f9-9c5f-35ebf231b3eb,6,143,True,4843,4531,64.8882768811236
144,9fbe1a1d-0e5b-45f9-9c5f-35ebf231b3eb,6,144,True,4872,4560,96.57201551987328
145,9fbe1a1d-0e5b-45f9-9c5f-35ebf231b3eb,6,145,True,4903,4591,73.69456365451606
146,9fbe1a1d-0e5b-45f9-9c5f-35ebf231b3eb,6,146,True,4937,4625,80.58935844677308
147,9fbe1a1d-0e5b-45f9-9c5f-35ebf231b3eb,6,147,True,4958,4646,72.44756007979231
148,9fbe1a1d-0e5b-45f9-9c5f-35ebf231b3eb,6,148,True,5000,4688,80.67778740852282
149,9fbe1a1d-0e5b-45f9-9c5f-35ebf231b3eb,6,149,True,5029,4717,89.77022317617048
150,9fbe1a1d-0e5b-45f9-9c5f-35ebf231b3eb,6,150,True,5059,4747,85.39681033167017
151,9fbe1a1d-0e5b-45f9-9c5f-35ebf231b3eb,6,151,True,5102,4790,72.71477088435222
152,9fbe1a1d-0e5b-45f9-9c5f-35ebf231b3eb,6,152,True,5128,4816,80.84731387871489
153,9fbe1a1d-0e5b-45f9-9c5f-35ebf231b3eb,6,153,True,5151,4839,90.71663798676855
154,9fbe1a1d-0e5b-45f9-9c5f-35ebf231b3eb,6,154,True,5173,4861,76.0101155489574
155,9fbe1a1d-0e5b-45f9-9c5f-35ebf231b3eb,6,155,True,5194,4882,89.12264795689498
156,9fbe1a1d-0e5b-45f9-9c5f-35ebf231b3eb,6,156,True,5232,4920,85.99769712436864
157,9fbe1a1d-0e5b-45f9-9c5f-35ebf231b3eb,6,157,True,5269,4957,74.01320529023178
158,9fbe1a1d-0e5b-45f9-9c5f-35ebf231b3eb,6,158,True,5292,4980,75.61917972570609
159,9fbe1a1d-0e5b-45f9-9c5f-35ebf231b3eb,6,159,True,5325,5013,89.07995631463291
160,9fbe1a1d-0e5b-45f9-9c5f-35ebf231b3eb,6,160,True,5360,5048,84.7458425914383
161,9fbe1a1d-0e5b-45f9-9c5f-35ebf231b3eb,6,161,True,5387,5075,87.96313885274867
162,9fbe1a1d-0e5b-45f9-9c5f-35ebf231b3eb,6,162,True,5416,5104,86.8157809696213
163,9fbe1a1d-0e5b-45f9-9c5f-35ebf231b3eb,6,163,True,5454,5142,81.70277832616648
164,9fbe1a1d-0e5b-45f9-9c5f-35ebf231b3eb,6,164,True,5490,5178,95.44002916045883
165,9fbe1a1d-0e5b-45f9-9c5f-35ebf231b3eb,6,165,True,5513,5201,82.35453585556934
166,9fbe1a1d-0e5b-45f9-9c5f-35ebf231b3eb,6,166,True,5544,5232,93.5368884535319
167,9fbe1a1d-0e5b-45f9-9c5f-35ebf231b3eb,6,167,True,5572,5260,75.06488441589045
168,9fbe1a1d-0e5b-45f9-9c5f-35ebf231b3eb,6,168,True,5601,5289,81.28217973082974
169,9fbe1a1d-0e5b-45f9-9c5f-35ebf231b3eb,6,169,True,5641,5329,82.05740334411439
170,9fbe1a1d-0e5b-45f9-9c5f-35ebf231b3eb,6,170,True,5685,5373,85.32518529982553
171,9fbe1a1d-0e5b-45f9-9c5f-35ebf231b3eb,6,171,True,5718,5406,79.45778925164268
172,9fbe1a1d-0e5b-45f9-9c5f-35ebf231b3eb,6,172,True,5746,5434,78.3257954489809
173,9fbe1a1d-0e5b-45f9-9c5f-35ebf231b3eb,6,173,True,5780,5468,72.72788445281822
174,9fbe1a1d-0e5b-45f9-9c5f-35ebf231b3eb,6,174,True,5816,5504,87.50151697563888
175,9fbe1a1d-0e5b-45f9-9c5f-35ebf231b3eb,6,175,True,5838,5526,73.7831220994185
176,9fbe1a1d-0e5b-45f9-9c5f-35ebf231b3eb,6,176,True,5858,5546,91.71351290097027
177,9fbe1a1d-0e5b-45f9-9c5f-35ebf231b3eb,6,177,True,5888,5576,112.917963733129
178,9fbe1a1d-0e5b-45f9-9c5f-35ebf231b3eb,6,178,True,5917,5605,78.97270629189916
179,9fbe1a1d-0e5b-45f9-9c5f-35ebf231b3eb,6,179,True,5941,5629,79.87538540322839
180,9fbe1a1d-0e5b-45f9-9c5f-35ebf231b3eb,6,180,True,5974,5662,95.39307261473641
181,9fbe1a1d-0e5b-45f9-9c5f-35ebf231b3eb,6,181,True,5996,5684,78.03115960344894
182,9fbe1a1d-0e5b-45f9-9c5f-35ebf231b3eb,6,182,True,6031,5719,122.53013496090534
183,9fbe1a1d-0e5b-45f9-9c5f-35ebf231b3eb,6,183,True,6060,5748,82.29870648550605
184,9fbe1a1d-0e5b-45f9-9c5f-35ebf231b3eb,6,184,True,6089,5777,100.03614135152475
185,9fbe1a1d-0e5b-45f9-9c5f-35ebf231b3eb,6,185,True,6125,5813,85.02958475722698
186,9fbe1a1d-0e5b-45f9-9c5f-35ebf231b3eb,6,186,True,6155,5843,98.62532864807508
187,9fbe1a1d-0e5b-45f9-9c5f-35ebf231b3eb,6,187,True,6178,5866,131.57926504455554
188,9fbe1a1d-0e5b-45f9-9c5f-35ebf231b3eb,6,188,True,6198,5886,144.04668903224865
189,9fbe1a1d-0e5b-45f9-9c5f-35ebf231b3eb,6,189,True,6221,5909,145.17473567119396
190,9fbe1a1d-0e5b-45f9-9c5f-35ebf231b3eb,6,190,True,6256,5944,138.03289936295823
191,9fbe1a1d-0e5b-45f9-9c5f-35ebf231b3eb,6,191,True,6302,5990,89.50382089445975
192,9fbe1a1d-0e5b-45f9-9c5f-35ebf231b3eb,6,192,True,6329,6017,150.2123553650381
193,9fbe1a1d-0e5b-45f9-9c5f-35ebf231b3eb,6,193,True,6350,6038,97.07751582684432
194,9fbe1a1d-0e5b-45f9-9c5f-35ebf231b3eb,6,194,True,6383,6071,113.07238650168347
195,9fbe1a1d-0e5b-45f9-9c5f-35ebf231b3eb,6,195,True,6413,6101,110.1871614516067
196,9fbe1a1d-0e5b-45f9-9c5f-35ebf231b3eb,6,196,True,6446,6134,107.85280732042793
197,9fbe1a1d-0e5b-45f9-9c5f-35ebf231b3eb,6,197,True,6464,6152,85.23505449931599
198,9fbe1a1d-0e5b-45f9-9c5f-35ebf231b3eb,6,198,True,6494,6182,107.07681857210082
199,9fbe1a1d-0e5b-45f9-9c5f-35ebf231b3eb,6,199,True,6521,6209,93.17861525244552
200,9fbe1a1d-0e5b-45f9-9c5f-35ebf231b3eb,6,200,True,6552,6240,88.56291490298645
201,9fbe1a1d-0e5b-45f9-9c5f-35ebf231b3eb,6,201,True,6585,6273,77.48724245805806
202,9fbe1a1d-0e5b-45f9-9c5f-35ebf231b3eb,6,202,True,6620,6308,75.6487972070754
203,9fbe1a1d-0e5b-45f9-9c5f-35ebf231b3eb,6,203,True,6648,6336,82.66996847829705
204,9fbe1a1d-0e5b-45f9-9c5f-35ebf231b3eb,6,204,True,6682,6370,82.18670238467166
205,9fbe1a1d-0e5b-45f9-9c5f-35ebf231b3eb,6,205,True,6722,6410,68.51713575546546
206,9fbe1a1d-0e5b-45f9-9c5f-35ebf231b3eb,6,206,True,6755,6443,80.24222466980063
207,9fbe1a1d-0e5b-45f9-9c5f-35ebf231b3eb,6,207,True,6773,6461,79.86772928531718
208,9fbe1a1d-0e5b-45f9-9c5f-35ebf231b3eb,6,208,True,6802,6490,78.75194201295744
209,9fbe1a1d-0e5b-45f9-9c5f-35ebf231b3eb,6,209,True,6835,6523,84.97851685381465
210,9fbe1a1d-0e5b-45f9-9c5f-35ebf231b3eb,6,210,True,6873,6561,84.68282858433577
211,9fbe1a1d-0e5b-45f9-9c5f-35ebf231b3eb,6,211,True,6903,6591,76.65910057420842
212,9fbe1a1d-0e5b-45f9-9c5f-35ebf231b3eb,6,212,True,6941,6629,77.54004139260633
213,9fbe1a1d-0e5b-45f9-9c5f-35ebf231b3eb,6,213,True,6971,6659,88.30475754163035
214,9fbe1a1d-0e5b-45f9-9c5f-35ebf231b3eb,6,214,True,7015,6703,68.85219077159672
215,9fbe1a1d-0e5b-45f9-9c5f-35ebf231b3eb,6,215,True,7041,6729,70.48147393759791
216,9fbe1a1d-0e5b-45f9-9c5f-35ebf231b3eb,6,216,True,7074,6762,74.30391592194701
217,9fbe1a1d-0e5b-45f9-9c5f-35ebf231b3eb,6,217,True,7097,6785,88.54601568864109
218,9fbe1a1d-0e5b-45f9-9c5f-35ebf231b3eb,6,218,True,7129,6817,82.58235923420489
219,9fbe1a1d-0e5b-45f9-9c5f-35ebf231b3eb,6,219,True,7161,6849,75.834855620702
220,9fbe1a1d-0e5b-45f9-9c5f-35ebf231b3eb,6,220,True,7193,6881,68.95850824075387
221,9fbe1a1d-0e5b-45f9-9c5f-35ebf231b3eb,6,221,True,7232,6920,87.81479905165997
222,9fbe1a1d-0e5b-45f9-9c5f-35ebf231b3eb,6,222,True,7256,6944,70.85370448208778
223,9fbe1a1d-0e5b-45f9-9c5f-35ebf231b3eb,6,223,True,7292,6980,93.09060947969556
224,9fbe1a1d-0e5b-45f9-9c5f-35ebf231b3eb,6,224,True,7327,7015,87.73025490425698
225,9fbe1a1d-0e5b-45f9-9c5f-35ebf231b3eb,6,225,True,7351,7039,84.65791465816983
226,9fbe1a1d-0e5b-45f9-9c5f-35ebf231b3eb,6,226,True,7380,7068,79.1689382435361
227,9fbe1a1d-0e5b-45f9-9c5f-35ebf231b3eb,6,227,True,7409,7097,69.35755949954182
228,9fbe1a1d-0e5b-45f9-9c5f-35ebf231b3eb,6,228,True,7449,7137,68.43697660065754
229,9fbe1a1d-0e5b-45f9-9c5f-35ebf231b3eb,6,229,True,7480,7168,68.41062155861346
230,9fbe1a1d-0e5b-45f9-9c5f-35ebf231b3eb,6,230,True,7509,7197,77.89384384131154
231,9fbe1a1d-0e5b-45f9-9c5f-35ebf231b3eb,6,231,True,7540,7228,88.35939873502412
232,9fbe1a1d-0e5b-45f9-9c5f-35ebf231b3eb,6,232,True,7571,7259,92.53446789272857
233,9fbe1a1d-0e5b-45f9-9c5f-35ebf231b3eb,6,233,True,7604,7292,116.08060948696766
234,9fbe1a1d-0e5b-45f9-9c5f-35ebf231b3eb,6,234,True,7625,7313,102.9782251146662
235,9fbe1a1d-0e5b-45f9-9c5f-35ebf231b3eb,6,235,True,7649,7337,84.26592271136633
236,9fbe1a1d-0e5b-45f9-9c5f-35ebf231b3eb,6,236,True,7673,7361,105.9570249596145
237,9fbe1a1d-0e5b-45f9-9c5f-35ebf231b3eb,6,237,True,7698,7386,102.05233813341238
238,9fbe1a1d-0e5b-45f9-9c5f-35ebf231b3eb,6,238,True,7738,7426,104.8822102014692
239,9fbe1a1d-0e5b-45f9-9c5f-35ebf231b3eb,6,239,True,7772,7460,85.84620050413832
240,9fbe1a1d-0e5b-45f9-9c5f-35ebf231b3eb,6,240,True,7798,7486,143.08481745928475
241,9fbe1a1d-0e5b-45f9-9c5f-35ebf231b3eb,6,241,True,7823,7511,143.31164175866616
242,9fbe1a1d-0e5b-45f9-9c5f-35ebf231b3eb,6,242,True,7848,7536,149.80123300193827
243,9fbe1a1d-0e5b-45f9-9c5f-35ebf231b3eb,6,243,True,7871,7559,129.1756738000331
244,9fbe1a1d-0e5b-45f9-9c5f-35ebf231b3eb,6,244,True,7897,7585,179.9471056708362
245,9fbe1a1d-0e5b-45f9-9c5f-35ebf231b3eb,6,245,True,7928,7616,127.75303438078208
246,9fbe1a1d-0e5b-45f9-9c5f-35ebf231b3eb,6,246,True,7961,7649,175.2854069735131
247,9fbe1a1d-0e5b-45f9-9c5f-35ebf231b3eb,6,247,True,7981,7669,127.16662622522654
248,9fbe1a1d-0e5b-45f9-9c5f-35ebf231b3eb,6,248,True,8018,7706,142.06979135353686
249,9fbe1a1d-0e5b-45f9-9c5f-35ebf231b3eb,6,249,True,8043,7731,109.44326709263441
250,9fbe1a1d-0e5b-45f9-9c5f-35ebf231b3eb,6,250,True,8072,7760,125.03668854440002
251,9fbe1a1d-0e5b-45f9-9c5f-35ebf231b3eb,6,251,True,8105,7793,118.05807701665708
252,9fbe1a1d-0e5b-45f9-9c5f-35ebf231b3eb,6,252,True,8136,7824,112.77025362311088
253,9fbe1a1d-0e5b-45f9-9c5f-35ebf231b3eb,6,253,True,8167,7855,147.17975174335515
254,9fbe1a1d-0e5b-45f9-9c5f-35ebf231b3eb,6,254,True,8190,7878,84.40577767891682
255,9fbe1a1d-0e5b-45f9-9c5f-35ebf231b3eb,6,255,True,8222,7910,118.11166488530398
256,9fbe1a1d-0e5b-45f9-9c5f-35ebf231b3eb,6,256,True,8249,7937,104.86760223734382
257,9fbe1a1d-0e5b-45f9-9c5f-35ebf231b3eb,6,257,True,8275,7963,104.20369028961886
258,9fbe1a1d-0e5b-45f9-9c5f-35ebf231b3eb,6,258,True,8308,7996,88.50345242436742
259,9fbe1a1d-0e5b-45f9-9c5f-35ebf231b3eb,6,259,True,8344,8032,99.24612727699696
260,9fbe1a1d-0e5b-45f9-9c5f-35ebf231b3eb,6,260,True,8366,8054,104.561789696485
261,9fbe1a1d-0e5b-45f9-9c5f-35ebf231b3eb,6,261,True,8399,8087,129.95478756655393
262,9fbe1a1d-0e5b-45f9-9c5f-35ebf231b3eb,6,262,True,8429,8117,131.78115489475385
263,9fbe1a1d-0e5b-45f9-9c5f-35ebf231b3eb,6,263,True,8456,8144,107.07234563456404
264,9fbe1a1d-0e5b-45f9-9c5f-35ebf231b3eb,6,264,True,8490,8178,99.5851044526371
265,9fbe1a1d-0e5b-45f9-9c5f-35ebf231b3eb,6,265,True,8523,8211,94.24600252221353
266,9fbe1a1d-0e5b-45f9-9c5f-35ebf231b3eb,6,266,True,8546,8234,94.1217092799925
267,9fbe1a1d-0e5b-45f9-9c5f-35ebf231b3eb,6,267,True,8573,8261,92.61149836594268
268,9fbe1a1d-0e5b-45f9-9c5f-35ebf231b3eb,6,268,True,8598,8286,132.86434942575397
269,9fbe1a1d-0e5b-45f9-9c5f-35ebf231b3eb,6,269,True,8620,8308,93.48475665255319
270,9fbe1a1d-0e5b-45f9-9c5f-35ebf231b3eb,6,270,True,8650,8338,98.4026953204193
271,9fbe1a1d-0e5b-45f9-9c5f-35ebf231b3eb,6,271,True,8673,8361,102.56596329538843
272,9fbe1a1d-0e5b-45f9-9c5f-35ebf231b3eb,6,272,True,8710,8398,89.85257015673596
273,9fbe1a1d-0e5b-45f9-9c5f-35ebf231b3eb,6,273,True,8735,8423,89.07899525455468
274,9fbe1a1d-0e5b-45f9-9c5f-35ebf231b3eb,6,274,True,8776,8464,90.6585766521057
275,9fbe1a1d-0e5b-45f9-9c5f-35ebf231b3eb,6,275,True,8808,8496,90.87570569852687
276,9fbe1a1d-0e5b-45f9-9c5f-35ebf231b3eb,6,276,True,8844,8532,89.4284585259702
277,9fbe1a1d-0e5b-45f9-9c5f-35ebf231b3eb,6,277,True,8872,8560,94.67823637267793
278,9fbe1a1d-0e5b-45f9-9c5f-35ebf231b3eb,6,278,True,8903,8591,141.54284734728935
279,9fbe1a1d-0e5b-45f9-9c5f-35ebf231b3eb,6,279,True,8926,8614,116.00560513608616
280,9fbe1a1d-0e5b-45f9-9c5f-35ebf231b3eb,6,280,True,8954,8642,113.65480727705108
281,9fbe1a1d-0e5b-45f9-9c5f-35ebf231b3eb,6,281,True,8979,8667,115.86015506231888
282,9fbe1a1d-0e5b-45f9-9c5f-35ebf231b3eb,6,282,True,9011,8699,100.92457853113228
283,9fbe1a1d-0e5b-45f9-9c5f-35ebf231b3eb,6,283,True,9039,8727,126.53953761269076
284,9fbe1a1d-0e5b-45f9-9c5f-35ebf231b3eb,6,284,True,9067,8755,106.26096828406662
285,9fbe1a1d-0e5b-45f9-9c5f-35ebf231b3eb,6,285,True,9094,8782,103.76938105089721
286,9fbe1a1d-0e5b-45f9-9c5f-35ebf231b3eb,6,286,True,9130,8818,93.19811147180008
287,9fbe1a1d-0e5b-45f9-9c5f-35ebf231b3eb,6,287,True,9161,8849,131.69749302521268
288,9fbe1a1d-0e5b-45f9-9c5f-35ebf231b3eb,6,288,True,9190,8878,100.1346877163578
289,9fbe1a1d-0e5b-45f9-9c5f-35ebf231b3eb,6,289,True,9214,8902,89.28142007849601
290,9fbe1a1d-0e5b-45f9-9c5f-35ebf231b3eb,6,290,True,9256,8944,73.2916320985023
291,9fbe1a1d-0e5b-45f9-9c5f-35ebf231b3eb,6,291,True,9277,8965,77.62915631741635
292,9fbe1a1d-0e5b-45f9-9c5f-35ebf231b3eb,6,292,True,9309,8997,81.13268639561102
293,9fbe1a1d-0e5b-45f9-9c5f-35ebf231b3eb,6,293,True,9333,9021,80.54316196369109
294,9fbe1a1d-0e5b-45f9-9c5f-35ebf231b3eb,6,294,True,9359,9047,79.53919408786533
295,9fbe1a1d-0e5b-45f9-9c5f-35ebf231b3eb,6,295,True,9384,9072,74.87433887535735
296,9fbe1a1d-0e5b-45f9-9c5f-35ebf231b3eb,6,296,True,9418,9106,86.93438192754911
297,9fbe1a1d-0e5b-45f9-9c5f-35ebf231b3eb,6,297,True,9447,9135,82.7178563999114
298,9fbe1a1d-0e5b-45f9-9c5f-35ebf231b3eb,6,298,True,9476,9164,79.13118231042245
299,9fbe1a1d-0e5b-45f9-9c5f-35ebf231b3eb,6,299,True,9506,9194,70.86867693038766
300,9fbe1a1d-0e5b-45f9-9c5f-35ebf231b3eb,6,300,True,9537,9225,72.99710871004754
301,9fbe1a1d-0e5b-45f9-9c5f-35ebf231b3eb,6,301,True,9573,9261,86.0336020614086
302,9fbe1a1d-0e5b-45f9-9c5f-35ebf231b3eb,6,302,True,9602,9290,92.90442417061968
303,9fbe1a1d-0e5b-45f9-9c5f-35ebf231b3eb,6,303,True,9642,9330,78.52979953622344
304,9fbe1a1d-0e5b-45f9-9c5f-35ebf231b3eb,6,304,True,9675,9363,78.24206721104201
305,9fbe1a1d-0e5b-45f9-9c5f-35ebf231b3eb,6,305,True,9699,9387,74.10256564913107
306,9fbe1a1d-0e5b-45f9-9c5f-35ebf231b3eb,6,306,True,9732,9420,65.23568385617182
307,9fbe1a1d-0e5b-45f9-9c5f-35ebf231b3eb,6,307,True,9771,9459,74.8421863579224
308,9fbe1a1d-0e5b-45f9-9c5f-35ebf231b3eb,6,308,True,9795,9483,97.14444597761576
309,9fbe1a1d-0e5b-45f9-9c5f-35ebf231b3eb,6,309,True,9822,9510,77.06399698962377
310,9fbe1a1d-0e5b-45f9-9c5f-35ebf231b3eb,6,310,True,9851,9539,82.09825503223328
311,9fbe1a1d-0e5b-45f9-9c5f-35ebf231b3eb,6,311,True,9875,9563,89.07586889933373
312,9fbe1a1d-0e5b-45f9-9c5f-35ebf231b3eb,6,312,True,9912,9600,98.74355104310052
313,9fbe1a1d-0e5b-45f9-9c5f-35ebf231b3eb,6,313,True,9938,9626,97.78672270102106
314,9fbe1a1d-0e5b-45f9-9c5f-35ebf231b3eb,6,314,True,9973,9661,88.01324944574299
315,9fbe1a1d-0e5b-45f9-9c5f-35ebf231b3eb,6,315,True,10008,9696,85.55970024553608
316,9fbe1a1d-0e5b-45f9-9c5f-35ebf231b3eb,6,316,True,10035,9723,83.42110390656126
317,9fbe1a1d-0e5b-45f9-9c5f-35ebf231b3eb,6,317,True,10068,9756,95.68683549620437
318,9fbe1a1d-0e5b-45f9-9c5f-35ebf231b3eb,6,318,True,10099,9787,91.31956600794001
319,9fbe1a1d-0e5b-45f9-9c5f-35ebf231b3eb,6,319,True,10124,9812,93.41572821857517
320,9fbe1a1d-0e5b-45f9-9c5f-35ebf231b3eb,6,320,True,10155,9843,96.08508632395024
321,9fbe1a1d-0e5b-45f9-9c5f-35ebf231b3eb,6,321,True,10197,9885,77.92248864488647
322,9fbe1a1d-0e5b-45f9-9c5f-35ebf231b3eb,6,322,True,10232,9920,78.03650170192122
323,9fbe1a1d-0e5b-45f9-9c5f-35ebf231b3eb,6,323,True,10264,9952,80.44524920055483
324,9fbe1a1d-0e5b-45f9-9c5f-35ebf231b3eb,6,324,True,10294,9982,75.5450948743619
325,9fbe1a1d-0e5b-45f9-9c5f-35ebf231b3eb,6,325,True,10324,10012,82.37624597114518
326,9fbe1a1d-0e5b-45f9-9c5f-35ebf231b3eb,6,326,True,10348,10036,98.20622180851387
327,9fbe1a1d-0e5b-45f9-9c5f-35ebf231b3eb,6,327,True,10387,10075,91.11147368525963
328,9fbe1a1d-0e5b-45f9-9c5f-35ebf231b3eb,6,328,True,10420,10108,94.32410571684704
329,9fbe1a1d-0e5b-45f9-9c5f-35ebf231b3eb,6,329,True,10439,10127,101.04124828356726
330,9fbe1a1d-0e5b-45f9-9c5f-35ebf231b3eb,6,330,True,10476,10164,106.23931108755278
331,9fbe1a1d-0e5b-45f9-9c5f-35ebf231b3eb,6,331,True,10504,10192,103.69206305455009
332,9fbe1a1d-0e5b-45f9-9c5f-35ebf231b3eb,6,332,True,10536,10224,113.36016525754712
333,9fbe1a1d-0e5b-45f9-9c5f-35ebf231b3eb,6,333,True,10565,10253,107.41844527008288
334,9fbe1a1d-0e5b-45f9-9c5f-35ebf231b3eb,6,334,True,10600,10288,108.38421620875306
335,9fbe1a1d-0e5b-45f9-9c5f-35ebf231b3eb,6,335,True,10626,10314,70.62678754306398
336,9fbe1a1d-0e5b-45f9-9c5f-35ebf231b3eb,6,336,True,10650,10338,72.89976171001399
337,9fbe1a1d-0e5b-45f9-9c5f-35ebf231b3eb,6,337,True,10681,10369,86.90190888465622
338,9fbe1a1d-0e5b-45f9-9c5f-35ebf231b3eb,6,338,True,10722,10410,81.27557373074887
339,9fbe1a1d-0e5b-45f9-9c5f-35ebf231b3eb,6,339,True,10755,10443,84.67841015473823
340,9fbe1a1d-0e5b-45f9-9c5f-35ebf231b3eb,6,340,True,10779,10467,75.78515325617082
341,9fbe1a1d-0e5b-45f9-9c5f-35ebf231b3eb,6,341,True,10810,10498,88.01097403992753
342,9fbe1a1d-0e5b-45f9-9c5f-35ebf231b3eb,6,342,True,10831,10519,79.28148710459573
343,9fbe1a1d-0e5b-45f9-9c5f-35ebf231b3eb,6,343,True,10857,10545,89.4975129127979
344,9fbe1a1d-0e5b-45f9-9c5f-35ebf231b3eb,6,344,True,10889,10577,94.65561606248775
345,9fbe1a1d-0e5b-45f9-9c5f-35ebf231b3eb,6,345,True,10925,10613,86.65411502164534
346,9fbe1a1d-0e5b-45f9-9c5f-35ebf231b3eb,6,346,True,10957,10645,83.74492347720843
347,9fbe1a1d-0e5b-45f9-9c5f-35ebf231b3eb,6,347,True,10987,10675,92.82620139793471
348,9fbe1a1d-0e5b-45f9-9c5f-35ebf231b3eb,6,348,True,11012,10700,91.73601114364465
349,9fbe1a1d-0e5b-45f9-9c5f-35ebf231b3eb,6,349,True,11041,10729,97.934843570878
350,9fbe1a1d-0e5b-45f9-9c5f-35ebf231b3eb,6,350,True,11075,10763,86.22108046169524
351,9fbe1a1d-0e5b-45f9-9c5f-35ebf231b3eb,6,351,True,11110,10798,85.68164500139574
352,9fbe1a1d-0e5b-45f9-9c5f-35ebf231b3eb,6,352,True,11136,10824,64.30380214486831
353,9fbe1a1d-0e5b-45f9-9c5f-35ebf231b3eb,6,353,True,11173,10861,94.76473839329083
354,9fbe1a1d-0e5b-45f9-9c5f-35ebf231b3eb,6,354,True,11207,10895,85.22812486566545
355,9fbe1a1d-0e5b-45f9-9c5f-35ebf231b3eb,6,355,True,11230,10918,87.39916954273576
356,9fbe1a1d-0e5b-45f9-9c5f-35ebf231b3eb,6,356,True,11267,10955,79.70422338646677
357,9fbe1a1d-0e5b-45f9-9c5f-35ebf231b3eb,6,357,True,11301,10989,90.94049516288942
358,9fbe1a1d-0e5b-45f9-9c5f-35ebf231b3eb,6,358,True,11329,11017,86.8633784926842
359,9fbe1a1d-0e5b-45f9-9c5f-35ebf231b3eb,6,359,True,11355,11043,82.81277999755002
360,9fbe1a1d-0e5b-45f9-9c5f-35ebf231b3eb,6,360,True,11380,11068,83.78876738741383
361,9fbe1a1d-0e5b-45f9-9c5f-35ebf231b3eb,6,361,True,11410,11098,101.11231468267397
362,9fbe1a1d-0e5b-45f9-9c5f-35ebf231b3eb,6,362,True,11447,11135,86.54056327613034
363,9fbe1a1d-0e5b-45f9-9c5f-35ebf231b3eb,6,363,True,11474,11162,93.37159959154451
364,9fbe1a1d-0e5b-45f9-9c5f-35ebf231b3eb,6,364,True,11507,11195,91.745967858933
365,9fbe1a1d-0e5b-45f9-9c5f-35ebf231b3eb,6,365,True,11540,11228,93.87429858052747
366,9fbe1a1d-0e5b-45f9-9c5f-35ebf231b3eb,6,366,True,11572,11260,86.18241935120568
367,9fbe1a1d-0e5b-45f9-9c5f-35ebf231b3eb,6,367,True,11600,11288,89.28518888374674
368,9fbe1a1d-0e5b-45f9-9c5f-35ebf231b3eb,6,368,True,11636,11324,77.73765714409274
369,9fbe1a1d-0e5b-45f9-9c5f-35ebf231b3eb,6,369,True,11675,11363,72.5250725732476
370,9fbe1a1d-0e5b-45f9-9c5f-35ebf231b3eb,6,370,True,11714,11402,71.61761535885853
371,9fbe1a1d-0e5b-45f9-9c5f-35ebf231b3eb,6,371,True,11744,11432,74.71455268318277
372,9fbe1a1d-0e5b-45f9-9c5f-35ebf231b3eb,6,372,True,11771,11459,64.71185891812638
373,9fbe1a1d-0e5b-45f9-9c5f-35ebf231b3eb,6,373,True,11804,11492,69.23111782616616
374,9fbe1a1d-0e5b-45f9-9c5f-35ebf231b3eb,6,374,True,11829,11517,73.91027434838179
375,9fbe1a1d-0e5b-45f9-9c5f-35ebf231b3eb,6,375,True,11852,11540,65.15556762591586
376,9fbe1a1d-0e5b-45f9-9c5f-35ebf231b3eb,6,376,True,11879,11567,78.54700124699593
377,9fbe1a1d-0e5b-45f9-9c5f-35ebf231b3eb,6,377,True,11913,11601,85.61026762351685
378,9fbe1a1d-0e5b-45f9-9c5f-35ebf231b3eb,6,378,True,11939,11627,85.6524353639652
379,9fbe1a1d-0e5b-45f9-9c5f-35ebf231b3eb,6,379,True,11978,11666,74.9549563805358
380,9fbe1a1d-0e5b-45f9-9c5f-35ebf231b3eb,6,380,True,12011,11699,89.01084371032266
381,9fbe1a1d-0e5b-45f9-9c5f-35ebf231b3eb,6,381,True,12041,11729,68.66130627110215
382,9fbe1a1d-0e5b-45f9-9c5f-35ebf231b3eb,6,382,True,12072,11760,61.6028818065879
383,9fbe1a1d-0e5b-45f9-9c5f-35ebf231b3eb,6,383,True,12097,11785,72.81107424723086
384,9fbe1a1d-0e5b-45f9-9c5f-35ebf231b3eb,6,384,True,12119,11807,80.28934328225841
385,9fbe1a1d-0e5b-45f9-9c5f-35ebf231b3eb,6,385,True,12146,11834,91.41927525096798
386,9fbe1a1d-0e5b-45f9-9c5f-35ebf231b3eb,6,386,True,12174,11862,94.64331670748652
387,9fbe1a1d-0e5b-45f9-9c5f-35ebf231b3eb,6,387,True,12209,11897,85.23808264122636
388,9fbe1a1d-0e5b-45f9-9c5f-35ebf231b3eb,6,388,True,12241,11929,81.68674174091939
389,9fbe1a1d-0e5b-45f9-9c5f-35ebf231b3eb,6,389,True,12276,11964,72.39402524670004
390,9fbe1a1d-0e5b-45f9-9c5f-35ebf231b3eb,6,390,True,12309,11997,73.84511375026887
391,9fbe1a1d-0e5b-45f9-9c5f-35ebf231b3eb,6,391,True,12340,12028,72.35661764276665
392,9fbe1a1d-0e5b-45f9-9c5f-35ebf231b3eb,6,392,True,12368,12056,73.06626652367231
393,9fbe1a1d-0e5b-45f9-9c5f-35ebf231b3eb,6,393,True,12391,12079,67.20395566696789
394,9fbe1a1d-0e5b-45f9-9c5f-35ebf231b3eb,6,394,True,12426,12114,68.71847764017184
395,9fbe1a1d-0e5b-45f9-9c5f-35ebf231b3eb,6,395,True,12460,12148,72.23761127577563
396,9fbe1a1d-0e5b-45f9-9c5f-35ebf231b3eb,6,396,True,12487,12175,77.44204256988269
397,9fbe1a1d-0e5b-45f9-9c5f-35ebf231b3eb,6,397,True,12524,12212,81.9257271714232
398,9fbe1a1d-0e5b-45f9-9c5f-35ebf231b3eb,6,398,True,12551,12239,71.2283062116494
399,9fbe1a1d-0e5b-45f9-9c5f-35ebf231b3eb,6,399,True,12580,12268,76.63087507138334
400,9fbe1a1d-0e5b-45f9-9c5f-35ebf231b3eb,6,400,True,12621,12309,65.27054168365794
401,9fbe1a1d-0e5b-45f9-9c5f-35ebf231b3eb,6,401,True,12665,12353,64.90331434635482
402,9fbe1a1d-0e5b-45f9-9c5f-35ebf231b3eb,6,402,True,12690,12378,65.54335855692989
403,9fbe1a1d-0e5b-45f9-9c5f-35ebf231b3eb,6,403,True,12729,12417,84.54292161204285
404,9fbe1a1d-0e5b-45f9-9c5f-35ebf231b3eb,6,404,True,12766,12454,71.44938259724222
405,9fbe1a1d-0e5b-45f9-9c5f-35ebf231b3eb,6,405,True,12800,12488,74.09248524767281
406,9fbe1a1d-0e5b-45f9-9c5f-35ebf231b3eb,6,406,True,12827,12515,87.89533910153295
407,9fbe1a1d-0e5b-45f9-9c5f-35ebf231b3eb,6,407,True,12870,12558,75.95344898231633
408,9fbe1a1d-0e5b-45f9-9c5f-35ebf231b3eb,6,408,True,12895,12583,85.12123590996998
409,9fbe1a1d-0e5b-45f9-9c5f-35ebf231b3eb,6,409,True,12936,12624,79.86550624250049
410,9fbe1a1d-0e5b-45f9-9c5f-35ebf231b3eb,6,410,True,12971,12659,74.17009469546247
411,9fbe1a1d-0e5b-45f9-9c5f-35ebf231b3eb,6,411,True,13014,12702,71.28175814748829
412,9fbe1a1d-0e5b-45f9-9c5f-35ebf231b3eb,6,412,True,13052,12740,60.1754948662292
413,9fbe1a1d-0e5b-45f9-9c5f-35ebf231b3eb,6,413,True,13080,12768,67.7402323322367
414,9fbe1a1d-0e5b-45f9-9c5f-35ebf231b3eb,6,414,True,13106,12794,84.03410846698534
415,9fbe1a1d-0e5b-45f9-9c5f-35ebf231b3eb,6,415,True,13127,12815,78.95026452598904
416,9fbe1a1d-0e5b-45f9-9c5f-35ebf231b3eb,6,416,True,13155,12843,87.72159918736361
417,9fbe1a1d-0e5b-45f9-9c5f-35ebf231b3eb,6,417,True,13175,12863,75.57365128215133
418,9fbe1a1d-0e5b-45f9-9c5f-35ebf231b3eb,6,418,True,13207,12895,75.37549771023805
419,9fbe1a1d-0e5b-45f9-9c5f-35ebf231b3eb,6,419,True,13235,12923,72.40414414368388
420,9fbe1a1d-0e5b-45f9-9c5f-35ebf231b3eb,6,420,True,13274,12962,68.03187253643773
421,9fbe1a1d-0e5b-45f9-9c5f-35ebf231b3eb,6,421,True,13300,12988,71.08738581835496
422,9fbe1a1d-0e5b-45f9-9c5f-35ebf231b3eb,6,422,True,13339,13027,56.930347414938296
423,9fbe1a1d-0e5b-45f9-9c5f-35ebf231b3eb,6,423,True,13378,13066,76.5060259351485
424,9fbe1a1d-0e5b-45f9-9c5f-35ebf231b3eb,6,424,True,13420,13108,71.34973225672366
425,9fbe1a1d-0e5b-45f9-9c5f-35ebf231b3eb,6,425,True,13456,13144,62.44383901992114
426,9fbe1a1d-0e5b-45f9-9c5f-35ebf231b3eb,6,426,True,13487,13175,75.34958850933253
427,9fbe1a1d-0e5b-45f9-9c5f-35ebf231b3eb,6,427,True,13523,13211,72.32999454266246
428,9fbe1a1d-0e5b-45f9-9c5f-35ebf231b3eb,6,428,True,13553,13241,75.102640675148
429,9fbe1a1d-0e5b-45f9-9c5f-35ebf231b3eb,6,429,True,13580,13268,80.48156287556594
430,9fbe1a1d-0e5b-45f9-9c5f-35ebf231b3eb,6,430,True,13609,13297,57.82810188476469
431,9fbe1a1d-0e5b-45f9-9c5f-35ebf231b3eb,6,431,True,13637,13325,81.26340799508034
432,9fbe1a1d-0e5b-45f9-9c5f-35ebf231b3eb,6,432,True,13654,13342,89.91238653192886
433,9fbe1a1d-0e5b-45f9-9c5f-35ebf231b3eb,6,433,True,13683,13371,107.41187480908047
434,9fbe1a1d-0e5b-45f9-9c5f-35ebf231b3eb,6,434,True,13719,13407,94.59235108746907
435,9fbe1a1d-0e5b-45f9-9c5f-35ebf231b3eb,6,435,True,13749,13437,86.05587759014816
436,9fbe1a1d-0e5b-45f9-9c5f-35ebf231b3eb,6,436,True,13792,13480,69.54777560349066
437,9fbe1a1d-0e5b-45f9-9c5f-35ebf231b3eb,6,437,True,13825,13513,90.89874518506804
438,9fbe1a1d-0e5b-45f9-9c5f-35ebf231b3eb,6,438,True,13868,13556,106.20935351449225
439,9fbe1a1d-0e5b-45f9-9c5f-35ebf231b3eb,6,439,True,13901,13589,98.14102791203368
440,9fbe1a1d-0e5b-45f9-9c5f-35ebf231b3eb,6,440,True,13927,13615,126.63234382748851
441,9fbe1a1d-0e5b-45f9-9c5f-35ebf231b3eb,6,441,True,13953,13641,82.4007422745999
442,9fbe1a1d-0e5b-45f9-9c5f-35ebf231b3eb,6,442,True,13989,13677,90.57035481939602
443,9fbe1a1d-0e5b-45f9-9c5f-35ebf231b3eb,6,443,True,14018,13706,85.71891769585454
444,9fbe1a1d-0e5b-45f9-9c5f-35ebf231b3eb,6,444,True,14053,13741,77.31013403255565
445,9fbe1a1d-0e5b-45f9-9c5f-35ebf231b3eb,6,445,True,14090,13778,67.72296577429006
446,9fbe1a1d-0e5b-45f9-9c5f-35ebf231b3eb,6,446,True,14116,13804,82.11873524684415
447,9fbe1a1d-0e5b-45f9-9c5f-35ebf231b3eb,6,447,True,14149,13837,88.16843959191829
448,9fbe1a1d-0e5b-45f9-9c5f-35ebf231b3eb,6,448,True,14176,13864,107.98603212461421
449,9fbe1a1d-0e5b-45f9-9c5f-35ebf231b3eb,6,449,True,14214,13902,92.69752790130588
450,9fbe1a1d-0e5b-45f9-9c5f-35ebf231b3eb,6,450,True,14248,13936,87.58242190650708
451,9fbe1a1d-0e5b-45f9-9c5f-35ebf231b3eb,6,451,True,14270,13958,91.80671921303838
452,9fbe1a1d-0e5b-45f9-9c5f-35ebf231b3eb,6,452,True,14299,13987,100.26916920122312
453,9fbe1a1d-0e5b-45f9-9c5f-35ebf231b3eb,6,453,True,14334,14022,85.29013139370545
454,9fbe1a1d-0e5b-45f9-9c5f-35ebf231b3eb,6,454,True,14356,14044,107.08632252666393
455,9fbe1a1d-0e5b-45f9-9c5f-35ebf231b3eb,6,455,True,14390,14078,99.41420744674542
456,9fbe1a1d-0e5b-45f9-9c5f-35ebf231b3eb,6,456,True,14428,14116,111.485603019275
457,9fbe1a1d-0e5b-45f9-9c5f-35ebf231b3eb,6,457,True,14459,14147,83.47909077587246
458,9fbe1a1d-0e5b-45f9-9c5f-35ebf231b3eb,6,458,True,14496,14184,95.85078879325192
459,9fbe1a1d-0e5b-45f9-9c5f-35ebf231b3eb,6,459,True,14530,14218,86.62704150049103
460,9fbe1a1d-0e5b-45f9-9c5f-35ebf231b3eb,6,460,True,14557,14245,84.61547374583643
461,9fbe1a1d-0e5b-45f9-9c5f-35ebf231b3eb,6,461,True,14594,14282,72.79389290027939
462,9fbe1a1d-0e5b-45f9-9c5f-35ebf231b3eb,6,462,True,14629,14317,63.7659866080503
463,9fbe1a1d-0e5b-45f9-9c5f-35ebf231b3eb,6,463,True,14662,14350,84.35679676193467
464,9fbe1a1d-0e5b-45f9-9c5f-35ebf231b3eb,6,464,True,14687,14375,76.31946231845905
465,9fbe1a1d-0e5b-45f9-9c5f-35ebf231b3eb,6,465,True,14726,14414,87.77501604470854
466,9fbe1a1d-0e5b-45f9-9c5f-35ebf231b3eb,6,466,True,14763,14451,82.95788982069098
467,9fbe1a1d-0e5b-45f9-9c5f-35ebf231b3eb,6,467,True,14791,14479,94.491627381949
468,9fbe1a1d-0e5b-45f9-9c5f-35ebf231b3eb,6,468,True,14816,14504,123.81126595318165
469,9fbe1a1d-0e5b-45f9-9c5f-35ebf231b3eb,6,469,True,14853,14541,136.23196630733582
470,9fbe1a1d-0e5b-45f9-9c5f-35ebf231b3eb,6,470,True,14886,14574,103.23196630733582
471,9fbe1a1d-0e5b-45f9-9c5f-35ebf231b3eb,6,471,True,14919,14607,98.11400852958104
472,9fbe1a1d-0e5b-45f9-9c5f-35ebf231b3eb,6,472,True,14955,14643,88.2178461706153
473,9fbe1a1d-0e5b-45f9-9c5f-35ebf231b3eb,6,473,True,14991,14679,94.43941485124014
474,9fbe1a1d-0e5b-45f9-9c5f-35ebf231b3eb,6,474,True,15037,14725,88.90225964512865
475,9fbe1a1d-0e5b-45f9-9c5f-35ebf231b3eb,6,475,True,15070,14758,101.91399260022808
476,9fbe1a1d-0e5b-45f9-9c5f-35ebf231b3eb,6,476,True,15104,14792,91.33627142801924
477,9fbe1a1d-0e5b-45f9-9c5f-35ebf231b3eb,6,477,True,15132,14820,73.39850467111137
478,9fbe1a1d-0e5b-45f9-9c5f-35ebf231b3eb,6,478,True,15153,14841,88.17198272844325
479,9fbe1a1d-0e5b-45f9-9c5f-35ebf231b3eb,6,479,True,15182,14870,83.71934058807892
480,9fbe1a1d-0e5b-45f9-9c5f-35ebf231b3eb,6,480,True,15218,14906,85.48907292493277
481,9fbe1a1d-0e5b-45f9-9c5f-35ebf231b3eb,6,481,True,15254,14942,80.45719761663167
482,9fbe1a1d-0e5b-45f9-9c5f-35ebf231b3eb,6,482,True,15285,14973,76.24785088080353
483,9fbe1a1d-0e5b-45f9-9c5f-35ebf231b3eb,6,483,True,15319,15007,92.71067656659216
484,9fbe1a1d-0e5b-45f9-9c5f-35ebf231b3eb,6,484,True,15349,15037,86.92124023896758
485,9fbe1a1d-0e5b-45f9-9c5f-35ebf231b3eb,6,485,True,15374,15062,89.8759057527368
486,9fbe1a1d-0e5b-45f9-9c5f-35ebf231b3eb,6,486,True,15408,15096,100.74148518935544
487,9fbe1a1d-0e5b-45f9-9c5f-35ebf231b3eb,6,487,True,15430,15118,90.37767729982988
488,9fbe1a1d-0e5b-45f9-9c5f-35ebf231b3eb,6,488,True,15464,15152,81.06410043772848
489,9fbe1a1d-0e5b-45f9-9c5f-35ebf231b3eb,6,489,True,15508,15196,62.92037719603286
490,9fbe1a1d-0e5b-45f9-9c5f-35ebf231b3eb,6,490,True,15538,15226,81.46221753517057
491,9fbe1a1d-0e5b-45f9-9c5f-35ebf231b3eb,6,491,True,15568,15256,67.23013627280125
492,9fbe1a1d-0e5b-45f9-9c5f-35ebf231b3eb,6,492,True,15597,15285,68.2602039459598
493,9fbe1a1d-0e5b-45f9-9c5f-35ebf231b3eb,6,493,True,15636,15324,67.85915607403331
494,9fbe1a1d-0e5b-45f9-9c5f-35ebf231b3eb,6,494,True,15662,15350,101.1323090512069
495,9fbe1a1d-0e5b-45f9-9c5f-35ebf231b3eb,6,495,True,15696,15384,76.05762554546891
496,9fbe1a1d-0e5b-45f9-9c5f-35ebf231b3eb,6,496,True,15734,15422,82.2863046324619
497,9fbe1a1d-0e5b-45f9-9c5f-35ebf231b3eb,6,497,True,15782,15470,69.78330771502442
498,9fbe1a1d-0e5b-45f9-9c5f-35ebf231b3eb,6,498,True,15818,15506,85.58736663682976
499,9fbe1a1d-0e5b-45f9-9c5f-35ebf231b3eb,6,499,True,15842,15530,69.98282185126118
500,9fbe1a1d-0e5b-45f9-9c5f-35ebf231b3eb,6,500,True,15883,15571,76.33928299804029
501,9fbe1a1d-0e5b-45f9-9c5f-35ebf231b3eb,6,501,True,15920,15608,68.35430177038506
502,9fbe1a1d-0e5b-45f9-9c5f-35ebf231b3eb,6,502,True,15943,15631,81.43023018080203
503,9fbe1a1d-0e5b-45f9-9c5f-35ebf231b3eb,6,503,True,15977,15665,73.27558319367745
504,9fbe1a1d-0e5b-45f9-9c5f-35ebf231b3eb,6,504,True,16003,15691,75.82057063901084
505,9fbe1a1d-0e5b-45f9-9c5f-35ebf231b3eb,6,505,True,16023,15711,79.66451440656238
506,9fbe1a1d-0e5b-45f9-9c5f-35ebf231b3eb,6,506,True,16050,15738,80.51218801999494
507,9fbe1a1d-0e5b-45f9-9c5f-35ebf231b3eb,6,507,True,16078,15766,84.67304385062016
508,9fbe1a1d-0e5b-45f9-9c5f-35ebf231b3eb,6,508,True,16107,15795,73.29685145539952
509,9fbe1a1d-0e5b-45f9-9c5f-35ebf231b3eb,6,509,True,16140,15828,101.12603263886194
510,9fbe1a1d-0e5b-45f9-9c5f-35ebf231b3eb,6,510,True,16176,15864,96.43071491386945
511,9fbe1a1d-0e5b-45f9-9c5f-35ebf231b3eb,6,511,True,16207,15895,129.3993858711019
512,9fbe1a1d-0e5b-45f9-9c5f-35ebf231b3eb,6,512,True,16231,15919,84.99220551367398
513,9fbe1a1d-0e5b-45f9-9c5f-35ebf231b3eb,6,513,True,16264,15952,82.92586020442832
514,9fbe1a1d-0e5b-45f9-9c5f-35ebf231b3eb,6,514,True,16296,15984,92.81783653109414
515,9fbe1a1d-0e5b-45f9-9c5f-35ebf231b3eb,6,515,True,16324,16012,119.38916053422508
516,9fbe1a1d-0e5b-45f9-9c5f-35ebf231b3eb,6,516,True,16346,16034,99.9106789064972
517,9fbe1a1d-0e5b-45f9-9c5f-35ebf231b3eb,6,517,True,16361,16049,91.06342667814351
518,9fbe1a1d-0e5b-45f9-9c5f-35ebf231b3eb,6,518,True,16390,16078,108.69093703473663
519,9fbe1a1d-0e5b-45f9-9c5f-35ebf231b3eb,6,519,True,16422,16110,95.11356967134816
520,9fbe1a1d-0e5b-45f9-9c5f-35ebf231b3eb,6,520,True,16459,16147,92.42133874128012
521,9fbe1a1d-0e5b-45f9-9c5f-35ebf231b3eb,6,521,True,16484,16172,95.45909984694117
522,9fbe1a1d-0e5b-45f9-9c5f-35ebf231b3eb,6,522,True,16517,16205,124.42492005089298
523,9fbe1a1d-0e5b-45f9-9c5f-35ebf231b3eb,6,523,True,16536,16224,108.10568593220887
524,9fbe1a1d-0e5b-45f9-9c5f-35ebf231b3eb,6,524,True,16571,16259,95.88157529844284
525,9fbe1a1d-0e5b-45f9-9c5f-35ebf231b3eb,6,525,True,16599,16287,118.70213754215729
526,9fbe1a1d-0e5b-45f9-9c5f-35ebf231b3eb,6,526,True,16621,16309,99.36238823007443
527,9fbe1a1d-0e5b-45f9-9c5f-35ebf231b3eb,6,527,True,16653,16341,90.59507204740294
528,9fbe1a1d-0e5b-45f9-9c5f-35ebf231b3eb,6,528,True,16683,16371,100.2364191874367
529,9fbe1a1d-0e5b-45f9-9c5f-35ebf231b3eb,6,529,True,16715,16403,121.18118956517719
530,9fbe1a1d-0e5b-45f9-9c5f-35ebf231b3eb,6,530,True,16737,16425,102.62924706445119
531,9fbe1a1d-0e5b-45f9-9c5f-35ebf231b3eb,6,531,True,16764,16452,94.78031010636914
532,9fbe1a1d-0e5b-45f9-9c5f-35ebf231b3eb,6,532,True,16803,16491,110.05965127568561
533,9fbe1a1d-0e5b-45f9-9c5f-35ebf231b3eb,6,533,True,16828,16516,113.35311306892254
534,9fbe1a1d-0e5b-45f9-9c5f-35ebf231b3eb,6,534,True,16862,16550,106.68947677064352
535,9fbe1a1d-0e5b-45f9-9c5f-35ebf231b3eb,6,535,True,16894,16582,101.2268767713067
536,9fbe1a1d-0e5b-45f9-9c5f-35ebf231b3eb,6,536,True,16920,16608,134.12813447817462
537,9fbe1a1d-0e5b-45f9-9c5f-35ebf231b3eb,6,537,True,16941,16629,87.09914247048073
538,9fbe1a1d-0e5b-45f9-9c5f-35ebf231b3eb,6,538,True,16968,16656,102.72924025332759
539,9fbe1a1d-0e5b-45f9-9c5f-35ebf231b3eb,6,539,True,17006,16694,113.82757142320042
540,9fbe1a1d-0e5b-45f9-9c5f-35ebf231b3eb,6,540,True,17041,16729,103.28803565593626
541,9fbe1a1d-0e5b-45f9-9c5f-35ebf231b3eb,6,541,True,17070,16758,93.62230568950326
542,9fbe1a1d-0e5b-45f9-9c5f-35ebf231b3eb,6,542,True,17108,16796,88.6763532738114
543,9fbe1a1d-0e5b-45f9-9c5f-35ebf231b3eb,6,543,True,17138,16826,89.566621513055
544,9fbe1a1d-0e5b-45f9-9c5f-35ebf231b3eb,6,544,True,17169,16857,84.55194304384713
545,9fbe1a1d-0e5b-45f9-9c5f-35ebf231b3eb,6,545,True,17209,16897,81.0324403563136
546,9fbe1a1d-0e5b-45f9-9c5f-35ebf231b3eb,6,546,True,17236,16924,77.31520965403251
547,9fbe1a1d-0e5b-45f9-9c5f-35ebf231b3eb,6,547,True,17276,16964,64.21897204899506
548,9fbe1a1d-0e5b-45f9-9c5f-35ebf231b3eb,6,548,True,17309,16997,70.4269710767403
549,9fbe1a1d-0e5b-45f9-9c5f-35ebf231b3eb,6,549,True,17344,17032,89.5314125586483
550,9fbe1a1d-0e5b-45f9-9c5f-35ebf231b3eb,6,550,True,17369,17057,94.49187211773096
551,9fbe1a1d-0e5b-45f9-9c5f-35ebf231b3eb,6,551,True,17418,17106,84.88197992547066
552,9fbe1a1d-0e5b-45f9-9c5f-35ebf231b3eb,6,552,True,17456,17144,71.84098138609625
553,9fbe1a1d-0e5b-45f9-9c5f-35ebf231b3eb,6,553,True,17483,17171,79.06952123164228
554,9fbe1a1d-0e5b-45f9-9c5f-35ebf231b3eb,6,554,True,17513,17201,79.23353953802871
555,9fbe1a1d-0e5b-45f9-9c5f-35ebf231b3eb,6,555,True,17542,17230,81.05194969306103
556,9fbe1a1d-0e5b-45f9-9c5f-35ebf231b3eb,6,556,True,17567,17255,89.5252810612401
557,9fbe1a1d-0e5b-45f9-9c5f-35ebf231b3eb,6,557,True,17615,17303,74.99486950434584
558,9fbe1a1d-0e5b-45f9-9c5f-35ebf231b3eb,6,558,True,17649,17337,68.8078108349182
559,9fbe1a1d-0e5b-45f9-9c5f-35ebf231b3eb,6,559,True,17685,17373,81.66420315604046
560,9fbe1a1d-0e5b-45f9-9c5f-35ebf231b3eb,6,560,True,17711,17399,83.2341130431123
561,9fbe1a1d-0e5b-45f9-9c5f-35ebf231b3eb,6,561,True,17736,17424,80.95565036840344
562,9fbe1a1d-0e5b-45f9-9c5f-35ebf231b3eb,6,562,True,17764,17452,82.06652914723963
563,9fbe1a1d-0e5b-45f9-9c5f-35ebf231b3eb,6,563,True,17794,17482,89.26373074237199
564,9fbe1a1d-0e5b-45f9-9c5f-35ebf231b3eb,6,564,True,17827,17515,89.09813715173368
565,9fbe1a1d-0e5b-45f9-9c5f-35ebf231b3eb,6,565,True,17852,17540,72.29743485486324
566,9fbe1a1d-0e5b-45f9-9c5f-35ebf231b3eb,6,566,True,17886,17574,97.40140971330038
567,9fbe1a1d-0e5b-45f9-9c5f-35ebf231b3eb,6,567,True,17919,17607,94.38783210939073
568,9fbe1a1d-0e5b-45f9-9c5f-35ebf231b3eb,6,568,True,17945,17633,84.51357555336654
569,9fbe1a1d-0e5b-45f9-9c5f-35ebf231b3eb,6,569,True,17972,17660,79.35328097735692
570,9fbe1a1d-0e5b-45f9-9c5f-35ebf231b3eb,6,570,True,18004,17692,78.99904155494733
571,9fbe1a1d-0e5b-45f9-9c5f-35ebf231b3eb,6,571,True,18021,17709,75.78094714004328
572,9fbe1a1d-0e5b-45f9-9c5f-35ebf231b3eb,6,572,True,18051,17739,82.52166028391366
573,9fbe1a1d-0e5b-45f9-9c5f-35ebf231b3eb,6,573,True,18079,17767,85.29886601149337
574,9fbe1a1d-0e5b-45f9-9c5f-35ebf231b3eb,6,574,True,18096,17784,88.65219120338224
575,9fbe1a1d-0e5b-45f9-9c5f-35ebf231b3eb,6,575,True,18130,17818,95.59219584409948
576,9fbe1a1d-0e5b-45f9-9c5f-35ebf231b3eb,6,576,True,18160,17848,91.02342686678458
577,9fbe1a1d-0e5b-45f9-9c5f-35ebf231b3eb,6,577,True,18191,17879,126.05234289103828
578,9fbe1a1d-0e5b-45f9-9c5f-35ebf231b3eb,6,578,True,18215,17903,99.72280154922555
579,9fbe1a1d-0e5b-45f9-9c5f-35ebf231b3eb,6,579,True,18243,17931,101.12034616540768
580,9fbe1a1d-0e5b-45f9-9c5f-35ebf231b3eb,6,580,True,18269,17957,85.17498088765569
581,9fbe1a1d-0e5b-45f9-9c5f-35ebf231b3eb,6,581,True,18317,18005,76.00330585995835
582,9fbe1a1d-0e5b-45f9-9c5f-35ebf231b3eb,6,582,True,18351,18039,82.24561369648654
583,9fbe1a1d-0e5b-45f9-9c5f-35ebf231b3eb,6,583,True,18389,18077,96.85429158491388
584,9fbe1a1d-0e5b-45f9-9c5f-35ebf231b3eb,6,584,True,18423,18111,88.4858730743108
585,9fbe1a1d-0e5b-45f9-9c5f-35ebf231b3eb,6,585,True,18466,18154,70.81292812497122
586,9fbe1a1d-0e5b-45f9-9c5f-35ebf231b3eb,6,586,True,18497,18185,81.78718836679764
587,9fbe1a1d-0e5b-45f9-9c5f-35ebf231b3eb,6,587,True,18536,18224,68.7645402654598
588,9fbe1a1d-0e5b-45f9-9c5f-35ebf231b3eb,6,588,True,18570,18258,67.46147672877123
589,9fbe1a1d-0e5b-45f9-9c5f-35ebf231b3eb,6,589,True,18596,18284,70.8833157072986
590,9fbe1a1d-0e5b-45f9-9c5f-35ebf231b3eb,6,590,True,18625,18313,83.6635149192116
591,9fbe1a1d-0e5b-45f9-9c5f-35ebf231b3eb,6,591,True,18648,18336,73.6625410661909
592,9fbe1a1d-0e5b-45f9-9c5f-35ebf231b3eb,6,592,True,18680,18368,79.49395725697104
593,9fbe1a1d-0e5b-45f9-9c5f-35ebf231b3eb,6,593,True,18719,18407,79.81621942793572
594,9fbe1a1d-0e5b-45f9-9c5f-35ebf231b3eb,6,594,True,18747,18435,77.97214397858261
595,9fbe1a1d-0e5b-45f9-9c5f-35ebf231b3eb,6,595,True,18784,18472,77.73951897709048
596,9fbe1a1d-0e5b-45f9-9c5f-35ebf231b3eb,6,596,True,18821,18509,66.09585185485048
597,9fbe1a1d-0e5b-45f9-9c5f-35ebf231b3eb,6,597,True,18858,18546,60.4301931473201
598,9fbe1a1d-0e5b-45f9-9c5f-35ebf231b3eb,6,598,True,18890,18578,67.85228941544483
599,9fbe1a1d-0e5b-45f9-9c5f-35ebf231b3eb,6,599,True,18918,18606,65.84886115243353
600,9fbe1a1d-0e5b-45f9-9c5f-35ebf231b3eb,6,600,True,18947,18635,77.01184430107605
601,9fbe1a1d-0e5b-45f9-9c5f-35ebf231b3eb,6,601,True,18976,18664,74.81331195805978
602,9fbe1a1d-0e5b-45f9-9c5f-35ebf231b3eb,6,602,True,19003,18691,75.56327094838343
603,9fbe1a1d-0e5b-45f9-9c5f-35ebf231b3eb,6,603,True,19029,18717,83.21612330010976
604,9fbe1a1d-0e5b-45f9-9c5f-35ebf231b3eb,6,604,True,19062,18750,72.52091402151927
605,9fbe1a1d-0e5b-45f9-9c5f-35ebf231b3eb,6,605,True,19095,18783,74.40218555934916
606,9fbe1a1d-0e5b-45f9-9c5f-35ebf231b3eb,6,606,True,19124,18812,75.40608387427346
607,9fbe1a1d-0e5b-45f9-9c5f-35ebf231b3eb,6,607,True,19155,18843,68.74403693942077
608,9fbe1a1d-0e5b-45f9-9c5f-35ebf231b3eb,6,608,True,19184,18872,75.70216179927957
609,9fbe1a1d-0e5b-45f9-9c5f-35ebf231b3eb,6,609,True,19217,18905,80.38946046464844
610,9fbe1a1d-0e5b-45f9-9c5f-35ebf231b3eb,6,610,True,19250,18938,70.80754716409865
611,9fbe1a1d-0e5b-45f9-9c5f-35ebf231b3eb,6,611,True,19287,18975,98.34059709902431
612,9fbe1a1d-0e5b-45f9-9c5f-35ebf231b3eb,6,612,True,19332,19020,79.46727108794948
613,9fbe1a1d-0e5b-45f9-9c5f-35ebf231b3eb,6,613,True,19358,19046,69.72378719968037
614,9fbe1a1d-0e5b-45f9-9c5f-35ebf231b3eb,6,614,True,19385,19073,72.60608422955193
615,9fbe1a1d-0e5b-45f9-9c5f-35ebf231b3eb,6,615,True,19414,19102,73.07108410903675
616,9fbe1a1d-0e5b-45f9-9c5f-35ebf231b3eb,6,616,True,19445,19133,77.75139233562368
617,9fbe1a1d-0e5b-45f9-9c5f-35ebf231b3eb,6,617,True,19472,19160,68.7161021311731
618,9fbe1a1d-0e5b-45f9-9c5f-35ebf231b3eb,6,618,True,19509,19197,77.17573663080839
619,9fbe1a1d-0e5b-45f9-9c5f-35ebf231b3eb,6,619,True,19537,19225,74.48323946968594
620,9fbe1a1d-0e5b-45f9-9c5f-35ebf231b3eb,6,620,True,19572,19260,67.46819202566257
621,9fbe1a1d-0e5b-45f9-9c5f-35ebf231b3eb,6,621,True,19602,19290,66.85337031042945
622,9fbe1a1d-0e5b-45f9-9c5f-35ebf231b3eb,6,622,True,19627,19315,76.95014804143648
623,9fbe1a1d-0e5b-45f9-9c5f-35ebf231b3eb,6,623,True,19652,19340,92.98045050204018
624,9fbe1a1d-0e5b-45f9-9c5f-35ebf231b3eb,6,624,True,19687,19375,90.8468412085931
625,9fbe1a1d-0e5b-45f9-9c5f-35ebf231b3eb,6,625,True,19719,19407,86.21037634796812
626,9fbe1a1d-0e5b-45f9-9c5f-35ebf231b3eb,6,626,True,19765,19453,78.8145809578491
627,9fbe1a1d-0e5b-45f9-9c5f-35ebf231b3eb,6,627,True,19802,19490,67.06315094354795
628,9fbe1a1d-0e5b-45f9-9c5f-35ebf231b3eb,6,628,True,19846,19534,61.27668216693928
629,9fbe1a1d-0e5b-45f9-9c5f-35ebf231b3eb,6,629,True,19872,19560,67.73881171106041
630,9fbe1a1d-0e5b-45f9-9c5f-35ebf231b3eb,6,630,True,19905,19593,63.7903564085791
631,9fbe1a1d-0e5b-45f9-9c5f-35ebf231b3eb,6,631,True,19934,19622,77.14580304659466
632,9fbe1a1d-0e5b-45f9-9c5f-35ebf231b3eb,6,632,True,19970,19658,70.53295376189635
633,9fbe1a1d-0e5b-45f9-9c5f-35ebf231b3eb,6,633,True,20007,19695,83.01225304340551
634,9fbe1a1d-0e5b-45f9-9c5f-35ebf231b3eb,6,634,True,20041,19729,75.01502409873501
635,9fbe1a1d-0e5b-45f9-9c5f-35ebf231b3eb,6,635,True,20074,19762,77.25277938223007
636,9fbe1a1d-0e5b-45f9-9c5f-35ebf231b3eb,6,636,True,20107,19795,87.77422100641343
637,9fbe1a1d-0e5b-45f9-9c5f-35ebf231b3eb,6,637,True,20142,19830,78.04582175068572
638,9fbe1a1d-0e5b-45f9-9c5f-35ebf231b3eb,6,638,True,20168,19856,86.1199745257436
639,9fbe1a1d-0e5b-45f9-9c5f-35ebf231b3eb,6,639,True,20201,19889,101.96141854755842
640,9fbe1a1d-0e5b-45f9-9c5f-35ebf231b3eb,6,640,True,20227,19915,102.43718687730143
641,9fbe1a1d-0e5b-45f9-9c5f-35ebf231b3eb,6,641,True,20260,19948,94.35212362968014
642,9fbe1a1d-0e5b-45f9-9c5f-35ebf231b3eb,6,642,True,20295,19983,85.17314154537235
643,9fbe1a1d-0e5b-45f9-9c5f-35ebf231b3eb,6,643,True,20325,20013,87.52381157766649
644,9fbe1a1d-0e5b-45f9-9c5f-35ebf231b3eb,6,644,True,20349,20037,89.80107751075775
645,9fbe1a1d-0e5b-45f9-9c5f-35ebf231b3eb,6,645,True,20384,20072,84.79723789191848
646,9fbe1a1d-0e5b-45f9-9c5f-35ebf231b3eb,6,646,True,20411,20099,97.14335727462458
647,9fbe1a1d-0e5b-45f9-9c5f-35ebf231b3eb,6,647,True,20437,20125,99.38264892392908
648,9fbe1a1d-0e5b-45f9-9c5f-35ebf231b3eb,6,648,True,20463,20151,98.2250998428608
649,9fbe1a1d-0e5b-45f9-9c5f-35ebf231b3eb,6,649,True,20484,20172,126.29889939970963
650,9fbe1a1d-0e5b-45f9-9c5f-35ebf231b3eb,6,650,True,20505,20193,107.45289976015192
651,9fbe1a1d-0e5b-45f9-9c5f-35ebf231b3eb,6,651,True,20531,20219,101.09542501228862
652,9fbe1a1d-0e5b-45f9-9c5f-35ebf231b3eb,6,652,True,20570,20258,108.06503103037176
653,9fbe1a1d-0e5b-45f9-9c5f-35ebf231b3eb,6,653,True,20602,20290,99.2771483750148
654,9fbe1a1d-0e5b-45f9-9c5f-35ebf231b3eb,6,654,True,20630,20318,81.15633125420936
655,9fbe1a1d-0e5b-45f9-9c5f-35ebf231b3eb,6,655,True,20662,20350,75.72301410004366
656,9fbe1a1d-0e5b-45f9-9c5f-35ebf231b3eb,6,656,True,20693,20381,74.87718593709724
657,9fbe1a1d-0e5b-45f9-9c5f-35ebf231b3eb,6,657,True,20718,20406,87.68688795299022
658,9fbe1a1d-0e5b-45f9-9c5f-35ebf231b3eb,6,658,True,20744,20432,87.43053092014088
659,9fbe1a1d-0e5b-45f9-9c5f-35ebf231b3eb,6,659,True,20766,20454,81.83771444340164
660,9fbe1a1d-0e5b-45f9-9c5f-35ebf231b3eb,6,660,True,20802,20490,81.78297843899782
661,9fbe1a1d-0e5b-45f9-9c5f-35ebf231b3eb,6,661,True,20836,20524,74.16552201359082
662,9fbe1a1d-0e5b-45f9-9c5f-35ebf231b3eb,6,662,True,20877,20565,79.0960858047074
663,9fbe1a1d-0e5b-45f9-9c5f-35ebf231b3eb,6,663,True,20907,20595,81.59904130298673
664,9fbe1a1d-0e5b-45f9-9c5f-35ebf231b3eb,6,664,True,20939,20627,66.76055627218011
665,9fbe1a1d-0e5b-45f9-9c5f-35ebf231b3eb,6,665,True,20971,20659,72.84489407488581
666,9fbe1a1d-0e5b-45f9-9c5f-35ebf231b3eb,6,666,True,20993,20681,73.26136891025453
667,9fbe1a1d-0e5b-45f9-9c5f-35ebf231b3eb,6,667,True,21017,20705,66.08179884617493
668,9fbe1a1d-0e5b-45f9-9c5f-35ebf231b3eb,6,668,True,21053,20741,75.06126076049986
669,9fbe1a1d-0e5b-45f9-9c5f-35ebf231b3eb,6,669,True,21080,20768,68.68956511905708
670,9fbe1a1d-0e5b-45f9-9c5f-35ebf231b3eb,6,670,True,21112,20800,71.03238811443225
671,9fbe1a1d-0e5b-45f9-9c5f-35ebf231b3eb,6,671,True,21141,20829,81.61590417214757
672,9fbe1a1d-0e5b-45f9-9c5f-35ebf231b3eb,6,672,True,21174,20862,85.88710960281242
673,9fbe1a1d-0e5b-45f9-9c5f-35ebf231b3eb,6,673,True,21215,20903,72.48758547442412
674,9fbe1a1d-0e5b-45f9-9c5f-35ebf231b3eb,6,674,True,21244,20932,66.05469341898424
675,9fbe1a1d-0e5b-45f9-9c5f-35ebf231b3eb,6,675,True,21282,20970,73.22712305511959
676,9fbe1a1d-0e5b-45f9-9c5f-35ebf231b3eb,6,676,True,21318,21006,74.10718023553636
677,9fbe1a1d-0e5b-45f9-9c5f-35ebf231b3eb,6,677,True,21340,21028,81.67674927511689
678,9fbe1a1d-0e5b-45f9-9c5f-35ebf231b3eb,6,678,True,21365,21053,69.16444497161137
679,9fbe1a1d-0e5b-45f9-9c5f-35ebf231b3eb,6,679,True,21394,21082,75.04461186276967
680,9fbe1a1d-0e5b-45f9-9c5f-35ebf231b3eb,6,680,True,21428,21116,83.89808276427357
681,9fbe1a1d-0e5b-45f9-9c5f-35ebf231b3eb,6,681,True,21452,21140,84.99853351212369
682,9fbe1a1d-0e5b-45f9-9c5f-35ebf231b3eb,6,682,True,21493,21181,71.59145478876962
683,9fbe1a1d-0e5b-45f9-9c5f-35ebf231b3eb,6,683,True,21526,21214,61.1048177153898
684,9fbe1a1d-0e5b-45f9-9c5f-35ebf231b3eb,6,684,True,21551,21239,66.30688577643377
685,9fbe1a1d-0e5b-45f9-9c5f-35ebf231b3eb,6,685,True,21580,21268,82.6239276247943
686,9fbe1a1d-0e5b-45f9-9c5f-35ebf231b3eb,6,686,True,21609,21297,69.60754170133441
687,9fbe1a1d-0e5b-45f9-9c5f-35ebf231b3eb,6,687,True,21655,21343,61.344682086983084
688,9fbe1a1d-0e5b-45f9-9c5f-35ebf231b3eb,6,688,True,21702,21390,73.70896850523786
689,9fbe1a1d-0e5b-45f9-9c5f-35ebf231b3eb,6,689,True,21730,21418,72.75759547570124
690,9fbe1a1d-0e5b-45f9-9c5f-35ebf231b3eb,6,690,True,21760,21448,66.59992350008179
691,9fbe1a1d-0e5b-45f9-9c5f-35ebf231b3eb,6,691,True,21794,21482,70.32319417852705
692,9fbe1a1d-0e5b-45f9-9c5f-35ebf231b3eb,6,692,True,21827,21515,68.78294828964135
693,9fbe1a1d-0e5b-45f9-9c5f-35ebf231b3eb,6,693,True,21851,21539,69.77688443248189
694,9fbe1a1d-0e5b-45f9-9c5f-35ebf231b3eb,6,694,True,21887,21575,70.37884072966699
695,9fbe1a1d-0e5b-45f9-9c5f-35ebf231b3eb,6,695,True,21907,21595,76.89428240706548
696,9fbe1a1d-0e5b-45f9-9c5f-35ebf231b3eb,6,696,True,21931,21619,79.33073160913773
697,9fbe1a1d-0e5b-45f9-9c5f-35ebf231b3eb,6,697,True,21959,21647,84.69662358024289
698,9fbe1a1d-0e5b-45f9-9c5f-35ebf231b3eb,6,698,True,21993,21681,83.28501122343368
699,9fbe1a1d-0e5b-45f9-9c5f-35ebf231b3eb,6,699,True,22030,21718,84.79476058820728
700,9fbe1a1d-0e5b-45f9-9c5f-35ebf231b3eb,6,700,True,22058,21746,83.21922322764294
701,9fbe1a1d-0e5b-45f9-9c5f-35ebf231b3eb,6,701,True,22090,21778,95.80343555309446
702,9fbe1a1d-0e5b-45f9-9c5f-35ebf231b3eb,6,702,True,22114,21802,99.80339473302593
703,9fbe1a1d-0e5b-45f9-9c5f-35ebf231b3eb,6,703,True,22144,21832,93.86165126117339
704,9fbe1a1d-0e5b-45f9-9c5f-35ebf231b3eb,6,704,True,22173,21861,99.93668745682953
705,9fbe1a1d-0e5b-45f9-9c5f-35ebf231b3eb,6,705,True,22210,21898,105.1348599496996
706,9fbe1a1d-0e5b-45f9-9c5f-35ebf231b3eb,6,706,True,22246,21934,91.68943514420971
707,9fbe1a1d-0e5b-45f9-9c5f-35ebf231b3eb,6,707,True,22276,21964,98.8490079735493
708,9fbe1a1d-0e5b-45f9-9c5f-35ebf231b3eb,6,708,True,22312,22000,77.9110973729621
709,9fbe1a1d-0e5b-45f9-9c5f-35ebf231b3eb,6,709,True,22344,22032,83.85608424110978
710,9fbe1a1d-0e5b-45f9-9c5f-35ebf231b3eb,6,710,True,22389,22077,63.79126054370863
711,9fbe1a1d-0e5b-45f9-9c5f-35ebf231b3eb,6,711,True,22412,22100,73.37745538947638
712,9fbe1a1d-0e5b-45f9-9c5f-35ebf231b3eb,6,712,True,22442,22130,68.6929891953514
713,9fbe1a1d-0e5b-45f9-9c5f-35ebf231b3eb,6,713,True,22465,22153,95.75430683814193
714,9fbe1a1d-0e5b-45f9-9c5f-35ebf231b3eb,6,714,True,22489,22177,106.91439703852666
715,9fbe1a1d-0e5b-45f9-9c5f-35ebf231b3eb,6,715,True,22524,22212,100.22106301969325
716,9fbe1a1d-0e5b-45f9-9c5f-35ebf231b3eb,6,716,True,22553,22241,96.37632440221205
717,9fbe1a1d-0e5b-45f9-9c5f-35ebf231b3eb,6,717,True,22584,22272,71.8226087379735
718,9fbe1a1d-0e5b-45f9-9c5f-35ebf231b3eb,6,718,True,22620,22308,80.09407852544973
719,9fbe1a1d-0e5b-45f9-9c5f-35ebf231b3eb,6,719,True,22654,22342,80.39389599554488
720,9fbe1a1d-0e5b-45f9-9c5f-35ebf231b3eb,6,720,True,22681,22369,73.84545602654543
721,9fbe1a1d-0e5b-45f9-9c5f-35ebf231b3eb,6,721,True,22712,22400,88.18991614471088
722,9fbe1a1d-0e5b-45f9-9c5f-35ebf231b3eb,6,722,True,22745,22433,86.11592689993631
723,9fbe1a1d-0e5b-45f9-9c5f-35ebf231b3eb,6,723,True,22766,22454,79.72316531094475
724,9fbe1a1d-0e5b-45f9-9c5f-35ebf231b3eb,6,724,True,22790,22478,93.69324416952804
725,9fbe1a1d-0e5b-45f9-9c5f-35ebf231b3eb,6,725,True,22821,22509,128.28678361515267
726,9fbe1a1d-0e5b-45f9-9c5f-35ebf231b3eb,6,726,True,22838,22526,113.56688516161375
727,9fbe1a1d-0e5b-45f9-9c5f-35ebf231b3eb,6,727,True,22873,22561,105.71685736093059
728,9fbe1a1d-0e5b-45f9-9c5f-35ebf231b3eb,6,728,True,22894,22582,94.1220182431316
729,9fbe1a1d-0e5b-45f9-9c5f-35ebf231b3eb,6,729,True,22923,22611,102.26989343749665
730,9fbe1a1d-0e5b-45f9-9c5f-35ebf231b3eb,6,730,True,22952,22640,101.93093281890106
731,9fbe1a1d-0e5b-45f9-9c5f-35ebf231b3eb,6,731,True,22986,22674,94.48263601381768
732,9fbe1a1d-0e5b-45f9-9c5f-35ebf231b3eb,6,732,True,23011,22699,99.17902642401532
733,9fbe1a1d-0e5b-45f9-9c5f-35ebf231b3eb,6,733,True,23045,22733,91.03001812496586
734,9fbe1a1d-0e5b-45f9-9c5f-35ebf231b3eb,6,734,True,23072,22760,103.81866786244791
735,9fbe1a1d-0e5b-45f9-9c5f-35ebf231b3eb,6,735,True,23100,22788,85.72691483867675
736,9fbe1a1d-0e5b-45f9-9c5f-35ebf231b3eb,6,736,True,23133,22821,103.25588396542662
737,9fbe1a1d-0e5b-45f9-9c5f-35ebf231b3eb,6,737,True,23159,22847,88.29708733707957
738,9fbe1a1d-0e5b-45f9-9c5f-35ebf231b3eb,6,738,True,23192,22880,105.94038062694744
739,9fbe1a1d-0e5b-45f9-9c5f-35ebf231b3eb,6,739,True,23226,22914,112.69524469893076
740,9fbe1a1d-0e5b-45f9-9c5f-35ebf231b3eb,6,740,True,23263,22951,91.26675345420881
741,9fbe1a1d-0e5b-45f9-9c5f-35ebf231b3eb,6,741,True,23296,22984,94.37607618529364
742,9fbe1a1d-0e5b-45f9-9c5f-35ebf231b3eb,6,742,True,23333,23021,73.27001898942399
743,9fbe1a1d-0e5b-45f9-9c5f-35ebf231b3eb,6,743,True,23357,23045,79.5361864977167
744,9fbe1a1d-0e5b-45f9-9c5f-35ebf231b3eb,6,744,True,23398,23086,111.29657556566599
745,9fbe1a1d-0e5b-45f9-9c5f-35ebf231b3eb,6,745,True,23427,23115,91.21535103677161
746,9fbe1a1d-0e5b-45f9-9c5f-35ebf231b3eb,6,746,True,23457,23145,84.15243240200289
747,9fbe1a1d-0e5b-45f9-9c5f-35ebf231b3eb,6,747,True,23500,23188,86.39658801097539
748,9fbe1a1d-0e5b-45f9-9c5f-35ebf231b3eb,6,748,True,23524,23212,101.76592131021243
749,9fbe1a1d-0e5b-45f9-9c5f-35ebf231b3eb,6,749,True,23563,23251,95.11242992612097
750,9fbe1a1d-0e5b-45f9-9c5f-35ebf231b3eb,6,750,True,23590,23278,107.981771228031
751,9fbe1a1d-0e5b-45f9-9c5f-35ebf231b3eb,6,751,True,23631,23319,83.60552607271893
752,9fbe1a1d-0e5b-45f9-9c5f-35ebf231b3eb,6,752,True,23667,23355,92.08682981580569
753,9fbe1a1d-0e5b-45f9-9c5f-35ebf231b3eb,6,753,True,23705,23393,82.64599205652485
754,9fbe1a1d-0e5b-45f9-9c5f-35ebf231b3eb,6,754,True,23741,23429,77.23881902470748
755,9fbe1a1d-0e5b-45f9-9c5f-35ebf231b3eb,6,755,True,23766,23454,84.6861930203122
756,9fbe1a1d-0e5b-45f9-9c5f-35ebf231b3eb,6,756,True,23784,23472,83.24788360765524
757,9fbe1a1d-0e5b-45f9-9c5f-35ebf231b3eb,6,757,True,23808,23496,91.89688447994922
758,9fbe1a1d-0e5b-45f9-9c5f-35ebf231b3eb,6,758,True,23845,23533,85.06092623510267
759,9fbe1a1d-0e5b-45f9-9c5f-35ebf231b3eb,6,759,True,23876,23564,86.22262750294249
760,9fbe1a1d-0e5b-45f9-9c5f-35ebf231b3eb,6,760,True,23911,23599,85.28942050967089
761,9fbe1a1d-0e5b-45f9-9c5f-35ebf231b3eb,6,761,True,23944,23632,94.22600197388238
762,9fbe1a1d-0e5b-45f9-9c5f-35ebf231b3eb,6,762,True,23972,23660,79.84513470636739
763,9fbe1a1d-0e5b-45f9-9c5f-35ebf231b3eb,6,763,True,24006,23694,90.42810000902682
764,9fbe1a1d-0e5b-45f9-9c5f-35ebf231b3eb,6,764,True,24039,23727,81.03258644025118
765,9fbe1a1d-0e5b-45f9-9c5f-35ebf231b3eb,6,765,True,24064,23752,87.91748287151495
766,9fbe1a1d-0e5b-45f9-9c5f-35ebf231b3eb,6,766,True,24087,23775,98.81739368972558
767,9fbe1a1d-0e5b-45f9-9c5f-35ebf231b3eb,6,767,True,24124,23812,88.85026722018665
768,9fbe1a1d-0e5b-45f9-9c5f-35ebf231b3eb,6,768,True,24156,23844,85.66813403042033
769,9fbe1a1d-0e5b-45f9-9c5f-35ebf231b3eb,6,769,True,24189,23877,86.30328623671085
770,9fbe1a1d-0e5b-45f9-9c5f-35ebf231b3eb,6,770,True,24218,23906,97.93441744641314
771,9fbe1a1d-0e5b-45f9-9c5f-35ebf231b3eb,6,771,True,24250,23938,104.82850492988655
772,9fbe1a1d-0e5b-45f9-9c5f-35ebf231b3eb,6,772,True,24286,23974,77.82858373907948
773,9fbe1a1d-0e5b-45f9-9c5f-35ebf231b3eb,6,773,True,24321,24009,118.18423741618244
774,9fbe1a1d-0e5b-45f9-9c5f-35ebf231b3eb,6,774,True,24366,24054,99.9865133703388
775,9fbe1a1d-0e5b-45f9-9c5f-35ebf231b3eb,6,775,True,24394,24082,98.63130629983425
776,9fbe1a1d-0e5b-45f9-9c5f-35ebf231b3eb,6,776,True,24422,24110,96.55746465584889
777,9fbe1a1d-0e5b-45f9-9c5f-35ebf231b3eb,6,777,True,24452,24140,90.08146465063328
778,9fbe1a1d-0e5b-45f9-9c5f-35ebf231b3eb,6,778,True,24491,24179,82.44727321356913
779,9fbe1a1d-0e5b-45f9-9c5f-35ebf231b3eb,6,779,True,24520,24208,72.81153293546595
780,9fbe1a1d-0e5b-45f9-9c5f-35ebf231b3eb,6,780,True,24555,24243,73.81648985327774
781,9fbe1a1d-0e5b-45f9-9c5f-35ebf231b3eb,6,781,True,24588,24276,68.26279433273885
782,9fbe1a1d-0e5b-45f9-9c5f-35ebf231b3eb,6,782,True,24625,24313,75.84791775316626
783,9fbe1a1d-0e5b-45f9-9c5f-35ebf231b3eb,6,783,True,24658,24346,67.93848459467699
784,9fbe1a1d-0e5b-45f9-9c5f-35ebf231b3eb,6,784,True,24692,24380,79.17618547069651
785,9fbe1a1d-0e5b-45f9-9c5f-35ebf231b3eb,6,785,True,24725,24413,79.31562533769466
786,9fbe1a1d-0e5b-45f9-9c5f-35ebf231b3eb,6,786,True,24757,24445,72.22344379399874
787,9fbe1a1d-0e5b-45f9-9c5f-35ebf231b3eb,6,787,True,24791,24479,78.30904576393368
788,9fbe1a1d-0e5b-45f9-9c5f-35ebf231b3eb,6,788,True,24818,24506,79.94430044663022
789,9fbe1a1d-0e5b-45f9-9c5f-35ebf231b3eb,6,789,True,24849,24537,65.83711397807929
790,9fbe1a1d-0e5b-45f9-9c5f-35ebf231b3eb,6,790,True,24869,24557,80.88604134077468
791,9fbe1a1d-0e5b-45f9-9c5f-35ebf231b3eb,6,791,True,24905,24593,84.99717892707122
792,9fbe1a1d-0e5b-45f9-9c5f-35ebf231b3eb,6,792,True,24941,24629,81.78720840106325
793,9fbe1a1d-0e5b-45f9-9c5f-35ebf231b3eb,6,793,True,24971,24659,108.1338247131971
794,9fbe1a1d-0e5b-45f9-9c5f-35ebf231b3eb,6,794,True,24999,24687,118.42085586638495
795,9fbe1a1d-0e5b-45f9-9c5f-35ebf231b3eb,6,795,True,25021,24709,149.19711848368388
796,9fbe1a1d-0e5b-45f9-9c5f-35ebf231b3eb,6,796,True,25054,24742,116.19711848368388
797,9fbe1a1d-0e5b-45f9-9c5f-35ebf231b3eb,6,797,True,25088,24776,107.02534652163013
798,9fbe1a1d-0e5b-45f9-9c5f-35ebf231b3eb,6,798,True,25121,24809,95.87250333542761
799,9fbe1a1d-0e5b-45f9-9c5f-35ebf231b3eb,6,799,True,25144,24832,120.23272333517889
800,9fbe1a1d-0e5b-45f9-9c5f-35ebf231b3eb,6,800,True,25182,24870,112.21874960577043
801,9fbe1a1d-0e5b-45f9-9c5f-35ebf231b3eb,6,801,True,25214,24902,107.06101167095403
802,9fbe1a1d-0e5b-45f9-9c5f-35ebf231b3eb,6,802,True,25239,24927,106.55900156378993
803,9fbe1a1d-0e5b-45f9-9c5f-35ebf231b3eb,6,803,True,25267,24955,109.23936122570376
804,9fbe1a1d-0e5b-45f9-9c5f-35ebf231b3eb,6,804,True,25294,24982,100.30051454972272
805,9fbe1a1d-0e5b-45f9-9c5f-35ebf231b3eb,6,805,True,25322,25010,99.12185671618863
806,9fbe1a1d-0e5b-45f9-9c5f-35ebf231b3eb,6,806,True,25349,25037,128.65757423306786
807,9fbe1a1d-0e5b-45f9-9c5f-35ebf231b3eb,6,807,True,25374,25062,146.1402846452329
808,9fbe1a1d-0e5b-45f9-9c5f-35ebf231b3eb,6,808,True,25404,25092,129.45762904139337
809,9fbe1a1d-0e5b-45f9-9c5f-35ebf231b3eb,6,809,True,25428,25116,154.0226632813683
810,9fbe1a1d-0e5b-45f9-9c5f-35ebf231b3eb,6,810,True,25463,25151,111.11563701770865
811,9fbe1a1d-0e5b-45f9-9c5f-35ebf231b3eb,6,811,True,25493,25181,107.00227690272004
812,9fbe1a1d-0e5b-45f9-9c5f-35ebf231b3eb,6,812,True,25529,25217,95.6155532214143
813,9fbe1a1d-0e5b-45f9-9c5f-35ebf231b3eb,6,813,True,25562,25250,90.48206100159587
814,9fbe1a1d-0e5b-45f9-9c5f-35ebf231b3eb,6,814,True,25598,25286,79.35754726638334
815,9fbe1a1d-0e5b-45f9-9c5f-35ebf231b3eb,6,815,True,25643,25331,74.87069479865022
816,9fbe1a1d-0e5b-45f9-9c5f-35ebf231b3eb,6,816,True,25663,25351,70.33361797990801
817,9fbe1a1d-0e5b-45f9-9c5f-35ebf231b3eb,6,817,True,25690,25378,85.16528026597007
818,9fbe1a1d-0e5b-45f9-9c5f-35ebf231b3eb,6,818,True,25730,25418,70.14109555641699
819,9fbe1a1d-0e5b-45f9-9c5f-35ebf231b3eb,6,819,True,25757,25445,62.791227947913285
820,9fbe1a1d-0e5b-45f9-9c5f-35ebf231b3eb,6,820,True,25787,25475,72.26737321101973
821,9fbe1a1d-0e5b-45f9-9c5f-35ebf231b3eb,6,821,True,25807,25495,80.31286408533924
822,9fbe1a1d-0e5b-45f9-9c5f-35ebf231b3eb,6,822,True,25822,25510,80.21068620864389
823,9fbe1a1d-0e5b-45f9-9c5f-35ebf231b3eb,6,823,True,25862,25550,69.50793352036999
824,9fbe1a1d-0e5b-45f9-9c5f-35ebf231b3eb,6,824,True,25894,25582,79.53126317443821
825,9fbe1a1d-0e5b-45f9-9c5f-35ebf231b3eb,6,825,True,25923,25611,73.98996118594368
826,9fbe1a1d-0e5b-45f9-9c5f-35ebf231b3eb,6,826,True,25969,25657,73.21828643741173
827,9fbe1a1d-0e5b-45f9-9c5f-35ebf231b3eb,6,827,True,26011,25699,67.50410343887779
828,9fbe1a1d-0e5b-45f9-9c5f-35ebf231b3eb,6,828,True,26041,25729,71.81029788457454
829,9fbe1a1d-0e5b-45f9-9c5f-35ebf231b3eb,6,829,True,26068,25756,77.72142531449572
830,9fbe1a1d-0e5b-45f9-9c5f-35ebf231b3eb,6,830,True,26094,25782,79.79814330864247
831,9fbe1a1d-0e5b-45f9-9c5f-35ebf231b3eb,6,831,True,26127,25815,90.32843849095661
832,9fbe1a1d-0e5b-45f9-9c5f-35ebf231b3eb,6,832,True,26150,25838,108.97487788731087
833,9fbe1a1d-0e5b-45f9-9c5f-35ebf231b3eb,6,833,True,26176,25864,86.08633242907308
834,9fbe1a1d-0e5b-45f9-9c5f-35ebf231b3eb,6,834,True,26214,25902,93.66881504870253
835,9fbe1a1d-0e5b-45f9-9c5f-35ebf231b3eb,6,835,True,26246,25934,88.22134621130681
836,9fbe1a1d-0e5b-45f9-9c5f-35ebf231b3eb,6,836,True,26284,25972,88.54203985951972
837,9fbe1a1d-0e5b-45f9-9c5f-35ebf231b3eb,6,837,True,26305,25993,86.60662535898882
838,9fbe1a1d-0e5b-45f9-9c5f-35ebf231b3eb,6,838,True,26337,26025,91.24958352778413
839,9fbe1a1d-0e5b-45f9-9c5f-35ebf231b3eb,6,839,True,26367,26055,92.13958136130532
840,9fbe1a1d-0e5b-45f9-9c5f-35ebf231b3eb,6,840,True,26405,26093,80.39036295612823
841,9fbe1a1d-0e5b-45f9-9c5f-35ebf231b3eb,6,841,True,26436,26124,85.10587920869511
842,9fbe1a1d-0e5b-45f9-9c5f-35ebf231b3eb,6,842,True,26470,26158,84.3633704348249
843,9fbe1a1d-0e5b-45f9-9c5f-35ebf231b3eb,6,843,True,26490,26178,91.35441936883217
844,9fbe1a1d-0e5b-45f9-9c5f-35ebf231b3eb,6,844,True,26527,26215,90.14061448693246
845,9fbe1a1d-0e5b-45f9-9c5f-35ebf231b3eb,6,845,True,26553,26241,99.47798999239603
846,9fbe1a1d-0e5b-45f9-9c5f-35ebf231b3eb,6,846,True,26578,26266,99.32630303600308
847,9fbe1a1d-0e5b-45f9-9c5f-35ebf231b3eb,6,847,True,26614,26302,95.01980436177473
848,9fbe1a1d-0e5b-45f9-9c5f-35ebf231b3eb,6,848,True,26640,26328,99.93893038631722
849,9fbe1a1d-0e5b-45f9-9c5f-35ebf231b3eb,6,849,True,26667,26355,99.83167739716009
850,9fbe1a1d-0e5b-45f9-9c5f-35ebf231b3eb,6,850,True,26698,26386,95.49135616819694
851,9fbe1a1d-0e5b-45f9-9c5f-35ebf231b3eb,6,851,True,26730,26418,122.09147542507344
852,9fbe1a1d-0e5b-45f9-9c5f-35ebf231b3eb,6,852,True,26753,26441,89.78108456058908
853,9fbe1a1d-0e5b-45f9-9c5f-35ebf231b3eb,6,853,True,26790,26478,106.11849986969901
854,9fbe1a1d-0e5b-45f9-9c5f-35ebf231b3eb,6,854,True,26816,26504,107.33488280960592
855,9fbe1a1d-0e5b-45f9-9c5f-35ebf231b3eb,6,855,True,26844,26532,90.7857329192193
856,9fbe1a1d-0e5b-45f9-9c5f-35ebf231b3eb,6,856,True,26876,26564,93.46050965395625
857,9fbe1a1d-0e5b-45f9-9c5f-35ebf231b3eb,6,857,True,26913,26601,82.40306678988782
858,9fbe1a1d-0e5b-45f9-9c5f-35ebf231b3eb,6,858,True,26954,26642,85.55751238493394
859,9fbe1a1d-0e5b-45f9-9c5f-35ebf231b3eb,6,859,True,26979,26667,90.93247261323995
860,9fbe1a1d-0e5b-45f9-9c5f-35ebf231b3eb,6,860,True,27015,26703,92.42787476184458
861,9fbe1a1d-0e5b-45f9-9c5f-35ebf231b3eb,6,861,True,27039,26727,123.07963262590783
862,9fbe1a1d-0e5b-45f9-9c5f-35ebf231b3eb,6,862,True,27073,26761,108.86716876183345
863,9fbe1a1d-0e5b-45f9-9c5f-35ebf231b3eb,6,863,True,27103,26791,137.65048283810393
864,9fbe1a1d-0e5b-45f9-9c5f-35ebf231b3eb,6,864,True,27125,26813,112.78097861949573
865,9fbe1a1d-0e5b-45f9-9c5f-35ebf231b3eb,6,865,True,27162,26850,115.29665511493658
866,9fbe1a1d-0e5b-45f9-9c5f-35ebf231b3eb,6,866,True,27209,26897,102.25607034303175
867,9fbe1a1d-0e5b-45f9-9c5f-35ebf231b3eb,6,867,True,27242,26930,84.87125911168914
868,9fbe1a1d-0e5b-45f9-9c5f-35ebf231b3eb,6,868,True,27281,26969,71.0072394603776
869,9fbe1a1d-0e5b-45f9-9c5f-35ebf231b3eb,6,869,True,27306,26994,71.00324165961865
870,9fbe1a1d-0e5b-45f9-9c5f-35ebf231b3eb,6,870,True,27338,27026,76.6572995295719
871,9fbe1a1d-0e5b-45f9-9c5f-35ebf231b3eb,6,871,True,27375,27063,72.25003055827983
872,9fbe1a1d-0e5b-45f9-9c5f-35ebf231b3eb,6,872,True,27410,27098,80.48553010501928
873,9fbe1a1d-0e5b-45f9-9c5f-35ebf231b3eb,6,873,True,27441,27129,72.50579397540423
874,9fbe1a1d-0e5b-45f9-9c5f-35ebf231b3eb,6,874,True,27472,27160,80.17317701103457
875,9fbe1a1d-0e5b-45f9-9c5f-35ebf231b3eb,6,875,True,27503,27191,79.68757226552043
876,9fbe1a1d-0e5b-45f9-9c5f-35ebf231b3eb,6,876,True,27531,27219,84.2156496943353
877,9fbe1a1d-0e5b-45f9-9c5f-35ebf231b3eb,6,877,True,27566,27254,90.6806527942972
878,9fbe1a1d-0e5b-45f9-9c5f-35ebf231b3eb,6,878,True,27589,27277,95.46341651857801
879,9fbe1a1d-0e5b-45f9-9c5f-35ebf231b3eb,6,879,True,27613,27301,95.24993313187952
880,9fbe1a1d-0e5b-45f9-9c5f-35ebf231b3eb,6,880,True,27643,27331,79.85526581707381
881,9fbe1a1d-0e5b-45f9-9c5f-35ebf231b3eb,6,881,True,27677,27365,81.12415731757574
882,9fbe1a1d-0e5b-45f9-9c5f-35ebf231b3eb,6,882,True,27706,27394,77.53273218316099
883,9fbe1a1d-0e5b-45f9-9c5f-35ebf231b3eb,6,883,True,27739,27427,80.62434695699994
884,9fbe1a1d-0e5b-45f9-9c5f-35ebf231b3eb,6,884,True,27773,27461,88.50898432700706
885,9fbe1a1d-0e5b-45f9-9c5f-35ebf231b3eb,6,885,True,27807,27495,83.89938179789169
886,9fbe1a1d-0e5b-45f9-9c5f-35ebf231b3eb,6,886,True,27833,27521,65.43227084424507
887,9fbe1a1d-0e5b-45f9-9c5f-35ebf231b3eb,6,887,True,27860,27548,70.82689322836086
888,9fbe1a1d-0e5b-45f9-9c5f-35ebf231b3eb,6,888,True,27895,27583,85.85244550615243
889,9fbe1a1d-0e5b-45f9-9c5f-35ebf231b3eb,6,889,True,27923,27611,67.79522299766904
890,9fbe1a1d-0e5b-45f9-9c5f-35ebf231b3eb,6,890,True,27959,27647,77.76175491992399
891,9fbe1a1d-0e5b-45f9-9c5f-35ebf231b3eb,6,891,True,27986,27674,59.647148328884214
892,9fbe1a1d-0e5b-45f9-9c5f-35ebf231b3eb,6,892,True,28020,27708,78.40890838987252
893,9fbe1a1d-0e5b-45f9-9c5f-35ebf231b3eb,6,893,True,28043,27731,89.82150388233276
894,9fbe1a1d-0e5b-45f9-9c5f-35ebf231b3eb,6,894,True,28074,27762,92.74027778084564
895,9fbe1a1d-0e5b-45f9-9c5f-35ebf231b3eb,6,895,True,28106,27794,85.64859297323346
896,9fbe1a1d-0e5b-45f9-9c5f-35ebf231b3eb,6,896,True,28157,27845,65.86402580943104
897,9fbe1a1d-0e5b-45f9-9c5f-35ebf231b3eb,6,897,True,28187,27875,68.92526024015751
898,9fbe1a1d-0e5b-45f9-9c5f-35ebf231b3eb,6,898,True,28214,27902,77.97276598363896
899,9fbe1a1d-0e5b-45f9-9c5f-35ebf231b3eb,6,899,True,28242,27930,80.33305157745053
900,9fbe1a1d-0e5b-45f9-9c5f-35ebf231b3eb,6,900,True,28277,27965,72.61040684926047
901,9fbe1a1d-0e5b-45f9-9c5f-35ebf231b3eb,6,901,True,28314,28002,61.63736198271363
902,9fbe1a1d-0e5b-45f9-9c5f-35ebf231b3eb,6,902,True,28353,28041,76.16605184714354
903,9fbe1a1d-0e5b-45f9-9c5f-35ebf231b3eb,6,903,True,28388,28076,68.94257966572695
904,9fbe1a1d-0e5b-45f9-9c5f-35ebf231b3eb,6,904,True,28410,28098,82.67145203712425
905,9fbe1a1d-0e5b-45f9-9c5f-35ebf231b3eb,6,905,True,28438,28126,80.95020854807444
906,9fbe1a1d-0e5b-45f9-9c5f-35ebf231b3eb,6,906,True,28466,28154,76.48638850544012
907,9fbe1a1d-0e5b-45f9-9c5f-35ebf231b3eb,6,907,True,28501,28189,85.46817770121561
908,9fbe1a1d-0e5b-45f9-9c5f-35ebf231b3eb,6,908,True,28535,28223,74.30294575900552
909,9fbe1a1d-0e5b-45f9-9c5f-35ebf231b3eb,6,909,True,28574,28262,67.94638702716111
910,9fbe1a1d-0e5b-45f9-9c5f-35ebf231b3eb,6,910,True,28595,28283,74.59677665206982
911,9fbe1a1d-0e5b-45f9-9c5f-35ebf231b3eb,6,911,True,28632,28320,70.25014274695786
912,9fbe1a1d-0e5b-45f9-9c5f-35ebf231b3eb,6,912,True,28670,28358,71.61265022445514
913,9fbe1a1d-0e5b-45f9-9c5f-35ebf231b3eb,6,913,True,28703,28391,71.09394397697542
914,9fbe1a1d-0e5b-45f9-9c5f-35ebf231b3eb,6,914,True,28737,28425,76.06113185792856
915,9fbe1a1d-0e5b-45f9-9c5f-35ebf231b3eb,6,915,True,28776,28464,72.57450843623883
916,9fbe1a1d-0e5b-45f9-9c5f-35ebf231b3eb,6,916,True,28807,28495,67.36982936953427
917,9fbe1a1d-0e5b-45f9-9c5f-35ebf231b3eb,6,917,True,28835,28523,74.38170197547515
918,9fbe1a1d-0e5b-45f9-9c5f-35ebf231b3eb,6,918,True,28871,28559,68.88430267422154
919,9fbe1a1d-0e5b-45f9-9c5f-35ebf231b3eb,6,919,True,28910,28598,60.18274216574355
920,9fbe1a1d-0e5b-45f9-9c5f-35ebf231b3eb,6,920,True,28943,28631,62.46847187885578
921,9fbe1a1d-0e5b-45f9-9c5f-35ebf231b3eb,6,921,True,28976,28664,63.889816759434325
922,9fbe1a1d-0e5b-45f9-9c5f-35ebf231b3eb,6,922,True,29003,28691,64.35277972649055
923,9fbe1a1d-0e5b-45f9-9c5f-35ebf231b3eb,6,923,True,29026,28714,62.59319816690913
924,9fbe1a1d-0e5b-45f9-9c5f-35ebf231b3eb,6,924,True,29057,28745,73.76372947502023
925,9fbe1a1d-0e5b-45f9-9c5f-35ebf231b3eb,6,925,True,29101,28789,72.36924344155705
926,9fbe1a1d-0e5b-45f9-9c5f-35ebf231b3eb,6,926,True,29136,28824,67.62010126778478
927,9fbe1a1d-0e5b-45f9-9c5f-35ebf231b3eb,6,927,True,29169,28857,68.63657760032584
928,9fbe1a1d-0e5b-45f9-9c5f-35ebf231b3eb,6,928,True,29196,28884,70.97610605316004
929,9fbe1a1d-0e5b-45f9-9c5f-35ebf231b3eb,6,929,True,29227,28915,72.6490623042373
930,9fbe1a1d-0e5b-45f9-9c5f-35ebf231b3eb,6,930,True,29251,28939,73.46411348163747
931,9fbe1a1d-0e5b-45f9-9c5f-35ebf231b3eb,6,931,True,29282,28970,95.17290485414196
932,9fbe1a1d-0e5b-45f9-9c5f-35ebf231b3eb,6,932,True,29315,29003,86.7969406746306
933,9fbe1a1d-0e5b-45f9-9c5f-35ebf231b3eb,6,933,True,29341,29029,86.03489108409121
934,9fbe1a1d-0e5b-45f9-9c5f-35ebf231b3eb,6,934,True,29367,29055,87.52125641704333
935,9fbe1a1d-0e5b-45f9-9c5f-35ebf231b3eb,6,935,True,29390,29078,76.29766975532766
936,9fbe1a1d-0e5b-45f9-9c5f-35ebf231b3eb,6,936,True,29427,29115,68.93425027988269
937,9fbe1a1d-0e5b-45f9-9c5f-35ebf231b3eb,6,937,True,29458,29146,70.77100365541264
938,9fbe1a1d-0e5b-45f9-9c5f-35ebf231b3eb,6,938,True,29500,29188,67.35767889842828
939,9fbe1a1d-0e5b-45f9-9c5f-35ebf231b3eb,6,939,True,29522,29210,83.4453934871126
940,9fbe1a1d-0e5b-45f9-9c5f-35ebf231b3eb,6,940,True,29545,29233,88.93282215961517
941,9fbe1a1d-0e5b-45f9-9c5f-35ebf231b3eb,6,941,True,29576,29264,65.83884525525355
942,9fbe1a1d-0e5b-45f9-9c5f-35ebf231b3eb,6,942,True,29607,29295,76.0233721468976
943,9fbe1a1d-0e5b-45f9-9c5f-35ebf231b3eb,6,943,True,29634,29322,75.4374724723566
944,9fbe1a1d-0e5b-45f9-9c5f-35ebf231b3eb,6,944,True,29664,29352,86.33899536804893
945,9fbe1a1d-0e5b-45f9-9c5f-35ebf231b3eb,6,945,True,29704,29392,82.26809601696368
946,9fbe1a1d-0e5b-45f9-9c5f-35ebf231b3eb,6,946,True,29737,29425,76.22392865609436
947,9fbe1a1d-0e5b-45f9-9c5f-35ebf231b3eb,6,947,True,29774,29462,68.78823859653858
948,9fbe1a1d-0e5b-45f9-9c5f-35ebf231b3eb,6,948,True,29807,29495,89.94496871401861
949,9fbe1a1d-0e5b-45f9-9c5f-35ebf231b3eb,6,949,True,29834,29522,79.11560170302982
950,9fbe1a1d-0e5b-45f9-9c5f-35ebf231b3eb,6,950,True,29867,29555,87.22291503292945
951,9fbe1a1d-0e5b-45f9-9c5f-35ebf231b3eb,6,951,True,29890,29578,73.76758904255985
952,9fbe1a1d-0e5b-45f9-9c5f-35ebf231b3eb,6,952,True,29920,29608,87.75583359929442
953,9fbe1a1d-0e5b-45f9-9c5f-35ebf231b3eb,6,953,True,29943,29631,80.29169837901645
954,9fbe1a1d-0e5b-45f9-9c5f-35ebf231b3eb,6,954,True,29979,29667,68.87679933663094
955,9fbe1a1d-0e5b-45f9-9c5f-35ebf231b3eb,6,955,True,30001,29689,77.77745979410975
956,9fbe1a1d-0e5b-45f9-9c5f-35ebf231b3eb,6,956,True,30044,29732,82.58408794132993
957,9fbe1a1d-0e5b-45f9-9c5f-35ebf231b3eb,6,957,True,30078,29766,91.29610615236743
958,9fbe1a1d-0e5b-45f9-9c5f-35ebf231b3eb,6,958,True,30111,29799,86.32093468015228
959,9fbe1a1d-0e5b-45f9-9c5f-35ebf231b3eb,6,959,True,30144,29832,79.48334010476174
960,9fbe1a1d-0e5b-45f9-9c5f-35ebf231b3eb,6,960,True,30177,29865,73.52721457025473
961,9fbe1a1d-0e5b-45f9-9c5f-35ebf231b3eb,6,961,True,30212,29900,88.03572343063206
962,9fbe1a1d-0e5b-45f9-9c5f-35ebf231b3eb,6,962,True,30252,29940,74.17257616327697
963,9fbe1a1d-0e5b-45f9-9c5f-35ebf231b3eb,6,963,True,30284,29972,75.8700176381426
964,9fbe1a1d-0e5b-45f9-9c5f-35ebf231b3eb,6,964,True,30312,30000,87.06630800678977
965,9fbe1a1d-0e5b-45f9-9c5f-35ebf231b3eb,6,965,True,30344,30032,64.8921362116198
966,9fbe1a1d-0e5b-45f9-9c5f-35ebf231b3eb,6,966,True,30368,30056,77.95686315015337
967,9fbe1a1d-0e5b-45f9-9c5f-35ebf231b3eb,6,967,True,30397,30085,72.5368613415958
968,9fbe1a1d-0e5b-45f9-9c5f-35ebf231b3eb,6,968,True,30431,30119,86.92359679657602
969,9fbe1a1d-0e5b-45f9-9c5f-35ebf231b3eb,6,969,True,30465,30153,82.27197792359948
970,9fbe1a1d-0e5b-45f9-9c5f-35ebf231b3eb,6,970,True,30499,30187,74.00663284755137
971,9fbe1a1d-0e5b-45f9-9c5f-35ebf231b3eb,6,971,True,30527,30215,82.85957391460033
972,9fbe1a1d-0e5b-45f9-9c5f-35ebf231b3eb,6,972,True,30557,30245,83.83161793271574
973,9fbe1a1d-0e5b-45f9-9c5f-35ebf231b3eb,6,973,True,30598,30286,108.39801264178459
974,9fbe1a1d-0e5b-45f9-9c5f-35ebf231b3eb,6,974,True,30626,30314,82.61157362984159
975,9fbe1a1d-0e5b-45f9-9c5f-35ebf231b3eb,6,975,True,30655,30343,89.87326280588968
976,9fbe1a1d-0e5b-45f9-9c5f-35ebf231b3eb,6,976,True,30690,30378,103.57400614547441
977,9fbe1a1d-0e5b-45f9-9c5f-35ebf231b3eb,6,977,True,30719,30407,105.65432600950226
978,9fbe1a1d-0e5b-45f9-9c5f-35ebf231b3eb,6,978,True,30749,30437,92.93342961686358
979,9fbe1a1d-0e5b-45f9-9c5f-35ebf231b3eb,6,979,True,30788,30476,79.62172233372621
980,9fbe1a1d-0e5b-45f9-9c5f-35ebf231b3eb,6,980,True,30813,30501,78.55975091667642
981,9fbe1a1d-0e5b-45f9-9c5f-35ebf231b3eb,6,981,True,30847,30535,85.61061999198137
982,9fbe1a1d-0e5b-45f9-9c5f-35ebf231b3eb,6,982,True,30875,30563,102.26124067119235
983,9fbe1a1d-0e5b-45f9-9c5f-35ebf231b3eb,6,983,True,30905,30593,80.50621422384938
984,9fbe1a1d-0e5b-45f9-9c5f-35ebf231b3eb,6,984,True,30939,30627,96.29634962406635
985,9fbe1a1d-0e5b-45f9-9c5f-35ebf231b3eb,6,985,True,30968,30656,87.89767672119706
986,9fbe1a1d-0e5b-45f9-9c5f-35ebf231b3eb,6,986,True,31002,30690,78.25686099419909
987,9fbe1a1d-0e5b-45f9-9c5f-35ebf231b3eb,6,987,True,31033,30721,79.50811482626887
988,9fbe1a1d-0e5b-45f9-9c5f-35ebf231b3eb,6,988,True,31062,30750,80.55307109641217
989,9fbe1a1d-0e5b-45f9-9c5f-35ebf231b3eb,6,989,True,31087,30775,73.54893891665779
990,9fbe1a1d-0e5b-45f9-9c5f-35ebf231b3eb,6,990,True,31123,30811,88.68207798590447
991,9fbe1a1d-0e5b-45f9-9c5f-35ebf231b3eb,6,991,True,31151,30839,79.66926968789267
992,9fbe1a1d-0e5b-45f9-9c5f-35ebf231b3eb,6,992,True,31179,30867,77.21428738027316
993,9fbe1a1d-0e5b-45f9-9c5f-35ebf231b3eb,6,993,True,31212,30900,77.68382768069569
994,9fbe1a1d-0e5b-45f9-9c5f-35ebf231b3eb,6,994,True,31258,30946,70.96578580220375
995,9fbe1a1d-0e5b-45f9-9c5f-35ebf231b3eb,6,995,True,31287,30975,72.17017709236097
996,9fbe1a1d-0e5b-45f9-9c5f-35ebf231b3eb,6,996,True,31319,31007,68.98332093629142
997,9fbe1a1d-0e5b-45f9-9c5f-35ebf231b3eb,6,997,True,31351,31039,91.51781927892807
998,9fbe1a1d-0e5b-45f9-9c5f-35ebf231b3eb,6,998,True,31381,31069,88.11900155037802
999,9fbe1a1d-0e5b-45f9-9c5f-35ebf231b3eb,6,999,True,31408,31096,87.71732198175232
1000,db8cb900-0f16-4bfc-880f-0b9467230d51,7,1000,True,372,20,78.85829886924586
1001,db8cb900-0f16-4bfc-880f-0b9467230d51,7,1001,True,404,52,71.41812417972315
1002,db8cb900-0f16-4bfc-880f-0b9467230d51,7,1002,True,437,85,68.90470105477334
1003,db8cb900-0f16-4bfc-880f-0b9467230d51,7,1003,True,467,115,74.477373729844
1004,db8cb900-0f16-4bfc-880f-0b9467230d51,7,1004,True,498,146,88.1700025582281
1005,db8cb900-0f16-4bfc-880f-0b9467230d51,7,1005,True,531,179,95.39508410875152
1006,db8cb900-0f16-4bfc-880f-0b9467230d51,7,1006,True,564,212,85.93308817265893
1007,db8cb900-0f16-4bfc-880f-0b9467230d51,7,1007,True,593,241,95.8016840877446
1008,db8cb900-0f16-4bfc-880f-0b9467230d51,7,1008,True,624,272,89.32889355280884
1009,db8cb900-0f16-4bfc-880f-0b9467230d51,7,1009,True,664,312,81.97162186521683
1010,db8cb900-0f16-4bfc-880f-0b9467230d51,7,1010,True,696,344,86.15263955179955
1011,db8cb900-0f16-4bfc-880f-0b9467230d51,7,1011,True,720,368,89.04550038557863
1012,db8cb900-0f16-4bfc-880f-0b9467230d51,7,1012,True,744,392,90.79103545833772
1013,db8cb900-0f16-4bfc-880f-0b9467230d51,7,1013,True,771,419,86.84830096757929
1014,db8cb900-0f16-4bfc-880f-0b9467230d51,7,1014,True,814,462,83.89359053455473
1015,db8cb900-0f16-4bfc-880f-0b9467230d51,7,1015,True,845,493,100.05679498930124
1016,db8cb900-0f16-4bfc-880f-0b9467230d51,7,1016,True,878,526,91.37330055054849
1017,db8cb900-0f16-4bfc-880f-0b9467230d51,7,1017,True,905,553,87.54187953830001
1018,db8cb900-0f16-4bfc-880f-0b9467230d51,7,1018,True,941,589,76.82605791566766
1019,db8cb900-0f16-4bfc-880f-0b9467230d51,7,1019,True,972,620,85.24377090091002
1020,db8cb900-0f16-4bfc-880f-0b9467230d51,7,1020,True,1004,652,77.17202852755133
1021,db8cb900-0f16-4bfc-880f-0b9467230d51,7,1021,True,1041,689,89.71282070365248
1022,db8cb900-0f16-4bfc-880f-0b9467230d51,7,1022,True,1073,721,80.22116182241109
1023,db8cb900-0f16-4bfc-880f-0b9467230d51,7,1023,True,1099,747,79.95294750728203
1024,db8cb900-0f16-4bfc-880f-0b9467230d51,7,1024,True,1137,785,76.07145471063643
1025,db8cb900-0f16-4bfc-880f-0b9467230d51,7,1025,True,1167,815,88.4406765952508
1026,db8cb900-0f16-4bfc-880f-0b9467230d51,7,1026,True,1200,848,88.35364389937945
1027,db8cb900-0f16-4bfc-880f-0b9467230d51,7,1027,True,1234,882,98.20983487090245
1028,db8cb900-0f16-4bfc-880f-0b9467230d51,7,1028,True,1268,916,73.68440420726324
1029,db8cb900-0f16-4bfc-880f-0b9467230d51,7,1029,True,1296,944,72.60222094422215
1030,db8cb900-0f16-4bfc-880f-0b9467230d51,7,1030,True,1333,981,70.60493965263936
1031,db8cb900-0f16-4bfc-880f-0b9467230d51,7,1031,True,1367,1015,73.82264206168588
1032,db8cb900-0f16-4bfc-880f-0b9467230d51,7,1032,True,1395,1043,75.91573786487584
1033,db8cb900-0f16-4bfc-880f-0b9467230d51,7,1033,True,1430,1078,80.77402287516679
1034,db8cb900-0f16-4bfc-880f-0b9467230d51,7,1034,True,1465,1113,72.30894777848857
1035,db8cb900-0f16-4bfc-880f-0b9467230d51,7,1035,True,1501,1149,65.18836136824098
1036,db8cb900-0f16-4bfc-880f-0b9467230d51,7,1036,True,1535,1183,72.97550335755386
1037,db8cb900-0f16-4bfc-880f-0b9467230d51,7,1037,True,1573,1221,78.23267980455171
1038,db8cb900-0f16-4bfc-880f-0b9467230d51,7,1038,True,1595,1243,79.01305164525502
1039,db8cb900-0f16-4bfc-880f-0b9467230d51,7,1039,True,1616,1264,84.79801511924188
1040,db8cb900-0f16-4bfc-880f-0b9467230d51,7,1040,True,1646,1294,68.8177084309018
1041,db8cb900-0f16-4bfc-880f-0b9467230d51,7,1041,True,1675,1323,77.48014944866327
1042,db8cb900-0f16-4bfc-880f-0b9467230d51,7,1042,True,1707,1355,90.09699809027347
1043,db8cb900-0f16-4bfc-880f-0b9467230d51,7,1043,True,1728,1376,78.41577856940967
1044,db8cb900-0f16-4bfc-880f-0b9467230d51,7,1044,True,1765,1413,95.32191081483734
1045,db8cb900-0f16-4bfc-880f-0b9467230d51,7,1045,True,1784,1432,94.46273916826362
1046,db8cb900-0f16-4bfc-880f-0b9467230d51,7,1046,True,1814,1462,86.63078405491501
1047,db8cb900-0f16-4bfc-880f-0b9467230d51,7,1047,True,1840,1488,93.69989006705146
1048,db8cb900-0f16-4bfc-880f-0b9467230d51,7,1048,True,1870,1518,105.94551913262353
1049,db8cb900-0f16-4bfc-880f-0b9467230d51,7,1049,True,1898,1546,104.14033685244635
1050,db8cb900-0f16-4bfc-880f-0b9467230d51,7,1050,True,1924,1572,93.00664436347483
1051,db8cb900-0f16-4bfc-880f-0b9467230d51,7,1051,True,1953,1601,107.41807638898331
1052,db8cb900-0f16-4bfc-880f-0b9467230d51,7,1052,True,1977,1625,100.61065899741811
1053,db8cb900-0f16-4bfc-880f-0b9467230d51,7,1053,True,2008,1656,100.52170997700387
1054,db8cb900-0f16-4bfc-880f-0b9467230d51,7,1054,True,2041,1689,100.23678954613479
1055,db8cb900-0f16-4bfc-880f-0b9467230d51,7,1055,True,2062,1710,101.44893229128888
1056,db8cb900-0f16-4bfc-880f-0b9467230d51,7,1056,True,2089,1737,94.23859001339065
1057,db8cb900-0f16-4bfc-880f-0b9467230d51,7,1057,True,2126,1774,85.038046646873
1058,db8cb900-0f16-4bfc-880f-0b9467230d51,7,1058,True,2158,1806,95.48227219706337
1059,db8cb900-0f16-4bfc-880f-0b9467230d51,7,1059,True,2182,1830,85.63952063339525
1060,db8cb900-0f16-4bfc-880f-0b9467230d51,7,1060,True,2209,1857,100.15389459261473
1061,db8cb900-0f16-4bfc-880f-0b9467230d51,7,1061,True,2236,1884,96.9521921754224
1062,db8cb900-0f16-4bfc-880f-0b9467230d51,7,1062,True,2269,1917,83.15485117163325
1063,db8cb900-0f16-4bfc-880f-0b9467230d51,7,1063,True,2305,1953,95.01568959646693
1064,db8cb900-0f16-4bfc-880f-0b9467230d51,7,1064,True,2323,1971,104.97128348382103
1065,db8cb900-0f16-4bfc-880f-0b9467230d51,7,1065,True,2358,2006,96.04252875427755
1066,db8cb900-0f16-4bfc-880f-0b9467230d51,7,1066,True,2396,2044,98.01885735486712
1067,db8cb900-0f16-4bfc-880f-0b9467230d51,7,1067,True,2423,2071,103.36919621728475
1068,db8cb900-0f16-4bfc-880f-0b9467230d51,7,1068,True,2451,2099,89.43424063824341
1069,db8cb900-0f16-4bfc-880f-0b9467230d51,7,1069,True,2480,2128,88.5468989038427
1070,db8cb900-0f16-4bfc-880f-0b9467230d51,7,1070,True,2518,2166,75.35109703660282
1071,db8cb900-0f16-4bfc-880f-0b9467230d51,7,1071,True,2548,2196,76.70427923602847
1072,db8cb900-0f16-4bfc-880f-0b9467230d51,7,1072,True,2570,2218,86.42752204866792
1073,db8cb900-0f16-4bfc-880f-0b9467230d51,7,1073,True,2601,2249,85.22058467949773
1074,db8cb900-0f16-4bfc-880f-0b9467230d51,7,1074,True,2634,2282,87.10592985101721
1075,db8cb900-0f16-4bfc-880f-0b9467230d51,7,1075,True,2669,2317,78.70145236517692
1076,db8cb900-0f16-4bfc-880f-0b9467230d51,7,1076,True,2713,2361,78.12264679327382
1077,db8cb900-0f16-4bfc-880f-0b9467230d51,7,1077,True,2741,2389,81.91417824654263
1078,db8cb900-0f16-4bfc-880f-0b9467230d51,7,1078,True,2777,2425,76.60836380013461
1079,db8cb900-0f16-4bfc-880f-0b9467230d51,7,1079,True,2795,2443,76.72949933286691
1080,db8cb900-0f16-4bfc-880f-0b9467230d51,7,1080,True,2840,2488,80.18424598086631
1081,db8cb900-0f16-4bfc-880f-0b9467230d51,7,1081,True,2870,2518,99.26145426040148
1082,db8cb900-0f16-4bfc-880f-0b9467230d51,7,1082,True,2896,2544,82.4141509389242
1083,db8cb900-0f16-4bfc-880f-0b9467230d51,7,1083,True,2925,2573,96.95566073231976
1084,db8cb900-0f16-4bfc-880f-0b9467230d51,7,1084,True,2961,2609,86.30492228906405
1085,db8cb900-0f16-4bfc-880f-0b9467230d51,7,1085,True,2987,2635,95.21451832371804
1086,db8cb900-0f16-4bfc-880f-0b9467230d51,7,1086,True,3018,2666,91.47935631256496
1087,db8cb900-0f16-4bfc-880f-0b9467230d51,7,1087,True,3044,2692,74.62933079307959
1088,db8cb900-0f16-4bfc-880f-0b9467230d51,7,1088,True,3077,2725,77.08044106174884
1089,db8cb900-0f16-4bfc-880f-0b9467230d51,7,1089,True,3101,2749,86.12611316655375
1090,db8cb900-0f16-4bfc-880f-0b9467230d51,7,1090,True,3136,2784,76.63149209399944
1091,db8cb900-0f16-4bfc-880f-0b9467230d51,7,1091,True,3170,2818,92.38533512321328
1092,db8cb900-0f16-4bfc-880f-0b9467230d51,7,1092,True,3205,2853,86.50169814389255
1093,db8cb900-0f16-4bfc-880f-0b9467230d51,7,1093,True,3244,2892,83.55860093107685
1094,db8cb900-0f16-4bfc-880f-0b9467230d51,7,1094,True,3273,2921,86.47318267606079
1095,db8cb900-0f16-4bfc-880f-0b9467230d51,7,1095,True,3296,2944,83.99686404912563
1096,db8cb900-0f16-4bfc-880f-0b9467230d51,7,1096,True,3323,2971,94.63081868364952
1097,db8cb900-0f16-4bfc-880f-0b9467230d51,7,1097,True,3351,2999,110.939413670867
1098,db8cb900-0f16-4bfc-880f-0b9467230d51,7,1098,True,3375,3023,104.64123746040468
1099,db8cb900-0f16-4bfc-880f-0b9467230d51,7,1099,True,3406,3054,102.79804627075009
1100,db8cb900-0f16-4bfc-880f-0b9467230d51,7,1100,True,3438,3086,113.79173146205085
1101,db8cb900-0f16-4bfc-880f-0b9467230d51,7,1101,True,3484,3132,93.9604095880477
1102,db8cb900-0f16-4bfc-880f-0b9467230d51,7,1102,True,3518,3166,84.05711690298722
1103,db8cb900-0f16-4bfc-880f-0b9467230d51,7,1103,True,3554,3202,86.71337286980543
1104,db8cb900-0f16-4bfc-880f-0b9467230d51,7,1104,True,3578,3226,82.82293846208586
1105,db8cb900-0f16-4bfc-880f-0b9467230d51,7,1105,True,3614,3262,88.67333203493808
1106,db8cb900-0f16-4bfc-880f-0b9467230d51,7,1106,True,3637,3285,93.36790884352058
1107,db8cb900-0f16-4bfc-880f-0b9467230d51,7,1107,True,3673,3321,83.79205622132804
1108,db8cb900-0f16-4bfc-880f-0b9467230d51,7,1108,True,3702,3350,79.22337031112784
1109,db8cb900-0f16-4bfc-880f-0b9467230d51,7,1109,True,3740,3388,87.91188605277011
1110,db8cb900-0f16-4bfc-880f-0b9467230d51,7,1110,True,3776,3424,78.25242779793734
1111,db8cb900-0f16-4bfc-880f-0b9467230d51,7,1111,True,3805,3453,75.59802103911488
1112,db8cb900-0f16-4bfc-880f-0b9467230d51,7,1112,True,3825,3473,81.01996470233325
1113,db8cb900-0f16-4bfc-880f-0b9467230d51,7,1113,True,3852,3500,107.02638184941725
1114,db8cb900-0f16-4bfc-880f-0b9467230d51,7,1114,True,3888,3536,95.7573504739139
1115,db8cb900-0f16-4bfc-880f-0b9467230d51,7,1115,True,3934,3582,81.36882041260333
1116,db8cb900-0f16-4bfc-880f-0b9467230d51,7,1116,True,3963,3611,78.60487004252946
1117,db8cb900-0f16-4bfc-880f-0b9467230d51,7,1117,True,3989,3637,77.74896543563136
1118,db8cb900-0f16-4bfc-880f-0b9467230d51,7,1118,True,4022,3670,72.92589055721237
1119,db8cb900-0f16-4bfc-880f-0b9467230d51,7,1119,True,4054,3702,78.9190284032602
1120,db8cb900-0f16-4bfc-880f-0b9467230d51,7,1120,True,4091,3739,95.2979027464894
1121,db8cb900-0f16-4bfc-880f-0b9467230d51,7,1121,True,4120,3768,90.03243691531134
1122,db8cb900-0f16-4bfc-880f-0b9467230d51,7,1122,True,4147,3795,80.65293612817732
1123,db8cb900-0f16-4bfc-880f-0b9467230d51,7,1123,True,4188,3836,72.70406349210725
1124,db8cb900-0f16-4bfc-880f-0b9467230d51,7,1124,True,4219,3867,82.14982774042528
1125,db8cb900-0f16-4bfc-880f-0b9467230d51,7,1125,True,4254,3902,91.40432578944228
1126,db8cb900-0f16-4bfc-880f-0b9467230d51,7,1126,True,4278,3926,79.14263325311276
1127,db8cb900-0f16-4bfc-880f-0b9467230d51,7,1127,True,4311,3959,101.81225767480237
1128,db8cb900-0f16-4bfc-880f-0b9467230d51,7,1128,True,4343,3991,96.0502300666667
1129,db8cb900-0f16-4bfc-880f-0b9467230d51,7,1129,True,4374,4022,90.67973578594228
1130,db8cb900-0f16-4bfc-880f-0b9467230d51,7,1130,True,4395,4043,97.65089535941024
1131,db8cb900-0f16-4bfc-880f-0b9467230d51,7,1131,True,4432,4080,93.83338719972835
1132,db8cb900-0f16-4bfc-880f-0b9467230d51,7,1132,True,4464,4112,88.28887357483563
1133,db8cb900-0f16-4bfc-880f-0b9467230d51,7,1133,True,4482,4130,119.87471565938631
1134,db8cb900-0f16-4bfc-880f-0b9467230d51,7,1134,True,4512,4160,114.6679860752829
1135,db8cb900-0f16-4bfc-880f-0b9467230d51,7,1135,True,4550,4198,97.20676193890176
1136,db8cb900-0f16-4bfc-880f-0b9467230d51,7,1136,True,4596,4244,79.87045273179592
1137,db8cb900-0f16-4bfc-880f-0b9467230d51,7,1137,True,4628,4276,80.59595361653646
1138,db8cb900-0f16-4bfc-880f-0b9467230d51,7,1138,True,4658,4306,78.45404637825504
1139,db8cb900-0f16-4bfc-880f-0b9467230d51,7,1139,True,4679,4327,106.69745143237833
1140,db8cb900-0f16-4bfc-880f-0b9467230d51,7,1140,True,4715,4363,98.0909779971671
1141,db8cb900-0f16-4bfc-880f-0b9467230d51,7,1141,True,4746,4394,102.52287367318968
1142,db8cb900-0f16-4bfc-880f-0b9467230d51,7,1142,True,4773,4421,100.0074766214484
1143,db8cb900-0f16-4bfc-880f-0b9467230d51,7,1143,True,4807,4455,91.61281555547703
1144,db8cb900-0f16-4bfc-880f-0b9467230d51,7,1144,True,4839,4487,87.58146872007273
1145,db8cb900-0f16-4bfc-880f-0b9467230d51,7,1145,True,4870,4518,80.74933885637529
1146,db8cb900-0f16-4bfc-880f-0b9467230d51,7,1146,True,4911,4559,86.45227507479831
1147,db8cb900-0f16-4bfc-880f-0b9467230d51,7,1147,True,4944,4592,98.21847134683503
1148,db8cb900-0f16-4bfc-880f-0b9467230d51,7,1148,True,4972,4620,79.75335247566727
1149,db8cb900-0f16-4bfc-880f-0b9467230d51,7,1149,True,5007,4655,81.91704659466996
1150,db8cb900-0f16-4bfc-880f-0b9467230d51,7,1150,True,5037,4685,76.62866391756597
1151,db8cb900-0f16-4bfc-880f-0b9467230d51,7,1151,True,5068,4716,85.84424277445942
1152,db8cb900-0f16-4bfc-880f-0b9467230d51,7,1152,True,5091,4739,81.7199333334911
1153,db8cb900-0f16-4bfc-880f-0b9467230d51,7,1153,True,5120,4768,80.3767653413488
1154,db8cb900-0f16-4bfc-880f-0b9467230d51,7,1154,True,5156,4804,87.38026584530508
1155,db8cb900-0f16-4bfc-880f-0b9467230d51,7,1155,True,5185,4833,84.35886182868126
1156,db8cb900-0f16-4bfc-880f-0b9467230d51,7,1156,True,5217,4865,79.11663018570653
1157,db8cb900-0f16-4bfc-880f-0b9467230d51,7,1157,True,5253,4901,86.61945327696048
1158,db8cb900-0f16-4bfc-880f-0b9467230d51,7,1158,True,5285,4933,83.53940430553212
1159,db8cb900-0f16-4bfc-880f-0b9467230d51,7,1159,True,5319,4967,78.96508117201574
1160,db8cb900-0f16-4bfc-880f-0b9467230d51,7,1160,True,5345,4993,80.86171068621934
1161,db8cb900-0f16-4bfc-880f-0b9467230d51,7,1161,True,5368,5016,100.44028858842648
1162,db8cb900-0f16-4bfc-880f-0b9467230d51,7,1162,True,5394,5042,92.27499553454709
1163,db8cb900-0f16-4bfc-880f-0b9467230d51,7,1163,True,5410,5058,92.48734951200004
1164,db8cb900-0f16-4bfc-880f-0b9467230d51,7,1164,True,5448,5096,99.96515972544057
1165,db8cb900-0f16-4bfc-880f-0b9467230d51,7,1165,True,5492,5140,80.19416492719574
1166,db8cb900-0f16-4bfc-880f-0b9467230d51,7,1166,True,5522,5170,89.62432275337505
1167,db8cb900-0f16-4bfc-880f-0b9467230d51,7,1167,True,5553,5201,105.89246068704415
1168,db8cb900-0f16-4bfc-880f-0b9467230d51,7,1168,True,5580,5228,90.04555209012142
1169,db8cb900-0f16-4bfc-880f-0b9467230d51,7,1169,True,5619,5267,94.67780570992636
1170,db8cb900-0f16-4bfc-880f-0b9467230d51,7,1170,True,5655,5303,93.61927811534224
1171,db8cb900-0f16-4bfc-880f-0b9467230d51,7,1171,True,5686,5334,107.86880375340388
1172,db8cb900-0f16-4bfc-880f-0b9467230d51,7,1172,True,5719,5367,99.24632089475836
1173,db8cb900-0f16-4bfc-880f-0b9467230d51,7,1173,True,5747,5395,82.1867143203126
1174,db8cb900-0f16-4bfc-880f-0b9467230d51,7,1174,True,5773,5421,79.06681585353908
1175,db8cb900-0f16-4bfc-880f-0b9467230d51,7,1175,True,5804,5452,78.38679015592788
1176,db8cb900-0f16-4bfc-880f-0b9467230d51,7,1176,True,5832,5480,102.51406230633347
1177,db8cb900-0f16-4bfc-880f-0b9467230d51,7,1177,True,5868,5516,106.13212354282405
1178,db8cb900-0f16-4bfc-880f-0b9467230d51,7,1178,True,5900,5548,90.228764797047
1179,db8cb900-0f16-4bfc-880f-0b9467230d51,7,1179,True,5930,5578,87.04269813024257
1180,db8cb900-0f16-4bfc-880f-0b9467230d51,7,1180,True,5954,5602,110.02149992539489
1181,db8cb900-0f16-4bfc-880f-0b9467230d51,7,1181,True,5986,5634,87.91658350481339
1182,db8cb900-0f16-4bfc-880f-0b9467230d51,7,1182,True,6035,5683,78.90563144650969
1183,db8cb900-0f16-4bfc-880f-0b9467230d51,7,1183,True,6063,5711,81.33415949218033
1184,db8cb900-0f16-4bfc-880f-0b9467230d51,7,1184,True,6089,5737,86.87624148767645
1185,db8cb900-0f16-4bfc-880f-0b9467230d51,7,1185,True,6115,5763,102.93654178975885
1186,db8cb900-0f16-4bfc-880f-0b9467230d51,7,1186,True,6150,5798,100.00393531774625
1187,db8cb900-0f16-4bfc-880f-0b9467230d51,7,1187,True,6180,5828,106.02298009363221
1188,db8cb900-0f16-4bfc-880f-0b9467230d51,7,1188,True,6208,5856,104.69846154717834
1189,db8cb900-0f16-4bfc-880f-0b9467230d51,7,1189,True,6245,5893,114.18397636914233
1190,db8cb900-0f16-4bfc-880f-0b9467230d51,7,1190,True,6274,5922,142.1979976170751
1191,db8cb900-0f16-4bfc-880f-0b9467230d51,7,1191,True,6310,5958,133.31892877778773
1192,db8cb900-0f16-4bfc-880f-0b9467230d51,7,1192,True,6343,5991,126.30973734920644
1193,db8cb900-0f16-4bfc-880f-0b9467230d51,7,1193,True,6364,6012,131.2299522759722
1194,db8cb900-0f16-4bfc-880f-0b9467230d51,7,1194,True,6399,6047,119.10663528532041
1195,db8cb900-0f16-4bfc-880f-0b9467230d51,7,1195,True,6435,6083,109.71637563582408
1196,db8cb900-0f16-4bfc-880f-0b9467230d51,7,1196,True,6479,6127,99.17836879440256
1197,db8cb900-0f16-4bfc-880f-0b9467230d51,7,1197,True,6506,6154,110.88935704028609
1198,db8cb900-0f16-4bfc-880f-0b9467230d51,7,1198,True,6534,6182,93.09875396907137
1199,db8cb900-0f16-4bfc-880f-0b9467230d51,7,1199,True,6570,6218,104.75737606326402
1200,db8cb900-0f16-4bfc-880f-0b9467230d51,7,1200,True,6601,6249,97.40928006485137
1201,db8cb900-0f16-4bfc-880f-0b9467230d51,7,1201,True,6630,6278,92.70160140106327
1202,db8cb900-0f16-4bfc-880f-0b9467230d51,7,1202,True,6667,6315,97.592017820828
1203,db8cb900-0f16-4bfc-880f-0b9467230d51,7,1203,True,6702,6350,91.95469644554214
1204,db8cb900-0f16-4bfc-880f-0b9467230d51,7,1204,True,6743,6391,78.47237349825718
1205,db8cb900-0f16-4bfc-880f-0b9467230d51,7,1205,True,6770,6418,78.61139911600185
1206,db8cb900-0f16-4bfc-880f-0b9467230d51,7,1206,True,6796,6444,91.158949988303
1207,db8cb900-0f16-4bfc-880f-0b9467230d51,7,1207,True,6834,6482,81.02409605275534
1208,db8cb900-0f16-4bfc-880f-0b9467230d51,7,1208,True,6869,6517,80.32611846722557
1209,db8cb900-0f16-4bfc-880f-0b9467230d51,7,1209,True,6912,6560,89.69249503759056
1210,db8cb900-0f16-4bfc-880f-0b9467230d51,7,1210,True,6941,6589,72.62801601353476
1211,db8cb900-0f16-4bfc-880f-0b9467230d51,7,1211,True,6977,6625,69.35714278658543
1212,db8cb900-0f16-4bfc-880f-0b9467230d51,7,1212,True,7006,6654,89.73777678422539
1213,db8cb900-0f16-4bfc-880f-0b9467230d51,7,1213,True,7044,6692,80.80191663743608
1214,db8cb900-0f16-4bfc-880f-0b9467230d51,7,1214,True,7074,6722,72.17417653762368
1215,db8cb900-0f16-4bfc-880f-0b9467230d51,7,1215,True,7109,6757,101.070231552917
1216,db8cb900-0f16-4bfc-880f-0b9467230d51,7,1216,True,7128,6776,92.204659444571
1217,db8cb900-0f16-4bfc-880f-0b9467230d51,7,1217,True,7153,6801,97.07659929515012
1218,db8cb900-0f16-4bfc-880f-0b9467230d51,7,1218,True,7185,6833,87.89023772073688
1219,db8cb900-0f16-4bfc-880f-0b9467230d51,7,1219,True,7209,6857,82.47395483928722
1220,db8cb900-0f16-4bfc-880f-0b9467230d51,7,1220,True,7234,6882,89.08511644607552
1221,db8cb900-0f16-4bfc-880f-0b9467230d51,7,1221,True,7262,6910,79.44492613050443
1222,db8cb900-0f16-4bfc-880f-0b9467230d51,7,1222,True,7296,6944,74.63426297047044
1223,db8cb900-0f16-4bfc-880f-0b9467230d51,7,1223,True,7323,6971,82.63884867915203
1224,db8cb900-0f16-4bfc-880f-0b9467230d51,7,1224,True,7355,7003,97.18155392291919
1225,db8cb900-0f16-4bfc-880f-0b9467230d51,7,1225,True,7395,7043,91.97623220612513
1226,db8cb900-0f16-4bfc-880f-0b9467230d51,7,1226,True,7429,7077,92.0171442201281
1227,db8cb900-0f16-4bfc-880f-0b9467230d51,7,1227,True,7461,7109,89.73618951489334
1228,db8cb900-0f16-4bfc-880f-0b9467230d51,7,1228,True,7489,7137,98.17002188147944
1229,db8cb900-0f16-4bfc-880f-0b9467230d51,7,1229,True,7522,7170,97.88629296271756
1230,db8cb900-0f16-4bfc-880f-0b9467230d51,7,1230,True,7557,7205,91.2406983200026
1231,db8cb900-0f16-4bfc-880f-0b9467230d51,7,1231,True,7578,7226,81.4815009259828
1232,db8cb900-0f16-4bfc-880f-0b9467230d51,7,1232,True,7605,7253,97.60633032414717
1233,db8cb900-0f16-4bfc-880f-0b9467230d51,7,1233,True,7639,7287,90.22332642346373
1234,db8cb900-0f16-4bfc-880f-0b9467230d51,7,1234,True,7659,7307,88.09585166104989
1235,db8cb900-0f16-4bfc-880f-0b9467230d51,7,1235,True,7702,7350,95.03237996574535
1236,db8cb900-0f16-4bfc-880f-0b9467230d51,7,1236,True,7736,7384,109.23728188863606
1237,db8cb900-0f16-4bfc-880f-0b9467230d51,7,1237,True,7762,7410,107.35133665001194
1238,db8cb900-0f16-4bfc-880f-0b9467230d51,7,1238,True,7798,7446,96.70657436107649
1239,db8cb900-0f16-4bfc-880f-0b9467230d51,7,1239,True,7825,7473,131.32376743708483
1240,db8cb900-0f16-4bfc-880f-0b9467230d51,7,1240,True,7846,7494,118.28428616932615
1241,db8cb900-0f16-4bfc-880f-0b9467230d51,7,1241,True,7869,7517,144.74256823375345
1242,db8cb900-0f16-4bfc-880f-0b9467230d51,7,1242,True,7904,7552,143.96099124034754
1243,db8cb900-0f16-4bfc-880f-0b9467230d51,7,1243,True,7934,7582,151.83876660574697
1244,db8cb900-0f16-4bfc-880f-0b9467230d51,7,1244,True,7963,7611,113.95063145648055
1245,db8cb900-0f16-4bfc-880f-0b9467230d51,7,1245,True,7989,7637,140.2605784902771
1246,db8cb900-0f16-4bfc-880f-0b9467230d51,7,1246,True,8016,7664,124.80445581456024
1247,db8cb900-0f16-4bfc-880f-0b9467230d51,7,1247,True,8049,7697,125.08731517193155
1248,db8cb900-0f16-4bfc-880f-0b9467230d51,7,1248,True,8077,7725,109.4455702684254
1249,db8cb900-0f16-4bfc-880f-0b9467230d51,7,1249,True,8110,7758,122.79637175341486
1250,db8cb900-0f16-4bfc-880f-0b9467230d51,7,1250,True,8144,7792,111.88792380648738
1251,db8cb900-0f16-4bfc-880f-0b9467230d51,7,1251,True,8171,7819,110.1418418823423
1252,db8cb900-0f16-4bfc-880f-0b9467230d51,7,1252,True,8206,7854,138.40252749657157
1253,db8cb900-0f16-4bfc-880f-0b9467230d51,7,1253,True,8234,7882,135.26308441565743
1254,db8cb900-0f16-4bfc-880f-0b9467230d51,7,1254,True,8267,7915,123.96414038532566
1255,db8cb900-0f16-4bfc-880f-0b9467230d51,7,1255,True,8310,7958,106.25961357374217
1256,db8cb900-0f16-4bfc-880f-0b9467230d51,7,1256,True,8336,7984,105.06303816248146
1257,db8cb900-0f16-4bfc-880f-0b9467230d51,7,1257,True,8371,8019,99.35843116758679
1258,db8cb900-0f16-4bfc-880f-0b9467230d51,7,1258,True,8401,8049,102.84053958154436
1259,db8cb900-0f16-4bfc-880f-0b9467230d51,7,1259,True,8434,8082,99.2517545132232
1260,db8cb900-0f16-4bfc-880f-0b9467230d51,7,1260,True,8464,8112,107.66529311008162
1261,db8cb900-0f16-4bfc-880f-0b9467230d51,7,1261,True,8493,8141,110.77106511927013
1262,db8cb900-0f16-4bfc-880f-0b9467230d51,7,1262,True,8518,8166,114.86986840483587
1263,db8cb900-0f16-4bfc-880f-0b9467230d51,7,1263,True,8569,8217,107.5812355049602
1264,db8cb900-0f16-4bfc-880f-0b9467230d51,7,1264,True,8591,8239,99.53829085260622
1265,db8cb900-0f16-4bfc-880f-0b9467230d51,7,1265,True,8631,8279,104.11464534082916
1266,db8cb900-0f16-4bfc-880f-0b9467230d51,7,1266,True,8658,8306,92.98333193372855
1267,db8cb900-0f16-4bfc-880f-0b9467230d51,7,1267,True,8693,8341,111.46428231397476
1268,db8cb900-0f16-4bfc-880f-0b9467230d51,7,1268,True,8726,8374,110.74116141199192
1269,db8cb900-0f16-4bfc-880f-0b9467230d51,7,1269,True,8759,8407,105.2741358394178
1270,db8cb900-0f16-4bfc-880f-0b9467230d51,7,1270,True,8794,8442,109.20577182775378
1271,db8cb900-0f16-4bfc-880f-0b9467230d51,7,1271,True,8820,8468,109.44496706876998
1272,db8cb900-0f16-4bfc-880f-0b9467230d51,7,1272,True,8855,8503,98.03092419495806
1273,db8cb900-0f16-4bfc-880f-0b9467230d51,7,1273,True,8882,8530,90.8298107572191
1274,db8cb900-0f16-4bfc-880f-0b9467230d51,7,1274,True,8909,8557,102.72955967472808
1275,db8cb900-0f16-4bfc-880f-0b9467230d51,7,1275,True,8929,8577,93.17980356119006
1276,db8cb900-0f16-4bfc-880f-0b9467230d51,7,1276,True,8964,8612,94.8073286059498
1277,db8cb900-0f16-4bfc-880f-0b9467230d51,7,1277,True,8998,8646,129.6024866917487
1278,db8cb900-0f16-4bfc-880f-0b9467230d51,7,1278,True,9040,8688,110.53479436966154
1279,db8cb900-0f16-4bfc-880f-0b9467230d51,7,1279,True,9066,8714,110.87947571111727
1280,db8cb900-0f16-4bfc-880f-0b9467230d51,7,1280,True,9101,8749,103.4010842660191
1281,db8cb900-0f16-4bfc-880f-0b9467230d51,7,1281,True,9133,8781,108.58797608228087
1282,db8cb900-0f16-4bfc-880f-0b9467230d51,7,1282,True,9162,8810,106.50239273669831
1283,db8cb900-0f16-4bfc-880f-0b9467230d51,7,1283,True,9195,8843,99.94017086784697
1284,db8cb900-0f16-4bfc-880f-0b9467230d51,7,1284,True,9222,8870,93.48339084389227
1285,db8cb900-0f16-4bfc-880f-0b9467230d51,7,1285,True,9262,8910,102.57475386194892
1286,db8cb900-0f16-4bfc-880f-0b9467230d51,7,1286,True,9298,8946,91.57327604797501
1287,db8cb900-0f16-4bfc-880f-0b9467230d51,7,1287,True,9331,8979,85.49066300966842
1288,db8cb900-0f16-4bfc-880f-0b9467230d51,7,1288,True,9366,9014,76.4671637548563
1289,db8cb900-0f16-4bfc-880f-0b9467230d51,7,1289,True,9396,9044,78.18039294012124
1290,db8cb900-0f16-4bfc-880f-0b9467230d51,7,1290,True,9438,9086,73.70181830545152
1291,db8cb900-0f16-4bfc-880f-0b9467230d51,7,1291,True,9475,9123,82.17110641267573
1292,db8cb900-0f16-4bfc-880f-0b9467230d51,7,1292,True,9505,9153,81.31986887760286
1293,db8cb900-0f16-4bfc-880f-0b9467230d51,7,1293,True,9533,9181,78.28180954722484
1294,db8cb900-0f16-4bfc-880f-0b9467230d51,7,1294,True,9553,9201,78.86025960396
1295,db8cb900-0f16-4bfc-880f-0b9467230d51,7,1295,True,9594,9242,85.59362934893943
1296,db8cb900-0f16-4bfc-880f-0b9467230d51,7,1296,True,9630,9278,86.08404978806902
1297,db8cb900-0f16-4bfc-880f-0b9467230d51,7,1297,True,9664,9312,78.93370507684085
1298,db8cb900-0f16-4bfc-880f-0b9467230d51,7,1298,True,9689,9337,80.95230551695568
1299,db8cb900-0f16-4bfc-880f-0b9467230d51,7,1299,True,9710,9358,81.4084088211439
1300,db8cb900-0f16-4bfc-880f-0b9467230d51,7,1300,True,9744,9392,99.35241786652477
1301,db8cb900-0f16-4bfc-880f-0b9467230d51,7,1301,True,9781,9429,99.41536006202477
1302,db8cb900-0f16-4bfc-880f-0b9467230d51,7,1302,True,9804,9452,87.17563497047013
1303,db8cb900-0f16-4bfc-880f-0b9467230d51,7,1303,True,9832,9480,84.60945506101598
1304,db8cb900-0f16-4bfc-880f-0b9467230d51,7,1304,True,9863,9511,100.4003261347043
1305,db8cb900-0f16-4bfc-880f-0b9467230d51,7,1305,True,9892,9540,94.57654605167045
1306,db8cb900-0f16-4bfc-880f-0b9467230d51,7,1306,True,9929,9577,90.08835768092467
1307,db8cb900-0f16-4bfc-880f-0b9467230d51,7,1307,True,9957,9605,101.31108586945811
1308,db8cb900-0f16-4bfc-880f-0b9467230d51,7,1308,True,10001,9649,79.73905407267557
1309,db8cb900-0f16-4bfc-880f-0b9467230d51,7,1309,True,10030,9678,77.32343368825241
1310,db8cb900-0f16-4bfc-880f-0b9467230d51,7,1310,True,10053,9701,86.2226928137843
1311,db8cb900-0f16-4bfc-880f-0b9467230d51,7,1311,True,10085,9733,76.77955964216017
1312,db8cb900-0f16-4bfc-880f-0b9467230d51,7,1312,True,10111,9759,92.49953272216044
1313,db8cb900-0f16-4bfc-880f-0b9467230d51,7,1313,True,10145,9793,85.60723339142896
1314,db8cb900-0f16-4bfc-880f-0b9467230d51,7,1314,True,10183,9831,70.70977076696545
1315,db8cb900-0f16-4bfc-880f-0b9467230d51,7,1315,True,10213,9861,71.8650305304327
1316,db8cb900-0f16-4bfc-880f-0b9467230d51,7,1316,True,10238,9886,80.0116005757136
1317,db8cb900-0f16-4bfc-880f-0b9467230d51,7,1317,True,10263,9911,104.70286844694783
1318,db8cb900-0f16-4bfc-880f-0b9467230d51,7,1318,True,10289,9937,111.9493538984807
1319,db8cb900-0f16-4bfc-880f-0b9467230d51,7,1319,True,10314,9962,99.39151656586546
1320,db8cb900-0f16-4bfc-880f-0b9467230d51,7,1320,True,10349,9997,134.23094374127322
1321,db8cb900-0f16-4bfc-880f-0b9467230d51,7,1321,True,10380,10028,121.9373030554616
1322,db8cb900-0f16-4bfc-880f-0b9467230d51,7,1322,True,10402,10050,119.9759736075448
1323,db8cb900-0f16-4bfc-880f-0b9467230d51,7,1323,True,10429,10077,150.10001112000646
1324,db8cb900-0f16-4bfc-880f-0b9467230d51,7,1324,True,10452,10100,93.73495362732501
1325,db8cb900-0f16-4bfc-880f-0b9467230d51,7,1325,True,10483,10131,120.7671306080465
1326,db8cb900-0f16-4bfc-880f-0b9467230d51,7,1326,True,10510,10158,103.23875782684445
1327,db8cb900-0f16-4bfc-880f-0b9467230d51,7,1327,True,10539,10187,109.57177772969771
1328,db8cb900-0f16-4bfc-880f-0b9467230d51,7,1328,True,10572,10220,104.6809009434528
1329,db8cb900-0f16-4bfc-880f-0b9467230d51,7,1329,True,10602,10250,108.84491994098244
1330,db8cb900-0f16-4bfc-880f-0b9467230d51,7,1330,True,10634,10282,100.92560801952095
1331,db8cb900-0f16-4bfc-880f-0b9467230d51,7,1331,True,10669,10317,115.15119232965844
1332,db8cb900-0f16-4bfc-880f-0b9467230d51,7,1332,True,10700,10348,96.62401893604329
1333,db8cb900-0f16-4bfc-880f-0b9467230d51,7,1333,True,10739,10387,111.29768684807641
1334,db8cb900-0f16-4bfc-880f-0b9467230d51,7,1334,True,10771,10419,105.84458654074842
1335,db8cb900-0f16-4bfc-880f-0b9467230d51,7,1335,True,10804,10452,97.78263027196772
1336,db8cb900-0f16-4bfc-880f-0b9467230d51,7,1336,True,10832,10480,98.54340474361561
1337,db8cb900-0f16-4bfc-880f-0b9467230d51,7,1337,True,10866,10514,91.49841006113638
1338,db8cb900-0f16-4bfc-880f-0b9467230d51,7,1338,True,10895,10543,91.61291115163112
1339,db8cb900-0f16-4bfc-880f-0b9467230d51,7,1339,True,10921,10569,93.89916882156831
1340,db8cb900-0f16-4bfc-880f-0b9467230d51,7,1340,True,10951,10599,97.44097258184229
1341,db8cb900-0f16-4bfc-880f-0b9467230d51,7,1341,True,10987,10635,89.09211166139721
1342,db8cb900-0f16-4bfc-880f-0b9467230d51,7,1342,True,11018,10666,97.93061041809051
1343,db8cb900-0f16-4bfc-880f-0b9467230d51,7,1343,True,11051,10699,91.46036453363558
1344,db8cb900-0f16-4bfc-880f-0b9467230d51,7,1344,True,11078,10726,95.95428241101581
1345,db8cb900-0f16-4bfc-880f-0b9467230d51,7,1345,True,11113,10761,76.57335640216115
1346,db8cb900-0f16-4bfc-880f-0b9467230d51,7,1346,True,11151,10799,87.17323838216726
1347,db8cb900-0f16-4bfc-880f-0b9467230d51,7,1347,True,11179,10827,85.08291676956469
1348,db8cb900-0f16-4bfc-880f-0b9467230d51,7,1348,True,11209,10857,98.3302726577258
1349,db8cb900-0f16-4bfc-880f-0b9467230d51,7,1349,True,11240,10888,95.44448737593302
1350,db8cb900-0f16-4bfc-880f-0b9467230d51,7,1350,True,11269,10917,89.56393796919292
1351,db8cb900-0f16-4bfc-880f-0b9467230d51,7,1351,True,11309,10957,91.13182436686839
1352,db8cb900-0f16-4bfc-880f-0b9467230d51,7,1352,True,11330,10978,98.67414986686344
1353,db8cb900-0f16-4bfc-880f-0b9467230d51,7,1353,True,11359,11007,103.53294490601729
1354,db8cb900-0f16-4bfc-880f-0b9467230d51,7,1354,True,11406,11054,81.54873229143595
1355,db8cb900-0f16-4bfc-880f-0b9467230d51,7,1355,True,11440,11088,84.90532987601728
1356,db8cb900-0f16-4bfc-880f-0b9467230d51,7,1356,True,11469,11117,97.14542304589304
1357,db8cb900-0f16-4bfc-880f-0b9467230d51,7,1357,True,11501,11149,90.8657791331334
1358,db8cb900-0f16-4bfc-880f-0b9467230d51,7,1358,True,11527,11175,95.84326640955442
1359,db8cb900-0f16-4bfc-880f-0b9467230d51,7,1359,True,11556,11204,83.64261995970628
1360,db8cb900-0f16-4bfc-880f-0b9467230d51,7,1360,True,11585,11233,83.94808750676384
1361,db8cb900-0f16-4bfc-880f-0b9467230d51,7,1361,True,11620,11268,78.99893590112879
1362,db8cb900-0f16-4bfc-880f-0b9467230d51,7,1362,True,11655,11303,70.62558042717137
1363,db8cb900-0f16-4bfc-880f-0b9467230d51,7,1363,True,11681,11329,87.45934601075714
1364,db8cb900-0f16-4bfc-880f-0b9467230d51,7,1364,True,11712,11360,78.09144297571402
1365,db8cb900-0f16-4bfc-880f-0b9467230d51,7,1365,True,11744,11392,76.22380148087541
1366,db8cb900-0f16-4bfc-880f-0b9467230d51,7,1366,True,11780,11428,80.82201093880576
1367,db8cb900-0f16-4bfc-880f-0b9467230d51,7,1367,True,11816,11464,76.84443851890683
1368,db8cb900-0f16-4bfc-880f-0b9467230d51,7,1368,True,11853,11501,75.17741603313516
1369,db8cb900-0f16-4bfc-880f-0b9467230d51,7,1369,True,11877,11525,82.11072203036929
1370,db8cb900-0f16-4bfc-880f-0b9467230d51,7,1370,True,11910,11558,88.8170758550732
1371,db8cb900-0f16-4bfc-880f-0b9467230d51,7,1371,True,11935,11583,88.06991643638139
1372,db8cb900-0f16-4bfc-880f-0b9467230d51,7,1372,True,11974,11622,85.63001129968143
1373,db8cb900-0f16-4bfc-880f-0b9467230d51,7,1373,True,12014,11662,76.04006939297142
1374,db8cb900-0f16-4bfc-880f-0b9467230d51,7,1374,True,12047,11695,77.67686647742812
1375,db8cb900-0f16-4bfc-880f-0b9467230d51,7,1375,True,12086,11734,87.22525921275337
1376,db8cb900-0f16-4bfc-880f-0b9467230d51,7,1376,True,12119,11767,76.07808729691715
1377,db8cb900-0f16-4bfc-880f-0b9467230d51,7,1377,True,12150,11798,74.62140882855783
1378,db8cb900-0f16-4bfc-880f-0b9467230d51,7,1378,True,12177,11825,73.23898910037678
1379,db8cb900-0f16-4bfc-880f-0b9467230d51,7,1379,True,12205,11853,98.90059143238614
1380,db8cb900-0f16-4bfc-880f-0b9467230d51,7,1380,True,12231,11879,100.2843662734067
1381,db8cb900-0f16-4bfc-880f-0b9467230d51,7,1381,True,12271,11919,91.29413569944336
1382,db8cb900-0f16-4bfc-880f-0b9467230d51,7,1382,True,12296,11944,89.95805984236358
1383,db8cb900-0f16-4bfc-880f-0b9467230d51,7,1383,True,12331,11979,87.42802459833547
1384,db8cb900-0f16-4bfc-880f-0b9467230d51,7,1384,True,12368,12016,76.54586593132262
1385,db8cb900-0f16-4bfc-880f-0b9467230d51,7,1385,True,12405,12053,80.45719984112111
1386,db8cb900-0f16-4bfc-880f-0b9467230d51,7,1386,True,12439,12087,82.91602328442241
1387,db8cb900-0f16-4bfc-880f-0b9467230d51,7,1387,True,12481,12129,81.2795499226886
1388,db8cb900-0f16-4bfc-880f-0b9467230d51,7,1388,True,12509,12157,76.03070600568753
1389,db8cb900-0f16-4bfc-880f-0b9467230d51,7,1389,True,12535,12183,81.50664986832817
1390,db8cb900-0f16-4bfc-880f-0b9467230d51,7,1390,True,12561,12209,76.94245675612365
1391,db8cb900-0f16-4bfc-880f-0b9467230d51,7,1391,True,12588,12236,85.3981962340622
1392,db8cb900-0f16-4bfc-880f-0b9467230d51,7,1392,True,12625,12273,79.01565177621524
1393,db8cb900-0f16-4bfc-880f-0b9467230d51,7,1393,True,12661,12309,72.68666648360886
1394,db8cb900-0f16-4bfc-880f-0b9467230d51,7,1394,True,12683,12331,79.41573771685216
1395,db8cb900-0f16-4bfc-880f-0b9467230d51,7,1395,True,12712,12360,80.73383009501049
1396,db8cb900-0f16-4bfc-880f-0b9467230d51,7,1396,True,12739,12387,80.96780284071065
1397,db8cb900-0f16-4bfc-880f-0b9467230d51,7,1397,True,12767,12415,92.82036913880438
1398,db8cb900-0f16-4bfc-880f-0b9467230d51,7,1398,True,12806,12454,80.9671406053858
1399,db8cb900-0f16-4bfc-880f-0b9467230d51,7,1399,True,12833,12481,92.0297173542258
1400,db8cb900-0f16-4bfc-880f-0b9467230d51,7,1400,True,12854,12502,98.22393734234356
1401,db8cb900-0f16-4bfc-880f-0b9467230d51,7,1401,True,12881,12529,93.49946705477487
1402,db8cb900-0f16-4bfc-880f-0b9467230d51,7,1402,True,12911,12559,89.46019480418727
1403,db8cb900-0f16-4bfc-880f-0b9467230d51,7,1403,True,12947,12595,87.47048396957143
1404,db8cb900-0f16-4bfc-880f-0b9467230d51,7,1404,True,12975,12623,81.77621600615203
1405,db8cb900-0f16-4bfc-880f-0b9467230d51,7,1405,True,13001,12649,87.22518446142021
1406,db8cb900-0f16-4bfc-880f-0b9467230d51,7,1406,True,13037,12685,65.72218709241497
1407,db8cb900-0f16-4bfc-880f-0b9467230d51,7,1407,True,13073,12721,69.09423074791448
1408,db8cb900-0f16-4bfc-880f-0b9467230d51,7,1408,True,13111,12759,78.15213214624055
1409,db8cb900-0f16-4bfc-880f-0b9467230d51,7,1409,True,13143,12791,88.27816406678176
1410,db8cb900-0f16-4bfc-880f-0b9467230d51,7,1410,True,13181,12829,84.65947777346082
1411,db8cb900-0f16-4bfc-880f-0b9467230d51,7,1411,True,13217,12865,81.79454101388
1412,db8cb900-0f16-4bfc-880f-0b9467230d51,7,1412,True,13252,12900,97.1881258802241
1413,db8cb900-0f16-4bfc-880f-0b9467230d51,7,1413,True,13278,12926,81.73011154905907
1414,db8cb900-0f16-4bfc-880f-0b9467230d51,7,1414,True,13319,12967,78.27514736561898
1415,db8cb900-0f16-4bfc-880f-0b9467230d51,7,1415,True,13348,12996,76.40884721102884
1416,db8cb900-0f16-4bfc-880f-0b9467230d51,7,1416,True,13385,13033,76.93100259188213
1417,db8cb900-0f16-4bfc-880f-0b9467230d51,7,1417,True,13418,13066,84.61190383828762
1418,db8cb900-0f16-4bfc-880f-0b9467230d51,7,1418,True,13448,13096,75.30114827663965
1419,db8cb900-0f16-4bfc-880f-0b9467230d51,7,1419,True,13482,13130,70.76351031069498
1420,db8cb900-0f16-4bfc-880f-0b9467230d51,7,1420,True,13525,13173,76.63456925030368
1421,db8cb900-0f16-4bfc-880f-0b9467230d51,7,1421,True,13556,13204,81.49617633059825
1422,db8cb900-0f16-4bfc-880f-0b9467230d51,7,1422,True,13591,13239,74.59930977399745
1423,db8cb900-0f16-4bfc-880f-0b9467230d51,7,1423,True,13618,13266,75.17760435255514
1424,db8cb900-0f16-4bfc-880f-0b9467230d51,7,1424,True,13651,13299,88.44179776814417
1425,db8cb900-0f16-4bfc-880f-0b9467230d51,7,1425,True,13676,13324,73.17782883462496
1426,db8cb900-0f16-4bfc-880f-0b9467230d51,7,1426,True,13706,13354,94.89880396698572
1427,db8cb900-0f16-4bfc-880f-0b9467230d51,7,1427,True,13744,13392,90.50319146561742
1428,db8cb900-0f16-4bfc-880f-0b9467230d51,7,1428,True,13777,13425,88.13011165895114
1429,db8cb900-0f16-4bfc-880f-0b9467230d51,7,1429,True,13808,13456,83.65650750542409
1430,db8cb900-0f16-4bfc-880f-0b9467230d51,7,1430,True,13833,13481,105.49076945789966
1431,db8cb900-0f16-4bfc-880f-0b9467230d51,7,1431,True,13866,13514,119.31680861104542
1432,db8cb900-0f16-4bfc-880f-0b9467230d51,7,1432,True,13895,13543,101.65331654032161
1433,db8cb900-0f16-4bfc-880f-0b9467230d51,7,1433,True,13917,13565,94.27096257837547
1434,db8cb900-0f16-4bfc-880f-0b9467230d51,7,1434,True,13951,13599,85.58833875188793
1435,db8cb900-0f16-4bfc-880f-0b9467230d51,7,1435,True,13977,13625,85.8857574408994
1436,db8cb900-0f16-4bfc-880f-0b9467230d51,7,1436,True,14004,13652,106.34697393616807
1437,db8cb900-0f16-4bfc-880f-0b9467230d51,7,1437,True,14044,13692,88.95507627581901
1438,db8cb900-0f16-4bfc-880f-0b9467230d51,7,1438,True,14082,13730,78.76510029415294
1439,db8cb900-0f16-4bfc-880f-0b9467230d51,7,1439,True,14110,13758,76.5886576235298
1440,db8cb900-0f16-4bfc-880f-0b9467230d51,7,1440,True,14132,13780,88.92427831182795
1441,db8cb900-0f16-4bfc-880f-0b9467230d51,7,1441,True,14153,13801,80.96483175729918
1442,db8cb900-0f16-4bfc-880f-0b9467230d51,7,1442,True,14179,13827,87.42346410337632
1443,db8cb900-0f16-4bfc-880f-0b9467230d51,7,1443,True,14206,13854,94.05101573809588
1444,db8cb900-0f16-4bfc-880f-0b9467230d51,7,1444,True,14231,13879,114.96082509428743
1445,db8cb900-0f16-4bfc-880f-0b9467230d51,7,1445,True,14278,13926,92.00637709223702
1446,db8cb900-0f16-4bfc-880f-0b9467230d51,7,1446,True,14305,13953,88.86403428644371
1447,db8cb900-0f16-4bfc-880f-0b9467230d51,7,1447,True,14333,13981,94.44650518534581
1448,db8cb900-0f16-4bfc-880f-0b9467230d51,7,1448,True,14359,14007,96.86615658082155
1449,db8cb900-0f16-4bfc-880f-0b9467230d51,7,1449,True,14386,14034,89.58220725392675
1450,db8cb900-0f16-4bfc-880f-0b9467230d51,7,1450,True,14420,14068,80.90348992261715
1451,db8cb900-0f16-4bfc-880f-0b9467230d51,7,1451,True,14446,14094,80.85252397918157
1452,db8cb900-0f16-4bfc-880f-0b9467230d51,7,1452,True,14470,14118,116.19399470538337
1453,db8cb900-0f16-4bfc-880f-0b9467230d51,7,1453,True,14508,14156,106.9390023213
1454,db8cb900-0f16-4bfc-880f-0b9467230d51,7,1454,True,14530,14178,109.86136803499176
1455,db8cb900-0f16-4bfc-880f-0b9467230d51,7,1455,True,14558,14206,108.21378965129043
1456,db8cb900-0f16-4bfc-880f-0b9467230d51,7,1456,True,14595,14243,92.84138307904504
1457,db8cb900-0f16-4bfc-880f-0b9467230d51,7,1457,True,14628,14276,86.79457584425109
1458,db8cb900-0f16-4bfc-880f-0b9467230d51,7,1458,True,14652,14300,88.23217810145252
1459,db8cb900-0f16-4bfc-880f-0b9467230d51,7,1459,True,14679,14327,93.53152265385324
1460,db8cb900-0f16-4bfc-880f-0b9467230d51,7,1460,True,14701,14349,81.07401139953072
1461,db8cb900-0f16-4bfc-880f-0b9467230d51,7,1461,True,14729,14377,97.69183406436241
1462,db8cb900-0f16-4bfc-880f-0b9467230d51,7,1462,True,14749,14397,105.23434159559656
1463,db8cb900-0f16-4bfc-880f-0b9467230d51,7,1463,True,14779,14427,104.80181317774986
1464,db8cb900-0f16-4bfc-880f-0b9467230d51,7,1464,True,14811,14459,95.45999346764256
1465,db8cb900-0f16-4bfc-880f-0b9467230d51,7,1465,True,14839,14487,114.10733185866593
1466,db8cb900-0f16-4bfc-880f-0b9467230d51,7,1466,True,14878,14526,112.27392854192658
1467,db8cb900-0f16-4bfc-880f-0b9467230d51,7,1467,True,14904,14552,111.34650364576191
1468,db8cb900-0f16-4bfc-880f-0b9467230d51,7,1468,True,14939,14587,96.43242847504916
1469,db8cb900-0f16-4bfc-880f-0b9467230d51,7,1469,True,14970,14618,96.60677668080643
1470,db8cb900-0f16-4bfc-880f-0b9467230d51,7,1470,True,14999,14647,93.09557487571874
1471,db8cb900-0f16-4bfc-880f-0b9467230d51,7,1471,True,15029,14677,100.0761725450975
1472,db8cb900-0f16-4bfc-880f-0b9467230d51,7,1472,True,15059,14707,116.4193588181115
1473,db8cb900-0f16-4bfc-880f-0b9467230d51,7,1473,True,15083,14731,118.77010693439297
1474,db8cb900-0f16-4bfc-880f-0b9467230d51,7,1474,True,15127,14775,101.20829406626217
1475,db8cb900-0f16-4bfc-880f-0b9467230d51,7,1475,True,15159,14807,94.7532145773348
1476,db8cb900-0f16-4bfc-880f-0b9467230d51,7,1476,True,15190,14838,88.93267691636356
1477,db8cb900-0f16-4bfc-880f-0b9467230d51,7,1477,True,15216,14864,87.85986244605738
1478,db8cb900-0f16-4bfc-880f-0b9467230d51,7,1478,True,15245,14893,81.74858506421151
1479,db8cb900-0f16-4bfc-880f-0b9467230d51,7,1479,True,15269,14917,84.82555183068871
1480,db8cb900-0f16-4bfc-880f-0b9467230d51,7,1480,True,15294,14942,87.53934905326605
1481,db8cb900-0f16-4bfc-880f-0b9467230d51,7,1481,True,15320,14968,88.39410675649924
1482,db8cb900-0f16-4bfc-880f-0b9467230d51,7,1482,True,15357,15005,93.4041120556576
1483,db8cb900-0f16-4bfc-880f-0b9467230d51,7,1483,True,15389,15037,96.21343851230995
1484,db8cb900-0f16-4bfc-880f-0b9467230d51,7,1484,True,15418,15066,100.10266670640885
1485,db8cb900-0f16-4bfc-880f-0b9467230d51,7,1485,True,15447,15095,88.02652207520987
1486,db8cb900-0f16-4bfc-880f-0b9467230d51,7,1486,True,15479,15127,102.76198993408252
1487,db8cb900-0f16-4bfc-880f-0b9467230d51,7,1487,True,15516,15164,94.98727232771125
1488,db8cb900-0f16-4bfc-880f-0b9467230d51,7,1488,True,15550,15198,88.20627837111897
1489,db8cb900-0f16-4bfc-880f-0b9467230d51,7,1489,True,15577,15225,80.71538019515174
1490,db8cb900-0f16-4bfc-880f-0b9467230d51,7,1490,True,15613,15261,82.02371268273782
1491,db8cb900-0f16-4bfc-880f-0b9467230d51,7,1491,True,15649,15297,93.18762238801719
1492,db8cb900-0f16-4bfc-880f-0b9467230d51,7,1492,True,15679,15327,80.93045158044151
1493,db8cb900-0f16-4bfc-880f-0b9467230d51,7,1493,True,15701,15349,110.4395865301085
1494,db8cb900-0f16-4bfc-880f-0b9467230d51,7,1494,True,15742,15390,94.04628524239888
1495,db8cb900-0f16-4bfc-880f-0b9467230d51,7,1495,True,15770,15418,90.31184292829676
1496,db8cb900-0f16-4bfc-880f-0b9467230d51,7,1496,True,15797,15445,78.8276534179331
1497,db8cb900-0f16-4bfc-880f-0b9467230d51,7,1497,True,15828,15476,91.94503126930431
1498,db8cb900-0f16-4bfc-880f-0b9467230d51,7,1498,True,15864,15512,94.43143798989331
1499,db8cb900-0f16-4bfc-880f-0b9467230d51,7,1499,True,15895,15543,88.8355423260382
1500,db8cb900-0f16-4bfc-880f-0b9467230d51,7,1500,True,15931,15579,76.6128131786154
1501,db8cb900-0f16-4bfc-880f-0b9467230d51,7,1501,True,15968,15616,68.55050995500642
1502,db8cb900-0f16-4bfc-880f-0b9467230d51,7,1502,True,15996,15644,83.37037004866397
1503,db8cb900-0f16-4bfc-880f-0b9467230d51,7,1503,True,16029,15677,75.91344901658886
1504,db8cb900-0f16-4bfc-880f-0b9467230d51,7,1504,True,16060,15708,84.3877549143308
1505,db8cb900-0f16-4bfc-880f-0b9467230d51,7,1505,True,16079,15727,90.19687951023843
1506,db8cb900-0f16-4bfc-880f-0b9467230d51,7,1506,True,16111,15759,97.37119894767238
1507,db8cb900-0f16-4bfc-880f-0b9467230d51,7,1507,True,16149,15797,95.12444958275773
1508,db8cb900-0f16-4bfc-880f-0b9467230d51,7,1508,True,16176,15824,94.48399944986159
1509,db8cb900-0f16-4bfc-880f-0b9467230d51,7,1509,True,16211,15859,103.93754769703446
1510,db8cb900-0f16-4bfc-880f-0b9467230d51,7,1510,True,16244,15892,97.59998335931778
1511,db8cb900-0f16-4bfc-880f-0b9467230d51,7,1511,True,16269,15917,89.59338402798676
1512,db8cb900-0f16-4bfc-880f-0b9467230d51,7,1512,True,16306,15954,104.29311488270469
1513,db8cb900-0f16-4bfc-880f-0b9467230d51,7,1513,True,16342,15990,98.71302185837703
1514,db8cb900-0f16-4bfc-880f-0b9467230d51,7,1514,True,16378,16026,89.55209899878355
1515,db8cb900-0f16-4bfc-880f-0b9467230d51,7,1515,True,16412,16060,115.12402844131611
1516,db8cb900-0f16-4bfc-880f-0b9467230d51,7,1516,True,16453,16101,132.3905292971831
1517,db8cb900-0f16-4bfc-880f-0b9467230d51,7,1517,True,16474,16122,122.00295150721104
1518,db8cb900-0f16-4bfc-880f-0b9467230d51,7,1518,True,16511,16159,104.54380163935639
1519,db8cb900-0f16-4bfc-880f-0b9467230d51,7,1519,True,16547,16195,101.36222777092007
1520,db8cb900-0f16-4bfc-880f-0b9467230d51,7,1520,True,16576,16224,93.07102544212648
1521,db8cb900-0f16-4bfc-880f-0b9467230d51,7,1521,True,16618,16266,97.74261897307406
1522,db8cb900-0f16-4bfc-880f-0b9467230d51,7,1522,True,16651,16299,89.46478036350891
1523,db8cb900-0f16-4bfc-880f-0b9467230d51,7,1523,True,16679,16327,112.30148911515062
1524,db8cb900-0f16-4bfc-880f-0b9467230d51,7,1524,True,16714,16362,102.43317661105539
1525,db8cb900-0f16-4bfc-880f-0b9467230d51,7,1525,True,16749,16397,101.15422547621347
1526,db8cb900-0f16-4bfc-880f-0b9467230d51,7,1526,True,16777,16425,103.26755538530051
1527,db8cb900-0f16-4bfc-880f-0b9467230d51,7,1527,True,16807,16455,127.88922433807602
1528,db8cb900-0f16-4bfc-880f-0b9467230d51,7,1528,True,16836,16484,135.39675679141146
1529,db8cb900-0f16-4bfc-880f-0b9467230d51,7,1529,True,16878,16526,116.45558918426468
1530,db8cb900-0f16-4bfc-880f-0b9467230d51,7,1530,True,16907,16555,138.1333152417683
1531,db8cb900-0f16-4bfc-880f-0b9467230d51,7,1531,True,16927,16575,96.88048262716256
1532,db8cb900-0f16-4bfc-880f-0b9467230d51,7,1532,True,16952,16600,140.28710560813488
1533,db8cb900-0f16-4bfc-880f-0b9467230d51,7,1533,True,16982,16630,119.78865474506892
1534,db8cb900-0f16-4bfc-880f-0b9467230d51,7,1534,True,17009,16657,118.28525036049177
1535,db8cb900-0f16-4bfc-880f-0b9467230d51,7,1535,True,17043,16691,123.24738760460968
1536,db8cb900-0f16-4bfc-880f-0b9467230d51,7,1536,True,17079,16727,114.03379376255543
1537,db8cb900-0f16-4bfc-880f-0b9467230d51,7,1537,True,17119,16767,98.2214347041263
1538,db8cb900-0f16-4bfc-880f-0b9467230d51,7,1538,True,17155,16803,85.80843449845634
1539,db8cb900-0f16-4bfc-880f-0b9467230d51,7,1539,True,17189,16837,93.15421452328519
1540,db8cb900-0f16-4bfc-880f-0b9467230d51,7,1540,True,17219,16867,86.68692853481116
1541,db8cb900-0f16-4bfc-880f-0b9467230d51,7,1541,True,17247,16895,101.38557674990807
1542,db8cb900-0f16-4bfc-880f-0b9467230d51,7,1542,True,17274,16922,101.00979480708338
1543,db8cb900-0f16-4bfc-880f-0b9467230d51,7,1543,True,17299,16947,102.23699730502994
1544,db8cb900-0f16-4bfc-880f-0b9467230d51,7,1544,True,17329,16977,113.15999199703583
1545,db8cb900-0f16-4bfc-880f-0b9467230d51,7,1545,True,17352,17000,101.55713898203612
1546,db8cb900-0f16-4bfc-880f-0b9467230d51,7,1546,True,17384,17032,92.46553346440487
1547,db8cb900-0f16-4bfc-880f-0b9467230d51,7,1547,True,17415,17063,110.63415027783776
1548,db8cb900-0f16-4bfc-880f-0b9467230d51,7,1548,True,17448,17096,86.70767693499147
1549,db8cb900-0f16-4bfc-880f-0b9467230d51,7,1549,True,17473,17121,87.55322450732638
1550,db8cb900-0f16-4bfc-880f-0b9467230d51,7,1550,True,17505,17153,78.45746401372526
1551,db8cb900-0f16-4bfc-880f-0b9467230d51,7,1551,True,17534,17182,85.67771605959206
1552,db8cb900-0f16-4bfc-880f-0b9467230d51,7,1552,True,17571,17219,78.4989244536846
1553,db8cb900-0f16-4bfc-880f-0b9467230d51,7,1553,True,17601,17249,78.58695710776374
1554,db8cb900-0f16-4bfc-880f-0b9467230d51,7,1554,True,17638,17286,85.3167189556807
1555,db8cb900-0f16-4bfc-880f-0b9467230d51,7,1555,True,17670,17318,77.80640638478508
1556,db8cb900-0f16-4bfc-880f-0b9467230d51,7,1556,True,17696,17344,81.22018366513294
1557,db8cb900-0f16-4bfc-880f-0b9467230d51,7,1557,True,17729,17377,91.04253994191822
1558,db8cb900-0f16-4bfc-880f-0b9467230d51,7,1558,True,17761,17409,85.38762570729887
1559,db8cb900-0f16-4bfc-880f-0b9467230d51,7,1559,True,17786,17434,89.32922135731496
1560,db8cb900-0f16-4bfc-880f-0b9467230d51,7,1560,True,17814,17462,89.01659190395367
1561,db8cb900-0f16-4bfc-880f-0b9467230d51,7,1561,True,17844,17492,92.78732670741374
1562,db8cb900-0f16-4bfc-880f-0b9467230d51,7,1562,True,17863,17511,84.73760821881297
1563,db8cb900-0f16-4bfc-880f-0b9467230d51,7,1563,True,17897,17545,83.64648292905258
1564,db8cb900-0f16-4bfc-880f-0b9467230d51,7,1564,True,17923,17571,85.49103721550273
1565,db8cb900-0f16-4bfc-880f-0b9467230d51,7,1565,True,17950,17598,88.68264252646259
1566,db8cb900-0f16-4bfc-880f-0b9467230d51,7,1566,True,17979,17627,91.55710189495585
1567,db8cb900-0f16-4bfc-880f-0b9467230d51,7,1567,True,18016,17664,87.66088401551679
1568,db8cb900-0f16-4bfc-880f-0b9467230d51,7,1568,True,18045,17693,95.39161512569626
1569,db8cb900-0f16-4bfc-880f-0b9467230d51,7,1569,True,18082,17730,87.49412803933592
1570,db8cb900-0f16-4bfc-880f-0b9467230d51,7,1570,True,18108,17756,92.01427131610762
1571,db8cb900-0f16-4bfc-880f-0b9467230d51,7,1571,True,18139,17787,101.22694116989078
1572,db8cb900-0f16-4bfc-880f-0b9467230d51,7,1572,True,18177,17825,114.4707810841137
1573,db8cb900-0f16-4bfc-880f-0b9467230d51,7,1573,True,18206,17854,108.19934236798872
1574,db8cb900-0f16-4bfc-880f-0b9467230d51,7,1574,True,18243,17891,91.63600160821079
1575,db8cb900-0f16-4bfc-880f-0b9467230d51,7,1575,True,18274,17922,104.26891545691251
1576,db8cb900-0f16-4bfc-880f-0b9467230d51,7,1576,True,18316,17964,111.31713505430525
1577,db8cb900-0f16-4bfc-880f-0b9467230d51,7,1577,True,18358,18006,92.36778412683634
1578,db8cb900-0f16-4bfc-880f-0b9467230d51,7,1578,True,18390,18038,78.12154509357424
1579,db8cb900-0f16-4bfc-880f-0b9467230d51,7,1579,True,18421,18069,77.58131918472282
1580,db8cb900-0f16-4bfc-880f-0b9467230d51,7,1580,True,18446,18094,96.8410653615756
1581,db8cb900-0f16-4bfc-880f-0b9467230d51,7,1581,True,18481,18129,86.50841116770243
1582,db8cb900-0f16-4bfc-880f-0b9467230d51,7,1582,True,18511,18159,84.5712824025286
1583,db8cb900-0f16-4bfc-880f-0b9467230d51,7,1583,True,18545,18193,80.73837236804684
1584,db8cb900-0f16-4bfc-880f-0b9467230d51,7,1584,True,18574,18222,79.99786598918945
1585,db8cb900-0f16-4bfc-880f-0b9467230d51,7,1585,True,18604,18252,73.64932876530293
1586,db8cb900-0f16-4bfc-880f-0b9467230d51,7,1586,True,18641,18289,72.92294640957698
1587,db8cb900-0f16-4bfc-880f-0b9467230d51,7,1587,True,18670,18318,70.44952011745772
1588,db8cb900-0f16-4bfc-880f-0b9467230d51,7,1588,True,18693,18341,88.32331862240244
1589,db8cb900-0f16-4bfc-880f-0b9467230d51,7,1589,True,18723,18371,84.08594026432183
1590,db8cb900-0f16-4bfc-880f-0b9467230d51,7,1590,True,18757,18405,85.47451229024591
1591,db8cb900-0f16-4bfc-880f-0b9467230d51,7,1591,True,18786,18434,95.43243723921478
1592,db8cb900-0f16-4bfc-880f-0b9467230d51,7,1592,True,18811,18459,81.08994876289216
1593,db8cb900-0f16-4bfc-880f-0b9467230d51,7,1593,True,18843,18491,76.31602141577605
1594,db8cb900-0f16-4bfc-880f-0b9467230d51,7,1594,True,18874,18522,81.67339963399354
1595,db8cb900-0f16-4bfc-880f-0b9467230d51,7,1595,True,18919,18567,80.58251666346041
1596,db8cb900-0f16-4bfc-880f-0b9467230d51,7,1596,True,18960,18608,73.46288366765657
1597,db8cb900-0f16-4bfc-880f-0b9467230d51,7,1597,True,18993,18641,79.312158859193
1598,db8cb900-0f16-4bfc-880f-0b9467230d51,7,1598,True,19029,18677,75.5240204994443
1599,db8cb900-0f16-4bfc-880f-0b9467230d51,7,1599,True,19063,18711,73.14493035724809
1600,db8cb900-0f16-4bfc-880f-0b9467230d51,7,1600,True,19098,18746,72.14894556740182
1601,db8cb900-0f16-4bfc-880f-0b9467230d51,7,1601,True,19130,18778,81.02982757284553
1602,db8cb900-0f16-4bfc-880f-0b9467230d51,7,1602,True,19160,18808,81.40554397268352
1603,db8cb900-0f16-4bfc-880f-0b9467230d51,7,1603,True,19201,18849,81.06727276389574
1604,db8cb900-0f16-4bfc-880f-0b9467230d51,7,1604,True,19239,18887,81.516583411787
1605,db8cb900-0f16-4bfc-880f-0b9467230d51,7,1605,True,19270,18918,87.34599220822565
1606,db8cb900-0f16-4bfc-880f-0b9467230d51,7,1606,True,19302,18950,88.43753384540832
1607,db8cb900-0f16-4bfc-880f-0b9467230d51,7,1607,True,19319,18967,102.0598264699911
1608,db8cb900-0f16-4bfc-880f-0b9467230d51,7,1608,True,19366,19014,85.05650187524952
1609,db8cb900-0f16-4bfc-880f-0b9467230d51,7,1609,True,19401,19049,87.51101769331581
1610,db8cb900-0f16-4bfc-880f-0b9467230d51,7,1610,True,19435,19083,77.49286804119765
1611,db8cb900-0f16-4bfc-880f-0b9467230d51,7,1611,True,19478,19126,82.5118370177479
1612,db8cb900-0f16-4bfc-880f-0b9467230d51,7,1612,True,19514,19162,81.10397856123745
1613,db8cb900-0f16-4bfc-880f-0b9467230d51,7,1613,True,19547,19195,79.47448252742106
1614,db8cb900-0f16-4bfc-880f-0b9467230d51,7,1614,True,19581,19229,84.36347165242114
1615,db8cb900-0f16-4bfc-880f-0b9467230d51,7,1615,True,19623,19271,85.354697471088
1616,db8cb900-0f16-4bfc-880f-0b9467230d51,7,1616,True,19656,19304,85.67815925734976
1617,db8cb900-0f16-4bfc-880f-0b9467230d51,7,1617,True,19684,19332,78.29312426373508
1618,db8cb900-0f16-4bfc-880f-0b9467230d51,7,1618,True,19714,19362,97.49692624969975
1619,db8cb900-0f16-4bfc-880f-0b9467230d51,7,1619,True,19739,19387,98.55678025098678
1620,db8cb900-0f16-4bfc-880f-0b9467230d51,7,1620,True,19761,19409,102.62727519870168
1621,db8cb900-0f16-4bfc-880f-0b9467230d51,7,1621,True,19784,19432,92.32952844964893
1622,db8cb900-0f16-4bfc-880f-0b9467230d51,7,1622,True,19818,19466,85.01921219236465
1623,db8cb900-0f16-4bfc-880f-0b9467230d51,7,1623,True,19843,19491,91.04785912089937
1624,db8cb900-0f16-4bfc-880f-0b9467230d51,7,1624,True,19893,19541,86.82536580794113
1625,db8cb900-0f16-4bfc-880f-0b9467230d51,7,1625,True,19934,19582,72.46001082235307
1626,db8cb900-0f16-4bfc-880f-0b9467230d51,7,1626,True,19953,19601,89.10862817824818
1627,db8cb900-0f16-4bfc-880f-0b9467230d51,7,1627,True,19985,19633,92.95393105192852
1628,db8cb900-0f16-4bfc-880f-0b9467230d51,7,1628,True,20013,19661,91.55516161337073
1629,db8cb900-0f16-4bfc-880f-0b9467230d51,7,1629,True,20046,19694,72.47826174393413
1630,db8cb900-0f16-4bfc-880f-0b9467230d51,7,1630,True,20073,19721,85.62406604872376
1631,db8cb900-0f16-4bfc-880f-0b9467230d51,7,1631,True,20102,19750,92.21347345479808
1632,db8cb900-0f16-4bfc-880f-0b9467230d51,7,1632,True,20121,19769,107.29457232784262
1633,db8cb900-0f16-4bfc-880f-0b9467230d51,7,1633,True,20158,19806,98.92980355206964
1634,db8cb900-0f16-4bfc-880f-0b9467230d51,7,1634,True,20184,19832,94.60886515458333
1635,db8cb900-0f16-4bfc-880f-0b9467230d51,7,1635,True,20206,19854,86.80844308201631
1636,db8cb900-0f16-4bfc-880f-0b9467230d51,7,1636,True,20234,19882,99.5122553971014
1637,db8cb900-0f16-4bfc-880f-0b9467230d51,7,1637,True,20256,19904,100.3747341134731
1638,db8cb900-0f16-4bfc-880f-0b9467230d51,7,1638,True,20292,19940,89.93331370549276
1639,db8cb900-0f16-4bfc-880f-0b9467230d51,7,1639,True,20323,19971,83.3419963520937
1640,db8cb900-0f16-4bfc-880f-0b9467230d51,7,1640,True,20351,19999,100.6643525082909
1641,db8cb900-0f16-4bfc-880f-0b9467230d51,7,1641,True,20383,20031,95.80617703641474
1642,db8cb900-0f16-4bfc-880f-0b9467230d51,7,1642,True,20415,20063,94.05152282620838
1643,db8cb900-0f16-4bfc-880f-0b9467230d51,7,1643,True,20451,20099,88.71321045572768
1644,db8cb900-0f16-4bfc-880f-0b9467230d51,7,1644,True,20475,20123,101.96641750033814
1645,db8cb900-0f16-4bfc-880f-0b9467230d51,7,1645,True,20504,20152,96.52984332899359
1646,db8cb900-0f16-4bfc-880f-0b9467230d51,7,1646,True,20538,20186,96.64275130864917
1647,db8cb900-0f16-4bfc-880f-0b9467230d51,7,1647,True,20573,20221,115.12223719317262
1648,db8cb900-0f16-4bfc-880f-0b9467230d51,7,1648,True,20607,20255,108.87522924309815
1649,db8cb900-0f16-4bfc-880f-0b9467230d51,7,1649,True,20635,20283,104.38674835281199
1650,db8cb900-0f16-4bfc-880f-0b9467230d51,7,1650,True,20665,20313,100.90704535314217
1651,db8cb900-0f16-4bfc-880f-0b9467230d51,7,1651,True,20699,20347,90.8307680397229
1652,db8cb900-0f16-4bfc-880f-0b9467230d51,7,1652,True,20733,20381,96.360807444089
1653,db8cb900-0f16-4bfc-880f-0b9467230d51,7,1653,True,20762,20410,90.51015816425934
1654,db8cb900-0f16-4bfc-880f-0b9467230d51,7,1654,True,20797,20445,80.34120472291761
1655,db8cb900-0f16-4bfc-880f-0b9467230d51,7,1655,True,20831,20479,78.5206340959594
1656,db8cb900-0f16-4bfc-880f-0b9467230d51,7,1656,True,20865,20513,78.00027391311596
1657,db8cb900-0f16-4bfc-880f-0b9467230d51,7,1657,True,20903,20551,82.68196229133173
1658,db8cb900-0f16-4bfc-880f-0b9467230d51,7,1658,True,20934,20582,79.86281037628214
1659,db8cb900-0f16-4bfc-880f-0b9467230d51,7,1659,True,20964,20612,80.26383190323759
1660,db8cb900-0f16-4bfc-880f-0b9467230d51,7,1660,True,20992,20640,82.23707871124134
1661,db8cb900-0f16-4bfc-880f-0b9467230d51,7,1661,True,21030,20678,71.87618107170056
1662,db8cb900-0f16-4bfc-880f-0b9467230d51,7,1662,True,21072,20720,79.17791932999535
1663,db8cb900-0f16-4bfc-880f-0b9467230d51,7,1663,True,21109,20757,71.64919239150186
1664,db8cb900-0f16-4bfc-880f-0b9467230d51,7,1664,True,21145,20793,70.86121973809713
1665,db8cb900-0f16-4bfc-880f-0b9467230d51,7,1665,True,21182,20830,84.90705825520854
1666,db8cb900-0f16-4bfc-880f-0b9467230d51,7,1666,True,21210,20858,91.5045883067105
1667,db8cb900-0f16-4bfc-880f-0b9467230d51,7,1667,True,21246,20894,82.0675062694645
1668,db8cb900-0f16-4bfc-880f-0b9467230d51,7,1668,True,21284,20932,82.08109740636064
1669,db8cb900-0f16-4bfc-880f-0b9467230d51,7,1669,True,21318,20966,73.1145827147775
1670,db8cb900-0f16-4bfc-880f-0b9467230d51,7,1670,True,21346,20994,87.32804802499595
1671,db8cb900-0f16-4bfc-880f-0b9467230d51,7,1671,True,21379,21027,80.12168292189017
1672,db8cb900-0f16-4bfc-880f-0b9467230d51,7,1672,True,21413,21061,80.8548917124499
1673,db8cb900-0f16-4bfc-880f-0b9467230d51,7,1673,True,21443,21091,89.08733741999094
1674,db8cb900-0f16-4bfc-880f-0b9467230d51,7,1674,True,21479,21127,87.65518486490691
1675,db8cb900-0f16-4bfc-880f-0b9467230d51,7,1675,True,21513,21161,79.85035521408281
1676,db8cb900-0f16-4bfc-880f-0b9467230d51,7,1676,True,21546,21194,73.1960385563907
1677,db8cb900-0f16-4bfc-880f-0b9467230d51,7,1677,True,21572,21220,78.16221147586111
1678,db8cb900-0f16-4bfc-880f-0b9467230d51,7,1678,True,21596,21244,88.17539441994813
1679,db8cb900-0f16-4bfc-880f-0b9467230d51,7,1679,True,21634,21282,84.1188507329498
1680,db8cb900-0f16-4bfc-880f-0b9467230d51,7,1680,True,21669,21317,80.53828262293973
1681,db8cb900-0f16-4bfc-880f-0b9467230d51,7,1681,True,21700,21348,81.23352408176652
1682,db8cb900-0f16-4bfc-880f-0b9467230d51,7,1682,True,21728,21376,73.34616179743534
1683,db8cb900-0f16-4bfc-880f-0b9467230d51,7,1683,True,21755,21403,84.04566225142116
1684,db8cb900-0f16-4bfc-880f-0b9467230d51,7,1684,True,21788,21436,85.89647082709052
1685,db8cb900-0f16-4bfc-880f-0b9467230d51,7,1685,True,21820,21468,83.04267487299148
1686,db8cb900-0f16-4bfc-880f-0b9467230d51,7,1686,True,21848,21496,82.59897143206035
1687,db8cb900-0f16-4bfc-880f-0b9467230d51,7,1687,True,21895,21543,84.3131263824871
1688,db8cb900-0f16-4bfc-880f-0b9467230d51,7,1688,True,21934,21582,80.38985416709693
1689,db8cb900-0f16-4bfc-880f-0b9467230d51,7,1689,True,21966,21614,75.15936705215063
1690,db8cb900-0f16-4bfc-880f-0b9467230d51,7,1690,True,21987,21635,88.74002949352871
1691,db8cb900-0f16-4bfc-880f-0b9467230d51,7,1691,True,22020,21668,86.46360514315165
1692,db8cb900-0f16-4bfc-880f-0b9467230d51,7,1692,True,22061,21709,88.72024698283349
1693,db8cb900-0f16-4bfc-880f-0b9467230d51,7,1693,True,22085,21733,89.44590508023248
1694,db8cb900-0f16-4bfc-880f-0b9467230d51,7,1694,True,22113,21761,90.7945036687779
1695,db8cb900-0f16-4bfc-880f-0b9467230d51,7,1695,True,22149,21797,93.11511904441795
1696,db8cb900-0f16-4bfc-880f-0b9467230d51,7,1696,True,22177,21825,93.55185478778367
1697,db8cb900-0f16-4bfc-880f-0b9467230d51,7,1697,True,22204,21852,76.98596701206043
1698,db8cb900-0f16-4bfc-880f-0b9467230d51,7,1698,True,22238,21886,92.19180065406545
1699,db8cb900-0f16-4bfc-880f-0b9467230d51,7,1699,True,22271,21919,94.87145641518146
1700,db8cb900-0f16-4bfc-880f-0b9467230d51,7,1700,True,22306,21954,85.00073552060348
1701,db8cb900-0f16-4bfc-880f-0b9467230d51,7,1701,True,22340,21988,84.10716249122925
1702,db8cb900-0f16-4bfc-880f-0b9467230d51,7,1702,True,22369,22017,83.76463162716755
1703,db8cb900-0f16-4bfc-880f-0b9467230d51,7,1703,True,22410,22058,67.67221614035225
1704,db8cb900-0f16-4bfc-880f-0b9467230d51,7,1704,True,22433,22081,77.67104455238223
1705,db8cb900-0f16-4bfc-880f-0b9467230d51,7,1705,True,22468,22116,79.85025498523828
1706,db8cb900-0f16-4bfc-880f-0b9467230d51,7,1706,True,22491,22139,82.24243543262855
1707,db8cb900-0f16-4bfc-880f-0b9467230d51,7,1707,True,22526,22174,97.05287546240288
1708,db8cb900-0f16-4bfc-880f-0b9467230d51,7,1708,True,22553,22201,100.53719181930501
1709,db8cb900-0f16-4bfc-880f-0b9467230d51,7,1709,True,22585,22233,93.13595195315065
1710,db8cb900-0f16-4bfc-880f-0b9467230d51,7,1710,True,22630,22278,95.05860348313217
1711,db8cb900-0f16-4bfc-880f-0b9467230d51,7,1711,True,22661,22309,94.55104340620892
1712,db8cb900-0f16-4bfc-880f-0b9467230d51,7,1712,True,22693,22341,77.36610479308365
1713,db8cb900-0f16-4bfc-880f-0b9467230d51,7,1713,True,22726,22374,89.51417643589593
1714,db8cb900-0f16-4bfc-880f-0b9467230d51,7,1714,True,22753,22401,103.72202655464935
1715,db8cb900-0f16-4bfc-880f-0b9467230d51,7,1715,True,22781,22429,93.24628309862965
1716,db8cb900-0f16-4bfc-880f-0b9467230d51,7,1716,True,22811,22459,86.77131406281114
1717,db8cb900-0f16-4bfc-880f-0b9467230d51,7,1717,True,22844,22492,102.50860396125427
1718,db8cb900-0f16-4bfc-880f-0b9467230d51,7,1718,True,22872,22520,88.19269946299028
1719,db8cb900-0f16-4bfc-880f-0b9467230d51,7,1719,True,22902,22550,109.43084120822823
1720,db8cb900-0f16-4bfc-880f-0b9467230d51,7,1720,True,22936,22584,110.77172960088137
1721,db8cb900-0f16-4bfc-880f-0b9467230d51,7,1721,True,22960,22608,100.01795350570319
1722,db8cb900-0f16-4bfc-880f-0b9467230d51,7,1722,True,22984,22632,94.16031687836221
1723,db8cb900-0f16-4bfc-880f-0b9467230d51,7,1723,True,23018,22666,94.41073077378314
1724,db8cb900-0f16-4bfc-880f-0b9467230d51,7,1724,True,23049,22697,97.45005753188525
1725,db8cb900-0f16-4bfc-880f-0b9467230d51,7,1725,True,23082,22730,91.16187266824636
1726,db8cb900-0f16-4bfc-880f-0b9467230d51,7,1726,True,23112,22760,86.57710771311031
1727,db8cb900-0f16-4bfc-880f-0b9467230d51,7,1727,True,23150,22798,89.70455681753447
1728,db8cb900-0f16-4bfc-880f-0b9467230d51,7,1728,True,23173,22821,98.68401030031237
1729,db8cb900-0f16-4bfc-880f-0b9467230d51,7,1729,True,23206,22854,117.98358516993176
1730,db8cb900-0f16-4bfc-880f-0b9467230d51,7,1730,True,23228,22876,132.42220015237763
1731,db8cb900-0f16-4bfc-880f-0b9467230d51,7,1731,True,23251,22899,119.86009284470492
1732,db8cb900-0f16-4bfc-880f-0b9467230d51,7,1732,True,23283,22931,114.58371331521266
1733,db8cb900-0f16-4bfc-880f-0b9467230d51,7,1733,True,23316,22964,104.73968622447865
1734,db8cb900-0f16-4bfc-880f-0b9467230d51,7,1734,True,23350,22998,94.27034106451174
1735,db8cb900-0f16-4bfc-880f-0b9467230d51,7,1735,True,23378,23026,97.86518941438044
1736,db8cb900-0f16-4bfc-880f-0b9467230d51,7,1736,True,23411,23059,98.94795538818289
1737,db8cb900-0f16-4bfc-880f-0b9467230d51,7,1737,True,23440,23088,120.39883056085091
1738,db8cb900-0f16-4bfc-880f-0b9467230d51,7,1738,True,23471,23119,111.46224154692754
1739,db8cb900-0f16-4bfc-880f-0b9467230d51,7,1739,True,23506,23154,100.09009318852623
1740,db8cb900-0f16-4bfc-880f-0b9467230d51,7,1740,True,23535,23183,89.66271466168837
1741,db8cb900-0f16-4bfc-880f-0b9467230d51,7,1741,True,23555,23203,104.30333390765009
1742,db8cb900-0f16-4bfc-880f-0b9467230d51,7,1742,True,23590,23238,97.17632957183378
1743,db8cb900-0f16-4bfc-880f-0b9467230d51,7,1743,True,23624,23272,96.46331600676422
1744,db8cb900-0f16-4bfc-880f-0b9467230d51,7,1744,True,23660,23308,93.20726003835807
1745,db8cb900-0f16-4bfc-880f-0b9467230d51,7,1745,True,23690,23338,88.87493089805503
1746,db8cb900-0f16-4bfc-880f-0b9467230d51,7,1746,True,23717,23365,100.71172199198554
1747,db8cb900-0f16-4bfc-880f-0b9467230d51,7,1747,True,23746,23394,97.54224967230039
1748,db8cb900-0f16-4bfc-880f-0b9467230d51,7,1748,True,23774,23422,86.09910941568887
1749,db8cb900-0f16-4bfc-880f-0b9467230d51,7,1749,True,23799,23447,86.01925638984176
1750,db8cb900-0f16-4bfc-880f-0b9467230d51,7,1750,True,23828,23476,99.37640869851748
1751,db8cb900-0f16-4bfc-880f-0b9467230d51,7,1751,True,23858,23506,95.87926901170431
1752,db8cb900-0f16-4bfc-880f-0b9467230d51,7,1752,True,23892,23540,95.0114631136712
1753,db8cb900-0f16-4bfc-880f-0b9467230d51,7,1753,True,23926,23574,93.54889925741736
1754,db8cb900-0f16-4bfc-880f-0b9467230d51,7,1754,True,23950,23598,88.72502326615722
1755,db8cb900-0f16-4bfc-880f-0b9467230d51,7,1755,True,23983,23631,90.8776264029002
1756,db8cb900-0f16-4bfc-880f-0b9467230d51,7,1756,True,24013,23661,98.63731119231306
1757,db8cb900-0f16-4bfc-880f-0b9467230d51,7,1757,True,24037,23685,97.62228963723464
1758,db8cb900-0f16-4bfc-880f-0b9467230d51,7,1758,True,24062,23710,90.43743268581602
1759,db8cb900-0f16-4bfc-880f-0b9467230d51,7,1759,True,24088,23736,92.04592373011837
1760,db8cb900-0f16-4bfc-880f-0b9467230d51,7,1760,True,24120,23768,94.61726650490891
1761,db8cb900-0f16-4bfc-880f-0b9467230d51,7,1761,True,24159,23807,93.87745177113175
1762,db8cb900-0f16-4bfc-880f-0b9467230d51,7,1762,True,24188,23836,89.11798919662033
1763,db8cb900-0f16-4bfc-880f-0b9467230d51,7,1763,True,24220,23868,88.32328047803821
1764,db8cb900-0f16-4bfc-880f-0b9467230d51,7,1764,True,24252,23900,86.65950091537525
1765,db8cb900-0f16-4bfc-880f-0b9467230d51,7,1765,True,24281,23929,84.96412402570058
1766,db8cb900-0f16-4bfc-880f-0b9467230d51,7,1766,True,24305,23953,106.13449359569859
1767,db8cb900-0f16-4bfc-880f-0b9467230d51,7,1767,True,24335,23983,99.64720488999228
1768,db8cb900-0f16-4bfc-880f-0b9467230d51,7,1768,True,24357,24005,92.93810338867479
1769,db8cb900-0f16-4bfc-880f-0b9467230d51,7,1769,True,24393,24041,100.87343050642812
1770,db8cb900-0f16-4bfc-880f-0b9467230d51,7,1770,True,24430,24078,84.8276840389808
1771,db8cb900-0f16-4bfc-880f-0b9467230d51,7,1771,True,24461,24109,104.52678339631166
1772,db8cb900-0f16-4bfc-880f-0b9467230d51,7,1772,True,24498,24146,93.9933133023842
1773,db8cb900-0f16-4bfc-880f-0b9467230d51,7,1773,True,24522,24170,92.46402968424809
1774,db8cb900-0f16-4bfc-880f-0b9467230d51,7,1774,True,24570,24218,90.43044987372559
1775,db8cb900-0f16-4bfc-880f-0b9467230d51,7,1775,True,24605,24253,81.85285538161042
1776,db8cb900-0f16-4bfc-880f-0b9467230d51,7,1776,True,24635,24283,76.589702514495
1777,db8cb900-0f16-4bfc-880f-0b9467230d51,7,1777,True,24669,24317,84.39625433034598
1778,db8cb900-0f16-4bfc-880f-0b9467230d51,7,1778,True,24691,24339,72.76931530385991
1779,db8cb900-0f16-4bfc-880f-0b9467230d51,7,1779,True,24718,24366,76.52672929837354
1780,db8cb900-0f16-4bfc-880f-0b9467230d51,7,1780,True,24748,24396,85.65751109867051
1781,db8cb900-0f16-4bfc-880f-0b9467230d51,7,1781,True,24777,24425,87.42117714040796
1782,db8cb900-0f16-4bfc-880f-0b9467230d51,7,1782,True,24810,24458,77.90313440667524
1783,db8cb900-0f16-4bfc-880f-0b9467230d51,7,1783,True,24839,24487,85.2143252373935
1784,db8cb900-0f16-4bfc-880f-0b9467230d51,7,1784,True,24869,24517,92.22214418857038
1785,db8cb900-0f16-4bfc-880f-0b9467230d51,7,1785,True,24902,24550,83.33351489993584
1786,db8cb900-0f16-4bfc-880f-0b9467230d51,7,1786,True,24939,24587,87.38834336672153
1787,db8cb900-0f16-4bfc-880f-0b9467230d51,7,1787,True,24976,24624,81.7821779618098
1788,db8cb900-0f16-4bfc-880f-0b9467230d51,7,1788,True,25012,24660,114.46612980808641
1789,db8cb900-0f16-4bfc-880f-0b9467230d51,7,1789,True,25042,24690,121.71571966538613
1790,db8cb900-0f16-4bfc-880f-0b9467230d51,7,1790,True,25074,24722,143.03579029170942
1791,db8cb900-0f16-4bfc-880f-0b9467230d51,7,1791,True,25100,24748,117.03579029170942
1792,db8cb900-0f16-4bfc-880f-0b9467230d51,7,1792,True,25132,24780,109.08978679704887
1793,db8cb900-0f16-4bfc-880f-0b9467230d51,7,1793,True,25152,24800,116.64312599171171
1794,db8cb900-0f16-4bfc-880f-0b9467230d51,7,1794,True,25188,24836,124.82310397544643
1795,db8cb900-0f16-4bfc-880f-0b9467230d51,7,1795,True,25214,24862,126.79029337745669
1796,db8cb900-0f16-4bfc-880f-0b9467230d51,7,1796,True,25236,24884,131.0425928783152
1797,db8cb900-0f16-4bfc-880f-0b9467230d51,7,1797,True,25261,24909,138.86865605344792
1798,db8cb900-0f16-4bfc-880f-0b9467230d51,7,1798,True,25287,24935,142.051017477992
1799,db8cb900-0f16-4bfc-880f-0b9467230d51,7,1799,True,25306,24954,112.10642039819504
1800,db8cb900-0f16-4bfc-880f-0b9467230d51,7,1800,True,25337,24985,116.35489899979075
1801,db8cb900-0f16-4bfc-880f-0b9467230d51,7,1801,True,25366,25014,158.57780586513763
1802,db8cb900-0f16-4bfc-880f-0b9467230d51,7,1802,True,25390,25038,122.11437433344327
1803,db8cb900-0f16-4bfc-880f-0b9467230d51,7,1803,True,25410,25058,127.7580446417087
1804,db8cb900-0f16-4bfc-880f-0b9467230d51,7,1804,True,25442,25090,154.53520104404743
1805,db8cb900-0f16-4bfc-880f-0b9467230d51,7,1805,True,25481,25129,124.81281308136022
1806,db8cb900-0f16-4bfc-880f-0b9467230d51,7,1806,True,25526,25174,109.59429715760416
1807,db8cb900-0f16-4bfc-880f-0b9467230d51,7,1807,True,25549,25197,108.1415515189583
1808,db8cb900-0f16-4bfc-880f-0b9467230d51,7,1808,True,25574,25222,109.98342171499098
1809,db8cb900-0f16-4bfc-880f-0b9467230d51,7,1809,True,25608,25256,98.26864595668303
1810,db8cb900-0f16-4bfc-880f-0b9467230d51,7,1810,True,25651,25299,85.91877824875701
1811,db8cb900-0f16-4bfc-880f-0b9467230d51,7,1811,True,25679,25327,80.88487926977177
1812,db8cb900-0f16-4bfc-880f-0b9467230d51,7,1812,True,25704,25352,88.8152736713455
1813,db8cb900-0f16-4bfc-880f-0b9467230d51,7,1813,True,25728,25376,86.00169482018828
1814,db8cb900-0f16-4bfc-880f-0b9467230d51,7,1814,True,25755,25403,84.01358224498472
1815,db8cb900-0f16-4bfc-880f-0b9467230d51,7,1815,True,25798,25446,76.65605063584735
1816,db8cb900-0f16-4bfc-880f-0b9467230d51,7,1816,True,25827,25475,74.78478521574289
1817,db8cb900-0f16-4bfc-880f-0b9467230d51,7,1817,True,25848,25496,89.95708431890671
1818,db8cb900-0f16-4bfc-880f-0b9467230d51,7,1818,True,25882,25530,86.98607712721059
1819,db8cb900-0f16-4bfc-880f-0b9467230d51,7,1819,True,25912,25560,90.79904825561607
1820,db8cb900-0f16-4bfc-880f-0b9467230d51,7,1820,True,25942,25590,88.09633810789455
1821,db8cb900-0f16-4bfc-880f-0b9467230d51,7,1821,True,25970,25618,91.22520921604882
1822,db8cb900-0f16-4bfc-880f-0b9467230d51,7,1822,True,25993,25641,82.78093271607577
1823,db8cb900-0f16-4bfc-880f-0b9467230d51,7,1823,True,26026,25674,85.62524351441243
1824,db8cb900-0f16-4bfc-880f-0b9467230d51,7,1824,True,26054,25702,90.7350247777249
1825,db8cb900-0f16-4bfc-880f-0b9467230d51,7,1825,True,26081,25729,74.35455604004164
1826,db8cb900-0f16-4bfc-880f-0b9467230d51,7,1826,True,26106,25754,89.90457517456161
1827,db8cb900-0f16-4bfc-880f-0b9467230d51,7,1827,True,26140,25788,83.56740838010228
1828,db8cb900-0f16-4bfc-880f-0b9467230d51,7,1828,True,26171,25819,96.56231096354895
1829,db8cb900-0f16-4bfc-880f-0b9467230d51,7,1829,True,26192,25840,116.59097983297397
1830,db8cb900-0f16-4bfc-880f-0b9467230d51,7,1830,True,26221,25869,111.92419883944967
1831,db8cb900-0f16-4bfc-880f-0b9467230d51,7,1831,True,26247,25895,96.50163928565962
1832,db8cb900-0f16-4bfc-880f-0b9467230d51,7,1832,True,26277,25925,120.84661701164441
1833,db8cb900-0f16-4bfc-880f-0b9467230d51,7,1833,True,26302,25950,114.51940293231019
1834,db8cb900-0f16-4bfc-880f-0b9467230d51,7,1834,True,26330,25978,107.69817389505988
1835,db8cb900-0f16-4bfc-880f-0b9467230d51,7,1835,True,26360,26008,101.95605889625585
1836,db8cb900-0f16-4bfc-880f-0b9467230d51,7,1836,True,26397,26045,94.91849514510977
1837,db8cb900-0f16-4bfc-880f-0b9467230d51,7,1837,True,26435,26083,88.85391223655097
1838,db8cb900-0f16-4bfc-880f-0b9467230d51,7,1838,True,26469,26117,94.94359874737347
1839,db8cb900-0f16-4bfc-880f-0b9467230d51,7,1839,True,26499,26147,102.61012257234324
1840,db8cb900-0f16-4bfc-880f-0b9467230d51,7,1840,True,26529,26177,99.89810885850966
1841,db8cb900-0f16-4bfc-880f-0b9467230d51,7,1841,True,26563,26211,103.60136886666078
1842,db8cb900-0f16-4bfc-880f-0b9467230d51,7,1842,True,26587,26235,115.88154793909052
1843,db8cb900-0f16-4bfc-880f-0b9467230d51,7,1843,True,26613,26261,101.29608885820926
1844,db8cb900-0f16-4bfc-880f-0b9467230d51,7,1844,True,26647,26295,107.01971380476971
1845,db8cb900-0f16-4bfc-880f-0b9467230d51,7,1845,True,26677,26325,105.36022812579904
1846,db8cb900-0f16-4bfc-880f-0b9467230d51,7,1846,True,26710,26358,104.83922106015234
1847,db8cb900-0f16-4bfc-880f-0b9467230d51,7,1847,True,26735,26383,108.41999691293313
1848,db8cb900-0f16-4bfc-880f-0b9467230d51,7,1848,True,26767,26415,125.10618556197369
1849,db8cb900-0f16-4bfc-880f-0b9467230d51,7,1849,True,26793,26441,123.42691468386329
1850,db8cb900-0f16-4bfc-880f-0b9467230d51,7,1850,True,26829,26477,99.22455194003851
1851,db8cb900-0f16-4bfc-880f-0b9467230d51,7,1851,True,26856,26504,105.41571684629162
1852,db8cb900-0f16-4bfc-880f-0b9467230d51,7,1852,True,26888,26536,109.85820062587663
1853,db8cb900-0f16-4bfc-880f-0b9467230d51,7,1853,True,26923,26571,111.86993309884565
1854,db8cb900-0f16-4bfc-880f-0b9467230d51,7,1854,True,26954,26602,107.82236581093457
1855,db8cb900-0f16-4bfc-880f-0b9467230d51,7,1855,True,26981,26629,104.33078892362755
1856,db8cb900-0f16-4bfc-880f-0b9467230d51,7,1856,True,27014,26662,95.22096498748579
1857,db8cb900-0f16-4bfc-880f-0b9467230d51,7,1857,True,27042,26690,93.82647561541307
1858,db8cb900-0f16-4bfc-880f-0b9467230d51,7,1858,True,27073,26721,95.95200753510653
1859,db8cb900-0f16-4bfc-880f-0b9467230d51,7,1859,True,27108,26756,101.31865775938422
1860,db8cb900-0f16-4bfc-880f-0b9467230d51,7,1860,True,27133,26781,124.06336075824584
1861,db8cb900-0f16-4bfc-880f-0b9467230d51,7,1861,True,27155,26803,112.50350797128704
1862,db8cb900-0f16-4bfc-880f-0b9467230d51,7,1862,True,27187,26835,121.97914862216567
1863,db8cb900-0f16-4bfc-880f-0b9467230d51,7,1863,True,27219,26867,116.04095047965166
1864,db8cb900-0f16-4bfc-880f-0b9467230d51,7,1864,True,27245,26893,104.86708525430004
1865,db8cb900-0f16-4bfc-880f-0b9467230d51,7,1865,True,27283,26931,99.71217006841107
1866,db8cb900-0f16-4bfc-880f-0b9467230d51,7,1866,True,27322,26970,86.53771420568228
1867,db8cb900-0f16-4bfc-880f-0b9467230d51,7,1867,True,27359,27007,89.19005760792788
1868,db8cb900-0f16-4bfc-880f-0b9467230d51,7,1868,True,27391,27039,80.00956710928585
1869,db8cb900-0f16-4bfc-880f-0b9467230d51,7,1869,True,27418,27066,83.9309316410654
1870,db8cb900-0f16-4bfc-880f-0b9467230d51,7,1870,True,27445,27093,80.50983993083719
1871,db8cb900-0f16-4bfc-880f-0b9467230d51,7,1871,True,27477,27125,73.60205666126058
1872,db8cb900-0f16-4bfc-880f-0b9467230d51,7,1872,True,27507,27155,76.97697572043762
1873,db8cb900-0f16-4bfc-880f-0b9467230d51,7,1873,True,27529,27177,93.05073831092886
1874,db8cb900-0f16-4bfc-880f-0b9467230d51,7,1874,True,27554,27202,99.78445405555613
1875,db8cb900-0f16-4bfc-880f-0b9467230d51,7,1875,True,27580,27228,109.85388076331947
1876,db8cb900-0f16-4bfc-880f-0b9467230d51,7,1876,True,27610,27258,88.87137101400367
1877,db8cb900-0f16-4bfc-880f-0b9467230d51,7,1877,True,27644,27292,103.64828310333178
1878,db8cb900-0f16-4bfc-880f-0b9467230d51,7,1878,True,27686,27334,97.0304290210006
1879,db8cb900-0f16-4bfc-880f-0b9467230d51,7,1879,True,27711,27359,82.0132014763476
1880,db8cb900-0f16-4bfc-880f-0b9467230d51,7,1880,True,27741,27389,85.32550380692919
1881,db8cb900-0f16-4bfc-880f-0b9467230d51,7,1881,True,27775,27423,98.39204283706931
1882,db8cb900-0f16-4bfc-880f-0b9467230d51,7,1882,True,27810,27458,76.10755027710184
1883,db8cb900-0f16-4bfc-880f-0b9467230d51,7,1883,True,27849,27497,81.64274114742875
1884,db8cb900-0f16-4bfc-880f-0b9467230d51,7,1884,True,27876,27524,80.82667056872378
1885,db8cb900-0f16-4bfc-880f-0b9467230d51,7,1885,True,27907,27555,82.85337370126945
1886,db8cb900-0f16-4bfc-880f-0b9467230d51,7,1886,True,27934,27582,80.60456150220489
1887,db8cb900-0f16-4bfc-880f-0b9467230d51,7,1887,True,27970,27618,90.82557468383311
1888,db8cb900-0f16-4bfc-880f-0b9467230d51,7,1888,True,28000,27648,90.61200553511298
1889,db8cb900-0f16-4bfc-880f-0b9467230d51,7,1889,True,28042,27690,76.71712371446483
1890,db8cb900-0f16-4bfc-880f-0b9467230d51,7,1890,True,28078,27726,69.96068297872989
1891,db8cb900-0f16-4bfc-880f-0b9467230d51,7,1891,True,28107,27755,88.31715746608825
1892,db8cb900-0f16-4bfc-880f-0b9467230d51,7,1892,True,28141,27789,95.04862313339254
1893,db8cb900-0f16-4bfc-880f-0b9467230d51,7,1893,True,28173,27821,92.17231952606016
1894,db8cb900-0f16-4bfc-880f-0b9467230d51,7,1894,True,28204,27852,91.32727705235448
1895,db8cb900-0f16-4bfc-880f-0b9467230d51,7,1895,True,28234,27882,95.39888966395301
1896,db8cb900-0f16-4bfc-880f-0b9467230d51,7,1896,True,28269,27917,88.88518051102801
1897,db8cb900-0f16-4bfc-880f-0b9467230d51,7,1897,True,28299,27947,82.32441313853633
1898,db8cb900-0f16-4bfc-880f-0b9467230d51,7,1898,True,28325,27973,97.19516619859496
1899,db8cb900-0f16-4bfc-880f-0b9467230d51,7,1899,True,28365,28013,88.37734906467085
1900,db8cb900-0f16-4bfc-880f-0b9467230d51,7,1900,True,28403,28051,72.85167889404693
1901,db8cb900-0f16-4bfc-880f-0b9467230d51,7,1901,True,28448,28096,82.44694181820887
1902,db8cb900-0f16-4bfc-880f-0b9467230d51,7,1902,True,28476,28124,78.33953453067807
1903,db8cb900-0f16-4bfc-880f-0b9467230d51,7,1903,True,28507,28155,92.59239479809912
1904,db8cb900-0f16-4bfc-880f-0b9467230d51,7,1904,True,28534,28182,91.21926700845142
1905,db8cb900-0f16-4bfc-880f-0b9467230d51,7,1905,True,28562,28210,90.25075862740414
1906,db8cb900-0f16-4bfc-880f-0b9467230d51,7,1906,True,28600,28248,85.43160718171566
1907,db8cb900-0f16-4bfc-880f-0b9467230d51,7,1907,True,28624,28272,86.89956995984176
1908,db8cb900-0f16-4bfc-880f-0b9467230d51,7,1908,True,28667,28315,69.98067030867605
1909,db8cb900-0f16-4bfc-880f-0b9467230d51,7,1909,True,28695,28343,77.76227100847973
1910,db8cb900-0f16-4bfc-880f-0b9467230d51,7,1910,True,28729,28377,73.93011178531742
1911,db8cb900-0f16-4bfc-880f-0b9467230d51,7,1911,True,28752,28400,89.00695337164507
1912,db8cb900-0f16-4bfc-880f-0b9467230d51,7,1912,True,28780,28428,86.60495712832926
1913,db8cb900-0f16-4bfc-880f-0b9467230d51,7,1913,True,28823,28471,74.12395796797136
1914,db8cb900-0f16-4bfc-880f-0b9467230d51,7,1914,True,28861,28509,71.62556023791694
1915,db8cb900-0f16-4bfc-880f-0b9467230d51,7,1915,True,28896,28544,87.10687841798426
1916,db8cb900-0f16-4bfc-880f-0b9467230d51,7,1916,True,28930,28578,81.10526239042156
1917,db8cb900-0f16-4bfc-880f-0b9467230d51,7,1917,True,28969,28617,78.06300192210983
1918,db8cb900-0f16-4bfc-880f-0b9467230d51,7,1918,True,29000,28648,80.71131739094199
1919,db8cb900-0f16-4bfc-880f-0b9467230d51,7,1919,True,29029,28677,82.81887505276245
1920,db8cb900-0f16-4bfc-880f-0b9467230d51,7,1920,True,29067,28715,80.42352149589715
1921,db8cb900-0f16-4bfc-880f-0b9467230d51,7,1921,True,29092,28740,83.44203919080246
1922,db8cb900-0f16-4bfc-880f-0b9467230d51,7,1922,True,29123,28771,89.26017830539786
1923,db8cb900-0f16-4bfc-880f-0b9467230d51,7,1923,True,29154,28802,88.74659306152171
1924,db8cb900-0f16-4bfc-880f-0b9467230d51,7,1924,True,29191,28839,80.15108644682914
1925,db8cb900-0f16-4bfc-880f-0b9467230d51,7,1925,True,29214,28862,86.97709855616267
1926,db8cb900-0f16-4bfc-880f-0b9467230d51,7,1926,True,29248,28896,93.37359263942562
1927,db8cb900-0f16-4bfc-880f-0b9467230d51,7,1927,True,29277,28925,90.55678175982757
1928,db8cb900-0f16-4bfc-880f-0b9467230d51,7,1928,True,29312,28960,97.59743570102364
1929,db8cb900-0f16-4bfc-880f-0b9467230d51,7,1929,True,29342,28990,92.74583882901061
1930,db8cb900-0f16-4bfc-880f-0b9467230d51,7,1930,True,29376,29024,82.32265384707716
1931,db8cb900-0f16-4bfc-880f-0b9467230d51,7,1931,True,29403,29051,77.90439317522396
1932,db8cb900-0f16-4bfc-880f-0b9467230d51,7,1932,True,29446,29094,83.88514831194334
1933,db8cb900-0f16-4bfc-880f-0b9467230d51,7,1933,True,29482,29130,85.66107543489488
1934,db8cb900-0f16-4bfc-880f-0b9467230d51,7,1934,True,29506,29154,85.13660353195519
1935,db8cb900-0f16-4bfc-880f-0b9467230d51,7,1935,True,29535,29183,77.08643309156469
1936,db8cb900-0f16-4bfc-880f-0b9467230d51,7,1936,True,29564,29212,97.71663667501343
1937,db8cb900-0f16-4bfc-880f-0b9467230d51,7,1937,True,29594,29242,93.75100433760963
1938,db8cb900-0f16-4bfc-880f-0b9467230d51,7,1938,True,29625,29273,95.45189654072965
1939,db8cb900-0f16-4bfc-880f-0b9467230d51,7,1939,True,29652,29300,94.13283749207403
1940,db8cb900-0f16-4bfc-880f-0b9467230d51,7,1940,True,29686,29334,96.95309609956894
1941,db8cb900-0f16-4bfc-880f-0b9467230d51,7,1941,True,29716,29364,101.23991787858904
1942,db8cb900-0f16-4bfc-880f-0b9467230d51,7,1942,True,29752,29400,101.81630368879632
1943,db8cb900-0f16-4bfc-880f-0b9467230d51,7,1943,True,29789,29437,89.13988295814124
1944,db8cb900-0f16-4bfc-880f-0b9467230d51,7,1944,True,29819,29467,88.4456055125047
1945,db8cb900-0f16-4bfc-880f-0b9467230d51,7,1945,True,29846,29494,75.9991516662194
1946,db8cb900-0f16-4bfc-880f-0b9467230d51,7,1946,True,29877,29525,96.15452157358959
1947,db8cb900-0f16-4bfc-880f-0b9467230d51,7,1947,True,29907,29555,94.4331975787536
1948,db8cb900-0f16-4bfc-880f-0b9467230d51,7,1948,True,29936,29584,93.22873638814053
1949,db8cb900-0f16-4bfc-880f-0b9467230d51,7,1949,True,29962,29610,84.58714942502775
1950,db8cb900-0f16-4bfc-880f-0b9467230d51,7,1950,True,29988,29636,102.45250685379506
1951,db8cb900-0f16-4bfc-880f-0b9467230d51,7,1951,True,30023,29671,99.40281363558825
1952,db8cb900-0f16-4bfc-880f-0b9467230d51,7,1952,True,30046,29694,102.45909173911059
1953,db8cb900-0f16-4bfc-880f-0b9467230d51,7,1953,True,30076,29724,82.29678081653765
1954,db8cb900-0f16-4bfc-880f-0b9467230d51,7,1954,True,30107,29755,87.7294982966705
1955,db8cb900-0f16-4bfc-880f-0b9467230d51,7,1955,True,30136,29784,90.68406959682397
1956,db8cb900-0f16-4bfc-880f-0b9467230d51,7,1956,True,30171,29819,82.91736126245814
1957,db8cb900-0f16-4bfc-880f-0b9467230d51,7,1957,True,30197,29845,94.26662940252936
1958,db8cb900-0f16-4bfc-880f-0b9467230d51,7,1958,True,30222,29870,92.8233781155468
1959,db8cb900-0f16-4bfc-880f-0b9467230d51,7,1959,True,30251,29899,77.6907005006542
1960,db8cb900-0f16-4bfc-880f-0b9467230d51,7,1960,True,30279,29927,88.98689652170287
1961,db8cb900-0f16-4bfc-880f-0b9467230d51,7,1961,True,30313,29961,72.82677980565495
1962,db8cb900-0f16-4bfc-880f-0b9467230d51,7,1962,True,30349,29997,85.88742691018706
1963,db8cb900-0f16-4bfc-880f-0b9467230d51,7,1963,True,30387,30035,82.7464706454848
1964,db8cb900-0f16-4bfc-880f-0b9467230d51,7,1964,True,30422,30070,80.19231495829808
1965,db8cb900-0f16-4bfc-880f-0b9467230d51,7,1965,True,30448,30096,84.52878665641401
1966,db8cb900-0f16-4bfc-880f-0b9467230d51,7,1966,True,30476,30124,102.0567331283637
1967,db8cb900-0f16-4bfc-880f-0b9467230d51,7,1967,True,30503,30151,85.76125328111812
1968,db8cb900-0f16-4bfc-880f-0b9467230d51,7,1968,True,30524,30172,91.06604579919076
1969,db8cb900-0f16-4bfc-880f-0b9467230d51,7,1969,True,30556,30204,91.79005975810287
1970,db8cb900-0f16-4bfc-880f-0b9467230d51,7,1970,True,30586,30234,97.09829772173907
1971,db8cb900-0f16-4bfc-880f-0b9467230d51,7,1971,True,30617,30265,94.79852537877741
1972,db8cb900-0f16-4bfc-880f-0b9467230d51,7,1972,True,30637,30285,84.30224540094423
1973,db8cb900-0f16-4bfc-880f-0b9467230d51,7,1973,True,30665,30313,73.07886732298721
1974,db8cb900-0f16-4bfc-880f-0b9467230d51,7,1974,True,30690,30338,74.9361915665977
1975,db8cb900-0f16-4bfc-880f-0b9467230d51,7,1975,True,30714,30362,102.25703674738179
1976,db8cb900-0f16-4bfc-880f-0b9467230d51,7,1976,True,30738,30386,89.57709723372682
1977,db8cb900-0f16-4bfc-880f-0b9467230d51,7,1977,True,30778,30426,85.54659569017167
1978,db8cb900-0f16-4bfc-880f-0b9467230d51,7,1978,True,30815,30463,97.73084449158341
1979,db8cb900-0f16-4bfc-880f-0b9467230d51,7,1979,True,30842,30490,94.18221600466131
1980,db8cb900-0f16-4bfc-880f-0b9467230d51,7,1980,True,30867,30515,97.55132324935767
1981,db8cb900-0f16-4bfc-880f-0b9467230d51,7,1981,True,30907,30555,90.5608207180012
1982,db8cb900-0f16-4bfc-880f-0b9467230d51,7,1982,True,30946,30594,102.00494497743057
1983,db8cb900-0f16-4bfc-880f-0b9467230d51,7,1983,True,30973,30621,97.17190157555524
1984,db8cb900-0f16-4bfc-880f-0b9467230d51,7,1984,True,31002,30650,83.45803515314037
1985,db8cb900-0f16-4bfc-880f-0b9467230d51,7,1985,True,31034,30682,93.00278347607309
1986,db8cb900-0f16-4bfc-880f-0b9467230d51,7,1986,True,31068,30716,75.42936945110341
1987,db8cb900-0f16-4bfc-880f-0b9467230d51,7,1987,True,31096,30744,84.53247296228074
1988,db8cb900-0f16-4bfc-880f-0b9467230d51,7,1988,True,31130,30778,91.78996862087297
1989,db8cb900-0f16-4bfc-880f-0b9467230d51,7,1989,True,31162,30810,88.32272650071536
1990,db8cb900-0f16-4bfc-880f-0b9467230d51,7,1990,True,31191,30839,103.68738631396263
1991,db8cb900-0f16-4bfc-880f-0b9467230d51,7,1991,True,31208,30856,96.32487300727371
1992,db8cb900-0f16-4bfc-880f-0b9467230d51,7,1992,True,31237,30885,86.36041420164838
1993,db8cb900-0f16-4bfc-880f-0b9467230d51,7,1993,True,31262,30910,93.23514777328455
1994,db8cb900-0f16-4bfc-880f-0b9467230d51,7,1994,True,31305,30953,94.58176297818864
1995,db8cb900-0f16-4bfc-880f-0b9467230d51,7,1995,True,31341,30989,83.47848350449203
1996,db8cb900-0f16-4bfc-880f-0b9467230d51,7,1996,True,31377,31025,98.92618247685459
1997,db8cb900-0f16-4bfc-880f-0b9467230d51,7,1997,True,31410,31058,91.18185552272917
1998,db8cb900-0f16-4bfc-880f-0b9467230d51,7,1998,True,31443,31091,99.4508510054875
1999,db8cb900-0f16-4bfc-880f-0b9467230d51,7,1999,True,31464,31112,89.94972910729848
2000,df2519e3-f925-4522-b2b2-8a2e0d3efcab,8,2000,True,430,28,92.60243873458587
2001,df2519e3-f925-4522-b2b2-8a2e0d3efcab,8,2001,True,459,57,84.88401972658951
2002,df2519e3-f925-4522-b2b2-8a2e0d3efcab,8,2002,True,492,90,85.26341761127676
2003,df2519e3-f925-4522-b2b2-8a2e0d3efcab,8,2003,True,521,119,94.78291076864511
2004,df2519e3-f925-4522-b2b2-8a2e0d3efcab,8,2004,True,547,145,90.50272518043886
2005,df2519e3-f925-4522-b2b2-8a2e0d3efcab,8,2005,True,575,173,95.4483757883637
2006,df2519e3-f925-4522-b2b2-8a2e0d3efcab,8,2006,True,608,206,87.25417822921122
2007,df2519e3-f925-4522-b2b2-8a2e0d3efcab,8,2007,True,637,235,102.67148885493015
2008,df2519e3-f925-4522-b2b2-8a2e0d3efcab,8,2008,True,663,261,96.14525331121791
2009,df2519e3-f925-4522-b2b2-8a2e0d3efcab,8,2009,True,700,298,86.8004962012069
2010,df2519e3-f925-4522-b2b2-8a2e0d3efcab,8,2010,True,729,327,88.35375886860606
2011,df2519e3-f925-4522-b2b2-8a2e0d3efcab,8,2011,True,757,355,93.56522804263528
2012,df2519e3-f925-4522-b2b2-8a2e0d3efcab,8,2012,True,790,388,91.66255350740903
2013,df2519e3-f925-4522-b2b2-8a2e0d3efcab,8,2013,True,819,417,92.51314976107102
2014,df2519e3-f925-4522-b2b2-8a2e0d3efcab,8,2014,True,843,441,93.29749078148996
2015,df2519e3-f925-4522-b2b2-8a2e0d3efcab,8,2015,True,867,465,121.53844244701008
2016,df2519e3-f925-4522-b2b2-8a2e0d3efcab,8,2016,True,908,506,106.49239695185088
2017,df2519e3-f925-4522-b2b2-8a2e0d3efcab,8,2017,True,955,553,105.34027019913799
2018,df2519e3-f925-4522-b2b2-8a2e0d3efcab,8,2018,True,990,588,96.82222095746693
2019,df2519e3-f925-4522-b2b2-8a2e0d3efcab,8,2019,True,1029,627,87.07331149598451
2020,df2519e3-f925-4522-b2b2-8a2e0d3efcab,8,2020,True,1061,659,93.74524689943871
2021,df2519e3-f925-4522-b2b2-8a2e0d3efcab,8,2021,True,1089,687,89.64455039587381
2022,df2519e3-f925-4522-b2b2-8a2e0d3efcab,8,2022,True,1125,723,94.4054218358691
2023,df2519e3-f925-4522-b2b2-8a2e0d3efcab,8,2023,True,1169,767,82.9006350045812
2024,df2519e3-f925-4522-b2b2-8a2e0d3efcab,8,2024,True,1202,800,103.74081580176767
2025,df2519e3-f925-4522-b2b2-8a2e0d3efcab,8,2025,True,1221,819,105.80943316818082
2026,df2519e3-f925-4522-b2b2-8a2e0d3efcab,8,2026,True,1252,850,93.98646489283328
2027,df2519e3-f925-4522-b2b2-8a2e0d3efcab,8,2027,True,1282,880,98.12052752035015
2028,df2519e3-f925-4522-b2b2-8a2e0d3efcab,8,2028,True,1328,926,91.22716173265405
2029,df2519e3-f925-4522-b2b2-8a2e0d3efcab,8,2029,True,1359,957,89.19871259869296
2030,df2519e3-f925-4522-b2b2-8a2e0d3efcab,8,2030,True,1399,997,82.28339387487608
2031,df2519e3-f925-4522-b2b2-8a2e0d3efcab,8,2031,True,1428,1026,79.61272894024728
2032,df2519e3-f925-4522-b2b2-8a2e0d3efcab,8,2032,True,1466,1064,85.75980841033333
2033,df2519e3-f925-4522-b2b2-8a2e0d3efcab,8,2033,True,1499,1097,81.06292646400561
2034,df2519e3-f925-4522-b2b2-8a2e0d3efcab,8,2034,True,1528,1126,81.36046659370368
2035,df2519e3-f925-4522-b2b2-8a2e0d3efcab,8,2035,True,1558,1156,85.68648709951094
2036,df2519e3-f925-4522-b2b2-8a2e0d3efcab,8,2036,True,1588,1186,82.54674166822633
2037,df2519e3-f925-4522-b2b2-8a2e0d3efcab,8,2037,True,1617,1215,86.08087523163545
2038,df2519e3-f925-4522-b2b2-8a2e0d3efcab,8,2038,True,1642,1240,82.16355651416598
2039,df2519e3-f925-4522-b2b2-8a2e0d3efcab,8,2039,True,1674,1272,92.0005286786452
2040,df2519e3-f925-4522-b2b2-8a2e0d3efcab,8,2040,True,1702,1300,94.93344490540699
2041,df2519e3-f925-4522-b2b2-8a2e0d3efcab,8,2041,True,1733,1331,90.28101052746433
2042,df2519e3-f925-4522-b2b2-8a2e0d3efcab,8,2042,True,1778,1376,83.42765131450187
2043,df2519e3-f925-4522-b2b2-8a2e0d3efcab,8,2043,True,1809,1407,84.87476056733226
2044,df2519e3-f925-4522-b2b2-8a2e0d3efcab,8,2044,True,1841,1439,94.57044240163873
2045,df2519e3-f925-4522-b2b2-8a2e0d3efcab,8,2045,True,1868,1466,98.78143174268098
2046,df2519e3-f925-4522-b2b2-8a2e0d3efcab,8,2046,True,1892,1490,122.29572810541345
2047,df2519e3-f925-4522-b2b2-8a2e0d3efcab,8,2047,True,1926,1524,109.27319798872054
2048,df2519e3-f925-4522-b2b2-8a2e0d3efcab,8,2048,True,1958,1556,104.21321282252575
2049,df2519e3-f925-4522-b2b2-8a2e0d3efcab,8,2049,True,1993,1591,111.53957839672626
2050,df2519e3-f925-4522-b2b2-8a2e0d3efcab,8,2050,True,2028,1626,110.04381518588661
2051,df2519e3-f925-4522-b2b2-8a2e0d3efcab,8,2051,True,2057,1655,108.34225620120765
2052,df2519e3-f925-4522-b2b2-8a2e0d3efcab,8,2052,True,2080,1678,109.95330010990597
2053,df2519e3-f925-4522-b2b2-8a2e0d3efcab,8,2053,True,2117,1715,122.26263034074373
2054,df2519e3-f925-4522-b2b2-8a2e0d3efcab,8,2054,True,2146,1744,112.64016223914564
2055,df2519e3-f925-4522-b2b2-8a2e0d3efcab,8,2055,True,2184,1782,105.48464878357186
2056,df2519e3-f925-4522-b2b2-8a2e0d3efcab,8,2056,True,2223,1821,98.95060352773089
2057,df2519e3-f925-4522-b2b2-8a2e0d3efcab,8,2057,True,2248,1846,98.97451059551395
2058,df2519e3-f925-4522-b2b2-8a2e0d3efcab,8,2058,True,2273,1871,108.64631960269139
2059,df2519e3-f925-4522-b2b2-8a2e0d3efcab,8,2059,True,2305,1903,101.35746898148068
2060,df2519e3-f925-4522-b2b2-8a2e0d3efcab,8,2060,True,2331,1929,117.30451530991536
2061,df2519e3-f925-4522-b2b2-8a2e0d3efcab,8,2061,True,2363,1961,105.25491352346535
2062,df2519e3-f925-4522-b2b2-8a2e0d3efcab,8,2062,True,2397,1995,103.62747943280192
2063,df2519e3-f925-4522-b2b2-8a2e0d3efcab,8,2063,True,2441,2039,96.32377040487017
2064,df2519e3-f925-4522-b2b2-8a2e0d3efcab,8,2064,True,2483,2081,102.83133159721774
2065,df2519e3-f925-4522-b2b2-8a2e0d3efcab,8,2065,True,2510,2108,97.40673979751
2066,df2519e3-f925-4522-b2b2-8a2e0d3efcab,8,2066,True,2545,2143,98.79128251727889
2067,df2519e3-f925-4522-b2b2-8a2e0d3efcab,8,2067,True,2573,2171,97.45757969938268
2068,df2519e3-f925-4522-b2b2-8a2e0d3efcab,8,2068,True,2605,2203,106.68366452583541
2069,df2519e3-f925-4522-b2b2-8a2e0d3efcab,8,2069,True,2630,2228,105.87442142841564
2070,df2519e3-f925-4522-b2b2-8a2e0d3efcab,8,2070,True,2666,2264,89.20455852742725
2071,df2519e3-f925-4522-b2b2-8a2e0d3efcab,8,2071,True,2692,2290,99.00935750850203
2072,df2519e3-f925-4522-b2b2-8a2e0d3efcab,8,2072,True,2725,2323,96.72754527230154
2073,df2519e3-f925-4522-b2b2-8a2e0d3efcab,8,2073,True,2756,2354,92.70894466132222
2074,df2519e3-f925-4522-b2b2-8a2e0d3efcab,8,2074,True,2784,2382,89.15221419498721
2075,df2519e3-f925-4522-b2b2-8a2e0d3efcab,8,2075,True,2810,2408,83.46662585285458
2076,df2519e3-f925-4522-b2b2-8a2e0d3efcab,8,2076,True,2835,2433,88.11934025961637
2077,df2519e3-f925-4522-b2b2-8a2e0d3efcab,8,2077,True,2865,2463,96.9964567121583
2078,df2519e3-f925-4522-b2b2-8a2e0d3efcab,8,2078,True,2895,2493,90.63358550078692
2079,df2519e3-f925-4522-b2b2-8a2e0d3efcab,8,2079,True,2927,2525,113.515721608906
2080,df2519e3-f925-4522-b2b2-8a2e0d3efcab,8,2080,True,2958,2556,106.72468973719378
2081,df2519e3-f925-4522-b2b2-8a2e0d3efcab,8,2081,True,2993,2591,94.95246327343739
2082,df2519e3-f925-4522-b2b2-8a2e0d3efcab,8,2082,True,3024,2622,90.52230155503185
2083,df2519e3-f925-4522-b2b2-8a2e0d3efcab,8,2083,True,3065,2663,83.03718430901199
2084,df2519e3-f925-4522-b2b2-8a2e0d3efcab,8,2084,True,3097,2695,97.28385745415062
2085,df2519e3-f925-4522-b2b2-8a2e0d3efcab,8,2085,True,3128,2726,98.50990338278098
2086,df2519e3-f925-4522-b2b2-8a2e0d3efcab,8,2086,True,3161,2759,94.30064028316883
2087,df2519e3-f925-4522-b2b2-8a2e0d3efcab,8,2087,True,3192,2790,91.69443072383046
2088,df2519e3-f925-4522-b2b2-8a2e0d3efcab,8,2088,True,3213,2811,93.0671190373564
2089,df2519e3-f925-4522-b2b2-8a2e0d3efcab,8,2089,True,3251,2849,99.4736228538577
2090,df2519e3-f925-4522-b2b2-8a2e0d3efcab,8,2090,True,3277,2875,95.80490989769123
2091,df2519e3-f925-4522-b2b2-8a2e0d3efcab,8,2091,True,3313,2911,88.88914714831344
2092,df2519e3-f925-4522-b2b2-8a2e0d3efcab,8,2092,True,3345,2943,85.44282534226068
2093,df2519e3-f925-4522-b2b2-8a2e0d3efcab,8,2093,True,3361,2959,96.467834460424
2094,df2519e3-f925-4522-b2b2-8a2e0d3efcab,8,2094,True,3398,2996,93.87088472797541
2095,df2519e3-f925-4522-b2b2-8a2e0d3efcab,8,2095,True,3416,3014,111.12288464694666
2096,df2519e3-f925-4522-b2b2-8a2e0d3efcab,8,2096,True,3454,3052,104.82004350799252
2097,df2519e3-f925-4522-b2b2-8a2e0d3efcab,8,2097,True,3484,3082,106.78403280752264
2098,df2519e3-f925-4522-b2b2-8a2e0d3efcab,8,2098,True,3514,3112,100.9003607890163
2099,df2519e3-f925-4522-b2b2-8a2e0d3efcab,8,2099,True,3546,3144,92.78179368964175
2100,df2519e3-f925-4522-b2b2-8a2e0d3efcab,8,2100,True,3574,3172,93.26369323760537
2101,df2519e3-f925-4522-b2b2-8a2e0d3efcab,8,2101,True,3603,3201,86.58383381052136
2102,df2519e3-f925-4522-b2b2-8a2e0d3efcab,8,2102,True,3636,3234,91.18357688014157
2103,df2519e3-f925-4522-b2b2-8a2e0d3efcab,8,2103,True,3663,3261,90.37414679943049
2104,df2519e3-f925-4522-b2b2-8a2e0d3efcab,8,2104,True,3693,3291,99.77977182422501
2105,df2519e3-f925-4522-b2b2-8a2e0d3efcab,8,2105,True,3729,3327,102.76475824853696
2106,df2519e3-f925-4522-b2b2-8a2e0d3efcab,8,2106,True,3757,3355,97.54481353727033
2107,df2519e3-f925-4522-b2b2-8a2e0d3efcab,8,2107,True,3777,3375,115.97434596632411
2108,df2519e3-f925-4522-b2b2-8a2e0d3efcab,8,2108,True,3817,3415,100.46809465712568
2109,df2519e3-f925-4522-b2b2-8a2e0d3efcab,8,2109,True,3849,3447,89.60940727000025
2110,df2519e3-f925-4522-b2b2-8a2e0d3efcab,8,2110,True,3878,3476,116.6393081852425
2111,df2519e3-f925-4522-b2b2-8a2e0d3efcab,8,2111,True,3910,3508,108.88598033187236
2112,df2519e3-f925-4522-b2b2-8a2e0d3efcab,8,2112,True,3933,3531,111.09176986436842
2113,df2519e3-f925-4522-b2b2-8a2e0d3efcab,8,2113,True,3979,3577,89.18608900193476
2114,df2519e3-f925-4522-b2b2-8a2e0d3efcab,8,2114,True,4012,3610,80.01152793691517
2115,df2519e3-f925-4522-b2b2-8a2e0d3efcab,8,2115,True,4044,3642,87.62968973284387
2116,df2519e3-f925-4522-b2b2-8a2e0d3efcab,8,2116,True,4077,3675,82.11464924342272
2117,df2519e3-f925-4522-b2b2-8a2e0d3efcab,8,2117,True,4107,3705,95.52383127811208
2118,df2519e3-f925-4522-b2b2-8a2e0d3efcab,8,2118,True,4140,3738,88.76934065116257
2119,df2519e3-f925-4522-b2b2-8a2e0d3efcab,8,2119,True,4168,3766,94.89775931858367
2120,df2519e3-f925-4522-b2b2-8a2e0d3efcab,8,2120,True,4208,3806,91.14682776710424
2121,df2519e3-f925-4522-b2b2-8a2e0d3efcab,8,2121,True,4242,3840,82.09493617985345
2122,df2519e3-f925-4522-b2b2-8a2e0d3efcab,8,2122,True,4267,3865,83.85251065927832
2123,df2519e3-f925-4522-b2b2-8a2e0d3efcab,8,2123,True,4298,3896,89.46221380255292
2124,df2519e3-f925-4522-b2b2-8a2e0d3efcab,8,2124,True,4331,3929,96.10997690703243
2125,df2519e3-f925-4522-b2b2-8a2e0d3efcab,8,2125,True,4359,3957,114.8564118895074
2126,df2519e3-f925-4522-b2b2-8a2e0d3efcab,8,2126,True,4385,3983,114.65226899633126
2127,df2519e3-f925-4522-b2b2-8a2e0d3efcab,8,2127,True,4411,4009,114.44522163232705
2128,df2519e3-f925-4522-b2b2-8a2e0d3efcab,8,2128,True,4441,4039,116.12267733966746
2129,df2519e3-f925-4522-b2b2-8a2e0d3efcab,8,2129,True,4471,4069,107.88621771017915
2130,df2519e3-f925-4522-b2b2-8a2e0d3efcab,8,2130,True,4510,4108,100.38182720526129
2131,df2519e3-f925-4522-b2b2-8a2e0d3efcab,8,2131,True,4542,4140,120.65942594371063
2132,df2519e3-f925-4522-b2b2-8a2e0d3efcab,8,2132,True,4571,4169,113.32726909792927
2133,df2519e3-f925-4522-b2b2-8a2e0d3efcab,8,2133,True,4605,4203,107.73586846663329
2134,df2519e3-f925-4522-b2b2-8a2e0d3efcab,8,2134,True,4647,4245,87.6739680465962
2135,df2519e3-f925-4522-b2b2-8a2e0d3efcab,8,2135,True,4675,4273,90.41363244643526
2136,df2519e3-f925-4522-b2b2-8a2e0d3efcab,8,2136,True,4701,4299,89.13743345977764
2137,df2519e3-f925-4522-b2b2-8a2e0d3efcab,8,2137,True,4736,4334,110.95071202195413
2138,df2519e3-f925-4522-b2b2-8a2e0d3efcab,8,2138,True,4765,4363,103.10884428971258
2139,df2519e3-f925-4522-b2b2-8a2e0d3efcab,8,2139,True,4799,4397,108.68525830853469
2140,df2519e3-f925-4522-b2b2-8a2e0d3efcab,8,2140,True,4836,4434,98.80887440738206
2141,df2519e3-f925-4522-b2b2-8a2e0d3efcab,8,2141,True,4875,4473,100.20398684505108
2142,df2519e3-f925-4522-b2b2-8a2e0d3efcab,8,2142,True,4918,4516,86.91181431839686
2143,df2519e3-f925-4522-b2b2-8a2e0d3efcab,8,2143,True,4946,4544,84.77400545279579
2144,df2519e3-f925-4522-b2b2-8a2e0d3efcab,8,2144,True,4975,4573,100.40720896819039
2145,df2519e3-f925-4522-b2b2-8a2e0d3efcab,8,2145,True,5005,4603,94.98378672302533
2146,df2519e3-f925-4522-b2b2-8a2e0d3efcab,8,2146,True,5031,4629,92.63115222638953
2147,df2519e3-f925-4522-b2b2-8a2e0d3efcab,8,2147,True,5059,4657,103.46666193482179
2148,df2519e3-f925-4522-b2b2-8a2e0d3efcab,8,2148,True,5084,4682,98.77552503487732
2149,df2519e3-f925-4522-b2b2-8a2e0d3efcab,8,2149,True,5114,4712,88.09384465335643
2150,df2519e3-f925-4522-b2b2-8a2e0d3efcab,8,2150,True,5147,4745,87.76349427477362
2151,df2519e3-f925-4522-b2b2-8a2e0d3efcab,8,2151,True,5171,4769,106.22796511873639
2152,df2519e3-f925-4522-b2b2-8a2e0d3efcab,8,2152,True,5205,4803,92.51492369092193
2153,df2519e3-f925-4522-b2b2-8a2e0d3efcab,8,2153,True,5240,4838,90.06757791013115
2154,df2519e3-f925-4522-b2b2-8a2e0d3efcab,8,2154,True,5271,4869,106.17168841686907
2155,df2519e3-f925-4522-b2b2-8a2e0d3efcab,8,2155,True,5305,4903,99.40760043264436
2156,df2519e3-f925-4522-b2b2-8a2e0d3efcab,8,2156,True,5336,4934,93.74153025900068
2157,df2519e3-f925-4522-b2b2-8a2e0d3efcab,8,2157,True,5371,4969,95.3878806571065
2158,df2519e3-f925-4522-b2b2-8a2e0d3efcab,8,2158,True,5401,4999,102.98516076796932
2159,df2519e3-f925-4522-b2b2-8a2e0d3efcab,8,2159,True,5436,5034,96.25232882202272
2160,df2519e3-f925-4522-b2b2-8a2e0d3efcab,8,2160,True,5474,5072,95.7783133312114
2161,df2519e3-f925-4522-b2b2-8a2e0d3efcab,8,2161,True,5495,5093,96.82504751717806
2162,df2519e3-f925-4522-b2b2-8a2e0d3efcab,8,2162,True,5525,5123,87.2605854557105
2163,df2519e3-f925-4522-b2b2-8a2e0d3efcab,8,2163,True,5551,5149,97.02359542030445
2164,df2519e3-f925-4522-b2b2-8a2e0d3efcab,8,2164,True,5583,5181,110.44331352757672
2165,df2519e3-f925-4522-b2b2-8a2e0d3efcab,8,2165,True,5611,5209,105.58431699456924
2166,df2519e3-f925-4522-b2b2-8a2e0d3efcab,8,2166,True,5649,5247,90.87175144122557
2167,df2519e3-f925-4522-b2b2-8a2e0d3efcab,8,2167,True,5675,5273,94.37721028988835
2168,df2519e3-f925-4522-b2b2-8a2e0d3efcab,8,2168,True,5703,5301,110.4747645686557
2169,df2519e3-f925-4522-b2b2-8a2e0d3efcab,8,2169,True,5734,5332,121.05707612472543
2170,df2519e3-f925-4522-b2b2-8a2e0d3efcab,8,2170,True,5759,5357,116.9102464481839
2171,df2519e3-f925-4522-b2b2-8a2e0d3efcab,8,2171,True,5801,5399,99.63301881119332
2172,df2519e3-f925-4522-b2b2-8a2e0d3efcab,8,2172,True,5832,5430,104.72981868233819
2173,df2519e3-f925-4522-b2b2-8a2e0d3efcab,8,2173,True,5854,5452,117.28051641000184
2174,df2519e3-f925-4522-b2b2-8a2e0d3efcab,8,2174,True,5881,5479,107.5816597678704
2175,df2519e3-f925-4522-b2b2-8a2e0d3efcab,8,2175,True,5898,5496,111.17437162519491
2176,df2519e3-f925-4522-b2b2-8a2e0d3efcab,8,2176,True,5934,5532,106.05108979122997
2177,df2519e3-f925-4522-b2b2-8a2e0d3efcab,8,2177,True,5965,5563,96.94229864564568
2178,df2519e3-f925-4522-b2b2-8a2e0d3efcab,8,2178,True,5995,5593,102.19614199338503
2179,df2519e3-f925-4522-b2b2-8a2e0d3efcab,8,2179,True,6031,5629,120.83254196598864
2180,df2519e3-f925-4522-b2b2-8a2e0d3efcab,8,2180,True,6061,5659,112.23627948543253
2181,df2519e3-f925-4522-b2b2-8a2e0d3efcab,8,2181,True,6092,5690,111.54887618637531
2182,df2519e3-f925-4522-b2b2-8a2e0d3efcab,8,2182,True,6120,5718,104.38951170933433
2183,df2519e3-f925-4522-b2b2-8a2e0d3efcab,8,2183,True,6151,5749,110.57104902335777
2184,df2519e3-f925-4522-b2b2-8a2e0d3efcab,8,2184,True,6175,5773,111.01730455863617
2185,df2519e3-f925-4522-b2b2-8a2e0d3efcab,8,2185,True,6202,5800,152.05692228378848
2186,df2519e3-f925-4522-b2b2-8a2e0d3efcab,8,2186,True,6224,5822,114.3702645452031
2187,df2519e3-f925-4522-b2b2-8a2e0d3efcab,8,2187,True,6254,5852,123.02436758766453
2188,df2519e3-f925-4522-b2b2-8a2e0d3efcab,8,2188,True,6281,5879,193.98064431309922
2189,df2519e3-f925-4522-b2b2-8a2e0d3efcab,8,2189,True,6303,5901,146.5854510128629
2190,df2519e3-f925-4522-b2b2-8a2e0d3efcab,8,2190,True,6331,5929,163.26431730685545
2191,df2519e3-f925-4522-b2b2-8a2e0d3efcab,8,2191,True,6371,5969,176.9971904240956
2192,df2519e3-f925-4522-b2b2-8a2e0d3efcab,8,2192,True,6393,5991,133.34227894514606
2193,df2519e3-f925-4522-b2b2-8a2e0d3efcab,8,2193,True,6423,6021,188.52691428943308
2194,df2519e3-f925-4522-b2b2-8a2e0d3efcab,8,2194,True,6451,6049,137.9970726195952
2195,df2519e3-f925-4522-b2b2-8a2e0d3efcab,8,2195,True,6483,6081,147.41647002217542
2196,df2519e3-f925-4522-b2b2-8a2e0d3efcab,8,2196,True,6521,6119,109.41647002217542
2197,df2519e3-f925-4522-b2b2-8a2e0d3efcab,8,2197,True,6554,6152,123.21225087975017
2198,df2519e3-f925-4522-b2b2-8a2e0d3efcab,8,2198,True,6586,6184,122.63493407523674
2199,df2519e3-f925-4522-b2b2-8a2e0d3efcab,8,2199,True,6619,6217,114.53616255634097
2200,df2519e3-f925-4522-b2b2-8a2e0d3efcab,8,2200,True,6655,6253,102.59647227961432
2201,df2519e3-f925-4522-b2b2-8a2e0d3efcab,8,2201,True,6684,6282,106.86539262757015
2202,df2519e3-f925-4522-b2b2-8a2e0d3efcab,8,2202,True,6714,6312,96.06552592244498
2203,df2519e3-f925-4522-b2b2-8a2e0d3efcab,8,2203,True,6745,6343,100.96933784949215
2204,df2519e3-f925-4522-b2b2-8a2e0d3efcab,8,2204,True,6777,6375,104.00704384815799
2205,df2519e3-f925-4522-b2b2-8a2e0d3efcab,8,2205,True,6814,6412,91.7161451802458
2206,df2519e3-f925-4522-b2b2-8a2e0d3efcab,8,2206,True,6840,6438,92.09528895964377
2207,df2519e3-f925-4522-b2b2-8a2e0d3efcab,8,2207,True,6867,6465,109.33914848964287
2208,df2519e3-f925-4522-b2b2-8a2e0d3efcab,8,2208,True,6901,6499,99.47077374957917
2209,df2519e3-f925-4522-b2b2-8a2e0d3efcab,8,2209,True,6933,6531,108.5000436002374
2210,df2519e3-f925-4522-b2b2-8a2e0d3efcab,8,2210,True,6957,6555,103.04755421651953
2211,df2519e3-f925-4522-b2b2-8a2e0d3efcab,8,2211,True,6995,6593,103.63360103387458
2212,df2519e3-f925-4522-b2b2-8a2e0d3efcab,8,2212,True,7030,6628,92.90676826182153
2213,df2519e3-f925-4522-b2b2-8a2e0d3efcab,8,2213,True,7052,6650,90.70102683745154
2214,df2519e3-f925-4522-b2b2-8a2e0d3efcab,8,2214,True,7081,6679,96.22837143874403
2215,df2519e3-f925-4522-b2b2-8a2e0d3efcab,8,2215,True,7126,6724,101.81456627443731
2216,df2519e3-f925-4522-b2b2-8a2e0d3efcab,8,2216,True,7155,6753,92.88626851198023
2217,df2519e3-f925-4522-b2b2-8a2e0d3efcab,8,2217,True,7202,6800,91.58043401946543
2218,df2519e3-f925-4522-b2b2-8a2e0d3efcab,8,2218,True,7230,6828,89.91519645609424
2219,df2519e3-f925-4522-b2b2-8a2e0d3efcab,8,2219,True,7264,6862,101.02004593443871
2220,df2519e3-f925-4522-b2b2-8a2e0d3efcab,8,2220,True,7299,6897,94.48185859101523
2221,df2519e3-f925-4522-b2b2-8a2e0d3efcab,8,2221,True,7318,6916,92.09140408038274
2222,df2519e3-f925-4522-b2b2-8a2e0d3efcab,8,2222,True,7347,6945,118.656759184757
2223,df2519e3-f925-4522-b2b2-8a2e0d3efcab,8,2223,True,7378,6976,109.54599202635745
2224,df2519e3-f925-4522-b2b2-8a2e0d3efcab,8,2224,True,7404,7002,106.65594760269505
2225,df2519e3-f925-4522-b2b2-8a2e0d3efcab,8,2225,True,7434,7032,96.77684826885798
2226,df2519e3-f925-4522-b2b2-8a2e0d3efcab,8,2226,True,7468,7066,91.14845517702997
2227,df2519e3-f925-4522-b2b2-8a2e0d3efcab,8,2227,True,7501,7099,101.75378809968606
2228,df2519e3-f925-4522-b2b2-8a2e0d3efcab,8,2228,True,7535,7133,85.56972674616554
2229,df2519e3-f925-4522-b2b2-8a2e0d3efcab,8,2229,True,7568,7166,86.76843822828323
2230,df2519e3-f925-4522-b2b2-8a2e0d3efcab,8,2230,True,7594,7192,91.93600498919932
2231,df2519e3-f925-4522-b2b2-8a2e0d3efcab,8,2231,True,7625,7223,89.91872683074507
2232,df2519e3-f925-4522-b2b2-8a2e0d3efcab,8,2232,True,7646,7244,103.42276318420772
2233,df2519e3-f925-4522-b2b2-8a2e0d3efcab,8,2233,True,7675,7273,103.70588754259643
2234,df2519e3-f925-4522-b2b2-8a2e0d3efcab,8,2234,True,7707,7305,104.03962542990212
2235,df2519e3-f925-4522-b2b2-8a2e0d3efcab,8,2235,True,7735,7333,147.7947738081739
2236,df2519e3-f925-4522-b2b2-8a2e0d3efcab,8,2236,True,7761,7359,143.2922101635295
2237,df2519e3-f925-4522-b2b2-8a2e0d3efcab,8,2237,True,7796,7394,128.70843730535125
2238,df2519e3-f925-4522-b2b2-8a2e0d3efcab,8,2238,True,7825,7423,119.94692607510206
2239,df2519e3-f925-4522-b2b2-8a2e0d3efcab,8,2239,True,7862,7460,111.82877149918477
2240,df2519e3-f925-4522-b2b2-8a2e0d3efcab,8,2240,True,7883,7481,190.35190956061524
2241,df2519e3-f925-4522-b2b2-8a2e0d3efcab,8,2241,True,7910,7508,140.04793319221426
2242,df2519e3-f925-4522-b2b2-8a2e0d3efcab,8,2242,True,7948,7546,143.23804476353052
2243,df2519e3-f925-4522-b2b2-8a2e0d3efcab,8,2243,True,7982,7580,144.24671604982086
2244,df2519e3-f925-4522-b2b2-8a2e0d3efcab,8,2244,True,8002,7600,163.71748458521324
2245,df2519e3-f925-4522-b2b2-8a2e0d3efcab,8,2245,True,8030,7628,156.97724804861627
2246,df2519e3-f925-4522-b2b2-8a2e0d3efcab,8,2246,True,8066,7664,170.29235027811046
2247,df2519e3-f925-4522-b2b2-8a2e0d3efcab,8,2247,True,8103,7701,153.10570767123136
2248,df2519e3-f925-4522-b2b2-8a2e0d3efcab,8,2248,True,8133,7731,141.0296198176602
2249,df2519e3-f925-4522-b2b2-8a2e0d3efcab,8,2249,True,8159,7757,137.3388683359317
2250,df2519e3-f925-4522-b2b2-8a2e0d3efcab,8,2250,True,8192,7790,125.62608376586559
2251,df2519e3-f925-4522-b2b2-8a2e0d3efcab,8,2251,True,8217,7815,123.69686787614955
2252,df2519e3-f925-4522-b2b2-8a2e0d3efcab,8,2252,True,8249,7847,118.79834901022605
2253,df2519e3-f925-4522-b2b2-8a2e0d3efcab,8,2253,True,8280,7878,130.13451802975123
2254,df2519e3-f925-4522-b2b2-8a2e0d3efcab,8,2254,True,8312,7910,117.68244869426871
2255,df2519e3-f925-4522-b2b2-8a2e0d3efcab,8,2255,True,8344,7942,131.7439153602927
2256,df2519e3-f925-4522-b2b2-8a2e0d3efcab,8,2256,True,8375,7973,142.36472559836784
2257,df2519e3-f925-4522-b2b2-8a2e0d3efcab,8,2257,True,8401,7999,135.54495519098327
2258,df2519e3-f925-4522-b2b2-8a2e0d3efcab,8,2258,True,8429,8027,128.94272657662805
2259,df2519e3-f925-4522-b2b2-8a2e0d3efcab,8,2259,True,8460,8058,122.61902603448834
2260,df2519e3-f925-4522-b2b2-8a2e0d3efcab,8,2260,True,8487,8085,120.18093441073688
2261,df2519e3-f925-4522-b2b2-8a2e0d3efcab,8,2261,True,8525,8123,118.09987098917918
2262,df2519e3-f925-4522-b2b2-8a2e0d3efcab,8,2262,True,8548,8146,135.77122430990858
2263,df2519e3-f925-4522-b2b2-8a2e0d3efcab,8,2263,True,8585,8183,123.21297636012969
2264,df2519e3-f925-4522-b2b2-8a2e0d3efcab,8,2264,True,8608,8206,120.44799959875672
2265,df2519e3-f925-4522-b2b2-8a2e0d3efcab,8,2265,True,8645,8243,118.10500609277369
2266,df2519e3-f925-4522-b2b2-8a2e0d3efcab,8,2266,True,8679,8277,107.52431118972527
2267,df2519e3-f925-4522-b2b2-8a2e0d3efcab,8,2267,True,8711,8309,130.79490128280668
2268,df2519e3-f925-4522-b2b2-8a2e0d3efcab,8,2268,True,8745,8343,126.18964716402843
2269,df2519e3-f925-4522-b2b2-8a2e0d3efcab,8,2269,True,8775,8373,115.76511173104154
2270,df2519e3-f925-4522-b2b2-8a2e0d3efcab,8,2270,True,8807,8405,108.5973736424312
2271,df2519e3-f925-4522-b2b2-8a2e0d3efcab,8,2271,True,8841,8439,102.88495016500201
2272,df2519e3-f925-4522-b2b2-8a2e0d3efcab,8,2272,True,8866,8464,117.1318289560586
2273,df2519e3-f925-4522-b2b2-8a2e0d3efcab,8,2273,True,8898,8496,107.57731311643875
2274,df2519e3-f925-4522-b2b2-8a2e0d3efcab,8,2274,True,8921,8519,104.67623124832971
2275,df2519e3-f925-4522-b2b2-8a2e0d3efcab,8,2275,True,8959,8557,96.05691709162056
2276,df2519e3-f925-4522-b2b2-8a2e0d3efcab,8,2276,True,8992,8590,107.59819583467288
2277,df2519e3-f925-4522-b2b2-8a2e0d3efcab,8,2277,True,9015,8613,146.20441593776377
2278,df2519e3-f925-4522-b2b2-8a2e0d3efcab,8,2278,True,9042,8640,140.1318968777905
2279,df2519e3-f925-4522-b2b2-8a2e0d3efcab,8,2279,True,9069,8667,134.46496958076568
2280,df2519e3-f925-4522-b2b2-8a2e0d3efcab,8,2280,True,9112,8710,112.59474945585862
2281,df2519e3-f925-4522-b2b2-8a2e0d3efcab,8,2281,True,9150,8748,102.64296269778606
2282,df2519e3-f925-4522-b2b2-8a2e0d3efcab,8,2282,True,9173,8771,113.39397536433171
2283,df2519e3-f925-4522-b2b2-8a2e0d3efcab,8,2283,True,9200,8798,108.70235574320213
2284,df2519e3-f925-4522-b2b2-8a2e0d3efcab,8,2284,True,9227,8825,114.4987562992228
2285,df2519e3-f925-4522-b2b2-8a2e0d3efcab,8,2285,True,9269,8867,100.17718834413063
2286,df2519e3-f925-4522-b2b2-8a2e0d3efcab,8,2286,True,9304,8902,118.41079951815846
2287,df2519e3-f925-4522-b2b2-8a2e0d3efcab,8,2287,True,9355,8953,96.3024025203249
2288,df2519e3-f925-4522-b2b2-8a2e0d3efcab,8,2288,True,9392,8990,85.77816664038619
2289,df2519e3-f925-4522-b2b2-8a2e0d3efcab,8,2289,True,9426,9024,99.33508755006551
2290,df2519e3-f925-4522-b2b2-8a2e0d3efcab,8,2290,True,9466,9064,92.94024259533762
2291,df2519e3-f925-4522-b2b2-8a2e0d3efcab,8,2291,True,9503,9101,85.42778764190916
2292,df2519e3-f925-4522-b2b2-8a2e0d3efcab,8,2292,True,9534,9132,96.69060552288647
2293,df2519e3-f925-4522-b2b2-8a2e0d3efcab,8,2293,True,9564,9162,86.57228356124324
2294,df2519e3-f925-4522-b2b2-8a2e0d3efcab,8,2294,True,9605,9203,97.45907826062285
2295,df2519e3-f925-4522-b2b2-8a2e0d3efcab,8,2295,True,9633,9231,89.55959955767503
2296,df2519e3-f925-4522-b2b2-8a2e0d3efcab,8,2296,True,9662,9260,92.01857213764379
2297,df2519e3-f925-4522-b2b2-8a2e0d3efcab,8,2297,True,9691,9289,98.99829083472468
2298,df2519e3-f925-4522-b2b2-8a2e0d3efcab,8,2298,True,9725,9323,91.3139144855395
2299,df2519e3-f925-4522-b2b2-8a2e0d3efcab,8,2299,True,9752,9350,92.19937110455794
2300,df2519e3-f925-4522-b2b2-8a2e0d3efcab,8,2300,True,9776,9374,101.81234410649813
2301,df2519e3-f925-4522-b2b2-8a2e0d3efcab,8,2301,True,9806,9404,94.88681355440895
2302,df2519e3-f925-4522-b2b2-8a2e0d3efcab,8,2302,True,9827,9425,99.95032636139149
2303,df2519e3-f925-4522-b2b2-8a2e0d3efcab,8,2303,True,9864,9462,101.68405010341849
2304,df2519e3-f925-4522-b2b2-8a2e0d3efcab,8,2304,True,9894,9492,115.71574208228412
2305,df2519e3-f925-4522-b2b2-8a2e0d3efcab,8,2305,True,9933,9531,102.00509686345686
2306,df2519e3-f925-4522-b2b2-8a2e0d3efcab,8,2306,True,9965,9563,103.37400016434003
2307,df2519e3-f925-4522-b2b2-8a2e0d3efcab,8,2307,True,9988,9586,114.54276424157251
2308,df2519e3-f925-4522-b2b2-8a2e0d3efcab,8,2308,True,10025,9623,103.23658188648551
2309,df2519e3-f925-4522-b2b2-8a2e0d3efcab,8,2309,True,10055,9653,106.67403054255192
2310,df2519e3-f925-4522-b2b2-8a2e0d3efcab,8,2310,True,10087,9685,99.0219819718568
2311,df2519e3-f925-4522-b2b2-8a2e0d3efcab,8,2311,True,10123,9721,94.89626987244083
2312,df2519e3-f925-4522-b2b2-8a2e0d3efcab,8,2312,True,10148,9746,106.35588907792408
2313,df2519e3-f925-4522-b2b2-8a2e0d3efcab,8,2313,True,10173,9771,109.86276158920919
2314,df2519e3-f925-4522-b2b2-8a2e0d3efcab,8,2314,True,10206,9804,103.12961524953971
2315,df2519e3-f925-4522-b2b2-8a2e0d3efcab,8,2315,True,10238,9836,103.80211949047043
2316,df2519e3-f925-4522-b2b2-8a2e0d3efcab,8,2316,True,10266,9864,98.75450862212529
2317,df2519e3-f925-4522-b2b2-8a2e0d3efcab,8,2317,True,10299,9897,92.06620597915753
2318,df2519e3-f925-4522-b2b2-8a2e0d3efcab,8,2318,True,10332,9930,92.23650589061435
2319,df2519e3-f925-4522-b2b2-8a2e0d3efcab,8,2319,True,10367,9965,116.34956476678417
2320,df2519e3-f925-4522-b2b2-8a2e0d3efcab,8,2320,True,10393,9991,113.57747239830678
2321,df2519e3-f925-4522-b2b2-8a2e0d3efcab,8,2321,True,10417,10015,119.43281325308271
2322,df2519e3-f925-4522-b2b2-8a2e0d3efcab,8,2322,True,10451,10049,121.01072291745186
2323,df2519e3-f925-4522-b2b2-8a2e0d3efcab,8,2323,True,10476,10074,123.437418125357
2324,df2519e3-f925-4522-b2b2-8a2e0d3efcab,8,2324,True,10513,10111,128.44977685310914
2325,df2519e3-f925-4522-b2b2-8a2e0d3efcab,8,2325,True,10546,10144,146.00213156824975
2326,df2519e3-f925-4522-b2b2-8a2e0d3efcab,8,2326,True,10566,10164,104.72381052985293
2327,df2519e3-f925-4522-b2b2-8a2e0d3efcab,8,2327,True,10604,10202,114.02761003884916
2328,df2519e3-f925-4522-b2b2-8a2e0d3efcab,8,2328,True,10638,10236,109.80357257648757
2329,df2519e3-f925-4522-b2b2-8a2e0d3efcab,8,2329,True,10683,10281,99.92928920261329
2330,df2519e3-f925-4522-b2b2-8a2e0d3efcab,8,2330,True,10716,10314,111.9097868803965
2331,df2519e3-f925-4522-b2b2-8a2e0d3efcab,8,2331,True,10751,10349,116.74058508442613
2332,df2519e3-f925-4522-b2b2-8a2e0d3efcab,8,2332,True,10777,10375,113.76735968422145
2333,df2519e3-f925-4522-b2b2-8a2e0d3efcab,8,2333,True,10818,10416,104.30852955678165
2334,df2519e3-f925-4522-b2b2-8a2e0d3efcab,8,2334,True,10842,10440,102.39847734727118
2335,df2519e3-f925-4522-b2b2-8a2e0d3efcab,8,2335,True,10873,10471,109.71334671364457
2336,df2519e3-f925-4522-b2b2-8a2e0d3efcab,8,2336,True,10897,10495,103.93928627757305
2337,df2519e3-f925-4522-b2b2-8a2e0d3efcab,8,2337,True,10923,10521,108.05559267636272
2338,df2519e3-f925-4522-b2b2-8a2e0d3efcab,8,2338,True,10957,10555,104.0266228505152
2339,df2519e3-f925-4522-b2b2-8a2e0d3efcab,8,2339,True,10993,10591,108.65022684501855
2340,df2519e3-f925-4522-b2b2-8a2e0d3efcab,8,2340,True,11023,10621,102.75792310561155
2341,df2519e3-f925-4522-b2b2-8a2e0d3efcab,8,2341,True,11051,10649,107.77810458982094
2342,df2519e3-f925-4522-b2b2-8a2e0d3efcab,8,2342,True,11083,10681,107.53710934100855
2343,df2519e3-f925-4522-b2b2-8a2e0d3efcab,8,2343,True,11124,10722,89.4586681656856
2344,df2519e3-f925-4522-b2b2-8a2e0d3efcab,8,2344,True,11164,10762,114.35813009976846
2345,df2519e3-f925-4522-b2b2-8a2e0d3efcab,8,2345,True,11194,10792,106.28104454079767
2346,df2519e3-f925-4522-b2b2-8a2e0d3efcab,8,2346,True,11228,10826,105.08807937792335
2347,df2519e3-f925-4522-b2b2-8a2e0d3efcab,8,2347,True,11253,10851,101.15448925194505
2348,df2519e3-f925-4522-b2b2-8a2e0d3efcab,8,2348,True,11275,10873,103.08159893914853
2349,df2519e3-f925-4522-b2b2-8a2e0d3efcab,8,2349,True,11298,10896,116.41059517760186
2350,df2519e3-f925-4522-b2b2-8a2e0d3efcab,8,2350,True,11335,10933,100.26791807464906
2351,df2519e3-f925-4522-b2b2-8a2e0d3efcab,8,2351,True,11359,10957,101.21451632357457
2352,df2519e3-f925-4522-b2b2-8a2e0d3efcab,8,2352,True,11385,10983,108.71781565546189
2353,df2519e3-f925-4522-b2b2-8a2e0d3efcab,8,2353,True,11422,11020,113.03275762176236
2354,df2519e3-f925-4522-b2b2-8a2e0d3efcab,8,2354,True,11456,11054,110.47961175581986
2355,df2519e3-f925-4522-b2b2-8a2e0d3efcab,8,2355,True,11490,11088,102.3284047731886
2356,df2519e3-f925-4522-b2b2-8a2e0d3efcab,8,2356,True,11523,11121,102.61415462183504
2357,df2519e3-f925-4522-b2b2-8a2e0d3efcab,8,2357,True,11562,11160,90.01896466061953
2358,df2519e3-f925-4522-b2b2-8a2e0d3efcab,8,2358,True,11587,11185,99.29575333674256
2359,df2519e3-f925-4522-b2b2-8a2e0d3efcab,8,2359,True,11614,11212,97.46498125386643
2360,df2519e3-f925-4522-b2b2-8a2e0d3efcab,8,2360,True,11637,11235,113.05453845557349
2361,df2519e3-f925-4522-b2b2-8a2e0d3efcab,8,2361,True,11677,11275,97.84664256733049
2362,df2519e3-f925-4522-b2b2-8a2e0d3efcab,8,2362,True,11710,11308,98.74670143912772
2363,df2519e3-f925-4522-b2b2-8a2e0d3efcab,8,2363,True,11740,11338,94.98500986408908
2364,df2519e3-f925-4522-b2b2-8a2e0d3efcab,8,2364,True,11783,11381,79.30814903330611
2365,df2519e3-f925-4522-b2b2-8a2e0d3efcab,8,2365,True,11822,11420,88.3531370127148
2366,df2519e3-f925-4522-b2b2-8a2e0d3efcab,8,2366,True,11849,11447,87.18544483701044
2367,df2519e3-f925-4522-b2b2-8a2e0d3efcab,8,2367,True,11882,11480,83.91288548568627
2368,df2519e3-f925-4522-b2b2-8a2e0d3efcab,8,2368,True,11909,11507,92.70756424238971
2369,df2519e3-f925-4522-b2b2-8a2e0d3efcab,8,2369,True,11942,11540,100.72730455548117
2370,df2519e3-f925-4522-b2b2-8a2e0d3efcab,8,2370,True,11979,11577,86.90444335743996
2371,df2519e3-f925-4522-b2b2-8a2e0d3efcab,8,2371,True,12013,11611,99.4167678310605
2372,df2519e3-f925-4522-b2b2-8a2e0d3efcab,8,2372,True,12046,11644,93.66711807441789
2373,df2519e3-f925-4522-b2b2-8a2e0d3efcab,8,2373,True,12073,11671,91.35235077775906
2374,df2519e3-f925-4522-b2b2-8a2e0d3efcab,8,2374,True,12100,11698,98.50454630598324
2375,df2519e3-f925-4522-b2b2-8a2e0d3efcab,8,2375,True,12131,11729,102.29459037742527
2376,df2519e3-f925-4522-b2b2-8a2e0d3efcab,8,2376,True,12177,11775,90.25612099323735
2377,df2519e3-f925-4522-b2b2-8a2e0d3efcab,8,2377,True,12205,11803,82.88683879845121
2378,df2519e3-f925-4522-b2b2-8a2e0d3efcab,8,2378,True,12232,11830,84.55902165027692
2379,df2519e3-f925-4522-b2b2-8a2e0d3efcab,8,2379,True,12261,11859,102.33851390378913
2380,df2519e3-f925-4522-b2b2-8a2e0d3efcab,8,2380,True,12290,11888,105.04848665055397
2381,df2519e3-f925-4522-b2b2-8a2e0d3efcab,8,2381,True,12323,11921,102.70416636841219
2382,df2519e3-f925-4522-b2b2-8a2e0d3efcab,8,2382,True,12360,11958,97.6582601497812
2383,df2519e3-f925-4522-b2b2-8a2e0d3efcab,8,2383,True,12381,11979,96.63902244811288
2384,df2519e3-f925-4522-b2b2-8a2e0d3efcab,8,2384,True,12404,12002,101.29146459772164
2385,df2519e3-f925-4522-b2b2-8a2e0d3efcab,8,2385,True,12445,12043,81.9552442063632
2386,df2519e3-f925-4522-b2b2-8a2e0d3efcab,8,2386,True,12483,12081,91.26399901319564
2387,df2519e3-f925-4522-b2b2-8a2e0d3efcab,8,2387,True,12518,12116,89.99396744505066
2388,df2519e3-f925-4522-b2b2-8a2e0d3efcab,8,2388,True,12543,12141,90.44501160882464
2389,df2519e3-f925-4522-b2b2-8a2e0d3efcab,8,2389,True,12576,12174,90.6162432723795
2390,df2519e3-f925-4522-b2b2-8a2e0d3efcab,8,2390,True,12605,12203,87.53580514214809
2391,df2519e3-f925-4522-b2b2-8a2e0d3efcab,8,2391,True,12642,12240,101.38943279598789
2392,df2519e3-f925-4522-b2b2-8a2e0d3efcab,8,2392,True,12679,12277,106.84945556972889
2393,df2519e3-f925-4522-b2b2-8a2e0d3efcab,8,2393,True,12718,12316,99.73480202486098
2394,df2519e3-f925-4522-b2b2-8a2e0d3efcab,8,2394,True,12751,12349,82.98720462603887
2395,df2519e3-f925-4522-b2b2-8a2e0d3efcab,8,2395,True,12781,12379,95.38139270222564
2396,df2519e3-f925-4522-b2b2-8a2e0d3efcab,8,2396,True,12803,12401,107.54971327383828
2397,df2519e3-f925-4522-b2b2-8a2e0d3efcab,8,2397,True,12842,12440,95.74986414076739
2398,df2519e3-f925-4522-b2b2-8a2e0d3efcab,8,2398,True,12868,12466,103.74606789088466
2399,df2519e3-f925-4522-b2b2-8a2e0d3efcab,8,2399,True,12896,12494,102.21051901344617
2400,df2519e3-f925-4522-b2b2-8a2e0d3efcab,8,2400,True,12926,12524,103.96112815310335
2401,df2519e3-f925-4522-b2b2-8a2e0d3efcab,8,2401,True,12950,12548,97.24050342667942
2402,df2519e3-f925-4522-b2b2-8a2e0d3efcab,8,2402,True,12980,12578,102.35019672568706
2403,df2519e3-f925-4522-b2b2-8a2e0d3efcab,8,2403,True,13015,12613,90.98858936291435
2404,df2519e3-f925-4522-b2b2-8a2e0d3efcab,8,2404,True,13050,12648,89.6569088478027
2405,df2519e3-f925-4522-b2b2-8a2e0d3efcab,8,2405,True,13087,12685,91.5679159786414
2406,df2519e3-f925-4522-b2b2-8a2e0d3efcab,8,2406,True,13113,12711,86.21349044202725
2407,df2519e3-f925-4522-b2b2-8a2e0d3efcab,8,2407,True,13146,12744,77.80871006691268
2408,df2519e3-f925-4522-b2b2-8a2e0d3efcab,8,2408,True,13176,12774,84.048264735462
2409,df2519e3-f925-4522-b2b2-8a2e0d3efcab,8,2409,True,13214,12812,85.41543086529418
2410,df2519e3-f925-4522-b2b2-8a2e0d3efcab,8,2410,True,13244,12842,83.75626853049835
2411,df2519e3-f925-4522-b2b2-8a2e0d3efcab,8,2411,True,13270,12868,113.02960872719268
2412,df2519e3-f925-4522-b2b2-8a2e0d3efcab,8,2412,True,13301,12899,100.73160539044693
2413,df2519e3-f925-4522-b2b2-8a2e0d3efcab,8,2413,True,13333,12931,102.77915169054722
2414,df2519e3-f925-4522-b2b2-8a2e0d3efcab,8,2414,True,13370,12968,101.80950395723812
2415,df2519e3-f925-4522-b2b2-8a2e0d3efcab,8,2415,True,13405,13003,97.81172442843854
2416,df2519e3-f925-4522-b2b2-8a2e0d3efcab,8,2416,True,13436,13034,98.88436522629854
2417,df2519e3-f925-4522-b2b2-8a2e0d3efcab,8,2417,True,13467,13065,86.01282361799349
2418,df2519e3-f925-4522-b2b2-8a2e0d3efcab,8,2418,True,13508,13106,83.84895136061277
2419,df2519e3-f925-4522-b2b2-8a2e0d3efcab,8,2419,True,13552,13150,85.5083977262675
2420,df2519e3-f925-4522-b2b2-8a2e0d3efcab,8,2420,True,13585,13183,87.62004076406265
2421,df2519e3-f925-4522-b2b2-8a2e0d3efcab,8,2421,True,13609,13207,83.10481420952783
2422,df2519e3-f925-4522-b2b2-8a2e0d3efcab,8,2422,True,13632,13230,102.41088908889469
2423,df2519e3-f925-4522-b2b2-8a2e0d3efcab,8,2423,True,13662,13260,102.72996880856772
2424,df2519e3-f925-4522-b2b2-8a2e0d3efcab,8,2424,True,13688,13286,98.42297523824527
2425,df2519e3-f925-4522-b2b2-8a2e0d3efcab,8,2425,True,13718,13316,97.93012952171011
2426,df2519e3-f925-4522-b2b2-8a2e0d3efcab,8,2426,True,13753,13351,89.31565949671676
2427,df2519e3-f925-4522-b2b2-8a2e0d3efcab,8,2427,True,13784,13382,100.37779604131356
2428,df2519e3-f925-4522-b2b2-8a2e0d3efcab,8,2428,True,13811,13409,94.36213010676875
2429,df2519e3-f925-4522-b2b2-8a2e0d3efcab,8,2429,True,13836,13434,113.10679647640427
2430,df2519e3-f925-4522-b2b2-8a2e0d3efcab,8,2430,True,13863,13461,119.2525551291219
2431,df2519e3-f925-4522-b2b2-8a2e0d3efcab,8,2431,True,13899,13497,125.36068129221167
2432,df2519e3-f925-4522-b2b2-8a2e0d3efcab,8,2432,True,13932,13530,121.66344382650459
2433,df2519e3-f925-4522-b2b2-8a2e0d3efcab,8,2433,True,13953,13551,120.79022199158499
2434,df2519e3-f925-4522-b2b2-8a2e0d3efcab,8,2434,True,13982,13580,112.4088009952975
2435,df2519e3-f925-4522-b2b2-8a2e0d3efcab,8,2435,True,14016,13614,97.21606951272406
2436,df2519e3-f925-4522-b2b2-8a2e0d3efcab,8,2436,True,14043,13641,119.53431819524121
2437,df2519e3-f925-4522-b2b2-8a2e0d3efcab,8,2437,True,14073,13671,114.15979017130667
2438,df2519e3-f925-4522-b2b2-8a2e0d3efcab,8,2438,True,14120,13718,89.8125065408858
2439,df2519e3-f925-4522-b2b2-8a2e0d3efcab,8,2439,True,14148,13746,90.67456564592248
2440,df2519e3-f925-4522-b2b2-8a2e0d3efcab,8,2440,True,14182,13780,96.61741450025511
2441,df2519e3-f925-4522-b2b2-8a2e0d3efcab,8,2441,True,14206,13804,102.85153072051253
2442,df2519e3-f925-4522-b2b2-8a2e0d3efcab,8,2442,True,14242,13840,87.90589219452704
2443,df2519e3-f925-4522-b2b2-8a2e0d3efcab,8,2443,True,14270,13868,121.5613872451031
2444,df2519e3-f925-4522-b2b2-8a2e0d3efcab,8,2444,True,14300,13898,119.92772782791872
2445,df2519e3-f925-4522-b2b2-8a2e0d3efcab,8,2445,True,14330,13928,110.36300874412336
2446,df2519e3-f925-4522-b2b2-8a2e0d3efcab,8,2446,True,14361,13959,115.18115383319127
2447,df2519e3-f925-4522-b2b2-8a2e0d3efcab,8,2447,True,14401,13999,103.9387476484153
2448,df2519e3-f925-4522-b2b2-8a2e0d3efcab,8,2448,True,14443,14041,99.50495700895954
2449,df2519e3-f925-4522-b2b2-8a2e0d3efcab,8,2449,True,14479,14077,94.74580308783698
2450,df2519e3-f925-4522-b2b2-8a2e0d3efcab,8,2450,True,14507,14105,114.55621979602984
2451,df2519e3-f925-4522-b2b2-8a2e0d3efcab,8,2451,True,14526,14124,151.59870911437793
2452,df2519e3-f925-4522-b2b2-8a2e0d3efcab,8,2452,True,14558,14156,137.83986792723226
2453,df2519e3-f925-4522-b2b2-8a2e0d3efcab,8,2453,True,14592,14190,124.44607008975254
2454,df2519e3-f925-4522-b2b2-8a2e0d3efcab,8,2454,True,14637,14235,99.72991139785336
2455,df2519e3-f925-4522-b2b2-8a2e0d3efcab,8,2455,True,14661,14259,101.02287185486784
2456,df2519e3-f925-4522-b2b2-8a2e0d3efcab,8,2456,True,14693,14291,102.09555387854562
2457,df2519e3-f925-4522-b2b2-8a2e0d3efcab,8,2457,True,14727,14325,104.3634780682496
2458,df2519e3-f925-4522-b2b2-8a2e0d3efcab,8,2458,True,14758,14356,96.46601787752115
2459,df2519e3-f925-4522-b2b2-8a2e0d3efcab,8,2459,True,14779,14377,121.54059300027257
2460,df2519e3-f925-4522-b2b2-8a2e0d3efcab,8,2460,True,14810,14408,112.11582585940778
2461,df2519e3-f925-4522-b2b2-8a2e0d3efcab,8,2461,True,14841,14439,124.29862159691402
2462,df2519e3-f925-4522-b2b2-8a2e0d3efcab,8,2462,True,14875,14473,136.8816529293108
2463,df2519e3-f925-4522-b2b2-8a2e0d3efcab,8,2463,True,14914,14512,131.8104142026168
2464,df2519e3-f925-4522-b2b2-8a2e0d3efcab,8,2464,True,14945,14543,125.17122983332047
2465,df2519e3-f925-4522-b2b2-8a2e0d3efcab,8,2465,True,14978,14576,119.0214796821474
2466,df2519e3-f925-4522-b2b2-8a2e0d3efcab,8,2466,True,15008,14606,109.00097341454602
2467,df2519e3-f925-4522-b2b2-8a2e0d3efcab,8,2467,True,15032,14630,105.39044807799837
2468,df2519e3-f925-4522-b2b2-8a2e0d3efcab,8,2468,True,15064,14662,110.22194053904605
2469,df2519e3-f925-4522-b2b2-8a2e0d3efcab,8,2469,True,15094,14692,110.74377224662385
2470,df2519e3-f925-4522-b2b2-8a2e0d3efcab,8,2470,True,15132,14730,126.05641980587097
2471,df2519e3-f925-4522-b2b2-8a2e0d3efcab,8,2471,True,15154,14752,123.1877361177194
2472,df2519e3-f925-4522-b2b2-8a2e0d3efcab,8,2472,True,15193,14791,105.51068550797572
2473,df2519e3-f925-4522-b2b2-8a2e0d3efcab,8,2473,True,15228,14826,106.60349619833869
2474,df2519e3-f925-4522-b2b2-8a2e0d3efcab,8,2474,True,15261,14859,101.60065639269487
2475,df2519e3-f925-4522-b2b2-8a2e0d3efcab,8,2475,True,15297,14895,98.47897659769478
2476,df2519e3-f925-4522-b2b2-8a2e0d3efcab,8,2476,True,15331,14929,89.57368173958275
2477,df2519e3-f925-4522-b2b2-8a2e0d3efcab,8,2477,True,15355,14953,96.53409600654959
2478,df2519e3-f925-4522-b2b2-8a2e0d3efcab,8,2478,True,15388,14986,106.37149479682921
2479,df2519e3-f925-4522-b2b2-8a2e0d3efcab,8,2479,True,15418,15016,112.99994651377892
2480,df2519e3-f925-4522-b2b2-8a2e0d3efcab,8,2480,True,15453,15051,105.447546329533
2481,df2519e3-f925-4522-b2b2-8a2e0d3efcab,8,2481,True,15476,15074,111.55408699755026
2482,df2519e3-f925-4522-b2b2-8a2e0d3efcab,8,2482,True,15507,15105,112.99691092372268
2483,df2519e3-f925-4522-b2b2-8a2e0d3efcab,8,2483,True,15539,15137,104.68789810824092
2484,df2519e3-f925-4522-b2b2-8a2e0d3efcab,8,2484,True,15577,15175,101.77479217861583
2485,df2519e3-f925-4522-b2b2-8a2e0d3efcab,8,2485,True,15608,15206,96.6735303580117
2486,df2519e3-f925-4522-b2b2-8a2e0d3efcab,8,2486,True,15638,15236,98.70443218856417
2487,df2519e3-f925-4522-b2b2-8a2e0d3efcab,8,2487,True,15669,15267,90.41880225453497
2488,df2519e3-f925-4522-b2b2-8a2e0d3efcab,8,2488,True,15696,15294,98.5561095623143
2489,df2519e3-f925-4522-b2b2-8a2e0d3efcab,8,2489,True,15727,15325,101.76449751803739
2490,df2519e3-f925-4522-b2b2-8a2e0d3efcab,8,2490,True,15750,15348,95.6412333000826
2491,df2519e3-f925-4522-b2b2-8a2e0d3efcab,8,2491,True,15794,15392,103.38546182532082
2492,df2519e3-f925-4522-b2b2-8a2e0d3efcab,8,2492,True,15819,15417,100.59715074197811
2493,df2519e3-f925-4522-b2b2-8a2e0d3efcab,8,2493,True,15847,15445,100.09234266435851
2494,df2519e3-f925-4522-b2b2-8a2e0d3efcab,8,2494,True,15875,15473,90.23607976135827
2495,df2519e3-f925-4522-b2b2-8a2e0d3efcab,8,2495,True,15907,15505,81.91818278951541
2496,df2519e3-f925-4522-b2b2-8a2e0d3efcab,8,2496,True,15937,15535,96.72465160005049
2497,df2519e3-f925-4522-b2b2-8a2e0d3efcab,8,2497,True,15966,15564,93.9758260155395
2498,df2519e3-f925-4522-b2b2-8a2e0d3efcab,8,2498,True,15993,15591,88.28375004056761
2499,df2519e3-f925-4522-b2b2-8a2e0d3efcab,8,2499,True,16029,15627,87.86332750709153
2500,df2519e3-f925-4522-b2b2-8a2e0d3efcab,8,2500,True,16064,15662,86.51512600187016
2501,df2519e3-f925-4522-b2b2-8a2e0d3efcab,8,2501,True,16094,15692,99.72381873156155
2502,df2519e3-f925-4522-b2b2-8a2e0d3efcab,8,2502,True,16122,15720,101.81249871098407
2503,df2519e3-f925-4522-b2b2-8a2e0d3efcab,8,2503,True,16148,15746,110.11148923113251
2504,df2519e3-f925-4522-b2b2-8a2e0d3efcab,8,2504,True,16174,15772,168.42082137040597
2505,df2519e3-f925-4522-b2b2-8a2e0d3efcab,8,2505,True,16203,15801,116.83832975653786
2506,df2519e3-f925-4522-b2b2-8a2e0d3efcab,8,2506,True,16231,15829,137.03295805575726
2507,df2519e3-f925-4522-b2b2-8a2e0d3efcab,8,2507,True,16255,15853,113.03295805575726
2508,df2519e3-f925-4522-b2b2-8a2e0d3efcab,8,2508,True,16286,15884,104.21487878648804
2509,df2519e3-f925-4522-b2b2-8a2e0d3efcab,8,2509,True,16327,15925,119.37439434275075
2510,df2519e3-f925-4522-b2b2-8a2e0d3efcab,8,2510,True,16354,15952,112.38678805632117
2511,df2519e3-f925-4522-b2b2-8a2e0d3efcab,8,2511,True,16381,15979,103.96878765939437
2512,df2519e3-f925-4522-b2b2-8a2e0d3efcab,8,2512,True,16400,15998,111.6139719711482
2513,df2519e3-f925-4522-b2b2-8a2e0d3efcab,8,2513,True,16431,16029,164.63706129261118
2514,df2519e3-f925-4522-b2b2-8a2e0d3efcab,8,2514,True,16455,16053,122.76574611153774
2515,df2519e3-f925-4522-b2b2-8a2e0d3efcab,8,2515,True,16484,16082,135.10967494078432
2516,df2519e3-f925-4522-b2b2-8a2e0d3efcab,8,2516,True,16516,16114,124.06806782984677
2517,df2519e3-f925-4522-b2b2-8a2e0d3efcab,8,2517,True,16546,16144,140.22895731379685
2518,df2519e3-f925-4522-b2b2-8a2e0d3efcab,8,2518,True,16579,16177,127.57323685253687
2519,df2519e3-f925-4522-b2b2-8a2e0d3efcab,8,2519,True,16610,16208,119.57394983576523
2520,df2519e3-f925-4522-b2b2-8a2e0d3efcab,8,2520,True,16646,16244,107.06888708549923
2521,df2519e3-f925-4522-b2b2-8a2e0d3efcab,8,2521,True,16677,16275,102.66506869900331
2522,df2519e3-f925-4522-b2b2-8a2e0d3efcab,8,2522,True,16710,16308,106.59242752468344
2523,df2519e3-f925-4522-b2b2-8a2e0d3efcab,8,2523,True,16729,16327,109.17682723524194
2524,df2519e3-f925-4522-b2b2-8a2e0d3efcab,8,2524,True,16754,16352,111.10190026428609
2525,df2519e3-f925-4522-b2b2-8a2e0d3efcab,8,2525,True,16789,16387,102.90259152906947
2526,df2519e3-f925-4522-b2b2-8a2e0d3efcab,8,2526,True,16813,16411,109.03080425345252
2527,df2519e3-f925-4522-b2b2-8a2e0d3efcab,8,2527,True,16838,16436,156.9611685859163
2528,df2519e3-f925-4522-b2b2-8a2e0d3efcab,8,2528,True,16865,16463,146.7592840936013
2529,df2519e3-f925-4522-b2b2-8a2e0d3efcab,8,2529,True,16892,16490,140.3087368398228
2530,df2519e3-f925-4522-b2b2-8a2e0d3efcab,8,2530,True,16911,16509,140.5412398718363
2531,df2519e3-f925-4522-b2b2-8a2e0d3efcab,8,2531,True,16942,16540,130.34512151876334
2532,df2519e3-f925-4522-b2b2-8a2e0d3efcab,8,2532,True,16974,16572,175.900122363837
2533,df2519e3-f925-4522-b2b2-8a2e0d3efcab,8,2533,True,17000,16598,127.89746064224528
2534,df2519e3-f925-4522-b2b2-8a2e0d3efcab,8,2534,True,17033,16631,142.9210399176991
2535,df2519e3-f925-4522-b2b2-8a2e0d3efcab,8,2535,True,17069,16667,156.61641536368552
2536,df2519e3-f925-4522-b2b2-8a2e0d3efcab,8,2536,True,17093,16691,109.9938197879419
2537,df2519e3-f925-4522-b2b2-8a2e0d3efcab,8,2537,True,17128,16726,123.90742540070278
2538,df2519e3-f925-4522-b2b2-8a2e0d3efcab,8,2538,True,17162,16760,120.22802746709567
2539,df2519e3-f925-4522-b2b2-8a2e0d3efcab,8,2539,True,17189,16787,113.88637893021223
2540,df2519e3-f925-4522-b2b2-8a2e0d3efcab,8,2540,True,17215,16813,110.62664969212346
2541,df2519e3-f925-4522-b2b2-8a2e0d3efcab,8,2541,True,17250,16848,97.68416528098169
2542,df2519e3-f925-4522-b2b2-8a2e0d3efcab,8,2542,True,17291,16889,83.70110504455442
2543,df2519e3-f925-4522-b2b2-8a2e0d3efcab,8,2543,True,17318,16916,96.0792451535126
2544,df2519e3-f925-4522-b2b2-8a2e0d3efcab,8,2544,True,17348,16946,92.01227978746465
2545,df2519e3-f925-4522-b2b2-8a2e0d3efcab,8,2545,True,17379,16977,89.81635576969347
2546,df2519e3-f925-4522-b2b2-8a2e0d3efcab,8,2546,True,17409,17007,113.22837498552326
2547,df2519e3-f925-4522-b2b2-8a2e0d3efcab,8,2547,True,17445,17043,102.46086828850093
2548,df2519e3-f925-4522-b2b2-8a2e0d3efcab,8,2548,True,17470,17068,113.40151763761241
2549,df2519e3-f925-4522-b2b2-8a2e0d3efcab,8,2549,True,17499,17097,109.17992877321376
2550,df2519e3-f925-4522-b2b2-8a2e0d3efcab,8,2550,True,17536,17134,101.28584021969436
2551,df2519e3-f925-4522-b2b2-8a2e0d3efcab,8,2551,True,17561,17159,102.3892331453826
2552,df2519e3-f925-4522-b2b2-8a2e0d3efcab,8,2552,True,17584,17182,100.62732804712505
2553,df2519e3-f925-4522-b2b2-8a2e0d3efcab,8,2553,True,17620,17218,89.73646024069967
2554,df2519e3-f925-4522-b2b2-8a2e0d3efcab,8,2554,True,17652,17250,95.15598785436305
2555,df2519e3-f925-4522-b2b2-8a2e0d3efcab,8,2555,True,17684,17282,88.30230083264905
2556,df2519e3-f925-4522-b2b2-8a2e0d3efcab,8,2556,True,17713,17311,93.65202225797111
2557,df2519e3-f925-4522-b2b2-8a2e0d3efcab,8,2557,True,17747,17345,101.47946507722372
2558,df2519e3-f925-4522-b2b2-8a2e0d3efcab,8,2558,True,17788,17386,98.80865682606964
2559,df2519e3-f925-4522-b2b2-8a2e0d3efcab,8,2559,True,17820,17418,89.04579672409818
2560,df2519e3-f925-4522-b2b2-8a2e0d3efcab,8,2560,True,17856,17454,110.50241443722189
2561,df2519e3-f925-4522-b2b2-8a2e0d3efcab,8,2561,True,17881,17479,108.409725902231
2562,df2519e3-f925-4522-b2b2-8a2e0d3efcab,8,2562,True,17916,17514,99.16041161053727
2563,df2519e3-f925-4522-b2b2-8a2e0d3efcab,8,2563,True,17947,17545,107.20001390547623
2564,df2519e3-f925-4522-b2b2-8a2e0d3efcab,8,2564,True,17975,17573,107.58819586026948
2565,df2519e3-f925-4522-b2b2-8a2e0d3efcab,8,2565,True,18005,17603,109.74446738841652
2566,df2519e3-f925-4522-b2b2-8a2e0d3efcab,8,2566,True,18038,17636,111.88064535295052
2567,df2519e3-f925-4522-b2b2-8a2e0d3efcab,8,2567,True,18076,17674,99.12756108501708
2568,df2519e3-f925-4522-b2b2-8a2e0d3efcab,8,2568,True,18114,17712,104.74365296230826
2569,df2519e3-f925-4522-b2b2-8a2e0d3efcab,8,2569,True,18142,17740,114.63584590215032
2570,df2519e3-f925-4522-b2b2-8a2e0d3efcab,8,2570,True,18171,17769,133.0971502137727
2571,df2519e3-f925-4522-b2b2-8a2e0d3efcab,8,2571,True,18191,17789,130.85638818759253
2572,df2519e3-f925-4522-b2b2-8a2e0d3efcab,8,2572,True,18224,17822,126.80424454650347
2573,df2519e3-f925-4522-b2b2-8a2e0d3efcab,8,2573,True,18251,17849,124.12509242249507
2574,df2519e3-f925-4522-b2b2-8a2e0d3efcab,8,2574,True,18289,17887,108.07406159041057
2575,df2519e3-f925-4522-b2b2-8a2e0d3efcab,8,2575,True,18326,17924,122.9344010718487
2576,df2519e3-f925-4522-b2b2-8a2e0d3efcab,8,2576,True,18362,17960,113.2018946324315
2577,df2519e3-f925-4522-b2b2-8a2e0d3efcab,8,2577,True,18388,17986,114.2028566021836
2578,df2519e3-f925-4522-b2b2-8a2e0d3efcab,8,2578,True,18426,18024,98.13209689196447
2579,df2519e3-f925-4522-b2b2-8a2e0d3efcab,8,2579,True,18473,18071,88.90464438666459
2580,df2519e3-f925-4522-b2b2-8a2e0d3efcab,8,2580,True,18497,18095,105.0392782633644
2581,df2519e3-f925-4522-b2b2-8a2e0d3efcab,8,2581,True,18541,18139,88.02568695778973
2582,df2519e3-f925-4522-b2b2-8a2e0d3efcab,8,2582,True,18579,18177,93.15540078749837
2583,df2519e3-f925-4522-b2b2-8a2e0d3efcab,8,2583,True,18608,18206,94.85787366978548
2584,df2519e3-f925-4522-b2b2-8a2e0d3efcab,8,2584,True,18643,18241,86.66292399310623
2585,df2519e3-f925-4522-b2b2-8a2e0d3efcab,8,2585,True,18679,18277,73.73517581585838
2586,df2519e3-f925-4522-b2b2-8a2e0d3efcab,8,2586,True,18710,18308,80.83453026560528
2587,df2519e3-f925-4522-b2b2-8a2e0d3efcab,8,2587,True,18739,18337,104.85170860975632
2588,df2519e3-f925-4522-b2b2-8a2e0d3efcab,8,2588,True,18768,18366,93.95626970386002
2589,df2519e3-f925-4522-b2b2-8a2e0d3efcab,8,2589,True,18800,18398,91.78218326686692
2590,df2519e3-f925-4522-b2b2-8a2e0d3efcab,8,2590,True,18829,18427,91.84145654864551
2591,df2519e3-f925-4522-b2b2-8a2e0d3efcab,8,2591,True,18863,18461,99.50296339064516
2592,df2519e3-f925-4522-b2b2-8a2e0d3efcab,8,2592,True,18898,18496,87.52024248215457
2593,df2519e3-f925-4522-b2b2-8a2e0d3efcab,8,2593,True,18932,18530,85.72481121060264
2594,df2519e3-f925-4522-b2b2-8a2e0d3efcab,8,2594,True,18965,18563,82.81986127826531
2595,df2519e3-f925-4522-b2b2-8a2e0d3efcab,8,2595,True,18997,18595,88.96396750893473
2596,df2519e3-f925-4522-b2b2-8a2e0d3efcab,8,2596,True,19019,18617,93.97361804625689
2597,df2519e3-f925-4522-b2b2-8a2e0d3efcab,8,2597,True,19063,18661,82.18400938407649
2598,df2519e3-f925-4522-b2b2-8a2e0d3efcab,8,2598,True,19094,18692,100.73067057567096
2599,df2519e3-f925-4522-b2b2-8a2e0d3efcab,8,2599,True,19126,18724,100.09827410609432
2600,df2519e3-f925-4522-b2b2-8a2e0d3efcab,8,2600,True,19153,18751,100.3239164265542
2601,df2519e3-f925-4522-b2b2-8a2e0d3efcab,8,2601,True,19178,18776,99.06442308100668
2602,df2519e3-f925-4522-b2b2-8a2e0d3efcab,8,2602,True,19209,18807,85.43157437575792
2603,df2519e3-f925-4522-b2b2-8a2e0d3efcab,8,2603,True,19236,18834,88.53768298149953
2604,df2519e3-f925-4522-b2b2-8a2e0d3efcab,8,2604,True,19270,18868,87.83915241366412
2605,df2519e3-f925-4522-b2b2-8a2e0d3efcab,8,2605,True,19300,18898,88.78620889643935
2606,df2519e3-f925-4522-b2b2-8a2e0d3efcab,8,2606,True,19333,18931,80.06507831039198
2607,df2519e3-f925-4522-b2b2-8a2e0d3efcab,8,2607,True,19365,18963,112.73028343203259
2608,df2519e3-f925-4522-b2b2-8a2e0d3efcab,8,2608,True,19408,19006,97.2480142612585
2609,df2519e3-f925-4522-b2b2-8a2e0d3efcab,8,2609,True,19428,19026,102.33348705998651
2610,df2519e3-f925-4522-b2b2-8a2e0d3efcab,8,2610,True,19455,19053,97.25091876085207
2611,df2519e3-f925-4522-b2b2-8a2e0d3efcab,8,2611,True,19485,19083,95.2721845752094
2612,df2519e3-f925-4522-b2b2-8a2e0d3efcab,8,2612,True,19514,19112,88.32627400986894
2613,df2519e3-f925-4522-b2b2-8a2e0d3efcab,8,2613,True,19545,19143,97.34878266460873
2614,df2519e3-f925-4522-b2b2-8a2e0d3efcab,8,2614,True,19579,19177,92.4441142867363
2615,df2519e3-f925-4522-b2b2-8a2e0d3efcab,8,2615,True,19605,19203,93.42312603686514
2616,df2519e3-f925-4522-b2b2-8a2e0d3efcab,8,2616,True,19640,19238,103.76132016749762
2617,df2519e3-f925-4522-b2b2-8a2e0d3efcab,8,2617,True,19673,19271,93.33083636938682
2618,df2519e3-f925-4522-b2b2-8a2e0d3efcab,8,2618,True,19704,19302,91.14439886069158
2619,df2519e3-f925-4522-b2b2-8a2e0d3efcab,8,2619,True,19736,19334,91.42461711108263
2620,df2519e3-f925-4522-b2b2-8a2e0d3efcab,8,2620,True,19763,19361,109.02685582331105
2621,df2519e3-f925-4522-b2b2-8a2e0d3efcab,8,2621,True,19785,19383,114.82986232432086
2622,df2519e3-f925-4522-b2b2-8a2e0d3efcab,8,2622,True,19821,19419,104.3296225237973
2623,df2519e3-f925-4522-b2b2-8a2e0d3efcab,8,2623,True,19852,19450,93.39709187305561
2624,df2519e3-f925-4522-b2b2-8a2e0d3efcab,8,2624,True,19882,19480,95.27973139458118
2625,df2519e3-f925-4522-b2b2-8a2e0d3efcab,8,2625,True,19916,19514,88.75702707489108
2626,df2519e3-f925-4522-b2b2-8a2e0d3efcab,8,2626,True,19942,19540,94.06653514356003
2627,df2519e3-f925-4522-b2b2-8a2e0d3efcab,8,2627,True,19970,19568,89.76208727549965
2628,df2519e3-f925-4522-b2b2-8a2e0d3efcab,8,2628,True,20001,19599,89.16580293255538
2629,df2519e3-f925-4522-b2b2-8a2e0d3efcab,8,2629,True,20019,19617,94.56667878048029
2630,df2519e3-f925-4522-b2b2-8a2e0d3efcab,8,2630,True,20057,19655,84.71911018367973
2631,df2519e3-f925-4522-b2b2-8a2e0d3efcab,8,2631,True,20083,19681,91.9092962767063
2632,df2519e3-f925-4522-b2b2-8a2e0d3efcab,8,2632,True,20112,19710,93.15808590625602
2633,df2519e3-f925-4522-b2b2-8a2e0d3efcab,8,2633,True,20148,19746,83.33359819907491
2634,df2519e3-f925-4522-b2b2-8a2e0d3efcab,8,2634,True,20168,19766,104.78609749355019
2635,df2519e3-f925-4522-b2b2-8a2e0d3efcab,8,2635,True,20198,19796,116.7148896871222
2636,df2519e3-f925-4522-b2b2-8a2e0d3efcab,8,2636,True,20241,19839,102.8667295723244
2637,df2519e3-f925-4522-b2b2-8a2e0d3efcab,8,2637,True,20268,19866,107.33577737571613
2638,df2519e3-f925-4522-b2b2-8a2e0d3efcab,8,2638,True,20307,19905,111.44438282145347
2639,df2519e3-f925-4522-b2b2-8a2e0d3efcab,8,2639,True,20343,19941,101.02887819590615
2640,df2519e3-f925-4522-b2b2-8a2e0d3efcab,8,2640,True,20375,19973,93.51095233128581
2641,df2519e3-f925-4522-b2b2-8a2e0d3efcab,8,2641,True,20399,19997,93.38368917267508
2642,df2519e3-f925-4522-b2b2-8a2e0d3efcab,8,2642,True,20426,20024,94.87213992255056
2643,df2519e3-f925-4522-b2b2-8a2e0d3efcab,8,2643,True,20461,20059,99.72084984587491
2644,df2519e3-f925-4522-b2b2-8a2e0d3efcab,8,2644,True,20494,20092,92.51959681801964
2645,df2519e3-f925-4522-b2b2-8a2e0d3efcab,8,2645,True,20514,20112,112.27237272003913
2646,df2519e3-f925-4522-b2b2-8a2e0d3efcab,8,2646,True,20544,20142,108.95229803758411
2647,df2519e3-f925-4522-b2b2-8a2e0d3efcab,8,2647,True,20584,20182,121.56213374053186
2648,df2519e3-f925-4522-b2b2-8a2e0d3efcab,8,2648,True,20617,20215,146.5562781604749
2649,df2519e3-f925-4522-b2b2-8a2e0d3efcab,8,2649,True,20644,20242,139.13683217343714
2650,df2519e3-f925-4522-b2b2-8a2e0d3efcab,8,2650,True,20687,20285,117.99889678958789
2651,df2519e3-f925-4522-b2b2-8a2e0d3efcab,8,2651,True,20724,20322,108.45181435549239
2652,df2519e3-f925-4522-b2b2-8a2e0d3efcab,8,2652,True,20756,20354,106.66604947402811
2653,df2519e3-f925-4522-b2b2-8a2e0d3efcab,8,2653,True,20798,20396,96.97083998320886
2654,df2519e3-f925-4522-b2b2-8a2e0d3efcab,8,2654,True,20832,20430,98.2913481539872
2655,df2519e3-f925-4522-b2b2-8a2e0d3efcab,8,2655,True,20863,20461,113.84980513310438
2656,df2519e3-f925-4522-b2b2-8a2e0d3efcab,8,2656,True,20895,20493,114.65248929583322
2657,df2519e3-f925-4522-b2b2-8a2e0d3efcab,8,2657,True,20928,20526,105.88214238267756
2658,df2519e3-f925-4522-b2b2-8a2e0d3efcab,8,2658,True,20961,20559,97.61638182755269
2659,df2519e3-f925-4522-b2b2-8a2e0d3efcab,8,2659,True,20987,20585,100.60468122939346
2660,df2519e3-f925-4522-b2b2-8a2e0d3efcab,8,2660,True,21031,20629,89.16515374834125
2661,df2519e3-f925-4522-b2b2-8a2e0d3efcab,8,2661,True,21061,20659,83.73446553621397
2662,df2519e3-f925-4522-b2b2-8a2e0d3efcab,8,2662,True,21094,20692,89.656924621082
2663,df2519e3-f925-4522-b2b2-8a2e0d3efcab,8,2663,True,21124,20722,102.42023086175323
2664,df2519e3-f925-4522-b2b2-8a2e0d3efcab,8,2664,True,21171,20769,90.03670613369832
2665,df2519e3-f925-4522-b2b2-8a2e0d3efcab,8,2665,True,21200,20798,84.887798826574
2666,df2519e3-f925-4522-b2b2-8a2e0d3efcab,8,2666,True,21226,20824,90.29063197737923
2667,df2519e3-f925-4522-b2b2-8a2e0d3efcab,8,2667,True,21252,20850,89.75027051221332
2668,df2519e3-f925-4522-b2b2-8a2e0d3efcab,8,2668,True,21283,20881,97.46737333969577
2669,df2519e3-f925-4522-b2b2-8a2e0d3efcab,8,2669,True,21305,20903,99.15660584971556
2670,df2519e3-f925-4522-b2b2-8a2e0d3efcab,8,2670,True,21343,20941,88.94270557269192
2671,df2519e3-f925-4522-b2b2-8a2e0d3efcab,8,2671,True,21374,20972,93.3580023958275
2672,df2519e3-f925-4522-b2b2-8a2e0d3efcab,8,2672,True,21412,21010,101.64611243233958
2673,df2519e3-f925-4522-b2b2-8a2e0d3efcab,8,2673,True,21438,21036,102.10688768379987
2674,df2519e3-f925-4522-b2b2-8a2e0d3efcab,8,2674,True,21474,21072,91.54681149883618
2675,df2519e3-f925-4522-b2b2-8a2e0d3efcab,8,2675,True,21503,21101,102.78815098864652
2676,df2519e3-f925-4522-b2b2-8a2e0d3efcab,8,2676,True,21535,21133,101.47400703980747
2677,df2519e3-f925-4522-b2b2-8a2e0d3efcab,8,2677,True,21576,21174,88.33494844392044
2678,df2519e3-f925-4522-b2b2-8a2e0d3efcab,8,2678,True,21597,21195,94.30639044643613
2679,df2519e3-f925-4522-b2b2-8a2e0d3efcab,8,2679,True,21631,21229,90.36216488000719
2680,df2519e3-f925-4522-b2b2-8a2e0d3efcab,8,2680,True,21662,21260,85.7541179677537
2681,df2519e3-f925-4522-b2b2-8a2e0d3efcab,8,2681,True,21709,21307,86.38968094048323
2682,df2519e3-f925-4522-b2b2-8a2e0d3efcab,8,2682,True,21740,21338,82.6705746415646
2683,df2519e3-f925-4522-b2b2-8a2e0d3efcab,8,2683,True,21772,21370,86.63968534227752
2684,df2519e3-f925-4522-b2b2-8a2e0d3efcab,8,2684,True,21796,21394,96.24308555047901
2685,df2519e3-f925-4522-b2b2-8a2e0d3efcab,8,2685,True,21824,21422,98.41635775090617
2686,df2519e3-f925-4522-b2b2-8a2e0d3efcab,8,2686,True,21857,21455,98.0732335391076
2687,df2519e3-f925-4522-b2b2-8a2e0d3efcab,8,2687,True,21893,21491,88.85793849908077
2688,df2519e3-f925-4522-b2b2-8a2e0d3efcab,8,2688,True,21922,21520,85.99241453921422
2689,df2519e3-f925-4522-b2b2-8a2e0d3efcab,8,2689,True,21949,21547,91.7710756135748
2690,df2519e3-f925-4522-b2b2-8a2e0d3efcab,8,2690,True,21974,21572,85.7472459875462
2691,df2519e3-f925-4522-b2b2-8a2e0d3efcab,8,2691,True,21999,21597,95.63817124616253
2692,df2519e3-f925-4522-b2b2-8a2e0d3efcab,8,2692,True,22034,21632,89.13719121344184
2693,df2519e3-f925-4522-b2b2-8a2e0d3efcab,8,2693,True,22063,21661,93.01930454509784
2694,df2519e3-f925-4522-b2b2-8a2e0d3efcab,8,2694,True,22095,21693,103.6687029646273
2695,df2519e3-f925-4522-b2b2-8a2e0d3efcab,8,2695,True,22116,21714,105.6910174071163
2696,df2519e3-f925-4522-b2b2-8a2e0d3efcab,8,2696,True,22157,21755,86.42954133267995
2697,df2519e3-f925-4522-b2b2-8a2e0d3efcab,8,2697,True,22186,21784,83.48782096328796
2698,df2519e3-f925-4522-b2b2-8a2e0d3efcab,8,2698,True,22221,21819,95.47626914320426
2699,df2519e3-f925-4522-b2b2-8a2e0d3efcab,8,2699,True,22255,21853,96.81437771628407
2700,df2519e3-f925-4522-b2b2-8a2e0d3efcab,8,2700,True,22286,21884,88.63500044038301
2701,df2519e3-f925-4522-b2b2-8a2e0d3efcab,8,2701,True,22312,21910,95.75138779737608
2702,df2519e3-f925-4522-b2b2-8a2e0d3efcab,8,2702,True,22342,21940,94.10842267681801
2703,df2519e3-f925-4522-b2b2-8a2e0d3efcab,8,2703,True,22371,21969,100.90387901836584
2704,df2519e3-f925-4522-b2b2-8a2e0d3efcab,8,2704,True,22407,22005,106.48567335772896
2705,df2519e3-f925-4522-b2b2-8a2e0d3efcab,8,2705,True,22430,22028,108.33807453785994
2706,df2519e3-f925-4522-b2b2-8a2e0d3efcab,8,2706,True,22471,22069,85.709913217328
2707,df2519e3-f925-4522-b2b2-8a2e0d3efcab,8,2707,True,22503,22101,91.03202196344864
2708,df2519e3-f925-4522-b2b2-8a2e0d3efcab,8,2708,True,22532,22130,88.65526625759958
2709,df2519e3-f925-4522-b2b2-8a2e0d3efcab,8,2709,True,22564,22162,98.86000397483804
2710,df2519e3-f925-4522-b2b2-8a2e0d3efcab,8,2710,True,22588,22186,122.90891272694716
2711,df2519e3-f925-4522-b2b2-8a2e0d3efcab,8,2711,True,22630,22228,106.29987917400285
2712,df2519e3-f925-4522-b2b2-8a2e0d3efcab,8,2712,True,22657,22255,104.77934735432427
2713,df2519e3-f925-4522-b2b2-8a2e0d3efcab,8,2713,True,22680,22278,110.08826007281095
2714,df2519e3-f925-4522-b2b2-8a2e0d3efcab,8,2714,True,22706,22304,102.18470428567161
2715,df2519e3-f925-4522-b2b2-8a2e0d3efcab,8,2715,True,22737,22335,87.50766203520834
2716,df2519e3-f925-4522-b2b2-8a2e0d3efcab,8,2716,True,22760,22358,94.93850426655263
2717,df2519e3-f925-4522-b2b2-8a2e0d3efcab,8,2717,True,22791,22389,95.02514852825698
2718,df2519e3-f925-4522-b2b2-8a2e0d3efcab,8,2718,True,22828,22426,99.39331843777836
2719,df2519e3-f925-4522-b2b2-8a2e0d3efcab,8,2719,True,22865,22463,109.48924365918356
2720,df2519e3-f925-4522-b2b2-8a2e0d3efcab,8,2720,True,22897,22495,106.94995618665052
2721,df2519e3-f925-4522-b2b2-8a2e0d3efcab,8,2721,True,22927,22525,101.59792538964757
2722,df2519e3-f925-4522-b2b2-8a2e0d3efcab,8,2722,True,22961,22559,123.50487224103563
2723,df2519e3-f925-4522-b2b2-8a2e0d3efcab,8,2723,True,22995,22593,116.24793498919826
2724,df2519e3-f925-4522-b2b2-8a2e0d3efcab,8,2724,True,23035,22633,109.40037923352429
2725,df2519e3-f925-4522-b2b2-8a2e0d3efcab,8,2725,True,23057,22655,108.36721001260958
2726,df2519e3-f925-4522-b2b2-8a2e0d3efcab,8,2726,True,23088,22686,102.50366035748448
2727,df2519e3-f925-4522-b2b2-8a2e0d3efcab,8,2727,True,23115,22713,111.4469180227461
2728,df2519e3-f925-4522-b2b2-8a2e0d3efcab,8,2728,True,23149,22747,111.43068052326998
2729,df2519e3-f925-4522-b2b2-8a2e0d3efcab,8,2729,True,23177,22775,141.64955873253348
2730,df2519e3-f925-4522-b2b2-8a2e0d3efcab,8,2730,True,23204,22802,137.30172885851425
2731,df2519e3-f925-4522-b2b2-8a2e0d3efcab,8,2731,True,23231,22829,148.98243007100245
2732,df2519e3-f925-4522-b2b2-8a2e0d3efcab,8,2732,True,23255,22853,142.3911478065711
2733,df2519e3-f925-4522-b2b2-8a2e0d3efcab,8,2733,True,23287,22885,129.7060133426021
2734,df2519e3-f925-4522-b2b2-8a2e0d3efcab,8,2734,True,23316,22914,122.382946949303
2735,df2519e3-f925-4522-b2b2-8a2e0d3efcab,8,2735,True,23355,22953,121.16372569096711
2736,df2519e3-f925-4522-b2b2-8a2e0d3efcab,8,2736,True,23383,22981,112.04186089721043
2737,df2519e3-f925-4522-b2b2-8a2e0d3efcab,8,2737,True,23407,23005,124.12104757937777
2738,df2519e3-f925-4522-b2b2-8a2e0d3efcab,8,2738,True,23436,23034,171.91497739544138
2739,df2519e3-f925-4522-b2b2-8a2e0d3efcab,8,2739,True,23463,23061,127.14210173843094
2740,df2519e3-f925-4522-b2b2-8a2e0d3efcab,8,2740,True,23487,23085,120.91497739544138
2741,df2519e3-f925-4522-b2b2-8a2e0d3efcab,8,2741,True,23520,23118,124.8060875845149
2742,df2519e3-f925-4522-b2b2-8a2e0d3efcab,8,2742,True,23552,23150,121.10861556342206
2743,df2519e3-f925-4522-b2b2-8a2e0d3efcab,8,2743,True,23586,23184,126.97517282975605
2744,df2519e3-f925-4522-b2b2-8a2e0d3efcab,8,2744,True,23624,23222,118.3516936880078
2745,df2519e3-f925-4522-b2b2-8a2e0d3efcab,8,2745,True,23659,23257,105.58876247948865
2746,df2519e3-f925-4522-b2b2-8a2e0d3efcab,8,2746,True,23688,23286,97.23675646922857
2747,df2519e3-f925-4522-b2b2-8a2e0d3efcab,8,2747,True,23720,23318,107.92115527833448
2748,df2519e3-f925-4522-b2b2-8a2e0d3efcab,8,2748,True,23756,23354,94.64600695663466
2749,df2519e3-f925-4522-b2b2-8a2e0d3efcab,8,2749,True,23790,23388,104.94781964190042
2750,df2519e3-f925-4522-b2b2-8a2e0d3efcab,8,2750,True,23822,23420,97.08078919413674
2751,df2519e3-f925-4522-b2b2-8a2e0d3efcab,8,2751,True,23856,23454,94.67542195942588
2752,df2519e3-f925-4522-b2b2-8a2e0d3efcab,8,2752,True,23893,23491,99.8343349117713
2753,df2519e3-f925-4522-b2b2-8a2e0d3efcab,8,2753,True,23925,23523,93.7933948676
2754,df2519e3-f925-4522-b2b2-8a2e0d3efcab,8,2754,True,23954,23552,109.93984348565937
2755,df2519e3-f925-4522-b2b2-8a2e0d3efcab,8,2755,True,23985,23583,101.32183411364167
2756,df2519e3-f925-4522-b2b2-8a2e0d3efcab,8,2756,True,24027,23625,91.68543894407412
2757,df2519e3-f925-4522-b2b2-8a2e0d3efcab,8,2757,True,24050,23648,98.2520555995834
2758,df2519e3-f925-4522-b2b2-8a2e0d3efcab,8,2758,True,24085,23683,92.51914380444578
2759,df2519e3-f925-4522-b2b2-8a2e0d3efcab,8,2759,True,24123,23721,98.28555843336653
2760,df2519e3-f925-4522-b2b2-8a2e0d3efcab,8,2760,True,24145,23743,108.38274386680496
2761,df2519e3-f925-4522-b2b2-8a2e0d3efcab,8,2761,True,24171,23769,110.28043295710086
2762,df2519e3-f925-4522-b2b2-8a2e0d3efcab,8,2762,True,24207,23805,104.21796600905873
2763,df2519e3-f925-4522-b2b2-8a2e0d3efcab,8,2763,True,24244,23842,99.84629123083505
2764,df2519e3-f925-4522-b2b2-8a2e0d3efcab,8,2764,True,24277,23875,107.7405114692192
2765,df2519e3-f925-4522-b2b2-8a2e0d3efcab,8,2765,True,24305,23903,106.35587943484279
2766,df2519e3-f925-4522-b2b2-8a2e0d3efcab,8,2766,True,24336,23934,114.39466292280486
2767,df2519e3-f925-4522-b2b2-8a2e0d3efcab,8,2767,True,24378,23976,110.52178412302601
2768,df2519e3-f925-4522-b2b2-8a2e0d3efcab,8,2768,True,24403,24001,123.7087238791355
2769,df2519e3-f925-4522-b2b2-8a2e0d3efcab,8,2769,True,24446,24044,110.29597834648666
2770,df2519e3-f925-4522-b2b2-8a2e0d3efcab,8,2770,True,24473,24071,109.46214254670122
2771,df2519e3-f925-4522-b2b2-8a2e0d3efcab,8,2771,True,24498,24096,104.0704271197501
2772,df2519e3-f925-4522-b2b2-8a2e0d3efcab,8,2772,True,24530,24128,105.60976547203245
2773,df2519e3-f925-4522-b2b2-8a2e0d3efcab,8,2773,True,24564,24162,97.03137434833116
2774,df2519e3-f925-4522-b2b2-8a2e0d3efcab,8,2774,True,24592,24190,97.16150326022762
2775,df2519e3-f925-4522-b2b2-8a2e0d3efcab,8,2775,True,24620,24218,104.10226431298724
2776,df2519e3-f925-4522-b2b2-8a2e0d3efcab,8,2776,True,24658,24256,98.00538054079516
2777,df2519e3-f925-4522-b2b2-8a2e0d3efcab,8,2777,True,24685,24283,98.31663892107099
2778,df2519e3-f925-4522-b2b2-8a2e0d3efcab,8,2778,True,24710,24308,93.60388587042326
2779,df2519e3-f925-4522-b2b2-8a2e0d3efcab,8,2779,True,24749,24347,102.01825447433293
2780,df2519e3-f925-4522-b2b2-8a2e0d3efcab,8,2780,True,24782,24380,89.95419961190419
2781,df2519e3-f925-4522-b2b2-8a2e0d3efcab,8,2781,True,24812,24410,93.06309353797042
2782,df2519e3-f925-4522-b2b2-8a2e0d3efcab,8,2782,True,24847,24445,94.53057751698361
2783,df2519e3-f925-4522-b2b2-8a2e0d3efcab,8,2783,True,24876,24474,84.65583425057412
2784,df2519e3-f925-4522-b2b2-8a2e0d3efcab,8,2784,True,24907,24505,92.23584554721674
2785,df2519e3-f925-4522-b2b2-8a2e0d3efcab,8,2785,True,24949,24547,88.92782867674032
2786,df2519e3-f925-4522-b2b2-8a2e0d3efcab,8,2786,True,24987,24585,88.6379822987983
2787,df2519e3-f925-4522-b2b2-8a2e0d3efcab,8,2787,True,25024,24622,87.87628808293084
2788,df2519e3-f925-4522-b2b2-8a2e0d3efcab,8,2788,True,25053,24651,99.01479781582748
2789,df2519e3-f925-4522-b2b2-8a2e0d3efcab,8,2789,True,25084,24682,139.99679708024632
2790,df2519e3-f925-4522-b2b2-8a2e0d3efcab,8,2790,True,25130,24728,121.71043453905804
2791,df2519e3-f925-4522-b2b2-8a2e0d3efcab,8,2791,True,25153,24751,123.5836678675987
2792,df2519e3-f925-4522-b2b2-8a2e0d3efcab,8,2792,True,25173,24771,126.2031413481709
2793,df2519e3-f925-4522-b2b2-8a2e0d3efcab,8,2793,True,25199,24797,124.63718195278125
2794,df2519e3-f925-4522-b2b2-8a2e0d3efcab,8,2794,True,25229,24827,121.82466883206143
2795,df2519e3-f925-4522-b2b2-8a2e0d3efcab,8,2795,True,25264,24862,139.2362615121565
2796,df2519e3-f925-4522-b2b2-8a2e0d3efcab,8,2796,True,25292,24890,137.52265517797423
2797,df2519e3-f925-4522-b2b2-8a2e0d3efcab,8,2797,True,25328,24926,123.95331793863079
2798,df2519e3-f925-4522-b2b2-8a2e0d3efcab,8,2798,True,25359,24957,142.54292004724266
2799,df2519e3-f925-4522-b2b2-8a2e0d3efcab,8,2799,True,25397,24995,129.84572682827275
2800,df2519e3-f925-4522-b2b2-8a2e0d3efcab,8,2800,True,25428,25026,119.99430566640149
2801,df2519e3-f925-4522-b2b2-8a2e0d3efcab,8,2801,True,25454,25052,182.42728414260273
2802,df2519e3-f925-4522-b2b2-8a2e0d3efcab,8,2802,True,25480,25078,136.40560171270772
2803,df2519e3-f925-4522-b2b2-8a2e0d3efcab,8,2803,True,25514,25112,142.90158309478284
2804,df2519e3-f925-4522-b2b2-8a2e0d3efcab,8,2804,True,25556,25154,134.22484712660662
2805,df2519e3-f925-4522-b2b2-8a2e0d3efcab,8,2805,True,25587,25185,126.2805059162456
2806,df2519e3-f925-4522-b2b2-8a2e0d3efcab,8,2806,True,25627,25225,116.28532106168859
2807,df2519e3-f925-4522-b2b2-8a2e0d3efcab,8,2807,True,25656,25254,116.66935958566683
2808,df2519e3-f925-4522-b2b2-8a2e0d3efcab,8,2808,True,25696,25294,96.074552822447
2809,df2519e3-f925-4522-b2b2-8a2e0d3efcab,8,2809,True,25719,25317,93.56643316406553
2810,df2519e3-f925-4522-b2b2-8a2e0d3efcab,8,2810,True,25759,25357,90.4447174745801
2811,df2519e3-f925-4522-b2b2-8a2e0d3efcab,8,2811,True,25789,25387,98.70031380606815
2812,df2519e3-f925-4522-b2b2-8a2e0d3efcab,8,2812,True,25822,25420,98.90498691017638
2813,df2519e3-f925-4522-b2b2-8a2e0d3efcab,8,2813,True,25862,25460,90.277240763593
2814,df2519e3-f925-4522-b2b2-8a2e0d3efcab,8,2814,True,25895,25493,87.78388414788424
2815,df2519e3-f925-4522-b2b2-8a2e0d3efcab,8,2815,True,25935,25533,100.6676407715895
2816,df2519e3-f925-4522-b2b2-8a2e0d3efcab,8,2816,True,25980,25578,85.42622902049698
2817,df2519e3-f925-4522-b2b2-8a2e0d3efcab,8,2817,True,26012,25610,84.51504335055506
2818,df2519e3-f925-4522-b2b2-8a2e0d3efcab,8,2818,True,26041,25639,83.36128290961278
2819,df2519e3-f925-4522-b2b2-8a2e0d3efcab,8,2819,True,26073,25671,89.5965148609248
2820,df2519e3-f925-4522-b2b2-8a2e0d3efcab,8,2820,True,26104,25702,84.56835686651539
2821,df2519e3-f925-4522-b2b2-8a2e0d3efcab,8,2821,True,26137,25735,105.75821390463898
2822,df2519e3-f925-4522-b2b2-8a2e0d3efcab,8,2822,True,26175,25773,92.97939061069337
2823,df2519e3-f925-4522-b2b2-8a2e0d3efcab,8,2823,True,26201,25799,107.22803602055501
2824,df2519e3-f925-4522-b2b2-8a2e0d3efcab,8,2824,True,26237,25835,102.66647886113424
2825,df2519e3-f925-4522-b2b2-8a2e0d3efcab,8,2825,True,26273,25871,115.5345006200514
2826,df2519e3-f925-4522-b2b2-8a2e0d3efcab,8,2826,True,26301,25899,121.55319599935683
2827,df2519e3-f925-4522-b2b2-8a2e0d3efcab,8,2827,True,26327,25925,118.17692376496052
2828,df2519e3-f925-4522-b2b2-8a2e0d3efcab,8,2828,True,26351,25949,121.8614103233158
2829,df2519e3-f925-4522-b2b2-8a2e0d3efcab,8,2829,True,26382,25980,124.10494545470283
2830,df2519e3-f925-4522-b2b2-8a2e0d3efcab,8,2830,True,26424,26022,114.25523251136838
2831,df2519e3-f925-4522-b2b2-8a2e0d3efcab,8,2831,True,26455,26053,121.60051886278961
2832,df2519e3-f925-4522-b2b2-8a2e0d3efcab,8,2832,True,26492,26090,106.2287156848979
2833,df2519e3-f925-4522-b2b2-8a2e0d3efcab,8,2833,True,26520,26118,111.9738697525936
2834,df2519e3-f925-4522-b2b2-8a2e0d3efcab,8,2834,True,26546,26144,103.791958189875
2835,df2519e3-f925-4522-b2b2-8a2e0d3efcab,8,2835,True,26573,26171,109.74783319872222
2836,df2519e3-f925-4522-b2b2-8a2e0d3efcab,8,2836,True,26599,26197,115.0437980607312
2837,df2519e3-f925-4522-b2b2-8a2e0d3efcab,8,2837,True,26637,26235,107.41972605400224
2838,df2519e3-f925-4522-b2b2-8a2e0d3efcab,8,2838,True,26667,26265,120.19488228712362
2839,df2519e3-f925-4522-b2b2-8a2e0d3efcab,8,2839,True,26693,26291,116.99369467087672
2840,df2519e3-f925-4522-b2b2-8a2e0d3efcab,8,2840,True,26721,26319,110.04844364250312
2841,df2519e3-f925-4522-b2b2-8a2e0d3efcab,8,2841,True,26750,26348,123.51527444100793
2842,df2519e3-f925-4522-b2b2-8a2e0d3efcab,8,2842,True,26783,26381,111.96880507838796
2843,df2519e3-f925-4522-b2b2-8a2e0d3efcab,8,2843,True,26825,26423,107.80656044697389
2844,df2519e3-f925-4522-b2b2-8a2e0d3efcab,8,2844,True,26851,26449,124.25496964230842
2845,df2519e3-f925-4522-b2b2-8a2e0d3efcab,8,2845,True,26884,26482,115.64434564427211
2846,df2519e3-f925-4522-b2b2-8a2e0d3efcab,8,2846,True,26914,26512,117.7699858818014
2847,df2519e3-f925-4522-b2b2-8a2e0d3efcab,8,2847,True,26949,26547,104.87081203644993
2848,df2519e3-f925-4522-b2b2-8a2e0d3efcab,8,2848,True,26977,26575,103.77798571226595
2849,df2519e3-f925-4522-b2b2-8a2e0d3efcab,8,2849,True,27007,26605,106.77128665978307
2850,df2519e3-f925-4522-b2b2-8a2e0d3efcab,8,2850,True,27050,26648,100.6517993718735
2851,df2519e3-f925-4522-b2b2-8a2e0d3efcab,8,2851,True,27078,26676,100.9356489849306
2852,df2519e3-f925-4522-b2b2-8a2e0d3efcab,8,2852,True,27109,26707,113.08175428396862
2853,df2519e3-f925-4522-b2b2-8a2e0d3efcab,8,2853,True,27143,26741,115.10556012725647
2854,df2519e3-f925-4522-b2b2-8a2e0d3efcab,8,2854,True,27175,26773,117.26838756508005
2855,df2519e3-f925-4522-b2b2-8a2e0d3efcab,8,2855,True,27199,26797,113.66986501330393
2856,df2519e3-f925-4522-b2b2-8a2e0d3efcab,8,2856,True,27238,26836,135.15418397219037
2857,df2519e3-f925-4522-b2b2-8a2e0d3efcab,8,2857,True,27274,26872,124.40573309672618
2858,df2519e3-f925-4522-b2b2-8a2e0d3efcab,8,2858,True,27304,26902,120.72958710746389
2859,df2519e3-f925-4522-b2b2-8a2e0d3efcab,8,2859,True,27341,26939,106.21147633923101
2860,df2519e3-f925-4522-b2b2-8a2e0d3efcab,8,2860,True,27373,26971,100.60451048696268
2861,df2519e3-f925-4522-b2b2-8a2e0d3efcab,8,2861,True,27405,27003,95.2885289631813
2862,df2519e3-f925-4522-b2b2-8a2e0d3efcab,8,2862,True,27449,27047,89.61372077418855
2863,df2519e3-f925-4522-b2b2-8a2e0d3efcab,8,2863,True,27477,27075,89.8570641922015
2864,df2519e3-f925-4522-b2b2-8a2e0d3efcab,8,2864,True,27515,27113,94.87023642243366
2865,df2519e3-f925-4522-b2b2-8a2e0d3efcab,8,2865,True,27549,27147,92.08045015846801
2866,df2519e3-f925-4522-b2b2-8a2e0d3efcab,8,2866,True,27575,27173,99.44263900842634
2867,df2519e3-f925-4522-b2b2-8a2e0d3efcab,8,2867,True,27595,27193,103.49328648292794
2868,df2519e3-f925-4522-b2b2-8a2e0d3efcab,8,2868,True,27627,27225,100.77881047795745
2869,df2519e3-f925-4522-b2b2-8a2e0d3efcab,8,2869,True,27663,27261,117.58933504209199
2870,df2519e3-f925-4522-b2b2-8a2e0d3efcab,8,2870,True,27689,27287,110.18604226663592
2871,df2519e3-f925-4522-b2b2-8a2e0d3efcab,8,2871,True,27731,27329,100.5719181135828
2872,df2519e3-f925-4522-b2b2-8a2e0d3efcab,8,2872,True,27769,27367,102.87263896223885
2873,df2519e3-f925-4522-b2b2-8a2e0d3efcab,8,2873,True,27799,27397,99.347136537177
2874,df2519e3-f925-4522-b2b2-8a2e0d3efcab,8,2874,True,27824,27422,98.17718058452374
2875,df2519e3-f925-4522-b2b2-8a2e0d3efcab,8,2875,True,27867,27465,90.77630051410961
2876,df2519e3-f925-4522-b2b2-8a2e0d3efcab,8,2876,True,27894,27492,89.65224835653135
2877,df2519e3-f925-4522-b2b2-8a2e0d3efcab,8,2877,True,27935,27533,91.33497879275455
2878,df2519e3-f925-4522-b2b2-8a2e0d3efcab,8,2878,True,27964,27562,92.3519175777983
2879,df2519e3-f925-4522-b2b2-8a2e0d3efcab,8,2879,True,27981,27579,94.0396864186987
2880,df2519e3-f925-4522-b2b2-8a2e0d3efcab,8,2880,True,28018,27616,97.02858828510216
2881,df2519e3-f925-4522-b2b2-8a2e0d3efcab,8,2881,True,28047,27645,86.0327870740548
2882,df2519e3-f925-4522-b2b2-8a2e0d3efcab,8,2882,True,28079,27677,88.6075439717315
2883,df2519e3-f925-4522-b2b2-8a2e0d3efcab,8,2883,True,28106,27704,84.31264408146308
2884,df2519e3-f925-4522-b2b2-8a2e0d3efcab,8,2884,True,28133,27731,100.90291477261053
2885,df2519e3-f925-4522-b2b2-8a2e0d3efcab,8,2885,True,28160,27758,98.33562381234879
2886,df2519e3-f925-4522-b2b2-8a2e0d3efcab,8,2886,True,28191,27789,93.49157768803343
2887,df2519e3-f925-4522-b2b2-8a2e0d3efcab,8,2887,True,28218,27816,93.06693686126528
2888,df2519e3-f925-4522-b2b2-8a2e0d3efcab,8,2888,True,28247,27845,98.36658731608622
2889,df2519e3-f925-4522-b2b2-8a2e0d3efcab,8,2889,True,28279,27877,100.42126909241051
2890,df2519e3-f925-4522-b2b2-8a2e0d3efcab,8,2890,True,28312,27910,89.59521929986295
2891,df2519e3-f925-4522-b2b2-8a2e0d3efcab,8,2891,True,28341,27939,92.48576280604539
2892,df2519e3-f925-4522-b2b2-8a2e0d3efcab,8,2892,True,28375,27973,92.38784104303704
2893,df2519e3-f925-4522-b2b2-8a2e0d3efcab,8,2893,True,28408,28006,87.33799440735311
2894,df2519e3-f925-4522-b2b2-8a2e0d3efcab,8,2894,True,28438,28036,88.73974303310024
2895,df2519e3-f925-4522-b2b2-8a2e0d3efcab,8,2895,True,28465,28063,89.88226132611089
2896,df2519e3-f925-4522-b2b2-8a2e0d3efcab,8,2896,True,28497,28095,86.77716644558313
2897,df2519e3-f925-4522-b2b2-8a2e0d3efcab,8,2897,True,28533,28131,106.21061440676203
2898,df2519e3-f925-4522-b2b2-8a2e0d3efcab,8,2898,True,28567,28165,93.7102395470938
2899,df2519e3-f925-4522-b2b2-8a2e0d3efcab,8,2899,True,28609,28207,90.17651631946865
2900,df2519e3-f925-4522-b2b2-8a2e0d3efcab,8,2900,True,28644,28242,86.2172695165682
2901,df2519e3-f925-4522-b2b2-8a2e0d3efcab,8,2901,True,28670,28268,84.63087025352797
2902,df2519e3-f925-4522-b2b2-8a2e0d3efcab,8,2902,True,28709,28307,81.3063453256691
2903,df2519e3-f925-4522-b2b2-8a2e0d3efcab,8,2903,True,28751,28349,97.8078584961113
2904,df2519e3-f925-4522-b2b2-8a2e0d3efcab,8,2904,True,28782,28380,92.79532287098118
2905,df2519e3-f925-4522-b2b2-8a2e0d3efcab,8,2905,True,28819,28417,83.13958388835454
2906,df2519e3-f925-4522-b2b2-8a2e0d3efcab,8,2906,True,28862,28460,82.96053018391103
2907,df2519e3-f925-4522-b2b2-8a2e0d3efcab,8,2907,True,28896,28494,81.59295862153522
2908,df2519e3-f925-4522-b2b2-8a2e0d3efcab,8,2908,True,28920,28518,89.91879088380665
2909,df2519e3-f925-4522-b2b2-8a2e0d3efcab,8,2909,True,28945,28543,92.92808165881797
2910,df2519e3-f925-4522-b2b2-8a2e0d3efcab,8,2910,True,28974,28572,89.56446137109378
2911,df2519e3-f925-4522-b2b2-8a2e0d3efcab,8,2911,True,29007,28605,84.48988776465558
2912,df2519e3-f925-4522-b2b2-8a2e0d3efcab,8,2912,True,29038,28636,76.2292040657776
2913,df2519e3-f925-4522-b2b2-8a2e0d3efcab,8,2913,True,29070,28668,87.99727821674969
2914,df2519e3-f925-4522-b2b2-8a2e0d3efcab,8,2914,True,29102,28700,81.63439730641767
2915,df2519e3-f925-4522-b2b2-8a2e0d3efcab,8,2915,True,29130,28728,83.75263961501696
2916,df2519e3-f925-4522-b2b2-8a2e0d3efcab,8,2916,True,29160,28758,93.2311346100505
2917,df2519e3-f925-4522-b2b2-8a2e0d3efcab,8,2917,True,29194,28792,80.98529880153
2918,df2519e3-f925-4522-b2b2-8a2e0d3efcab,8,2918,True,29228,28826,92.08246445949044
2919,df2519e3-f925-4522-b2b2-8a2e0d3efcab,8,2919,True,29256,28854,85.46210407920444
2920,df2519e3-f925-4522-b2b2-8a2e0d3efcab,8,2920,True,29290,28888,87.7510158038458
2921,df2519e3-f925-4522-b2b2-8a2e0d3efcab,8,2921,True,29319,28917,97.11635377790662
2922,df2519e3-f925-4522-b2b2-8a2e0d3efcab,8,2922,True,29357,28955,87.860578232845
2923,df2519e3-f925-4522-b2b2-8a2e0d3efcab,8,2923,True,29384,28982,97.59149623547637
2924,df2519e3-f925-4522-b2b2-8a2e0d3efcab,8,2924,True,29429,29027,95.31807302051311
2925,df2519e3-f925-4522-b2b2-8a2e0d3efcab,8,2925,True,29456,29054,90.48914560419144
2926,df2519e3-f925-4522-b2b2-8a2e0d3efcab,8,2926,True,29495,29093,91.12615414509855
2927,df2519e3-f925-4522-b2b2-8a2e0d3efcab,8,2927,True,29525,29123,95.583542142449
2928,df2519e3-f925-4522-b2b2-8a2e0d3efcab,8,2928,True,29556,29154,101.68004863162787
2929,df2519e3-f925-4522-b2b2-8a2e0d3efcab,8,2929,True,29593,29191,99.18807651004681
2930,df2519e3-f925-4522-b2b2-8a2e0d3efcab,8,2930,True,29627,29225,97.54838659702
2931,df2519e3-f925-4522-b2b2-8a2e0d3efcab,8,2931,True,29667,29265,101.25146898216917
2932,df2519e3-f925-4522-b2b2-8a2e0d3efcab,8,2932,True,29699,29297,99.990345909202
2933,df2519e3-f925-4522-b2b2-8a2e0d3efcab,8,2933,True,29729,29327,97.42203280850663
2934,df2519e3-f925-4522-b2b2-8a2e0d3efcab,8,2934,True,29750,29348,105.88128857082484
2935,df2519e3-f925-4522-b2b2-8a2e0d3efcab,8,2935,True,29777,29375,117.05280853799195
2936,df2519e3-f925-4522-b2b2-8a2e0d3efcab,8,2936,True,29811,29409,115.33472296900436
2937,df2519e3-f925-4522-b2b2-8a2e0d3efcab,8,2937,True,29842,29440,110.02711359765817
2938,df2519e3-f925-4522-b2b2-8a2e0d3efcab,8,2938,True,29880,29478,98.18738936285445
2939,df2519e3-f925-4522-b2b2-8a2e0d3efcab,8,2939,True,29914,29512,99.42794897943531
2940,df2519e3-f925-4522-b2b2-8a2e0d3efcab,8,2940,True,29957,29555,85.8124064503645
2941,df2519e3-f925-4522-b2b2-8a2e0d3efcab,8,2941,True,29993,29591,95.73334960673674
2942,df2519e3-f925-4522-b2b2-8a2e0d3efcab,8,2942,True,30035,29633,110.47066784888375
2943,df2519e3-f925-4522-b2b2-8a2e0d3efcab,8,2943,True,30071,29669,102.37677828792948
2944,df2519e3-f925-4522-b2b2-8a2e0d3efcab,8,2944,True,30101,29699,108.91394124504586
2945,df2519e3-f925-4522-b2b2-8a2e0d3efcab,8,2945,True,30137,29735,105.29617731678809
2946,df2519e3-f925-4522-b2b2-8a2e0d3efcab,8,2946,True,30164,29762,104.43504312755977
2947,df2519e3-f925-4522-b2b2-8a2e0d3efcab,8,2947,True,30195,29793,96.64466668581008
2948,df2519e3-f925-4522-b2b2-8a2e0d3efcab,8,2948,True,30223,29821,95.18797890899441
2949,df2519e3-f925-4522-b2b2-8a2e0d3efcab,8,2949,True,30258,29856,94.96559236213216
2950,df2519e3-f925-4522-b2b2-8a2e0d3efcab,8,2950,True,30291,29889,96.01772869697379
2951,df2519e3-f925-4522-b2b2-8a2e0d3efcab,8,2951,True,30326,29924,87.32027747709071
2952,df2519e3-f925-4522-b2b2-8a2e0d3efcab,8,2952,True,30364,29962,92.6544416390534
2953,df2519e3-f925-4522-b2b2-8a2e0d3efcab,8,2953,True,30391,29989,89.24079859105404
2954,df2519e3-f925-4522-b2b2-8a2e0d3efcab,8,2954,True,30422,30020,85.94703844566538
2955,df2519e3-f925-4522-b2b2-8a2e0d3efcab,8,2955,True,30451,30049,94.94051088201013
2956,df2519e3-f925-4522-b2b2-8a2e0d3efcab,8,2956,True,30473,30071,106.69320119274926
2957,df2519e3-f925-4522-b2b2-8a2e0d3efcab,8,2957,True,30499,30097,118.11061293246166
2958,df2519e3-f925-4522-b2b2-8a2e0d3efcab,8,2958,True,30525,30123,111.5874301808908
2959,df2519e3-f925-4522-b2b2-8a2e0d3efcab,8,2959,True,30561,30159,107.98043407274963
2960,df2519e3-f925-4522-b2b2-8a2e0d3efcab,8,2960,True,30594,30192,101.29613094406523
2961,df2519e3-f925-4522-b2b2-8a2e0d3efcab,8,2961,True,30625,30223,100.7996167649726
2962,df2519e3-f925-4522-b2b2-8a2e0d3efcab,8,2962,True,30657,30255,103.35493003742886
2963,df2519e3-f925-4522-b2b2-8a2e0d3efcab,8,2963,True,30688,30286,101.70036290200005
2964,df2519e3-f925-4522-b2b2-8a2e0d3efcab,8,2964,True,30725,30323,160.68194966860028
2965,df2519e3-f925-4522-b2b2-8a2e0d3efcab,8,2965,True,30749,30347,114.46487665025415
2966,df2519e3-f925-4522-b2b2-8a2e0d3efcab,8,2966,True,30778,30376,125.81886645099075
2967,df2519e3-f925-4522-b2b2-8a2e0d3efcab,8,2967,True,30809,30407,115.87700426865194
2968,df2519e3-f925-4522-b2b2-8a2e0d3efcab,8,2968,True,30851,30449,116.5779934269558
2969,df2519e3-f925-4522-b2b2-8a2e0d3efcab,8,2969,True,30878,30476,120.48018665720883
2970,df2519e3-f925-4522-b2b2-8a2e0d3efcab,8,2970,True,30907,30505,115.3371990301057
2971,df2519e3-f925-4522-b2b2-8a2e0d3efcab,8,2971,True,30937,30535,122.56778668779953
2972,df2519e3-f925-4522-b2b2-8a2e0d3efcab,8,2972,True,30964,30562,110.80814191886384
2973,df2519e3-f925-4522-b2b2-8a2e0d3efcab,8,2973,True,30988,30586,109.22362263139439
2974,df2519e3-f925-4522-b2b2-8a2e0d3efcab,8,2974,True,31020,30618,99.84291793379816
2975,df2519e3-f925-4522-b2b2-8a2e0d3efcab,8,2975,True,31062,30660,104.44723822862579
2976,df2519e3-f925-4522-b2b2-8a2e0d3efcab,8,2976,True,31105,30703,106.58807993126175
2977,df2519e3-f925-4522-b2b2-8a2e0d3efcab,8,2977,True,31129,30727,104.77864837130619
2978,df2519e3-f925-4522-b2b2-8a2e0d3efcab,8,2978,True,31167,30765,100.83061576678665
2979,df2519e3-f925-4522-b2b2-8a2e0d3efcab,8,2979,True,31210,30808,95.7427479891885
2980,df2519e3-f925-4522-b2b2-8a2e0d3efcab,8,2980,True,31238,30836,95.80858956827797
2981,df2519e3-f925-4522-b2b2-8a2e0d3efcab,8,2981,True,31271,30869,105.5277428634945
2982,df2519e3-f925-4522-b2b2-8a2e0d3efcab,8,2982,True,31305,30903,102.8573943057745
2983,df2519e3-f925-4522-b2b2-8a2e0d3efcab,8,2983,True,31328,30926,99.60035875589892
2984,df2519e3-f925-4522-b2b2-8a2e0d3efcab,8,2984,True,31355,30953,95.82185849904272
2985,df2519e3-f925-4522-b2b2-8a2e0d3efcab,8,2985,True,31389,30987,93.46344559005956
2986,df2519e3-f925-4522-b2b2-8a2e0d3efcab,8,2986,True,31414,31012,103.0061892213962
2987,df2519e3-f925-4522-b2b2-8a2e0d3efcab,8,2987,True,31441,31039,112.57534985581879
2988,df2519e3-f925-4522-b2b2-8a2e0d3efcab,8,2988,True,31469,31067,104.9548680912958
2989,df2519e3-f925-4522-b2b2-8a2e0d3efcab,8,2989,True,31488,31086,108.48457590024191
2990,df2519e3-f925-4522-b2b2-8a2e0d3efcab,8,2990,True,31523,31121,104.82494842567758
2991,df2519e3-f925-4522-b2b2-8a2e0d3efcab,8,2991,True,31550,31148,96.30646382452323
2992,df2519e3-f925-4522-b2b2-8a2e0d3efcab,8,2992,True,31584,31182,85.14569023650256
2993,df2519e3-f925-4522-b2b2-8a2e0d3efcab,8,2993,True,31621,31219,83.89889661534107
2994,df2519e3-f925-4522-b2b2-8a2e0d3efcab,8,2994,True,31647,31245,95.26926098011245
2995,df2519e3-f925-4522-b2b2-8a2e0d3efcab,8,2995,True,31678,31276,87.6771476770009
2996,df2519e3-f925-4522-b2b2-8a2e0d3efcab,8,2996,True,31712,31310,76.79786383212922
2997,df2519e3-f925-4522-b2b2-8a2e0d3efcab,8,2997,True,31742,31340,80.27440320939058
2998,df2519e3-f925-4522-b2b2-8a2e0d3efcab,8,2998,True,31770,31368,81.53360685122243
2999,df2519e3-f925-4522-b2b2-8a2e0d3efcab,8,2999,True,31806,31404,85.41205289774734
