{"clients": [{"6": {"client_id": 0, "slo": 0, "num_jobs": 5000, "throughput_qps": 35.66066781395444, "total_num_complete": 5000, "goodput_qps": 0, "total_num_tardy": 5000, "median_tardiness_ms": 204.15376439343618, "mean_tardiness_ms": 211.9317854942964, "std_tardiness_ms": 77.13017864592452, "median_latency_ms": 204.15376439343618, "mean_latency_ms": 211.9317854942964, "std_latency_ms": 77.13017864592452, "p99_latency_ms": 421.8679746437651, "total_num_dropped": 0, "drop_rate_qps": 0.0}}, {"7": {"client_id": 1, "slo": 0, "num_jobs": 5000, "throughput_qps": 35.58498286972398, "total_num_complete": 5000, "goodput_qps": 0, "total_num_tardy": 5000, "median_tardiness_ms": 211.82097902865462, "mean_tardiness_ms": 220.19309786719177, "std_tardiness_ms": 77.75351520572883, "median_latency_ms": 211.82097902865462, "mean_latency_ms": 220.19309786719177, "std_latency_ms": 77.75351520572883, "p99_latency_ms": 437.7773413741293, "total_num_dropped": 0, "drop_rate_qps": 0.0}}, {"8": {"client_id": 2, "slo": 0, "num_jobs": 5000, "throughput_qps": 35.82242182134037, "total_num_complete": 5000, "goodput_qps": 0, "total_num_tardy": 5000, "median_tardiness_ms": 226.52614171123878, "mean_tardiness_ms": 235.02879783164383, "std_tardiness_ms": 78.723808556575, "median_latency_ms": 226.52614171123878, "mean_latency_ms": 235.02879783164383, "std_latency_ms": 78.723808556575, "p99_latency_ms": 457.4634530780822, "total_num_dropped": 0, "drop_rate_qps": 0.0}}]}