{"clients": [{"6": {"client_id": 0, "slo": 124, "num_jobs": 5000, "throughput_qps": 25.19619114903085, "total_num_complete": 4853, "goodput_qps": 24.946980933668502, "total_num_tardy": 48, "median_tardiness_ms": 1.540935658282251, "mean_tardiness_ms": 1.5157324554289744, "std_tardiness_ms": 0.8551835500411739, "median_latency_ms": 93.65814804659749, "mean_latency_ms": 95.7323008880433, "std_latency_ms": 10.041153126013407, "p99_latency_ms": 123.95671771954976, "total_num_dropped": 147, "drop_rate_qps": 0.7632062845471945}}, {"7": {"client_id": 1, "slo": 140, "num_jobs": 5000, "throughput_qps": 25.27158422505699, "total_num_complete": 4862, "goodput_qps": 25.084464308952082, "total_num_tardy": 36, "median_tardiness_ms": 1.0469764312183543, "mean_tardiness_ms": 1.270529575004212, "std_tardiness_ms": 0.8744599847120479, "median_latency_ms": 101.8206910941808, "mean_latency_ms": 104.18823494959878, "std_latency_ms": 11.204583986215969, "p99_latency_ms": 138.9577801005541, "total_num_dropped": 138, "drop_rate_qps": 0.7172930117354719}}, {"8": {"client_id": 2, "slo": 160, "num_jobs": 5000, "throughput_qps": 25.57399105656434, "total_num_complete": 4889, "goodput_qps": 25.437987013309957, "total_num_tardy": 26, "median_tardiness_ms": 2.6597298847373168, "mean_tardiness_ms": 3.0431954950014326, "std_tardiness_ms": 1.9458786448900487, "median_latency_ms": 112.57649678509915, "mean_latency_ms": 115.3945661146342, "std_latency_ms": 12.299025059815758, "p99_latency_ms": 154.67278972293832, "total_num_dropped": 111, "drop_rate_qps": 0.5806326462013993}}]}