{"clients": [{"6": {"client_id": 0, "slo": 124, "num_jobs": 5000, "throughput_qps": 15.987655943629623, "total_num_complete": 5000, "goodput_qps": 15.987655943629623, "total_num_tardy": 0, "median_latency_ms": 67.18362703133607, "mean_latency_ms": 67.87427698361464, "std_latency_ms": 5.658112684380191, "p99_latency_ms": 83.98939926276452, "total_num_dropped": 0, "drop_rate_qps": 0.0}}, {"7": {"client_id": 1, "slo": 140, "num_jobs": 5000, "throughput_qps": 15.976709579986387, "total_num_complete": 5000, "goodput_qps": 15.976709579986387, "total_num_tardy": 0, "median_latency_ms": 75.34561610286619, "mean_latency_ms": 75.98921625086382, "std_latency_ms": 5.738691362650751, "p99_latency_ms": 92.7352222033367, "total_num_dropped": 0, "drop_rate_qps": 0.0}}, {"8": {"client_id": 2, "slo": 160, "num_jobs": 5000, "throughput_qps": 16.07029589720756, "total_num_complete": 5000, "goodput_qps": 16.07029589720756, "total_num_tardy": 0, "median_latency_ms": 85.08018535884912, "mean_latency_ms": 85.65368383660517, "std_latency_ms": 5.850292888380149, "p99_latency_ms": 102.58402350793915, "total_num_dropped": 0, "drop_rate_qps": 0.0}}]}