{"clients": [{"6": {"client_id": 0, "slo": 0, "num_jobs": 5000, "throughput_qps": 30.99752443915168, "total_num_complete": 5000, "goodput_qps": 0, "total_num_tardy": 5000, "median_tardiness_ms": 87.43741451733484, "mean_tardiness_ms": 88.91559169662932, "std_tardiness_ms": 10.085714673595294, "median_latency_ms": 87.43741451733484, "mean_latency_ms": 88.91559169662932, "std_latency_ms": 10.085714673595294, "p99_latency_ms": 119.75869683924604, "total_num_dropped": 0, "drop_rate_qps": 0.0}}, {"7": {"client_id": 1, "slo": 0, "num_jobs": 5000, "throughput_qps": 30.985498761983777, "total_num_complete": 5000, "goodput_qps": 0, "total_num_tardy": 5000, "median_tardiness_ms": 95.35888473464729, "mean_tardiness_ms": 96.91584745668588, "std_tardiness_ms": 9.89886619963849, "median_latency_ms": 95.35888473464729, "mean_latency_ms": 96.91584745668588, "std_latency_ms": 9.89886619963849, "p99_latency_ms": 128.362269406015, "total_num_dropped": 0, "drop_rate_qps": 0.0}}, {"8": {"client_id": 2, "slo": 0, "num_jobs": 5000, "throughput_qps": 31.208032217486803, "total_num_complete": 5000, "goodput_qps": 0, "total_num_tardy": 5000, "median_tardiness_ms": 106.3937785655362, "mean_tardiness_ms": 107.9424275834336, "std_tardiness_ms": 10.385032532817334, "median_latency_ms": 106.3937785655362, "mean_latency_ms": 107.9424275834336, "std_latency_ms": 10.385032532817334, "p99_latency_ms": 139.01486812185686, "total_num_dropped": 0, "drop_rate_qps": 0.0}}]}