{"clients": [{"6": {"client_id": 0, "slo": 0, "num_jobs": 5000, "throughput_qps": 35.163206372136166, "total_num_complete": 5000, "goodput_qps": 0, "total_num_tardy": 5000, "median_tardiness_ms": 804.5355557505791, "mean_tardiness_ms": 1058.7611162254914, "std_tardiness_ms": 590.5104995332603, "median_latency_ms": 804.5355557505791, "mean_latency_ms": 1058.7611162254914, "std_latency_ms": 590.5104995332603, "p99_latency_ms": 2376.1463743714835, "total_num_dropped": 0, "drop_rate_qps": 0.0}}, {"7": {"client_id": 1, "slo": 0, "num_jobs": 5000, "throughput_qps": 35.151763850574625, "total_num_complete": 5000, "goodput_qps": 0, "total_num_tardy": 5000, "median_tardiness_ms": 822.0385134780663, "mean_tardiness_ms": 1074.1821066398654, "std_tardiness_ms": 592.0955881523705, "median_latency_ms": 822.0385134780663, "mean_latency_ms": 1074.1821066398654, "std_latency_ms": 592.0955881523705, "p99_latency_ms": 2386.125581682052, "total_num_dropped": 0, "drop_rate_qps": 0.0}}, {"8": {"client_id": 2, "slo": 0, "num_jobs": 5000, "throughput_qps": 35.302597826949544, "total_num_complete": 5000, "goodput_qps": 0, "total_num_tardy": 5000, "median_tardiness_ms": 831.5715709795695, "mean_tardiness_ms": 1081.1731419752061, "std_tardiness_ms": 588.2092925377314, "median_latency_ms": 831.5715709795695, "mean_latency_ms": 1081.1731419752061, "std_latency_ms": 588.2092925377314, "p99_latency_ms": 2404.554596357804, "total_num_dropped": 0, "drop_rate_qps": 0.0}}]}