{"clients": [{"6": {"client_id": 0, "slo": 124, "num_jobs": 5000, "throughput_qps": 25.17166762609233, "total_num_complete": 4848, "goodput_qps": 24.070926385017337, "total_num_tardy": 212, "median_tardiness_ms": 9.332300840695098, "mean_tardiness_ms": 15.277447805207254, "std_tardiness_ms": 16.554107706744404, "median_latency_ms": 93.43428945219421, "mean_latency_ms": 96.61556856160996, "std_latency_ms": 13.437410491635157, "p99_latency_ms": 148.15124417479356, "total_num_dropped": 152, "drop_rate_qps": 0.7892107011481093}}, {"7": {"client_id": 1, "slo": 140, "num_jobs": 5000, "throughput_qps": 25.32821214941667, "total_num_complete": 4873, "goodput_qps": 24.538167362486377, "total_num_tardy": 152, "median_tardiness_ms": 10.113772921289637, "mean_tardiness_ms": 15.688620170980125, "std_tardiness_ms": 16.350229899689005, "median_latency_ms": 101.31086455640616, "mean_latency_ms": 104.81811523867985, "std_latency_ms": 14.072831357364967, "p99_latency_ms": 156.02818198750663, "total_num_dropped": 127, "drop_rate_qps": 0.6601032101325504}}, {"8": {"client_id": 2, "slo": 160, "num_jobs": 5000, "throughput_qps": 25.5741389392641, "total_num_complete": 4889, "goodput_qps": 25.087660125324327, "total_num_tardy": 93, "median_tardiness_ms": 14.468176784343086, "mean_tardiness_ms": 19.571969602754308, "std_tardiness_ms": 18.54862057502083, "median_latency_ms": 112.21345259770169, "mean_latency_ms": 115.85769720245369, "std_latency_ms": 14.686081020054703, "p99_latency_ms": 172.2884331864856, "total_num_dropped": 111, "drop_rate_qps": 0.5806360037345706}}]}