{"clients": [{"6": {"client_id": 0, "slo": 124, "num_jobs": 1000, "throughput_qps": 41.699549657245356, "total_num_complete": 1000, "goodput_qps": 10.289897328115165, "total_num_tardy": 998, "median_tardiness_ms": 1786.9684030307944, "mean_tardiness_ms": 1761.8430401867292, "std_tardiness_ms": 807.0482562577632, "median_latency_ms": 1908.026532478757, "mean_latency_ms": 1882.2436752289411, "std_latency_ms": 810.2406383690603, "p99_latency_ms": 3462.0883498731087, "total_num_dropped": 0, "drop_rate_qps": 0.0}}, {"7": {"client_id": 1, "slo": 140, "num_jobs": 1000, "throughput_qps": 41.7082434807566, "total_num_complete": 1000, "goodput_qps": 11.91845257018269, "total_num_tardy": 994, "median_tardiness_ms": 1825.6788137199692, "mean_tardiness_ms": 1743.507500202823, "std_tardiness_ms": 821.4217585647501, "median_latency_ms": 1961.5416692747344, "mean_latency_ms": 1872.8387080364664, "std_latency_ms": 830.3899173783403, "p99_latency_ms": 3440.7668129848967, "total_num_dropped": 0, "drop_rate_qps": 0.0}}, {"8": {"client_id": 2, "slo": 160, "num_jobs": 1000, "throughput_qps": 41.71172292614821, "total_num_complete": 1000, "goodput_qps": 8.047635455062826, "total_num_tardy": 996, "median_tardiness_ms": 1775.8458584717837, "mean_tardiness_ms": 1722.538457382343, "std_tardiness_ms": 821.6259769914956, "median_latency_ms": 1924.547499269106, "mean_latency_ms": 1875.518075970326, "std_latency_ms": 827.4312561875699, "p99_latency_ms": 3467.545891434331, "total_num_dropped": 0, "drop_rate_qps": 0.0}}]}