,client_id,workflow_id,job_id,was_completed,deadline,create_time,response_time
0,5bddf120-c403-48b5-9f9d-ab687dd2863a,6,0,True,338,26,63.31088573728867
1,5bddf120-c403-48b5-9f9d-ab687dd2863a,6,1,True,370,58,63.592489750271184
2,5bddf120-c403-48b5-9f9d-ab687dd2863a,6,2,True,391,79,71.09885391212543
3,5bddf120-c403-48b5-9f9d-ab687dd2863a,6,3,True,420,108,83.46919553638503
4,5bddf120-c403-48b5-9f9d-ab687dd2863a,6,4,True,454,142,74.84859002171311
5,5bddf120-c403-48b5-9f9d-ab687dd2863a,6,5,True,476,164,91.28117092457228
6,5bddf120-c403-48b5-9f9d-ab687dd2863a,6,6,True,501,189,90.41892448171569
7,5bddf120-c403-48b5-9f9d-ab687dd2863a,6,7,True,528,216,140.03039210059615
8,5bddf120-c403-48b5-9f9d-ab687dd2863a,6,8,True,557,245,108.25018902382328
9,5bddf120-c403-48b5-9f9d-ab687dd2863a,6,9,True,581,269,97.02547509326251
10,5bddf120-c403-48b5-9f9d-ab687dd2863a,6,10,True,608,296,180.36487334617493
11,5bddf120-c403-48b5-9f9d-ab687dd2863a,6,11,True,631,319,160.60697419044953
12,5bddf120-c403-48b5-9f9d-ab687dd2863a,6,12,True,660,348,131.60697419044953
13,5bddf120-c403-48b5-9f9d-ab687dd2863a,6,13,True,689,377,151.32603094413219
14,5bddf120-c403-48b5-9f9d-ab687dd2863a,6,14,True,714,402,153.57029809321534
15,5bddf120-c403-48b5-9f9d-ab687dd2863a,6,15,True,745,433,125.14549771309237
16,5bddf120-c403-48b5-9f9d-ab687dd2863a,6,16,True,765,453,145.84739933774222
17,5bddf120-c403-48b5-9f9d-ab687dd2863a,6,17,True,789,477,148.42604516142876
18,5bddf120-c403-48b5-9f9d-ab687dd2863a,6,18,True,814,502,120.68316076369229
19,5bddf120-c403-48b5-9f9d-ab687dd2863a,6,19,True,842,530,118.50502712078446
20,5bddf120-c403-48b5-9f9d-ab687dd2863a,6,20,True,880,568,129.31215379518778
21,5bddf120-c403-48b5-9f9d-ab687dd2863a,6,21,True,909,597,125.66598164156915
22,5bddf120-c403-48b5-9f9d-ab687dd2863a,6,22,True,928,616,132.97537689195735
23,5bddf120-c403-48b5-9f9d-ab687dd2863a,6,23,True,943,631,122.05716619870259
24,5bddf120-c403-48b5-9f9d-ab687dd2863a,6,24,True,969,657,144.57579495268442
25,5bddf120-c403-48b5-9f9d-ab687dd2863a,6,25,True,1003,691,119.849663948993
26,5bddf120-c403-48b5-9f9d-ab687dd2863a,6,26,True,1027,715,137.02066643486194
27,5bddf120-c403-48b5-9f9d-ab687dd2863a,6,27,True,1048,736,126.05930602744172
28,5bddf120-c403-48b5-9f9d-ab687dd2863a,6,28,True,1080,768,138.3108088630812
29,5bddf120-c403-48b5-9f9d-ab687dd2863a,6,29,True,1111,799,112.54535972200836
30,5bddf120-c403-48b5-9f9d-ab687dd2863a,6,30,True,1143,831,116.62219615527863
31,5bddf120-c403-48b5-9f9d-ab687dd2863a,6,31,True,1168,856,144.18015441095542
32,5bddf120-c403-48b5-9f9d-ab687dd2863a,6,32,True,1202,890,120.86137126727749
33,5bddf120-c403-48b5-9f9d-ab687dd2863a,6,33,True,1227,915,155.71711807148495
34,5bddf120-c403-48b5-9f9d-ab687dd2863a,6,34,True,1252,940,124.6861034960898
35,5bddf120-c403-48b5-9f9d-ab687dd2863a,6,35,True,1283,971,153.2989408798901
36,5bddf120-c403-48b5-9f9d-ab687dd2863a,6,36,True,1318,1006,136.92268531866762
37,5bddf120-c403-48b5-9f9d-ab687dd2863a,6,37,True,1338,1026,136.4803348837388
38,5bddf120-c403-48b5-9f9d-ab687dd2863a,6,38,True,1370,1058,149.28362218052916
39,5bddf120-c403-48b5-9f9d-ab687dd2863a,6,39,True,1402,1090,177.48121820436313
40,5bddf120-c403-48b5-9f9d-ab687dd2863a,6,40,True,1430,1118,124.69221970738386
41,5bddf120-c403-48b5-9f9d-ab687dd2863a,6,41,True,1455,1143,148.55801293798982
42,5bddf120-c403-48b5-9f9d-ab687dd2863a,6,42,True,1491,1179,130.32170877729027
43,5bddf120-c403-48b5-9f9d-ab687dd2863a,6,43,True,1517,1205,137.02502067537398
44,5bddf120-c403-48b5-9f9d-ab687dd2863a,6,44,True,1540,1228,133.87122790189665
45,5bddf120-c403-48b5-9f9d-ab687dd2863a,6,45,True,1564,1252,139.92149974478434
46,5bddf120-c403-48b5-9f9d-ab687dd2863a,6,46,True,1601,1289,125.05349151964901
47,5bddf120-c403-48b5-9f9d-ab687dd2863a,6,47,True,1631,1319,135.88146647830376
48,5bddf120-c403-48b5-9f9d-ab687dd2863a,6,48,True,1664,1352,127.84926295212722
49,5bddf120-c403-48b5-9f9d-ab687dd2863a,6,49,True,1699,1387,176.89563360689635
50,5bddf120-c403-48b5-9f9d-ab687dd2863a,6,50,True,1724,1412,114.60981649675546
51,5bddf120-c403-48b5-9f9d-ab687dd2863a,6,51,True,1747,1435,171.8570840399991
52,5bddf120-c403-48b5-9f9d-ab687dd2863a,6,52,True,1773,1461,145.8570840399991
53,5bddf120-c403-48b5-9f9d-ab687dd2863a,6,53,True,1793,1481,172.94459765670126
54,5bddf120-c403-48b5-9f9d-ab687dd2863a,6,54,True,1832,1520,143.69388471229718
55,5bddf120-c403-48b5-9f9d-ab687dd2863a,6,55,True,1860,1548,162.15288260133366
56,5bddf120-c403-48b5-9f9d-ab687dd2863a,6,56,True,1886,1574,133.6940828712004
57,5bddf120-c403-48b5-9f9d-ab687dd2863a,6,57,True,1928,1616,149.7036165433094
58,5bddf120-c403-48b5-9f9d-ab687dd2863a,6,58,True,1956,1644,131.53283976000193
59,5bddf120-c403-48b5-9f9d-ab687dd2863a,6,59,True,1980,1668,113.66042874819868
60,5bddf120-c403-48b5-9f9d-ab687dd2863a,6,60,True,2009,1697,162.66973197487005
61,5bddf120-c403-48b5-9f9d-ab687dd2863a,6,61,True,2025,1713,138.5186271102716
62,5bddf120-c403-48b5-9f9d-ab687dd2863a,6,62,True,2061,1749,137.15997457442654
63,5bddf120-c403-48b5-9f9d-ab687dd2863a,6,63,True,2082,1770,132.3622764781294
64,5bddf120-c403-48b5-9f9d-ab687dd2863a,6,64,True,2112,1800,164.54270093376158
65,5bddf120-c403-48b5-9f9d-ab687dd2863a,6,65,True,2135,1823,127.20644065206534
66,5bddf120-c403-48b5-9f9d-ab687dd2863a,6,66,True,2161,1849,149.41087636912857
67,5bddf120-c403-48b5-9f9d-ab687dd2863a,6,67,True,2191,1879,122.19985924235357
68,5bddf120-c403-48b5-9f9d-ab687dd2863a,6,68,True,2216,1904,136.59733861726522
69,5bddf120-c403-48b5-9f9d-ab687dd2863a,6,69,True,2247,1935,131.2960382332567
70,5bddf120-c403-48b5-9f9d-ab687dd2863a,6,70,True,2275,1963,128.67501894241605
71,5bddf120-c403-48b5-9f9d-ab687dd2863a,6,71,True,2305,1993,114.74349929004347
72,5bddf120-c403-48b5-9f9d-ab687dd2863a,6,72,True,2336,2024,187.8625727689746
73,5bddf120-c403-48b5-9f9d-ab687dd2863a,6,73,True,2374,2062,149.8625727689746
74,5bddf120-c403-48b5-9f9d-ab687dd2863a,6,74,True,2399,2087,155.01530171286413
75,5bddf120-c403-48b5-9f9d-ab687dd2863a,6,75,True,2436,2124,134.22844457005704
76,5bddf120-c403-48b5-9f9d-ab687dd2863a,6,76,True,2460,2148,120.95629054507253
77,5bddf120-c403-48b5-9f9d-ab687dd2863a,6,77,True,2493,2181,140.04467740770679
78,5bddf120-c403-48b5-9f9d-ab687dd2863a,6,78,True,2521,2209,118.33287898570552
79,5bddf120-c403-48b5-9f9d-ab687dd2863a,6,79,True,2557,2245,129.434193809921
80,5bddf120-c403-48b5-9f9d-ab687dd2863a,6,80,True,2582,2270,131.29666701442784
81,5bddf120-c403-48b5-9f9d-ab687dd2863a,6,81,True,2617,2305,121.6757023365517
82,5bddf120-c403-48b5-9f9d-ab687dd2863a,6,82,True,2647,2335,133.16754716542846
83,5bddf120-c403-48b5-9f9d-ab687dd2863a,6,83,True,2669,2357,122.74188947182984
84,5bddf120-c403-48b5-9f9d-ab687dd2863a,6,84,True,2698,2386,117.01561620403663
85,5bddf120-c403-48b5-9f9d-ab687dd2863a,6,85,True,2718,2406,159.0584348590719
86,5bddf120-c403-48b5-9f9d-ab687dd2863a,6,86,True,2746,2434,133.57901625931936
87,5bddf120-c403-48b5-9f9d-ab687dd2863a,6,87,True,2776,2464,151.82708464090638
88,5bddf120-c403-48b5-9f9d-ab687dd2863a,6,88,True,2807,2495,118.2634686521983
89,5bddf120-c403-48b5-9f9d-ab687dd2863a,6,89,True,2832,2520,146.02587113053414
90,5bddf120-c403-48b5-9f9d-ab687dd2863a,6,90,True,2862,2550,105.29585278634477
91,5bddf120-c403-48b5-9f9d-ab687dd2863a,6,91,True,2892,2580,131.2533085215532
92,5bddf120-c403-48b5-9f9d-ab687dd2863a,6,92,True,2911,2599,114.60148143833203
93,5bddf120-c403-48b5-9f9d-ab687dd2863a,6,93,True,2935,2623,148.94908744132817
94,5bddf120-c403-48b5-9f9d-ab687dd2863a,6,94,True,2970,2658,142.294708492454
95,5bddf120-c403-48b5-9f9d-ab687dd2863a,6,95,True,3003,2691,141.73541121879634
96,5bddf120-c403-48b5-9f9d-ab687dd2863a,6,96,True,3032,2720,109.98343174384081
97,5bddf120-c403-48b5-9f9d-ab687dd2863a,6,97,True,3054,2742,139.47561597381355
98,5bddf120-c403-48b5-9f9d-ab687dd2863a,6,98,True,3078,2766,117.69868959264613
99,5bddf120-c403-48b5-9f9d-ab687dd2863a,6,99,True,3108,2796,137.08163670808017
100,5bddf120-c403-48b5-9f9d-ab687dd2863a,6,100,True,3145,2833,124.57534515406951
101,5bddf120-c403-48b5-9f9d-ab687dd2863a,6,101,True,3172,2860,137.15292794994957
102,5bddf120-c403-48b5-9f9d-ab687dd2863a,6,102,True,3196,2884,119.70199243951038
103,5bddf120-c403-48b5-9f9d-ab687dd2863a,6,103,True,3230,2918,120.77544429268801
104,5bddf120-c403-48b5-9f9d-ab687dd2863a,6,104,True,3252,2940,161.02414105236403
105,5bddf120-c403-48b5-9f9d-ab687dd2863a,6,105,True,3290,2978,148.79473151179172
106,5bddf120-c403-48b5-9f9d-ab687dd2863a,6,106,True,3319,3007,199.49169358823156
107,5bddf120-c403-48b5-9f9d-ab687dd2863a,6,107,True,3340,3028,178.49169358823156
108,5bddf120-c403-48b5-9f9d-ab687dd2863a,6,108,True,3375,3063,256.2247679013376
109,5bddf120-c403-48b5-9f9d-ab687dd2863a,6,109,True,3406,3094,162.0446541571314
110,5bddf120-c403-48b5-9f9d-ab687dd2863a,6,110,True,3431,3119,200.2247679013376
111,5bddf120-c403-48b5-9f9d-ab687dd2863a,6,111,True,3459,3147,172.2247679013376
112,5bddf120-c403-48b5-9f9d-ab687dd2863a,6,112,True,3492,3180,147.09853430972043
113,5bddf120-c403-48b5-9f9d-ab687dd2863a,6,113,True,3523,3211,229.17920153771593
114,5bddf120-c403-48b5-9f9d-ab687dd2863a,6,114,True,3558,3246,153.93959908064608
115,5bddf120-c403-48b5-9f9d-ab687dd2863a,6,115,True,3584,3272,177.47335788090413
116,5bddf120-c403-48b5-9f9d-ab687dd2863a,6,116,True,3613,3301,139.17920153771593
117,5bddf120-c403-48b5-9f9d-ab687dd2863a,6,117,True,3640,3328,126.32264762006571
118,5bddf120-c403-48b5-9f9d-ab687dd2863a,6,118,True,3664,3352,155.44064770942487
119,5bddf120-c403-48b5-9f9d-ab687dd2863a,6,119,True,3676,3364,114.51092803993015
120,5bddf120-c403-48b5-9f9d-ab687dd2863a,6,120,True,3709,3397,137.24429086669033
121,5bddf120-c403-48b5-9f9d-ab687dd2863a,6,121,True,3730,3418,135.50505156475492
122,5bddf120-c403-48b5-9f9d-ab687dd2863a,6,122,True,3762,3450,134.24740259751343
123,5bddf120-c403-48b5-9f9d-ab687dd2863a,6,123,True,3792,3480,123.05248526926107
124,5bddf120-c403-48b5-9f9d-ab687dd2863a,6,124,True,3820,3508,160.1399360336668
125,5bddf120-c403-48b5-9f9d-ab687dd2863a,6,125,True,3848,3536,126.7125778766399
126,5bddf120-c403-48b5-9f9d-ab687dd2863a,6,126,True,3881,3569,152.94351099967753
127,5bddf120-c403-48b5-9f9d-ab687dd2863a,6,127,True,3908,3596,128.46090097848628
128,5bddf120-c403-48b5-9f9d-ab687dd2863a,6,128,True,3942,3630,160.15802091384194
129,5bddf120-c403-48b5-9f9d-ab687dd2863a,6,129,True,3968,3656,161.30008462841488
130,5bddf120-c403-48b5-9f9d-ab687dd2863a,6,130,True,3990,3678,141.85508494904707
131,5bddf120-c403-48b5-9f9d-ab687dd2863a,6,131,True,4018,3706,111.30008462841488
132,5bddf120-c403-48b5-9f9d-ab687dd2863a,6,132,True,4048,3736,133.48293346147602
133,5bddf120-c403-48b5-9f9d-ab687dd2863a,6,133,True,4088,3776,102.5842308586648
134,5bddf120-c403-48b5-9f9d-ab687dd2863a,6,134,True,4117,3805,135.88395379191434
135,5bddf120-c403-48b5-9f9d-ab687dd2863a,6,135,True,4143,3831,165.1851690777903
136,5bddf120-c403-48b5-9f9d-ab687dd2863a,6,136,True,4168,3856,163.33742496731338
137,5bddf120-c403-48b5-9f9d-ab687dd2863a,6,137,True,4183,3871,122.31497208076371
138,5bddf120-c403-48b5-9f9d-ab687dd2863a,6,138,True,4217,3905,167.5740383878906
139,5bddf120-c403-48b5-9f9d-ab687dd2863a,6,139,True,4244,3932,138.17184174805425
140,5bddf120-c403-48b5-9f9d-ab687dd2863a,6,140,True,4272,3960,162.3041550179305
141,5bddf120-c403-48b5-9f9d-ab687dd2863a,6,141,True,4294,3982,175.70197374388772
142,5bddf120-c403-48b5-9f9d-ab687dd2863a,6,142,True,4320,4008,149.70197374388772
143,5bddf120-c403-48b5-9f9d-ab687dd2863a,6,143,True,4350,4038,143.42016701953435
144,5bddf120-c403-48b5-9f9d-ab687dd2863a,6,144,True,4376,4064,155.83363825540164
145,5bddf120-c403-48b5-9f9d-ab687dd2863a,6,145,True,4404,4092,130.32053401066787
146,5bddf120-c403-48b5-9f9d-ab687dd2863a,6,146,True,4434,4122,174.95967759200994
147,5bddf120-c403-48b5-9f9d-ab687dd2863a,6,147,True,4452,4140,109.74813228505718
148,5bddf120-c403-48b5-9f9d-ab687dd2863a,6,148,True,4490,4178,143.86875293920366
149,5bddf120-c403-48b5-9f9d-ab687dd2863a,6,149,True,4516,4204,122.14240320372664
150,5bddf120-c403-48b5-9f9d-ab687dd2863a,6,150,True,4543,4231,142.24454948736638
151,5bddf120-c403-48b5-9f9d-ab687dd2863a,6,151,True,4581,4269,128.49399601724144
152,5bddf120-c403-48b5-9f9d-ab687dd2863a,6,152,True,4603,4291,132.19004850119018
153,5bddf120-c403-48b5-9f9d-ab687dd2863a,6,153,True,4623,4311,124.45388129236107
154,5bddf120-c403-48b5-9f9d-ab687dd2863a,6,154,True,4642,4330,148.322834423544
155,5bddf120-c403-48b5-9f9d-ab687dd2863a,6,155,True,4660,4348,149.4977330510501
156,5bddf120-c403-48b5-9f9d-ab687dd2863a,6,156,True,4694,4382,125.50047469607944
157,5bddf120-c403-48b5-9f9d-ab687dd2863a,6,157,True,4727,4415,119.75530657772742
158,5bddf120-c403-48b5-9f9d-ab687dd2863a,6,158,True,4747,4435,141.4050387534371
159,5bddf120-c403-48b5-9f9d-ab687dd2863a,6,159,True,4777,4465,108.97010694936671
160,5bddf120-c403-48b5-9f9d-ab687dd2863a,6,160,True,4801,4489,137.19055437387124
161,5bddf120-c403-48b5-9f9d-ab687dd2863a,6,161,True,4827,4515,204.52913668201654
162,5bddf120-c403-48b5-9f9d-ab687dd2863a,6,162,True,4852,4540,155.86881420501868
163,5bddf120-c403-48b5-9f9d-ab687dd2863a,6,163,True,4886,4574,170.21967824654803
164,5bddf120-c403-48b5-9f9d-ab687dd2863a,6,164,True,4918,4606,140.78904839900042
165,5bddf120-c403-48b5-9f9d-ab687dd2863a,6,165,True,4938,4626,202.7845336819837
166,5bddf120-c403-48b5-9f9d-ab687dd2863a,6,166,True,4966,4654,174.7845336819837
167,5bddf120-c403-48b5-9f9d-ab687dd2863a,6,167,True,4991,4679,146.4687536859601
168,5bddf120-c403-48b5-9f9d-ab687dd2863a,6,168,True,5017,4705,207.1178327798416
169,5bddf120-c403-48b5-9f9d-ab687dd2863a,6,169,True,5053,4741,221.10546170757152
170,5bddf120-c403-48b5-9f9d-ab687dd2863a,6,170,True,5078,4766,250.64403919850065
171,5bddf120-c403-48b5-9f9d-ab687dd2863a,6,171,True,5118,4806,210.64403919850065
172,5bddf120-c403-48b5-9f9d-ab687dd2863a,6,172,True,5148,4836,177.2857094915089
173,5bddf120-c403-48b5-9f9d-ab687dd2863a,6,173,True,5172,4860,184.78720128402438
174,5bddf120-c403-48b5-9f9d-ab687dd2863a,6,174,True,5202,4890,171.06763005081666
175,5bddf120-c403-48b5-9f9d-ab687dd2863a,6,175,True,5221,4909,219.77627532747556
176,5bddf120-c403-48b5-9f9d-ab687dd2863a,6,176,True,5238,4926,172.17377499330087
177,5bddf120-c403-48b5-9f9d-ab687dd2863a,6,177,True,5265,4953,175.77627532747556
178,5bddf120-c403-48b5-9f9d-ab687dd2863a,6,178,True,5290,4978,163.00508774064383
179,5bddf120-c403-48b5-9f9d-ab687dd2863a,6,179,True,5311,4999,153.3489712844721
180,5bddf120-c403-48b5-9f9d-ab687dd2863a,6,180,True,5341,5029,177.28007456586238
181,5bddf120-c403-48b5-9f9d-ab687dd2863a,6,181,True,5360,5048,153.50766819366982
182,5bddf120-c403-48b5-9f9d-ab687dd2863a,6,182,True,5391,5079,171.01189124989287
183,5bddf120-c403-48b5-9f9d-ab687dd2863a,6,183,True,5417,5105,185.62618260834734
184,5bddf120-c403-48b5-9f9d-ab687dd2863a,6,184,True,5443,5131,200.47716474970912
185,5bddf120-c403-48b5-9f9d-ab687dd2863a,6,185,True,5475,5163,152.62904143007836
186,5bddf120-c403-48b5-9f9d-ab687dd2863a,6,186,True,5502,5190,141.47716474970912
187,5bddf120-c403-48b5-9f9d-ab687dd2863a,6,187,True,5522,5210,129.29095591560963
188,5bddf120-c403-48b5-9f9d-ab687dd2863a,6,188,True,5539,5227,138.79798015551114
189,5bddf120-c403-48b5-9f9d-ab687dd2863a,6,189,True,5559,5247,169.6242535804995
190,5bddf120-c403-48b5-9f9d-ab687dd2863a,6,190,True,5591,5279,126.96841627680351
191,5bddf120-c403-48b5-9f9d-ab687dd2863a,6,191,True,5633,5321,151.73117188040214
192,5bddf120-c403-48b5-9f9d-ab687dd2863a,6,192,True,5657,5345,113.48624267937066
193,5bddf120-c403-48b5-9f9d-ab687dd2863a,6,193,True,5675,5363,132.38935234223118
194,5bddf120-c403-48b5-9f9d-ab687dd2863a,6,194,True,5705,5393,160.9852842363598
195,5bddf120-c403-48b5-9f9d-ab687dd2863a,6,195,True,5732,5420,131.7224996861696
196,5bddf120-c403-48b5-9f9d-ab687dd2863a,6,196,True,5761,5449,146.11662584678288
197,5bddf120-c403-48b5-9f9d-ab687dd2863a,6,197,True,5776,5464,112.16082280303272
198,5bddf120-c403-48b5-9f9d-ab687dd2863a,6,198,True,5815,5503,159.10516803891278
199,5bddf120-c403-48b5-9f9d-ab687dd2863a,6,199,True,5842,5530,140.60423746291508
200,5bddf120-c403-48b5-9f9d-ab687dd2863a,6,200,True,5866,5554,167.7439851352283
201,5bddf120-c403-48b5-9f9d-ab687dd2863a,6,201,True,5893,5581,132.3441129225248
202,5bddf120-c403-48b5-9f9d-ab687dd2863a,6,202,True,5922,5610,152.926288855022
203,5bddf120-c403-48b5-9f9d-ab687dd2863a,6,203,True,5953,5641,118.64051845988888
204,5bddf120-c403-48b5-9f9d-ab687dd2863a,6,204,True,5978,5666,135.19316600769253
205,5bddf120-c403-48b5-9f9d-ab687dd2863a,6,205,True,6009,5697,112.04631719363533
206,5bddf120-c403-48b5-9f9d-ab687dd2863a,6,206,True,6045,5733,125.65839121178396
207,5bddf120-c403-48b5-9f9d-ab687dd2863a,6,207,True,6084,5772,113.44968239479113
208,5bddf120-c403-48b5-9f9d-ab687dd2863a,6,208,True,6113,5801,141.49436573279127
209,5bddf120-c403-48b5-9f9d-ab687dd2863a,6,209,True,6128,5816,128.50840896074533
210,5bddf120-c403-48b5-9f9d-ab687dd2863a,6,210,True,6154,5842,191.11515413876805
211,5bddf120-c403-48b5-9f9d-ab687dd2863a,6,211,True,6183,5871,179.9102719017037
212,5bddf120-c403-48b5-9f9d-ab687dd2863a,6,212,True,6217,5905,157.18568472711104
213,5bddf120-c403-48b5-9f9d-ab687dd2863a,6,213,True,6243,5931,133.40092830089452
214,5bddf120-c403-48b5-9f9d-ab687dd2863a,6,214,True,6277,5965,179.35202549941096
215,5bddf120-c403-48b5-9f9d-ab687dd2863a,6,215,True,6304,5992,148.584485683823
216,5bddf120-c403-48b5-9f9d-ab687dd2863a,6,216,True,6344,6032,160.56559386935714
217,5bddf120-c403-48b5-9f9d-ab687dd2863a,6,217,True,6367,6055,140.5726300296783
218,5bddf120-c403-48b5-9f9d-ab687dd2863a,6,218,True,6397,6085,161.1270358227721
219,5bddf120-c403-48b5-9f9d-ab687dd2863a,6,219,True,6417,6105,138.7294995644079
220,5bddf120-c403-48b5-9f9d-ab687dd2863a,6,220,True,6445,6133,163.4163510467697
221,5bddf120-c403-48b5-9f9d-ab687dd2863a,6,221,True,6473,6161,127.85318517775886
222,5bddf120-c403-48b5-9f9d-ab687dd2863a,6,222,True,6502,6190,128.372089178828
223,5bddf120-c403-48b5-9f9d-ab687dd2863a,6,223,True,6537,6225,152.02869196015035
224,5bddf120-c403-48b5-9f9d-ab687dd2863a,6,224,True,6558,6246,154.95261740262686
225,5bddf120-c403-48b5-9f9d-ab687dd2863a,6,225,True,6590,6278,130.26433642570646
226,5bddf120-c403-48b5-9f9d-ab687dd2863a,6,226,True,6621,6309,119.46456039793338
227,5bddf120-c403-48b5-9f9d-ab687dd2863a,6,227,True,6642,6330,133.85073823503717
228,5bddf120-c403-48b5-9f9d-ab687dd2863a,6,228,True,6667,6355,148.33597690259194
229,5bddf120-c403-48b5-9f9d-ab687dd2863a,6,229,True,6693,6381,130.76113818251451
230,5bddf120-c403-48b5-9f9d-ab687dd2863a,6,230,True,6729,6417,119.99503809491671
231,5bddf120-c403-48b5-9f9d-ab687dd2863a,6,231,True,6757,6445,144.6372950347668
232,5bddf120-c403-48b5-9f9d-ab687dd2863a,6,232,True,6783,6471,122.6292474163265
233,5bddf120-c403-48b5-9f9d-ab687dd2863a,6,233,True,6811,6499,144.56055607366852
234,5bddf120-c403-48b5-9f9d-ab687dd2863a,6,234,True,6839,6527,118.56515934752679
235,5bddf120-c403-48b5-9f9d-ab687dd2863a,6,235,True,6869,6557,150.73008540960018
236,5bddf120-c403-48b5-9f9d-ab687dd2863a,6,236,True,6887,6575,157.56883392662075
237,5bddf120-c403-48b5-9f9d-ab687dd2863a,6,237,True,6908,6596,151.43622311642412
238,5bddf120-c403-48b5-9f9d-ab687dd2863a,6,238,True,6929,6617,213.53381737828022
239,5bddf120-c403-48b5-9f9d-ab687dd2863a,6,239,True,6951,6639,164.78649362113902
240,5bddf120-c403-48b5-9f9d-ab687dd2863a,6,240,True,6987,6675,184.26848715362758
241,5bddf120-c403-48b5-9f9d-ab687dd2863a,6,241,True,7017,6705,180.21227669287782
242,5bddf120-c403-48b5-9f9d-ab687dd2863a,6,242,True,7039,6727,154.0785461646292
243,5bddf120-c403-48b5-9f9d-ab687dd2863a,6,243,True,7061,6749,164.69560213147543
244,5bddf120-c403-48b5-9f9d-ab687dd2863a,6,244,True,7083,6771,195.4614444824174
245,5bddf120-c403-48b5-9f9d-ab687dd2863a,6,245,True,7103,6791,172.82275328838568
246,5bddf120-c403-48b5-9f9d-ab687dd2863a,6,246,True,7126,6814,144.9976265925552
247,5bddf120-c403-48b5-9f9d-ab687dd2863a,6,247,True,7154,6842,173.75599772202622
248,5bddf120-c403-48b5-9f9d-ab687dd2863a,6,248,True,7184,6872,170.8309315006918
249,5bddf120-c403-48b5-9f9d-ab687dd2863a,6,249,True,7201,6889,156.45827871858546
250,5bddf120-c403-48b5-9f9d-ab687dd2863a,6,250,True,7234,6922,194.79545648286876
251,5bddf120-c403-48b5-9f9d-ab687dd2863a,6,251,True,7256,6944,175.0906515267052
252,5bddf120-c403-48b5-9f9d-ab687dd2863a,6,252,True,7282,6970,146.79545648286876
253,5bddf120-c403-48b5-9f9d-ab687dd2863a,6,253,True,7312,7000,189.41158507567343
254,5bddf120-c403-48b5-9f9d-ab687dd2863a,6,254,True,7339,7027,166.54441307540037
255,5bddf120-c403-48b5-9f9d-ab687dd2863a,6,255,True,7353,7041,185.23283651396832
256,5bddf120-c403-48b5-9f9d-ab687dd2863a,6,256,True,7381,7069,211.27683455548777
257,5bddf120-c403-48b5-9f9d-ab687dd2863a,6,257,True,7401,7089,160.32982323779743
258,5bddf120-c403-48b5-9f9d-ab687dd2863a,6,258,True,7429,7117,199.860696755748
259,5bddf120-c403-48b5-9f9d-ab687dd2863a,6,259,True,7453,7141,178.33056212906013
260,5bddf120-c403-48b5-9f9d-ab687dd2863a,6,260,True,7476,7164,150.72196947966768
261,5bddf120-c403-48b5-9f9d-ab687dd2863a,6,261,True,7505,7193,189.36891070805723
262,5bddf120-c403-48b5-9f9d-ab687dd2863a,6,262,True,7538,7226,206.61453268054902
263,5bddf120-c403-48b5-9f9d-ab687dd2863a,6,263,True,7557,7245,202.78486683823303
264,5bddf120-c403-48b5-9f9d-ab687dd2863a,6,264,True,7586,7274,180.7149943921777
265,5bddf120-c403-48b5-9f9d-ab687dd2863a,6,265,True,7613,7301,198.67594066772654
266,5bddf120-c403-48b5-9f9d-ab687dd2863a,6,266,True,7637,7325,153.55319084429811
267,5bddf120-c403-48b5-9f9d-ab687dd2863a,6,267,True,7667,7355,197.0122735023624
268,5bddf120-c403-48b5-9f9d-ab687dd2863a,6,268,True,7696,7384,172.43756284921255
269,5bddf120-c403-48b5-9f9d-ab687dd2863a,6,269,True,7716,7404,148.0122735023624
270,5bddf120-c403-48b5-9f9d-ab687dd2863a,6,270,True,7739,7427,179.29052984529426
271,5bddf120-c403-48b5-9f9d-ab687dd2863a,6,271,True,7761,7449,208.4141577852206
272,5bddf120-c403-48b5-9f9d-ab687dd2863a,6,272,True,7780,7468,167.96790461573164
273,5bddf120-c403-48b5-9f9d-ab687dd2863a,6,273,True,7800,7488,199.07745736530978
274,5bddf120-c403-48b5-9f9d-ab687dd2863a,6,274,True,7833,7521,141.9527299107267
275,5bddf120-c403-48b5-9f9d-ab687dd2863a,6,275,True,7855,7543,208.4205643724481
276,5bddf120-c403-48b5-9f9d-ab687dd2863a,6,276,True,7892,7580,126.64427459195849
277,5bddf120-c403-48b5-9f9d-ab687dd2863a,6,277,True,7921,7609,138.36033561224667
278,5bddf120-c403-48b5-9f9d-ab687dd2863a,6,278,True,7953,7641,145.61353885502103
279,5bddf120-c403-48b5-9f9d-ab687dd2863a,6,279,True,7978,7666,143.37306015543618
280,5bddf120-c403-48b5-9f9d-ab687dd2863a,6,280,True,8006,7694,130.64342029795534
281,5bddf120-c403-48b5-9f9d-ab687dd2863a,6,281,True,8026,7714,126.03410609817365
282,5bddf120-c403-48b5-9f9d-ab687dd2863a,6,282,True,8050,7738,151.24430103953455
283,5bddf120-c403-48b5-9f9d-ab687dd2863a,6,283,True,8071,7759,157.58491531724667
284,5bddf120-c403-48b5-9f9d-ab687dd2863a,6,284,True,8099,7787,144.79240620497694
285,5bddf120-c403-48b5-9f9d-ab687dd2863a,6,285,True,8124,7812,128.39083908422253
286,5bddf120-c403-48b5-9f9d-ab687dd2863a,6,286,True,8149,7837,194.06232303758952
287,5bddf120-c403-48b5-9f9d-ab687dd2863a,6,287,True,8173,7861,120.24309852316492
288,5bddf120-c403-48b5-9f9d-ab687dd2863a,6,288,True,8205,7893,189.03091692659564
289,5bddf120-c403-48b5-9f9d-ab687dd2863a,6,289,True,8232,7920,134.54109965492898
290,5bddf120-c403-48b5-9f9d-ab687dd2863a,6,290,True,8257,7945,163.94543797622373
291,5bddf120-c403-48b5-9f9d-ab687dd2863a,6,291,True,8278,7966,138.37625755709723
292,5bddf120-c403-48b5-9f9d-ab687dd2863a,6,292,True,8316,8004,127.6026996470664
293,5bddf120-c403-48b5-9f9d-ab687dd2863a,6,293,True,8334,8022,140.31534876949354
294,5bddf120-c403-48b5-9f9d-ab687dd2863a,6,294,True,8363,8051,181.230065118496
295,5bddf120-c403-48b5-9f9d-ab687dd2863a,6,295,True,8384,8072,213.570771334269
296,5bddf120-c403-48b5-9f9d-ab687dd2863a,6,296,True,8407,8095,214.63950409740573
297,5bddf120-c403-48b5-9f9d-ab687dd2863a,6,297,True,8429,8117,242.22309658385166
298,5bddf120-c403-48b5-9f9d-ab687dd2863a,6,298,True,8459,8147,191.78741167174485
299,5bddf120-c403-48b5-9f9d-ab687dd2863a,6,299,True,8484,8172,230.0027575851218
300,5bddf120-c403-48b5-9f9d-ab687dd2863a,6,300,True,8510,8198,201.4108552589205
301,5bddf120-c403-48b5-9f9d-ab687dd2863a,6,301,True,8537,8225,186.58016717299688
302,5bddf120-c403-48b5-9f9d-ab687dd2863a,6,302,True,8564,8252,207.16969696320666
303,5bddf120-c403-48b5-9f9d-ab687dd2863a,6,303,True,8596,8284,165.6523978388159
304,5bddf120-c403-48b5-9f9d-ab687dd2863a,6,304,True,8622,8310,175.70364004306612
305,5bddf120-c403-48b5-9f9d-ab687dd2863a,6,305,True,8658,8346,155.67029807613835
306,5bddf120-c403-48b5-9f9d-ab687dd2863a,6,306,True,8688,8376,176.2957861902978
307,5bddf120-c403-48b5-9f9d-ab687dd2863a,6,307,True,8709,8397,179.44489241724477
308,5bddf120-c403-48b5-9f9d-ab687dd2863a,6,308,True,8739,8427,163.37453006564647
309,5bddf120-c403-48b5-9f9d-ab687dd2863a,6,309,True,8760,8448,194.66305642297084
310,5bddf120-c403-48b5-9f9d-ab687dd2863a,6,310,True,8784,8472,155.0188817430826
311,5bddf120-c403-48b5-9f9d-ab687dd2863a,6,311,True,8809,8497,194.97561837192734
312,5bddf120-c403-48b5-9f9d-ab687dd2863a,6,312,True,8830,8518,148.58431781779473
313,5bddf120-c403-48b5-9f9d-ab687dd2863a,6,313,True,8863,8551,155.43439004317588
314,5bddf120-c403-48b5-9f9d-ab687dd2863a,6,314,True,8886,8574,259.73523391201525
315,5bddf120-c403-48b5-9f9d-ab687dd2863a,6,315,True,8917,8605,231.75969754207472
316,5bddf120-c403-48b5-9f9d-ab687dd2863a,6,316,False,8948,8636,327.89957569027683
317,5bddf120-c403-48b5-9f9d-ab687dd2863a,6,317,True,8972,8660,282.7904909535082
318,5bddf120-c403-48b5-9f9d-ab687dd2863a,6,318,True,9001,8689,253.7904909535082
319,5bddf120-c403-48b5-9f9d-ab687dd2863a,6,319,False,9028,8716,318.73168714604435
320,5bddf120-c403-48b5-9f9d-ab687dd2863a,6,320,False,9049,8737,337.2210660422643
321,5bddf120-c403-48b5-9f9d-ab687dd2863a,6,321,True,9077,8765,284.993191041478
322,5bddf120-c403-48b5-9f9d-ab687dd2863a,6,322,True,9115,8803,273.7122868134393
323,5bddf120-c403-48b5-9f9d-ab687dd2863a,6,323,True,9146,8834,296.39615355765636
324,5bddf120-c403-48b5-9f9d-ab687dd2863a,6,324,True,9175,8863,301.509090899217
325,5bddf120-c403-48b5-9f9d-ab687dd2863a,6,325,True,9202,8890,251.6942653247097
326,5bddf120-c403-48b5-9f9d-ab687dd2863a,6,326,True,9229,8917,213.39615355765636
327,5bddf120-c403-48b5-9f9d-ab687dd2863a,6,327,True,9250,8938,203.6942653247097
328,5bddf120-c403-48b5-9f9d-ab687dd2863a,6,328,True,9285,8973,277.0541399996364
329,5bddf120-c403-48b5-9f9d-ab687dd2863a,6,329,True,9314,9002,190.4552698290754
330,5bddf120-c403-48b5-9f9d-ab687dd2863a,6,330,True,9331,9019,231.0541399996364
331,5bddf120-c403-48b5-9f9d-ab687dd2863a,6,331,True,9364,9052,211.68177115037724
332,5bddf120-c403-48b5-9f9d-ab687dd2863a,6,332,True,9389,9077,234.3271977491877
333,5bddf120-c403-48b5-9f9d-ab687dd2863a,6,333,True,9417,9105,177.17242543860812
334,5bddf120-c403-48b5-9f9d-ab687dd2863a,6,334,True,9442,9130,181.3271977491877
335,5bddf120-c403-48b5-9f9d-ab687dd2863a,6,335,True,9474,9162,167.07676719861774
336,5bddf120-c403-48b5-9f9d-ab687dd2863a,6,336,True,9497,9185,198.8269146079001
337,5bddf120-c403-48b5-9f9d-ab687dd2863a,6,337,True,9518,9206,162.0561475651175
338,5bddf120-c403-48b5-9f9d-ab687dd2863a,6,338,True,9546,9234,210.53337779926005
339,5bddf120-c403-48b5-9f9d-ab687dd2863a,6,339,True,9583,9271,139.12997464420914
340,5bddf120-c403-48b5-9f9d-ab687dd2863a,6,340,True,9612,9300,162.4040107524488
341,5bddf120-c403-48b5-9f9d-ab687dd2863a,6,341,True,9633,9321,175.1847911683726
342,5bddf120-c403-48b5-9f9d-ab687dd2863a,6,342,True,9661,9349,147.1847911683726
343,5bddf120-c403-48b5-9f9d-ab687dd2863a,6,343,True,9679,9367,120.73244687372244
344,5bddf120-c403-48b5-9f9d-ab687dd2863a,6,344,True,9702,9390,154.04884094717272
345,5bddf120-c403-48b5-9f9d-ab687dd2863a,6,345,True,9725,9413,125.76005658004033
346,5bddf120-c403-48b5-9f9d-ab687dd2863a,6,346,True,9754,9442,141.36743198600198
347,5bddf120-c403-48b5-9f9d-ab687dd2863a,6,347,True,9786,9474,147.0450258462679
348,5bddf120-c403-48b5-9f9d-ab687dd2863a,6,348,True,9814,9502,133.6458754535779
349,5bddf120-c403-48b5-9f9d-ab687dd2863a,6,349,True,9840,9528,155.76340151330442
350,5bddf120-c403-48b5-9f9d-ab687dd2863a,6,350,True,9861,9549,138.82185967882833
351,5bddf120-c403-48b5-9f9d-ab687dd2863a,6,351,True,9887,9575,163.68882632072382
352,5bddf120-c403-48b5-9f9d-ab687dd2863a,6,352,True,9917,9605,137.68751476421858
353,5bddf120-c403-48b5-9f9d-ab687dd2863a,6,353,True,9948,9636,153.83764716547375
354,5bddf120-c403-48b5-9f9d-ab687dd2863a,6,354,True,9971,9659,138.59627692998583
355,5bddf120-c403-48b5-9f9d-ab687dd2863a,6,355,True,10004,9692,162.07830505211314
356,5bddf120-c403-48b5-9f9d-ab687dd2863a,6,356,True,10034,9722,118.64078017958491
357,5bddf120-c403-48b5-9f9d-ab687dd2863a,6,357,True,10054,9742,140.3421198904507
358,5bddf120-c403-48b5-9f9d-ab687dd2863a,6,358,True,10085,9773,130.30935327952648
359,5bddf120-c403-48b5-9f9d-ab687dd2863a,6,359,True,10119,9807,138.33731549818185
360,5bddf120-c403-48b5-9f9d-ab687dd2863a,6,360,True,10149,9837,164.57169384464578
361,5bddf120-c403-48b5-9f9d-ab687dd2863a,6,361,True,10172,9860,165.42484911002794
362,5bddf120-c403-48b5-9f9d-ab687dd2863a,6,362,True,10194,9882,146.3065513662168
363,5bddf120-c403-48b5-9f9d-ab687dd2863a,6,363,True,10220,9908,172.14760480257974
364,5bddf120-c403-48b5-9f9d-ab687dd2863a,6,364,True,10253,9941,141.4947471436153
365,5bddf120-c403-48b5-9f9d-ab687dd2863a,6,365,True,10277,9965,145.97985998677177
366,5bddf120-c403-48b5-9f9d-ab687dd2863a,6,366,True,10306,9994,110.5952508550472
367,5bddf120-c403-48b5-9f9d-ab687dd2863a,6,367,True,10336,10024,140.7208488906963
368,5bddf120-c403-48b5-9f9d-ab687dd2863a,6,368,True,10365,10053,130.2650307574222
369,5bddf120-c403-48b5-9f9d-ab687dd2863a,6,369,True,10397,10085,120.53882890559908
370,5bddf120-c403-48b5-9f9d-ab687dd2863a,6,370,True,10432,10120,112.73396416569994
371,5bddf120-c403-48b5-9f9d-ab687dd2863a,6,371,True,10459,10147,123.84072104748157
372,5bddf120-c403-48b5-9f9d-ab687dd2863a,6,372,True,10483,10171,111.83371832104785
373,5bddf120-c403-48b5-9f9d-ab687dd2863a,6,373,True,10513,10201,136.5269527636883
374,5bddf120-c403-48b5-9f9d-ab687dd2863a,6,374,True,10534,10222,112.88277091655436
375,5bddf120-c403-48b5-9f9d-ab687dd2863a,6,375,True,10556,10244,132.56549019004524
376,5bddf120-c403-48b5-9f9d-ab687dd2863a,6,376,True,10576,10264,146.4307524454398
377,5bddf120-c403-48b5-9f9d-ab687dd2863a,6,377,True,10600,10288,137.91643062501316
378,5bddf120-c403-48b5-9f9d-ab687dd2863a,6,378,True,10630,10318,146.79081675037014
379,5bddf120-c403-48b5-9f9d-ab687dd2863a,6,379,True,10653,10341,129.34767061891216
380,5bddf120-c403-48b5-9f9d-ab687dd2863a,6,380,True,10688,10376,148.686923067924
381,5bddf120-c403-48b5-9f9d-ab687dd2863a,6,381,True,10717,10405,133.1528253708184
382,5bddf120-c403-48b5-9f9d-ab687dd2863a,6,382,True,10743,10431,144.26240570645496
383,5bddf120-c403-48b5-9f9d-ab687dd2863a,6,383,True,10771,10459,131.46790492190667
384,5bddf120-c403-48b5-9f9d-ab687dd2863a,6,384,True,10793,10481,219.70853556480324
385,5bddf120-c403-48b5-9f9d-ab687dd2863a,6,385,True,10812,10500,197.0769484674529
386,5bddf120-c403-48b5-9f9d-ab687dd2863a,6,386,True,10835,10523,177.70853556480324
387,5bddf120-c403-48b5-9f9d-ab687dd2863a,6,387,True,10859,10547,209.55385427687543
388,5bddf120-c403-48b5-9f9d-ab687dd2863a,6,388,True,10890,10578,183.5369380808388
389,5bddf120-c403-48b5-9f9d-ab687dd2863a,6,389,True,10919,10607,173.11197770822764
390,5bddf120-c403-48b5-9f9d-ab687dd2863a,6,390,True,10951,10639,172.31589656231154
391,5bddf120-c403-48b5-9f9d-ab687dd2863a,6,391,True,10980,10668,157.82279723423017
392,5bddf120-c403-48b5-9f9d-ab687dd2863a,6,392,True,11008,10696,222.75650824377044
393,5bddf120-c403-48b5-9f9d-ab687dd2863a,6,393,True,11033,10721,141.97644121600388
394,5bddf120-c403-48b5-9f9d-ab687dd2863a,6,394,True,11053,10741,135.03712453949083
395,5bddf120-c403-48b5-9f9d-ab687dd2863a,6,395,True,11084,10772,202.30661336289995
396,5bddf120-c403-48b5-9f9d-ab687dd2863a,6,396,True,11115,10803,173.74185640461292
397,5bddf120-c403-48b5-9f9d-ab687dd2863a,6,397,True,11138,10826,143.85488441606321
398,5bddf120-c403-48b5-9f9d-ab687dd2863a,6,398,True,11171,10859,209.75894401573714
399,5bddf120-c403-48b5-9f9d-ab687dd2863a,6,399,True,11195,10883,188.756522802385
400,5bddf120-c403-48b5-9f9d-ab687dd2863a,6,400,True,11220,10908,163.756522802385
401,5bddf120-c403-48b5-9f9d-ab687dd2863a,6,401,True,11257,10945,210.02429033332373
402,5bddf120-c403-48b5-9f9d-ab687dd2863a,6,402,True,11296,10984,171.02429033332373
403,5bddf120-c403-48b5-9f9d-ab687dd2863a,6,403,True,11318,11006,203.1303686255378
404,5bddf120-c403-48b5-9f9d-ab687dd2863a,6,404,True,11353,11041,165.89795026626052
405,5bddf120-c403-48b5-9f9d-ab687dd2863a,6,405,True,11386,11074,186.3175064625084
406,5bddf120-c403-48b5-9f9d-ab687dd2863a,6,406,True,11410,11098,183.27910983581933
407,5bddf120-c403-48b5-9f9d-ab687dd2863a,6,407,True,11449,11137,136.05146171876186
408,5bddf120-c403-48b5-9f9d-ab687dd2863a,6,408,True,11471,11159,166.56268683834423
409,5bddf120-c403-48b5-9f9d-ab687dd2863a,6,409,True,11508,11196,129.56268683834423
410,5bddf120-c403-48b5-9f9d-ab687dd2863a,6,410,True,11539,11227,157.0251969320543
411,5bddf120-c403-48b5-9f9d-ab687dd2863a,6,411,True,11578,11266,118.02519693205431
412,5bddf120-c403-48b5-9f9d-ab687dd2863a,6,412,True,11612,11300,130.283489830088
413,5bddf120-c403-48b5-9f9d-ab687dd2863a,6,413,True,11637,11325,107.79570707876701
414,5bddf120-c403-48b5-9f9d-ab687dd2863a,6,414,True,11660,11348,151.47713613290398
415,5bddf120-c403-48b5-9f9d-ab687dd2863a,6,415,True,11685,11373,150.80156623741823
416,5bddf120-c403-48b5-9f9d-ab687dd2863a,6,416,True,11703,11391,171.08880133843013
417,5bddf120-c403-48b5-9f9d-ab687dd2863a,6,417,True,11731,11419,168.93049298298683
418,5bddf120-c403-48b5-9f9d-ab687dd2863a,6,418,True,11756,11444,171.87411905442423
419,5bddf120-c403-48b5-9f9d-ab687dd2863a,6,419,True,11791,11479,159.30339957981778
420,5bddf120-c403-48b5-9f9d-ab687dd2863a,6,420,True,11814,11502,194.93571863391116
421,5bddf120-c403-48b5-9f9d-ab687dd2863a,6,421,True,11849,11537,118.43149972823994
422,5bddf120-c403-48b5-9f9d-ab687dd2863a,6,422,True,11884,11572,124.93571863391116
423,5bddf120-c403-48b5-9f9d-ab687dd2863a,6,423,True,11922,11610,144.73704412706138
424,5bddf120-c403-48b5-9f9d-ab687dd2863a,6,424,True,11954,11642,121.23664335529247
425,5bddf120-c403-48b5-9f9d-ab687dd2863a,6,425,True,11981,11669,118.24836848763698
426,5bddf120-c403-48b5-9f9d-ab687dd2863a,6,426,True,12013,11701,134.13698712090263
427,5bddf120-c403-48b5-9f9d-ab687dd2863a,6,427,True,12039,11727,110.83796996298406
428,5bddf120-c403-48b5-9f9d-ab687dd2863a,6,428,True,12062,11750,177.14141665309944
429,5bddf120-c403-48b5-9f9d-ab687dd2863a,6,429,True,12087,11775,152.14141665309944
430,5bddf120-c403-48b5-9f9d-ab687dd2863a,6,430,True,12111,11799,133.14846085358295
431,5bddf120-c403-48b5-9f9d-ab687dd2863a,6,431,True,12126,11814,191.55857894019573
432,5bddf120-c403-48b5-9f9d-ab687dd2863a,6,432,True,12152,11840,144.054379177187
433,5bddf120-c403-48b5-9f9d-ab687dd2863a,6,433,True,12185,11873,157.26778156404907
434,5bddf120-c403-48b5-9f9d-ab687dd2863a,6,434,True,12211,11899,165.57184596255865
435,5bddf120-c403-48b5-9f9d-ab687dd2863a,6,435,True,12250,11938,129.1315630839781
436,5bddf120-c403-48b5-9f9d-ab687dd2863a,6,436,True,12279,11967,186.2644418940381
437,5bddf120-c403-48b5-9f9d-ab687dd2863a,6,437,True,12318,12006,132.86365079196003
438,5bddf120-c403-48b5-9f9d-ab687dd2863a,6,438,True,12347,12035,144.60221448702032
439,5bddf120-c403-48b5-9f9d-ab687dd2863a,6,439,True,12370,12058,133.79129716387615
440,5bddf120-c403-48b5-9f9d-ab687dd2863a,6,440,True,12393,12081,165.4795093224766
441,5bddf120-c403-48b5-9f9d-ab687dd2863a,6,441,True,12425,12113,159.52333056034513
442,5bddf120-c403-48b5-9f9d-ab687dd2863a,6,442,True,12451,12139,156.4109757708302
443,5bddf120-c403-48b5-9f9d-ab687dd2863a,6,443,True,12482,12170,153.67348599688376
444,5bddf120-c403-48b5-9f9d-ab687dd2863a,6,444,True,12515,12203,164.9559597918378
445,5bddf120-c403-48b5-9f9d-ab687dd2863a,6,445,True,12538,12226,146.0567190632264
446,5bddf120-c403-48b5-9f9d-ab687dd2863a,6,446,True,12567,12255,163.41599622187096
447,5bddf120-c403-48b5-9f9d-ab687dd2863a,6,447,True,12591,12279,142.74297595169992
448,5bddf120-c403-48b5-9f9d-ab687dd2863a,6,448,True,12625,12313,170.10416106024059
449,5bddf120-c403-48b5-9f9d-ab687dd2863a,6,449,True,12655,12343,163.5406373463029
450,5bddf120-c403-48b5-9f9d-ab687dd2863a,6,450,True,12674,12362,199.11968125291241
451,5bddf120-c403-48b5-9f9d-ab687dd2863a,6,451,True,12700,12388,148.0704156204938
452,5bddf120-c403-48b5-9f9d-ab687dd2863a,6,452,True,12731,12419,144.3683075563804
453,5bddf120-c403-48b5-9f9d-ab687dd2863a,6,453,True,12750,12438,149.06723310947564
454,5bddf120-c403-48b5-9f9d-ab687dd2863a,6,454,True,12781,12469,179.0379754863825
455,5bddf120-c403-48b5-9f9d-ab687dd2863a,6,455,True,12815,12503,145.0379754863825
456,5bddf120-c403-48b5-9f9d-ab687dd2863a,6,456,True,12842,12530,155.56396835749365
457,5bddf120-c403-48b5-9f9d-ab687dd2863a,6,457,True,12875,12563,126.47573966767959
458,5bddf120-c403-48b5-9f9d-ab687dd2863a,6,458,True,12906,12594,143.6311798816496
459,5bddf120-c403-48b5-9f9d-ab687dd2863a,6,459,True,12930,12618,132.02069650457088
460,5bddf120-c403-48b5-9f9d-ab687dd2863a,6,460,True,12963,12651,169.43995841143624
461,5bddf120-c403-48b5-9f9d-ab687dd2863a,6,461,True,12994,12682,164.4064999586517
462,5bddf120-c403-48b5-9f9d-ab687dd2863a,6,462,True,13025,12713,178.7362860125777
463,5bddf120-c403-48b5-9f9d-ab687dd2863a,6,463,True,13055,12743,148.7362860125777
464,5bddf120-c403-48b5-9f9d-ab687dd2863a,6,464,True,13077,12765,132.7795831533931
465,5bddf120-c403-48b5-9f9d-ab687dd2863a,6,465,True,13112,12800,248.09228874711152
466,5bddf120-c403-48b5-9f9d-ab687dd2863a,6,466,True,13145,12833,268.5062321366131
467,5bddf120-c403-48b5-9f9d-ab687dd2863a,6,467,True,13170,12858,256.5546234123922
468,5bddf120-c403-48b5-9f9d-ab687dd2863a,6,468,True,13192,12880,234.55462341239217
469,5bddf120-c403-48b5-9f9d-ab687dd2863a,6,469,True,13226,12914,234.37451065059577
470,5bddf120-c403-48b5-9f9d-ab687dd2863a,6,470,True,13256,12944,216.641125587259
471,5bddf120-c403-48b5-9f9d-ab687dd2863a,6,471,True,13286,12974,214.18410834300084
472,5bddf120-c403-48b5-9f9d-ab687dd2863a,6,472,True,13318,13006,191.03515734516077
473,5bddf120-c403-48b5-9f9d-ab687dd2863a,6,473,True,13350,13038,196.96130948103382
474,5bddf120-c403-48b5-9f9d-ab687dd2863a,6,474,True,13392,13080,164.49122248038293
475,5bddf120-c403-48b5-9f9d-ab687dd2863a,6,475,True,13423,13111,182.81683382209667
476,5bddf120-c403-48b5-9f9d-ab687dd2863a,6,476,True,13447,13135,138.00972335283586
477,5bddf120-c403-48b5-9f9d-ab687dd2863a,6,477,True,13465,13153,193.94528750306563
478,5bddf120-c403-48b5-9f9d-ab687dd2863a,6,478,True,13490,13178,181.34161805875374
479,5bddf120-c403-48b5-9f9d-ab687dd2863a,6,479,True,13522,13210,200.3633692047806
480,5bddf120-c403-48b5-9f9d-ab687dd2863a,6,480,True,13554,13242,122.76596286928907
481,5bddf120-c403-48b5-9f9d-ab687dd2863a,6,481,True,13582,13270,166.2812791551587
482,5bddf120-c403-48b5-9f9d-ab687dd2863a,6,482,True,13613,13301,159.35310203804875
483,5bddf120-c403-48b5-9f9d-ab687dd2863a,6,483,True,13640,13328,193.04771769745093
484,5bddf120-c403-48b5-9f9d-ab687dd2863a,6,484,True,13662,13350,166.77566022452083
485,5bddf120-c403-48b5-9f9d-ab687dd2863a,6,485,True,13693,13381,189.36984562200996
486,5bddf120-c403-48b5-9f9d-ab687dd2863a,6,486,True,13712,13400,170.36984562200996
487,5bddf120-c403-48b5-9f9d-ab687dd2863a,6,487,True,13742,13430,166.31639074352643
488,5bddf120-c403-48b5-9f9d-ab687dd2863a,6,488,True,13782,13470,152.01301702111596
489,5bddf120-c403-48b5-9f9d-ab687dd2863a,6,489,True,13809,13497,150.23088682709204
490,5bddf120-c403-48b5-9f9d-ab687dd2863a,6,490,True,13835,13523,169.7493699060069
491,5bddf120-c403-48b5-9f9d-ab687dd2863a,6,491,True,13861,13549,148.36688617773143
492,5bddf120-c403-48b5-9f9d-ab687dd2863a,6,492,True,13897,13585,159.75416643419703
493,5bddf120-c403-48b5-9f9d-ab687dd2863a,6,493,True,13920,13608,140.8660874802281
494,5bddf120-c403-48b5-9f9d-ab687dd2863a,6,494,True,13950,13638,183.2465905153622
495,5bddf120-c403-48b5-9f9d-ab687dd2863a,6,495,True,13984,13672,152.23468621189204
496,5bddf120-c403-48b5-9f9d-ab687dd2863a,6,496,True,14027,13715,109.23468621189204
497,5bddf120-c403-48b5-9f9d-ab687dd2863a,6,497,True,14059,13747,122.68723435670654
498,5bddf120-c403-48b5-9f9d-ab687dd2863a,6,498,True,14080,13768,149.8869852667649
499,5bddf120-c403-48b5-9f9d-ab687dd2863a,6,499,True,14117,13805,124.23785959679117
500,5bddf120-c403-48b5-9f9d-ab687dd2863a,6,500,True,14150,13838,117.50246244637128
501,5bddf120-c403-48b5-9f9d-ab687dd2863a,6,501,True,14170,13858,181.5718250850059
502,5bddf120-c403-48b5-9f9d-ab687dd2863a,6,502,True,14201,13889,169.04678944161242
503,5bddf120-c403-48b5-9f9d-ab687dd2863a,6,503,True,14224,13912,201.99805519787333
504,5bddf120-c403-48b5-9f9d-ab687dd2863a,6,504,True,14241,13929,272.41974680416934
505,5bddf120-c403-48b5-9f9d-ab687dd2863a,6,505,True,14265,13953,222.48270699406203
506,5bddf120-c403-48b5-9f9d-ab687dd2863a,6,506,True,14290,13978,230.68836625014046
507,5bddf120-c403-48b5-9f9d-ab687dd2863a,6,507,True,14316,14004,171.48270699406203
508,5bddf120-c403-48b5-9f9d-ab687dd2863a,6,508,True,14345,14033,175.68836625014046
509,5bddf120-c403-48b5-9f9d-ab687dd2863a,6,509,True,14377,14065,195.2954234490553
510,5bddf120-c403-48b5-9f9d-ab687dd2863a,6,510,True,14404,14092,211.5351770002635
511,5bddf120-c403-48b5-9f9d-ab687dd2863a,6,511,True,14425,14113,160.9362444148246
512,5bddf120-c403-48b5-9f9d-ab687dd2863a,6,512,True,14455,14143,193.01526887923137
513,5bddf120-c403-48b5-9f9d-ab687dd2863a,6,513,True,14484,14172,174.52723033699658
514,5bddf120-c403-48b5-9f9d-ab687dd2863a,6,514,True,14509,14197,192.92419440590675
515,5bddf120-c403-48b5-9f9d-ab687dd2863a,6,515,True,14528,14216,138.7070446374746
516,5bddf120-c403-48b5-9f9d-ab687dd2863a,6,516,True,14541,14229,167.85481822091242
517,5bddf120-c403-48b5-9f9d-ab687dd2863a,6,517,True,14567,14255,134.92419440590675
518,5bddf120-c403-48b5-9f9d-ab687dd2863a,6,518,True,14596,14284,135.89584046155687
519,5bddf120-c403-48b5-9f9d-ab687dd2863a,6,519,True,14629,14317,153.38481071526985
520,5bddf120-c403-48b5-9f9d-ab687dd2863a,6,520,True,14651,14339,141.60540265967938
521,5bddf120-c403-48b5-9f9d-ab687dd2863a,6,521,True,14681,14369,214.63085745214812
522,5bddf120-c403-48b5-9f9d-ab687dd2863a,6,522,True,14712,14400,166.96189575149947
523,5bddf120-c403-48b5-9f9d-ab687dd2863a,6,523,True,14737,14425,170.05460782451337
524,5bddf120-c403-48b5-9f9d-ab687dd2863a,6,524,True,14756,14444,158.0323238040437
525,5bddf120-c403-48b5-9f9d-ab687dd2863a,6,525,True,14784,14472,158.79495206849606
526,5bddf120-c403-48b5-9f9d-ab687dd2863a,6,526,True,14811,14499,198.19155550571122
527,5bddf120-c403-48b5-9f9d-ab687dd2863a,6,527,True,14839,14527,144.62104861502303
528,5bddf120-c403-48b5-9f9d-ab687dd2863a,6,528,True,14858,14546,151.19155550571122
529,5bddf120-c403-48b5-9f9d-ab687dd2863a,6,529,True,14881,14569,161.24897654060806
530,5bddf120-c403-48b5-9f9d-ab687dd2863a,6,530,True,14916,14604,146.8045601103786
531,5bddf120-c403-48b5-9f9d-ab687dd2863a,6,531,True,14938,14626,206.6005084220924
532,5bddf120-c403-48b5-9f9d-ab687dd2863a,6,532,True,14968,14656,148.8326418475608
533,5bddf120-c403-48b5-9f9d-ab687dd2863a,6,533,True,14997,14685,150.16085428318365
534,5bddf120-c403-48b5-9f9d-ab687dd2863a,6,534,True,15020,14708,129.8139542536046
535,5bddf120-c403-48b5-9f9d-ab687dd2863a,6,535,True,15038,14726,156.7245122688946
536,5bddf120-c403-48b5-9f9d-ab687dd2863a,6,536,True,15062,14750,135.02769362055733
537,5bddf120-c403-48b5-9f9d-ab687dd2863a,6,537,True,15094,14782,141.91958888886256
538,5bddf120-c403-48b5-9f9d-ab687dd2863a,6,538,True,15119,14807,113.17390475002503
539,5bddf120-c403-48b5-9f9d-ab687dd2863a,6,539,True,15154,14842,255.30234239774654
540,5bddf120-c403-48b5-9f9d-ab687dd2863a,6,540,True,15181,14869,228.30234239774654
541,5bddf120-c403-48b5-9f9d-ab687dd2863a,6,541,True,15209,14897,200.30234239774654
542,5bddf120-c403-48b5-9f9d-ab687dd2863a,6,542,True,15245,14933,202.62507915699643
543,5bddf120-c403-48b5-9f9d-ab687dd2863a,6,543,True,15269,14957,214.45547609915047
544,5bddf120-c403-48b5-9f9d-ab687dd2863a,6,544,True,15305,14993,178.45547609915047
545,5bddf120-c403-48b5-9f9d-ab687dd2863a,6,545,True,15335,15023,209.26775932006421
546,5bddf120-c403-48b5-9f9d-ab687dd2863a,6,546,True,15367,15055,192.7588590736941
547,5bddf120-c403-48b5-9f9d-ab687dd2863a,6,547,True,15389,15077,168.35912203715998
548,5bddf120-c403-48b5-9f9d-ab687dd2863a,6,548,True,15433,15121,200.34891202217477
549,5bddf120-c403-48b5-9f9d-ab687dd2863a,6,549,True,15467,15155,148.94027028247547
550,5bddf120-c403-48b5-9f9d-ab687dd2863a,6,550,True,15494,15182,168.5039291902467
551,5bddf120-c403-48b5-9f9d-ab687dd2863a,6,551,True,15519,15207,173.16175459711303
552,5bddf120-c403-48b5-9f9d-ab687dd2863a,6,552,True,15541,15229,167.38302085902615
553,5bddf120-c403-48b5-9f9d-ab687dd2863a,6,553,True,15584,15272,133.2752552024649
554,5bddf120-c403-48b5-9f9d-ab687dd2863a,6,554,True,15614,15302,119.73364660003244
555,5bddf120-c403-48b5-9f9d-ab687dd2863a,6,555,True,15646,15334,123.95938512602334
556,5bddf120-c403-48b5-9f9d-ab687dd2863a,6,556,True,15669,15357,125.37263905849977
557,5bddf120-c403-48b5-9f9d-ab687dd2863a,6,557,True,15691,15379,144.76416790453004
558,5bddf120-c403-48b5-9f9d-ab687dd2863a,6,558,True,15716,15404,134.3034596493144
559,5bddf120-c403-48b5-9f9d-ab687dd2863a,6,559,True,15743,15431,146.2437118048947
560,5bddf120-c403-48b5-9f9d-ab687dd2863a,6,560,True,15773,15461,139.6712681247027
561,5bddf120-c403-48b5-9f9d-ab687dd2863a,6,561,True,15795,15483,162.34725004535903
562,5bddf120-c403-48b5-9f9d-ab687dd2863a,6,562,True,15825,15513,126.46135746845357
563,5bddf120-c403-48b5-9f9d-ab687dd2863a,6,563,True,15854,15542,129.15091036978447
564,5bddf120-c403-48b5-9f9d-ab687dd2863a,6,564,True,15877,15565,108.7859675860127
565,5bddf120-c403-48b5-9f9d-ab687dd2863a,6,565,True,15901,15589,135.6412176761769
566,5bddf120-c403-48b5-9f9d-ab687dd2863a,6,566,True,15929,15617,120.47407488986573
567,5bddf120-c403-48b5-9f9d-ab687dd2863a,6,567,True,15943,15631,139.9049008566053
568,5bddf120-c403-48b5-9f9d-ab687dd2863a,6,568,True,15970,15658,115.52598530437717
569,5bddf120-c403-48b5-9f9d-ab687dd2863a,6,569,True,15995,15683,142.97525339507956
570,5bddf120-c403-48b5-9f9d-ab687dd2863a,6,570,True,16010,15698,125.4752216622037
571,5bddf120-c403-48b5-9f9d-ab687dd2863a,6,571,True,16040,15728,124.74628636771376
572,5bddf120-c403-48b5-9f9d-ab687dd2863a,6,572,True,16067,15755,158.01442774857787
573,5bddf120-c403-48b5-9f9d-ab687dd2863a,6,573,True,16095,15783,121.60526508150542
574,5bddf120-c403-48b5-9f9d-ab687dd2863a,6,574,True,16116,15804,159.1855508515564
575,5bddf120-c403-48b5-9f9d-ab687dd2863a,6,575,True,16141,15829,146.58359857606956
576,5bddf120-c403-48b5-9f9d-ab687dd2863a,6,576,True,16164,15852,163.50560433314604
577,5bddf120-c403-48b5-9f9d-ab687dd2863a,6,577,True,16208,15896,147.2275818492326
578,5bddf120-c403-48b5-9f9d-ab687dd2863a,6,578,True,16238,15926,114.75228016050823
579,5bddf120-c403-48b5-9f9d-ab687dd2863a,6,579,True,16273,15961,159.90702803360182
580,5bddf120-c403-48b5-9f9d-ab687dd2863a,6,580,True,16304,15992,135.33033681119196
581,5bddf120-c403-48b5-9f9d-ab687dd2863a,6,581,True,16343,16031,108.95722015885258
582,5bddf120-c403-48b5-9f9d-ab687dd2863a,6,582,True,16371,16059,137.4113362553635
583,5bddf120-c403-48b5-9f9d-ab687dd2863a,6,583,True,16406,16094,107.39066153515523
584,5bddf120-c403-48b5-9f9d-ab687dd2863a,6,584,True,16437,16125,122.01082870340542
585,5bddf120-c403-48b5-9f9d-ab687dd2863a,6,585,True,16460,16148,104.90640192349565
586,5bddf120-c403-48b5-9f9d-ab687dd2863a,6,586,True,16486,16174,124.06563763739359
587,5bddf120-c403-48b5-9f9d-ab687dd2863a,6,587,True,16506,16194,106.39990458462671
588,5bddf120-c403-48b5-9f9d-ab687dd2863a,6,588,True,16535,16223,98.0553595130732
589,5bddf120-c403-48b5-9f9d-ab687dd2863a,6,589,True,16570,16258,186.16499584977282
590,5bddf120-c403-48b5-9f9d-ab687dd2863a,6,590,True,16595,16283,143.97840192410877
591,5bddf120-c403-48b5-9f9d-ab687dd2863a,6,591,True,16628,16316,128.16499584977282
592,5bddf120-c403-48b5-9f9d-ab687dd2863a,6,592,True,16661,16349,147.32193717277914
593,5bddf120-c403-48b5-9f9d-ab687dd2863a,6,593,True,16694,16382,139.58640466738507
594,5bddf120-c403-48b5-9f9d-ab687dd2863a,6,594,True,16722,16410,141.78514030709994
595,5bddf120-c403-48b5-9f9d-ab687dd2863a,6,595,True,16747,16435,123.29489615517377
596,5bddf120-c403-48b5-9f9d-ab687dd2863a,6,596,True,16773,16461,133.9257537190606
597,5bddf120-c403-48b5-9f9d-ab687dd2863a,6,597,True,16799,16487,152.417691726685
598,5bddf120-c403-48b5-9f9d-ab687dd2863a,6,598,True,16822,16510,126.30018392300553
599,5bddf120-c403-48b5-9f9d-ab687dd2863a,6,599,True,16845,16533,151.94774318063355
600,5bddf120-c403-48b5-9f9d-ab687dd2863a,6,600,True,16874,16562,125.31893850293636
601,5bddf120-c403-48b5-9f9d-ab687dd2863a,6,601,True,16904,16592,126.01381322143061
602,5bddf120-c403-48b5-9f9d-ab687dd2863a,6,602,True,16930,16618,117.2380809135393
603,5bddf120-c403-48b5-9f9d-ab687dd2863a,6,603,True,16958,16646,145.25471143067625
604,5bddf120-c403-48b5-9f9d-ab687dd2863a,6,604,True,16984,16672,122.25716732467117
605,5bddf120-c403-48b5-9f9d-ab687dd2863a,6,605,True,17013,16701,134.78981271993325
606,5bddf120-c403-48b5-9f9d-ab687dd2863a,6,606,True,17042,16730,111.23536907903326
607,5bddf120-c403-48b5-9f9d-ab687dd2863a,6,607,True,17075,16763,111.35099355818238
608,5bddf120-c403-48b5-9f9d-ab687dd2863a,6,608,True,17115,16803,85.65403524552676
609,5bddf120-c403-48b5-9f9d-ab687dd2863a,6,609,True,17137,16825,104.92525865814605
610,5bddf120-c403-48b5-9f9d-ab687dd2863a,6,610,True,17167,16855,106.07096952323263
611,5bddf120-c403-48b5-9f9d-ab687dd2863a,6,611,True,17192,16880,187.30988151324345
612,5bddf120-c403-48b5-9f9d-ab687dd2863a,6,612,True,17219,16907,173.3059712332033
613,5bddf120-c403-48b5-9f9d-ab687dd2863a,6,613,True,17243,16931,203.45057622175955
614,5bddf120-c403-48b5-9f9d-ab687dd2863a,6,614,True,17276,16964,155.39746466136785
615,5bddf120-c403-48b5-9f9d-ab687dd2863a,6,615,True,17301,16989,176.15685778191983
616,5bddf120-c403-48b5-9f9d-ab687dd2863a,6,616,True,17332,17020,143.06213584875877
617,5bddf120-c403-48b5-9f9d-ab687dd2863a,6,617,True,17358,17046,136.97483097303848
618,5bddf120-c403-48b5-9f9d-ab687dd2863a,6,618,True,17380,17068,120.06680688927008
619,5bddf120-c403-48b5-9f9d-ab687dd2863a,6,619,True,17402,17090,144.9484676918546
620,5bddf120-c403-48b5-9f9d-ab687dd2863a,6,620,True,17433,17121,118.35834763481762
621,5bddf120-c403-48b5-9f9d-ab687dd2863a,6,621,True,17462,17150,138.170877038443
622,5bddf120-c403-48b5-9f9d-ab687dd2863a,6,622,True,17504,17192,126.70107805924272
623,5bddf120-c403-48b5-9f9d-ab687dd2863a,6,623,True,17537,17225,115.75364185763465
624,5bddf120-c403-48b5-9f9d-ab687dd2863a,6,624,True,17577,17265,152.28977835363912
625,5bddf120-c403-48b5-9f9d-ab687dd2863a,6,625,True,17600,17288,124.42180787963298
626,5bddf120-c403-48b5-9f9d-ab687dd2863a,6,626,True,17629,17317,168.61859146531424
627,5bddf120-c403-48b5-9f9d-ab687dd2863a,6,627,True,17654,17342,104.43113778744373
628,5bddf120-c403-48b5-9f9d-ab687dd2863a,6,628,True,17686,17374,139.83223986471057
629,5bddf120-c403-48b5-9f9d-ab687dd2863a,6,629,True,17719,17407,129.8807114435076
630,5bddf120-c403-48b5-9f9d-ab687dd2863a,6,630,True,17749,17437,109.80499649067497
631,5bddf120-c403-48b5-9f9d-ab687dd2863a,6,631,True,17779,17467,122.82657723282318
632,5bddf120-c403-48b5-9f9d-ab687dd2863a,6,632,True,17808,17496,145.58503236028264
633,5bddf120-c403-48b5-9f9d-ab687dd2863a,6,633,True,17831,17519,119.3783005518635
634,5bddf120-c403-48b5-9f9d-ab687dd2863a,6,634,True,17860,17548,161.95830263429525
635,5bddf120-c403-48b5-9f9d-ab687dd2863a,6,635,True,17883,17571,130.78386670375767
636,5bddf120-c403-48b5-9f9d-ab687dd2863a,6,636,True,17912,17600,170.9346235838857
637,5bddf120-c403-48b5-9f9d-ab687dd2863a,6,637,True,17943,17631,123.98295521540058
638,5bddf120-c403-48b5-9f9d-ab687dd2863a,6,638,True,17970,17658,167.61265834575534
639,5bddf120-c403-48b5-9f9d-ab687dd2863a,6,639,True,17991,17679,133.94331417320427
640,5bddf120-c403-48b5-9f9d-ab687dd2863a,6,640,True,18022,17710,157.88268648096346
641,5bddf120-c403-48b5-9f9d-ab687dd2863a,6,641,True,18046,17734,137.69464402052836
642,5bddf120-c403-48b5-9f9d-ab687dd2863a,6,642,True,18068,17756,124.73288189845334
643,5bddf120-c403-48b5-9f9d-ab687dd2863a,6,643,True,18091,17779,113.53968352559241
644,5bddf120-c403-48b5-9f9d-ab687dd2863a,6,644,True,18109,17797,112.91713041002731
645,5bddf120-c403-48b5-9f9d-ab687dd2863a,6,645,True,18127,17815,196.71291674125314
646,5bddf120-c403-48b5-9f9d-ab687dd2863a,6,646,True,18150,17838,171.2264988303359
647,5bddf120-c403-48b5-9f9d-ab687dd2863a,6,647,True,18185,17873,179.70395124546485
648,5bddf120-c403-48b5-9f9d-ab687dd2863a,6,648,True,18213,17901,151.70395124546485
649,5bddf120-c403-48b5-9f9d-ab687dd2863a,6,649,True,18238,17926,186.7315268466955
650,5bddf120-c403-48b5-9f9d-ab687dd2863a,6,650,True,18267,17955,149.61241738104218
651,5bddf120-c403-48b5-9f9d-ab687dd2863a,6,651,True,18294,17982,197.1838452849006
652,5bddf120-c403-48b5-9f9d-ab687dd2863a,6,652,True,18316,18004,127.04681712829915
653,5bddf120-c403-48b5-9f9d-ab687dd2863a,6,653,True,18339,18027,201.86997344261908
654,5bddf120-c403-48b5-9f9d-ab687dd2863a,6,654,True,18358,18046,169.00445576732454
655,5bddf120-c403-48b5-9f9d-ab687dd2863a,6,655,True,18390,18078,150.86997344261908
656,5bddf120-c403-48b5-9f9d-ab687dd2863a,6,656,True,18420,18108,166.41163071576375
657,5bddf120-c403-48b5-9f9d-ab687dd2863a,6,657,True,18457,18145,177.90494972330634
658,5bddf120-c403-48b5-9f9d-ab687dd2863a,6,658,True,18483,18171,181.61009746041236
659,5bddf120-c403-48b5-9f9d-ab687dd2863a,6,659,True,18511,18199,205.20597686978
660,5bddf120-c403-48b5-9f9d-ab687dd2863a,6,660,True,18539,18227,151.39134283618114
661,5bddf120-c403-48b5-9f9d-ab687dd2863a,6,661,True,18558,18246,103.81151924141523
662,5bddf120-c403-48b5-9f9d-ab687dd2863a,6,662,True,18579,18267,186.37433662526018
663,5bddf120-c403-48b5-9f9d-ab687dd2863a,6,663,True,18611,18299,126.083023669049
664,5bddf120-c403-48b5-9f9d-ab687dd2863a,6,664,True,18625,18313,190.28227502922527
665,5bddf120-c403-48b5-9f9d-ab687dd2863a,6,665,True,18649,18337,113.91447991493988
666,5bddf120-c403-48b5-9f9d-ab687dd2863a,6,666,True,18678,18366,146.01587529709286
667,5bddf120-c403-48b5-9f9d-ab687dd2863a,6,667,True,18704,18392,124.32470884153008
668,5bddf120-c403-48b5-9f9d-ab687dd2863a,6,668,True,18733,18421,179.9786729569605
669,5bddf120-c403-48b5-9f9d-ab687dd2863a,6,669,True,18770,18458,111.42979930702131
670,5bddf120-c403-48b5-9f9d-ab687dd2863a,6,670,True,18796,18484,139.93553516432075
671,5bddf120-c403-48b5-9f9d-ab687dd2863a,6,671,True,18829,18517,104.16304919755203
672,5bddf120-c403-48b5-9f9d-ab687dd2863a,6,672,True,18848,18536,193.16750842102556
673,5bddf120-c403-48b5-9f9d-ab687dd2863a,6,673,True,18870,18558,147.26400290943275
674,5bddf120-c403-48b5-9f9d-ab687dd2863a,6,674,True,18900,18588,144.79428367984656
675,5bddf120-c403-48b5-9f9d-ab687dd2863a,6,675,True,18921,18609,162.05379611349053
676,5bddf120-c403-48b5-9f9d-ab687dd2863a,6,676,True,18958,18646,144.54485404581646
677,5bddf120-c403-48b5-9f9d-ab687dd2863a,6,677,True,18987,18675,122.94606741534881
678,5bddf120-c403-48b5-9f9d-ab687dd2863a,6,678,True,19009,18697,177.5116167793676
679,5bddf120-c403-48b5-9f9d-ab687dd2863a,6,679,True,19035,18723,176.01217587444626
680,5bddf120-c403-48b5-9f9d-ab687dd2863a,6,680,True,19061,18749,142.58504019254906
681,5bddf120-c403-48b5-9f9d-ab687dd2863a,6,681,True,19103,18791,184.06134848500005
682,5bddf120-c403-48b5-9f9d-ab687dd2863a,6,682,True,19128,18816,156.7457812473367
683,5bddf120-c403-48b5-9f9d-ab687dd2863a,6,683,True,19155,18843,164.2684252378167
684,5bddf120-c403-48b5-9f9d-ab687dd2863a,6,684,True,19185,18873,151.17474361524
685,5bddf120-c403-48b5-9f9d-ab687dd2863a,6,685,True,19215,18903,168.94734625911588
686,5bddf120-c403-48b5-9f9d-ab687dd2863a,6,686,True,19236,18924,151.78348662494682
687,5bddf120-c403-48b5-9f9d-ab687dd2863a,6,687,True,19268,18956,142.52405651371737
688,5bddf120-c403-48b5-9f9d-ab687dd2863a,6,688,True,19285,18973,203.81732367328368
689,5bddf120-c403-48b5-9f9d-ab687dd2863a,6,689,True,19306,18994,193.8247802403057
690,5bddf120-c403-48b5-9f9d-ab687dd2863a,6,690,True,19331,19019,157.81732367328368
691,5bddf120-c403-48b5-9f9d-ab687dd2863a,6,691,True,19362,19050,162.04502851922734
692,5bddf120-c403-48b5-9f9d-ab687dd2863a,6,692,True,19395,19083,133.12318736392626
693,5bddf120-c403-48b5-9f9d-ab687dd2863a,6,693,True,19420,19108,157.25667786854683
694,5bddf120-c403-48b5-9f9d-ab687dd2863a,6,694,True,19448,19136,126.8428632672003
695,5bddf120-c403-48b5-9f9d-ab687dd2863a,6,695,True,19469,19157,133.8577676976929
696,5bddf120-c403-48b5-9f9d-ab687dd2863a,6,696,True,19496,19184,144.33973950022846
697,5bddf120-c403-48b5-9f9d-ab687dd2863a,6,697,True,19522,19210,128.31335404316997
698,5bddf120-c403-48b5-9f9d-ab687dd2863a,6,698,True,19554,19242,164.0016599514056
699,5bddf120-c403-48b5-9f9d-ab687dd2863a,6,699,True,19580,19268,109.95975573741089
700,5bddf120-c403-48b5-9f9d-ab687dd2863a,6,700,True,19612,19300,156.63975440752256
701,5bddf120-c403-48b5-9f9d-ab687dd2863a,6,701,True,19640,19328,126.12578517590737
702,5bddf120-c403-48b5-9f9d-ab687dd2863a,6,702,True,19681,19369,109.59689623646045
703,5bddf120-c403-48b5-9f9d-ab687dd2863a,6,703,True,19701,19389,115.78894409786881
704,5bddf120-c403-48b5-9f9d-ab687dd2863a,6,704,True,19728,19416,158.5861204670473
705,5bddf120-c403-48b5-9f9d-ab687dd2863a,6,705,True,19748,19436,134.05085484794108
706,5bddf120-c403-48b5-9f9d-ab687dd2863a,6,706,True,19769,19457,185.77342526081338
707,5bddf120-c403-48b5-9f9d-ab687dd2863a,6,707,True,19801,19489,134.97312865112326
708,5bddf120-c403-48b5-9f9d-ab687dd2863a,6,708,True,19827,19515,198.30463302748103
709,5bddf120-c403-48b5-9f9d-ab687dd2863a,6,709,True,19854,19542,171.30463302748103
710,5bddf120-c403-48b5-9f9d-ab687dd2863a,6,710,True,19887,19575,183.67354568464725
711,5bddf120-c403-48b5-9f9d-ab687dd2863a,6,711,True,19918,19606,160.88398151355432
712,5bddf120-c403-48b5-9f9d-ab687dd2863a,6,712,True,19942,19630,140.65657148557148
713,5bddf120-c403-48b5-9f9d-ab687dd2863a,6,713,True,19969,19657,177.06136446092933
714,5bddf120-c403-48b5-9f9d-ab687dd2863a,6,714,True,19999,19687,173.16341349650247
715,5bddf120-c403-48b5-9f9d-ab687dd2863a,6,715,True,20029,19717,171.7960955030685
716,5bddf120-c403-48b5-9f9d-ab687dd2863a,6,716,True,20047,19735,131.97560760295164
717,5bddf120-c403-48b5-9f9d-ab687dd2863a,6,717,True,20068,19756,132.7960955030685
718,5bddf120-c403-48b5-9f9d-ab687dd2863a,6,718,True,20096,19784,154.32022347288148
719,5bddf120-c403-48b5-9f9d-ab687dd2863a,6,719,True,20111,19799,141.7940191093221
720,5bddf120-c403-48b5-9f9d-ab687dd2863a,6,720,True,20142,19830,158.7963266823208
721,5bddf120-c403-48b5-9f9d-ab687dd2863a,6,721,True,20160,19848,143.39391042679927
722,5bddf120-c403-48b5-9f9d-ab687dd2863a,6,722,True,20200,19888,167.18294504398727
723,5bddf120-c403-48b5-9f9d-ab687dd2863a,6,723,True,20225,19913,127.52320414096175
724,5bddf120-c403-48b5-9f9d-ab687dd2863a,6,724,True,20250,19938,152.96588398443782
725,5bddf120-c403-48b5-9f9d-ab687dd2863a,6,725,True,20280,19968,110.9330303765928
726,5bddf120-c403-48b5-9f9d-ab687dd2863a,6,726,True,20302,19990,132.73682125368578
727,5bddf120-c403-48b5-9f9d-ab687dd2863a,6,727,True,20332,20020,109.90130017095726
728,5bddf120-c403-48b5-9f9d-ab687dd2863a,6,728,True,20356,20044,146.21572787069454
729,5bddf120-c403-48b5-9f9d-ab687dd2863a,6,729,True,20380,20068,130.94051131477318
730,5bddf120-c403-48b5-9f9d-ab687dd2863a,6,730,True,20410,20098,142.18146643964792
731,5bddf120-c403-48b5-9f9d-ab687dd2863a,6,731,True,20433,20121,128.4128586672341
732,5bddf120-c403-48b5-9f9d-ab687dd2863a,6,732,True,20463,20151,151.02088772007846
733,5bddf120-c403-48b5-9f9d-ab687dd2863a,6,733,True,20493,20181,118.68539079263792
734,5bddf120-c403-48b5-9f9d-ab687dd2863a,6,734,True,20526,20214,145.26876157574952
735,5bddf120-c403-48b5-9f9d-ab687dd2863a,6,735,True,20555,20243,111.96561924217167
736,5bddf120-c403-48b5-9f9d-ab687dd2863a,6,736,True,20588,20276,141.26938469811648
737,5bddf120-c403-48b5-9f9d-ab687dd2863a,6,737,True,20609,20297,122.81601124185909
738,5bddf120-c403-48b5-9f9d-ab687dd2863a,6,738,True,20646,20334,134.56833571598327
739,5bddf120-c403-48b5-9f9d-ab687dd2863a,6,739,True,20672,20360,162.14895802908723
740,5bddf120-c403-48b5-9f9d-ab687dd2863a,6,740,True,20699,20387,135.14895802908723
741,5bddf120-c403-48b5-9f9d-ab687dd2863a,6,741,True,20738,20426,139.5610711559384
742,5bddf120-c403-48b5-9f9d-ab687dd2863a,6,742,True,20758,20446,128.8189527759787
743,5bddf120-c403-48b5-9f9d-ab687dd2863a,6,743,True,20793,20481,156.85264361136797
744,5bddf120-c403-48b5-9f9d-ab687dd2863a,6,744,True,20817,20505,186.82452926036785
745,5bddf120-c403-48b5-9f9d-ab687dd2863a,6,745,True,20851,20539,152.82452926036785
746,5bddf120-c403-48b5-9f9d-ab687dd2863a,6,746,True,20888,20576,108.43647569659879
747,5bddf120-c403-48b5-9f9d-ab687dd2863a,6,747,True,20920,20608,124.91502701599893
748,5bddf120-c403-48b5-9f9d-ab687dd2863a,6,748,True,20954,20642,149.44396612208584
749,5bddf120-c403-48b5-9f9d-ab687dd2863a,6,749,True,20986,20674,147.01635840978633
750,5bddf120-c403-48b5-9f9d-ab687dd2863a,6,750,True,21008,20696,171.77423061546142
751,5bddf120-c403-48b5-9f9d-ab687dd2863a,6,751,True,21023,20711,132.75791547329936
752,5bddf120-c403-48b5-9f9d-ab687dd2863a,6,752,True,21044,20732,135.77423061546142
753,5bddf120-c403-48b5-9f9d-ab687dd2863a,6,753,True,21077,20765,147.8299769383484
754,5bddf120-c403-48b5-9f9d-ab687dd2863a,6,754,True,21105,20793,123.7894174025314
755,5bddf120-c403-48b5-9f9d-ab687dd2863a,6,755,True,21137,20825,138.25360362620268
756,5bddf120-c403-48b5-9f9d-ab687dd2863a,6,756,True,21166,20854,138.12345512167667
757,5bddf120-c403-48b5-9f9d-ab687dd2863a,6,757,True,21190,20878,137.47897816617478
758,5bddf120-c403-48b5-9f9d-ab687dd2863a,6,758,True,21220,20908,109.91178061209939
759,5bddf120-c403-48b5-9f9d-ab687dd2863a,6,759,True,21242,20930,125.16215176901824
760,5bddf120-c403-48b5-9f9d-ab687dd2863a,6,760,True,21262,20950,114.55293486799565
761,5bddf120-c403-48b5-9f9d-ab687dd2863a,6,761,True,21295,20983,112.74101258840165
762,5bddf120-c403-48b5-9f9d-ab687dd2863a,6,762,True,21324,21012,95.35398328621159
763,5bddf120-c403-48b5-9f9d-ab687dd2863a,6,763,True,21354,21042,90.47369412264743
764,5bddf120-c403-48b5-9f9d-ab687dd2863a,6,764,True,21379,21067,95.55978846059224
765,5bddf120-c403-48b5-9f9d-ab687dd2863a,6,765,True,21408,21096,118.78947190240433
766,5bddf120-c403-48b5-9f9d-ab687dd2863a,6,766,True,21440,21128,138.48487124579697
767,5bddf120-c403-48b5-9f9d-ab687dd2863a,6,767,True,21472,21160,135.01536872813813
768,5bddf120-c403-48b5-9f9d-ab687dd2863a,6,768,True,21513,21201,120.73630781563406
769,5bddf120-c403-48b5-9f9d-ab687dd2863a,6,769,True,21538,21226,117.53825860753932
770,5bddf120-c403-48b5-9f9d-ab687dd2863a,6,770,True,21563,21251,111.97251195995705
771,5bddf120-c403-48b5-9f9d-ab687dd2863a,6,771,True,21590,21278,121.85685614015529
772,5bddf120-c403-48b5-9f9d-ab687dd2863a,6,772,True,21625,21313,103.21542324063921
773,5bddf120-c403-48b5-9f9d-ab687dd2863a,6,773,True,21651,21339,112.62968295736573
774,5bddf120-c403-48b5-9f9d-ab687dd2863a,6,774,True,21682,21370,126.99498270053664
775,5bddf120-c403-48b5-9f9d-ab687dd2863a,6,775,True,21712,21400,125.24553805350297
776,5bddf120-c403-48b5-9f9d-ab687dd2863a,6,776,True,21745,21433,221.46617676977985
777,5bddf120-c403-48b5-9f9d-ab687dd2863a,6,777,True,21774,21462,190.1023668889393
778,5bddf120-c403-48b5-9f9d-ab687dd2863a,6,778,True,21804,21492,212.59404389868723
779,5bddf120-c403-48b5-9f9d-ab687dd2863a,6,779,True,21833,21521,245.32269240101232
780,5bddf120-c403-48b5-9f9d-ab687dd2863a,6,780,True,21862,21550,210.4754734267408
781,5bddf120-c403-48b5-9f9d-ab687dd2863a,6,781,True,21893,21581,182.16791410602673
782,5bddf120-c403-48b5-9f9d-ab687dd2863a,6,782,True,21917,21605,202.56368270969688
783,5bddf120-c403-48b5-9f9d-ab687dd2863a,6,783,True,21945,21633,177.0655787591204
784,5bddf120-c403-48b5-9f9d-ab687dd2863a,6,784,True,21962,21650,206.5480719058287
785,5bddf120-c403-48b5-9f9d-ab687dd2863a,6,785,True,21995,21683,177.67961575297159
786,5bddf120-c403-48b5-9f9d-ab687dd2863a,6,786,True,22028,21716,214.55397645870835
787,5bddf120-c403-48b5-9f9d-ab687dd2863a,6,787,True,22055,21743,167.2358190001578
788,5bddf120-c403-48b5-9f9d-ab687dd2863a,6,788,True,22080,21768,153.543130776201
789,5bddf120-c403-48b5-9f9d-ab687dd2863a,6,789,True,22099,21787,213.73773210663057
790,5bddf120-c403-48b5-9f9d-ab687dd2863a,6,790,True,22128,21816,184.73773210663057
791,5bddf120-c403-48b5-9f9d-ab687dd2863a,6,791,True,22158,21846,146.8953807759899
792,5bddf120-c403-48b5-9f9d-ab687dd2863a,6,792,True,22188,21876,172.23775070367628
793,5bddf120-c403-48b5-9f9d-ab687dd2863a,6,793,True,22208,21896,144.6865398326736
794,5bddf120-c403-48b5-9f9d-ab687dd2863a,6,794,True,22242,21930,170.5785566500199
795,5bddf120-c403-48b5-9f9d-ab687dd2863a,6,795,True,22271,21959,131.4802126759132
796,5bddf120-c403-48b5-9f9d-ab687dd2863a,6,796,True,22293,21981,147.09226602616036
797,5bddf120-c403-48b5-9f9d-ab687dd2863a,6,797,True,22318,22006,141.80536983977436
798,5bddf120-c403-48b5-9f9d-ab687dd2863a,6,798,True,22342,22030,161.13464706767627
799,5bddf120-c403-48b5-9f9d-ab687dd2863a,6,799,True,22366,22054,144.50185125948337
800,5bddf120-c403-48b5-9f9d-ab687dd2863a,6,800,True,22388,22076,143.7400277853012
801,5bddf120-c403-48b5-9f9d-ab687dd2863a,6,801,True,22415,22103,149.6513359806413
802,5bddf120-c403-48b5-9f9d-ab687dd2863a,6,802,True,22436,22124,201.4465119032102
803,5bddf120-c403-48b5-9f9d-ab687dd2863a,6,803,True,22467,22155,121.95961471892588
804,5bddf120-c403-48b5-9f9d-ab687dd2863a,6,804,True,22494,22182,191.75122796234064
805,5bddf120-c403-48b5-9f9d-ab687dd2863a,6,805,True,22526,22214,141.00851469192276
806,5bddf120-c403-48b5-9f9d-ab687dd2863a,6,806,True,22555,22243,172.27080609521727
807,5bddf120-c403-48b5-9f9d-ab687dd2863a,6,807,True,22587,22275,163.67106738780785
808,5bddf120-c403-48b5-9f9d-ab687dd2863a,6,808,True,22627,22315,160.2839693877031
809,5bddf120-c403-48b5-9f9d-ab687dd2863a,6,809,True,22644,22332,174.6902322322021
810,5bddf120-c403-48b5-9f9d-ab687dd2863a,6,810,True,22668,22356,178.45965214375246
811,5bddf120-c403-48b5-9f9d-ab687dd2863a,6,811,True,22704,22392,182.73871833642625
812,5bddf120-c403-48b5-9f9d-ab687dd2863a,6,812,True,22728,22416,174.61532235735285
813,5bddf120-c403-48b5-9f9d-ab687dd2863a,6,813,True,22755,22443,186.73966489715895
814,5bddf120-c403-48b5-9f9d-ab687dd2863a,6,814,True,22773,22461,196.96637616513908
815,5bddf120-c403-48b5-9f9d-ab687dd2863a,6,815,True,22786,22474,195.22059780648488
816,5bddf120-c403-48b5-9f9d-ab687dd2863a,6,816,True,22822,22510,159.22059780648488
817,5bddf120-c403-48b5-9f9d-ab687dd2863a,6,817,True,22850,22538,171.58889821091725
818,5bddf120-c403-48b5-9f9d-ab687dd2863a,6,818,True,22875,22563,188.34522568303146
819,5bddf120-c403-48b5-9f9d-ab687dd2863a,6,819,True,22913,22601,150.34522568303146
820,5bddf120-c403-48b5-9f9d-ab687dd2863a,6,820,True,22939,22627,165.46929380336587
821,5bddf120-c403-48b5-9f9d-ab687dd2863a,6,821,True,22963,22651,152.5962648979621
822,5bddf120-c403-48b5-9f9d-ab687dd2863a,6,822,True,22986,22674,190.83451577242158
823,5bddf120-c403-48b5-9f9d-ab687dd2863a,6,823,True,23015,22703,159.18896204591147
824,5bddf120-c403-48b5-9f9d-ab687dd2863a,6,824,True,23035,22723,166.36154649251694
825,5bddf120-c403-48b5-9f9d-ab687dd2863a,6,825,True,23058,22746,145.90838000179792
826,5bddf120-c403-48b5-9f9d-ab687dd2863a,6,826,True,23092,22780,157.89123469381593
827,5bddf120-c403-48b5-9f9d-ab687dd2863a,6,827,True,23120,22808,137.52863699020236
828,5bddf120-c403-48b5-9f9d-ab687dd2863a,6,828,True,23154,22842,191.52846804843648
829,5bddf120-c403-48b5-9f9d-ab687dd2863a,6,829,True,23172,22860,176.44281206661617
830,5bddf120-c403-48b5-9f9d-ab687dd2863a,6,830,True,23200,22888,148.44281206661617
831,5bddf120-c403-48b5-9f9d-ab687dd2863a,6,831,True,23227,22915,162.98365956725684
832,5bddf120-c403-48b5-9f9d-ab687dd2863a,6,832,True,23261,22949,136.5759004972424
833,5bddf120-c403-48b5-9f9d-ab687dd2863a,6,833,True,23288,22976,176.31940051309357
834,5bddf120-c403-48b5-9f9d-ab687dd2863a,6,834,True,23318,23006,126.00469977296234
835,5bddf120-c403-48b5-9f9d-ab687dd2863a,6,835,True,23335,23023,156.7617428870908
836,5bddf120-c403-48b5-9f9d-ab687dd2863a,6,836,True,23368,23056,158.52933844776635
837,5bddf120-c403-48b5-9f9d-ab687dd2863a,6,837,True,23391,23079,171.76264496510703
838,5bddf120-c403-48b5-9f9d-ab687dd2863a,6,838,True,23413,23101,139.83172232050856
839,5bddf120-c403-48b5-9f9d-ab687dd2863a,6,839,True,23445,23133,185.74223906680345
840,5bddf120-c403-48b5-9f9d-ab687dd2863a,6,840,True,23468,23156,177.97208363473328
841,5bddf120-c403-48b5-9f9d-ab687dd2863a,6,841,True,23491,23179,128.5188062552661
842,5bddf120-c403-48b5-9f9d-ab687dd2863a,6,842,True,23518,23206,143.7275921701912
843,5bddf120-c403-48b5-9f9d-ab687dd2863a,6,843,True,23546,23234,186.90397444507107
844,5bddf120-c403-48b5-9f9d-ab687dd2863a,6,844,True,23566,23254,155.05064031412257
845,5bddf120-c403-48b5-9f9d-ab687dd2863a,6,845,True,23599,23287,186.8687786276496
846,5bddf120-c403-48b5-9f9d-ab687dd2863a,6,846,True,23622,23310,168.66454253829215
847,5bddf120-c403-48b5-9f9d-ab687dd2863a,6,847,True,23646,23334,148.8979518205524
848,5bddf120-c403-48b5-9f9d-ab687dd2863a,6,848,True,23675,23363,141.15855705992726
849,5bddf120-c403-48b5-9f9d-ab687dd2863a,6,849,True,23708,23396,149.31500633610267
850,5bddf120-c403-48b5-9f9d-ab687dd2863a,6,850,True,23745,23433,232.20954948232247
851,5bddf120-c403-48b5-9f9d-ab687dd2863a,6,851,True,23767,23455,197.19124220141748
852,5bddf120-c403-48b5-9f9d-ab687dd2863a,6,852,True,23800,23488,229.05995561043528
853,5bddf120-c403-48b5-9f9d-ab687dd2863a,6,853,True,23821,23509,200.8228390172153
854,5bddf120-c403-48b5-9f9d-ab687dd2863a,6,854,True,23851,23539,178.05995561043528
855,5bddf120-c403-48b5-9f9d-ab687dd2863a,6,855,True,23878,23566,168.63723427695732
856,5bddf120-c403-48b5-9f9d-ab687dd2863a,6,856,True,23911,23599,210.5384642635945
857,5bddf120-c403-48b5-9f9d-ab687dd2863a,6,857,True,23941,23629,249.65506807769634
858,5bddf120-c403-48b5-9f9d-ab687dd2863a,6,858,True,23976,23664,240.60369193908627
859,5bddf120-c403-48b5-9f9d-ab687dd2863a,6,859,True,23998,23686,195.08645211521434
860,5bddf120-c403-48b5-9f9d-ab687dd2863a,6,860,True,24027,23715,212.24933682780465
861,5bddf120-c403-48b5-9f9d-ab687dd2863a,6,861,True,24046,23734,190.18919916909363
862,5bddf120-c403-48b5-9f9d-ab687dd2863a,6,862,True,24079,23767,160.24933682780465
863,5bddf120-c403-48b5-9f9d-ab687dd2863a,6,863,True,24110,23798,176.3863209829069
864,5bddf120-c403-48b5-9f9d-ab687dd2863a,6,864,True,24137,23825,151.98580394544842
865,5bddf120-c403-48b5-9f9d-ab687dd2863a,6,865,True,24164,23852,197.9770731125318
866,5bddf120-c403-48b5-9f9d-ab687dd2863a,6,866,True,24192,23880,143.78512281244184
867,5bddf120-c403-48b5-9f9d-ab687dd2863a,6,867,True,24217,23905,229.73830568509584
868,5bddf120-c403-48b5-9f9d-ab687dd2863a,6,868,True,24248,23936,182.98298687228453
869,5bddf120-c403-48b5-9f9d-ab687dd2863a,6,869,True,24268,23956,178.73830568509584
870,5bddf120-c403-48b5-9f9d-ab687dd2863a,6,870,True,24289,23977,232.84585735209475
871,5bddf120-c403-48b5-9f9d-ab687dd2863a,6,871,True,24316,24004,153.56406414175217
872,5bddf120-c403-48b5-9f9d-ab687dd2863a,6,872,True,24346,24034,120.4072375198557
873,5bddf120-c403-48b5-9f9d-ab687dd2863a,6,873,True,24371,24059,137.085907493969
874,5bddf120-c403-48b5-9f9d-ab687dd2863a,6,874,True,24401,24089,118.36226349944627
875,5bddf120-c403-48b5-9f9d-ab687dd2863a,6,875,True,24432,24120,141.93858845639988
876,5bddf120-c403-48b5-9f9d-ab687dd2863a,6,876,True,24463,24151,105.50652018967594
877,5bddf120-c403-48b5-9f9d-ab687dd2863a,6,877,True,24485,24173,144.82338552334113
878,5bddf120-c403-48b5-9f9d-ab687dd2863a,6,878,True,24508,24196,136.5791798576647
879,5bddf120-c403-48b5-9f9d-ab687dd2863a,6,879,True,24532,24220,121.51799699000912
880,5bddf120-c403-48b5-9f9d-ab687dd2863a,6,880,True,24563,24251,156.94015771743216
881,5bddf120-c403-48b5-9f9d-ab687dd2863a,6,881,True,24588,24276,134.51080393929442
882,5bddf120-c403-48b5-9f9d-ab687dd2863a,6,882,True,24621,24309,150.8465535734358
883,5bddf120-c403-48b5-9f9d-ab687dd2863a,6,883,True,24645,24333,111.3744130885243
884,5bddf120-c403-48b5-9f9d-ab687dd2863a,6,884,True,24675,24363,134.10982668120414
885,5bddf120-c403-48b5-9f9d-ab687dd2863a,6,885,True,24695,24383,125.4720016541869
886,5bddf120-c403-48b5-9f9d-ab687dd2863a,6,886,True,24722,24410,150.22077709386576
887,5bddf120-c403-48b5-9f9d-ab687dd2863a,6,887,True,24750,24438,124.43737289042838
888,5bddf120-c403-48b5-9f9d-ab687dd2863a,6,888,True,24776,24464,124.0344799791128
889,5bddf120-c403-48b5-9f9d-ab687dd2863a,6,889,True,24800,24488,118.46850342028483
890,5bddf120-c403-48b5-9f9d-ab687dd2863a,6,890,True,24832,24520,120.62988417490124
891,5bddf120-c403-48b5-9f9d-ab687dd2863a,6,891,True,24863,24551,105.31947716029754
892,5bddf120-c403-48b5-9f9d-ab687dd2863a,6,892,True,24897,24585,107.62356931101749
893,5bddf120-c403-48b5-9f9d-ab687dd2863a,6,893,True,24932,24620,111.16951048634655
894,5bddf120-c403-48b5-9f9d-ab687dd2863a,6,894,True,24963,24651,100.58615061910314
895,5bddf120-c403-48b5-9f9d-ab687dd2863a,6,895,True,24982,24670,131.65252081881044
896,5bddf120-c403-48b5-9f9d-ab687dd2863a,6,896,True,25006,24694,138.53949391489732
897,5bddf120-c403-48b5-9f9d-ab687dd2863a,6,897,True,25030,24718,129.09133676331112
898,5bddf120-c403-48b5-9f9d-ab687dd2863a,6,898,True,25062,24750,145.2946047787009
899,5bddf120-c403-48b5-9f9d-ab687dd2863a,6,899,True,25092,24780,123.08388942691454
900,5bddf120-c403-48b5-9f9d-ab687dd2863a,6,900,True,25127,24815,106.17555637286205
901,5bddf120-c403-48b5-9f9d-ab687dd2863a,6,901,True,25146,24834,93.91860653896947
902,5bddf120-c403-48b5-9f9d-ab687dd2863a,6,902,True,25179,24867,100.15817982567387
903,5bddf120-c403-48b5-9f9d-ab687dd2863a,6,903,True,25213,24901,105.37396470511521
904,5bddf120-c403-48b5-9f9d-ab687dd2863a,6,904,True,25242,24930,101.19506009840188
905,5bddf120-c403-48b5-9f9d-ab687dd2863a,6,905,True,25272,24960,105.75867279516751
906,5bddf120-c403-48b5-9f9d-ab687dd2863a,6,906,True,25307,24995,108.8945258625863
907,5bddf120-c403-48b5-9f9d-ab687dd2863a,6,907,True,25335,25023,134.71388967311213
908,5bddf120-c403-48b5-9f9d-ab687dd2863a,6,908,True,25360,25048,107.38239215201611
909,5bddf120-c403-48b5-9f9d-ab687dd2863a,6,909,True,25392,25080,163.82521347219154
910,5bddf120-c403-48b5-9f9d-ab687dd2863a,6,910,True,25427,25115,128.82521347219154
911,5bddf120-c403-48b5-9f9d-ab687dd2863a,6,911,True,25456,25144,119.17012062855065
912,5bddf120-c403-48b5-9f9d-ab687dd2863a,6,912,True,25485,25173,141.67229253594633
913,5bddf120-c403-48b5-9f9d-ab687dd2863a,6,913,True,25508,25196,128.4772562880571
914,5bddf120-c403-48b5-9f9d-ab687dd2863a,6,914,True,25528,25216,139.1044855334767
915,5bddf120-c403-48b5-9f9d-ab687dd2863a,6,915,True,25556,25244,122.13690274730834
916,5bddf120-c403-48b5-9f9d-ab687dd2863a,6,916,True,25596,25284,136.00622567231403
917,5bddf120-c403-48b5-9f9d-ab687dd2863a,6,917,True,25628,25316,129.40328629883516
918,5bddf120-c403-48b5-9f9d-ab687dd2863a,6,918,True,25658,25346,108.31967233413525
919,5bddf120-c403-48b5-9f9d-ab687dd2863a,6,919,True,25682,25370,126.84381040808512
920,5bddf120-c403-48b5-9f9d-ab687dd2863a,6,920,True,25709,25397,96.54476609421181
921,5bddf120-c403-48b5-9f9d-ab687dd2863a,6,921,True,25730,25418,104.57034529062366
922,5bddf120-c403-48b5-9f9d-ab687dd2863a,6,922,True,25774,25462,93.8909271822522
923,5bddf120-c403-48b5-9f9d-ab687dd2863a,6,923,True,25801,25489,117.32727840678126
924,5bddf120-c403-48b5-9f9d-ab687dd2863a,6,924,True,25830,25518,142.06293235900011
925,5bddf120-c403-48b5-9f9d-ab687dd2863a,6,925,True,25853,25541,116.77656790096808
926,5bddf120-c403-48b5-9f9d-ab687dd2863a,6,926,True,25876,25564,207.8865838157726
927,5bddf120-c403-48b5-9f9d-ab687dd2863a,6,927,True,25896,25584,159.22680802148534
928,5bddf120-c403-48b5-9f9d-ab687dd2863a,6,928,True,25929,25617,215.862743486432
929,5bddf120-c403-48b5-9f9d-ab687dd2863a,6,929,True,25957,25645,146.31637857966416
930,5bddf120-c403-48b5-9f9d-ab687dd2863a,6,930,True,25995,25683,156.00239921023967
931,5bddf120-c403-48b5-9f9d-ab687dd2863a,6,931,True,26014,25702,139.5423574137203
932,5bddf120-c403-48b5-9f9d-ab687dd2863a,6,932,True,26034,25722,169.83126035155146
933,5bddf120-c403-48b5-9f9d-ab687dd2863a,6,933,True,26062,25750,141.83126035155146
934,5bddf120-c403-48b5-9f9d-ab687dd2863a,6,934,True,26090,25778,189.8405122207696
935,5bddf120-c403-48b5-9f9d-ab687dd2863a,6,935,True,26114,25802,168.3455297591354
936,5bddf120-c403-48b5-9f9d-ab687dd2863a,6,936,True,26140,25828,137.33342301197627
937,5bddf120-c403-48b5-9f9d-ab687dd2863a,6,937,True,26176,25864,158.7138840249754
938,5bddf120-c403-48b5-9f9d-ab687dd2863a,6,938,True,26205,25893,126.90367077425981
939,5bddf120-c403-48b5-9f9d-ab687dd2863a,6,939,True,26238,25926,121.58148565556621
940,5bddf120-c403-48b5-9f9d-ab687dd2863a,6,940,True,26268,25956,203.35834046558375
941,5bddf120-c403-48b5-9f9d-ab687dd2863a,6,941,True,26292,25980,179.35834046558375
942,5bddf120-c403-48b5-9f9d-ab687dd2863a,6,942,True,26321,26009,241.13836248893858
943,5bddf120-c403-48b5-9f9d-ab687dd2863a,6,943,True,26341,26029,154.595428421595
944,5bddf120-c403-48b5-9f9d-ab687dd2863a,6,944,True,26368,26056,139.25540897022438
945,5bddf120-c403-48b5-9f9d-ab687dd2863a,6,945,True,26388,26076,224.0607968652257
946,5bddf120-c403-48b5-9f9d-ab687dd2863a,6,946,True,26420,26108,192.0607968652257
947,5bddf120-c403-48b5-9f9d-ab687dd2863a,6,947,True,26439,26127,222.1897457236264
948,5bddf120-c403-48b5-9f9d-ab687dd2863a,6,948,True,26477,26165,192.1959572387168
949,5bddf120-c403-48b5-9f9d-ab687dd2863a,6,949,True,26508,26196,243.01934330017684
950,5bddf120-c403-48b5-9f9d-ab687dd2863a,6,950,True,26537,26225,235.47314232093413
951,5bddf120-c403-48b5-9f9d-ab687dd2863a,6,951,True,26566,26254,178.4105645307718
952,5bddf120-c403-48b5-9f9d-ab687dd2863a,6,952,True,26597,26285,226.3243652419551
953,5bddf120-c403-48b5-9f9d-ab687dd2863a,6,953,True,26633,26321,137.22486499390652
954,5bddf120-c403-48b5-9f9d-ab687dd2863a,6,954,True,26661,26349,188.78349001647075
955,5bddf120-c403-48b5-9f9d-ab687dd2863a,6,955,True,26685,26373,192.00182097914512
956,5bddf120-c403-48b5-9f9d-ab687dd2863a,6,956,True,26714,26402,216.26308977125154
957,5bddf120-c403-48b5-9f9d-ab687dd2863a,6,957,True,26735,26423,193.17746502158116
958,5bddf120-c403-48b5-9f9d-ab687dd2863a,6,958,True,26760,26448,184.93999297316986
959,5bddf120-c403-48b5-9f9d-ab687dd2863a,6,959,True,26790,26478,163.3155781182977
960,5bddf120-c403-48b5-9f9d-ab687dd2863a,6,960,True,26821,26509,134.75730004582147
961,5bddf120-c403-48b5-9f9d-ab687dd2863a,6,961,True,26851,26539,192.71605686685507
962,5bddf120-c403-48b5-9f9d-ab687dd2863a,6,962,True,26876,26564,153.43520790093316
963,5bddf120-c403-48b5-9f9d-ab687dd2863a,6,963,True,26903,26591,178.16080497686562
964,5bddf120-c403-48b5-9f9d-ab687dd2863a,6,964,True,26940,26628,135.9569204855179
965,5bddf120-c403-48b5-9f9d-ab687dd2863a,6,965,True,26965,26653,170.48879724452854
966,5bddf120-c403-48b5-9f9d-ab687dd2863a,6,966,True,26991,26679,142.07701127482142
967,5bddf120-c403-48b5-9f9d-ab687dd2863a,6,967,True,27022,26710,160.30226109824798
968,5bddf120-c403-48b5-9f9d-ab687dd2863a,6,968,True,27048,26736,136.9192887008976
969,5bddf120-c403-48b5-9f9d-ab687dd2863a,6,969,True,27075,26763,174.26096316830444
970,5bddf120-c403-48b5-9f9d-ab687dd2863a,6,970,True,27110,26798,139.26096316830444
971,5bddf120-c403-48b5-9f9d-ab687dd2863a,6,971,True,27131,26819,160.2080814049841
972,5bddf120-c403-48b5-9f9d-ab687dd2863a,6,972,True,27161,26849,135.7499077404609
973,5bddf120-c403-48b5-9f9d-ab687dd2863a,6,973,True,27186,26874,184.87326964693057
974,5bddf120-c403-48b5-9f9d-ab687dd2863a,6,974,True,27212,26900,138.11860952921415
975,5bddf120-c403-48b5-9f9d-ab687dd2863a,6,975,True,27243,26931,180.70774244814675
976,5bddf120-c403-48b5-9f9d-ab687dd2863a,6,976,True,27269,26957,134.8094489918003
977,5bddf120-c403-48b5-9f9d-ab687dd2863a,6,977,True,27300,26988,149.39458301477134
978,5bddf120-c403-48b5-9f9d-ab687dd2863a,6,978,True,27327,27015,124.78723025443833
979,5bddf120-c403-48b5-9f9d-ab687dd2863a,6,979,True,27353,27041,152.19868172004863
980,5bddf120-c403-48b5-9f9d-ab687dd2863a,6,980,True,27375,27063,127.54629636860409
981,5bddf120-c403-48b5-9f9d-ab687dd2863a,6,981,True,27407,27095,172.9507521334417
982,5bddf120-c403-48b5-9f9d-ab687dd2863a,6,982,True,27432,27120,122.05841138316464
983,5bddf120-c403-48b5-9f9d-ab687dd2863a,6,983,True,27461,27149,159.85466579960485
984,5bddf120-c403-48b5-9f9d-ab687dd2863a,6,984,True,27502,27190,141.29993028315585
985,5bddf120-c403-48b5-9f9d-ab687dd2863a,6,985,True,27528,27216,117.74017926265515
986,5bddf120-c403-48b5-9f9d-ab687dd2863a,6,986,True,27556,27244,144.73628442344489
987,5bddf120-c403-48b5-9f9d-ab687dd2863a,6,987,True,27585,27273,118.17695792175437
988,5bddf120-c403-48b5-9f9d-ab687dd2863a,6,988,True,27612,27300,252.8747487774708
989,5bddf120-c403-48b5-9f9d-ab687dd2863a,6,989,True,27636,27324,200.4438933466663
990,5bddf120-c403-48b5-9f9d-ab687dd2863a,6,990,True,27653,27341,211.8747487774708
991,5bddf120-c403-48b5-9f9d-ab687dd2863a,6,991,True,27682,27370,251.39901818613725
992,5bddf120-c403-48b5-9f9d-ab687dd2863a,6,992,True,27711,27399,213.8868193550952
993,5bddf120-c403-48b5-9f9d-ab687dd2863a,6,993,True,27738,27426,197.98067412806995
994,5bddf120-c403-48b5-9f9d-ab687dd2863a,6,994,True,27766,27454,220.1139587858852
995,5bddf120-c403-48b5-9f9d-ab687dd2863a,6,995,True,27796,27484,187.7317718975064
996,5bddf120-c403-48b5-9f9d-ab687dd2863a,6,996,True,27826,27514,211.49778394881287
997,5bddf120-c403-48b5-9f9d-ab687dd2863a,6,997,True,27852,27540,197.60730959838838
998,5bddf120-c403-48b5-9f9d-ab687dd2863a,6,998,True,27879,27567,243.0348784702619
999,5bddf120-c403-48b5-9f9d-ab687dd2863a,6,999,True,27915,27603,207.0348784702619
1000,e1d68e52-f734-4969-8ad5-c5fc127f8f4b,7,1000,True,380,28,79.85157901363769
1001,e1d68e52-f734-4969-8ad5-c5fc127f8f4b,7,1001,True,401,49,89.2749419846952
1002,e1d68e52-f734-4969-8ad5-c5fc127f8f4b,7,1002,True,422,70,93.19013569656008
1003,e1d68e52-f734-4969-8ad5-c5fc127f8f4b,7,1003,True,446,94,85.93286887207918
1004,e1d68e52-f734-4969-8ad5-c5fc127f8f4b,7,1004,True,485,133,74.13870206664853
1005,e1d68e52-f734-4969-8ad5-c5fc127f8f4b,7,1005,True,512,160,83.96576629387357
1006,e1d68e52-f734-4969-8ad5-c5fc127f8f4b,7,1006,True,541,189,84.04131404984741
1007,e1d68e52-f734-4969-8ad5-c5fc127f8f4b,7,1007,True,565,213,93.13041707939931
1008,e1d68e52-f734-4969-8ad5-c5fc127f8f4b,7,1008,True,597,245,87.29789325343921
1009,e1d68e52-f734-4969-8ad5-c5fc127f8f4b,7,1009,True,625,273,165.73499404560778
1010,e1d68e52-f734-4969-8ad5-c5fc127f8f4b,7,1010,True,654,302,125.72249510563961
1011,e1d68e52-f734-4969-8ad5-c5fc127f8f4b,7,1011,True,677,325,160.86199936811045
1012,e1d68e52-f734-4969-8ad5-c5fc127f8f4b,7,1012,True,711,359,158.42009739024252
1013,e1d68e52-f734-4969-8ad5-c5fc127f8f4b,7,1013,True,738,386,150.6265306228995
1014,e1d68e52-f734-4969-8ad5-c5fc127f8f4b,7,1014,True,769,417,130.31483800402816
1015,e1d68e52-f734-4969-8ad5-c5fc127f8f4b,7,1015,True,800,448,133.8374372590947
1016,e1d68e52-f734-4969-8ad5-c5fc127f8f4b,7,1016,True,824,472,119.51333071774218
1017,e1d68e52-f734-4969-8ad5-c5fc127f8f4b,7,1017,True,857,505,200.33540357285597
1018,e1d68e52-f734-4969-8ad5-c5fc127f8f4b,7,1018,True,888,536,143.26013306267066
1019,e1d68e52-f734-4969-8ad5-c5fc127f8f4b,7,1019,True,912,560,145.33540357285597
1020,e1d68e52-f734-4969-8ad5-c5fc127f8f4b,7,1020,True,944,592,123.3509313634305
1021,e1d68e52-f734-4969-8ad5-c5fc127f8f4b,7,1021,True,976,624,151.14329762659384
1022,e1d68e52-f734-4969-8ad5-c5fc127f8f4b,7,1022,True,1006,654,133.16220260015234
1023,e1d68e52-f734-4969-8ad5-c5fc127f8f4b,7,1023,True,1040,688,138.18298239424018
1024,e1d68e52-f734-4969-8ad5-c5fc127f8f4b,7,1024,True,1059,707,128.0143121620905
1025,e1d68e52-f734-4969-8ad5-c5fc127f8f4b,7,1025,True,1077,725,124.69074107817823
1026,e1d68e52-f734-4969-8ad5-c5fc127f8f4b,7,1026,True,1103,751,143.0635096671549
1027,e1d68e52-f734-4969-8ad5-c5fc127f8f4b,7,1027,True,1128,776,130.7384183729789
1028,e1d68e52-f734-4969-8ad5-c5fc127f8f4b,7,1028,True,1156,804,149.98248749392155
1029,e1d68e52-f734-4969-8ad5-c5fc127f8f4b,7,1029,True,1174,822,158.63250616543985
1030,e1d68e52-f734-4969-8ad5-c5fc127f8f4b,7,1030,True,1207,855,134.85193963789482
1031,e1d68e52-f734-4969-8ad5-c5fc127f8f4b,7,1031,True,1223,871,158.30785056528111
1032,e1d68e52-f734-4969-8ad5-c5fc127f8f4b,7,1032,True,1249,897,146.63718411751847
1033,e1d68e52-f734-4969-8ad5-c5fc127f8f4b,7,1033,True,1272,920,136.54533656302965
1034,e1d68e52-f734-4969-8ad5-c5fc127f8f4b,7,1034,True,1298,946,153.698621146684
1035,e1d68e52-f734-4969-8ad5-c5fc127f8f4b,7,1035,True,1323,971,145.8940271620404
1036,e1d68e52-f734-4969-8ad5-c5fc127f8f4b,7,1036,True,1346,994,132.95484980431934
1037,e1d68e52-f734-4969-8ad5-c5fc127f8f4b,7,1037,True,1371,1019,167.5130201130969
1038,e1d68e52-f734-4969-8ad5-c5fc127f8f4b,7,1038,True,1392,1040,136.5438081538082
1039,e1d68e52-f734-4969-8ad5-c5fc127f8f4b,7,1039,True,1420,1068,182.96758346588217
1040,e1d68e52-f734-4969-8ad5-c5fc127f8f4b,7,1040,True,1449,1097,143.08766812248587
1041,e1d68e52-f734-4969-8ad5-c5fc127f8f4b,7,1041,True,1467,1115,177.5236853176841
1042,e1d68e52-f734-4969-8ad5-c5fc127f8f4b,7,1042,True,1490,1138,144.0628407649524
1043,e1d68e52-f734-4969-8ad5-c5fc127f8f4b,7,1043,True,1523,1171,150.4000024521465
1044,e1d68e52-f734-4969-8ad5-c5fc127f8f4b,7,1044,True,1552,1200,148.6072741983553
1045,e1d68e52-f734-4969-8ad5-c5fc127f8f4b,7,1045,True,1573,1221,152.4822407394497
1046,e1d68e52-f734-4969-8ad5-c5fc127f8f4b,7,1046,True,1597,1245,138.3309851219044
1047,e1d68e52-f734-4969-8ad5-c5fc127f8f4b,7,1047,True,1621,1269,191.39628677644555
1048,e1d68e52-f734-4969-8ad5-c5fc127f8f4b,7,1048,True,1651,1299,150.164128266817
1049,e1d68e52-f734-4969-8ad5-c5fc127f8f4b,7,1049,True,1683,1331,157.904416718633
1050,e1d68e52-f734-4969-8ad5-c5fc127f8f4b,7,1050,True,1699,1347,125.99256003246501
1051,e1d68e52-f734-4969-8ad5-c5fc127f8f4b,7,1051,True,1730,1378,155.75288289884384
1052,e1d68e52-f734-4969-8ad5-c5fc127f8f4b,7,1052,True,1764,1412,145.6686627734232
1053,e1d68e52-f734-4969-8ad5-c5fc127f8f4b,7,1053,True,1787,1435,163.28195063746875
1054,e1d68e52-f734-4969-8ad5-c5fc127f8f4b,7,1054,True,1812,1460,124.9051164120583
1055,e1d68e52-f734-4969-8ad5-c5fc127f8f4b,7,1055,True,1837,1485,188.34911813985923
1056,e1d68e52-f734-4969-8ad5-c5fc127f8f4b,7,1056,True,1871,1519,144.95113636365954
1057,e1d68e52-f734-4969-8ad5-c5fc127f8f4b,7,1057,True,1898,1546,142.28277454034446
1058,e1d68e52-f734-4969-8ad5-c5fc127f8f4b,7,1058,True,1924,1572,126.71862230159331
1059,e1d68e52-f734-4969-8ad5-c5fc127f8f4b,7,1059,True,1943,1591,147.0565329048536
1060,e1d68e52-f734-4969-8ad5-c5fc127f8f4b,7,1060,True,1971,1619,129.5059522277536
1061,e1d68e52-f734-4969-8ad5-c5fc127f8f4b,7,1061,True,2001,1649,152.49059745603677
1062,e1d68e52-f734-4969-8ad5-c5fc127f8f4b,7,1062,True,2032,1680,131.96200895609854
1063,e1d68e52-f734-4969-8ad5-c5fc127f8f4b,7,1063,True,2056,1704,157.8867311871661
1064,e1d68e52-f734-4969-8ad5-c5fc127f8f4b,7,1064,True,2088,1736,138.26536566305617
1065,e1d68e52-f734-4969-8ad5-c5fc127f8f4b,7,1065,True,2104,1752,135.35882663248276
1066,e1d68e52-f734-4969-8ad5-c5fc127f8f4b,7,1066,True,2144,1792,127.30407063875327
1067,e1d68e52-f734-4969-8ad5-c5fc127f8f4b,7,1067,True,2171,1819,140.62301306865606
1068,e1d68e52-f734-4969-8ad5-c5fc127f8f4b,7,1068,True,2194,1842,130.02066268213093
1069,e1d68e52-f734-4969-8ad5-c5fc127f8f4b,7,1069,True,2220,1868,142.92575756949464
1070,e1d68e52-f734-4969-8ad5-c5fc127f8f4b,7,1070,True,2252,1900,130.55555947161042
1071,e1d68e52-f734-4969-8ad5-c5fc127f8f4b,7,1071,True,2275,1923,165.031246588062
1072,e1d68e52-f734-4969-8ad5-c5fc127f8f4b,7,1072,True,2302,1950,148.64461202140455
1073,e1d68e52-f734-4969-8ad5-c5fc127f8f4b,7,1073,True,2325,1973,168.8977614937926
1074,e1d68e52-f734-4969-8ad5-c5fc127f8f4b,7,1074,True,2354,2002,149.59682613640962
1075,e1d68e52-f734-4969-8ad5-c5fc127f8f4b,7,1075,True,2375,2023,149.59245414375346
1076,e1d68e52-f734-4969-8ad5-c5fc127f8f4b,7,1076,True,2407,2055,139.50109788352574
1077,e1d68e52-f734-4969-8ad5-c5fc127f8f4b,7,1077,True,2437,2085,181.35888967129858
1078,e1d68e52-f734-4969-8ad5-c5fc127f8f4b,7,1078,True,2468,2116,127.79206890769183
1079,e1d68e52-f734-4969-8ad5-c5fc127f8f4b,7,1079,True,2503,2151,126.58647605305077
1080,e1d68e52-f734-4969-8ad5-c5fc127f8f4b,7,1080,True,2529,2177,132.79907076991503
1081,e1d68e52-f734-4969-8ad5-c5fc127f8f4b,7,1081,True,2549,2197,123.01906906471322
1082,e1d68e52-f734-4969-8ad5-c5fc127f8f4b,7,1082,True,2573,2221,163.7896580804677
1083,e1d68e52-f734-4969-8ad5-c5fc127f8f4b,7,1083,True,2598,2246,129.2214189680344
1084,e1d68e52-f734-4969-8ad5-c5fc127f8f4b,7,1084,True,2619,2267,159.64665019901486
1085,e1d68e52-f734-4969-8ad5-c5fc127f8f4b,7,1085,True,2647,2295,168.44441404149302
1086,e1d68e52-f734-4969-8ad5-c5fc127f8f4b,7,1086,True,2675,2323,128.86597988463336
1087,e1d68e52-f734-4969-8ad5-c5fc127f8f4b,7,1087,True,2706,2354,158.00409831098568
1088,e1d68e52-f734-4969-8ad5-c5fc127f8f4b,7,1088,True,2738,2386,140.6825965010753
1089,e1d68e52-f734-4969-8ad5-c5fc127f8f4b,7,1089,True,2759,2407,129.99661821264044
1090,e1d68e52-f734-4969-8ad5-c5fc127f8f4b,7,1090,True,2791,2439,145.53765133381694
1091,e1d68e52-f734-4969-8ad5-c5fc127f8f4b,7,1091,True,2811,2459,140.9927502448254
1092,e1d68e52-f734-4969-8ad5-c5fc127f8f4b,7,1092,True,2843,2491,118.79236439082615
1093,e1d68e52-f734-4969-8ad5-c5fc127f8f4b,7,1093,True,2868,2516,130.85644607899303
1094,e1d68e52-f734-4969-8ad5-c5fc127f8f4b,7,1094,True,2902,2550,125.86237099876325
1095,e1d68e52-f734-4969-8ad5-c5fc127f8f4b,7,1095,True,2934,2582,119.2439766847624
1096,e1d68e52-f734-4969-8ad5-c5fc127f8f4b,7,1096,True,2960,2608,138.5583070130474
1097,e1d68e52-f734-4969-8ad5-c5fc127f8f4b,7,1097,True,2978,2626,170.5402321853485
1098,e1d68e52-f734-4969-8ad5-c5fc127f8f4b,7,1098,True,3001,2649,137.7234323670018
1099,e1d68e52-f734-4969-8ad5-c5fc127f8f4b,7,1099,True,3033,2681,182.80643202406554
1100,e1d68e52-f734-4969-8ad5-c5fc127f8f4b,7,1100,True,3075,2723,140.80643202406554
1101,e1d68e52-f734-4969-8ad5-c5fc127f8f4b,7,1101,True,3101,2749,142.29082639895796
1102,e1d68e52-f734-4969-8ad5-c5fc127f8f4b,7,1102,True,3123,2771,142.44684322188687
1103,e1d68e52-f734-4969-8ad5-c5fc127f8f4b,7,1103,True,3153,2801,155.74659734991974
1104,e1d68e52-f734-4969-8ad5-c5fc127f8f4b,7,1104,True,3182,2830,117.80417101689409
1105,e1d68e52-f734-4969-8ad5-c5fc127f8f4b,7,1105,True,3215,2863,113.44300612015513
1106,e1d68e52-f734-4969-8ad5-c5fc127f8f4b,7,1106,True,3241,2889,156.85734386186914
1107,e1d68e52-f734-4969-8ad5-c5fc127f8f4b,7,1107,True,3265,2913,176.7418610756963
1108,e1d68e52-f734-4969-8ad5-c5fc127f8f4b,7,1108,True,3302,2950,197.76082711812478
1109,e1d68e52-f734-4969-8ad5-c5fc127f8f4b,7,1109,True,3329,2977,160.0062120243265
1110,e1d68e52-f734-4969-8ad5-c5fc127f8f4b,7,1110,True,3360,3008,229.62204931692077
1111,e1d68e52-f734-4969-8ad5-c5fc127f8f4b,7,1111,True,3381,3029,208.62204931692077
1112,e1d68e52-f734-4969-8ad5-c5fc127f8f4b,7,1112,True,3411,3059,203.6488972975194
1113,e1d68e52-f734-4969-8ad5-c5fc127f8f4b,7,1113,True,3439,3087,187.00439730335438
1114,e1d68e52-f734-4969-8ad5-c5fc127f8f4b,7,1114,True,3467,3115,219.47524902447094
1115,e1d68e52-f734-4969-8ad5-c5fc127f8f4b,7,1115,True,3485,3133,180.49679916482455
1116,e1d68e52-f734-4969-8ad5-c5fc127f8f4b,7,1116,True,3518,3166,198.04445375513887
1117,e1d68e52-f734-4969-8ad5-c5fc127f8f4b,7,1117,True,3546,3194,181.71040016901134
1118,e1d68e52-f734-4969-8ad5-c5fc127f8f4b,7,1118,True,3561,3209,198.24338996255256
1119,e1d68e52-f734-4969-8ad5-c5fc127f8f4b,7,1119,True,3588,3236,181.95724921694182
1120,e1d68e52-f734-4969-8ad5-c5fc127f8f4b,7,1120,True,3622,3270,176.61470896718038
1121,e1d68e52-f734-4969-8ad5-c5fc127f8f4b,7,1121,True,3663,3311,147.1845825869409
1122,e1d68e52-f734-4969-8ad5-c5fc127f8f4b,7,1122,True,3692,3340,140.10742997641228
1123,e1d68e52-f734-4969-8ad5-c5fc127f8f4b,7,1123,True,3719,3367,145.21196118811122
1124,e1d68e52-f734-4969-8ad5-c5fc127f8f4b,7,1124,True,3737,3385,137.86366335443518
1125,e1d68e52-f734-4969-8ad5-c5fc127f8f4b,7,1125,True,3769,3417,122.2658817935353
1126,e1d68e52-f734-4969-8ad5-c5fc127f8f4b,7,1126,True,3796,3444,165.75426498910247
1127,e1d68e52-f734-4969-8ad5-c5fc127f8f4b,7,1127,True,3820,3468,124.48663019534979
1128,e1d68e52-f734-4969-8ad5-c5fc127f8f4b,7,1128,True,3850,3498,156.82119189709556
1129,e1d68e52-f734-4969-8ad5-c5fc127f8f4b,7,1129,True,3879,3527,117.32912567700214
1130,e1d68e52-f734-4969-8ad5-c5fc127f8f4b,7,1130,True,3907,3555,142.44613363089638
1131,e1d68e52-f734-4969-8ad5-c5fc127f8f4b,7,1131,True,3944,3592,114.41237756453393
1132,e1d68e52-f734-4969-8ad5-c5fc127f8f4b,7,1132,True,3974,3622,147.19977521353167
1133,e1d68e52-f734-4969-8ad5-c5fc127f8f4b,7,1133,True,3999,3647,133.28152333818844
1134,e1d68e52-f734-4969-8ad5-c5fc127f8f4b,7,1134,True,4030,3678,127.21353102725652
1135,e1d68e52-f734-4969-8ad5-c5fc127f8f4b,7,1135,True,4057,3705,145.12967400581783
1136,e1d68e52-f734-4969-8ad5-c5fc127f8f4b,7,1136,True,4084,3732,128.64935140687203
1137,e1d68e52-f734-4969-8ad5-c5fc127f8f4b,7,1137,True,4104,3752,204.23165590136296
1138,e1d68e52-f734-4969-8ad5-c5fc127f8f4b,7,1138,True,4130,3778,145.91359807643994
1139,e1d68e52-f734-4969-8ad5-c5fc127f8f4b,7,1139,True,4162,3810,174.74040761123524
1140,e1d68e52-f734-4969-8ad5-c5fc127f8f4b,7,1140,True,4188,3836,137.83940574041935
1141,e1d68e52-f734-4969-8ad5-c5fc127f8f4b,7,1141,True,4217,3865,139.28927596004905
1142,e1d68e52-f734-4969-8ad5-c5fc127f8f4b,7,1142,True,4250,3898,137.51453189341146
1143,e1d68e52-f734-4969-8ad5-c5fc127f8f4b,7,1143,True,4279,3927,130.8405940240973
1144,e1d68e52-f734-4969-8ad5-c5fc127f8f4b,7,1144,True,4309,3957,161.19780908793564
1145,e1d68e52-f734-4969-8ad5-c5fc127f8f4b,7,1145,True,4329,3977,128.58936510622243
1146,e1d68e52-f734-4969-8ad5-c5fc127f8f4b,7,1146,True,4352,4000,168.15850048332504
1147,e1d68e52-f734-4969-8ad5-c5fc127f8f4b,7,1147,True,4387,4035,133.15850048332504
1148,e1d68e52-f734-4969-8ad5-c5fc127f8f4b,7,1148,True,4427,4075,160.34637252990615
1149,e1d68e52-f734-4969-8ad5-c5fc127f8f4b,7,1149,True,4454,4102,151.79959296258767
1150,e1d68e52-f734-4969-8ad5-c5fc127f8f4b,7,1150,True,4482,4130,154.00830687572852
1151,e1d68e52-f734-4969-8ad5-c5fc127f8f4b,7,1151,True,4506,4154,152.75908835216342
1152,e1d68e52-f734-4969-8ad5-c5fc127f8f4b,7,1152,True,4541,4189,146.72746827574883
1153,e1d68e52-f734-4969-8ad5-c5fc127f8f4b,7,1153,True,4573,4221,151.45921641436053
1154,e1d68e52-f734-4969-8ad5-c5fc127f8f4b,7,1154,True,4601,4249,112.7186909664515
1155,e1d68e52-f734-4969-8ad5-c5fc127f8f4b,7,1155,True,4630,4278,139.77331319576297
1156,e1d68e52-f734-4969-8ad5-c5fc127f8f4b,7,1156,True,4655,4303,125.2505538096575
1157,e1d68e52-f734-4969-8ad5-c5fc127f8f4b,7,1157,True,4678,4326,128.5706752313872
1158,e1d68e52-f734-4969-8ad5-c5fc127f8f4b,7,1158,True,4706,4354,124.74975803089455
1159,e1d68e52-f734-4969-8ad5-c5fc127f8f4b,7,1159,True,4731,4379,127.54023788792165
1160,e1d68e52-f734-4969-8ad5-c5fc127f8f4b,7,1160,True,4763,4411,121.4572497393192
1161,e1d68e52-f734-4969-8ad5-c5fc127f8f4b,7,1161,True,4791,4439,188.06828075199155
1162,e1d68e52-f734-4969-8ad5-c5fc127f8f4b,7,1162,True,4818,4466,172.179096454488
1163,e1d68e52-f734-4969-8ad5-c5fc127f8f4b,7,1163,True,4839,4487,162.53947651403996
1164,e1d68e52-f734-4969-8ad5-c5fc127f8f4b,7,1164,True,4867,4515,145.55960608152054
1165,e1d68e52-f734-4969-8ad5-c5fc127f8f4b,7,1165,True,4912,4560,198.22646292306854
1166,e1d68e52-f734-4969-8ad5-c5fc127f8f4b,7,1166,True,4937,4585,192.64247813436668
1167,e1d68e52-f734-4969-8ad5-c5fc127f8f4b,7,1167,True,4960,4608,180.1569958653763
1168,e1d68e52-f734-4969-8ad5-c5fc127f8f4b,7,1168,True,4983,4631,297.08144947778146
1169,e1d68e52-f734-4969-8ad5-c5fc127f8f4b,7,1169,True,5009,4657,260.0246692496057
1170,e1d68e52-f734-4969-8ad5-c5fc127f8f4b,7,1170,True,5034,4682,212.6257242867032
1171,e1d68e52-f734-4969-8ad5-c5fc127f8f4b,7,1171,True,5067,4715,264.24150865113825
1172,e1d68e52-f734-4969-8ad5-c5fc127f8f4b,7,1172,True,5093,4741,228.14856872500695
1173,e1d68e52-f734-4969-8ad5-c5fc127f8f4b,7,1173,True,5125,4773,196.14856872500695
1174,e1d68e52-f734-4969-8ad5-c5fc127f8f4b,7,1174,True,5154,4802,219.4123512259548
1175,e1d68e52-f734-4969-8ad5-c5fc127f8f4b,7,1175,True,5173,4821,210.0253466184413
1176,e1d68e52-f734-4969-8ad5-c5fc127f8f4b,7,1176,True,5204,4852,221.6488688122099
1177,e1d68e52-f734-4969-8ad5-c5fc127f8f4b,7,1177,True,5236,4884,222.16433236415196
1178,e1d68e52-f734-4969-8ad5-c5fc127f8f4b,7,1178,True,5276,4924,222.58348893754646
1179,e1d68e52-f734-4969-8ad5-c5fc127f8f4b,7,1179,True,5300,4948,187.4121804309725
1180,e1d68e52-f734-4969-8ad5-c5fc127f8f4b,7,1180,True,5324,4972,191.67006209789088
1181,e1d68e52-f734-4969-8ad5-c5fc127f8f4b,7,1181,True,5356,5004,209.21355625554133
1182,e1d68e52-f734-4969-8ad5-c5fc127f8f4b,7,1182,True,5384,5032,167.53460671533048
1183,e1d68e52-f734-4969-8ad5-c5fc127f8f4b,7,1183,True,5410,5058,209.5120068989727
1184,e1d68e52-f734-4969-8ad5-c5fc127f8f4b,7,1184,True,5444,5092,160.71643756748654
1185,e1d68e52-f734-4969-8ad5-c5fc127f8f4b,7,1185,True,5475,5123,144.5120068989727
1186,e1d68e52-f734-4969-8ad5-c5fc127f8f4b,7,1186,True,5512,5160,213.81473055329025
1187,e1d68e52-f734-4969-8ad5-c5fc127f8f4b,7,1187,True,5543,5191,216.95210533272711
1188,e1d68e52-f734-4969-8ad5-c5fc127f8f4b,7,1188,True,5567,5215,172.75302257146177
1189,e1d68e52-f734-4969-8ad5-c5fc127f8f4b,7,1189,True,5589,5237,161.34925378625212
1190,e1d68e52-f734-4969-8ad5-c5fc127f8f4b,7,1190,True,5623,5271,167.66123834734117
1191,e1d68e52-f734-4969-8ad5-c5fc127f8f4b,7,1191,True,5654,5302,150.46642855599293
1192,e1d68e52-f734-4969-8ad5-c5fc127f8f4b,7,1192,True,5693,5341,151.2049097893032
1193,e1d68e52-f734-4969-8ad5-c5fc127f8f4b,7,1193,True,5719,5367,160.98392274190883
1194,e1d68e52-f734-4969-8ad5-c5fc127f8f4b,7,1194,True,5752,5400,112.71368273259395
1195,e1d68e52-f734-4969-8ad5-c5fc127f8f4b,7,1195,True,5778,5426,151.80496897897683
1196,e1d68e52-f734-4969-8ad5-c5fc127f8f4b,7,1196,True,5812,5460,156.88602354353225
1197,e1d68e52-f734-4969-8ad5-c5fc127f8f4b,7,1197,True,5839,5487,139.79125573531564
1198,e1d68e52-f734-4969-8ad5-c5fc127f8f4b,7,1198,True,5870,5518,126.04803904485834
1199,e1d68e52-f734-4969-8ad5-c5fc127f8f4b,7,1199,True,5886,5534,123.71554688955075
1200,e1d68e52-f734-4969-8ad5-c5fc127f8f4b,7,1200,True,5917,5565,152.04051290969983
1201,e1d68e52-f734-4969-8ad5-c5fc127f8f4b,7,1201,True,5939,5587,142.9439138577054
1202,e1d68e52-f734-4969-8ad5-c5fc127f8f4b,7,1202,True,5968,5616,143.64549504001934
1203,e1d68e52-f734-4969-8ad5-c5fc127f8f4b,7,1203,True,5989,5637,148.20562938154126
1204,e1d68e52-f734-4969-8ad5-c5fc127f8f4b,7,1204,True,6011,5659,179.0280966681421
1205,e1d68e52-f734-4969-8ad5-c5fc127f8f4b,7,1205,True,6035,5683,165.9585512307185
1206,e1d68e52-f734-4969-8ad5-c5fc127f8f4b,7,1206,True,6065,5713,135.9585512307185
1207,e1d68e52-f734-4969-8ad5-c5fc127f8f4b,7,1207,True,6089,5737,128.74223197647552
1208,e1d68e52-f734-4969-8ad5-c5fc127f8f4b,7,1208,True,6118,5766,124.4207787345631
1209,e1d68e52-f734-4969-8ad5-c5fc127f8f4b,7,1209,True,6154,5802,208.96746109432206
1210,e1d68e52-f734-4969-8ad5-c5fc127f8f4b,7,1210,True,6185,5833,177.96746109432206
1211,e1d68e52-f734-4969-8ad5-c5fc127f8f4b,7,1211,True,6213,5861,212.21840145901024
1212,e1d68e52-f734-4969-8ad5-c5fc127f8f4b,7,1212,True,6238,5886,172.137215952529
1213,e1d68e52-f734-4969-8ad5-c5fc127f8f4b,7,1213,True,6268,5916,207.29473592223076
1214,e1d68e52-f734-4969-8ad5-c5fc127f8f4b,7,1214,True,6300,5948,160.64397741776884
1215,e1d68e52-f734-4969-8ad5-c5fc127f8f4b,7,1215,True,6318,5966,182.57105311383475
1216,e1d68e52-f734-4969-8ad5-c5fc127f8f4b,7,1216,True,6342,5990,133.29473592223076
1217,e1d68e52-f734-4969-8ad5-c5fc127f8f4b,7,1217,True,6373,6021,157.6996858625862
1218,e1d68e52-f734-4969-8ad5-c5fc127f8f4b,7,1218,True,6390,6038,160.78448684891828
1219,e1d68e52-f734-4969-8ad5-c5fc127f8f4b,7,1219,True,6429,6077,151.12716997639927
1220,e1d68e52-f734-4969-8ad5-c5fc127f8f4b,7,1220,True,6459,6107,145.81521713797065
1221,e1d68e52-f734-4969-8ad5-c5fc127f8f4b,7,1221,True,6482,6130,147.41956123085492
1222,e1d68e52-f734-4969-8ad5-c5fc127f8f4b,7,1222,True,6514,6162,139.92480446309855
1223,e1d68e52-f734-4969-8ad5-c5fc127f8f4b,7,1223,True,6538,6186,133.8239613991327
1224,e1d68e52-f734-4969-8ad5-c5fc127f8f4b,7,1224,True,6556,6204,125.77218323242687
1225,e1d68e52-f734-4969-8ad5-c5fc127f8f4b,7,1225,True,6576,6224,130.31754660431488
1226,e1d68e52-f734-4969-8ad5-c5fc127f8f4b,7,1226,True,6608,6256,124.85523955757799
1227,e1d68e52-f734-4969-8ad5-c5fc127f8f4b,7,1227,True,6634,6282,152.7385137185138
1228,e1d68e52-f734-4969-8ad5-c5fc127f8f4b,7,1228,True,6660,6308,155.6822496549721
1229,e1d68e52-f734-4969-8ad5-c5fc127f8f4b,7,1229,True,6683,6331,154.0040799361659
1230,e1d68e52-f734-4969-8ad5-c5fc127f8f4b,7,1230,True,6707,6355,140.10171431328945
1231,e1d68e52-f734-4969-8ad5-c5fc127f8f4b,7,1231,True,6736,6384,159.63904438684494
1232,e1d68e52-f734-4969-8ad5-c5fc127f8f4b,7,1232,True,6760,6408,161.63684922981793
1233,e1d68e52-f734-4969-8ad5-c5fc127f8f4b,7,1233,True,6789,6437,150.13439585243668
1234,e1d68e52-f734-4969-8ad5-c5fc127f8f4b,7,1234,True,6819,6467,161.04171601619055
1235,e1d68e52-f734-4969-8ad5-c5fc127f8f4b,7,1235,True,6843,6491,145.06664531684328
1236,e1d68e52-f734-4969-8ad5-c5fc127f8f4b,7,1236,True,6874,6522,160.90046576515124
1237,e1d68e52-f734-4969-8ad5-c5fc127f8f4b,7,1237,True,6899,6547,154.3297835022695
1238,e1d68e52-f734-4969-8ad5-c5fc127f8f4b,7,1238,True,6928,6576,138.42583889969956
1239,e1d68e52-f734-4969-8ad5-c5fc127f8f4b,7,1239,True,6967,6615,169.70216475370034
1240,e1d68e52-f734-4969-8ad5-c5fc127f8f4b,7,1240,True,6990,6638,136.20882368407274
1241,e1d68e52-f734-4969-8ad5-c5fc127f8f4b,7,1241,True,7021,6669,193.10602911670867
1242,e1d68e52-f734-4969-8ad5-c5fc127f8f4b,7,1242,True,7047,6695,144.07636985704175
1243,e1d68e52-f734-4969-8ad5-c5fc127f8f4b,7,1243,True,7076,6724,199.0055843730206
1244,e1d68e52-f734-4969-8ad5-c5fc127f8f4b,7,1244,True,7103,6751,229.44908718173792
1245,e1d68e52-f734-4969-8ad5-c5fc127f8f4b,7,1245,True,7129,6777,190.61626648230413
1246,e1d68e52-f734-4969-8ad5-c5fc127f8f4b,7,1246,True,7151,6799,181.44908718173792
1247,e1d68e52-f734-4969-8ad5-c5fc127f8f4b,7,1247,True,7198,6846,168.41983188422273
1248,e1d68e52-f734-4969-8ad5-c5fc127f8f4b,7,1248,True,7217,6865,160.71314433278803
1249,e1d68e52-f734-4969-8ad5-c5fc127f8f4b,7,1249,True,7253,6901,225.31839757737907
1250,e1d68e52-f734-4969-8ad5-c5fc127f8f4b,7,1250,True,7277,6925,139.07872254053382
1251,e1d68e52-f734-4969-8ad5-c5fc127f8f4b,7,1251,True,7308,6956,203.30267849672327
1252,e1d68e52-f734-4969-8ad5-c5fc127f8f4b,7,1252,True,7337,6985,163.63383549943046
1253,e1d68e52-f734-4969-8ad5-c5fc127f8f4b,7,1253,True,7367,7015,144.30267849672327
1254,e1d68e52-f734-4969-8ad5-c5fc127f8f4b,7,1254,True,7398,7046,156.04951061468273
1255,e1d68e52-f734-4969-8ad5-c5fc127f8f4b,7,1255,True,7421,7069,159.64419565006392
1256,e1d68e52-f734-4969-8ad5-c5fc127f8f4b,7,1256,True,7453,7101,186.7394412553549
1257,e1d68e52-f734-4969-8ad5-c5fc127f8f4b,7,1257,True,7477,7125,170.95910148890653
1258,e1d68e52-f734-4969-8ad5-c5fc127f8f4b,7,1258,True,7501,7149,251.47388931781097
1259,e1d68e52-f734-4969-8ad5-c5fc127f8f4b,7,1259,True,7518,7166,223.03010105267913
1260,e1d68e52-f734-4969-8ad5-c5fc127f8f4b,7,1260,True,7550,7198,202.47388931781097
1261,e1d68e52-f734-4969-8ad5-c5fc127f8f4b,7,1261,True,7580,7228,211.39381086831327
1262,e1d68e52-f734-4969-8ad5-c5fc127f8f4b,7,1262,True,7618,7266,222.38804323110435
1263,e1d68e52-f734-4969-8ad5-c5fc127f8f4b,7,1263,True,7641,7289,168.86906956934308
1264,e1d68e52-f734-4969-8ad5-c5fc127f8f4b,7,1264,True,7673,7321,194.62924915782878
1265,e1d68e52-f734-4969-8ad5-c5fc127f8f4b,7,1265,True,7701,7349,156.35432352653424
1266,e1d68e52-f734-4969-8ad5-c5fc127f8f4b,7,1266,True,7727,7375,188.1742450964739
1267,e1d68e52-f734-4969-8ad5-c5fc127f8f4b,7,1267,True,7756,7404,150.14839099223536
1268,e1d68e52-f734-4969-8ad5-c5fc127f8f4b,7,1268,True,7780,7428,183.6616269470196
1269,e1d68e52-f734-4969-8ad5-c5fc127f8f4b,7,1269,True,7816,7464,114.11354776678036
1270,e1d68e52-f734-4969-8ad5-c5fc127f8f4b,7,1270,True,7849,7497,145.91140523756167
1271,e1d68e52-f734-4969-8ad5-c5fc127f8f4b,7,1271,True,7879,7527,167.66707060681438
1272,e1d68e52-f734-4969-8ad5-c5fc127f8f4b,7,1272,True,7910,7558,198.4408153434788
1273,e1d68e52-f734-4969-8ad5-c5fc127f8f4b,7,1273,True,7937,7585,182.2883987730429
1274,e1d68e52-f734-4969-8ad5-c5fc127f8f4b,7,1274,True,7975,7623,195.47652199648564
1275,e1d68e52-f734-4969-8ad5-c5fc127f8f4b,7,1275,True,8008,7656,208.72990291117458
1276,e1d68e52-f734-4969-8ad5-c5fc127f8f4b,7,1276,True,8035,7683,191.88951462698606
1277,e1d68e52-f734-4969-8ad5-c5fc127f8f4b,7,1277,True,8059,7707,167.88951462698606
1278,e1d68e52-f734-4969-8ad5-c5fc127f8f4b,7,1278,True,8076,7724,194.98481888019978
1279,e1d68e52-f734-4969-8ad5-c5fc127f8f4b,7,1279,True,8113,7761,157.98481888019978
1280,e1d68e52-f734-4969-8ad5-c5fc127f8f4b,7,1280,True,8145,7793,169.85385637377385
1281,e1d68e52-f734-4969-8ad5-c5fc127f8f4b,7,1281,True,8175,7823,150.7153215609851
1282,e1d68e52-f734-4969-8ad5-c5fc127f8f4b,7,1282,True,8197,7845,168.14953247970698
1283,e1d68e52-f734-4969-8ad5-c5fc127f8f4b,7,1283,True,8215,7863,171.75460546465638
1284,e1d68e52-f734-4969-8ad5-c5fc127f8f4b,7,1284,True,8245,7893,152.52479394109287
1285,e1d68e52-f734-4969-8ad5-c5fc127f8f4b,7,1285,True,8278,7926,137.5939708866881
1286,e1d68e52-f734-4969-8ad5-c5fc127f8f4b,7,1286,True,8298,7946,140.37356705560342
1287,e1d68e52-f734-4969-8ad5-c5fc127f8f4b,7,1287,True,8323,7971,237.49985382044542
1288,e1d68e52-f734-4969-8ad5-c5fc127f8f4b,7,1288,True,8351,7999,197.2250896921032
1289,e1d68e52-f734-4969-8ad5-c5fc127f8f4b,7,1289,True,8376,8024,184.49985382044542
1290,e1d68e52-f734-4969-8ad5-c5fc127f8f4b,7,1290,True,8401,8049,216.7821409118278
1291,e1d68e52-f734-4969-8ad5-c5fc127f8f4b,7,1291,True,8441,8089,236.54617126683115
1292,e1d68e52-f734-4969-8ad5-c5fc127f8f4b,7,1292,True,8466,8114,200.88066000338586
1293,e1d68e52-f734-4969-8ad5-c5fc127f8f4b,7,1293,True,8504,8152,228.1234344355271
1294,e1d68e52-f734-4969-8ad5-c5fc127f8f4b,7,1294,True,8524,8172,196.04747866708203
1295,e1d68e52-f734-4969-8ad5-c5fc127f8f4b,7,1295,True,8553,8201,179.1234344355271
1296,e1d68e52-f734-4969-8ad5-c5fc127f8f4b,7,1296,True,8587,8235,159.8517382550981
1297,e1d68e52-f734-4969-8ad5-c5fc127f8f4b,7,1297,True,8614,8262,205.90783677001127
1298,e1d68e52-f734-4969-8ad5-c5fc127f8f4b,7,1298,True,8636,8284,225.70139430562813
1299,e1d68e52-f734-4969-8ad5-c5fc127f8f4b,7,1299,True,8658,8306,178.88611272572962
1300,e1d68e52-f734-4969-8ad5-c5fc127f8f4b,7,1300,True,8681,8329,217.8211016914247
1301,e1d68e52-f734-4969-8ad5-c5fc127f8f4b,7,1301,True,8703,8351,187.11650566826393
1302,e1d68e52-f734-4969-8ad5-c5fc127f8f4b,7,1302,True,8734,8382,215.62509611340465
1303,e1d68e52-f734-4969-8ad5-c5fc127f8f4b,7,1303,True,8762,8410,175.9966233622472
1304,e1d68e52-f734-4969-8ad5-c5fc127f8f4b,7,1304,True,8781,8429,208.1165093026175
1305,e1d68e52-f734-4969-8ad5-c5fc127f8f4b,7,1305,True,8803,8451,199.11287403006463
1306,e1d68e52-f734-4969-8ad5-c5fc127f8f4b,7,1306,True,8826,8474,197.87154980479863
1307,e1d68e52-f734-4969-8ad5-c5fc127f8f4b,7,1307,True,8846,8494,167.16589741722237
1308,e1d68e52-f734-4969-8ad5-c5fc127f8f4b,7,1308,True,8874,8522,165.8835466647124
1309,e1d68e52-f734-4969-8ad5-c5fc127f8f4b,7,1309,True,8897,8545,179.7696694803435
1310,e1d68e52-f734-4969-8ad5-c5fc127f8f4b,7,1310,True,8923,8571,166.08762387928255
1311,e1d68e52-f734-4969-8ad5-c5fc127f8f4b,7,1311,True,8953,8601,250.7312924517555
1312,e1d68e52-f734-4969-8ad5-c5fc127f8f4b,7,1312,True,8979,8627,215.08248199033733
1313,e1d68e52-f734-4969-8ad5-c5fc127f8f4b,7,1313,True,9007,8655,300.731581624088
1314,e1d68e52-f734-4969-8ad5-c5fc127f8f4b,7,1314,True,9038,8686,269.731581624088
1315,e1d68e52-f734-4969-8ad5-c5fc127f8f4b,7,1315,True,9066,8714,261.2028960204807
1316,e1d68e52-f734-4969-8ad5-c5fc127f8f4b,7,1316,True,9101,8749,299.2100540773299
1317,e1d68e52-f734-4969-8ad5-c5fc127f8f4b,7,1317,True,9129,8777,271.2100540773299
1318,e1d68e52-f734-4969-8ad5-c5fc127f8f4b,7,1318,True,9158,8806,254.03655059772245
1319,e1d68e52-f734-4969-8ad5-c5fc127f8f4b,7,1319,True,9183,8831,217.21005407732991
1320,e1d68e52-f734-4969-8ad5-c5fc127f8f4b,7,1320,True,9214,8862,288.709469039386
1321,e1d68e52-f734-4969-8ad5-c5fc127f8f4b,7,1321,True,9240,8888,249.47278721934163
1322,e1d68e52-f734-4969-8ad5-c5fc127f8f4b,7,1322,True,9263,8911,239.70946903938602
1323,e1d68e52-f734-4969-8ad5-c5fc127f8f4b,7,1323,True,9289,8937,234.59845482402488
1324,e1d68e52-f734-4969-8ad5-c5fc127f8f4b,7,1324,True,9322,8970,253.4262666026916
1325,e1d68e52-f734-4969-8ad5-c5fc127f8f4b,7,1325,True,9349,8997,226.4262666026916
1326,e1d68e52-f734-4969-8ad5-c5fc127f8f4b,7,1326,True,9379,9027,232.64742429327998
1327,e1d68e52-f734-4969-8ad5-c5fc127f8f4b,7,1327,True,9403,9051,238.26291683581258
1328,e1d68e52-f734-4969-8ad5-c5fc127f8f4b,7,1328,True,9434,9082,177.64742429327998
1329,e1d68e52-f734-4969-8ad5-c5fc127f8f4b,7,1329,True,9468,9116,211.899470207205
1330,e1d68e52-f734-4969-8ad5-c5fc127f8f4b,7,1330,True,9493,9141,177.27609436185958
1331,e1d68e52-f734-4969-8ad5-c5fc127f8f4b,7,1331,True,9520,9168,206.43776790823722
1332,e1d68e52-f734-4969-8ad5-c5fc127f8f4b,7,1332,True,9547,9195,150.61396468032763
1333,e1d68e52-f734-4969-8ad5-c5fc127f8f4b,7,1333,True,9573,9221,184.74104436314337
1334,e1d68e52-f734-4969-8ad5-c5fc127f8f4b,7,1334,True,9609,9257,138.09533512283997
1335,e1d68e52-f734-4969-8ad5-c5fc127f8f4b,7,1335,True,9635,9283,161.37892683818063
1336,e1d68e52-f734-4969-8ad5-c5fc127f8f4b,7,1336,True,9678,9326,167.90503786364934
1337,e1d68e52-f734-4969-8ad5-c5fc127f8f4b,7,1337,True,9708,9356,165.80036651422415
1338,e1d68e52-f734-4969-8ad5-c5fc127f8f4b,7,1338,True,9734,9382,161.4224883247607
1339,e1d68e52-f734-4969-8ad5-c5fc127f8f4b,7,1339,True,9763,9411,164.28029913143655
1340,e1d68e52-f734-4969-8ad5-c5fc127f8f4b,7,1340,True,9786,9434,151.1634414775217
1341,e1d68e52-f734-4969-8ad5-c5fc127f8f4b,7,1341,True,9812,9460,159.19264189677597
1342,e1d68e52-f734-4969-8ad5-c5fc127f8f4b,7,1342,True,9838,9486,144.2019569302156
1343,e1d68e52-f734-4969-8ad5-c5fc127f8f4b,7,1343,True,9869,9517,156.14223534980556
1344,e1d68e52-f734-4969-8ad5-c5fc127f8f4b,7,1344,True,9900,9548,137.08924853533608
1345,e1d68e52-f734-4969-8ad5-c5fc127f8f4b,7,1345,True,9923,9571,155.49910265842118
1346,e1d68e52-f734-4969-8ad5-c5fc127f8f4b,7,1346,True,9950,9598,139.47416001589409
1347,e1d68e52-f734-4969-8ad5-c5fc127f8f4b,7,1347,True,9983,9631,145.80701107765344
1348,e1d68e52-f734-4969-8ad5-c5fc127f8f4b,7,1348,True,10011,9659,133.1800167562651
1349,e1d68e52-f734-4969-8ad5-c5fc127f8f4b,7,1349,True,10043,9691,145.32546035157065
1350,e1d68e52-f734-4969-8ad5-c5fc127f8f4b,7,1350,True,10075,9723,134.74507222561988
1351,e1d68e52-f734-4969-8ad5-c5fc127f8f4b,7,1351,True,10108,9756,130.84393613811517
1352,e1d68e52-f734-4969-8ad5-c5fc127f8f4b,7,1352,True,10129,9777,140.7449966655131
1353,e1d68e52-f734-4969-8ad5-c5fc127f8f4b,7,1353,True,10159,9807,201.41110867549287
1354,e1d68e52-f734-4969-8ad5-c5fc127f8f4b,7,1354,True,10181,9829,128.92469450691715
1355,e1d68e52-f734-4969-8ad5-c5fc127f8f4b,7,1355,True,10216,9864,156.56458412770735
1356,e1d68e52-f734-4969-8ad5-c5fc127f8f4b,7,1356,True,10252,9900,144.53042054773323
1357,e1d68e52-f734-4969-8ad5-c5fc127f8f4b,7,1357,True,10281,9929,131.11005971637678
1358,e1d68e52-f734-4969-8ad5-c5fc127f8f4b,7,1358,True,10316,9964,129.23316049521782
1359,e1d68e52-f734-4969-8ad5-c5fc127f8f4b,7,1359,True,10346,9994,127.57075421106128
1360,e1d68e52-f734-4969-8ad5-c5fc127f8f4b,7,1360,True,10373,10021,143.14772140974492
1361,e1d68e52-f734-4969-8ad5-c5fc127f8f4b,7,1361,True,10397,10045,128.89949610229087
1362,e1d68e52-f734-4969-8ad5-c5fc127f8f4b,7,1362,True,10422,10070,131.0052233490751
1363,e1d68e52-f734-4969-8ad5-c5fc127f8f4b,7,1363,True,10445,10093,159.3928246250598
1364,e1d68e52-f734-4969-8ad5-c5fc127f8f4b,7,1364,True,10481,10129,135.1655967058541
1365,e1d68e52-f734-4969-8ad5-c5fc127f8f4b,7,1365,True,10503,10151,161.39115909538305
1366,e1d68e52-f734-4969-8ad5-c5fc127f8f4b,7,1366,True,10534,10182,120.0948022897228
1367,e1d68e52-f734-4969-8ad5-c5fc127f8f4b,7,1367,True,10567,10215,112.10502192099011
1368,e1d68e52-f734-4969-8ad5-c5fc127f8f4b,7,1368,True,10600,10248,143.63094040969918
1369,e1d68e52-f734-4969-8ad5-c5fc127f8f4b,7,1369,True,10631,10279,129.59115156808912
1370,e1d68e52-f734-4969-8ad5-c5fc127f8f4b,7,1370,True,10669,10317,141.7928858833984
1371,e1d68e52-f734-4969-8ad5-c5fc127f8f4b,7,1371,True,10694,10342,141.87586801888938
1372,e1d68e52-f734-4969-8ad5-c5fc127f8f4b,7,1372,True,10716,10364,155.1078192406203
1373,e1d68e52-f734-4969-8ad5-c5fc127f8f4b,7,1373,True,10739,10387,112.54607714642589
1374,e1d68e52-f734-4969-8ad5-c5fc127f8f4b,7,1374,True,10763,10411,138.76115637840485
1375,e1d68e52-f734-4969-8ad5-c5fc127f8f4b,7,1375,True,10796,10444,130.5797803838741
1376,e1d68e52-f734-4969-8ad5-c5fc127f8f4b,7,1376,True,10828,10476,192.24637775498195
1377,e1d68e52-f734-4969-8ad5-c5fc127f8f4b,7,1377,True,10847,10495,162.21059224039527
1378,e1d68e52-f734-4969-8ad5-c5fc127f8f4b,7,1378,True,10873,10521,199.4918919669126
1379,e1d68e52-f734-4969-8ad5-c5fc127f8f4b,7,1379,True,10896,10544,190.4199260343812
1380,e1d68e52-f734-4969-8ad5-c5fc127f8f4b,7,1380,True,10921,10569,177.27069455269884
1381,e1d68e52-f734-4969-8ad5-c5fc127f8f4b,7,1381,True,10956,10604,156.85475846178815
1382,e1d68e52-f734-4969-8ad5-c5fc127f8f4b,7,1382,True,10989,10637,158.46809877595297
1383,e1d68e52-f734-4969-8ad5-c5fc127f8f4b,7,1383,True,11013,10661,174.41883871520986
1384,e1d68e52-f734-4969-8ad5-c5fc127f8f4b,7,1384,True,11031,10679,181.16472514587804
1385,e1d68e52-f734-4969-8ad5-c5fc127f8f4b,7,1385,True,11054,10702,169.51102994546818
1386,e1d68e52-f734-4969-8ad5-c5fc127f8f4b,7,1386,True,11080,10728,178.27133430320828
1387,e1d68e52-f734-4969-8ad5-c5fc127f8f4b,7,1387,True,11113,10761,162.84108062896667
1388,e1d68e52-f734-4969-8ad5-c5fc127f8f4b,7,1388,True,11138,10786,149.79344713981664
1389,e1d68e52-f734-4969-8ad5-c5fc127f8f4b,7,1389,True,11161,10809,141.15758237256705
1390,e1d68e52-f734-4969-8ad5-c5fc127f8f4b,7,1390,True,11193,10841,182.09220670616378
1391,e1d68e52-f734-4969-8ad5-c5fc127f8f4b,7,1391,True,11225,10873,161.35468472636967
1392,e1d68e52-f734-4969-8ad5-c5fc127f8f4b,7,1392,True,11259,10907,229.1593589677559
1393,e1d68e52-f734-4969-8ad5-c5fc127f8f4b,7,1393,True,11288,10936,178.68715076275475
1394,e1d68e52-f734-4969-8ad5-c5fc127f8f4b,7,1394,True,11322,10970,197.05561756517454
1395,e1d68e52-f734-4969-8ad5-c5fc127f8f4b,7,1395,True,11354,11002,165.05561756517454
1396,e1d68e52-f734-4969-8ad5-c5fc127f8f4b,7,1396,True,11385,11033,198.31944998637846
1397,e1d68e52-f734-4969-8ad5-c5fc127f8f4b,7,1397,True,11408,11056,159.3041822600444
1398,e1d68e52-f734-4969-8ad5-c5fc127f8f4b,7,1398,True,11445,11093,187.95372218625562
1399,e1d68e52-f734-4969-8ad5-c5fc127f8f4b,7,1399,True,11470,11118,149.09675558140952
1400,e1d68e52-f734-4969-8ad5-c5fc127f8f4b,7,1400,True,11503,11151,140.94610123031453
1401,e1d68e52-f734-4969-8ad5-c5fc127f8f4b,7,1401,True,11532,11180,158.6190138626789
1402,e1d68e52-f734-4969-8ad5-c5fc127f8f4b,7,1402,True,11559,11207,142.53376357199704
1403,e1d68e52-f734-4969-8ad5-c5fc127f8f4b,7,1403,True,11590,11238,153.84324748975268
1404,e1d68e52-f734-4969-8ad5-c5fc127f8f4b,7,1404,True,11628,11276,171.86827295353942
1405,e1d68e52-f734-4969-8ad5-c5fc127f8f4b,7,1405,True,11656,11304,134.35905558124068
1406,e1d68e52-f734-4969-8ad5-c5fc127f8f4b,7,1406,True,11687,11335,198.13628901868287
1407,e1d68e52-f734-4969-8ad5-c5fc127f8f4b,7,1407,True,11711,11359,148.37210756970126
1408,e1d68e52-f734-4969-8ad5-c5fc127f8f4b,7,1408,True,11741,11389,208.27134581642713
1409,e1d68e52-f734-4969-8ad5-c5fc127f8f4b,7,1409,True,11763,11411,161.43966888864088
1410,e1d68e52-f734-4969-8ad5-c5fc127f8f4b,7,1410,True,11790,11438,168.9722885039082
1411,e1d68e52-f734-4969-8ad5-c5fc127f8f4b,7,1411,True,11824,11472,144.92614525966383
1412,e1d68e52-f734-4969-8ad5-c5fc127f8f4b,7,1412,True,11853,11501,162.2659234315197
1413,e1d68e52-f734-4969-8ad5-c5fc127f8f4b,7,1413,True,11894,11542,159.96114316744024
1414,e1d68e52-f734-4969-8ad5-c5fc127f8f4b,7,1414,True,11922,11570,122.767273971338
1415,e1d68e52-f734-4969-8ad5-c5fc127f8f4b,7,1415,True,11943,11591,162.76514020578725
1416,e1d68e52-f734-4969-8ad5-c5fc127f8f4b,7,1416,True,11972,11620,123.98832339670662
1417,e1d68e52-f734-4969-8ad5-c5fc127f8f4b,7,1417,True,11997,11645,142.62483247011187
1418,e1d68e52-f734-4969-8ad5-c5fc127f8f4b,7,1418,True,12016,11664,166.02168609171167
1419,e1d68e52-f734-4969-8ad5-c5fc127f8f4b,7,1419,True,12046,11694,136.02168609171167
1420,e1d68e52-f734-4969-8ad5-c5fc127f8f4b,7,1420,True,12068,11716,180.5011941022276
1421,e1d68e52-f734-4969-8ad5-c5fc127f8f4b,7,1421,True,12092,11740,144.26598613152055
1422,e1d68e52-f734-4969-8ad5-c5fc127f8f4b,7,1422,True,12128,11776,166.2125861177792
1423,e1d68e52-f734-4969-8ad5-c5fc127f8f4b,7,1423,True,12162,11810,148.30955138254467
1424,e1d68e52-f734-4969-8ad5-c5fc127f8f4b,7,1424,True,12187,11835,132.3241761142708
1425,e1d68e52-f734-4969-8ad5-c5fc127f8f4b,7,1425,True,12206,11854,195.41142795780434
1426,e1d68e52-f734-4969-8ad5-c5fc127f8f4b,7,1426,True,12224,11872,188.59247113092533
1427,e1d68e52-f734-4969-8ad5-c5fc127f8f4b,7,1427,True,12247,11895,174.9210416275273
1428,e1d68e52-f734-4969-8ad5-c5fc127f8f4b,7,1428,True,12271,11919,170.78936502573015
1429,e1d68e52-f734-4969-8ad5-c5fc127f8f4b,7,1429,True,12293,11941,158.39346890862362
1430,e1d68e52-f734-4969-8ad5-c5fc127f8f4b,7,1430,True,12317,11965,156.39954240461338
1431,e1d68e52-f734-4969-8ad5-c5fc127f8f4b,7,1431,True,12342,11990,142.1688440302696
1432,e1d68e52-f734-4969-8ad5-c5fc127f8f4b,7,1432,True,12365,12013,147.9466580149765
1433,e1d68e52-f734-4969-8ad5-c5fc127f8f4b,7,1433,True,12389,12037,164.12386092302222
1434,e1d68e52-f734-4969-8ad5-c5fc127f8f4b,7,1434,True,12420,12068,154.59481137870898
1435,e1d68e52-f734-4969-8ad5-c5fc127f8f4b,7,1435,True,12443,12091,142.51982777860758
1436,e1d68e52-f734-4969-8ad5-c5fc127f8f4b,7,1436,True,12464,12112,145.73839657817553
1437,e1d68e52-f734-4969-8ad5-c5fc127f8f4b,7,1437,True,12499,12147,158.78826693603696
1438,e1d68e52-f734-4969-8ad5-c5fc127f8f4b,7,1438,True,12518,12166,155.65451073261283
1439,e1d68e52-f734-4969-8ad5-c5fc127f8f4b,7,1439,True,12543,12191,166.55072873817153
1440,e1d68e52-f734-4969-8ad5-c5fc127f8f4b,7,1440,True,12576,12224,146.40187202482593
1441,e1d68e52-f734-4969-8ad5-c5fc127f8f4b,7,1441,True,12605,12253,152.92018877858754
1442,e1d68e52-f734-4969-8ad5-c5fc127f8f4b,7,1442,True,12626,12274,148.56649476255188
1443,e1d68e52-f734-4969-8ad5-c5fc127f8f4b,7,1443,True,12650,12298,165.2882289340323
1444,e1d68e52-f734-4969-8ad5-c5fc127f8f4b,7,1444,True,12669,12317,133.07013422231284
1445,e1d68e52-f734-4969-8ad5-c5fc127f8f4b,7,1445,True,12694,12342,176.3609313559209
1446,e1d68e52-f734-4969-8ad5-c5fc127f8f4b,7,1446,True,12711,12359,132.19737837137654
1447,e1d68e52-f734-4969-8ad5-c5fc127f8f4b,7,1447,True,12738,12386,218.00316171969098
1448,e1d68e52-f734-4969-8ad5-c5fc127f8f4b,7,1448,True,12767,12415,178.5493385430127
1449,e1d68e52-f734-4969-8ad5-c5fc127f8f4b,7,1449,True,12792,12440,128.17310809758783
1450,e1d68e52-f734-4969-8ad5-c5fc127f8f4b,7,1450,True,12827,12475,179.42287873872738
1451,e1d68e52-f734-4969-8ad5-c5fc127f8f4b,7,1451,True,12849,12497,145.34725074549715
1452,e1d68e52-f734-4969-8ad5-c5fc127f8f4b,7,1452,True,12881,12529,199.78536454793357
1453,e1d68e52-f734-4969-8ad5-c5fc127f8f4b,7,1453,True,12908,12556,160.94741168766632
1454,e1d68e52-f734-4969-8ad5-c5fc127f8f4b,7,1454,True,12934,12582,197.09766487516208
1455,e1d68e52-f734-4969-8ad5-c5fc127f8f4b,7,1455,True,12960,12608,162.13345095659315
1456,e1d68e52-f734-4969-8ad5-c5fc127f8f4b,7,1456,True,12987,12635,214.0525616662453
1457,e1d68e52-f734-4969-8ad5-c5fc127f8f4b,7,1457,True,13008,12656,141.50221047539526
1458,e1d68e52-f734-4969-8ad5-c5fc127f8f4b,7,1458,True,13048,12696,210.0707399235289
1459,e1d68e52-f734-4969-8ad5-c5fc127f8f4b,7,1459,True,13077,12725,153.08396965738757
1460,e1d68e52-f734-4969-8ad5-c5fc127f8f4b,7,1460,True,13105,12753,213.22710134508998
1461,e1d68e52-f734-4969-8ad5-c5fc127f8f4b,7,1461,True,13128,12776,179.6610343068969
1462,e1d68e52-f734-4969-8ad5-c5fc127f8f4b,7,1462,True,13154,12802,164.22710134508998
1463,e1d68e52-f734-4969-8ad5-c5fc127f8f4b,7,1463,True,13175,12823,207.57701265132164
1464,e1d68e52-f734-4969-8ad5-c5fc127f8f4b,7,1464,True,13197,12845,211.19002351187373
1465,e1d68e52-f734-4969-8ad5-c5fc127f8f4b,7,1465,True,13220,12868,241.3325447384541
1466,e1d68e52-f734-4969-8ad5-c5fc127f8f4b,7,1466,True,13253,12901,229.63507239258433
1467,e1d68e52-f734-4969-8ad5-c5fc127f8f4b,7,1467,True,13282,12930,200.63507239258433
1468,e1d68e52-f734-4969-8ad5-c5fc127f8f4b,7,1468,True,13308,12956,249.45175597430716
1469,e1d68e52-f734-4969-8ad5-c5fc127f8f4b,7,1469,True,13334,12982,236.69392140606578
1470,e1d68e52-f734-4969-8ad5-c5fc127f8f4b,7,1470,True,13363,13011,185.0739580153222
1471,e1d68e52-f734-4969-8ad5-c5fc127f8f4b,7,1471,True,13396,13044,174.69392140606578
1472,e1d68e52-f734-4969-8ad5-c5fc127f8f4b,7,1472,True,13426,13074,175.2421273050968
1473,e1d68e52-f734-4969-8ad5-c5fc127f8f4b,7,1473,True,13449,13097,177.40551980954842
1474,e1d68e52-f734-4969-8ad5-c5fc127f8f4b,7,1474,True,13473,13121,175.66576327183066
1475,e1d68e52-f734-4969-8ad5-c5fc127f8f4b,7,1475,True,13506,13154,195.619616081809
1476,e1d68e52-f734-4969-8ad5-c5fc127f8f4b,7,1476,True,13538,13186,172.99842431672187
1477,e1d68e52-f734-4969-8ad5-c5fc127f8f4b,7,1477,True,13565,13213,198.55675502242593
1478,e1d68e52-f734-4969-8ad5-c5fc127f8f4b,7,1478,True,13584,13232,179.55675502242593
1479,e1d68e52-f734-4969-8ad5-c5fc127f8f4b,7,1479,True,13621,13269,162.84597455540097
1480,e1d68e52-f734-4969-8ad5-c5fc127f8f4b,7,1480,True,13645,13293,129.14570006824397
1481,e1d68e52-f734-4969-8ad5-c5fc127f8f4b,7,1481,True,13672,13320,203.91710703279387
1482,e1d68e52-f734-4969-8ad5-c5fc127f8f4b,7,1482,True,13704,13352,182.7344525959652
1483,e1d68e52-f734-4969-8ad5-c5fc127f8f4b,7,1483,True,13732,13380,173.7511340391393
1484,e1d68e52-f734-4969-8ad5-c5fc127f8f4b,7,1484,True,13764,13412,165.00178979789598
1485,e1d68e52-f734-4969-8ad5-c5fc127f8f4b,7,1485,True,13798,13446,184.87024082513562
1486,e1d68e52-f734-4969-8ad5-c5fc127f8f4b,7,1486,True,13823,13471,205.36052472585652
1487,e1d68e52-f734-4969-8ad5-c5fc127f8f4b,7,1487,True,13851,13499,188.05413922669868
1488,e1d68e52-f734-4969-8ad5-c5fc127f8f4b,7,1488,True,13867,13515,161.36052472585652
1489,e1d68e52-f734-4969-8ad5-c5fc127f8f4b,7,1489,True,13896,13544,182.40839720346776
1490,e1d68e52-f734-4969-8ad5-c5fc127f8f4b,7,1490,True,13930,13578,159.78544569374208
1491,e1d68e52-f734-4969-8ad5-c5fc127f8f4b,7,1491,True,13953,13601,148.44995825834303
1492,e1d68e52-f734-4969-8ad5-c5fc127f8f4b,7,1492,True,13984,13632,154.70502751161075
1493,e1d68e52-f734-4969-8ad5-c5fc127f8f4b,7,1493,True,14013,13661,163.6546806637907
1494,e1d68e52-f734-4969-8ad5-c5fc127f8f4b,7,1494,True,14035,13683,152.05891040299684
1495,e1d68e52-f734-4969-8ad5-c5fc127f8f4b,7,1495,True,14068,13716,157.39029285525248
1496,e1d68e52-f734-4969-8ad5-c5fc127f8f4b,7,1496,True,14100,13748,164.23739802527052
1497,e1d68e52-f734-4969-8ad5-c5fc127f8f4b,7,1497,True,14132,13780,143.2978054332325
1498,e1d68e52-f734-4969-8ad5-c5fc127f8f4b,7,1498,True,14163,13811,152.09221322651865
1499,e1d68e52-f734-4969-8ad5-c5fc127f8f4b,7,1499,True,14200,13848,216.55914730157383
1500,e1d68e52-f734-4969-8ad5-c5fc127f8f4b,7,1500,True,14218,13866,181.87023047843286
1501,e1d68e52-f734-4969-8ad5-c5fc127f8f4b,7,1501,True,14251,13899,228.8164668997597
1502,e1d68e52-f734-4969-8ad5-c5fc127f8f4b,7,1502,True,14283,13931,187.20138595622302
1503,e1d68e52-f734-4969-8ad5-c5fc127f8f4b,7,1503,True,14308,13956,253.14767275109443
1504,e1d68e52-f734-4969-8ad5-c5fc127f8f4b,7,1504,True,14349,13997,187.00732564433565
1505,e1d68e52-f734-4969-8ad5-c5fc127f8f4b,7,1505,True,14387,14035,227.3967298011321
1506,e1d68e52-f734-4969-8ad5-c5fc127f8f4b,7,1506,True,14416,14064,167.1595407707191
1507,e1d68e52-f734-4969-8ad5-c5fc127f8f4b,7,1507,True,14441,14089,173.3967298011321
1508,e1d68e52-f734-4969-8ad5-c5fc127f8f4b,7,1508,True,14473,14121,172.38490150930375
1509,e1d68e52-f734-4969-8ad5-c5fc127f8f4b,7,1509,True,14504,14152,213.17050165623368
1510,e1d68e52-f734-4969-8ad5-c5fc127f8f4b,7,1510,True,14529,14177,177.87169945106325
1511,e1d68e52-f734-4969-8ad5-c5fc127f8f4b,7,1511,True,14556,14204,187.36391930723585
1512,e1d68e52-f734-4969-8ad5-c5fc127f8f4b,7,1512,True,14581,14229,150.97373752354906
1513,e1d68e52-f734-4969-8ad5-c5fc127f8f4b,7,1513,True,14619,14267,147.41019529505138
1514,e1d68e52-f734-4969-8ad5-c5fc127f8f4b,7,1514,True,14645,14293,172.25736121773116
1515,e1d68e52-f734-4969-8ad5-c5fc127f8f4b,7,1515,True,14662,14310,167.35524856040865
1516,e1d68e52-f734-4969-8ad5-c5fc127f8f4b,7,1516,True,14684,14332,164.14205070465687
1517,e1d68e52-f734-4969-8ad5-c5fc127f8f4b,7,1517,True,14711,14359,148.1757845675802
1518,e1d68e52-f734-4969-8ad5-c5fc127f8f4b,7,1518,True,14734,14382,138.19720090019655
1519,e1d68e52-f734-4969-8ad5-c5fc127f8f4b,7,1519,True,14764,14412,184.46483166565304
1520,e1d68e52-f734-4969-8ad5-c5fc127f8f4b,7,1520,True,14796,14444,141.62919272835825
1521,e1d68e52-f734-4969-8ad5-c5fc127f8f4b,7,1521,True,14832,14480,168.79501120666646
1522,e1d68e52-f734-4969-8ad5-c5fc127f8f4b,7,1522,True,14864,14512,151.0840327603728
1523,e1d68e52-f734-4969-8ad5-c5fc127f8f4b,7,1523,True,14894,14542,163.09542094736935
1524,e1d68e52-f734-4969-8ad5-c5fc127f8f4b,7,1524,True,14920,14568,148.49841781375653
1525,e1d68e52-f734-4969-8ad5-c5fc127f8f4b,7,1525,True,14945,14593,169.913907953307
1526,e1d68e52-f734-4969-8ad5-c5fc127f8f4b,7,1526,True,14969,14617,156.92804756164514
1527,e1d68e52-f734-4969-8ad5-c5fc127f8f4b,7,1527,True,14991,14639,147.5956531082993
1528,e1d68e52-f734-4969-8ad5-c5fc127f8f4b,7,1528,True,15018,14666,196.99660077478256
1529,e1d68e52-f734-4969-8ad5-c5fc127f8f4b,7,1529,True,15038,14686,189.10866065367554
1530,e1d68e52-f734-4969-8ad5-c5fc127f8f4b,7,1530,True,15066,14714,161.10866065367554
1531,e1d68e52-f734-4969-8ad5-c5fc127f8f4b,7,1531,True,15094,14742,299.4925738433103
1532,e1d68e52-f734-4969-8ad5-c5fc127f8f4b,7,1532,True,15123,14771,258.8387272950258
1533,e1d68e52-f734-4969-8ad5-c5fc127f8f4b,7,1533,True,15145,14793,248.4925738433103
1534,e1d68e52-f734-4969-8ad5-c5fc127f8f4b,7,1534,True,15173,14821,275.3087001794229
1535,e1d68e52-f734-4969-8ad5-c5fc127f8f4b,7,1535,True,15198,14846,250.30870017942289
1536,e1d68e52-f734-4969-8ad5-c5fc127f8f4b,7,1536,True,15231,14879,217.30870017942289
1537,e1d68e52-f734-4969-8ad5-c5fc127f8f4b,7,1537,True,15261,14909,270.083872947047
1538,e1d68e52-f734-4969-8ad5-c5fc127f8f4b,7,1538,True,15287,14935,225.28481183563417
1539,e1d68e52-f734-4969-8ad5-c5fc127f8f4b,7,1539,True,15320,14968,192.28481183563417
1540,e1d68e52-f734-4969-8ad5-c5fc127f8f4b,7,1540,True,15349,14997,211.4957143244501
1541,e1d68e52-f734-4969-8ad5-c5fc127f8f4b,7,1541,True,15372,15020,188.4957143244501
1542,e1d68e52-f734-4969-8ad5-c5fc127f8f4b,7,1542,True,15401,15049,203.22399645461883
1543,e1d68e52-f734-4969-8ad5-c5fc127f8f4b,7,1543,True,15429,15077,251.16826934957862
1544,e1d68e52-f734-4969-8ad5-c5fc127f8f4b,7,1544,True,15451,15099,189.53494795208462
1545,e1d68e52-f734-4969-8ad5-c5fc127f8f4b,7,1545,True,15478,15126,181.21225552340002
1546,e1d68e52-f734-4969-8ad5-c5fc127f8f4b,7,1546,True,15494,15142,146.53494795208462
1547,e1d68e52-f734-4969-8ad5-c5fc127f8f4b,7,1547,True,15525,15173,206.72451710856149
1548,e1d68e52-f734-4969-8ad5-c5fc127f8f4b,7,1548,True,15548,15196,143.1511057629432
1549,e1d68e52-f734-4969-8ad5-c5fc127f8f4b,7,1549,True,15572,15220,210.14118073435384
1550,e1d68e52-f734-4969-8ad5-c5fc127f8f4b,7,1550,True,15597,15245,185.14118073435384
1551,e1d68e52-f734-4969-8ad5-c5fc127f8f4b,7,1551,True,15630,15278,162.792748268359
1552,e1d68e52-f734-4969-8ad5-c5fc127f8f4b,7,1552,True,15655,15303,174.8918846935212
1553,e1d68e52-f734-4969-8ad5-c5fc127f8f4b,7,1553,True,15688,15336,153.34177178478785
1554,e1d68e52-f734-4969-8ad5-c5fc127f8f4b,7,1554,True,15711,15359,174.1468349793704
1555,e1d68e52-f734-4969-8ad5-c5fc127f8f4b,7,1555,True,15738,15386,127.13085330500871
1556,e1d68e52-f734-4969-8ad5-c5fc127f8f4b,7,1556,True,15772,15420,137.62349420308783
1557,e1d68e52-f734-4969-8ad5-c5fc127f8f4b,7,1557,True,15798,15446,126.53710668025815
1558,e1d68e52-f734-4969-8ad5-c5fc127f8f4b,7,1558,True,15831,15479,117.35003334276553
1559,e1d68e52-f734-4969-8ad5-c5fc127f8f4b,7,1559,True,15858,15506,114.30440157434168
1560,e1d68e52-f734-4969-8ad5-c5fc127f8f4b,7,1560,True,15896,15544,115.2668330754932
1561,e1d68e52-f734-4969-8ad5-c5fc127f8f4b,7,1561,True,15934,15582,122.5800333655825
1562,e1d68e52-f734-4969-8ad5-c5fc127f8f4b,7,1562,True,15962,15610,104.75412256598247
1563,e1d68e52-f734-4969-8ad5-c5fc127f8f4b,7,1563,True,15989,15637,186.56427237740172
1564,e1d68e52-f734-4969-8ad5-c5fc127f8f4b,7,1564,True,16011,15659,145.9482515389791
1565,e1d68e52-f734-4969-8ad5-c5fc127f8f4b,7,1565,True,16042,15690,163.40516149691757
1566,e1d68e52-f734-4969-8ad5-c5fc127f8f4b,7,1566,True,16068,15716,159.91434151189605
1567,e1d68e52-f734-4969-8ad5-c5fc127f8f4b,7,1567,True,16097,15745,163.689849338778
1568,e1d68e52-f734-4969-8ad5-c5fc127f8f4b,7,1568,True,16127,15775,147.0715697309406
1569,e1d68e52-f734-4969-8ad5-c5fc127f8f4b,7,1569,True,16152,15800,184.91557682541497
1570,e1d68e52-f734-4969-8ad5-c5fc127f8f4b,7,1570,True,16178,15826,145.55301842920926
1571,e1d68e52-f734-4969-8ad5-c5fc127f8f4b,7,1571,True,16211,15859,149.0402657378454
1572,e1d68e52-f734-4969-8ad5-c5fc127f8f4b,7,1572,True,16237,15885,148.86873911409202
1573,e1d68e52-f734-4969-8ad5-c5fc127f8f4b,7,1573,True,16257,15905,176.03799085659193
1574,e1d68e52-f734-4969-8ad5-c5fc127f8f4b,7,1574,True,16283,15931,160.66069305988458
1575,e1d68e52-f734-4969-8ad5-c5fc127f8f4b,7,1575,True,16313,15961,161.99458112144384
1576,e1d68e52-f734-4969-8ad5-c5fc127f8f4b,7,1576,True,16339,15987,117.6125009472089
1577,e1d68e52-f734-4969-8ad5-c5fc127f8f4b,7,1577,True,16361,16009,144.84294643121393
1578,e1d68e52-f734-4969-8ad5-c5fc127f8f4b,7,1578,True,16376,16024,151.15977824317451
1579,e1d68e52-f734-4969-8ad5-c5fc127f8f4b,7,1579,True,16398,16046,140.01627109055516
1580,e1d68e52-f734-4969-8ad5-c5fc127f8f4b,7,1580,True,16427,16075,155.5584331465143
1581,e1d68e52-f734-4969-8ad5-c5fc127f8f4b,7,1581,True,16455,16103,137.47448747644012
1582,e1d68e52-f734-4969-8ad5-c5fc127f8f4b,7,1582,True,16496,16144,108.21803242349779
1583,e1d68e52-f734-4969-8ad5-c5fc127f8f4b,7,1583,True,16533,16181,107.66980041807619
1584,e1d68e52-f734-4969-8ad5-c5fc127f8f4b,7,1584,True,16563,16211,101.70143349461614
1585,e1d68e52-f734-4969-8ad5-c5fc127f8f4b,7,1585,True,16595,16243,152.77790961955907
1586,e1d68e52-f734-4969-8ad5-c5fc127f8f4b,7,1586,True,16626,16274,146.50358594649515
1587,e1d68e52-f734-4969-8ad5-c5fc127f8f4b,7,1587,True,16654,16302,203.63478866900914
1588,e1d68e52-f734-4969-8ad5-c5fc127f8f4b,7,1588,True,16681,16329,143.5279382294575
1589,e1d68e52-f734-4969-8ad5-c5fc127f8f4b,7,1589,True,16718,16366,139.63478866900914
1590,e1d68e52-f734-4969-8ad5-c5fc127f8f4b,7,1590,True,16752,16400,123.62777247072881
1591,e1d68e52-f734-4969-8ad5-c5fc127f8f4b,7,1591,True,16780,16428,176.99685673136992
1592,e1d68e52-f734-4969-8ad5-c5fc127f8f4b,7,1592,True,16809,16457,136.650090628591
1593,e1d68e52-f734-4969-8ad5-c5fc127f8f4b,7,1593,True,16851,16499,143.09354141465155
1594,e1d68e52-f734-4969-8ad5-c5fc127f8f4b,7,1594,True,16882,16530,137.9424094222668
1595,e1d68e52-f734-4969-8ad5-c5fc127f8f4b,7,1595,True,16912,16560,117.43709792276059
1596,e1d68e52-f734-4969-8ad5-c5fc127f8f4b,7,1596,True,16951,16599,104.73745226866595
1597,e1d68e52-f734-4969-8ad5-c5fc127f8f4b,7,1597,True,16984,16632,125.86790611427568
1598,e1d68e52-f734-4969-8ad5-c5fc127f8f4b,7,1598,True,17013,16661,121.61897904075886
1599,e1d68e52-f734-4969-8ad5-c5fc127f8f4b,7,1599,True,17044,16692,134.10681336514972
1600,e1d68e52-f734-4969-8ad5-c5fc127f8f4b,7,1600,True,17082,16730,106.79364203738805
1601,e1d68e52-f734-4969-8ad5-c5fc127f8f4b,7,1601,True,17112,16760,115.58239391324969
1602,e1d68e52-f734-4969-8ad5-c5fc127f8f4b,7,1602,True,17137,16785,147.69552946897602
1603,e1d68e52-f734-4969-8ad5-c5fc127f8f4b,7,1603,True,17163,16811,110.8350045333791
1604,e1d68e52-f734-4969-8ad5-c5fc127f8f4b,7,1604,True,17185,16833,133.65396336414778
1605,e1d68e52-f734-4969-8ad5-c5fc127f8f4b,7,1605,True,17204,16852,163.5052029016406
1606,e1d68e52-f734-4969-8ad5-c5fc127f8f4b,7,1606,True,17224,16872,165.45563145722554
1607,e1d68e52-f734-4969-8ad5-c5fc127f8f4b,7,1607,True,17254,16902,196.54669631751676
1608,e1d68e52-f734-4969-8ad5-c5fc127f8f4b,7,1608,True,17276,16924,165.18534292980985
1609,e1d68e52-f734-4969-8ad5-c5fc127f8f4b,7,1609,True,17322,16970,155.16685348880492
1610,e1d68e52-f734-4969-8ad5-c5fc127f8f4b,7,1610,True,17359,17007,170.23288450552354
1611,e1d68e52-f734-4969-8ad5-c5fc127f8f4b,7,1611,True,17375,17023,144.04243104075067
1612,e1d68e52-f734-4969-8ad5-c5fc127f8f4b,7,1612,True,17404,17052,172.44825316935749
1613,e1d68e52-f734-4969-8ad5-c5fc127f8f4b,7,1613,True,17429,17077,147.44825316935749
1614,e1d68e52-f734-4969-8ad5-c5fc127f8f4b,7,1614,True,17458,17106,174.00918281298073
1615,e1d68e52-f734-4969-8ad5-c5fc127f8f4b,7,1615,True,17482,17130,139.80080046390867
1616,e1d68e52-f734-4969-8ad5-c5fc127f8f4b,7,1616,True,17506,17154,191.15762857675873
1617,e1d68e52-f734-4969-8ad5-c5fc127f8f4b,7,1617,True,17532,17180,119.84452732146747
1618,e1d68e52-f734-4969-8ad5-c5fc127f8f4b,7,1618,True,17548,17196,157.78330063495378
1619,e1d68e52-f734-4969-8ad5-c5fc127f8f4b,7,1619,True,17571,17219,163.20229429386018
1620,e1d68e52-f734-4969-8ad5-c5fc127f8f4b,7,1620,True,17590,17238,133.93305522108494
1621,e1d68e52-f734-4969-8ad5-c5fc127f8f4b,7,1621,True,17615,17263,147.9571427478404
1622,e1d68e52-f734-4969-8ad5-c5fc127f8f4b,7,1622,True,17634,17282,117.60361128327713
1623,e1d68e52-f734-4969-8ad5-c5fc127f8f4b,7,1623,True,17666,17314,143.4412404018476
1624,e1d68e52-f734-4969-8ad5-c5fc127f8f4b,7,1624,True,17694,17342,139.17059780681302
1625,e1d68e52-f734-4969-8ad5-c5fc127f8f4b,7,1625,True,17719,17367,139.16724513104054
1626,e1d68e52-f734-4969-8ad5-c5fc127f8f4b,7,1626,True,17747,17395,122.31691072325339
1627,e1d68e52-f734-4969-8ad5-c5fc127f8f4b,7,1627,True,17776,17424,144.0885978991937
1628,e1d68e52-f734-4969-8ad5-c5fc127f8f4b,7,1628,True,17808,17456,121.39347535802881
1629,e1d68e52-f734-4969-8ad5-c5fc127f8f4b,7,1629,True,17829,17477,143.5171922773443
1630,e1d68e52-f734-4969-8ad5-c5fc127f8f4b,7,1630,True,17854,17502,129.86558038571093
1631,e1d68e52-f734-4969-8ad5-c5fc127f8f4b,7,1631,True,17885,17533,159.16988429629782
1632,e1d68e52-f734-4969-8ad5-c5fc127f8f4b,7,1632,True,17916,17564,116.73795040584446
1633,e1d68e52-f734-4969-8ad5-c5fc127f8f4b,7,1633,True,17946,17594,153.70237076038757
1634,e1d68e52-f734-4969-8ad5-c5fc127f8f4b,7,1634,True,17970,17618,118.72401500216074
1635,e1d68e52-f734-4969-8ad5-c5fc127f8f4b,7,1635,True,17996,17644,146.62496738401387
1636,e1d68e52-f734-4969-8ad5-c5fc127f8f4b,7,1636,True,18026,17674,126.05502635805169
1637,e1d68e52-f734-4969-8ad5-c5fc127f8f4b,7,1637,True,18056,17704,144.49677544799124
1638,e1d68e52-f734-4969-8ad5-c5fc127f8f4b,7,1638,True,18082,17730,148.80931858587792
1639,e1d68e52-f734-4969-8ad5-c5fc127f8f4b,7,1639,True,18114,17762,164.00546260439296
1640,e1d68e52-f734-4969-8ad5-c5fc127f8f4b,7,1640,True,18144,17792,143.05484554830764
1641,e1d68e52-f734-4969-8ad5-c5fc127f8f4b,7,1641,True,18174,17822,124.31017945768326
1642,e1d68e52-f734-4969-8ad5-c5fc127f8f4b,7,1642,True,18209,17857,158.4188068909316
1643,e1d68e52-f734-4969-8ad5-c5fc127f8f4b,7,1643,True,18236,17884,157.5716427723164
1644,e1d68e52-f734-4969-8ad5-c5fc127f8f4b,7,1644,True,18262,17910,176.59827052370747
1645,e1d68e52-f734-4969-8ad5-c5fc127f8f4b,7,1645,True,18287,17935,185.1840424727743
1646,e1d68e52-f734-4969-8ad5-c5fc127f8f4b,7,1646,True,18321,17969,142.73159176512127
1647,e1d68e52-f734-4969-8ad5-c5fc127f8f4b,7,1647,True,18359,18007,156.82923364430462
1648,e1d68e52-f734-4969-8ad5-c5fc127f8f4b,7,1648,True,18392,18040,157.6318185240125
1649,e1d68e52-f734-4969-8ad5-c5fc127f8f4b,7,1649,True,18424,18072,115.8430026230526
1650,e1d68e52-f734-4969-8ad5-c5fc127f8f4b,7,1650,True,18457,18105,206.78779289464
1651,e1d68e52-f734-4969-8ad5-c5fc127f8f4b,7,1651,True,18481,18129,155.33720286874814
1652,e1d68e52-f734-4969-8ad5-c5fc127f8f4b,7,1652,True,18513,18161,162.47398514150336
1653,e1d68e52-f734-4969-8ad5-c5fc127f8f4b,7,1653,True,18548,18196,172.34267716015893
1654,e1d68e52-f734-4969-8ad5-c5fc127f8f4b,7,1654,True,18573,18221,137.21460517404194
1655,e1d68e52-f734-4969-8ad5-c5fc127f8f4b,7,1655,True,18602,18250,170.42815702938606
1656,e1d68e52-f734-4969-8ad5-c5fc127f8f4b,7,1656,True,18633,18281,128.69136625919782
1657,e1d68e52-f734-4969-8ad5-c5fc127f8f4b,7,1657,True,18660,18308,153.55140166445562
1658,e1d68e52-f734-4969-8ad5-c5fc127f8f4b,7,1658,True,18692,18340,146.77469193554862
1659,e1d68e52-f734-4969-8ad5-c5fc127f8f4b,7,1659,True,18723,18371,187.04431183088673
1660,e1d68e52-f734-4969-8ad5-c5fc127f8f4b,7,1660,True,18753,18401,147.4335491914826
1661,e1d68e52-f734-4969-8ad5-c5fc127f8f4b,7,1661,True,18776,18424,147.3127843429429
1662,e1d68e52-f734-4969-8ad5-c5fc127f8f4b,7,1662,True,18797,18445,157.95475871427698
1663,e1d68e52-f734-4969-8ad5-c5fc127f8f4b,7,1663,True,18831,18479,198.84884220765525
1664,e1d68e52-f734-4969-8ad5-c5fc127f8f4b,7,1664,True,18863,18511,144.10085232278288
1665,e1d68e52-f734-4969-8ad5-c5fc127f8f4b,7,1665,True,18890,18538,172.7850172850449
1666,e1d68e52-f734-4969-8ad5-c5fc127f8f4b,7,1666,True,18915,18563,174.51169427402056
1667,e1d68e52-f734-4969-8ad5-c5fc127f8f4b,7,1667,True,18939,18587,218.481412114852
1668,e1d68e52-f734-4969-8ad5-c5fc127f8f4b,7,1668,True,18969,18617,130.71726096103885
1669,e1d68e52-f734-4969-8ad5-c5fc127f8f4b,7,1669,True,18997,18645,184.83948980346395
1670,e1d68e52-f734-4969-8ad5-c5fc127f8f4b,7,1670,True,19021,18669,187.6150612491365
1671,e1d68e52-f734-4969-8ad5-c5fc127f8f4b,7,1671,True,19063,18711,194.8910761379302
1672,e1d68e52-f734-4969-8ad5-c5fc127f8f4b,7,1672,True,19098,18746,130.02577762125293
1673,e1d68e52-f734-4969-8ad5-c5fc127f8f4b,7,1673,True,19127,18775,155.20096825682413
1674,e1d68e52-f734-4969-8ad5-c5fc127f8f4b,7,1674,True,19145,18793,150.06782737128015
1675,e1d68e52-f734-4969-8ad5-c5fc127f8f4b,7,1675,True,19174,18822,162.46877579803186
1676,e1d68e52-f734-4969-8ad5-c5fc127f8f4b,7,1676,True,19211,18859,173.66655633378832
1677,e1d68e52-f734-4969-8ad5-c5fc127f8f4b,7,1677,True,19232,18880,115.93051826972805
1678,e1d68e52-f734-4969-8ad5-c5fc127f8f4b,7,1678,True,19256,18904,138.34689472728496
1679,e1d68e52-f734-4969-8ad5-c5fc127f8f4b,7,1679,True,19289,18937,126.35917444584265
1680,e1d68e52-f734-4969-8ad5-c5fc127f8f4b,7,1680,True,19313,18961,149.77147563544713
1681,e1d68e52-f734-4969-8ad5-c5fc127f8f4b,7,1681,True,19337,18985,146.61756132177106
1682,e1d68e52-f734-4969-8ad5-c5fc127f8f4b,7,1682,True,19367,19015,158.03298401528446
1683,e1d68e52-f734-4969-8ad5-c5fc127f8f4b,7,1683,True,19396,19044,152.92924637772376
1684,e1d68e52-f734-4969-8ad5-c5fc127f8f4b,7,1684,True,19427,19075,161.97282338120567
1685,e1d68e52-f734-4969-8ad5-c5fc127f8f4b,7,1685,True,19457,19105,142.94239985064996
1686,e1d68e52-f734-4969-8ad5-c5fc127f8f4b,7,1686,True,19482,19130,157.10204407675337
1687,e1d68e52-f734-4969-8ad5-c5fc127f8f4b,7,1687,True,19519,19167,179.3245825310587
1688,e1d68e52-f734-4969-8ad5-c5fc127f8f4b,7,1688,True,19539,19187,135.3091731063032
1689,e1d68e52-f734-4969-8ad5-c5fc127f8f4b,7,1689,True,19570,19218,177.69391645607175
1690,e1d68e52-f734-4969-8ad5-c5fc127f8f4b,7,1690,True,19590,19238,118.70328015914492
1691,e1d68e52-f734-4969-8ad5-c5fc127f8f4b,7,1691,True,19621,19269,144.00752564035793
1692,e1d68e52-f734-4969-8ad5-c5fc127f8f4b,7,1692,True,19645,19293,144.40691283454726
1693,e1d68e52-f734-4969-8ad5-c5fc127f8f4b,7,1693,True,19673,19321,170.79263791482663
1694,e1d68e52-f734-4969-8ad5-c5fc127f8f4b,7,1694,True,19714,19362,129.79263791482663
1695,e1d68e52-f734-4969-8ad5-c5fc127f8f4b,7,1695,True,19742,19390,141.0283600411276
1696,e1d68e52-f734-4969-8ad5-c5fc127f8f4b,7,1696,True,19770,19418,135.84780301281717
1697,e1d68e52-f734-4969-8ad5-c5fc127f8f4b,7,1697,True,19799,19447,153.83221764069094
1698,e1d68e52-f734-4969-8ad5-c5fc127f8f4b,7,1698,True,19822,19470,140.80424686880724
1699,e1d68e52-f734-4969-8ad5-c5fc127f8f4b,7,1699,True,19847,19495,158.3085261809283
1700,e1d68e52-f734-4969-8ad5-c5fc127f8f4b,7,1700,True,19874,19522,142.15587159687493
1701,e1d68e52-f734-4969-8ad5-c5fc127f8f4b,7,1701,True,19903,19551,198.15212027599773
1702,e1d68e52-f734-4969-8ad5-c5fc127f8f4b,7,1702,True,19928,19576,146.5831802606117
1703,e1d68e52-f734-4969-8ad5-c5fc127f8f4b,7,1703,True,19954,19602,147.15212027599773
1704,e1d68e52-f734-4969-8ad5-c5fc127f8f4b,7,1704,True,19985,19633,171.34888061833044
1705,e1d68e52-f734-4969-8ad5-c5fc127f8f4b,7,1705,True,20006,19654,138.95678348919319
1706,e1d68e52-f734-4969-8ad5-c5fc127f8f4b,7,1706,True,20027,19675,185.67799226759598
1707,e1d68e52-f734-4969-8ad5-c5fc127f8f4b,7,1707,True,20058,19706,144.01966993071255
1708,e1d68e52-f734-4969-8ad5-c5fc127f8f4b,7,1708,True,20086,19734,165.370565155019
1709,e1d68e52-f734-4969-8ad5-c5fc127f8f4b,7,1709,True,20116,19764,162.0830429316411
1710,e1d68e52-f734-4969-8ad5-c5fc127f8f4b,7,1710,True,20143,19791,147.10861031940294
1711,e1d68e52-f734-4969-8ad5-c5fc127f8f4b,7,1711,True,20177,19825,148.64185054490372
1712,e1d68e52-f734-4969-8ad5-c5fc127f8f4b,7,1712,True,20197,19845,166.1502437337076
1713,e1d68e52-f734-4969-8ad5-c5fc127f8f4b,7,1713,True,20226,19874,149.25734699673194
1714,e1d68e52-f734-4969-8ad5-c5fc127f8f4b,7,1714,True,20245,19893,179.8798823827492
1715,e1d68e52-f734-4969-8ad5-c5fc127f8f4b,7,1715,True,20265,19913,159.8798823827492
1716,e1d68e52-f734-4969-8ad5-c5fc127f8f4b,7,1716,True,20293,19941,172.77745935251733
1717,e1d68e52-f734-4969-8ad5-c5fc127f8f4b,7,1717,True,20323,19971,154.50261278876133
1718,e1d68e52-f734-4969-8ad5-c5fc127f8f4b,7,1718,True,20354,20002,181.5734588894993
1719,e1d68e52-f734-4969-8ad5-c5fc127f8f4b,7,1719,True,20379,20027,167.84015942171754
1720,e1d68e52-f734-4969-8ad5-c5fc127f8f4b,7,1720,True,20408,20056,165.3177786239503
1721,e1d68e52-f734-4969-8ad5-c5fc127f8f4b,7,1721,True,20434,20082,151.25486949810875
1722,e1d68e52-f734-4969-8ad5-c5fc127f8f4b,7,1722,True,20461,20109,175.8617254542114
1723,e1d68e52-f734-4969-8ad5-c5fc127f8f4b,7,1723,True,20492,20140,133.58609753314522
1724,e1d68e52-f734-4969-8ad5-c5fc127f8f4b,7,1724,True,20517,20165,199.20410046042525
1725,e1d68e52-f734-4969-8ad5-c5fc127f8f4b,7,1725,True,20548,20196,140.1403107210681
1726,e1d68e52-f734-4969-8ad5-c5fc127f8f4b,7,1726,True,20579,20227,165.00202395330052
1727,e1d68e52-f734-4969-8ad5-c5fc127f8f4b,7,1727,True,20611,20259,155.22472829448816
1728,e1d68e52-f734-4969-8ad5-c5fc127f8f4b,7,1728,True,20637,20285,165.43338484813648
1729,e1d68e52-f734-4969-8ad5-c5fc127f8f4b,7,1729,True,20661,20309,153.12922808064104
1730,e1d68e52-f734-4969-8ad5-c5fc127f8f4b,7,1730,True,20687,20335,159.41903527728937
1731,e1d68e52-f734-4969-8ad5-c5fc127f8f4b,7,1731,True,20712,20360,117.51095274039835
1732,e1d68e52-f734-4969-8ad5-c5fc127f8f4b,7,1732,True,20734,20382,143.046022157072
1733,e1d68e52-f734-4969-8ad5-c5fc127f8f4b,7,1733,True,20759,20407,140.9412743443827
1734,e1d68e52-f734-4969-8ad5-c5fc127f8f4b,7,1734,True,20785,20433,213.2584989703464
1735,e1d68e52-f734-4969-8ad5-c5fc127f8f4b,7,1735,True,20815,20463,158.66517142196244
1736,e1d68e52-f734-4969-8ad5-c5fc127f8f4b,7,1736,True,20845,20493,178.84473020641963
1737,e1d68e52-f734-4969-8ad5-c5fc127f8f4b,7,1737,True,20866,20514,157.84473020641963
1738,e1d68e52-f734-4969-8ad5-c5fc127f8f4b,7,1738,True,20895,20543,149.35297486390482
1739,e1d68e52-f734-4969-8ad5-c5fc127f8f4b,7,1739,True,20921,20569,148.13162548551554
1740,e1d68e52-f734-4969-8ad5-c5fc127f8f4b,7,1740,True,20942,20590,159.2686971864241
1741,e1d68e52-f734-4969-8ad5-c5fc127f8f4b,7,1741,True,20964,20612,194.60490309504894
1742,e1d68e52-f734-4969-8ad5-c5fc127f8f4b,7,1742,True,20987,20635,149.94623523530026
1743,e1d68e52-f734-4969-8ad5-c5fc127f8f4b,7,1743,True,21016,20664,142.60490309504894
1744,e1d68e52-f734-4969-8ad5-c5fc127f8f4b,7,1744,True,21051,20699,138.44146301604633
1745,e1d68e52-f734-4969-8ad5-c5fc127f8f4b,7,1745,True,21076,20724,152.62773165245017
1746,e1d68e52-f734-4969-8ad5-c5fc127f8f4b,7,1746,True,21104,20752,139.46884707566642
1747,e1d68e52-f734-4969-8ad5-c5fc127f8f4b,7,1747,True,21133,20781,143.3761109580846
1748,e1d68e52-f734-4969-8ad5-c5fc127f8f4b,7,1748,True,21159,20807,138.34831662552097
1749,e1d68e52-f734-4969-8ad5-c5fc127f8f4b,7,1749,True,21180,20828,160.65560655107038
1750,e1d68e52-f734-4969-8ad5-c5fc127f8f4b,7,1750,True,21207,20855,145.285038608763
1751,e1d68e52-f734-4969-8ad5-c5fc127f8f4b,7,1751,True,21239,20887,163.30039039647818
1752,e1d68e52-f734-4969-8ad5-c5fc127f8f4b,7,1752,True,21273,20921,140.19828342090113
1753,e1d68e52-f734-4969-8ad5-c5fc127f8f4b,7,1753,True,21300,20948,130.49752668451765
1754,e1d68e52-f734-4969-8ad5-c5fc127f8f4b,7,1754,True,21321,20969,121.01404014220316
1755,e1d68e52-f734-4969-8ad5-c5fc127f8f4b,7,1755,True,21365,21013,149.49855538354313
1756,e1d68e52-f734-4969-8ad5-c5fc127f8f4b,7,1756,True,21396,21044,151.097383652781
1757,e1d68e52-f734-4969-8ad5-c5fc127f8f4b,7,1757,True,21422,21070,115.31918763762224
1758,e1d68e52-f734-4969-8ad5-c5fc127f8f4b,7,1758,True,21452,21100,120.16753178561703
1759,e1d68e52-f734-4969-8ad5-c5fc127f8f4b,7,1759,True,21471,21119,124.20173253364192
1760,e1d68e52-f734-4969-8ad5-c5fc127f8f4b,7,1760,True,21495,21143,155.48577399952774
1761,e1d68e52-f734-4969-8ad5-c5fc127f8f4b,7,1761,True,21522,21170,139.5163569221986
1762,e1d68e52-f734-4969-8ad5-c5fc127f8f4b,7,1762,True,21548,21196,125.75868117517166
1763,e1d68e52-f734-4969-8ad5-c5fc127f8f4b,7,1763,True,21577,21225,130.66101159770915
1764,e1d68e52-f734-4969-8ad5-c5fc127f8f4b,7,1764,True,21603,21251,157.7738356941336
1765,e1d68e52-f734-4969-8ad5-c5fc127f8f4b,7,1765,True,21630,21278,120.4705482093741
1766,e1d68e52-f734-4969-8ad5-c5fc127f8f4b,7,1766,True,21663,21311,138.43010443999447
1767,e1d68e52-f734-4969-8ad5-c5fc127f8f4b,7,1767,True,21692,21340,121.00571725922782
1768,e1d68e52-f734-4969-8ad5-c5fc127f8f4b,7,1768,True,21725,21373,146.4237616338105
1769,e1d68e52-f734-4969-8ad5-c5fc127f8f4b,7,1769,True,21758,21406,177.86529578818227
1770,e1d68e52-f734-4969-8ad5-c5fc127f8f4b,7,1770,True,21791,21439,135.49890593462987
1771,e1d68e52-f734-4969-8ad5-c5fc127f8f4b,7,1771,True,21819,21467,225.01167979996535
1772,e1d68e52-f734-4969-8ad5-c5fc127f8f4b,7,1772,True,21842,21490,217.17130584916958
1773,e1d68e52-f734-4969-8ad5-c5fc127f8f4b,7,1773,True,21871,21519,188.17130584916958
1774,e1d68e52-f734-4969-8ad5-c5fc127f8f4b,7,1774,True,21888,21536,182.8922055466137
1775,e1d68e52-f734-4969-8ad5-c5fc127f8f4b,7,1775,True,21920,21568,204.95026210049036
1776,e1d68e52-f734-4969-8ad5-c5fc127f8f4b,7,1776,True,21943,21591,233.75314134035216
1777,e1d68e52-f734-4969-8ad5-c5fc127f8f4b,7,1777,True,21962,21610,214.75314134035216
1778,e1d68e52-f734-4969-8ad5-c5fc127f8f4b,7,1778,True,21984,21632,181.8432305150236
1779,e1d68e52-f734-4969-8ad5-c5fc127f8f4b,7,1779,True,22007,21655,219.2940068326534
1780,e1d68e52-f734-4969-8ad5-c5fc127f8f4b,7,1780,True,22023,21671,192.5872947713251
1781,e1d68e52-f734-4969-8ad5-c5fc127f8f4b,7,1781,True,22051,21699,218.28369830306838
1782,e1d68e52-f734-4969-8ad5-c5fc127f8f4b,7,1782,True,22077,21725,205.1526286841472
1783,e1d68e52-f734-4969-8ad5-c5fc127f8f4b,7,1783,True,22098,21746,195.40465276010582
1784,e1d68e52-f734-4969-8ad5-c5fc127f8f4b,7,1784,True,22115,21763,237.50177423623973
1785,e1d68e52-f734-4969-8ad5-c5fc127f8f4b,7,1785,True,22144,21792,218.3409270565462
1786,e1d68e52-f734-4969-8ad5-c5fc127f8f4b,7,1786,True,22179,21827,154.96914762809683
1787,e1d68e52-f734-4969-8ad5-c5fc127f8f4b,7,1787,True,22220,21868,188.9662682101589
1788,e1d68e52-f734-4969-8ad5-c5fc127f8f4b,7,1788,True,22240,21888,159.10896414211675
1789,e1d68e52-f734-4969-8ad5-c5fc127f8f4b,7,1789,True,22262,21910,202.80297048755892
1790,e1d68e52-f734-4969-8ad5-c5fc127f8f4b,7,1790,True,22292,21940,159.47073261030528
1791,e1d68e52-f734-4969-8ad5-c5fc127f8f4b,7,1791,True,22316,21964,148.80297048755892
1792,e1d68e52-f734-4969-8ad5-c5fc127f8f4b,7,1792,True,22338,21986,177.46996179987764
1793,e1d68e52-f734-4969-8ad5-c5fc127f8f4b,7,1793,True,22359,22007,146.05516809951223
1794,e1d68e52-f734-4969-8ad5-c5fc127f8f4b,7,1794,True,22382,22030,175.12498444906305
1795,e1d68e52-f734-4969-8ad5-c5fc127f8f4b,7,1795,True,22421,22069,194.41498920981758
1796,e1d68e52-f734-4969-8ad5-c5fc127f8f4b,7,1796,True,22447,22095,168.41498920981758
1797,e1d68e52-f734-4969-8ad5-c5fc127f8f4b,7,1797,True,22465,22113,140.43269253075414
1798,e1d68e52-f734-4969-8ad5-c5fc127f8f4b,7,1798,True,22495,22143,168.01314053309034
1799,e1d68e52-f734-4969-8ad5-c5fc127f8f4b,7,1799,True,22521,22169,163.97411194667438
1800,e1d68e52-f734-4969-8ad5-c5fc127f8f4b,7,1800,True,22547,22195,161.08295883197934
1801,e1d68e52-f734-4969-8ad5-c5fc127f8f4b,7,1801,True,22572,22220,162.59398814397355
1802,e1d68e52-f734-4969-8ad5-c5fc127f8f4b,7,1802,True,22592,22240,219.21247172952644
1803,e1d68e52-f734-4969-8ad5-c5fc127f8f4b,7,1803,True,22621,22269,149.7718028629497
1804,e1d68e52-f734-4969-8ad5-c5fc127f8f4b,7,1804,True,22646,22294,220.18499066793083
1805,e1d68e52-f734-4969-8ad5-c5fc127f8f4b,7,1805,True,22669,22317,130.19758750880646
1806,e1d68e52-f734-4969-8ad5-c5fc127f8f4b,7,1806,True,22691,22339,191.33394399487952
1807,e1d68e52-f734-4969-8ad5-c5fc127f8f4b,7,1807,True,22722,22370,221.14193911851908
1808,e1d68e52-f734-4969-8ad5-c5fc127f8f4b,7,1808,True,22749,22397,159.51151328793276
1809,e1d68e52-f734-4969-8ad5-c5fc127f8f4b,7,1809,True,22767,22415,159.84457623244452
1810,e1d68e52-f734-4969-8ad5-c5fc127f8f4b,7,1810,True,22792,22440,151.14193911851908
1811,e1d68e52-f734-4969-8ad5-c5fc127f8f4b,7,1811,True,22815,22463,225.17614248684913
1812,e1d68e52-f734-4969-8ad5-c5fc127f8f4b,7,1812,True,22837,22485,180.9947192588079
1813,e1d68e52-f734-4969-8ad5-c5fc127f8f4b,7,1813,True,22862,22510,193.53647091833773
1814,e1d68e52-f734-4969-8ad5-c5fc127f8f4b,7,1814,True,22888,22536,178.01519799598464
1815,e1d68e52-f734-4969-8ad5-c5fc127f8f4b,7,1815,True,22923,22571,181.67302326788194
1816,e1d68e52-f734-4969-8ad5-c5fc127f8f4b,7,1816,True,22954,22602,166.723909920398
1817,e1d68e52-f734-4969-8ad5-c5fc127f8f4b,7,1817,True,22980,22628,152.70012965535352
1818,e1d68e52-f734-4969-8ad5-c5fc127f8f4b,7,1818,True,23006,22654,190.524576434731
1819,e1d68e52-f734-4969-8ad5-c5fc127f8f4b,7,1819,True,23037,22685,185.22625930523645
1820,e1d68e52-f734-4969-8ad5-c5fc127f8f4b,7,1820,True,23058,22706,174.16207274357293
1821,e1d68e52-f734-4969-8ad5-c5fc127f8f4b,7,1821,True,23097,22745,193.14406197986682
1822,e1d68e52-f734-4969-8ad5-c5fc127f8f4b,7,1822,True,23120,22768,159.31594435680745
1823,e1d68e52-f734-4969-8ad5-c5fc127f8f4b,7,1823,True,23150,22798,163.70264880820105
1824,e1d68e52-f734-4969-8ad5-c5fc127f8f4b,7,1824,True,23176,22824,148.79692878981223
1825,e1d68e52-f734-4969-8ad5-c5fc127f8f4b,7,1825,True,23205,22853,157.18562278099125
1826,e1d68e52-f734-4969-8ad5-c5fc127f8f4b,7,1826,True,23227,22875,216.3853876537105
1827,e1d68e52-f734-4969-8ad5-c5fc127f8f4b,7,1827,True,23256,22904,196.28680131502915
1828,e1d68e52-f734-4969-8ad5-c5fc127f8f4b,7,1828,True,23279,22927,218.89312183506627
1829,e1d68e52-f734-4969-8ad5-c5fc127f8f4b,7,1829,True,23311,22959,152.23266468221118
1830,e1d68e52-f734-4969-8ad5-c5fc127f8f4b,7,1830,True,23335,22983,187.452504622961
1831,e1d68e52-f734-4969-8ad5-c5fc127f8f4b,7,1831,True,23364,23012,148.07048477173157
1832,e1d68e52-f734-4969-8ad5-c5fc127f8f4b,7,1832,True,23396,23044,166.67236117646462
1833,e1d68e52-f734-4969-8ad5-c5fc127f8f4b,7,1833,True,23424,23072,163.41617058900374
1834,e1d68e52-f734-4969-8ad5-c5fc127f8f4b,7,1834,True,23448,23096,176.8302948170458
1835,e1d68e52-f734-4969-8ad5-c5fc127f8f4b,7,1835,True,23477,23125,164.8207073351332
1836,e1d68e52-f734-4969-8ad5-c5fc127f8f4b,7,1836,True,23501,23149,165.7966811913284
1837,e1d68e52-f734-4969-8ad5-c5fc127f8f4b,7,1837,True,23529,23177,122.29752579125125
1838,e1d68e52-f734-4969-8ad5-c5fc127f8f4b,7,1838,True,23561,23209,216.65350947762636
1839,e1d68e52-f734-4969-8ad5-c5fc127f8f4b,7,1839,True,23583,23231,137.4901106851612
1840,e1d68e52-f734-4969-8ad5-c5fc127f8f4b,7,1840,True,23602,23250,166.78545422735624
1841,e1d68e52-f734-4969-8ad5-c5fc127f8f4b,7,1841,True,23630,23278,161.4171251905791
1842,e1d68e52-f734-4969-8ad5-c5fc127f8f4b,7,1842,True,23658,23306,154.8939778199201
1843,e1d68e52-f734-4969-8ad5-c5fc127f8f4b,7,1843,True,23680,23328,142.18549611514027
1844,e1d68e52-f734-4969-8ad5-c5fc127f8f4b,7,1844,True,23714,23362,229.70292351620446
1845,e1d68e52-f734-4969-8ad5-c5fc127f8f4b,7,1845,True,23749,23397,136.48780313259704
1846,e1d68e52-f734-4969-8ad5-c5fc127f8f4b,7,1846,True,23782,23430,123.09808031412103
1847,e1d68e52-f734-4969-8ad5-c5fc127f8f4b,7,1847,True,23811,23459,212.81707260301482
1848,e1d68e52-f734-4969-8ad5-c5fc127f8f4b,7,1848,True,23835,23483,179.99575184442074
1849,e1d68e52-f734-4969-8ad5-c5fc127f8f4b,7,1849,True,23858,23506,214.76198233784817
1850,e1d68e52-f734-4969-8ad5-c5fc127f8f4b,7,1850,True,23887,23535,175.43689135010936
1851,e1d68e52-f734-4969-8ad5-c5fc127f8f4b,7,1851,True,23914,23562,211.84958548972645
1852,e1d68e52-f734-4969-8ad5-c5fc127f8f4b,7,1852,True,23933,23581,182.30026080683092
1853,e1d68e52-f734-4969-8ad5-c5fc127f8f4b,7,1853,True,23955,23603,222.2963329924496
1854,e1d68e52-f734-4969-8ad5-c5fc127f8f4b,7,1854,True,23978,23626,199.2963329924496
1855,e1d68e52-f734-4969-8ad5-c5fc127f8f4b,7,1855,True,24004,23652,183.75358285217226
1856,e1d68e52-f734-4969-8ad5-c5fc127f8f4b,7,1856,True,24034,23682,167.49686482648394
1857,e1d68e52-f734-4969-8ad5-c5fc127f8f4b,7,1857,True,24072,23720,213.45465983931717
1858,e1d68e52-f734-4969-8ad5-c5fc127f8f4b,7,1858,True,24099,23747,163.79734405492854
1859,e1d68e52-f734-4969-8ad5-c5fc127f8f4b,7,1859,True,24129,23777,182.7953186015584
1860,e1d68e52-f734-4969-8ad5-c5fc127f8f4b,7,1860,True,24160,23808,178.24334366511903
1861,e1d68e52-f734-4969-8ad5-c5fc127f8f4b,7,1861,True,24195,23843,166.27746204559662
1862,e1d68e52-f734-4969-8ad5-c5fc127f8f4b,7,1862,True,24219,23867,224.1608316981219
1863,e1d68e52-f734-4969-8ad5-c5fc127f8f4b,7,1863,True,24247,23895,162.5225303692132
1864,e1d68e52-f734-4969-8ad5-c5fc127f8f4b,7,1864,True,24270,23918,173.1608316981219
1865,e1d68e52-f734-4969-8ad5-c5fc127f8f4b,7,1865,True,24302,23950,159.78717574591064
1866,e1d68e52-f734-4969-8ad5-c5fc127f8f4b,7,1866,True,24328,23976,158.10946912348663
1867,e1d68e52-f734-4969-8ad5-c5fc127f8f4b,7,1867,True,24366,24014,166.41149381560172
1868,e1d68e52-f734-4969-8ad5-c5fc127f8f4b,7,1868,True,24398,24046,194.99126982376765
1869,e1d68e52-f734-4969-8ad5-c5fc127f8f4b,7,1869,True,24424,24072,157.2054900129042
1870,e1d68e52-f734-4969-8ad5-c5fc127f8f4b,7,1870,True,24454,24102,149.05214043489468
1871,e1d68e52-f734-4969-8ad5-c5fc127f8f4b,7,1871,True,24483,24131,138.815181380789
1872,e1d68e52-f734-4969-8ad5-c5fc127f8f4b,7,1872,True,24511,24159,132.7466990981775
1873,e1d68e52-f734-4969-8ad5-c5fc127f8f4b,7,1873,True,24538,24186,133.6155026871602
1874,e1d68e52-f734-4969-8ad5-c5fc127f8f4b,7,1874,True,24570,24218,149.43291769746793
1875,e1d68e52-f734-4969-8ad5-c5fc127f8f4b,7,1875,True,24596,24244,131.80010795274939
1876,e1d68e52-f734-4969-8ad5-c5fc127f8f4b,7,1876,True,24619,24267,132.83541584874183
1877,e1d68e52-f734-4969-8ad5-c5fc127f8f4b,7,1877,True,24655,24303,138.95107421734792
1878,e1d68e52-f734-4969-8ad5-c5fc127f8f4b,7,1878,True,24689,24337,132.11958920169855
1879,e1d68e52-f734-4969-8ad5-c5fc127f8f4b,7,1879,True,24729,24377,143.02917292330676
1880,e1d68e52-f734-4969-8ad5-c5fc127f8f4b,7,1880,True,24754,24402,128.07775164800478
1881,e1d68e52-f734-4969-8ad5-c5fc127f8f4b,7,1881,True,24781,24429,157.50235230339968
1882,e1d68e52-f734-4969-8ad5-c5fc127f8f4b,7,1882,True,24805,24453,145.11455559423848
1883,e1d68e52-f734-4969-8ad5-c5fc127f8f4b,7,1883,True,24830,24478,160.44807215221954
1884,e1d68e52-f734-4969-8ad5-c5fc127f8f4b,7,1884,True,24864,24512,136.21631981503015
1885,e1d68e52-f734-4969-8ad5-c5fc127f8f4b,7,1885,True,24885,24533,157.22926748567988
1886,e1d68e52-f734-4969-8ad5-c5fc127f8f4b,7,1886,True,24924,24572,151.4040494060464
1887,e1d68e52-f734-4969-8ad5-c5fc127f8f4b,7,1887,True,24949,24597,138.11004756539842
1888,e1d68e52-f734-4969-8ad5-c5fc127f8f4b,7,1888,True,24979,24627,155.61791831314622
1889,e1d68e52-f734-4969-8ad5-c5fc127f8f4b,7,1889,True,24999,24647,158.0671099926658
1890,e1d68e52-f734-4969-8ad5-c5fc127f8f4b,7,1890,True,25024,24672,143.51013157604393
1891,e1d68e52-f734-4969-8ad5-c5fc127f8f4b,7,1891,True,25063,24711,151.73416057098802
1892,e1d68e52-f734-4969-8ad5-c5fc127f8f4b,7,1892,True,25097,24745,167.33553119845237
1893,e1d68e52-f734-4969-8ad5-c5fc127f8f4b,7,1893,True,25128,24776,116.98363854661511
1894,e1d68e52-f734-4969-8ad5-c5fc127f8f4b,7,1894,True,25159,24807,115.99272790697432
1895,e1d68e52-f734-4969-8ad5-c5fc127f8f4b,7,1895,True,25194,24842,118.14547358469281
1896,e1d68e52-f734-4969-8ad5-c5fc127f8f4b,7,1896,True,25221,24869,108.61290653403921
1897,e1d68e52-f734-4969-8ad5-c5fc127f8f4b,7,1897,True,25247,24895,94.39099219147101
1898,e1d68e52-f734-4969-8ad5-c5fc127f8f4b,7,1898,True,25281,24929,113.3445342666455
1899,e1d68e52-f734-4969-8ad5-c5fc127f8f4b,7,1899,True,25303,24951,105.25771359553983
1900,e1d68e52-f734-4969-8ad5-c5fc127f8f4b,7,1900,True,25331,24979,162.92651949181163
1901,e1d68e52-f734-4969-8ad5-c5fc127f8f4b,7,1901,True,25358,25006,124.73029538138871
1902,e1d68e52-f734-4969-8ad5-c5fc127f8f4b,7,1902,True,25378,25026,197.48679086691118
1903,e1d68e52-f734-4969-8ad5-c5fc127f8f4b,7,1903,True,25408,25056,167.48679086691118
1904,e1d68e52-f734-4969-8ad5-c5fc127f8f4b,7,1904,True,25434,25082,159.66931011226552
1905,e1d68e52-f734-4969-8ad5-c5fc127f8f4b,7,1905,True,25465,25113,151.5279087207964
1906,e1d68e52-f734-4969-8ad5-c5fc127f8f4b,7,1906,True,25491,25139,137.6897241944971
1907,e1d68e52-f734-4969-8ad5-c5fc127f8f4b,7,1907,True,25522,25170,136.48280090013213
1908,e1d68e52-f734-4969-8ad5-c5fc127f8f4b,7,1908,True,25546,25194,125.68399669886276
1909,e1d68e52-f734-4969-8ad5-c5fc127f8f4b,7,1909,True,25585,25233,123.86903761919893
1910,e1d68e52-f734-4969-8ad5-c5fc127f8f4b,7,1910,True,25617,25265,138.28642784230033
1911,e1d68e52-f734-4969-8ad5-c5fc127f8f4b,7,1911,True,25638,25286,150.44347115400888
1912,e1d68e52-f734-4969-8ad5-c5fc127f8f4b,7,1912,True,25664,25312,124.44347115400888
1913,e1d68e52-f734-4969-8ad5-c5fc127f8f4b,7,1913,True,25689,25337,147.5547523970672
1914,e1d68e52-f734-4969-8ad5-c5fc127f8f4b,7,1914,True,25716,25364,110.36242511240562
1915,e1d68e52-f734-4969-8ad5-c5fc127f8f4b,7,1915,True,25744,25392,135.28347493906404
1916,e1d68e52-f734-4969-8ad5-c5fc127f8f4b,7,1916,True,25768,25416,121.61629377228383
1917,e1d68e52-f734-4969-8ad5-c5fc127f8f4b,7,1917,True,25798,25446,144.42867524220492
1918,e1d68e52-f734-4969-8ad5-c5fc127f8f4b,7,1918,True,25824,25472,129.38550383343681
1919,e1d68e52-f734-4969-8ad5-c5fc127f8f4b,7,1919,True,25857,25505,109.79382759310829
1920,e1d68e52-f734-4969-8ad5-c5fc127f8f4b,7,1920,True,25890,25538,104.6076269960322
1921,e1d68e52-f734-4969-8ad5-c5fc127f8f4b,7,1921,True,25916,25564,185.32678602243323
1922,e1d68e52-f734-4969-8ad5-c5fc127f8f4b,7,1922,True,25940,25588,190.50137195211937
1923,e1d68e52-f734-4969-8ad5-c5fc127f8f4b,7,1923,True,25968,25616,184.4768664509902
1924,e1d68e52-f734-4969-8ad5-c5fc127f8f4b,7,1924,True,25995,25643,167.99279001097602
1925,e1d68e52-f734-4969-8ad5-c5fc127f8f4b,7,1925,True,26020,25668,178.47449321790918
1926,e1d68e52-f734-4969-8ad5-c5fc127f8f4b,7,1926,True,26043,25691,205.2874999900523
1927,e1d68e52-f734-4969-8ad5-c5fc127f8f4b,7,1927,True,26066,25714,158.90335045538086
1928,e1d68e52-f734-4969-8ad5-c5fc127f8f4b,7,1928,True,26098,25746,176.09151264948014
1929,e1d68e52-f734-4969-8ad5-c5fc127f8f4b,7,1929,True,26118,25766,164.97215924505508
1930,e1d68e52-f734-4969-8ad5-c5fc127f8f4b,7,1930,True,26145,25793,153.77084751953953
1931,e1d68e52-f734-4969-8ad5-c5fc127f8f4b,7,1931,True,26173,25821,177.50648316819206
1932,e1d68e52-f734-4969-8ad5-c5fc127f8f4b,7,1932,True,26199,25847,162.58034687205873
1933,e1d68e52-f734-4969-8ad5-c5fc127f8f4b,7,1933,True,26230,25878,251.33504055332742
1934,e1d68e52-f734-4969-8ad5-c5fc127f8f4b,7,1934,True,26253,25901,151.62936678260667
1935,e1d68e52-f734-4969-8ad5-c5fc127f8f4b,7,1935,True,26275,25923,185.74293744221723
1936,e1d68e52-f734-4969-8ad5-c5fc127f8f4b,7,1936,True,26301,25949,191.59470355823942
1937,e1d68e52-f734-4969-8ad5-c5fc127f8f4b,7,1937,True,26326,25974,210.2773795230023
1938,e1d68e52-f734-4969-8ad5-c5fc127f8f4b,7,1938,True,26357,26005,179.2773795230023
1939,e1d68e52-f734-4969-8ad5-c5fc127f8f4b,7,1939,True,26389,26037,200.6747857910268
1940,e1d68e52-f734-4969-8ad5-c5fc127f8f4b,7,1940,True,26423,26071,219.38111414562445
1941,e1d68e52-f734-4969-8ad5-c5fc127f8f4b,7,1941,True,26454,26102,179.12935024651597
1942,e1d68e52-f734-4969-8ad5-c5fc127f8f4b,7,1942,True,26477,26125,231.41801345432032
1943,e1d68e52-f734-4969-8ad5-c5fc127f8f4b,7,1943,True,26502,26150,182.90804632488653
1944,e1d68e52-f734-4969-8ad5-c5fc127f8f4b,7,1944,True,26525,26173,194.48459810293207
1945,e1d68e52-f734-4969-8ad5-c5fc127f8f4b,7,1945,True,26543,26191,190.78594247878573
1946,e1d68e52-f734-4969-8ad5-c5fc127f8f4b,7,1946,True,26572,26220,172.79917576237858
1947,e1d68e52-f734-4969-8ad5-c5fc127f8f4b,7,1947,True,26598,26246,146.79917576237858
1948,e1d68e52-f734-4969-8ad5-c5fc127f8f4b,7,1948,True,26626,26274,139.76635387347778
1949,e1d68e52-f734-4969-8ad5-c5fc127f8f4b,7,1949,True,26643,26291,235.71691349545654
1950,e1d68e52-f734-4969-8ad5-c5fc127f8f4b,7,1950,True,26667,26315,177.02365312499023
1951,e1d68e52-f734-4969-8ad5-c5fc127f8f4b,7,1951,True,26689,26337,243.4348524759771
1952,e1d68e52-f734-4969-8ad5-c5fc127f8f4b,7,1952,True,26710,26358,210.96184842515504
1953,e1d68e52-f734-4969-8ad5-c5fc127f8f4b,7,1953,True,26731,26379,136.4785889193845
1954,e1d68e52-f734-4969-8ad5-c5fc127f8f4b,7,1954,True,26767,26415,228.4964701708741
1955,e1d68e52-f734-4969-8ad5-c5fc127f8f4b,7,1955,True,26800,26448,178.08486430926132
1956,e1d68e52-f734-4969-8ad5-c5fc127f8f4b,7,1956,True,26822,26470,128.44383494653448
1957,e1d68e52-f734-4969-8ad5-c5fc127f8f4b,7,1957,True,26858,26506,170.75386756719308
1958,e1d68e52-f734-4969-8ad5-c5fc127f8f4b,7,1958,True,26893,26541,159.5517302111184
1959,e1d68e52-f734-4969-8ad5-c5fc127f8f4b,7,1959,True,26917,26565,146.6110266558244
1960,e1d68e52-f734-4969-8ad5-c5fc127f8f4b,7,1960,True,26943,26591,182.160541579673
1961,e1d68e52-f734-4969-8ad5-c5fc127f8f4b,7,1961,True,26971,26619,131.01344478645842
1962,e1d68e52-f734-4969-8ad5-c5fc127f8f4b,7,1962,True,27002,26650,151.82637035712105
1963,e1d68e52-f734-4969-8ad5-c5fc127f8f4b,7,1963,True,27027,26675,136.57146896629274
1964,e1d68e52-f734-4969-8ad5-c5fc127f8f4b,7,1964,True,27060,26708,160.08035299142648
1965,e1d68e52-f734-4969-8ad5-c5fc127f8f4b,7,1965,True,27090,26738,150.42789051788714
1966,e1d68e52-f734-4969-8ad5-c5fc127f8f4b,7,1966,True,27118,26766,174.37531367971678
1967,e1d68e52-f734-4969-8ad5-c5fc127f8f4b,7,1967,True,27144,26792,136.16864804989382
1968,e1d68e52-f734-4969-8ad5-c5fc127f8f4b,7,1968,True,27169,26817,179.07135847863537
1969,e1d68e52-f734-4969-8ad5-c5fc127f8f4b,7,1969,True,27191,26839,147.630259989357
1970,e1d68e52-f734-4969-8ad5-c5fc127f8f4b,7,1970,True,27230,26878,172.30890112279303
1971,e1d68e52-f734-4969-8ad5-c5fc127f8f4b,7,1971,True,27262,26910,158.18159935633594
1972,e1d68e52-f734-4969-8ad5-c5fc127f8f4b,7,1972,True,27294,26942,151.4911565854527
1973,e1d68e52-f734-4969-8ad5-c5fc127f8f4b,7,1973,True,27324,26972,175.01266792796378
1974,e1d68e52-f734-4969-8ad5-c5fc127f8f4b,7,1974,True,27354,27002,117.47919871807972
1975,e1d68e52-f734-4969-8ad5-c5fc127f8f4b,7,1975,True,27372,27020,153.06983631481853
1976,e1d68e52-f734-4969-8ad5-c5fc127f8f4b,7,1976,True,27397,27045,157.5482534639268
1977,e1d68e52-f734-4969-8ad5-c5fc127f8f4b,7,1977,True,27422,27070,154.1832890186124
1978,e1d68e52-f734-4969-8ad5-c5fc127f8f4b,7,1978,True,27451,27099,152.79472931524288
1979,e1d68e52-f734-4969-8ad5-c5fc127f8f4b,7,1979,True,27477,27125,152.513432914624
1980,e1d68e52-f734-4969-8ad5-c5fc127f8f4b,7,1980,True,27499,27147,153.03980104083166
1981,e1d68e52-f734-4969-8ad5-c5fc127f8f4b,7,1981,True,27523,27171,140.09290304265596
1982,e1d68e52-f734-4969-8ad5-c5fc127f8f4b,7,1982,True,27552,27200,178.53444194817712
1983,e1d68e52-f734-4969-8ad5-c5fc127f8f4b,7,1983,True,27578,27226,143.09629314273116
1984,e1d68e52-f734-4969-8ad5-c5fc127f8f4b,7,1984,True,27601,27249,204.3480171242045
1985,e1d68e52-f734-4969-8ad5-c5fc127f8f4b,7,1985,True,27634,27282,141.32669416718272
1986,e1d68e52-f734-4969-8ad5-c5fc127f8f4b,7,1986,True,27659,27307,170.5523969678252
1987,e1d68e52-f734-4969-8ad5-c5fc127f8f4b,7,1987,True,27684,27332,156.49797569139992
1988,e1d68e52-f734-4969-8ad5-c5fc127f8f4b,7,1988,True,27713,27361,205.34640866624613
1989,e1d68e52-f734-4969-8ad5-c5fc127f8f4b,7,1989,True,27739,27387,242.96034001611042
1990,e1d68e52-f734-4969-8ad5-c5fc127f8f4b,7,1990,True,27760,27408,172.53297678293893
1991,e1d68e52-f734-4969-8ad5-c5fc127f8f4b,7,1991,True,27781,27429,246.1232430862292
1992,e1d68e52-f734-4969-8ad5-c5fc127f8f4b,7,1992,True,27818,27466,209.1232430862292
1993,e1d68e52-f734-4969-8ad5-c5fc127f8f4b,7,1993,True,27860,27508,239.45624470839903
1994,e1d68e52-f734-4969-8ad5-c5fc127f8f4b,7,1994,True,27892,27540,207.45624470839903
1995,e1d68e52-f734-4969-8ad5-c5fc127f8f4b,7,1995,True,27927,27575,225.89924031894043
1996,e1d68e52-f734-4969-8ad5-c5fc127f8f4b,7,1996,True,27955,27603,197.89924031894043
1997,e1d68e52-f734-4969-8ad5-c5fc127f8f4b,7,1997,True,27980,27628,199.86267589294948
1998,e1d68e52-f734-4969-8ad5-c5fc127f8f4b,7,1998,True,28012,27660,155.75447709972286
1999,e1d68e52-f734-4969-8ad5-c5fc127f8f4b,7,1999,True,28041,27689,165.32182792486492
2000,299e4935-d69e-4ee5-bd79-f65b959258d1,8,2000,True,418,16,80.57745477884143
2001,299e4935-d69e-4ee5-bd79-f65b959258d1,8,2001,True,445,43,80.91174393607484
2002,299e4935-d69e-4ee5-bd79-f65b959258d1,8,2002,True,472,70,88.48219784610853
2003,299e4935-d69e-4ee5-bd79-f65b959258d1,8,2003,True,513,111,90.43798098562945
2004,299e4935-d69e-4ee5-bd79-f65b959258d1,8,2004,True,541,139,107.88094510293246
2005,299e4935-d69e-4ee5-bd79-f65b959258d1,8,2005,True,577,175,91.50831711133947
2006,299e4935-d69e-4ee5-bd79-f65b959258d1,8,2006,True,609,207,84.67388012636354
2007,299e4935-d69e-4ee5-bd79-f65b959258d1,8,2007,True,634,232,89.16132816551374
2008,299e4935-d69e-4ee5-bd79-f65b959258d1,8,2008,True,668,266,95.63947257106031
2009,299e4935-d69e-4ee5-bd79-f65b959258d1,8,2009,True,698,296,100.42985281856903
2010,299e4935-d69e-4ee5-bd79-f65b959258d1,8,2010,True,724,322,149.38791349900765
2011,299e4935-d69e-4ee5-bd79-f65b959258d1,8,2011,True,750,348,218.1989501522712
2012,299e4935-d69e-4ee5-bd79-f65b959258d1,8,2012,True,777,375,127.1923321192225
2013,299e4935-d69e-4ee5-bd79-f65b959258d1,8,2013,True,802,400,142.94889426270834
2014,299e4935-d69e-4ee5-bd79-f65b959258d1,8,2014,True,824,422,164.7929813627377
2015,299e4935-d69e-4ee5-bd79-f65b959258d1,8,2015,True,852,450,195.93245970916792
2016,299e4935-d69e-4ee5-bd79-f65b959258d1,8,2016,True,876,474,152.82692595248932
2017,299e4935-d69e-4ee5-bd79-f65b959258d1,8,2017,True,903,501,166.41206730032263
2018,299e4935-d69e-4ee5-bd79-f65b959258d1,8,2018,True,944,542,150.68373995457114
2019,299e4935-d69e-4ee5-bd79-f65b959258d1,8,2019,True,971,569,165.31872117978287
2020,299e4935-d69e-4ee5-bd79-f65b959258d1,8,2020,True,999,597,154.26304778163274
2021,299e4935-d69e-4ee5-bd79-f65b959258d1,8,2021,True,1023,621,152.22361718132947
2022,299e4935-d69e-4ee5-bd79-f65b959258d1,8,2022,True,1044,642,160.68540269789253
2023,299e4935-d69e-4ee5-bd79-f65b959258d1,8,2023,True,1074,672,153.5308366041388
2024,299e4935-d69e-4ee5-bd79-f65b959258d1,8,2024,True,1102,700,155.65886339032113
2025,299e4935-d69e-4ee5-bd79-f65b959258d1,8,2025,True,1133,731,152.2300221377427
2026,299e4935-d69e-4ee5-bd79-f65b959258d1,8,2026,True,1165,763,143.7219247954116
2027,299e4935-d69e-4ee5-bd79-f65b959258d1,8,2027,True,1190,788,149.8068815958959
2028,299e4935-d69e-4ee5-bd79-f65b959258d1,8,2028,True,1210,808,148.28817779420717
2029,299e4935-d69e-4ee5-bd79-f65b959258d1,8,2029,True,1243,841,162.05877797520225
2030,299e4935-d69e-4ee5-bd79-f65b959258d1,8,2030,True,1269,867,159.075767999532
2031,299e4935-d69e-4ee5-bd79-f65b959258d1,8,2031,True,1303,901,141.61915856752512
2032,299e4935-d69e-4ee5-bd79-f65b959258d1,8,2032,True,1338,936,163.62745797345292
2033,299e4935-d69e-4ee5-bd79-f65b959258d1,8,2033,True,1370,968,151.36502551392027
2034,299e4935-d69e-4ee5-bd79-f65b959258d1,8,2034,True,1392,990,161.2460233216009
2035,299e4935-d69e-4ee5-bd79-f65b959258d1,8,2035,True,1414,1012,156.7370746244203
2036,299e4935-d69e-4ee5-bd79-f65b959258d1,8,2036,True,1442,1040,170.13658365778838
2037,299e4935-d69e-4ee5-bd79-f65b959258d1,8,2037,True,1464,1062,172.47928550812458
2038,299e4935-d69e-4ee5-bd79-f65b959258d1,8,2038,True,1479,1077,178.18265312355788
2039,299e4935-d69e-4ee5-bd79-f65b959258d1,8,2039,True,1508,1106,207.464189381064
2040,299e4935-d69e-4ee5-bd79-f65b959258d1,8,2040,True,1538,1136,156.59126089897745
2041,299e4935-d69e-4ee5-bd79-f65b959258d1,8,2041,True,1575,1173,182.42143561562443
2042,299e4935-d69e-4ee5-bd79-f65b959258d1,8,2042,True,1599,1197,140.3505840791247
2043,299e4935-d69e-4ee5-bd79-f65b959258d1,8,2043,True,1630,1228,177.80711863665715
2044,299e4935-d69e-4ee5-bd79-f65b959258d1,8,2044,True,1655,1253,173.92847579829117
2045,299e4935-d69e-4ee5-bd79-f65b959258d1,8,2045,True,1684,1282,166.67446482593346
2046,299e4935-d69e-4ee5-bd79-f65b959258d1,8,2046,True,1706,1304,168.76093316051788
2047,299e4935-d69e-4ee5-bd79-f65b959258d1,8,2047,True,1738,1336,170.24021703778794
2048,299e4935-d69e-4ee5-bd79-f65b959258d1,8,2048,True,1760,1358,170.29581558825316
2049,299e4935-d69e-4ee5-bd79-f65b959258d1,8,2049,True,1790,1388,182.49796759940364
2050,299e4935-d69e-4ee5-bd79-f65b959258d1,8,2050,True,1818,1416,175.99399026555375
2051,299e4935-d69e-4ee5-bd79-f65b959258d1,8,2051,True,1843,1441,182.84234130597065
2052,299e4935-d69e-4ee5-bd79-f65b959258d1,8,2052,True,1865,1463,180.57481867962133
2053,299e4935-d69e-4ee5-bd79-f65b959258d1,8,2053,True,1892,1490,194.4186124374212
2054,299e4935-d69e-4ee5-bd79-f65b959258d1,8,2054,True,1919,1517,145.84191279012816
2055,299e4935-d69e-4ee5-bd79-f65b959258d1,8,2055,True,1948,1546,165.14688451847792
2056,299e4935-d69e-4ee5-bd79-f65b959258d1,8,2056,True,1976,1574,161.57681519735252
2057,299e4935-d69e-4ee5-bd79-f65b959258d1,8,2057,True,2008,1606,162.59559634096195
2058,299e4935-d69e-4ee5-bd79-f65b959258d1,8,2058,True,2035,1633,155.79485881469236
2059,299e4935-d69e-4ee5-bd79-f65b959258d1,8,2059,True,2072,1670,197.03417874373372
2060,299e4935-d69e-4ee5-bd79-f65b959258d1,8,2060,True,2101,1699,149.92051256061018
2061,299e4935-d69e-4ee5-bd79-f65b959258d1,8,2061,True,2128,1726,164.9918350612079
2062,299e4935-d69e-4ee5-bd79-f65b959258d1,8,2062,True,2158,1756,164.6873626093036
2063,299e4935-d69e-4ee5-bd79-f65b959258d1,8,2063,True,2185,1783,184.8311947749944
2064,299e4935-d69e-4ee5-bd79-f65b959258d1,8,2064,True,2203,1801,143.37851588933995
2065,299e4935-d69e-4ee5-bd79-f65b959258d1,8,2065,True,2237,1835,153.47132435224785
2066,299e4935-d69e-4ee5-bd79-f65b959258d1,8,2066,True,2259,1857,157.22719057162567
2067,299e4935-d69e-4ee5-bd79-f65b959258d1,8,2067,True,2291,1889,187.08870939597182
2068,299e4935-d69e-4ee5-bd79-f65b959258d1,8,2068,True,2320,1918,188.77618838528133
2069,299e4935-d69e-4ee5-bd79-f65b959258d1,8,2069,True,2334,1932,125.61256909579834
2070,299e4935-d69e-4ee5-bd79-f65b959258d1,8,2070,True,2368,1966,185.48785818037322
2071,299e4935-d69e-4ee5-bd79-f65b959258d1,8,2071,True,2402,2000,134.94321455443287
2072,299e4935-d69e-4ee5-bd79-f65b959258d1,8,2072,True,2428,2026,177.59750725817503
2073,299e4935-d69e-4ee5-bd79-f65b959258d1,8,2073,True,2455,2053,129.476142155052
2074,299e4935-d69e-4ee5-bd79-f65b959258d1,8,2074,True,2484,2082,166.47276968652113
2075,299e4935-d69e-4ee5-bd79-f65b959258d1,8,2075,True,2509,2107,121.83763278700917
2076,299e4935-d69e-4ee5-bd79-f65b959258d1,8,2076,True,2535,2133,166.65418504680838
2077,299e4935-d69e-4ee5-bd79-f65b959258d1,8,2077,True,2564,2162,156.91701205774143
2078,299e4935-d69e-4ee5-bd79-f65b959258d1,8,2078,True,2588,2186,165.47842464575842
2079,299e4935-d69e-4ee5-bd79-f65b959258d1,8,2079,True,2615,2213,160.668116630437
2080,299e4935-d69e-4ee5-bd79-f65b959258d1,8,2080,True,2647,2245,165.62523247709169
2081,299e4935-d69e-4ee5-bd79-f65b959258d1,8,2081,True,2672,2270,165.4161064469754
2082,299e4935-d69e-4ee5-bd79-f65b959258d1,8,2082,True,2689,2287,170.33641088555896
2083,299e4935-d69e-4ee5-bd79-f65b959258d1,8,2083,True,2725,2323,152.91845566606708
2084,299e4935-d69e-4ee5-bd79-f65b959258d1,8,2084,True,2753,2351,147.49759862186283
2085,299e4935-d69e-4ee5-bd79-f65b959258d1,8,2085,True,2778,2376,146.4657372205611
2086,299e4935-d69e-4ee5-bd79-f65b959258d1,8,2086,True,2807,2405,142.19988796072084
2087,299e4935-d69e-4ee5-bd79-f65b959258d1,8,2087,True,2827,2425,146.81891251909929
2088,299e4935-d69e-4ee5-bd79-f65b959258d1,8,2088,True,2869,2467,139.2707167342246
2089,299e4935-d69e-4ee5-bd79-f65b959258d1,8,2089,True,2898,2496,147.65303651157592
2090,299e4935-d69e-4ee5-bd79-f65b959258d1,8,2090,True,2927,2525,142.33352428301941
2091,299e4935-d69e-4ee5-bd79-f65b959258d1,8,2091,True,2956,2554,152.05889569936198
2092,299e4935-d69e-4ee5-bd79-f65b959258d1,8,2092,True,2982,2580,156.96274151746775
2093,299e4935-d69e-4ee5-bd79-f65b959258d1,8,2093,True,3012,2610,162.09502064115213
2094,299e4935-d69e-4ee5-bd79-f65b959258d1,8,2094,True,3042,2640,153.82521406979913
2095,299e4935-d69e-4ee5-bd79-f65b959258d1,8,2095,True,3067,2665,155.80559671921355
2096,299e4935-d69e-4ee5-bd79-f65b959258d1,8,2096,True,3103,2701,140.00887313717658
2097,299e4935-d69e-4ee5-bd79-f65b959258d1,8,2097,True,3134,2732,142.80955744662788
2098,299e4935-d69e-4ee5-bd79-f65b959258d1,8,2098,True,3156,2754,142.99903226478318
2099,299e4935-d69e-4ee5-bd79-f65b959258d1,8,2099,True,3183,2781,153.85631581204598
2100,299e4935-d69e-4ee5-bd79-f65b959258d1,8,2100,True,3213,2811,143.7703893295361
2101,299e4935-d69e-4ee5-bd79-f65b959258d1,8,2101,True,3238,2836,153.2123914460367
2102,299e4935-d69e-4ee5-bd79-f65b959258d1,8,2102,True,3261,2859,151.98538797005813
2103,299e4935-d69e-4ee5-bd79-f65b959258d1,8,2103,True,3284,2882,150.60088067209517
2104,299e4935-d69e-4ee5-bd79-f65b959258d1,8,2104,True,3311,2909,212.42739309050694
2105,299e4935-d69e-4ee5-bd79-f65b959258d1,8,2105,True,3338,2936,162.76127844356733
2106,299e4935-d69e-4ee5-bd79-f65b959258d1,8,2106,True,3373,2971,280.13243302455976
2107,299e4935-d69e-4ee5-bd79-f65b959258d1,8,2107,True,3401,2999,233.49806662743367
2108,299e4935-d69e-4ee5-bd79-f65b959258d1,8,2108,True,3427,3025,207.49806662743367
2109,299e4935-d69e-4ee5-bd79-f65b959258d1,8,2109,True,3458,3056,218.5980060397237
2110,299e4935-d69e-4ee5-bd79-f65b959258d1,8,2110,True,3496,3094,252.5152282163408
2111,299e4935-d69e-4ee5-bd79-f65b959258d1,8,2111,True,3521,3119,227.5152282163408
2112,299e4935-d69e-4ee5-bd79-f65b959258d1,8,2112,True,3544,3142,182.9440219856765
2113,299e4935-d69e-4ee5-bd79-f65b959258d1,8,2113,True,3576,3174,242.93960887252797
2114,299e4935-d69e-4ee5-bd79-f65b959258d1,8,2114,True,3602,3200,173.6719149854771
2115,299e4935-d69e-4ee5-bd79-f65b959258d1,8,2115,True,3632,3230,163.66930012102512
2116,299e4935-d69e-4ee5-bd79-f65b959258d1,8,2116,True,3665,3263,174.01384527054324
2117,299e4935-d69e-4ee5-bd79-f65b959258d1,8,2117,True,3700,3298,173.5907195362347
2118,299e4935-d69e-4ee5-bd79-f65b959258d1,8,2118,True,3739,3337,156.78787665672098
2119,299e4935-d69e-4ee5-bd79-f65b959258d1,8,2119,True,3764,3362,154.01492801502127
2120,299e4935-d69e-4ee5-bd79-f65b959258d1,8,2120,True,3790,3388,159.2748385463392
2121,299e4935-d69e-4ee5-bd79-f65b959258d1,8,2121,True,3817,3415,159.96270496270927
2122,299e4935-d69e-4ee5-bd79-f65b959258d1,8,2122,True,3840,3438,155.1259672616152
2123,299e4935-d69e-4ee5-bd79-f65b959258d1,8,2123,True,3864,3462,181.81060074398238
2124,299e4935-d69e-4ee5-bd79-f65b959258d1,8,2124,True,3886,3484,140.13456493130025
2125,299e4935-d69e-4ee5-bd79-f65b959258d1,8,2125,True,3912,3510,200.3430817393546
2126,299e4935-d69e-4ee5-bd79-f65b959258d1,8,2126,True,3941,3539,149.86802027067415
2127,299e4935-d69e-4ee5-bd79-f65b959258d1,8,2127,True,3962,3560,171.41547426698207
2128,299e4935-d69e-4ee5-bd79-f65b959258d1,8,2128,True,3992,3590,168.68125488792748
2129,299e4935-d69e-4ee5-bd79-f65b959258d1,8,2129,True,4023,3621,157.52078470580318
2130,299e4935-d69e-4ee5-bd79-f65b959258d1,8,2130,True,4051,3649,149.01897134519186
2131,299e4935-d69e-4ee5-bd79-f65b959258d1,8,2131,True,4082,3680,190.01201915434285
2132,299e4935-d69e-4ee5-bd79-f65b959258d1,8,2132,True,4110,3708,184.3893164550891
2133,299e4935-d69e-4ee5-bd79-f65b959258d1,8,2133,True,4141,3739,171.97580343318486
2134,299e4935-d69e-4ee5-bd79-f65b959258d1,8,2134,True,4168,3766,171.83734041292882
2135,299e4935-d69e-4ee5-bd79-f65b959258d1,8,2135,True,4194,3792,189.60672742180896
2136,299e4935-d69e-4ee5-bd79-f65b959258d1,8,2136,True,4225,3823,138.02454564984646
2137,299e4935-d69e-4ee5-bd79-f65b959258d1,8,2137,True,4259,3857,201.9891120747211
2138,299e4935-d69e-4ee5-bd79-f65b959258d1,8,2138,True,4277,3875,163.0615005403797
2139,299e4935-d69e-4ee5-bd79-f65b959258d1,8,2139,True,4303,3901,183.95673108306346
2140,299e4935-d69e-4ee5-bd79-f65b959258d1,8,2140,True,4326,3924,160.95673108306346
2141,299e4935-d69e-4ee5-bd79-f65b959258d1,8,2141,True,4355,3953,151.76126313241366
2142,299e4935-d69e-4ee5-bd79-f65b959258d1,8,2142,True,4379,3977,149.3498953822691
2143,299e4935-d69e-4ee5-bd79-f65b959258d1,8,2143,True,4413,4011,173.39101884980573
2144,299e4935-d69e-4ee5-bd79-f65b959258d1,8,2144,True,4435,4033,132.25802637977904
2145,299e4935-d69e-4ee5-bd79-f65b959258d1,8,2145,True,4459,4057,152.73925636618878
2146,299e4935-d69e-4ee5-bd79-f65b959258d1,8,2146,True,4486,4084,149.06779702098538
2147,299e4935-d69e-4ee5-bd79-f65b959258d1,8,2147,True,4508,4106,158.77798265540787
2148,299e4935-d69e-4ee5-bd79-f65b959258d1,8,2148,True,4546,4144,143.32139311455649
2149,299e4935-d69e-4ee5-bd79-f65b959258d1,8,2149,True,4573,4171,168.463399143272
2150,299e4935-d69e-4ee5-bd79-f65b959258d1,8,2150,True,4597,4195,122.21414403386825
2151,299e4935-d69e-4ee5-bd79-f65b959258d1,8,2151,True,4611,4209,154.80885431699699
2152,299e4935-d69e-4ee5-bd79-f65b959258d1,8,2152,True,4643,4241,174.63739122977677
2153,299e4935-d69e-4ee5-bd79-f65b959258d1,8,2153,True,4670,4268,128.8479135932539
2154,299e4935-d69e-4ee5-bd79-f65b959258d1,8,2154,True,4697,4295,169.00163299873475
2155,299e4935-d69e-4ee5-bd79-f65b959258d1,8,2155,True,4730,4328,155.3535943736515
2156,299e4935-d69e-4ee5-bd79-f65b959258d1,8,2156,True,4757,4355,148.48177214796488
2157,299e4935-d69e-4ee5-bd79-f65b959258d1,8,2157,True,4784,4382,175.85665858862194
2158,299e4935-d69e-4ee5-bd79-f65b959258d1,8,2158,True,4809,4407,199.71663687308683
2159,299e4935-d69e-4ee5-bd79-f65b959258d1,8,2159,True,4837,4435,197.49795797525712
2160,299e4935-d69e-4ee5-bd79-f65b959258d1,8,2160,True,4858,4456,176.49795797525712
2161,299e4935-d69e-4ee5-bd79-f65b959258d1,8,2161,True,4882,4480,229.97343389017897
2162,299e4935-d69e-4ee5-bd79-f65b959258d1,8,2162,True,4899,4497,191.54304805928768
2163,299e4935-d69e-4ee5-bd79-f65b959258d1,8,2163,True,4918,4516,193.97343389017897
2164,299e4935-d69e-4ee5-bd79-f65b959258d1,8,2164,True,4945,4543,189.21891914821845
2165,299e4935-d69e-4ee5-bd79-f65b959258d1,8,2165,True,4969,4567,190.7032163162412
2166,299e4935-d69e-4ee5-bd79-f65b959258d1,8,2166,True,4988,4586,171.7032163162412
2167,299e4935-d69e-4ee5-bd79-f65b959258d1,8,2167,True,5013,4611,146.7032163162412
2168,299e4935-d69e-4ee5-bd79-f65b959258d1,8,2168,True,5049,4647,155.8138178180834
2169,299e4935-d69e-4ee5-bd79-f65b959258d1,8,2169,True,5068,4666,154.71783924120973
2170,299e4935-d69e-4ee5-bd79-f65b959258d1,8,2170,True,5109,4707,276.8707842101585
2171,299e4935-d69e-4ee5-bd79-f65b959258d1,8,2171,True,5136,4734,191.8167988296027
2172,299e4935-d69e-4ee5-bd79-f65b959258d1,8,2172,True,5160,4758,247.95498205233707
2173,299e4935-d69e-4ee5-bd79-f65b959258d1,8,2173,True,5188,4786,197.8707842101585
2174,299e4935-d69e-4ee5-bd79-f65b959258d1,8,2174,True,5222,4820,208.34966588235693
2175,299e4935-d69e-4ee5-bd79-f65b959258d1,8,2175,True,5251,4849,230.01104981924436
2176,299e4935-d69e-4ee5-bd79-f65b959258d1,8,2176,True,5279,4877,221.05311593359693
2177,299e4935-d69e-4ee5-bd79-f65b959258d1,8,2177,True,5308,4906,246.3550065405816
2178,299e4935-d69e-4ee5-bd79-f65b959258d1,8,2178,True,5340,4938,235.08607243257757
2179,299e4935-d69e-4ee5-bd79-f65b959258d1,8,2179,True,5366,4964,188.3550065405816
2180,299e4935-d69e-4ee5-bd79-f65b959258d1,8,2180,True,5393,4991,216.2427866064072
2181,299e4935-d69e-4ee5-bd79-f65b959258d1,8,2181,True,5420,5018,209.11567748152265
2182,299e4935-d69e-4ee5-bd79-f65b959258d1,8,2182,True,5449,5047,212.87496135674337
2183,299e4935-d69e-4ee5-bd79-f65b959258d1,8,2183,True,5482,5080,202.13870391817363
2184,299e4935-d69e-4ee5-bd79-f65b959258d1,8,2184,True,5505,5103,245.62529984898265
2185,299e4935-d69e-4ee5-bd79-f65b959258d1,8,2185,True,5529,5127,175.68409949525721
2186,299e4935-d69e-4ee5-bd79-f65b959258d1,8,2186,True,5559,5157,167.9627720411163
2187,299e4935-d69e-4ee5-bd79-f65b959258d1,8,2187,True,5586,5184,164.62529984898265
2188,299e4935-d69e-4ee5-bd79-f65b959258d1,8,2188,True,5615,5213,160.0790604814856
2189,299e4935-d69e-4ee5-bd79-f65b959258d1,8,2189,True,5636,5234,159.381080629174
2190,299e4935-d69e-4ee5-bd79-f65b959258d1,8,2190,True,5671,5269,165.51156651707424
2191,299e4935-d69e-4ee5-bd79-f65b959258d1,8,2191,True,5702,5300,162.84293348145457
2192,299e4935-d69e-4ee5-bd79-f65b959258d1,8,2192,True,5721,5319,192.4168745112056
2193,299e4935-d69e-4ee5-bd79-f65b959258d1,8,2193,True,5747,5345,166.4168745112056
2194,299e4935-d69e-4ee5-bd79-f65b959258d1,8,2194,True,5788,5386,156.18638620323873
2195,299e4935-d69e-4ee5-bd79-f65b959258d1,8,2195,True,5813,5411,151.44345305503884
2196,299e4935-d69e-4ee5-bd79-f65b959258d1,8,2196,True,5838,5436,159.6788411895095
2197,299e4935-d69e-4ee5-bd79-f65b959258d1,8,2197,True,5869,5467,149.16381805132096
2198,299e4935-d69e-4ee5-bd79-f65b959258d1,8,2198,True,5901,5499,149.73233621647978
2199,299e4935-d69e-4ee5-bd79-f65b959258d1,8,2199,True,5917,5515,155.51330185607912
2200,299e4935-d69e-4ee5-bd79-f65b959258d1,8,2200,True,5942,5540,177.94954481939203
2201,299e4935-d69e-4ee5-bd79-f65b959258d1,8,2201,True,5970,5568,131.69763047880224
2202,299e4935-d69e-4ee5-bd79-f65b959258d1,8,2202,True,5992,5590,164.18035403766407
2203,299e4935-d69e-4ee5-bd79-f65b959258d1,8,2203,True,6019,5617,154.32590258694836
2204,299e4935-d69e-4ee5-bd79-f65b959258d1,8,2204,True,6050,5648,152.8460758684614
2205,299e4935-d69e-4ee5-bd79-f65b959258d1,8,2205,True,6079,5677,143.19743971624393
2206,299e4935-d69e-4ee5-bd79-f65b959258d1,8,2206,True,6110,5708,164.52751056045963
2207,299e4935-d69e-4ee5-bd79-f65b959258d1,8,2207,True,6139,5737,163.71400716421522
2208,299e4935-d69e-4ee5-bd79-f65b959258d1,8,2208,True,6162,5760,161.9917455591003
2209,299e4935-d69e-4ee5-bd79-f65b959258d1,8,2209,True,6189,5787,156.00673040345555
2210,299e4935-d69e-4ee5-bd79-f65b959258d1,8,2210,True,6207,5805,190.04144660993188
2211,299e4935-d69e-4ee5-bd79-f65b959258d1,8,2211,True,6232,5830,190.31434356036425
2212,299e4935-d69e-4ee5-bd79-f65b959258d1,8,2212,True,6260,5858,183.48394385018673
2213,299e4935-d69e-4ee5-bd79-f65b959258d1,8,2213,True,6284,5882,179.57157449113947
2214,299e4935-d69e-4ee5-bd79-f65b959258d1,8,2214,True,6307,5905,212.35001647695935
2215,299e4935-d69e-4ee5-bd79-f65b959258d1,8,2215,True,6338,5936,205.32200701317925
2216,299e4935-d69e-4ee5-bd79-f65b959258d1,8,2216,True,6364,5962,179.32200701317925
2217,299e4935-d69e-4ee5-bd79-f65b959258d1,8,2217,True,6397,5995,170.68510277633413
2218,299e4935-d69e-4ee5-bd79-f65b959258d1,8,2218,True,6415,6013,196.8455549488517
2219,299e4935-d69e-4ee5-bd79-f65b959258d1,8,2219,True,6439,6037,149.8670374854255
2220,299e4935-d69e-4ee5-bd79-f65b959258d1,8,2220,True,6473,6071,166.21254122510618
2221,299e4935-d69e-4ee5-bd79-f65b959258d1,8,2221,True,6504,6102,159.54720621488377
2222,299e4935-d69e-4ee5-bd79-f65b959258d1,8,2222,True,6529,6127,182.7648050606349
2223,299e4935-d69e-4ee5-bd79-f65b959258d1,8,2223,True,6561,6159,129.77839705399037
2224,299e4935-d69e-4ee5-bd79-f65b959258d1,8,2224,True,6594,6192,188.094704964451
2225,299e4935-d69e-4ee5-bd79-f65b959258d1,8,2225,True,6621,6219,141.16125879623814
2226,299e4935-d69e-4ee5-bd79-f65b959258d1,8,2226,True,6644,6242,198.212196565084
2227,299e4935-d69e-4ee5-bd79-f65b959258d1,8,2227,True,6673,6271,149.00433541488292
2228,299e4935-d69e-4ee5-bd79-f65b959258d1,8,2228,True,6695,6293,166.6679085871383
2229,299e4935-d69e-4ee5-bd79-f65b959258d1,8,2229,True,6724,6322,157.27735364740602
2230,299e4935-d69e-4ee5-bd79-f65b959258d1,8,2230,True,6751,6349,199.81957344476632
2231,299e4935-d69e-4ee5-bd79-f65b959258d1,8,2231,True,6780,6378,146.90160655621185
2232,299e4935-d69e-4ee5-bd79-f65b959258d1,8,2232,True,6809,6407,167.12497552086097
2233,299e4935-d69e-4ee5-bd79-f65b959258d1,8,2233,True,6837,6435,161.43048279672075
2234,299e4935-d69e-4ee5-bd79-f65b959258d1,8,2234,True,6860,6458,161.5906227605892
2235,299e4935-d69e-4ee5-bd79-f65b959258d1,8,2235,True,6885,6483,156.20981925810793
2236,299e4935-d69e-4ee5-bd79-f65b959258d1,8,2236,True,6913,6511,174.05709593211577
2237,299e4935-d69e-4ee5-bd79-f65b959258d1,8,2237,True,6937,6535,167.97529891298927
2238,299e4935-d69e-4ee5-bd79-f65b959258d1,8,2238,True,6972,6570,200.876125425385
2239,299e4935-d69e-4ee5-bd79-f65b959258d1,8,2239,True,6992,6590,161.8696982759302
2240,299e4935-d69e-4ee5-bd79-f65b959258d1,8,2240,True,7025,6623,200.51128588852862
2241,299e4935-d69e-4ee5-bd79-f65b959258d1,8,2241,True,7045,6643,204.18987757007017
2242,299e4935-d69e-4ee5-bd79-f65b959258d1,8,2242,True,7079,6677,215.20676652015482
2243,299e4935-d69e-4ee5-bd79-f65b959258d1,8,2243,True,7109,6707,164.66271427839365
2244,299e4935-d69e-4ee5-bd79-f65b959258d1,8,2244,True,7137,6735,175.06061074999798
2245,299e4935-d69e-4ee5-bd79-f65b959258d1,8,2245,True,7167,6765,166.70195384727322
2246,299e4935-d69e-4ee5-bd79-f65b959258d1,8,2246,True,7194,6792,210.65707561920863
2247,299e4935-d69e-4ee5-bd79-f65b959258d1,8,2247,True,7222,6820,215.66859761102205
2248,299e4935-d69e-4ee5-bd79-f65b959258d1,8,2248,True,7253,6851,207.40326416151402
2249,299e4935-d69e-4ee5-bd79-f65b959258d1,8,2249,True,7275,6873,238.46449762785596
2250,299e4935-d69e-4ee5-bd79-f65b959258d1,8,2250,True,7303,6901,184.96816129923445
2251,299e4935-d69e-4ee5-bd79-f65b959258d1,8,2251,True,7323,6921,137.40326416151402
2252,299e4935-d69e-4ee5-bd79-f65b959258d1,8,2252,True,7353,6951,160.46449762785596
2253,299e4935-d69e-4ee5-bd79-f65b959258d1,8,2253,True,7373,6971,259.92674915222324
2254,299e4935-d69e-4ee5-bd79-f65b959258d1,8,2254,True,7397,6995,235.92674915222324
2255,299e4935-d69e-4ee5-bd79-f65b959258d1,8,2255,True,7421,7019,188.8885539288458
2256,299e4935-d69e-4ee5-bd79-f65b959258d1,8,2256,True,7460,7058,218.16438517969436
2257,299e4935-d69e-4ee5-bd79-f65b959258d1,8,2257,True,7494,7092,161.33068094995542
2258,299e4935-d69e-4ee5-bd79-f65b959258d1,8,2258,True,7514,7112,164.16438517969436
2259,299e4935-d69e-4ee5-bd79-f65b959258d1,8,2259,True,7538,7136,261.8029436834413
2260,299e4935-d69e-4ee5-bd79-f65b959258d1,8,2260,True,7562,7160,258.2072804371919
2261,299e4935-d69e-4ee5-bd79-f65b959258d1,8,2261,True,7600,7198,291.84031667395084
2262,299e4935-d69e-4ee5-bd79-f65b959258d1,8,2262,True,7631,7229,239.54454569201334
2263,299e4935-d69e-4ee5-bd79-f65b959258d1,8,2263,True,7677,7275,214.84031667395084
2264,299e4935-d69e-4ee5-bd79-f65b959258d1,8,2264,True,7710,7308,200.86492168011318
2265,299e4935-d69e-4ee5-bd79-f65b959258d1,8,2265,True,7740,7338,190.58119402346802
2266,299e4935-d69e-4ee5-bd79-f65b959258d1,8,2266,True,7776,7374,193.0094741694429
2267,299e4935-d69e-4ee5-bd79-f65b959258d1,8,2267,True,7809,7407,190.00919081699885
2268,299e4935-d69e-4ee5-bd79-f65b959258d1,8,2268,True,7836,7434,182.80344939262886
2269,299e4935-d69e-4ee5-bd79-f65b959258d1,8,2269,True,7863,7461,191.4274075178073
2270,299e4935-d69e-4ee5-bd79-f65b959258d1,8,2270,True,7900,7498,201.17247330933606
2271,299e4935-d69e-4ee5-bd79-f65b959258d1,8,2271,True,7925,7523,153.14261477714263
2272,299e4935-d69e-4ee5-bd79-f65b959258d1,8,2272,True,7950,7548,173.2956240666108
2273,299e4935-d69e-4ee5-bd79-f65b959258d1,8,2273,True,7975,7573,175.7831341819201
2274,299e4935-d69e-4ee5-bd79-f65b959258d1,8,2274,True,8005,7603,168.10532033067193
2275,299e4935-d69e-4ee5-bd79-f65b959258d1,8,2275,True,8029,7627,166.71890083735525
2276,299e4935-d69e-4ee5-bd79-f65b959258d1,8,2276,True,8050,7648,174.45517933660176
2277,299e4935-d69e-4ee5-bd79-f65b959258d1,8,2277,True,8077,7675,163.84176601147465
2278,299e4935-d69e-4ee5-bd79-f65b959258d1,8,2278,True,8095,7693,167.99866306645345
2279,299e4935-d69e-4ee5-bd79-f65b959258d1,8,2279,True,8128,7726,206.30463321232492
2280,299e4935-d69e-4ee5-bd79-f65b959258d1,8,2280,True,8154,7752,152.11120021942315
2281,299e4935-d69e-4ee5-bd79-f65b959258d1,8,2281,True,8189,7787,190.61490266203236
2282,299e4935-d69e-4ee5-bd79-f65b959258d1,8,2282,True,8217,7815,226.29733934472006
2283,299e4935-d69e-4ee5-bd79-f65b959258d1,8,2283,True,8237,7835,164.1823828276456
2284,299e4935-d69e-4ee5-bd79-f65b959258d1,8,2284,True,8270,7868,196.40729492105766
2285,299e4935-d69e-4ee5-bd79-f65b959258d1,8,2285,True,8297,7895,190.3127978465909
2286,299e4935-d69e-4ee5-bd79-f65b959258d1,8,2286,True,8325,7923,180.42566866921152
2287,299e4935-d69e-4ee5-bd79-f65b959258d1,8,2287,True,8357,7955,186.07817369167242
2288,299e4935-d69e-4ee5-bd79-f65b959258d1,8,2288,True,8379,7977,189.2775958011871
2289,299e4935-d69e-4ee5-bd79-f65b959258d1,8,2289,True,8401,7999,188.40371671639423
2290,299e4935-d69e-4ee5-bd79-f65b959258d1,8,2290,True,8430,8028,250.30246496627115
2291,299e4935-d69e-4ee5-bd79-f65b959258d1,8,2291,True,8459,8057,192.65557855189581
2292,299e4935-d69e-4ee5-bd79-f65b959258d1,8,2292,True,8484,8082,196.30246496627115
2293,299e4935-d69e-4ee5-bd79-f65b959258d1,8,2293,True,8513,8111,212.67181477233498
2294,299e4935-d69e-4ee5-bd79-f65b959258d1,8,2294,True,8543,8141,162.8596485960661
2295,299e4935-d69e-4ee5-bd79-f65b959258d1,8,2295,True,8575,8173,180.64955739180186
2296,299e4935-d69e-4ee5-bd79-f65b959258d1,8,2296,True,8598,8196,181.39742005710468
2297,299e4935-d69e-4ee5-bd79-f65b959258d1,8,2297,True,8619,8217,271.5154847435915
2298,299e4935-d69e-4ee5-bd79-f65b959258d1,8,2298,True,8641,8239,228.45378158455424
2299,299e4935-d69e-4ee5-bd79-f65b959258d1,8,2299,True,8674,8272,216.51548474359151
2300,299e4935-d69e-4ee5-bd79-f65b959258d1,8,2300,True,8704,8302,248.5160299255258
2301,299e4935-d69e-4ee5-bd79-f65b959258d1,8,2301,True,8735,8333,238.8671959311414
2302,299e4935-d69e-4ee5-bd79-f65b959258d1,8,2302,True,8769,8367,204.8671959311414
2303,299e4935-d69e-4ee5-bd79-f65b959258d1,8,2303,True,8799,8397,200.1064792451034
2304,299e4935-d69e-4ee5-bd79-f65b959258d1,8,2304,True,8840,8438,207.20509934618713
2305,299e4935-d69e-4ee5-bd79-f65b959258d1,8,2305,True,8869,8467,155.7331975625002
2306,299e4935-d69e-4ee5-bd79-f65b959258d1,8,2306,True,8900,8498,199.40762423834713
2307,299e4935-d69e-4ee5-bd79-f65b959258d1,8,2307,True,8923,8521,220.76963639706082
2308,299e4935-d69e-4ee5-bd79-f65b959258d1,8,2308,True,8960,8558,240.07171752870272
2309,299e4935-d69e-4ee5-bd79-f65b959258d1,8,2309,True,8981,8579,219.07171752870272
2310,299e4935-d69e-4ee5-bd79-f65b959258d1,8,2310,True,9009,8607,165.9399766462284
2311,299e4935-d69e-4ee5-bd79-f65b959258d1,8,2311,True,9030,8628,226.2541499342915
2312,299e4935-d69e-4ee5-bd79-f65b959258d1,8,2312,True,9053,8651,220.54604523282433
2313,299e4935-d69e-4ee5-bd79-f65b959258d1,8,2313,True,9084,8682,303.02575852323935
2314,299e4935-d69e-4ee5-bd79-f65b959258d1,8,2314,True,9116,8714,359.4924725232486
2315,299e4935-d69e-4ee5-bd79-f65b959258d1,8,2315,True,9143,8741,332.4924725232486
2316,299e4935-d69e-4ee5-bd79-f65b959258d1,8,2316,True,9167,8765,335.1809437029606
2317,299e4935-d69e-4ee5-bd79-f65b959258d1,8,2317,True,9196,8794,306.1809437029606
2318,299e4935-d69e-4ee5-bd79-f65b959258d1,8,2318,True,9233,8831,242.49247252324858
2319,299e4935-d69e-4ee5-bd79-f65b959258d1,8,2319,True,9269,8867,233.18094370296058
2320,299e4935-d69e-4ee5-bd79-f65b959258d1,8,2320,True,9299,8897,249.38985990955916
2321,299e4935-d69e-4ee5-bd79-f65b959258d1,8,2321,True,9326,8924,255.35209518393276
2322,299e4935-d69e-4ee5-bd79-f65b959258d1,8,2322,True,9357,8955,258.55895560907993
2323,299e4935-d69e-4ee5-bd79-f65b959258d1,8,2323,True,9379,8977,202.35209518393276
2324,299e4935-d69e-4ee5-bd79-f65b959258d1,8,2324,True,9398,8996,217.55895560907993
2325,299e4935-d69e-4ee5-bd79-f65b959258d1,8,2325,True,9418,9016,220.23681549041066
2326,299e4935-d69e-4ee5-bd79-f65b959258d1,8,2326,True,9451,9049,231.4169020479967
2327,299e4935-d69e-4ee5-bd79-f65b959258d1,8,2327,True,9472,9070,228.10248062740902
2328,299e4935-d69e-4ee5-bd79-f65b959258d1,8,2328,True,9494,9092,188.4169020479967
2329,299e4935-d69e-4ee5-bd79-f65b959258d1,8,2329,True,9527,9125,227.10333663488018
2330,299e4935-d69e-4ee5-bd79-f65b959258d1,8,2330,True,9557,9155,175.74817950761098
2331,299e4935-d69e-4ee5-bd79-f65b959258d1,8,2331,True,9588,9186,238.84885336312982
2332,299e4935-d69e-4ee5-bd79-f65b959258d1,8,2332,True,9618,9216,187.9029916497475
2333,299e4935-d69e-4ee5-bd79-f65b959258d1,8,2333,True,9653,9251,202.5369811259552
2334,299e4935-d69e-4ee5-bd79-f65b959258d1,8,2334,True,9675,9273,204.6770579553522
2335,299e4935-d69e-4ee5-bd79-f65b959258d1,8,2335,True,9698,9296,197.8463864735404
2336,299e4935-d69e-4ee5-bd79-f65b959258d1,8,2336,True,9718,9316,161.6770579553522
2337,299e4935-d69e-4ee5-bd79-f65b959258d1,8,2337,True,9754,9352,177.44937159935762
2338,299e4935-d69e-4ee5-bd79-f65b959258d1,8,2338,True,9784,9382,172.46113223482462
2339,299e4935-d69e-4ee5-bd79-f65b959258d1,8,2339,True,9811,9409,168.0759901308429
2340,299e4935-d69e-4ee5-bd79-f65b959258d1,8,2340,True,9849,9447,165.12873292441145
2341,299e4935-d69e-4ee5-bd79-f65b959258d1,8,2341,True,9884,9482,152.25774576523145
2342,299e4935-d69e-4ee5-bd79-f65b959258d1,8,2342,True,9908,9506,158.04121197628592
2343,299e4935-d69e-4ee5-bd79-f65b959258d1,8,2343,True,9932,9530,154.87585009342365
2344,299e4935-d69e-4ee5-bd79-f65b959258d1,8,2344,True,9962,9560,156.48024757033272
2345,299e4935-d69e-4ee5-bd79-f65b959258d1,8,2345,True,9986,9584,153.28278772393423
2346,299e4935-d69e-4ee5-bd79-f65b959258d1,8,2346,True,10016,9614,162.19812019400706
2347,299e4935-d69e-4ee5-bd79-f65b959258d1,8,2347,True,10049,9647,148.77358476102017
2348,299e4935-d69e-4ee5-bd79-f65b959258d1,8,2348,True,10079,9677,156.1386477622782
2349,299e4935-d69e-4ee5-bd79-f65b959258d1,8,2349,True,10108,9706,148.5100535869533
2350,299e4935-d69e-4ee5-bd79-f65b959258d1,8,2350,True,10132,9730,162.05533559543255
2351,299e4935-d69e-4ee5-bd79-f65b959258d1,8,2351,True,10156,9754,164.4791197271079
2352,299e4935-d69e-4ee5-bd79-f65b959258d1,8,2352,True,10184,9782,162.45873247795316
2353,299e4935-d69e-4ee5-bd79-f65b959258d1,8,2353,True,10226,9824,139.69965495554243
2354,299e4935-d69e-4ee5-bd79-f65b959258d1,8,2354,True,10250,9848,145.59338446269612
2355,299e4935-d69e-4ee5-bd79-f65b959258d1,8,2355,True,10274,9872,141.70395457172344
2356,299e4935-d69e-4ee5-bd79-f65b959258d1,8,2356,True,10300,9898,177.23976138118087
2357,299e4935-d69e-4ee5-bd79-f65b959258d1,8,2357,True,10330,9928,169.14543787590264
2358,299e4935-d69e-4ee5-bd79-f65b959258d1,8,2358,True,10363,9961,184.80960388972744
2359,299e4935-d69e-4ee5-bd79-f65b959258d1,8,2359,True,10381,9979,187.05833777182852
2360,299e4935-d69e-4ee5-bd79-f65b959258d1,8,2360,True,10401,9999,167.05833777182852
2361,299e4935-d69e-4ee5-bd79-f65b959258d1,8,2361,True,10438,10036,165.5969615566155
2362,299e4935-d69e-4ee5-bd79-f65b959258d1,8,2362,True,10472,10070,151.3585960358687
2363,299e4935-d69e-4ee5-bd79-f65b959258d1,8,2363,True,10503,10101,144.06311446173459
2364,299e4935-d69e-4ee5-bd79-f65b959258d1,8,2364,True,10525,10123,143.90370531779627
2365,299e4935-d69e-4ee5-bd79-f65b959258d1,8,2365,True,10555,10153,133.98261650761742
2366,299e4935-d69e-4ee5-bd79-f65b959258d1,8,2366,True,10581,10179,148.9725462656188
2367,299e4935-d69e-4ee5-bd79-f65b959258d1,8,2367,True,10614,10212,180.1778809376192
2368,299e4935-d69e-4ee5-bd79-f65b959258d1,8,2368,True,10647,10245,116.00460683636447
2369,299e4935-d69e-4ee5-bd79-f65b959258d1,8,2369,True,10682,10280,136.9286427210045
2370,299e4935-d69e-4ee5-bd79-f65b959258d1,8,2370,True,10711,10309,167.7767127452771
2371,299e4935-d69e-4ee5-bd79-f65b959258d1,8,2371,True,10737,10335,121.57443026861074
2372,299e4935-d69e-4ee5-bd79-f65b959258d1,8,2372,True,10756,10354,155.45124273614783
2373,299e4935-d69e-4ee5-bd79-f65b959258d1,8,2373,True,10791,10389,145.95991462229904
2374,299e4935-d69e-4ee5-bd79-f65b959258d1,8,2374,True,10814,10412,174.20440087899806
2375,299e4935-d69e-4ee5-bd79-f65b959258d1,8,2375,True,10839,10437,129.14582025291747
2376,299e4935-d69e-4ee5-bd79-f65b959258d1,8,2376,True,10865,10463,153.52859105154312
2377,299e4935-d69e-4ee5-bd79-f65b959258d1,8,2377,True,10886,10484,155.39695504094016
2378,299e4935-d69e-4ee5-bd79-f65b959258d1,8,2378,True,10913,10511,177.76092367575984
2379,299e4935-d69e-4ee5-bd79-f65b959258d1,8,2379,True,10944,10542,175.88306535812444
2380,299e4935-d69e-4ee5-bd79-f65b959258d1,8,2380,True,10976,10574,166.36885993455326
2381,299e4935-d69e-4ee5-bd79-f65b959258d1,8,2381,True,11009,10607,188.32920072063644
2382,299e4935-d69e-4ee5-bd79-f65b959258d1,8,2382,True,11032,10630,187.71074839975518
2383,299e4935-d69e-4ee5-bd79-f65b959258d1,8,2383,True,11062,10660,179.04065394337886
2384,299e4935-d69e-4ee5-bd79-f65b959258d1,8,2384,True,11088,10686,171.94713480275277
2385,299e4935-d69e-4ee5-bd79-f65b959258d1,8,2385,True,11123,10721,213.15246960575678
2386,299e4935-d69e-4ee5-bd79-f65b959258d1,8,2386,True,11150,10748,209.3276428753361
2387,299e4935-d69e-4ee5-bd79-f65b959258d1,8,2387,True,11173,10771,211.31963525417268
2388,299e4935-d69e-4ee5-bd79-f65b959258d1,8,2388,True,11200,10798,184.31963525417268
2389,299e4935-d69e-4ee5-bd79-f65b959258d1,8,2389,True,11229,10827,183.96476099669962
2390,299e4935-d69e-4ee5-bd79-f65b959258d1,8,2390,True,11262,10860,195.78431166701012
2391,299e4935-d69e-4ee5-bd79-f65b959258d1,8,2391,True,11293,10891,183.72295377339287
2392,299e4935-d69e-4ee5-bd79-f65b959258d1,8,2392,True,11321,10919,200.48506802831616
2393,299e4935-d69e-4ee5-bd79-f65b959258d1,8,2393,True,11348,10946,197.9359859694614
2394,299e4935-d69e-4ee5-bd79-f65b959258d1,8,2394,True,11385,10983,208.5512533149631
2395,299e4935-d69e-4ee5-bd79-f65b959258d1,8,2395,True,11425,11023,168.5512533149631
2396,299e4935-d69e-4ee5-bd79-f65b959258d1,8,2396,True,11455,11053,171.61911913013682
2397,299e4935-d69e-4ee5-bd79-f65b959258d1,8,2397,True,11476,11074,171.73250704415113
2398,299e4935-d69e-4ee5-bd79-f65b959258d1,8,2398,True,11496,11094,174.00273649149858
2399,299e4935-d69e-4ee5-bd79-f65b959258d1,8,2399,True,11523,11121,203.29083036461816
2400,299e4935-d69e-4ee5-bd79-f65b959258d1,8,2400,True,11546,11144,180.29083036461816
2401,299e4935-d69e-4ee5-bd79-f65b959258d1,8,2401,True,11572,11170,172.4978689440759
2402,299e4935-d69e-4ee5-bd79-f65b959258d1,8,2402,True,11603,11201,215.11431101886592
2403,299e4935-d69e-4ee5-bd79-f65b959258d1,8,2403,True,11631,11229,145.7724355384089
2404,299e4935-d69e-4ee5-bd79-f65b959258d1,8,2404,True,11655,11253,145.133398631393
2405,299e4935-d69e-4ee5-bd79-f65b959258d1,8,2405,True,11677,11275,159.6234700365585
2406,299e4935-d69e-4ee5-bd79-f65b959258d1,8,2406,True,11700,11298,156.28136040422578
2407,299e4935-d69e-4ee5-bd79-f65b959258d1,8,2407,True,11732,11330,165.2854715685953
2408,299e4935-d69e-4ee5-bd79-f65b959258d1,8,2408,True,11751,11349,130.2969356059857
2409,299e4935-d69e-4ee5-bd79-f65b959258d1,8,2409,True,11777,11375,169.17501816151162
2410,299e4935-d69e-4ee5-bd79-f65b959258d1,8,2410,True,11808,11406,154.31019904199638
2411,299e4935-d69e-4ee5-bd79-f65b959258d1,8,2411,True,11831,11429,196.65557119555342
2412,299e4935-d69e-4ee5-bd79-f65b959258d1,8,2412,True,11857,11455,199.2722759674125
2413,299e4935-d69e-4ee5-bd79-f65b959258d1,8,2413,True,11899,11497,173.17785256579918
2414,299e4935-d69e-4ee5-bd79-f65b959258d1,8,2414,True,11924,11522,188.01047744974858
2415,299e4935-d69e-4ee5-bd79-f65b959258d1,8,2415,True,11955,11553,199.48713565555954
2416,299e4935-d69e-4ee5-bd79-f65b959258d1,8,2416,True,11976,11574,157.48565347447038
2417,299e4935-d69e-4ee5-bd79-f65b959258d1,8,2417,True,12009,11607,145.48713565555954
2418,299e4935-d69e-4ee5-bd79-f65b959258d1,8,2418,True,12034,11632,145.9796321293834
2419,299e4935-d69e-4ee5-bd79-f65b959258d1,8,2419,True,12066,11664,158.2966391093123
2420,299e4935-d69e-4ee5-bd79-f65b959258d1,8,2420,True,12092,11690,152.20753249166046
2421,299e4935-d69e-4ee5-bd79-f65b959258d1,8,2421,True,12118,11716,203.2144103867813
2422,299e4935-d69e-4ee5-bd79-f65b959258d1,8,2422,True,12145,11743,176.2144103867813
2423,299e4935-d69e-4ee5-bd79-f65b959258d1,8,2423,True,12181,11779,159.3011296910663
2424,299e4935-d69e-4ee5-bd79-f65b959258d1,8,2424,True,12219,11817,187.18588706737683
2425,299e4935-d69e-4ee5-bd79-f65b959258d1,8,2425,True,12252,11850,174.890758291187
2426,299e4935-d69e-4ee5-bd79-f65b959258d1,8,2426,True,12268,11866,180.0045466295869
2427,299e4935-d69e-4ee5-bd79-f65b959258d1,8,2427,True,12296,11894,171.60807797164853
2428,299e4935-d69e-4ee5-bd79-f65b959258d1,8,2428,True,12326,11924,184.82644836588224
2429,299e4935-d69e-4ee5-bd79-f65b959258d1,8,2429,True,12367,11965,164.951212522099
2430,299e4935-d69e-4ee5-bd79-f65b959258d1,8,2430,True,12388,11986,173.86441824473877
2431,299e4935-d69e-4ee5-bd79-f65b959258d1,8,2431,True,12418,12016,167.11729934182404
2432,299e4935-d69e-4ee5-bd79-f65b959258d1,8,2432,True,12445,12043,162.43285704716436
2433,299e4935-d69e-4ee5-bd79-f65b959258d1,8,2433,True,12463,12061,165.3979208265282
2434,299e4935-d69e-4ee5-bd79-f65b959258d1,8,2434,True,12491,12089,200.29685069331572
2435,299e4935-d69e-4ee5-bd79-f65b959258d1,8,2435,True,12518,12116,214.56056326510043
2436,299e4935-d69e-4ee5-bd79-f65b959258d1,8,2436,True,12548,12146,214.64957794984548
2437,299e4935-d69e-4ee5-bd79-f65b959258d1,8,2437,True,12583,12181,199.69642304722038
2438,299e4935-d69e-4ee5-bd79-f65b959258d1,8,2438,True,12611,12209,151.64957794984548
2439,299e4935-d69e-4ee5-bd79-f65b959258d1,8,2439,True,12641,12239,165.09582186655098
2440,299e4935-d69e-4ee5-bd79-f65b959258d1,8,2440,True,12668,12266,155.60383686276873
2441,299e4935-d69e-4ee5-bd79-f65b959258d1,8,2441,True,12689,12287,177.6288949793361
2442,299e4935-d69e-4ee5-bd79-f65b959258d1,8,2442,True,12717,12315,168.89530840225598
2443,299e4935-d69e-4ee5-bd79-f65b959258d1,8,2443,True,12743,12341,165.9227352343696
2444,299e4935-d69e-4ee5-bd79-f65b959258d1,8,2444,True,12777,12375,153.94672664678
2445,299e4935-d69e-4ee5-bd79-f65b959258d1,8,2445,True,12796,12394,158.7913883997262
2446,299e4935-d69e-4ee5-bd79-f65b959258d1,8,2446,True,12831,12429,149.52650300192727
2447,299e4935-d69e-4ee5-bd79-f65b959258d1,8,2447,True,12862,12460,189.61454659115043
2448,299e4935-d69e-4ee5-bd79-f65b959258d1,8,2448,True,12892,12490,139.281706394122
2449,299e4935-d69e-4ee5-bd79-f65b959258d1,8,2449,True,12925,12523,177.6200395967535
2450,299e4935-d69e-4ee5-bd79-f65b959258d1,8,2450,True,12955,12553,126.55362972273178
2451,299e4935-d69e-4ee5-bd79-f65b959258d1,8,2451,True,12976,12574,202.4453507531125
2452,299e4935-d69e-4ee5-bd79-f65b959258d1,8,2452,True,13005,12603,153.8764113252837
2453,299e4935-d69e-4ee5-bd79-f65b959258d1,8,2453,True,13032,12630,175.19094775050326
2454,299e4935-d69e-4ee5-bd79-f65b959258d1,8,2454,True,13063,12661,174.16593488995932
2455,299e4935-d69e-4ee5-bd79-f65b959258d1,8,2455,True,13083,12681,177.95751332287728
2456,299e4935-d69e-4ee5-bd79-f65b959258d1,8,2456,True,13111,12709,170.3895484939876
2457,299e4935-d69e-4ee5-bd79-f65b959258d1,8,2457,True,13145,12743,170.41033789308494
2458,299e4935-d69e-4ee5-bd79-f65b959258d1,8,2458,True,13172,12770,163.53285788061658
2459,299e4935-d69e-4ee5-bd79-f65b959258d1,8,2459,True,13198,12796,162.09375837383777
2460,299e4935-d69e-4ee5-bd79-f65b959258d1,8,2460,True,13226,12824,217.6291507647711
2461,299e4935-d69e-4ee5-bd79-f65b959258d1,8,2461,True,13249,12847,243.33140090723282
2462,299e4935-d69e-4ee5-bd79-f65b959258d1,8,2462,True,13276,12874,216.33140090723282
2463,299e4935-d69e-4ee5-bd79-f65b959258d1,8,2463,True,13296,12894,224.0200301944169
2464,299e4935-d69e-4ee5-bd79-f65b959258d1,8,2464,True,13335,12933,207.0339172406384
2465,299e4935-d69e-4ee5-bd79-f65b959258d1,8,2465,True,13357,12955,212.39574940104103
2466,299e4935-d69e-4ee5-bd79-f65b959258d1,8,2466,True,13382,12980,228.96186512289205
2467,299e4935-d69e-4ee5-bd79-f65b959258d1,8,2467,True,13407,13005,184.9798672912675
2468,299e4935-d69e-4ee5-bd79-f65b959258d1,8,2468,True,13436,13034,222.47092437765787
2469,299e4935-d69e-4ee5-bd79-f65b959258d1,8,2469,True,13463,13061,215.79512552437154
2470,299e4935-d69e-4ee5-bd79-f65b959258d1,8,2470,True,13489,13087,229.149809338649
2471,299e4935-d69e-4ee5-bd79-f65b959258d1,8,2471,True,13512,13110,187.74318034159296
2472,299e4935-d69e-4ee5-bd79-f65b959258d1,8,2472,True,13544,13142,243.25620555649039
2473,299e4935-d69e-4ee5-bd79-f65b959258d1,8,2473,True,13575,13173,186.68785667980774
2474,299e4935-d69e-4ee5-bd79-f65b959258d1,8,2474,True,13601,13199,186.25620555649039
2475,299e4935-d69e-4ee5-bd79-f65b959258d1,8,2475,True,13626,13224,184.68545156467007
2476,299e4935-d69e-4ee5-bd79-f65b959258d1,8,2476,True,13649,13247,178.54356585200003
2477,299e4935-d69e-4ee5-bd79-f65b959258d1,8,2477,True,13672,13270,199.26643129528748
2478,299e4935-d69e-4ee5-bd79-f65b959258d1,8,2478,True,13697,13295,195.01332571236708
2479,299e4935-d69e-4ee5-bd79-f65b959258d1,8,2479,True,13722,13320,192.82068591354437
2480,299e4935-d69e-4ee5-bd79-f65b959258d1,8,2480,True,13743,13341,171.82068591354437
2481,299e4935-d69e-4ee5-bd79-f65b959258d1,8,2481,True,13771,13369,220.5208579800783
2482,299e4935-d69e-4ee5-bd79-f65b959258d1,8,2482,True,13808,13406,183.5208579800783
2483,299e4935-d69e-4ee5-bd79-f65b959258d1,8,2483,True,13832,13430,205.1617676009646
2484,299e4935-d69e-4ee5-bd79-f65b959258d1,8,2484,True,13856,13454,202.90817166556008
2485,299e4935-d69e-4ee5-bd79-f65b959258d1,8,2485,True,13872,13470,165.1617676009646
2486,299e4935-d69e-4ee5-bd79-f65b959258d1,8,2486,True,13900,13498,212.25993701130938
2487,299e4935-d69e-4ee5-bd79-f65b959258d1,8,2487,True,13921,13519,169.34159361077036
2488,299e4935-d69e-4ee5-bd79-f65b959258d1,8,2488,True,13947,13545,192.54274096120025
2489,299e4935-d69e-4ee5-bd79-f65b959258d1,8,2489,True,13975,13573,182.96103789173685
2490,299e4935-d69e-4ee5-bd79-f65b959258d1,8,2490,True,14001,13599,187.19975554954362
2491,299e4935-d69e-4ee5-bd79-f65b959258d1,8,2491,True,14031,13629,174.54796642082874
2492,299e4935-d69e-4ee5-bd79-f65b959258d1,8,2492,True,14058,13656,179.51299342176935
2493,299e4935-d69e-4ee5-bd79-f65b959258d1,8,2493,True,14091,13689,173.31827477023944
2494,299e4935-d69e-4ee5-bd79-f65b959258d1,8,2494,True,14119,13717,163.93824161534758
2495,299e4935-d69e-4ee5-bd79-f65b959258d1,8,2495,True,14148,13746,153.83289044346202
2496,299e4935-d69e-4ee5-bd79-f65b959258d1,8,2496,True,14164,13762,159.74066666555336
2497,299e4935-d69e-4ee5-bd79-f65b959258d1,8,2497,True,14186,13784,165.23794661288048
2498,299e4935-d69e-4ee5-bd79-f65b959258d1,8,2498,True,14218,13816,153.93680432931615
2499,299e4935-d69e-4ee5-bd79-f65b959258d1,8,2499,True,14239,13837,160.32630980407157
2500,299e4935-d69e-4ee5-bd79-f65b959258d1,8,2500,True,14260,13858,159.48328744814353
2501,299e4935-d69e-4ee5-bd79-f65b959258d1,8,2501,True,14284,13882,269.7503352247113
2502,299e4935-d69e-4ee5-bd79-f65b959258d1,8,2502,True,14308,13906,222.38437451985374
2503,299e4935-d69e-4ee5-bd79-f65b959258d1,8,2503,True,14325,13923,228.7503352247113
2504,299e4935-d69e-4ee5-bd79-f65b959258d1,8,2504,True,14353,13951,299.06920159261426
2505,299e4935-d69e-4ee5-bd79-f65b959258d1,8,2505,True,14382,13980,270.06920159261426
2506,299e4935-d69e-4ee5-bd79-f65b959258d1,8,2506,True,14404,14002,219.88397115167754
2507,299e4935-d69e-4ee5-bd79-f65b959258d1,8,2507,True,14433,14031,190.88397115167754
2508,299e4935-d69e-4ee5-bd79-f65b959258d1,8,2508,True,14466,14064,186.06920159261426
2509,299e4935-d69e-4ee5-bd79-f65b959258d1,8,2509,True,14487,14085,194.97898594697836
2510,299e4935-d69e-4ee5-bd79-f65b959258d1,8,2510,True,14518,14116,185.2878739996304
2511,299e4935-d69e-4ee5-bd79-f65b959258d1,8,2511,True,14549,14147,175.91829736014733
2512,299e4935-d69e-4ee5-bd79-f65b959258d1,8,2512,True,14572,14170,152.91829736014733
2513,299e4935-d69e-4ee5-bd79-f65b959258d1,8,2513,True,14603,14201,152.911023538265
2514,299e4935-d69e-4ee5-bd79-f65b959258d1,8,2514,True,14640,14238,234.38157762900119
2515,299e4935-d69e-4ee5-bd79-f65b959258d1,8,2515,True,14664,14262,210.38157762900119
2516,299e4935-d69e-4ee5-bd79-f65b959258d1,8,2516,True,14690,14288,162.305659309779
2517,299e4935-d69e-4ee5-bd79-f65b959258d1,8,2517,True,14718,14316,192.14187191983183
2518,299e4935-d69e-4ee5-bd79-f65b959258d1,8,2518,True,14744,14342,200.01006092151147
2519,299e4935-d69e-4ee5-bd79-f65b959258d1,8,2519,True,14776,14374,187.9018806113636
2520,299e4935-d69e-4ee5-bd79-f65b959258d1,8,2520,True,14797,14395,203.90857037676506
2521,299e4935-d69e-4ee5-bd79-f65b959258d1,8,2521,True,14823,14421,159.40542368989372
2522,299e4935-d69e-4ee5-bd79-f65b959258d1,8,2522,True,14856,14454,203.39395918564696
2523,299e4935-d69e-4ee5-bd79-f65b959258d1,8,2523,True,14878,14476,159.2134334078819
2524,299e4935-d69e-4ee5-bd79-f65b959258d1,8,2524,True,14898,14496,161.39395918564696
2525,299e4935-d69e-4ee5-bd79-f65b959258d1,8,2525,True,14930,14528,174.91698697169159
2526,299e4935-d69e-4ee5-bd79-f65b959258d1,8,2526,True,14959,14557,182.81435945517114
2527,299e4935-d69e-4ee5-bd79-f65b959258d1,8,2527,True,14988,14586,174.5209610990496
2528,299e4935-d69e-4ee5-bd79-f65b959258d1,8,2528,True,15014,14612,202.9477270690495
2529,299e4935-d69e-4ee5-bd79-f65b959258d1,8,2529,True,15044,14642,154.4187271772753
2530,299e4935-d69e-4ee5-bd79-f65b959258d1,8,2530,True,15081,14679,157.55396542598646
2531,299e4935-d69e-4ee5-bd79-f65b959258d1,8,2531,True,15109,14707,150.1490574249492
2532,299e4935-d69e-4ee5-bd79-f65b959258d1,8,2532,True,15141,14739,180.17202920382442
2533,299e4935-d69e-4ee5-bd79-f65b959258d1,8,2533,True,15163,14761,175.99493534664362
2534,299e4935-d69e-4ee5-bd79-f65b959258d1,8,2534,True,15194,14792,229.96941274812707
2535,299e4935-d69e-4ee5-bd79-f65b959258d1,8,2535,True,15221,14819,223.76400689902948
2536,299e4935-d69e-4ee5-bd79-f65b959258d1,8,2536,True,15246,14844,246.4260506767041
2537,299e4935-d69e-4ee5-bd79-f65b959258d1,8,2537,True,15272,14870,220.4260506767041
2538,299e4935-d69e-4ee5-bd79-f65b959258d1,8,2538,True,15302,14900,250.40704708838348
2539,299e4935-d69e-4ee5-bd79-f65b959258d1,8,2539,True,15336,14934,237.54498536850042
2540,299e4935-d69e-4ee5-bd79-f65b959258d1,8,2540,True,15370,14968,235.04950615565758
2541,299e4935-d69e-4ee5-bd79-f65b959258d1,8,2541,True,15395,14993,157.40704708838348
2542,299e4935-d69e-4ee5-bd79-f65b959258d1,8,2542,True,15420,15018,253.7554235310945
2543,299e4935-d69e-4ee5-bd79-f65b959258d1,8,2543,True,15438,15036,167.04950615565758
2544,299e4935-d69e-4ee5-bd79-f65b959258d1,8,2544,True,15467,15065,185.88777714815296
2545,299e4935-d69e-4ee5-bd79-f65b959258d1,8,2545,True,15491,15089,182.7554235310945
2546,299e4935-d69e-4ee5-bd79-f65b959258d1,8,2546,True,15525,15123,192.8722862519371
2547,299e4935-d69e-4ee5-bd79-f65b959258d1,8,2547,True,15558,15156,186.60434753423397
2548,299e4935-d69e-4ee5-bd79-f65b959258d1,8,2548,True,15590,15188,181.2650883336828
2549,299e4935-d69e-4ee5-bd79-f65b959258d1,8,2549,True,15613,15211,180.09194318000846
2550,299e4935-d69e-4ee5-bd79-f65b959258d1,8,2550,True,15648,15246,163.98728846382983
2551,299e4935-d69e-4ee5-bd79-f65b959258d1,8,2551,True,15669,15267,163.53545895157913
2552,299e4935-d69e-4ee5-bd79-f65b959258d1,8,2552,True,15709,15307,157.5128701057747
2553,299e4935-d69e-4ee5-bd79-f65b959258d1,8,2553,True,15734,15332,154.81573736535393
2554,299e4935-d69e-4ee5-bd79-f65b959258d1,8,2554,True,15765,15363,173.745170097327
2555,299e4935-d69e-4ee5-bd79-f65b959258d1,8,2555,True,15798,15396,159.27537612469132
2556,299e4935-d69e-4ee5-bd79-f65b959258d1,8,2556,True,15825,15423,192.47940424143235
2557,299e4935-d69e-4ee5-bd79-f65b959258d1,8,2557,True,15851,15449,144.1361625806221
2558,299e4935-d69e-4ee5-bd79-f65b959258d1,8,2558,True,15877,15475,140.47940424143235
2559,299e4935-d69e-4ee5-bd79-f65b959258d1,8,2559,True,15905,15503,139.5366765156432
2560,299e4935-d69e-4ee5-bd79-f65b959258d1,8,2560,True,15931,15529,130.9936858766414
2561,299e4935-d69e-4ee5-bd79-f65b959258d1,8,2561,True,15961,15559,130.9913513956817
2562,299e4935-d69e-4ee5-bd79-f65b959258d1,8,2562,True,15992,15590,141.70943403471574
2563,299e4935-d69e-4ee5-bd79-f65b959258d1,8,2563,True,16022,15620,134.11351679161453
2564,299e4935-d69e-4ee5-bd79-f65b959258d1,8,2564,True,16052,15650,167.1850754512834
2565,299e4935-d69e-4ee5-bd79-f65b959258d1,8,2565,True,16080,15678,160.2631653619046
2566,299e4935-d69e-4ee5-bd79-f65b959258d1,8,2566,True,16099,15697,162.74602148148915
2567,299e4935-d69e-4ee5-bd79-f65b959258d1,8,2567,True,16139,15737,171.4669553299973
2568,299e4935-d69e-4ee5-bd79-f65b959258d1,8,2568,True,16166,15764,127.34516095271283
2569,299e4935-d69e-4ee5-bd79-f65b959258d1,8,2569,True,16194,15792,161.65906937302134
2570,299e4935-d69e-4ee5-bd79-f65b959258d1,8,2570,True,16217,15815,161.08568249564814
2571,299e4935-d69e-4ee5-bd79-f65b959258d1,8,2571,True,16239,15837,173.30273983935695
2572,299e4935-d69e-4ee5-bd79-f65b959258d1,8,2572,True,16266,15864,166.30448445163347
2573,299e4935-d69e-4ee5-bd79-f65b959258d1,8,2573,True,16290,15888,165.79398852140548
2574,299e4935-d69e-4ee5-bd79-f65b959258d1,8,2574,True,16320,15918,157.7344841981867
2575,299e4935-d69e-4ee5-bd79-f65b959258d1,8,2575,True,16346,15944,151.76839780380033
2576,299e4935-d69e-4ee5-bd79-f65b959258d1,8,2576,True,16375,15973,143.26599232259832
2577,299e4935-d69e-4ee5-bd79-f65b959258d1,8,2577,True,16403,16001,133.53091261390728
2578,299e4935-d69e-4ee5-bd79-f65b959258d1,8,2578,True,16442,16040,133.29511509833173
2579,299e4935-d69e-4ee5-bd79-f65b959258d1,8,2579,True,16460,16058,136.76147818870595
2580,299e4935-d69e-4ee5-bd79-f65b959258d1,8,2580,True,16483,16081,135.19131162761187
2581,299e4935-d69e-4ee5-bd79-f65b959258d1,8,2581,True,16510,16108,125.7320399575492
2582,299e4935-d69e-4ee5-bd79-f65b959258d1,8,2582,True,16535,16133,157.1637573743319
2583,299e4935-d69e-4ee5-bd79-f65b959258d1,8,2583,True,16563,16161,150.31964969687942
2584,299e4935-d69e-4ee5-bd79-f65b959258d1,8,2584,True,16593,16191,147.0481192507068
2585,299e4935-d69e-4ee5-bd79-f65b959258d1,8,2585,True,16616,16214,144.09278434518455
2586,299e4935-d69e-4ee5-bd79-f65b959258d1,8,2586,True,16645,16243,204.36348939445452
2587,299e4935-d69e-4ee5-bd79-f65b959258d1,8,2587,True,16672,16270,134.27197205139237
2588,299e4935-d69e-4ee5-bd79-f65b959258d1,8,2588,True,16701,16299,167.66372339245208
2589,299e4935-d69e-4ee5-bd79-f65b959258d1,8,2589,True,16725,16323,171.58185056981165
2590,299e4935-d69e-4ee5-bd79-f65b959258d1,8,2590,True,16744,16342,152.58185056981165
2591,299e4935-d69e-4ee5-bd79-f65b959258d1,8,2591,True,16776,16374,142.85326767475635
2592,299e4935-d69e-4ee5-bd79-f65b959258d1,8,2592,True,16804,16402,151.91255277683013
2593,299e4935-d69e-4ee5-bd79-f65b959258d1,8,2593,True,16831,16429,146.82353536885057
2594,299e4935-d69e-4ee5-bd79-f65b959258d1,8,2594,True,16854,16452,139.76941284786153
2595,299e4935-d69e-4ee5-bd79-f65b959258d1,8,2595,True,16879,16477,174.68295943775956
2596,299e4935-d69e-4ee5-bd79-f65b959258d1,8,2596,True,16907,16505,122.32062112386484
2597,299e4935-d69e-4ee5-bd79-f65b959258d1,8,2597,True,16923,16521,150.63807219295268
2598,299e4935-d69e-4ee5-bd79-f65b959258d1,8,2598,True,16957,16555,138.1654148053458
2599,299e4935-d69e-4ee5-bd79-f65b959258d1,8,2599,True,16980,16578,149.171808959567
2600,299e4935-d69e-4ee5-bd79-f65b959258d1,8,2600,True,17006,16604,143.4556502676678
2601,299e4935-d69e-4ee5-bd79-f65b959258d1,8,2601,True,17038,16636,152.19360964808584
2602,299e4935-d69e-4ee5-bd79-f65b959258d1,8,2602,True,17055,16653,119.13551195410764
2603,299e4935-d69e-4ee5-bd79-f65b959258d1,8,2603,True,17082,16680,149.85107752749173
2604,299e4935-d69e-4ee5-bd79-f65b959258d1,8,2604,True,17121,16719,145.8581354424132
2605,299e4935-d69e-4ee5-bd79-f65b959258d1,8,2605,True,17145,16743,142.93402246302503
2606,299e4935-d69e-4ee5-bd79-f65b959258d1,8,2606,True,17180,16778,131.19704961439857
2607,299e4935-d69e-4ee5-bd79-f65b959258d1,8,2607,True,17212,16810,121.05180544854738
2608,299e4935-d69e-4ee5-bd79-f65b959258d1,8,2608,True,17241,16839,207.05016524505118
2609,299e4935-d69e-4ee5-bd79-f65b959258d1,8,2609,True,17262,16860,163.76666978264984
2610,299e4935-d69e-4ee5-bd79-f65b959258d1,8,2610,True,17286,16884,179.84659206758442
2611,299e4935-d69e-4ee5-bd79-f65b959258d1,8,2611,True,17317,16915,173.1274308878892
2612,299e4935-d69e-4ee5-bd79-f65b959258d1,8,2612,True,17346,16944,190.6160604645811
2613,299e4935-d69e-4ee5-bd79-f65b959258d1,8,2613,True,17363,16961,152.7982897590773
2614,299e4935-d69e-4ee5-bd79-f65b959258d1,8,2614,True,17390,16988,165.98682017419196
2615,299e4935-d69e-4ee5-bd79-f65b959258d1,8,2615,True,17426,17024,162.26777812101136
2616,299e4935-d69e-4ee5-bd79-f65b959258d1,8,2616,True,17456,17054,175.151408069054
2617,299e4935-d69e-4ee5-bd79-f65b959258d1,8,2617,True,17471,17069,179.85106980120327
2618,299e4935-d69e-4ee5-bd79-f65b959258d1,8,2618,True,17495,17093,180.1623993370522
2619,299e4935-d69e-4ee5-bd79-f65b959258d1,8,2619,True,17534,17132,161.24367579830505
2620,299e4935-d69e-4ee5-bd79-f65b959258d1,8,2620,True,17567,17165,166.26802058467365
2621,299e4935-d69e-4ee5-bd79-f65b959258d1,8,2621,True,17595,17193,162.94418841641527
2622,299e4935-d69e-4ee5-bd79-f65b959258d1,8,2622,True,17633,17231,149.75861262002945
2623,299e4935-d69e-4ee5-bd79-f65b959258d1,8,2623,True,17663,17261,141.9043558897538
2624,299e4935-d69e-4ee5-bd79-f65b959258d1,8,2624,True,17691,17289,159.92754871187208
2625,299e4935-d69e-4ee5-bd79-f65b959258d1,8,2625,True,17719,17317,162.5255740161083
2626,299e4935-d69e-4ee5-bd79-f65b959258d1,8,2626,True,17748,17346,161.47200952290586
2627,299e4935-d69e-4ee5-bd79-f65b959258d1,8,2627,True,17778,17376,189.4930189764491
2628,299e4935-d69e-4ee5-bd79-f65b959258d1,8,2628,True,17800,17398,144.80548483928942
2629,299e4935-d69e-4ee5-bd79-f65b959258d1,8,2629,True,17840,17438,169.25196864270765
2630,299e4935-d69e-4ee5-bd79-f65b959258d1,8,2630,True,17867,17465,127.61667602349917
2631,299e4935-d69e-4ee5-bd79-f65b959258d1,8,2631,True,17896,17494,145.31042213536784
2632,299e4935-d69e-4ee5-bd79-f65b959258d1,8,2632,True,17922,17520,148.93964379486715
2633,299e4935-d69e-4ee5-bd79-f65b959258d1,8,2633,True,17964,17562,151.59811609186727
2634,299e4935-d69e-4ee5-bd79-f65b959258d1,8,2634,True,17990,17588,144.42685287340282
2635,299e4935-d69e-4ee5-bd79-f65b959258d1,8,2635,True,18013,17611,164.47828307268355
2636,299e4935-d69e-4ee5-bd79-f65b959258d1,8,2636,True,18036,17634,159.93557789382248
2637,299e4935-d69e-4ee5-bd79-f65b959258d1,8,2637,True,18063,17661,203.17571047251113
2638,299e4935-d69e-4ee5-bd79-f65b959258d1,8,2638,True,18082,17680,161.9278039443052
2639,299e4935-d69e-4ee5-bd79-f65b959258d1,8,2639,True,18116,17714,150.17571047251113
2640,299e4935-d69e-4ee5-bd79-f65b959258d1,8,2640,True,18144,17742,147.14883026685857
2641,299e4935-d69e-4ee5-bd79-f65b959258d1,8,2641,True,18178,17776,137.78602297148245
2642,299e4935-d69e-4ee5-bd79-f65b959258d1,8,2642,True,18201,17799,183.65346423262963
2643,299e4935-d69e-4ee5-bd79-f65b959258d1,8,2643,True,18234,17832,169.0575392270257
2644,299e4935-d69e-4ee5-bd79-f65b959258d1,8,2644,True,18260,17858,226.19721119167298
2645,299e4935-d69e-4ee5-bd79-f65b959258d1,8,2645,True,18289,17887,197.19721119167298
2646,299e4935-d69e-4ee5-bd79-f65b959258d1,8,2646,True,18326,17924,204.7111279664241
2647,299e4935-d69e-4ee5-bd79-f65b959258d1,8,2647,True,18344,17942,165.99263035645345
2648,299e4935-d69e-4ee5-bd79-f65b959258d1,8,2648,True,18374,17972,181.17214859626984
2649,299e4935-d69e-4ee5-bd79-f65b959258d1,8,2649,True,18401,17999,181.6344544011008
2650,299e4935-d69e-4ee5-bd79-f65b959258d1,8,2650,True,18423,18021,181.40740008648208
2651,299e4935-d69e-4ee5-bd79-f65b959258d1,8,2651,True,18466,18064,158.14099615080704
2652,299e4935-d69e-4ee5-bd79-f65b959258d1,8,2652,True,18494,18092,181.64740633011752
2653,299e4935-d69e-4ee5-bd79-f65b959258d1,8,2653,True,18523,18121,132.64271837403794
2654,299e4935-d69e-4ee5-bd79-f65b959258d1,8,2654,True,18544,18142,179.8334099295971
2655,299e4935-d69e-4ee5-bd79-f65b959258d1,8,2655,True,18569,18167,196.90962113997375
2656,299e4935-d69e-4ee5-bd79-f65b959258d1,8,2656,True,18598,18196,149.33273207808088
2657,299e4935-d69e-4ee5-bd79-f65b959258d1,8,2657,True,18630,18228,169.36262330017053
2658,299e4935-d69e-4ee5-bd79-f65b959258d1,8,2658,True,18656,18254,168.03499622911113
2659,299e4935-d69e-4ee5-bd79-f65b959258d1,8,2659,True,18679,18277,168.7567607516139
2660,299e4935-d69e-4ee5-bd79-f65b959258d1,8,2660,True,18701,18299,167.56733166452614
2661,299e4935-d69e-4ee5-bd79-f65b959258d1,8,2661,True,18722,18320,175.99275379639948
2662,299e4935-d69e-4ee5-bd79-f65b959258d1,8,2662,True,18753,18351,168.7447451292137
2663,299e4935-d69e-4ee5-bd79-f65b959258d1,8,2663,True,18779,18377,180.20792041955792
2664,299e4935-d69e-4ee5-bd79-f65b959258d1,8,2664,True,18808,18406,170.47716847336415
2665,299e4935-d69e-4ee5-bd79-f65b959258d1,8,2665,True,18827,18425,184.8345467549807
2666,299e4935-d69e-4ee5-bd79-f65b959258d1,8,2666,True,18864,18462,168.1400629074451
2667,299e4935-d69e-4ee5-bd79-f65b959258d1,8,2667,True,18890,18488,181.55909525780953
2668,299e4935-d69e-4ee5-bd79-f65b959258d1,8,2668,True,18922,18520,172.40598274897638
2669,299e4935-d69e-4ee5-bd79-f65b959258d1,8,2669,True,18952,18550,167.52766729925133
2670,299e4935-d69e-4ee5-bd79-f65b959258d1,8,2670,True,18979,18577,140.52766729925133
2671,299e4935-d69e-4ee5-bd79-f65b959258d1,8,2671,True,19001,18599,188.3763968209896
2672,299e4935-d69e-4ee5-bd79-f65b959258d1,8,2672,True,19028,18626,188.26296305686992
2673,299e4935-d69e-4ee5-bd79-f65b959258d1,8,2673,True,19054,18652,227.30347303450253
2674,299e4935-d69e-4ee5-bd79-f65b959258d1,8,2674,True,19086,18684,152.64368783991085
2675,299e4935-d69e-4ee5-bd79-f65b959258d1,8,2675,True,19106,18704,153.22150144662737
2676,299e4935-d69e-4ee5-bd79-f65b959258d1,8,2676,True,19143,18741,138.30347303450253
2677,299e4935-d69e-4ee5-bd79-f65b959258d1,8,2677,True,19171,18769,152.66054071949475
2678,299e4935-d69e-4ee5-bd79-f65b959258d1,8,2678,True,19197,18795,149.0513791409503
2679,299e4935-d69e-4ee5-bd79-f65b959258d1,8,2679,True,19225,18823,145.1629846401229
2680,299e4935-d69e-4ee5-bd79-f65b959258d1,8,2680,True,19246,18844,149.71765950029658
2681,299e4935-d69e-4ee5-bd79-f65b959258d1,8,2681,True,19284,18882,132.55369305589193
2682,299e4935-d69e-4ee5-bd79-f65b959258d1,8,2682,True,19308,18906,165.52776517867824
2683,299e4935-d69e-4ee5-bd79-f65b959258d1,8,2683,True,19328,18926,127.1985932878888
2684,299e4935-d69e-4ee5-bd79-f65b959258d1,8,2684,True,19351,18949,148.01458302524406
2685,299e4935-d69e-4ee5-bd79-f65b959258d1,8,2685,True,19379,18977,144.1931665238626
2686,299e4935-d69e-4ee5-bd79-f65b959258d1,8,2686,True,19399,18997,160.48516559656855
2687,299e4935-d69e-4ee5-bd79-f65b959258d1,8,2687,True,19426,19024,153.24786280938497
2688,299e4935-d69e-4ee5-bd79-f65b959258d1,8,2688,True,19459,19057,152.7648726160769
2689,299e4935-d69e-4ee5-bd79-f65b959258d1,8,2689,True,19492,19090,136.81190942481408
2690,299e4935-d69e-4ee5-bd79-f65b959258d1,8,2690,True,19521,19119,140.91296162217623
2691,299e4935-d69e-4ee5-bd79-f65b959258d1,8,2691,True,19547,19145,132.52312714605796
2692,299e4935-d69e-4ee5-bd79-f65b959258d1,8,2692,True,19577,19175,130.31159324898545
2693,299e4935-d69e-4ee5-bd79-f65b959258d1,8,2693,True,19607,19205,119.49424387105319
2694,299e4935-d69e-4ee5-bd79-f65b959258d1,8,2694,True,19643,19241,161.21590690606172
2695,299e4935-d69e-4ee5-bd79-f65b959258d1,8,2695,True,19662,19260,121.80487777235976
2696,299e4935-d69e-4ee5-bd79-f65b959258d1,8,2696,True,19694,19292,154.19585745532459
2697,299e4935-d69e-4ee5-bd79-f65b959258d1,8,2697,True,19722,19320,146.23194480835446
2698,299e4935-d69e-4ee5-bd79-f65b959258d1,8,2698,True,19746,19344,151.59070492078172
2699,299e4935-d69e-4ee5-bd79-f65b959258d1,8,2699,True,19771,19369,168.4962447227772
2700,299e4935-d69e-4ee5-bd79-f65b959258d1,8,2700,True,19794,19392,166.29608764420482
2701,299e4935-d69e-4ee5-bd79-f65b959258d1,8,2701,True,19818,19416,159.79195803995754
2702,299e4935-d69e-4ee5-bd79-f65b959258d1,8,2702,True,19839,19437,160.25895478775783
2703,299e4935-d69e-4ee5-bd79-f65b959258d1,8,2703,True,19868,19466,174.29551797827662
2704,299e4935-d69e-4ee5-bd79-f65b959258d1,8,2704,True,19893,19491,170.35734964866424
2705,299e4935-d69e-4ee5-bd79-f65b959258d1,8,2705,True,19918,19516,187.5993413381584
2706,299e4935-d69e-4ee5-bd79-f65b959258d1,8,2706,True,19939,19537,184.4276126848963
2707,299e4935-d69e-4ee5-bd79-f65b959258d1,8,2707,True,19964,19562,193.413988847562
2708,299e4935-d69e-4ee5-bd79-f65b959258d1,8,2708,True,19987,19585,191.58159635787524
2709,299e4935-d69e-4ee5-bd79-f65b959258d1,8,2709,True,20008,19606,203.76103313165368
2710,299e4935-d69e-4ee5-bd79-f65b959258d1,8,2710,True,20038,19636,200.42533499559795
2711,299e4935-d69e-4ee5-bd79-f65b959258d1,8,2711,True,20067,19665,210.89500664499428
2712,299e4935-d69e-4ee5-bd79-f65b959258d1,8,2712,True,20097,19695,160.3428290190095
2713,299e4935-d69e-4ee5-bd79-f65b959258d1,8,2713,True,20131,19729,207.16610251169914
2714,299e4935-d69e-4ee5-bd79-f65b959258d1,8,2714,True,20162,19760,176.16610251169914
2715,299e4935-d69e-4ee5-bd79-f65b959258d1,8,2715,True,20188,19786,188.9553725064652
2716,299e4935-d69e-4ee5-bd79-f65b959258d1,8,2716,True,20216,19814,179.52546195218383
2717,299e4935-d69e-4ee5-bd79-f65b959258d1,8,2717,True,20249,19847,164.63647268677232
2718,299e4935-d69e-4ee5-bd79-f65b959258d1,8,2718,True,20280,19878,156.33798603127434
2719,299e4935-d69e-4ee5-bd79-f65b959258d1,8,2719,True,20309,19907,147.2046007789977
2720,299e4935-d69e-4ee5-bd79-f65b959258d1,8,2720,True,20339,19937,150.58998666433035
2721,299e4935-d69e-4ee5-bd79-f65b959258d1,8,2721,True,20372,19970,135.6924519486456
2722,299e4935-d69e-4ee5-bd79-f65b959258d1,8,2722,True,20401,19999,182.6194304622768
2723,299e4935-d69e-4ee5-bd79-f65b959258d1,8,2723,True,20427,20025,137.35141887623467
2724,299e4935-d69e-4ee5-bd79-f65b959258d1,8,2724,True,20454,20052,198.19751431967234
2725,299e4935-d69e-4ee5-bd79-f65b959258d1,8,2725,True,20491,20089,161.19751431967234
2726,299e4935-d69e-4ee5-bd79-f65b959258d1,8,2726,True,20521,20119,156.98007865955515
2727,299e4935-d69e-4ee5-bd79-f65b959258d1,8,2727,True,20541,20139,159.06329809368617
2728,299e4935-d69e-4ee5-bd79-f65b959258d1,8,2728,True,20572,20170,175.33055606393464
2729,299e4935-d69e-4ee5-bd79-f65b959258d1,8,2729,True,20606,20204,165.68600454120315
2730,299e4935-d69e-4ee5-bd79-f65b959258d1,8,2730,True,20625,20223,201.28992507594012
2731,299e4935-d69e-4ee5-bd79-f65b959258d1,8,2731,True,20648,20246,155.53553642872794
2732,299e4935-d69e-4ee5-bd79-f65b959258d1,8,2732,True,20680,20278,198.41538465564372
2733,299e4935-d69e-4ee5-bd79-f65b959258d1,8,2733,True,20714,20312,164.41538465564372
2734,299e4935-d69e-4ee5-bd79-f65b959258d1,8,2734,True,20743,20341,170.20208396793169
2735,299e4935-d69e-4ee5-bd79-f65b959258d1,8,2735,True,20768,20366,166.48720008652163
2736,299e4935-d69e-4ee5-bd79-f65b959258d1,8,2736,True,20795,20393,185.06932719279212
2737,299e4935-d69e-4ee5-bd79-f65b959258d1,8,2737,True,20833,20431,128.63319603640412
2738,299e4935-d69e-4ee5-bd79-f65b959258d1,8,2738,True,20855,20453,175.8965978536362
2739,299e4935-d69e-4ee5-bd79-f65b959258d1,8,2739,True,20894,20492,191.77120023932366
2740,299e4935-d69e-4ee5-bd79-f65b959258d1,8,2740,True,20916,20514,169.77120023932366
2741,299e4935-d69e-4ee5-bd79-f65b959258d1,8,2741,True,20945,20543,230.9584052077771
2742,299e4935-d69e-4ee5-bd79-f65b959258d1,8,2742,True,20976,20574,176.3538714759452
2743,299e4935-d69e-4ee5-bd79-f65b959258d1,8,2743,True,21000,20598,175.9584052077771
2744,299e4935-d69e-4ee5-bd79-f65b959258d1,8,2744,True,21025,20623,169.63581849214825
2745,299e4935-d69e-4ee5-bd79-f65b959258d1,8,2745,True,21059,20657,164.01652790018852
2746,299e4935-d69e-4ee5-bd79-f65b959258d1,8,2746,True,21083,20681,162.62809418801044
2747,299e4935-d69e-4ee5-bd79-f65b959258d1,8,2747,True,21105,20703,172.8288307950279
2748,299e4935-d69e-4ee5-bd79-f65b959258d1,8,2748,True,21140,20738,171.2777103943081
2749,299e4935-d69e-4ee5-bd79-f65b959258d1,8,2749,True,21170,20768,159.1200162588466
2750,299e4935-d69e-4ee5-bd79-f65b959258d1,8,2750,True,21197,20795,186.81704354156682
2751,299e4935-d69e-4ee5-bd79-f65b959258d1,8,2751,True,21229,20827,131.53959224604114
2752,299e4935-d69e-4ee5-bd79-f65b959258d1,8,2752,True,21254,20852,149.37622944287796
2753,299e4935-d69e-4ee5-bd79-f65b959258d1,8,2753,True,21282,20880,142.70215767539412
2754,299e4935-d69e-4ee5-bd79-f65b959258d1,8,2754,True,21313,20911,135.88082226801635
2755,299e4935-d69e-4ee5-bd79-f65b959258d1,8,2755,True,21351,20949,160.3223538269558
2756,299e4935-d69e-4ee5-bd79-f65b959258d1,8,2756,True,21385,20983,175.9526131937855
2757,299e4935-d69e-4ee5-bd79-f65b959258d1,8,2757,True,21418,21016,122.1389641251917
2758,299e4935-d69e-4ee5-bd79-f65b959258d1,8,2758,True,21444,21042,139.97005561179685
2759,299e4935-d69e-4ee5-bd79-f65b959258d1,8,2759,True,21471,21069,157.9862286684329
2760,299e4935-d69e-4ee5-bd79-f65b959258d1,8,2760,True,21512,21110,142.0245176948374
2761,299e4935-d69e-4ee5-bd79-f65b959258d1,8,2761,True,21532,21130,145.25092640637013
2762,299e4935-d69e-4ee5-bd79-f65b959258d1,8,2762,True,21549,21147,150.34105612171697
2763,299e4935-d69e-4ee5-bd79-f65b959258d1,8,2763,True,21572,21170,203.38879565708703
2764,299e4935-d69e-4ee5-bd79-f65b959258d1,8,2764,True,21599,21197,158.84254560684712
2765,299e4935-d69e-4ee5-bd79-f65b959258d1,8,2765,True,21631,21229,164.33143562448095
2766,299e4935-d69e-4ee5-bd79-f65b959258d1,8,2766,True,21656,21254,163.28711175976423
2767,299e4935-d69e-4ee5-bd79-f65b959258d1,8,2767,True,21688,21286,176.6869915494899
2768,299e4935-d69e-4ee5-bd79-f65b959258d1,8,2768,True,21715,21313,126.5275325556504
2769,299e4935-d69e-4ee5-bd79-f65b959258d1,8,2769,True,21749,21347,148.8821177180107
2770,299e4935-d69e-4ee5-bd79-f65b959258d1,8,2770,True,21776,21374,145.13452563019746
2771,299e4935-d69e-4ee5-bd79-f65b959258d1,8,2771,True,21799,21397,143.3676337178331
2772,299e4935-d69e-4ee5-bd79-f65b959258d1,8,2772,True,21821,21419,252.23185443843613
2773,299e4935-d69e-4ee5-bd79-f65b959258d1,8,2773,True,21852,21450,201.30096203482026
2774,299e4935-d69e-4ee5-bd79-f65b959258d1,8,2774,True,21890,21488,183.23185443843613
2775,299e4935-d69e-4ee5-bd79-f65b959258d1,8,2775,True,21918,21516,187.7689677970775
2776,299e4935-d69e-4ee5-bd79-f65b959258d1,8,2776,True,21954,21552,250.16387389739248
2777,299e4935-d69e-4ee5-bd79-f65b959258d1,8,2777,True,21980,21578,203.23411908830167
2778,299e4935-d69e-4ee5-bd79-f65b959258d1,8,2778,True,22016,21614,217.1804066802615
2779,299e4935-d69e-4ee5-bd79-f65b959258d1,8,2779,True,22036,21634,245.80627583905152
2780,299e4935-d69e-4ee5-bd79-f65b959258d1,8,2780,True,22072,21670,209.80627583905152
2781,299e4935-d69e-4ee5-bd79-f65b959258d1,8,2781,True,22098,21696,263.77486239465
2782,299e4935-d69e-4ee5-bd79-f65b959258d1,8,2782,True,22127,21725,211.83745793034177
2783,299e4935-d69e-4ee5-bd79-f65b959258d1,8,2783,True,22163,21761,238.08352363614904
2784,299e4935-d69e-4ee5-bd79-f65b959258d1,8,2784,True,22193,21791,208.08352363614904
2785,299e4935-d69e-4ee5-bd79-f65b959258d1,8,2785,True,22229,21827,190.42609651816383
2786,299e4935-d69e-4ee5-bd79-f65b959258d1,8,2786,True,22270,21868,178.97849013653104
2787,299e4935-d69e-4ee5-bd79-f65b959258d1,8,2787,True,22298,21896,150.97849013653104
2788,299e4935-d69e-4ee5-bd79-f65b959258d1,8,2788,True,22324,21922,172.62138443048025
2789,299e4935-d69e-4ee5-bd79-f65b959258d1,8,2789,True,22352,21950,144.62138443048025
2790,299e4935-d69e-4ee5-bd79-f65b959258d1,8,2790,True,22382,21980,181.88002231450446
2791,299e4935-d69e-4ee5-bd79-f65b959258d1,8,2791,True,22416,22014,170.93784427798528
2792,299e4935-d69e-4ee5-bd79-f65b959258d1,8,2792,True,22438,22036,169.64718446817642
2793,299e4935-d69e-4ee5-bd79-f65b959258d1,8,2793,True,22470,22068,159.88013002130174
2794,299e4935-d69e-4ee5-bd79-f65b959258d1,8,2794,True,22502,22100,168.60792496667273
2795,299e4935-d69e-4ee5-bd79-f65b959258d1,8,2795,True,22527,22125,166.8725321308848
2796,299e4935-d69e-4ee5-bd79-f65b959258d1,8,2796,True,22550,22148,172.07536567460556
2797,299e4935-d69e-4ee5-bd79-f65b959258d1,8,2797,True,22571,22169,171.12224405840243
2798,299e4935-d69e-4ee5-bd79-f65b959258d1,8,2798,True,22598,22196,166.91273451150846
2799,299e4935-d69e-4ee5-bd79-f65b959258d1,8,2799,True,22635,22233,160.3899830431219
2800,299e4935-d69e-4ee5-bd79-f65b959258d1,8,2800,True,22663,22261,155.22141454226949
2801,299e4935-d69e-4ee5-bd79-f65b959258d1,8,2801,True,22696,22294,163.18977421393356
2802,299e4935-d69e-4ee5-bd79-f65b959258d1,8,2802,True,22721,22319,174.86879497660266
2803,299e4935-d69e-4ee5-bd79-f65b959258d1,8,2803,True,22744,22342,227.4639193881303
2804,299e4935-d69e-4ee5-bd79-f65b959258d1,8,2804,True,22768,22366,156.0490229372699
2805,299e4935-d69e-4ee5-bd79-f65b959258d1,8,2805,True,22791,22389,156.03074337385624
2806,299e4935-d69e-4ee5-bd79-f65b959258d1,8,2806,True,22825,22423,202.850941898163
2807,299e4935-d69e-4ee5-bd79-f65b959258d1,8,2807,True,22848,22446,203.01152749816538
2808,299e4935-d69e-4ee5-bd79-f65b959258d1,8,2808,True,22872,22470,202.17174039131714
2809,299e4935-d69e-4ee5-bd79-f65b959258d1,8,2809,True,22898,22496,198.70702402831375
2810,299e4935-d69e-4ee5-bd79-f65b959258d1,8,2810,True,22928,22526,188.3561504672034
2811,299e4935-d69e-4ee5-bd79-f65b959258d1,8,2811,True,22966,22564,202.31632914633155
2812,299e4935-d69e-4ee5-bd79-f65b959258d1,8,2812,True,22989,22587,162.37753755936137
2813,299e4935-d69e-4ee5-bd79-f65b959258d1,8,2813,True,23019,22617,178.59708002445404
2814,299e4935-d69e-4ee5-bd79-f65b959258d1,8,2814,True,23045,22643,172.24967090073915
2815,299e4935-d69e-4ee5-bd79-f65b959258d1,8,2815,True,23076,22674,157.63679511338705
2816,299e4935-d69e-4ee5-bd79-f65b959258d1,8,2816,True,23101,22699,155.97886612457296
2817,299e4935-d69e-4ee5-bd79-f65b959258d1,8,2817,True,23128,22726,163.19895923499644
2818,299e4935-d69e-4ee5-bd79-f65b959258d1,8,2818,True,23167,22765,164.8462805375675
2819,299e4935-d69e-4ee5-bd79-f65b959258d1,8,2819,True,23192,22790,160.7912113080456
2820,299e4935-d69e-4ee5-bd79-f65b959258d1,8,2820,True,23220,22818,172.8775601056259
2821,299e4935-d69e-4ee5-bd79-f65b959258d1,8,2821,True,23250,22848,158.3930896983984
2822,299e4935-d69e-4ee5-bd79-f65b959258d1,8,2822,True,23279,22877,153.64772105511292
2823,299e4935-d69e-4ee5-bd79-f65b959258d1,8,2823,True,23300,22898,197.00760881363385
2824,299e4935-d69e-4ee5-bd79-f65b959258d1,8,2824,True,23335,22933,182.93726711608178
2825,299e4935-d69e-4ee5-bd79-f65b959258d1,8,2825,True,23367,22965,169.38847091150092
2826,299e4935-d69e-4ee5-bd79-f65b959258d1,8,2826,True,23394,22992,161.22884606782827
2827,299e4935-d69e-4ee5-bd79-f65b959258d1,8,2827,True,23427,23025,220.37326945164386
2828,299e4935-d69e-4ee5-bd79-f65b959258d1,8,2828,True,23455,23053,154.9468367739173
2829,299e4935-d69e-4ee5-bd79-f65b959258d1,8,2829,True,23483,23081,242.16111295535666
2830,299e4935-d69e-4ee5-bd79-f65b959258d1,8,2830,True,23523,23121,148.8393096182008
2831,299e4935-d69e-4ee5-bd79-f65b959258d1,8,2831,True,23547,23145,155.5383777384959
2832,299e4935-d69e-4ee5-bd79-f65b959258d1,8,2832,True,23581,23179,175.53825693241015
2833,299e4935-d69e-4ee5-bd79-f65b959258d1,8,2833,True,23611,23209,181.2789052171902
2834,299e4935-d69e-4ee5-bd79-f65b959258d1,8,2834,True,23634,23232,178.9775513396562
2835,299e4935-d69e-4ee5-bd79-f65b959258d1,8,2835,True,23651,23249,187.48581079944415
2836,299e4935-d69e-4ee5-bd79-f65b959258d1,8,2836,True,23679,23277,178.8989835787943
2837,299e4935-d69e-4ee5-bd79-f65b959258d1,8,2837,True,23711,23309,166.6167831014427
2838,299e4935-d69e-4ee5-bd79-f65b959258d1,8,2838,True,23733,23331,188.24365998568464
2839,299e4935-d69e-4ee5-bd79-f65b959258d1,8,2839,True,23767,23365,173.77201786995283
2840,299e4935-d69e-4ee5-bd79-f65b959258d1,8,2840,True,23794,23392,231.63824790185026
2841,299e4935-d69e-4ee5-bd79-f65b959258d1,8,2841,True,23816,23414,185.92488609515567
2842,299e4935-d69e-4ee5-bd79-f65b959258d1,8,2842,True,23855,23453,235.4229457727015
2843,299e4935-d69e-4ee5-bd79-f65b959258d1,8,2843,True,23878,23476,212.4229457727015
2844,299e4935-d69e-4ee5-bd79-f65b959258d1,8,2844,True,23915,23513,196.7686697565441
2845,299e4935-d69e-4ee5-bd79-f65b959258d1,8,2845,True,23945,23543,241.62299872479707
2846,299e4935-d69e-4ee5-bd79-f65b959258d1,8,2846,True,23970,23568,178.10098130351616
2847,299e4935-d69e-4ee5-bd79-f65b959258d1,8,2847,True,23984,23582,202.62299872479707
2848,299e4935-d69e-4ee5-bd79-f65b959258d1,8,2848,True,24009,23607,201.40568716681446
2849,299e4935-d69e-4ee5-bd79-f65b959258d1,8,2849,True,24037,23635,193.84892038219914
2850,299e4935-d69e-4ee5-bd79-f65b959258d1,8,2850,True,24060,23658,258.66774345717204
2851,299e4935-d69e-4ee5-bd79-f65b959258d1,8,2851,True,24084,23682,214.12599472691
2852,299e4935-d69e-4ee5-bd79-f65b959258d1,8,2852,True,24108,23706,231.88683612850218
2853,299e4935-d69e-4ee5-bd79-f65b959258d1,8,2853,True,24136,23734,224.97247436187172
2854,299e4935-d69e-4ee5-bd79-f65b959258d1,8,2854,True,24159,23757,241.74548225014223
2855,299e4935-d69e-4ee5-bd79-f65b959258d1,8,2855,True,24184,23782,194.69895737650586
2856,299e4935-d69e-4ee5-bd79-f65b959258d1,8,2856,True,24212,23810,237.09654384310488
2857,299e4935-d69e-4ee5-bd79-f65b959258d1,8,2857,True,24241,23839,177.04327116698914
2858,299e4935-d69e-4ee5-bd79-f65b959258d1,8,2858,True,24267,23865,182.09654384310488
2859,299e4935-d69e-4ee5-bd79-f65b959258d1,8,2859,True,24297,23895,175.48952882111553
2860,299e4935-d69e-4ee5-bd79-f65b959258d1,8,2860,True,24326,23924,191.11405409471263
2861,299e4935-d69e-4ee5-bd79-f65b959258d1,8,2861,True,24353,23951,142.92155234805978
2862,299e4935-d69e-4ee5-bd79-f65b959258d1,8,2862,True,24377,23975,164.80874305585166
2863,299e4935-d69e-4ee5-bd79-f65b959258d1,8,2863,True,24405,24003,161.3520113349623
2864,299e4935-d69e-4ee5-bd79-f65b959258d1,8,2864,True,24438,24036,165.05439627190208
2865,299e4935-d69e-4ee5-bd79-f65b959258d1,8,2865,True,24468,24066,159.53119105430233
2866,299e4935-d69e-4ee5-bd79-f65b959258d1,8,2866,True,24506,24104,219.98282277277394
2867,299e4935-d69e-4ee5-bd79-f65b959258d1,8,2867,True,24537,24135,170.153223444162
2868,299e4935-d69e-4ee5-bd79-f65b959258d1,8,2868,True,24560,24158,182.6754067134425
2869,299e4935-d69e-4ee5-bd79-f65b959258d1,8,2869,True,24595,24193,170.79601140551677
2870,299e4935-d69e-4ee5-bd79-f65b959258d1,8,2870,True,24632,24230,163.79617632032387
2871,299e4935-d69e-4ee5-bd79-f65b959258d1,8,2871,True,24660,24258,155.93495836887814
2872,299e4935-d69e-4ee5-bd79-f65b959258d1,8,2872,True,24693,24291,144.57207011658102
2873,299e4935-d69e-4ee5-bd79-f65b959258d1,8,2873,True,24732,24330,127.19622865724523
2874,299e4935-d69e-4ee5-bd79-f65b959258d1,8,2874,True,24763,24361,140.43416910782253
2875,299e4935-d69e-4ee5-bd79-f65b959258d1,8,2875,True,24784,24382,142.45468954332682
2876,299e4935-d69e-4ee5-bd79-f65b959258d1,8,2876,True,24805,24403,152.33361786069509
2877,299e4935-d69e-4ee5-bd79-f65b959258d1,8,2877,True,24831,24429,148.46895655797925
2878,299e4935-d69e-4ee5-bd79-f65b959258d1,8,2878,True,24861,24459,172.70998597955622
2879,299e4935-d69e-4ee5-bd79-f65b959258d1,8,2879,True,24889,24487,166.02924042784434
2880,299e4935-d69e-4ee5-bd79-f65b959258d1,8,2880,True,24918,24516,167.1008574140178
2881,299e4935-d69e-4ee5-bd79-f65b959258d1,8,2881,True,24947,24545,161.03791225280656
2882,299e4935-d69e-4ee5-bd79-f65b959258d1,8,2882,True,24972,24570,155.8981685510371
2883,299e4935-d69e-4ee5-bd79-f65b959258d1,8,2883,True,24999,24597,154.41378122080278
2884,299e4935-d69e-4ee5-bd79-f65b959258d1,8,2884,True,25029,24627,148.62624906096607
2885,299e4935-d69e-4ee5-bd79-f65b959258d1,8,2885,True,25059,24657,138.9545182555048
2886,299e4935-d69e-4ee5-bd79-f65b959258d1,8,2886,True,25084,24682,157.74725546853006
2887,299e4935-d69e-4ee5-bd79-f65b959258d1,8,2887,True,25115,24713,147.59840674717634
2888,299e4935-d69e-4ee5-bd79-f65b959258d1,8,2888,True,25140,24738,143.98287960601738
2889,299e4935-d69e-4ee5-bd79-f65b959258d1,8,2889,True,25174,24772,132.5411412863723
2890,299e4935-d69e-4ee5-bd79-f65b959258d1,8,2890,True,25215,24813,145.7995622422095
2891,299e4935-d69e-4ee5-bd79-f65b959258d1,8,2891,True,25239,24837,143.65222353090576
2892,299e4935-d69e-4ee5-bd79-f65b959258d1,8,2892,True,25274,24872,160.54563755812342
2893,299e4935-d69e-4ee5-bd79-f65b959258d1,8,2893,True,25300,24898,115.45171763917824
2894,299e4935-d69e-4ee5-bd79-f65b959258d1,8,2894,True,25328,24926,129.09661695350587
2895,299e4935-d69e-4ee5-bd79-f65b959258d1,8,2895,True,25361,24959,120.28531381614448
2896,299e4935-d69e-4ee5-bd79-f65b959258d1,8,2896,True,25392,24990,113.09989188200416
2897,299e4935-d69e-4ee5-bd79-f65b959258d1,8,2897,True,25428,25026,174.20869570332798
2898,299e4935-d69e-4ee5-bd79-f65b959258d1,8,2898,True,25456,25054,168.30944366999756
2899,299e4935-d69e-4ee5-bd79-f65b959258d1,8,2899,True,25482,25080,160.667596092233
2900,299e4935-d69e-4ee5-bd79-f65b959258d1,8,2900,True,25500,25098,183.34725351033558
2901,299e4935-d69e-4ee5-bd79-f65b959258d1,8,2901,True,25525,25123,200.82792284844254
2902,299e4935-d69e-4ee5-bd79-f65b959258d1,8,2902,True,25549,25147,156.31441637117314
2903,299e4935-d69e-4ee5-bd79-f65b959258d1,8,2903,True,25579,25177,177.55562775476938
2904,299e4935-d69e-4ee5-bd79-f65b959258d1,8,2904,True,25606,25204,171.00201346849644
2905,299e4935-d69e-4ee5-bd79-f65b959258d1,8,2905,True,25641,25239,159.32098419505564
2906,299e4935-d69e-4ee5-bd79-f65b959258d1,8,2906,True,25671,25269,150.43687589364345
2907,299e4935-d69e-4ee5-bd79-f65b959258d1,8,2907,True,25710,25308,133.73363342856828
2908,299e4935-d69e-4ee5-bd79-f65b959258d1,8,2908,True,25742,25340,123.87166398834961
2909,299e4935-d69e-4ee5-bd79-f65b959258d1,8,2909,True,25780,25378,120.4409230788624
2910,299e4935-d69e-4ee5-bd79-f65b959258d1,8,2910,True,25812,25410,175.07365051471425
2911,299e4935-d69e-4ee5-bd79-f65b959258d1,8,2911,True,25839,25437,129.33636555672638
2912,299e4935-d69e-4ee5-bd79-f65b959258d1,8,2912,True,25871,25469,135.64807925088826
2913,299e4935-d69e-4ee5-bd79-f65b959258d1,8,2913,True,25895,25493,135.2588127580675
2914,299e4935-d69e-4ee5-bd79-f65b959258d1,8,2914,True,25923,25521,127.62271183012126
2915,299e4935-d69e-4ee5-bd79-f65b959258d1,8,2915,True,25948,25546,157.93065789767206
2916,299e4935-d69e-4ee5-bd79-f65b959258d1,8,2916,True,25979,25577,146.02692285779995
2917,299e4935-d69e-4ee5-bd79-f65b959258d1,8,2917,True,26009,25607,201.8392104201921
2918,299e4935-d69e-4ee5-bd79-f65b959258d1,8,2918,True,26040,25638,215.04262367439878
2919,299e4935-d69e-4ee5-bd79-f65b959258d1,8,2919,True,26074,25672,197.3827254168791
2920,299e4935-d69e-4ee5-bd79-f65b959258d1,8,2920,True,26098,25696,157.04262367439878
2921,299e4935-d69e-4ee5-bd79-f65b959258d1,8,2921,True,26125,25723,203.27092474793608
2922,299e4935-d69e-4ee5-bd79-f65b959258d1,8,2922,True,26151,25749,159.23817503717146
2923,299e4935-d69e-4ee5-bd79-f65b959258d1,8,2923,True,26170,25768,178.83045539285376
2924,299e4935-d69e-4ee5-bd79-f65b959258d1,8,2924,True,26193,25791,179.4111894432972
2925,299e4935-d69e-4ee5-bd79-f65b959258d1,8,2925,True,26216,25814,156.4111894432972
2926,299e4935-d69e-4ee5-bd79-f65b959258d1,8,2926,True,26248,25846,167.86209169626454
2927,299e4935-d69e-4ee5-bd79-f65b959258d1,8,2927,True,26277,25875,161.98267721079537
2928,299e4935-d69e-4ee5-bd79-f65b959258d1,8,2928,True,26305,25903,257.69090737140505
2929,299e4935-d69e-4ee5-bd79-f65b959258d1,8,2929,True,26334,25932,207.79618015714368
2930,299e4935-d69e-4ee5-bd79-f65b959258d1,8,2930,True,26362,25960,234.03044458540535
2931,299e4935-d69e-4ee5-bd79-f65b959258d1,8,2931,True,26395,25993,201.03044458540535
2932,299e4935-d69e-4ee5-bd79-f65b959258d1,8,2932,True,26416,26014,228.41762354946331
2933,299e4935-d69e-4ee5-bd79-f65b959258d1,8,2933,True,26442,26040,225.26954446110176
2934,299e4935-d69e-4ee5-bd79-f65b959258d1,8,2934,True,26470,26068,222.65649474096426
2935,299e4935-d69e-4ee5-bd79-f65b959258d1,8,2935,True,26508,26106,209.77303582987952
2936,299e4935-d69e-4ee5-bd79-f65b959258d1,8,2936,True,26532,26130,214.24169529604478
2937,299e4935-d69e-4ee5-bd79-f65b959258d1,8,2937,True,26558,26156,240.52555002683948
2938,299e4935-d69e-4ee5-bd79-f65b959258d1,8,2938,True,26585,26183,189.34041433917446
2939,299e4935-d69e-4ee5-bd79-f65b959258d1,8,2939,True,26609,26207,244.17689176766726
2940,299e4935-d69e-4ee5-bd79-f65b959258d1,8,2940,True,26630,26228,244.61039087172685
2941,299e4935-d69e-4ee5-bd79-f65b959258d1,8,2941,True,26659,26257,239.74897600165423
2942,299e4935-d69e-4ee5-bd79-f65b959258d1,8,2942,True,26698,26296,200.74897600165423
2943,299e4935-d69e-4ee5-bd79-f65b959258d1,8,2943,True,26719,26317,212.8208226487186
2944,299e4935-d69e-4ee5-bd79-f65b959258d1,8,2944,True,26753,26351,194.99104796221582
2945,299e4935-d69e-4ee5-bd79-f65b959258d1,8,2945,True,26792,26390,214.58570659758334
2946,299e4935-d69e-4ee5-bd79-f65b959258d1,8,2946,True,26817,26415,166.13722367073933
2947,299e4935-d69e-4ee5-bd79-f65b959258d1,8,2947,True,26846,26444,182.0023894427286
2948,299e4935-d69e-4ee5-bd79-f65b959258d1,8,2948,True,26876,26474,237.00929899746916
2949,299e4935-d69e-4ee5-bd79-f65b959258d1,8,2949,True,26896,26494,192.42755102214142
2950,299e4935-d69e-4ee5-bd79-f65b959258d1,8,2950,True,26920,26518,193.00929899746916
2951,299e4935-d69e-4ee5-bd79-f65b959258d1,8,2951,True,26950,26548,188.09144997458498
2952,299e4935-d69e-4ee5-bd79-f65b959258d1,8,2952,True,26972,26570,185.39596920727854
2953,299e4935-d69e-4ee5-bd79-f65b959258d1,8,2953,True,26996,26594,182.44305640174935
2954,299e4935-d69e-4ee5-bd79-f65b959258d1,8,2954,True,27021,26619,176.78791187028037
2955,299e4935-d69e-4ee5-bd79-f65b959258d1,8,2955,True,27037,26635,181.1297631382622
2956,299e4935-d69e-4ee5-bd79-f65b959258d1,8,2956,True,27068,26666,181.58077645451704
2957,299e4935-d69e-4ee5-bd79-f65b959258d1,8,2957,True,27092,26690,181.80106842414534
2958,299e4935-d69e-4ee5-bd79-f65b959258d1,8,2958,True,27122,26720,151.80106842414534
2959,299e4935-d69e-4ee5-bd79-f65b959258d1,8,2959,True,27155,26753,183.32945144967016
2960,299e4935-d69e-4ee5-bd79-f65b959258d1,8,2960,True,27177,26775,139.21680845792798
2961,299e4935-d69e-4ee5-bd79-f65b959258d1,8,2961,True,27204,26802,188.94550215361232
2962,299e4935-d69e-4ee5-bd79-f65b959258d1,8,2962,True,27234,26832,139.4078591075413
2963,299e4935-d69e-4ee5-bd79-f65b959258d1,8,2963,True,27261,26859,182.75608074443153
2964,299e4935-d69e-4ee5-bd79-f65b959258d1,8,2964,True,27285,26883,135.30276228584626
2965,299e4935-d69e-4ee5-bd79-f65b959258d1,8,2965,True,27317,26915,196.6447912418189
2966,299e4935-d69e-4ee5-bd79-f65b959258d1,8,2966,True,27346,26944,139.58825483522742
2967,299e4935-d69e-4ee5-bd79-f65b959258d1,8,2967,True,27367,26965,167.5096536974197
2968,299e4935-d69e-4ee5-bd79-f65b959258d1,8,2968,True,27390,26988,211.07142246864896
2969,299e4935-d69e-4ee5-bd79-f65b959258d1,8,2969,True,27418,27016,183.07142246864896
2970,299e4935-d69e-4ee5-bd79-f65b959258d1,8,2970,True,27457,27055,124.77471851105292
2971,299e4935-d69e-4ee5-bd79-f65b959258d1,8,2971,True,27488,27086,150.87330615060273
2972,299e4935-d69e-4ee5-bd79-f65b959258d1,8,2972,True,27508,27106,152.5701814324093
2973,299e4935-d69e-4ee5-bd79-f65b959258d1,8,2973,True,27530,27128,156.3445975550312
2974,299e4935-d69e-4ee5-bd79-f65b959258d1,8,2974,True,27556,27154,149.20253734867947
2975,299e4935-d69e-4ee5-bd79-f65b959258d1,8,2975,True,27577,27175,163.73518952269296
2976,299e4935-d69e-4ee5-bd79-f65b959258d1,8,2976,True,27601,27199,211.80961532867877
2977,299e4935-d69e-4ee5-bd79-f65b959258d1,8,2977,True,27635,27233,177.80961532867877
2978,299e4935-d69e-4ee5-bd79-f65b959258d1,8,2978,True,27668,27266,169.12459438496444
2979,299e4935-d69e-4ee5-bd79-f65b959258d1,8,2979,True,27693,27291,174.3111769402385
2980,299e4935-d69e-4ee5-bd79-f65b959258d1,8,2980,True,27720,27318,246.84437843264823
2981,299e4935-d69e-4ee5-bd79-f65b959258d1,8,2981,True,27743,27341,223.84437843264823
2982,299e4935-d69e-4ee5-bd79-f65b959258d1,8,2982,True,27770,27368,264.4572886164933
2983,299e4935-d69e-4ee5-bd79-f65b959258d1,8,2983,True,27788,27386,204.02154585058088
2984,299e4935-d69e-4ee5-bd79-f65b959258d1,8,2984,True,27811,27409,243.91706018874538
2985,299e4935-d69e-4ee5-bd79-f65b959258d1,8,2985,True,27833,27431,278.96353750670824
2986,299e4935-d69e-4ee5-bd79-f65b959258d1,8,2986,True,27856,27454,234.8177910619197
2987,299e4935-d69e-4ee5-bd79-f65b959258d1,8,2987,True,27895,27493,276.0027815801732
2988,299e4935-d69e-4ee5-bd79-f65b959258d1,8,2988,True,27920,27518,226.9526507346054
2989,299e4935-d69e-4ee5-bd79-f65b959258d1,8,2989,True,27936,27534,235.00278158017318
2990,299e4935-d69e-4ee5-bd79-f65b959258d1,8,2990,True,27966,27564,205.00278158017318
2991,299e4935-d69e-4ee5-bd79-f65b959258d1,8,2991,True,28005,27603,236.19128741565873
2992,299e4935-d69e-4ee5-bd79-f65b959258d1,8,2992,True,28036,27634,175.44262527415776
2993,299e4935-d69e-4ee5-bd79-f65b959258d1,8,2993,True,28064,27662,177.19128741565873
2994,299e4935-d69e-4ee5-bd79-f65b959258d1,8,2994,True,28091,27689,175.8241951203745
2995,299e4935-d69e-4ee5-bd79-f65b959258d1,8,2995,True,28116,27714,174.1286639356149
2996,299e4935-d69e-4ee5-bd79-f65b959258d1,8,2996,True,28144,27742,122.8241951203745
2997,299e4935-d69e-4ee5-bd79-f65b959258d1,8,2997,True,28166,27764,124.1286639356149
2998,299e4935-d69e-4ee5-bd79-f65b959258d1,8,2998,True,28197,27795,117.7136841478241
2999,299e4935-d69e-4ee5-bd79-f65b959258d1,8,2999,True,28225,27823,89.7136841478241
