{"clients": [{"6": {"client_id": 0, "slo": 0, "num_jobs": 5000, "throughput_qps": 22.101042580092646, "total_num_complete": 3564, "goodput_qps": 0, "total_num_tardy": 3564, "median_tardiness_ms": 81.41185886719904, "mean_tardiness_ms": 82.31475351488925, "std_tardiness_ms": 6.69003152254645, "median_latency_ms": 81.41185886719904, "mean_latency_ms": 82.31475351488925, "std_latency_ms": 6.69003152254645, "p99_latency_ms": 103.6114912342236, "total_num_dropped": 1436, "drop_rate_qps": 8.904909412180988}}, {"7": {"client_id": 1, "slo": 0, "num_jobs": 5000, "throughput_qps": 21.626793989141603, "total_num_complete": 3489, "goodput_qps": 0, "total_num_tardy": 3489, "median_tardiness_ms": 89.4832134629687, "mean_tardiness_ms": 90.42502142712303, "std_tardiness_ms": 6.967587186064706, "median_latency_ms": 89.4832134629687, "mean_latency_ms": 90.42502142712303, "std_latency_ms": 6.967587186064706, "p99_latency_ms": 112.21078464513906, "total_num_dropped": 1511, "drop_rate_qps": 9.366032019946392}}, {"8": {"client_id": 2, "slo": 0, "num_jobs": 5000, "throughput_qps": 21.838757302799074, "total_num_complete": 3497, "goodput_qps": 0, "total_num_tardy": 3497, "median_tardiness_ms": 99.9056997304142, "mean_tardiness_ms": 100.66004519516538, "std_tardiness_ms": 7.070302956266735, "median_latency_ms": 99.9056997304142, "mean_latency_ms": 100.66004519516538, "std_latency_ms": 7.070302956266735, "p99_latency_ms": 121.6718276426346, "total_num_dropped": 1503, "drop_rate_qps": 9.386231691766373}}]}