,client_id,workflow_id,job_id,was_completed,deadline,create_time,response_time
0,7102f5ce-f399-4dd7-a1eb-461e48df4922,6,0,True,338,26,66.56056256298928
1,7102f5ce-f399-4dd7-a1eb-461e48df4922,6,1,True,370,58,61.10876052845791
2,7102f5ce-f399-4dd7-a1eb-461e48df4922,6,2,True,391,79,77.83375603800178
3,7102f5ce-f399-4dd7-a1eb-461e48df4922,6,3,True,420,108,85.16286508988111
4,7102f5ce-f399-4dd7-a1eb-461e48df4922,6,4,True,454,142,68.14292211684526
5,7102f5ce-f399-4dd7-a1eb-461e48df4922,6,5,True,476,164,85.29303257043634
6,7102f5ce-f399-4dd7-a1eb-461e48df4922,6,6,True,501,189,72.72958746075943
7,7102f5ce-f399-4dd7-a1eb-461e48df4922,6,7,True,528,216,91.67619611335192
8,7102f5ce-f399-4dd7-a1eb-461e48df4922,6,8,True,557,245,97.7010842148519
9,7102f5ce-f399-4dd7-a1eb-461e48df4922,6,9,True,581,269,90.51111382349552
10,7102f5ce-f399-4dd7-a1eb-461e48df4922,6,10,True,608,296,131.55012633146197
11,7102f5ce-f399-4dd7-a1eb-461e48df4922,6,11,True,631,319,105.9585999783286
12,7102f5ce-f399-4dd7-a1eb-461e48df4922,6,12,True,660,348,108.0082332843815
13,7102f5ce-f399-4dd7-a1eb-461e48df4922,6,13,True,689,377,127.04193458293713
14,7102f5ce-f399-4dd7-a1eb-461e48df4922,6,14,True,714,402,124.20592057836143
15,7102f5ce-f399-4dd7-a1eb-461e48df4922,6,15,True,745,433,119.00006345655333
16,7102f5ce-f399-4dd7-a1eb-461e48df4922,6,16,True,765,453,150.6436825586045
17,7102f5ce-f399-4dd7-a1eb-461e48df4922,6,17,True,789,477,95.8199362347076
18,7102f5ce-f399-4dd7-a1eb-461e48df4922,6,18,True,814,502,138.1681466783814
19,7102f5ce-f399-4dd7-a1eb-461e48df4922,6,19,True,842,530,107.5850869514801
20,7102f5ce-f399-4dd7-a1eb-461e48df4922,6,20,True,880,568,94.81298192364568
21,7102f5ce-f399-4dd7-a1eb-461e48df4922,6,21,True,909,597,91.73850639419072
22,7102f5ce-f399-4dd7-a1eb-461e48df4922,6,22,True,928,616,102.43118378489964
23,7102f5ce-f399-4dd7-a1eb-461e48df4922,6,23,True,943,631,101.76163568499248
24,7102f5ce-f399-4dd7-a1eb-461e48df4922,6,24,True,969,657,142.00739748082867
25,7102f5ce-f399-4dd7-a1eb-461e48df4922,6,25,True,1003,691,182.72599580161625
26,7102f5ce-f399-4dd7-a1eb-461e48df4922,6,26,True,1027,715,142.07393875404807
27,7102f5ce-f399-4dd7-a1eb-461e48df4922,6,27,True,1048,736,172.61693384918283
28,7102f5ce-f399-4dd7-a1eb-461e48df4922,6,28,True,1080,768,137.9986817185693
29,7102f5ce-f399-4dd7-a1eb-461e48df4922,6,29,True,1111,799,158.39617451792094
30,7102f5ce-f399-4dd7-a1eb-461e48df4922,6,30,True,1143,831,123.5549255569648
31,7102f5ce-f399-4dd7-a1eb-461e48df4922,6,31,True,1168,856,145.88846674815034
32,7102f5ce-f399-4dd7-a1eb-461e48df4922,6,32,True,1202,890,141.93756583465597
33,7102f5ce-f399-4dd7-a1eb-461e48df4922,6,33,True,1227,915,133.9959576996148
34,7102f5ce-f399-4dd7-a1eb-461e48df4922,6,34,True,1252,940,143.4947852149446
35,7102f5ce-f399-4dd7-a1eb-461e48df4922,6,35,True,1283,971,129.376207082091
36,7102f5ce-f399-4dd7-a1eb-461e48df4922,6,36,True,1318,1006,118.95170408788022
37,7102f5ce-f399-4dd7-a1eb-461e48df4922,6,37,True,1338,1026,114.60047585378652
38,7102f5ce-f399-4dd7-a1eb-461e48df4922,6,38,True,1370,1058,154.12666185318585
39,7102f5ce-f399-4dd7-a1eb-461e48df4922,6,39,True,1402,1090,102.09462811693152
40,7102f5ce-f399-4dd7-a1eb-461e48df4922,6,40,True,1430,1118,140.69506983168367
41,7102f5ce-f399-4dd7-a1eb-461e48df4922,6,41,True,1455,1143,112.72806629098272
42,7102f5ce-f399-4dd7-a1eb-461e48df4922,6,42,True,1491,1179,170.13555570400194
43,7102f5ce-f399-4dd7-a1eb-461e48df4922,6,43,True,1517,1205,125.69581804581594
44,7102f5ce-f399-4dd7-a1eb-461e48df4922,6,44,True,1540,1228,170.22639751660313
45,7102f5ce-f399-4dd7-a1eb-461e48df4922,6,45,True,1564,1252,125.30216949797705
46,7102f5ce-f399-4dd7-a1eb-461e48df4922,6,46,True,1601,1289,142.89723399650165
47,7102f5ce-f399-4dd7-a1eb-461e48df4922,6,47,True,1631,1319,130.41693253677454
48,7102f5ce-f399-4dd7-a1eb-461e48df4922,6,48,True,1664,1352,133.82507411933875
49,7102f5ce-f399-4dd7-a1eb-461e48df4922,6,49,True,1699,1387,115.0325474023955
50,7102f5ce-f399-4dd7-a1eb-461e48df4922,6,50,True,1724,1412,149.15569462237454
51,7102f5ce-f399-4dd7-a1eb-461e48df4922,6,51,True,1747,1435,113.83226868911447
52,7102f5ce-f399-4dd7-a1eb-461e48df4922,6,52,True,1773,1461,142.70234977177483
53,7102f5ce-f399-4dd7-a1eb-461e48df4922,6,53,True,1793,1481,125.13483008357093
54,7102f5ce-f399-4dd7-a1eb-461e48df4922,6,54,True,1832,1520,170.2167788482775
55,7102f5ce-f399-4dd7-a1eb-461e48df4922,6,55,True,1860,1548,139.63714390000337
56,7102f5ce-f399-4dd7-a1eb-461e48df4922,6,56,True,1886,1574,251.81078130510582
57,7102f5ce-f399-4dd7-a1eb-461e48df4922,6,57,True,1928,1616,127.38778182723468
58,7102f5ce-f399-4dd7-a1eb-461e48df4922,6,58,True,1956,1644,101.81569409020062
59,7102f5ce-f399-4dd7-a1eb-461e48df4922,6,59,True,1980,1668,243.19871267696453
60,7102f5ce-f399-4dd7-a1eb-461e48df4922,6,60,True,2009,1697,210.68222015206607
61,7102f5ce-f399-4dd7-a1eb-461e48df4922,6,61,True,2025,1713,198.19871267696453
62,7102f5ce-f399-4dd7-a1eb-461e48df4922,6,62,True,2061,1749,242.16000309960282
63,7102f5ce-f399-4dd7-a1eb-461e48df4922,6,63,True,2082,1770,223.29499325041502
64,7102f5ce-f399-4dd7-a1eb-461e48df4922,6,64,True,2112,1800,191.16000309960282
65,7102f5ce-f399-4dd7-a1eb-461e48df4922,6,65,True,2135,1823,240.74521184531295
66,7102f5ce-f399-4dd7-a1eb-461e48df4922,6,66,True,2161,1849,207.9148725913683
67,7102f5ce-f399-4dd7-a1eb-461e48df4922,6,67,True,2191,1879,184.74521184531295
68,7102f5ce-f399-4dd7-a1eb-461e48df4922,6,68,True,2216,1904,207.61402235188962
69,7102f5ce-f399-4dd7-a1eb-461e48df4922,6,69,True,2247,1935,194.09269259556868
70,7102f5ce-f399-4dd7-a1eb-461e48df4922,6,70,True,2275,1963,162.60376376419345
71,7102f5ce-f399-4dd7-a1eb-461e48df4922,6,71,True,2305,1993,181.57441405834925
72,7102f5ce-f399-4dd7-a1eb-461e48df4922,6,72,True,2336,2024,155.65659288488814
73,7102f5ce-f399-4dd7-a1eb-461e48df4922,6,73,True,2374,2062,138.77638998435123
74,7102f5ce-f399-4dd7-a1eb-461e48df4922,6,74,True,2399,2087,143.05061334322272
75,7102f5ce-f399-4dd7-a1eb-461e48df4922,6,75,True,2436,2124,132.03300120604672
76,7102f5ce-f399-4dd7-a1eb-461e48df4922,6,76,True,2460,2148,131.8886219658316
77,7102f5ce-f399-4dd7-a1eb-461e48df4922,6,77,True,2493,2181,124.03350698520171
78,7102f5ce-f399-4dd7-a1eb-461e48df4922,6,78,True,2521,2209,122.94250083148245
79,7102f5ce-f399-4dd7-a1eb-461e48df4922,6,79,True,2557,2245,119.23332598699744
80,7102f5ce-f399-4dd7-a1eb-461e48df4922,6,80,True,2582,2270,106.96849863290436
81,7102f5ce-f399-4dd7-a1eb-461e48df4922,6,81,True,2617,2305,98.67207029659812
82,7102f5ce-f399-4dd7-a1eb-461e48df4922,6,82,True,2647,2335,149.07404286058681
83,7102f5ce-f399-4dd7-a1eb-461e48df4922,6,83,True,2669,2357,111.617990131831
84,7102f5ce-f399-4dd7-a1eb-461e48df4922,6,84,True,2698,2386,122.04309411421582
85,7102f5ce-f399-4dd7-a1eb-461e48df4922,6,85,True,2718,2406,113.09609004698632
86,7102f5ce-f399-4dd7-a1eb-461e48df4922,6,86,True,2746,2434,136.8621943921712
87,7102f5ce-f399-4dd7-a1eb-461e48df4922,6,87,True,2776,2464,116.11045281937868
88,7102f5ce-f399-4dd7-a1eb-461e48df4922,6,88,True,2807,2495,126.40516985175827
89,7102f5ce-f399-4dd7-a1eb-461e48df4922,6,89,True,2832,2520,106.36952563243358
90,7102f5ce-f399-4dd7-a1eb-461e48df4922,6,90,True,2862,2550,151.91990736018943
91,7102f5ce-f399-4dd7-a1eb-461e48df4922,6,91,True,2892,2580,124.48139637562826
92,7102f5ce-f399-4dd7-a1eb-461e48df4922,6,92,True,2911,2599,128.46781884386655
93,7102f5ce-f399-4dd7-a1eb-461e48df4922,6,93,True,2935,2623,111.06007849059279
94,7102f5ce-f399-4dd7-a1eb-461e48df4922,6,94,True,2970,2658,100.17477089458816
95,7102f5ce-f399-4dd7-a1eb-461e48df4922,6,95,True,3003,2691,109.28219754156953
96,7102f5ce-f399-4dd7-a1eb-461e48df4922,6,96,True,3032,2720,126.74357945690645
97,7102f5ce-f399-4dd7-a1eb-461e48df4922,6,97,True,3054,2742,111.03113885172252
98,7102f5ce-f399-4dd7-a1eb-461e48df4922,6,98,True,3078,2766,140.6071221754305
99,7102f5ce-f399-4dd7-a1eb-461e48df4922,6,99,True,3108,2796,120.01207154138592
100,7102f5ce-f399-4dd7-a1eb-461e48df4922,6,100,True,3145,2833,124.87861029890882
101,7102f5ce-f399-4dd7-a1eb-461e48df4922,6,101,True,3172,2860,147.96928205642735
102,7102f5ce-f399-4dd7-a1eb-461e48df4922,6,102,True,3196,2884,136.55280537404224
103,7102f5ce-f399-4dd7-a1eb-461e48df4922,6,103,True,3230,2918,132.6226619129061
104,7102f5ce-f399-4dd7-a1eb-461e48df4922,6,104,True,3252,2940,106.65005343931853
105,7102f5ce-f399-4dd7-a1eb-461e48df4922,6,105,True,3290,2978,104.34765792958797
106,7102f5ce-f399-4dd7-a1eb-461e48df4922,6,106,True,3319,3007,141.24637468198716
107,7102f5ce-f399-4dd7-a1eb-461e48df4922,6,107,True,3340,3028,117.92040248459989
108,7102f5ce-f399-4dd7-a1eb-461e48df4922,6,108,True,3375,3063,129.82302603048538
109,7102f5ce-f399-4dd7-a1eb-461e48df4922,6,109,True,3406,3094,101.13038638314765
110,7102f5ce-f399-4dd7-a1eb-461e48df4922,6,110,True,3431,3119,103.78996007131082
111,7102f5ce-f399-4dd7-a1eb-461e48df4922,6,111,True,3459,3147,145.74081527111503
112,7102f5ce-f399-4dd7-a1eb-461e48df4922,6,112,True,3492,3180,141.4419614183612
113,7102f5ce-f399-4dd7-a1eb-461e48df4922,6,113,True,3523,3211,107.90724640271446
114,7102f5ce-f399-4dd7-a1eb-461e48df4922,6,114,True,3558,3246,124.25237340482954
115,7102f5ce-f399-4dd7-a1eb-461e48df4922,6,115,True,3584,3272,94.0779372812658
116,7102f5ce-f399-4dd7-a1eb-461e48df4922,6,116,True,3613,3301,115.97551164318293
117,7102f5ce-f399-4dd7-a1eb-461e48df4922,6,117,True,3640,3328,133.31144333689508
118,7102f5ce-f399-4dd7-a1eb-461e48df4922,6,118,True,3664,3352,89.88655337173395
119,7102f5ce-f399-4dd7-a1eb-461e48df4922,6,119,True,3676,3364,103.97380904682541
120,7102f5ce-f399-4dd7-a1eb-461e48df4922,6,120,True,3709,3397,116.78312650435146
121,7102f5ce-f399-4dd7-a1eb-461e48df4922,6,121,True,3730,3418,135.16413844511635
122,7102f5ce-f399-4dd7-a1eb-461e48df4922,6,122,True,3762,3450,139.96112921596978
123,7102f5ce-f399-4dd7-a1eb-461e48df4922,6,123,True,3792,3480,205.26231484650407
124,7102f5ce-f399-4dd7-a1eb-461e48df4922,6,124,True,3820,3508,147.5302551353684
125,7102f5ce-f399-4dd7-a1eb-461e48df4922,6,125,True,3848,3536,201.97190645155115
126,7102f5ce-f399-4dd7-a1eb-461e48df4922,6,126,True,3881,3569,113.60204130036891
127,7102f5ce-f399-4dd7-a1eb-461e48df4922,6,127,True,3908,3596,160.98876058717178
128,7102f5ce-f399-4dd7-a1eb-461e48df4922,6,128,True,3942,3630,133.37152136709574
129,7102f5ce-f399-4dd7-a1eb-461e48df4922,6,129,True,3968,3656,206.17603600666007
130,7102f5ce-f399-4dd7-a1eb-461e48df4922,6,130,True,3990,3678,161.15074031741688
131,7102f5ce-f399-4dd7-a1eb-461e48df4922,6,131,True,4018,3706,209.29077284800724
132,7102f5ce-f399-4dd7-a1eb-461e48df4922,6,132,True,4048,3736,167.1428256100603
133,7102f5ce-f399-4dd7-a1eb-461e48df4922,6,133,True,4088,3776,139.29077284800724
134,7102f5ce-f399-4dd7-a1eb-461e48df4922,6,134,True,4117,3805,158.4787030124903
135,7102f5ce-f399-4dd7-a1eb-461e48df4922,6,135,True,4143,3831,130.0766106255146
136,7102f5ce-f399-4dd7-a1eb-461e48df4922,6,136,True,4168,3856,157.07814582766514
137,7102f5ce-f399-4dd7-a1eb-461e48df4922,6,137,True,4183,3871,149.75844443368305
138,7102f5ce-f399-4dd7-a1eb-461e48df4922,6,138,True,4217,3905,129.39461182372952
139,7102f5ce-f399-4dd7-a1eb-461e48df4922,6,139,True,4244,3932,184.24749359735688
140,7102f5ce-f399-4dd7-a1eb-461e48df4922,6,140,True,4272,3960,127.4736070608833
141,7102f5ce-f399-4dd7-a1eb-461e48df4922,6,141,True,4294,3982,179.366635042933
142,7102f5ce-f399-4dd7-a1eb-461e48df4922,6,142,True,4320,4008,130.68415988311972
143,7102f5ce-f399-4dd7-a1eb-461e48df4922,6,143,True,4350,4038,150.26535975376555
144,7102f5ce-f399-4dd7-a1eb-461e48df4922,6,144,True,4376,4064,133.13273008701708
145,7102f5ce-f399-4dd7-a1eb-461e48df4922,6,145,True,4404,4092,171.93200337025155
146,7102f5ce-f399-4dd7-a1eb-461e48df4922,6,146,True,4434,4122,146.0224737406088
147,7102f5ce-f399-4dd7-a1eb-461e48df4922,6,147,True,4452,4140,133.1711452460986
148,7102f5ce-f399-4dd7-a1eb-461e48df4922,6,148,True,4490,4178,141.64186397166395
149,7102f5ce-f399-4dd7-a1eb-461e48df4922,6,149,True,4516,4204,122.81537622382348
150,7102f5ce-f399-4dd7-a1eb-461e48df4922,6,150,True,4543,4231,158.73193059431742
151,7102f5ce-f399-4dd7-a1eb-461e48df4922,6,151,True,4581,4269,158.84117182464706
152,7102f5ce-f399-4dd7-a1eb-461e48df4922,6,152,True,4603,4291,165.8163272414231
153,7102f5ce-f399-4dd7-a1eb-461e48df4922,6,153,True,4623,4311,167.73358590527369
154,7102f5ce-f399-4dd7-a1eb-461e48df4922,6,154,True,4642,4330,163.26426348785662
155,7102f5ce-f399-4dd7-a1eb-461e48df4922,6,155,True,4660,4348,155.8315405624544
156,7102f5ce-f399-4dd7-a1eb-461e48df4922,6,156,True,4694,4382,163.72760490150813
157,7102f5ce-f399-4dd7-a1eb-461e48df4922,6,157,True,4727,4415,137.9172954033629
158,7102f5ce-f399-4dd7-a1eb-461e48df4922,6,158,True,4747,4435,160.22736160151453
159,7102f5ce-f399-4dd7-a1eb-461e48df4922,6,159,True,4777,4465,144.59298682265398
160,7102f5ce-f399-4dd7-a1eb-461e48df4922,6,160,True,4801,4489,161.59605519764045
161,7102f5ce-f399-4dd7-a1eb-461e48df4922,6,161,True,4827,4515,133.3929784838956
162,7102f5ce-f399-4dd7-a1eb-461e48df4922,6,162,True,4852,4540,160.65963882778215
163,7102f5ce-f399-4dd7-a1eb-461e48df4922,6,163,True,4886,4574,186.37792370954958
164,7102f5ce-f399-4dd7-a1eb-461e48df4922,6,164,True,4918,4606,157.10203592687867
165,7102f5ce-f399-4dd7-a1eb-461e48df4922,6,165,True,4938,4626,215.07049972502318
166,7102f5ce-f399-4dd7-a1eb-461e48df4922,6,166,True,4966,4654,184.50841351285362
167,7102f5ce-f399-4dd7-a1eb-461e48df4922,6,167,True,4991,4679,152.94612784211586
168,7102f5ce-f399-4dd7-a1eb-461e48df4922,6,168,True,5017,4705,251.7275223883462
169,7102f5ce-f399-4dd7-a1eb-461e48df4922,6,169,True,5053,4741,213.01151784604463
170,7102f5ce-f399-4dd7-a1eb-461e48df4922,6,170,True,5078,4766,164.12130683653777
171,7102f5ce-f399-4dd7-a1eb-461e48df4922,6,171,True,5118,4806,204.09627747545346
172,7102f5ce-f399-4dd7-a1eb-461e48df4922,6,172,True,5148,4836,240.98246707319686
173,7102f5ce-f399-4dd7-a1eb-461e48df4922,6,173,True,5172,4860,219.65212757119207
174,7102f5ce-f399-4dd7-a1eb-461e48df4922,6,174,True,5202,4890,194.78898198832576
175,7102f5ce-f399-4dd7-a1eb-461e48df4922,6,175,True,5221,4909,222.90744773741426
176,7102f5ce-f399-4dd7-a1eb-461e48df4922,6,176,True,5238,4926,158.78898198832576
177,7102f5ce-f399-4dd7-a1eb-461e48df4922,6,177,True,5265,4953,190.30715078647063
178,7102f5ce-f399-4dd7-a1eb-461e48df4922,6,178,True,5290,4978,153.90744773741426
179,7102f5ce-f399-4dd7-a1eb-461e48df4922,6,179,True,5311,4999,191.71331150509195
180,7102f5ce-f399-4dd7-a1eb-461e48df4922,6,180,True,5341,5029,151.11483368853897
181,7102f5ce-f399-4dd7-a1eb-461e48df4922,6,181,True,5360,5048,193.67156882420386
182,7102f5ce-f399-4dd7-a1eb-461e48df4922,6,182,True,5391,5079,155.50033806020292
183,7102f5ce-f399-4dd7-a1eb-461e48df4922,6,183,True,5417,5105,161.63100634379134
184,7102f5ce-f399-4dd7-a1eb-461e48df4922,6,184,True,5443,5131,173.63428158849183
185,7102f5ce-f399-4dd7-a1eb-461e48df4922,6,185,True,5475,5163,153.5698048276363
186,7102f5ce-f399-4dd7-a1eb-461e48df4922,6,186,True,5502,5190,164.5373924767864
187,7102f5ce-f399-4dd7-a1eb-461e48df4922,6,187,True,5522,5210,155.1889411191396
188,7102f5ce-f399-4dd7-a1eb-461e48df4922,6,188,True,5539,5227,165.040936993144
189,7102f5ce-f399-4dd7-a1eb-461e48df4922,6,189,True,5559,5247,142.36829947922797
190,7102f5ce-f399-4dd7-a1eb-461e48df4922,6,190,True,5591,5279,164.7240488427433
191,7102f5ce-f399-4dd7-a1eb-461e48df4922,6,191,True,5633,5321,120.32367656737279
192,7102f5ce-f399-4dd7-a1eb-461e48df4922,6,192,True,5657,5345,147.29126090429781
193,7102f5ce-f399-4dd7-a1eb-461e48df4922,6,193,True,5675,5363,141.9915968029636
194,7102f5ce-f399-4dd7-a1eb-461e48df4922,6,194,True,5705,5393,124.00150624391608
195,7102f5ce-f399-4dd7-a1eb-461e48df4922,6,195,True,5732,5420,137.75928049343202
196,7102f5ce-f399-4dd7-a1eb-461e48df4922,6,196,True,5761,5449,119.49321937945751
197,7102f5ce-f399-4dd7-a1eb-461e48df4922,6,197,True,5776,5464,118.24865088495062
198,7102f5ce-f399-4dd7-a1eb-461e48df4922,6,198,True,5815,5503,115.3997358899187
199,7102f5ce-f399-4dd7-a1eb-461e48df4922,6,199,True,5842,5530,136.47268834763418
200,7102f5ce-f399-4dd7-a1eb-461e48df4922,6,200,True,5866,5554,120.76565378938176
201,7102f5ce-f399-4dd7-a1eb-461e48df4922,6,201,True,5893,5581,141.04812790905635
202,7102f5ce-f399-4dd7-a1eb-461e48df4922,6,202,True,5922,5610,147.53981937451226
203,7102f5ce-f399-4dd7-a1eb-461e48df4922,6,203,True,5953,5641,118.46611456168284
204,7102f5ce-f399-4dd7-a1eb-461e48df4922,6,204,True,5978,5666,158.83812570340342
205,7102f5ce-f399-4dd7-a1eb-461e48df4922,6,205,True,6009,5697,175.13585675037848
206,7102f5ce-f399-4dd7-a1eb-461e48df4922,6,206,True,6045,5733,191.36230728436567
207,7102f5ce-f399-4dd7-a1eb-461e48df4922,6,207,True,6084,5772,124.40435797918872
208,7102f5ce-f399-4dd7-a1eb-461e48df4922,6,208,True,6113,5801,120.87980329046877
209,7102f5ce-f399-4dd7-a1eb-461e48df4922,6,209,True,6128,5816,161.12682897970353
210,7102f5ce-f399-4dd7-a1eb-461e48df4922,6,210,True,6154,5842,137.4780974778314
211,7102f5ce-f399-4dd7-a1eb-461e48df4922,6,211,True,6183,5871,130.11626170156342
212,7102f5ce-f399-4dd7-a1eb-461e48df4922,6,212,True,6217,5905,183.6822424614993
213,7102f5ce-f399-4dd7-a1eb-461e48df4922,6,213,True,6243,5931,129.18717470428055
214,7102f5ce-f399-4dd7-a1eb-461e48df4922,6,214,True,6277,5965,170.2143775859422
215,7102f5ce-f399-4dd7-a1eb-461e48df4922,6,215,True,6304,5992,140.0345837187806
216,7102f5ce-f399-4dd7-a1eb-461e48df4922,6,216,True,6344,6032,170.91303649497058
217,7102f5ce-f399-4dd7-a1eb-461e48df4922,6,217,True,6367,6055,159.83541690112816
218,7102f5ce-f399-4dd7-a1eb-461e48df4922,6,218,True,6397,6085,204.09398356127713
219,7102f5ce-f399-4dd7-a1eb-461e48df4922,6,219,True,6417,6105,157.61537001808574
220,7102f5ce-f399-4dd7-a1eb-461e48df4922,6,220,True,6445,6133,197.13147227035188
221,7102f5ce-f399-4dd7-a1eb-461e48df4922,6,221,True,6473,6161,181.87601411067135
222,7102f5ce-f399-4dd7-a1eb-461e48df4922,6,222,True,6502,6190,194.42168683032287
223,7102f5ce-f399-4dd7-a1eb-461e48df4922,6,223,True,6537,6225,227.34415314349462
224,7102f5ce-f399-4dd7-a1eb-461e48df4922,6,224,True,6558,6246,183.5469847659333
225,7102f5ce-f399-4dd7-a1eb-461e48df4922,6,225,True,6590,6278,211.04524628473882
226,7102f5ce-f399-4dd7-a1eb-461e48df4922,6,226,True,6621,6309,206.8014547211833
227,7102f5ce-f399-4dd7-a1eb-461e48df4922,6,227,True,6642,6330,170.77555114061124
228,7102f5ce-f399-4dd7-a1eb-461e48df4922,6,228,True,6667,6355,210.61583790675286
229,7102f5ce-f399-4dd7-a1eb-461e48df4922,6,229,True,6693,6381,173.4356278247451
230,7102f5ce-f399-4dd7-a1eb-461e48df4922,6,230,True,6729,6417,199.75669844597815
231,7102f5ce-f399-4dd7-a1eb-461e48df4922,6,231,True,6757,6445,156.89102517673382
232,7102f5ce-f399-4dd7-a1eb-461e48df4922,6,232,True,6783,6471,191.82480992627097
233,7102f5ce-f399-4dd7-a1eb-461e48df4922,6,233,True,6811,6499,146.93239758634172
234,7102f5ce-f399-4dd7-a1eb-461e48df4922,6,234,True,6839,6527,183.12992582207607
235,7102f5ce-f399-4dd7-a1eb-461e48df4922,6,235,True,6869,6557,157.41418957351198
236,7102f5ce-f399-4dd7-a1eb-461e48df4922,6,236,True,6887,6575,149.54402776424104
237,7102f5ce-f399-4dd7-a1eb-461e48df4922,6,237,True,6908,6596,195.39629375709774
238,7102f5ce-f399-4dd7-a1eb-461e48df4922,6,238,True,6929,6617,150.77689099476174
239,7102f5ce-f399-4dd7-a1eb-461e48df4922,6,239,True,6951,6639,116.16717850899386
240,7102f5ce-f399-4dd7-a1eb-461e48df4922,6,240,True,6987,6675,187.85051597865004
241,7102f5ce-f399-4dd7-a1eb-461e48df4922,6,241,True,7017,6705,155.12012471134403
242,7102f5ce-f399-4dd7-a1eb-461e48df4922,6,242,True,7039,6727,202.91324864396665
243,7102f5ce-f399-4dd7-a1eb-461e48df4922,6,243,True,7061,6749,177.94779523022225
244,7102f5ce-f399-4dd7-a1eb-461e48df4922,6,244,True,7083,6771,236.04901619793054
245,7102f5ce-f399-4dd7-a1eb-461e48df4922,6,245,True,7103,6791,213.21365654479996
246,7102f5ce-f399-4dd7-a1eb-461e48df4922,6,246,True,7126,6814,193.04901619793054
247,7102f5ce-f399-4dd7-a1eb-461e48df4922,6,247,True,7154,6842,237.3387085468412
248,7102f5ce-f399-4dd7-a1eb-461e48df4922,6,248,True,7184,6872,156.54186589351048
249,7102f5ce-f399-4dd7-a1eb-461e48df4922,6,249,True,7201,6889,163.66840095230236
250,7102f5ce-f399-4dd7-a1eb-461e48df4922,6,250,True,7234,6922,175.83556051174855
251,7102f5ce-f399-4dd7-a1eb-461e48df4922,6,251,True,7256,6944,160.98320595673613
252,7102f5ce-f399-4dd7-a1eb-461e48df4922,6,252,True,7282,6970,181.28705741935119
253,7102f5ce-f399-4dd7-a1eb-461e48df4922,6,253,True,7312,7000,227.15623503144343
254,7102f5ce-f399-4dd7-a1eb-461e48df4922,6,254,True,7339,7027,169.523556650307
255,7102f5ce-f399-4dd7-a1eb-461e48df4922,6,255,True,7353,7041,186.15623503144343
256,7102f5ce-f399-4dd7-a1eb-461e48df4922,6,256,True,7381,7069,182.3027472456688
257,7102f5ce-f399-4dd7-a1eb-461e48df4922,6,257,True,7401,7089,156.3117545004461
258,7102f5ce-f399-4dd7-a1eb-461e48df4922,6,258,True,7429,7117,197.15192599420516
259,7102f5ce-f399-4dd7-a1eb-461e48df4922,6,259,True,7453,7141,175.6475231713457
260,7102f5ce-f399-4dd7-a1eb-461e48df4922,6,260,True,7476,7164,165.6669024650837
261,7102f5ce-f399-4dd7-a1eb-461e48df4922,6,261,True,7505,7193,188.04005130276892
262,7102f5ce-f399-4dd7-a1eb-461e48df4922,6,262,True,7538,7226,161.26841488424634
263,7102f5ce-f399-4dd7-a1eb-461e48df4922,6,263,True,7557,7245,194.81833495526826
264,7102f5ce-f399-4dd7-a1eb-461e48df4922,6,264,True,7586,7274,138.07918032204088
265,7102f5ce-f399-4dd7-a1eb-461e48df4922,6,265,True,7613,7301,136.11895881270993
266,7102f5ce-f399-4dd7-a1eb-461e48df4922,6,266,True,7637,7325,139.5555148903195
267,7102f5ce-f399-4dd7-a1eb-461e48df4922,6,267,True,7667,7355,135.33217867023995
268,7102f5ce-f399-4dd7-a1eb-461e48df4922,6,268,True,7696,7384,102.99563270600902
269,7102f5ce-f399-4dd7-a1eb-461e48df4922,6,269,True,7716,7404,138.38384351171044
270,7102f5ce-f399-4dd7-a1eb-461e48df4922,6,270,True,7739,7427,161.01212717043927
271,7102f5ce-f399-4dd7-a1eb-461e48df4922,6,271,True,7761,7449,145.35925483734172
272,7102f5ce-f399-4dd7-a1eb-461e48df4922,6,272,True,7780,7468,158.8037020988413
273,7102f5ce-f399-4dd7-a1eb-461e48df4922,6,273,True,7800,7488,152.03522309199616
274,7102f5ce-f399-4dd7-a1eb-461e48df4922,6,274,True,7833,7521,205.33582500318334
275,7102f5ce-f399-4dd7-a1eb-461e48df4922,6,275,True,7855,7543,154.38390025526041
276,7102f5ce-f399-4dd7-a1eb-461e48df4922,6,276,True,7892,7580,203.58317332532897
277,7102f5ce-f399-4dd7-a1eb-461e48df4922,6,277,True,7921,7609,139.65817692442488
278,7102f5ce-f399-4dd7-a1eb-461e48df4922,6,278,True,7953,7641,195.45640141577223
279,7102f5ce-f399-4dd7-a1eb-461e48df4922,6,279,True,7978,7666,129.11844711684535
280,7102f5ce-f399-4dd7-a1eb-461e48df4922,6,280,True,8006,7694,153.69654375919072
281,7102f5ce-f399-4dd7-a1eb-461e48df4922,6,281,True,8026,7714,169.1472332848125
282,7102f5ce-f399-4dd7-a1eb-461e48df4922,6,282,True,8050,7738,169.8985236728031
283,7102f5ce-f399-4dd7-a1eb-461e48df4922,6,283,True,8071,7759,154.2028502774283
284,7102f5ce-f399-4dd7-a1eb-461e48df4922,6,284,True,8099,7787,138.48859302325582
285,7102f5ce-f399-4dd7-a1eb-461e48df4922,6,285,True,8124,7812,246.9898198044175
286,7102f5ce-f399-4dd7-a1eb-461e48df4922,6,286,True,8149,7837,149.90118335976877
287,7102f5ce-f399-4dd7-a1eb-461e48df4922,6,287,True,8173,7861,195.06877895609432
288,7102f5ce-f399-4dd7-a1eb-461e48df4922,6,288,True,8205,7893,197.32227817025523
289,7102f5ce-f399-4dd7-a1eb-461e48df4922,6,289,True,8232,7920,191.66342096162316
290,7102f5ce-f399-4dd7-a1eb-461e48df4922,6,290,True,8257,7945,215.68370469408183
291,7102f5ce-f399-4dd7-a1eb-461e48df4922,6,291,True,8278,7966,176.5444171563213
292,7102f5ce-f399-4dd7-a1eb-461e48df4922,6,292,True,8316,8004,185.49552754531487
293,7102f5ce-f399-4dd7-a1eb-461e48df4922,6,293,True,8334,8022,147.2313307875238
294,7102f5ce-f399-4dd7-a1eb-461e48df4922,6,294,True,8363,8051,142.26271123112747
295,7102f5ce-f399-4dd7-a1eb-461e48df4922,6,295,True,8384,8072,170.40848019179066
296,7102f5ce-f399-4dd7-a1eb-461e48df4922,6,296,True,8407,8095,198.26030764459028
297,7102f5ce-f399-4dd7-a1eb-461e48df4922,6,297,True,8429,8117,181.80499329360282
298,7102f5ce-f399-4dd7-a1eb-461e48df4922,6,298,True,8459,8147,240.66851967775983
299,7102f5ce-f399-4dd7-a1eb-461e48df4922,6,299,True,8484,8172,213.21277970501615
300,7102f5ce-f399-4dd7-a1eb-461e48df4922,6,300,True,8510,8198,162.04028280221792
301,7102f5ce-f399-4dd7-a1eb-461e48df4922,6,301,True,8537,8225,187.04685880373108
302,7102f5ce-f399-4dd7-a1eb-461e48df4922,6,302,True,8564,8252,185.79807527265075
303,7102f5ce-f399-4dd7-a1eb-461e48df4922,6,303,True,8596,8284,151.46075336304966
304,7102f5ce-f399-4dd7-a1eb-461e48df4922,6,304,True,8622,8310,172.292587938653
305,7102f5ce-f399-4dd7-a1eb-461e48df4922,6,305,True,8658,8346,224.01027466830055
306,7102f5ce-f399-4dd7-a1eb-461e48df4922,6,306,True,8688,8376,203.1502079923339
307,7102f5ce-f399-4dd7-a1eb-461e48df4922,6,307,True,8709,8397,202.56712855896694
308,7102f5ce-f399-4dd7-a1eb-461e48df4922,6,308,True,8739,8427,176.3532302772419
309,7102f5ce-f399-4dd7-a1eb-461e48df4922,6,309,True,8760,8448,197.51330964918634
310,7102f5ce-f399-4dd7-a1eb-461e48df4922,6,310,True,8784,8472,179.97003249021327
311,7102f5ce-f399-4dd7-a1eb-461e48df4922,6,311,True,8809,8497,176.56411769579427
312,7102f5ce-f399-4dd7-a1eb-461e48df4922,6,312,True,8830,8518,151.8579245535675
313,7102f5ce-f399-4dd7-a1eb-461e48df4922,6,313,True,8863,8551,174.76964729398787
314,7102f5ce-f399-4dd7-a1eb-461e48df4922,6,314,True,8886,8574,175.91224005502227
315,7102f5ce-f399-4dd7-a1eb-461e48df4922,6,315,True,8917,8605,200.03012972319812
316,7102f5ce-f399-4dd7-a1eb-461e48df4922,6,316,True,8948,8636,169.03012972319812
317,7102f5ce-f399-4dd7-a1eb-461e48df4922,6,317,True,8972,8660,141.8577944237495
318,7102f5ce-f399-4dd7-a1eb-461e48df4922,6,318,True,9001,8689,188.03009961399766
319,7102f5ce-f399-4dd7-a1eb-461e48df4922,6,319,True,9028,8716,165.7721388918435
320,7102f5ce-f399-4dd7-a1eb-461e48df4922,6,320,True,9049,8737,161.76017753207634
321,7102f5ce-f399-4dd7-a1eb-461e48df4922,6,321,True,9077,8765,191.1250317572667
322,7102f5ce-f399-4dd7-a1eb-461e48df4922,6,322,True,9115,8803,146.30741346233117
323,7102f5ce-f399-4dd7-a1eb-461e48df4922,6,323,True,9146,8834,148.44483463432516
324,7102f5ce-f399-4dd7-a1eb-461e48df4922,6,324,True,9175,8863,136.18189932471796
325,7102f5ce-f399-4dd7-a1eb-461e48df4922,6,325,True,9202,8890,163.00418963373158
326,7102f5ce-f399-4dd7-a1eb-461e48df4922,6,326,True,9229,8917,133.4454346544353
327,7102f5ce-f399-4dd7-a1eb-461e48df4922,6,327,True,9250,8938,143.0122951882331
328,7102f5ce-f399-4dd7-a1eb-461e48df4922,6,328,True,9285,8973,110.62328461778998
329,7102f5ce-f399-4dd7-a1eb-461e48df4922,6,329,True,9314,9002,165.0922738169811
330,7102f5ce-f399-4dd7-a1eb-461e48df4922,6,330,True,9331,9019,111.43014787089123
331,7102f5ce-f399-4dd7-a1eb-461e48df4922,6,331,True,9364,9052,198.6445860180429
332,7102f5ce-f399-4dd7-a1eb-461e48df4922,6,332,True,9389,9077,155.70721028854678
333,7102f5ce-f399-4dd7-a1eb-461e48df4922,6,333,True,9417,9105,185.47274522150656
334,7102f5ce-f399-4dd7-a1eb-461e48df4922,6,334,True,9442,9130,146.465965611691
335,7102f5ce-f399-4dd7-a1eb-461e48df4922,6,335,True,9474,9162,180.3246292915319
336,7102f5ce-f399-4dd7-a1eb-461e48df4922,6,336,True,9497,9185,154.78359952203027
337,7102f5ce-f399-4dd7-a1eb-461e48df4922,6,337,True,9518,9206,142.51759514837067
338,7102f5ce-f399-4dd7-a1eb-461e48df4922,6,338,True,9546,9234,160.92944672750855
339,7102f5ce-f399-4dd7-a1eb-461e48df4922,6,339,True,9583,9271,147.16471744738374
340,7102f5ce-f399-4dd7-a1eb-461e48df4922,6,340,True,9612,9300,140.66559122886065
341,7102f5ce-f399-4dd7-a1eb-461e48df4922,6,341,True,9633,9321,173.63440345307754
342,7102f5ce-f399-4dd7-a1eb-461e48df4922,6,342,True,9661,9349,124.33274359896132
343,7102f5ce-f399-4dd7-a1eb-461e48df4922,6,343,True,9679,9367,132.78772535706594
344,7102f5ce-f399-4dd7-a1eb-461e48df4922,6,344,True,9702,9390,177.70311923972986
345,7102f5ce-f399-4dd7-a1eb-461e48df4922,6,345,True,9725,9413,136.73761000591549
346,7102f5ce-f399-4dd7-a1eb-461e48df4922,6,346,True,9754,9442,150.7743608501678
347,7102f5ce-f399-4dd7-a1eb-461e48df4922,6,347,True,9786,9474,126.31045384695608
348,7102f5ce-f399-4dd7-a1eb-461e48df4922,6,348,True,9814,9502,115.97624906692181
349,7102f5ce-f399-4dd7-a1eb-461e48df4922,6,349,True,9840,9528,132.66728206799962
350,7102f5ce-f399-4dd7-a1eb-461e48df4922,6,350,True,9861,9549,129.66199199024413
351,7102f5ce-f399-4dd7-a1eb-461e48df4922,6,351,True,9887,9575,111.73501306192338
352,7102f5ce-f399-4dd7-a1eb-461e48df4922,6,352,True,9917,9605,147.21046169739202
353,7102f5ce-f399-4dd7-a1eb-461e48df4922,6,353,True,9948,9636,123.07621366663807
354,7102f5ce-f399-4dd7-a1eb-461e48df4922,6,354,True,9971,9659,102.67589250612218
355,7102f5ce-f399-4dd7-a1eb-461e48df4922,6,355,True,10004,9692,142.41902751682755
356,7102f5ce-f399-4dd7-a1eb-461e48df4922,6,356,True,10034,9722,118.32335632314789
357,7102f5ce-f399-4dd7-a1eb-461e48df4922,6,357,True,10054,9742,148.47595889259173
358,7102f5ce-f399-4dd7-a1eb-461e48df4922,6,358,True,10085,9773,115.23057371198229
359,7102f5ce-f399-4dd7-a1eb-461e48df4922,6,359,True,10119,9807,109.37830354272955
360,7102f5ce-f399-4dd7-a1eb-461e48df4922,6,360,True,10149,9837,105.05281331640799
361,7102f5ce-f399-4dd7-a1eb-461e48df4922,6,361,True,10172,9860,135.61440492975635
362,7102f5ce-f399-4dd7-a1eb-461e48df4922,6,362,True,10194,9882,123.39044510958956
363,7102f5ce-f399-4dd7-a1eb-461e48df4922,6,363,True,10220,9908,110.29084986807538
364,7102f5ce-f399-4dd7-a1eb-461e48df4922,6,364,True,10253,9941,106.66796987320595
365,7102f5ce-f399-4dd7-a1eb-461e48df4922,6,365,True,10277,9965,107.23484885187463
366,7102f5ce-f399-4dd7-a1eb-461e48df4922,6,366,True,10306,9994,127.99277528821585
367,7102f5ce-f399-4dd7-a1eb-461e48df4922,6,367,True,10336,10024,108.56970786437341
368,7102f5ce-f399-4dd7-a1eb-461e48df4922,6,368,True,10365,10053,127.84550119799314
369,7102f5ce-f399-4dd7-a1eb-461e48df4922,6,369,True,10397,10085,102.075061210493
370,7102f5ce-f399-4dd7-a1eb-461e48df4922,6,370,True,10432,10120,193.09014214878698
371,7102f5ce-f399-4dd7-a1eb-461e48df4922,6,371,True,10459,10147,141.31350285463486
372,7102f5ce-f399-4dd7-a1eb-461e48df4922,6,372,True,10483,10171,210.59273850628233
373,7102f5ce-f399-4dd7-a1eb-461e48df4922,6,373,True,10513,10201,176.7272197970142
374,7102f5ce-f399-4dd7-a1eb-461e48df4922,6,374,True,10534,10222,226.12580508850078
375,7102f5ce-f399-4dd7-a1eb-461e48df4922,6,375,True,10556,10244,194.45916402176408
376,7102f5ce-f399-4dd7-a1eb-461e48df4922,6,376,True,10576,10264,158.97777062907699
377,7102f5ce-f399-4dd7-a1eb-461e48df4922,6,377,True,10600,10288,206.49496408734922
378,7102f5ce-f399-4dd7-a1eb-461e48df4922,6,378,True,10630,10318,164.40938457610355
379,7102f5ce-f399-4dd7-a1eb-461e48df4922,6,379,True,10653,10341,181.07733454202753
380,7102f5ce-f399-4dd7-a1eb-461e48df4922,6,380,True,10688,10376,141.7573542446953
381,7102f5ce-f399-4dd7-a1eb-461e48df4922,6,381,True,10717,10405,169.2273327992698
382,7102f5ce-f399-4dd7-a1eb-461e48df4922,6,382,True,10743,10431,198.15627719778604
383,7102f5ce-f399-4dd7-a1eb-461e48df4922,6,383,True,10771,10459,162.49321877115653
384,7102f5ce-f399-4dd7-a1eb-461e48df4922,6,384,True,10793,10481,114.48231755506822
385,7102f5ce-f399-4dd7-a1eb-461e48df4922,6,385,True,10812,10500,148.10018297787246
386,7102f5ce-f399-4dd7-a1eb-461e48df4922,6,386,True,10835,10523,136.4109261165504
387,7102f5ce-f399-4dd7-a1eb-461e48df4922,6,387,True,10859,10547,185.28255622272445
388,7102f5ce-f399-4dd7-a1eb-461e48df4922,6,388,True,10890,10578,137.04559612092817
389,7102f5ce-f399-4dd7-a1eb-461e48df4922,6,389,True,10919,10607,150.84107661241796
390,7102f5ce-f399-4dd7-a1eb-461e48df4922,6,390,True,10951,10639,131.6807366563553
391,7102f5ce-f399-4dd7-a1eb-461e48df4922,6,391,True,10980,10668,139.13431594089525
392,7102f5ce-f399-4dd7-a1eb-461e48df4922,6,392,True,11008,10696,98.14294337710817
393,7102f5ce-f399-4dd7-a1eb-461e48df4922,6,393,True,11033,10721,186.26464518990906
394,7102f5ce-f399-4dd7-a1eb-461e48df4922,6,394,True,11053,10741,173.85349055851657
395,7102f5ce-f399-4dd7-a1eb-461e48df4922,6,395,True,11084,10772,160.39545295518838
396,7102f5ce-f399-4dd7-a1eb-461e48df4922,6,396,True,11115,10803,158.4826023356236
397,7102f5ce-f399-4dd7-a1eb-461e48df4922,6,397,True,11138,10826,155.83066206480362
398,7102f5ce-f399-4dd7-a1eb-461e48df4922,6,398,True,11171,10859,150.13472573824401
399,7102f5ce-f399-4dd7-a1eb-461e48df4922,6,399,True,11195,10883,149.76321486884444
400,7102f5ce-f399-4dd7-a1eb-461e48df4922,6,400,True,11220,10908,169.72316400400996
401,7102f5ce-f399-4dd7-a1eb-461e48df4922,6,401,True,11257,10945,166.3977149354214
402,7102f5ce-f399-4dd7-a1eb-461e48df4922,6,402,True,11296,10984,127.39771493542139
403,7102f5ce-f399-4dd7-a1eb-461e48df4922,6,403,True,11318,11006,155.79761495067942
404,7102f5ce-f399-4dd7-a1eb-461e48df4922,6,404,True,11353,11041,120.79761495067942
405,7102f5ce-f399-4dd7-a1eb-461e48df4922,6,405,True,11386,11074,114.15114614469712
406,7102f5ce-f399-4dd7-a1eb-461e48df4922,6,406,True,11410,11098,109.59721660294963
407,7102f5ce-f399-4dd7-a1eb-461e48df4922,6,407,True,11449,11137,129.46658098959415
408,7102f5ce-f399-4dd7-a1eb-461e48df4922,6,408,True,11471,11159,98.16519734450412
409,7102f5ce-f399-4dd7-a1eb-461e48df4922,6,409,True,11508,11196,146.95686866781944
410,7102f5ce-f399-4dd7-a1eb-461e48df4922,6,410,True,11539,11227,118.19710091669003
411,7102f5ce-f399-4dd7-a1eb-461e48df4922,6,411,True,11578,11266,105.03462744636636
412,7102f5ce-f399-4dd7-a1eb-461e48df4922,6,412,True,11612,11300,92.26746698575153
413,7102f5ce-f399-4dd7-a1eb-461e48df4922,6,413,True,11637,11325,151.38273694250347
414,7102f5ce-f399-4dd7-a1eb-461e48df4922,6,414,True,11660,11348,135.55695619802282
415,7102f5ce-f399-4dd7-a1eb-461e48df4922,6,415,True,11685,11373,151.96545660827542
416,7102f5ce-f399-4dd7-a1eb-461e48df4922,6,416,True,11703,11391,113.67936978784746
417,7102f5ce-f399-4dd7-a1eb-461e48df4922,6,417,True,11731,11419,142.75424032439332
418,7102f5ce-f399-4dd7-a1eb-461e48df4922,6,418,True,11756,11444,128.23347770148757
419,7102f5ce-f399-4dd7-a1eb-461e48df4922,6,419,True,11791,11479,139.59482596873022
420,7102f5ce-f399-4dd7-a1eb-461e48df4922,6,420,True,11814,11502,120.51375110413028
421,7102f5ce-f399-4dd7-a1eb-461e48df4922,6,421,True,11849,11537,108.83611636259957
422,7102f5ce-f399-4dd7-a1eb-461e48df4922,6,422,True,11884,11572,153.73977944529543
423,7102f5ce-f399-4dd7-a1eb-461e48df4922,6,423,True,11922,11610,118.39860172701265
424,7102f5ce-f399-4dd7-a1eb-461e48df4922,6,424,True,11954,11642,105.05999929172503
425,7102f5ce-f399-4dd7-a1eb-461e48df4922,6,425,True,11981,11669,107.3492495322862
426,7102f5ce-f399-4dd7-a1eb-461e48df4922,6,426,True,12013,11701,100.64027579424328
427,7102f5ce-f399-4dd7-a1eb-461e48df4922,6,427,True,12039,11727,125.21830624356517
428,7102f5ce-f399-4dd7-a1eb-461e48df4922,6,428,True,12062,11750,106.31203291057682
429,7102f5ce-f399-4dd7-a1eb-461e48df4922,6,429,True,12087,11775,129.50477951031826
430,7102f5ce-f399-4dd7-a1eb-461e48df4922,6,430,True,12111,11799,131.41688831074498
431,7102f5ce-f399-4dd7-a1eb-461e48df4922,6,431,True,12126,11814,133.04234701248606
432,7102f5ce-f399-4dd7-a1eb-461e48df4922,6,432,True,12152,11840,113.5480771033308
433,7102f5ce-f399-4dd7-a1eb-461e48df4922,6,433,True,12185,11873,127.48700614448899
434,7102f5ce-f399-4dd7-a1eb-461e48df4922,6,434,True,12211,11899,145.9825295133087
435,7102f5ce-f399-4dd7-a1eb-461e48df4922,6,435,True,12250,11938,138.3106726634287
436,7102f5ce-f399-4dd7-a1eb-461e48df4922,6,436,True,12279,11967,118.72695407286847
437,7102f5ce-f399-4dd7-a1eb-461e48df4922,6,437,True,12318,12006,179.69706948157727
438,7102f5ce-f399-4dd7-a1eb-461e48df4922,6,438,True,12347,12035,143.4937276419205
439,7102f5ce-f399-4dd7-a1eb-461e48df4922,6,439,True,12370,12058,127.69706948157727
440,7102f5ce-f399-4dd7-a1eb-461e48df4922,6,440,True,12393,12081,151.4964572222816
441,7102f5ce-f399-4dd7-a1eb-461e48df4922,6,441,True,12425,12113,155.26741030959965
442,7102f5ce-f399-4dd7-a1eb-461e48df4922,6,442,True,12451,12139,140.31322989496948
443,7102f5ce-f399-4dd7-a1eb-461e48df4922,6,443,True,12482,12170,218.07117962235134
444,7102f5ce-f399-4dd7-a1eb-461e48df4922,6,444,True,12515,12203,182.42546892650535
445,7102f5ce-f399-4dd7-a1eb-461e48df4922,6,445,True,12538,12226,93.10754650003582
446,7102f5ce-f399-4dd7-a1eb-461e48df4922,6,446,True,12567,12255,179.31874453325327
447,7102f5ce-f399-4dd7-a1eb-461e48df4922,6,447,True,12591,12279,129.9559443550279
448,7102f5ce-f399-4dd7-a1eb-461e48df4922,6,448,True,12625,12313,184.39580842983742
449,7102f5ce-f399-4dd7-a1eb-461e48df4922,6,449,True,12655,12343,151.72013884202715
450,7102f5ce-f399-4dd7-a1eb-461e48df4922,6,450,True,12674,12362,137.76453709753332
451,7102f5ce-f399-4dd7-a1eb-461e48df4922,6,451,True,12700,12388,144.79258356278297
452,7102f5ce-f399-4dd7-a1eb-461e48df4922,6,452,True,12731,12419,141.98571568332954
453,7102f5ce-f399-4dd7-a1eb-461e48df4922,6,453,True,12750,12438,238.0919541269559
454,7102f5ce-f399-4dd7-a1eb-461e48df4922,6,454,True,12781,12469,203.52344801147774
455,7102f5ce-f399-4dd7-a1eb-461e48df4922,6,455,True,12815,12503,261.15638243594003
456,7102f5ce-f399-4dd7-a1eb-461e48df4922,6,456,True,12842,12530,230.77674563862274
457,7102f5ce-f399-4dd7-a1eb-461e48df4922,6,457,True,12875,12563,295.6512903385428
458,7102f5ce-f399-4dd7-a1eb-461e48df4922,6,458,True,12906,12594,238.79950957121764
459,7102f5ce-f399-4dd7-a1eb-461e48df4922,6,459,True,12930,12618,240.65129033854282
460,7102f5ce-f399-4dd7-a1eb-461e48df4922,6,460,True,12963,12651,229.5716265791034
461,7102f5ce-f399-4dd7-a1eb-461e48df4922,6,461,True,12994,12682,255.43357333137465
462,7102f5ce-f399-4dd7-a1eb-461e48df4922,6,462,True,13025,12713,219.85743525280668
463,7102f5ce-f399-4dd7-a1eb-461e48df4922,6,463,True,13055,12743,244.0168729026027
464,7102f5ce-f399-4dd7-a1eb-461e48df4922,6,464,True,13077,12765,191.78706896336917
465,7102f5ce-f399-4dd7-a1eb-461e48df4922,6,465,True,13112,12800,209.43600798527586
466,7102f5ce-f399-4dd7-a1eb-461e48df4922,6,466,True,13145,12833,226.99553510303122
467,7102f5ce-f399-4dd7-a1eb-461e48df4922,6,467,True,13170,12858,180.92851975429767
468,7102f5ce-f399-4dd7-a1eb-461e48df4922,6,468,True,13192,12880,177.35766447409878
469,7102f5ce-f399-4dd7-a1eb-461e48df4922,6,469,True,13226,12914,201.3716297438532
470,7102f5ce-f399-4dd7-a1eb-461e48df4922,6,470,True,13256,12944,163.7215259788536
471,7102f5ce-f399-4dd7-a1eb-461e48df4922,6,471,True,13286,12974,195.12872709777002
472,7102f5ce-f399-4dd7-a1eb-461e48df4922,6,472,True,13318,13006,178.37244593402283
473,7102f5ce-f399-4dd7-a1eb-461e48df4922,6,473,True,13350,13038,143.66631848156067
474,7102f5ce-f399-4dd7-a1eb-461e48df4922,6,474,True,13392,13080,182.26356123635924
475,7102f5ce-f399-4dd7-a1eb-461e48df4922,6,475,True,13423,13111,172.61160621598538
476,7102f5ce-f399-4dd7-a1eb-461e48df4922,6,476,True,13447,13135,179.22230821841913
477,7102f5ce-f399-4dd7-a1eb-461e48df4922,6,477,True,13465,13153,159.22114351631717
478,7102f5ce-f399-4dd7-a1eb-461e48df4922,6,478,True,13490,13178,182.84513116147355
479,7102f5ce-f399-4dd7-a1eb-461e48df4922,6,479,True,13522,13210,154.48354395680326
480,7102f5ce-f399-4dd7-a1eb-461e48df4922,6,480,True,13554,13242,198.64088024068587
481,7102f5ce-f399-4dd7-a1eb-461e48df4922,6,481,True,13582,13270,139.54687733372157
482,7102f5ce-f399-4dd7-a1eb-461e48df4922,6,482,True,13613,13301,186.51649369770348
483,7102f5ce-f399-4dd7-a1eb-461e48df4922,6,483,True,13640,13328,132.2314207660147
484,7102f5ce-f399-4dd7-a1eb-461e48df4922,6,484,True,13662,13350,188.54107359608315
485,7102f5ce-f399-4dd7-a1eb-461e48df4922,6,485,True,13693,13381,130.23106880465457
486,7102f5ce-f399-4dd7-a1eb-461e48df4922,6,486,True,13712,13400,192.14820778358626
487,7102f5ce-f399-4dd7-a1eb-461e48df4922,6,487,True,13742,13430,135.00233632297386
488,7102f5ce-f399-4dd7-a1eb-461e48df4922,6,488,True,13782,13470,176.4095831380473
489,7102f5ce-f399-4dd7-a1eb-461e48df4922,6,489,True,13809,13497,120.9121470418886
490,7102f5ce-f399-4dd7-a1eb-461e48df4922,6,490,True,13835,13523,150.5297314076288
491,7102f5ce-f399-4dd7-a1eb-461e48df4922,6,491,True,13861,13549,147.1283543578029
492,7102f5ce-f399-4dd7-a1eb-461e48df4922,6,492,True,13897,13585,143.52987864097486
493,7102f5ce-f399-4dd7-a1eb-461e48df4922,6,493,True,13920,13608,137.68590770058108
494,7102f5ce-f399-4dd7-a1eb-461e48df4922,6,494,True,13950,13638,142.01147818617392
495,7102f5ce-f399-4dd7-a1eb-461e48df4922,6,495,True,13984,13672,136.23092202790212
496,7102f5ce-f399-4dd7-a1eb-461e48df4922,6,496,True,14027,13715,122.79762006070632
497,7102f5ce-f399-4dd7-a1eb-461e48df4922,6,497,True,14059,13747,152.36320682694713
498,7102f5ce-f399-4dd7-a1eb-461e48df4922,6,498,True,14080,13768,149.45443114344744
499,7102f5ce-f399-4dd7-a1eb-461e48df4922,6,499,True,14117,13805,162.83124596369635
500,7102f5ce-f399-4dd7-a1eb-461e48df4922,6,500,True,14150,13838,111.67119478278255
501,7102f5ce-f399-4dd7-a1eb-461e48df4922,6,501,True,14170,13858,136.46440495147726
502,7102f5ce-f399-4dd7-a1eb-461e48df4922,6,502,True,14201,13889,113.79644357159304
503,7102f5ce-f399-4dd7-a1eb-461e48df4922,6,503,True,14224,13912,134.84678649936723
504,7102f5ce-f399-4dd7-a1eb-461e48df4922,6,504,True,14241,13929,167.39376471361902
505,7102f5ce-f399-4dd7-a1eb-461e48df4922,6,505,True,14265,13953,145.69789815630793
506,7102f5ce-f399-4dd7-a1eb-461e48df4922,6,506,True,14290,13978,224.4459966922259
507,7102f5ce-f399-4dd7-a1eb-461e48df4922,6,507,True,14316,14004,174.20846163750502
508,7102f5ce-f399-4dd7-a1eb-461e48df4922,6,508,True,14345,14033,142.9062106438505
509,7102f5ce-f399-4dd7-a1eb-461e48df4922,6,509,True,14377,14065,211.30080656973587
510,7102f5ce-f399-4dd7-a1eb-461e48df4922,6,510,True,14404,14092,165.83303419798722
511,7102f5ce-f399-4dd7-a1eb-461e48df4922,6,511,True,14425,14113,209.8908322528041
512,7102f5ce-f399-4dd7-a1eb-461e48df4922,6,512,True,14455,14143,187.8031380952816
513,7102f5ce-f399-4dd7-a1eb-461e48df4922,6,513,True,14484,14172,213.07063828845276
514,7102f5ce-f399-4dd7-a1eb-461e48df4922,6,514,True,14509,14197,183.41582466690306
515,7102f5ce-f399-4dd7-a1eb-461e48df4922,6,515,True,14528,14216,237.85825400601425
516,7102f5ce-f399-4dd7-a1eb-461e48df4922,6,516,True,14541,14229,205.83534383832557
517,7102f5ce-f399-4dd7-a1eb-461e48df4922,6,517,True,14567,14255,196.26169267032128
518,7102f5ce-f399-4dd7-a1eb-461e48df4922,6,518,True,14596,14284,215.26221648562932
519,7102f5ce-f399-4dd7-a1eb-461e48df4922,6,519,True,14629,14317,165.2683920898926
520,7102f5ce-f399-4dd7-a1eb-461e48df4922,6,520,True,14651,14339,210.7362129777739
521,7102f5ce-f399-4dd7-a1eb-461e48df4922,6,521,True,14681,14369,178.01131349564093
522,7102f5ce-f399-4dd7-a1eb-461e48df4922,6,522,True,14712,14400,191.40107106090727
523,7102f5ce-f399-4dd7-a1eb-461e48df4922,6,523,True,14737,14425,175.85940736889643
524,7102f5ce-f399-4dd7-a1eb-461e48df4922,6,524,True,14756,14444,176.61172811124743
525,7102f5ce-f399-4dd7-a1eb-461e48df4922,6,525,True,14784,14472,189.19440691149066
526,7102f5ce-f399-4dd7-a1eb-461e48df4922,6,526,True,14811,14499,212.48729583067689
527,7102f5ce-f399-4dd7-a1eb-461e48df4922,6,527,True,14839,14527,138.86995282000862
528,7102f5ce-f399-4dd7-a1eb-461e48df4922,6,528,True,14858,14546,162.16906435906458
529,7102f5ce-f399-4dd7-a1eb-461e48df4922,6,529,True,14881,14569,169.87951882069683
530,7102f5ce-f399-4dd7-a1eb-461e48df4922,6,530,True,14916,14604,205.81493067088923
531,7102f5ce-f399-4dd7-a1eb-461e48df4922,6,531,True,14938,14626,159.8064721845858
532,7102f5ce-f399-4dd7-a1eb-461e48df4922,6,532,True,14968,14656,179.63160352499654
533,7102f5ce-f399-4dd7-a1eb-461e48df4922,6,533,True,14997,14685,157.4002220531729
534,7102f5ce-f399-4dd7-a1eb-461e48df4922,6,534,True,15020,14708,184.47921388641225
535,7102f5ce-f399-4dd7-a1eb-461e48df4922,6,535,True,15038,14726,174.813133402331
536,7102f5ce-f399-4dd7-a1eb-461e48df4922,6,536,True,15062,14750,122.48923873264357
537,7102f5ce-f399-4dd7-a1eb-461e48df4922,6,537,True,15094,14782,202.55216404697057
538,7102f5ce-f399-4dd7-a1eb-461e48df4922,6,538,True,15119,14807,154.72607460762265
539,7102f5ce-f399-4dd7-a1eb-461e48df4922,6,539,True,15154,14842,193.36302748854905
540,7102f5ce-f399-4dd7-a1eb-461e48df4922,6,540,True,15181,14869,168.8972513730314
541,7102f5ce-f399-4dd7-a1eb-461e48df4922,6,541,True,15209,14897,186.05247818347925
542,7102f5ce-f399-4dd7-a1eb-461e48df4922,6,542,True,15245,14933,132.4275748235923
543,7102f5ce-f399-4dd7-a1eb-461e48df4922,6,543,True,15269,14957,178.98632682054995
544,7102f5ce-f399-4dd7-a1eb-461e48df4922,6,544,True,15305,14993,140.4402600449539
545,7102f5ce-f399-4dd7-a1eb-461e48df4922,6,545,True,15335,15023,172.87210494414649
546,7102f5ce-f399-4dd7-a1eb-461e48df4922,6,546,True,15367,15055,153.23057742465608
547,7102f5ce-f399-4dd7-a1eb-461e48df4922,6,547,True,15389,15077,179.4864231046522
548,7102f5ce-f399-4dd7-a1eb-461e48df4922,6,548,True,15433,15121,159.1111199165607
549,7102f5ce-f399-4dd7-a1eb-461e48df4922,6,549,True,15467,15155,136.96239321604298
550,7102f5ce-f399-4dd7-a1eb-461e48df4922,6,550,True,15494,15182,165.00715831547313
551,7102f5ce-f399-4dd7-a1eb-461e48df4922,6,551,True,15519,15207,151.66584745438558
552,7102f5ce-f399-4dd7-a1eb-461e48df4922,6,552,True,15541,15229,169.01175742989108
553,7102f5ce-f399-4dd7-a1eb-461e48df4922,6,553,True,15584,15272,114.04551735016321
554,7102f5ce-f399-4dd7-a1eb-461e48df4922,6,554,True,15614,15302,135.98786267219293
555,7102f5ce-f399-4dd7-a1eb-461e48df4922,6,555,True,15646,15334,113.1359854328548
556,7102f5ce-f399-4dd7-a1eb-461e48df4922,6,556,True,15669,15357,189.06428870164564
557,7102f5ce-f399-4dd7-a1eb-461e48df4922,6,557,True,15691,15379,139.00632633973146
558,7102f5ce-f399-4dd7-a1eb-461e48df4922,6,558,True,15716,15404,187.93076789105362
559,7102f5ce-f399-4dd7-a1eb-461e48df4922,6,559,True,15743,15431,136.87669464252758
560,7102f5ce-f399-4dd7-a1eb-461e48df4922,6,560,True,15773,15461,180.66732021795178
561,7102f5ce-f399-4dd7-a1eb-461e48df4922,6,561,True,15795,15483,111.43434945483023
562,7102f5ce-f399-4dd7-a1eb-461e48df4922,6,562,True,15825,15513,175.8787207709065
563,7102f5ce-f399-4dd7-a1eb-461e48df4922,6,563,True,15854,15542,126.85811261641356
564,7102f5ce-f399-4dd7-a1eb-461e48df4922,6,564,True,15877,15565,148.02534741835734
565,7102f5ce-f399-4dd7-a1eb-461e48df4922,6,565,True,15901,15589,113.17088731051626
566,7102f5ce-f399-4dd7-a1eb-461e48df4922,6,566,True,15929,15617,174.39204292718205
567,7102f5ce-f399-4dd7-a1eb-461e48df4922,6,567,True,15943,15631,105.26743112921577
568,7102f5ce-f399-4dd7-a1eb-461e48df4922,6,568,True,15970,15658,136.78685854532705
569,7102f5ce-f399-4dd7-a1eb-461e48df4922,6,569,True,15995,15683,111.78685854532705
570,7102f5ce-f399-4dd7-a1eb-461e48df4922,6,570,True,16010,15698,119.86553651654685
571,7102f5ce-f399-4dd7-a1eb-461e48df4922,6,571,True,16040,15728,116.80879363816712
572,7102f5ce-f399-4dd7-a1eb-461e48df4922,6,572,True,16067,15755,113.91192916158252
573,7102f5ce-f399-4dd7-a1eb-461e48df4922,6,573,True,16095,15783,143.20081559384016
574,7102f5ce-f399-4dd7-a1eb-461e48df4922,6,574,True,16116,15804,124.33460149846906
575,7102f5ce-f399-4dd7-a1eb-461e48df4922,6,575,True,16141,15829,176.02115747176322
576,7102f5ce-f399-4dd7-a1eb-461e48df4922,6,576,True,16164,15852,139.39560364147292
577,7102f5ce-f399-4dd7-a1eb-461e48df4922,6,577,True,16208,15896,142.901518684861
578,7102f5ce-f399-4dd7-a1eb-461e48df4922,6,578,True,16238,15926,150.1035665884574
579,7102f5ce-f399-4dd7-a1eb-461e48df4922,6,579,True,16273,15961,117.493759199544
580,7102f5ce-f399-4dd7-a1eb-461e48df4922,6,580,True,16304,15992,182.10056903010081
581,7102f5ce-f399-4dd7-a1eb-461e48df4922,6,581,True,16343,16031,133.0428645816246
582,7102f5ce-f399-4dd7-a1eb-461e48df4922,6,582,True,16371,16059,173.05781193214352
583,7102f5ce-f399-4dd7-a1eb-461e48df4922,6,583,True,16406,16094,156.55259862988714
584,7102f5ce-f399-4dd7-a1eb-461e48df4922,6,584,True,16437,16125,144.63259048278996
585,7102f5ce-f399-4dd7-a1eb-461e48df4922,6,585,True,16460,16148,147.7703690305243
586,7102f5ce-f399-4dd7-a1eb-461e48df4922,6,586,True,16486,16174,133.38620372249534
587,7102f5ce-f399-4dd7-a1eb-461e48df4922,6,587,True,16506,16194,147.90442048060504
588,7102f5ce-f399-4dd7-a1eb-461e48df4922,6,588,True,16535,16223,134.40688241544012
589,7102f5ce-f399-4dd7-a1eb-461e48df4922,6,589,True,16570,16258,96.25312066718107
590,7102f5ce-f399-4dd7-a1eb-461e48df4922,6,590,True,16595,16283,149.47409325748595
591,7102f5ce-f399-4dd7-a1eb-461e48df4922,6,591,True,16628,16316,126.45244834069672
592,7102f5ce-f399-4dd7-a1eb-461e48df4922,6,592,True,16661,16349,119.7863604755039
593,7102f5ce-f399-4dd7-a1eb-461e48df4922,6,593,True,16694,16382,139.91765792167644
594,7102f5ce-f399-4dd7-a1eb-461e48df4922,6,594,True,16722,16410,114.22269728839092
595,7102f5ce-f399-4dd7-a1eb-461e48df4922,6,595,True,16747,16435,149.04114379081875
596,7102f5ce-f399-4dd7-a1eb-461e48df4922,6,596,True,16773,16461,172.97505211643875
597,7102f5ce-f399-4dd7-a1eb-461e48df4922,6,597,True,16799,16487,128.47843830004786
598,7102f5ce-f399-4dd7-a1eb-461e48df4922,6,598,True,16822,16510,158.98994175667394
599,7102f5ce-f399-4dd7-a1eb-461e48df4922,6,599,True,16845,16533,127.11556810128968
600,7102f5ce-f399-4dd7-a1eb-461e48df4922,6,600,True,16874,16562,198.58816459727677
601,7102f5ce-f399-4dd7-a1eb-461e48df4922,6,601,True,16904,16592,146.00138769104888
602,7102f5ce-f399-4dd7-a1eb-461e48df4922,6,602,True,16930,16618,203.58207843154742
603,7102f5ce-f399-4dd7-a1eb-461e48df4922,6,603,True,16958,16646,177.86155870499715
604,7102f5ce-f399-4dd7-a1eb-461e48df4922,6,604,True,16984,16672,219.08833461816175
605,7102f5ce-f399-4dd7-a1eb-461e48df4922,6,605,True,17013,16701,182.5343186965656
606,7102f5ce-f399-4dd7-a1eb-461e48df4922,6,606,True,17042,16730,161.08833461816175
607,7102f5ce-f399-4dd7-a1eb-461e48df4922,6,607,True,17075,16763,178.76565421791383
608,7102f5ce-f399-4dd7-a1eb-461e48df4922,6,608,True,17115,16803,136.33647774810015
609,7102f5ce-f399-4dd7-a1eb-461e48df4922,6,609,True,17137,16825,108.25222361246051
610,7102f5ce-f399-4dd7-a1eb-461e48df4922,6,610,True,17167,16855,133.04373523775575
611,7102f5ce-f399-4dd7-a1eb-461e48df4922,6,611,True,17192,16880,165.868631635356
612,7102f5ce-f399-4dd7-a1eb-461e48df4922,6,612,True,17219,16907,136.62540141731733
613,7102f5ce-f399-4dd7-a1eb-461e48df4922,6,613,True,17243,16931,164.58495595922432
614,7102f5ce-f399-4dd7-a1eb-461e48df4922,6,614,True,17276,16964,136.7092515011136
615,7102f5ce-f399-4dd7-a1eb-461e48df4922,6,615,True,17301,16989,114.24784051473762
616,7102f5ce-f399-4dd7-a1eb-461e48df4922,6,616,True,17332,17020,134.34207321420035
617,7102f5ce-f399-4dd7-a1eb-461e48df4922,6,617,True,17358,17046,126.3679393145103
618,7102f5ce-f399-4dd7-a1eb-461e48df4922,6,618,True,17380,17068,153.3155532987912
619,7102f5ce-f399-4dd7-a1eb-461e48df4922,6,619,True,17402,17090,157.49609892343506
620,7102f5ce-f399-4dd7-a1eb-461e48df4922,6,620,True,17433,17121,145.98059398151963
621,7102f5ce-f399-4dd7-a1eb-461e48df4922,6,621,True,17462,17150,190.15680996293668
622,7102f5ce-f399-4dd7-a1eb-461e48df4922,6,622,True,17504,17192,181.7470538770649
623,7102f5ce-f399-4dd7-a1eb-461e48df4922,6,623,True,17537,17225,167.72311586709475
624,7102f5ce-f399-4dd7-a1eb-461e48df4922,6,624,True,17577,17265,130.57869298642981
625,7102f5ce-f399-4dd7-a1eb-461e48df4922,6,625,True,17600,17288,128.58102791949568
626,7102f5ce-f399-4dd7-a1eb-461e48df4922,6,626,True,17629,17317,156.16693452036998
627,7102f5ce-f399-4dd7-a1eb-461e48df4922,6,627,True,17654,17342,148.64867419143047
628,7102f5ce-f399-4dd7-a1eb-461e48df4922,6,628,True,17686,17374,126.29720207864739
629,7102f5ce-f399-4dd7-a1eb-461e48df4922,6,629,True,17719,17407,174.5046807738545
630,7102f5ce-f399-4dd7-a1eb-461e48df4922,6,630,True,17749,17437,142.05888299043363
631,7102f5ce-f399-4dd7-a1eb-461e48df4922,6,631,True,17779,17467,141.34957948034935
632,7102f5ce-f399-4dd7-a1eb-461e48df4922,6,632,True,17808,17496,141.84390032263036
633,7102f5ce-f399-4dd7-a1eb-461e48df4922,6,633,True,17831,17519,116.07269191321757
634,7102f5ce-f399-4dd7-a1eb-461e48df4922,6,634,True,17860,17548,158.9392250358287
635,7102f5ce-f399-4dd7-a1eb-461e48df4922,6,635,True,17883,17571,105.29251097288943
636,7102f5ce-f399-4dd7-a1eb-461e48df4922,6,636,True,17912,17600,120.72283967366457
637,7102f5ce-f399-4dd7-a1eb-461e48df4922,6,637,True,17943,17631,100.82302724144392
638,7102f5ce-f399-4dd7-a1eb-461e48df4922,6,638,True,17970,17658,188.5822304505382
639,7102f5ce-f399-4dd7-a1eb-461e48df4922,6,639,True,17991,17679,107.00852215809209
640,7102f5ce-f399-4dd7-a1eb-461e48df4922,6,640,True,18022,17710,200.78202311853238
641,7102f5ce-f399-4dd7-a1eb-461e48df4922,6,641,True,18046,17734,149.27903957730086
642,7102f5ce-f399-4dd7-a1eb-461e48df4922,6,642,True,18068,17756,154.78202311853238
643,7102f5ce-f399-4dd7-a1eb-461e48df4922,6,643,True,18091,17779,128.1880227808615
644,7102f5ce-f399-4dd7-a1eb-461e48df4922,6,644,True,18109,17797,138.76977989334046
645,7102f5ce-f399-4dd7-a1eb-461e48df4922,6,645,True,18127,17815,172.10672102763783
646,7102f5ce-f399-4dd7-a1eb-461e48df4922,6,646,True,18150,17838,144.64785253468654
647,7102f5ce-f399-4dd7-a1eb-461e48df4922,6,647,True,18185,17873,205.15607029661624
648,7102f5ce-f399-4dd7-a1eb-461e48df4922,6,648,True,18213,17901,148.64292255065084
649,7102f5ce-f399-4dd7-a1eb-461e48df4922,6,649,True,18238,17926,149.8520693392129
650,7102f5ce-f399-4dd7-a1eb-461e48df4922,6,650,True,18267,17955,118.31795935327318
651,7102f5ce-f399-4dd7-a1eb-461e48df4922,6,651,True,18294,17982,191.4235549483965
652,7102f5ce-f399-4dd7-a1eb-461e48df4922,6,652,True,18316,18004,164.54861148586497
653,7102f5ce-f399-4dd7-a1eb-461e48df4922,6,653,True,18339,18027,223.47453890056568
654,7102f5ce-f399-4dd7-a1eb-461e48df4922,6,654,True,18358,18046,175.06977520658984
655,7102f5ce-f399-4dd7-a1eb-461e48df4922,6,655,True,18390,18078,143.06977520658984
656,7102f5ce-f399-4dd7-a1eb-461e48df4922,6,656,True,18420,18108,162.6093225569457
657,7102f5ce-f399-4dd7-a1eb-461e48df4922,6,657,True,18457,18145,206.20974655815735
658,7102f5ce-f399-4dd7-a1eb-461e48df4922,6,658,True,18483,18171,183.4040750616332
659,7102f5ce-f399-4dd7-a1eb-461e48df4922,6,659,True,18511,18199,128.08431286602354
660,7102f5ce-f399-4dd7-a1eb-461e48df4922,6,660,True,18539,18227,176.33772484314613
661,7102f5ce-f399-4dd7-a1eb-461e48df4922,6,661,True,18558,18246,108.4040750616332
662,7102f5ce-f399-4dd7-a1eb-461e48df4922,6,662,True,18579,18267,189.2760906795338
663,7102f5ce-f399-4dd7-a1eb-461e48df4922,6,663,True,18611,18299,134.06527846660538
664,7102f5ce-f399-4dd7-a1eb-461e48df4922,6,664,True,18625,18313,171.75071742623913
665,7102f5ce-f399-4dd7-a1eb-461e48df4922,6,665,True,18649,18337,141.1742558681908
666,7102f5ce-f399-4dd7-a1eb-461e48df4922,6,666,True,18678,18366,153.23605117696934
667,7102f5ce-f399-4dd7-a1eb-461e48df4922,6,667,True,18704,18392,135.48228487486267
668,7102f5ce-f399-4dd7-a1eb-461e48df4922,6,668,True,18733,18421,226.8866095301164
669,7102f5ce-f399-4dd7-a1eb-461e48df4922,6,669,True,18770,18458,161.90964771188374
670,7102f5ce-f399-4dd7-a1eb-461e48df4922,6,670,True,18796,18484,204.47992060910838
671,7102f5ce-f399-4dd7-a1eb-461e48df4922,6,671,True,18829,18517,146.73864985811815
672,7102f5ce-f399-4dd7-a1eb-461e48df4922,6,672,True,18848,18536,202.23111363761927
673,7102f5ce-f399-4dd7-a1eb-461e48df4922,6,673,True,18870,18558,185.9991053901649
674,7102f5ce-f399-4dd7-a1eb-461e48df4922,6,674,True,18900,18588,202.10945101650577
675,7102f5ce-f399-4dd7-a1eb-461e48df4922,6,675,True,18921,18609,184.55590451460375
676,7102f5ce-f399-4dd7-a1eb-461e48df4922,6,676,True,18958,18646,224.90771226684956
677,7102f5ce-f399-4dd7-a1eb-461e48df4922,6,677,True,18987,18675,128.35334539418182
678,7102f5ce-f399-4dd7-a1eb-461e48df4922,6,678,True,19009,18697,157.09139022973613
679,7102f5ce-f399-4dd7-a1eb-461e48df4922,6,679,True,19035,18723,180.2280137525886
680,7102f5ce-f399-4dd7-a1eb-461e48df4922,6,680,True,19061,18749,121.90771226684956
681,7102f5ce-f399-4dd7-a1eb-461e48df4922,6,681,True,19103,18791,184.35043354708614
682,7102f5ce-f399-4dd7-a1eb-461e48df4922,6,682,True,19128,18816,159.35043354708614
683,7102f5ce-f399-4dd7-a1eb-461e48df4922,6,683,True,19155,18843,154.1363689966056
684,7102f5ce-f399-4dd7-a1eb-461e48df4922,6,684,True,19185,18873,165.6423308526828
685,7102f5ce-f399-4dd7-a1eb-461e48df4922,6,685,True,19215,18903,143.05812432407765
686,7102f5ce-f399-4dd7-a1eb-461e48df4922,6,686,True,19236,18924,165.93684903925168
687,7102f5ce-f399-4dd7-a1eb-461e48df4922,6,687,True,19268,18956,203.40477290569834
688,7102f5ce-f399-4dd7-a1eb-461e48df4922,6,688,True,19285,18973,183.1020987784068
689,7102f5ce-f399-4dd7-a1eb-461e48df4922,6,689,True,19306,18994,140.71704336153925
690,7102f5ce-f399-4dd7-a1eb-461e48df4922,6,690,True,19331,19019,191.59144529231344
691,7102f5ce-f399-4dd7-a1eb-461e48df4922,6,691,True,19362,19050,215.7720077623635
692,7102f5ce-f399-4dd7-a1eb-461e48df4922,6,692,True,19395,19083,176.97787047118618
693,7102f5ce-f399-4dd7-a1eb-461e48df4922,6,693,True,19420,19108,151.97787047118618
694,7102f5ce-f399-4dd7-a1eb-461e48df4922,6,694,True,19448,19136,165.50725816355043
695,7102f5ce-f399-4dd7-a1eb-461e48df4922,6,695,True,19469,19157,159.46324510880004
696,7102f5ce-f399-4dd7-a1eb-461e48df4922,6,696,True,19496,19184,180.2258163820443
697,7102f5ce-f399-4dd7-a1eb-461e48df4922,6,697,True,19522,19210,167.24459467966517
698,7102f5ce-f399-4dd7-a1eb-461e48df4922,6,698,True,19554,19242,172.14352208283526
699,7102f5ce-f399-4dd7-a1eb-461e48df4922,6,699,True,19580,19268,118.92427389512159
700,7102f5ce-f399-4dd7-a1eb-461e48df4922,6,700,True,19612,19300,164.02371961688914
701,7102f5ce-f399-4dd7-a1eb-461e48df4922,6,701,True,19640,19328,136.02371961688914
702,7102f5ce-f399-4dd7-a1eb-461e48df4922,6,702,True,19681,19369,140.89845781096665
703,7102f5ce-f399-4dd7-a1eb-461e48df4922,6,703,True,19701,19389,131.7903236119273
704,7102f5ce-f399-4dd7-a1eb-461e48df4922,6,704,True,19728,19416,263.2712335462784
705,7102f5ce-f399-4dd7-a1eb-461e48df4922,6,705,True,19748,19436,130.0501614481509
706,7102f5ce-f399-4dd7-a1eb-461e48df4922,6,706,True,19769,19457,218.01731228169228
707,7102f5ce-f399-4dd7-a1eb-461e48df4922,6,707,True,19801,19489,236.40169046683877
708,7102f5ce-f399-4dd7-a1eb-461e48df4922,6,708,True,19827,19515,212.9274391260551
709,7102f5ce-f399-4dd7-a1eb-461e48df4922,6,709,True,19854,19542,181.0422718727823
710,7102f5ce-f399-4dd7-a1eb-461e48df4922,6,710,True,19887,19575,225.42012101204818
711,7102f5ce-f399-4dd7-a1eb-461e48df4922,6,711,True,19918,19606,143.63054972321697
712,7102f5ce-f399-4dd7-a1eb-461e48df4922,6,712,True,19942,19630,193.91997097359854
713,7102f5ce-f399-4dd7-a1eb-461e48df4922,6,713,True,19969,19657,169.56952158296917
714,7102f5ce-f399-4dd7-a1eb-461e48df4922,6,714,True,19999,19687,187.57541948578
715,7102f5ce-f399-4dd7-a1eb-461e48df4922,6,715,True,20029,19717,202.1741799198062
716,7102f5ce-f399-4dd7-a1eb-461e48df4922,6,716,True,20047,19735,219.7124611481595
717,7102f5ce-f399-4dd7-a1eb-461e48df4922,6,717,True,20068,19756,201.49881669799652
718,7102f5ce-f399-4dd7-a1eb-461e48df4922,6,718,True,20096,19784,189.7063756303287
719,7102f5ce-f399-4dd7-a1eb-461e48df4922,6,719,True,20111,19799,217.7091777045025
720,7102f5ce-f399-4dd7-a1eb-461e48df4922,6,720,True,20142,19830,184.14742815506543
721,7102f5ce-f399-4dd7-a1eb-461e48df4922,6,721,True,20160,19848,151.35374300684998
722,7102f5ce-f399-4dd7-a1eb-461e48df4922,6,722,True,20200,19888,178.29088462863
723,7102f5ce-f399-4dd7-a1eb-461e48df4922,6,723,True,20225,19913,167.49767104146667
724,7102f5ce-f399-4dd7-a1eb-461e48df4922,6,724,True,20250,19938,205.26420632804366
725,7102f5ce-f399-4dd7-a1eb-461e48df4922,6,725,True,20280,19968,147.51709526885315
726,7102f5ce-f399-4dd7-a1eb-461e48df4922,6,726,True,20302,19990,147.89769668551162
727,7102f5ce-f399-4dd7-a1eb-461e48df4922,6,727,True,20332,20020,169.97092593114576
728,7102f5ce-f399-4dd7-a1eb-461e48df4922,6,728,True,20356,20044,170.93517941686514
729,7102f5ce-f399-4dd7-a1eb-461e48df4922,6,729,True,20380,20068,173.78144279029948
730,7102f5ce-f399-4dd7-a1eb-461e48df4922,6,730,True,20410,20098,166.78450570652058
731,7102f5ce-f399-4dd7-a1eb-461e48df4922,6,731,True,20433,20121,146.26262693864192
732,7102f5ce-f399-4dd7-a1eb-461e48df4922,6,732,True,20463,20151,167.06037349349572
733,7102f5ce-f399-4dd7-a1eb-461e48df4922,6,733,True,20493,20181,134.40145887626204
734,7102f5ce-f399-4dd7-a1eb-461e48df4922,6,734,True,20526,20214,183.95110785682846
735,7102f5ce-f399-4dd7-a1eb-461e48df4922,6,735,True,20555,20243,135.90458601886348
736,7102f5ce-f399-4dd7-a1eb-461e48df4922,6,736,True,20588,20276,126.79176744759025
737,7102f5ce-f399-4dd7-a1eb-461e48df4922,6,737,True,20609,20297,163.2015552083103
738,7102f5ce-f399-4dd7-a1eb-461e48df4922,6,738,True,20646,20334,149.93417421261256
739,7102f5ce-f399-4dd7-a1eb-461e48df4922,6,739,True,20672,20360,145.0541671874489
740,7102f5ce-f399-4dd7-a1eb-461e48df4922,6,740,True,20699,20387,149.48179927754973
741,7102f5ce-f399-4dd7-a1eb-461e48df4922,6,741,True,20738,20426,157.8875082565537
742,7102f5ce-f399-4dd7-a1eb-461e48df4922,6,742,True,20758,20446,114.61020401444694
743,7102f5ce-f399-4dd7-a1eb-461e48df4922,6,743,True,20793,20481,162.3342273774797
744,7102f5ce-f399-4dd7-a1eb-461e48df4922,6,744,True,20817,20505,105.38938684359164
745,7102f5ce-f399-4dd7-a1eb-461e48df4922,6,745,True,20851,20539,177.58858609118033
746,7102f5ce-f399-4dd7-a1eb-461e48df4922,6,746,True,20888,20576,113.86615206783245
747,7102f5ce-f399-4dd7-a1eb-461e48df4922,6,747,True,20920,20608,140.87624209382557
748,7102f5ce-f399-4dd7-a1eb-461e48df4922,6,748,True,20954,20642,121.98803776875866
749,7102f5ce-f399-4dd7-a1eb-461e48df4922,6,749,True,20986,20674,147.58271633899494
750,7102f5ce-f399-4dd7-a1eb-461e48df4922,6,750,True,21008,20696,131.27116851812025
751,7102f5ce-f399-4dd7-a1eb-461e48df4922,6,751,True,21023,20711,159.56578557338435
752,7102f5ce-f399-4dd7-a1eb-461e48df4922,6,752,True,21044,20732,119.52954320303616
753,7102f5ce-f399-4dd7-a1eb-461e48df4922,6,753,True,21077,20765,158.2061551232655
754,7102f5ce-f399-4dd7-a1eb-461e48df4922,6,754,True,21105,20793,111.13052675288054
755,7102f5ce-f399-4dd7-a1eb-461e48df4922,6,755,True,21137,20825,162.92670891766466
756,7102f5ce-f399-4dd7-a1eb-461e48df4922,6,756,True,21166,20854,140.9239401791856
757,7102f5ce-f399-4dd7-a1eb-461e48df4922,6,757,True,21190,20878,162.3416328437197
758,7102f5ce-f399-4dd7-a1eb-461e48df4922,6,758,True,21220,20908,134.6408180093349
759,7102f5ce-f399-4dd7-a1eb-461e48df4922,6,759,True,21242,20930,139.66160682403643
760,7102f5ce-f399-4dd7-a1eb-461e48df4922,6,760,True,21262,20950,110.03769585227565
761,7102f5ce-f399-4dd7-a1eb-461e48df4922,6,761,True,21295,20983,160.92823702655005
762,7102f5ce-f399-4dd7-a1eb-461e48df4922,6,762,True,21324,21012,131.92823702655005
763,7102f5ce-f399-4dd7-a1eb-461e48df4922,6,763,True,21354,21042,140.66531677697276
764,7102f5ce-f399-4dd7-a1eb-461e48df4922,6,764,True,21379,21067,120.39156299097885
765,7102f5ce-f399-4dd7-a1eb-461e48df4922,6,765,True,21408,21096,149.35520941087452
766,7102f5ce-f399-4dd7-a1eb-461e48df4922,6,766,True,21440,21128,159.16165872845886
767,7102f5ce-f399-4dd7-a1eb-461e48df4922,6,767,True,21472,21160,203.51349452745853
768,7102f5ce-f399-4dd7-a1eb-461e48df4922,6,768,True,21513,21201,134.04755463449328
769,7102f5ce-f399-4dd7-a1eb-461e48df4922,6,769,True,21538,21226,158.0154814347261
770,7102f5ce-f399-4dd7-a1eb-461e48df4922,6,770,True,21563,21251,164.09752105249572
771,7102f5ce-f399-4dd7-a1eb-461e48df4922,6,771,True,21590,21278,178.26867750113524
772,7102f5ce-f399-4dd7-a1eb-461e48df4922,6,772,True,21625,21313,121.32411852351288
773,7102f5ce-f399-4dd7-a1eb-461e48df4922,6,773,True,21651,21339,147.20965652966333
774,7102f5ce-f399-4dd7-a1eb-461e48df4922,6,774,True,21682,21370,150.79706031401656
775,7102f5ce-f399-4dd7-a1eb-461e48df4922,6,775,True,21712,21400,110.94363053736379
776,7102f5ce-f399-4dd7-a1eb-461e48df4922,6,776,True,21745,21433,130.16337122370896
777,7102f5ce-f399-4dd7-a1eb-461e48df4922,6,777,True,21774,21462,134.8248973747177
778,7102f5ce-f399-4dd7-a1eb-461e48df4922,6,778,True,21804,21492,97.90552321430732
779,7102f5ce-f399-4dd7-a1eb-461e48df4922,6,779,True,21833,21521,138.40793554700576
780,7102f5ce-f399-4dd7-a1eb-461e48df4922,6,780,True,21862,21550,120.95704825137364
781,7102f5ce-f399-4dd7-a1eb-461e48df4922,6,781,True,21893,21581,120.83377160397868
782,7102f5ce-f399-4dd7-a1eb-461e48df4922,6,782,True,21917,21605,106.19788695375973
783,7102f5ce-f399-4dd7-a1eb-461e48df4922,6,783,True,21945,21633,192.46453100993676
784,7102f5ce-f399-4dd7-a1eb-461e48df4922,6,784,True,21962,21650,151.22915455367183
785,7102f5ce-f399-4dd7-a1eb-461e48df4922,6,785,True,21995,21683,167.28878167976654
786,7102f5ce-f399-4dd7-a1eb-461e48df4922,6,786,True,22028,21716,144.0132601564219
787,7102f5ce-f399-4dd7-a1eb-461e48df4922,6,787,True,22055,21743,182.75411073623764
788,7102f5ce-f399-4dd7-a1eb-461e48df4922,6,788,True,22080,21768,134.40331122286443
789,7102f5ce-f399-4dd7-a1eb-461e48df4922,6,789,True,22099,21787,165.78711043811927
790,7102f5ce-f399-4dd7-a1eb-461e48df4922,6,790,True,22128,21816,122.56284031159521
791,7102f5ce-f399-4dd7-a1eb-461e48df4922,6,791,True,22158,21846,130.91751533057322
792,7102f5ce-f399-4dd7-a1eb-461e48df4922,6,792,True,22188,21876,127.86612788170169
793,7102f5ce-f399-4dd7-a1eb-461e48df4922,6,793,True,22208,21896,115.17372002821503
794,7102f5ce-f399-4dd7-a1eb-461e48df4922,6,794,True,22242,21930,154.709467034907
795,7102f5ce-f399-4dd7-a1eb-461e48df4922,6,795,True,22271,21959,128.28713123944908
796,7102f5ce-f399-4dd7-a1eb-461e48df4922,6,796,True,22293,21981,153.50331909406668
797,7102f5ce-f399-4dd7-a1eb-461e48df4922,6,797,True,22318,22006,131.23742863772713
798,7102f5ce-f399-4dd7-a1eb-461e48df4922,6,798,True,22342,22030,184.44038728620944
799,7102f5ce-f399-4dd7-a1eb-461e48df4922,6,799,True,22366,22054,134.10782593414842
800,7102f5ce-f399-4dd7-a1eb-461e48df4922,6,800,True,22388,22076,135.39908499443482
801,7102f5ce-f399-4dd7-a1eb-461e48df4922,6,801,True,22415,22103,187.7570405623337
802,7102f5ce-f399-4dd7-a1eb-461e48df4922,6,802,True,22436,22124,201.2137064697563
803,7102f5ce-f399-4dd7-a1eb-461e48df4922,6,803,True,22467,22155,135.7570405623337
804,7102f5ce-f399-4dd7-a1eb-461e48df4922,6,804,True,22494,22182,167.5395474669931
805,7102f5ce-f399-4dd7-a1eb-461e48df4922,6,805,True,22526,22214,127.40286239219495
806,7102f5ce-f399-4dd7-a1eb-461e48df4922,6,806,True,22555,22243,184.1801466864963
807,7102f5ce-f399-4dd7-a1eb-461e48df4922,6,807,True,22587,22275,117.2124965971525
808,7102f5ce-f399-4dd7-a1eb-461e48df4922,6,808,True,22627,22315,218.55934417195022
809,7102f5ce-f399-4dd7-a1eb-461e48df4922,6,809,True,22644,22332,124.68014432207929
810,7102f5ce-f399-4dd7-a1eb-461e48df4922,6,810,True,22668,22356,183.95690526048566
811,7102f5ce-f399-4dd7-a1eb-461e48df4922,6,811,True,22704,22392,191.40502611436023
812,7102f5ce-f399-4dd7-a1eb-461e48df4922,6,812,True,22728,22416,174.71443283884219
813,7102f5ce-f399-4dd7-a1eb-461e48df4922,6,813,True,22755,22443,121.89414394819687
814,7102f5ce-f399-4dd7-a1eb-461e48df4922,6,814,True,22773,22461,201.35798479477307
815,7102f5ce-f399-4dd7-a1eb-461e48df4922,6,815,True,22786,22474,153.13506863477596
816,7102f5ce-f399-4dd7-a1eb-461e48df4922,6,816,True,22822,22510,154.5614010649697
817,7102f5ce-f399-4dd7-a1eb-461e48df4922,6,817,True,22850,22538,209.3672725008728
818,7102f5ce-f399-4dd7-a1eb-461e48df4922,6,818,True,22875,22563,212.04003418548018
819,7102f5ce-f399-4dd7-a1eb-461e48df4922,6,819,True,22913,22601,171.0684936537109
820,7102f5ce-f399-4dd7-a1eb-461e48df4922,6,820,True,22939,22627,214.15020647449637
821,7102f5ce-f399-4dd7-a1eb-461e48df4922,6,821,True,22963,22651,140.82398366849884
822,7102f5ce-f399-4dd7-a1eb-461e48df4922,6,822,True,22986,22674,197.4574099838137
823,7102f5ce-f399-4dd7-a1eb-461e48df4922,6,823,True,23015,22703,189.29001981088368
824,7102f5ce-f399-4dd7-a1eb-461e48df4922,6,824,True,23035,22723,172.9845667921727
825,7102f5ce-f399-4dd7-a1eb-461e48df4922,6,825,True,23058,22746,152.55206487090618
826,7102f5ce-f399-4dd7-a1eb-461e48df4922,6,826,True,23092,22780,172.24073510382004
827,7102f5ce-f399-4dd7-a1eb-461e48df4922,6,827,True,23120,22808,205.23103240922865
828,7102f5ce-f399-4dd7-a1eb-461e48df4922,6,828,True,23154,22842,143.38440271997024
829,7102f5ce-f399-4dd7-a1eb-461e48df4922,6,829,True,23172,22860,201.96049931359812
830,7102f5ce-f399-4dd7-a1eb-461e48df4922,6,830,True,23200,22888,121.77584673192541
831,7102f5ce-f399-4dd7-a1eb-461e48df4922,6,831,True,23227,22915,162.32050817433992
832,7102f5ce-f399-4dd7-a1eb-461e48df4922,6,832,True,23261,22949,130.85147694983243
833,7102f5ce-f399-4dd7-a1eb-461e48df4922,6,833,True,23288,22976,177.63339820107285
834,7102f5ce-f399-4dd7-a1eb-461e48df4922,6,834,True,23318,23006,151.5012052698512
835,7102f5ce-f399-4dd7-a1eb-461e48df4922,6,835,True,23335,23023,137.04315924426191
836,7102f5ce-f399-4dd7-a1eb-461e48df4922,6,836,True,23368,23056,154.12722699884034
837,7102f5ce-f399-4dd7-a1eb-461e48df4922,6,837,True,23391,23079,151.17500500756069
838,7102f5ce-f399-4dd7-a1eb-461e48df4922,6,838,True,23413,23101,157.2244007890913
839,7102f5ce-f399-4dd7-a1eb-461e48df4922,6,839,True,23445,23133,122.65389089070595
840,7102f5ce-f399-4dd7-a1eb-461e48df4922,6,840,True,23468,23156,150.92669668790404
841,7102f5ce-f399-4dd7-a1eb-461e48df4922,6,841,True,23491,23179,132.46237021878915
842,7102f5ce-f399-4dd7-a1eb-461e48df4922,6,842,True,23518,23206,132.26502653237185
843,7102f5ce-f399-4dd7-a1eb-461e48df4922,6,843,True,23546,23234,125.72404958029074
844,7102f5ce-f399-4dd7-a1eb-461e48df4922,6,844,True,23566,23254,176.7773993954106
845,7102f5ce-f399-4dd7-a1eb-461e48df4922,6,845,True,23599,23287,167.57781896883535
846,7102f5ce-f399-4dd7-a1eb-461e48df4922,6,846,True,23622,23310,168.53470059479878
847,7102f5ce-f399-4dd7-a1eb-461e48df4922,6,847,True,23646,23334,142.14906408687966
848,7102f5ce-f399-4dd7-a1eb-461e48df4922,6,848,True,23675,23363,200.66648458648342
849,7102f5ce-f399-4dd7-a1eb-461e48df4922,6,849,True,23708,23396,131.41687926905433
850,7102f5ce-f399-4dd7-a1eb-461e48df4922,6,850,True,23745,23433,145.24167308251708
851,7102f5ce-f399-4dd7-a1eb-461e48df4922,6,851,True,23767,23455,162.09847039715896
852,7102f5ce-f399-4dd7-a1eb-461e48df4922,6,852,True,23800,23488,194.61328677836718
853,7102f5ce-f399-4dd7-a1eb-461e48df4922,6,853,True,23821,23509,146.64438582802177
854,7102f5ce-f399-4dd7-a1eb-461e48df4922,6,854,True,23851,23539,190.61637215908922
855,7102f5ce-f399-4dd7-a1eb-461e48df4922,6,855,True,23878,23566,142.75897205419096
856,7102f5ce-f399-4dd7-a1eb-461e48df4922,6,856,True,23911,23599,137.40198745513044
857,7102f5ce-f399-4dd7-a1eb-461e48df4922,6,857,True,23941,23629,159.3105178992446
858,7102f5ce-f399-4dd7-a1eb-461e48df4922,6,858,True,23976,23664,168.93235977239965
859,7102f5ce-f399-4dd7-a1eb-461e48df4922,6,859,True,23998,23686,198.93558374046552
860,7102f5ce-f399-4dd7-a1eb-461e48df4922,6,860,True,24027,23715,148.05390829783937
861,7102f5ce-f399-4dd7-a1eb-461e48df4922,6,861,True,24046,23734,153.61762315064698
862,7102f5ce-f399-4dd7-a1eb-461e48df4922,6,862,True,24079,23767,122.8778368370622
863,7102f5ce-f399-4dd7-a1eb-461e48df4922,6,863,True,24110,23798,151.09068908319387
864,7102f5ce-f399-4dd7-a1eb-461e48df4922,6,864,True,24137,23825,121.49783428077717
865,7102f5ce-f399-4dd7-a1eb-461e48df4922,6,865,True,24164,23852,185.2640627674773
866,7102f5ce-f399-4dd7-a1eb-461e48df4922,6,866,True,24192,23880,126.04765316156409
867,7102f5ce-f399-4dd7-a1eb-461e48df4922,6,867,True,24217,23905,179.48632159579574
868,7102f5ce-f399-4dd7-a1eb-461e48df4922,6,868,True,24248,23936,152.68230442196727
869,7102f5ce-f399-4dd7-a1eb-461e48df4922,6,869,True,24268,23956,187.1169887208962
870,7102f5ce-f399-4dd7-a1eb-461e48df4922,6,870,True,24289,23977,168.40558288511602
871,7102f5ce-f399-4dd7-a1eb-461e48df4922,6,871,True,24316,24004,160.47030197985077
872,7102f5ce-f399-4dd7-a1eb-461e48df4922,6,872,True,24346,24034,208.28612550734033
873,7102f5ce-f399-4dd7-a1eb-461e48df4922,6,873,True,24371,24059,207.81627515576838
874,7102f5ce-f399-4dd7-a1eb-461e48df4922,6,874,True,24401,24089,149.72923224738406
875,7102f5ce-f399-4dd7-a1eb-461e48df4922,6,875,True,24432,24120,150.64089500397313
876,7102f5ce-f399-4dd7-a1eb-461e48df4922,6,876,True,24463,24151,122.28730884867036
877,7102f5ce-f399-4dd7-a1eb-461e48df4922,6,877,True,24485,24173,156.58258419562844
878,7102f5ce-f399-4dd7-a1eb-461e48df4922,6,878,True,24508,24196,128.73390818077314
879,7102f5ce-f399-4dd7-a1eb-461e48df4922,6,879,True,24532,24220,178.4203645672278
880,7102f5ce-f399-4dd7-a1eb-461e48df4922,6,880,True,24563,24251,177.7130427120319
881,7102f5ce-f399-4dd7-a1eb-461e48df4922,6,881,True,24588,24276,147.0049941821817
882,7102f5ce-f399-4dd7-a1eb-461e48df4922,6,882,True,24621,24309,174.15834159999577
883,7102f5ce-f399-4dd7-a1eb-461e48df4922,6,883,True,24645,24333,143.36423651183577
884,7102f5ce-f399-4dd7-a1eb-461e48df4922,6,884,True,24675,24363,143.51159370200548
885,7102f5ce-f399-4dd7-a1eb-461e48df4922,6,885,True,24695,24383,163.36059053067947
886,7102f5ce-f399-4dd7-a1eb-461e48df4922,6,886,True,24722,24410,161.56739800379728
887,7102f5ce-f399-4dd7-a1eb-461e48df4922,6,887,True,24750,24438,144.73851982774067
888,7102f5ce-f399-4dd7-a1eb-461e48df4922,6,888,True,24776,24464,159.5179444387977
889,7102f5ce-f399-4dd7-a1eb-461e48df4922,6,889,True,24800,24488,119.2036875916092
890,7102f5ce-f399-4dd7-a1eb-461e48df4922,6,890,True,24832,24520,181.69207096772152
891,7102f5ce-f399-4dd7-a1eb-461e48df4922,6,891,True,24863,24551,113.00645476599675
892,7102f5ce-f399-4dd7-a1eb-461e48df4922,6,892,True,24897,24585,130.49886963978133
893,7102f5ce-f399-4dd7-a1eb-461e48df4922,6,893,True,24932,24620,144.52878062840318
894,7102f5ce-f399-4dd7-a1eb-461e48df4922,6,894,True,24963,24651,156.0568035340657
895,7102f5ce-f399-4dd7-a1eb-461e48df4922,6,895,True,24982,24670,139.38191654312322
896,7102f5ce-f399-4dd7-a1eb-461e48df4922,6,896,True,25006,24694,138.30950656951245
897,7102f5ce-f399-4dd7-a1eb-461e48df4922,6,897,True,25030,24718,125.35103609811631
898,7102f5ce-f399-4dd7-a1eb-461e48df4922,6,898,True,25062,24750,144.66869882315223
899,7102f5ce-f399-4dd7-a1eb-461e48df4922,6,899,True,25092,24780,126.27797743596602
900,7102f5ce-f399-4dd7-a1eb-461e48df4922,6,900,True,25127,24815,133.43704848543712
901,7102f5ce-f399-4dd7-a1eb-461e48df4922,6,901,True,25146,24834,140.90431621895186
902,7102f5ce-f399-4dd7-a1eb-461e48df4922,6,902,True,25179,24867,115.2585413924171
903,7102f5ce-f399-4dd7-a1eb-461e48df4922,6,903,True,25213,24901,131.9317847088023
904,7102f5ce-f399-4dd7-a1eb-461e48df4922,6,904,True,25242,24930,116.92832636950698
905,7102f5ce-f399-4dd7-a1eb-461e48df4922,6,905,True,25272,24960,98.79102486560441
906,7102f5ce-f399-4dd7-a1eb-461e48df4922,6,906,True,25307,24995,102.71749702897796
907,7102f5ce-f399-4dd7-a1eb-461e48df4922,6,907,True,25335,25023,141.48002092472234
908,7102f5ce-f399-4dd7-a1eb-461e48df4922,6,908,True,25360,25048,119.93101152104282
909,7102f5ce-f399-4dd7-a1eb-461e48df4922,6,909,True,25392,25080,127.92356192962325
910,7102f5ce-f399-4dd7-a1eb-461e48df4922,6,910,True,25427,25115,120.77444467191526
911,7102f5ce-f399-4dd7-a1eb-461e48df4922,6,911,True,25456,25144,118.43292883189861
912,7102f5ce-f399-4dd7-a1eb-461e48df4922,6,912,True,25485,25173,139.49949229895356
913,7102f5ce-f399-4dd7-a1eb-461e48df4922,6,913,True,25508,25196,125.70973381449585
914,7102f5ce-f399-4dd7-a1eb-461e48df4922,6,914,True,25528,25216,122.11296699881132
915,7102f5ce-f399-4dd7-a1eb-461e48df4922,6,915,True,25556,25244,119.54085502083035
916,7102f5ce-f399-4dd7-a1eb-461e48df4922,6,916,True,25596,25284,89.8646270702593
917,7102f5ce-f399-4dd7-a1eb-461e48df4922,6,917,True,25628,25316,132.4601056041356
918,7102f5ce-f399-4dd7-a1eb-461e48df4922,6,918,True,25658,25346,211.01873428780164
919,7102f5ce-f399-4dd7-a1eb-461e48df4922,6,919,True,25682,25370,184.6544964149616
920,7102f5ce-f399-4dd7-a1eb-461e48df4922,6,920,True,25709,25397,182.49363105635348
921,7102f5ce-f399-4dd7-a1eb-461e48df4922,6,921,True,25730,25418,204.94176414744652
922,7102f5ce-f399-4dd7-a1eb-461e48df4922,6,922,True,25774,25462,160.94176414744652
923,7102f5ce-f399-4dd7-a1eb-461e48df4922,6,923,True,25801,25489,181.06575342591896
924,7102f5ce-f399-4dd7-a1eb-461e48df4922,6,924,True,25830,25518,131.21774610245848
925,7102f5ce-f399-4dd7-a1eb-461e48df4922,6,925,True,25853,25541,135.3682340517771
926,7102f5ce-f399-4dd7-a1eb-461e48df4922,6,926,True,25876,25564,142.78469295644027
927,7102f5ce-f399-4dd7-a1eb-461e48df4922,6,927,True,25896,25584,128.60156201143036
928,7102f5ce-f399-4dd7-a1eb-461e48df4922,6,928,True,25929,25617,148.43319993398472
929,7102f5ce-f399-4dd7-a1eb-461e48df4922,6,929,True,25957,25645,129.3224223957368
930,7102f5ce-f399-4dd7-a1eb-461e48df4922,6,930,True,25995,25683,141.4723948721694
931,7102f5ce-f399-4dd7-a1eb-461e48df4922,6,931,True,26014,25702,131.23672240976157
932,7102f5ce-f399-4dd7-a1eb-461e48df4922,6,932,True,26034,25722,136.24447668878565
933,7102f5ce-f399-4dd7-a1eb-461e48df4922,6,933,True,26062,25750,112.46809111746188
934,7102f5ce-f399-4dd7-a1eb-461e48df4922,6,934,True,26090,25778,193.73238505889094
935,7102f5ce-f399-4dd7-a1eb-461e48df4922,6,935,True,26114,25802,119.7339799307847
936,7102f5ce-f399-4dd7-a1eb-461e48df4922,6,936,True,26140,25828,152.57419710908653
937,7102f5ce-f399-4dd7-a1eb-461e48df4922,6,937,True,26176,25864,141.93731536679115
938,7102f5ce-f399-4dd7-a1eb-461e48df4922,6,938,True,26205,25893,192.07975013445684
939,7102f5ce-f399-4dd7-a1eb-461e48df4922,6,939,True,26238,25926,134.0157654765644
940,7102f5ce-f399-4dd7-a1eb-461e48df4922,6,940,True,26268,25956,131.58237342338907
941,7102f5ce-f399-4dd7-a1eb-461e48df4922,6,941,True,26292,25980,128.5768085709933
942,7102f5ce-f399-4dd7-a1eb-461e48df4922,6,942,True,26321,26009,157.21903040485267
943,7102f5ce-f399-4dd7-a1eb-461e48df4922,6,943,True,26341,26029,143.39340625878685
944,7102f5ce-f399-4dd7-a1eb-461e48df4922,6,944,True,26368,26056,197.46576238971466
945,7102f5ce-f399-4dd7-a1eb-461e48df4922,6,945,True,26388,26076,155.09715786126617
946,7102f5ce-f399-4dd7-a1eb-461e48df4922,6,946,True,26420,26108,125.96344680873517
947,7102f5ce-f399-4dd7-a1eb-461e48df4922,6,947,True,26439,26127,185.9752238090732
948,7102f5ce-f399-4dd7-a1eb-461e48df4922,6,948,True,26477,26165,153.1744777133681
949,7102f5ce-f399-4dd7-a1eb-461e48df4922,6,949,True,26508,26196,119.80405466651428
950,7102f5ce-f399-4dd7-a1eb-461e48df4922,6,950,True,26537,26225,169.37945846503135
951,7102f5ce-f399-4dd7-a1eb-461e48df4922,6,951,True,26566,26254,149.3158548752399
952,7102f5ce-f399-4dd7-a1eb-461e48df4922,6,952,True,26597,26285,174.78691716691173
953,7102f5ce-f399-4dd7-a1eb-461e48df4922,6,953,True,26633,26321,135.34419166625594
954,7102f5ce-f399-4dd7-a1eb-461e48df4922,6,954,True,26661,26349,122.48574736361115
955,7102f5ce-f399-4dd7-a1eb-461e48df4922,6,955,True,26685,26373,160.98380761358567
956,7102f5ce-f399-4dd7-a1eb-461e48df4922,6,956,True,26714,26402,156.02418159173976
957,7102f5ce-f399-4dd7-a1eb-461e48df4922,6,957,True,26735,26423,113.6954674010085
958,7102f5ce-f399-4dd7-a1eb-461e48df4922,6,958,True,26760,26448,128.2722051662713
959,7102f5ce-f399-4dd7-a1eb-461e48df4922,6,959,True,26790,26478,105.98869372311674
960,7102f5ce-f399-4dd7-a1eb-461e48df4922,6,960,True,26821,26509,116.80927351239006
961,7102f5ce-f399-4dd7-a1eb-461e48df4922,6,961,True,26851,26539,138.35476043926974
962,7102f5ce-f399-4dd7-a1eb-461e48df4922,6,962,True,26876,26564,130.77484715888204
963,7102f5ce-f399-4dd7-a1eb-461e48df4922,6,963,True,26903,26591,128.07907758696456
964,7102f5ce-f399-4dd7-a1eb-461e48df4922,6,964,True,26940,26628,202.7646199965311
965,7102f5ce-f399-4dd7-a1eb-461e48df4922,6,965,True,26965,26653,183.08919190380766
966,7102f5ce-f399-4dd7-a1eb-461e48df4922,6,966,True,26991,26679,154.3627403968967
967,7102f5ce-f399-4dd7-a1eb-461e48df4922,6,967,True,27022,26710,177.0286169330211
968,7102f5ce-f399-4dd7-a1eb-461e48df4922,6,968,True,27048,26736,156.47222858107853
969,7102f5ce-f399-4dd7-a1eb-461e48df4922,6,969,True,27075,26763,195.15088960397406
970,7102f5ce-f399-4dd7-a1eb-461e48df4922,6,970,True,27110,26798,116.71869082421836
971,7102f5ce-f399-4dd7-a1eb-461e48df4922,6,971,True,27131,26819,136.44233583659297
972,7102f5ce-f399-4dd7-a1eb-461e48df4922,6,972,True,27161,26849,245.3382795841826
973,7102f5ce-f399-4dd7-a1eb-461e48df4922,6,973,True,27186,26874,216.00489438142176
974,7102f5ce-f399-4dd7-a1eb-461e48df4922,6,974,True,27212,26900,272.5145253282499
975,7102f5ce-f399-4dd7-a1eb-461e48df4922,6,975,True,27243,26931,239.1794397314443
976,7102f5ce-f399-4dd7-a1eb-461e48df4922,6,976,True,27269,26957,288.6412627619866
977,7102f5ce-f399-4dd7-a1eb-461e48df4922,6,977,True,27300,26988,252.49464709883978
978,7102f5ce-f399-4dd7-a1eb-461e48df4922,6,978,True,27327,27015,230.64126276198658
979,7102f5ce-f399-4dd7-a1eb-461e48df4922,6,979,True,27353,27041,234.85442609764505
980,7102f5ce-f399-4dd7-a1eb-461e48df4922,6,980,True,27375,27063,259.11001214265343
981,7102f5ce-f399-4dd7-a1eb-461e48df4922,6,981,True,27407,27095,216.0596314600407
982,7102f5ce-f399-4dd7-a1eb-461e48df4922,6,982,True,27432,27120,258.9880656203859
983,7102f5ce-f399-4dd7-a1eb-461e48df4922,6,983,True,27461,27149,250.63548525350052
984,7102f5ce-f399-4dd7-a1eb-461e48df4922,6,984,True,27502,27190,188.9880656203859
985,7102f5ce-f399-4dd7-a1eb-461e48df4922,6,985,True,27528,27216,183.63548525350052
986,7102f5ce-f399-4dd7-a1eb-461e48df4922,6,986,True,27556,27244,224.8308419917339
987,7102f5ce-f399-4dd7-a1eb-461e48df4922,6,987,True,27585,27273,210.63281382653076
988,7102f5ce-f399-4dd7-a1eb-461e48df4922,6,988,True,27612,27300,225.31022809608476
989,7102f5ce-f399-4dd7-a1eb-461e48df4922,6,989,True,27636,27324,214.99301820491746
990,7102f5ce-f399-4dd7-a1eb-461e48df4922,6,990,True,27653,27341,197.99301820491746
991,7102f5ce-f399-4dd7-a1eb-461e48df4922,6,991,True,27682,27370,155.31022809608476
992,7102f5ce-f399-4dd7-a1eb-461e48df4922,6,992,True,27711,27399,199.30459183620042
993,7102f5ce-f399-4dd7-a1eb-461e48df4922,6,993,True,27738,27426,198.3210223034148
994,7102f5ce-f399-4dd7-a1eb-461e48df4922,6,994,True,27766,27454,193.65656559846684
995,7102f5ce-f399-4dd7-a1eb-461e48df4922,6,995,True,27796,27484,231.2826273328792
996,7102f5ce-f399-4dd7-a1eb-461e48df4922,6,996,True,27826,27514,146.05042586518903
997,7102f5ce-f399-4dd7-a1eb-461e48df4922,6,997,True,27852,27540,155.9142965545434
998,7102f5ce-f399-4dd7-a1eb-461e48df4922,6,998,True,27879,27567,148.2826273328792
999,7102f5ce-f399-4dd7-a1eb-461e48df4922,6,999,True,27915,27603,136.2722512496839
1000,cdc822f1-c398-4b20-a422-883124ee92ff,9,1000,True,380,28,77.32110337772636
1001,cdc822f1-c398-4b20-a422-883124ee92ff,9,1001,True,401,49,88.07119263729302
1002,cdc822f1-c398-4b20-a422-883124ee92ff,9,1002,True,422,70,93.17648712447877
1003,cdc822f1-c398-4b20-a422-883124ee92ff,9,1003,True,446,94,88.61427734484465
1004,cdc822f1-c398-4b20-a422-883124ee92ff,9,1004,True,485,133,84.66217258352435
1005,cdc822f1-c398-4b20-a422-883124ee92ff,9,1005,True,512,160,89.5432045854925
1006,cdc822f1-c398-4b20-a422-883124ee92ff,9,1006,True,541,189,103.61590510277478
1007,cdc822f1-c398-4b20-a422-883124ee92ff,9,1007,True,565,213,99.89804540891305
1008,cdc822f1-c398-4b20-a422-883124ee92ff,9,1008,True,597,245,142.62862678736695
1009,cdc822f1-c398-4b20-a422-883124ee92ff,9,1009,True,625,273,115.14151465078726
1010,cdc822f1-c398-4b20-a422-883124ee92ff,9,1010,True,654,302,97.23036364719752
1011,cdc822f1-c398-4b20-a422-883124ee92ff,9,1011,True,677,325,126.10010708929224
1012,cdc822f1-c398-4b20-a422-883124ee92ff,9,1012,True,711,359,107.02300146567751
1013,cdc822f1-c398-4b20-a422-883124ee92ff,9,1013,True,738,386,134.6895710345898
1014,cdc822f1-c398-4b20-a422-883124ee92ff,9,1014,True,769,417,108.15117688166004
1015,cdc822f1-c398-4b20-a422-883124ee92ff,9,1015,True,800,448,128.00697811259306
1016,cdc822f1-c398-4b20-a422-883124ee92ff,9,1016,True,824,472,128.91433407317334
1017,cdc822f1-c398-4b20-a422-883124ee92ff,9,1017,True,857,505,121.82580607476098
1018,cdc822f1-c398-4b20-a422-883124ee92ff,9,1018,True,888,536,139.51287080037275
1019,cdc822f1-c398-4b20-a422-883124ee92ff,9,1019,True,912,560,126.21732646787791
1020,cdc822f1-c398-4b20-a422-883124ee92ff,9,1020,True,944,592,108.85544450046518
1021,cdc822f1-c398-4b20-a422-883124ee92ff,9,1021,True,976,624,147.78989385009038
1022,cdc822f1-c398-4b20-a422-883124ee92ff,9,1022,True,1006,654,177.4740744823381
1023,cdc822f1-c398-4b20-a422-883124ee92ff,9,1023,True,1040,688,141.52042831633605
1024,cdc822f1-c398-4b20-a422-883124ee92ff,9,1024,True,1059,707,144.10044324135526
1025,cdc822f1-c398-4b20-a422-883124ee92ff,9,1025,True,1077,725,146.52439679190093
1026,cdc822f1-c398-4b20-a422-883124ee92ff,9,1026,True,1103,751,187.58065934191734
1027,cdc822f1-c398-4b20-a422-883124ee92ff,9,1027,True,1128,776,152.8226641692396
1028,cdc822f1-c398-4b20-a422-883124ee92ff,9,1028,True,1156,804,158.05789150692692
1029,cdc822f1-c398-4b20-a422-883124ee92ff,9,1029,True,1174,822,177.2832598487356
1030,cdc822f1-c398-4b20-a422-883124ee92ff,9,1030,True,1207,855,167.9289015916022
1031,cdc822f1-c398-4b20-a422-883124ee92ff,9,1031,True,1223,871,131.12790875477776
1032,cdc822f1-c398-4b20-a422-883124ee92ff,9,1032,True,1249,897,151.7113596602187
1033,cdc822f1-c398-4b20-a422-883124ee92ff,9,1033,True,1272,920,136.48145688803402
1034,cdc822f1-c398-4b20-a422-883124ee92ff,9,1034,True,1298,946,158.03482747939074
1035,cdc822f1-c398-4b20-a422-883124ee92ff,9,1035,True,1323,971,156.17059657930804
1036,cdc822f1-c398-4b20-a422-883124ee92ff,9,1036,True,1346,994,150.65865119724344
1037,cdc822f1-c398-4b20-a422-883124ee92ff,9,1037,True,1371,1019,196.5917745787997
1038,cdc822f1-c398-4b20-a422-883124ee92ff,9,1038,True,1392,1040,146.60182629013548
1039,cdc822f1-c398-4b20-a422-883124ee92ff,9,1039,True,1420,1068,114.48540807850895
1040,cdc822f1-c398-4b20-a422-883124ee92ff,9,1040,True,1449,1097,202.3107586345916
1041,cdc822f1-c398-4b20-a422-883124ee92ff,9,1041,True,1467,1115,159.2937929245445
1042,cdc822f1-c398-4b20-a422-883124ee92ff,9,1042,True,1490,1138,139.57583576192542
1043,cdc822f1-c398-4b20-a422-883124ee92ff,9,1043,True,1523,1171,156.45202508870284
1044,cdc822f1-c398-4b20-a422-883124ee92ff,9,1044,True,1552,1200,146.57895085597374
1045,cdc822f1-c398-4b20-a422-883124ee92ff,9,1045,True,1573,1221,154.61163986919905
1046,cdc822f1-c398-4b20-a422-883124ee92ff,9,1046,True,1597,1245,150.5081401319028
1047,cdc822f1-c398-4b20-a422-883124ee92ff,9,1047,True,1621,1269,151.91890130461275
1048,cdc822f1-c398-4b20-a422-883124ee92ff,9,1048,True,1651,1299,124.07986004645909
1049,cdc822f1-c398-4b20-a422-883124ee92ff,9,1049,True,1683,1331,165.27125141600072
1050,cdc822f1-c398-4b20-a422-883124ee92ff,9,1050,True,1699,1347,128.5280224462258
1051,cdc822f1-c398-4b20-a422-883124ee92ff,9,1051,True,1730,1378,148.41645425948036
1052,cdc822f1-c398-4b20-a422-883124ee92ff,9,1052,True,1764,1412,118.46307053904275
1053,cdc822f1-c398-4b20-a422-883124ee92ff,9,1053,True,1787,1435,145.40552040512762
1054,cdc822f1-c398-4b20-a422-883124ee92ff,9,1054,True,1812,1460,122.03515194554143
1055,cdc822f1-c398-4b20-a422-883124ee92ff,9,1055,True,1837,1485,144.7722208109983
1056,cdc822f1-c398-4b20-a422-883124ee92ff,9,1056,True,1871,1519,113.21111704237455
1057,cdc822f1-c398-4b20-a422-883124ee92ff,9,1057,True,1898,1546,149.88104874653982
1058,cdc822f1-c398-4b20-a422-883124ee92ff,9,1058,True,1924,1572,137.0112801589171
1059,cdc822f1-c398-4b20-a422-883124ee92ff,9,1059,True,1943,1591,230.65693189652984
1060,cdc822f1-c398-4b20-a422-883124ee92ff,9,1060,True,1971,1619,177.87251860912147
1061,cdc822f1-c398-4b20-a422-883124ee92ff,9,1061,True,2001,1649,252.3465466779287
1062,cdc822f1-c398-4b20-a422-883124ee92ff,9,1062,True,2032,1680,221.3465466779287
1063,cdc822f1-c398-4b20-a422-883124ee92ff,9,1063,True,2056,1704,285.8226117380659
1064,cdc822f1-c398-4b20-a422-883124ee92ff,9,1064,True,2088,1736,258.6604250826033
1065,cdc822f1-c398-4b20-a422-883124ee92ff,9,1065,True,2104,1752,236.14947775624273
1066,cdc822f1-c398-4b20-a422-883124ee92ff,9,1066,True,2144,1792,202.6604250826033
1067,cdc822f1-c398-4b20-a422-883124ee92ff,9,1067,True,2171,1819,242.0116406373645
1068,cdc822f1-c398-4b20-a422-883124ee92ff,9,1068,True,2194,1842,212.49303880854586
1069,cdc822f1-c398-4b20-a422-883124ee92ff,9,1069,True,2220,1868,193.0116406373645
1070,cdc822f1-c398-4b20-a422-883124ee92ff,9,1070,True,2252,1900,161.0116406373645
1071,cdc822f1-c398-4b20-a422-883124ee92ff,9,1071,True,2275,1923,200.34868085905964
1072,cdc822f1-c398-4b20-a422-883124ee92ff,9,1072,True,2302,1950,158.87582902702889
1073,cdc822f1-c398-4b20-a422-883124ee92ff,9,1073,True,2325,1973,182.05850695285244
1074,cdc822f1-c398-4b20-a422-883124ee92ff,9,1074,True,2354,2002,200.02534866347196
1075,cdc822f1-c398-4b20-a422-883124ee92ff,9,1075,True,2375,2023,149.24710112982575
1076,cdc822f1-c398-4b20-a422-883124ee92ff,9,1076,True,2407,2055,199.3445358374588
1077,cdc822f1-c398-4b20-a422-883124ee92ff,9,1077,True,2437,2085,141.63390970638147
1078,cdc822f1-c398-4b20-a422-883124ee92ff,9,1078,True,2468,2116,136.3426360994281
1079,cdc822f1-c398-4b20-a422-883124ee92ff,9,1079,True,2503,2151,154.40399212763123
1080,cdc822f1-c398-4b20-a422-883124ee92ff,9,1080,True,2529,2177,158.44660215217482
1081,cdc822f1-c398-4b20-a422-883124ee92ff,9,1081,True,2549,2197,138.44660215217482
1082,cdc822f1-c398-4b20-a422-883124ee92ff,9,1082,True,2573,2221,134.24507542437595
1083,cdc822f1-c398-4b20-a422-883124ee92ff,9,1083,True,2598,2246,132.89788653253527
1084,cdc822f1-c398-4b20-a422-883124ee92ff,9,1084,True,2619,2267,164.2980909058574
1085,cdc822f1-c398-4b20-a422-883124ee92ff,9,1085,True,2647,2295,144.60351012157707
1086,cdc822f1-c398-4b20-a422-883124ee92ff,9,1086,True,2675,2323,153.02931942397345
1087,cdc822f1-c398-4b20-a422-883124ee92ff,9,1087,True,2706,2354,136.95879381892382
1088,cdc822f1-c398-4b20-a422-883124ee92ff,9,1088,True,2738,2386,157.1911784896447
1089,cdc822f1-c398-4b20-a422-883124ee92ff,9,1089,True,2759,2407,145.56146316269906
1090,cdc822f1-c398-4b20-a422-883124ee92ff,9,1090,True,2791,2439,115.7499492539132
1091,cdc822f1-c398-4b20-a422-883124ee92ff,9,1091,True,2811,2459,123.46508531234485
1092,cdc822f1-c398-4b20-a422-883124ee92ff,9,1092,True,2843,2491,141.57141447861613
1093,cdc822f1-c398-4b20-a422-883124ee92ff,9,1093,True,2868,2516,128.13359219319364
1094,cdc822f1-c398-4b20-a422-883124ee92ff,9,1094,True,2902,2550,155.66780225196362
1095,cdc822f1-c398-4b20-a422-883124ee92ff,9,1095,True,2934,2582,141.148749119865
1096,cdc822f1-c398-4b20-a422-883124ee92ff,9,1096,True,2960,2608,167.13042791406588
1097,cdc822f1-c398-4b20-a422-883124ee92ff,9,1097,True,2978,2626,153.79262680282454
1098,cdc822f1-c398-4b20-a422-883124ee92ff,9,1098,True,3001,2649,121.46366101984768
1099,cdc822f1-c398-4b20-a422-883124ee92ff,9,1099,True,3033,2681,137.42343267336446
1100,cdc822f1-c398-4b20-a422-883124ee92ff,9,1100,True,3075,2723,154.60226562779098
1101,cdc822f1-c398-4b20-a422-883124ee92ff,9,1101,True,3101,2749,129.19969543181833
1102,cdc822f1-c398-4b20-a422-883124ee92ff,9,1102,True,3123,2771,168.67135196537265
1103,cdc822f1-c398-4b20-a422-883124ee92ff,9,1103,True,3153,2801,150.22859989832523
1104,cdc822f1-c398-4b20-a422-883124ee92ff,9,1104,True,3182,2830,162.69268396367806
1105,cdc822f1-c398-4b20-a422-883124ee92ff,9,1105,True,3215,2863,130.55205507060236
1106,cdc822f1-c398-4b20-a422-883124ee92ff,9,1106,True,3241,2889,179.64834832831002
1107,cdc822f1-c398-4b20-a422-883124ee92ff,9,1107,True,3265,2913,157.41225594816797
1108,cdc822f1-c398-4b20-a422-883124ee92ff,9,1108,True,3302,2950,143.65144282725532
1109,cdc822f1-c398-4b20-a422-883124ee92ff,9,1109,True,3329,2977,129.63195211543234
1110,cdc822f1-c398-4b20-a422-883124ee92ff,9,1110,True,3360,3008,135.11242392891518
1111,cdc822f1-c398-4b20-a422-883124ee92ff,9,1111,True,3381,3029,140.75131326757355
1112,cdc822f1-c398-4b20-a422-883124ee92ff,9,1112,True,3411,3059,162.96435189633075
1113,cdc822f1-c398-4b20-a422-883124ee92ff,9,1113,True,3439,3087,145.27997123586147
1114,cdc822f1-c398-4b20-a422-883124ee92ff,9,1114,True,3467,3115,175.21734426756802
1115,cdc822f1-c398-4b20-a422-883124ee92ff,9,1115,True,3485,3133,114.32193252308207
1116,cdc822f1-c398-4b20-a422-883124ee92ff,9,1116,True,3518,3166,122.73381117764347
1117,cdc822f1-c398-4b20-a422-883124ee92ff,9,1117,True,3546,3194,161.2787082582331
1118,cdc822f1-c398-4b20-a422-883124ee92ff,9,1118,True,3561,3209,158.59672019278105
1119,cdc822f1-c398-4b20-a422-883124ee92ff,9,1119,True,3588,3236,166.49216157375395
1120,cdc822f1-c398-4b20-a422-883124ee92ff,9,1120,True,3622,3270,144.70445208755382
1121,cdc822f1-c398-4b20-a422-883124ee92ff,9,1121,True,3663,3311,115.14802758476662
1122,cdc822f1-c398-4b20-a422-883124ee92ff,9,1122,True,3692,3340,142.49590567576342
1123,cdc822f1-c398-4b20-a422-883124ee92ff,9,1123,True,3719,3367,146.24654591942362
1124,cdc822f1-c398-4b20-a422-883124ee92ff,9,1124,True,3737,3385,152.0076692516127
1125,cdc822f1-c398-4b20-a422-883124ee92ff,9,1125,True,3769,3417,161.7031512719409
1126,cdc822f1-c398-4b20-a422-883124ee92ff,9,1126,True,3796,3444,140.31575391621982
1127,cdc822f1-c398-4b20-a422-883124ee92ff,9,1127,True,3820,3468,137.7488410091746
1128,cdc822f1-c398-4b20-a422-883124ee92ff,9,1128,True,3850,3498,126.09099344162269
1129,cdc822f1-c398-4b20-a422-883124ee92ff,9,1129,True,3879,3527,147.23464929134616
1130,cdc822f1-c398-4b20-a422-883124ee92ff,9,1130,True,3907,3555,154.8523442862438
1131,cdc822f1-c398-4b20-a422-883124ee92ff,9,1131,True,3944,3592,143.48577347083483
1132,cdc822f1-c398-4b20-a422-883124ee92ff,9,1132,True,3974,3622,200.9408330348483
1133,cdc822f1-c398-4b20-a422-883124ee92ff,9,1133,True,3999,3647,151.85006104579816
1134,cdc822f1-c398-4b20-a422-883124ee92ff,9,1134,True,4030,3678,185.32940316003896
1135,cdc822f1-c398-4b20-a422-883124ee92ff,9,1135,True,4057,3705,195.53206693099855
1136,cdc822f1-c398-4b20-a422-883124ee92ff,9,1136,True,4084,3732,200.46559318295158
1137,cdc822f1-c398-4b20-a422-883124ee92ff,9,1137,True,4104,3752,206.54791197208033
1138,cdc822f1-c398-4b20-a422-883124ee92ff,9,1138,True,4130,3778,192.019475915135
1139,cdc822f1-c398-4b20-a422-883124ee92ff,9,1139,True,4162,3810,196.82796191052057
1140,cdc822f1-c398-4b20-a422-883124ee92ff,9,1140,True,4188,3836,149.22676622022664
1141,cdc822f1-c398-4b20-a422-883124ee92ff,9,1141,True,4217,3865,170.17312221175325
1142,cdc822f1-c398-4b20-a422-883124ee92ff,9,1142,True,4250,3898,184.2835306272782
1143,cdc822f1-c398-4b20-a422-883124ee92ff,9,1143,True,4279,3927,132.76515207635566
1144,cdc822f1-c398-4b20-a422-883124ee92ff,9,1144,True,4309,3957,152.2302416696757
1145,cdc822f1-c398-4b20-a422-883124ee92ff,9,1145,True,4329,3977,158.18668362415156
1146,cdc822f1-c398-4b20-a422-883124ee92ff,9,1146,True,4352,4000,169.84729483806404
1147,cdc822f1-c398-4b20-a422-883124ee92ff,9,1147,True,4387,4035,149.3484289818125
1148,cdc822f1-c398-4b20-a422-883124ee92ff,9,1148,True,4427,4075,134.07369975341408
1149,cdc822f1-c398-4b20-a422-883124ee92ff,9,1149,True,4454,4102,138.95462859332656
1150,cdc822f1-c398-4b20-a422-883124ee92ff,9,1150,True,4482,4130,113.827147927218
1151,cdc822f1-c398-4b20-a422-883124ee92ff,9,1151,True,4506,4154,132.73497387933548
1152,cdc822f1-c398-4b20-a422-883124ee92ff,9,1152,True,4541,4189,110.90862282394028
1153,cdc822f1-c398-4b20-a422-883124ee92ff,9,1153,True,4573,4221,135.95270594005615
1154,cdc822f1-c398-4b20-a422-883124ee92ff,9,1154,True,4601,4249,165.98539488534152
1155,cdc822f1-c398-4b20-a422-883124ee92ff,9,1155,True,4630,4278,147.325016609263
1156,cdc822f1-c398-4b20-a422-883124ee92ff,9,1156,True,4655,4303,161.45422504222643
1157,cdc822f1-c398-4b20-a422-883124ee92ff,9,1157,True,4678,4326,130.9250870424421
1158,cdc822f1-c398-4b20-a422-883124ee92ff,9,1158,True,4706,4354,169.2756287302991
1159,cdc822f1-c398-4b20-a422-883124ee92ff,9,1159,True,4731,4379,147.0192756592969
1160,cdc822f1-c398-4b20-a422-883124ee92ff,9,1160,True,4763,4411,168.97191605045646
1161,cdc822f1-c398-4b20-a422-883124ee92ff,9,1161,True,4791,4439,144.5857411522611
1162,cdc822f1-c398-4b20-a422-883124ee92ff,9,1162,True,4818,4466,205.1666418761506
1163,cdc822f1-c398-4b20-a422-883124ee92ff,9,1163,True,4839,4487,134.23898230363375
1164,cdc822f1-c398-4b20-a422-883124ee92ff,9,1164,True,4867,4515,207.2619572374324
1165,cdc822f1-c398-4b20-a422-883124ee92ff,9,1165,True,4912,4560,136.5672658282001
1166,cdc822f1-c398-4b20-a422-883124ee92ff,9,1166,True,4937,4585,199.568055093986
1167,cdc822f1-c398-4b20-a422-883124ee92ff,9,1167,True,4960,4608,176.00488455684263
1168,cdc822f1-c398-4b20-a422-883124ee92ff,9,1168,True,4983,4631,149.95789097281795
1169,cdc822f1-c398-4b20-a422-883124ee92ff,9,1169,True,5009,4657,206.57448297603605
1170,cdc822f1-c398-4b20-a422-883124ee92ff,9,1170,True,5034,4682,176.46247743382355
1171,cdc822f1-c398-4b20-a422-883124ee92ff,9,1171,True,5067,4715,157.98879837247023
1172,cdc822f1-c398-4b20-a422-883124ee92ff,9,1172,True,5093,4741,144.24207039534303
1173,cdc822f1-c398-4b20-a422-883124ee92ff,9,1173,True,5125,4773,235.43939548855724
1174,cdc822f1-c398-4b20-a422-883124ee92ff,9,1174,True,5154,4802,210.83077824900647
1175,cdc822f1-c398-4b20-a422-883124ee92ff,9,1175,True,5173,4821,187.43939548855724
1176,cdc822f1-c398-4b20-a422-883124ee92ff,9,1176,True,5204,4852,222.2957099648538
1177,cdc822f1-c398-4b20-a422-883124ee92ff,9,1177,True,5236,4884,190.2957099648538
1178,cdc822f1-c398-4b20-a422-883124ee92ff,9,1178,True,5276,4924,209.21582866057815
1179,cdc822f1-c398-4b20-a422-883124ee92ff,9,1179,True,5300,4948,229.3414337761642
1180,cdc822f1-c398-4b20-a422-883124ee92ff,9,1180,True,5324,4972,208.10424507636526
1181,cdc822f1-c398-4b20-a422-883124ee92ff,9,1181,True,5356,5004,228.19427329414884
1182,cdc822f1-c398-4b20-a422-883124ee92ff,9,1182,True,5384,5032,173.49045503756042
1183,cdc822f1-c398-4b20-a422-883124ee92ff,9,1183,True,5410,5058,216.77979221205987
1184,cdc822f1-c398-4b20-a422-883124ee92ff,9,1184,True,5444,5092,161.74054225682175
1185,cdc822f1-c398-4b20-a422-883124ee92ff,9,1185,True,5475,5123,151.77979221205987
1186,cdc822f1-c398-4b20-a422-883124ee92ff,9,1186,True,5512,5160,128.31523555344393
1187,cdc822f1-c398-4b20-a422-883124ee92ff,9,1187,True,5543,5191,148.53033039766342
1188,cdc822f1-c398-4b20-a422-883124ee92ff,9,1188,True,5567,5215,138.92223704734988
1189,cdc822f1-c398-4b20-a422-883124ee92ff,9,1189,True,5589,5237,192.49492179399567
1190,cdc822f1-c398-4b20-a422-883124ee92ff,9,1190,True,5623,5271,168.19130924412912
1191,cdc822f1-c398-4b20-a422-883124ee92ff,9,1191,True,5654,5302,152.8220463380785
1192,cdc822f1-c398-4b20-a422-883124ee92ff,9,1192,True,5693,5341,121.62044066303315
1193,cdc822f1-c398-4b20-a422-883124ee92ff,9,1193,True,5719,5367,146.64952886514038
1194,cdc822f1-c398-4b20-a422-883124ee92ff,9,1194,True,5752,5400,129.13948324155263
1195,cdc822f1-c398-4b20-a422-883124ee92ff,9,1195,True,5778,5426,155.18402396226065
1196,cdc822f1-c398-4b20-a422-883124ee92ff,9,1196,True,5812,5460,143.5467612830962
1197,cdc822f1-c398-4b20-a422-883124ee92ff,9,1197,True,5839,5487,148.72175941358728
1198,cdc822f1-c398-4b20-a422-883124ee92ff,9,1198,True,5870,5518,117.09474825103007
1199,cdc822f1-c398-4b20-a422-883124ee92ff,9,1199,True,5886,5534,158.1020844897157
1200,cdc822f1-c398-4b20-a422-883124ee92ff,9,1200,True,5917,5565,129.20115868732955
1201,cdc822f1-c398-4b20-a422-883124ee92ff,9,1201,True,5939,5587,238.23591694597962
1202,cdc822f1-c398-4b20-a422-883124ee92ff,9,1202,True,5968,5616,204.2166872682601
1203,cdc822f1-c398-4b20-a422-883124ee92ff,9,1203,True,5989,5637,159.39690638332013
1204,cdc822f1-c398-4b20-a422-883124ee92ff,9,1204,True,6011,5659,187.22209655992356
1205,cdc822f1-c398-4b20-a422-883124ee92ff,9,1205,True,6035,5683,194.11956692083277
1206,cdc822f1-c398-4b20-a422-883124ee92ff,9,1206,True,6065,5713,156.7524732847014
1207,cdc822f1-c398-4b20-a422-883124ee92ff,9,1207,True,6089,5737,188.9056871820403
1208,cdc822f1-c398-4b20-a422-883124ee92ff,9,1208,True,6118,5766,156.06068250525732
1209,cdc822f1-c398-4b20-a422-883124ee92ff,9,1209,True,6154,5802,176.38373905753997
1210,cdc822f1-c398-4b20-a422-883124ee92ff,9,1210,True,6185,5833,189.02392321167372
1211,cdc822f1-c398-4b20-a422-883124ee92ff,9,1211,True,6213,5861,137.09045963930475
1212,cdc822f1-c398-4b20-a422-883124ee92ff,9,1212,True,6238,5886,147.11139907610595
1213,cdc822f1-c398-4b20-a422-883124ee92ff,9,1213,True,6268,5916,134.76928694941307
1214,cdc822f1-c398-4b20-a422-883124ee92ff,9,1214,True,6300,5948,169.45540643965614
1215,cdc822f1-c398-4b20-a422-883124ee92ff,9,1215,True,6318,5966,122.26318901041304
1216,cdc822f1-c398-4b20-a422-883124ee92ff,9,1216,True,6342,5990,163.01594550141454
1217,cdc822f1-c398-4b20-a422-883124ee92ff,9,1217,True,6373,6021,134.22903077614774
1218,cdc822f1-c398-4b20-a422-883124ee92ff,9,1218,True,6390,6038,138.2719805118786
1219,cdc822f1-c398-4b20-a422-883124ee92ff,9,1219,True,6429,6077,135.9633315562105
1220,cdc822f1-c398-4b20-a422-883124ee92ff,9,1220,True,6459,6107,224.47464375811342
1221,cdc822f1-c398-4b20-a422-883124ee92ff,9,1221,True,6482,6130,198.02461091827718
1222,cdc822f1-c398-4b20-a422-883124ee92ff,9,1222,True,6514,6162,213.6465985292216
1223,cdc822f1-c398-4b20-a422-883124ee92ff,9,1223,True,6538,6186,196.25894708250416
1224,cdc822f1-c398-4b20-a422-883124ee92ff,9,1224,True,6556,6204,195.699390197522
1225,cdc822f1-c398-4b20-a422-883124ee92ff,9,1225,True,6576,6224,202.92346128994268
1226,cdc822f1-c398-4b20-a422-883124ee92ff,9,1226,True,6608,6256,180.68049102128498
1227,cdc822f1-c398-4b20-a422-883124ee92ff,9,1227,True,6634,6282,231.40775829876293
1228,cdc822f1-c398-4b20-a422-883124ee92ff,9,1228,True,6660,6308,190.06551890258288
1229,cdc822f1-c398-4b20-a422-883124ee92ff,9,1229,True,6683,6331,204.3630172341891
1230,cdc822f1-c398-4b20-a422-883124ee92ff,9,1230,True,6707,6355,158.40775829876293
1231,cdc822f1-c398-4b20-a422-883124ee92ff,9,1231,True,6736,6384,200.5512114985131
1232,cdc822f1-c398-4b20-a422-883124ee92ff,9,1232,True,6760,6408,154.98829882309838
1233,cdc822f1-c398-4b20-a422-883124ee92ff,9,1233,True,6789,6437,191.12189264679273
1234,cdc822f1-c398-4b20-a422-883124ee92ff,9,1234,True,6819,6467,176.5578143078592
1235,cdc822f1-c398-4b20-a422-883124ee92ff,9,1235,True,6843,6491,164.31125784763663
1236,cdc822f1-c398-4b20-a422-883124ee92ff,9,1236,True,6874,6522,138.9619563858032
1237,cdc822f1-c398-4b20-a422-883124ee92ff,9,1237,True,6899,6547,138.2247708102759
1238,cdc822f1-c398-4b20-a422-883124ee92ff,9,1238,True,6928,6576,121.36986382561645
1239,cdc822f1-c398-4b20-a422-883124ee92ff,9,1239,True,6967,6615,174.24220499082185
1240,cdc822f1-c398-4b20-a422-883124ee92ff,9,1240,True,6990,6638,166.53394131694404
1241,cdc822f1-c398-4b20-a422-883124ee92ff,9,1241,True,7021,6669,255.39973324807215
1242,cdc822f1-c398-4b20-a422-883124ee92ff,9,1242,True,7047,6695,205.2253186026819
1243,cdc822f1-c398-4b20-a422-883124ee92ff,9,1243,True,7076,6724,203.41920427846526
1244,cdc822f1-c398-4b20-a422-883124ee92ff,9,1244,True,7103,6751,250.7482237700615
1245,cdc822f1-c398-4b20-a422-883124ee92ff,9,1245,True,7129,6777,224.72269218102338
1246,cdc822f1-c398-4b20-a422-883124ee92ff,9,1246,True,7151,6799,150.35845846842585
1247,cdc822f1-c398-4b20-a422-883124ee92ff,9,1247,True,7198,6846,204.6008671428326
1248,cdc822f1-c398-4b20-a422-883124ee92ff,9,1248,True,7217,6865,183.52818430819298
1249,cdc822f1-c398-4b20-a422-883124ee92ff,9,1249,True,7253,6901,176.04351350300476
1250,cdc822f1-c398-4b20-a422-883124ee92ff,9,1250,True,7277,6925,174.0313613766284
1251,cdc822f1-c398-4b20-a422-883124ee92ff,9,1251,True,7308,6956,219.45040439116565
1252,cdc822f1-c398-4b20-a422-883124ee92ff,9,1252,True,7337,6985,163.97552247986187
1253,cdc822f1-c398-4b20-a422-883124ee92ff,9,1253,True,7367,7015,227.73377838550823
1254,cdc822f1-c398-4b20-a422-883124ee92ff,9,1254,True,7398,7046,155.2630085675255
1255,cdc822f1-c398-4b20-a422-883124ee92ff,9,1255,True,7421,7069,158.7789783833923
1256,cdc822f1-c398-4b20-a422-883124ee92ff,9,1256,True,7453,7101,152.01280767989647
1257,cdc822f1-c398-4b20-a422-883124ee92ff,9,1257,True,7477,7125,162.34195378986897
1258,cdc822f1-c398-4b20-a422-883124ee92ff,9,1258,True,7501,7149,205.2847215720576
1259,cdc822f1-c398-4b20-a422-883124ee92ff,9,1259,True,7518,7166,191.80702591953377
1260,cdc822f1-c398-4b20-a422-883124ee92ff,9,1260,True,7550,7198,161.2791516290108
1261,cdc822f1-c398-4b20-a422-883124ee92ff,9,1261,True,7580,7228,182.40601354495993
1262,cdc822f1-c398-4b20-a422-883124ee92ff,9,1262,True,7618,7266,218.15059940744322
1263,cdc822f1-c398-4b20-a422-883124ee92ff,9,1263,True,7641,7289,170.02405877643014
1264,cdc822f1-c398-4b20-a422-883124ee92ff,9,1264,True,7673,7321,212.1830682548907
1265,cdc822f1-c398-4b20-a422-883124ee92ff,9,1265,True,7701,7349,158.8987191111919
1266,cdc822f1-c398-4b20-a422-883124ee92ff,9,1266,True,7727,7375,158.1830682548907
1267,cdc822f1-c398-4b20-a422-883124ee92ff,9,1267,True,7756,7404,157.6302529246077
1268,cdc822f1-c398-4b20-a422-883124ee92ff,9,1268,True,7780,7428,157.71717594101483
1269,cdc822f1-c398-4b20-a422-883124ee92ff,9,1269,True,7816,7464,123.12576565032487
1270,cdc822f1-c398-4b20-a422-883124ee92ff,9,1270,True,7849,7497,152.21317678604464
1271,cdc822f1-c398-4b20-a422-883124ee92ff,9,1271,True,7879,7527,120.65323735229958
1272,cdc822f1-c398-4b20-a422-883124ee92ff,9,1272,True,7910,7558,188.17126625146284
1273,cdc822f1-c398-4b20-a422-883124ee92ff,9,1273,True,7937,7585,158.0068610670778
1274,cdc822f1-c398-4b20-a422-883124ee92ff,9,1274,True,7975,7623,173.41631860674715
1275,cdc822f1-c398-4b20-a422-883124ee92ff,9,1275,True,8008,7656,177.9150325287128
1276,cdc822f1-c398-4b20-a422-883124ee92ff,9,1276,True,8035,7683,165.32882159882138
1277,cdc822f1-c398-4b20-a422-883124ee92ff,9,1277,True,8059,7707,173.69178944763735
1278,cdc822f1-c398-4b20-a422-883124ee92ff,9,1278,True,8076,7724,233.40505499333176
1279,cdc822f1-c398-4b20-a422-883124ee92ff,9,1279,True,8113,7761,137.23556080328854
1280,cdc822f1-c398-4b20-a422-883124ee92ff,9,1280,True,8145,7793,158.13612811535222
1281,cdc822f1-c398-4b20-a422-883124ee92ff,9,1281,True,8175,7823,135.721660421239
1282,cdc822f1-c398-4b20-a422-883124ee92ff,9,1282,True,8197,7845,189.8791308142254
1283,cdc822f1-c398-4b20-a422-883124ee92ff,9,1283,True,8215,7863,193.55103690242595
1284,cdc822f1-c398-4b20-a422-883124ee92ff,9,1284,True,8245,7893,214.5053850807726
1285,cdc822f1-c398-4b20-a422-883124ee92ff,9,1285,True,8278,7926,183.19212998138482
1286,cdc822f1-c398-4b20-a422-883124ee92ff,9,1286,True,8298,7946,193.9262004290149
1287,cdc822f1-c398-4b20-a422-883124ee92ff,9,1287,True,8323,7971,184.26166145788557
1288,cdc822f1-c398-4b20-a422-883124ee92ff,9,1288,True,8351,7999,212.14310073955858
1289,cdc822f1-c398-4b20-a422-883124ee92ff,9,1289,True,8376,8024,192.193511251342
1290,cdc822f1-c398-4b20-a422-883124ee92ff,9,1290,True,8401,8049,186.13168029360713
1291,cdc822f1-c398-4b20-a422-883124ee92ff,9,1291,True,8441,8089,199.65709762292317
1292,cdc822f1-c398-4b20-a422-883124ee92ff,9,1292,True,8466,8114,198.40100113876906
1293,cdc822f1-c398-4b20-a422-883124ee92ff,9,1293,True,8504,8152,160.26503451594544
1294,cdc822f1-c398-4b20-a422-883124ee92ff,9,1294,True,8524,8172,147.49980363176473
1295,cdc822f1-c398-4b20-a422-883124ee92ff,9,1295,True,8553,8201,231.36337873509547
1296,cdc822f1-c398-4b20-a422-883124ee92ff,9,1296,True,8587,8235,174.53481358620593
1297,cdc822f1-c398-4b20-a422-883124ee92ff,9,1297,True,8614,8262,198.51838884537938
1298,cdc822f1-c398-4b20-a422-883124ee92ff,9,1298,True,8636,8284,171.0901287300876
1299,cdc822f1-c398-4b20-a422-883124ee92ff,9,1299,True,8658,8306,186.6610601197899
1300,cdc822f1-c398-4b20-a422-883124ee92ff,9,1300,True,8681,8329,216.46703801135482
1301,cdc822f1-c398-4b20-a422-883124ee92ff,9,1301,True,8703,8351,169.49236938768445
1302,cdc822f1-c398-4b20-a422-883124ee92ff,9,1302,True,8734,8382,185.47660126869596
1303,cdc822f1-c398-4b20-a422-883124ee92ff,9,1303,True,8762,8410,167.17060424588635
1304,cdc822f1-c398-4b20-a422-883124ee92ff,9,1304,True,8781,8429,167.97396168609703
1305,cdc822f1-c398-4b20-a422-883124ee92ff,9,1305,True,8803,8451,198.04440696236452
1306,cdc822f1-c398-4b20-a422-883124ee92ff,9,1306,True,8826,8474,197.04072317789178
1307,cdc822f1-c398-4b20-a422-883124ee92ff,9,1307,True,8846,8494,203.17865034253373
1308,cdc822f1-c398-4b20-a422-883124ee92ff,9,1308,True,8874,8522,171.98086629606223
1309,cdc822f1-c398-4b20-a422-883124ee92ff,9,1309,True,8897,8545,158.55810605865372
1310,cdc822f1-c398-4b20-a422-883124ee92ff,9,1310,True,8923,8571,193.83489671224015
1311,cdc822f1-c398-4b20-a422-883124ee92ff,9,1311,True,8953,8601,171.18683056714872
1312,cdc822f1-c398-4b20-a422-883124ee92ff,9,1312,True,8979,8627,146.053761598645
1313,cdc822f1-c398-4b20-a422-883124ee92ff,9,1313,True,9007,8655,194.39022658673093
1314,cdc822f1-c398-4b20-a422-883124ee92ff,9,1314,True,9038,8686,163.39022658673093
1315,cdc822f1-c398-4b20-a422-883124ee92ff,9,1315,True,9066,8714,183.73392750613857
1316,cdc822f1-c398-4b20-a422-883124ee92ff,9,1316,True,9101,8749,155.04687699603528
1317,cdc822f1-c398-4b20-a422-883124ee92ff,9,1317,True,9129,8777,171.4778448960169
1318,cdc822f1-c398-4b20-a422-883124ee92ff,9,1318,True,9158,8806,165.1683533600699
1319,cdc822f1-c398-4b20-a422-883124ee92ff,9,1319,True,9183,8831,170.1304770688912
1320,cdc822f1-c398-4b20-a422-883124ee92ff,9,1320,True,9214,8862,143.2274319201988
1321,cdc822f1-c398-4b20-a422-883124ee92ff,9,1321,True,9240,8888,144.73375621152627
1322,cdc822f1-c398-4b20-a422-883124ee92ff,9,1322,True,9263,8911,136.9491851001403
1323,cdc822f1-c398-4b20-a422-883124ee92ff,9,1323,True,9289,8937,176.37271404318926
1324,cdc822f1-c398-4b20-a422-883124ee92ff,9,1324,True,9322,8970,134.84396089893198
1325,cdc822f1-c398-4b20-a422-883124ee92ff,9,1325,True,9349,8997,155.4662714080514
1326,cdc822f1-c398-4b20-a422-883124ee92ff,9,1326,True,9379,9027,131.60027000005903
1327,cdc822f1-c398-4b20-a422-883124ee92ff,9,1327,True,9403,9051,177.64925374918494
1328,cdc822f1-c398-4b20-a422-883124ee92ff,9,1328,True,9434,9082,180.40403395541944
1329,cdc822f1-c398-4b20-a422-883124ee92ff,9,1329,True,9468,9116,171.53563165796004
1330,cdc822f1-c398-4b20-a422-883124ee92ff,9,1330,True,9493,9141,196.36651610575427
1331,cdc822f1-c398-4b20-a422-883124ee92ff,9,1331,True,9520,9168,150.90927748473405
1332,cdc822f1-c398-4b20-a422-883124ee92ff,9,1332,True,9547,9195,189.9828693031668
1333,cdc822f1-c398-4b20-a422-883124ee92ff,9,1333,True,9573,9221,163.9828693031668
1334,cdc822f1-c398-4b20-a422-883124ee92ff,9,1334,True,9609,9257,134.2296951456119
1335,cdc822f1-c398-4b20-a422-883124ee92ff,9,1335,True,9635,9283,128.53588846428283
1336,cdc822f1-c398-4b20-a422-883124ee92ff,9,1336,True,9678,9326,162.40045155578628
1337,cdc822f1-c398-4b20-a422-883124ee92ff,9,1337,True,9708,9356,136.34709561759155
1338,cdc822f1-c398-4b20-a422-883124ee92ff,9,1338,True,9734,9382,131.97612564096016
1339,cdc822f1-c398-4b20-a422-883124ee92ff,9,1339,True,9763,9411,138.87757727866847
1340,cdc822f1-c398-4b20-a422-883124ee92ff,9,1340,True,9786,9434,131.2017003442361
1341,cdc822f1-c398-4b20-a422-883124ee92ff,9,1341,True,9812,9460,141.29885426123474
1342,cdc822f1-c398-4b20-a422-883124ee92ff,9,1342,True,9838,9486,165.8559054216439
1343,cdc822f1-c398-4b20-a422-883124ee92ff,9,1343,True,9869,9517,124.58474328829652
1344,cdc822f1-c398-4b20-a422-883124ee92ff,9,1344,True,9900,9548,118.2658813660255
1345,cdc822f1-c398-4b20-a422-883124ee92ff,9,1345,True,9923,9571,120.48647109870217
1346,cdc822f1-c398-4b20-a422-883124ee92ff,9,1346,True,9950,9598,110.626265815019
1347,cdc822f1-c398-4b20-a422-883124ee92ff,9,1347,True,9983,9631,142.7045345770548
1348,cdc822f1-c398-4b20-a422-883124ee92ff,9,1348,True,10011,9659,155.1093147461961
1349,cdc822f1-c398-4b20-a422-883124ee92ff,9,1349,True,10043,9691,98.97522870053217
1350,cdc822f1-c398-4b20-a422-883124ee92ff,9,1350,True,10075,9723,117.80291536356344
1351,cdc822f1-c398-4b20-a422-883124ee92ff,9,1351,True,10108,9756,146.33425143903696
1352,cdc822f1-c398-4b20-a422-883124ee92ff,9,1352,True,10129,9777,135.02090542603582
1353,cdc822f1-c398-4b20-a422-883124ee92ff,9,1353,True,10159,9807,144.2034392472342
1354,cdc822f1-c398-4b20-a422-883124ee92ff,9,1354,True,10181,9829,139.2220955576813
1355,cdc822f1-c398-4b20-a422-883124ee92ff,9,1355,True,10216,9864,127.86513632029892
1356,cdc822f1-c398-4b20-a422-883124ee92ff,9,1356,True,10252,9900,154.0480706542403
1357,cdc822f1-c398-4b20-a422-883124ee92ff,9,1357,True,10281,9929,125.28462384760496
1358,cdc822f1-c398-4b20-a422-883124ee92ff,9,1358,True,10316,9964,116.64543292122107
1359,cdc822f1-c398-4b20-a422-883124ee92ff,9,1359,True,10346,9994,109.04624113694263
1360,cdc822f1-c398-4b20-a422-883124ee92ff,9,1360,True,10373,10021,127.89666303640297
1361,cdc822f1-c398-4b20-a422-883124ee92ff,9,1361,True,10397,10045,161.72920731568956
1362,cdc822f1-c398-4b20-a422-883124ee92ff,9,1362,True,10422,10070,106.17526254697805
1363,cdc822f1-c398-4b20-a422-883124ee92ff,9,1363,True,10445,10093,150.851378637346
1364,cdc822f1-c398-4b20-a422-883124ee92ff,9,1364,True,10481,10129,112.06925883288022
1365,cdc822f1-c398-4b20-a422-883124ee92ff,9,1365,True,10503,10151,225.872807165646
1366,cdc822f1-c398-4b20-a422-883124ee92ff,9,1366,True,10534,10182,196.86880969171398
1367,cdc822f1-c398-4b20-a422-883124ee92ff,9,1367,True,10567,10215,205.55366532524204
1368,cdc822f1-c398-4b20-a422-883124ee92ff,9,1368,True,10600,10248,197.443900198321
1369,cdc822f1-c398-4b20-a422-883124ee92ff,9,1369,True,10631,10279,166.443900198321
1370,cdc822f1-c398-4b20-a422-883124ee92ff,9,1370,True,10669,10317,156.56538992595415
1371,cdc822f1-c398-4b20-a422-883124ee92ff,9,1371,True,10694,10342,184.5981003073357
1372,cdc822f1-c398-4b20-a422-883124ee92ff,9,1372,True,10716,10364,155.4999067212193
1373,cdc822f1-c398-4b20-a422-883124ee92ff,9,1373,True,10739,10387,181.35647478918145
1374,cdc822f1-c398-4b20-a422-883124ee92ff,9,1374,True,10763,10411,168.68871397492876
1375,cdc822f1-c398-4b20-a422-883124ee92ff,9,1375,True,10796,10444,186.72749444224064
1376,cdc822f1-c398-4b20-a422-883124ee92ff,9,1376,True,10828,10476,205.2113845740114
1377,cdc822f1-c398-4b20-a422-883124ee92ff,9,1377,True,10847,10495,165.57590302666722
1378,cdc822f1-c398-4b20-a422-883124ee92ff,9,1378,True,10873,10521,166.8359310812557
1379,cdc822f1-c398-4b20-a422-883124ee92ff,9,1379,True,10896,10544,200.90568532288125
1380,cdc822f1-c398-4b20-a422-883124ee92ff,9,1380,True,10921,10569,160.8073587832514
1381,cdc822f1-c398-4b20-a422-883124ee92ff,9,1381,True,10956,10604,167.6021398544508
1382,cdc822f1-c398-4b20-a422-883124ee92ff,9,1382,True,10989,10637,143.04907364276005
1383,cdc822f1-c398-4b20-a422-883124ee92ff,9,1383,True,11013,10661,138.37131388823582
1384,cdc822f1-c398-4b20-a422-883124ee92ff,9,1384,True,11031,10679,142.34174350450849
1385,cdc822f1-c398-4b20-a422-883124ee92ff,9,1385,True,11054,10702,203.65957710474504
1386,cdc822f1-c398-4b20-a422-883124ee92ff,9,1386,True,11080,10728,176.4892565085829
1387,cdc822f1-c398-4b20-a422-883124ee92ff,9,1387,True,11113,10761,170.31262631112986
1388,cdc822f1-c398-4b20-a422-883124ee92ff,9,1388,True,11138,10786,194.36883775862225
1389,cdc822f1-c398-4b20-a422-883124ee92ff,9,1389,True,11161,10809,171.36883775862225
1390,cdc822f1-c398-4b20-a422-883124ee92ff,9,1390,True,11193,10841,214.28533544044694
1391,cdc822f1-c398-4b20-a422-883124ee92ff,9,1391,True,11225,10873,157.67842590891632
1392,cdc822f1-c398-4b20-a422-883124ee92ff,9,1392,True,11259,10907,148.28533544044694
1393,cdc822f1-c398-4b20-a422-883124ee92ff,9,1393,True,11288,10936,144.8814709756516
1394,cdc822f1-c398-4b20-a422-883124ee92ff,9,1394,True,11322,10970,156.1004934110042
1395,cdc822f1-c398-4b20-a422-883124ee92ff,9,1395,True,11354,11002,125.81106108534004
1396,cdc822f1-c398-4b20-a422-883124ee92ff,9,1396,True,11385,11033,123.70188798992058
1397,cdc822f1-c398-4b20-a422-883124ee92ff,9,1397,True,11408,11056,115.6850913197195
1398,cdc822f1-c398-4b20-a422-883124ee92ff,9,1398,True,11445,11093,115.3658990359836
1399,cdc822f1-c398-4b20-a422-883124ee92ff,9,1399,True,11470,11118,109.98292722478072
1400,cdc822f1-c398-4b20-a422-883124ee92ff,9,1400,True,11503,11151,126.50799680212549
1401,cdc822f1-c398-4b20-a422-883124ee92ff,9,1401,True,11532,11180,115.54971736491461
1402,cdc822f1-c398-4b20-a422-883124ee92ff,9,1402,True,11559,11207,103.36012836464761
1403,cdc822f1-c398-4b20-a422-883124ee92ff,9,1403,True,11590,11238,112.96674518649343
1404,cdc822f1-c398-4b20-a422-883124ee92ff,9,1404,True,11628,11276,102.555934543685
1405,cdc822f1-c398-4b20-a422-883124ee92ff,9,1405,True,11656,11304,149.80753706017822
1406,cdc822f1-c398-4b20-a422-883124ee92ff,9,1406,True,11687,11335,113.59538516905195
1407,cdc822f1-c398-4b20-a422-883124ee92ff,9,1407,True,11711,11359,147.62310492116558
1408,cdc822f1-c398-4b20-a422-883124ee92ff,9,1408,True,11741,11389,142.40994367067833
1409,cdc822f1-c398-4b20-a422-883124ee92ff,9,1409,True,11763,11411,133.6081831350839
1410,cdc822f1-c398-4b20-a422-883124ee92ff,9,1410,True,11790,11438,176.74157010756608
1411,cdc822f1-c398-4b20-a422-883124ee92ff,9,1411,True,11824,11472,171.82076894908278
1412,cdc822f1-c398-4b20-a422-883124ee92ff,9,1412,True,11853,11501,169.93790027684008
1413,cdc822f1-c398-4b20-a422-883124ee92ff,9,1413,True,11894,11542,128.97329373994762
1414,cdc822f1-c398-4b20-a422-883124ee92ff,9,1414,True,11922,11570,151.39213929010293
1415,cdc822f1-c398-4b20-a422-883124ee92ff,9,1415,True,11943,11591,131.83023774884168
1416,cdc822f1-c398-4b20-a422-883124ee92ff,9,1416,True,11972,11620,127.78297132251828
1417,cdc822f1-c398-4b20-a422-883124ee92ff,9,1417,True,11997,11645,118.50228838980729
1418,cdc822f1-c398-4b20-a422-883124ee92ff,9,1418,True,12016,11664,124.20095038108775
1419,cdc822f1-c398-4b20-a422-883124ee92ff,9,1419,True,12046,11694,133.06883782905243
1420,cdc822f1-c398-4b20-a422-883124ee92ff,9,1420,True,12068,11716,123.480568386085
1421,cdc822f1-c398-4b20-a422-883124ee92ff,9,1421,True,12092,11740,149.7577804112716
1422,cdc822f1-c398-4b20-a422-883124ee92ff,9,1422,True,12128,11776,113.32435026811072
1423,cdc822f1-c398-4b20-a422-883124ee92ff,9,1423,True,12162,11810,122.00809390422728
1424,cdc822f1-c398-4b20-a422-883124ee92ff,9,1424,True,12187,11835,148.38885122672946
1425,cdc822f1-c398-4b20-a422-883124ee92ff,9,1425,True,12206,11854,112.11077777090213
1426,cdc822f1-c398-4b20-a422-883124ee92ff,9,1426,True,12224,11872,151.35249189254137
1427,cdc822f1-c398-4b20-a422-883124ee92ff,9,1427,True,12247,11895,127.89367605552616
1428,cdc822f1-c398-4b20-a422-883124ee92ff,9,1428,True,12271,11919,129.6375019368479
1429,cdc822f1-c398-4b20-a422-883124ee92ff,9,1429,True,12293,11941,164.23086006298035
1430,cdc822f1-c398-4b20-a422-883124ee92ff,9,1430,True,12317,11965,161.966337797101
1431,cdc822f1-c398-4b20-a422-883124ee92ff,9,1431,True,12342,11990,144.05664113469902
1432,cdc822f1-c398-4b20-a422-883124ee92ff,9,1432,True,12365,12013,139.25310433863706
1433,cdc822f1-c398-4b20-a422-883124ee92ff,9,1433,True,12389,12037,150.17882613684378
1434,cdc822f1-c398-4b20-a422-883124ee92ff,9,1434,True,12420,12068,130.7560984767988
1435,cdc822f1-c398-4b20-a422-883124ee92ff,9,1435,True,12443,12091,158.53489004837684
1436,cdc822f1-c398-4b20-a422-883124ee92ff,9,1436,True,12464,12112,144.66685534216776
1437,cdc822f1-c398-4b20-a422-883124ee92ff,9,1437,True,12499,12147,158.74950300600358
1438,cdc822f1-c398-4b20-a422-883124ee92ff,9,1438,True,12518,12166,141.34489801237942
1439,cdc822f1-c398-4b20-a422-883124ee92ff,9,1439,True,12543,12191,154.72178302365865
1440,cdc822f1-c398-4b20-a422-883124ee92ff,9,1440,True,12576,12224,120.79860165308492
1441,cdc822f1-c398-4b20-a422-883124ee92ff,9,1441,True,12605,12253,157.84419972915748
1442,cdc822f1-c398-4b20-a422-883124ee92ff,9,1442,True,12626,12274,156.1470220296651
1443,cdc822f1-c398-4b20-a422-883124ee92ff,9,1443,True,12650,12298,156.88529750224552
1444,cdc822f1-c398-4b20-a422-883124ee92ff,9,1444,True,12669,12317,143.0381656720583
1445,cdc822f1-c398-4b20-a422-883124ee92ff,9,1445,True,12694,12342,239.64358302801338
1446,cdc822f1-c398-4b20-a422-883124ee92ff,9,1446,True,12711,12359,222.1063118880811
1447,cdc822f1-c398-4b20-a422-883124ee92ff,9,1447,True,12738,12386,195.64358302801338
1448,cdc822f1-c398-4b20-a422-883124ee92ff,9,1448,True,12767,12415,260.7696503561965
1449,cdc822f1-c398-4b20-a422-883124ee92ff,9,1449,True,12792,12440,233.51457751062662
1450,cdc822f1-c398-4b20-a422-883124ee92ff,9,1450,True,12827,12475,195.05615550129914
1451,cdc822f1-c398-4b20-a422-883124ee92ff,9,1451,True,12849,12497,259.3304019140487
1452,cdc822f1-c398-4b20-a422-883124ee92ff,9,1452,True,12881,12529,232.77658465698187
1453,cdc822f1-c398-4b20-a422-883124ee92ff,9,1453,True,12908,12556,273.50078085837595
1454,cdc822f1-c398-4b20-a422-883124ee92ff,9,1454,True,12934,12582,273.64780182706454
1455,cdc822f1-c398-4b20-a422-883124ee92ff,9,1455,True,12960,12608,221.50078085837595
1456,cdc822f1-c398-4b20-a422-883124ee92ff,9,1456,True,12987,12635,195.37921267618367
1457,cdc822f1-c398-4b20-a422-883124ee92ff,9,1457,True,13008,12656,262.168483512527
1458,cdc822f1-c398-4b20-a422-883124ee92ff,9,1458,True,13048,12696,182.32044254888206
1459,cdc822f1-c398-4b20-a422-883124ee92ff,9,1459,True,13077,12725,205.36486639079158
1460,cdc822f1-c398-4b20-a422-883124ee92ff,9,1460,True,13105,12753,165.16848351252702
1461,cdc822f1-c398-4b20-a422-883124ee92ff,9,1461,True,13128,12776,195.29904608353718
1462,cdc822f1-c398-4b20-a422-883124ee92ff,9,1462,True,13154,12802,182.41525408403868
1463,cdc822f1-c398-4b20-a422-883124ee92ff,9,1463,True,13175,12823,231.6369623034916
1464,cdc822f1-c398-4b20-a422-883124ee92ff,9,1464,True,13197,12845,191.36032393395362
1465,cdc822f1-c398-4b20-a422-883124ee92ff,9,1465,True,13220,12868,186.6369623034916
1466,cdc822f1-c398-4b20-a422-883124ee92ff,9,1466,True,13253,12901,204.33427074799147
1467,cdc822f1-c398-4b20-a422-883124ee92ff,9,1467,True,13282,12930,154.6914117417
1468,cdc822f1-c398-4b20-a422-883124ee92ff,9,1468,True,13308,12956,198.38360735489732
1469,cdc822f1-c398-4b20-a422-883124ee92ff,9,1469,True,13334,12982,173.9707394516754
1470,cdc822f1-c398-4b20-a422-883124ee92ff,9,1470,True,13363,13011,222.2869910595782
1471,cdc822f1-c398-4b20-a422-883124ee92ff,9,1471,True,13396,13044,161.8402973155371
1472,cdc822f1-c398-4b20-a422-883124ee92ff,9,1472,True,13426,13074,158.31443593026233
1473,cdc822f1-c398-4b20-a422-883124ee92ff,9,1473,True,13449,13097,190.2064862334464
1474,cdc822f1-c398-4b20-a422-883124ee92ff,9,1474,True,13473,13121,213.32857055442219
1475,cdc822f1-c398-4b20-a422-883124ee92ff,9,1475,True,13506,13154,155.88219064922487
1476,cdc822f1-c398-4b20-a422-883124ee92ff,9,1476,True,13538,13186,175.86711038867725
1477,cdc822f1-c398-4b20-a422-883124ee92ff,9,1477,True,13565,13213,170.8758417291283
1478,cdc822f1-c398-4b20-a422-883124ee92ff,9,1478,True,13584,13232,174.94465092056998
1479,cdc822f1-c398-4b20-a422-883124ee92ff,9,1479,True,13621,13269,144.89087212521918
1480,cdc822f1-c398-4b20-a422-883124ee92ff,9,1480,True,13645,13293,171.67104447889142
1481,cdc822f1-c398-4b20-a422-883124ee92ff,9,1481,True,13672,13320,164.7425223494738
1482,cdc822f1-c398-4b20-a422-883124ee92ff,9,1482,True,13704,13352,129.61456541530242
1483,cdc822f1-c398-4b20-a422-883124ee92ff,9,1483,True,13732,13380,136.51488951951615
1484,cdc822f1-c398-4b20-a422-883124ee92ff,9,1484,True,13764,13412,154.8087795185238
1485,cdc822f1-c398-4b20-a422-883124ee92ff,9,1485,True,13798,13446,143.71031058073459
1486,cdc822f1-c398-4b20-a422-883124ee92ff,9,1486,True,13823,13471,119.62739158174008
1487,cdc822f1-c398-4b20-a422-883124ee92ff,9,1487,True,13851,13499,142.56204326881016
1488,cdc822f1-c398-4b20-a422-883124ee92ff,9,1488,True,13867,13515,126.83020024646066
1489,cdc822f1-c398-4b20-a422-883124ee92ff,9,1489,True,13896,13544,150.069345179867
1490,cdc822f1-c398-4b20-a422-883124ee92ff,9,1490,True,13930,13578,119.14190627176322
1491,cdc822f1-c398-4b20-a422-883124ee92ff,9,1491,True,13953,13601,148.6986900581942
1492,cdc822f1-c398-4b20-a422-883124ee92ff,9,1492,True,13984,13632,120.84655905151521
1493,cdc822f1-c398-4b20-a422-883124ee92ff,9,1493,True,14013,13661,131.15213200262042
1494,cdc822f1-c398-4b20-a422-883124ee92ff,9,1494,True,14035,13683,161.38837002593573
1495,cdc822f1-c398-4b20-a422-883124ee92ff,9,1495,True,14068,13716,145.17102391104163
1496,cdc822f1-c398-4b20-a422-883124ee92ff,9,1496,True,14100,13748,138.4700157074185
1497,cdc822f1-c398-4b20-a422-883124ee92ff,9,1497,True,14132,13780,139.2654908579152
1498,cdc822f1-c398-4b20-a422-883124ee92ff,9,1498,True,14163,13811,110.9680763763372
1499,cdc822f1-c398-4b20-a422-883124ee92ff,9,1499,True,14200,13848,164.44891915260996
1500,cdc822f1-c398-4b20-a422-883124ee92ff,9,1500,True,14218,13866,109.26393671267397
1501,cdc822f1-c398-4b20-a422-883124ee92ff,9,1501,True,14251,13899,196.45147188772535
1502,cdc822f1-c398-4b20-a422-883124ee92ff,9,1502,True,14283,13931,123.19853491092545
1503,cdc822f1-c398-4b20-a422-883124ee92ff,9,1503,True,14308,13956,170.85030060559257
1504,cdc822f1-c398-4b20-a422-883124ee92ff,9,1504,True,14349,13997,202.89060351053195
1505,cdc822f1-c398-4b20-a422-883124ee92ff,9,1505,True,14387,14035,219.26252996119547
1506,cdc822f1-c398-4b20-a422-883124ee92ff,9,1506,True,14416,14064,209.61784841752706
1507,cdc822f1-c398-4b20-a422-883124ee92ff,9,1507,True,14441,14089,233.32970838845722
1508,cdc822f1-c398-4b20-a422-883124ee92ff,9,1508,True,14473,14121,201.32970838845722
1509,cdc822f1-c398-4b20-a422-883124ee92ff,9,1509,True,14504,14152,226.74840699716697
1510,cdc822f1-c398-4b20-a422-883124ee92ff,9,1510,True,14529,14177,271.88137901125083
1511,cdc822f1-c398-4b20-a422-883124ee92ff,9,1511,True,14556,14204,244.9413004555663
1512,cdc822f1-c398-4b20-a422-883124ee92ff,9,1512,True,14581,14229,203.60025207516992
1513,cdc822f1-c398-4b20-a422-883124ee92ff,9,1513,True,14619,14267,212.7711587453141
1514,cdc822f1-c398-4b20-a422-883124ee92ff,9,1514,True,14645,14293,203.4497588267368
1515,cdc822f1-c398-4b20-a422-883124ee92ff,9,1515,True,14662,14310,240.2921189405024
1516,cdc822f1-c398-4b20-a422-883124ee92ff,9,1516,True,14684,14332,214.6823847677606
1517,cdc822f1-c398-4b20-a422-883124ee92ff,9,1517,True,14711,14359,191.2921189405024
1518,cdc822f1-c398-4b20-a422-883124ee92ff,9,1518,True,14734,14382,216.55846521593048
1519,cdc822f1-c398-4b20-a422-883124ee92ff,9,1519,True,14764,14412,183.10188389577525
1520,cdc822f1-c398-4b20-a422-883124ee92ff,9,1520,True,14796,14444,219.38348383456105
1521,cdc822f1-c398-4b20-a422-883124ee92ff,9,1521,True,14832,14480,179.04716519935027
1522,cdc822f1-c398-4b20-a422-883124ee92ff,9,1522,True,14864,14512,193.154426322757
1523,cdc822f1-c398-4b20-a422-883124ee92ff,9,1523,True,14894,14542,166.9749974454753
1524,cdc822f1-c398-4b20-a422-883124ee92ff,9,1524,True,14920,14568,164.02281141809726
1525,cdc822f1-c398-4b20-a422-883124ee92ff,9,1525,True,14945,14593,141.34991423452084
1526,cdc822f1-c398-4b20-a422-883124ee92ff,9,1526,True,14969,14617,143.1513985293841
1527,cdc822f1-c398-4b20-a422-883124ee92ff,9,1527,True,14991,14639,167.93821356937224
1528,cdc822f1-c398-4b20-a422-883124ee92ff,9,1528,True,15018,14666,180.3818460025559
1529,cdc822f1-c398-4b20-a422-883124ee92ff,9,1529,True,15038,14686,154.04099283977666
1530,cdc822f1-c398-4b20-a422-883124ee92ff,9,1530,True,15066,14714,168.8490922259425
1531,cdc822f1-c398-4b20-a422-883124ee92ff,9,1531,True,15094,14742,243.17466077422614
1532,cdc822f1-c398-4b20-a422-883124ee92ff,9,1532,True,15123,14771,210.9994082527155
1533,cdc822f1-c398-4b20-a422-883124ee92ff,9,1533,True,15145,14793,138.83498311544463
1534,cdc822f1-c398-4b20-a422-883124ee92ff,9,1534,True,15173,14821,187.3276617785723
1535,cdc822f1-c398-4b20-a422-883124ee92ff,9,1535,True,15198,14846,186.79663455580885
1536,cdc822f1-c398-4b20-a422-883124ee92ff,9,1536,True,15231,14879,159.4652783363381
1537,cdc822f1-c398-4b20-a422-883124ee92ff,9,1537,True,15261,14909,173.35514049811172
1538,cdc822f1-c398-4b20-a422-883124ee92ff,9,1538,True,15287,14935,152.95693331525217
1539,cdc822f1-c398-4b20-a422-883124ee92ff,9,1539,True,15320,14968,164.5888008885704
1540,cdc822f1-c398-4b20-a422-883124ee92ff,9,1540,True,15349,14997,145.86269726878345
1541,cdc822f1-c398-4b20-a422-883124ee92ff,9,1541,True,15372,15020,137.23374009424697
1542,cdc822f1-c398-4b20-a422-883124ee92ff,9,1542,True,15401,15049,190.81585303195607
1543,cdc822f1-c398-4b20-a422-883124ee92ff,9,1543,True,15429,15077,137.54456269723778
1544,cdc822f1-c398-4b20-a422-883124ee92ff,9,1544,True,15451,15099,141.20016635457432
1545,cdc822f1-c398-4b20-a422-883124ee92ff,9,1545,True,15478,15126,179.33593698618097
1546,cdc822f1-c398-4b20-a422-883124ee92ff,9,1546,True,15494,15142,146.32350127473183
1547,cdc822f1-c398-4b20-a422-883124ee92ff,9,1547,True,15525,15173,157.2706990198185
1548,cdc822f1-c398-4b20-a422-883124ee92ff,9,1548,True,15548,15196,117.0829732588536
1549,cdc822f1-c398-4b20-a422-883124ee92ff,9,1549,True,15572,15220,144.93192289005128
1550,cdc822f1-c398-4b20-a422-883124ee92ff,9,1550,True,15597,15245,125.97583178051354
1551,cdc822f1-c398-4b20-a422-883124ee92ff,9,1551,True,15630,15278,140.99818561333632
1552,cdc822f1-c398-4b20-a422-883124ee92ff,9,1552,True,15655,15303,115.28958614694966
1553,cdc822f1-c398-4b20-a422-883124ee92ff,9,1553,True,15688,15336,146.44965285214857
1554,cdc822f1-c398-4b20-a422-883124ee92ff,9,1554,True,15711,15359,125.15139914573774
1555,cdc822f1-c398-4b20-a422-883124ee92ff,9,1555,True,15738,15386,154.67209303475647
1556,cdc822f1-c398-4b20-a422-883124ee92ff,9,1556,True,15772,15420,120.31962327826113
1557,cdc822f1-c398-4b20-a422-883124ee92ff,9,1557,True,15798,15446,148.21553310146192
1558,cdc822f1-c398-4b20-a422-883124ee92ff,9,1558,True,15831,15479,136.15167344363363
1559,cdc822f1-c398-4b20-a422-883124ee92ff,9,1559,True,15858,15506,135.04115484574322
1560,cdc822f1-c398-4b20-a422-883124ee92ff,9,1560,True,15896,15544,128.32584315678832
1561,cdc822f1-c398-4b20-a422-883124ee92ff,9,1561,True,15934,15582,136.5371999059571
1562,cdc822f1-c398-4b20-a422-883124ee92ff,9,1562,True,15962,15610,150.31627431970992
1563,cdc822f1-c398-4b20-a422-883124ee92ff,9,1563,True,15989,15637,122.3452640393516
1564,cdc822f1-c398-4b20-a422-883124ee92ff,9,1564,True,16011,15659,176.6578439900968
1565,cdc822f1-c398-4b20-a422-883124ee92ff,9,1565,True,16042,15690,196.03831356677438
1566,cdc822f1-c398-4b20-a422-883124ee92ff,9,1566,True,16068,15716,151.43695726666738
1567,cdc822f1-c398-4b20-a422-883124ee92ff,9,1567,True,16097,15745,141.03831356677438
1568,cdc822f1-c398-4b20-a422-883124ee92ff,9,1568,True,16127,15775,174.97026992778046
1569,cdc822f1-c398-4b20-a422-883124ee92ff,9,1569,True,16152,15800,148.08202242474908
1570,cdc822f1-c398-4b20-a422-883124ee92ff,9,1570,True,16178,15826,137.63477275185505
1571,cdc822f1-c398-4b20-a422-883124ee92ff,9,1571,True,16211,15859,192.2194367467382
1572,cdc822f1-c398-4b20-a422-883124ee92ff,9,1572,True,16237,15885,169.57328053314814
1573,cdc822f1-c398-4b20-a422-883124ee92ff,9,1573,True,16257,15905,131.4995133813627
1574,cdc822f1-c398-4b20-a422-883124ee92ff,9,1574,True,16283,15931,208.98378329226034
1575,cdc822f1-c398-4b20-a422-883124ee92ff,9,1575,True,16313,15961,155.28368441024577
1576,cdc822f1-c398-4b20-a422-883124ee92ff,9,1576,True,16339,15987,174.39674722466225
1577,cdc822f1-c398-4b20-a422-883124ee92ff,9,1577,True,16361,16009,181.60507432988743
1578,cdc822f1-c398-4b20-a422-883124ee92ff,9,1578,True,16376,16024,218.4294981834355
1579,cdc822f1-c398-4b20-a422-883124ee92ff,9,1579,True,16398,16046,164.31017582458117
1580,cdc822f1-c398-4b20-a422-883124ee92ff,9,1580,True,16427,16075,111.99328554199201
1581,cdc822f1-c398-4b20-a422-883124ee92ff,9,1581,True,16455,16103,154.61540435553616
1582,cdc822f1-c398-4b20-a422-883124ee92ff,9,1582,True,16496,16144,185.78962317450896
1583,cdc822f1-c398-4b20-a422-883124ee92ff,9,1583,True,16533,16181,146.84936480290344
1584,cdc822f1-c398-4b20-a422-883124ee92ff,9,1584,True,16563,16211,163.72896783097895
1585,cdc822f1-c398-4b20-a422-883124ee92ff,9,1585,True,16595,16243,145.02016451253076
1586,cdc822f1-c398-4b20-a422-883124ee92ff,9,1586,True,16626,16274,131.08822850910656
1587,cdc822f1-c398-4b20-a422-883124ee92ff,9,1587,True,16654,16302,139.83731938361234
1588,cdc822f1-c398-4b20-a422-883124ee92ff,9,1588,True,16681,16329,158.16615454837302
1589,cdc822f1-c398-4b20-a422-883124ee92ff,9,1589,True,16718,16366,134.49457071487996
1590,cdc822f1-c398-4b20-a422-883124ee92ff,9,1590,True,16752,16400,155.4935683411968
1591,cdc822f1-c398-4b20-a422-883124ee92ff,9,1591,True,16780,16428,156.71669125621702
1592,cdc822f1-c398-4b20-a422-883124ee92ff,9,1592,True,16809,16457,128.4773233414635
1593,cdc822f1-c398-4b20-a422-883124ee92ff,9,1593,True,16851,16499,162.02637239597607
1594,cdc822f1-c398-4b20-a422-883124ee92ff,9,1594,True,16882,16530,152.91618061151894
1595,cdc822f1-c398-4b20-a422-883124ee92ff,9,1595,True,16912,16560,178.02434836764587
1596,cdc822f1-c398-4b20-a422-883124ee92ff,9,1596,True,16951,16599,209.69429176947597
1597,cdc822f1-c398-4b20-a422-883124ee92ff,9,1597,True,16984,16632,187.31843126544118
1598,cdc822f1-c398-4b20-a422-883124ee92ff,9,1598,True,17013,16661,221.0930088686364
1599,cdc822f1-c398-4b20-a422-883124ee92ff,9,1599,True,17044,16692,196.1210922858154
1600,cdc822f1-c398-4b20-a422-883124ee92ff,9,1600,True,17082,16730,150.81465488460162
1601,cdc822f1-c398-4b20-a422-883124ee92ff,9,1601,True,17112,16760,177.26334985766152
1602,cdc822f1-c398-4b20-a422-883124ee92ff,9,1602,True,17137,16785,153.3959267776554
1603,cdc822f1-c398-4b20-a422-883124ee92ff,9,1603,True,17163,16811,143.8212173903994
1604,cdc822f1-c398-4b20-a422-883124ee92ff,9,1604,True,17185,16833,155.63889366468356
1605,cdc822f1-c398-4b20-a422-883124ee92ff,9,1605,True,17204,16852,181.9204638821284
1606,cdc822f1-c398-4b20-a422-883124ee92ff,9,1606,True,17224,16872,144.2632453813203
1607,cdc822f1-c398-4b20-a422-883124ee92ff,9,1607,True,17254,16902,170.55262344989387
1608,cdc822f1-c398-4b20-a422-883124ee92ff,9,1608,True,17276,16924,143.279562057749
1609,cdc822f1-c398-4b20-a422-883124ee92ff,9,1609,True,17322,16970,179.99321844203587
1610,cdc822f1-c398-4b20-a422-883124ee92ff,9,1610,True,17359,17007,136.85087458888665
1611,cdc822f1-c398-4b20-a422-883124ee92ff,9,1611,True,17375,17023,153.66324602565874
1612,cdc822f1-c398-4b20-a422-883124ee92ff,9,1612,True,17404,17052,126.99730324183474
1613,cdc822f1-c398-4b20-a422-883124ee92ff,9,1613,True,17429,17077,171.73605932160717
1614,cdc822f1-c398-4b20-a422-883124ee92ff,9,1614,True,17458,17106,124.58955172592323
1615,cdc822f1-c398-4b20-a422-883124ee92ff,9,1615,True,17482,17130,187.81835342260092
1616,cdc822f1-c398-4b20-a422-883124ee92ff,9,1616,True,17506,17154,161.81023970315437
1617,cdc822f1-c398-4b20-a422-883124ee92ff,9,1617,True,17532,17180,185.8238854994379
1618,cdc822f1-c398-4b20-a422-883124ee92ff,9,1618,True,17548,17196,175.29713141001776
1619,cdc822f1-c398-4b20-a422-883124ee92ff,9,1619,True,17571,17219,146.8238854994379
1620,cdc822f1-c398-4b20-a422-883124ee92ff,9,1620,True,17590,17238,156.5872039669266
1621,cdc822f1-c398-4b20-a422-883124ee92ff,9,1621,True,17615,17263,177.63251067838064
1622,cdc822f1-c398-4b20-a422-883124ee92ff,9,1622,True,17634,17282,189.7884673517874
1623,cdc822f1-c398-4b20-a422-883124ee92ff,9,1623,True,17666,17314,208.39052286136575
1624,cdc822f1-c398-4b20-a422-883124ee92ff,9,1624,True,17694,17342,170.43068343255436
1625,cdc822f1-c398-4b20-a422-883124ee92ff,9,1625,True,17719,17367,184.28077173493875
1626,cdc822f1-c398-4b20-a422-883124ee92ff,9,1626,True,17747,17395,127.39052286136575
1627,cdc822f1-c398-4b20-a422-883124ee92ff,9,1627,True,17776,17424,132.53403288613117
1628,cdc822f1-c398-4b20-a422-883124ee92ff,9,1628,True,17808,17456,149.52729240653935
1629,cdc822f1-c398-4b20-a422-883124ee92ff,9,1629,True,17829,17477,128.53217481120373
1630,cdc822f1-c398-4b20-a422-883124ee92ff,9,1630,True,17854,17502,123.72518743214823
1631,cdc822f1-c398-4b20-a422-883124ee92ff,9,1631,True,17885,17533,125.71578934350327
1632,cdc822f1-c398-4b20-a422-883124ee92ff,9,1632,True,17916,17564,119.27640115916438
1633,cdc822f1-c398-4b20-a422-883124ee92ff,9,1633,True,17946,17594,149.8288469033796
1634,cdc822f1-c398-4b20-a422-883124ee92ff,9,1634,True,17970,17618,109.3815962934641
1635,cdc822f1-c398-4b20-a422-883124ee92ff,9,1635,True,17996,17644,140.44121494955107
1636,cdc822f1-c398-4b20-a422-883124ee92ff,9,1636,True,18026,17674,139.0178102661812
1637,cdc822f1-c398-4b20-a422-883124ee92ff,9,1637,True,18056,17704,176.02398637625447
1638,cdc822f1-c398-4b20-a422-883124ee92ff,9,1638,True,18082,17730,175.44801686457868
1639,cdc822f1-c398-4b20-a422-883124ee92ff,9,1639,True,18114,17762,222.67603915837026
1640,cdc822f1-c398-4b20-a422-883124ee92ff,9,1640,True,18144,17792,163.26652981570805
1641,cdc822f1-c398-4b20-a422-883124ee92ff,9,1641,True,18174,17822,135.776317014097
1642,cdc822f1-c398-4b20-a422-883124ee92ff,9,1642,True,18209,17857,188.9213821486046
1643,cdc822f1-c398-4b20-a422-883124ee92ff,9,1643,True,18236,17884,191.08523652936492
1644,cdc822f1-c398-4b20-a422-883124ee92ff,9,1644,True,18262,17910,230.98164970248035
1645,cdc822f1-c398-4b20-a422-883124ee92ff,9,1645,True,18287,17935,185.744240688422
1646,cdc822f1-c398-4b20-a422-883124ee92ff,9,1646,True,18321,17969,228.22608481763382
1647,cdc822f1-c398-4b20-a422-883124ee92ff,9,1647,True,18359,18007,164.09383842724128
1648,cdc822f1-c398-4b20-a422-883124ee92ff,9,1648,True,18392,18040,178.06883662236942
1649,cdc822f1-c398-4b20-a422-883124ee92ff,9,1649,True,18424,18072,175.83647215778183
1650,cdc822f1-c398-4b20-a422-883124ee92ff,9,1650,True,18457,18105,169.72361447888034
1651,cdc822f1-c398-4b20-a422-883124ee92ff,9,1651,True,18481,18129,140.2916631689186
1652,cdc822f1-c398-4b20-a422-883124ee92ff,9,1652,True,18513,18161,140.19107172452277
1653,cdc822f1-c398-4b20-a422-883124ee92ff,9,1653,True,18548,18196,206.78435040181284
1654,cdc822f1-c398-4b20-a422-883124ee92ff,9,1654,True,18573,18221,155.41147414469378
1655,cdc822f1-c398-4b20-a422-883124ee92ff,9,1655,True,18602,18250,154.92198483134416
1656,cdc822f1-c398-4b20-a422-883124ee92ff,9,1656,True,18633,18281,145.54778782141148
1657,cdc822f1-c398-4b20-a422-883124ee92ff,9,1657,True,18660,18308,197.45889129734132
1658,cdc822f1-c398-4b20-a422-883124ee92ff,9,1658,True,18692,18340,159.8557380042621
1659,cdc822f1-c398-4b20-a422-883124ee92ff,9,1659,True,18723,18371,195.49298976352657
1660,cdc822f1-c398-4b20-a422-883124ee92ff,9,1660,True,18753,18401,149.6846877341959
1661,cdc822f1-c398-4b20-a422-883124ee92ff,9,1661,True,18776,18424,195.75432551254562
1662,cdc822f1-c398-4b20-a422-883124ee92ff,9,1662,True,18797,18445,132.68431548120498
1663,cdc822f1-c398-4b20-a422-883124ee92ff,9,1663,True,18831,18479,209.80504045856287
1664,cdc822f1-c398-4b20-a422-883124ee92ff,9,1664,True,18863,18511,186.460925861109
1665,cdc822f1-c398-4b20-a422-883124ee92ff,9,1665,True,18890,18538,203.5846427554061
1666,cdc822f1-c398-4b20-a422-883124ee92ff,9,1666,True,18915,18563,184.25565556244692
1667,cdc822f1-c398-4b20-a422-883124ee92ff,9,1667,True,18939,18587,200.53599422974366
1668,cdc822f1-c398-4b20-a422-883124ee92ff,9,1668,True,18969,18617,202.33214506471268
1669,cdc822f1-c398-4b20-a422-883124ee92ff,9,1669,True,18997,18645,206.50121403334924
1670,cdc822f1-c398-4b20-a422-883124ee92ff,9,1670,True,19021,18669,171.2260147468587
1671,cdc822f1-c398-4b20-a422-883124ee92ff,9,1671,True,19063,18711,189.91473720026625
1672,cdc822f1-c398-4b20-a422-883124ee92ff,9,1672,True,19098,18746,173.43063779595104
1673,cdc822f1-c398-4b20-a422-883124ee92ff,9,1673,True,19127,18775,142.00797589732974
1674,cdc822f1-c398-4b20-a422-883124ee92ff,9,1674,True,19145,18793,134.24655745211567
1675,cdc822f1-c398-4b20-a422-883124ee92ff,9,1675,True,19174,18822,148.81422672085682
1676,cdc822f1-c398-4b20-a422-883124ee92ff,9,1676,True,19211,18859,161.139188179739
1677,cdc822f1-c398-4b20-a422-883124ee92ff,9,1677,True,19232,18880,111.55656790652938
1678,cdc822f1-c398-4b20-a422-883124ee92ff,9,1678,True,19256,18904,145.23455625151837
1679,cdc822f1-c398-4b20-a422-883124ee92ff,9,1679,True,19289,18937,124.32017469537459
1680,cdc822f1-c398-4b20-a422-883124ee92ff,9,1680,True,19313,18961,251.37689259385297
1681,cdc822f1-c398-4b20-a422-883124ee92ff,9,1681,True,19337,18985,221.4571538698401
1682,cdc822f1-c398-4b20-a422-883124ee92ff,9,1682,True,19367,19015,142.68742860432758
1683,cdc822f1-c398-4b20-a422-883124ee92ff,9,1683,True,19396,19044,230.3368362214751
1684,cdc822f1-c398-4b20-a422-883124ee92ff,9,1684,True,19427,19075,188.07620283796132
1685,cdc822f1-c398-4b20-a422-883124ee92ff,9,1685,True,19457,19105,209.2777205692255
1686,cdc822f1-c398-4b20-a422-883124ee92ff,9,1686,True,19482,19130,153.22111274557756
1687,cdc822f1-c398-4b20-a422-883124ee92ff,9,1687,True,19519,19167,166.3100641869787
1688,cdc822f1-c398-4b20-a422-883124ee92ff,9,1688,True,19539,19187,174.80977351153706
1689,cdc822f1-c398-4b20-a422-883124ee92ff,9,1689,True,19570,19218,207.33297299315382
1690,cdc822f1-c398-4b20-a422-883124ee92ff,9,1690,True,19590,19238,171.3600938234449
1691,cdc822f1-c398-4b20-a422-883124ee92ff,9,1691,True,19621,19269,156.33297299315382
1692,cdc822f1-c398-4b20-a422-883124ee92ff,9,1692,True,19645,19293,165.7820042270905
1693,cdc822f1-c398-4b20-a422-883124ee92ff,9,1693,True,19673,19321,151.14003360806964
1694,cdc822f1-c398-4b20-a422-883124ee92ff,9,1694,True,19714,19362,132.95487161714846
1695,cdc822f1-c398-4b20-a422-883124ee92ff,9,1695,True,19742,19390,153.71782181429444
1696,cdc822f1-c398-4b20-a422-883124ee92ff,9,1696,True,19770,19418,145.42100919631775
1697,cdc822f1-c398-4b20-a422-883124ee92ff,9,1697,True,19799,19447,143.4424497623695
1698,cdc822f1-c398-4b20-a422-883124ee92ff,9,1698,True,19822,19470,206.67921635392486
1699,cdc822f1-c398-4b20-a422-883124ee92ff,9,1699,True,19847,19495,201.20770263419763
1700,cdc822f1-c398-4b20-a422-883124ee92ff,9,1700,True,19874,19522,201.11705953342243
1701,cdc822f1-c398-4b20-a422-883124ee92ff,9,1701,True,19903,19551,220.52553500966678
1702,cdc822f1-c398-4b20-a422-883124ee92ff,9,1702,True,19928,19576,195.39815300582268
1703,cdc822f1-c398-4b20-a422-883124ee92ff,9,1703,True,19954,19602,212.77540432300157
1704,cdc822f1-c398-4b20-a422-883124ee92ff,9,1704,True,19985,19633,188.44150276965593
1705,cdc822f1-c398-4b20-a422-883124ee92ff,9,1705,True,20006,19654,211.7344128602199
1706,cdc822f1-c398-4b20-a422-883124ee92ff,9,1706,True,20027,19675,193.8567103754467
1707,cdc822f1-c398-4b20-a422-883124ee92ff,9,1707,True,20058,19706,212.8220352574972
1708,cdc822f1-c398-4b20-a422-883124ee92ff,9,1708,True,20086,19734,184.8220352574972
1709,cdc822f1-c398-4b20-a422-883124ee92ff,9,1709,True,20116,19764,152.75311367473114
1710,cdc822f1-c398-4b20-a422-883124ee92ff,9,1710,True,20143,19791,132.25132306852902
1711,cdc822f1-c398-4b20-a422-883124ee92ff,9,1711,True,20177,19825,197.79283295546338
1712,cdc822f1-c398-4b20-a422-883124ee92ff,9,1712,True,20197,19845,168.60597229491395
1713,cdc822f1-c398-4b20-a422-883124ee92ff,9,1713,True,20226,19874,203.9493060657005
1714,cdc822f1-c398-4b20-a422-883124ee92ff,9,1714,True,20245,19893,169.86616922934263
1715,cdc822f1-c398-4b20-a422-883124ee92ff,9,1715,True,20265,19913,227.03505136955937
1716,cdc822f1-c398-4b20-a422-883124ee92ff,9,1716,True,20293,19941,199.03505136955937
1717,cdc822f1-c398-4b20-a422-883124ee92ff,9,1717,True,20323,19971,220.05142687479383
1718,cdc822f1-c398-4b20-a422-883124ee92ff,9,1718,True,20354,20002,158.91886174960382
1719,cdc822f1-c398-4b20-a422-883124ee92ff,9,1719,True,20379,20027,206.1315337878732
1720,cdc822f1-c398-4b20-a422-883124ee92ff,9,1720,True,20408,20056,156.37685985540156
1721,cdc822f1-c398-4b20-a422-883124ee92ff,9,1721,True,20434,20082,178.6152415739125
1722,cdc822f1-c398-4b20-a422-883124ee92ff,9,1722,True,20461,20109,153.2367189567958
1723,cdc822f1-c398-4b20-a422-883124ee92ff,9,1723,True,20492,20140,185.14370468642664
1724,cdc822f1-c398-4b20-a422-883124ee92ff,9,1724,True,20517,20165,173.92336258823707
1725,cdc822f1-c398-4b20-a422-883124ee92ff,9,1725,True,20548,20196,180.42748234145256
1726,cdc822f1-c398-4b20-a422-883124ee92ff,9,1726,True,20579,20227,168.1638427472608
1727,cdc822f1-c398-4b20-a422-883124ee92ff,9,1727,True,20611,20259,171.38313176064912
1728,cdc822f1-c398-4b20-a422-883124ee92ff,9,1728,True,20637,20285,144.11695306568072
1729,cdc822f1-c398-4b20-a422-883124ee92ff,9,1729,True,20661,20309,172.85335634987496
1730,cdc822f1-c398-4b20-a422-883124ee92ff,9,1730,True,20687,20335,138.79979523347356
1731,cdc822f1-c398-4b20-a422-883124ee92ff,9,1731,True,20712,20360,174.6595339136511
1732,cdc822f1-c398-4b20-a422-883124ee92ff,9,1732,True,20734,20382,147.23531707696384
1733,cdc822f1-c398-4b20-a422-883124ee92ff,9,1733,True,20759,20407,176.94294444466868
1734,cdc822f1-c398-4b20-a422-883124ee92ff,9,1734,True,20785,20433,150.94294444466868
1735,cdc822f1-c398-4b20-a422-883124ee92ff,9,1735,True,20815,20463,141.76591195733272
1736,cdc822f1-c398-4b20-a422-883124ee92ff,9,1736,True,20845,20493,144.32135735095653
1737,cdc822f1-c398-4b20-a422-883124ee92ff,9,1737,True,20866,20514,116.02845543506555
1738,cdc822f1-c398-4b20-a422-883124ee92ff,9,1738,True,20895,20543,146.30759425943324
1739,cdc822f1-c398-4b20-a422-883124ee92ff,9,1739,True,20921,20569,145.18188746933083
1740,cdc822f1-c398-4b20-a422-883124ee92ff,9,1740,True,20942,20590,147.26510888741905
1741,cdc822f1-c398-4b20-a422-883124ee92ff,9,1741,True,20964,20612,129.6235779712042
1742,cdc822f1-c398-4b20-a422-883124ee92ff,9,1742,True,20987,20635,152.66023535678323
1743,cdc822f1-c398-4b20-a422-883124ee92ff,9,1743,True,21016,20664,137.32523736641815
1744,cdc822f1-c398-4b20-a422-883124ee92ff,9,1744,True,21051,20699,149.97762812716974
1745,cdc822f1-c398-4b20-a422-883124ee92ff,9,1745,True,21076,20724,151.05318738105416
1746,cdc822f1-c398-4b20-a422-883124ee92ff,9,1746,True,21104,20752,163.6804654727166
1747,cdc822f1-c398-4b20-a422-883124ee92ff,9,1747,True,21133,20781,145.73901418383684
1748,cdc822f1-c398-4b20-a422-883124ee92ff,9,1748,True,21159,20807,161.05725196220374
1749,cdc822f1-c398-4b20-a422-883124ee92ff,9,1749,True,21180,20828,118.74069963075453
1750,cdc822f1-c398-4b20-a422-883124ee92ff,9,1750,True,21207,20855,141.1434616045808
1751,cdc822f1-c398-4b20-a422-883124ee92ff,9,1751,True,21239,20887,124.31725868876674
1752,cdc822f1-c398-4b20-a422-883124ee92ff,9,1752,True,21273,20921,166.74413530441598
1753,cdc822f1-c398-4b20-a422-883124ee92ff,9,1753,True,21300,20948,134.76054060641763
1754,cdc822f1-c398-4b20-a422-883124ee92ff,9,1754,True,21321,20969,164.60930834037208
1755,cdc822f1-c398-4b20-a422-883124ee92ff,9,1755,True,21365,21013,98.12462779495763
1756,cdc822f1-c398-4b20-a422-883124ee92ff,9,1756,True,21396,21044,95.70032059881123
1757,cdc822f1-c398-4b20-a422-883124ee92ff,9,1757,True,21422,21070,123.12068682922836
1758,cdc822f1-c398-4b20-a422-883124ee92ff,9,1758,True,21452,21100,166.44556228214788
1759,cdc822f1-c398-4b20-a422-883124ee92ff,9,1759,True,21471,21119,121.58623257928048
1760,cdc822f1-c398-4b20-a422-883124ee92ff,9,1760,True,21495,21143,160.2913943260064
1761,cdc822f1-c398-4b20-a422-883124ee92ff,9,1761,True,21522,21170,132.53559782142838
1762,cdc822f1-c398-4b20-a422-883124ee92ff,9,1762,True,21548,21196,183.19948713534905
1763,cdc822f1-c398-4b20-a422-883124ee92ff,9,1763,True,21577,21225,130.6318683950849
1764,cdc822f1-c398-4b20-a422-883124ee92ff,9,1764,True,21603,21251,181.0471878528042
1765,cdc822f1-c398-4b20-a422-883124ee92ff,9,1765,True,21630,21278,184.20932440679098
1766,cdc822f1-c398-4b20-a422-883124ee92ff,9,1766,True,21663,21311,147.49435508223178
1767,cdc822f1-c398-4b20-a422-883124ee92ff,9,1767,True,21692,21340,178.47785056706562
1768,cdc822f1-c398-4b20-a422-883124ee92ff,9,1768,True,21725,21373,130.8195429259904
1769,cdc822f1-c398-4b20-a422-883124ee92ff,9,1769,True,21758,21406,164.3790274835883
1770,cdc822f1-c398-4b20-a422-883124ee92ff,9,1770,True,21791,21439,117.45746566473463
1771,cdc822f1-c398-4b20-a422-883124ee92ff,9,1771,True,21819,21467,158.7877504364733
1772,cdc822f1-c398-4b20-a422-883124ee92ff,9,1772,True,21842,21490,129.7785352224637
1773,cdc822f1-c398-4b20-a422-883124ee92ff,9,1773,True,21871,21519,163.14784365483865
1774,cdc822f1-c398-4b20-a422-883124ee92ff,9,1774,True,21888,21536,123.49947062605133
1775,cdc822f1-c398-4b20-a422-883124ee92ff,9,1775,True,21920,21568,142.45723010647635
1776,cdc822f1-c398-4b20-a422-883124ee92ff,9,1776,True,21943,21591,143.76395317279093
1777,cdc822f1-c398-4b20-a422-883124ee92ff,9,1777,True,21962,21610,125.75254201088319
1778,cdc822f1-c398-4b20-a422-883124ee92ff,9,1778,True,21984,21632,165.8088146483933
1779,cdc822f1-c398-4b20-a422-883124ee92ff,9,1779,True,22007,21655,168.04127521417104
1780,cdc822f1-c398-4b20-a422-883124ee92ff,9,1780,True,22023,21671,161.49092616495545
1781,cdc822f1-c398-4b20-a422-883124ee92ff,9,1781,True,22051,21699,174.14428655252777
1782,cdc822f1-c398-4b20-a422-883124ee92ff,9,1782,True,22077,21725,148.84903791364923
1783,cdc822f1-c398-4b20-a422-883124ee92ff,9,1783,True,22098,21746,136.72869117359005
1784,cdc822f1-c398-4b20-a422-883124ee92ff,9,1784,True,22115,21763,172.8787272447662
1785,cdc822f1-c398-4b20-a422-883124ee92ff,9,1785,True,22144,21792,170.24909485497847
1786,cdc822f1-c398-4b20-a422-883124ee92ff,9,1786,True,22179,21827,165.94161860968597
1787,cdc822f1-c398-4b20-a422-883124ee92ff,9,1787,True,22220,21868,149.27906672266909
1788,cdc822f1-c398-4b20-a422-883124ee92ff,9,1788,True,22240,21888,142.05333146204794
1789,cdc822f1-c398-4b20-a422-883124ee92ff,9,1789,True,22262,21910,142.10560214016732
1790,cdc822f1-c398-4b20-a422-883124ee92ff,9,1790,True,22292,21940,116.93927284349775
1791,cdc822f1-c398-4b20-a422-883124ee92ff,9,1791,True,22316,21964,143.94051331447554
1792,cdc822f1-c398-4b20-a422-883124ee92ff,9,1792,True,22338,21986,169.289668882946
1793,cdc822f1-c398-4b20-a422-883124ee92ff,9,1793,True,22359,22007,150.35574657638426
1794,cdc822f1-c398-4b20-a422-883124ee92ff,9,1794,True,22382,22030,206.42277054760052
1795,cdc822f1-c398-4b20-a422-883124ee92ff,9,1795,True,22421,22069,196.40928991862165
1796,cdc822f1-c398-4b20-a422-883124ee92ff,9,1796,True,22447,22095,141.42277054760052
1797,cdc822f1-c398-4b20-a422-883124ee92ff,9,1797,True,22465,22113,121.62856502881186
1798,cdc822f1-c398-4b20-a422-883124ee92ff,9,1798,True,22495,22143,171.18409915144366
1799,cdc822f1-c398-4b20-a422-883124ee92ff,9,1799,True,22521,22169,144.79245624890973
1800,cdc822f1-c398-4b20-a422-883124ee92ff,9,1800,True,22547,22195,168.58205974733573
1801,cdc822f1-c398-4b20-a422-883124ee92ff,9,1801,True,22572,22220,155.8797113649416
1802,cdc822f1-c398-4b20-a422-883124ee92ff,9,1802,True,22592,22240,161.6109535230862
1803,cdc822f1-c398-4b20-a422-883124ee92ff,9,1803,True,22621,22269,155.5367005328917
1804,cdc822f1-c398-4b20-a422-883124ee92ff,9,1804,True,22646,22294,180.0350208058917
1805,cdc822f1-c398-4b20-a422-883124ee92ff,9,1805,True,22669,22317,121.49674713068089
1806,cdc822f1-c398-4b20-a422-883124ee92ff,9,1806,True,22691,22339,148.72513580296436
1807,cdc822f1-c398-4b20-a422-883124ee92ff,9,1807,True,22722,22370,119.02194455387144
1808,cdc822f1-c398-4b20-a422-883124ee92ff,9,1808,True,22749,22397,142.67042823255542
1809,cdc822f1-c398-4b20-a422-883124ee92ff,9,1809,True,22767,22415,141.03474880302383
1810,cdc822f1-c398-4b20-a422-883124ee92ff,9,1810,True,22792,22440,184.38922551704673
1811,cdc822f1-c398-4b20-a422-883124ee92ff,9,1811,True,22815,22463,192.882584964751
1812,cdc822f1-c398-4b20-a422-883124ee92ff,9,1812,True,22837,22485,136.98117283069587
1813,cdc822f1-c398-4b20-a422-883124ee92ff,9,1813,True,22862,22510,207.128633882523
1814,cdc822f1-c398-4b20-a422-883124ee92ff,9,1814,True,22888,22536,186.066426904963
1815,cdc822f1-c398-4b20-a422-883124ee92ff,9,1815,True,22923,22571,195.57383737163036
1816,cdc822f1-c398-4b20-a422-883124ee92ff,9,1816,True,22954,22602,170.6552110901357
1817,cdc822f1-c398-4b20-a422-883124ee92ff,9,1817,True,22980,22628,186.3659044473934
1818,cdc822f1-c398-4b20-a422-883124ee92ff,9,1818,True,23006,22654,184.55623284979083
1819,cdc822f1-c398-4b20-a422-883124ee92ff,9,1819,True,23037,22685,204.63304619343398
1820,cdc822f1-c398-4b20-a422-883124ee92ff,9,1820,True,23058,22706,135.43366341157525
1821,cdc822f1-c398-4b20-a422-883124ee92ff,9,1821,True,23097,22745,179.004952751784
1822,cdc822f1-c398-4b20-a422-883124ee92ff,9,1822,True,23120,22768,147.81333502583948
1823,cdc822f1-c398-4b20-a422-883124ee92ff,9,1823,True,23150,22798,151.00560224674336
1824,cdc822f1-c398-4b20-a422-883124ee92ff,9,1824,True,23176,22824,170.14794505240934
1825,cdc822f1-c398-4b20-a422-883124ee92ff,9,1825,True,23205,22853,187.05435111475163
1826,cdc822f1-c398-4b20-a422-883124ee92ff,9,1826,True,23227,22875,157.3302657374079
1827,cdc822f1-c398-4b20-a422-883124ee92ff,9,1827,True,23256,22904,213.8205361989967
1828,cdc822f1-c398-4b20-a422-883124ee92ff,9,1828,True,23279,22927,173.0487841337963
1829,cdc822f1-c398-4b20-a422-883124ee92ff,9,1829,True,23311,22959,217.40985275486673
1830,cdc822f1-c398-4b20-a422-883124ee92ff,9,1830,True,23335,22983,196.93692488821398
1831,cdc822f1-c398-4b20-a422-883124ee92ff,9,1831,True,23364,23012,170.31774147837496
1832,cdc822f1-c398-4b20-a422-883124ee92ff,9,1832,True,23396,23044,189.49439162319322
1833,cdc822f1-c398-4b20-a422-883124ee92ff,9,1833,True,23424,23072,154.6888632257178
1834,cdc822f1-c398-4b20-a422-883124ee92ff,9,1834,True,23448,23096,183.44357574420792
1835,cdc822f1-c398-4b20-a422-883124ee92ff,9,1835,True,23477,23125,158.0345362126027
1836,cdc822f1-c398-4b20-a422-883124ee92ff,9,1836,True,23501,23149,155.55010482373837
1837,cdc822f1-c398-4b20-a422-883124ee92ff,9,1837,True,23529,23177,176.4404905955853
1838,cdc822f1-c398-4b20-a422-883124ee92ff,9,1838,True,23561,23209,150.87522984039242
1839,cdc822f1-c398-4b20-a422-883124ee92ff,9,1839,True,23583,23231,198.38123946091946
1840,cdc822f1-c398-4b20-a422-883124ee92ff,9,1840,True,23602,23250,227.2984662510753
1841,cdc822f1-c398-4b20-a422-883124ee92ff,9,1841,True,23630,23278,174.25093949719303
1842,cdc822f1-c398-4b20-a422-883124ee92ff,9,1842,True,23658,23306,201.263919349949
1843,cdc822f1-c398-4b20-a422-883124ee92ff,9,1843,True,23680,23328,172.0774585058207
1844,cdc822f1-c398-4b20-a422-883124ee92ff,9,1844,True,23714,23362,137.2284302389271
1845,cdc822f1-c398-4b20-a422-883124ee92ff,9,1845,True,23749,23397,153.12692826408966
1846,cdc822f1-c398-4b20-a422-883124ee92ff,9,1846,True,23782,23430,184.47120529436506
1847,cdc822f1-c398-4b20-a422-883124ee92ff,9,1847,True,23811,23459,150.6500986780702
1848,cdc822f1-c398-4b20-a422-883124ee92ff,9,1848,True,23835,23483,126.2845746140083
1849,cdc822f1-c398-4b20-a422-883124ee92ff,9,1849,True,23858,23506,173.90629068680573
1850,cdc822f1-c398-4b20-a422-883124ee92ff,9,1850,True,23887,23535,143.7128390396574
1851,cdc822f1-c398-4b20-a422-883124ee92ff,9,1851,True,23914,23562,168.89749407803174
1852,cdc822f1-c398-4b20-a422-883124ee92ff,9,1852,True,23933,23581,196.41464856347739
1853,cdc822f1-c398-4b20-a422-883124ee92ff,9,1853,True,23955,23603,157.11671201435456
1854,cdc822f1-c398-4b20-a422-883124ee92ff,9,1854,True,23978,23626,182.25683108975863
1855,cdc822f1-c398-4b20-a422-883124ee92ff,9,1855,True,24004,23652,156.85612278870394
1856,cdc822f1-c398-4b20-a422-883124ee92ff,9,1856,True,24034,23682,180.0064287142268
1857,cdc822f1-c398-4b20-a422-883124ee92ff,9,1857,True,24072,23720,212.71222668478367
1858,cdc822f1-c398-4b20-a422-883124ee92ff,9,1858,True,24099,23747,163.30422606793218
1859,cdc822f1-c398-4b20-a422-883124ee92ff,9,1859,True,24129,23777,227.79824279775858
1860,cdc822f1-c398-4b20-a422-883124ee92ff,9,1860,True,24160,23808,173.73394431791166
1861,cdc822f1-c398-4b20-a422-883124ee92ff,9,1861,True,24195,23843,211.77054036054324
1862,cdc822f1-c398-4b20-a422-883124ee92ff,9,1862,True,24219,23867,167.72311831907427
1863,cdc822f1-c398-4b20-a422-883124ee92ff,9,1863,True,24247,23895,163.97604416598915
1864,cdc822f1-c398-4b20-a422-883124ee92ff,9,1864,True,24270,23918,135.16961835780967
1865,cdc822f1-c398-4b20-a422-883124ee92ff,9,1865,True,24302,23950,165.3383703484178
1866,cdc822f1-c398-4b20-a422-883124ee92ff,9,1866,True,24328,23976,161.3289827305125
1867,cdc822f1-c398-4b20-a422-883124ee92ff,9,1867,True,24366,24014,171.97379219378126
1868,cdc822f1-c398-4b20-a422-883124ee92ff,9,1868,True,24398,24046,162.45384700415525
1869,cdc822f1-c398-4b20-a422-883124ee92ff,9,1869,True,24424,24072,167.78468358821556
1870,cdc822f1-c398-4b20-a422-883124ee92ff,9,1870,True,24454,24102,162.2552736307989
1871,cdc822f1-c398-4b20-a422-883124ee92ff,9,1871,True,24483,24131,180.37527587420118
1872,cdc822f1-c398-4b20-a422-883124ee92ff,9,1872,True,24511,24159,136.41100790005294
1873,cdc822f1-c398-4b20-a422-883124ee92ff,9,1873,True,24538,24186,181.70718675099852
1874,cdc822f1-c398-4b20-a422-883124ee92ff,9,1874,True,24570,24218,181.70759579293735
1875,cdc822f1-c398-4b20-a422-883124ee92ff,9,1875,True,24596,24244,182.31177103016307
1876,cdc822f1-c398-4b20-a422-883124ee92ff,9,1876,True,24619,24267,155.0749319089664
1877,cdc822f1-c398-4b20-a422-883124ee92ff,9,1877,True,24655,24303,193.06098664910314
1878,cdc822f1-c398-4b20-a422-883124ee92ff,9,1878,True,24689,24337,159.06098664910314
1879,cdc822f1-c398-4b20-a422-883124ee92ff,9,1879,True,24729,24377,121.37370415671467
1880,cdc822f1-c398-4b20-a422-883124ee92ff,9,1880,True,24754,24402,151.8590852773159
1881,cdc822f1-c398-4b20-a422-883124ee92ff,9,1881,True,24781,24429,120.03671548902639
1882,cdc822f1-c398-4b20-a422-883124ee92ff,9,1882,True,24805,24453,149.6262769239038
1883,cdc822f1-c398-4b20-a422-883124ee92ff,9,1883,True,24830,24478,152.94824786082972
1884,cdc822f1-c398-4b20-a422-883124ee92ff,9,1884,True,24864,24512,148.15275591237878
1885,cdc822f1-c398-4b20-a422-883124ee92ff,9,1885,True,24885,24533,179.46128909952677
1886,cdc822f1-c398-4b20-a422-883124ee92ff,9,1886,True,24924,24572,144.96588079437424
1887,cdc822f1-c398-4b20-a422-883124ee92ff,9,1887,True,24949,24597,128.07241663757668
1888,cdc822f1-c398-4b20-a422-883124ee92ff,9,1888,True,24979,24627,142.1505139848232
1889,cdc822f1-c398-4b20-a422-883124ee92ff,9,1889,True,24999,24647,132.98413501058894
1890,cdc822f1-c398-4b20-a422-883124ee92ff,9,1890,True,25024,24672,170.15195951167698
1891,cdc822f1-c398-4b20-a422-883124ee92ff,9,1891,True,25063,24711,165.7899773462159
1892,cdc822f1-c398-4b20-a422-883124ee92ff,9,1892,True,25097,24745,121.33614244666023
1893,cdc822f1-c398-4b20-a422-883124ee92ff,9,1893,True,25128,24776,113.36422549231065
1894,cdc822f1-c398-4b20-a422-883124ee92ff,9,1894,True,25159,24807,122.38648029133037
1895,cdc822f1-c398-4b20-a422-883124ee92ff,9,1895,True,25194,24842,112.89069206910426
1896,cdc822f1-c398-4b20-a422-883124ee92ff,9,1896,True,25221,24869,129.61896602148772
1897,cdc822f1-c398-4b20-a422-883124ee92ff,9,1897,True,25247,24895,102.0641410328426
1898,cdc822f1-c398-4b20-a422-883124ee92ff,9,1898,True,25281,24929,140.96351062804388
1899,cdc822f1-c398-4b20-a422-883124ee92ff,9,1899,True,25303,24951,123.43559663102133
1900,cdc822f1-c398-4b20-a422-883124ee92ff,9,1900,True,25331,24979,117.52317404449059
1901,cdc822f1-c398-4b20-a422-883124ee92ff,9,1901,True,25358,25006,105.23307883341113
1902,cdc822f1-c398-4b20-a422-883124ee92ff,9,1902,True,25378,25026,117.62136879994068
1903,cdc822f1-c398-4b20-a422-883124ee92ff,9,1903,True,25408,25056,147.23183420781425
1904,cdc822f1-c398-4b20-a422-883124ee92ff,9,1904,True,25434,25082,129.34364490841108
1905,cdc822f1-c398-4b20-a422-883124ee92ff,9,1905,True,25465,25113,141.85347659529725
1906,cdc822f1-c398-4b20-a422-883124ee92ff,9,1906,True,25491,25139,149.36872595378372
1907,cdc822f1-c398-4b20-a422-883124ee92ff,9,1907,True,25522,25170,118.32509707779172
1908,cdc822f1-c398-4b20-a422-883124ee92ff,9,1908,True,25546,25194,152.78842329261533
1909,cdc822f1-c398-4b20-a422-883124ee92ff,9,1909,True,25585,25233,128.03393121542103
1910,cdc822f1-c398-4b20-a422-883124ee92ff,9,1910,True,25617,25265,179.48696331581232
1911,cdc822f1-c398-4b20-a422-883124ee92ff,9,1911,True,25638,25286,158.07448034115077
1912,cdc822f1-c398-4b20-a422-883124ee92ff,9,1912,True,25664,25312,178.27191664797647
1913,cdc822f1-c398-4b20-a422-883124ee92ff,9,1913,True,25689,25337,150.50892387065687
1914,cdc822f1-c398-4b20-a422-883124ee92ff,9,1914,True,25716,25364,160.26792371547708
1915,cdc822f1-c398-4b20-a422-883124ee92ff,9,1915,True,25744,25392,159.86828216689173
1916,cdc822f1-c398-4b20-a422-883124ee92ff,9,1916,True,25768,25416,204.22723962027158
1917,cdc822f1-c398-4b20-a422-883124ee92ff,9,1917,True,25798,25446,174.22723962027158
1918,cdc822f1-c398-4b20-a422-883124ee92ff,9,1918,True,25824,25472,148.22723962027158
1919,cdc822f1-c398-4b20-a422-883124ee92ff,9,1919,True,25857,25505,152.31123534391008
1920,cdc822f1-c398-4b20-a422-883124ee92ff,9,1920,True,25890,25538,147.05326157518357
1921,cdc822f1-c398-4b20-a422-883124ee92ff,9,1921,True,25916,25564,184.53855741919324
1922,cdc822f1-c398-4b20-a422-883124ee92ff,9,1922,True,25940,25588,144.15240631243068
1923,cdc822f1-c398-4b20-a422-883124ee92ff,9,1923,True,25968,25616,167.40573966779266
1924,cdc822f1-c398-4b20-a422-883124ee92ff,9,1924,True,25995,25643,143.3238903476049
1925,cdc822f1-c398-4b20-a422-883124ee92ff,9,1925,True,26020,25668,141.90571294364054
1926,cdc822f1-c398-4b20-a422-883124ee92ff,9,1926,True,26043,25691,139.7201784840545
1927,cdc822f1-c398-4b20-a422-883124ee92ff,9,1927,True,26066,25714,162.12753779417835
1928,cdc822f1-c398-4b20-a422-883124ee92ff,9,1928,True,26098,25746,135.0588613443906
1929,cdc822f1-c398-4b20-a422-883124ee92ff,9,1929,True,26118,25766,158.82148578895067
1930,cdc822f1-c398-4b20-a422-883124ee92ff,9,1930,True,26145,25793,149.38884851097828
1931,cdc822f1-c398-4b20-a422-883124ee92ff,9,1931,True,26173,25821,206.18207970283038
1932,cdc822f1-c398-4b20-a422-883124ee92ff,9,1932,True,26199,25847,134.09377046249574
1933,cdc822f1-c398-4b20-a422-883124ee92ff,9,1933,True,26230,25878,149.9350937586314
1934,cdc822f1-c398-4b20-a422-883124ee92ff,9,1934,True,26253,25901,132.3938157060329
1935,cdc822f1-c398-4b20-a422-883124ee92ff,9,1935,True,26275,25923,196.32046659153275
1936,cdc822f1-c398-4b20-a422-883124ee92ff,9,1936,True,26301,25949,181.86881548746533
1937,cdc822f1-c398-4b20-a422-883124ee92ff,9,1937,True,26326,25974,164.76955980805724
1938,cdc822f1-c398-4b20-a422-883124ee92ff,9,1938,True,26357,26005,173.5379887897252
1939,cdc822f1-c398-4b20-a422-883124ee92ff,9,1939,True,26389,26037,155.47304270746827
1940,cdc822f1-c398-4b20-a422-883124ee92ff,9,1940,True,26423,26071,179.94746622461753
1941,cdc822f1-c398-4b20-a422-883124ee92ff,9,1941,True,26454,26102,155.8801034249227
1942,cdc822f1-c398-4b20-a422-883124ee92ff,9,1942,True,26477,26125,128.17562366282073
1943,cdc822f1-c398-4b20-a422-883124ee92ff,9,1943,True,26502,26150,140.0666375927467
1944,cdc822f1-c398-4b20-a422-883124ee92ff,9,1944,True,26525,26173,177.02599516757255
1945,cdc822f1-c398-4b20-a422-883124ee92ff,9,1945,True,26543,26191,144.06127744121113
1946,cdc822f1-c398-4b20-a422-883124ee92ff,9,1946,True,26572,26220,181.2999395922052
1947,cdc822f1-c398-4b20-a422-883124ee92ff,9,1947,True,26598,26246,157.54800856829752
1948,cdc822f1-c398-4b20-a422-883124ee92ff,9,1948,True,26626,26274,154.28712809047647
1949,cdc822f1-c398-4b20-a422-883124ee92ff,9,1949,True,26643,26291,123.89885972013872
1950,cdc822f1-c398-4b20-a422-883124ee92ff,9,1950,True,26667,26315,165.9666358606264
1951,cdc822f1-c398-4b20-a422-883124ee92ff,9,1951,True,26689,26337,169.60002761091891
1952,cdc822f1-c398-4b20-a422-883124ee92ff,9,1952,True,26710,26358,122.51125773637614
1953,cdc822f1-c398-4b20-a422-883124ee92ff,9,1953,True,26731,26379,141.95410238906697
1954,cdc822f1-c398-4b20-a422-883124ee92ff,9,1954,True,26767,26415,140.20993351056677
1955,cdc822f1-c398-4b20-a422-883124ee92ff,9,1955,True,26800,26448,166.90408002703043
1956,cdc822f1-c398-4b20-a422-883124ee92ff,9,1956,True,26822,26470,143.80314103346973
1957,cdc822f1-c398-4b20-a422-883124ee92ff,9,1957,True,26858,26506,161.95889466449808
1958,cdc822f1-c398-4b20-a422-883124ee92ff,9,1958,True,26893,26541,152.64479440366995
1959,cdc822f1-c398-4b20-a422-883124ee92ff,9,1959,True,26917,26565,134.67005117230292
1960,cdc822f1-c398-4b20-a422-883124ee92ff,9,1960,True,26943,26591,152.32477510869649
1961,cdc822f1-c398-4b20-a422-883124ee92ff,9,1961,True,26971,26619,139.8574279462664
1962,cdc822f1-c398-4b20-a422-883124ee92ff,9,1962,True,27002,26650,118.68834761046674
1963,cdc822f1-c398-4b20-a422-883124ee92ff,9,1963,True,27027,26675,123.57875458126728
1964,cdc822f1-c398-4b20-a422-883124ee92ff,9,1964,True,27060,26708,145.6553629526643
1965,cdc822f1-c398-4b20-a422-883124ee92ff,9,1965,True,27090,26738,166.92359797538666
1966,cdc822f1-c398-4b20-a422-883124ee92ff,9,1966,True,27118,26766,144.3433358016191
1967,cdc822f1-c398-4b20-a422-883124ee92ff,9,1967,True,27144,26792,257.7827101436087
1968,cdc822f1-c398-4b20-a422-883124ee92ff,9,1968,True,27169,26817,205.63727078367447
1969,cdc822f1-c398-4b20-a422-883124ee92ff,9,1969,True,27191,26839,182.07460871676813
1970,cdc822f1-c398-4b20-a422-883124ee92ff,9,1970,True,27230,26878,218.5602215559411
1971,cdc822f1-c398-4b20-a422-883124ee92ff,9,1971,True,27262,26910,261.5080886740361
1972,cdc822f1-c398-4b20-a422-883124ee92ff,9,1972,True,27294,26942,227.09761101374897
1973,cdc822f1-c398-4b20-a422-883124ee92ff,9,1973,True,27324,26972,252.90751477715457
1974,cdc822f1-c398-4b20-a422-883124ee92ff,9,1974,True,27354,27002,236.04063758032135
1975,cdc822f1-c398-4b20-a422-883124ee92ff,9,1975,True,27372,27020,222.43422944379927
1976,cdc822f1-c398-4b20-a422-883124ee92ff,9,1976,True,27397,27045,274.4787034869987
1977,cdc822f1-c398-4b20-a422-883124ee92ff,9,1977,True,27422,27070,273.6626596668284
1978,cdc822f1-c398-4b20-a422-883124ee92ff,9,1978,True,27451,27099,220.4787034869987
1979,cdc822f1-c398-4b20-a422-883124ee92ff,9,1979,True,27477,27125,284.47184918561106
1980,cdc822f1-c398-4b20-a422-883124ee92ff,9,1980,True,27499,27147,228.7111010186709
1981,cdc822f1-c398-4b20-a422-883124ee92ff,9,1981,True,27523,27171,172.6626596668284
1982,cdc822f1-c398-4b20-a422-883124ee92ff,9,1982,True,27552,27200,209.47184918561106
1983,cdc822f1-c398-4b20-a422-883124ee92ff,9,1983,True,27578,27226,200.1900880380599
1984,cdc822f1-c398-4b20-a422-883124ee92ff,9,1984,True,27601,27249,225.76796329858917
1985,cdc822f1-c398-4b20-a422-883124ee92ff,9,1985,True,27634,27282,184.58157849449708
1986,cdc822f1-c398-4b20-a422-883124ee92ff,9,1986,True,27659,27307,225.39695909462534
1987,cdc822f1-c398-4b20-a422-883124ee92ff,9,1987,True,27684,27332,200.39695909462534
1988,cdc822f1-c398-4b20-a422-883124ee92ff,9,1988,True,27713,27361,211.26227179773923
1989,cdc822f1-c398-4b20-a422-883124ee92ff,9,1989,True,27739,27387,148.7517770169179
1990,cdc822f1-c398-4b20-a422-883124ee92ff,9,1990,True,27760,27408,177.06644766770114
1991,cdc822f1-c398-4b20-a422-883124ee92ff,9,1991,True,27781,27429,166.6257386436955
1992,cdc822f1-c398-4b20-a422-883124ee92ff,9,1992,True,27818,27466,203.39449599978616
1993,cdc822f1-c398-4b20-a422-883124ee92ff,9,1993,True,27860,27508,187.0757959733637
1994,cdc822f1-c398-4b20-a422-883124ee92ff,9,1994,True,27892,27540,181.10156966479917
1995,cdc822f1-c398-4b20-a422-883124ee92ff,9,1995,True,27927,27575,195.8123220897869
1996,cdc822f1-c398-4b20-a422-883124ee92ff,9,1996,True,27955,27603,186.65904954159487
1997,cdc822f1-c398-4b20-a422-883124ee92ff,9,1997,True,27980,27628,163.52404285912053
1998,cdc822f1-c398-4b20-a422-883124ee92ff,9,1998,True,28012,27660,129.65904954159487
1999,cdc822f1-c398-4b20-a422-883124ee92ff,9,1999,True,28041,27689,132.70089897465732
2000,e15ce268-ee54-4a64-8770-5f8ec4638e40,10,2000,True,418,16,79.16270699263497
2001,e15ce268-ee54-4a64-8770-5f8ec4638e40,10,2001,True,445,43,105.25431174087686
2002,e15ce268-ee54-4a64-8770-5f8ec4638e40,10,2002,True,472,70,101.58206912152474
2003,e15ce268-ee54-4a64-8770-5f8ec4638e40,10,2003,True,513,111,86.40702859215449
2004,e15ce268-ee54-4a64-8770-5f8ec4638e40,10,2004,True,541,139,91.51206397128126
2005,e15ce268-ee54-4a64-8770-5f8ec4638e40,10,2005,True,577,175,105.347269221425
2006,e15ce268-ee54-4a64-8770-5f8ec4638e40,10,2006,True,609,207,119.07581641863783
2007,e15ce268-ee54-4a64-8770-5f8ec4638e40,10,2007,True,634,232,120.03985372470788
2008,e15ce268-ee54-4a64-8770-5f8ec4638e40,10,2008,True,668,266,108.28233961571357
2009,e15ce268-ee54-4a64-8770-5f8ec4638e40,10,2009,True,698,296,128.21600520288848
2010,e15ce268-ee54-4a64-8770-5f8ec4638e40,10,2010,True,724,322,155.73830736810186
2011,e15ce268-ee54-4a64-8770-5f8ec4638e40,10,2011,True,750,348,150.52480146022202
2012,e15ce268-ee54-4a64-8770-5f8ec4638e40,10,2012,True,777,375,119.55217029758933
2013,e15ce268-ee54-4a64-8770-5f8ec4638e40,10,2013,True,802,400,144.74806648553022
2014,e15ce268-ee54-4a64-8770-5f8ec4638e40,10,2014,True,824,422,126.74284099814167
2015,e15ce268-ee54-4a64-8770-5f8ec4638e40,10,2015,True,852,450,146.83416850905348
2016,e15ce268-ee54-4a64-8770-5f8ec4638e40,10,2016,True,876,474,130.14664270446735
2017,e15ce268-ee54-4a64-8770-5f8ec4638e40,10,2017,True,903,501,148.82945373952134
2018,e15ce268-ee54-4a64-8770-5f8ec4638e40,10,2018,True,944,542,118.03323673195109
2019,e15ce268-ee54-4a64-8770-5f8ec4638e40,10,2019,True,971,569,148.9553849664444
2020,e15ce268-ee54-4a64-8770-5f8ec4638e40,10,2020,True,999,597,149.17981242733072
2021,e15ce268-ee54-4a64-8770-5f8ec4638e40,10,2021,True,1023,621,123.02898601883726
2022,e15ce268-ee54-4a64-8770-5f8ec4638e40,10,2022,True,1044,642,131.0997787680359
2023,e15ce268-ee54-4a64-8770-5f8ec4638e40,10,2023,True,1074,672,125.67800275716445
2024,e15ce268-ee54-4a64-8770-5f8ec4638e40,10,2024,True,1102,700,178.978241392133
2025,e15ce268-ee54-4a64-8770-5f8ec4638e40,10,2025,True,1133,731,147.17204380957844
2026,e15ce268-ee54-4a64-8770-5f8ec4638e40,10,2026,True,1165,763,164.22066538335469
2027,e15ce268-ee54-4a64-8770-5f8ec4638e40,10,2027,True,1190,788,150.58065934191734
2028,e15ce268-ee54-4a64-8770-5f8ec4638e40,10,2028,True,1210,808,168.82649627607657
2029,e15ce268-ee54-4a64-8770-5f8ec4638e40,10,2029,True,1243,841,148.26517225685302
2030,e15ce268-ee54-4a64-8770-5f8ec4638e40,10,2030,True,1269,867,158.20133591727358
2031,e15ce268-ee54-4a64-8770-5f8ec4638e40,10,2031,True,1303,901,169.75567559042588
2032,e15ce268-ee54-4a64-8770-5f8ec4638e40,10,2032,True,1338,936,140.35039410251716
2033,e15ce268-ee54-4a64-8770-5f8ec4638e40,10,2033,True,1370,968,138.83877238719106
2034,e15ce268-ee54-4a64-8770-5f8ec4638e40,10,2034,True,1392,990,163.7015183256126
2035,e15ce268-ee54-4a64-8770-5f8ec4638e40,10,2035,True,1414,1012,151.27090444347436
2036,e15ce268-ee54-4a64-8770-5f8ec4638e40,10,2036,True,1442,1040,196.8031347743422
2037,e15ce268-ee54-4a64-8770-5f8ec4638e40,10,2037,True,1464,1062,174.8031347743422
2038,e15ce268-ee54-4a64-8770-5f8ec4638e40,10,2038,True,1479,1077,200.66193156390068
2039,e15ce268-ee54-4a64-8770-5f8ec4638e40,10,2039,True,1508,1106,194.56926246916328
2040,e15ce268-ee54-4a64-8770-5f8ec4638e40,10,2040,True,1538,1136,167.0557834807521
2041,e15ce268-ee54-4a64-8770-5f8ec4638e40,10,2041,True,1575,1173,201.76556331494794
2042,e15ce268-ee54-4a64-8770-5f8ec4638e40,10,2042,True,1599,1197,154.85660981068804
2043,e15ce268-ee54-4a64-8770-5f8ec4638e40,10,2043,True,1630,1228,169.8552285155697
2044,e15ce268-ee54-4a64-8770-5f8ec4638e40,10,2044,True,1655,1253,145.62562167054875
2045,e15ce268-ee54-4a64-8770-5f8ec4638e40,10,2045,True,1684,1282,168.35980942212154
2046,e15ce268-ee54-4a64-8770-5f8ec4638e40,10,2046,True,1706,1304,152.70224214195423
2047,e15ce268-ee54-4a64-8770-5f8ec4638e40,10,2047,True,1738,1336,173.44436478608782
2048,e15ce268-ee54-4a64-8770-5f8ec4638e40,10,2048,True,1760,1358,138.27125141600072
2049,e15ce268-ee54-4a64-8770-5f8ec4638e40,10,2049,True,1790,1388,163.59605878836305
2050,e15ce268-ee54-4a64-8770-5f8ec4638e40,10,2050,True,1818,1416,157.22266239898067
2051,e15ce268-ee54-4a64-8770-5f8ec4638e40,10,2051,True,1843,1441,166.93698801541814
2052,e15ce268-ee54-4a64-8770-5f8ec4638e40,10,2052,True,1865,1463,162.06691070594297
2053,e15ce268-ee54-4a64-8770-5f8ec4638e40,10,2053,True,1892,1490,160.90411220193232
2054,e15ce268-ee54-4a64-8770-5f8ec4638e40,10,2054,True,1919,1517,140.5182996114679
2055,e15ce268-ee54-4a64-8770-5f8ec4638e40,10,2055,True,1948,1546,163.07287743189204
2056,e15ce268-ee54-4a64-8770-5f8ec4638e40,10,2056,True,1976,1574,149.65486109181688
2057,e15ce268-ee54-4a64-8770-5f8ec4638e40,10,2057,True,2008,1606,217.55460525144963
2058,e15ce268-ee54-4a64-8770-5f8ec4638e40,10,2058,True,2035,1633,188.65693189652984
2059,e15ce268-ee54-4a64-8770-5f8ec4638e40,10,2059,True,2072,1670,235.01185496936932
2060,e15ce268-ee54-4a64-8770-5f8ec4638e40,10,2060,True,2101,1699,290.8226117380659
2061,e15ce268-ee54-4a64-8770-5f8ec4638e40,10,2061,True,2128,1726,268.6604250826033
2062,e15ce268-ee54-4a64-8770-5f8ec4638e40,10,2062,True,2158,1756,233.82261173806592
2063,e15ce268-ee54-4a64-8770-5f8ec4638e40,10,2063,True,2185,1783,205.14947775624273
2064,e15ce268-ee54-4a64-8770-5f8ec4638e40,10,2064,True,2203,1801,193.6604250826033
2065,e15ce268-ee54-4a64-8770-5f8ec4638e40,10,2065,True,2237,1835,225.8273776049855
2066,e15ce268-ee54-4a64-8770-5f8ec4638e40,10,2066,True,2259,1857,269.7745128200604
2067,e15ce268-ee54-4a64-8770-5f8ec4638e40,10,2067,True,2291,1889,165.49303880854586
2068,e15ce268-ee54-4a64-8770-5f8ec4638e40,10,2068,True,2320,1918,208.7745128200604
2069,e15ce268-ee54-4a64-8770-5f8ec4638e40,10,2069,True,2334,1932,191.34868085905964
2070,e15ce268-ee54-4a64-8770-5f8ec4638e40,10,2070,True,2368,1966,210.90006495479474
2071,e15ce268-ee54-4a64-8770-5f8ec4638e40,10,2071,True,2402,2000,155.05850695285244
2072,e15ce268-ee54-4a64-8770-5f8ec4638e40,10,2072,True,2428,2026,201.50959489026718
2073,e15ce268-ee54-4a64-8770-5f8ec4638e40,10,2073,True,2455,2053,149.02534866347196
2074,e15ce268-ee54-4a64-8770-5f8ec4638e40,10,2074,True,2484,2082,172.3445358374588
2075,e15ce268-ee54-4a64-8770-5f8ec4638e40,10,2075,True,2509,2107,175.6001620949014
2076,e15ce268-ee54-4a64-8770-5f8ec4638e40,10,2076,True,2535,2133,143.12222443046267
2077,e15ce268-ee54-4a64-8770-5f8ec4638e40,10,2077,True,2564,2162,164.8280560159278
2078,e15ce268-ee54-4a64-8770-5f8ec4638e40,10,2078,True,2588,2186,163.37959800115505
2079,e15ce268-ee54-4a64-8770-5f8ec4638e40,10,2079,True,2615,2213,175.72824113330398
2080,e15ce268-ee54-4a64-8770-5f8ec4638e40,10,2080,True,2647,2245,160.40245180577904
2081,e15ce268-ee54-4a64-8770-5f8ec4638e40,10,2081,True,2672,2270,142.71947328938586
2082,e15ce268-ee54-4a64-8770-5f8ec4638e40,10,2082,True,2689,2287,162.50041914857547
2083,e15ce268-ee54-4a64-8770-5f8ec4638e40,10,2083,True,2725,2323,134.94769729157133
2084,e15ce268-ee54-4a64-8770-5f8ec4638e40,10,2084,True,2753,2351,150.6511386035345
2085,e15ce268-ee54-4a64-8770-5f8ec4638e40,10,2085,True,2778,2376,151.3887098087671
2086,e15ce268-ee54-4a64-8770-5f8ec4638e40,10,2086,True,2807,2405,128.35280524844438
2087,e15ce268-ee54-4a64-8770-5f8ec4638e40,10,2087,True,2827,2425,167.15470735204372
2088,e15ce268-ee54-4a64-8770-5f8ec4638e40,10,2088,True,2869,2467,134.4094343389629
2089,e15ce268-ee54-4a64-8770-5f8ec4638e40,10,2089,True,2898,2496,112.13294514827703
2090,e15ce268-ee54-4a64-8770-5f8ec4638e40,10,2090,True,2927,2525,145.0047195150205
2091,e15ce268-ee54-4a64-8770-5f8ec4638e40,10,2091,True,2956,2554,118.12545184773217
2092,e15ce268-ee54-4a64-8770-5f8ec4638e40,10,2092,True,2982,2580,166.52763794533575
2093,e15ce268-ee54-4a64-8770-5f8ec4638e40,10,2093,True,3012,2610,140.52268700832656
2094,e15ce268-ee54-4a64-8770-5f8ec4638e40,10,2094,True,3042,2640,183.00068081603604
2095,e15ce268-ee54-4a64-8770-5f8ec4638e40,10,2095,True,3067,2665,134.15353588269954
2096,e15ce268-ee54-4a64-8770-5f8ec4638e40,10,2096,True,3103,2701,131.33791459571103
2097,e15ce268-ee54-4a64-8770-5f8ec4638e40,10,2097,True,3134,2732,157.70932321209466
2098,e15ce268-ee54-4a64-8770-5f8ec4638e40,10,2098,True,3156,2754,146.9771430222777
2099,e15ce268-ee54-4a64-8770-5f8ec4638e40,10,2099,True,3183,2781,147.0635921392518
2100,e15ce268-ee54-4a64-8770-5f8ec4638e40,10,2100,True,3213,2811,118.38850369192141
2101,e15ce268-ee54-4a64-8770-5f8ec4638e40,10,2101,True,3238,2836,126.74038640971958
2102,e15ce268-ee54-4a64-8770-5f8ec4638e40,10,2102,True,3261,2859,160.69249642952218
2103,e15ce268-ee54-4a64-8770-5f8ec4638e40,10,2103,True,3284,2882,148.3856018705501
2104,e15ce268-ee54-4a64-8770-5f8ec4638e40,10,2104,True,3311,2909,188.04163192873602
2105,e15ce268-ee54-4a64-8770-5f8ec4638e40,10,2105,True,3338,2936,207.85764883154934
2106,e15ce268-ee54-4a64-8770-5f8ec4638e40,10,2106,True,3373,2971,160.64833929727
2107,e15ce268-ee54-4a64-8770-5f8ec4638e40,10,2107,True,3401,2999,181.94594537305738
2108,e15ce268-ee54-4a64-8770-5f8ec4638e40,10,2108,True,3427,3025,155.94594537305738
2109,e15ce268-ee54-4a64-8770-5f8ec4638e40,10,2109,True,3458,3056,134.61061994035708
2110,e15ce268-ee54-4a64-8770-5f8ec4638e40,10,2110,True,3496,3094,112.60541664406355
2111,e15ce268-ee54-4a64-8770-5f8ec4638e40,10,2111,True,3521,3119,145.13911392796808
2112,e15ce268-ee54-4a64-8770-5f8ec4638e40,10,2112,True,3544,3142,120.04955853594538
2113,e15ce268-ee54-4a64-8770-5f8ec4638e40,10,2113,True,3576,3174,165.96180006825898
2114,e15ce268-ee54-4a64-8770-5f8ec4638e40,10,2114,True,3602,3200,155.2787082582331
2115,e15ce268-ee54-4a64-8770-5f8ec4638e40,10,2115,True,3632,3230,157.74999501368848
2116,e15ce268-ee54-4a64-8770-5f8ec4638e40,10,2116,True,3665,3263,139.49216157375395
2117,e15ce268-ee54-4a64-8770-5f8ec4638e40,10,2117,True,3700,3298,114.15791165565042
2118,e15ce268-ee54-4a64-8770-5f8ec4638e40,10,2118,True,3739,3337,123.05178844118109
2119,e15ce268-ee54-4a64-8770-5f8ec4638e40,10,2119,True,3764,3362,174.55499738907338
2120,e15ce268-ee54-4a64-8770-5f8ec4638e40,10,2120,True,3790,3388,163.02561744015293
2121,e15ce268-ee54-4a64-8770-5f8ec4638e40,10,2121,True,3817,3415,146.41046476033625
2122,e15ce268-ee54-4a64-8770-5f8ec4638e40,10,2122,True,3840,3438,123.49022534678443
2123,e15ce268-ee54-4a64-8770-5f8ec4638e40,10,2123,True,3864,3462,160.45825560995263
2124,e15ce268-ee54-4a64-8770-5f8ec4638e40,10,2124,True,3886,3484,172.80242987574366
2125,e15ce268-ee54-4a64-8770-5f8ec4638e40,10,2125,True,3912,3510,171.50451796066363
2126,e15ce268-ee54-4a64-8770-5f8ec4638e40,10,2126,True,3941,3539,169.3609337355001
2127,e15ce268-ee54-4a64-8770-5f8ec4638e40,10,2127,True,3962,3560,175.42286202585228
2128,e15ce268-ee54-4a64-8770-5f8ec4638e40,10,2128,True,3992,3590,209.0130962878534
2129,e15ce268-ee54-4a64-8770-5f8ec4638e40,10,2129,True,4023,3621,201.9408330348483
2130,e15ce268-ee54-4a64-8770-5f8ec4638e40,10,2130,True,4051,3649,197.28810121808738
2131,e15ce268-ee54-4a64-8770-5f8ec4638e40,10,2131,True,4082,3680,180.2024671832337
2132,e15ce268-ee54-4a64-8770-5f8ec4638e40,10,2132,True,4110,3708,224.46559318295158
2133,e15ce268-ee54-4a64-8770-5f8ec4638e40,10,2133,True,4141,3739,231.019475915135
2134,e15ce268-ee54-4a64-8770-5f8ec4638e40,10,2134,True,4168,3766,166.46559318295158
2135,e15ce268-ee54-4a64-8770-5f8ec4638e40,10,2135,True,4194,3792,178.019475915135
2136,e15ce268-ee54-4a64-8770-5f8ec4638e40,10,2136,True,4225,3823,183.82796191052057
2137,e15ce268-ee54-4a64-8770-5f8ec4638e40,10,2137,True,4259,3857,161.40679946132013
2138,e15ce268-ee54-4a64-8770-5f8ec4638e40,10,2138,True,4277,3875,186.10941370625187
2139,e15ce268-ee54-4a64-8770-5f8ec4638e40,10,2139,True,4303,3901,181.2835306272782
2140,e15ce268-ee54-4a64-8770-5f8ec4638e40,10,2140,True,4326,3924,211.18668362415156
2141,e15ce268-ee54-4a64-8770-5f8ec4638e40,10,2141,True,4355,3953,160.85945930833714
2142,e15ce268-ee54-4a64-8770-5f8ec4638e40,10,2142,True,4379,3977,182.29388373054917
2143,e15ce268-ee54-4a64-8770-5f8ec4638e40,10,2143,True,4413,4011,147.74630299875935
2144,e15ce268-ee54-4a64-8770-5f8ec4638e40,10,2144,True,4435,4033,178.09828943644334
2145,e15ce268-ee54-4a64-8770-5f8ec4638e40,10,2145,True,4459,4057,161.43705747073636
2146,e15ce268-ee54-4a64-8770-5f8ec4638e40,10,2146,True,4486,4084,150.37016186092933
2147,e15ce268-ee54-4a64-8770-5f8ec4638e40,10,2147,True,4508,4106,184.73724403902906
2148,e15ce268-ee54-4a64-8770-5f8ec4638e40,10,2148,True,4546,4144,170.68672889102982
2149,e15ce268-ee54-4a64-8770-5f8ec4638e40,10,2149,True,4573,4171,188.51868555816145
2150,e15ce268-ee54-4a64-8770-5f8ec4638e40,10,2150,True,4597,4195,162.8309191600638
2151,e15ce268-ee54-4a64-8770-5f8ec4638e40,10,2151,True,4611,4209,197.46823733273413
2152,e15ce268-ee54-4a64-8770-5f8ec4638e40,10,2152,True,4643,4241,139.6069059528645
2153,e15ce268-ee54-4a64-8770-5f8ec4638e40,10,2153,True,4670,4268,170.21673879795344
2154,e15ce268-ee54-4a64-8770-5f8ec4638e40,10,2154,True,4697,4295,135.9104948724089
2155,e15ce268-ee54-4a64-8770-5f8ec4638e40,10,2155,True,4730,4328,152.32003580762012
2156,e15ce268-ee54-4a64-8770-5f8ec4638e40,10,2156,True,4757,4355,162.27733091223217
2157,e15ce268-ee54-4a64-8770-5f8ec4638e40,10,2157,True,4784,4382,176.25845572478283
2158,e15ce268-ee54-4a64-8770-5f8ec4638e40,10,2158,True,4809,4407,159.57979043438445
2159,e15ce268-ee54-4a64-8770-5f8ec4638e40,10,2159,True,4837,4435,186.60982417990544
2160,e15ce268-ee54-4a64-8770-5f8ec4638e40,10,2160,True,4858,4456,177.78790195243528
2161,e15ce268-ee54-4a64-8770-5f8ec4638e40,10,2161,True,4882,4480,190.8107747143158
2162,e15ce268-ee54-4a64-8770-5f8ec4638e40,10,2162,True,4899,4497,173.6877006379791
2163,e15ce268-ee54-4a64-8770-5f8ec4638e40,10,2163,True,4918,4516,241.505707507421
2164,e15ce268-ee54-4a64-8770-5f8ec4638e40,10,2164,True,4945,4543,181.44735643124295
2165,e15ce268-ee54-4a64-8770-5f8ec4638e40,10,2165,True,4969,4567,156.60881389424594
2166,e15ce268-ee54-4a64-8770-5f8ec4638e40,10,2166,True,4988,4586,250.61518264274582
2167,e15ce268-ee54-4a64-8770-5f8ec4638e40,10,2167,True,5013,4611,224.4336444363298
2168,e15ce268-ee54-4a64-8770-5f8ec4638e40,10,2168,True,5049,4647,158.1006699297468
2169,e15ce268-ee54-4a64-8770-5f8ec4638e40,10,2169,True,5068,4666,224.47075894031786
2170,e15ce268-ee54-4a64-8770-5f8ec4638e40,10,2170,True,5109,4707,246.34869816075297
2171,e15ce268-ee54-4a64-8770-5f8ec4638e40,10,2171,True,5136,4734,217.59037598341638
2172,e15ce268-ee54-4a64-8770-5f8ec4638e40,10,2172,True,5160,4758,249.80501278520478
2173,e15ce268-ee54-4a64-8770-5f8ec4638e40,10,2173,True,5188,4786,226.83077824900647
2174,e15ce268-ee54-4a64-8770-5f8ec4638e40,10,2174,True,5222,4820,256.07015371582384
2175,e15ce268-ee54-4a64-8770-5f8ec4638e40,10,2175,True,5251,4849,232.7415636024234
2176,e15ce268-ee54-4a64-8770-5f8ec4638e40,10,2176,True,5279,4877,263.60721928795374
2177,e15ce268-ee54-4a64-8770-5f8ec4638e40,10,2177,True,5308,4906,170.07015371582384
2178,e15ce268-ee54-4a64-8770-5f8ec4638e40,10,2178,True,5340,4938,195.21582866057815
2179,e15ce268-ee54-4a64-8770-5f8ec4638e40,10,2179,True,5366,4964,176.60721928795374
2180,e15ce268-ee54-4a64-8770-5f8ec4638e40,10,2180,True,5393,4991,189.10424507636526
2181,e15ce268-ee54-4a64-8770-5f8ec4638e40,10,2181,True,5420,5018,169.9898942254158
2182,e15ce268-ee54-4a64-8770-5f8ec4638e40,10,2182,True,5449,5047,206.74054225682175
2183,e15ce268-ee54-4a64-8770-5f8ec4638e40,10,2183,True,5482,5080,159.37089298708452
2184,e15ce268-ee54-4a64-8770-5f8ec4638e40,10,2184,True,5505,5103,175.81322309926054
2185,e15ce268-ee54-4a64-8770-5f8ec4638e40,10,2185,True,5529,5127,175.2850793391317
2186,e15ce268-ee54-4a64-8770-5f8ec4638e40,10,2186,True,5559,5157,196.92223704734988
2187,e15ce268-ee54-4a64-8770-5f8ec4638e40,10,2187,True,5586,5184,142.20748173690026
2188,e15ce268-ee54-4a64-8770-5f8ec4638e40,10,2188,True,5615,5213,166.76909764622178
2189,e15ce268-ee54-4a64-8770-5f8ec4638e40,10,2189,True,5636,5234,179.0728879820681
2190,e15ce268-ee54-4a64-8770-5f8ec4638e40,10,2190,True,5671,5269,160.49492179399567
2191,e15ce268-ee54-4a64-8770-5f8ec4638e40,10,2191,True,5702,5300,179.03097451915255
2192,e15ce268-ee54-4a64-8770-5f8ec4638e40,10,2192,True,5721,5319,143.1275688887108
2193,e15ce268-ee54-4a64-8770-5f8ec4638e40,10,2193,True,5747,5345,144.22416781549236
2194,e15ce268-ee54-4a64-8770-5f8ec4638e40,10,2194,True,5788,5386,153.99892431025546
2195,e15ce268-ee54-4a64-8770-5f8ec4638e40,10,2195,True,5813,5411,129.30537082109186
2196,e15ce268-ee54-4a64-8770-5f8ec4638e40,10,2196,True,5838,5436,156.37014642168015
2197,e15ce268-ee54-4a64-8770-5f8ec4638e40,10,2197,True,5869,5467,140.76959887995235
2198,e15ce268-ee54-4a64-8770-5f8ec4638e40,10,2198,True,5901,5499,146.96727651597666
2199,e15ce268-ee54-4a64-8770-5f8ec4638e40,10,2199,True,5917,5515,146.28637982456894
2200,e15ce268-ee54-4a64-8770-5f8ec4638e40,10,2200,True,5942,5540,162.84918673575976
2201,e15ce268-ee54-4a64-8770-5f8ec4638e40,10,2201,True,5970,5568,149.64319374253682
2202,e15ce268-ee54-4a64-8770-5f8ec4638e40,10,2202,True,5992,5590,137.7522686378161
2203,e15ce268-ee54-4a64-8770-5f8ec4638e40,10,2203,True,6019,5617,208.23591694597962
2204,e15ce268-ee54-4a64-8770-5f8ec4638e40,10,2204,True,6050,5648,172.2166872682601
2205,e15ce268-ee54-4a64-8770-5f8ec4638e40,10,2205,True,6079,5677,200.11956692083277
2206,e15ce268-ee54-4a64-8770-5f8ec4638e40,10,2206,True,6110,5708,162.9409364711055
2207,e15ce268-ee54-4a64-8770-5f8ec4638e40,10,2207,True,6139,5737,188.9056871820403
2208,e15ce268-ee54-4a64-8770-5f8ec4638e40,10,2208,True,6162,5760,185.09971766069066
2209,e15ce268-ee54-4a64-8770-5f8ec4638e40,10,2209,True,6189,5787,187.6413853283384
2210,e15ce268-ee54-4a64-8770-5f8ec4638e40,10,2210,True,6207,5805,173.38373905753997
2211,e15ce268-ee54-4a64-8770-5f8ec4638e40,10,2211,True,6232,5830,195.30381733914237
2212,e15ce268-ee54-4a64-8770-5f8ec4638e40,10,2212,True,6260,5858,164.02392321167372
2213,e15ce268-ee54-4a64-8770-5f8ec4638e40,10,2213,True,6284,5882,193.9639714045752
2214,e15ce268-ee54-4a64-8770-5f8ec4638e40,10,2214,True,6307,5905,180.9466997878617
2215,e15ce268-ee54-4a64-8770-5f8ec4638e40,10,2215,True,6338,5936,166.39950699479687
2216,e15ce268-ee54-4a64-8770-5f8ec4638e40,10,2216,True,6364,5962,171.04832575015553
2217,e15ce268-ee54-4a64-8770-5f8ec4638e40,10,2217,True,6397,5995,185.79476429630176
2218,e15ce268-ee54-4a64-8770-5f8ec4638e40,10,2218,True,6415,6013,187.3784581943064
2219,e15ce268-ee54-4a64-8770-5f8ec4638e40,10,2219,True,6439,6037,220.79990327653923
2220,e15ce268-ee54-4a64-8770-5f8ec4638e40,10,2220,True,6473,6071,216.30774943144024
2221,e15ce268-ee54-4a64-8770-5f8ec4638e40,10,2221,True,6504,6102,229.47464375811342
2222,e15ce268-ee54-4a64-8770-5f8ec4638e40,10,2222,True,6529,6127,213.1966315136633
2223,e15ce268-ee54-4a64-8770-5f8ec4638e40,10,2223,True,6561,6159,240.699390197522
2224,e15ce268-ee54-4a64-8770-5f8ec4638e40,10,2224,True,6594,6192,183.6465985292216
2225,e15ce268-ee54-4a64-8770-5f8ec4638e40,10,2225,True,6621,6219,230.72511564150682
2226,e15ce268-ee54-4a64-8770-5f8ec4638e40,10,2226,True,6644,6242,194.68049102128498
2227,e15ce268-ee54-4a64-8770-5f8ec4638e40,10,2227,True,6673,6271,227.06551890258288
2228,e15ce268-ee54-4a64-8770-5f8ec4638e40,10,2228,True,6695,6293,193.50847839956805
2229,e15ce268-ee54-4a64-8770-5f8ec4638e40,10,2229,True,6724,6322,229.89681241321978
2230,e15ce268-ee54-4a64-8770-5f8ec4638e40,10,2230,True,6751,6349,186.3630172341891
2231,e15ce268-ee54-4a64-8770-5f8ec4638e40,10,2231,True,6780,6378,221.13935373213462
2232,e15ce268-ee54-4a64-8770-5f8ec4638e40,10,2232,True,6809,6407,177.5512114985131
2233,e15ce268-ee54-4a64-8770-5f8ec4638e40,10,2233,True,6837,6435,193.12189264679273
2234,e15ce268-ee54-4a64-8770-5f8ec4638e40,10,2234,True,6860,6458,156.001400762274
2235,e15ce268-ee54-4a64-8770-5f8ec4638e40,10,2235,True,6885,6483,187.73541756339728
2236,e15ce268-ee54-4a64-8770-5f8ec4638e40,10,2236,True,6913,6511,169.86800757047604
2237,e15ce268-ee54-4a64-8770-5f8ec4638e40,10,2237,True,6937,6535,197.10674290979932
2238,e15ce268-ee54-4a64-8770-5f8ec4638e40,10,2238,True,6972,6570,167.03460035077023
2239,e15ce268-ee54-4a64-8770-5f8ec4638e40,10,2239,True,6992,6590,166.22170941510012
2240,e15ce268-ee54-4a64-8770-5f8ec4638e40,10,2240,True,7025,6623,155.33024003925402
2241,e15ce268-ee54-4a64-8770-5f8ec4638e40,10,2241,True,7045,6643,169.45374129376523
2242,e15ce268-ee54-4a64-8770-5f8ec4638e40,10,2242,True,7079,6677,138.0241669806619
2243,e15ce268-ee54-4a64-8770-5f8ec4638e40,10,2243,True,7109,6707,151.31270438152114
2244,e15ce268-ee54-4a64-8770-5f8ec4638e40,10,2244,True,7137,6735,201.44953309990706
2245,e15ce268-ee54-4a64-8770-5f8ec4638e40,10,2245,True,7167,6765,188.91799480817917
2246,e15ce268-ee54-4a64-8770-5f8ec4638e40,10,2246,True,7194,6792,209.7482237700615
2247,e15ce268-ee54-4a64-8770-5f8ec4638e40,10,2247,True,7222,6820,228.52818430819298
2248,e15ce268-ee54-4a64-8770-5f8ec4638e40,10,2248,True,7253,6851,248.0313613766284
2249,e15ce268-ee54-4a64-8770-5f8ec4638e40,10,2249,True,7275,6873,222.28515643556693
2250,e15ce268-ee54-4a64-8770-5f8ec4638e40,10,2250,True,7303,6901,274.45040439116565
2251,e15ce268-ee54-4a64-8770-5f8ec4638e40,10,2251,True,7323,6921,222.31695493134885
2252,e15ce268-ee54-4a64-8770-5f8ec4638e40,10,2252,True,7353,6951,224.45040439116565
2253,e15ce268-ee54-4a64-8770-5f8ec4638e40,10,2253,True,7373,6971,146.82072407609667
2254,e15ce268-ee54-4a64-8770-5f8ec4638e40,10,2254,True,7397,6995,174.45989147434466
2255,e15ce268-ee54-4a64-8770-5f8ec4638e40,10,2255,True,7421,7019,182.2630085675255
2256,e15ce268-ee54-4a64-8770-5f8ec4638e40,10,2256,True,7460,7058,228.79208250616284
2257,e15ce268-ee54-4a64-8770-5f8ec4638e40,10,2257,True,7494,7092,211.72874063997187
2258,e15ce268-ee54-4a64-8770-5f8ec4638e40,10,2258,True,7514,7112,164.29462719448566
2259,e15ce268-ee54-4a64-8770-5f8ec4638e40,10,2259,True,7538,7136,221.80702591953377
2260,e15ce268-ee54-4a64-8770-5f8ec4638e40,10,2260,True,7562,7160,199.2791516290108
2261,e15ce268-ee54-4a64-8770-5f8ec4638e40,10,2261,True,7600,7198,237.32292360329757
2262,e15ce268-ee54-4a64-8770-5f8ec4638e40,10,2262,True,7631,7229,154.5590487571908
2263,e15ce268-ee54-4a64-8770-5f8ec4638e40,10,2263,True,7677,7275,186.9724062504074
2264,e15ce268-ee54-4a64-8770-5f8ec4638e40,10,2264,True,7710,7308,176.15059940744322
2265,e15ce268-ee54-4a64-8770-5f8ec4638e40,10,2265,True,7740,7338,176.6785487221323
2266,e15ce268-ee54-4a64-8770-5f8ec4638e40,10,2266,True,7776,7374,192.17994734604508
2267,e15ce268-ee54-4a64-8770-5f8ec4638e40,10,2267,True,7809,7407,128.16666120892842
2268,e15ce268-ee54-4a64-8770-5f8ec4638e40,10,2268,True,7836,7434,177.02817674591188
2269,e15ce268-ee54-4a64-8770-5f8ec4638e40,10,2269,True,7863,7461,155.55145434215137
2270,e15ce268-ee54-4a64-8770-5f8ec4638e40,10,2270,True,7900,7498,196.22666517470225
2271,e15ce268-ee54-4a64-8770-5f8ec4638e40,10,2271,True,7925,7523,200.72955080473548
2272,e15ce268-ee54-4a64-8770-5f8ec4638e40,10,2272,True,7950,7548,232.92620059016554
2273,e15ce268-ee54-4a64-8770-5f8ec4638e40,10,2273,True,7975,7573,170.0068610670778
2274,e15ce268-ee54-4a64-8770-5f8ec4638e40,10,2274,True,8005,7603,168.60119492663762
2275,e15ce268-ee54-4a64-8770-5f8ec4638e40,10,2275,True,8029,7627,140.86034140086485
2276,e15ce268-ee54-4a64-8770-5f8ec4638e40,10,2276,True,8050,7648,174.5078321704168
2277,e15ce268-ee54-4a64-8770-5f8ec4638e40,10,2277,True,8077,7675,143.00235361565592
2278,e15ce268-ee54-4a64-8770-5f8ec4638e40,10,2278,True,8095,7693,181.61413217040172
2279,e15ce268-ee54-4a64-8770-5f8ec4638e40,10,2279,True,8128,7726,142.3127615995545
2280,e15ce268-ee54-4a64-8770-5f8ec4638e40,10,2280,True,8154,7752,181.64842082623
2281,e15ce268-ee54-4a64-8770-5f8ec4638e40,10,2281,True,8189,7787,170.40505499333176
2282,e15ce268-ee54-4a64-8770-5f8ec4638e40,10,2282,True,8217,7815,238.81218433657523
2283,e15ce268-ee54-4a64-8770-5f8ec4638e40,10,2283,True,8237,7835,143.50300260852327
2284,e15ce268-ee54-4a64-8770-5f8ec4638e40,10,2284,True,8270,7868,219.77372857873434
2285,e15ce268-ee54-4a64-8770-5f8ec4638e40,10,2285,True,8297,7895,212.5053850807726
2286,e15ce268-ee54-4a64-8770-5f8ec4638e40,10,2286,True,8325,7923,232.26166145788557
2287,e15ce268-ee54-4a64-8770-5f8ec4638e40,10,2287,True,8357,7955,203.25542854600008
2288,e15ce268-ee54-4a64-8770-5f8ec4638e40,10,2288,True,8379,7977,203.02823273430295
2289,e15ce268-ee54-4a64-8770-5f8ec4638e40,10,2289,True,8401,7999,236.13168029360713
2290,e15ce268-ee54-4a64-8770-5f8ec4638e40,10,2290,True,8430,8028,215.37637943373738
2291,e15ce268-ee54-4a64-8770-5f8ec4638e40,10,2291,True,8459,8057,231.65709762292317
2292,e15ce268-ee54-4a64-8770-5f8ec4638e40,10,2292,True,8484,8082,208.91380990941434
2293,e15ce268-ee54-4a64-8770-5f8ec4638e40,10,2293,True,8513,8111,185.05383126883498
2294,e15ce268-ee54-4a64-8770-5f8ec4638e40,10,2294,True,8543,8141,244.03003919545517
2295,e15ce268-ee54-4a64-8770-5f8ec4638e40,10,2295,True,8575,8173,209.79439905339677
2296,e15ce268-ee54-4a64-8770-5f8ec4638e40,10,2296,True,8598,8196,236.36337873509547
2297,e15ce268-ee54-4a64-8770-5f8ec4638e40,10,2297,True,8619,8217,217.49297765127812
2298,e15ce268-ee54-4a64-8770-5f8ec4638e40,10,2298,True,8641,8239,251.60684349408803
2299,e15ce268-ee54-4a64-8770-5f8ec4638e40,10,2299,True,8674,8272,234.27512515424314
2300,e15ce268-ee54-4a64-8770-5f8ec4638e40,10,2300,True,8704,8302,177.8150277244713
2301,e15ce268-ee54-4a64-8770-5f8ec4638e40,10,2301,True,8735,8333,195.43263411009684
2302,e15ce268-ee54-4a64-8770-5f8ec4638e40,10,2302,True,8769,8367,178.46703801135482
2303,e15ce268-ee54-4a64-8770-5f8ec4638e40,10,2303,True,8799,8397,195.7530101638913
2304,e15ce268-ee54-4a64-8770-5f8ec4638e40,10,2304,True,8840,8438,180.10313557783957
2305,e15ce268-ee54-4a64-8770-5f8ec4638e40,10,2305,True,8869,8467,204.04072317789178
2306,e15ce268-ee54-4a64-8770-5f8ec4638e40,10,2306,True,8900,8498,223.8148371507814
2307,e15ce268-ee54-4a64-8770-5f8ec4638e40,10,2307,True,8923,8521,182.55810605865372
2308,e15ce268-ee54-4a64-8770-5f8ec4638e40,10,2308,True,8960,8558,168.02692796588417
2309,e15ce268-ee54-4a64-8770-5f8ec4638e40,10,2309,True,8981,8579,167.06218297900887
2310,e15ce268-ee54-4a64-8770-5f8ec4638e40,10,2310,True,9009,8607,240.73600859796534
2311,e15ce268-ee54-4a64-8770-5f8ec4638e40,10,2311,True,9030,8628,199.24125071826893
2312,e15ce268-ee54-4a64-8770-5f8ec4638e40,10,2312,True,9053,8651,196.73600859796534
2313,e15ce268-ee54-4a64-8770-5f8ec4638e40,10,2313,True,9084,8682,172.31151633243826
2314,e15ce268-ee54-4a64-8770-5f8ec4638e40,10,2314,True,9116,8714,158.84492755621977
2315,e15ce268-ee54-4a64-8770-5f8ec4638e40,10,2315,True,9143,8741,205.70836752554897
2316,e15ce268-ee54-4a64-8770-5f8ec4638e40,10,2316,True,9167,8765,183.4778448960169
2317,e15ce268-ee54-4a64-8770-5f8ec4638e40,10,2317,True,9196,8794,159.79866375613528
2318,e15ce268-ee54-4a64-8770-5f8ec4638e40,10,2318,True,9233,8831,143.17306740832646
2319,e15ce268-ee54-4a64-8770-5f8ec4638e40,10,2319,True,9269,8867,157.15724013661747
2320,e15ce268-ee54-4a64-8770-5f8ec4638e40,10,2320,True,9299,8897,160.71527650052667
2321,e15ce268-ee54-4a64-8770-5f8ec4638e40,10,2321,True,9326,8924,182.46811313632134
2322,e15ce268-ee54-4a64-8770-5f8ec4638e40,10,2322,True,9357,8955,158.37271404318926
2323,e15ce268-ee54-4a64-8770-5f8ec4638e40,10,2323,True,9379,8977,155.49194968398842
2324,e15ce268-ee54-4a64-8770-5f8ec4638e40,10,2324,True,9398,8996,168.51673121784734
2325,e15ce268-ee54-4a64-8770-5f8ec4638e40,10,2325,True,9418,9016,171.03352963978978
2326,e15ce268-ee54-4a64-8770-5f8ec4638e40,10,2326,True,9451,9049,136.82041613710498
2327,e15ce268-ee54-4a64-8770-5f8ec4638e40,10,2327,True,9472,9070,178.29221104797398
2328,e15ce268-ee54-4a64-8770-5f8ec4638e40,10,2328,True,9494,9092,196.571077917999
2329,e15ce268-ee54-4a64-8770-5f8ec4638e40,10,2329,True,9527,9125,193.90927748473405
2330,e15ce268-ee54-4a64-8770-5f8ec4638e40,10,2330,True,9557,9155,184.94500377716577
2331,e15ce268-ee54-4a64-8770-5f8ec4638e40,10,2331,True,9588,9186,205.2296951456119
2332,e15ce268-ee54-4a64-8770-5f8ec4638e40,10,2332,True,9618,9216,176.54168879504505
2333,e15ce268-ee54-4a64-8770-5f8ec4638e40,10,2333,True,9653,9251,191.19481947152053
2334,e15ce268-ee54-4a64-8770-5f8ec4638e40,10,2334,True,9675,9273,144.7740386699079
2335,e15ce268-ee54-4a64-8770-5f8ec4638e40,10,2335,True,9698,9296,148.3002262235841
2336,e15ce268-ee54-4a64-8770-5f8ec4638e40,10,2336,True,9718,9316,172.40045155578628
2337,e15ce268-ee54-4a64-8770-5f8ec4638e40,10,2337,True,9754,9352,170.67605724356326
2338,e15ce268-ee54-4a64-8770-5f8ec4638e40,10,2338,True,9784,9382,140.92835642146383
2339,e15ce268-ee54-4a64-8770-5f8ec4638e40,10,2339,True,9811,9409,166.1074420370678
2340,e15ce268-ee54-4a64-8770-5f8ec4638e40,10,2340,True,9849,9447,127.23505506929541
2341,e15ce268-ee54-4a64-8770-5f8ec4638e40,10,2341,True,9884,9482,169.8559054216439
2342,e15ce268-ee54-4a64-8770-5f8ec4638e40,10,2342,True,9908,9506,117.7802350664806
2343,e15ce268-ee54-4a64-8770-5f8ec4638e40,10,2343,True,9932,9530,172.2528939021231
2344,e15ce268-ee54-4a64-8770-5f8ec4638e40,10,2344,True,9962,9560,154.60381191299166
2345,e15ce268-ee54-4a64-8770-5f8ec4638e40,10,2345,True,9986,9584,145.6178946309974
2346,e15ce268-ee54-4a64-8770-5f8ec4638e40,10,2346,True,10016,9614,119.0513399965057
2347,e15ce268-ee54-4a64-8770-5f8ec4638e40,10,2347,True,10049,9647,134.44093201178657
2348,e15ce268-ee54-4a64-8770-5f8ec4638e40,10,2348,True,10079,9677,138.22654677873834
2349,e15ce268-ee54-4a64-8770-5f8ec4638e40,10,2349,True,10108,9706,152.46447885279485
2350,e15ce268-ee54-4a64-8770-5f8ec4638e40,10,2350,True,10132,9730,131.79999705938826
2351,e15ce268-ee54-4a64-8770-5f8ec4638e40,10,2351,True,10156,9754,171.47775137458484
2352,e15ce268-ee54-4a64-8770-5f8ec4638e40,10,2352,True,10184,9782,159.433924370569
2353,e15ce268-ee54-4a64-8770-5f8ec4638e40,10,2353,True,10226,9824,140.93733139666256
2354,e15ce268-ee54-4a64-8770-5f8ec4638e40,10,2354,True,10250,9848,130.32547052956397
2355,e15ce268-ee54-4a64-8770-5f8ec4638e40,10,2355,True,10274,9872,153.63722402866915
2356,e15ce268-ee54-4a64-8770-5f8ec4638e40,10,2356,True,10300,9898,128.85559625886526
2357,e15ce268-ee54-4a64-8770-5f8ec4638e40,10,2357,True,10330,9928,151.11225704306162
2358,e15ce268-ee54-4a64-8770-5f8ec4638e40,10,2358,True,10363,9961,145.56455743686092
2359,e15ce268-ee54-4a64-8770-5f8ec4638e40,10,2359,True,10381,9979,140.46745542226745
2360,e15ce268-ee54-4a64-8770-5f8ec4638e40,10,2360,True,10401,9999,134.36861868214146
2361,e15ce268-ee54-4a64-8770-5f8ec4638e40,10,2361,True,10438,10036,117.57017603631357
2362,e15ce268-ee54-4a64-8770-5f8ec4638e40,10,2362,True,10472,10070,130.23799151287494
2363,e15ce268-ee54-4a64-8770-5f8ec4638e40,10,2363,True,10503,10101,187.58789092899315
2364,e15ce268-ee54-4a64-8770-5f8ec4638e40,10,2364,True,10525,10123,187.6394767437123
2365,e15ce268-ee54-4a64-8770-5f8ec4638e40,10,2365,True,10555,10153,223.872807165646
2366,e15ce268-ee54-4a64-8770-5f8ec4638e40,10,2366,True,10581,10179,196.294239472345
2367,e15ce268-ee54-4a64-8770-5f8ec4638e40,10,2367,True,10614,10212,224.13178485330354
2368,e15ce268-ee54-4a64-8770-5f8ec4638e40,10,2368,True,10647,10245,234.97933269348505
2369,e15ce268-ee54-4a64-8770-5f8ec4638e40,10,2369,True,10682,10280,193.56538992595415
2370,e15ce268-ee54-4a64-8770-5f8ec4638e40,10,2370,True,10711,10309,182.83495874147775
2371,e15ce268-ee54-4a64-8770-5f8ec4638e40,10,2371,True,10737,10335,191.5981003073357
2372,e15ce268-ee54-4a64-8770-5f8ec4638e40,10,2372,True,10756,10354,189.26753679776994
2373,e15ce268-ee54-4a64-8770-5f8ec4638e40,10,2373,True,10791,10389,190.68871397492876
2374,e15ce268-ee54-4a64-8770-5f8ec4638e40,10,2374,True,10814,10412,160.01480795834868
2375,e15ce268-ee54-4a64-8770-5f8ec4638e40,10,2375,True,10839,10437,193.72749444224064
2376,e15ce268-ee54-4a64-8770-5f8ec4638e40,10,2376,True,10865,10463,163.7564956000133
2377,e15ce268-ee54-4a64-8770-5f8ec4638e40,10,2377,True,10886,10484,214.43927587736653
2378,e15ce268-ee54-4a64-8770-5f8ec4638e40,10,2378,True,10913,10511,159.3303601336538
2379,e15ce268-ee54-4a64-8770-5f8ec4638e40,10,2379,True,10944,10542,197.7966235843578
2380,e15ce268-ee54-4a64-8770-5f8ec4638e40,10,2380,True,10976,10574,170.90568532288125
2381,e15ce268-ee54-4a64-8770-5f8ec4638e40,10,2381,True,11009,10607,249.6270199816372
2382,e15ce268-ee54-4a64-8770-5f8ec4638e40,10,2382,True,11032,10630,227.79761653085916
2383,e15ce268-ee54-4a64-8770-5f8ec4638e40,10,2383,True,11062,10660,197.4856218973291
2384,e15ce268-ee54-4a64-8770-5f8ec4638e40,10,2384,True,11088,10686,226.44857135437996
2385,e15ce268-ee54-4a64-8770-5f8ec4638e40,10,2385,True,11123,10721,184.65957710474504
2386,e15ce268-ee54-4a64-8770-5f8ec4638e40,10,2386,True,11150,10748,206.90357884619334
2387,e15ce268-ee54-4a64-8770-5f8ec4638e40,10,2387,True,11173,10771,211.39565826828584
2388,e15ce268-ee54-4a64-8770-5f8ec4638e40,10,2388,True,11200,10798,160.77792856220003
2389,e15ce268-ee54-4a64-8770-5f8ec4638e40,10,2389,True,11229,10827,178.8804917394409
2390,e15ce268-ee54-4a64-8770-5f8ec4638e40,10,2390,True,11262,10860,144.52781797684474
2391,e15ce268-ee54-4a64-8770-5f8ec4638e40,10,2391,True,11293,10891,184.36932212664397
2392,e15ce268-ee54-4a64-8770-5f8ec4638e40,10,2392,True,11321,10919,135.24543479432396
2393,e15ce268-ee54-4a64-8770-5f8ec4638e40,10,2393,True,11348,10946,154.59057842378752
2394,e15ce268-ee54-4a64-8770-5f8ec4638e40,10,2394,True,11385,10983,120.25922228352829
2395,e15ce268-ee54-4a64-8770-5f8ec4638e40,10,2395,True,11425,11023,124.70889141969747
2396,e15ce268-ee54-4a64-8770-5f8ec4638e40,10,2396,True,11455,11053,151.951618413279
2397,e15ce268-ee54-4a64-8770-5f8ec4638e40,10,2397,True,11476,11074,156.05675814437018
2398,e15ce268-ee54-4a64-8770-5f8ec4638e40,10,2398,True,11496,11094,138.89375379264493
2399,e15ce268-ee54-4a64-8770-5f8ec4638e40,10,2399,True,11523,11121,167.22336459190592
2400,e15ce268-ee54-4a64-8770-5f8ec4638e40,10,2400,True,11546,11144,116.51925806878353
2401,e15ce268-ee54-4a64-8770-5f8ec4638e40,10,2401,True,11572,11170,131.11780652025118
2402,e15ce268-ee54-4a64-8770-5f8ec4638e40,10,2402,True,11603,11201,121.07573633831635
2403,e15ce268-ee54-4a64-8770-5f8ec4638e40,10,2403,True,11631,11229,136.12652205003178
2404,e15ce268-ee54-4a64-8770-5f8ec4638e40,10,2404,True,11655,11253,138.43210622552215
2405,e15ce268-ee54-4a64-8770-5f8ec4638e40,10,2405,True,11677,11275,148.68125469041115
2406,e15ce268-ee54-4a64-8770-5f8ec4638e40,10,2406,True,11700,11298,124.46178085863721
2407,e15ce268-ee54-4a64-8770-5f8ec4638e40,10,2407,True,11732,11330,149.02256945200315
2408,e15ce268-ee54-4a64-8770-5f8ec4638e40,10,2408,True,11751,11349,148.75906889015823
2409,e15ce268-ee54-4a64-8770-5f8ec4638e40,10,2409,True,11777,11375,172.59006045859678
2410,e15ce268-ee54-4a64-8770-5f8ec4638e40,10,2410,True,11808,11406,185.74228461317216
2411,e15ce268-ee54-4a64-8770-5f8ec4638e40,10,2411,True,11831,11429,160.80529295019005
2412,e15ce268-ee54-4a64-8770-5f8ec4638e40,10,2412,True,11857,11455,141.71269395123272
2413,e15ce268-ee54-4a64-8770-5f8ec4638e40,10,2413,True,11899,11497,142.34094129536243
2414,e15ce268-ee54-4a64-8770-5f8ec4638e40,10,2414,True,11924,11522,149.35843462274897
2415,e15ce268-ee54-4a64-8770-5f8ec4638e40,10,2415,True,11955,11553,168.39213929010293
2416,e15ce268-ee54-4a64-8770-5f8ec4638e40,10,2416,True,11976,11574,122.5066567744525
2417,e15ce268-ee54-4a64-8770-5f8ec4638e40,10,2417,True,12009,11607,167.32793523964574
2418,e15ce268-ee54-4a64-8770-5f8ec4638e40,10,2418,True,12034,11632,166.13617001135754
2419,e15ce268-ee54-4a64-8770-5f8ec4638e40,10,2419,True,12066,11664,149.71945051051625
2420,e15ce268-ee54-4a64-8770-5f8ec4638e40,10,2420,True,12092,11690,130.56256166325693
2421,e15ce268-ee54-4a64-8770-5f8ec4638e40,10,2421,True,12118,11716,149.78229243254827
2422,e15ce268-ee54-4a64-8770-5f8ec4638e40,10,2422,True,12145,11743,131.85542621233435
2423,e15ce268-ee54-4a64-8770-5f8ec4638e40,10,2423,True,12181,11779,135.92819315927954
2424,e15ce268-ee54-4a64-8770-5f8ec4638e40,10,2424,True,12219,11817,150.52366032131067
2425,e15ce268-ee54-4a64-8770-5f8ec4638e40,10,2425,True,12252,11850,141.81064811054057
2426,e15ce268-ee54-4a64-8770-5f8ec4638e40,10,2426,True,12268,11866,142.9049950271601
2427,e15ce268-ee54-4a64-8770-5f8ec4638e40,10,2427,True,12296,11894,163.8682226993933
2428,e15ce268-ee54-4a64-8770-5f8ec4638e40,10,2428,True,12326,11924,144.56615148215133
2429,e15ce268-ee54-4a64-8770-5f8ec4638e40,10,2429,True,12367,11965,142.94113449978613
2430,e15ce268-ee54-4a64-8770-5f8ec4638e40,10,2430,True,12388,11986,148.0954266143308
2431,e15ce268-ee54-4a64-8770-5f8ec4638e40,10,2431,True,12418,12016,143.34430452206107
2432,e15ce268-ee54-4a64-8770-5f8ec4638e40,10,2432,True,12445,12043,162.4403280064853
2433,e15ce268-ee54-4a64-8770-5f8ec4638e40,10,2433,True,12463,12061,150.32876484391272
2434,e15ce268-ee54-4a64-8770-5f8ec4638e40,10,2434,True,12491,12089,143.00862356763537
2435,e15ce268-ee54-4a64-8770-5f8ec4638e40,10,2435,True,12518,12116,166.8112785210742
2436,e15ce268-ee54-4a64-8770-5f8ec4638e40,10,2436,True,12548,12146,145.41434058093728
2437,e15ce268-ee54-4a64-8770-5f8ec4638e40,10,2437,True,12583,12181,149.75672230128112
2438,e15ce268-ee54-4a64-8770-5f8ec4638e40,10,2438,True,12611,12209,173.74537290845365
2439,e15ce268-ee54-4a64-8770-5f8ec4638e40,10,2439,True,12641,12239,197.18727775693878
2440,e15ce268-ee54-4a64-8770-5f8ec4638e40,10,2440,True,12668,12266,165.65728674423917
2441,e15ce268-ee54-4a64-8770-5f8ec4638e40,10,2441,True,12689,12287,169.87650092577496
2442,e15ce268-ee54-4a64-8770-5f8ec4638e40,10,2442,True,12717,12315,215.05677014425055
2443,e15ce268-ee54-4a64-8770-5f8ec4638e40,10,2443,True,12743,12341,191.88649034180344
2444,e15ce268-ee54-4a64-8770-5f8ec4638e40,10,2444,True,12777,12375,206.1063118880811
2445,e15ce268-ee54-4a64-8770-5f8ec4638e40,10,2445,True,12796,12394,281.7696503561965
2446,e15ce268-ee54-4a64-8770-5f8ec4638e40,10,2446,True,12831,12429,178.59103667361887
2447,e15ce268-ee54-4a64-8770-5f8ec4638e40,10,2447,True,12862,12460,149.6428284627491
2448,e15ce268-ee54-4a64-8770-5f8ec4638e40,10,2448,True,12892,12490,268.72422178578563
2449,e15ce268-ee54-4a64-8770-5f8ec4638e40,10,2449,True,12925,12523,233.3304019140487
2450,e15ce268-ee54-4a64-8770-5f8ec4638e40,10,2450,True,12955,12553,277.37921267618367
2451,e15ce268-ee54-4a64-8770-5f8ec4638e40,10,2451,True,12976,12574,255.50078085837595
2452,e15ce268-ee54-4a64-8770-5f8ec4638e40,10,2452,True,13005,12603,275.32044254888206
2453,e15ce268-ee54-4a64-8770-5f8ec4638e40,10,2453,True,13032,12630,225.64780182706454
2454,e15ce268-ee54-4a64-8770-5f8ec4638e40,10,2454,True,13063,12661,257.168483512527
2455,e15ce268-ee54-4a64-8770-5f8ec4638e40,10,2455,True,13083,12681,197.00715804681386
2456,e15ce268-ee54-4a64-8770-5f8ec4638e40,10,2456,True,13111,12709,225.96521571670382
2457,e15ce268-ee54-4a64-8770-5f8ec4638e40,10,2457,True,13145,12743,228.29904608353718
2458,e15ce268-ee54-4a64-8770-5f8ec4638e40,10,2458,True,13172,12770,266.3603239339536
2459,e15ce268-ee54-4a64-8770-5f8ec4638e40,10,2459,True,13198,12796,211.08231771324972
2460,e15ce268-ee54-4a64-8770-5f8ec4638e40,10,2460,True,13226,12824,230.7609650703016
2461,e15ce268-ee54-4a64-8770-5f8ec4638e40,10,2461,True,13249,12847,237.6914117417
2462,e15ce268-ee54-4a64-8770-5f8ec4638e40,10,2462,True,13276,12874,231.59977705011988
2463,e15ce268-ee54-4a64-8770-5f8ec4638e40,10,2463,True,13296,12894,211.33427074799147
2464,e15ce268-ee54-4a64-8770-5f8ec4638e40,10,2464,True,13335,12933,221.38360735489732
2465,e15ce268-ee54-4a64-8770-5f8ec4638e40,10,2465,True,13357,12955,200.9707394516754
2466,e15ce268-ee54-4a64-8770-5f8ec4638e40,10,2466,True,13382,12980,186.67534284648536
2467,e15ce268-ee54-4a64-8770-5f8ec4638e40,10,2467,True,13407,13005,201.40838922809598
2468,e15ce268-ee54-4a64-8770-5f8ec4638e40,10,2468,True,13436,13034,199.2869910595782
2469,e15ce268-ee54-4a64-8770-5f8ec4638e40,10,2469,True,13463,13061,226.2064862334464
2470,e15ce268-ee54-4a64-8770-5f8ec4638e40,10,2470,True,13489,13087,172.66333666107312
2471,e15ce268-ee54-4a64-8770-5f8ec4638e40,10,2471,True,13512,13110,171.20678695470815
2472,e15ce268-ee54-4a64-8770-5f8ec4638e40,10,2472,True,13544,13142,192.32857055442219
2473,e15ce268-ee54-4a64-8770-5f8ec4638e40,10,2473,True,13575,13173,210.8758417291283
2474,e15ce268-ee54-4a64-8770-5f8ec4638e40,10,2474,True,13601,13199,159.2238375014931
2475,e15ce268-ee54-4a64-8770-5f8ec4638e40,10,2475,True,13626,13224,213.9244544654539
2476,e15ce268-ee54-4a64-8770-5f8ec4638e40,10,2476,True,13649,13247,166.89087212521918
2477,e15ce268-ee54-4a64-8770-5f8ec4638e40,10,2477,True,13672,13270,163.60134457583808
2478,e15ce268-ee54-4a64-8770-5f8ec4638e40,10,2478,True,13697,13295,145.67322112909642
2479,e15ce268-ee54-4a64-8770-5f8ec4638e40,10,2479,True,13722,13320,196.51488951951615
2480,e15ce268-ee54-4a64-8770-5f8ec4638e40,10,2480,True,13743,13341,195.192519384771
2481,e15ce268-ee54-4a64-8770-5f8ec4638e40,10,2481,True,13771,13369,170.2996068506036
2482,e15ce268-ee54-4a64-8770-5f8ec4638e40,10,2482,True,13808,13406,136.8412254470477
2483,e15ce268-ee54-4a64-8770-5f8ec4638e40,10,2483,True,13832,13430,159.7692514954324
2484,e15ce268-ee54-4a64-8770-5f8ec4638e40,10,2484,True,13856,13454,190.11262569071187
2485,e15ce268-ee54-4a64-8770-5f8ec4638e40,10,2485,True,13872,13470,145.53134083032273
2486,e15ce268-ee54-4a64-8770-5f8ec4638e40,10,2486,True,13900,13498,170.65011089118525
2487,e15ce268-ee54-4a64-8770-5f8ec4638e40,10,2487,True,13921,13519,147.37203883760048
2488,e15ce268-ee54-4a64-8770-5f8ec4638e40,10,2488,True,13947,13545,172.54855243825477
2489,e15ce268-ee54-4a64-8770-5f8ec4638e40,10,2489,True,13975,13573,146.80092258442892
2490,e15ce268-ee54-4a64-8770-5f8ec4638e40,10,2490,True,14001,13599,169.3404680791209
2491,e15ce268-ee54-4a64-8770-5f8ec4638e40,10,2491,True,14031,13629,144.75894833659004
2492,e15ce268-ee54-4a64-8770-5f8ec4638e40,10,2492,True,14058,13656,182.40913569033728
2493,e15ce268-ee54-4a64-8770-5f8ec4638e40,10,2493,True,14091,13689,115.58814884809362
2494,e15ce268-ee54-4a64-8770-5f8ec4638e40,10,2494,True,14119,13717,147.559107848876
2495,e15ce268-ee54-4a64-8770-5f8ec4638e40,10,2495,True,14148,13746,124.36287563137194
2496,e15ce268-ee54-4a64-8770-5f8ec4638e40,10,2496,True,14164,13762,126.12342123894268
2497,e15ce268-ee54-4a64-8770-5f8ec4638e40,10,2497,True,14186,13784,181.2794445414711
2498,e15ce268-ee54-4a64-8770-5f8ec4638e40,10,2498,True,14218,13816,130.41497955599698
2499,e15ce268-ee54-4a64-8770-5f8ec4638e40,10,2499,True,14239,13837,139.90613815363758
2500,e15ce268-ee54-4a64-8770-5f8ec4638e40,10,2500,True,14260,13858,157.1782577517024
2501,e15ce268-ee54-4a64-8770-5f8ec4638e40,10,2501,True,14284,13882,146.4231869410214
2502,e15ce268-ee54-4a64-8770-5f8ec4638e40,10,2502,True,14308,13906,130.63187858961646
2503,e15ce268-ee54-4a64-8770-5f8ec4638e40,10,2503,True,14325,13923,194.3513196026688
2504,e15ce268-ee54-4a64-8770-5f8ec4638e40,10,2504,True,14353,13951,168.37736502170992
2505,e15ce268-ee54-4a64-8770-5f8ec4638e40,10,2505,True,14382,13980,162.55991437410012
2506,e15ce268-ee54-4a64-8770-5f8ec4638e40,10,2506,True,14404,14002,197.3508613120175
2507,e15ce268-ee54-4a64-8770-5f8ec4638e40,10,2507,True,14433,14031,171.5112583321079
2508,e15ce268-ee54-4a64-8770-5f8ec4638e40,10,2508,True,14466,14064,256.75144558294596
2509,e15ce268-ee54-4a64-8770-5f8ec4638e40,10,2509,True,14487,14085,243.43857134109385
2510,e15ce268-ee54-4a64-8770-5f8ec4638e40,10,2510,True,14518,14116,266.7773643737346
2511,e15ce268-ee54-4a64-8770-5f8ec4638e40,10,2511,True,14549,14147,231.74840699716697
2512,e15ce268-ee54-4a64-8770-5f8ec4638e40,10,2512,True,14572,14170,207.86751203599488
2513,e15ce268-ee54-4a64-8770-5f8ec4638e40,10,2513,True,14603,14201,247.9413004555663
2514,e15ce268-ee54-4a64-8770-5f8ec4638e40,10,2514,True,14640,14238,210.88137901125083
2515,e15ce268-ee54-4a64-8770-5f8ec4638e40,10,2515,True,14664,14262,234.4497588267368
2516,e15ce268-ee54-4a64-8770-5f8ec4638e40,10,2516,True,14690,14288,208.43045385887126
2517,e15ce268-ee54-4a64-8770-5f8ec4638e40,10,2517,True,14718,14316,187.989439815703
2518,e15ce268-ee54-4a64-8770-5f8ec4638e40,10,2518,True,14744,14342,202.0110395371812
2519,e15ce268-ee54-4a64-8770-5f8ec4638e40,10,2519,True,14776,14374,214.99340968666547
2520,e15ce268-ee54-4a64-8770-5f8ec4638e40,10,2520,True,14797,14395,200.10188389577525
2521,e15ce268-ee54-4a64-8770-5f8ec4638e40,10,2521,True,14823,14421,214.7512772114751
2522,e15ce268-ee54-4a64-8770-5f8ec4638e40,10,2522,True,14856,14454,156.06293253055082
2523,e15ce268-ee54-4a64-8770-5f8ec4638e40,10,2523,True,14878,14476,186.56824209078695
2524,e15ce268-ee54-4a64-8770-5f8ec4638e40,10,2524,True,14898,14496,214.74694433011973
2525,e15ce268-ee54-4a64-8770-5f8ec4638e40,10,2525,True,14930,14528,182.74694433011973
2526,e15ce268-ee54-4a64-8770-5f8ec4638e40,10,2526,True,14959,14557,201.0333144189317
2527,e15ce268-ee54-4a64-8770-5f8ec4638e40,10,2527,True,14988,14586,172.28646273349477
2528,e15ce268-ee54-4a64-8770-5f8ec4638e40,10,2528,True,15014,14612,175.35790242810617
2529,e15ce268-ee54-4a64-8770-5f8ec4638e40,10,2529,True,15044,14642,164.22415784124678
2530,e15ce268-ee54-4a64-8770-5f8ec4638e40,10,2530,True,15081,14679,185.20140298343176
2531,e15ce268-ee54-4a64-8770-5f8ec4638e40,10,2531,True,15109,14707,175.8490922259425
2532,e15ce268-ee54-4a64-8770-5f8ec4638e40,10,2532,True,15141,14739,167.77196371965147
2533,e15ce268-ee54-4a64-8770-5f8ec4638e40,10,2533,True,15163,14761,170.37838634549553
2534,e15ce268-ee54-4a64-8770-5f8ec4638e40,10,2534,True,15194,14792,193.17466077422614
2535,e15ce268-ee54-4a64-8770-5f8ec4638e40,10,2535,True,15221,14819,216.4162353044103
2536,e15ce268-ee54-4a64-8770-5f8ec4638e40,10,2536,True,15246,14844,164.3276617785723
2537,e15ce268-ee54-4a64-8770-5f8ec4638e40,10,2537,True,15272,14870,212.35514049811172
2538,e15ce268-ee54-4a64-8770-5f8ec4638e40,10,2538,True,15302,14900,180.60017995149428
2539,e15ce268-ee54-4a64-8770-5f8ec4638e40,10,2539,True,15336,14934,197.02101862405652
2540,e15ce268-ee54-4a64-8770-5f8ec4638e40,10,2540,True,15370,14968,145.04096644221318
2541,e15ce268-ee54-4a64-8770-5f8ec4638e40,10,2541,True,15395,14993,186.57537055533248
2542,e15ce268-ee54-4a64-8770-5f8ec4638e40,10,2542,True,15420,15018,159.02351506760715
2543,e15ce268-ee54-4a64-8770-5f8ec4638e40,10,2543,True,15438,15036,181.34410828532418
2544,e15ce268-ee54-4a64-8770-5f8ec4638e40,10,2544,True,15467,15065,189.15989175808136
2545,e15ce268-ee54-4a64-8770-5f8ec4638e40,10,2545,True,15491,15089,175.56884536038342
2546,e15ce268-ee54-4a64-8770-5f8ec4638e40,10,2546,True,15525,15123,143.10542497451934
2547,e15ce268-ee54-4a64-8770-5f8ec4638e40,10,2547,True,15558,15156,157.97112728091088
2548,e15ce268-ee54-4a64-8770-5f8ec4638e40,10,2548,True,15590,15188,149.79645043854907
2549,e15ce268-ee54-4a64-8770-5f8ec4638e40,10,2549,True,15613,15211,182.17519806944438
2550,e15ce268-ee54-4a64-8770-5f8ec4638e40,10,2550,True,15648,15246,162.81119678707182
2551,e15ce268-ee54-4a64-8770-5f8ec4638e40,10,2551,True,15669,15267,190.0927195845561
2552,e15ce268-ee54-4a64-8770-5f8ec4638e40,10,2552,True,15709,15307,154.68840679550885
2553,e15ce268-ee54-4a64-8770-5f8ec4638e40,10,2553,True,15734,15332,184.64392038600272
2554,e15ce268-ee54-4a64-8770-5f8ec4638e40,10,2554,True,15765,15363,180.30514883952128
2555,e15ce268-ee54-4a64-8770-5f8ec4638e40,10,2555,True,15798,15396,171.0735534446394
2556,e15ce268-ee54-4a64-8770-5f8ec4638e40,10,2556,True,15825,15423,166.23090301361663
2557,e15ce268-ee54-4a64-8770-5f8ec4638e40,10,2557,True,15851,15449,171.8574646282832
2558,e15ce268-ee54-4a64-8770-5f8ec4638e40,10,2558,True,15877,15475,164.5597502464625
2559,e15ce268-ee54-4a64-8770-5f8ec4638e40,10,2559,True,15905,15503,183.43369901110782
2560,e15ce268-ee54-4a64-8770-5f8ec4638e40,10,2560,True,15931,15529,116.84311255860848
2561,e15ce268-ee54-4a64-8770-5f8ec4638e40,10,2561,True,15961,15559,159.5371999059571
2562,e15ce268-ee54-4a64-8770-5f8ec4638e40,10,2562,True,15992,15590,145.28965862095174
2563,e15ce268-ee54-4a64-8770-5f8ec4638e40,10,2563,True,16022,15620,169.12054466183326
2564,e15ce268-ee54-4a64-8770-5f8ec4638e40,10,2564,True,16052,15650,185.6578439900968
2565,e15ce268-ee54-4a64-8770-5f8ec4638e40,10,2565,True,16080,15678,163.63698113647115
2566,e15ce268-ee54-4a64-8770-5f8ec4638e40,10,2566,True,16099,15697,144.63698113647115
2567,e15ce268-ee54-4a64-8770-5f8ec4638e40,10,2567,True,16139,15737,163.32929276489085
2568,e15ce268-ee54-4a64-8770-5f8ec4638e40,10,2568,True,16166,15764,134.90610337371072
2569,e15ce268-ee54-4a64-8770-5f8ec4638e40,10,2569,True,16194,15792,209.53530414770103
2570,e15ce268-ee54-4a64-8770-5f8ec4638e40,10,2570,True,16217,15815,186.53530414770103
2571,e15ce268-ee54-4a64-8770-5f8ec4638e40,10,2571,True,16239,15837,165.69009967705097
2572,e15ce268-ee54-4a64-8770-5f8ec4638e40,10,2572,True,16266,15864,187.2194367467382
2573,e15ce268-ee54-4a64-8770-5f8ec4638e40,10,2573,True,16290,15888,166.57328053314814
2574,e15ce268-ee54-4a64-8770-5f8ec4638e40,10,2574,True,16320,15918,198.0717397604476
2575,e15ce268-ee54-4a64-8770-5f8ec4638e40,10,2575,True,16346,15944,195.98378329226034
2576,e15ce268-ee54-4a64-8770-5f8ec4638e40,10,2576,True,16375,15973,199.05747603948475
2577,e15ce268-ee54-4a64-8770-5f8ec4638e40,10,2577,True,16403,16001,189.60507432988743
2578,e15ce268-ee54-4a64-8770-5f8ec4638e40,10,2578,True,16442,16040,189.5867166921089
2579,e15ce268-ee54-4a64-8770-5f8ec4638e40,10,2579,True,16460,16058,184.4294981834355
2580,e15ce268-ee54-4a64-8770-5f8ec4638e40,10,2580,True,16483,16081,223.83833359648088
2581,e15ce268-ee54-4a64-8770-5f8ec4638e40,10,2581,True,16510,16108,167.1514460712151
2582,e15ce268-ee54-4a64-8770-5f8ec4638e40,10,2582,True,16535,16133,167.8621776044747
2583,e15ce268-ee54-4a64-8770-5f8ec4638e40,10,2583,True,16563,16161,154.96797081612385
2584,e15ce268-ee54-4a64-8770-5f8ec4638e40,10,2584,True,16593,16191,172.42718431496542
2585,e15ce268-ee54-4a64-8770-5f8ec4638e40,10,2585,True,16616,16214,191.08822850910656
2586,e15ce268-ee54-4a64-8770-5f8ec4638e40,10,2586,True,16645,16243,171.70287564562386
2587,e15ce268-ee54-4a64-8770-5f8ec4638e40,10,2587,True,16672,16270,145.9099768113956
2588,e15ce268-ee54-4a64-8770-5f8ec4638e40,10,2588,True,16701,16299,166.46713339012058
2589,e15ce268-ee54-4a64-8770-5f8ec4638e40,10,2589,True,16725,16323,132.88777746914275
2590,e15ce268-ee54-4a64-8770-5f8ec4638e40,10,2590,True,16744,16342,148.89790899853324
2591,e15ce268-ee54-4a64-8770-5f8ec4638e40,10,2591,True,16776,16374,183.87035656385706
2592,e15ce268-ee54-4a64-8770-5f8ec4638e40,10,2592,True,16804,16402,179.30194084036702
2593,e15ce268-ee54-4a64-8770-5f8ec4638e40,10,2593,True,16831,16429,182.99215305628604
2594,e15ce268-ee54-4a64-8770-5f8ec4638e40,10,2594,True,16854,16452,179.48044121231578
2595,e15ce268-ee54-4a64-8770-5f8ec4638e40,10,2595,True,16879,16477,158.5176725037927
2596,e15ce268-ee54-4a64-8770-5f8ec4638e40,10,2596,True,16907,16505,134.547325935564
2597,e15ce268-ee54-4a64-8770-5f8ec4638e40,10,2597,True,16923,16521,160.97530795028797
2598,e15ce268-ee54-4a64-8770-5f8ec4638e40,10,2598,True,16957,16555,136.24042201402335
2599,e15ce268-ee54-4a64-8770-5f8ec4638e40,10,2599,True,16980,16578,179.83348288929483
2600,e15ce268-ee54-4a64-8770-5f8ec4638e40,10,2600,True,17006,16604,204.69429176947597
2601,e15ce268-ee54-4a64-8770-5f8ec4638e40,10,2601,True,17038,16636,183.97252904702327
2602,e15ce268-ee54-4a64-8770-5f8ec4638e40,10,2602,True,17055,16653,229.0930088686364
2603,e15ce268-ee54-4a64-8770-5f8ec4638e40,10,2603,True,17082,16680,200.81465488460162
2604,e15ce268-ee54-4a64-8770-5f8ec4638e40,10,2604,True,17121,16719,163.0930088686364
2605,e15ce268-ee54-4a64-8770-5f8ec4638e40,10,2605,True,17145,16743,164.1752722828096
2606,e15ce268-ee54-4a64-8770-5f8ec4638e40,10,2606,True,17180,16778,210.63889366468356
2607,e15ce268-ee54-4a64-8770-5f8ec4638e40,10,2607,True,17212,16810,175.52776101433847
2608,e15ce268-ee54-4a64-8770-5f8ec4638e40,10,2608,True,17241,16839,150.51915647786154
2609,e15ce268-ee54-4a64-8770-5f8ec4638e40,10,2609,True,17262,16860,181.2053177380949
2610,e15ce268-ee54-4a64-8770-5f8ec4638e40,10,2610,True,17286,16884,149.9204638821284
2611,e15ce268-ee54-4a64-8770-5f8ec4638e40,10,2611,True,17317,16915,160.0335368020169
2612,e15ce268-ee54-4a64-8770-5f8ec4638e40,10,2612,True,17346,16944,199.85087458888665
2613,e15ce268-ee54-4a64-8770-5f8ec4638e40,10,2613,True,17363,16961,188.99321844203587
2614,e15ce268-ee54-4a64-8770-5f8ec4638e40,10,2614,True,17390,16988,139.3380804969711
2615,e15ce268-ee54-4a64-8770-5f8ec4638e40,10,2615,True,17426,17024,177.75726541811673
2616,e15ce268-ee54-4a64-8770-5f8ec4638e40,10,2616,True,17456,17054,150.18653121211173
2617,e15ce268-ee54-4a64-8770-5f8ec4638e40,10,2617,True,17471,17069,149.6541630449101
2618,e15ce268-ee54-4a64-8770-5f8ec4638e40,10,2618,True,17495,17093,155.73605932160717
2619,e15ce268-ee54-4a64-8770-5f8ec4638e40,10,2619,True,17534,17132,140.09300131161945
2620,e15ce268-ee54-4a64-8770-5f8ec4638e40,10,2620,True,17567,17165,172.93152884966548
2621,e15ce268-ee54-4a64-8770-5f8ec4638e40,10,2621,True,17595,17193,196.9119198147273
2622,e15ce268-ee54-4a64-8770-5f8ec4638e40,10,2622,True,17633,17231,188.9290009517099
2623,e15ce268-ee54-4a64-8770-5f8ec4638e40,10,2623,True,17663,17261,159.4120400068059
2624,e15ce268-ee54-4a64-8770-5f8ec4638e40,10,2624,True,17691,17289,181.885267538255
2625,e15ce268-ee54-4a64-8770-5f8ec4638e40,10,2625,True,17719,17317,154.7884673517874
2626,e15ce268-ee54-4a64-8770-5f8ec4638e40,10,2626,True,17748,17346,142.30639677864747
2627,e15ce268-ee54-4a64-8770-5f8ec4638e40,10,2627,True,17778,17376,148.1559138147859
2628,e15ce268-ee54-4a64-8770-5f8ec4638e40,10,2628,True,17800,17398,158.53403288613117
2629,e15ce268-ee54-4a64-8770-5f8ec4638e40,10,2629,True,17840,17438,140.7869434797467
2630,e15ce268-ee54-4a64-8770-5f8ec4638e40,10,2630,True,17867,17465,160.72518743214823
2631,e15ce268-ee54-4a64-8770-5f8ec4638e40,10,2631,True,17896,17494,164.8356967244581
2632,e15ce268-ee54-4a64-8770-5f8ec4638e40,10,2632,True,17922,17520,130.92894328507464
2633,e15ce268-ee54-4a64-8770-5f8ec4638e40,10,2633,True,17964,17562,142.04319905893135
2634,e15ce268-ee54-4a64-8770-5f8ec4638e40,10,2634,True,17990,17588,164.49215337550413
2635,e15ce268-ee54-4a64-8770-5f8ec4638e40,10,2635,True,18013,17611,143.71394120729747
2636,e15ce268-ee54-4a64-8770-5f8ec4638e40,10,2636,True,18036,17634,183.5951009529599
2637,e15ce268-ee54-4a64-8770-5f8ec4638e40,10,2637,True,18063,17661,183.28911041062747
2638,e15ce268-ee54-4a64-8770-5f8ec4638e40,10,2638,True,18082,17680,162.08159849628646
2639,e15ce268-ee54-4a64-8770-5f8ec4638e40,10,2639,True,18116,17714,128.56358906709647
2640,e15ce268-ee54-4a64-8770-5f8ec4638e40,10,2640,True,18144,17742,190.8096051181019
2641,e15ce268-ee54-4a64-8770-5f8ec4638e40,10,2641,True,18178,17776,154.58042489711806
2642,e15ce268-ee54-4a64-8770-5f8ec4638e40,10,2642,True,18201,17799,183.93687939271695
2643,e15ce268-ee54-4a64-8770-5f8ec4638e40,10,2643,True,18234,17832,176.93410421344015
2644,e15ce268-ee54-4a64-8770-5f8ec4638e40,10,2644,True,18260,17858,149.58669711300536
2645,e15ce268-ee54-4a64-8770-5f8ec4638e40,10,2645,True,18289,17887,119.41812486546769
2646,e15ce268-ee54-4a64-8770-5f8ec4638e40,10,2646,True,18326,17924,197.23183077364956
2647,e15ce268-ee54-4a64-8770-5f8ec4638e40,10,2647,True,18344,17942,198.98164970248035
2648,e15ce268-ee54-4a64-8770-5f8ec4638e40,10,2648,True,18374,17972,194.14558692198625
2649,e15ce268-ee54-4a64-8770-5f8ec4638e40,10,2649,True,18401,17999,198.22608481763382
2650,e15ce268-ee54-4a64-8770-5f8ec4638e40,10,2650,True,18423,18021,172.0290907859744
2651,e15ce268-ee54-4a64-8770-5f8ec4638e40,10,2651,True,18466,18064,204.25858018306826
2652,e15ce268-ee54-4a64-8770-5f8ec4638e40,10,2652,True,18494,18092,152.84571870287255
2653,e15ce268-ee54-4a64-8770-5f8ec4638e40,10,2653,True,18523,18121,174.3704186464929
2654,e15ce268-ee54-4a64-8770-5f8ec4638e40,10,2654,True,18544,18142,206.8110057247941
2655,e15ce268-ee54-4a64-8770-5f8ec4638e40,10,2655,True,18569,18167,182.41289977213455
2656,e15ce268-ee54-4a64-8770-5f8ec4638e40,10,2656,True,18598,18196,205.06419546527104
2657,e15ce268-ee54-4a64-8770-5f8ec4638e40,10,2657,True,18630,18228,174.78435040181284
2658,e15ce268-ee54-4a64-8770-5f8ec4638e40,10,2658,True,18656,18254,221.7933233413678
2659,e15ce268-ee54-4a64-8770-5f8ec4638e40,10,2659,True,18679,18277,176.45424694196845
2660,e15ce268-ee54-4a64-8770-5f8ec4638e40,10,2660,True,18701,18299,206.45889129734132
2661,e15ce268-ee54-4a64-8770-5f8ec4638e40,10,2661,True,18722,18320,162.43207426506706
2662,e15ce268-ee54-4a64-8770-5f8ec4638e40,10,2662,True,18753,18351,189.17471396761903
2663,e15ce268-ee54-4a64-8770-5f8ec4638e40,10,2663,True,18779,18377,189.49298976352657
2664,e15ce268-ee54-4a64-8770-5f8ec4638e40,10,2664,True,18808,18406,171.46262300503076
2665,e15ce268-ee54-4a64-8770-5f8ec4638e40,10,2665,True,18827,18425,220.79414146518684
2666,e15ce268-ee54-4a64-8770-5f8ec4638e40,10,2666,True,18864,18462,235.460925861109
2667,e15ce268-ee54-4a64-8770-5f8ec4638e40,10,2667,True,18890,18488,197.98842168192277
2668,e15ce268-ee54-4a64-8770-5f8ec4638e40,10,2668,True,18922,18520,227.25565556244692
2669,e15ce268-ee54-4a64-8770-5f8ec4638e40,10,2669,True,18952,18550,185.72758712945142
2670,e15ce268-ee54-4a64-8770-5f8ec4638e40,10,2670,True,18979,18577,214.20342640984745
2671,e15ce268-ee54-4a64-8770-5f8ec4638e40,10,2671,True,19001,18599,174.26081525798145
2672,e15ce268-ee54-4a64-8770-5f8ec4638e40,10,2672,True,19028,18626,214.2260147468587
2673,e15ce268-ee54-4a64-8770-5f8ec4638e40,10,2673,True,19054,18652,240.65072883726316
2674,e15ce268-ee54-4a64-8770-5f8ec4638e40,10,2674,True,19086,18684,208.65072883726316
2675,e15ce268-ee54-4a64-8770-5f8ec4638e40,10,2675,True,19106,18704,188.0423460273778
2676,e15ce268-ee54-4a64-8770-5f8ec4638e40,10,2676,True,19143,18741,229.81422672085682
2677,e15ce268-ee54-4a64-8770-5f8ec4638e40,10,2677,True,19171,18769,174.82900216701455
2678,e15ce268-ee54-4a64-8770-5f8ec4638e40,10,2678,True,19197,18795,173.8723933992369
2679,e15ce268-ee54-4a64-8770-5f8ec4638e40,10,2679,True,19225,18823,195.97365011872898
2680,e15ce268-ee54-4a64-8770-5f8ec4638e40,10,2680,True,19246,18844,153.83592964499985
2681,e15ce268-ee54-4a64-8770-5f8ec4638e40,10,2681,True,19284,18882,206.8783666058589
2682,e15ce268-ee54-4a64-8770-5f8ec4638e40,10,2682,True,19308,18906,250.9444726657639
2683,e15ce268-ee54-4a64-8770-5f8ec4638e40,10,2683,True,19328,18926,161.9961394681486
2684,e15ce268-ee54-4a64-8770-5f8ec4638e40,10,2684,True,19351,18949,204.9482774850585
2685,e15ce268-ee54-4a64-8770-5f8ec4638e40,10,2685,True,19379,18977,229.4571538698401
2686,e15ce268-ee54-4a64-8770-5f8ec4638e40,10,2686,True,19399,18997,215.37689259385297
2687,e15ce268-ee54-4a64-8770-5f8ec4638e40,10,2687,True,19426,19024,184.15189905701118
2688,e15ce268-ee54-4a64-8770-5f8ec4638e40,10,2688,True,19459,19057,217.3368362214751
2689,e15ce268-ee54-4a64-8770-5f8ec4638e40,10,2689,True,19492,19090,184.3368362214751
2690,e15ce268-ee54-4a64-8770-5f8ec4638e40,10,2690,True,19521,19119,187.15604460815666
2691,e15ce268-ee54-4a64-8770-5f8ec4638e40,10,2691,True,19547,19145,179.87320887339956
2692,e15ce268-ee54-4a64-8770-5f8ec4638e40,10,2692,True,19577,19175,182.37252462043398
2693,e15ce268-ee54-4a64-8770-5f8ec4638e40,10,2693,True,19607,19205,169.5866113008051
2694,e15ce268-ee54-4a64-8770-5f8ec4638e40,10,2694,True,19643,19241,170.6613222052547
2695,e15ce268-ee54-4a64-8770-5f8ec4638e40,10,2695,True,19662,19260,174.49905058586955
2696,e15ce268-ee54-4a64-8770-5f8ec4638e40,10,2696,True,19694,19292,180.14003360806964
2697,e15ce268-ee54-4a64-8770-5f8ec4638e40,10,2697,True,19722,19320,194.2128322451681
2698,e15ce268-ee54-4a64-8770-5f8ec4638e40,10,2698,True,19746,19344,144.22362590800185
2699,e15ce268-ee54-4a64-8770-5f8ec4638e40,10,2699,True,19771,19369,113.53597391482617
2700,e15ce268-ee54-4a64-8770-5f8ec4638e40,10,2700,True,19794,19392,139.57554688695018
2701,e15ce268-ee54-4a64-8770-5f8ec4638e40,10,2701,True,19818,19416,232.0498223244249
2702,e15ce268-ee54-4a64-8770-5f8ec4638e40,10,2702,True,19839,19437,235.39059299356086
2703,e15ce268-ee54-4a64-8770-5f8ec4638e40,10,2703,True,19868,19466,126.80591662980805
2704,e15ce268-ee54-4a64-8770-5f8ec4638e40,10,2704,True,19893,19491,232.94066148516504
2705,e15ce268-ee54-4a64-8770-5f8ec4638e40,10,2705,True,19918,19516,180.20770263419763
2706,e15ce268-ee54-4a64-8770-5f8ec4638e40,10,2706,True,19939,19537,234.52553500966678
2707,e15ce268-ee54-4a64-8770-5f8ec4638e40,10,2707,True,19964,19562,209.39815300582268
2708,e15ce268-ee54-4a64-8770-5f8ec4638e40,10,2708,True,19987,19585,213.07155839849656
2709,e15ce268-ee54-4a64-8770-5f8ec4638e40,10,2709,True,20008,19606,208.77540432300157
2710,e15ce268-ee54-4a64-8770-5f8ec4638e40,10,2710,True,20038,19636,235.6023702377206
2711,e15ce268-ee54-4a64-8770-5f8ec4638e40,10,2711,True,20067,19665,200.7344128602199
2712,e15ce268-ee54-4a64-8770-5f8ec4638e40,10,2712,True,20097,19695,173.8567103754467
2713,e15ce268-ee54-4a64-8770-5f8ec4638e40,10,2713,True,20131,19729,170.22102025771528
2714,e15ce268-ee54-4a64-8770-5f8ec4638e40,10,2714,True,20162,19760,184.4519718365773
2715,e15ce268-ee54-4a64-8770-5f8ec4638e40,10,2715,True,20188,19786,276.86616922934263
2716,e15ce268-ee54-4a64-8770-5f8ec4638e40,10,2716,True,20216,19814,197.7266879964991
2717,e15ce268-ee54-4a64-8770-5f8ec4638e40,10,2717,True,20249,19847,216.6482590444175
2718,e15ce268-ee54-4a64-8770-5f8ec4638e40,10,2718,True,20280,19878,262.38353535754504
2719,e15ce268-ee54-4a64-8770-5f8ec4638e40,10,2719,True,20309,19907,181.94390107469735
2720,e15ce268-ee54-4a64-8770-5f8ec4638e40,10,2720,True,20339,19937,151.3242644633974
2721,e15ce268-ee54-4a64-8770-5f8ec4638e40,10,2721,True,20372,19970,217.5405076283605
2722,e15ce268-ee54-4a64-8770-5f8ec4638e40,10,2722,True,20401,19999,192.05142687479383
2723,e15ce268-ee54-4a64-8770-5f8ec4638e40,10,2723,True,20427,20025,214.05477414379857
2724,e15ce268-ee54-4a64-8770-5f8ec4638e40,10,2724,True,20454,20052,181.1315337878732
2725,e15ce268-ee54-4a64-8770-5f8ec4638e40,10,2725,True,20491,20089,200.73090300344484
2726,e15ce268-ee54-4a64-8770-5f8ec4638e40,10,2726,True,20521,20119,166.5894310065305
2727,e15ce268-ee54-4a64-8770-5f8ec4638e40,10,2727,True,20541,20139,147.26683758870422
2728,e15ce268-ee54-4a64-8770-5f8ec4638e40,10,2728,True,20572,20170,180.16583173381514
2729,e15ce268-ee54-4a64-8770-5f8ec4638e40,10,2729,True,20606,20204,147.9261545968002
2730,e15ce268-ee54-4a64-8770-5f8ec4638e40,10,2730,True,20625,20223,178.39899293559574
2731,e15ce268-ee54-4a64-8770-5f8ec4638e40,10,2731,True,20648,20246,211.74832650133612
2732,e15ce268-ee54-4a64-8770-5f8ec4638e40,10,2732,True,20680,20278,195.79979523347356
2733,e15ce268-ee54-4a64-8770-5f8ec4638e40,10,2733,True,20714,20312,170.3647990991667
2734,e15ce268-ee54-4a64-8770-5f8ec4638e40,10,2734,True,20743,20341,192.661316922291
2735,e15ce268-ee54-4a64-8770-5f8ec4638e40,10,2735,True,20768,20366,142.82971868772802
2736,e15ce268-ee54-4a64-8770-5f8ec4638e40,10,2736,True,20795,20393,189.27705468864588
2737,e15ce268-ee54-4a64-8770-5f8ec4638e40,10,2737,True,20833,20431,179.85150898553547
2738,e15ce268-ee54-4a64-8770-5f8ec4638e40,10,2738,True,20855,20453,129.27705468864588
2739,e15ce268-ee54-4a64-8770-5f8ec4638e40,10,2739,True,20894,20492,174.07557425546474
2740,e15ce268-ee54-4a64-8770-5f8ec4638e40,10,2740,True,20916,20514,145.5833942041936
2741,e15ce268-ee54-4a64-8770-5f8ec4638e40,10,2741,True,20945,20543,122.47270414739978
2742,e15ce268-ee54-4a64-8770-5f8ec4638e40,10,2742,True,20976,20574,141.01700057526978
2743,e15ce268-ee54-4a64-8770-5f8ec4638e40,10,2743,True,21000,20598,115.34473331480694
2744,e15ce268-ee54-4a64-8770-5f8ec4638e40,10,2744,True,21025,20623,143.0493078434556
2745,e15ce268-ee54-4a64-8770-5f8ec4638e40,10,2745,True,21059,20657,128.38301287906143
2746,e15ce268-ee54-4a64-8770-5f8ec4638e40,10,2746,True,21083,20681,131.6214987783569
2747,e15ce268-ee54-4a64-8770-5f8ec4638e40,10,2747,True,21105,20703,135.77116113973898
2748,e15ce268-ee54-4a64-8770-5f8ec4638e40,10,2748,True,21140,20738,150.6352735762921
2749,e15ce268-ee54-4a64-8770-5f8ec4638e40,10,2749,True,21170,20768,125.21883031105972
2750,e15ce268-ee54-4a64-8770-5f8ec4638e40,10,2750,True,21197,20795,150.9525978621059
2751,e15ce268-ee54-4a64-8770-5f8ec4638e40,10,2751,True,21229,20827,143.8162530621521
2752,e15ce268-ee54-4a64-8770-5f8ec4638e40,10,2752,True,21254,20852,163.3716942342362
2753,e15ce268-ee54-4a64-8770-5f8ec4638e40,10,2753,True,21282,20880,142.19470852855738
2754,e15ce268-ee54-4a64-8770-5f8ec4638e40,10,2754,True,21313,20911,150.59799330956957
2755,e15ce268-ee54-4a64-8770-5f8ec4638e40,10,2755,True,21351,20949,141.82743101496453
2756,e15ce268-ee54-4a64-8770-5f8ec4638e40,10,2756,True,21385,20983,127.43286880335654
2757,e15ce268-ee54-4a64-8770-5f8ec4638e40,10,2757,True,21418,21016,142.55140796834894
2758,e15ce268-ee54-4a64-8770-5f8ec4638e40,10,2758,True,21444,21042,123.63226790485714
2759,e15ce268-ee54-4a64-8770-5f8ec4638e40,10,2759,True,21471,21069,134.9517706522056
2760,e15ce268-ee54-4a64-8770-5f8ec4638e40,10,2760,True,21512,21110,155.44283134626676
2761,e15ce268-ee54-4a64-8770-5f8ec4638e40,10,2761,True,21532,21130,154.75893206912951
2762,e15ce268-ee54-4a64-8770-5f8ec4638e40,10,2762,True,21549,21147,185.08266679671215
2763,e15ce268-ee54-4a64-8770-5f8ec4638e40,10,2763,True,21572,21170,190.72575814172524
2764,e15ce268-ee54-4a64-8770-5f8ec4638e40,10,2764,True,21599,21197,215.29977511088873
2765,e15ce268-ee54-4a64-8770-5f8ec4638e40,10,2765,True,21631,21229,150.19948713534905
2766,e15ce268-ee54-4a64-8770-5f8ec4638e40,10,2766,True,21656,21254,149.7583000150189
2767,e15ce268-ee54-4a64-8770-5f8ec4638e40,10,2767,True,21688,21286,176.20932440679098
2768,e15ce268-ee54-4a64-8770-5f8ec4638e40,10,2768,True,21715,21313,141.1797905449239
2769,e15ce268-ee54-4a64-8770-5f8ec4638e40,10,2769,True,21749,21347,156.8195429259904
2770,e15ce268-ee54-4a64-8770-5f8ec4638e40,10,2770,True,21776,21374,157.11523863556067
2771,e15ce268-ee54-4a64-8770-5f8ec4638e40,10,2771,True,21799,21397,136.90786739570467
2772,e15ce268-ee54-4a64-8770-5f8ec4638e40,10,2772,True,21821,21419,151.3790274835883
2773,e15ce268-ee54-4a64-8770-5f8ec4638e40,10,2773,True,21852,21450,164.20018356719447
2774,e15ce268-ee54-4a64-8770-5f8ec4638e40,10,2774,True,21890,21488,137.7877504364733
2775,e15ce268-ee54-4a64-8770-5f8ec4638e40,10,2775,True,21918,21516,127.62110575158658
2776,e15ce268-ee54-4a64-8770-5f8ec4638e40,10,2776,True,21954,21552,133.17352341589503
2777,e15ce268-ee54-4a64-8770-5f8ec4638e40,10,2777,True,21980,21578,147.0903381315511
2778,e15ce268-ee54-4a64-8770-5f8ec4638e40,10,2778,True,22016,21614,143.3175228437467
2779,e15ce268-ee54-4a64-8770-5f8ec4638e40,10,2779,True,22036,21634,127.54050348006058
2780,e15ce268-ee54-4a64-8770-5f8ec4638e40,10,2780,True,22072,21670,203.14428655252777
2781,e15ce268-ee54-4a64-8770-5f8ec4638e40,10,2781,True,22098,21696,151.3090918037924
2782,e15ce268-ee54-4a64-8770-5f8ec4638e40,10,2782,True,22127,21725,198.12560878869408
2783,e15ce268-ee54-4a64-8770-5f8ec4638e40,10,2783,True,22163,21761,187.71533066288612
2784,e15ce268-ee54-4a64-8770-5f8ec4638e40,10,2784,True,22193,21791,159.53629653694225
2785,e15ce268-ee54-4a64-8770-5f8ec4638e40,10,2785,True,22229,21827,158.64061274805863
2786,e15ce268-ee54-4a64-8770-5f8ec4638e40,10,2786,True,22270,21868,124.94161860968597
2787,e15ce268-ee54-4a64-8770-5f8ec4638e40,10,2787,True,22298,21896,140.51714709083535
2788,e15ce268-ee54-4a64-8770-5f8ec4638e40,10,2788,True,22324,21922,169.0086959321161
2789,e15ce268-ee54-4a64-8770-5f8ec4638e40,10,2789,True,22352,21950,157.06886347363616
2790,e15ce268-ee54-4a64-8770-5f8ec4638e40,10,2790,True,22382,21980,135.88814078635914
2791,e15ce268-ee54-4a64-8770-5f8ec4638e40,10,2791,True,22416,22014,168.98524022251877
2792,e15ce268-ee54-4a64-8770-5f8ec4638e40,10,2792,True,22438,22036,174.89271406777698
2793,e15ce268-ee54-4a64-8770-5f8ec4638e40,10,2793,True,22470,22068,197.40928991862165
2794,e15ce268-ee54-4a64-8770-5f8ec4638e40,10,2794,True,22502,22100,159.78338075628562
2795,e15ce268-ee54-4a64-8770-5f8ec4638e40,10,2795,True,22527,22125,162.32068213624734
2796,e15ce268-ee54-4a64-8770-5f8ec4638e40,10,2796,True,22550,22148,174.6546733084906
2797,e15ce268-ee54-4a64-8770-5f8ec4638e40,10,2797,True,22571,22169,180.17477000626968
2798,e15ce268-ee54-4a64-8770-5f8ec4638e40,10,2798,True,22598,22196,178.58677459730097
2799,e15ce268-ee54-4a64-8770-5f8ec4638e40,10,2799,True,22635,22233,182.15462010634656
2800,e15ce268-ee54-4a64-8770-5f8ec4638e40,10,2800,True,22663,22261,165.6235785939789
2801,e15ce268-ee54-4a64-8770-5f8ec4638e40,10,2801,True,22696,22294,180.0350208058917
2802,e15ce268-ee54-4a64-8770-5f8ec4638e40,10,2802,True,22721,22319,194.01885855042565
2803,e15ce268-ee54-4a64-8770-5f8ec4638e40,10,2803,True,22744,22342,189.0080610396144
2804,e15ce268-ee54-4a64-8770-5f8ec4638e40,10,2804,True,22768,22366,171.40378173587305
2805,e15ce268-ee54-4a64-8770-5f8ec4638e40,10,2805,True,22791,22389,175.21135527585284
2806,e15ce268-ee54-4a64-8770-5f8ec4638e40,10,2806,True,22825,22423,165.2789963390278
2807,e15ce268-ee54-4a64-8770-5f8ec4638e40,10,2807,True,22848,22446,276.066426904963
2808,e15ce268-ee54-4a64-8770-5f8ec4638e40,10,2808,True,22872,22470,225.5410672961516
2809,e15ce268-ee54-4a64-8770-5f8ec4638e40,10,2809,True,22898,22496,221.128633882523
2810,e15ce268-ee54-4a64-8770-5f8ec4638e40,10,2810,True,22928,22526,218.55596492424957
2811,e15ce268-ee54-4a64-8770-5f8ec4638e40,10,2811,True,22966,22564,202.57383737163036
2812,e15ce268-ee54-4a64-8770-5f8ec4638e40,10,2812,True,22989,22587,231.79131914138634
2813,e15ce268-ee54-4a64-8770-5f8ec4638e40,10,2813,True,23019,22617,201.79131914138634
2814,e15ce268-ee54-4a64-8770-5f8ec4638e40,10,2814,True,23045,22643,195.55623284979083
2815,e15ce268-ee54-4a64-8770-5f8ec4638e40,10,2815,True,23076,22674,170.1186625428454
2816,e15ce268-ee54-4a64-8770-5f8ec4638e40,10,2816,True,23101,22699,194.60471510257412
2817,e15ce268-ee54-4a64-8770-5f8ec4638e40,10,2817,True,23128,22726,217.41877365883556
2818,e15ce268-ee54-4a64-8770-5f8ec4638e40,10,2818,True,23167,22765,184.30150912464887
2819,e15ce268-ee54-4a64-8770-5f8ec4638e40,10,2819,True,23192,22790,220.58543442872178
2820,e15ce268-ee54-4a64-8770-5f8ec4638e40,10,2820,True,23220,22818,151.9224288302903
2821,e15ce268-ee54-4a64-8770-5f8ec4638e40,10,2821,True,23250,22848,192.05435111475163
2822,e15ce268-ee54-4a64-8770-5f8ec4638e40,10,2822,True,23279,22877,182.58324453566456
2823,e15ce268-ee54-4a64-8770-5f8ec4638e40,10,2823,True,23300,22898,203.48997496643278
2824,e15ce268-ee54-4a64-8770-5f8ec4638e40,10,2824,True,23335,22933,184.8205361989967
2825,e15ce268-ee54-4a64-8770-5f8ec4638e40,10,2825,True,23367,22965,164.39045255996461
2826,e15ce268-ee54-4a64-8770-5f8ec4638e40,10,2826,True,23394,22992,139.57861727440832
2827,e15ce268-ee54-4a64-8770-5f8ec4638e40,10,2827,True,23427,23025,201.6888632257178
2828,e15ce268-ee54-4a64-8770-5f8ec4638e40,10,2828,True,23455,23053,149.91805034973368
2829,e15ce268-ee54-4a64-8770-5f8ec4638e40,10,2829,True,23483,23081,177.1654101545064
2830,e15ce268-ee54-4a64-8770-5f8ec4638e40,10,2830,True,23523,23121,157.42501618685856
2831,e15ce268-ee54-4a64-8770-5f8ec4638e40,10,2831,True,23547,23145,187.5313078574036
2832,e15ce268-ee54-4a64-8770-5f8ec4638e40,10,2832,True,23581,23179,151.55788094281525
2833,e15ce268-ee54-4a64-8770-5f8ec4638e40,10,2833,True,23611,23209,192.96265384850267
2834,e15ce268-ee54-4a64-8770-5f8ec4638e40,10,2834,True,23634,23232,171.9151581116239
2835,e15ce268-ee54-4a64-8770-5f8ec4638e40,10,2835,True,23651,23249,154.47844635529327
2836,e15ce268-ee54-4a64-8770-5f8ec4638e40,10,2836,True,23679,23277,196.407422010554
2837,e15ce268-ee54-4a64-8770-5f8ec4638e40,10,2837,True,23711,23309,168.2984662510753
2838,e15ce268-ee54-4a64-8770-5f8ec4638e40,10,2838,True,23733,23331,194.01269098927514
2839,e15ce268-ee54-4a64-8770-5f8ec4638e40,10,2839,True,23767,23365,196.50076819479727
2840,e15ce268-ee54-4a64-8770-5f8ec4638e40,10,2840,True,23794,23392,181.3956511780416
2841,e15ce268-ee54-4a64-8770-5f8ec4638e40,10,2841,True,23816,23414,135.65044051694713
2842,e15ce268-ee54-4a64-8770-5f8ec4638e40,10,2842,True,23855,23453,200.30929902211574
2843,e15ce268-ee54-4a64-8770-5f8ec4638e40,10,2843,True,23878,23476,203.95471483209622
2844,e15ce268-ee54-4a64-8770-5f8ec4638e40,10,2844,True,23915,23513,192.53457086050184
2845,e15ce268-ee54-4a64-8770-5f8ec4638e40,10,2845,True,23945,23543,184.2728173780306
2846,e15ce268-ee54-4a64-8770-5f8ec4638e40,10,2846,True,23970,23568,189.80431573020542
2847,e15ce268-ee54-4a64-8770-5f8ec4638e40,10,2847,True,23984,23582,195.41464856347739
2848,e15ce268-ee54-4a64-8770-5f8ec4638e40,10,2848,True,24009,23607,223.7421513021436
2849,e15ce268-ee54-4a64-8770-5f8ec4638e40,10,2849,True,24037,23635,146.0091814357147
2850,e15ce268-ee54-4a64-8770-5f8ec4638e40,10,2850,True,24060,23658,202.55576553168066
2851,e15ce268-ee54-4a64-8770-5f8ec4638e40,10,2851,True,24084,23682,153.94817663209324
2852,e15ce268-ee54-4a64-8770-5f8ec4638e40,10,2852,True,24108,23706,176.40497536835028
2853,e15ce268-ee54-4a64-8770-5f8ec4638e40,10,2853,True,24136,23734,177.8315645575094
2854,e15ce268-ee54-4a64-8770-5f8ec4638e40,10,2854,True,24159,23757,175.71222668478367
2855,e15ce268-ee54-4a64-8770-5f8ec4638e40,10,2855,True,24184,23782,199.53358614048557
2856,e15ce268-ee54-4a64-8770-5f8ec4638e40,10,2856,True,24212,23810,194.79824279775858
2857,e15ce268-ee54-4a64-8770-5f8ec4638e40,10,2857,True,24241,23839,189.80397991181962
2858,e15ce268-ee54-4a64-8770-5f8ec4638e40,10,2858,True,24267,23865,189.77054036054324
2859,e15ce268-ee54-4a64-8770-5f8ec4638e40,10,2859,True,24297,23895,192.53284169291146
2860,e15ce268-ee54-4a64-8770-5f8ec4638e40,10,2860,True,24326,23924,213.3289827305125
2861,e15ce268-ee54-4a64-8770-5f8ec4638e40,10,2861,True,24353,23951,162.7628094731881
2862,e15ce268-ee54-4a64-8770-5f8ec4638e40,10,2862,True,24377,23975,192.09201465583465
2863,e15ce268-ee54-4a64-8770-5f8ec4638e40,10,2863,True,24405,24003,183.1438837556052
2864,e15ce268-ee54-4a64-8770-5f8ec4638e40,10,2864,True,24438,24036,149.97379219378126
2865,e15ce268-ee54-4a64-8770-5f8ec4638e40,10,2865,True,24468,24066,144.91341955154348
2866,e15ce268-ee54-4a64-8770-5f8ec4638e40,10,2866,True,24506,24104,191.67363410568942
2867,e15ce268-ee54-4a64-8770-5f8ec4638e40,10,2867,True,24537,24135,176.37527587420118
2868,e15ce268-ee54-4a64-8770-5f8ec4638e40,10,2868,True,24560,24158,211.73312430431542
2869,e15ce268-ee54-4a64-8770-5f8ec4638e40,10,2869,True,24595,24193,203.042211162061
2870,e15ce268-ee54-4a64-8770-5f8ec4638e40,10,2870,True,24632,24230,215.94990284319283
2871,e15ce268-ee54-4a64-8770-5f8ec4638e40,10,2871,True,24660,24258,222.68932506484634
2872,e15ce268-ee54-4a64-8770-5f8ec4638e40,10,2872,True,24693,24291,183.2528104940393
2873,e15ce268-ee54-4a64-8770-5f8ec4638e40,10,2873,True,24732,24330,199.57455774662594
2874,e15ce268-ee54-4a64-8770-5f8ec4638e40,10,2874,True,24763,24361,163.3781462591105
2875,e15ce268-ee54-4a64-8770-5f8ec4638e40,10,2875,True,24784,24382,161.80301219316607
2876,e15ce268-ee54-4a64-8770-5f8ec4638e40,10,2876,True,24805,24403,173.3045692931555
2877,e15ce268-ee54-4a64-8770-5f8ec4638e40,10,2877,True,24831,24429,163.3499661791393
2878,e15ce268-ee54-4a64-8770-5f8ec4638e40,10,2878,True,24861,24459,176.19208461478047
2879,e15ce268-ee54-4a64-8770-5f8ec4638e40,10,2879,True,24889,24487,161.20364411765695
2880,e15ce268-ee54-4a64-8770-5f8ec4638e40,10,2880,True,24918,24516,170.58354494301602
2881,e15ce268-ee54-4a64-8770-5f8ec4638e40,10,2881,True,24947,24545,154.0833546309841
2882,e15ce268-ee54-4a64-8770-5f8ec4638e40,10,2882,True,24972,24570,173.47738456086154
2883,e15ce268-ee54-4a64-8770-5f8ec4638e40,10,2883,True,24999,24597,154.82874981820714
2884,e15ce268-ee54-4a64-8770-5f8ec4638e40,10,2884,True,25029,24627,135.08098693950888
2885,e15ce268-ee54-4a64-8770-5f8ec4638e40,10,2885,True,25059,24657,146.5394481624935
2886,e15ce268-ee54-4a64-8770-5f8ec4638e40,10,2886,True,25084,24682,183.58957628760982
2887,e15ce268-ee54-4a64-8770-5f8ec4638e40,10,2887,True,25115,24713,163.7899773462159
2888,e15ce268-ee54-4a64-8770-5f8ec4638e40,10,2888,True,25140,24738,173.94953082723077
2889,e15ce268-ee54-4a64-8770-5f8ec4638e40,10,2889,True,25174,24772,147.57976530774977
2890,e15ce268-ee54-4a64-8770-5f8ec4638e40,10,2890,True,25215,24813,130.80840975114552
2891,e15ce268-ee54-4a64-8770-5f8ec4638e40,10,2891,True,25239,24837,133.42986595672846
2892,e15ce268-ee54-4a64-8770-5f8ec4638e40,10,2892,True,25274,24872,147.39923010835264
2893,e15ce268-ee54-4a64-8770-5f8ec4638e40,10,2893,True,25300,24898,126.04593112285147
2894,e15ce268-ee54-4a64-8770-5f8ec4638e40,10,2894,True,25328,24926,122.71505317727133
2895,e15ce268-ee54-4a64-8770-5f8ec4638e40,10,2895,True,25361,24959,124.3621225443967
2896,e15ce268-ee54-4a64-8770-5f8ec4638e40,10,2896,True,25392,24990,152.53182480701435
2897,e15ce268-ee54-4a64-8770-5f8ec4638e40,10,2897,True,25428,25026,153.38126329502484
2898,e15ce268-ee54-4a64-8770-5f8ec4638e40,10,2898,True,25456,25054,132.40181134025988
2899,e15ce268-ee54-4a64-8770-5f8ec4638e40,10,2899,True,25482,25080,148.8160189832597
2900,e15ce268-ee54-4a64-8770-5f8ec4638e40,10,2900,True,25500,25098,139.2568872181473
2901,e15ce268-ee54-4a64-8770-5f8ec4638e40,10,2901,True,25525,25123,139.52406999184313
2902,e15ce268-ee54-4a64-8770-5f8ec4638e40,10,2902,True,25549,25147,138.37044099182458
2903,e15ce268-ee54-4a64-8770-5f8ec4638e40,10,2903,True,25579,25177,135.2510342805581
2904,e15ce268-ee54-4a64-8770-5f8ec4638e40,10,2904,True,25606,25204,133.02088178907798
2905,e15ce268-ee54-4a64-8770-5f8ec4638e40,10,2905,True,25641,25239,170.08701749515603
2906,e15ce268-ee54-4a64-8770-5f8ec4638e40,10,2906,True,25671,25269,140.70482428434843
2907,e15ce268-ee54-4a64-8770-5f8ec4638e40,10,2907,True,25710,25308,185.78078609631848
2908,e15ce268-ee54-4a64-8770-5f8ec4638e40,10,2908,True,25742,25340,213.9781960850596
2909,e15ce268-ee54-4a64-8770-5f8ec4638e40,10,2909,True,25780,25378,199.22529684225447
2910,e15ce268-ee54-4a64-8770-5f8ec4638e40,10,2910,True,25812,25410,220.20932062339125
2911,e15ce268-ee54-4a64-8770-5f8ec4638e40,10,2911,True,25839,25437,182.74267508099365
2912,e15ce268-ee54-4a64-8770-5f8ec4638e40,10,2912,True,25871,25469,161.20932062339125
2913,e15ce268-ee54-4a64-8770-5f8ec4638e40,10,2913,True,25895,25493,199.656290426723
2914,e15ce268-ee54-4a64-8770-5f8ec4638e40,10,2914,True,25923,25521,146.08480493171737
2915,e15ce268-ee54-4a64-8770-5f8ec4638e40,10,2915,True,25948,25546,190.3075367979909
2916,e15ce268-ee54-4a64-8770-5f8ec4638e40,10,2916,True,25979,25577,171.53855741919324
2917,e15ce268-ee54-4a64-8770-5f8ec4638e40,10,2917,True,26009,25607,150.3424266551301
2918,e15ce268-ee54-4a64-8770-5f8ec4638e40,10,2918,True,26040,25638,158.11703475176546
2919,e15ce268-ee54-4a64-8770-5f8ec4638e40,10,2919,True,26074,25672,160.18083071349974
2920,e15ce268-ee54-4a64-8770-5f8ec4638e40,10,2920,True,26098,25696,148.906895536089
2921,e15ce268-ee54-4a64-8770-5f8ec4638e40,10,2921,True,26125,25723,176.39655125441277
2922,e15ce268-ee54-4a64-8770-5f8ec4638e40,10,2922,True,26151,25749,152.99544431094546
2923,e15ce268-ee54-4a64-8770-5f8ec4638e40,10,2923,True,26170,25768,181.40012640081477
2924,e15ce268-ee54-4a64-8770-5f8ec4638e40,10,2924,True,26193,25791,178.47603296755187
2925,e15ce268-ee54-4a64-8770-5f8ec4638e40,10,2925,True,26216,25814,193.25577682346557
2926,e15ce268-ee54-4a64-8770-5f8ec4638e40,10,2926,True,26248,25846,181.18207970283038
2927,e15ce268-ee54-4a64-8770-5f8ec4638e40,10,2927,True,26277,25875,182.88474876706096
2928,e15ce268-ee54-4a64-8770-5f8ec4638e40,10,2928,True,26305,25903,179.81096899824843
2929,e15ce268-ee54-4a64-8770-5f8ec4638e40,10,2929,True,26334,25932,179.24435508755778
2930,e15ce268-ee54-4a64-8770-5f8ec4638e40,10,2930,True,26362,25960,122.77998423634199
2931,e15ce268-ee54-4a64-8770-5f8ec4638e40,10,2931,True,26395,25993,151.81502323952373
2932,e15ce268-ee54-4a64-8770-5f8ec4638e40,10,2932,True,26416,26014,142.13473063415586
2933,e15ce268-ee54-4a64-8770-5f8ec4638e40,10,2933,True,26442,26040,162.13842758756073
2934,e15ce268-ee54-4a64-8770-5f8ec4638e40,10,2934,True,26470,26068,135.2393807921544
2935,e15ce268-ee54-4a64-8770-5f8ec4638e40,10,2935,True,26508,26106,182.54214429212516
2936,e15ce268-ee54-4a64-8770-5f8ec4638e40,10,2936,True,26532,26130,180.64104086629595
2937,e15ce268-ee54-4a64-8770-5f8ec4638e40,10,2937,True,26558,26156,183.36033722406137
2938,e15ce268-ee54-4a64-8770-5f8ec4638e40,10,2938,True,26585,26183,198.6374340398288
2939,e15ce268-ee54-4a64-8770-5f8ec4638e40,10,2939,True,26609,26207,174.6374340398288
2940,e15ce268-ee54-4a64-8770-5f8ec4638e40,10,2940,True,26630,26228,163.9307372584226
2941,e15ce268-ee54-4a64-8770-5f8ec4638e40,10,2941,True,26659,26257,171.23842104102732
2942,e15ce268-ee54-4a64-8770-5f8ec4638e40,10,2942,True,26698,26296,143.25829513325516
2943,e15ce268-ee54-4a64-8770-5f8ec4638e40,10,2943,True,26719,26317,177.3326433204711
2944,e15ce268-ee54-4a64-8770-5f8ec4638e40,10,2944,True,26753,26351,155.76235788042322
2945,e15ce268-ee54-4a64-8770-5f8ec4638e40,10,2945,True,26792,26390,158.6025601521178
2946,e15ce268-ee54-4a64-8770-5f8ec4638e40,10,2946,True,26817,26415,168.31039124536255
2947,e15ce268-ee54-4a64-8770-5f8ec4638e40,10,2947,True,26846,26444,153.9856762263371
2948,e15ce268-ee54-4a64-8770-5f8ec4638e40,10,2948,True,26876,26474,171.3339411771085
2949,e15ce268-ee54-4a64-8770-5f8ec4638e40,10,2949,True,26896,26494,151.0372371604717
2950,e15ce268-ee54-4a64-8770-5f8ec4638e40,10,2950,True,26920,26518,152.40828580414382
2951,e15ce268-ee54-4a64-8770-5f8ec4638e40,10,2951,True,26950,26548,185.68742982444383
2952,e15ce268-ee54-4a64-8770-5f8ec4638e40,10,2952,True,26972,26570,171.54075492962147
2953,e15ce268-ee54-4a64-8770-5f8ec4638e40,10,2953,True,26996,26594,125.51905776327476
2954,e15ce268-ee54-4a64-8770-5f8ec4638e40,10,2954,True,27021,26619,152.1436445971267
2955,e15ce268-ee54-4a64-8770-5f8ec4638e40,10,2955,True,27037,26635,162.6639378695436
2956,e15ce268-ee54-4a64-8770-5f8ec4638e40,10,2956,True,27068,26666,193.12490093399902
2957,e15ce268-ee54-4a64-8770-5f8ec4638e40,10,2957,True,27092,26690,173.56748290661562
2958,e15ce268-ee54-4a64-8770-5f8ec4638e40,10,2958,True,27122,26720,159.77151913336274
2959,e15ce268-ee54-4a64-8770-5f8ec4638e40,10,2959,True,27155,26753,175.61376106890384
2960,e15ce268-ee54-4a64-8770-5f8ec4638e40,10,2960,True,27177,26775,179.27208758944107
2961,e15ce268-ee54-4a64-8770-5f8ec4638e40,10,2961,True,27204,26802,247.7827101436087
2962,e15ce268-ee54-4a64-8770-5f8ec4638e40,10,2962,True,27234,26832,259.99012909545854
2963,e15ce268-ee54-4a64-8770-5f8ec4638e40,10,2963,True,27261,26859,228.51057130241315
2964,e15ce268-ee54-4a64-8770-5f8ec4638e40,10,2964,True,27285,26883,213.5602215559411
2965,e15ce268-ee54-4a64-8770-5f8ec4638e40,10,2965,True,27317,26915,252.4571578230025
2966,e15ce268-ee54-4a64-8770-5f8ec4638e40,10,2966,True,27346,26944,227.50808867403612
2967,e15ce268-ee54-4a64-8770-5f8ec4638e40,10,2967,True,27367,26965,259.9075147771546
2968,e15ce268-ee54-4a64-8770-5f8ec4638e40,10,2968,True,27390,26988,250.04063758032135
2969,e15ce268-ee54-4a64-8770-5f8ec4638e40,10,2969,True,27418,27016,292.48693913952957
2970,e15ce268-ee54-4a64-8770-5f8ec4638e40,10,2970,True,27457,27055,218.4580723790641
2971,e15ce268-ee54-4a64-8770-5f8ec4638e40,10,2971,True,27488,27086,222.48693913952957
2972,e15ce268-ee54-4a64-8770-5f8ec4638e40,10,2972,True,27508,27106,237.6626596668284
2973,e15ce268-ee54-4a64-8770-5f8ec4638e40,10,2973,True,27530,27128,281.47184918561106
2974,e15ce268-ee54-4a64-8770-5f8ec4638e40,10,2974,True,27556,27154,255.47184918561106
2975,e15ce268-ee54-4a64-8770-5f8ec4638e40,10,2975,True,27577,27175,291.5815784944971
2976,e15ce268-ee54-4a64-8770-5f8ec4638e40,10,2976,True,27601,27199,282.16681137469277
2977,e15ce268-ee54-4a64-8770-5f8ec4638e40,10,2977,True,27635,27233,193.1900880380599
2978,e15ce268-ee54-4a64-8770-5f8ec4638e40,10,2978,True,27668,27266,215.16681137469277
2979,e15ce268-ee54-4a64-8770-5f8ec4638e40,10,2979,True,27693,27291,183.76796329858917
2980,e15ce268-ee54-4a64-8770-5f8ec4638e40,10,2980,True,27720,27318,277.6257386436955
2981,e15ce268-ee54-4a64-8770-5f8ec4638e40,10,2981,True,27743,27341,231.26227179773923
2982,e15ce268-ee54-4a64-8770-5f8ec4638e40,10,2982,True,27770,27368,217.06644766770114
2983,e15ce268-ee54-4a64-8770-5f8ec4638e40,10,2983,True,27788,27386,236.02690255648486
2984,e15ce268-ee54-4a64-8770-5f8ec4638e40,10,2984,True,27811,27409,248.40014292699198
2985,e15ce268-ee54-4a64-8770-5f8ec4638e40,10,2985,True,27833,27431,226.40014292699198
2986,e15ce268-ee54-4a64-8770-5f8ec4638e40,10,2986,True,27856,27454,191.28440166102882
2987,e15ce268-ee54-4a64-8770-5f8ec4638e40,10,2987,True,27895,27493,202.0757959733637
2988,e15ce268-ee54-4a64-8770-5f8ec4638e40,10,2988,True,27920,27518,151.39449599978616
2989,e15ce268-ee54-4a64-8770-5f8ec4638e40,10,2989,True,27936,27534,209.3915364008426
2990,e15ce268-ee54-4a64-8770-5f8ec4638e40,10,2990,True,27966,27564,153.62720145200365
2991,e15ce268-ee54-4a64-8770-5f8ec4638e40,10,2991,True,28005,27603,167.8123220897869
2992,e15ce268-ee54-4a64-8770-5f8ec4638e40,10,2992,True,28036,27634,187.70089897465732
2993,e15ce268-ee54-4a64-8770-5f8ec4638e40,10,2993,True,28064,27662,129.52404285912053
2994,e15ce268-ee54-4a64-8770-5f8ec4638e40,10,2994,True,28091,27689,124.50888014346856
2995,e15ce268-ee54-4a64-8770-5f8ec4638e40,10,2995,True,28116,27714,101.19198886647064
2996,e15ce268-ee54-4a64-8770-5f8ec4638e40,10,2996,True,28144,27742,96.1726012406616
2997,e15ce268-ee54-4a64-8770-5f8ec4638e40,10,2997,True,28166,27764,85.35446520667392
2998,e15ce268-ee54-4a64-8770-5f8ec4638e40,10,2998,True,28197,27795,78.03388835111036
2999,e15ce268-ee54-4a64-8770-5f8ec4638e40,10,2999,True,28225,27823,88.61591668245819
