{"clients": [{"6": {"client_id": 0, "slo": 0, "num_jobs": 5000, "throughput_qps": 31.473041041606635, "total_num_complete": 3949, "goodput_qps": 0, "total_num_tardy": 3949, "median_tardiness_ms": 85.8279116959493, "mean_tardiness_ms": 88.58902951459056, "std_tardiness_ms": 12.744581047773144, "median_latency_ms": 85.8279116959493, "mean_latency_ms": 88.58902951459056, "std_latency_ms": 12.744581047773144, "p99_latency_ms": 136.72904066024668, "total_num_dropped": 1051, "drop_rate_qps": 8.37633986698622}}, {"7": {"client_id": 1, "slo": 0, "num_jobs": 5000, "throughput_qps": 26.539895167154146, "total_num_complete": 3329, "goodput_qps": 0, "total_num_tardy": 3329, "median_tardiness_ms": 94.47092998234439, "mean_tardiness_ms": 96.96485487044163, "std_tardiness_ms": 12.821694898879393, "median_latency_ms": 94.47092998234439, "mean_latency_ms": 96.96485487044163, "std_latency_ms": 12.821694898879393, "p99_latency_ms": 146.21125604405478, "total_num_dropped": 1671, "drop_rate_qps": 13.321767745363346}}, {"8": {"client_id": 2, "slo": 0, "num_jobs": 5000, "throughput_qps": 23.673313258162135, "total_num_complete": 2945, "goodput_qps": 0, "total_num_tardy": 2945, "median_tardiness_ms": 106.14492056478593, "mean_tardiness_ms": 108.78592273731853, "std_tardiness_ms": 14.18784586941933, "median_latency_ms": 106.14492056478593, "mean_latency_ms": 108.78592273731853, "std_latency_ms": 14.18784586941933, "p99_latency_ms": 164.4177343986071, "total_num_dropped": 2055, "drop_rate_qps": 16.519069183539283}}]}