{"clients": [{"6": {"client_id": 0, "slo": 249, "num_jobs": 5000, "throughput_qps": 30.624999736357214, "total_num_complete": 4940, "goodput_qps": 30.624999736357214, "total_num_tardy": 0, "median_latency_ms": 86.95121487113101, "mean_latency_ms": 88.39288574269793, "std_latency_ms": 9.302583266006973, "p99_latency_ms": 116.54986778026213, "total_num_dropped": 60, "drop_rate_qps": 0.3719635595508973}}, {"7": {"client_id": 1, "slo": 281, "num_jobs": 5000, "throughput_qps": 30.28524259899353, "total_num_complete": 4887, "goodput_qps": 30.28524259899353, "total_num_tardy": 0, "median_latency_ms": 94.50611191187636, "mean_latency_ms": 95.68309942947994, "std_latency_ms": 8.71760726727311, "p99_latency_ms": 121.91794027220944, "total_num_dropped": 113, "drop_rate_qps": 0.7002726445030221}}, {"8": {"client_id": 2, "slo": 321, "num_jobs": 5000, "throughput_qps": 30.785494829915816, "total_num_complete": 4932, "goodput_qps": 30.785494829915816, "total_num_tardy": 0, "median_latency_ms": 105.59099894166138, "mean_latency_ms": 106.85274302754075, "std_latency_ms": 9.234436059875241, "p99_latency_ms": 134.3738887668587, "total_num_dropped": 68, "drop_rate_qps": 0.42445532206696585}}]}