{"clients": [{"6": {"client_id": 0, "slo": 124, "num_jobs": 1000, "throughput_qps": 20.069035468061283, "total_num_complete": 1000, "goodput_qps": 18.64413394982893, "total_num_tardy": 71, "median_tardiness_ms": 7.695124312200278, "mean_tardiness_ms": 10.103659437112283, "std_tardiness_ms": 9.781427533698542, "median_latency_ms": 86.5789172507782, "mean_latency_ms": 89.2687310764531, "std_latency_ms": 20.948721289264803, "p99_latency_ms": 142.3501072155171, "total_num_dropped": 0, "drop_rate_qps": 0.0}}, {"7": {"client_id": 1, "slo": 140, "num_jobs": 1000, "throughput_qps": 20.043953653367712, "total_num_complete": 1000, "goodput_qps": 19.983821792407607, "total_num_tardy": 3, "median_tardiness_ms": 4.147109639230621, "mean_tardiness_ms": 3.7911220244932338, "std_tardiness_ms": 1.862184118006894, "median_latency_ms": 81.3536900522364, "mean_latency_ms": 85.87570881750905, "std_latency_ms": 15.038142925752132, "p99_latency_ms": 134.70822166701592, "total_num_dropped": 0, "drop_rate_qps": 0.0}}, {"8": {"client_id": 2, "slo": 160, "num_jobs": 1000, "throughput_qps": 19.93783596867778, "total_num_complete": 1000, "goodput_qps": 19.93783596867778, "total_num_tardy": 0, "median_latency_ms": 91.76534446689448, "mean_latency_ms": 94.64246441611812, "std_latency_ms": 12.942063697164233, "p99_latency_ms": 131.246146547417, "total_num_dropped": 0, "drop_rate_qps": 0.0}}]}