{"clients": [{"6": {"client_id": 0, "slo": 249, "num_jobs": 5000, "throughput_qps": 35.66082465665476, "total_num_complete": 5000, "goodput_qps": 35.20436610104958, "total_num_tardy": 64, "median_tardiness_ms": 13.74838448943774, "mean_tardiness_ms": 22.439065620969217, "std_tardiness_ms": 21.103114972472255, "median_latency_ms": 151.9815348756838, "mean_latency_ms": 155.81064188257358, "std_latency_ms": 30.86424570687437, "p99_latency_ms": 255.34847855923726, "total_num_dropped": 0, "drop_rate_qps": 0.0}}, {"7": {"client_id": 1, "slo": 281, "num_jobs": 5000, "throughput_qps": 35.584843391477364, "total_num_complete": 5000, "goodput_qps": 35.32863251905872, "total_num_tardy": 36, "median_tardiness_ms": 13.397625599054663, "mean_tardiness_ms": 24.086138547668675, "std_tardiness_ms": 24.705070590896142, "median_latency_ms": 163.17395809976006, "mean_latency_ms": 167.4864764296478, "std_latency_ms": 32.41858995109985, "p99_latency_ms": 264.2111680801097, "total_num_dropped": 0, "drop_rate_qps": 0.0}}, {"8": {"client_id": 2, "slo": 321, "num_jobs": 5000, "throughput_qps": 35.84477726534777, "total_num_complete": 5000, "goodput_qps": 35.69422920083332, "total_num_tardy": 21, "median_tardiness_ms": 30.019022578839213, "mean_tardiness_ms": 32.80649314095562, "std_tardiness_ms": 28.24955886393218, "median_latency_ms": 180.1331768324826, "mean_latency_ms": 185.8995262866807, "std_latency_ms": 34.54877513340072, "p99_latency_ms": 292.4109099301247, "total_num_dropped": 0, "drop_rate_qps": 0.0}}]}