{"clients": [{"6": {"client_id": 0, "slo": 624, "num_jobs": 5000, "throughput_qps": 34.29620261485248, "total_num_complete": 4809, "goodput_qps": 34.29620261485248, "total_num_tardy": 0, "median_latency_ms": 144.68925725485315, "mean_latency_ms": 146.27228338455896, "std_latency_ms": 25.577674754967987, "p99_latency_ms": 214.4223021754378, "total_num_dropped": 191, "drop_rate_qps": 1.3621490329458983}}, {"7": {"client_id": 1, "slo": 704, "num_jobs": 5000, "throughput_qps": 34.48161820347084, "total_num_complete": 4845, "goodput_qps": 34.48161820347084, "total_num_tardy": 0, "median_latency_ms": 152.98185062620905, "mean_latency_ms": 155.02835941197753, "std_latency_ms": 26.333414180083516, "p99_latency_ms": 227.75798430653364, "total_num_dropped": 155, "drop_rate_qps": 1.1031271045486026}}, {"8": {"client_id": 2, "slo": 804, "num_jobs": 5000, "throughput_qps": 34.676654673657254, "total_num_complete": 4835, "goodput_qps": 34.676654673657254, "total_num_tardy": 0, "median_latency_ms": 167.2064596417149, "mean_latency_ms": 169.53460083685943, "std_latency_ms": 26.612380137126838, "p99_latency_ms": 243.6805536638651, "total_num_dropped": 165, "drop_rate_qps": 1.183381183278893}}]}