{"clients": [{"6": {"client_id": 0, "slo": 249, "num_jobs": 5000, "throughput_qps": 29.415111115216202, "total_num_complete": 4745, "goodput_qps": 29.136147996104565, "total_num_tardy": 45, "median_tardiness_ms": 1.058726404378831, "mean_tardiness_ms": 1.2894732416601073, "std_tardiness_ms": 0.9096714302164293, "median_latency_ms": 148.9146524798732, "mean_latency_ms": 154.00723600678805, "std_latency_ms": 41.47179236343589, "p99_latency_ms": 248.68098271997712, "total_num_dropped": 255, "drop_rate_qps": 1.58079100829929}}, {"7": {"client_id": 1, "slo": 281, "num_jobs": 5000, "throughput_qps": 29.67619868515801, "total_num_complete": 4789, "goodput_qps": 29.52128012864748, "total_num_tardy": 25, "median_tardiness_ms": 1.9910516588715836, "mean_tardiness_ms": 1.7755012574334978, "std_tardiness_ms": 1.0045720407603933, "median_latency_ms": 166.97622927577322, "mean_latency_ms": 172.3325567841747, "std_latency_ms": 48.098956071589804, "p99_latency_ms": 279.36229164866205, "total_num_dropped": 211, "drop_rate_qps": 1.3075126169489122}}, {"8": {"client_id": 2, "slo": 321, "num_jobs": 5000, "throughput_qps": 29.822235101272792, "total_num_complete": 4782, "goodput_qps": 29.68503535802143, "total_num_tardy": 22, "median_tardiness_ms": 2.2457123401763965, "mean_tardiness_ms": 2.698726171557031, "std_tardiness_ms": 2.198863061004882, "median_latency_ms": 192.60632587897817, "mean_latency_ms": 197.29131169906924, "std_latency_ms": 52.81039944869755, "p99_latency_ms": 317.58709522157665, "total_num_dropped": 218, "drop_rate_qps": 1.3595247285816539}}]}