{"clients": [{"6": {"client_id": 0, "slo": 0, "num_jobs": 5000, "throughput_qps": 34.833338818725025, "total_num_complete": 5000, "goodput_qps": 0, "total_num_tardy": 5000, "median_tardiness_ms": 2356.381967605339, "mean_tardiness_ms": 2267.052036949262, "std_tardiness_ms": 918.3682974427337, "median_latency_ms": 2356.381967605339, "mean_latency_ms": 2267.052036949262, "std_latency_ms": 918.3682974427337, "p99_latency_ms": 3642.4613293634047, "total_num_dropped": 0, "drop_rate_qps": 0.0}}, {"7": {"client_id": 1, "slo": 0, "num_jobs": 5000, "throughput_qps": 34.79947713456333, "total_num_complete": 5000, "goodput_qps": 0, "total_num_tardy": 5000, "median_tardiness_ms": 2369.5687547943744, "mean_tardiness_ms": 2282.30016699631, "std_tardiness_ms": 918.9463535894345, "median_latency_ms": 2369.5687547943744, "mean_latency_ms": 2282.30016699631, "std_latency_ms": 918.9463535894345, "p99_latency_ms": 3656.9194769789974, "total_num_dropped": 0, "drop_rate_qps": 0.0}}, {"8": {"client_id": 2, "slo": 0, "num_jobs": 5000, "throughput_qps": 34.990965763058114, "total_num_complete": 5000, "goodput_qps": 0, "total_num_tardy": 5000, "median_tardiness_ms": 2374.953117217774, "mean_tardiness_ms": 2292.601411847285, "std_tardiness_ms": 917.3716822775158, "median_latency_ms": 2374.953117217774, "mean_latency_ms": 2292.601411847285, "std_latency_ms": 917.3716822775158, "p99_latency_ms": 3679.581740215704, "total_num_dropped": 0, "drop_rate_qps": 0.0}}]}