{"clients": [{"6": {"client_id": 0, "slo": 124, "num_jobs": 5000, "throughput_qps": 3.9368284704367986, "total_num_complete": 552, "goodput_qps": 3.6515510450428277, "total_num_tardy": 40, "median_tardiness_ms": 1.494732679819208, "mean_tardiness_ms": 1.5307094886869663, "std_tardiness_ms": 0.8655878119162802, "median_latency_ms": 107.9447841549736, "mean_latency_ms": 105.27009089300724, "std_latency_ms": 14.807045899501185, "p99_latency_ms": 126.51636974480694, "total_num_dropped": 4448, "drop_rate_qps": 31.722849703809565}}, {"7": {"client_id": 1, "slo": 140, "num_jobs": 5000, "throughput_qps": 5.216672380340171, "total_num_complete": 733, "goodput_qps": 4.839477788037266, "total_num_tardy": 53, "median_tardiness_ms": 1.420569267385872, "mean_tardiness_ms": 1.4954214211419155, "std_tardiness_ms": 1.0153669866726527, "median_latency_ms": 121.81098197816755, "mean_latency_ms": 117.74722177503916, "std_latency_ms": 17.43662399856057, "p99_latency_ms": 142.6058529486558, "total_num_dropped": 4267, "drop_rate_qps": 30.36772311993385}}, {"8": {"client_id": 2, "slo": 160, "num_jobs": 5000, "throughput_qps": 7.460062244576941, "total_num_complete": 1040, "goodput_qps": 6.81447993495009, "total_num_tardy": 90, "median_tardiness_ms": 1.5857961736819561, "mean_tardiness_ms": 1.9947957155049703, "std_tardiness_ms": 1.5207841457723674, "median_latency_ms": 142.246380294162, "mean_latency_ms": 137.1920143500995, "std_latency_ms": 19.66309640243144, "p99_latency_ms": 163.8667090833001, "total_num_dropped": 3960, "drop_rate_qps": 28.40562162358143}}]}