{"clients": [{"6": {"client_id": 0, "slo": 249, "num_jobs": 5000, "throughput_qps": 25.961495236157923, "total_num_complete": 5000, "goodput_qps": 25.961495236157923, "total_num_tardy": 0, "median_latency_ms": 81.62812019794364, "mean_latency_ms": 83.08320019014627, "std_latency_ms": 8.167780732089104, "p99_latency_ms": 113.65591761786924, "total_num_dropped": 0, "drop_rate_qps": 0.0}}, {"7": {"client_id": 1, "slo": 281, "num_jobs": 5000, "throughput_qps": 25.988553844131264, "total_num_complete": 5000, "goodput_qps": 25.988553844131264, "total_num_tardy": 0, "median_latency_ms": 89.7404283446458, "mean_latency_ms": 91.26530690055573, "std_latency_ms": 8.848635459644212, "p99_latency_ms": 124.70998813478684, "total_num_dropped": 0, "drop_rate_qps": 0.0}}, {"8": {"client_id": 2, "slo": 321, "num_jobs": 5000, "throughput_qps": 26.15584757030783, "total_num_complete": 5000, "goodput_qps": 26.15584757030783, "total_num_tardy": 0, "median_latency_ms": 99.91076774053363, "mean_latency_ms": 101.6220179476986, "std_latency_ms": 9.421317236268392, "p99_latency_ms": 136.8927317819775, "total_num_dropped": 0, "drop_rate_qps": 0.0}}]}