{"clients": [{"6": {"client_id": 0, "slo": 124, "num_jobs": 1000, "throughput_qps": 39.30755975967323, "total_num_complete": 1000, "goodput_qps": 0.6046069210470445, "total_num_tardy": 988, "median_tardiness_ms": 428.51120556848355, "mean_tardiness_ms": 498.1318716961014, "std_tardiness_ms": 315.0140173933813, "median_latency_ms": 539.9658143742663, "mean_latency_ms": 615.8155714344608, "std_latency_ms": 318.3277095956149, "p99_latency_ms": 1296.511357072564, "total_num_dropped": 0, "drop_rate_qps": 0.0}}, {"7": {"client_id": 1, "slo": 140, "num_jobs": 1000, "throughput_qps": 39.259602985264834, "total_num_complete": 1000, "goodput_qps": 1.4617664413523106, "total_num_tardy": 971, "median_tardiness_ms": 328.57077826131354, "mean_tardiness_ms": 427.0941683216255, "std_tardiness_ms": 311.1619335490653, "median_latency_ms": 458.52309377705274, "mean_latency_ms": 553.7510135191837, "std_latency_ms": 316.2127943144265, "p99_latency_ms": 1274.9997076258398, "total_num_dropped": 0, "drop_rate_qps": 0.0}}, {"8": {"client_id": 2, "slo": 160, "num_jobs": 1000, "throughput_qps": 39.276564791008354, "total_num_complete": 1000, "goodput_qps": 1.867318803177601, "total_num_tardy": 963, "median_tardiness_ms": 328.9613592605383, "mean_tardiness_ms": 416.33443079725157, "std_tardiness_ms": 305.3989597288601, "median_latency_ms": 465.02301741504107, "mean_latency_ms": 559.7370556088713, "std_latency_ms": 311.45175615677255, "p99_latency_ms": 1254.2810876765602, "total_num_dropped": 0, "drop_rate_qps": 0.0}}]}