{"clients": [{"6": {"client_id": 0, "slo": 124, "num_jobs": 5000, "throughput_qps": 25.45744737124706, "total_num_complete": 4903, "goodput_qps": 25.30168081584477, "total_num_tardy": 30, "median_tardiness_ms": 1.3299161041713887, "mean_tardiness_ms": 1.2964560754441967, "std_tardiness_ms": 0.845347953835098, "median_latency_ms": 88.27499745890964, "mean_latency_ms": 90.72713909323507, "std_latency_ms": 10.82793416030719, "p99_latency_ms": 122.6608159811658, "total_num_dropped": 97, "drop_rate_qps": 0.503645195800727}}, {"7": {"client_id": 1, "slo": 140, "num_jobs": 5000, "throughput_qps": 25.532222834915746, "total_num_complete": 4912, "goodput_qps": 25.40227463237648, "total_num_tardy": 25, "median_tardiness_ms": 1.625309162234771, "mean_tardiness_ms": 1.6044741664819595, "std_tardiness_ms": 1.1546775073350586, "median_latency_ms": 96.33631212788896, "mean_latency_ms": 99.36594753936723, "std_latency_ms": 12.203458809855727, "p99_latency_ms": 138.12617758429246, "total_num_dropped": 88, "drop_rate_qps": 0.45741767293823005}}, {"8": {"client_id": 2, "slo": 160, "num_jobs": 5000, "throughput_qps": 25.757066646837163, "total_num_complete": 4924, "goodput_qps": 25.678602796369542, "total_num_tardy": 15, "median_tardiness_ms": 1.4516823860467412, "mean_tardiness_ms": 2.0501039207010763, "std_tardiness_ms": 1.6624911463391825, "median_latency_ms": 107.58158728415583, "mean_latency_ms": 110.74636612047969, "std_latency_ms": 13.094124945741658, "p99_latency_ms": 154.48383528290722, "total_num_dropped": 76, "drop_rate_qps": 0.3975501757026044}}]}