{"clients": [{"1": {"client_id": 0, "slo": 0, "num_jobs": 1000, "throughput_qps": 6.008380629132784, "total_num_complete": 1000, "goodput_qps": 0, "total_num_tardy": 1000, "median_tardiness_ms": 355.60479164159005, "mean_tardiness_ms": 418.7463679906499, "std_tardiness_ms": 209.05140487080646, "median_latency_ms": 355.60479164159005, "mean_latency_ms": 418.7463679906499, "std_latency_ms": 209.05140487080646, "p99_latency_ms": 1128.3081427751067, "total_num_dropped": 0, "drop_rate_qps": 0.0}}, {"4": {"client_id": 1, "slo": 0, "num_jobs": 1000, "throughput_qps": 5.943582754349641, "total_num_complete": 1000, "goodput_qps": 0, "total_num_tardy": 1000, "median_tardiness_ms": 1092.8521419840672, "mean_tardiness_ms": 1125.8153241238952, "std_tardiness_ms": 385.1358607011877, "median_latency_ms": 1092.8521419840672, "mean_latency_ms": 1125.8153241238952, "std_latency_ms": 385.1358607011877, "p99_latency_ms": 2098.571082241625, "total_num_dropped": 0, "drop_rate_qps": 0.0}}, {"5": {"client_id": 2, "slo": 0, "num_jobs": 1000, "throughput_qps": 5.977165746156286, "total_num_complete": 1000, "goodput_qps": 0, "total_num_tardy": 1000, "median_tardiness_ms": 542.3935031092551, "mean_tardiness_ms": 564.1231696352871, "std_tardiness_ms": 222.0753971574995, "median_latency_ms": 542.3935031092551, "mean_latency_ms": 564.1231696352871, "std_latency_ms": 222.0753971574995, "p99_latency_ms": 1182.4464684173806, "total_num_dropped": 0, "drop_rate_qps": 0.0}}]}