,client_id,workflow_id,job_id,was_completed,deadline,create_time,response_time
0,294e0356-4985-40b9-8b30-823a5113e0fd,6,0,True,338,26,63.31088573728867
1,294e0356-4985-40b9-8b30-823a5113e0fd,6,1,True,370,58,63.592489750271184
2,294e0356-4985-40b9-8b30-823a5113e0fd,6,2,True,391,79,71.09885391212543
3,294e0356-4985-40b9-8b30-823a5113e0fd,6,3,True,420,108,83.46919553638503
4,294e0356-4985-40b9-8b30-823a5113e0fd,6,4,True,454,142,74.84859002171311
5,294e0356-4985-40b9-8b30-823a5113e0fd,6,5,True,476,164,91.28117092457228
6,294e0356-4985-40b9-8b30-823a5113e0fd,6,6,True,501,189,90.41892448171569
7,294e0356-4985-40b9-8b30-823a5113e0fd,6,7,True,528,216,140.03039210059615
8,294e0356-4985-40b9-8b30-823a5113e0fd,6,8,True,557,245,108.25018902382328
9,294e0356-4985-40b9-8b30-823a5113e0fd,6,9,True,581,269,97.02547509326251
10,294e0356-4985-40b9-8b30-823a5113e0fd,6,10,True,608,296,180.36487334617493
11,294e0356-4985-40b9-8b30-823a5113e0fd,6,11,True,631,319,159.82391339127747
12,294e0356-4985-40b9-8b30-823a5113e0fd,6,12,True,660,348,107.12809811252845
13,294e0356-4985-40b9-8b30-823a5113e0fd,6,13,True,689,377,151.89801787574038
14,294e0356-4985-40b9-8b30-823a5113e0fd,6,14,True,714,402,148.89585476509308
15,294e0356-4985-40b9-8b30-823a5113e0fd,6,15,True,745,433,125.77618833794838
16,294e0356-4985-40b9-8b30-823a5113e0fd,6,16,True,765,453,145.74210912006856
17,294e0356-4985-40b9-8b30-823a5113e0fd,6,17,True,789,477,132.0019664458664
18,294e0356-4985-40b9-8b30-823a5113e0fd,6,18,True,814,502,135.0214458856707
19,294e0356-4985-40b9-8b30-823a5113e0fd,6,19,True,842,530,98.59577441425711
20,294e0356-4985-40b9-8b30-823a5113e0fd,6,20,True,880,568,110.45888504456127
21,294e0356-4985-40b9-8b30-823a5113e0fd,6,21,True,909,597,99.38885397581453
22,294e0356-4985-40b9-8b30-823a5113e0fd,6,22,True,928,616,91.57009875688891
23,294e0356-4985-40b9-8b30-823a5113e0fd,6,23,True,943,631,146.17862602401658
24,294e0356-4985-40b9-8b30-823a5113e0fd,6,24,True,969,657,125.03928082671814
25,294e0356-4985-40b9-8b30-823a5113e0fd,6,25,True,1003,691,139.3798367012588
26,294e0356-4985-40b9-8b30-823a5113e0fd,6,26,True,1027,715,120.18212027421293
27,294e0356-4985-40b9-8b30-823a5113e0fd,6,27,True,1048,736,144.30085138745187
28,294e0356-4985-40b9-8b30-823a5113e0fd,6,28,True,1080,768,122.13616186575393
29,294e0356-4985-40b9-8b30-823a5113e0fd,6,29,True,1111,799,201.50956483194614
30,294e0356-4985-40b9-8b30-823a5113e0fd,6,30,True,1143,831,148.71156942413722
31,294e0356-4985-40b9-8b30-823a5113e0fd,6,31,True,1168,856,193.33880861442321
32,294e0356-4985-40b9-8b30-823a5113e0fd,6,32,True,1202,890,162.14237371959666
33,294e0356-4985-40b9-8b30-823a5113e0fd,6,33,True,1227,915,179.88783899026998
34,294e0356-4985-40b9-8b30-823a5113e0fd,6,34,True,1252,940,157.14024122233855
35,294e0356-4985-40b9-8b30-823a5113e0fd,6,35,True,1283,971,178.38890900086813
36,294e0356-4985-40b9-8b30-823a5113e0fd,6,36,True,1318,1006,197.37007717684446
37,294e0356-4985-40b9-8b30-823a5113e0fd,6,37,True,1338,1026,173.83499561267104
38,294e0356-4985-40b9-8b30-823a5113e0fd,6,38,True,1370,1058,198.36481129622393
39,294e0356-4985-40b9-8b30-823a5113e0fd,6,39,True,1402,1090,157.45998021548075
40,294e0356-4985-40b9-8b30-823a5113e0fd,6,40,True,1430,1118,191.7765780303871
41,294e0356-4985-40b9-8b30-823a5113e0fd,6,41,True,1455,1143,181.57524515075784
42,294e0356-4985-40b9-8b30-823a5113e0fd,6,42,True,1491,1179,189.36174521634007
43,294e0356-4985-40b9-8b30-823a5113e0fd,6,43,True,1517,1205,147.1980075536885
44,294e0356-4985-40b9-8b30-823a5113e0fd,6,44,True,1540,1228,189.17015688386186
45,294e0356-4985-40b9-8b30-823a5113e0fd,6,45,True,1564,1252,124.11578858636176
46,294e0356-4985-40b9-8b30-823a5113e0fd,6,46,True,1601,1289,174.9310314913007
47,294e0356-4985-40b9-8b30-823a5113e0fd,6,47,True,1631,1319,138.1342789529217
48,294e0356-4985-40b9-8b30-823a5113e0fd,6,48,True,1664,1352,165.45678430377689
49,294e0356-4985-40b9-8b30-823a5113e0fd,6,49,True,1699,1387,192.13753672540224
50,294e0356-4985-40b9-8b30-823a5113e0fd,6,50,True,1724,1412,144.3177780301728
51,294e0356-4985-40b9-8b30-823a5113e0fd,6,51,True,1747,1435,131.73095450599112
52,294e0356-4985-40b9-8b30-823a5113e0fd,6,52,True,1773,1461,199.22236167154892
53,294e0356-4985-40b9-8b30-823a5113e0fd,6,53,True,1793,1481,156.2226782878513
54,294e0356-4985-40b9-8b30-823a5113e0fd,6,54,True,1832,1520,167.58624057235215
55,294e0356-4985-40b9-8b30-823a5113e0fd,6,55,True,1860,1548,188.73281246255078
56,294e0356-4985-40b9-8b30-823a5113e0fd,6,56,True,1886,1574,160.10810444976073
57,294e0356-4985-40b9-8b30-823a5113e0fd,6,57,True,1928,1616,146.00318299938226
58,294e0356-4985-40b9-8b30-823a5113e0fd,6,58,True,1956,1644,112.94760986287838
59,294e0356-4985-40b9-8b30-823a5113e0fd,6,59,True,1980,1668,114.85404115318079
60,294e0356-4985-40b9-8b30-823a5113e0fd,6,60,True,2009,1697,146.07256648616794
61,294e0356-4985-40b9-8b30-823a5113e0fd,6,61,True,2025,1713,150.71885765176148
62,294e0356-4985-40b9-8b30-823a5113e0fd,6,62,True,2061,1749,145.9309303711268
63,294e0356-4985-40b9-8b30-823a5113e0fd,6,63,True,2082,1770,142.99637806513533
64,294e0356-4985-40b9-8b30-823a5113e0fd,6,64,True,2112,1800,209.75788948877334
65,294e0356-4985-40b9-8b30-823a5113e0fd,6,65,True,2135,1823,189.35411655103053
66,294e0356-4985-40b9-8b30-823a5113e0fd,6,66,True,2161,1849,157.9573849206838
67,294e0356-4985-40b9-8b30-823a5113e0fd,6,67,True,2191,1879,204.59194592875156
68,294e0356-4985-40b9-8b30-823a5113e0fd,6,68,True,2216,1904,182.1976211685269
69,294e0356-4985-40b9-8b30-823a5113e0fd,6,69,True,2247,1935,193.52678172320066
70,294e0356-4985-40b9-8b30-823a5113e0fd,6,70,True,2275,1963,170.3477761773861
71,294e0356-4985-40b9-8b30-823a5113e0fd,6,71,True,2305,1993,150.44613466028295
72,294e0356-4985-40b9-8b30-823a5113e0fd,6,72,True,2336,2024,150.39372190719905
73,294e0356-4985-40b9-8b30-823a5113e0fd,6,73,True,2374,2062,152.15395480943926
74,294e0356-4985-40b9-8b30-823a5113e0fd,6,74,True,2399,2087,158.88674170344893
75,294e0356-4985-40b9-8b30-823a5113e0fd,6,75,True,2436,2124,141.49620730854258
76,294e0356-4985-40b9-8b30-823a5113e0fd,6,76,True,2460,2148,115.19228543799727
77,294e0356-4985-40b9-8b30-823a5113e0fd,6,77,True,2493,2181,152.5980686766493
78,294e0356-4985-40b9-8b30-823a5113e0fd,6,78,True,2521,2209,132.44616549924876
79,294e0356-4985-40b9-8b30-823a5113e0fd,6,79,True,2557,2245,139.98694864659228
80,294e0356-4985-40b9-8b30-823a5113e0fd,6,80,True,2582,2270,125.35625960276457
81,294e0356-4985-40b9-8b30-823a5113e0fd,6,81,True,2617,2305,113.41582258739754
82,294e0356-4985-40b9-8b30-823a5113e0fd,6,82,True,2647,2335,133.03585229288637
83,294e0356-4985-40b9-8b30-823a5113e0fd,6,83,True,2669,2357,130.12141578468572
84,294e0356-4985-40b9-8b30-823a5113e0fd,6,84,True,2698,2386,108.06657838204228
85,294e0356-4985-40b9-8b30-823a5113e0fd,6,85,True,2718,2406,137.97392054297552
86,294e0356-4985-40b9-8b30-823a5113e0fd,6,86,True,2746,2434,120.17640807593762
87,294e0356-4985-40b9-8b30-823a5113e0fd,6,87,True,2776,2464,137.26731345280677
88,294e0356-4985-40b9-8b30-823a5113e0fd,6,88,True,2807,2495,121.5319927087221
89,294e0356-4985-40b9-8b30-823a5113e0fd,6,89,True,2832,2520,141.6998187445738
90,294e0356-4985-40b9-8b30-823a5113e0fd,6,90,True,2862,2550,125.67086823441423
91,294e0356-4985-40b9-8b30-823a5113e0fd,6,91,True,2892,2580,106.07606383613756
92,294e0356-4985-40b9-8b30-823a5113e0fd,6,92,True,2911,2599,141.38586877537819
93,294e0356-4985-40b9-8b30-823a5113e0fd,6,93,True,2935,2623,120.85810515515413
94,294e0356-4985-40b9-8b30-823a5113e0fd,6,94,True,2970,2658,117.8912842831669
95,294e0356-4985-40b9-8b30-823a5113e0fd,6,95,True,3003,2691,148.14735221630872
96,294e0356-4985-40b9-8b30-823a5113e0fd,6,96,True,3032,2720,136.7438681608137
97,294e0356-4985-40b9-8b30-823a5113e0fd,6,97,True,3054,2742,126.46368962261886
98,294e0356-4985-40b9-8b30-823a5113e0fd,6,98,True,3078,2766,148.33863571819438
99,294e0356-4985-40b9-8b30-823a5113e0fd,6,99,True,3108,2796,124.31351392651777
100,294e0356-4985-40b9-8b30-823a5113e0fd,6,100,True,3145,2833,115.12774658548051
101,294e0356-4985-40b9-8b30-823a5113e0fd,6,101,True,3172,2860,138.26149178346805
102,294e0356-4985-40b9-8b30-823a5113e0fd,6,102,True,3196,2884,122.64010066066021
103,294e0356-4985-40b9-8b30-823a5113e0fd,6,103,True,3230,2918,119.8420657043007
104,294e0356-4985-40b9-8b30-823a5113e0fd,6,104,True,3252,2940,108.23668028885504
105,294e0356-4985-40b9-8b30-823a5113e0fd,6,105,True,3290,2978,110.3715177902859
106,294e0356-4985-40b9-8b30-823a5113e0fd,6,106,True,3319,3007,99.10780708327457
107,294e0356-4985-40b9-8b30-823a5113e0fd,6,107,True,3340,3028,142.1824868243907
108,294e0356-4985-40b9-8b30-823a5113e0fd,6,108,True,3375,3063,139.40035746906688
109,294e0356-4985-40b9-8b30-823a5113e0fd,6,109,True,3406,3094,88.31277949994137
110,294e0356-4985-40b9-8b30-823a5113e0fd,6,110,True,3431,3119,166.6656731489852
111,294e0356-4985-40b9-8b30-823a5113e0fd,6,111,True,3459,3147,115.74947286157521
112,294e0356-4985-40b9-8b30-823a5113e0fd,6,112,True,3492,3180,108.29433795536625
113,294e0356-4985-40b9-8b30-823a5113e0fd,6,113,True,3523,3211,159.8789899771864
114,294e0356-4985-40b9-8b30-823a5113e0fd,6,114,True,3558,3246,127.58464862910478
115,294e0356-4985-40b9-8b30-823a5113e0fd,6,115,True,3584,3272,149.43899540469465
116,294e0356-4985-40b9-8b30-823a5113e0fd,6,116,True,3613,3301,108.59081854345686
117,294e0356-4985-40b9-8b30-823a5113e0fd,6,117,True,3640,3328,104.87775242592443
118,294e0356-4985-40b9-8b30-823a5113e0fd,6,118,True,3664,3352,121.48582296976883
119,294e0356-4985-40b9-8b30-823a5113e0fd,6,119,True,3676,3364,94.1194327437488
120,294e0356-4985-40b9-8b30-823a5113e0fd,6,120,True,3709,3397,151.02254138251237
121,294e0356-4985-40b9-8b30-823a5113e0fd,6,121,True,3730,3418,132.28810648254876
122,294e0356-4985-40b9-8b30-823a5113e0fd,6,122,True,3762,3450,174.43052820671664
123,294e0356-4985-40b9-8b30-823a5113e0fd,6,123,True,3792,3480,123.92793493093905
124,294e0356-4985-40b9-8b30-823a5113e0fd,6,124,True,3820,3508,143.25043405907672
125,294e0356-4985-40b9-8b30-823a5113e0fd,6,125,True,3848,3536,145.3826587757967
126,294e0356-4985-40b9-8b30-823a5113e0fd,6,126,True,3881,3569,146.47312150764992
127,294e0356-4985-40b9-8b30-823a5113e0fd,6,127,True,3908,3596,136.1317197254184
128,294e0356-4985-40b9-8b30-823a5113e0fd,6,128,True,3942,3630,171.67729682036907
129,294e0356-4985-40b9-8b30-823a5113e0fd,6,129,True,3968,3656,116.43242205159731
130,294e0356-4985-40b9-8b30-823a5113e0fd,6,130,True,3990,3678,179.92007819171795
131,294e0356-4985-40b9-8b30-823a5113e0fd,6,131,True,4018,3706,115.28473093301409
132,294e0356-4985-40b9-8b30-823a5113e0fd,6,132,True,4048,3736,179.58755018844158
133,294e0356-4985-40b9-8b30-823a5113e0fd,6,133,True,4088,3776,115.52550878873353
134,294e0356-4985-40b9-8b30-823a5113e0fd,6,134,True,4117,3805,161.7429911712402
135,294e0356-4985-40b9-8b30-823a5113e0fd,6,135,True,4143,3831,117.62834172626617
136,294e0356-4985-40b9-8b30-823a5113e0fd,6,136,True,4168,3856,163.9036806266654
137,294e0356-4985-40b9-8b30-823a5113e0fd,6,137,True,4183,3871,120.37825322387198
138,294e0356-4985-40b9-8b30-823a5113e0fd,6,138,True,4217,3905,145.92751490456203
139,294e0356-4985-40b9-8b30-823a5113e0fd,6,139,True,4244,3932,140.83878902650122
140,294e0356-4985-40b9-8b30-823a5113e0fd,6,140,True,4272,3960,139.42783046782733
141,294e0356-4985-40b9-8b30-823a5113e0fd,6,141,True,4294,3982,142.54036024759716
142,294e0356-4985-40b9-8b30-823a5113e0fd,6,142,True,4320,4008,126.27612256570956
143,294e0356-4985-40b9-8b30-823a5113e0fd,6,143,True,4350,4038,138.70972343957055
144,294e0356-4985-40b9-8b30-823a5113e0fd,6,144,True,4376,4064,140.52499197155612
145,294e0356-4985-40b9-8b30-823a5113e0fd,6,145,True,4404,4092,109.14864301064335
146,294e0356-4985-40b9-8b30-823a5113e0fd,6,146,True,4434,4122,132.09810110674061
147,294e0356-4985-40b9-8b30-823a5113e0fd,6,147,True,4452,4140,127.42900961845407
148,294e0356-4985-40b9-8b30-823a5113e0fd,6,148,True,4490,4178,153.8224807127781
149,294e0356-4985-40b9-8b30-823a5113e0fd,6,149,True,4516,4204,125.17724877758064
150,294e0356-4985-40b9-8b30-823a5113e0fd,6,150,True,4543,4231,179.316545816293
151,294e0356-4985-40b9-8b30-823a5113e0fd,6,151,True,4581,4269,134.47341352706553
152,294e0356-4985-40b9-8b30-823a5113e0fd,6,152,True,4603,4291,143.9439956480128
153,294e0356-4985-40b9-8b30-823a5113e0fd,6,153,True,4623,4311,118.83519824165069
154,294e0356-4985-40b9-8b30-823a5113e0fd,6,154,True,4642,4330,192.18715976288695
155,294e0356-4985-40b9-8b30-823a5113e0fd,6,155,True,4660,4348,121.58204989669866
156,294e0356-4985-40b9-8b30-823a5113e0fd,6,156,True,4694,4382,115.03352842667664
157,294e0356-4985-40b9-8b30-823a5113e0fd,6,157,True,4727,4415,161.0160557243662
158,294e0356-4985-40b9-8b30-823a5113e0fd,6,158,True,4747,4435,186.89927969503424
159,294e0356-4985-40b9-8b30-823a5113e0fd,6,159,True,4777,4465,141.39978763860017
160,294e0356-4985-40b9-8b30-823a5113e0fd,6,160,True,4801,4489,159.8100866033692
161,294e0356-4985-40b9-8b30-823a5113e0fd,6,161,True,4827,4515,164.98893959844736
162,294e0356-4985-40b9-8b30-823a5113e0fd,6,162,True,4852,4540,136.32128952619132
163,294e0356-4985-40b9-8b30-823a5113e0fd,6,163,True,4886,4574,155.6304486350009
164,294e0356-4985-40b9-8b30-823a5113e0fd,6,164,True,4918,4606,152.1769319880641
165,294e0356-4985-40b9-8b30-823a5113e0fd,6,165,True,4938,4626,152.32616909161152
166,294e0356-4985-40b9-8b30-823a5113e0fd,6,166,True,4966,4654,152.7864482836776
167,294e0356-4985-40b9-8b30-823a5113e0fd,6,167,True,4991,4679,124.98522939089344
168,294e0356-4985-40b9-8b30-823a5113e0fd,6,168,True,5017,4705,142.27558942676296
169,294e0356-4985-40b9-8b30-823a5113e0fd,6,169,True,5053,4741,115.3717469598796
170,294e0356-4985-40b9-8b30-823a5113e0fd,6,170,True,5078,4766,155.28219423057726
171,294e0356-4985-40b9-8b30-823a5113e0fd,6,171,True,5118,4806,162.86439904429426
172,294e0356-4985-40b9-8b30-823a5113e0fd,6,172,True,5148,4836,162.92007721958544
173,294e0356-4985-40b9-8b30-823a5113e0fd,6,173,True,5172,4860,159.09999517481356
174,294e0356-4985-40b9-8b30-823a5113e0fd,6,174,True,5202,4890,163.57916586431747
175,294e0356-4985-40b9-8b30-823a5113e0fd,6,175,True,5221,4909,113.05744005883571
176,294e0356-4985-40b9-8b30-823a5113e0fd,6,176,True,5238,4926,146.2216440440343
177,294e0356-4985-40b9-8b30-823a5113e0fd,6,177,True,5265,4953,166.34724805144742
178,294e0356-4985-40b9-8b30-823a5113e0fd,6,178,True,5290,4978,115.74614166049014
179,294e0356-4985-40b9-8b30-823a5113e0fd,6,179,True,5311,4999,167.24263441003768
180,294e0356-4985-40b9-8b30-823a5113e0fd,6,180,True,5341,5029,139.5506400382219
181,294e0356-4985-40b9-8b30-823a5113e0fd,6,181,True,5360,5048,128.2360789665281
182,294e0356-4985-40b9-8b30-823a5113e0fd,6,182,True,5391,5079,111.50311237546521
183,294e0356-4985-40b9-8b30-823a5113e0fd,6,183,True,5417,5105,128.11096913431447
184,294e0356-4985-40b9-8b30-823a5113e0fd,6,184,True,5443,5131,184.93370350932946
185,294e0356-4985-40b9-8b30-823a5113e0fd,6,185,True,5475,5163,127.03672799278411
186,294e0356-4985-40b9-8b30-823a5113e0fd,6,186,True,5502,5190,172.52662533679904
187,294e0356-4985-40b9-8b30-823a5113e0fd,6,187,True,5522,5210,108.4342942220701
188,294e0356-4985-40b9-8b30-823a5113e0fd,6,188,True,5539,5227,144.13661257633794
189,294e0356-4985-40b9-8b30-823a5113e0fd,6,189,True,5559,5247,119.91194112889934
190,294e0356-4985-40b9-8b30-823a5113e0fd,6,190,True,5591,5279,146.13977937893196
191,294e0356-4985-40b9-8b30-823a5113e0fd,6,191,True,5633,5321,116.8531614261592
192,294e0356-4985-40b9-8b30-823a5113e0fd,6,192,True,5657,5345,171.5992850830262
193,294e0356-4985-40b9-8b30-823a5113e0fd,6,193,True,5675,5363,153.5992850830262
194,294e0356-4985-40b9-8b30-823a5113e0fd,6,194,True,5705,5393,119.05936626485254
195,294e0356-4985-40b9-8b30-823a5113e0fd,6,195,True,5732,5420,163.96987913165685
196,294e0356-4985-40b9-8b30-823a5113e0fd,6,196,True,5761,5449,121.63353998296316
197,294e0356-4985-40b9-8b30-823a5113e0fd,6,197,True,5776,5464,145.13973264388187
198,294e0356-4985-40b9-8b30-823a5113e0fd,6,198,True,5815,5503,123.23873521253427
199,294e0356-4985-40b9-8b30-823a5113e0fd,6,199,True,5842,5530,147.16172955921138
200,294e0356-4985-40b9-8b30-823a5113e0fd,6,200,True,5866,5554,128.05924172850155
201,294e0356-4985-40b9-8b30-823a5113e0fd,6,201,True,5893,5581,148.88724558884314
202,294e0356-4985-40b9-8b30-823a5113e0fd,6,202,True,5922,5610,134.1380779959154
203,294e0356-4985-40b9-8b30-823a5113e0fd,6,203,True,5953,5641,105.56833481121885
204,294e0356-4985-40b9-8b30-823a5113e0fd,6,204,True,5978,5666,128.7994825526921
205,294e0356-4985-40b9-8b30-823a5113e0fd,6,205,True,6009,5697,106.64506865929343
206,294e0356-4985-40b9-8b30-823a5113e0fd,6,206,True,6045,5733,111.66705209691372
207,294e0356-4985-40b9-8b30-823a5113e0fd,6,207,True,6084,5772,94.31072558615415
208,294e0356-4985-40b9-8b30-823a5113e0fd,6,208,True,6113,5801,157.1611146102914
209,294e0356-4985-40b9-8b30-823a5113e0fd,6,209,True,6128,5816,144.59107641570608
210,294e0356-4985-40b9-8b30-823a5113e0fd,6,210,True,6154,5842,195.3011407409058
211,294e0356-4985-40b9-8b30-823a5113e0fd,6,211,True,6183,5871,136.13693223264545
212,294e0356-4985-40b9-8b30-823a5113e0fd,6,212,True,6217,5905,140.4750506932396
213,294e0356-4985-40b9-8b30-823a5113e0fd,6,213,True,6243,5931,133.33458645195333
214,294e0356-4985-40b9-8b30-823a5113e0fd,6,214,True,6277,5965,124.73652636321367
215,294e0356-4985-40b9-8b30-823a5113e0fd,6,215,True,6304,5992,106.08480805876934
216,294e0356-4985-40b9-8b30-823a5113e0fd,6,216,True,6344,6032,216.8201611639306
217,294e0356-4985-40b9-8b30-823a5113e0fd,6,217,True,6367,6055,164.11407800818324
218,294e0356-4985-40b9-8b30-823a5113e0fd,6,218,True,6397,6085,220.61885634961436
219,294e0356-4985-40b9-8b30-823a5113e0fd,6,219,True,6417,6105,198.4809731029345
220,294e0356-4985-40b9-8b30-823a5113e0fd,6,220,True,6445,6133,244.12715009652493
221,294e0356-4985-40b9-8b30-823a5113e0fd,6,221,True,6473,6161,213.58477569426577
222,294e0356-4985-40b9-8b30-823a5113e0fd,6,222,True,6502,6190,179.05183063307686
223,294e0356-4985-40b9-8b30-823a5113e0fd,6,223,True,6537,6225,215.91253992897964
224,294e0356-4985-40b9-8b30-823a5113e0fd,6,224,True,6558,6246,219.81420720657388
225,294e0356-4985-40b9-8b30-823a5113e0fd,6,225,True,6590,6278,162.91253992897964
226,294e0356-4985-40b9-8b30-823a5113e0fd,6,226,True,6621,6309,159.38806594641483
227,294e0356-4985-40b9-8b30-823a5113e0fd,6,227,True,6642,6330,186.13424710056916
228,294e0356-4985-40b9-8b30-823a5113e0fd,6,228,True,6667,6355,255.93763026373836
229,294e0356-4985-40b9-8b30-823a5113e0fd,6,229,True,6693,6381,191.1164817086983
230,294e0356-4985-40b9-8b30-823a5113e0fd,6,230,True,6729,6417,193.93763026373836
231,294e0356-4985-40b9-8b30-823a5113e0fd,6,231,True,6757,6445,175.87934728846085
232,294e0356-4985-40b9-8b30-823a5113e0fd,6,232,True,6783,6471,193.08518087043376
233,294e0356-4985-40b9-8b30-823a5113e0fd,6,233,True,6811,6499,175.63372742904176
234,294e0356-4985-40b9-8b30-823a5113e0fd,6,234,True,6839,6527,188.65008985540317
235,294e0356-4985-40b9-8b30-823a5113e0fd,6,235,True,6869,6557,161.13516624991826
236,294e0356-4985-40b9-8b30-823a5113e0fd,6,236,True,6887,6575,143.13516624991826
237,294e0356-4985-40b9-8b30-823a5113e0fd,6,237,True,6908,6596,221.70950384284788
238,294e0356-4985-40b9-8b30-823a5113e0fd,6,238,True,6929,6617,124.15951409873651
239,294e0356-4985-40b9-8b30-823a5113e0fd,6,239,True,6951,6639,184.29455386953123
240,294e0356-4985-40b9-8b30-823a5113e0fd,6,240,True,6987,6675,129.67961407352504
241,294e0356-4985-40b9-8b30-823a5113e0fd,6,241,True,7017,6705,168.10790005541548
242,294e0356-4985-40b9-8b30-823a5113e0fd,6,242,True,7039,6727,128.53311892767942
243,294e0356-4985-40b9-8b30-823a5113e0fd,6,243,True,7061,6749,183.73039387664812
244,294e0356-4985-40b9-8b30-823a5113e0fd,6,244,True,7083,6771,141.40674798549844
245,294e0356-4985-40b9-8b30-823a5113e0fd,6,245,True,7103,6791,171.03519145163955
246,294e0356-4985-40b9-8b30-823a5113e0fd,6,246,True,7126,6814,153.14880886298306
247,294e0356-4985-40b9-8b30-823a5113e0fd,6,247,True,7154,6842,102.84569725645815
248,294e0356-4985-40b9-8b30-823a5113e0fd,6,248,True,7184,6872,125.03815937669424
249,294e0356-4985-40b9-8b30-823a5113e0fd,6,249,True,7201,6889,129.16868855593566
250,294e0356-4985-40b9-8b30-823a5113e0fd,6,250,True,7234,6922,116.95110434148955
251,294e0356-4985-40b9-8b30-823a5113e0fd,6,251,True,7256,6944,104.17399669968381
252,294e0356-4985-40b9-8b30-823a5113e0fd,6,252,True,7282,6970,156.68737633955607
253,294e0356-4985-40b9-8b30-823a5113e0fd,6,253,True,7312,7000,193.9623374573357
254,294e0356-4985-40b9-8b30-823a5113e0fd,6,254,True,7339,7027,146.27287439674728
255,294e0356-4985-40b9-8b30-823a5113e0fd,6,255,True,7353,7041,169.02323825004532
256,294e0356-4985-40b9-8b30-823a5113e0fd,6,256,True,7381,7069,166.4729147269636
257,294e0356-4985-40b9-8b30-823a5113e0fd,6,257,True,7401,7089,154.86937327882697
258,294e0356-4985-40b9-8b30-823a5113e0fd,6,258,True,7429,7117,180.02012367941916
259,294e0356-4985-40b9-8b30-823a5113e0fd,6,259,True,7453,7141,152.86227676785256
260,294e0356-4985-40b9-8b30-823a5113e0fd,6,260,True,7476,7164,133.02012367941916
261,294e0356-4985-40b9-8b30-823a5113e0fd,6,261,True,7505,7193,148.81533454567307
262,294e0356-4985-40b9-8b30-823a5113e0fd,6,262,True,7538,7226,165.91723356228158
263,294e0356-4985-40b9-8b30-823a5113e0fd,6,263,True,7557,7245,155.91794818162998
264,294e0356-4985-40b9-8b30-823a5113e0fd,6,264,True,7586,7274,177.26422188294873
265,294e0356-4985-40b9-8b30-823a5113e0fd,6,265,True,7613,7301,165.07618043811635
266,294e0356-4985-40b9-8b30-823a5113e0fd,6,266,True,7637,7325,164.45156997686354
267,294e0356-4985-40b9-8b30-823a5113e0fd,6,267,True,7667,7355,140.67361741145578
268,294e0356-4985-40b9-8b30-823a5113e0fd,6,268,True,7696,7384,175.39478249944386
269,294e0356-4985-40b9-8b30-823a5113e0fd,6,269,True,7716,7404,108.05169025951454
270,294e0356-4985-40b9-8b30-823a5113e0fd,6,270,True,7739,7427,138.95666925117712
271,294e0356-4985-40b9-8b30-823a5113e0fd,6,271,True,7761,7449,121.35957509601758
272,294e0356-4985-40b9-8b30-823a5113e0fd,6,272,True,7780,7468,167.12317183446976
273,294e0356-4985-40b9-8b30-823a5113e0fd,6,273,True,7800,7488,131.28232712577483
274,294e0356-4985-40b9-8b30-823a5113e0fd,6,274,True,7833,7521,162.79321871812044
275,294e0356-4985-40b9-8b30-823a5113e0fd,6,275,True,7855,7543,137.73666502496508
276,294e0356-4985-40b9-8b30-823a5113e0fd,6,276,True,7892,7580,169.33341865209604
277,294e0356-4985-40b9-8b30-823a5113e0fd,6,277,True,7921,7609,185.70897408824112
278,294e0356-4985-40b9-8b30-823a5113e0fd,6,278,True,7953,7641,159.88670991136223
279,294e0356-4985-40b9-8b30-823a5113e0fd,6,279,True,7978,7666,152.3045505370992
280,294e0356-4985-40b9-8b30-823a5113e0fd,6,280,True,8006,7694,182.43216809718433
281,294e0356-4985-40b9-8b30-823a5113e0fd,6,281,True,8026,7714,210.63462283272474
282,294e0356-4985-40b9-8b30-823a5113e0fd,6,282,True,8050,7738,184.0890052040486
283,294e0356-4985-40b9-8b30-823a5113e0fd,6,283,True,8071,7759,120.04467292503159
284,294e0356-4985-40b9-8b30-823a5113e0fd,6,284,True,8099,7787,158.06149813732463
285,294e0356-4985-40b9-8b30-823a5113e0fd,6,285,True,8124,7812,164.3668274772599
286,294e0356-4985-40b9-8b30-823a5113e0fd,6,286,True,8149,7837,158.35892431873071
287,294e0356-4985-40b9-8b30-823a5113e0fd,6,287,True,8173,7861,162.77539934500055
288,294e0356-4985-40b9-8b30-823a5113e0fd,6,288,True,8205,7893,152.21331684868164
289,294e0356-4985-40b9-8b30-823a5113e0fd,6,289,True,8232,7920,161.18180057021164
290,294e0356-4985-40b9-8b30-823a5113e0fd,6,290,True,8257,7945,133.67035371860675
291,294e0356-4985-40b9-8b30-823a5113e0fd,6,291,True,8278,7966,171.00666433002152
292,294e0356-4985-40b9-8b30-823a5113e0fd,6,292,True,8316,8004,150.68317730384206
293,294e0356-4985-40b9-8b30-823a5113e0fd,6,293,True,8334,8022,144.34190733342166
294,294e0356-4985-40b9-8b30-823a5113e0fd,6,294,True,8363,8051,152.48084102790017
295,294e0356-4985-40b9-8b30-823a5113e0fd,6,295,True,8384,8072,181.4024320309527
296,294e0356-4985-40b9-8b30-823a5113e0fd,6,296,True,8407,8095,175.5752031896427
297,294e0356-4985-40b9-8b30-823a5113e0fd,6,297,True,8429,8117,162.56548641487643
298,294e0356-4985-40b9-8b30-823a5113e0fd,6,298,True,8459,8147,135.27390377497613
299,294e0356-4985-40b9-8b30-823a5113e0fd,6,299,True,8484,8172,149.17604380571356
300,294e0356-4985-40b9-8b30-823a5113e0fd,6,300,True,8510,8198,135.58452125491567
301,294e0356-4985-40b9-8b30-823a5113e0fd,6,301,True,8537,8225,197.3618030214584
302,294e0356-4985-40b9-8b30-823a5113e0fd,6,302,True,8564,8252,147.44719518063903
303,294e0356-4985-40b9-8b30-823a5113e0fd,6,303,True,8596,8284,199.6786292973411
304,294e0356-4985-40b9-8b30-823a5113e0fd,6,304,True,8622,8310,143.12502767648766
305,294e0356-4985-40b9-8b30-823a5113e0fd,6,305,True,8658,8346,157.9259269807444
306,294e0356-4985-40b9-8b30-823a5113e0fd,6,306,True,8688,8376,131.6451641646745
307,294e0356-4985-40b9-8b30-823a5113e0fd,6,307,True,8709,8397,160.0784683822294
308,294e0356-4985-40b9-8b30-823a5113e0fd,6,308,True,8739,8427,173.09516958805943
309,294e0356-4985-40b9-8b30-823a5113e0fd,6,309,True,8760,8448,149.88517929528825
310,294e0356-4985-40b9-8b30-823a5113e0fd,6,310,True,8784,8472,136.87310663507924
311,294e0356-4985-40b9-8b30-823a5113e0fd,6,311,True,8809,8497,185.37426786742253
312,294e0356-4985-40b9-8b30-823a5113e0fd,6,312,True,8830,8518,191.0701411577429
313,294e0356-4985-40b9-8b30-823a5113e0fd,6,313,True,8863,8551,158.0701411577429
314,294e0356-4985-40b9-8b30-823a5113e0fd,6,314,True,8886,8574,235.45933845430955
315,294e0356-4985-40b9-8b30-823a5113e0fd,6,315,True,8917,8605,168.39359944091666
316,294e0356-4985-40b9-8b30-823a5113e0fd,6,316,True,8948,8636,173.45933845430955
317,294e0356-4985-40b9-8b30-823a5113e0fd,6,317,True,8972,8660,198.94032203828283
318,294e0356-4985-40b9-8b30-823a5113e0fd,6,318,True,9001,8689,159.98220824553937
319,294e0356-4985-40b9-8b30-823a5113e0fd,6,319,True,9028,8716,136.57427105492934
320,294e0356-4985-40b9-8b30-823a5113e0fd,6,320,True,9049,8737,167.71095206754217
321,294e0356-4985-40b9-8b30-823a5113e0fd,6,321,True,9077,8765,186.8353859768431
322,294e0356-4985-40b9-8b30-823a5113e0fd,6,322,True,9115,8803,127.33709212231406
323,294e0356-4985-40b9-8b30-823a5113e0fd,6,323,True,9146,8834,120.36780284876295
324,294e0356-4985-40b9-8b30-823a5113e0fd,6,324,True,9175,8863,114.58360845604147
325,294e0356-4985-40b9-8b30-823a5113e0fd,6,325,True,9202,8890,150.34903704131466
326,294e0356-4985-40b9-8b30-823a5113e0fd,6,326,True,9229,8917,140.05139736745878
327,294e0356-4985-40b9-8b30-823a5113e0fd,6,327,True,9250,8938,156.3040608715237
328,294e0356-4985-40b9-8b30-823a5113e0fd,6,328,True,9285,8973,136.2011573136515
329,294e0356-4985-40b9-8b30-823a5113e0fd,6,329,True,9314,9002,109.33012951329147
330,294e0356-4985-40b9-8b30-823a5113e0fd,6,330,True,9331,9019,127.97570379673925
331,294e0356-4985-40b9-8b30-823a5113e0fd,6,331,True,9364,9052,111.51472125188229
332,294e0356-4985-40b9-8b30-823a5113e0fd,6,332,True,9389,9077,108.03548224004226
333,294e0356-4985-40b9-8b30-823a5113e0fd,6,333,True,9417,9105,150.33110451696848
334,294e0356-4985-40b9-8b30-823a5113e0fd,6,334,True,9442,9130,145.5516698839765
335,294e0356-4985-40b9-8b30-823a5113e0fd,6,335,True,9474,9162,145.46648043710775
336,294e0356-4985-40b9-8b30-823a5113e0fd,6,336,True,9497,9185,138.98348835772413
337,294e0356-4985-40b9-8b30-823a5113e0fd,6,337,True,9518,9206,124.38908891232677
338,294e0356-4985-40b9-8b30-823a5113e0fd,6,338,True,9546,9234,158.66031120810112
339,294e0356-4985-40b9-8b30-823a5113e0fd,6,339,True,9583,9271,132.81479841431428
340,294e0356-4985-40b9-8b30-823a5113e0fd,6,340,True,9612,9300,133.71354480235823
341,294e0356-4985-40b9-8b30-823a5113e0fd,6,341,True,9633,9321,137.3547689548377
342,294e0356-4985-40b9-8b30-823a5113e0fd,6,342,True,9661,9349,120.0659882552427
343,294e0356-4985-40b9-8b30-823a5113e0fd,6,343,True,9679,9367,117.87653614796909
344,294e0356-4985-40b9-8b30-823a5113e0fd,6,344,True,9702,9390,178.90931004640515
345,294e0356-4985-40b9-8b30-823a5113e0fd,6,345,True,9725,9413,137.82058807415524
346,294e0356-4985-40b9-8b30-823a5113e0fd,6,346,True,9754,9442,134.66841265313815
347,294e0356-4985-40b9-8b30-823a5113e0fd,6,347,True,9786,9474,111.57774680788134
348,294e0356-4985-40b9-8b30-823a5113e0fd,6,348,True,9814,9502,131.33783894883163
349,294e0356-4985-40b9-8b30-823a5113e0fd,6,349,True,9840,9528,117.58865389710991
350,294e0356-4985-40b9-8b30-823a5113e0fd,6,350,True,9861,9549,131.7339421472807
351,294e0356-4985-40b9-8b30-823a5113e0fd,6,351,True,9887,9575,123.50830403867076
352,294e0356-4985-40b9-8b30-823a5113e0fd,6,352,True,9917,9605,129.81413347527268
353,294e0356-4985-40b9-8b30-823a5113e0fd,6,353,True,9948,9636,112.28131064359877
354,294e0356-4985-40b9-8b30-823a5113e0fd,6,354,True,9971,9659,114.76356133574154
355,294e0356-4985-40b9-8b30-823a5113e0fd,6,355,True,10004,9692,99.82863755474682
356,294e0356-4985-40b9-8b30-823a5113e0fd,6,356,True,10034,9722,99.72190486159161
357,294e0356-4985-40b9-8b30-823a5113e0fd,6,357,True,10054,9742,148.619683758885
358,294e0356-4985-40b9-8b30-823a5113e0fd,6,358,True,10085,9773,127.29475647298023
359,294e0356-4985-40b9-8b30-823a5113e0fd,6,359,True,10119,9807,125.74488735935665
360,294e0356-4985-40b9-8b30-823a5113e0fd,6,360,True,10149,9837,153.34168319025412
361,294e0356-4985-40b9-8b30-823a5113e0fd,6,361,True,10172,9860,157.85338146907816
362,294e0356-4985-40b9-8b30-823a5113e0fd,6,362,True,10194,9882,138.99944660589244
363,294e0356-4985-40b9-8b30-823a5113e0fd,6,363,True,10220,9908,163.83590612739317
364,294e0356-4985-40b9-8b30-823a5113e0fd,6,364,True,10253,9941,132.9799186353266
365,294e0356-4985-40b9-8b30-823a5113e0fd,6,365,True,10277,9965,156.64217078693946
366,294e0356-4985-40b9-8b30-823a5113e0fd,6,366,True,10306,9994,129.95234552068723
367,294e0356-4985-40b9-8b30-823a5113e0fd,6,367,True,10336,10024,149.64744926738058
368,294e0356-4985-40b9-8b30-823a5113e0fd,6,368,True,10365,10053,123.19680631947267
369,294e0356-4985-40b9-8b30-823a5113e0fd,6,369,True,10397,10085,111.59415178147356
370,294e0356-4985-40b9-8b30-823a5113e0fd,6,370,True,10432,10120,104.41735008655814
371,294e0356-4985-40b9-8b30-823a5113e0fd,6,371,True,10459,10147,141.91658661081783
372,294e0356-4985-40b9-8b30-823a5113e0fd,6,372,True,10483,10171,136.74845027867377
373,294e0356-4985-40b9-8b30-823a5113e0fd,6,373,True,10513,10201,145.54895281023892
374,294e0356-4985-40b9-8b30-823a5113e0fd,6,374,True,10534,10222,137.39822423470105
375,294e0356-4985-40b9-8b30-823a5113e0fd,6,375,True,10556,10244,134.36377181316675
376,294e0356-4985-40b9-8b30-823a5113e0fd,6,376,True,10576,10264,122.06658428450282
377,294e0356-4985-40b9-8b30-823a5113e0fd,6,377,True,10600,10288,142.72348389213948
378,294e0356-4985-40b9-8b30-823a5113e0fd,6,378,True,10630,10318,122.09812525506095
379,294e0356-4985-40b9-8b30-823a5113e0fd,6,379,True,10653,10341,111.9520564844006
380,294e0356-4985-40b9-8b30-823a5113e0fd,6,380,True,10688,10376,141.1068970653505
381,294e0356-4985-40b9-8b30-823a5113e0fd,6,381,True,10717,10405,131.22737138962293
382,294e0356-4985-40b9-8b30-823a5113e0fd,6,382,True,10743,10431,151.72875239441055
383,294e0356-4985-40b9-8b30-823a5113e0fd,6,383,True,10771,10459,129.25533422800436
384,294e0356-4985-40b9-8b30-823a5113e0fd,6,384,True,10793,10481,160.56274323758043
385,294e0356-4985-40b9-8b30-823a5113e0fd,6,385,True,10812,10500,158.05538505332697
386,294e0356-4985-40b9-8b30-823a5113e0fd,6,386,True,10835,10523,143.78818918556317
387,294e0356-4985-40b9-8b30-823a5113e0fd,6,387,True,10859,10547,165.1952765056467
388,294e0356-4985-40b9-8b30-823a5113e0fd,6,388,True,10890,10578,152.3007795150079
389,294e0356-4985-40b9-8b30-823a5113e0fd,6,389,True,10919,10607,120.89059326819552
390,294e0356-4985-40b9-8b30-823a5113e0fd,6,390,True,10951,10639,128.31314320404454
391,294e0356-4985-40b9-8b30-823a5113e0fd,6,391,True,10980,10668,134.09450577133975
392,294e0356-4985-40b9-8b30-823a5113e0fd,6,392,True,11008,10696,112.33940328620156
393,294e0356-4985-40b9-8b30-823a5113e0fd,6,393,True,11033,10721,129.13498595401143
394,294e0356-4985-40b9-8b30-823a5113e0fd,6,394,True,11053,10741,138.7527943025707
395,294e0356-4985-40b9-8b30-823a5113e0fd,6,395,True,11084,10772,171.06836122541608
396,294e0356-4985-40b9-8b30-823a5113e0fd,6,396,True,11115,10803,137.74140800325767
397,294e0356-4985-40b9-8b30-823a5113e0fd,6,397,True,11138,10826,119.87942944527822
398,294e0356-4985-40b9-8b30-823a5113e0fd,6,398,True,11171,10859,142.78856771424398
399,294e0356-4985-40b9-8b30-823a5113e0fd,6,399,True,11195,10883,157.51255021397628
400,294e0356-4985-40b9-8b30-823a5113e0fd,6,400,True,11220,10908,161.70438873971216
401,294e0356-4985-40b9-8b30-823a5113e0fd,6,401,True,11257,10945,115.87672399849362
402,294e0356-4985-40b9-8b30-823a5113e0fd,6,402,True,11296,10984,107.81493725677865
403,294e0356-4985-40b9-8b30-823a5113e0fd,6,403,True,11318,11006,142.8797813507408
404,294e0356-4985-40b9-8b30-823a5113e0fd,6,404,True,11353,11041,163.2895139212451
405,294e0356-4985-40b9-8b30-823a5113e0fd,6,405,True,11386,11074,147.946967308304
406,294e0356-4985-40b9-8b30-823a5113e0fd,6,406,True,11410,11098,126.20624783459971
407,294e0356-4985-40b9-8b30-823a5113e0fd,6,407,True,11449,11137,114.02331957197384
408,294e0356-4985-40b9-8b30-823a5113e0fd,6,408,True,11471,11159,116.97146992645503
409,294e0356-4985-40b9-8b30-823a5113e0fd,6,409,True,11508,11196,105.5466539072022
410,294e0356-4985-40b9-8b30-823a5113e0fd,6,410,True,11539,11227,126.12411964508283
411,294e0356-4985-40b9-8b30-823a5113e0fd,6,411,True,11578,11266,96.40363724001509
412,294e0356-4985-40b9-8b30-823a5113e0fd,6,412,True,11612,11300,99.93017393987975
413,294e0356-4985-40b9-8b30-823a5113e0fd,6,413,True,11637,11325,87.3473977364356
414,294e0356-4985-40b9-8b30-823a5113e0fd,6,414,True,11660,11348,130.23013125113357
415,294e0356-4985-40b9-8b30-823a5113e0fd,6,415,True,11685,11373,107.5000784749027
416,294e0356-4985-40b9-8b30-823a5113e0fd,6,416,True,11703,11391,139.33376875944123
417,294e0356-4985-40b9-8b30-823a5113e0fd,6,417,True,11731,11419,113.91403891228583
418,294e0356-4985-40b9-8b30-823a5113e0fd,6,418,True,11756,11444,158.36573673290877
419,294e0356-4985-40b9-8b30-823a5113e0fd,6,419,True,11791,11479,126.79655154737702
420,294e0356-4985-40b9-8b30-823a5113e0fd,6,420,True,11814,11502,224.03095412563744
421,294e0356-4985-40b9-8b30-823a5113e0fd,6,421,True,11849,11537,123.96922733085012
422,294e0356-4985-40b9-8b30-823a5113e0fd,6,422,True,11884,11572,156.49714639330705
423,294e0356-4985-40b9-8b30-823a5113e0fd,6,423,True,11922,11610,170.16731247139614
424,294e0356-4985-40b9-8b30-823a5113e0fd,6,424,True,11954,11642,186.91159653887007
425,294e0356-4985-40b9-8b30-823a5113e0fd,6,425,True,11981,11669,159.91159653887007
426,294e0356-4985-40b9-8b30-823a5113e0fd,6,426,True,12013,11701,130.27190042421535
427,294e0356-4985-40b9-8b30-823a5113e0fd,6,427,True,12039,11727,154.55496920506084
428,294e0356-4985-40b9-8b30-823a5113e0fd,6,428,True,12062,11750,129.31216206183672
429,294e0356-4985-40b9-8b30-823a5113e0fd,6,429,True,12087,11775,136.63984400704248
430,294e0356-4985-40b9-8b30-823a5113e0fd,6,430,True,12111,11799,154.9387368125681
431,294e0356-4985-40b9-8b30-823a5113e0fd,6,431,True,12126,11814,137.60135778246695
432,294e0356-4985-40b9-8b30-823a5113e0fd,6,432,True,12152,11840,135.73740460251793
433,294e0356-4985-40b9-8b30-823a5113e0fd,6,433,True,12185,11873,133.81437979884868
434,294e0356-4985-40b9-8b30-823a5113e0fd,6,434,True,12211,11899,158.89119447117446
435,294e0356-4985-40b9-8b30-823a5113e0fd,6,435,True,12250,11938,114.73855285828904
436,294e0356-4985-40b9-8b30-823a5113e0fd,6,436,True,12279,11967,115.72906962755224
437,294e0356-4985-40b9-8b30-823a5113e0fd,6,437,True,12318,12006,132.40374157421502
438,294e0356-4985-40b9-8b30-823a5113e0fd,6,438,True,12347,12035,106.1792604145121
439,294e0356-4985-40b9-8b30-823a5113e0fd,6,439,True,12370,12058,130.60972468916225
440,294e0356-4985-40b9-8b30-823a5113e0fd,6,440,True,12393,12081,111.78667841690731
441,294e0356-4985-40b9-8b30-823a5113e0fd,6,441,True,12425,12113,148.7942541843786
442,294e0356-4985-40b9-8b30-823a5113e0fd,6,442,True,12451,12139,100.96206967352737
443,294e0356-4985-40b9-8b30-823a5113e0fd,6,443,True,12482,12170,147.31150218534094
444,294e0356-4985-40b9-8b30-823a5113e0fd,6,444,True,12515,12203,112.04290057734397
445,294e0356-4985-40b9-8b30-823a5113e0fd,6,445,True,12538,12226,154.89252623072753
446,294e0356-4985-40b9-8b30-823a5113e0fd,6,446,True,12567,12255,122.48265655181422
447,294e0356-4985-40b9-8b30-823a5113e0fd,6,447,True,12591,12279,169.05358837688436
448,294e0356-4985-40b9-8b30-823a5113e0fd,6,448,True,12625,12313,130.9951862889502
449,294e0356-4985-40b9-8b30-823a5113e0fd,6,449,True,12655,12343,123.7467113556686
450,294e0356-4985-40b9-8b30-823a5113e0fd,6,450,True,12674,12362,158.4748817478794
451,294e0356-4985-40b9-8b30-823a5113e0fd,6,451,True,12700,12388,128.6476916891752
452,294e0356-4985-40b9-8b30-823a5113e0fd,6,452,True,12731,12419,201.37299728021208
453,294e0356-4985-40b9-8b30-823a5113e0fd,6,453,True,12750,12438,130.02636460999565
454,294e0356-4985-40b9-8b30-823a5113e0fd,6,454,True,12781,12469,148.85727053297705
455,294e0356-4985-40b9-8b30-823a5113e0fd,6,455,True,12815,12503,169.19069285600563
456,294e0356-4985-40b9-8b30-823a5113e0fd,6,456,True,12842,12530,166.01460302978558
457,294e0356-4985-40b9-8b30-823a5113e0fd,6,457,True,12875,12563,135.524782768538
458,294e0356-4985-40b9-8b30-823a5113e0fd,6,458,True,12906,12594,188.77697380564496
459,294e0356-4985-40b9-8b30-823a5113e0fd,6,459,True,12930,12618,150.86007942862852
460,294e0356-4985-40b9-8b30-823a5113e0fd,6,460,True,12963,12651,199.9466975264113
461,294e0356-4985-40b9-8b30-823a5113e0fd,6,461,True,12994,12682,142.65391811831796
462,294e0356-4985-40b9-8b30-823a5113e0fd,6,462,True,13025,12713,165.72367120989293
463,294e0356-4985-40b9-8b30-823a5113e0fd,6,463,True,13055,12743,153.0058571937734
464,294e0356-4985-40b9-8b30-823a5113e0fd,6,464,True,13077,12765,180.8227202413691
465,294e0356-4985-40b9-8b30-823a5113e0fd,6,465,True,13112,12800,127.1200656281544
466,294e0356-4985-40b9-8b30-823a5113e0fd,6,466,True,13145,12833,115.83794947559363
467,294e0356-4985-40b9-8b30-823a5113e0fd,6,467,True,13170,12858,153.60373784335206
468,294e0356-4985-40b9-8b30-823a5113e0fd,6,468,True,13192,12880,128.79436592511775
469,294e0356-4985-40b9-8b30-823a5113e0fd,6,469,True,13226,12914,180.20515378373966
470,294e0356-4985-40b9-8b30-823a5113e0fd,6,470,True,13256,12944,126.69433992264567
471,294e0356-4985-40b9-8b30-823a5113e0fd,6,471,True,13286,12974,204.72596572201837
472,294e0356-4985-40b9-8b30-823a5113e0fd,6,472,True,13318,13006,141.36651863047337
473,294e0356-4985-40b9-8b30-823a5113e0fd,6,473,True,13350,13038,138.22189164727206
474,294e0356-4985-40b9-8b30-823a5113e0fd,6,474,True,13392,13080,146.09033600820476
475,294e0356-4985-40b9-8b30-823a5113e0fd,6,475,True,13423,13111,120.43613799428022
476,294e0356-4985-40b9-8b30-823a5113e0fd,6,476,True,13447,13135,115.45467515970995
477,294e0356-4985-40b9-8b30-823a5113e0fd,6,477,True,13465,13153,123.44115767644143
478,294e0356-4985-40b9-8b30-823a5113e0fd,6,478,True,13490,13178,174.46431961318194
479,294e0356-4985-40b9-8b30-823a5113e0fd,6,479,True,13522,13210,114.01861536419892
480,294e0356-4985-40b9-8b30-823a5113e0fd,6,480,True,13554,13242,133.33103619158283
481,294e0356-4985-40b9-8b30-823a5113e0fd,6,481,True,13582,13270,174.11918741613772
482,294e0356-4985-40b9-8b30-823a5113e0fd,6,482,True,13613,13301,178.93904650429795
483,294e0356-4985-40b9-8b30-823a5113e0fd,6,483,True,13640,13328,168.8286149712112
484,294e0356-4985-40b9-8b30-823a5113e0fd,6,484,True,13662,13350,118.8946083899009
485,294e0356-4985-40b9-8b30-823a5113e0fd,6,485,True,13693,13381,168.32459365242357
486,294e0356-4985-40b9-8b30-823a5113e0fd,6,486,True,13712,13400,127.00176757256304
487,294e0356-4985-40b9-8b30-823a5113e0fd,6,487,True,13742,13430,141.84560146486365
488,294e0356-4985-40b9-8b30-823a5113e0fd,6,488,True,13782,13470,122.57715040032053
489,294e0356-4985-40b9-8b30-823a5113e0fd,6,489,True,13809,13497,113.94727432378386
490,294e0356-4985-40b9-8b30-823a5113e0fd,6,490,True,13835,13523,142.90971793763129
491,294e0356-4985-40b9-8b30-823a5113e0fd,6,491,True,13861,13549,182.43254106201857
492,294e0356-4985-40b9-8b30-823a5113e0fd,6,492,True,13897,13585,156.66656791899186
493,294e0356-4985-40b9-8b30-823a5113e0fd,6,493,True,13920,13608,143.7883468079508
494,294e0356-4985-40b9-8b30-823a5113e0fd,6,494,True,13950,13638,155.4987690240523
495,294e0356-4985-40b9-8b30-823a5113e0fd,6,495,True,13984,13672,155.28335264105044
496,294e0356-4985-40b9-8b30-823a5113e0fd,6,496,True,14027,13715,116.23968629175397
497,294e0356-4985-40b9-8b30-823a5113e0fd,6,497,True,14059,13747,148.568119503052
498,294e0356-4985-40b9-8b30-823a5113e0fd,6,498,True,14080,13768,129.778526955306
499,294e0356-4985-40b9-8b30-823a5113e0fd,6,499,True,14117,13805,103.67667777808856
500,294e0356-4985-40b9-8b30-823a5113e0fd,6,500,True,14150,13838,144.98227831091754
501,294e0356-4985-40b9-8b30-823a5113e0fd,6,501,True,14170,13858,161.2039380232618
502,294e0356-4985-40b9-8b30-823a5113e0fd,6,502,True,14201,13889,134.78861440156834
503,294e0356-4985-40b9-8b30-823a5113e0fd,6,503,True,14224,13912,271.6963429009793
504,294e0356-4985-40b9-8b30-823a5113e0fd,6,504,True,14241,13929,162.02339403186488
505,294e0356-4985-40b9-8b30-823a5113e0fd,6,505,True,14265,13953,233.36972483130194
506,294e0356-4985-40b9-8b30-823a5113e0fd,6,506,True,14290,13978,275.6143131527497
507,294e0356-4985-40b9-8b30-823a5113e0fd,6,507,True,14316,14004,251.9795731803024
508,294e0356-4985-40b9-8b30-823a5113e0fd,6,508,True,14345,14033,201.77851729809117
509,294e0356-4985-40b9-8b30-823a5113e0fd,6,509,True,14377,14065,223.43554885277626
510,294e0356-4985-40b9-8b30-823a5113e0fd,6,510,True,14404,14092,206.68658600826893
511,294e0356-4985-40b9-8b30-823a5113e0fd,6,511,True,14425,14113,223.6800744506436
512,294e0356-4985-40b9-8b30-823a5113e0fd,6,512,True,14455,14143,182.7500958712535
513,294e0356-4985-40b9-8b30-823a5113e0fd,6,513,True,14484,14172,262.4697537556458
514,294e0356-4985-40b9-8b30-823a5113e0fd,6,514,True,14509,14197,234.94418178127853
515,294e0356-4985-40b9-8b30-823a5113e0fd,6,515,False,14528,14216,357.5347227186394
516,294e0356-4985-40b9-8b30-823a5113e0fd,6,516,False,14541,14229,339.1040154660859
517,294e0356-4985-40b9-8b30-823a5113e0fd,6,517,True,14567,14255,301.23857794507603
518,294e0356-4985-40b9-8b30-823a5113e0fd,6,518,True,14596,14284,291.68050170567767
519,294e0356-4985-40b9-8b30-823a5113e0fd,6,519,True,14629,14317,308.0115348047493
520,294e0356-4985-40b9-8b30-823a5113e0fd,6,520,True,14651,14339,302.9062189725446
521,294e0356-4985-40b9-8b30-823a5113e0fd,6,521,True,14681,14369,252.08997285010446
522,294e0356-4985-40b9-8b30-823a5113e0fd,6,522,False,14712,14400,331.9702505921814
523,294e0356-4985-40b9-8b30-823a5113e0fd,6,523,True,14737,14425,310.68357934290543
524,294e0356-4985-40b9-8b30-823a5113e0fd,6,524,True,14756,14444,309.35011765983836
525,294e0356-4985-40b9-8b30-823a5113e0fd,6,525,True,14784,14472,281.35011765983836
526,294e0356-4985-40b9-8b30-823a5113e0fd,6,526,False,14811,14499,352.11238359273375
527,294e0356-4985-40b9-8b30-823a5113e0fd,6,527,False,14839,14527,316.18137157996534
528,294e0356-4985-40b9-8b30-823a5113e0fd,6,528,False,14858,14546,325.49977494715495
529,294e0356-4985-40b9-8b30-823a5113e0fd,6,529,True,14881,14569,276.631666555686
530,294e0356-4985-40b9-8b30-823a5113e0fd,6,530,True,14916,14604,269.83960804984235
531,294e0356-4985-40b9-8b30-823a5113e0fd,6,531,True,14938,14626,306.10884120220726
532,294e0356-4985-40b9-8b30-823a5113e0fd,6,532,False,14968,14656,339.4681521581351
533,294e0356-4985-40b9-8b30-823a5113e0fd,6,533,True,14997,14685,247.10884120220726
534,294e0356-4985-40b9-8b30-823a5113e0fd,6,534,True,15020,14708,293.0931478217444
535,294e0356-4985-40b9-8b30-823a5113e0fd,6,535,True,15038,14726,275.0931478217444
536,294e0356-4985-40b9-8b30-823a5113e0fd,6,536,True,15062,14750,225.5297172197843
537,294e0356-4985-40b9-8b30-823a5113e0fd,6,537,True,15094,14782,292.4967218540569
538,294e0356-4985-40b9-8b30-823a5113e0fd,6,538,True,15119,14807,190.90257586587722
539,294e0356-4985-40b9-8b30-823a5113e0fd,6,539,True,15154,14842,232.4967218540569
540,294e0356-4985-40b9-8b30-823a5113e0fd,6,540,True,15181,14869,179.33348607614062
541,294e0356-4985-40b9-8b30-823a5113e0fd,6,541,True,15209,14897,203.42737791868058
542,294e0356-4985-40b9-8b30-823a5113e0fd,6,542,True,15245,14933,221.1903408281505
543,294e0356-4985-40b9-8b30-823a5113e0fd,6,543,True,15269,14957,187.55326276201413
544,294e0356-4985-40b9-8b30-823a5113e0fd,6,544,True,15305,14993,194.6209268283019
545,294e0356-4985-40b9-8b30-823a5113e0fd,6,545,True,15335,15023,221.39530551003554
546,294e0356-4985-40b9-8b30-823a5113e0fd,6,546,True,15367,15055,194.26264081805311
547,294e0356-4985-40b9-8b30-823a5113e0fd,6,547,True,15389,15077,167.39530551003554
548,294e0356-4985-40b9-8b30-823a5113e0fd,6,548,True,15433,15121,167.17610790243089
549,294e0356-4985-40b9-8b30-823a5113e0fd,6,549,True,15467,15155,143.32445113366884
550,294e0356-4985-40b9-8b30-823a5113e0fd,6,550,True,15494,15182,180.69952628441206
551,294e0356-4985-40b9-8b30-823a5113e0fd,6,551,True,15519,15207,170.34700318850992
552,294e0356-4985-40b9-8b30-823a5113e0fd,6,552,True,15541,15229,148.34700318850992
553,294e0356-4985-40b9-8b30-823a5113e0fd,6,553,True,15584,15272,169.40693622198705
554,294e0356-4985-40b9-8b30-823a5113e0fd,6,554,True,15614,15302,121.64710457227739
555,294e0356-4985-40b9-8b30-823a5113e0fd,6,555,True,15646,15334,116.35922195822968
556,294e0356-4985-40b9-8b30-823a5113e0fd,6,556,True,15669,15357,112.54339300454376
557,294e0356-4985-40b9-8b30-823a5113e0fd,6,557,True,15691,15379,161.5936930036496
558,294e0356-4985-40b9-8b30-823a5113e0fd,6,558,True,15716,15404,143.884412929674
559,294e0356-4985-40b9-8b30-823a5113e0fd,6,559,True,15743,15431,146.648085507024
560,294e0356-4985-40b9-8b30-823a5113e0fd,6,560,True,15773,15461,133.13077846537453
561,294e0356-4985-40b9-8b30-823a5113e0fd,6,561,True,15795,15483,148.83425719086517
562,294e0356-4985-40b9-8b30-823a5113e0fd,6,562,True,15825,15513,130.90506347140763
563,294e0356-4985-40b9-8b30-823a5113e0fd,6,563,True,15854,15542,157.076729986411
564,294e0356-4985-40b9-8b30-823a5113e0fd,6,564,True,15877,15565,154.74952915657195
565,294e0356-4985-40b9-8b30-823a5113e0fd,6,565,True,15901,15589,130.74952915657195
566,294e0356-4985-40b9-8b30-823a5113e0fd,6,566,True,15929,15617,146.99776624053447
567,294e0356-4985-40b9-8b30-823a5113e0fd,6,567,True,15943,15631,113.27693913189796
568,294e0356-4985-40b9-8b30-823a5113e0fd,6,568,True,15970,15658,128.40781595116823
569,294e0356-4985-40b9-8b30-823a5113e0fd,6,569,True,15995,15683,112.82549667104104
570,294e0356-4985-40b9-8b30-823a5113e0fd,6,570,True,16010,15698,139.390201305534
571,294e0356-4985-40b9-8b30-823a5113e0fd,6,571,True,16040,15728,140.47564175469597
572,294e0356-4985-40b9-8b30-823a5113e0fd,6,572,True,16067,15755,125.00720429535068
573,294e0356-4985-40b9-8b30-823a5113e0fd,6,573,True,16095,15783,160.91006872868456
574,294e0356-4985-40b9-8b30-823a5113e0fd,6,574,True,16116,15804,123.26906665823844
575,294e0356-4985-40b9-8b30-823a5113e0fd,6,575,True,16141,15829,155.2299909882313
576,294e0356-4985-40b9-8b30-823a5113e0fd,6,576,True,16164,15852,117.48633509284264
577,294e0356-4985-40b9-8b30-823a5113e0fd,6,577,True,16208,15896,119.70693299014238
578,294e0356-4985-40b9-8b30-823a5113e0fd,6,578,True,16238,15926,138.1665546422082
579,294e0356-4985-40b9-8b30-823a5113e0fd,6,579,True,16273,15961,117.2609613094155
580,294e0356-4985-40b9-8b30-823a5113e0fd,6,580,True,16304,15992,138.7064331476613
581,294e0356-4985-40b9-8b30-823a5113e0fd,6,581,True,16343,16031,119.41957346696836
582,294e0356-4985-40b9-8b30-823a5113e0fd,6,582,True,16371,16059,160.2183077022728
583,294e0356-4985-40b9-8b30-823a5113e0fd,6,583,True,16406,16094,132.52487254762855
584,294e0356-4985-40b9-8b30-823a5113e0fd,6,584,True,16437,16125,142.01421720544204
585,294e0356-4985-40b9-8b30-823a5113e0fd,6,585,True,16460,16148,136.28859946325974
586,294e0356-4985-40b9-8b30-823a5113e0fd,6,586,True,16486,16174,171.01738724951792
587,294e0356-4985-40b9-8b30-823a5113e0fd,6,587,True,16506,16194,134.11893902955126
588,294e0356-4985-40b9-8b30-823a5113e0fd,6,588,True,16535,16223,157.58694047001154
589,294e0356-4985-40b9-8b30-823a5113e0fd,6,589,True,16570,16258,130.1056479445797
590,294e0356-4985-40b9-8b30-823a5113e0fd,6,590,True,16595,16283,166.2983607062888
591,294e0356-4985-40b9-8b30-823a5113e0fd,6,591,True,16628,16316,139.14953352581142
592,294e0356-4985-40b9-8b30-823a5113e0fd,6,592,True,16661,16349,148.2738112644256
593,294e0356-4985-40b9-8b30-823a5113e0fd,6,593,True,16694,16382,143.9060307908694
594,294e0356-4985-40b9-8b30-823a5113e0fd,6,594,True,16722,16410,123.66711735875651
595,294e0356-4985-40b9-8b30-823a5113e0fd,6,595,True,16747,16435,163.1355884426448
596,294e0356-4985-40b9-8b30-823a5113e0fd,6,596,True,16773,16461,139.40317626539763
597,294e0356-4985-40b9-8b30-823a5113e0fd,6,597,True,16799,16487,175.30737530544866
598,294e0356-4985-40b9-8b30-823a5113e0fd,6,598,True,16822,16510,126.46705765186198
599,294e0356-4985-40b9-8b30-823a5113e0fd,6,599,True,16845,16533,181.03228641599344
600,294e0356-4985-40b9-8b30-823a5113e0fd,6,600,True,16874,16562,149.62458768884244
601,294e0356-4985-40b9-8b30-823a5113e0fd,6,601,True,16904,16592,147.50344212085838
602,294e0356-4985-40b9-8b30-823a5113e0fd,6,602,True,16930,16618,148.06761739058857
603,294e0356-4985-40b9-8b30-823a5113e0fd,6,603,True,16958,16646,145.3308007262167
604,294e0356-4985-40b9-8b30-823a5113e0fd,6,604,True,16984,16672,142.0098032784772
605,294e0356-4985-40b9-8b30-823a5113e0fd,6,605,True,17013,16701,141.4525671777119
606,294e0356-4985-40b9-8b30-823a5113e0fd,6,606,True,17042,16730,136.23981405294035
607,294e0356-4985-40b9-8b30-823a5113e0fd,6,607,True,17075,16763,105.96756804715915
608,294e0356-4985-40b9-8b30-823a5113e0fd,6,608,True,17115,16803,109.08381942610504
609,294e0356-4985-40b9-8b30-823a5113e0fd,6,609,True,17137,16825,115.85433930130603
610,294e0356-4985-40b9-8b30-823a5113e0fd,6,610,True,17167,16855,113.19221016902884
611,294e0356-4985-40b9-8b30-823a5113e0fd,6,611,True,17192,16880,195.37656676500774
612,294e0356-4985-40b9-8b30-823a5113e0fd,6,612,True,17219,16907,141.23727783345748
613,294e0356-4985-40b9-8b30-823a5113e0fd,6,613,True,17243,16931,169.6693505000294
614,294e0356-4985-40b9-8b30-823a5113e0fd,6,614,True,17276,16964,161.6718589805605
615,294e0356-4985-40b9-8b30-823a5113e0fd,6,615,True,17301,16989,158.7133950869502
616,294e0356-4985-40b9-8b30-823a5113e0fd,6,616,True,17332,17020,180.75453933559766
617,294e0356-4985-40b9-8b30-823a5113e0fd,6,617,True,17358,17046,127.11557692611677
618,294e0356-4985-40b9-8b30-823a5113e0fd,6,618,True,17380,17068,185.31128334270397
619,294e0356-4985-40b9-8b30-823a5113e0fd,6,619,True,17402,17090,132.8069002748125
620,294e0356-4985-40b9-8b30-823a5113e0fd,6,620,True,17433,17121,154.08703641761167
621,294e0356-4985-40b9-8b30-823a5113e0fd,6,621,True,17462,17150,128.3210091556466
622,294e0356-4985-40b9-8b30-823a5113e0fd,6,622,True,17504,17192,111.62180345856177
623,294e0356-4985-40b9-8b30-823a5113e0fd,6,623,True,17537,17225,104.74058177022016
624,294e0356-4985-40b9-8b30-823a5113e0fd,6,624,True,17577,17265,144.4191347769738
625,294e0356-4985-40b9-8b30-823a5113e0fd,6,625,True,17600,17288,145.09483271669887
626,294e0356-4985-40b9-8b30-823a5113e0fd,6,626,True,17629,17317,120.73523325151837
627,294e0356-4985-40b9-8b30-823a5113e0fd,6,627,True,17654,17342,146.9303722618788
628,294e0356-4985-40b9-8b30-823a5113e0fd,6,628,True,17686,17374,112.4714028242015
629,294e0356-4985-40b9-8b30-823a5113e0fd,6,629,True,17719,17407,122.7046891809623
630,294e0356-4985-40b9-8b30-823a5113e0fd,6,630,True,17749,17437,130.58229802492497
631,294e0356-4985-40b9-8b30-823a5113e0fd,6,631,True,17779,17467,105.68900562296403
632,294e0356-4985-40b9-8b30-823a5113e0fd,6,632,True,17808,17496,132.62334861212366
633,294e0356-4985-40b9-8b30-823a5113e0fd,6,633,True,17831,17519,99.31594762191526
634,294e0356-4985-40b9-8b30-823a5113e0fd,6,634,True,17860,17548,122.52286336811812
635,294e0356-4985-40b9-8b30-823a5113e0fd,6,635,True,17883,17571,105.86097342289577
636,294e0356-4985-40b9-8b30-823a5113e0fd,6,636,True,17912,17600,200.63823433715152
637,294e0356-4985-40b9-8b30-823a5113e0fd,6,637,True,17943,17631,143.724712341962
638,294e0356-4985-40b9-8b30-823a5113e0fd,6,638,True,17970,17658,195.31543665969002
639,294e0356-4985-40b9-8b30-823a5113e0fd,6,639,True,17991,17679,150.62678722188866
640,294e0356-4985-40b9-8b30-823a5113e0fd,6,640,True,18022,17710,195.05661944908206
641,294e0356-4985-40b9-8b30-823a5113e0fd,6,641,True,18046,17734,146.1686470127388
642,294e0356-4985-40b9-8b30-823a5113e0fd,6,642,True,18068,17756,151.52755635206995
643,294e0356-4985-40b9-8b30-823a5113e0fd,6,643,True,18091,17779,122.23638834178564
644,294e0356-4985-40b9-8b30-823a5113e0fd,6,644,True,18109,17797,128.71442913569263
645,294e0356-4985-40b9-8b30-823a5113e0fd,6,645,True,18127,17815,165.57862267674864
646,294e0356-4985-40b9-8b30-823a5113e0fd,6,646,True,18150,17838,139.01287782063446
647,294e0356-4985-40b9-8b30-823a5113e0fd,6,647,True,18185,17873,186.73673983409026
648,294e0356-4985-40b9-8b30-823a5113e0fd,6,648,True,18213,17901,156.30605796482268
649,294e0356-4985-40b9-8b30-823a5113e0fd,6,649,True,18238,17926,158.3855922336661
650,294e0356-4985-40b9-8b30-823a5113e0fd,6,650,True,18267,17955,163.97511954822767
651,294e0356-4985-40b9-8b30-823a5113e0fd,6,651,True,18294,17982,180.17459448535374
652,294e0356-4985-40b9-8b30-823a5113e0fd,6,652,True,18316,18004,114.97511954822767
653,294e0356-4985-40b9-8b30-823a5113e0fd,6,653,True,18339,18027,118.45175092701902
654,294e0356-4985-40b9-8b30-823a5113e0fd,6,654,True,18358,18046,164.14764358906177
655,294e0356-4985-40b9-8b30-823a5113e0fd,6,655,True,18390,18078,136.8163377821911
656,294e0356-4985-40b9-8b30-823a5113e0fd,6,656,True,18420,18108,152.2541533941585
657,294e0356-4985-40b9-8b30-823a5113e0fd,6,657,True,18457,18145,98.14486120164293
658,294e0356-4985-40b9-8b30-823a5113e0fd,6,658,True,18483,18171,141.78215362436458
659,294e0356-4985-40b9-8b30-823a5113e0fd,6,659,True,18511,18199,111.35827222890293
660,294e0356-4985-40b9-8b30-823a5113e0fd,6,660,True,18539,18227,161.3240667806749
661,294e0356-4985-40b9-8b30-823a5113e0fd,6,661,True,18558,18246,154.3478363314789
662,294e0356-4985-40b9-8b30-823a5113e0fd,6,662,True,18579,18267,141.07200938485767
663,294e0356-4985-40b9-8b30-823a5113e0fd,6,663,True,18611,18299,143.14248109968685
664,294e0356-4985-40b9-8b30-823a5113e0fd,6,664,True,18625,18313,137.383762584981
665,294e0356-4985-40b9-8b30-823a5113e0fd,6,665,True,18649,18337,133.94786361884326
666,294e0356-4985-40b9-8b30-823a5113e0fd,6,666,True,18678,18366,110.92013642407983
667,294e0356-4985-40b9-8b30-823a5113e0fd,6,667,True,18704,18392,178.1463261332392
668,294e0356-4985-40b9-8b30-823a5113e0fd,6,668,True,18733,18421,118.55604724728983
669,294e0356-4985-40b9-8b30-823a5113e0fd,6,669,True,18770,18458,140.92187484887472
670,294e0356-4985-40b9-8b30-823a5113e0fd,6,670,True,18796,18484,132.12910419633772
671,294e0356-4985-40b9-8b30-823a5113e0fd,6,671,True,18829,18517,140.39600648875057
672,294e0356-4985-40b9-8b30-823a5113e0fd,6,672,True,18848,18536,105.46121672111258
673,294e0356-4985-40b9-8b30-823a5113e0fd,6,673,True,18870,18558,133.74500482837175
674,294e0356-4985-40b9-8b30-823a5113e0fd,6,674,True,18900,18588,122.55049329899339
675,294e0356-4985-40b9-8b30-823a5113e0fd,6,675,True,18921,18609,127.72335023506093
676,294e0356-4985-40b9-8b30-823a5113e0fd,6,676,True,18958,18646,184.5530061304671
677,294e0356-4985-40b9-8b30-823a5113e0fd,6,677,True,18987,18675,151.93260455944255
678,294e0356-4985-40b9-8b30-823a5113e0fd,6,678,True,19009,18697,184.22176389743618
679,294e0356-4985-40b9-8b30-823a5113e0fd,6,679,True,19035,18723,153.15816060618454
680,294e0356-4985-40b9-8b30-823a5113e0fd,6,680,True,19061,18749,129.57036782746582
681,294e0356-4985-40b9-8b30-823a5113e0fd,6,681,True,19103,18791,110.77617889756584
682,294e0356-4985-40b9-8b30-823a5113e0fd,6,682,True,19128,18816,196.94703353932346
683,294e0356-4985-40b9-8b30-823a5113e0fd,6,683,True,19155,18843,144.00760976588208
684,294e0356-4985-40b9-8b30-823a5113e0fd,6,684,True,19185,18873,158.43900942873006
685,294e0356-4985-40b9-8b30-823a5113e0fd,6,685,True,19215,18903,161.70288777854512
686,294e0356-4985-40b9-8b30-823a5113e0fd,6,686,True,19236,18924,128.9546797716248
687,294e0356-4985-40b9-8b30-823a5113e0fd,6,687,True,19268,18956,154.03889382989655
688,294e0356-4985-40b9-8b30-823a5113e0fd,6,688,True,19285,18973,139.72124275855094
689,294e0356-4985-40b9-8b30-823a5113e0fd,6,689,True,19306,18994,169.1762527010069
690,294e0356-4985-40b9-8b30-823a5113e0fd,6,690,True,19331,19019,132.15019902643326
691,294e0356-4985-40b9-8b30-823a5113e0fd,6,691,True,19362,19050,162.21391502453116
692,294e0356-4985-40b9-8b30-823a5113e0fd,6,692,True,19395,19083,120.82192579348339
693,294e0356-4985-40b9-8b30-823a5113e0fd,6,693,True,19420,19108,154.66351286373174
694,294e0356-4985-40b9-8b30-823a5113e0fd,6,694,True,19448,19136,118.38386971391083
695,294e0356-4985-40b9-8b30-823a5113e0fd,6,695,True,19469,19157,121.3915655896817
696,294e0356-4985-40b9-8b30-823a5113e0fd,6,696,True,19496,19184,153.64438418796635
697,294e0356-4985-40b9-8b30-823a5113e0fd,6,697,True,19522,19210,138.19187581771985
698,294e0356-4985-40b9-8b30-823a5113e0fd,6,698,True,19554,19242,148.7152752359434
699,294e0356-4985-40b9-8b30-823a5113e0fd,6,699,True,19580,19268,170.28070325014414
700,294e0356-4985-40b9-8b30-823a5113e0fd,6,700,True,19612,19300,113.3545314749681
701,294e0356-4985-40b9-8b30-823a5113e0fd,6,701,True,19640,19328,152.7013163612355
702,294e0356-4985-40b9-8b30-823a5113e0fd,6,702,True,19681,19369,142.98184246648452
703,294e0356-4985-40b9-8b30-823a5113e0fd,6,703,True,19701,19389,154.1122953575832
704,294e0356-4985-40b9-8b30-823a5113e0fd,6,704,True,19728,19416,113.14668102885116
705,294e0356-4985-40b9-8b30-823a5113e0fd,6,705,True,19748,19436,181.54894535609128
706,294e0356-4985-40b9-8b30-823a5113e0fd,6,706,True,19769,19457,176.7762718636768
707,294e0356-4985-40b9-8b30-823a5113e0fd,6,707,True,19801,19489,142.42839287191237
708,294e0356-4985-40b9-8b30-823a5113e0fd,6,708,True,19827,19515,182.33472017035092
709,294e0356-4985-40b9-8b30-823a5113e0fd,6,709,True,19854,19542,139.7124066020806
710,294e0356-4985-40b9-8b30-823a5113e0fd,6,710,True,19887,19575,115.750720434502
711,294e0356-4985-40b9-8b30-823a5113e0fd,6,711,True,19918,19606,120.94248827265619
712,294e0356-4985-40b9-8b30-823a5113e0fd,6,712,True,19942,19630,116.63090990976343
713,294e0356-4985-40b9-8b30-823a5113e0fd,6,713,True,19969,19657,158.53477284535984
714,294e0356-4985-40b9-8b30-823a5113e0fd,6,714,True,19999,19687,152.4909266669456
715,294e0356-4985-40b9-8b30-823a5113e0fd,6,715,True,20029,19717,129.01785316662426
716,294e0356-4985-40b9-8b30-823a5113e0fd,6,716,True,20047,19735,177.32621959422977
717,294e0356-4985-40b9-8b30-823a5113e0fd,6,717,True,20068,19756,116.92664715174396
718,294e0356-4985-40b9-8b30-823a5113e0fd,6,718,True,20096,19784,186.4092661834984
719,294e0356-4985-40b9-8b30-823a5113e0fd,6,719,True,20111,19799,173.81576965461136
720,294e0356-4985-40b9-8b30-823a5113e0fd,6,720,True,20142,19830,154.95181772752403
721,294e0356-4985-40b9-8b30-823a5113e0fd,6,721,True,20160,19848,214.83437166780277
722,294e0356-4985-40b9-8b30-823a5113e0fd,6,722,True,20200,19888,151.82681773148215
723,294e0356-4985-40b9-8b30-823a5113e0fd,6,723,True,20225,19913,174.77457508983935
724,294e0356-4985-40b9-8b30-823a5113e0fd,6,724,True,20250,19938,177.82842559390338
725,294e0356-4985-40b9-8b30-823a5113e0fd,6,725,True,20280,19968,145.2555576660816
726,294e0356-4985-40b9-8b30-823a5113e0fd,6,726,True,20302,19990,125.82842559390338
727,294e0356-4985-40b9-8b30-823a5113e0fd,6,727,True,20332,20020,192.6858664255633
728,294e0356-4985-40b9-8b30-823a5113e0fd,6,728,True,20356,20044,143.72424006628717
729,294e0356-4985-40b9-8b30-823a5113e0fd,6,729,True,20380,20068,155.8017263404363
730,294e0356-4985-40b9-8b30-823a5113e0fd,6,730,True,20410,20098,128.50409578015388
731,294e0356-4985-40b9-8b30-823a5113e0fd,6,731,True,20433,20121,176.3338556289782
732,294e0356-4985-40b9-8b30-823a5113e0fd,6,732,True,20463,20151,149.31267958446188
733,294e0356-4985-40b9-8b30-823a5113e0fd,6,733,True,20493,20181,143.48923236207702
734,294e0356-4985-40b9-8b30-823a5113e0fd,6,734,True,20526,20214,119.75285140370761
735,294e0356-4985-40b9-8b30-823a5113e0fd,6,735,True,20555,20243,143.77363931180298
736,294e0356-4985-40b9-8b30-823a5113e0fd,6,736,True,20588,20276,153.87206759229957
737,294e0356-4985-40b9-8b30-823a5113e0fd,6,737,True,20609,20297,132.87206759229957
738,294e0356-4985-40b9-8b30-823a5113e0fd,6,738,True,20646,20334,148.79064788415417
739,294e0356-4985-40b9-8b30-823a5113e0fd,6,739,True,20672,20360,117.95007198694293
740,294e0356-4985-40b9-8b30-823a5113e0fd,6,740,True,20699,20387,172.6661793721214
741,294e0356-4985-40b9-8b30-823a5113e0fd,6,741,True,20738,20426,128.97940836773705
742,294e0356-4985-40b9-8b30-823a5113e0fd,6,742,True,20758,20446,184.17903515808575
743,294e0356-4985-40b9-8b30-823a5113e0fd,6,743,True,20793,20481,151.96039912933702
744,294e0356-4985-40b9-8b30-823a5113e0fd,6,744,True,20817,20505,177.06199723446116
745,294e0356-4985-40b9-8b30-823a5113e0fd,6,745,True,20851,20539,145.55388506428062
746,294e0356-4985-40b9-8b30-823a5113e0fd,6,746,True,20888,20576,112.48119479446541
747,294e0356-4985-40b9-8b30-823a5113e0fd,6,747,True,20920,20608,132.08817708714196
748,294e0356-4985-40b9-8b30-823a5113e0fd,6,748,True,20954,20642,138.50792134869698
749,294e0356-4985-40b9-8b30-823a5113e0fd,6,749,True,20986,20674,145.08154058677974
750,294e0356-4985-40b9-8b30-823a5113e0fd,6,750,True,21008,20696,142.1043810165902
751,294e0356-4985-40b9-8b30-823a5113e0fd,6,751,True,21023,20711,133.7926391281726
752,294e0356-4985-40b9-8b30-823a5113e0fd,6,752,True,21044,20732,125.58639715319441
753,294e0356-4985-40b9-8b30-823a5113e0fd,6,753,True,21077,20765,149.61514930112025
754,294e0356-4985-40b9-8b30-823a5113e0fd,6,754,True,21105,20793,128.3611741551358
755,294e0356-4985-40b9-8b30-823a5113e0fd,6,755,True,21137,20825,129.59380300108023
756,294e0356-4985-40b9-8b30-823a5113e0fd,6,756,True,21166,20854,150.55325155751416
757,294e0356-4985-40b9-8b30-823a5113e0fd,6,757,True,21190,20878,141.0236023535508
758,294e0356-4985-40b9-8b30-823a5113e0fd,6,758,True,21220,20908,122.30186428173329
759,294e0356-4985-40b9-8b30-823a5113e0fd,6,759,True,21242,20930,171.7120404910529
760,294e0356-4985-40b9-8b30-823a5113e0fd,6,760,True,21262,20950,125.66793354341644
761,294e0356-4985-40b9-8b30-823a5113e0fd,6,761,True,21295,20983,166.79944254746079
762,294e0356-4985-40b9-8b30-823a5113e0fd,6,762,True,21324,21012,114.1377767374106
763,294e0356-4985-40b9-8b30-823a5113e0fd,6,763,True,21354,21042,109.9794104312241
764,294e0356-4985-40b9-8b30-823a5113e0fd,6,764,True,21379,21067,106.15865520569423
765,294e0356-4985-40b9-8b30-823a5113e0fd,6,765,True,21408,21096,125.0543752017038
766,294e0356-4985-40b9-8b30-823a5113e0fd,6,766,True,21440,21128,186.62046821185504
767,294e0356-4985-40b9-8b30-823a5113e0fd,6,767,True,21472,21160,178.748462058742
768,294e0356-4985-40b9-8b30-823a5113e0fd,6,768,True,21513,21201,185.4974029895675
769,294e0356-4985-40b9-8b30-823a5113e0fd,6,769,True,21538,21226,164.66299709111627
770,294e0356-4985-40b9-8b30-823a5113e0fd,6,770,True,21563,21251,154.15159508887882
771,294e0356-4985-40b9-8b30-823a5113e0fd,6,771,True,21590,21278,162.05021256053078
772,294e0356-4985-40b9-8b30-823a5113e0fd,6,772,True,21625,21313,177.07617723087242
773,294e0356-4985-40b9-8b30-823a5113e0fd,6,773,True,21651,21339,138.43386446629665
774,294e0356-4985-40b9-8b30-823a5113e0fd,6,774,True,21682,21370,145.45547516225633
775,294e0356-4985-40b9-8b30-823a5113e0fd,6,775,True,21712,21400,126.45818756503286
776,294e0356-4985-40b9-8b30-823a5113e0fd,6,776,True,21745,21433,141.96286567436982
777,294e0356-4985-40b9-8b30-823a5113e0fd,6,777,True,21774,21462,129.0462838269268
778,294e0356-4985-40b9-8b30-823a5113e0fd,6,778,True,21804,21492,109.44163580716486
779,294e0356-4985-40b9-8b30-823a5113e0fd,6,779,True,21833,21521,100.0645812801231
780,294e0356-4985-40b9-8b30-823a5113e0fd,6,780,True,21862,21550,131.35970877619184
781,294e0356-4985-40b9-8b30-823a5113e0fd,6,781,True,21893,21581,128.1192814754213
782,294e0356-4985-40b9-8b30-823a5113e0fd,6,782,True,21917,21605,135.7584501732672
783,294e0356-4985-40b9-8b30-823a5113e0fd,6,783,True,21945,21633,136.36049304424887
784,294e0356-4985-40b9-8b30-823a5113e0fd,6,784,True,21962,21650,149.2965710519311
785,294e0356-4985-40b9-8b30-823a5113e0fd,6,785,True,21995,21683,147.15524116424785
786,294e0356-4985-40b9-8b30-823a5113e0fd,6,786,True,22028,21716,125.19875329183196
787,294e0356-4985-40b9-8b30-823a5113e0fd,6,787,True,22055,21743,137.06725711704348
788,294e0356-4985-40b9-8b30-823a5113e0fd,6,788,True,22080,21768,164.33876333716762
789,294e0356-4985-40b9-8b30-823a5113e0fd,6,789,True,22099,21787,110.18101560562354
790,294e0356-4985-40b9-8b30-823a5113e0fd,6,790,True,22128,21816,143.1936799445466
791,294e0356-4985-40b9-8b30-823a5113e0fd,6,791,True,22158,21846,148.64016290339714
792,294e0356-4985-40b9-8b30-823a5113e0fd,6,792,True,22188,21876,140.86191066895117
793,294e0356-4985-40b9-8b30-823a5113e0fd,6,793,True,22208,21896,146.01819166009227
794,294e0356-4985-40b9-8b30-823a5113e0fd,6,794,True,22242,21930,137.3075070494342
795,294e0356-4985-40b9-8b30-823a5113e0fd,6,795,True,22271,21959,110.64677540951743
796,294e0356-4985-40b9-8b30-823a5113e0fd,6,796,True,22293,21981,141.49418577293181
797,294e0356-4985-40b9-8b30-823a5113e0fd,6,797,True,22318,22006,137.8008384406312
798,294e0356-4985-40b9-8b30-823a5113e0fd,6,798,True,22342,22030,133.80087969200395
799,294e0356-4985-40b9-8b30-823a5113e0fd,6,799,True,22366,22054,147.0945713345318
800,294e0356-4985-40b9-8b30-823a5113e0fd,6,800,True,22388,22076,139.34880385409633
801,294e0356-4985-40b9-8b30-823a5113e0fd,6,801,True,22415,22103,167.35893709059746
802,294e0356-4985-40b9-8b30-823a5113e0fd,6,802,True,22436,22124,114.49707618788307
803,294e0356-4985-40b9-8b30-823a5113e0fd,6,803,True,22467,22155,174.54932575958082
804,294e0356-4985-40b9-8b30-823a5113e0fd,6,804,True,22494,22182,150.29348328155902
805,294e0356-4985-40b9-8b30-823a5113e0fd,6,805,True,22526,22214,146.27571879577226
806,294e0356-4985-40b9-8b30-823a5113e0fd,6,806,True,22555,22243,139.95269112675305
807,294e0356-4985-40b9-8b30-823a5113e0fd,6,807,True,22587,22275,191.18923010601065
808,294e0356-4985-40b9-8b30-823a5113e0fd,6,808,True,22627,22315,124.70117858022786
809,294e0356-4985-40b9-8b30-823a5113e0fd,6,809,True,22644,22332,158.024499701678
810,294e0356-4985-40b9-8b30-823a5113e0fd,6,810,True,22668,22356,136.68671396363789
811,294e0356-4985-40b9-8b30-823a5113e0fd,6,811,True,22704,22392,162.58903065332197
812,294e0356-4985-40b9-8b30-823a5113e0fd,6,812,True,22728,22416,165.46582617201784
813,294e0356-4985-40b9-8b30-823a5113e0fd,6,813,True,22755,22443,141.10012713268952
814,294e0356-4985-40b9-8b30-823a5113e0fd,6,814,True,22773,22461,168.7410177317106
815,294e0356-4985-40b9-8b30-823a5113e0fd,6,815,True,22786,22474,161.40288587936448
816,294e0356-4985-40b9-8b30-823a5113e0fd,6,816,True,22822,22510,159.37984920137023
817,294e0356-4985-40b9-8b30-823a5113e0fd,6,817,True,22850,22538,129.2098357502582
818,294e0356-4985-40b9-8b30-823a5113e0fd,6,818,True,22875,22563,182.34208311327166
819,294e0356-4985-40b9-8b30-823a5113e0fd,6,819,True,22913,22601,202.31410684997536
820,294e0356-4985-40b9-8b30-823a5113e0fd,6,820,True,22939,22627,178.65637656905164
821,294e0356-4985-40b9-8b30-823a5113e0fd,6,821,True,22963,22651,170.52788704990235
822,294e0356-4985-40b9-8b30-823a5113e0fd,6,822,True,22986,22674,187.97233068812784
823,294e0356-4985-40b9-8b30-823a5113e0fd,6,823,True,23015,22703,183.4530784886556
824,294e0356-4985-40b9-8b30-823a5113e0fd,6,824,True,23035,22723,199.73436386368485
825,294e0356-4985-40b9-8b30-823a5113e0fd,6,825,True,23058,22746,219.2380970473714
826,294e0356-4985-40b9-8b30-823a5113e0fd,6,826,True,23092,22780,187.57964115972572
827,294e0356-4985-40b9-8b30-823a5113e0fd,6,827,True,23120,22808,216.38619340110745
828,294e0356-4985-40b9-8b30-823a5113e0fd,6,828,True,23154,22842,199.32082741341947
829,294e0356-4985-40b9-8b30-823a5113e0fd,6,829,True,23172,22860,178.94015577648315
830,294e0356-4985-40b9-8b30-823a5113e0fd,6,830,True,23200,22888,200.39270714129452
831,294e0356-4985-40b9-8b30-823a5113e0fd,6,831,True,23227,22915,148.95708774413288
832,294e0356-4985-40b9-8b30-823a5113e0fd,6,832,True,23261,22949,189.6274362754266
833,294e0356-4985-40b9-8b30-823a5113e0fd,6,833,True,23288,22976,140.70297799814944
834,294e0356-4985-40b9-8b30-823a5113e0fd,6,834,True,23318,23006,158.33285024609722
835,294e0356-4985-40b9-8b30-823a5113e0fd,6,835,True,23335,23023,161.08970636039157
836,294e0356-4985-40b9-8b30-823a5113e0fd,6,836,True,23368,23056,165.66711148678587
837,294e0356-4985-40b9-8b30-823a5113e0fd,6,837,True,23391,23079,160.30510792830682
838,294e0356-4985-40b9-8b30-823a5113e0fd,6,838,True,23413,23101,147.73370035960397
839,294e0356-4985-40b9-8b30-823a5113e0fd,6,839,True,23445,23133,198.90171803496924
840,294e0356-4985-40b9-8b30-823a5113e0fd,6,840,True,23468,23156,153.54021166186067
841,294e0356-4985-40b9-8b30-823a5113e0fd,6,841,True,23491,23179,182.14185226580594
842,294e0356-4985-40b9-8b30-823a5113e0fd,6,842,True,23518,23206,129.21971709126592
843,294e0356-4985-40b9-8b30-823a5113e0fd,6,843,True,23546,23234,206.75376099186178
844,294e0356-4985-40b9-8b30-823a5113e0fd,6,844,True,23566,23254,188.8305076709039
845,294e0356-4985-40b9-8b30-823a5113e0fd,6,845,True,23599,23287,227.31821492225936
846,294e0356-4985-40b9-8b30-823a5113e0fd,6,846,True,23622,23310,201.87255246770292
847,294e0356-4985-40b9-8b30-823a5113e0fd,6,847,True,23646,23334,203.83678698178846
848,294e0356-4985-40b9-8b30-823a5113e0fd,6,848,True,23675,23363,174.83678698178846
849,294e0356-4985-40b9-8b30-823a5113e0fd,6,849,True,23708,23396,166.07689202131587
850,294e0356-4985-40b9-8b30-823a5113e0fd,6,850,True,23745,23433,152.559770163567
851,294e0356-4985-40b9-8b30-823a5113e0fd,6,851,True,23767,23455,128.03665766432096
852,294e0356-4985-40b9-8b30-823a5113e0fd,6,852,True,23800,23488,154.93574035048005
853,294e0356-4985-40b9-8b30-823a5113e0fd,6,853,True,23821,23509,121.92595210951913
854,294e0356-4985-40b9-8b30-823a5113e0fd,6,854,True,23851,23539,170.631368542774
855,294e0356-4985-40b9-8b30-823a5113e0fd,6,855,True,23878,23566,127.10850407911494
856,294e0356-4985-40b9-8b30-823a5113e0fd,6,856,True,23911,23599,172.6304425668095
857,294e0356-4985-40b9-8b30-823a5113e0fd,6,857,True,23941,23629,193.93677246265725
858,294e0356-4985-40b9-8b30-823a5113e0fd,6,858,True,23976,23664,117.90710849580137
859,294e0356-4985-40b9-8b30-823a5113e0fd,6,859,True,23998,23686,184.09101300088878
860,294e0356-4985-40b9-8b30-823a5113e0fd,6,860,True,24027,23715,171.0943709198873
861,294e0356-4985-40b9-8b30-823a5113e0fd,6,861,True,24046,23734,154.41326835274958
862,294e0356-4985-40b9-8b30-823a5113e0fd,6,862,True,24079,23767,195.99001451231015
863,294e0356-4985-40b9-8b30-823a5113e0fd,6,863,True,24110,23798,140.59368570161678
864,294e0356-4985-40b9-8b30-823a5113e0fd,6,864,True,24137,23825,163.25432865881885
865,294e0356-4985-40b9-8b30-823a5113e0fd,6,865,True,24164,23852,139.46522136370186
866,294e0356-4985-40b9-8b30-823a5113e0fd,6,866,True,24192,23880,162.51284171198859
867,294e0356-4985-40b9-8b30-823a5113e0fd,6,867,True,24217,23905,146.18646671041643
868,294e0356-4985-40b9-8b30-823a5113e0fd,6,868,True,24248,23936,205.71509614820752
869,294e0356-4985-40b9-8b30-823a5113e0fd,6,869,True,24268,23956,182.58791392936473
870,294e0356-4985-40b9-8b30-823a5113e0fd,6,870,True,24289,23977,164.71509614820752
871,294e0356-4985-40b9-8b30-823a5113e0fd,6,871,True,24316,24004,188.8134490406228
872,294e0356-4985-40b9-8b30-823a5113e0fd,6,872,True,24346,24034,181.98623988473628
873,294e0356-4985-40b9-8b30-823a5113e0fd,6,873,True,24371,24059,131.56388000397055
874,294e0356-4985-40b9-8b30-823a5113e0fd,6,874,True,24401,24089,154.6343626871785
875,294e0356-4985-40b9-8b30-823a5113e0fd,6,875,True,24432,24120,121.29321315461493
876,294e0356-4985-40b9-8b30-823a5113e0fd,6,876,True,24463,24151,142.98798388916475
877,294e0356-4985-40b9-8b30-823a5113e0fd,6,877,True,24485,24173,123.71762687304363
878,294e0356-4985-40b9-8b30-823a5113e0fd,6,878,True,24508,24196,157.06958358596967
879,294e0356-4985-40b9-8b30-823a5113e0fd,6,879,True,24532,24220,101.55241972937802
880,294e0356-4985-40b9-8b30-823a5113e0fd,6,880,True,24563,24251,164.73663756596216
881,294e0356-4985-40b9-8b30-823a5113e0fd,6,881,True,24588,24276,178.9171407043832
882,294e0356-4985-40b9-8b30-823a5113e0fd,6,882,True,24621,24309,165.53315404940804
883,294e0356-4985-40b9-8b30-823a5113e0fd,6,883,True,24645,24333,158.02922044669685
884,294e0356-4985-40b9-8b30-823a5113e0fd,6,884,True,24675,24363,137.22171767403415
885,294e0356-4985-40b9-8b30-823a5113e0fd,6,885,True,24695,24383,133.6906222186226
886,294e0356-4985-40b9-8b30-823a5113e0fd,6,886,True,24722,24410,140.50590951161576
887,294e0356-4985-40b9-8b30-823a5113e0fd,6,887,True,24750,24438,132.04215817880322
888,294e0356-4985-40b9-8b30-823a5113e0fd,6,888,True,24776,24464,155.2197533606668
889,294e0356-4985-40b9-8b30-823a5113e0fd,6,889,True,24800,24488,133.66730779517093
890,294e0356-4985-40b9-8b30-823a5113e0fd,6,890,True,24832,24520,150.2142858174193
891,294e0356-4985-40b9-8b30-823a5113e0fd,6,891,True,24863,24551,151.49915144865372
892,294e0356-4985-40b9-8b30-823a5113e0fd,6,892,True,24897,24585,130.05677018515053
893,294e0356-4985-40b9-8b30-823a5113e0fd,6,893,True,24932,24620,127.06838739654995
894,294e0356-4985-40b9-8b30-823a5113e0fd,6,894,True,24963,24651,118.56351716757854
895,294e0356-4985-40b9-8b30-823a5113e0fd,6,895,True,24982,24670,135.84205443792962
896,294e0356-4985-40b9-8b30-823a5113e0fd,6,896,True,25006,24694,122.96671089695155
897,294e0356-4985-40b9-8b30-823a5113e0fd,6,897,True,25030,24718,164.51336878344955
898,294e0356-4985-40b9-8b30-823a5113e0fd,6,898,True,25062,24750,107.86028470993551
899,294e0356-4985-40b9-8b30-823a5113e0fd,6,899,True,25092,24780,129.41919898763808
900,294e0356-4985-40b9-8b30-823a5113e0fd,6,900,True,25127,24815,176.3347623978152
901,294e0356-4985-40b9-8b30-823a5113e0fd,6,901,True,25146,24834,97.3593313038873
902,294e0356-4985-40b9-8b30-823a5113e0fd,6,902,True,25179,24867,126.84494567164802
903,294e0356-4985-40b9-8b30-823a5113e0fd,6,903,True,25213,24901,127.15223080426222
904,294e0356-4985-40b9-8b30-823a5113e0fd,6,904,True,25242,24930,147.13604822858906
905,294e0356-4985-40b9-8b30-823a5113e0fd,6,905,True,25272,24960,120.39950622948527
906,294e0356-4985-40b9-8b30-823a5113e0fd,6,906,True,25307,24995,108.4652221966171
907,294e0356-4985-40b9-8b30-823a5113e0fd,6,907,True,25335,25023,122.1225032856637
908,294e0356-4985-40b9-8b30-823a5113e0fd,6,908,True,25360,25048,106.79553484609278
909,294e0356-4985-40b9-8b30-823a5113e0fd,6,909,True,25392,25080,104.1859322213968
910,294e0356-4985-40b9-8b30-823a5113e0fd,6,910,True,25427,25115,120.87666892175912
911,294e0356-4985-40b9-8b30-823a5113e0fd,6,911,True,25456,25144,133.72524890524437
912,294e0356-4985-40b9-8b30-823a5113e0fd,6,912,True,25485,25173,118.12669021748661
913,294e0356-4985-40b9-8b30-823a5113e0fd,6,913,True,25508,25196,144.77630998562745
914,294e0356-4985-40b9-8b30-823a5113e0fd,6,914,True,25528,25216,136.56884741333488
915,294e0356-4985-40b9-8b30-823a5113e0fd,6,915,True,25556,25244,120.60620803599522
916,294e0356-4985-40b9-8b30-823a5113e0fd,6,916,True,25596,25284,103.17363621458935
917,294e0356-4985-40b9-8b30-823a5113e0fd,6,917,True,25628,25316,113.70033852474444
918,294e0356-4985-40b9-8b30-823a5113e0fd,6,918,True,25658,25346,108.52323944163436
919,294e0356-4985-40b9-8b30-823a5113e0fd,6,919,True,25682,25370,98.74433887530904
920,294e0356-4985-40b9-8b30-823a5113e0fd,6,920,True,25709,25397,130.6118729614136
921,294e0356-4985-40b9-8b30-823a5113e0fd,6,921,True,25730,25418,111.95534033008153
922,294e0356-4985-40b9-8b30-823a5113e0fd,6,922,True,25774,25462,109.02592051835018
923,294e0356-4985-40b9-8b30-823a5113e0fd,6,923,True,25801,25489,107.33804865044294
924,294e0356-4985-40b9-8b30-823a5113e0fd,6,924,True,25830,25518,132.60686812167114
925,294e0356-4985-40b9-8b30-823a5113e0fd,6,925,True,25853,25541,105.81072101919199
926,294e0356-4985-40b9-8b30-823a5113e0fd,6,926,True,25876,25564,196.0421791664121
927,294e0356-4985-40b9-8b30-823a5113e0fd,6,927,True,25896,25584,173.62475888366316
928,294e0356-4985-40b9-8b30-823a5113e0fd,6,928,True,25929,25617,190.8045729493424
929,294e0356-4985-40b9-8b30-823a5113e0fd,6,929,True,25957,25645,182.46020359236718
930,294e0356-4985-40b9-8b30-823a5113e0fd,6,930,True,25995,25683,172.68449330742442
931,294e0356-4985-40b9-8b30-823a5113e0fd,6,931,True,26014,25702,158.09467752348064
932,294e0356-4985-40b9-8b30-823a5113e0fd,6,932,True,26034,25722,154.93145371737046
933,294e0356-4985-40b9-8b30-823a5113e0fd,6,933,True,26062,25750,157.33829129120932
934,294e0356-4985-40b9-8b30-823a5113e0fd,6,934,True,26090,25778,212.6129852220838
935,294e0356-4985-40b9-8b30-823a5113e0fd,6,935,True,26114,25802,155.90484826938336
936,294e0356-4985-40b9-8b30-823a5113e0fd,6,936,True,26140,25828,189.24058020682787
937,294e0356-4985-40b9-8b30-823a5113e0fd,6,937,True,26176,25864,176.74355727600414
938,294e0356-4985-40b9-8b30-823a5113e0fd,6,938,True,26205,25893,199.46253342383716
939,294e0356-4985-40b9-8b30-823a5113e0fd,6,939,True,26238,25926,141.76264956300656
940,294e0356-4985-40b9-8b30-823a5113e0fd,6,940,True,26268,25956,196.73230027693353
941,294e0356-4985-40b9-8b30-823a5113e0fd,6,941,True,26292,25980,172.73230027693353
942,294e0356-4985-40b9-8b30-823a5113e0fd,6,942,True,26321,26009,140.57448830002977
943,294e0356-4985-40b9-8b30-823a5113e0fd,6,943,True,26341,26029,172.44844414534964
944,294e0356-4985-40b9-8b30-823a5113e0fd,6,944,True,26368,26056,209.11015198514724
945,294e0356-4985-40b9-8b30-823a5113e0fd,6,945,True,26388,26076,201.46265130567554
946,294e0356-4985-40b9-8b30-823a5113e0fd,6,946,True,26420,26108,209.5409701583303
947,294e0356-4985-40b9-8b30-823a5113e0fd,6,947,True,26439,26127,150.46265130567554
948,294e0356-4985-40b9-8b30-823a5113e0fd,6,948,True,26477,26165,186.38950982993993
949,294e0356-4985-40b9-8b30-823a5113e0fd,6,949,True,26508,26196,149.08936204503698
950,294e0356-4985-40b9-8b30-823a5113e0fd,6,950,True,26537,26225,174.02519878426392
951,294e0356-4985-40b9-8b30-823a5113e0fd,6,951,True,26566,26254,157.33448411386416
952,294e0356-4985-40b9-8b30-823a5113e0fd,6,952,True,26597,26285,151.93334491528367
953,294e0356-4985-40b9-8b30-823a5113e0fd,6,953,True,26633,26321,125.73888739259564
954,294e0356-4985-40b9-8b30-823a5113e0fd,6,954,True,26661,26349,122.17030274723584
955,294e0356-4985-40b9-8b30-823a5113e0fd,6,955,True,26685,26373,150.4744379536496
956,294e0356-4985-40b9-8b30-823a5113e0fd,6,956,True,26714,26402,142.42336404492016
957,294e0356-4985-40b9-8b30-823a5113e0fd,6,957,True,26735,26423,154.66983291821452
958,294e0356-4985-40b9-8b30-823a5113e0fd,6,958,True,26760,26448,159.1025376448124
959,294e0356-4985-40b9-8b30-823a5113e0fd,6,959,True,26790,26478,172.0020129051045
960,294e0356-4985-40b9-8b30-823a5113e0fd,6,960,True,26821,26509,122.47704612341113
961,294e0356-4985-40b9-8b30-823a5113e0fd,6,961,True,26851,26539,120.1271100663107
962,294e0356-4985-40b9-8b30-823a5113e0fd,6,962,True,26876,26564,171.46980197408266
963,294e0356-4985-40b9-8b30-823a5113e0fd,6,963,True,26903,26591,147.30721645792073
964,294e0356-4985-40b9-8b30-823a5113e0fd,6,964,True,26940,26628,156.59436902735615
965,294e0356-4985-40b9-8b30-823a5113e0fd,6,965,True,26965,26653,140.0792755394541
966,294e0356-4985-40b9-8b30-823a5113e0fd,6,966,True,26991,26679,193.95585319288512
967,294e0356-4985-40b9-8b30-823a5113e0fd,6,967,True,27022,26710,135.9189628068816
968,294e0356-4985-40b9-8b30-823a5113e0fd,6,968,True,27048,26736,134.63412171351956
969,294e0356-4985-40b9-8b30-823a5113e0fd,6,969,True,27075,26763,123.16929844763581
970,294e0356-4985-40b9-8b30-823a5113e0fd,6,970,True,27110,26798,188.39125528880686
971,294e0356-4985-40b9-8b30-823a5113e0fd,6,971,True,27131,26819,164.66254332184326
972,294e0356-4985-40b9-8b30-823a5113e0fd,6,972,True,27161,26849,222.25244233388366
973,294e0356-4985-40b9-8b30-823a5113e0fd,6,973,True,27186,26874,114.83807790515857
974,294e0356-4985-40b9-8b30-823a5113e0fd,6,974,True,27212,26900,226.10348844954206
975,294e0356-4985-40b9-8b30-823a5113e0fd,6,975,True,27243,26931,197.62834187220142
976,294e0356-4985-40b9-8b30-823a5113e0fd,6,976,True,27269,26957,238.91168680034752
977,294e0356-4985-40b9-8b30-823a5113e0fd,6,977,True,27300,26988,199.81024121086375
978,294e0356-4985-40b9-8b30-823a5113e0fd,6,978,True,27327,27015,159.9016499083773
979,294e0356-4985-40b9-8b30-823a5113e0fd,6,979,True,27353,27041,154.91168680034752
980,294e0356-4985-40b9-8b30-823a5113e0fd,6,980,True,27375,27063,177.91214701662102
981,294e0356-4985-40b9-8b30-823a5113e0fd,6,981,True,27407,27095,153.127591459197
982,294e0356-4985-40b9-8b30-823a5113e0fd,6,982,True,27432,27120,154.3296651900564
983,294e0356-4985-40b9-8b30-823a5113e0fd,6,983,True,27461,27149,145.4854915165015
984,294e0356-4985-40b9-8b30-823a5113e0fd,6,984,True,27502,27190,213.0078788479841
985,294e0356-4985-40b9-8b30-823a5113e0fd,6,985,True,27528,27216,157.13190580372975
986,294e0356-4985-40b9-8b30-823a5113e0fd,6,986,True,27556,27244,177.80612161293175
987,294e0356-4985-40b9-8b30-823a5113e0fd,6,987,True,27585,27273,146.50185793906712
988,294e0356-4985-40b9-8b30-823a5113e0fd,6,988,True,27612,27300,217.62617214241982
989,294e0356-4985-40b9-8b30-823a5113e0fd,6,989,True,27636,27324,189.44809480827826
990,294e0356-4985-40b9-8b30-823a5113e0fd,6,990,True,27653,27341,178.7024936690068
991,294e0356-4985-40b9-8b30-823a5113e0fd,6,991,True,27682,27370,172.19191378819232
992,294e0356-4985-40b9-8b30-823a5113e0fd,6,992,True,27711,27399,138.9252058341517
993,294e0356-4985-40b9-8b30-823a5113e0fd,6,993,True,27738,27426,166.14027082289613
994,294e0356-4985-40b9-8b30-823a5113e0fd,6,994,True,27766,27454,189.66446380669004
995,294e0356-4985-40b9-8b30-823a5113e0fd,6,995,True,27796,27484,157.4038662983512
996,294e0356-4985-40b9-8b30-823a5113e0fd,6,996,True,27826,27514,155.56420074587004
997,294e0356-4985-40b9-8b30-823a5113e0fd,6,997,True,27852,27540,180.18068200552807
998,294e0356-4985-40b9-8b30-823a5113e0fd,6,998,True,27879,27567,146.35284832057732
999,294e0356-4985-40b9-8b30-823a5113e0fd,6,999,True,27915,27603,145.9200647567559
1000,8d9f8f0d-eb32-4104-872e-7d526bac6850,7,1000,True,380,28,79.85157901363769
1001,8d9f8f0d-eb32-4104-872e-7d526bac6850,7,1001,True,401,49,89.2749419846952
1002,8d9f8f0d-eb32-4104-872e-7d526bac6850,7,1002,True,422,70,93.19013569656008
1003,8d9f8f0d-eb32-4104-872e-7d526bac6850,7,1003,True,446,94,85.93286887207918
1004,8d9f8f0d-eb32-4104-872e-7d526bac6850,7,1004,True,485,133,74.13870206664853
1005,8d9f8f0d-eb32-4104-872e-7d526bac6850,7,1005,True,512,160,83.96576629387357
1006,8d9f8f0d-eb32-4104-872e-7d526bac6850,7,1006,True,541,189,84.04131404984741
1007,8d9f8f0d-eb32-4104-872e-7d526bac6850,7,1007,True,565,213,93.13041707939931
1008,8d9f8f0d-eb32-4104-872e-7d526bac6850,7,1008,True,597,245,87.29789325343921
1009,8d9f8f0d-eb32-4104-872e-7d526bac6850,7,1009,True,625,273,165.73499404560778
1010,8d9f8f0d-eb32-4104-872e-7d526bac6850,7,1010,True,654,302,125.72249510563961
1011,8d9f8f0d-eb32-4104-872e-7d526bac6850,7,1011,True,677,325,160.86199936811045
1012,8d9f8f0d-eb32-4104-872e-7d526bac6850,7,1012,True,711,359,159.74446189894377
1013,8d9f8f0d-eb32-4104-872e-7d526bac6850,7,1013,True,738,386,151.07211946244865
1014,8d9f8f0d-eb32-4104-872e-7d526bac6850,7,1014,True,769,417,131.0967704783285
1015,8d9f8f0d-eb32-4104-872e-7d526bac6850,7,1015,True,800,448,145.44552857435758
1016,8d9f8f0d-eb32-4104-872e-7d526bac6850,7,1016,True,824,472,108.62637384692823
1017,8d9f8f0d-eb32-4104-872e-7d526bac6850,7,1017,True,857,505,154.09996341268914
1018,8d9f8f0d-eb32-4104-872e-7d526bac6850,7,1018,True,888,536,133.1321902721993
1019,8d9f8f0d-eb32-4104-872e-7d526bac6850,7,1019,True,912,560,128.29739063791249
1020,8d9f8f0d-eb32-4104-872e-7d526bac6850,7,1020,True,944,592,137.89444764514633
1021,8d9f8f0d-eb32-4104-872e-7d526bac6850,7,1021,True,976,624,152.66557195195935
1022,8d9f8f0d-eb32-4104-872e-7d526bac6850,7,1022,True,1006,654,111.50886012451042
1023,8d9f8f0d-eb32-4104-872e-7d526bac6850,7,1023,True,1040,688,128.04175458323243
1024,8d9f8f0d-eb32-4104-872e-7d526bac6850,7,1024,True,1059,707,118.93512422785955
1025,8d9f8f0d-eb32-4104-872e-7d526bac6850,7,1025,True,1077,725,132.81466188295008
1026,8d9f8f0d-eb32-4104-872e-7d526bac6850,7,1026,True,1103,751,156.7241981998369
1027,8d9f8f0d-eb32-4104-872e-7d526bac6850,7,1027,True,1128,776,140.79469324841375
1028,8d9f8f0d-eb32-4104-872e-7d526bac6850,7,1028,True,1156,804,181.74886595134603
1029,8d9f8f0d-eb32-4104-872e-7d526bac6850,7,1029,True,1174,822,185.87068491622847
1030,8d9f8f0d-eb32-4104-872e-7d526bac6850,7,1030,True,1207,855,215.35282629233325
1031,8d9f8f0d-eb32-4104-872e-7d526bac6850,7,1031,True,1223,871,187.43441928914058
1032,8d9f8f0d-eb32-4104-872e-7d526bac6850,7,1032,True,1249,897,214.64150416751204
1033,8d9f8f0d-eb32-4104-872e-7d526bac6850,7,1033,True,1272,920,182.35593827430694
1034,8d9f8f0d-eb32-4104-872e-7d526bac6850,7,1034,True,1298,946,219.48790741306289
1035,8d9f8f0d-eb32-4104-872e-7d526bac6850,7,1035,True,1323,971,194.48790741306289
1036,8d9f8f0d-eb32-4104-872e-7d526bac6850,7,1036,True,1346,994,159.76421847742108
1037,8d9f8f0d-eb32-4104-872e-7d526bac6850,7,1037,True,1371,1019,183.15210381646557
1038,8d9f8f0d-eb32-4104-872e-7d526bac6850,7,1038,True,1392,1040,172.48426153087144
1039,8d9f8f0d-eb32-4104-872e-7d526bac6850,7,1039,True,1420,1068,196.4455797982764
1040,8d9f8f0d-eb32-4104-872e-7d526bac6850,7,1040,True,1449,1097,158.55641707508516
1041,8d9f8f0d-eb32-4104-872e-7d526bac6850,7,1041,True,1467,1115,194.53970222792145
1042,8d9f8f0d-eb32-4104-872e-7d526bac6850,7,1042,True,1490,1138,180.41726358568644
1043,8d9f8f0d-eb32-4104-872e-7d526bac6850,7,1043,True,1523,1171,162.75183528565663
1044,8d9f8f0d-eb32-4104-872e-7d526bac6850,7,1044,True,1552,1200,159.59134603590041
1045,8d9f8f0d-eb32-4104-872e-7d526bac6850,7,1045,True,1573,1221,200.97306799388207
1046,8d9f8f0d-eb32-4104-872e-7d526bac6850,7,1046,True,1597,1245,166.10920554489576
1047,8d9f8f0d-eb32-4104-872e-7d526bac6850,7,1047,True,1621,1269,193.464662272326
1048,8d9f8f0d-eb32-4104-872e-7d526bac6850,7,1048,True,1651,1299,173.64725444119335
1049,8d9f8f0d-eb32-4104-872e-7d526bac6850,7,1049,True,1683,1331,197.79604282621358
1050,8d9f8f0d-eb32-4104-872e-7d526bac6850,7,1050,True,1699,1347,168.54093971036127
1051,8d9f8f0d-eb32-4104-872e-7d526bac6850,7,1051,True,1730,1378,150.79604282621358
1052,8d9f8f0d-eb32-4104-872e-7d526bac6850,7,1052,True,1764,1412,178.8164497900998
1053,8d9f8f0d-eb32-4104-872e-7d526bac6850,7,1053,True,1787,1435,167.11486812938574
1054,8d9f8f0d-eb32-4104-872e-7d526bac6850,7,1054,True,1812,1460,158.3964946321521
1055,8d9f8f0d-eb32-4104-872e-7d526bac6850,7,1055,True,1837,1485,166.82738859446386
1056,8d9f8f0d-eb32-4104-872e-7d526bac6850,7,1056,True,1871,1519,174.34187122125172
1057,8d9f8f0d-eb32-4104-872e-7d526bac6850,7,1057,True,1898,1546,158.6898483323073
1058,8d9f8f0d-eb32-4104-872e-7d526bac6850,7,1058,True,1924,1572,152.40962102457684
1059,8d9f8f0d-eb32-4104-872e-7d526bac6850,7,1059,True,1943,1591,154.53442949640885
1060,8d9f8f0d-eb32-4104-872e-7d526bac6850,7,1060,True,1971,1619,165.74599834266792
1061,8d9f8f0d-eb32-4104-872e-7d526bac6850,7,1061,True,2001,1649,146.40843972632297
1062,8d9f8f0d-eb32-4104-872e-7d526bac6850,7,1062,True,2032,1680,164.51407042443088
1063,8d9f8f0d-eb32-4104-872e-7d526bac6850,7,1063,True,2056,1704,152.9772027520071
1064,8d9f8f0d-eb32-4104-872e-7d526bac6850,7,1064,True,2088,1736,185.26071626883322
1065,8d9f8f0d-eb32-4104-872e-7d526bac6850,7,1065,True,2104,1752,123.04776430014249
1066,8d9f8f0d-eb32-4104-872e-7d526bac6850,7,1066,True,2144,1792,152.7696180789153
1067,8d9f8f0d-eb32-4104-872e-7d526bac6850,7,1067,True,2171,1819,136.72578015732074
1068,8d9f8f0d-eb32-4104-872e-7d526bac6850,7,1068,True,2194,1842,198.53861244523364
1069,8d9f8f0d-eb32-4104-872e-7d526bac6850,7,1069,True,2220,1868,181.39974381841557
1070,8d9f8f0d-eb32-4104-872e-7d526bac6850,7,1070,True,2252,1900,176.3463369792721
1071,8d9f8f0d-eb32-4104-872e-7d526bac6850,7,1071,True,2275,1923,142.24759173188477
1072,8d9f8f0d-eb32-4104-872e-7d526bac6850,7,1072,True,2302,1950,201.2506768393573
1073,8d9f8f0d-eb32-4104-872e-7d526bac6850,7,1073,True,2325,1973,163.46718813150846
1074,8d9f8f0d-eb32-4104-872e-7d526bac6850,7,1074,True,2354,2002,196.61717682765402
1075,8d9f8f0d-eb32-4104-872e-7d526bac6850,7,1075,True,2375,2023,199.26353816808341
1076,8d9f8f0d-eb32-4104-872e-7d526bac6850,7,1076,True,2407,2055,154.93231931683113
1077,8d9f8f0d-eb32-4104-872e-7d526bac6850,7,1077,True,2437,2085,137.26353816808341
1078,8d9f8f0d-eb32-4104-872e-7d526bac6850,7,1078,True,2468,2116,130.70943246144543
1079,8d9f8f0d-eb32-4104-872e-7d526bac6850,7,1079,True,2503,2151,132.57421477708021
1080,8d9f8f0d-eb32-4104-872e-7d526bac6850,7,1080,True,2529,2177,158.67706748887758
1081,8d9f8f0d-eb32-4104-872e-7d526bac6850,7,1081,True,2549,2197,127.97081491627205
1082,8d9f8f0d-eb32-4104-872e-7d526bac6850,7,1082,True,2573,2221,154.25173560391022
1083,8d9f8f0d-eb32-4104-872e-7d526bac6850,7,1083,True,2598,2246,138.89854209474333
1084,8d9f8f0d-eb32-4104-872e-7d526bac6850,7,1084,True,2619,2267,133.579283477236
1085,8d9f8f0d-eb32-4104-872e-7d526bac6850,7,1085,True,2647,2295,156.4307723396014
1086,8d9f8f0d-eb32-4104-872e-7d526bac6850,7,1086,True,2675,2323,146.75280709435583
1087,8d9f8f0d-eb32-4104-872e-7d526bac6850,7,1087,True,2706,2354,145.03297400623705
1088,8d9f8f0d-eb32-4104-872e-7d526bac6850,7,1088,True,2738,2386,151.639723522826
1089,8d9f8f0d-eb32-4104-872e-7d526bac6850,7,1089,True,2759,2407,140.96560439931818
1090,8d9f8f0d-eb32-4104-872e-7d526bac6850,7,1090,True,2791,2439,163.9121908519428
1091,8d9f8f0d-eb32-4104-872e-7d526bac6850,7,1091,True,2811,2459,123.81613513400498
1092,8d9f8f0d-eb32-4104-872e-7d526bac6850,7,1092,True,2843,2491,143.8048060625124
1093,8d9f8f0d-eb32-4104-872e-7d526bac6850,7,1093,True,2868,2516,129.15969171823917
1094,8d9f8f0d-eb32-4104-872e-7d526bac6850,7,1094,True,2902,2550,124.9232138753764
1095,8d9f8f0d-eb32-4104-872e-7d526bac6850,7,1095,True,2934,2582,116.70991974070967
1096,8d9f8f0d-eb32-4104-872e-7d526bac6850,7,1096,True,2960,2608,118.04172769524621
1097,8d9f8f0d-eb32-4104-872e-7d526bac6850,7,1097,True,2978,2626,172.41404992632897
1098,8d9f8f0d-eb32-4104-872e-7d526bac6850,7,1098,True,3001,2649,181.07710541251026
1099,8d9f8f0d-eb32-4104-872e-7d526bac6850,7,1099,True,3033,2681,137.71371589007003
1100,8d9f8f0d-eb32-4104-872e-7d526bac6850,7,1100,True,3075,2723,125.46891851400142
1101,8d9f8f0d-eb32-4104-872e-7d526bac6850,7,1101,True,3101,2749,161.19833303985433
1102,8d9f8f0d-eb32-4104-872e-7d526bac6850,7,1102,True,3123,2771,128.90463583532346
1103,8d9f8f0d-eb32-4104-872e-7d526bac6850,7,1103,True,3153,2801,153.30425487401726
1104,8d9f8f0d-eb32-4104-872e-7d526bac6850,7,1104,True,3182,2830,146.53962258809088
1105,8d9f8f0d-eb32-4104-872e-7d526bac6850,7,1105,True,3215,2863,124.09259300904523
1106,8d9f8f0d-eb32-4104-872e-7d526bac6850,7,1106,True,3241,2889,163.82832234735497
1107,8d9f8f0d-eb32-4104-872e-7d526bac6850,7,1107,True,3265,2913,158.3439532103921
1108,8d9f8f0d-eb32-4104-872e-7d526bac6850,7,1108,True,3302,2950,161.4236439441629
1109,8d9f8f0d-eb32-4104-872e-7d526bac6850,7,1109,True,3329,2977,144.70134332526095
1110,8d9f8f0d-eb32-4104-872e-7d526bac6850,7,1110,True,3360,3008,139.84760330253494
1111,8d9f8f0d-eb32-4104-872e-7d526bac6850,7,1111,True,3381,3029,131.68883178323858
1112,8d9f8f0d-eb32-4104-872e-7d526bac6850,7,1112,True,3411,3059,126.64263246328846
1113,8d9f8f0d-eb32-4104-872e-7d526bac6850,7,1113,True,3439,3087,117.51546454250047
1114,8d9f8f0d-eb32-4104-872e-7d526bac6850,7,1114,True,3467,3115,130.59040927697106
1115,8d9f8f0d-eb32-4104-872e-7d526bac6850,7,1115,True,3485,3133,123.61951655538769
1116,8d9f8f0d-eb32-4104-872e-7d526bac6850,7,1116,True,3518,3166,166.23004073572793
1117,8d9f8f0d-eb32-4104-872e-7d526bac6850,7,1117,True,3546,3194,149.41211214496707
1118,8d9f8f0d-eb32-4104-872e-7d526bac6850,7,1118,True,3561,3209,134.41211214496707
1119,8d9f8f0d-eb32-4104-872e-7d526bac6850,7,1119,True,3588,3236,127.33948705522607
1120,8d9f8f0d-eb32-4104-872e-7d526bac6850,7,1120,True,3622,3270,122.08668206293987
1121,8d9f8f0d-eb32-4104-872e-7d526bac6850,7,1121,True,3663,3311,122.8210673034032
1122,8d9f8f0d-eb32-4104-872e-7d526bac6850,7,1122,True,3692,3340,123.87147838431929
1123,8d9f8f0d-eb32-4104-872e-7d526bac6850,7,1123,True,3719,3367,136.0951322673136
1124,8d9f8f0d-eb32-4104-872e-7d526bac6850,7,1124,True,3737,3385,105.98749986711118
1125,8d9f8f0d-eb32-4104-872e-7d526bac6850,7,1125,True,3769,3417,108.13860183625911
1126,8d9f8f0d-eb32-4104-872e-7d526bac6850,7,1126,True,3796,3444,143.59191860855526
1127,8d9f8f0d-eb32-4104-872e-7d526bac6850,7,1127,True,3820,3468,151.010331140345
1128,8d9f8f0d-eb32-4104-872e-7d526bac6850,7,1128,True,3850,3498,139.5954949832003
1129,8d9f8f0d-eb32-4104-872e-7d526bac6850,7,1129,True,3879,3527,121.66394794404505
1130,8d9f8f0d-eb32-4104-872e-7d526bac6850,7,1130,True,3907,3555,117.18271351681597
1131,8d9f8f0d-eb32-4104-872e-7d526bac6850,7,1131,True,3944,3592,121.67103135120806
1132,8d9f8f0d-eb32-4104-872e-7d526bac6850,7,1132,True,3974,3622,165.25164666222008
1133,8d9f8f0d-eb32-4104-872e-7d526bac6850,7,1133,True,3999,3647,106.53004273038277
1134,8d9f8f0d-eb32-4104-872e-7d526bac6850,7,1134,True,4030,3678,127.52542741527031
1135,8d9f8f0d-eb32-4104-872e-7d526bac6850,7,1135,True,4057,3705,111.20807819200127
1136,8d9f8f0d-eb32-4104-872e-7d526bac6850,7,1136,True,4084,3732,138.30956570725448
1137,8d9f8f0d-eb32-4104-872e-7d526bac6850,7,1137,True,4104,3752,129.0868778381282
1138,8d9f8f0d-eb32-4104-872e-7d526bac6850,7,1138,True,4130,3778,144.30489113215754
1139,8d9f8f0d-eb32-4104-872e-7d526bac6850,7,1139,True,4162,3810,177.73403521984574
1140,8d9f8f0d-eb32-4104-872e-7d526bac6850,7,1140,True,4188,3836,139.71149149526627
1141,8d9f8f0d-eb32-4104-872e-7d526bac6850,7,1141,True,4217,3865,122.73403521984574
1142,8d9f8f0d-eb32-4104-872e-7d526bac6850,7,1142,True,4250,3898,133.41434838082387
1143,8d9f8f0d-eb32-4104-872e-7d526bac6850,7,1143,True,4279,3927,127.41375223413343
1144,8d9f8f0d-eb32-4104-872e-7d526bac6850,7,1144,True,4309,3957,189.0593023601332
1145,8d9f8f0d-eb32-4104-872e-7d526bac6850,7,1145,True,4329,3977,104.33696543891938
1146,8d9f8f0d-eb32-4104-872e-7d526bac6850,7,1146,True,4352,4000,132.82818253303685
1147,8d9f8f0d-eb32-4104-872e-7d526bac6850,7,1147,True,4387,4035,125.14132763001817
1148,8d9f8f0d-eb32-4104-872e-7d526bac6850,7,1148,True,4427,4075,168.28494102262084
1149,8d9f8f0d-eb32-4104-872e-7d526bac6850,7,1149,True,4454,4102,152.55572890020903
1150,8d9f8f0d-eb32-4104-872e-7d526bac6850,7,1150,True,4482,4130,163.48893940764356
1151,8d9f8f0d-eb32-4104-872e-7d526bac6850,7,1151,True,4506,4154,151.1097175709574
1152,8d9f8f0d-eb32-4104-872e-7d526bac6850,7,1152,True,4541,4189,186.90385371765205
1153,8d9f8f0d-eb32-4104-872e-7d526bac6850,7,1153,True,4573,4221,144.01398052360764
1154,8d9f8f0d-eb32-4104-872e-7d526bac6850,7,1154,True,4601,4249,148.3891223796245
1155,8d9f8f0d-eb32-4104-872e-7d526bac6850,7,1155,True,4630,4278,140.62447652963874
1156,8d9f8f0d-eb32-4104-872e-7d526bac6850,7,1156,True,4655,4303,147.0558865120447
1157,8d9f8f0d-eb32-4104-872e-7d526bac6850,7,1157,True,4678,4326,149.44654746918786
1158,8d9f8f0d-eb32-4104-872e-7d526bac6850,7,1158,True,4706,4354,149.26811483836264
1159,8d9f8f0d-eb32-4104-872e-7d526bac6850,7,1159,True,4731,4379,202.80384593912095
1160,8d9f8f0d-eb32-4104-872e-7d526bac6850,7,1160,True,4763,4411,148.04255227149133
1161,8d9f8f0d-eb32-4104-872e-7d526bac6850,7,1161,True,4791,4439,153.4978429423054
1162,8d9f8f0d-eb32-4104-872e-7d526bac6850,7,1162,True,4818,4466,201.0110940368986
1163,8d9f8f0d-eb32-4104-872e-7d526bac6850,7,1163,True,4839,4487,128.88317913955325
1164,8d9f8f0d-eb32-4104-872e-7d526bac6850,7,1164,True,4867,4515,172.6551985164806
1165,8d9f8f0d-eb32-4104-872e-7d526bac6850,7,1165,True,4912,4560,181.94309508539936
1166,8d9f8f0d-eb32-4104-872e-7d526bac6850,7,1166,True,4937,4585,200.60758019280638
1167,8d9f8f0d-eb32-4104-872e-7d526bac6850,7,1167,True,4960,4608,153.15768910147654
1168,8d9f8f0d-eb32-4104-872e-7d526bac6850,7,1168,True,4983,4631,197.26980009873932
1169,8d9f8f0d-eb32-4104-872e-7d526bac6850,7,1169,True,5009,4657,192.4680601383434
1170,8d9f8f0d-eb32-4104-872e-7d526bac6850,7,1170,True,5034,4682,156.84471450468845
1171,8d9f8f0d-eb32-4104-872e-7d526bac6850,7,1171,True,5067,4715,190.25359734828726
1172,8d9f8f0d-eb32-4104-872e-7d526bac6850,7,1172,True,5093,4741,174.63998102651476
1173,8d9f8f0d-eb32-4104-872e-7d526bac6850,7,1173,True,5125,4773,179.20734237383112
1174,8d9f8f0d-eb32-4104-872e-7d526bac6850,7,1174,True,5154,4802,128.17202457199346
1175,8d9f8f0d-eb32-4104-872e-7d526bac6850,7,1175,True,5173,4821,160.04119933283164
1176,8d9f8f0d-eb32-4104-872e-7d526bac6850,7,1176,True,5204,4852,174.20371668631105
1177,8d9f8f0d-eb32-4104-872e-7d526bac6850,7,1177,True,5236,4884,151.96693724348734
1178,8d9f8f0d-eb32-4104-872e-7d526bac6850,7,1178,True,5276,4924,156.8200563055134
1179,8d9f8f0d-eb32-4104-872e-7d526bac6850,7,1179,True,5300,4948,163.54648398321297
1180,8d9f8f0d-eb32-4104-872e-7d526bac6850,7,1180,True,5324,4972,156.08389327594432
1181,8d9f8f0d-eb32-4104-872e-7d526bac6850,7,1181,True,5356,5004,147.5334811019111
1182,8d9f8f0d-eb32-4104-872e-7d526bac6850,7,1182,True,5384,5032,131.9071434587031
1183,8d9f8f0d-eb32-4104-872e-7d526bac6850,7,1183,True,5410,5058,154.9881234388331
1184,8d9f8f0d-eb32-4104-872e-7d526bac6850,7,1184,True,5444,5092,133.45646802857664
1185,8d9f8f0d-eb32-4104-872e-7d526bac6850,7,1185,True,5475,5123,147.65307541247512
1186,8d9f8f0d-eb32-4104-872e-7d526bac6850,7,1186,True,5512,5160,141.6998287491233
1187,8d9f8f0d-eb32-4104-872e-7d526bac6850,7,1187,True,5543,5191,158.19974443727278
1188,8d9f8f0d-eb32-4104-872e-7d526bac6850,7,1188,True,5567,5215,156.70530258810777
1189,8d9f8f0d-eb32-4104-872e-7d526bac6850,7,1189,True,5589,5237,162.47619647230385
1190,8d9f8f0d-eb32-4104-872e-7d526bac6850,7,1190,True,5623,5271,146.96633716725682
1191,8d9f8f0d-eb32-4104-872e-7d526bac6850,7,1191,True,5654,5302,180.51169048114207
1192,8d9f8f0d-eb32-4104-872e-7d526bac6850,7,1192,True,5693,5341,130.90768520078018
1193,8d9f8f0d-eb32-4104-872e-7d526bac6850,7,1193,True,5719,5367,151.9176312041709
1194,8d9f8f0d-eb32-4104-872e-7d526bac6850,7,1194,True,5752,5400,151.142947661353
1195,8d9f8f0d-eb32-4104-872e-7d526bac6850,7,1195,True,5778,5426,135.6110518771966
1196,8d9f8f0d-eb32-4104-872e-7d526bac6850,7,1196,True,5812,5460,151.8312030811885
1197,8d9f8f0d-eb32-4104-872e-7d526bac6850,7,1197,True,5839,5487,115.34854261822602
1198,8d9f8f0d-eb32-4104-872e-7d526bac6850,7,1198,True,5870,5518,170.42692177594472
1199,8d9f8f0d-eb32-4104-872e-7d526bac6850,7,1199,True,5886,5534,140.28858873163972
1200,8d9f8f0d-eb32-4104-872e-7d526bac6850,7,1200,True,5917,5565,132.24188355058686
1201,8d9f8f0d-eb32-4104-872e-7d526bac6850,7,1201,True,5939,5587,124.52156616530465
1202,8d9f8f0d-eb32-4104-872e-7d526bac6850,7,1202,True,5968,5616,147.26893426991592
1203,8d9f8f0d-eb32-4104-872e-7d526bac6850,7,1203,True,5989,5637,153.17671747270924
1204,8d9f8f0d-eb32-4104-872e-7d526bac6850,7,1204,True,6011,5659,146.17671183415678
1205,8d9f8f0d-eb32-4104-872e-7d526bac6850,7,1205,True,6035,5683,154.29026003617855
1206,8d9f8f0d-eb32-4104-872e-7d526bac6850,7,1206,True,6065,5713,141.5400460874489
1207,8d9f8f0d-eb32-4104-872e-7d526bac6850,7,1207,True,6089,5737,139.63667678992806
1208,8d9f8f0d-eb32-4104-872e-7d526bac6850,7,1208,True,6118,5766,134.48109392690094
1209,8d9f8f0d-eb32-4104-872e-7d526bac6850,7,1209,True,6154,5802,130.3164280906849
1210,8d9f8f0d-eb32-4104-872e-7d526bac6850,7,1210,True,6185,5833,138.8016981887149
1211,8d9f8f0d-eb32-4104-872e-7d526bac6850,7,1211,True,6213,5861,161.23258232080843
1212,8d9f8f0d-eb32-4104-872e-7d526bac6850,7,1212,True,6238,5886,160.19798802625974
1213,8d9f8f0d-eb32-4104-872e-7d526bac6850,7,1213,True,6268,5916,152.74332016461358
1214,8d9f8f0d-eb32-4104-872e-7d526bac6850,7,1214,True,6300,5948,131.94281035576114
1215,8d9f8f0d-eb32-4104-872e-7d526bac6850,7,1215,True,6318,5966,164.05045965268164
1216,8d9f8f0d-eb32-4104-872e-7d526bac6850,7,1216,True,6342,5990,151.13998078305667
1217,8d9f8f0d-eb32-4104-872e-7d526bac6850,7,1217,True,6373,6021,152.5184014535762
1218,8d9f8f0d-eb32-4104-872e-7d526bac6850,7,1218,True,6390,6038,144.9873100859777
1219,8d9f8f0d-eb32-4104-872e-7d526bac6850,7,1219,True,6429,6077,246.2452358413666
1220,8d9f8f0d-eb32-4104-872e-7d526bac6850,7,1220,True,6459,6107,206.80250525821612
1221,8d9f8f0d-eb32-4104-872e-7d526bac6850,7,1221,True,6482,6130,260.76179339842474
1222,8d9f8f0d-eb32-4104-872e-7d526bac6850,7,1222,True,6514,6162,228.76179339842474
1223,8d9f8f0d-eb32-4104-872e-7d526bac6850,7,1223,True,6538,6186,204.76179339842474
1224,8d9f8f0d-eb32-4104-872e-7d526bac6850,7,1224,True,6556,6204,173.26298027630855
1225,8d9f8f0d-eb32-4104-872e-7d526bac6850,7,1225,True,6576,6224,258.7042297485841
1226,8d9f8f0d-eb32-4104-872e-7d526bac6850,7,1226,True,6608,6256,185.30605671859303
1227,8d9f8f0d-eb32-4104-872e-7d526bac6850,7,1227,True,6634,6282,189.52411236863009
1228,8d9f8f0d-eb32-4104-872e-7d526bac6850,7,1228,True,6660,6308,200.60930040903077
1229,8d9f8f0d-eb32-4104-872e-7d526bac6850,7,1229,True,6683,6331,168.35343324723272
1230,8d9f8f0d-eb32-4104-872e-7d526bac6850,7,1230,True,6707,6355,205.42553621255593
1231,8d9f8f0d-eb32-4104-872e-7d526bac6850,7,1231,True,6736,6384,166.3954821745656
1232,8d9f8f0d-eb32-4104-872e-7d526bac6850,7,1232,True,6760,6408,195.13908267071292
1233,8d9f8f0d-eb32-4104-872e-7d526bac6850,7,1233,True,6789,6437,200.5624307007065
1234,8d9f8f0d-eb32-4104-872e-7d526bac6850,7,1234,True,6819,6467,161.35502129517045
1235,8d9f8f0d-eb32-4104-872e-7d526bac6850,7,1235,True,6843,6491,199.05225999092636
1236,8d9f8f0d-eb32-4104-872e-7d526bac6850,7,1236,True,6874,6522,158.11684359851188
1237,8d9f8f0d-eb32-4104-872e-7d526bac6850,7,1237,True,6899,6547,184.4595631064376
1238,8d9f8f0d-eb32-4104-872e-7d526bac6850,7,1238,True,6928,6576,185.53218353912143
1239,8d9f8f0d-eb32-4104-872e-7d526bac6850,7,1239,True,6967,6615,161.8498343276242
1240,8d9f8f0d-eb32-4104-872e-7d526bac6850,7,1240,True,6990,6638,150.25348310965728
1241,8d9f8f0d-eb32-4104-872e-7d526bac6850,7,1241,True,7021,6669,119.25348310965728
1242,8d9f8f0d-eb32-4104-872e-7d526bac6850,7,1242,True,7047,6695,183.01983867816944
1243,8d9f8f0d-eb32-4104-872e-7d526bac6850,7,1243,True,7076,6724,162.7019045866191
1244,8d9f8f0d-eb32-4104-872e-7d526bac6850,7,1244,True,7103,6751,179.65938135239503
1245,8d9f8f0d-eb32-4104-872e-7d526bac6850,7,1245,True,7129,6777,164.45961625179007
1246,8d9f8f0d-eb32-4104-872e-7d526bac6850,7,1246,True,7151,6799,156.08650102280262
1247,8d9f8f0d-eb32-4104-872e-7d526bac6850,7,1247,True,7198,6846,175.1831008208228
1248,8d9f8f0d-eb32-4104-872e-7d526bac6850,7,1248,True,7217,6865,165.57035681792968
1249,8d9f8f0d-eb32-4104-872e-7d526bac6850,7,1249,True,7253,6901,150.51107446094738
1250,8d9f8f0d-eb32-4104-872e-7d526bac6850,7,1250,True,7277,6925,150.93066357155476
1251,8d9f8f0d-eb32-4104-872e-7d526bac6850,7,1251,True,7308,6956,200.44090318240433
1252,8d9f8f0d-eb32-4104-872e-7d526bac6850,7,1252,True,7337,6985,196.97190377547759
1253,8d9f8f0d-eb32-4104-872e-7d526bac6850,7,1253,True,7367,7015,151.28315732984174
1254,8d9f8f0d-eb32-4104-872e-7d526bac6850,7,1254,True,7398,7046,146.48784478610378
1255,8d9f8f0d-eb32-4104-872e-7d526bac6850,7,1255,True,7421,7069,153.19718135193762
1256,8d9f8f0d-eb32-4104-872e-7d526bac6850,7,1256,True,7453,7101,142.0373797000084
1257,8d9f8f0d-eb32-4104-872e-7d526bac6850,7,1257,True,7477,7125,201.29598632774287
1258,8d9f8f0d-eb32-4104-872e-7d526bac6850,7,1258,True,7501,7149,189.59814610356534
1259,8d9f8f0d-eb32-4104-872e-7d526bac6850,7,1259,True,7518,7166,172.59814610356534
1260,8d9f8f0d-eb32-4104-872e-7d526bac6850,7,1260,True,7550,7198,199.70143430445114
1261,8d9f8f0d-eb32-4104-872e-7d526bac6850,7,1261,True,7580,7228,145.8290304169759
1262,8d9f8f0d-eb32-4104-872e-7d526bac6850,7,1262,True,7618,7266,159.8476083491796
1263,8d9f8f0d-eb32-4104-872e-7d526bac6850,7,1263,True,7641,7289,147.3102970345335
1264,8d9f8f0d-eb32-4104-872e-7d526bac6850,7,1264,True,7673,7321,155.26823649697417
1265,8d9f8f0d-eb32-4104-872e-7d526bac6850,7,1265,True,7701,7349,137.8052534084718
1266,8d9f8f0d-eb32-4104-872e-7d526bac6850,7,1266,True,7727,7375,168.09735777993865
1267,8d9f8f0d-eb32-4104-872e-7d526bac6850,7,1267,True,7756,7404,149.4933449224891
1268,8d9f8f0d-eb32-4104-872e-7d526bac6850,7,1268,True,7780,7428,199.9570741855223
1269,8d9f8f0d-eb32-4104-872e-7d526bac6850,7,1269,True,7816,7464,138.16654377382838
1270,8d9f8f0d-eb32-4104-872e-7d526bac6850,7,1270,True,7849,7497,162.5826204208306
1271,8d9f8f0d-eb32-4104-872e-7d526bac6850,7,1271,True,7879,7527,212.93399898459938
1272,8d9f8f0d-eb32-4104-872e-7d526bac6850,7,1272,True,7910,7558,169.52508285585463
1273,8d9f8f0d-eb32-4104-872e-7d526bac6850,7,1273,True,7937,7585,191.2789396385715
1274,8d9f8f0d-eb32-4104-872e-7d526bac6850,7,1274,True,7975,7623,132.47871746833334
1275,8d9f8f0d-eb32-4104-872e-7d526bac6850,7,1275,True,8008,7656,170.43007239029066
1276,8d9f8f0d-eb32-4104-872e-7d526bac6850,7,1276,True,8035,7683,179.9796490973995
1277,8d9f8f0d-eb32-4104-872e-7d526bac6850,7,1277,True,8059,7707,145.21030466210414
1278,8d9f8f0d-eb32-4104-872e-7d526bac6850,7,1278,True,8076,7724,155.83350367575076
1279,8d9f8f0d-eb32-4104-872e-7d526bac6850,7,1279,True,8113,7761,168.02591411715912
1280,8d9f8f0d-eb32-4104-872e-7d526bac6850,7,1280,True,8145,7793,187.36697177865517
1281,8d9f8f0d-eb32-4104-872e-7d526bac6850,7,1281,True,8175,7823,168.00904860580158
1282,8d9f8f0d-eb32-4104-872e-7d526bac6850,7,1282,True,8197,7845,174.84284707289316
1283,8d9f8f0d-eb32-4104-872e-7d526bac6850,7,1283,True,8215,7863,145.68402328053162
1284,8d9f8f0d-eb32-4104-872e-7d526bac6850,7,1284,True,8245,7893,146.91193923370702
1285,8d9f8f0d-eb32-4104-872e-7d526bac6850,7,1285,True,8278,7926,163.07346937137208
1286,8d9f8f0d-eb32-4104-872e-7d526bac6850,7,1286,True,8298,7946,193.22425959680095
1287,8d9f8f0d-eb32-4104-872e-7d526bac6850,7,1287,True,8323,7971,177.89437900804387
1288,8d9f8f0d-eb32-4104-872e-7d526bac6850,7,1288,True,8351,7999,211.10238297998876
1289,8d9f8f0d-eb32-4104-872e-7d526bac6850,7,1289,True,8376,8024,197.23769851836732
1290,8d9f8f0d-eb32-4104-872e-7d526bac6850,7,1290,True,8401,8049,140.29252454889956
1291,8d9f8f0d-eb32-4104-872e-7d526bac6850,7,1291,True,8441,8089,149.32743300612674
1292,8d9f8f0d-eb32-4104-872e-7d526bac6850,7,1292,True,8466,8114,188.66643130408193
1293,8d9f8f0d-eb32-4104-872e-7d526bac6850,7,1293,True,8504,8152,188.02842414517727
1294,8d9f8f0d-eb32-4104-872e-7d526bac6850,7,1294,True,8524,8172,141.82714766720346
1295,8d9f8f0d-eb32-4104-872e-7d526bac6850,7,1295,True,8553,8201,155.99160068190577
1296,8d9f8f0d-eb32-4104-872e-7d526bac6850,7,1296,True,8587,8235,179.92075895020207
1297,8d9f8f0d-eb32-4104-872e-7d526bac6850,7,1297,True,8614,8262,168.76353469018795
1298,8d9f8f0d-eb32-4104-872e-7d526bac6850,7,1298,True,8636,8284,176.51737920716369
1299,8d9f8f0d-eb32-4104-872e-7d526bac6850,7,1299,True,8658,8306,202.50991057016836
1300,8d9f8f0d-eb32-4104-872e-7d526bac6850,7,1300,True,8681,8329,156.4563442449071
1301,8d9f8f0d-eb32-4104-872e-7d526bac6850,7,1301,True,8703,8351,143.96821913252825
1302,8d9f8f0d-eb32-4104-872e-7d526bac6850,7,1302,True,8734,8382,161.2281625317264
1303,8d9f8f0d-eb32-4104-872e-7d526bac6850,7,1303,True,8762,8410,147.92215692137142
1304,8d9f8f0d-eb32-4104-872e-7d526bac6850,7,1304,True,8781,8429,139.92608751979606
1305,8d9f8f0d-eb32-4104-872e-7d526bac6850,7,1305,True,8803,8451,218.49336245801533
1306,8d9f8f0d-eb32-4104-872e-7d526bac6850,7,1306,True,8826,8474,185.33448924276854
1307,8d9f8f0d-eb32-4104-872e-7d526bac6850,7,1307,True,8846,8494,187.95824263047325
1308,8d9f8f0d-eb32-4104-872e-7d526bac6850,7,1308,True,8874,8522,212.24466397069955
1309,8d9f8f0d-eb32-4104-872e-7d526bac6850,7,1309,True,8897,8545,172.54936593160528
1310,8d9f8f0d-eb32-4104-872e-7d526bac6850,7,1310,True,8923,8571,191.5487137878972
1311,8d9f8f0d-eb32-4104-872e-7d526bac6850,7,1311,True,8953,8601,180.35803301103806
1312,8d9f8f0d-eb32-4104-872e-7d526bac6850,7,1312,True,8979,8627,145.4843045655016
1313,8d9f8f0d-eb32-4104-872e-7d526bac6850,7,1313,True,9007,8655,178.60686727197753
1314,8d9f8f0d-eb32-4104-872e-7d526bac6850,7,1314,True,9038,8686,157.75573346853707
1315,8d9f8f0d-eb32-4104-872e-7d526bac6850,7,1315,True,9066,8714,169.26548555373483
1316,8d9f8f0d-eb32-4104-872e-7d526bac6850,7,1316,True,9101,8749,158.7920566814155
1317,8d9f8f0d-eb32-4104-872e-7d526bac6850,7,1317,True,9129,8777,140.7873894455115
1318,8d9f8f0d-eb32-4104-872e-7d526bac6850,7,1318,True,9158,8806,153.27593394797987
1319,8d9f8f0d-eb32-4104-872e-7d526bac6850,7,1319,True,9183,8831,175.935733989656
1320,8d9f8f0d-eb32-4104-872e-7d526bac6850,7,1320,True,9214,8862,144.935733989656
1321,8d9f8f0d-eb32-4104-872e-7d526bac6850,7,1321,True,9240,8888,148.87768030539155
1322,8d9f8f0d-eb32-4104-872e-7d526bac6850,7,1322,True,9263,8911,134.9626570950968
1323,8d9f8f0d-eb32-4104-872e-7d526bac6850,7,1323,True,9289,8937,156.64746892853145
1324,8d9f8f0d-eb32-4104-872e-7d526bac6850,7,1324,True,9322,8970,134.76491607631942
1325,8d9f8f0d-eb32-4104-872e-7d526bac6850,7,1325,True,9349,8997,169.91509733249586
1326,8d9f8f0d-eb32-4104-872e-7d526bac6850,7,1326,True,9379,9027,152.78049080534038
1327,8d9f8f0d-eb32-4104-872e-7d526bac6850,7,1327,True,9403,9051,149.62138709529063
1328,8d9f8f0d-eb32-4104-872e-7d526bac6850,7,1328,True,9434,9082,187.15679443583758
1329,8d9f8f0d-eb32-4104-872e-7d526bac6850,7,1329,True,9468,9116,142.11202722453163
1330,8d9f8f0d-eb32-4104-872e-7d526bac6850,7,1330,True,9493,9141,187.00977140313262
1331,8d9f8f0d-eb32-4104-872e-7d526bac6850,7,1331,True,9520,9168,136.6159327948044
1332,8d9f8f0d-eb32-4104-872e-7d526bac6850,7,1332,True,9547,9195,157.03960672709036
1333,8d9f8f0d-eb32-4104-872e-7d526bac6850,7,1333,True,9573,9221,142.10219957478512
1334,8d9f8f0d-eb32-4104-872e-7d526bac6850,7,1334,True,9609,9257,167.27569284922356
1335,8d9f8f0d-eb32-4104-872e-7d526bac6850,7,1335,True,9635,9283,152.16103352323807
1336,8d9f8f0d-eb32-4104-872e-7d526bac6850,7,1336,True,9678,9326,172.2832641562145
1337,8d9f8f0d-eb32-4104-872e-7d526bac6850,7,1337,True,9708,9356,150.7183621963286
1338,8d9f8f0d-eb32-4104-872e-7d526bac6850,7,1338,True,9734,9382,136.2854311361134
1339,8d9f8f0d-eb32-4104-872e-7d526bac6850,7,1339,True,9763,9411,120.87320972326052
1340,8d9f8f0d-eb32-4104-872e-7d526bac6850,7,1340,True,9786,9434,132.80407531446872
1341,8d9f8f0d-eb32-4104-872e-7d526bac6850,7,1341,True,9812,9460,169.8720735376155
1342,8d9f8f0d-eb32-4104-872e-7d526bac6850,7,1342,True,9838,9486,155.92086699160245
1343,8d9f8f0d-eb32-4104-872e-7d526bac6850,7,1343,True,9869,9517,163.37946187686794
1344,8d9f8f0d-eb32-4104-872e-7d526bac6850,7,1344,True,9900,9548,142.64527875006934
1345,8d9f8f0d-eb32-4104-872e-7d526bac6850,7,1345,True,9923,9571,159.37900024945884
1346,8d9f8f0d-eb32-4104-872e-7d526bac6850,7,1346,True,9950,9598,143.61314744101946
1347,8d9f8f0d-eb32-4104-872e-7d526bac6850,7,1347,True,9983,9631,156.06172353880538
1348,8d9f8f0d-eb32-4104-872e-7d526bac6850,7,1348,True,10011,9659,146.20024051651126
1349,8d9f8f0d-eb32-4104-872e-7d526bac6850,7,1349,True,10043,9691,148.54017828393626
1350,8d9f8f0d-eb32-4104-872e-7d526bac6850,7,1350,True,10075,9723,151.0935396912355
1351,8d9f8f0d-eb32-4104-872e-7d526bac6850,7,1351,True,10108,9756,126.73858120835757
1352,8d9f8f0d-eb32-4104-872e-7d526bac6850,7,1352,True,10129,9777,161.19908196140932
1353,8d9f8f0d-eb32-4104-872e-7d526bac6850,7,1353,True,10159,9807,196.4019878731142
1354,8d9f8f0d-eb32-4104-872e-7d526bac6850,7,1354,True,10181,9829,143.47590959679655
1355,8d9f8f0d-eb32-4104-872e-7d526bac6850,7,1355,True,10216,9864,148.7758480267803
1356,8d9f8f0d-eb32-4104-872e-7d526bac6850,7,1356,True,10252,9900,151.44814111909
1357,8d9f8f0d-eb32-4104-872e-7d526bac6850,7,1357,True,10281,9929,132.80716874053724
1358,8d9f8f0d-eb32-4104-872e-7d526bac6850,7,1358,True,10316,9964,141.76039148250857
1359,8d9f8f0d-eb32-4104-872e-7d526bac6850,7,1359,True,10346,9994,139.08199897069426
1360,8d9f8f0d-eb32-4104-872e-7d526bac6850,7,1360,True,10373,10021,138.40936154092196
1361,8d9f8f0d-eb32-4104-872e-7d526bac6850,7,1361,True,10397,10045,133.32256458473603
1362,8d9f8f0d-eb32-4104-872e-7d526bac6850,7,1362,True,10422,10070,134.91389215635354
1363,8d9f8f0d-eb32-4104-872e-7d526bac6850,7,1363,True,10445,10093,121.63917004432187
1364,8d9f8f0d-eb32-4104-872e-7d526bac6850,7,1364,True,10481,10129,158.23540838907684
1365,8d9f8f0d-eb32-4104-872e-7d526bac6850,7,1365,True,10503,10151,116.13082833449334
1366,8d9f8f0d-eb32-4104-872e-7d526bac6850,7,1366,True,10534,10182,158.76135116412115
1367,8d9f8f0d-eb32-4104-872e-7d526bac6850,7,1367,True,10567,10215,135.63513075820265
1368,8d9f8f0d-eb32-4104-872e-7d526bac6850,7,1368,True,10600,10248,163.0250070195434
1369,8d9f8f0d-eb32-4104-872e-7d526bac6850,7,1369,True,10631,10279,116.2643431207307
1370,8d9f8f0d-eb32-4104-872e-7d526bac6850,7,1370,True,10669,10317,148.9825026617291
1371,8d9f8f0d-eb32-4104-872e-7d526bac6850,7,1371,True,10694,10342,134.93214176576657
1372,8d9f8f0d-eb32-4104-872e-7d526bac6850,7,1372,True,10716,10364,155.754942334328
1373,8d9f8f0d-eb32-4104-872e-7d526bac6850,7,1373,True,10739,10387,158.66497856283968
1374,8d9f8f0d-eb32-4104-872e-7d526bac6850,7,1374,True,10763,10411,145.9366353722471
1375,8d9f8f0d-eb32-4104-872e-7d526bac6850,7,1375,True,10796,10444,127.05895233744741
1376,8d9f8f0d-eb32-4104-872e-7d526bac6850,7,1376,True,10828,10476,146.4652393752658
1377,8d9f8f0d-eb32-4104-872e-7d526bac6850,7,1377,True,10847,10495,139.34005565221923
1378,8d9f8f0d-eb32-4104-872e-7d526bac6850,7,1378,True,10873,10521,151.89154700825748
1379,8d9f8f0d-eb32-4104-872e-7d526bac6850,7,1379,True,10896,10544,147.38276970551124
1380,8d9f8f0d-eb32-4104-872e-7d526bac6850,7,1380,True,10921,10569,142.87147092068153
1381,8d9f8f0d-eb32-4104-872e-7d526bac6850,7,1381,True,10956,10604,157.73017442063247
1382,8d9f8f0d-eb32-4104-872e-7d526bac6850,7,1382,True,10989,10637,151.7406789502511
1383,8d9f8f0d-eb32-4104-872e-7d526bac6850,7,1383,True,11013,10661,140.11438889356032
1384,8d9f8f0d-eb32-4104-872e-7d526bac6850,7,1384,True,11031,10679,155.84313367053983
1385,8d9f8f0d-eb32-4104-872e-7d526bac6850,7,1385,True,11054,10702,142.13973894677656
1386,8d9f8f0d-eb32-4104-872e-7d526bac6850,7,1386,True,11080,10728,208.1611876058887
1387,8d9f8f0d-eb32-4104-872e-7d526bac6850,7,1387,True,11113,10761,160.80713966959047
1388,8d9f8f0d-eb32-4104-872e-7d526bac6850,7,1388,True,11138,10786,150.1611876058887
1389,8d9f8f0d-eb32-4104-872e-7d526bac6850,7,1389,True,11161,10809,187.3192376347306
1390,8d9f8f0d-eb32-4104-872e-7d526bac6850,7,1390,True,11193,10841,138.3487199543415
1391,8d9f8f0d-eb32-4104-872e-7d526bac6850,7,1391,True,11225,10873,147.79350776493084
1392,8d9f8f0d-eb32-4104-872e-7d526bac6850,7,1392,True,11259,10907,127.68083793702135
1393,8d9f8f0d-eb32-4104-872e-7d526bac6850,7,1393,True,11288,10936,155.97078864684227
1394,8d9f8f0d-eb32-4104-872e-7d526bac6850,7,1394,True,11322,10970,131.7505812766667
1395,8d9f8f0d-eb32-4104-872e-7d526bac6850,7,1395,True,11354,11002,117.71058607896339
1396,8d9f8f0d-eb32-4104-872e-7d526bac6850,7,1396,True,11385,11033,162.7210848770992
1397,8d9f8f0d-eb32-4104-872e-7d526bac6850,7,1397,True,11408,11056,127.30135609160607
1398,8d9f8f0d-eb32-4104-872e-7d526bac6850,7,1398,True,11445,11093,138.3140385699171
1399,8d9f8f0d-eb32-4104-872e-7d526bac6850,7,1399,True,11470,11118,145.76922493100574
1400,8d9f8f0d-eb32-4104-872e-7d526bac6850,7,1400,True,11503,11151,136.7557498465667
1401,8d9f8f0d-eb32-4104-872e-7d526bac6850,7,1401,True,11532,11180,146.85659495670188
1402,8d9f8f0d-eb32-4104-872e-7d526bac6850,7,1402,True,11559,11207,146.29650607954682
1403,8d9f8f0d-eb32-4104-872e-7d526bac6850,7,1403,True,11590,11238,123.7478522896563
1404,8d9f8f0d-eb32-4104-872e-7d526bac6850,7,1404,True,11628,11276,108.80652864949661
1405,8d9f8f0d-eb32-4104-872e-7d526bac6850,7,1405,True,11656,11304,145.1526032551228
1406,8d9f8f0d-eb32-4104-872e-7d526bac6850,7,1406,True,11687,11335,123.355607132351
1407,8d9f8f0d-eb32-4104-872e-7d526bac6850,7,1407,True,11711,11359,139.63932995707182
1408,8d9f8f0d-eb32-4104-872e-7d526bac6850,7,1408,True,11741,11389,124.1866057672978
1409,8d9f8f0d-eb32-4104-872e-7d526bac6850,7,1409,True,11763,11411,133.68458793892387
1410,8d9f8f0d-eb32-4104-872e-7d526bac6850,7,1410,True,11790,11438,126.37330032880709
1411,8d9f8f0d-eb32-4104-872e-7d526bac6850,7,1411,True,11824,11472,155.24136277069374
1412,8d9f8f0d-eb32-4104-872e-7d526bac6850,7,1412,True,11853,11501,137.8851100976408
1413,8d9f8f0d-eb32-4104-872e-7d526bac6850,7,1413,True,11894,11542,201.87318088766187
1414,8d9f8f0d-eb32-4104-872e-7d526bac6850,7,1414,True,11922,11570,163.63100631693487
1415,8d9f8f0d-eb32-4104-872e-7d526bac6850,7,1415,True,11943,11591,172.62733315218793
1416,8d9f8f0d-eb32-4104-872e-7d526bac6850,7,1416,True,11972,11620,174.6978453851225
1417,8d9f8f0d-eb32-4104-872e-7d526bac6850,7,1417,True,11997,11645,140.10429731593285
1418,8d9f8f0d-eb32-4104-872e-7d526bac6850,7,1418,True,12016,11664,185.27248981198136
1419,8d9f8f0d-eb32-4104-872e-7d526bac6850,7,1419,True,12046,11694,169.0457761220532
1420,8d9f8f0d-eb32-4104-872e-7d526bac6850,7,1420,True,12068,11716,120.16771126240019
1421,8d9f8f0d-eb32-4104-872e-7d526bac6850,7,1421,True,12092,11740,144.13456635405964
1422,8d9f8f0d-eb32-4104-872e-7d526bac6850,7,1422,True,12128,11776,135.59768087422162
1423,8d9f8f0d-eb32-4104-872e-7d526bac6850,7,1423,True,12162,11810,160.07349236757182
1424,8d9f8f0d-eb32-4104-872e-7d526bac6850,7,1424,True,12187,11835,124.99117042033868
1425,8d9f8f0d-eb32-4104-872e-7d526bac6850,7,1425,True,12206,11854,154.46149494406927
1426,8d9f8f0d-eb32-4104-872e-7d526bac6850,7,1426,True,12224,11872,151.21698922278847
1427,8d9f8f0d-eb32-4104-872e-7d526bac6850,7,1427,True,12247,11895,149.5183345361711
1428,8d9f8f0d-eb32-4104-872e-7d526bac6850,7,1428,True,12271,11919,116.02179727554358
1429,8d9f8f0d-eb32-4104-872e-7d526bac6850,7,1429,True,12293,11941,149.55169000536625
1430,8d9f8f0d-eb32-4104-872e-7d526bac6850,7,1430,True,12317,11965,158.85386415946414
1431,8d9f8f0d-eb32-4104-872e-7d526bac6850,7,1431,True,12342,11990,150.40339135496833
1432,8d9f8f0d-eb32-4104-872e-7d526bac6850,7,1432,True,12365,12013,151.58271382846942
1433,8d9f8f0d-eb32-4104-872e-7d526bac6850,7,1433,True,12389,12037,138.89977446985722
1434,8d9f8f0d-eb32-4104-872e-7d526bac6850,7,1434,True,12420,12068,184.00099012669125
1435,8d9f8f0d-eb32-4104-872e-7d526bac6850,7,1435,True,12443,12091,152.7922920531346
1436,8d9f8f0d-eb32-4104-872e-7d526bac6850,7,1436,True,12464,12112,155.22374040522482
1437,8d9f8f0d-eb32-4104-872e-7d526bac6850,7,1437,True,12499,12147,145.50697857483465
1438,8d9f8f0d-eb32-4104-872e-7d526bac6850,7,1438,True,12518,12166,137.47085682184843
1439,8d9f8f0d-eb32-4104-872e-7d526bac6850,7,1439,True,12543,12191,129.22571313114167
1440,8d9f8f0d-eb32-4104-872e-7d526bac6850,7,1440,True,12576,12224,119.87937208058429
1441,8d9f8f0d-eb32-4104-872e-7d526bac6850,7,1441,True,12605,12253,200.06086114563004
1442,8d9f8f0d-eb32-4104-872e-7d526bac6850,7,1442,True,12626,12274,155.57442499496756
1443,8d9f8f0d-eb32-4104-872e-7d526bac6850,7,1443,True,12650,12298,213.73389917112218
1444,8d9f8f0d-eb32-4104-872e-7d526bac6850,7,1444,True,12669,12317,194.73389917112218
1445,8d9f8f0d-eb32-4104-872e-7d526bac6850,7,1445,True,12694,12342,207.72982858706018
1446,8d9f8f0d-eb32-4104-872e-7d526bac6850,7,1446,True,12711,12359,140.89966440128956
1447,8d9f8f0d-eb32-4104-872e-7d526bac6850,7,1447,True,12738,12386,216.885528701343
1448,8d9f8f0d-eb32-4104-872e-7d526bac6850,7,1448,True,12767,12415,164.08782034579417
1449,8d9f8f0d-eb32-4104-872e-7d526bac6850,7,1449,True,12792,12440,162.885528701343
1450,8d9f8f0d-eb32-4104-872e-7d526bac6850,7,1450,True,12827,12475,177.25907498471133
1451,8d9f8f0d-eb32-4104-872e-7d526bac6850,7,1451,True,12849,12497,137.6391029465376
1452,8d9f8f0d-eb32-4104-872e-7d526bac6850,7,1452,True,12881,12529,148.8613670786217
1453,8d9f8f0d-eb32-4104-872e-7d526bac6850,7,1453,True,12908,12556,133.8240133870222
1454,8d9f8f0d-eb32-4104-872e-7d526bac6850,7,1454,True,12934,12582,167.48778227998628
1455,8d9f8f0d-eb32-4104-872e-7d526bac6850,7,1455,True,12960,12608,151.70178124995982
1456,8d9f8f0d-eb32-4104-872e-7d526bac6850,7,1456,True,12987,12635,166.85453277273155
1457,8d9f8f0d-eb32-4104-872e-7d526bac6850,7,1457,True,13008,12656,180.13851994082324
1458,8d9f8f0d-eb32-4104-872e-7d526bac6850,7,1458,True,13048,12696,183.8761501070403
1459,8d9f8f0d-eb32-4104-872e-7d526bac6850,7,1459,True,13077,12725,134.07330814325724
1460,8d9f8f0d-eb32-4104-872e-7d526bac6850,7,1460,True,13105,12753,173.56663290887445
1461,8d9f8f0d-eb32-4104-872e-7d526bac6850,7,1461,True,13128,12776,161.40250120728524
1462,8d9f8f0d-eb32-4104-872e-7d526bac6850,7,1462,True,13154,12802,156.92198520686725
1463,8d9f8f0d-eb32-4104-872e-7d526bac6850,7,1463,True,13175,12823,155.14427634177082
1464,8d9f8f0d-eb32-4104-872e-7d526bac6850,7,1464,True,13197,12845,143.3437114582939
1465,8d9f8f0d-eb32-4104-872e-7d526bac6850,7,1465,True,13220,12868,211.2471231325053
1466,8d9f8f0d-eb32-4104-872e-7d526bac6850,7,1466,True,13253,12901,151.53192320911148
1467,8d9f8f0d-eb32-4104-872e-7d526bac6850,7,1467,True,13282,12930,205.14790095482203
1468,8d9f8f0d-eb32-4104-872e-7d526bac6850,7,1468,True,13308,12956,148.96004982825434
1469,8d9f8f0d-eb32-4104-872e-7d526bac6850,7,1469,True,13334,12982,171.538725794966
1470,8d9f8f0d-eb32-4104-872e-7d526bac6850,7,1470,True,13363,13011,174.41852159884002
1471,8d9f8f0d-eb32-4104-872e-7d526bac6850,7,1471,True,13396,13044,163.0526778519088
1472,8d9f8f0d-eb32-4104-872e-7d526bac6850,7,1472,True,13426,13074,158.19848534702942
1473,8d9f8f0d-eb32-4104-872e-7d526bac6850,7,1473,True,13449,13097,145.42291748899333
1474,8d9f8f0d-eb32-4104-872e-7d526bac6850,7,1474,True,13473,13121,162.4391506807533
1475,8d9f8f0d-eb32-4104-872e-7d526bac6850,7,1475,True,13506,13154,182.66017772121086
1476,8d9f8f0d-eb32-4104-872e-7d526bac6850,7,1476,True,13538,13186,175.52689193906372
1477,8d9f8f0d-eb32-4104-872e-7d526bac6850,7,1477,True,13565,13213,165.28613823523665
1478,8d9f8f0d-eb32-4104-872e-7d526bac6850,7,1478,True,13584,13232,156.99457060835266
1479,8d9f8f0d-eb32-4104-872e-7d526bac6850,7,1479,True,13621,13269,151.62763677048497
1480,8d9f8f0d-eb32-4104-872e-7d526bac6850,7,1480,True,13645,13293,116.46872425253423
1481,8d9f8f0d-eb32-4104-872e-7d526bac6850,7,1481,True,13672,13320,139.345797562999
1482,8d9f8f0d-eb32-4104-872e-7d526bac6850,7,1482,True,13704,13352,155.6163711073259
1483,8d9f8f0d-eb32-4104-872e-7d526bac6850,7,1483,True,13732,13380,142.23974342670226
1484,8d9f8f0d-eb32-4104-872e-7d526bac6850,7,1484,True,13764,13412,147.4670511970071
1485,8d9f8f0d-eb32-4104-872e-7d526bac6850,7,1485,True,13798,13446,155.59310107974852
1486,8d9f8f0d-eb32-4104-872e-7d526bac6850,7,1486,True,13823,13471,212.22144172704247
1487,8d9f8f0d-eb32-4104-872e-7d526bac6850,7,1487,True,13851,13499,195.02318527552052
1488,8d9f8f0d-eb32-4104-872e-7d526bac6850,7,1488,True,13867,13515,155.44430294447375
1489,8d9f8f0d-eb32-4104-872e-7d526bac6850,7,1489,True,13896,13544,114.76434610322576
1490,8d9f8f0d-eb32-4104-872e-7d526bac6850,7,1490,True,13930,13578,183.89616716806813
1491,8d9f8f0d-eb32-4104-872e-7d526bac6850,7,1491,True,13953,13601,174.38886901707338
1492,8d9f8f0d-eb32-4104-872e-7d526bac6850,7,1492,True,13984,13632,181.54031281772586
1493,8d9f8f0d-eb32-4104-872e-7d526bac6850,7,1493,True,14013,13661,165.70172050736255
1494,8d9f8f0d-eb32-4104-872e-7d526bac6850,7,1494,True,14035,13683,154.2022918384282
1495,8d9f8f0d-eb32-4104-872e-7d526bac6850,7,1495,True,14068,13716,135.7376322486325
1496,8d9f8f0d-eb32-4104-872e-7d526bac6850,7,1496,True,14100,13748,206.18795715169836
1497,8d9f8f0d-eb32-4104-872e-7d526bac6850,7,1497,True,14132,13780,150.67493393821132
1498,8d9f8f0d-eb32-4104-872e-7d526bac6850,7,1498,True,14163,13811,167.58335342244027
1499,8d9f8f0d-eb32-4104-872e-7d526bac6850,7,1499,True,14200,13848,140.1665206358848
1500,8d9f8f0d-eb32-4104-872e-7d526bac6850,7,1500,True,14218,13866,134.061953054048
1501,8d9f8f0d-eb32-4104-872e-7d526bac6850,7,1501,True,14251,13899,185.74240537332116
1502,8d9f8f0d-eb32-4104-872e-7d526bac6850,7,1502,True,14283,13931,257.8459892196497
1503,8d9f8f0d-eb32-4104-872e-7d526bac6850,7,1503,True,14308,13956,243.14811330542943
1504,8d9f8f0d-eb32-4104-872e-7d526bac6850,7,1504,True,14349,13997,263.97143093546583
1505,8d9f8f0d-eb32-4104-872e-7d526bac6850,7,1505,True,14387,14035,235.59374267581188
1506,8d9f8f0d-eb32-4104-872e-7d526bac6850,7,1506,True,14416,14064,253.81563772044137
1507,8d9f8f0d-eb32-4104-872e-7d526bac6850,7,1507,True,14441,14089,207.10141055513486
1508,8d9f8f0d-eb32-4104-872e-7d526bac6850,7,1508,True,14473,14121,223.88919670072573
1509,8d9f8f0d-eb32-4104-872e-7d526bac6850,7,1509,True,14504,14152,203.0046409575225
1510,8d9f8f0d-eb32-4104-872e-7d526bac6850,7,1510,True,14529,14177,251.3168120593691
1511,8d9f8f0d-eb32-4104-872e-7d526bac6850,7,1511,True,14556,14204,246.77362828024525
1512,8d9f8f0d-eb32-4104-872e-7d526bac6850,7,1512,True,14581,14229,211.18265588845497
1513,8d9f8f0d-eb32-4104-872e-7d526bac6850,7,1513,True,14619,14267,312.30104345948166
1514,8d9f8f0d-eb32-4104-872e-7d526bac6850,7,1514,True,14645,14293,273.21420712232793
1515,8d9f8f0d-eb32-4104-872e-7d526bac6850,7,1515,True,14662,14310,330.93371026220484
1516,8d9f8f0d-eb32-4104-872e-7d526bac6850,7,1516,True,14684,14332,320.0437066285449
1517,8d9f8f0d-eb32-4104-872e-7d526bac6850,7,1517,True,14711,14359,269.8763005573419
1518,8d9f8f0d-eb32-4104-872e-7d526bac6850,7,1518,True,14734,14382,258.93371026220484
1519,8d9f8f0d-eb32-4104-872e-7d526bac6850,7,1519,True,14764,14412,331.9614942285043
1520,8d9f8f0d-eb32-4104-872e-7d526bac6850,7,1520,True,14796,14444,311.38021988798937
1521,8d9f8f0d-eb32-4104-872e-7d526bac6850,7,1521,True,14832,14480,263.9614942285043
1522,8d9f8f0d-eb32-4104-872e-7d526bac6850,7,1522,True,14864,14512,342.60986619263895
1523,8d9f8f0d-eb32-4104-872e-7d526bac6850,7,1523,True,14894,14542,341.3736973087289
1524,8d9f8f0d-eb32-4104-872e-7d526bac6850,7,1524,True,14920,14568,315.3736973087289
1525,8d9f8f0d-eb32-4104-872e-7d526bac6850,7,1525,True,14945,14593,272.7907745624343
1526,8d9f8f0d-eb32-4104-872e-7d526bac6850,7,1526,True,14969,14617,266.3736973087289
1527,8d9f8f0d-eb32-4104-872e-7d526bac6850,7,1527,True,14991,14639,226.7907745624343
1528,8d9f8f0d-eb32-4104-872e-7d526bac6850,7,1528,True,15018,14666,318.71301605347617
1529,8d9f8f0d-eb32-4104-872e-7d526bac6850,7,1529,True,15038,14686,254.7641875843965
1530,8d9f8f0d-eb32-4104-872e-7d526bac6850,7,1530,True,15066,14714,270.71301605347617
1531,8d9f8f0d-eb32-4104-872e-7d526bac6850,7,1531,True,15094,14742,198.7641875843965
1532,8d9f8f0d-eb32-4104-872e-7d526bac6850,7,1532,True,15123,14771,323.2845745990671
1533,8d9f8f0d-eb32-4104-872e-7d526bac6850,7,1533,True,15145,14793,288.92591783107855
1534,8d9f8f0d-eb32-4104-872e-7d526bac6850,7,1534,True,15173,14821,273.2845745990671
1535,8d9f8f0d-eb32-4104-872e-7d526bac6850,7,1535,True,15198,14846,235.92591783107855
1536,8d9f8f0d-eb32-4104-872e-7d526bac6850,7,1536,True,15231,14879,263.2289757422732
1537,8d9f8f0d-eb32-4104-872e-7d526bac6850,7,1537,True,15261,14909,254.15734338277616
1538,8d9f8f0d-eb32-4104-872e-7d526bac6850,7,1538,True,15287,14935,218.12344040597054
1539,8d9f8f0d-eb32-4104-872e-7d526bac6850,7,1539,True,15320,14968,295.6846002592556
1540,8d9f8f0d-eb32-4104-872e-7d526bac6850,7,1540,True,15349,14997,180.97575166675233
1541,8d9f8f0d-eb32-4104-872e-7d526bac6850,7,1541,True,15372,15020,243.6846002592556
1542,8d9f8f0d-eb32-4104-872e-7d526bac6850,7,1542,True,15401,15049,203.23562623221733
1543,8d9f8f0d-eb32-4104-872e-7d526bac6850,7,1543,True,15429,15077,229.45531484650928
1544,8d9f8f0d-eb32-4104-872e-7d526bac6850,7,1544,True,15451,15099,217.96972356678452
1545,8d9f8f0d-eb32-4104-872e-7d526bac6850,7,1545,True,15478,15126,224.88400758183343
1546,8d9f8f0d-eb32-4104-872e-7d526bac6850,7,1546,True,15494,15142,154.14383872555482
1547,8d9f8f0d-eb32-4104-872e-7d526bac6850,7,1547,True,15525,15173,210.27627984150968
1548,8d9f8f0d-eb32-4104-872e-7d526bac6850,7,1548,True,15548,15196,154.88400758183343
1549,8d9f8f0d-eb32-4104-872e-7d526bac6850,7,1549,True,15572,15220,181.49726173496492
1550,8d9f8f0d-eb32-4104-872e-7d526bac6850,7,1550,True,15597,15245,175.74763278339378
1551,8d9f8f0d-eb32-4104-872e-7d526bac6850,7,1551,True,15630,15278,171.12074615973688
1552,8d9f8f0d-eb32-4104-872e-7d526bac6850,7,1552,True,15655,15303,171.11894789601138
1553,8d9f8f0d-eb32-4104-872e-7d526bac6850,7,1553,True,15688,15336,186.31742490462784
1554,8d9f8f0d-eb32-4104-872e-7d526bac6850,7,1554,True,15711,15359,173.1290223958913
1555,8d9f8f0d-eb32-4104-872e-7d526bac6850,7,1555,True,15738,15386,125.58083003094725
1556,8d9f8f0d-eb32-4104-872e-7d526bac6850,7,1556,True,15772,15420,120.6828671506446
1557,8d9f8f0d-eb32-4104-872e-7d526bac6850,7,1557,True,15798,15446,113.57952596452742
1558,8d9f8f0d-eb32-4104-872e-7d526bac6850,7,1558,True,15831,15479,146.9782660887704
1559,8d9f8f0d-eb32-4104-872e-7d526bac6850,7,1559,True,15858,15506,131.9225487012627
1560,8d9f8f0d-eb32-4104-872e-7d526bac6850,7,1560,True,15896,15544,158.37322999784556
1561,8d9f8f0d-eb32-4104-872e-7d526bac6850,7,1561,True,15934,15582,131.93505438503416
1562,8d9f8f0d-eb32-4104-872e-7d526bac6850,7,1562,True,15962,15610,142.85589267100113
1563,8d9f8f0d-eb32-4104-872e-7d526bac6850,7,1563,True,15989,15637,139.5420005445667
1564,8d9f8f0d-eb32-4104-872e-7d526bac6850,7,1564,True,16011,15659,150.71804226280074
1565,8d9f8f0d-eb32-4104-872e-7d526bac6850,7,1565,True,16042,15690,130.0941568322978
1566,8d9f8f0d-eb32-4104-872e-7d526bac6850,7,1566,True,16068,15716,148.2975008941503
1567,8d9f8f0d-eb32-4104-872e-7d526bac6850,7,1567,True,16097,15745,128.5546016006756
1568,8d9f8f0d-eb32-4104-872e-7d526bac6850,7,1568,True,16127,15775,165.56229855242964
1569,8d9f8f0d-eb32-4104-872e-7d526bac6850,7,1569,True,16152,15800,152.37289648998194
1570,8d9f8f0d-eb32-4104-872e-7d526bac6850,7,1570,True,16178,15826,159.9122746576286
1571,8d9f8f0d-eb32-4104-872e-7d526bac6850,7,1571,True,16211,15859,141.91319473455042
1572,8d9f8f0d-eb32-4104-872e-7d526bac6850,7,1572,True,16237,15885,188.36988423130242
1573,8d9f8f0d-eb32-4104-872e-7d526bac6850,7,1573,True,16257,15905,143.5125158291521
1574,8d9f8f0d-eb32-4104-872e-7d526bac6850,7,1574,True,16283,15931,202.0401809613868
1575,8d9f8f0d-eb32-4104-872e-7d526bac6850,7,1575,True,16313,15961,160.75955587709905
1576,8d9f8f0d-eb32-4104-872e-7d526bac6850,7,1576,True,16339,15987,125.07633740325218
1577,8d9f8f0d-eb32-4104-872e-7d526bac6850,7,1577,True,16361,16009,166.4444227912336
1578,8d9f8f0d-eb32-4104-872e-7d526bac6850,7,1578,True,16376,16024,126.56811092189491
1579,8d9f8f0d-eb32-4104-872e-7d526bac6850,7,1579,True,16398,16046,145.65955030776786
1580,8d9f8f0d-eb32-4104-872e-7d526bac6850,7,1580,True,16427,16075,126.64641880838462
1581,8d9f8f0d-eb32-4104-872e-7d526bac6850,7,1581,True,16455,16103,138.92416127663637
1582,8d9f8f0d-eb32-4104-872e-7d526bac6850,7,1582,True,16496,16144,120.72015362349157
1583,8d9f8f0d-eb32-4104-872e-7d526bac6850,7,1583,True,16533,16181,154.9508341810306
1584,8d9f8f0d-eb32-4104-872e-7d526bac6850,7,1584,True,16563,16211,141.9997791647711
1585,8d9f8f0d-eb32-4104-872e-7d526bac6850,7,1585,True,16595,16243,119.82298651524252
1586,8d9f8f0d-eb32-4104-872e-7d526bac6850,7,1586,True,16626,16274,168.2703328476564
1587,8d9f8f0d-eb32-4104-872e-7d526bac6850,7,1587,True,16654,16302,130.8380617600742
1588,8d9f8f0d-eb32-4104-872e-7d526bac6850,7,1588,True,16681,16329,126.60354487704899
1589,8d9f8f0d-eb32-4104-872e-7d526bac6850,7,1589,True,16718,16366,120.04038843197486
1590,8d9f8f0d-eb32-4104-872e-7d526bac6850,7,1590,True,16752,16400,111.05340901279123
1591,8d9f8f0d-eb32-4104-872e-7d526bac6850,7,1591,True,16780,16428,147.82274287167456
1592,8d9f8f0d-eb32-4104-872e-7d526bac6850,7,1592,True,16809,16457,147.80663778378585
1593,8d9f8f0d-eb32-4104-872e-7d526bac6850,7,1593,True,16851,16499,191.35413890858035
1594,8d9f8f0d-eb32-4104-872e-7d526bac6850,7,1594,True,16882,16530,188.10883724693485
1595,8d9f8f0d-eb32-4104-872e-7d526bac6850,7,1595,True,16912,16560,130.35413890858035
1596,8d9f8f0d-eb32-4104-872e-7d526bac6850,7,1596,True,16951,16599,136.4495072358659
1597,8d9f8f0d-eb32-4104-872e-7d526bac6850,7,1597,True,16984,16632,115.7990787005474
1598,8d9f8f0d-eb32-4104-872e-7d526bac6850,7,1598,True,17013,16661,197.7043088272003
1599,8d9f8f0d-eb32-4104-872e-7d526bac6850,7,1599,True,17044,16692,123.44577823091095
1600,8d9f8f0d-eb32-4104-872e-7d526bac6850,7,1600,True,17082,16730,117.30670810130687
1601,8d9f8f0d-eb32-4104-872e-7d526bac6850,7,1601,True,17112,16760,131.92698109877165
1602,8d9f8f0d-eb32-4104-872e-7d526bac6850,7,1602,True,17137,16785,116.30771692929557
1603,8d9f8f0d-eb32-4104-872e-7d526bac6850,7,1603,True,17163,16811,131.26211836316725
1604,8d9f8f0d-eb32-4104-872e-7d526bac6850,7,1604,True,17185,16833,145.01791901777324
1605,8d9f8f0d-eb32-4104-872e-7d526bac6850,7,1605,True,17204,16852,116.44948796165045
1606,8d9f8f0d-eb32-4104-872e-7d526bac6850,7,1606,True,17224,16872,181.66701790625302
1607,8d9f8f0d-eb32-4104-872e-7d526bac6850,7,1607,True,17254,16902,182.4158012797525
1608,8d9f8f0d-eb32-4104-872e-7d526bac6850,7,1608,True,17276,16924,183.15989322537644
1609,8d9f8f0d-eb32-4104-872e-7d526bac6850,7,1609,True,17322,16970,201.1658082767608
1610,8d9f8f0d-eb32-4104-872e-7d526bac6850,7,1610,True,17359,17007,151.60373607339716
1611,8d9f8f0d-eb32-4104-872e-7d526bac6850,7,1611,True,17375,17023,148.1658082767608
1612,8d9f8f0d-eb32-4104-872e-7d526bac6850,7,1612,True,17404,17052,155.58361379915004
1613,8d9f8f0d-eb32-4104-872e-7d526bac6850,7,1613,True,17429,17077,161.70920015949378
1614,8d9f8f0d-eb32-4104-872e-7d526bac6850,7,1614,True,17458,17106,161.31462694613583
1615,8d9f8f0d-eb32-4104-872e-7d526bac6850,7,1615,True,17482,17130,125.67899263974323
1616,8d9f8f0d-eb32-4104-872e-7d526bac6850,7,1616,True,17506,17154,130.48309403851454
1617,8d9f8f0d-eb32-4104-872e-7d526bac6850,7,1617,True,17532,17180,181.45107863744488
1618,8d9f8f0d-eb32-4104-872e-7d526bac6850,7,1618,True,17548,17196,142.1508604127739
1619,8d9f8f0d-eb32-4104-872e-7d526bac6850,7,1619,True,17571,17219,154.48001088728415
1620,8d9f8f0d-eb32-4104-872e-7d526bac6850,7,1620,True,17590,17238,135.48001088728415
1621,8d9f8f0d-eb32-4104-872e-7d526bac6850,7,1621,True,17615,17263,146.94795757337124
1622,8d9f8f0d-eb32-4104-872e-7d526bac6850,7,1622,True,17634,17282,110.71423266773127
1623,8d9f8f0d-eb32-4104-872e-7d526bac6850,7,1623,True,17666,17314,150.54218616499566
1624,8d9f8f0d-eb32-4104-872e-7d526bac6850,7,1624,True,17694,17342,122.54218616499566
1625,8d9f8f0d-eb32-4104-872e-7d526bac6850,7,1625,True,17719,17367,122.10038530801103
1626,8d9f8f0d-eb32-4104-872e-7d526bac6850,7,1626,True,17747,17395,119.23909320836174
1627,8d9f8f0d-eb32-4104-872e-7d526bac6850,7,1627,True,17776,17424,121.86788397626151
1628,8d9f8f0d-eb32-4104-872e-7d526bac6850,7,1628,True,17808,17456,146.49645796464756
1629,8d9f8f0d-eb32-4104-872e-7d526bac6850,7,1629,True,17829,17477,135.27617655539507
1630,8d9f8f0d-eb32-4104-872e-7d526bac6850,7,1630,True,17854,17502,152.65627501236668
1631,8d9f8f0d-eb32-4104-872e-7d526bac6850,7,1631,True,17885,17533,134.26687202477842
1632,8d9f8f0d-eb32-4104-872e-7d526bac6850,7,1632,True,17916,17564,115.91755618335446
1633,8d9f8f0d-eb32-4104-872e-7d526bac6850,7,1633,True,17946,17594,154.06428188594873
1634,8d9f8f0d-eb32-4104-872e-7d526bac6850,7,1634,True,17970,17618,140.2062314846662
1635,8d9f8f0d-eb32-4104-872e-7d526bac6850,7,1635,True,17996,17644,201.40939761522532
1636,8d9f8f0d-eb32-4104-872e-7d526bac6850,7,1636,True,18026,17674,159.26950053283508
1637,8d9f8f0d-eb32-4104-872e-7d526bac6850,7,1637,True,18056,17704,183.6771527534438
1638,8d9f8f0d-eb32-4104-872e-7d526bac6850,7,1638,True,18082,17730,127.9058963984171
1639,8d9f8f0d-eb32-4104-872e-7d526bac6850,7,1639,True,18114,17762,208.82114482673933
1640,8d9f8f0d-eb32-4104-872e-7d526bac6850,7,1640,True,18144,17792,169.69826542921146
1641,8d9f8f0d-eb32-4104-872e-7d526bac6850,7,1641,True,18174,17822,175.866084765883
1642,8d9f8f0d-eb32-4104-872e-7d526bac6850,7,1642,True,18209,17857,156.80374797456534
1643,8d9f8f0d-eb32-4104-872e-7d526bac6850,7,1643,True,18236,17884,194.36413637622536
1644,8d9f8f0d-eb32-4104-872e-7d526bac6850,7,1644,True,18262,17910,155.09159117640593
1645,8d9f8f0d-eb32-4104-872e-7d526bac6850,7,1645,True,18287,17935,182.01760126249792
1646,8d9f8f0d-eb32-4104-872e-7d526bac6850,7,1646,True,18321,17969,157.60010604951094
1647,8d9f8f0d-eb32-4104-872e-7d526bac6850,7,1647,True,18359,18007,163.7744981057367
1648,8d9f8f0d-eb32-4104-872e-7d526bac6850,7,1648,True,18392,18040,156.7258714328418
1649,8d9f8f0d-eb32-4104-872e-7d526bac6850,7,1649,True,18424,18072,136.77697719505522
1650,8d9f8f0d-eb32-4104-872e-7d526bac6850,7,1650,True,18457,18105,150.41156632948332
1651,8d9f8f0d-eb32-4104-872e-7d526bac6850,7,1651,True,18481,18129,115.01510395582955
1652,8d9f8f0d-eb32-4104-872e-7d526bac6850,7,1652,True,18513,18161,134.9326824125019
1653,8d9f8f0d-eb32-4104-872e-7d526bac6850,7,1653,True,18548,18196,158.78325875864175
1654,8d9f8f0d-eb32-4104-872e-7d526bac6850,7,1654,True,18573,18221,143.8444888062695
1655,8d9f8f0d-eb32-4104-872e-7d526bac6850,7,1655,True,18602,18250,132.48864177624637
1656,8d9f8f0d-eb32-4104-872e-7d526bac6850,7,1656,True,18633,18281,146.437243693661
1657,8d9f8f0d-eb32-4104-872e-7d526bac6850,7,1657,True,18660,18308,128.86739058303647
1658,8d9f8f0d-eb32-4104-872e-7d526bac6850,7,1658,True,18692,18340,162.40234230412898
1659,8d9f8f0d-eb32-4104-872e-7d526bac6850,7,1659,True,18723,18371,141.5890197654153
1660,8d9f8f0d-eb32-4104-872e-7d526bac6850,7,1660,True,18753,18401,154.7444316317342
1661,8d9f8f0d-eb32-4104-872e-7d526bac6850,7,1661,True,18776,18424,153.54993592154278
1662,8d9f8f0d-eb32-4104-872e-7d526bac6850,7,1662,True,18797,18445,179.20394140497956
1663,8d9f8f0d-eb32-4104-872e-7d526bac6850,7,1663,True,18831,18479,132.99098791487995
1664,8d9f8f0d-eb32-4104-872e-7d526bac6850,7,1664,True,18863,18511,153.5213483685293
1665,8d9f8f0d-eb32-4104-872e-7d526bac6850,7,1665,True,18890,18538,138.45398068713985
1666,8d9f8f0d-eb32-4104-872e-7d526bac6850,7,1666,True,18915,18563,167.38601517833376
1667,8d9f8f0d-eb32-4104-872e-7d526bac6850,7,1667,True,18939,18587,132.258844567099
1668,8d9f8f0d-eb32-4104-872e-7d526bac6850,7,1668,True,18969,18617,192.47918855123498
1669,8d9f8f0d-eb32-4104-872e-7d526bac6850,7,1669,True,18997,18645,174.82092034427842
1670,8d9f8f0d-eb32-4104-872e-7d526bac6850,7,1670,True,19021,18669,169.795803676996
1671,8d9f8f0d-eb32-4104-872e-7d526bac6850,7,1671,True,19063,18711,177.13466320297084
1672,8d9f8f0d-eb32-4104-872e-7d526bac6850,7,1672,True,19098,18746,189.1663014488986
1673,8d9f8f0d-eb32-4104-872e-7d526bac6850,7,1673,True,19127,18775,171.14712433538807
1674,8d9f8f0d-eb32-4104-872e-7d526bac6850,7,1674,True,19145,18793,164.08746026654626
1675,8d9f8f0d-eb32-4104-872e-7d526bac6850,7,1675,True,19174,18822,144.7094323922247
1676,8d9f8f0d-eb32-4104-872e-7d526bac6850,7,1676,True,19211,18859,182.44199573494916
1677,8d9f8f0d-eb32-4104-872e-7d526bac6850,7,1677,True,19232,18880,197.52507421312112
1678,8d9f8f0d-eb32-4104-872e-7d526bac6850,7,1678,True,19256,18904,163.38905619750585
1679,8d9f8f0d-eb32-4104-872e-7d526bac6850,7,1679,True,19289,18937,152.42147975698026
1680,8d9f8f0d-eb32-4104-872e-7d526bac6850,7,1680,True,19313,18961,173.09761965708822
1681,8d9f8f0d-eb32-4104-872e-7d526bac6850,7,1681,True,19337,18985,159.43392424371996
1682,8d9f8f0d-eb32-4104-872e-7d526bac6850,7,1682,True,19367,19015,168.70344003680657
1683,8d9f8f0d-eb32-4104-872e-7d526bac6850,7,1683,True,19396,19044,150.4485323594272
1684,8d9f8f0d-eb32-4104-872e-7d526bac6850,7,1684,True,19427,19075,161.89931833766968
1685,8d9f8f0d-eb32-4104-872e-7d526bac6850,7,1685,True,19457,19105,143.93193962815712
1686,8d9f8f0d-eb32-4104-872e-7d526bac6850,7,1686,True,19482,19130,174.08946302245022
1687,8d9f8f0d-eb32-4104-872e-7d526bac6850,7,1687,True,19519,19167,159.2987471526103
1688,8d9f8f0d-eb32-4104-872e-7d526bac6850,7,1688,True,19539,19187,128.06514889635218
1689,8d9f8f0d-eb32-4104-872e-7d526bac6850,7,1689,True,19570,19218,182.52533187158406
1690,8d9f8f0d-eb32-4104-872e-7d526bac6850,7,1690,True,19590,19238,138.30323591699198
1691,8d9f8f0d-eb32-4104-872e-7d526bac6850,7,1691,True,19621,19269,157.0172774611019
1692,8d9f8f0d-eb32-4104-872e-7d526bac6850,7,1692,True,19645,19293,154.19518024139325
1693,8d9f8f0d-eb32-4104-872e-7d526bac6850,7,1693,True,19673,19321,178.36293578461846
1694,8d9f8f0d-eb32-4104-872e-7d526bac6850,7,1694,True,19714,19362,151.74845553328487
1695,8d9f8f0d-eb32-4104-872e-7d526bac6850,7,1695,True,19742,19390,157.96905027163302
1696,8d9f8f0d-eb32-4104-872e-7d526bac6850,7,1696,True,19770,19418,154.30472889834346
1697,8d9f8f0d-eb32-4104-872e-7d526bac6850,7,1697,True,19799,19447,137.95566784052062
1698,8d9f8f0d-eb32-4104-872e-7d526bac6850,7,1698,True,19822,19470,158.92111668343205
1699,8d9f8f0d-eb32-4104-872e-7d526bac6850,7,1699,True,19847,19495,121.74786361806036
1700,8d9f8f0d-eb32-4104-872e-7d526bac6850,7,1700,True,19874,19522,152.08389756346878
1701,8d9f8f0d-eb32-4104-872e-7d526bac6850,7,1701,True,19903,19551,134.13431628586113
1702,8d9f8f0d-eb32-4104-872e-7d526bac6850,7,1702,True,19928,19576,163.71354150739353
1703,8d9f8f0d-eb32-4104-872e-7d526bac6850,7,1703,True,19954,19602,158.3648803644137
1704,8d9f8f0d-eb32-4104-872e-7d526bac6850,7,1704,True,19985,19633,170.46347773932212
1705,8d9f8f0d-eb32-4104-872e-7d526bac6850,7,1705,True,20006,19654,160.90169412286195
1706,8d9f8f0d-eb32-4104-872e-7d526bac6850,7,1706,True,20027,19675,150.29503247587854
1707,8d9f8f0d-eb32-4104-872e-7d526bac6850,7,1707,True,20058,19706,177.27790855625426
1708,8d9f8f0d-eb32-4104-872e-7d526bac6850,7,1708,True,20086,19734,139.70594549012458
1709,8d9f8f0d-eb32-4104-872e-7d526bac6850,7,1709,True,20116,19764,144.56777619368586
1710,8d9f8f0d-eb32-4104-872e-7d526bac6850,7,1710,True,20143,19791,150.2607661328111
1711,8d9f8f0d-eb32-4104-872e-7d526bac6850,7,1711,True,20177,19825,129.77731974871494
1712,8d9f8f0d-eb32-4104-872e-7d526bac6850,7,1712,True,20197,19845,109.77731974871494
1713,8d9f8f0d-eb32-4104-872e-7d526bac6850,7,1713,True,20226,19874,170.33838721920256
1714,8d9f8f0d-eb32-4104-872e-7d526bac6850,7,1714,True,20245,19893,179.40217695855972
1715,8d9f8f0d-eb32-4104-872e-7d526bac6850,7,1715,True,20265,19913,209.42280479262263
1716,8d9f8f0d-eb32-4104-872e-7d526bac6850,7,1716,True,20293,19941,155.68601798932286
1717,8d9f8f0d-eb32-4104-872e-7d526bac6850,7,1717,True,20323,19971,181.8627701548903
1718,8d9f8f0d-eb32-4104-872e-7d526bac6850,7,1718,True,20354,20002,140.13103038947884
1719,8d9f8f0d-eb32-4104-872e-7d526bac6850,7,1719,True,20379,20027,169.26086768709501
1720,8d9f8f0d-eb32-4104-872e-7d526bac6850,7,1720,True,20408,20056,163.65526398038492
1721,8d9f8f0d-eb32-4104-872e-7d526bac6850,7,1721,True,20434,20082,196.40706372912973
1722,8d9f8f0d-eb32-4104-872e-7d526bac6850,7,1722,True,20461,20109,181.3844443641865
1723,8d9f8f0d-eb32-4104-872e-7d526bac6850,7,1723,True,20492,20140,176.60839587481314
1724,8d9f8f0d-eb32-4104-872e-7d526bac6850,7,1724,True,20517,20165,199.5673893964704
1725,8d9f8f0d-eb32-4104-872e-7d526bac6850,7,1725,True,20548,20196,159.89494006555105
1726,8d9f8f0d-eb32-4104-872e-7d526bac6850,7,1726,True,20579,20227,158.906150854953
1727,8d9f8f0d-eb32-4104-872e-7d526bac6850,7,1727,True,20611,20259,146.18397352750253
1728,8d9f8f0d-eb32-4104-872e-7d526bac6850,7,1728,True,20637,20285,136.1964246192183
1729,8d9f8f0d-eb32-4104-872e-7d526bac6850,7,1729,True,20661,20309,199.77898008660486
1730,8d9f8f0d-eb32-4104-872e-7d526bac6850,7,1730,True,20687,20335,186.28821134483587
1731,8d9f8f0d-eb32-4104-872e-7d526bac6850,7,1731,True,20712,20360,161.28821134483587
1732,8d9f8f0d-eb32-4104-872e-7d526bac6850,7,1732,True,20734,20382,153.8484119191162
1733,8d9f8f0d-eb32-4104-872e-7d526bac6850,7,1733,True,20759,20407,151.61611069461287
1734,8d9f8f0d-eb32-4104-872e-7d526bac6850,7,1734,True,20785,20433,171.4628128732802
1735,8d9f8f0d-eb32-4104-872e-7d526bac6850,7,1735,True,20815,20463,151.37720279628047
1736,8d9f8f0d-eb32-4104-872e-7d526bac6850,7,1736,True,20845,20493,180.1323320325173
1737,8d9f8f0d-eb32-4104-872e-7d526bac6850,7,1737,True,20866,20514,175.10146031361
1738,8d9f8f0d-eb32-4104-872e-7d526bac6850,7,1738,True,20895,20543,171.28609138608226
1739,8d9f8f0d-eb32-4104-872e-7d526bac6850,7,1739,True,20921,20569,168.75071674451465
1740,8d9f8f0d-eb32-4104-872e-7d526bac6850,7,1740,True,20942,20590,157.03109118499196
1741,8d9f8f0d-eb32-4104-872e-7d526bac6850,7,1741,True,20964,20612,186.04671155605683
1742,8d9f8f0d-eb32-4104-872e-7d526bac6850,7,1742,True,20987,20635,126.31886598241545
1743,8d9f8f0d-eb32-4104-872e-7d526bac6850,7,1743,True,21016,20664,148.3215832504975
1744,8d9f8f0d-eb32-4104-872e-7d526bac6850,7,1744,True,21051,20699,141.53427793721494
1745,8d9f8f0d-eb32-4104-872e-7d526bac6850,7,1745,True,21076,20724,157.86131129003115
1746,8d9f8f0d-eb32-4104-872e-7d526bac6850,7,1746,True,21104,20752,141.6583086697574
1747,8d9f8f0d-eb32-4104-872e-7d526bac6850,7,1747,True,21133,20781,215.65149074167857
1748,8d9f8f0d-eb32-4104-872e-7d526bac6850,7,1748,True,21159,20807,177.62654417497106
1749,8d9f8f0d-eb32-4104-872e-7d526bac6850,7,1749,True,21180,20828,168.65149074167857
1750,8d9f8f0d-eb32-4104-872e-7d526bac6850,7,1750,True,21207,20855,199.314661032
1751,8d9f8f0d-eb32-4104-872e-7d526bac6850,7,1751,True,21239,20887,176.32997355711996
1752,8d9f8f0d-eb32-4104-872e-7d526bac6850,7,1752,True,21273,20921,165.73688712687363
1753,8d9f8f0d-eb32-4104-872e-7d526bac6850,7,1753,True,21300,20948,158.25939785270748
1754,8d9f8f0d-eb32-4104-872e-7d526bac6850,7,1754,True,21321,20969,148.17474602502625
1755,8d9f8f0d-eb32-4104-872e-7d526bac6850,7,1755,True,21365,21013,150.83036583925787
1756,8d9f8f0d-eb32-4104-872e-7d526bac6850,7,1756,True,21396,21044,143.96080495549177
1757,8d9f8f0d-eb32-4104-872e-7d526bac6850,7,1757,True,21422,21070,129.82919641158514
1758,8d9f8f0d-eb32-4104-872e-7d526bac6850,7,1758,True,21452,21100,199.55782056490716
1759,8d9f8f0d-eb32-4104-872e-7d526bac6850,7,1759,True,21471,21119,112.88907056249445
1760,8d9f8f0d-eb32-4104-872e-7d526bac6850,7,1760,True,21495,21143,202.32657594857665
1761,8d9f8f0d-eb32-4104-872e-7d526bac6850,7,1761,True,21522,21170,199.92912706528296
1762,8d9f8f0d-eb32-4104-872e-7d526bac6850,7,1762,True,21548,21196,173.92912706528296
1763,8d9f8f0d-eb32-4104-872e-7d526bac6850,7,1763,True,21577,21225,170.7550404224785
1764,8d9f8f0d-eb32-4104-872e-7d526bac6850,7,1764,True,21603,21251,188.63050726168876
1765,8d9f8f0d-eb32-4104-872e-7d526bac6850,7,1765,True,21630,21278,174.29416645635501
1766,8d9f8f0d-eb32-4104-872e-7d526bac6850,7,1766,True,21663,21311,183.17717979656663
1767,8d9f8f0d-eb32-4104-872e-7d526bac6850,7,1767,True,21692,21340,145.44364893179227
1768,8d9f8f0d-eb32-4104-872e-7d526bac6850,7,1768,True,21725,21373,182.98969952866537
1769,8d9f8f0d-eb32-4104-872e-7d526bac6850,7,1769,True,21758,21406,140.36195326753295
1770,8d9f8f0d-eb32-4104-872e-7d526bac6850,7,1770,True,21791,21439,126.78778642296311
1771,8d9f8f0d-eb32-4104-872e-7d526bac6850,7,1771,True,21819,21467,155.43243069812888
1772,8d9f8f0d-eb32-4104-872e-7d526bac6850,7,1772,True,21842,21490,144.86458888917332
1773,8d9f8f0d-eb32-4104-872e-7d526bac6850,7,1773,True,21871,21519,129.3482330642546
1774,8d9f8f0d-eb32-4104-872e-7d526bac6850,7,1774,True,21888,21536,123.57802144133166
1775,8d9f8f0d-eb32-4104-872e-7d526bac6850,7,1775,True,21920,21568,129.68484283610087
1776,8d9f8f0d-eb32-4104-872e-7d526bac6850,7,1776,True,21943,21591,122.71914458005631
1777,8d9f8f0d-eb32-4104-872e-7d526bac6850,7,1777,True,21962,21610,115.1775290176738
1778,8d9f8f0d-eb32-4104-872e-7d526bac6850,7,1778,True,21984,21632,119.00054679985624
1779,8d9f8f0d-eb32-4104-872e-7d526bac6850,7,1779,True,22007,21655,123.51711687281204
1780,8d9f8f0d-eb32-4104-872e-7d526bac6850,7,1780,True,22023,21671,144.36863840841033
1781,8d9f8f0d-eb32-4104-872e-7d526bac6850,7,1781,True,22051,21699,156.5122519124743
1782,8d9f8f0d-eb32-4104-872e-7d526bac6850,7,1782,True,22077,21725,148.54469515267556
1783,8d9f8f0d-eb32-4104-872e-7d526bac6850,7,1783,True,22098,21746,139.28508835009052
1784,8d9f8f0d-eb32-4104-872e-7d526bac6850,7,1784,True,22115,21763,137.68623479711096
1785,8d9f8f0d-eb32-4104-872e-7d526bac6850,7,1785,True,22144,21792,147.4502618825427
1786,8d9f8f0d-eb32-4104-872e-7d526bac6850,7,1786,True,22179,21827,127.60289246474349
1787,8d9f8f0d-eb32-4104-872e-7d526bac6850,7,1787,True,22220,21868,118.32582482900034
1788,8d9f8f0d-eb32-4104-872e-7d526bac6850,7,1788,True,22240,21888,154.7658760230297
1789,8d9f8f0d-eb32-4104-872e-7d526bac6850,7,1789,True,22262,21910,142.99162104760035
1790,8d9f8f0d-eb32-4104-872e-7d526bac6850,7,1790,True,22292,21940,155.1826943194137
1791,8d9f8f0d-eb32-4104-872e-7d526bac6850,7,1791,True,22316,21964,140.0861904410158
1792,8d9f8f0d-eb32-4104-872e-7d526bac6850,7,1792,True,22338,21986,160.59164658165537
1793,8d9f8f0d-eb32-4104-872e-7d526bac6850,7,1793,True,22359,22007,118.73969327886516
1794,8d9f8f0d-eb32-4104-872e-7d526bac6850,7,1794,True,22382,22030,154.59667856798842
1795,8d9f8f0d-eb32-4104-872e-7d526bac6850,7,1795,True,22421,22069,126.82537152547229
1796,8d9f8f0d-eb32-4104-872e-7d526bac6850,7,1796,True,22447,22095,187.52182191759493
1797,8d9f8f0d-eb32-4104-872e-7d526bac6850,7,1797,True,22465,22113,160.47278159588313
1798,8d9f8f0d-eb32-4104-872e-7d526bac6850,7,1798,True,22495,22143,168.69437187184667
1799,8d9f8f0d-eb32-4104-872e-7d526bac6850,7,1799,True,22521,22169,129.87886896032433
1800,8d9f8f0d-eb32-4104-872e-7d526bac6850,7,1800,True,22547,22195,199.1235094065887
1801,8d9f8f0d-eb32-4104-872e-7d526bac6850,7,1801,True,22572,22220,188.29370007628313
1802,8d9f8f0d-eb32-4104-872e-7d526bac6850,7,1802,True,22592,22240,168.29370007628313
1803,8d9f8f0d-eb32-4104-872e-7d526bac6850,7,1803,True,22621,22269,179.63883964322667
1804,8d9f8f0d-eb32-4104-872e-7d526bac6850,7,1804,True,22646,22294,123.42144982135142
1805,8d9f8f0d-eb32-4104-872e-7d526bac6850,7,1805,True,22669,22317,169.797338607219
1806,8d9f8f0d-eb32-4104-872e-7d526bac6850,7,1806,True,22691,22339,136.44200967418146
1807,8d9f8f0d-eb32-4104-872e-7d526bac6850,7,1807,True,22722,22370,144.28228648278673
1808,8d9f8f0d-eb32-4104-872e-7d526bac6850,7,1808,True,22749,22397,214.24544032128688
1809,8d9f8f0d-eb32-4104-872e-7d526bac6850,7,1809,True,22767,22415,136.65725767882395
1810,8d9f8f0d-eb32-4104-872e-7d526bac6850,7,1810,True,22792,22440,205.5500518224908
1811,8d9f8f0d-eb32-4104-872e-7d526bac6850,7,1811,True,22815,22463,130.48801613984324
1812,8d9f8f0d-eb32-4104-872e-7d526bac6850,7,1812,True,22837,22485,191.85273690240138
1813,8d9f8f0d-eb32-4104-872e-7d526bac6850,7,1813,True,22862,22510,227.68811755977003
1814,8d9f8f0d-eb32-4104-872e-7d526bac6850,7,1814,True,22888,22536,192.03845128281682
1815,8d9f8f0d-eb32-4104-872e-7d526bac6850,7,1815,True,22923,22571,217.54801622699233
1816,8d9f8f0d-eb32-4104-872e-7d526bac6850,7,1816,True,22954,22602,151.07982301340235
1817,8d9f8f0d-eb32-4104-872e-7d526bac6850,7,1817,True,22980,22628,150.10758291037928
1818,8d9f8f0d-eb32-4104-872e-7d526bac6850,7,1818,True,23006,22654,150.17555350532712
1819,8d9f8f0d-eb32-4104-872e-7d526bac6850,7,1819,True,23037,22685,172.19376708556592
1820,8d9f8f0d-eb32-4104-872e-7d526bac6850,7,1820,True,23058,22706,141.3993926457697
1821,8d9f8f0d-eb32-4104-872e-7d526bac6850,7,1821,True,23097,22745,176.80998047355752
1822,8d9f8f0d-eb32-4104-872e-7d526bac6850,7,1822,True,23120,22768,165.08317548676132
1823,8d9f8f0d-eb32-4104-872e-7d526bac6850,7,1823,True,23150,22798,186.14340749482653
1824,8d9f8f0d-eb32-4104-872e-7d526bac6850,7,1824,True,23176,22824,149.4891740946441
1825,8d9f8f0d-eb32-4104-872e-7d526bac6850,7,1825,True,23205,22853,177.6215966154341
1826,8d9f8f0d-eb32-4104-872e-7d526bac6850,7,1826,True,23227,22875,170.86168530551004
1827,8d9f8f0d-eb32-4104-872e-7d526bac6850,7,1827,True,23256,22904,184.8598536212994
1828,8d9f8f0d-eb32-4104-872e-7d526bac6850,7,1828,True,23279,22927,171.1259018345736
1829,8d9f8f0d-eb32-4104-872e-7d526bac6850,7,1829,True,23311,22959,179.16122796563286
1830,8d9f8f0d-eb32-4104-872e-7d526bac6850,7,1830,True,23335,22983,163.70716280460692
1831,8d9f8f0d-eb32-4104-872e-7d526bac6850,7,1831,True,23364,23012,149.42571539619166
1832,8d9f8f0d-eb32-4104-872e-7d526bac6850,7,1832,True,23396,23044,151.95180636034274
1833,8d9f8f0d-eb32-4104-872e-7d526bac6850,7,1833,True,23424,23072,145.65012697478232
1834,8d9f8f0d-eb32-4104-872e-7d526bac6850,7,1834,True,23448,23096,187.44744777807136
1835,8d9f8f0d-eb32-4104-872e-7d526bac6850,7,1835,True,23477,23125,168.77253876581017
1836,8d9f8f0d-eb32-4104-872e-7d526bac6850,7,1836,True,23501,23149,248.93153626899948
1837,8d9f8f0d-eb32-4104-872e-7d526bac6850,7,1837,True,23529,23177,200.7986926720514
1838,8d9f8f0d-eb32-4104-872e-7d526bac6850,7,1838,True,23561,23209,158.5082403898814
1839,8d9f8f0d-eb32-4104-872e-7d526bac6850,7,1839,True,23583,23231,191.39876184481182
1840,8d9f8f0d-eb32-4104-872e-7d526bac6850,7,1840,True,23602,23250,199.3040936902471
1841,8d9f8f0d-eb32-4104-872e-7d526bac6850,7,1841,True,23630,23278,197.92403876895332
1842,8d9f8f0d-eb32-4104-872e-7d526bac6850,7,1842,True,23658,23306,134.6934568714969
1843,8d9f8f0d-eb32-4104-872e-7d526bac6850,7,1843,True,23680,23328,202.13408178352984
1844,8d9f8f0d-eb32-4104-872e-7d526bac6850,7,1844,True,23714,23362,157.91578750148983
1845,8d9f8f0d-eb32-4104-872e-7d526bac6850,7,1845,True,23749,23397,170.27695310919444
1846,8d9f8f0d-eb32-4104-872e-7d526bac6850,7,1846,True,23782,23430,165.32227129346575
1847,8d9f8f0d-eb32-4104-872e-7d526bac6850,7,1847,True,23811,23459,155.0798743958694
1848,8d9f8f0d-eb32-4104-872e-7d526bac6850,7,1848,True,23835,23483,163.70813930213626
1849,8d9f8f0d-eb32-4104-872e-7d526bac6850,7,1849,True,23858,23506,196.10094648280574
1850,8d9f8f0d-eb32-4104-872e-7d526bac6850,7,1850,True,23887,23535,139.6255823507272
1851,8d9f8f0d-eb32-4104-872e-7d526bac6850,7,1851,True,23914,23562,230.25508984247426
1852,8d9f8f0d-eb32-4104-872e-7d526bac6850,7,1852,True,23933,23581,185.35082230680928
1853,8d9f8f0d-eb32-4104-872e-7d526bac6850,7,1853,True,23955,23603,176.3118346240808
1854,8d9f8f0d-eb32-4104-872e-7d526bac6850,7,1854,True,23978,23626,166.25508984247426
1855,8d9f8f0d-eb32-4104-872e-7d526bac6850,7,1855,True,24004,23652,164.87749502262523
1856,8d9f8f0d-eb32-4104-872e-7d526bac6850,7,1856,True,24034,23682,186.62450619336596
1857,8d9f8f0d-eb32-4104-872e-7d526bac6850,7,1857,True,24072,23720,148.62450619336596
1858,8d9f8f0d-eb32-4104-872e-7d526bac6850,7,1858,True,24099,23747,156.91734399579946
1859,8d9f8f0d-eb32-4104-872e-7d526bac6850,7,1859,True,24129,23777,144.92231986507613
1860,8d9f8f0d-eb32-4104-872e-7d526bac6850,7,1860,True,24160,23808,175.5355094264778
1861,8d9f8f0d-eb32-4104-872e-7d526bac6850,7,1861,True,24195,23843,131.8713508142464
1862,8d9f8f0d-eb32-4104-872e-7d526bac6850,7,1862,True,24219,23867,158.43952842906947
1863,8d9f8f0d-eb32-4104-872e-7d526bac6850,7,1863,True,24247,23895,140.1761432322819
1864,8d9f8f0d-eb32-4104-872e-7d526bac6850,7,1864,True,24270,23918,127.75948631181018
1865,8d9f8f0d-eb32-4104-872e-7d526bac6850,7,1865,True,24302,23950,139.13776968422462
1866,8d9f8f0d-eb32-4104-872e-7d526bac6850,7,1866,True,24328,23976,196.25799849204486
1867,8d9f8f0d-eb32-4104-872e-7d526bac6850,7,1867,True,24366,24014,168.05897320392614
1868,8d9f8f0d-eb32-4104-872e-7d526bac6850,7,1868,True,24398,24046,153.42651663334618
1869,8d9f8f0d-eb32-4104-872e-7d526bac6850,7,1869,True,24424,24072,147.93336911241568
1870,8d9f8f0d-eb32-4104-872e-7d526bac6850,7,1870,True,24454,24102,198.91279449166177
1871,8d9f8f0d-eb32-4104-872e-7d526bac6850,7,1871,True,24483,24131,155.31297636650197
1872,8d9f8f0d-eb32-4104-872e-7d526bac6850,7,1872,True,24511,24159,115.5263604129832
1873,8d9f8f0d-eb32-4104-872e-7d526bac6850,7,1873,True,24538,24186,143.69474291897131
1874,8d9f8f0d-eb32-4104-872e-7d526bac6850,7,1874,True,24570,24218,177.83070008228242
1875,8d9f8f0d-eb32-4104-872e-7d526bac6850,7,1875,True,24596,24244,160.29694676797226
1876,8d9f8f0d-eb32-4104-872e-7d526bac6850,7,1876,True,24619,24267,168.42533492463554
1877,8d9f8f0d-eb32-4104-872e-7d526bac6850,7,1877,True,24655,24303,144.8794790115062
1878,8d9f8f0d-eb32-4104-872e-7d526bac6850,7,1878,True,24689,24337,177.43653074673784
1879,8d9f8f0d-eb32-4104-872e-7d526bac6850,7,1879,True,24729,24377,137.43653074673784
1880,8d9f8f0d-eb32-4104-872e-7d526bac6850,7,1880,True,24754,24402,148.72975655862683
1881,8d9f8f0d-eb32-4104-872e-7d526bac6850,7,1881,True,24781,24429,194.51757744974748
1882,8d9f8f0d-eb32-4104-872e-7d526bac6850,7,1882,True,24805,24453,149.01722220997908
1883,8d9f8f0d-eb32-4104-872e-7d526bac6850,7,1883,True,24830,24478,145.51757744974748
1884,8d9f8f0d-eb32-4104-872e-7d526bac6850,7,1884,True,24864,24512,151.01869899500525
1885,8d9f8f0d-eb32-4104-872e-7d526bac6850,7,1885,True,24885,24533,163.93517570350377
1886,8d9f8f0d-eb32-4104-872e-7d526bac6850,7,1886,True,24924,24572,135.85916254293988
1887,8d9f8f0d-eb32-4104-872e-7d526bac6850,7,1887,True,24949,24597,131.2255600005701
1888,8d9f8f0d-eb32-4104-872e-7d526bac6850,7,1888,True,24979,24627,111.83215698413551
1889,8d9f8f0d-eb32-4104-872e-7d526bac6850,7,1889,True,24999,24647,114.17263207106953
1890,8d9f8f0d-eb32-4104-872e-7d526bac6850,7,1890,True,25024,24672,157.55265116309602
1891,8d9f8f0d-eb32-4104-872e-7d526bac6850,7,1891,True,25063,24711,128.83133578280467
1892,8d9f8f0d-eb32-4104-872e-7d526bac6850,7,1892,True,25097,24745,135.39333055654424
1893,8d9f8f0d-eb32-4104-872e-7d526bac6850,7,1893,True,25128,24776,131.26501895911497
1894,8d9f8f0d-eb32-4104-872e-7d526bac6850,7,1894,True,25159,24807,110.5069956077059
1895,8d9f8f0d-eb32-4104-872e-7d526bac6850,7,1895,True,25194,24842,130.83856781632858
1896,8d9f8f0d-eb32-4104-872e-7d526bac6850,7,1896,True,25221,24869,127.41569199477453
1897,8d9f8f0d-eb32-4104-872e-7d526bac6850,7,1897,True,25247,24895,130.46207962789777
1898,8d9f8f0d-eb32-4104-872e-7d526bac6850,7,1898,True,25281,24929,136.54190074050712
1899,8d9f8f0d-eb32-4104-872e-7d526bac6850,7,1899,True,25303,24951,149.70691326023734
1900,8d9f8f0d-eb32-4104-872e-7d526bac6850,7,1900,True,25331,24979,143.40545950295564
1901,8d9f8f0d-eb32-4104-872e-7d526bac6850,7,1901,True,25358,25006,132.7841293512647
1902,8d9f8f0d-eb32-4104-872e-7d526bac6850,7,1902,True,25378,25026,137.23885318994144
1903,8d9f8f0d-eb32-4104-872e-7d526bac6850,7,1903,True,25408,25056,120.14184223251868
1904,8d9f8f0d-eb32-4104-872e-7d526bac6850,7,1904,True,25434,25082,172.69207449011446
1905,8d9f8f0d-eb32-4104-872e-7d526bac6850,7,1905,True,25465,25113,95.73855398995147
1906,8d9f8f0d-eb32-4104-872e-7d526bac6850,7,1906,True,25491,25139,126.76302057794237
1907,8d9f8f0d-eb32-4104-872e-7d526bac6850,7,1907,True,25522,25170,135.09403389402723
1908,8d9f8f0d-eb32-4104-872e-7d526bac6850,7,1908,True,25546,25194,123.64151863679581
1909,8d9f8f0d-eb32-4104-872e-7d526bac6850,7,1909,True,25585,25233,127.7330500870994
1910,8d9f8f0d-eb32-4104-872e-7d526bac6850,7,1910,True,25617,25265,153.210943668626
1911,8d9f8f0d-eb32-4104-872e-7d526bac6850,7,1911,True,25638,25286,121.69502010864016
1912,8d9f8f0d-eb32-4104-872e-7d526bac6850,7,1912,True,25664,25312,137.04057257224486
1913,8d9f8f0d-eb32-4104-872e-7d526bac6850,7,1913,True,25689,25337,167.31216890471842
1914,8d9f8f0d-eb32-4104-872e-7d526bac6850,7,1914,True,25716,25364,128.71159033427102
1915,8d9f8f0d-eb32-4104-872e-7d526bac6850,7,1915,True,25744,25392,160.70308576169555
1916,8d9f8f0d-eb32-4104-872e-7d526bac6850,7,1916,True,25768,25416,145.74974670348092
1917,8d9f8f0d-eb32-4104-872e-7d526bac6850,7,1917,True,25798,25446,138.7293185843082
1918,8d9f8f0d-eb32-4104-872e-7d526bac6850,7,1918,True,25824,25472,122.31787914677261
1919,8d9f8f0d-eb32-4104-872e-7d526bac6850,7,1919,True,25857,25505,227.2470006990843
1920,8d9f8f0d-eb32-4104-872e-7d526bac6850,7,1920,True,25890,25538,165.5732072004248
1921,8d9f8f0d-eb32-4104-872e-7d526bac6850,7,1921,True,25916,25564,220.76269775183755
1922,8d9f8f0d-eb32-4104-872e-7d526bac6850,7,1922,True,25940,25588,176.6939641895042
1923,8d9f8f0d-eb32-4104-872e-7d526bac6850,7,1923,True,25968,25616,194.63777203645077
1924,8d9f8f0d-eb32-4104-872e-7d526bac6850,7,1924,True,25995,25643,177.674647950098
1925,8d9f8f0d-eb32-4104-872e-7d526bac6850,7,1925,True,26020,25668,165.79626294812624
1926,8d9f8f0d-eb32-4104-872e-7d526bac6850,7,1926,True,26043,25691,172.55752711740934
1927,8d9f8f0d-eb32-4104-872e-7d526bac6850,7,1927,True,26066,25714,208.61244923696722
1928,8d9f8f0d-eb32-4104-872e-7d526bac6850,7,1928,True,26098,25746,163.98458915345327
1929,8d9f8f0d-eb32-4104-872e-7d526bac6850,7,1929,True,26118,25766,172.34454943210585
1930,8d9f8f0d-eb32-4104-872e-7d526bac6850,7,1930,True,26145,25793,171.4366083236855
1931,8d9f8f0d-eb32-4104-872e-7d526bac6850,7,1931,True,26173,25821,207.90231452445005
1932,8d9f8f0d-eb32-4104-872e-7d526bac6850,7,1932,True,26199,25847,150.67662285104961
1933,8d9f8f0d-eb32-4104-872e-7d526bac6850,7,1933,True,26230,25878,202.70693676861993
1934,8d9f8f0d-eb32-4104-872e-7d526bac6850,7,1934,True,26253,25901,199.70945060833765
1935,8d9f8f0d-eb32-4104-872e-7d526bac6850,7,1935,True,26275,25923,157.70693676861993
1936,8d9f8f0d-eb32-4104-872e-7d526bac6850,7,1936,True,26301,25949,190.25254450958892
1937,8d9f8f0d-eb32-4104-872e-7d526bac6850,7,1937,True,26326,25974,153.48430498792732
1938,8d9f8f0d-eb32-4104-872e-7d526bac6850,7,1938,True,26357,26005,178.52393494126227
1939,8d9f8f0d-eb32-4104-872e-7d526bac6850,7,1939,True,26389,26037,212.0098684633158
1940,8d9f8f0d-eb32-4104-872e-7d526bac6850,7,1940,True,26423,26071,151.2978844547506
1941,8d9f8f0d-eb32-4104-872e-7d526bac6850,7,1941,True,26454,26102,199.7454691967796
1942,8d9f8f0d-eb32-4104-872e-7d526bac6850,7,1942,True,26477,26125,148.9496390334607
1943,8d9f8f0d-eb32-4104-872e-7d526bac6850,7,1943,True,26502,26150,208.94116439066784
1944,8d9f8f0d-eb32-4104-872e-7d526bac6850,7,1944,True,26525,26173,197.87551021944455
1945,8d9f8f0d-eb32-4104-872e-7d526bac6850,7,1945,True,26543,26191,157.4950943921176
1946,8d9f8f0d-eb32-4104-872e-7d526bac6850,7,1946,True,26572,26220,198.57813483892824
1947,8d9f8f0d-eb32-4104-872e-7d526bac6850,7,1947,True,26598,26246,160.48444633537656
1948,8d9f8f0d-eb32-4104-872e-7d526bac6850,7,1948,True,26626,26274,223.522230933002
1949,8d9f8f0d-eb32-4104-872e-7d526bac6850,7,1949,True,26643,26291,142.47646960990824
1950,8d9f8f0d-eb32-4104-872e-7d526bac6850,7,1950,True,26667,26315,167.23081104613084
1951,8d9f8f0d-eb32-4104-872e-7d526bac6850,7,1951,True,26689,26337,169.46877730078631
1952,8d9f8f0d-eb32-4104-872e-7d526bac6850,7,1952,True,26710,26358,157.25581347753177
1953,8d9f8f0d-eb32-4104-872e-7d526bac6850,7,1953,True,26731,26379,147.35369622390863
1954,8d9f8f0d-eb32-4104-872e-7d526bac6850,7,1954,True,26767,26415,138.64909007500682
1955,8d9f8f0d-eb32-4104-872e-7d526bac6850,7,1955,True,26800,26448,154.21270519687823
1956,8d9f8f0d-eb32-4104-872e-7d526bac6850,7,1956,True,26822,26470,167.1132167345895
1957,8d9f8f0d-eb32-4104-872e-7d526bac6850,7,1957,True,26858,26506,154.8281042008275
1958,8d9f8f0d-eb32-4104-872e-7d526bac6850,7,1958,True,26893,26541,142.90835150504063
1959,8d9f8f0d-eb32-4104-872e-7d526bac6850,7,1959,True,26917,26565,129.12444673352365
1960,8d9f8f0d-eb32-4104-872e-7d526bac6850,7,1960,True,26943,26591,163.88727421134536
1961,8d9f8f0d-eb32-4104-872e-7d526bac6850,7,1961,True,26971,26619,151.2828361632528
1962,8d9f8f0d-eb32-4104-872e-7d526bac6850,7,1962,True,27002,26650,132.0819973762773
1963,8d9f8f0d-eb32-4104-872e-7d526bac6850,7,1963,True,27027,26675,107.08199737627729
1964,8d9f8f0d-eb32-4104-872e-7d526bac6850,7,1964,True,27060,26708,135.38901746123884
1965,8d9f8f0d-eb32-4104-872e-7d526bac6850,7,1965,True,27090,26738,168.7946813223607
1966,8d9f8f0d-eb32-4104-872e-7d526bac6850,7,1966,True,27118,26766,151.8350008972484
1967,8d9f8f0d-eb32-4104-872e-7d526bac6850,7,1967,True,27144,26792,136.84523514039392
1968,8d9f8f0d-eb32-4104-872e-7d526bac6850,7,1968,True,27169,26817,121.6647951077066
1969,8d9f8f0d-eb32-4104-872e-7d526bac6850,7,1969,True,27191,26839,181.54661989367378
1970,8d9f8f0d-eb32-4104-872e-7d526bac6850,7,1970,True,27230,26878,204.4256739359189
1971,8d9f8f0d-eb32-4104-872e-7d526bac6850,7,1971,True,27262,26910,232.45946198635284
1972,8d9f8f0d-eb32-4104-872e-7d526bac6850,7,1972,True,27294,26942,190.28154895426633
1973,8d9f8f0d-eb32-4104-872e-7d526bac6850,7,1973,True,27324,26972,225.67610522864197
1974,8d9f8f0d-eb32-4104-872e-7d526bac6850,7,1974,True,27354,27002,180.97142996266484
1975,8d9f8f0d-eb32-4104-872e-7d526bac6850,7,1975,True,27372,27020,212.36360169979525
1976,8d9f8f0d-eb32-4104-872e-7d526bac6850,7,1976,True,27397,27045,203.4959799205135
1977,8d9f8f0d-eb32-4104-872e-7d526bac6850,7,1977,True,27422,27070,162.36360169979525
1978,8d9f8f0d-eb32-4104-872e-7d526bac6850,7,1978,True,27451,27099,214.58094785136927
1979,8d9f8f0d-eb32-4104-872e-7d526bac6850,7,1979,True,27477,27125,229.15938921589986
1980,8d9f8f0d-eb32-4104-872e-7d526bac6850,7,1980,True,27499,27147,155.59059911638178
1981,8d9f8f0d-eb32-4104-872e-7d526bac6850,7,1981,True,27523,27171,183.15938921589986
1982,8d9f8f0d-eb32-4104-872e-7d526bac6850,7,1982,True,27552,27200,166.00907432866006
1983,8d9f8f0d-eb32-4104-872e-7d526bac6850,7,1983,True,27578,27226,174.84366871542807
1984,8d9f8f0d-eb32-4104-872e-7d526bac6850,7,1984,True,27601,27249,163.24100982857271
1985,8d9f8f0d-eb32-4104-872e-7d526bac6850,7,1985,True,27634,27282,204.90566603758634
1986,8d9f8f0d-eb32-4104-872e-7d526bac6850,7,1986,True,27659,27307,179.90566603758634
1987,8d9f8f0d-eb32-4104-872e-7d526bac6850,7,1987,True,27684,27332,142.10969362786273
1988,8d9f8f0d-eb32-4104-872e-7d526bac6850,7,1988,True,27713,27361,192.14553310655901
1989,8d9f8f0d-eb32-4104-872e-7d526bac6850,7,1989,True,27739,27387,213.77459370506767
1990,8d9f8f0d-eb32-4104-872e-7d526bac6850,7,1990,True,27760,27408,204.03871198373963
1991,8d9f8f0d-eb32-4104-872e-7d526bac6850,7,1991,True,27781,27429,226.14491965387788
1992,8d9f8f0d-eb32-4104-872e-7d526bac6850,7,1992,True,27818,27466,178.78446723044908
1993,8d9f8f0d-eb32-4104-872e-7d526bac6850,7,1993,True,27860,27508,161.3808637055772
1994,8d9f8f0d-eb32-4104-872e-7d526bac6850,7,1994,True,27892,27540,163.45986201379492
1995,8d9f8f0d-eb32-4104-872e-7d526bac6850,7,1995,True,27927,27575,176.69717278097232
1996,8d9f8f0d-eb32-4104-872e-7d526bac6850,7,1996,True,27955,27603,212.5532655255738
1997,8d9f8f0d-eb32-4104-872e-7d526bac6850,7,1997,True,27980,27628,149.31317598454916
1998,8d9f8f0d-eb32-4104-872e-7d526bac6850,7,1998,True,28012,27660,128.15538405646294
1999,8d9f8f0d-eb32-4104-872e-7d526bac6850,7,1999,True,28041,27689,149.3534465191624
2000,4704f305-45f3-4d88-8583-7baa327eb625,8,2000,True,418,16,80.57745477884143
2001,4704f305-45f3-4d88-8583-7baa327eb625,8,2001,True,445,43,80.91174393607484
2002,4704f305-45f3-4d88-8583-7baa327eb625,8,2002,True,472,70,88.48219784610853
2003,4704f305-45f3-4d88-8583-7baa327eb625,8,2003,True,513,111,90.43798098562945
2004,4704f305-45f3-4d88-8583-7baa327eb625,8,2004,True,541,139,107.88094510293246
2005,4704f305-45f3-4d88-8583-7baa327eb625,8,2005,True,577,175,91.50831711133947
2006,4704f305-45f3-4d88-8583-7baa327eb625,8,2006,True,609,207,84.67388012636354
2007,4704f305-45f3-4d88-8583-7baa327eb625,8,2007,True,634,232,89.16132816551374
2008,4704f305-45f3-4d88-8583-7baa327eb625,8,2008,True,668,266,95.63947257106031
2009,4704f305-45f3-4d88-8583-7baa327eb625,8,2009,True,698,296,100.42985281856903
2010,4704f305-45f3-4d88-8583-7baa327eb625,8,2010,True,724,322,175.12285098800095
2011,4704f305-45f3-4d88-8583-7baa327eb625,8,2011,True,750,348,202.64603154623126
2012,4704f305-45f3-4d88-8583-7baa327eb625,8,2012,True,777,375,140.1898055333388
2013,4704f305-45f3-4d88-8583-7baa327eb625,8,2013,True,802,400,150.64603154623126
2014,4704f305-45f3-4d88-8583-7baa327eb625,8,2014,True,824,422,150.03865274500106
2015,4704f305-45f3-4d88-8583-7baa327eb625,8,2015,True,852,450,148.48407487363386
2016,4704f305-45f3-4d88-8583-7baa327eb625,8,2016,True,876,474,148.97882037017894
2017,4704f305-45f3-4d88-8583-7baa327eb625,8,2017,True,903,501,142.16728464138805
2018,4704f305-45f3-4d88-8583-7baa327eb625,8,2018,True,944,542,143.35816066882137
2019,4704f305-45f3-4d88-8583-7baa327eb625,8,2019,True,971,569,152.79121361127386
2020,4704f305-45f3-4d88-8583-7baa327eb625,8,2020,True,999,597,146.53670246455192
2021,4704f305-45f3-4d88-8583-7baa327eb625,8,2021,True,1023,621,145.28303133087854
2022,4704f305-45f3-4d88-8583-7baa327eb625,8,2022,True,1044,642,163.40867927041177
2023,4704f305-45f3-4d88-8583-7baa327eb625,8,2023,True,1074,672,153.46072552877354
2024,4704f305-45f3-4d88-8583-7baa327eb625,8,2024,True,1102,700,177.18369564905413
2025,4704f305-45f3-4d88-8583-7baa327eb625,8,2025,True,1133,731,172.01053565874327
2026,4704f305-45f3-4d88-8583-7baa327eb625,8,2026,True,1165,763,140.01053565874327
2027,4704f305-45f3-4d88-8583-7baa327eb625,8,2027,True,1190,788,163.1007522382714
2028,4704f305-45f3-4d88-8583-7baa327eb625,8,2028,True,1210,808,163.2087096846534
2029,4704f305-45f3-4d88-8583-7baa327eb625,8,2029,True,1243,841,251.04922238153813
2030,4704f305-45f3-4d88-8583-7baa327eb625,8,2030,True,1269,867,204.92326215792218
2031,4704f305-45f3-4d88-8583-7baa327eb625,8,2031,True,1303,901,209.545818360368
2032,4704f305-45f3-4d88-8583-7baa327eb625,8,2032,True,1338,936,190.9595601152912
2033,4704f305-45f3-4d88-8583-7baa327eb625,8,2033,True,1370,968,192.87784705126637
2034,4704f305-45f3-4d88-8583-7baa327eb625,8,2034,True,1392,990,193.49370684324754
2035,4704f305-45f3-4d88-8583-7baa327eb625,8,2035,True,1414,1012,218.5675456734316
2036,4704f305-45f3-4d88-8583-7baa327eb625,8,2036,True,1442,1040,170.26042319556723
2037,4704f305-45f3-4d88-8583-7baa327eb625,8,2037,True,1464,1062,231.18199345508015
2038,4704f305-45f3-4d88-8583-7baa327eb625,8,2038,True,1479,1077,191.83929160474395
2039,4704f305-45f3-4d88-8583-7baa327eb625,8,2039,True,1508,1106,210.34689154149828
2040,4704f305-45f3-4d88-8583-7baa327eb625,8,2040,True,1538,1136,180.34689154149828
2041,4704f305-45f3-4d88-8583-7baa327eb625,8,2041,True,1575,1173,215.408372829864
2042,4704f305-45f3-4d88-8583-7baa327eb625,8,2042,True,1599,1197,145.57814449983516
2043,4704f305-45f3-4d88-8583-7baa327eb625,8,2043,True,1630,1228,175.2382453561188
2044,4704f305-45f3-4d88-8583-7baa327eb625,8,2044,True,1655,1253,179.04283926142534
2045,4704f305-45f3-4d88-8583-7baa327eb625,8,2045,True,1684,1282,175.04054392928379
2046,4704f305-45f3-4d88-8583-7baa327eb625,8,2046,True,1706,1304,153.04054392928379
2047,4704f305-45f3-4d88-8583-7baa327eb625,8,2047,True,1738,1336,189.11676731847456
2048,4704f305-45f3-4d88-8583-7baa327eb625,8,2048,True,1760,1358,141.7023099350863
2049,4704f305-45f3-4d88-8583-7baa327eb625,8,2049,True,1790,1388,193.16044200096576
2050,4704f305-45f3-4d88-8583-7baa327eb625,8,2050,True,1818,1416,141.84250291318085
2051,4704f305-45f3-4d88-8583-7baa327eb625,8,2051,True,1843,1441,197.80805601150064
2052,4704f305-45f3-4d88-8583-7baa327eb625,8,2052,True,1865,1463,197.6828537990309
2053,4704f305-45f3-4d88-8583-7baa327eb625,8,2053,True,1892,1490,192.65971873563535
2054,4704f305-45f3-4d88-8583-7baa327eb625,8,2054,True,1919,1517,190.6142185862086
2055,4704f305-45f3-4d88-8583-7baa327eb625,8,2055,True,1948,1546,181.87615639985665
2056,4704f305-45f3-4d88-8583-7baa327eb625,8,2056,True,1976,1574,153.87615639985665
2057,4704f305-45f3-4d88-8583-7baa327eb625,8,2057,True,2008,1606,153.5329105726305
2058,4704f305-45f3-4d88-8583-7baa327eb625,8,2058,True,2035,1633,184.06395589592034
2059,4704f305-45f3-4d88-8583-7baa327eb625,8,2059,True,2072,1670,169.95580340630045
2060,4704f305-45f3-4d88-8583-7baa327eb625,8,2060,True,2101,1699,140.95580340630045
2061,4704f305-45f3-4d88-8583-7baa327eb625,8,2061,True,2128,1726,158.71122322085466
2062,4704f305-45f3-4d88-8583-7baa327eb625,8,2062,True,2158,1756,152.43232583999293
2063,4704f305-45f3-4d88-8583-7baa327eb625,8,2063,True,2185,1783,152.44899851396212
2064,4704f305-45f3-4d88-8583-7baa327eb625,8,2064,True,2203,1801,156.4667860001921
2065,4704f305-45f3-4d88-8583-7baa327eb625,8,2065,True,2237,1835,146.54479498759906
2066,4704f305-45f3-4d88-8583-7baa327eb625,8,2066,True,2259,1857,146.09832130360383
2067,4704f305-45f3-4d88-8583-7baa327eb625,8,2067,True,2291,1889,188.98954377314567
2068,4704f305-45f3-4d88-8583-7baa327eb625,8,2068,True,2320,1918,178.42613512744492
2069,4704f305-45f3-4d88-8583-7baa327eb625,8,2069,True,2334,1932,184.37783836396193
2070,4704f305-45f3-4d88-8583-7baa327eb625,8,2070,True,2368,1966,184.63764241592253
2071,4704f305-45f3-4d88-8583-7baa327eb625,8,2071,True,2402,2000,178.24461669417906
2072,4704f305-45f3-4d88-8583-7baa327eb625,8,2072,True,2428,2026,175.26717494278637
2073,4704f305-45f3-4d88-8583-7baa327eb625,8,2073,True,2455,2053,169.20883235796464
2074,4704f305-45f3-4d88-8583-7baa327eb625,8,2074,True,2484,2082,176.7037309146208
2075,4704f305-45f3-4d88-8583-7baa327eb625,8,2075,True,2509,2107,174.3474375563942
2076,4704f305-45f3-4d88-8583-7baa327eb625,8,2076,True,2535,2133,194.11101868035848
2077,4704f305-45f3-4d88-8583-7baa327eb625,8,2077,True,2564,2162,144.57783222583203
2078,4704f305-45f3-4d88-8583-7baa327eb625,8,2078,True,2588,2186,179.59884136385426
2079,4704f305-45f3-4d88-8583-7baa327eb625,8,2079,True,2615,2213,171.7905706499173
2080,4704f305-45f3-4d88-8583-7baa327eb625,8,2080,True,2647,2245,214.654795372011
2081,4704f305-45f3-4d88-8583-7baa327eb625,8,2081,True,2672,2270,166.88161389689003
2082,4704f305-45f3-4d88-8583-7baa327eb625,8,2082,True,2689,2287,172.654795372011
2083,4704f305-45f3-4d88-8583-7baa327eb625,8,2083,True,2725,2323,158.718045607141
2084,4704f305-45f3-4d88-8583-7baa327eb625,8,2084,True,2753,2351,147.52082230984524
2085,4704f305-45f3-4d88-8583-7baa327eb625,8,2085,True,2778,2376,158.9650934267611
2086,4704f305-45f3-4d88-8583-7baa327eb625,8,2086,True,2807,2405,148.43016788984733
2087,4704f305-45f3-4d88-8583-7baa327eb625,8,2087,True,2827,2425,168.58759242199585
2088,4704f305-45f3-4d88-8583-7baa327eb625,8,2088,True,2869,2467,155.49660069823403
2089,4704f305-45f3-4d88-8583-7baa327eb625,8,2089,True,2898,2496,168.73978550801803
2090,4704f305-45f3-4d88-8583-7baa327eb625,8,2090,True,2927,2525,155.6790179516538
2091,4704f305-45f3-4d88-8583-7baa327eb625,8,2091,True,2956,2554,162.29823128165162
2092,4704f305-45f3-4d88-8583-7baa327eb625,8,2092,True,2982,2580,182.8454483196415
2093,4704f305-45f3-4d88-8583-7baa327eb625,8,2093,True,3012,2610,128.93135071283587
2094,4704f305-45f3-4d88-8583-7baa327eb625,8,2094,True,3042,2640,142.2517520648821
2095,4704f305-45f3-4d88-8583-7baa327eb625,8,2095,True,3067,2665,135.83649192563007
2096,4704f305-45f3-4d88-8583-7baa327eb625,8,2096,True,3103,2701,140.42630537388277
2097,4704f305-45f3-4d88-8583-7baa327eb625,8,2097,True,3134,2732,145.06114653903387
2098,4704f305-45f3-4d88-8583-7baa327eb625,8,2098,True,3156,2754,145.82665006702382
2099,4704f305-45f3-4d88-8583-7baa327eb625,8,2099,True,3183,2781,157.5131819013941
2100,4704f305-45f3-4d88-8583-7baa327eb625,8,2100,True,3213,2811,150.42489642145802
2101,4704f305-45f3-4d88-8583-7baa327eb625,8,2101,True,3238,2836,180.42907062795712
2102,4704f305-45f3-4d88-8583-7baa327eb625,8,2102,True,3261,2859,134.4107325994728
2103,4704f305-45f3-4d88-8583-7baa327eb625,8,2103,True,3284,2882,153.7883233192456
2104,4704f305-45f3-4d88-8583-7baa327eb625,8,2104,True,3311,2909,146.04691286861498
2105,4704f305-45f3-4d88-8583-7baa327eb625,8,2105,True,3338,2936,158.9313391950468
2106,4704f305-45f3-4d88-8583-7baa327eb625,8,2106,True,3373,2971,144.17220670043343
2107,4704f305-45f3-4d88-8583-7baa327eb625,8,2107,True,3401,2999,174.23345551213924
2108,4704f305-45f3-4d88-8583-7baa327eb625,8,2108,True,3427,3025,126.84589040781566
2109,4704f305-45f3-4d88-8583-7baa327eb625,8,2109,True,3458,3056,137.5019621536867
2110,4704f305-45f3-4d88-8583-7baa327eb625,8,2110,True,3496,3094,131.0537276132427
2111,4704f305-45f3-4d88-8583-7baa327eb625,8,2111,True,3521,3119,163.05813832625063
2112,4704f305-45f3-4d88-8583-7baa327eb625,8,2112,True,3544,3142,163.59391631288054
2113,4704f305-45f3-4d88-8583-7baa327eb625,8,2113,True,3576,3174,149.60189557339618
2114,4704f305-45f3-4d88-8583-7baa327eb625,8,2114,True,3602,3200,123.60189557339618
2115,4704f305-45f3-4d88-8583-7baa327eb625,8,2115,True,3632,3230,138.46669874163717
2116,4704f305-45f3-4d88-8583-7baa327eb625,8,2116,True,3665,3263,150.72149619917127
2117,4704f305-45f3-4d88-8583-7baa327eb625,8,2117,True,3700,3298,136.6648397079498
2118,4704f305-45f3-4d88-8583-7baa327eb625,8,2118,True,3739,3337,130.96459208574424
2119,4704f305-45f3-4d88-8583-7baa327eb625,8,2119,True,3764,3362,157.42309183439556
2120,4704f305-45f3-4d88-8583-7baa327eb625,8,2120,True,3790,3388,152.7261494872173
2121,4704f305-45f3-4d88-8583-7baa327eb625,8,2121,True,3817,3415,167.23401030682317
2122,4704f305-45f3-4d88-8583-7baa327eb625,8,2122,True,3840,3438,161.22876988207508
2123,4704f305-45f3-4d88-8583-7baa327eb625,8,2123,True,3864,3462,167.57723347155388
2124,4704f305-45f3-4d88-8583-7baa327eb625,8,2124,True,3886,3484,164.78791887970237
2125,4704f305-45f3-4d88-8583-7baa327eb625,8,2125,True,3912,3510,188.08347589670393
2126,4704f305-45f3-4d88-8583-7baa327eb625,8,2126,True,3941,3539,183.14198101225247
2127,4704f305-45f3-4d88-8583-7baa327eb625,8,2127,True,3962,3560,182.21232675467627
2128,4704f305-45f3-4d88-8583-7baa327eb625,8,2128,True,3992,3590,132.14198101225247
2129,4704f305-45f3-4d88-8583-7baa327eb625,8,2129,True,4023,3621,142.9725974458638
2130,4704f305-45f3-4d88-8583-7baa327eb625,8,2130,True,4051,3649,171.1139972191363
2131,4704f305-45f3-4d88-8583-7baa327eb625,8,2131,True,4082,3680,166.1557579167038
2132,4704f305-45f3-4d88-8583-7baa327eb625,8,2132,True,4110,3708,170.35369986876003
2133,4704f305-45f3-4d88-8583-7baa327eb625,8,2133,True,4141,3739,171.06772779474932
2134,4704f305-45f3-4d88-8583-7baa327eb625,8,2134,True,4168,3766,167.12235147251658
2135,4704f305-45f3-4d88-8583-7baa327eb625,8,2135,True,4194,3792,163.80307507755106
2136,4704f305-45f3-4d88-8583-7baa327eb625,8,2136,True,4225,3823,166.34316651530617
2137,4704f305-45f3-4d88-8583-7baa327eb625,8,2137,True,4259,3857,160.14905061188801
2138,4704f305-45f3-4d88-8583-7baa327eb625,8,2138,True,4277,3875,163.7272212035482
2139,4704f305-45f3-4d88-8583-7baa327eb625,8,2139,True,4303,3901,176.11893940505797
2140,4704f305-45f3-4d88-8583-7baa327eb625,8,2140,True,4326,3924,134.57980982660047
2141,4704f305-45f3-4d88-8583-7baa327eb625,8,2141,True,4355,3953,144.59393794756306
2142,4704f305-45f3-4d88-8583-7baa327eb625,8,2142,True,4379,3977,137.8319699109161
2143,4704f305-45f3-4d88-8583-7baa327eb625,8,2143,True,4413,4011,212.43893554022452
2144,4704f305-45f3-4d88-8583-7baa327eb625,8,2144,True,4435,4033,146.08497845716192
2145,4704f305-45f3-4d88-8583-7baa327eb625,8,2145,True,4459,4057,142.6532801689782
2146,4704f305-45f3-4d88-8583-7baa327eb625,8,2146,True,4486,4084,159.744257528665
2147,4704f305-45f3-4d88-8583-7baa327eb625,8,2147,True,4508,4106,159.6624525664447
2148,4704f305-45f3-4d88-8583-7baa327eb625,8,2148,True,4546,4144,141.263429608126
2149,4704f305-45f3-4d88-8583-7baa327eb625,8,2149,True,4573,4171,134.68701756620794
2150,4704f305-45f3-4d88-8583-7baa327eb625,8,2150,True,4597,4195,180.17499120794855
2151,4704f305-45f3-4d88-8583-7baa327eb625,8,2151,True,4611,4209,189.1672311352895
2152,4704f305-45f3-4d88-8583-7baa327eb625,8,2152,True,4643,4241,200.44171346041458
2153,4704f305-45f3-4d88-8583-7baa327eb625,8,2153,True,4670,4268,149.4172409049297
2154,4704f305-45f3-4d88-8583-7baa327eb625,8,2154,True,4697,4295,207.58618000760544
2155,4704f305-45f3-4d88-8583-7baa327eb625,8,2155,True,4730,4328,150.80724322403694
2156,4704f305-45f3-4d88-8583-7baa327eb625,8,2156,True,4757,4355,177.47672822118147
2157,4704f305-45f3-4d88-8583-7baa327eb625,8,2157,True,4784,4382,173.57025908471678
2158,4704f305-45f3-4d88-8583-7baa327eb625,8,2158,True,4809,4407,169.9819151283773
2159,4704f305-45f3-4d88-8583-7baa327eb625,8,2159,True,4837,4435,159.60246924485728
2160,4704f305-45f3-4d88-8583-7baa327eb625,8,2160,True,4858,4456,194.3390228702956
2161,4704f305-45f3-4d88-8583-7baa327eb625,8,2161,True,4882,4480,186.66853499519402
2162,4704f305-45f3-4d88-8583-7baa327eb625,8,2162,True,4899,4497,248.69973074467907
2163,4704f305-45f3-4d88-8583-7baa327eb625,8,2163,True,4918,4516,204.79375946083564
2164,4704f305-45f3-4d88-8583-7baa327eb625,8,2164,True,4945,4543,202.69973074467907
2165,4704f305-45f3-4d88-8583-7baa327eb625,8,2165,True,4969,4567,202.59818894001546
2166,4704f305-45f3-4d88-8583-7baa327eb625,8,2166,True,4988,4586,183.59818894001546
2167,4704f305-45f3-4d88-8583-7baa327eb625,8,2167,True,5013,4611,185.03534520739686
2168,4704f305-45f3-4d88-8583-7baa327eb625,8,2168,True,5049,4647,169.84741210875563
2169,4704f305-45f3-4d88-8583-7baa327eb625,8,2169,True,5068,4666,210.82569197938392
2170,4704f305-45f3-4d88-8583-7baa327eb625,8,2170,True,5109,4707,189.47262909226993
2171,4704f305-45f3-4d88-8583-7baa327eb625,8,2171,True,5136,4734,209.52416316753533
2172,4704f305-45f3-4d88-8583-7baa327eb625,8,2172,True,5160,4758,162.91223421597078
2173,4704f305-45f3-4d88-8583-7baa327eb625,8,2173,True,5188,4786,181.33065534357138
2174,4704f305-45f3-4d88-8583-7baa327eb625,8,2174,True,5222,4820,169.53848222531542
2175,4704f305-45f3-4d88-8583-7baa327eb625,8,2175,True,5251,4849,170.7555699078439
2176,4704f305-45f3-4d88-8583-7baa327eb625,8,2176,True,5279,4877,142.7555699078439
2177,4704f305-45f3-4d88-8583-7baa327eb625,8,2177,True,5308,4906,160.22773591224723
2178,4704f305-45f3-4d88-8583-7baa327eb625,8,2178,True,5340,4938,149.68466971533417
2179,4704f305-45f3-4d88-8583-7baa327eb625,8,2179,True,5366,4964,144.30764406057824
2180,4704f305-45f3-4d88-8583-7baa327eb625,8,2180,True,5393,4991,153.30900234702585
2181,4704f305-45f3-4d88-8583-7baa327eb625,8,2181,True,5420,5018,146.1818932221413
2182,4704f305-45f3-4d88-8583-7baa327eb625,8,2182,True,5449,5047,163.78837996734455
2183,4704f305-45f3-4d88-8583-7baa327eb625,8,2183,True,5482,5080,170.57500418518794
2184,4704f305-45f3-4d88-8583-7baa327eb625,8,2184,True,5505,5103,178.60106102558711
2185,4704f305-45f3-4d88-8583-7baa327eb625,8,2185,True,5529,5127,175.06196164944595
2186,4704f305-45f3-4d88-8583-7baa327eb625,8,2186,True,5559,5157,177.59884931753368
2187,4704f305-45f3-4d88-8583-7baa327eb625,8,2187,True,5586,5184,172.25082643150563
2188,4704f305-45f3-4d88-8583-7baa327eb625,8,2188,True,5615,5213,166.19704704366177
2189,4704f305-45f3-4d88-8583-7baa327eb625,8,2189,True,5636,5234,167.69469022345766
2190,4704f305-45f3-4d88-8583-7baa327eb625,8,2190,True,5671,5269,156.55826413337218
2191,4704f305-45f3-4d88-8583-7baa327eb625,8,2191,True,5702,5300,169.42615095985548
2192,4704f305-45f3-4d88-8583-7baa327eb625,8,2192,True,5721,5319,128.07474418671245
2193,4704f305-45f3-4d88-8583-7baa327eb625,8,2193,True,5747,5345,145.77402561956387
2194,4704f305-45f3-4d88-8583-7baa327eb625,8,2194,True,5788,5386,131.8963611512536
2195,4704f305-45f3-4d88-8583-7baa327eb625,8,2195,True,5813,5411,171.86436237057842
2196,4704f305-45f3-4d88-8583-7baa327eb625,8,2196,True,5838,5436,166.78831332867685
2197,4704f305-45f3-4d88-8583-7baa327eb625,8,2197,True,5869,5467,194.45904088376574
2198,4704f305-45f3-4d88-8583-7baa327eb625,8,2198,True,5901,5499,141.08232496607343
2199,4704f305-45f3-4d88-8583-7baa327eb625,8,2199,True,5917,5515,165.58999818300163
2200,4704f305-45f3-4d88-8583-7baa327eb625,8,2200,True,5942,5540,160.0567618670284
2201,4704f305-45f3-4d88-8583-7baa327eb625,8,2201,True,5970,5568,170.65416233847645
2202,4704f305-45f3-4d88-8583-7baa327eb625,8,2202,True,5992,5590,168.07845978443402
2203,4704f305-45f3-4d88-8583-7baa327eb625,8,2203,True,6019,5617,173.0992489370292
2204,4704f305-45f3-4d88-8583-7baa327eb625,8,2204,True,6050,5648,164.7412597771745
2205,4704f305-45f3-4d88-8583-7baa327eb625,8,2205,True,6079,5677,183.51199510008064
2206,4704f305-45f3-4d88-8583-7baa327eb625,8,2206,True,6110,5708,130.46333789874188
2207,4704f305-45f3-4d88-8583-7baa327eb625,8,2207,True,6139,5737,148.20809206307604
2208,4704f305-45f3-4d88-8583-7baa327eb625,8,2208,True,6162,5760,174.76132027154563
2209,4704f305-45f3-4d88-8583-7baa327eb625,8,2209,True,6189,5787,123.48994822266559
2210,4704f305-45f3-4d88-8583-7baa327eb625,8,2210,True,6207,5805,219.5694074284056
2211,4704f305-45f3-4d88-8583-7baa327eb625,8,2211,True,6232,5830,123.41819306262914
2212,4704f305-45f3-4d88-8583-7baa327eb625,8,2212,True,6260,5858,143.19498257260057
2213,4704f305-45f3-4d88-8583-7baa327eb625,8,2213,True,6284,5882,142.5694074284056
2214,4704f305-45f3-4d88-8583-7baa327eb625,8,2214,True,6307,5905,145.5035115000819
2215,4704f305-45f3-4d88-8583-7baa327eb625,8,2215,True,6338,5936,173.14664225050637
2216,4704f305-45f3-4d88-8583-7baa327eb625,8,2216,True,6364,5962,166.5477746641518
2217,4704f305-45f3-4d88-8583-7baa327eb625,8,2217,True,6397,5995,156.5912492331745
2218,4704f305-45f3-4d88-8583-7baa327eb625,8,2218,True,6415,6013,227.4544473594815
2219,4704f305-45f3-4d88-8583-7baa327eb625,8,2219,True,6439,6037,229.05137294430278
2220,4704f305-45f3-4d88-8583-7baa327eb625,8,2220,True,6473,6071,247.80537791188362
2221,4704f305-45f3-4d88-8583-7baa327eb625,8,2221,True,6504,6102,240.0646686011496
2222,4704f305-45f3-4d88-8583-7baa327eb625,8,2222,True,6529,6127,258.8305345875642
2223,4704f305-45f3-4d88-8583-7baa327eb625,8,2223,True,6561,6159,253.90183165168037
2224,4704f305-45f3-4d88-8583-7baa327eb625,8,2224,True,6594,6192,278.5177717613351
2225,4704f305-45f3-4d88-8583-7baa327eb625,8,2225,True,6621,6219,232.14395189542302
2226,4704f305-45f3-4d88-8583-7baa327eb625,8,2226,True,6644,6242,252.9141560983453
2227,4704f305-45f3-4d88-8583-7baa327eb625,8,2227,True,6673,6271,180.14395189542302
2228,4704f305-45f3-4d88-8583-7baa327eb625,8,2228,True,6695,6293,201.9141560983453
2229,4704f305-45f3-4d88-8583-7baa327eb625,8,2229,True,6724,6322,236.0754412896349
2230,4704f305-45f3-4d88-8583-7baa327eb625,8,2230,True,6751,6349,188.8780628549166
2231,4704f305-45f3-4d88-8583-7baa327eb625,8,2231,True,6780,6378,219.51833533752688
2232,4704f305-45f3-4d88-8583-7baa327eb625,8,2232,True,6809,6407,167.89426563039524
2233,4704f305-45f3-4d88-8583-7baa327eb625,8,2233,True,6837,6435,183.54711445277917
2234,4704f305-45f3-4d88-8583-7baa327eb625,8,2234,True,6860,6458,183.95083610085385
2235,4704f305-45f3-4d88-8583-7baa327eb625,8,2235,True,6885,6483,219.73643963062568
2236,4704f305-45f3-4d88-8583-7baa327eb625,8,2236,True,6913,6511,168.7597285074744
2237,4704f305-45f3-4d88-8583-7baa327eb625,8,2237,True,6937,6535,220.24943687419
2238,4704f305-45f3-4d88-8583-7baa327eb625,8,2238,True,6972,6570,165.02839573025722
2239,4704f305-45f3-4d88-8583-7baa327eb625,8,2239,True,6992,6590,186.52517469130453
2240,4704f305-45f3-4d88-8583-7baa327eb625,8,2240,True,7025,6623,212.14954343119643
2241,4704f305-45f3-4d88-8583-7baa327eb625,8,2241,True,7045,6643,217.37043839566377
2242,4704f305-45f3-4d88-8583-7baa327eb625,8,2242,True,7079,6677,183.37043839566377
2243,4704f305-45f3-4d88-8583-7baa327eb625,8,2243,True,7109,6707,172.32795433129286
2244,4704f305-45f3-4d88-8583-7baa327eb625,8,2244,True,7137,6735,169.99270483473356
2245,4704f305-45f3-4d88-8583-7baa327eb625,8,2245,True,7167,6765,162.93724250779542
2246,4704f305-45f3-4d88-8583-7baa327eb625,8,2246,True,7194,6792,197.37829106016852
2247,4704f305-45f3-4d88-8583-7baa327eb625,8,2247,True,7222,6820,188.3791476050401
2248,4704f305-45f3-4d88-8583-7baa327eb625,8,2248,True,7253,6851,175.56876649572223
2249,4704f305-45f3-4d88-8583-7baa327eb625,8,2249,True,7275,6873,213.80929881086468
2250,4704f305-45f3-4d88-8583-7baa327eb625,8,2250,True,7303,6901,210.45992814516467
2251,4704f305-45f3-4d88-8583-7baa327eb625,8,2251,True,7323,6921,190.45992814516467
2252,4704f305-45f3-4d88-8583-7baa327eb625,8,2252,True,7353,6951,181.23752216184675
2253,4704f305-45f3-4d88-8583-7baa327eb625,8,2253,True,7373,6971,161.23752216184675
2254,4704f305-45f3-4d88-8583-7baa327eb625,8,2254,True,7397,6995,158.3460873280219
2255,4704f305-45f3-4d88-8583-7baa327eb625,8,2255,True,7421,7019,194.54697068666155
2256,4704f305-45f3-4d88-8583-7baa327eb625,8,2256,True,7460,7058,219.9655048265122
2257,4704f305-45f3-4d88-8583-7baa327eb625,8,2257,True,7494,7092,147.28429699168282
2258,4704f305-45f3-4d88-8583-7baa327eb625,8,2258,True,7514,7112,185.93258192918074
2259,4704f305-45f3-4d88-8583-7baa327eb625,8,2259,True,7538,7136,250.33422063822127
2260,4704f305-45f3-4d88-8583-7baa327eb625,8,2260,True,7562,7160,208.1221165324223
2261,4704f305-45f3-4d88-8583-7baa327eb625,8,2261,True,7600,7198,207.8239549238142
2262,4704f305-45f3-4d88-8583-7baa327eb625,8,2262,True,7631,7229,197.57401880314228
2263,4704f305-45f3-4d88-8583-7baa327eb625,8,2263,True,7677,7275,189.09085779837915
2264,4704f305-45f3-4d88-8583-7baa327eb625,8,2264,True,7710,7308,176.70318168492395
2265,4704f305-45f3-4d88-8583-7baa327eb625,8,2265,True,7740,7338,146.70318168492395
2266,4704f305-45f3-4d88-8583-7baa327eb625,8,2266,True,7776,7374,162.19827905388047
2267,4704f305-45f3-4d88-8583-7baa327eb625,8,2267,True,7809,7407,168.5452563574563
2268,4704f305-45f3-4d88-8583-7baa327eb625,8,2268,True,7836,7434,181.2855498640556
2269,4704f305-45f3-4d88-8583-7baa327eb625,8,2269,True,7863,7461,176.78292472428984
2270,4704f305-45f3-4d88-8583-7baa327eb625,8,2270,True,7900,7498,166.48160650596674
2271,4704f305-45f3-4d88-8583-7baa327eb625,8,2271,True,7925,7523,162.26438040121684
2272,4704f305-45f3-4d88-8583-7baa327eb625,8,2272,True,7950,7548,222.4776298149127
2273,4704f305-45f3-4d88-8583-7baa327eb625,8,2273,True,7975,7573,257.33008095777404
2274,4704f305-45f3-4d88-8583-7baa327eb625,8,2274,True,8005,7603,187.98736154453763
2275,4704f305-45f3-4d88-8583-7baa327eb625,8,2275,True,8029,7627,185.0777017010887
2276,4704f305-45f3-4d88-8583-7baa327eb625,8,2276,True,8050,7648,219.23988655579888
2277,4704f305-45f3-4d88-8583-7baa327eb625,8,2277,True,8077,7675,174.47498389839438
2278,4704f305-45f3-4d88-8583-7baa327eb625,8,2278,True,8095,7693,174.23988655579888
2279,4704f305-45f3-4d88-8583-7baa327eb625,8,2279,True,8128,7726,213.75614946102996
2280,4704f305-45f3-4d88-8583-7baa327eb625,8,2280,True,8154,7752,211.91631514320397
2281,4704f305-45f3-4d88-8583-7baa327eb625,8,2281,True,8189,7787,176.91631514320397
2282,4704f305-45f3-4d88-8583-7baa327eb625,8,2282,True,8217,7815,170.80554798480443
2283,4704f305-45f3-4d88-8583-7baa327eb625,8,2283,True,8237,7835,172.56401842833748
2284,4704f305-45f3-4d88-8583-7baa327eb625,8,2284,True,8270,7868,173.65856434048055
2285,4704f305-45f3-4d88-8583-7baa327eb625,8,2285,True,8297,7895,200.06693818436906
2286,4704f305-45f3-4d88-8583-7baa327eb625,8,2286,True,8325,7923,147.6105834239679
2287,4704f305-45f3-4d88-8583-7baa327eb625,8,2287,True,8357,7955,165.52917937323764
2288,4704f305-45f3-4d88-8583-7baa327eb625,8,2288,True,8379,7977,165.0634384589639
2289,4704f305-45f3-4d88-8583-7baa327eb625,8,2289,True,8401,7999,165.8118540242731
2290,4704f305-45f3-4d88-8583-7baa327eb625,8,2290,True,8430,8028,156.51626332994329
2291,4704f305-45f3-4d88-8583-7baa327eb625,8,2291,True,8459,8057,191.0303266662031
2292,4704f305-45f3-4d88-8583-7baa327eb625,8,2292,True,8484,8082,188.56777960777072
2293,4704f305-45f3-4d88-8583-7baa327eb625,8,2293,True,8513,8111,186.20402138199643
2294,4704f305-45f3-4d88-8583-7baa327eb625,8,2294,True,8543,8141,187.05073429395452
2295,4704f305-45f3-4d88-8583-7baa327eb625,8,2295,True,8575,8173,206.89196533061113
2296,4704f305-45f3-4d88-8583-7baa327eb625,8,2296,True,8598,8196,207.09685638398878
2297,4704f305-45f3-4d88-8583-7baa327eb625,8,2297,True,8619,8217,186.09685638398878
2298,4704f305-45f3-4d88-8583-7baa327eb625,8,2298,True,8641,8239,164.09685638398878
2299,4704f305-45f3-4d88-8583-7baa327eb625,8,2299,True,8674,8272,172.66109797467652
2300,4704f305-45f3-4d88-8583-7baa327eb625,8,2300,True,8704,8302,163.19061338894426
2301,4704f305-45f3-4d88-8583-7baa327eb625,8,2301,True,8735,8333,185.06550156654703
2302,4704f305-45f3-4d88-8583-7baa327eb625,8,2302,True,8769,8367,177.50071127180308
2303,4704f305-45f3-4d88-8583-7baa327eb625,8,2303,True,8799,8397,169.06295844676606
2304,4704f305-45f3-4d88-8583-7baa327eb625,8,2304,True,8840,8438,155.10177072415536
2305,4704f305-45f3-4d88-8583-7baa327eb625,8,2305,True,8869,8467,147.67406445284723
2306,4704f305-45f3-4d88-8583-7baa327eb625,8,2306,True,8900,8498,170.97450761906657
2307,4704f305-45f3-4d88-8583-7baa327eb625,8,2307,True,8923,8521,198.4838139222793
2308,4704f305-45f3-4d88-8583-7baa327eb625,8,2308,True,8960,8558,237.25849985555396
2309,4704f305-45f3-4d88-8583-7baa327eb625,8,2309,True,8981,8579,192.70055173800392
2310,4704f305-45f3-4d88-8583-7baa327eb625,8,2310,True,9009,8607,231.99896317038656
2311,4704f305-45f3-4d88-8583-7baa327eb625,8,2311,True,9030,8628,189.38076551596168
2312,4704f305-45f3-4d88-8583-7baa327eb625,8,2312,True,9053,8651,207.6512285038334
2313,4704f305-45f3-4d88-8583-7baa327eb625,8,2313,True,9084,8682,176.6512285038334
2314,4704f305-45f3-4d88-8583-7baa327eb625,8,2314,True,9116,8714,185.82066802967893
2315,4704f305-45f3-4d88-8583-7baa327eb625,8,2315,True,9143,8741,178.85825300011857
2316,4704f305-45f3-4d88-8583-7baa327eb625,8,2316,True,9167,8765,202.3458742761104
2317,4704f305-45f3-4d88-8583-7baa327eb625,8,2317,True,9196,8794,150.4900149267305
2318,4704f305-45f3-4d88-8583-7baa327eb625,8,2318,True,9233,8831,165.74130180556676
2319,4704f305-45f3-4d88-8583-7baa327eb625,8,2319,True,9269,8867,177.60481643907406
2320,4704f305-45f3-4d88-8583-7baa327eb625,8,2320,True,9299,8897,126.18415704918334
2321,4704f305-45f3-4d88-8583-7baa327eb625,8,2321,True,9326,8924,153.26213539537093
2322,4704f305-45f3-4d88-8583-7baa327eb625,8,2322,True,9357,8955,143.55777840369774
2323,4704f305-45f3-4d88-8583-7baa327eb625,8,2323,True,9379,8977,163.87340572635912
2324,4704f305-45f3-4d88-8583-7baa327eb625,8,2324,True,9398,8996,171.03589610600466
2325,4704f305-45f3-4d88-8583-7baa327eb625,8,2325,True,9418,9016,151.03589610600466
2326,4704f305-45f3-4d88-8583-7baa327eb625,8,2326,True,9451,9049,193.00187758888023
2327,4704f305-45f3-4d88-8583-7baa327eb625,8,2327,True,9472,9070,195.57655962550962
2328,4704f305-45f3-4d88-8583-7baa327eb625,8,2328,True,9494,9092,173.57655962550962
2329,4704f305-45f3-4d88-8583-7baa327eb625,8,2329,True,9527,9125,165.57313519073796
2330,4704f305-45f3-4d88-8583-7baa327eb625,8,2330,True,9557,9155,159.11999036794623
2331,4704f305-45f3-4d88-8583-7baa327eb625,8,2331,True,9588,9186,151.97517092208182
2332,4704f305-45f3-4d88-8583-7baa327eb625,8,2332,True,9618,9216,195.4890270616088
2333,4704f305-45f3-4d88-8583-7baa327eb625,8,2333,True,9653,9251,138.95477199472953
2334,4704f305-45f3-4d88-8583-7baa327eb625,8,2334,True,9675,9273,185.33108097861805
2335,4704f305-45f3-4d88-8583-7baa327eb625,8,2335,True,9698,9296,203.56695118971948
2336,4704f305-45f3-4d88-8583-7baa327eb625,8,2336,True,9718,9316,163.99579390036888
2337,4704f305-45f3-4d88-8583-7baa327eb625,8,2337,True,9754,9352,183.45713151188465
2338,4704f305-45f3-4d88-8583-7baa327eb625,8,2338,True,9784,9382,174.78131569531433
2339,4704f305-45f3-4d88-8583-7baa327eb625,8,2339,True,9811,9409,180.9981996045135
2340,4704f305-45f3-4d88-8583-7baa327eb625,8,2340,True,9849,9447,163.29496970611945
2341,4704f305-45f3-4d88-8583-7baa327eb625,8,2341,True,9884,9482,147.1438213758538
2342,4704f305-45f3-4d88-8583-7baa327eb625,8,2342,True,9908,9506,158.07992445839955
2343,4704f305-45f3-4d88-8583-7baa327eb625,8,2343,True,9932,9530,153.2073998264823
2344,4704f305-45f3-4d88-8583-7baa327eb625,8,2344,True,9962,9560,158.52506189204905
2345,4704f305-45f3-4d88-8583-7baa327eb625,8,2345,True,9986,9584,157.3218666487901
2346,4704f305-45f3-4d88-8583-7baa327eb625,8,2346,True,10016,9614,157.98812208713207
2347,4704f305-45f3-4d88-8583-7baa327eb625,8,2347,True,10049,9647,145.16210191488972
2348,4704f305-45f3-4d88-8583-7baa327eb625,8,2348,True,10079,9677,145.64208893402792
2349,4704f305-45f3-4d88-8583-7baa327eb625,8,2349,True,10108,9706,140.7709655332328
2350,4704f305-45f3-4d88-8583-7baa327eb625,8,2350,True,10132,9730,174.38049130733998
2351,4704f305-45f3-4d88-8583-7baa327eb625,8,2351,True,10156,9754,130.35520554051436
2352,4704f305-45f3-4d88-8583-7baa327eb625,8,2352,True,10184,9782,154.7479919034231
2353,4704f305-45f3-4d88-8583-7baa327eb625,8,2353,True,10226,9824,163.1636182863258
2354,4704f305-45f3-4d88-8583-7baa327eb625,8,2354,True,10250,9848,167.85894303780333
2355,4704f305-45f3-4d88-8583-7baa327eb625,8,2355,True,10274,9872,190.56322260523484
2356,4704f305-45f3-4d88-8583-7baa327eb625,8,2356,True,10300,9898,164.56322260523484
2357,4704f305-45f3-4d88-8583-7baa327eb625,8,2357,True,10330,9928,160.96442146899608
2358,4704f305-45f3-4d88-8583-7baa327eb625,8,2358,True,10363,9961,149.8239320934681
2359,4704f305-45f3-4d88-8583-7baa327eb625,8,2359,True,10381,9979,152.536847243191
2360,4704f305-45f3-4d88-8583-7baa327eb625,8,2360,True,10401,9999,162.6605471077837
2361,4704f305-45f3-4d88-8583-7baa327eb625,8,2361,True,10438,10036,149.2868583455329
2362,4704f305-45f3-4d88-8583-7baa327eb625,8,2362,True,10472,10070,189.2084618838271
2363,4704f305-45f3-4d88-8583-7baa327eb625,8,2363,True,10503,10101,140.27930558346452
2364,4704f305-45f3-4d88-8583-7baa327eb625,8,2364,True,10525,10123,157.19688858288464
2365,4704f305-45f3-4d88-8583-7baa327eb625,8,2365,True,10555,10153,149.48036425073224
2366,4704f305-45f3-4d88-8583-7baa327eb625,8,2366,True,10581,10179,169.98270691319522
2367,4704f305-45f3-4d88-8583-7baa327eb625,8,2367,True,10614,10212,116.92412628711463
2368,4704f305-45f3-4d88-8583-7baa327eb625,8,2368,True,10647,10245,136.66415284198592
2369,4704f305-45f3-4d88-8583-7baa327eb625,8,2369,True,10682,10280,166.05134237597485
2370,4704f305-45f3-4d88-8583-7baa327eb625,8,2370,True,10711,10309,116.53502318369465
2371,4704f305-45f3-4d88-8583-7baa327eb625,8,2371,True,10737,10335,165.57704541707608
2372,4704f305-45f3-4d88-8583-7baa327eb625,8,2372,True,10756,10354,167.03865569460868
2373,4704f305-45f3-4d88-8583-7baa327eb625,8,2373,True,10791,10389,153.45751544145423
2374,4704f305-45f3-4d88-8583-7baa327eb625,8,2374,True,10814,10412,171.97569323424068
2375,4704f305-45f3-4d88-8583-7baa327eb625,8,2375,True,10839,10437,171.65554269576023
2376,4704f305-45f3-4d88-8583-7baa327eb625,8,2376,True,10865,10463,169.8962501383685
2377,4704f305-45f3-4d88-8583-7baa327eb625,8,2377,True,10886,10484,166.08941380118085
2378,4704f305-45f3-4d88-8583-7baa327eb625,8,2378,True,10913,10511,162.26458707076017
2379,4704f305-45f3-4d88-8583-7baa327eb625,8,2379,True,10944,10542,179.3217953806252
2380,4704f305-45f3-4d88-8583-7baa327eb625,8,2380,True,10976,10574,187.03814316169883
2381,4704f305-45f3-4d88-8583-7baa327eb625,8,2381,True,11009,10607,196.82269954709955
2382,4704f305-45f3-4d88-8583-7baa327eb625,8,2382,True,11032,10630,152.11713290010084
2383,4704f305-45f3-4d88-8583-7baa327eb625,8,2383,True,11062,10660,189.29126753721357
2384,4704f305-45f3-4d88-8583-7baa327eb625,8,2384,True,11088,10686,187.7929717496081
2385,4704f305-45f3-4d88-8583-7baa327eb625,8,2385,True,11123,10721,175.2639130376774
2386,4704f305-45f3-4d88-8583-7baa327eb625,8,2386,True,11150,10748,148.2639130376774
2387,4704f305-45f3-4d88-8583-7baa327eb625,8,2387,True,11173,10771,145.49368721172505
2388,4704f305-45f3-4d88-8583-7baa327eb625,8,2388,True,11200,10798,227.1540550636255
2389,4704f305-45f3-4d88-8583-7baa327eb625,8,2389,True,11229,10827,198.1540550636255
2390,4704f305-45f3-4d88-8583-7baa327eb625,8,2390,True,11262,10860,144.69037512622162
2391,4704f305-45f3-4d88-8583-7baa327eb625,8,2391,True,11293,10891,187.75631023695132
2392,4704f305-45f3-4d88-8583-7baa327eb625,8,2392,True,11321,10919,136.91559712400522
2393,4704f305-45f3-4d88-8583-7baa327eb625,8,2393,True,11348,10946,132.75631023695132
2394,4704f305-45f3-4d88-8583-7baa327eb625,8,2394,True,11385,10983,184.7242596621927
2395,4704f305-45f3-4d88-8583-7baa327eb625,8,2395,True,11425,11023,165.68253656677916
2396,4704f305-45f3-4d88-8583-7baa327eb625,8,2396,True,11455,11053,187.53539331140018
2397,4704f305-45f3-4d88-8583-7baa327eb625,8,2397,True,11476,11074,148.84405666659768
2398,4704f305-45f3-4d88-8583-7baa327eb625,8,2398,True,11496,11094,167.6540146482621
2399,4704f305-45f3-4d88-8583-7baa327eb625,8,2399,True,11523,11121,162.29361984815478
2400,4704f305-45f3-4d88-8583-7baa327eb625,8,2400,True,11546,11144,156.78140127093866
2401,4704f305-45f3-4d88-8583-7baa327eb625,8,2401,True,11572,11170,153.29494501761292
2402,4704f305-45f3-4d88-8583-7baa327eb625,8,2402,True,11603,11201,143.30315710378636
2403,4704f305-45f3-4d88-8583-7baa327eb625,8,2403,True,11631,11229,137.6414672050978
2404,4704f305-45f3-4d88-8583-7baa327eb625,8,2404,True,11655,11253,161.72086488527384
2405,4704f305-45f3-4d88-8583-7baa327eb625,8,2405,True,11677,11275,116.36289062355172
2406,4704f305-45f3-4d88-8583-7baa327eb625,8,2406,True,11700,11298,138.13205321615715
2407,4704f305-45f3-4d88-8583-7baa327eb625,8,2407,True,11732,11330,133.91837339660742
2408,4704f305-45f3-4d88-8583-7baa327eb625,8,2408,True,11751,11349,133.39842412308826
2409,4704f305-45f3-4d88-8583-7baa327eb625,8,2409,True,11777,11375,157.4866141038492
2410,4704f305-45f3-4d88-8583-7baa327eb625,8,2410,True,11808,11406,145.5733334081342
2411,4704f305-45f3-4d88-8583-7baa327eb625,8,2411,True,11831,11429,159.9385858161695
2412,4704f305-45f3-4d88-8583-7baa327eb625,8,2412,True,11857,11455,154.81101230757668
2413,4704f305-45f3-4d88-8583-7baa327eb625,8,2413,True,11899,11497,204.20112255298955
2414,4704f305-45f3-4d88-8583-7baa327eb625,8,2414,True,11924,11522,157.37074595429476
2415,4704f305-45f3-4d88-8583-7baa327eb625,8,2415,True,11955,11553,192.54849384109184
2416,4704f305-45f3-4d88-8583-7baa327eb625,8,2416,True,11976,11574,190.27232660687696
2417,4704f305-45f3-4d88-8583-7baa327eb625,8,2417,True,12009,11607,174.49991734496507
2418,4704f305-45f3-4d88-8583-7baa327eb625,8,2418,True,12034,11632,172.0492056244584
2419,4704f305-45f3-4d88-8583-7baa327eb625,8,2419,True,12066,11664,159.25904719637947
2420,4704f305-45f3-4d88-8583-7baa327eb625,8,2420,True,12092,11690,203.66321755739955
2421,4704f305-45f3-4d88-8583-7baa327eb625,8,2421,True,12118,11716,156.3215479901828
2422,4704f305-45f3-4d88-8583-7baa327eb625,8,2422,True,12145,11743,179.3010584760359
2423,4704f305-45f3-4d88-8583-7baa327eb625,8,2423,True,12181,11779,177.4110429518514
2424,4704f305-45f3-4d88-8583-7baa327eb625,8,2424,True,12219,11817,167.0959890342092
2425,4704f305-45f3-4d88-8583-7baa327eb625,8,2425,True,12252,11850,155.4292324479684
2426,4704f305-45f3-4d88-8583-7baa327eb625,8,2426,True,12268,11866,160.49335504794544
2427,4704f305-45f3-4d88-8583-7baa327eb625,8,2427,True,12296,11894,165.7068170702587
2428,4704f305-45f3-4d88-8583-7baa327eb625,8,2428,True,12326,11924,163.49187576851364
2429,4704f305-45f3-4d88-8583-7baa327eb625,8,2429,True,12367,11965,155.49867725705917
2430,4704f305-45f3-4d88-8583-7baa327eb625,8,2430,True,12388,11986,157.5261040891728
2431,4704f305-45f3-4d88-8583-7baa327eb625,8,2431,True,12418,12016,168.47361699906105
2432,4704f305-45f3-4d88-8583-7baa327eb625,8,2432,True,12445,12043,159.39218569302466
2433,4704f305-45f3-4d88-8583-7baa327eb625,8,2433,True,12463,12061,159.5190737276953
2434,4704f305-45f3-4d88-8583-7baa327eb625,8,2434,True,12491,12089,152.89235734270187
2435,4704f305-45f3-4d88-8583-7baa327eb625,8,2435,True,12518,12116,191.89064917479482
2436,4704f305-45f3-4d88-8583-7baa327eb625,8,2436,True,12548,12146,137.87682619225598
2437,4704f305-45f3-4d88-8583-7baa327eb625,8,2437,True,12583,12181,193.03128772170567
2438,4704f305-45f3-4d88-8583-7baa327eb625,8,2438,True,12611,12209,147.04772466402028
2439,4704f305-45f3-4d88-8583-7baa327eb625,8,2439,True,12641,12239,197.68493017331093
2440,4704f305-45f3-4d88-8583-7baa327eb625,8,2440,True,12668,12266,199.34445609569775
2441,4704f305-45f3-4d88-8583-7baa327eb625,8,2441,True,12689,12287,223.34594830137576
2442,4704f305-45f3-4d88-8583-7baa327eb625,8,2442,True,12717,12315,214.54861317625182
2443,4704f305-45f3-4d88-8583-7baa327eb625,8,2443,True,12743,12341,218.89750594115685
2444,4704f305-45f3-4d88-8583-7baa327eb625,8,2444,True,12777,12375,212.0392035540699
2445,4704f305-45f3-4d88-8583-7baa327eb625,8,2445,True,12796,12394,193.0392035540699
2446,4704f305-45f3-4d88-8583-7baa327eb625,8,2446,True,12831,12429,189.10695496489097
2447,4704f305-45f3-4d88-8583-7baa327eb625,8,2447,True,12862,12460,177.25552962566144
2448,4704f305-45f3-4d88-8583-7baa327eb625,8,2448,True,12892,12490,181.374049022721
2449,4704f305-45f3-4d88-8583-7baa327eb625,8,2449,True,12925,12523,168.70074332144395
2450,4704f305-45f3-4d88-8583-7baa327eb625,8,2450,True,12955,12553,173.74188838421105
2451,4704f305-45f3-4d88-8583-7baa327eb625,8,2451,True,12976,12574,172.58548233454894
2452,4704f305-45f3-4d88-8583-7baa327eb625,8,2452,True,13005,12603,180.07752035727572
2453,4704f305-45f3-4d88-8583-7baa327eb625,8,2453,True,13032,12630,175.01009974056615
2454,4704f305-45f3-4d88-8583-7baa327eb625,8,2454,True,13063,12661,166.69101778246295
2455,4704f305-45f3-4d88-8583-7baa327eb625,8,2455,True,13083,12681,189.87778689501283
2456,4704f305-45f3-4d88-8583-7baa327eb625,8,2456,True,13111,12709,208.3734951396509
2457,4704f305-45f3-4d88-8583-7baa327eb625,8,2457,True,13145,12743,149.1967326286558
2458,4704f305-45f3-4d88-8583-7baa327eb625,8,2458,True,13172,12770,194.48913458042443
2459,4704f305-45f3-4d88-8583-7baa327eb625,8,2459,True,13198,12796,139.64673660947665
2460,4704f305-45f3-4d88-8583-7baa327eb625,8,2460,True,13226,12824,174.2715955507374
2461,4704f305-45f3-4d88-8583-7baa327eb625,8,2461,True,13249,12847,170.49123290631178
2462,4704f305-45f3-4d88-8583-7baa327eb625,8,2462,True,13276,12874,191.38487005371098
2463,4704f305-45f3-4d88-8583-7baa327eb625,8,2463,True,13296,12894,195.8336647220258
2464,4704f305-45f3-4d88-8583-7baa327eb625,8,2464,True,13335,12933,226.04487616230472
2465,4704f305-45f3-4d88-8583-7baa327eb625,8,2465,True,13357,12955,160.49254259926056
2466,4704f305-45f3-4d88-8583-7baa327eb625,8,2466,True,13382,12980,157.23397330489024
2467,4704f305-45f3-4d88-8583-7baa327eb625,8,2467,True,13407,13005,175.54024462173584
2468,4704f305-45f3-4d88-8583-7baa327eb625,8,2468,True,13436,13034,165.7760987811289
2469,4704f305-45f3-4d88-8583-7baa327eb625,8,2469,True,13463,13061,178.3614572915685
2470,4704f305-45f3-4d88-8583-7baa327eb625,8,2470,True,13489,13087,179.38357707842988
2471,4704f305-45f3-4d88-8583-7baa327eb625,8,2471,True,13512,13110,176.94290452732093
2472,4704f305-45f3-4d88-8583-7baa327eb625,8,2472,True,13544,13142,172.9546678259212
2473,4704f305-45f3-4d88-8583-7baa327eb625,8,2473,True,13575,13173,162.69254041671957
2474,4704f305-45f3-4d88-8583-7baa327eb625,8,2474,True,13601,13199,188.17450068769176
2475,4704f305-45f3-4d88-8583-7baa327eb625,8,2475,True,13626,13224,184.99585441669842
2476,4704f305-45f3-4d88-8583-7baa327eb625,8,2476,True,13649,13247,199.4625043476408
2477,4704f305-45f3-4d88-8583-7baa327eb625,8,2477,True,13672,13270,198.98635470988847
2478,4704f305-45f3-4d88-8583-7baa327eb625,8,2478,True,13697,13295,173.98635470988847
2479,4704f305-45f3-4d88-8583-7baa327eb625,8,2479,True,13722,13320,201.08845828828635
2480,4704f305-45f3-4d88-8583-7baa327eb625,8,2480,True,13743,13341,146.62878863380865
2481,4704f305-45f3-4d88-8583-7baa327eb625,8,2481,True,13771,13369,197.4841428243817
2482,4704f305-45f3-4d88-8583-7baa327eb625,8,2482,True,13808,13406,138.97240013687224
2483,4704f305-45f3-4d88-8583-7baa327eb625,8,2483,True,13832,13430,153.78092322123666
2484,4704f305-45f3-4d88-8583-7baa327eb625,8,2484,True,13856,13454,150.3288968507659
2485,4704f305-45f3-4d88-8583-7baa327eb625,8,2485,True,13872,13470,164.43878230120026
2486,4704f305-45f3-4d88-8583-7baa327eb625,8,2486,True,13900,13498,214.96128804185173
2487,4704f305-45f3-4d88-8583-7baa327eb625,8,2487,True,13921,13519,214.90536217765475
2488,4704f305-45f3-4d88-8583-7baa327eb625,8,2488,True,13947,13545,188.90536217765475
2489,4704f305-45f3-4d88-8583-7baa327eb625,8,2489,True,13975,13573,183.51413016939478
2490,4704f305-45f3-4d88-8583-7baa327eb625,8,2490,True,14001,13599,157.51413016939478
2491,4704f305-45f3-4d88-8583-7baa327eb625,8,2491,True,14031,13629,168.61949897977502
2492,4704f305-45f3-4d88-8583-7baa327eb625,8,2492,True,14058,13656,164.29959003582917
2493,4704f305-45f3-4d88-8583-7baa327eb625,8,2493,True,14091,13689,181.82043988331498
2494,4704f305-45f3-4d88-8583-7baa327eb625,8,2494,True,14119,13717,173.3047400677915
2495,4704f305-45f3-4d88-8583-7baa327eb625,8,2495,True,14148,13746,144.3047400677915
2496,4704f305-45f3-4d88-8583-7baa327eb625,8,2496,True,14164,13762,147.53519352426883
2497,4704f305-45f3-4d88-8583-7baa327eb625,8,2497,True,14186,13784,166.38595671363873
2498,4704f305-45f3-4d88-8583-7baa327eb625,8,2498,True,14218,13816,157.3727420705436
2499,4704f305-45f3-4d88-8583-7baa327eb625,8,2499,True,14239,13837,136.3727420705436
2500,4704f305-45f3-4d88-8583-7baa327eb625,8,2500,True,14260,13858,179.7681952463281
2501,4704f305-45f3-4d88-8583-7baa327eb625,8,2501,True,14284,13882,135.87637555647598
2502,4704f305-45f3-4d88-8583-7baa327eb625,8,2502,True,14308,13906,188.16731556696686
2503,4704f305-45f3-4d88-8583-7baa327eb625,8,2503,True,14325,13923,189.828951576932
2504,4704f305-45f3-4d88-8583-7baa327eb625,8,2504,True,14353,13951,272.5784126512899
2505,4704f305-45f3-4d88-8583-7baa327eb625,8,2505,True,14382,13980,219.73299112823224
2506,4704f305-45f3-4d88-8583-7baa327eb625,8,2506,True,14404,14002,249.70027856767229
2507,4704f305-45f3-4d88-8583-7baa327eb625,8,2507,True,14433,14031,237.49362336872764
2508,4704f305-45f3-4d88-8583-7baa327eb625,8,2508,True,14466,14064,225.4918201139135
2509,4704f305-45f3-4d88-8583-7baa327eb625,8,2509,True,14487,14085,232.14518784994107
2510,4704f305-45f3-4d88-8583-7baa327eb625,8,2510,True,14518,14116,221.54928282126457
2511,4704f305-45f3-4d88-8583-7baa327eb625,8,2511,True,14549,14147,292.1125894174511
2512,4704f305-45f3-4d88-8583-7baa327eb625,8,2512,True,14572,14170,291.1190469231715
2513,4704f305-45f3-4d88-8583-7baa327eb625,8,2513,True,14603,14201,260.1190469231715
2514,4704f305-45f3-4d88-8583-7baa327eb625,8,2514,True,14640,14238,369.14267080774516
2515,4704f305-45f3-4d88-8583-7baa327eb625,8,2515,True,14664,14262,327.7295044797902
2516,4704f305-45f3-4d88-8583-7baa327eb625,8,2516,True,14690,14288,374.0639551733093
2517,4704f305-45f3-4d88-8583-7baa327eb625,8,2517,False,14718,14316,434.109475699026
2518,4704f305-45f3-4d88-8583-7baa327eb625,8,2518,False,14744,14342,389.9702505921814
2519,4704f305-45f3-4d88-8583-7baa327eb625,8,2519,True,14776,14374,411.167082921118
2520,4704f305-45f3-4d88-8583-7baa327eb625,8,2520,True,14797,14395,390.167082921118
2521,4704f305-45f3-4d88-8583-7baa327eb625,8,2521,True,14823,14421,364.167082921118
2522,4704f305-45f3-4d88-8583-7baa327eb625,8,2522,True,14856,14454,303.75725595525
2523,4704f305-45f3-4d88-8583-7baa327eb625,8,2523,True,14878,14476,309.167082921118
2524,4704f305-45f3-4d88-8583-7baa327eb625,8,2524,True,14898,14496,289.167082921118
2525,4704f305-45f3-4d88-8583-7baa327eb625,8,2525,True,14930,14528,358.5400186637962
2526,4704f305-45f3-4d88-8583-7baa327eb625,8,2526,True,14959,14557,329.5400186637962
2527,4704f305-45f3-4d88-8583-7baa327eb625,8,2527,True,14988,14586,276.45767274122954
2528,4704f305-45f3-4d88-8583-7baa327eb625,8,2528,True,15014,14612,250.45767274122954
2529,4704f305-45f3-4d88-8583-7baa327eb625,8,2529,True,15044,14642,356.6058794061173
2530,4704f305-45f3-4d88-8583-7baa327eb625,8,2530,True,15081,14679,348.73439446673
2531,4704f305-45f3-4d88-8583-7baa327eb625,8,2531,True,15109,14707,291.6058794061173
2532,4704f305-45f3-4d88-8583-7baa327eb625,8,2532,True,15141,14739,288.73439446673
2533,4704f305-45f3-4d88-8583-7baa327eb625,8,2533,True,15163,14761,266.73439446673
2534,4704f305-45f3-4d88-8583-7baa327eb625,8,2534,True,15194,14792,235.73439446673
2535,4704f305-45f3-4d88-8583-7baa327eb625,8,2535,True,15221,14819,299.45693471380036
2536,4704f305-45f3-4d88-8583-7baa327eb625,8,2536,True,15246,14844,221.3804338071368
2537,4704f305-45f3-4d88-8583-7baa327eb625,8,2537,True,15272,14870,248.45693471380036
2538,4704f305-45f3-4d88-8583-7baa327eb625,8,2538,True,15302,14900,195.26151943668629
2539,4704f305-45f3-4d88-8583-7baa327eb625,8,2539,True,15336,14934,205.63871817094332
2540,4704f305-45f3-4d88-8583-7baa327eb625,8,2540,True,15370,14968,236.5270561358866
2541,4704f305-45f3-4d88-8583-7baa327eb625,8,2541,True,15395,14993,269.4672034711948
2542,4704f305-45f3-4d88-8583-7baa327eb625,8,2542,True,15420,15018,269.3868789718017
2543,4704f305-45f3-4d88-8583-7baa327eb625,8,2543,True,15438,15036,226.4672034711948
2544,4704f305-45f3-4d88-8583-7baa327eb625,8,2544,True,15467,15065,222.3868789718017
2545,4704f305-45f3-4d88-8583-7baa327eb625,8,2545,True,15491,15089,241.94931173804434
2546,4704f305-45f3-4d88-8583-7baa327eb625,8,2546,True,15525,15123,207.94931173804434
2547,4704f305-45f3-4d88-8583-7baa327eb625,8,2547,True,15558,15156,227.14535400826753
2548,4704f305-45f3-4d88-8583-7baa327eb625,8,2548,True,15590,15188,218.90783974559236
2549,4704f305-45f3-4d88-8583-7baa327eb625,8,2549,True,15613,15211,172.14535400826753
2550,4704f305-45f3-4d88-8583-7baa327eb625,8,2550,True,15648,15246,182.22447545723662
2551,4704f305-45f3-4d88-8583-7baa327eb625,8,2551,True,15669,15267,179.23336480692524
2552,4704f305-45f3-4d88-8583-7baa327eb625,8,2552,True,15709,15307,159.39350396746704
2553,4704f305-45f3-4d88-8583-7baa327eb625,8,2553,True,15734,15332,161.59660678447653
2554,4704f305-45f3-4d88-8583-7baa327eb625,8,2554,True,15765,15363,172.05746892847674
2555,4704f305-45f3-4d88-8583-7baa327eb625,8,2555,True,15798,15396,159.1838496842829
2556,4704f305-45f3-4d88-8583-7baa327eb625,8,2556,True,15825,15423,160.5283673947797
2557,4704f305-45f3-4d88-8583-7baa327eb625,8,2557,True,15851,15449,156.1134061804405
2558,4704f305-45f3-4d88-8583-7baa327eb625,8,2558,True,15877,15475,152.13044711776456
2559,4704f305-45f3-4d88-8583-7baa327eb625,8,2559,True,15905,15503,124.13044711776456
2560,4704f305-45f3-4d88-8583-7baa327eb625,8,2560,True,15931,15529,179.131553345278
2561,4704f305-45f3-4d88-8583-7baa327eb625,8,2561,True,15961,15559,126.7049402226512
2562,4704f305-45f3-4d88-8583-7baa327eb625,8,2562,True,15992,15590,144.8867515707334
2563,4704f305-45f3-4d88-8583-7baa327eb625,8,2563,True,16022,15620,132.70064653339978
2564,4704f305-45f3-4d88-8583-7baa327eb625,8,2564,True,16052,15650,138.55569079978522
2565,4704f305-45f3-4d88-8583-7baa327eb625,8,2565,True,16080,15678,160.9598420687289
2566,4704f305-45f3-4d88-8583-7baa327eb625,8,2566,True,16099,15697,165.98053701134995
2567,4704f305-45f3-4d88-8583-7baa327eb625,8,2567,True,16139,15737,125.98053701134995
2568,4704f305-45f3-4d88-8583-7baa327eb625,8,2568,True,16166,15764,176.56038039545456
2569,4704f305-45f3-4d88-8583-7baa327eb625,8,2569,True,16194,15792,126.71550869753446
2570,4704f305-45f3-4d88-8583-7baa327eb625,8,2570,True,16217,15815,150.35760100820517
2571,4704f305-45f3-4d88-8583-7baa327eb625,8,2571,True,16239,15837,148.30485130091984
2572,4704f305-45f3-4d88-8583-7baa327eb625,8,2572,True,16266,15864,171.19386703234886
2573,4704f305-45f3-4d88-8583-7baa327eb625,8,2573,True,16290,15888,172.22255003418832
2574,4704f305-45f3-4d88-8583-7baa327eb625,8,2574,True,16320,15918,161.01877835677624
2575,4704f305-45f3-4d88-8583-7baa327eb625,8,2575,True,16346,15944,203.8461667804131
2576,4704f305-45f3-4d88-8583-7baa327eb625,8,2576,True,16375,15973,155.90668790835844
2577,4704f305-45f3-4d88-8583-7baa327eb625,8,2577,True,16403,16001,176.8618609688947
2578,4704f305-45f3-4d88-8583-7baa327eb625,8,2578,True,16442,16040,155.72427299974152
2579,4704f305-45f3-4d88-8583-7baa327eb625,8,2579,True,16460,16058,190.3808783179884
2580,4704f305-45f3-4d88-8583-7baa327eb625,8,2580,True,16483,16081,141.12343025439623
2581,4704f305-45f3-4d88-8583-7baa327eb625,8,2581,True,16510,16108,182.0728087708303
2582,4704f305-45f3-4d88-8583-7baa327eb625,8,2582,True,16535,16133,137.33143034740533
2583,4704f305-45f3-4d88-8583-7baa327eb625,8,2583,True,16563,16161,175.3702396150129
2584,4704f305-45f3-4d88-8583-7baa327eb625,8,2584,True,16593,16191,129.42436213600377
2585,4704f305-45f3-4d88-8583-7baa327eb625,8,2585,True,16616,16214,167.70987789110586
2586,4704f305-45f3-4d88-8583-7baa327eb625,8,2586,True,16645,16243,155.56373717338647
2587,4704f305-45f3-4d88-8583-7baa327eb625,8,2587,True,16672,16270,149.68306343352742
2588,4704f305-45f3-4d88-8583-7baa327eb625,8,2588,True,16701,16299,138.89693602334955
2589,4704f305-45f3-4d88-8583-7baa327eb625,8,2589,True,16725,16323,217.77808742235356
2590,4704f305-45f3-4d88-8583-7baa327eb625,8,2590,True,16744,16342,174.93433493940393
2591,4704f305-45f3-4d88-8583-7baa327eb625,8,2591,True,16776,16374,166.77808742235356
2592,4704f305-45f3-4d88-8583-7baa327eb625,8,2592,True,16804,16402,159.52868286194644
2593,4704f305-45f3-4d88-8583-7baa327eb625,8,2593,True,16831,16429,153.50288779112088
2594,4704f305-45f3-4d88-8583-7baa327eb625,8,2594,True,16854,16452,153.82245306404366
2595,4704f305-45f3-4d88-8583-7baa327eb625,8,2595,True,16879,16477,175.70073444444643
2596,4704f305-45f3-4d88-8583-7baa327eb625,8,2596,True,16907,16505,194.13316212177597
2597,4704f305-45f3-4d88-8583-7baa327eb625,8,2597,True,16923,16521,160.48459112802084
2598,4704f305-45f3-4d88-8583-7baa327eb625,8,2598,True,16957,16555,198.7613328057414
2599,4704f305-45f3-4d88-8583-7baa327eb625,8,2599,True,16980,16578,154.09503249688714
2600,4704f305-45f3-4d88-8583-7baa327eb625,8,2600,True,17006,16604,219.32380073312015
2601,4704f305-45f3-4d88-8583-7baa327eb625,8,2601,True,17038,16636,140.4276701833296
2602,4704f305-45f3-4d88-8583-7baa327eb625,8,2602,True,17055,16653,144.32639808440945
2603,4704f305-45f3-4d88-8583-7baa327eb625,8,2603,True,17082,16680,143.32380073312015
2604,4704f305-45f3-4d88-8583-7baa327eb625,8,2604,True,17121,16719,136.93837243604867
2605,4704f305-45f3-4d88-8583-7baa327eb625,8,2605,True,17145,16743,133.9508398959515
2606,4704f305-45f3-4d88-8583-7baa327eb625,8,2606,True,17180,16778,164.74260830417916
2607,4704f305-45f3-4d88-8583-7baa327eb625,8,2607,True,17212,16810,113.77909359837577
2608,4704f305-45f3-4d88-8583-7baa327eb625,8,2608,True,17241,16839,124.29882106251534
2609,4704f305-45f3-4d88-8583-7baa327eb625,8,2609,True,17262,16860,158.1443766565717
2610,4704f305-45f3-4d88-8583-7baa327eb625,8,2610,True,17286,16884,158.45570619242062
2611,4704f305-45f3-4d88-8583-7baa327eb625,8,2611,True,17317,16915,176.47923014807748
2612,4704f305-45f3-4d88-8583-7baa327eb625,8,2612,True,17346,16944,200.90783861547243
2613,4704f305-45f3-4d88-8583-7baa327eb625,8,2613,True,17363,16961,155.62504208851533
2614,4704f305-45f3-4d88-8583-7baa327eb625,8,2614,True,17390,16988,178.8898741112498
2615,4704f305-45f3-4d88-8583-7baa327eb625,8,2615,True,17426,17024,218.93839635404947
2616,4704f305-45f3-4d88-8583-7baa327eb625,8,2616,True,17456,17054,167.05613215066114
2617,4704f305-45f3-4d88-8583-7baa327eb625,8,2617,True,17471,17069,173.93839635404947
2618,4704f305-45f3-4d88-8583-7baa327eb625,8,2618,True,17495,17093,178.77737262283335
2619,4704f305-45f3-4d88-8583-7baa327eb625,8,2619,True,17534,17132,188.34520826720473
2620,4704f305-45f3-4d88-8583-7baa327eb625,8,2620,True,17567,17165,178.0327424043644
2621,4704f305-45f3-4d88-8583-7baa327eb625,8,2621,True,17595,17193,177.86479673442955
2622,4704f305-45f3-4d88-8583-7baa327eb625,8,2622,True,17633,17231,172.5134954471905
2623,4704f305-45f3-4d88-8583-7baa327eb625,8,2623,True,17663,17261,164.40195682245758
2624,4704f305-45f3-4d88-8583-7baa327eb625,8,2624,True,17691,17289,158.6952748387048
2625,4704f305-45f3-4d88-8583-7baa327eb625,8,2625,True,17719,17317,160.55039067389953
2626,4704f305-45f3-4d88-8583-7baa327eb625,8,2626,True,17748,17346,150.37912745543508
2627,4704f305-45f3-4d88-8583-7baa327eb625,8,2627,True,17778,17376,175.7669354022364
2628,4704f305-45f3-4d88-8583-7baa327eb625,8,2628,True,17800,17398,132.20583770476514
2629,4704f305-45f3-4d88-8583-7baa327eb625,8,2629,True,17840,17438,172.86849229953805
2630,4704f305-45f3-4d88-8583-7baa327eb625,8,2630,True,17867,17465,122.69199058443701
2631,4704f305-45f3-4d88-8583-7baa327eb625,8,2631,True,17896,17494,145.69082238967167
2632,4704f305-45f3-4d88-8583-7baa327eb625,8,2632,True,17922,17520,143.52864441237034
2633,4704f305-45f3-4d88-8583-7baa327eb625,8,2633,True,17964,17562,177.01814342892249
2634,4704f305-45f3-4d88-8583-7baa327eb625,8,2634,True,17990,17588,128.51266095931715
2635,4704f305-45f3-4d88-8583-7baa327eb625,8,2635,True,18013,17611,182.10395040956064
2636,4704f305-45f3-4d88-8583-7baa327eb625,8,2636,True,18036,17634,185.1656000143812
2637,4704f305-45f3-4d88-8583-7baa327eb625,8,2637,True,18063,17661,182.5167658414648
2638,4704f305-45f3-4d88-8583-7baa327eb625,8,2638,True,18082,17680,187.79388273416407
2639,4704f305-45f3-4d88-8583-7baa327eb625,8,2639,True,18116,17714,180.8649048150619
2640,4704f305-45f3-4d88-8583-7baa327eb625,8,2640,True,18144,17742,184.23759770549805
2641,4704f305-45f3-4d88-8583-7baa327eb625,8,2641,True,18178,17776,216.57524348907828
2642,4704f305-45f3-4d88-8583-7baa327eb625,8,2642,True,18201,17799,193.57524348907828
2643,4704f305-45f3-4d88-8583-7baa327eb625,8,2643,True,18234,17832,135.20741242813892
2644,4704f305-45f3-4d88-8583-7baa327eb625,8,2644,True,18260,17858,172.44542096147416
2645,4704f305-45f3-4d88-8583-7baa327eb625,8,2645,True,18289,17887,166.51840980285488
2646,4704f305-45f3-4d88-8583-7baa327eb625,8,2646,True,18326,17924,151.67149390785562
2647,4704f305-45f3-4d88-8583-7baa327eb625,8,2647,True,18344,17942,155.73854623751686
2648,4704f305-45f3-4d88-8583-7baa327eb625,8,2648,True,18374,17972,146.34177692659796
2649,4704f305-45f3-4d88-8583-7baa327eb625,8,2649,True,18401,17999,180.70524781621498
2650,4704f305-45f3-4d88-8583-7baa327eb625,8,2650,True,18423,18021,181.40429662975293
2651,4704f305-45f3-4d88-8583-7baa327eb625,8,2651,True,18466,18064,138.40429662975293
2652,4704f305-45f3-4d88-8583-7baa327eb625,8,2652,True,18494,18092,132.98185005536288
2653,4704f305-45f3-4d88-8583-7baa327eb625,8,2653,True,18523,18121,155.95826748922627
2654,4704f305-45f3-4d88-8583-7baa327eb625,8,2654,True,18544,18142,154.2275155430325
2655,4704f305-45f3-4d88-8583-7baa327eb625,8,2655,True,18569,18167,183.31903355281247
2656,4704f305-45f3-4d88-8583-7baa327eb625,8,2656,True,18598,18196,175.81796359592772
2657,4704f305-45f3-4d88-8583-7baa327eb625,8,2657,True,18630,18228,170.6089380513513
2658,4704f305-45f3-4d88-8583-7baa327eb625,8,2658,True,18656,18254,164.9718865621362
2659,4704f305-45f3-4d88-8583-7baa327eb625,8,2659,True,18679,18277,188.7581928709733
2660,4704f305-45f3-4d88-8583-7baa327eb625,8,2660,True,18701,18299,188.38878029683838
2661,4704f305-45f3-4d88-8583-7baa327eb625,8,2661,True,18722,18320,238.6044684144763
2662,4704f305-45f3-4d88-8583-7baa327eb625,8,2662,True,18753,18351,184.79217314896596
2663,4704f305-45f3-4d88-8583-7baa327eb625,8,2663,True,18779,18377,181.6044684144763
2664,4704f305-45f3-4d88-8583-7baa327eb625,8,2664,True,18808,18406,207.09503203725762
2665,4704f305-45f3-4d88-8583-7baa327eb625,8,2665,True,18827,18425,166.6934714223753
2666,4704f305-45f3-4d88-8583-7baa327eb625,8,2666,True,18864,18462,208.42426457722104
2667,4704f305-45f3-4d88-8583-7baa327eb625,8,2667,True,18890,18488,151.7522083319127
2668,4704f305-45f3-4d88-8583-7baa327eb625,8,2668,True,18922,18520,180.41981762672367
2669,4704f305-45f3-4d88-8583-7baa327eb625,8,2669,True,18952,18550,170.80238037740492
2670,4704f305-45f3-4d88-8583-7baa327eb625,8,2670,True,18979,18577,235.9164383745956
2671,4704f305-45f3-4d88-8583-7baa327eb625,8,2671,True,19001,18599,188.865372976481
2672,4704f305-45f3-4d88-8583-7baa327eb625,8,2672,True,19028,18626,186.9164383745956
2673,4704f305-45f3-4d88-8583-7baa327eb625,8,2673,True,19054,18652,240.37098139675436
2674,4704f305-45f3-4d88-8583-7baa327eb625,8,2674,True,19086,18684,228.34555708887274
2675,4704f305-45f3-4d88-8583-7baa327eb625,8,2675,True,19106,18704,141.6968779094277
2676,4704f305-45f3-4d88-8583-7baa327eb625,8,2676,True,19143,18741,206.74402953041135
2677,4704f305-45f3-4d88-8583-7baa327eb625,8,2677,True,19171,18769,198.79741170427587
2678,4704f305-45f3-4d88-8583-7baa327eb625,8,2678,True,19197,18795,210.7657613742267
2679,4704f305-45f3-4d88-8583-7baa327eb625,8,2679,True,19225,18823,208.05056642312775
2680,4704f305-45f3-4d88-8583-7baa327eb625,8,2680,True,19246,18844,205.34912664281364
2681,4704f305-45f3-4d88-8583-7baa327eb625,8,2681,True,19284,18882,187.8663590811957
2682,4704f305-45f3-4d88-8583-7baa327eb625,8,2682,True,19308,18906,196.30852552401484
2683,4704f305-45f3-4d88-8583-7baa327eb625,8,2683,True,19328,18926,217.51233744993078
2684,4704f305-45f3-4d88-8583-7baa327eb625,8,2684,True,19351,18949,174.10130831622882
2685,4704f305-45f3-4d88-8583-7baa327eb625,8,2685,True,19379,18977,221.2576868544529
2686,4704f305-45f3-4d88-8583-7baa327eb625,8,2686,True,19399,18997,179.2550251328612
2687,4704f305-45f3-4d88-8583-7baa327eb625,8,2687,True,19426,19024,221.6235322859211
2688,4704f305-45f3-4d88-8583-7baa327eb625,8,2688,True,19459,19057,168.37671425900044
2689,4704f305-45f3-4d88-8583-7baa327eb625,8,2689,True,19492,19090,176.88332086766968
2690,4704f305-45f3-4d88-8583-7baa327eb625,8,2690,True,19521,19119,168.5584781510952
2691,4704f305-45f3-4d88-8583-7baa327eb625,8,2691,True,19547,19145,167.35092448970317
2692,4704f305-45f3-4d88-8583-7baa327eb625,8,2692,True,19577,19175,164.97843894549078
2693,4704f305-45f3-4d88-8583-7baa327eb625,8,2693,True,19607,19205,154.87217516871533
2694,4704f305-45f3-4d88-8583-7baa327eb625,8,2694,True,19643,19241,222.18099702203835
2695,4704f305-45f3-4d88-8583-7baa327eb625,8,2695,True,19662,19260,124.46928856070372
2696,4704f305-45f3-4d88-8583-7baa327eb625,8,2696,True,19694,19292,121.13279336930646
2697,4704f305-45f3-4d88-8583-7baa327eb625,8,2697,True,19722,19320,162.28436655456971
2698,4704f305-45f3-4d88-8583-7baa327eb625,8,2698,True,19746,19344,158.26280036065145
2699,4704f305-45f3-4d88-8583-7baa327eb625,8,2699,True,19771,19369,150.5981291931348
2700,4704f305-45f3-4d88-8583-7baa327eb625,8,2700,True,19794,19392,149.53027671146265
2701,4704f305-45f3-4d88-8583-7baa327eb625,8,2701,True,19818,19416,159.43842911109095
2702,4704f305-45f3-4d88-8583-7baa327eb625,8,2702,True,19839,19437,159.10486068731916
2703,4704f305-45f3-4d88-8583-7baa327eb625,8,2703,True,19868,19466,151.7048554941539
2704,4704f305-45f3-4d88-8583-7baa327eb625,8,2704,True,19893,19491,172.14823652314226
2705,4704f305-45f3-4d88-8583-7baa327eb625,8,2705,True,19918,19516,165.71832596886088
2706,4704f305-45f3-4d88-8583-7baa327eb625,8,2706,True,19939,19537,185.63989236812267
2707,4704f305-45f3-4d88-8583-7baa327eb625,8,2707,True,19964,19562,179.76614350364252
2708,4704f305-45f3-4d88-8583-7baa327eb625,8,2708,True,19987,19585,194.85040849144934
2709,4704f305-45f3-4d88-8583-7baa327eb625,8,2709,True,20008,19606,195.26844444240123
2710,4704f305-45f3-4d88-8583-7baa327eb625,8,2710,True,20038,19636,165.26844444240123
2711,4704f305-45f3-4d88-8583-7baa327eb625,8,2711,True,20067,19665,175.4519902687316
2712,4704f305-45f3-4d88-8583-7baa327eb625,8,2712,True,20097,19695,169.31911471281637
2713,4704f305-45f3-4d88-8583-7baa327eb625,8,2713,True,20131,19729,224.51616870549333
2714,4704f305-45f3-4d88-8583-7baa327eb625,8,2714,True,20162,19760,193.51616870549333
2715,4704f305-45f3-4d88-8583-7baa327eb625,8,2715,True,20188,19786,145.06452864908715
2716,4704f305-45f3-4d88-8583-7baa327eb625,8,2716,True,20216,19814,190.27758414724667
2717,4704f305-45f3-4d88-8583-7baa327eb625,8,2717,True,20249,19847,179.64406384528047
2718,4704f305-45f3-4d88-8583-7baa327eb625,8,2718,True,20280,19878,148.64406384528047
2719,4704f305-45f3-4d88-8583-7baa327eb625,8,2719,True,20309,19907,174.6140576022517
2720,4704f305-45f3-4d88-8583-7baa327eb625,8,2720,True,20339,19937,161.94868338988817
2721,4704f305-45f3-4d88-8583-7baa327eb625,8,2721,True,20372,19970,214.3404868335856
2722,4704f305-45f3-4d88-8583-7baa327eb625,8,2722,True,20401,19999,202.47936431318885
2723,4704f305-45f3-4d88-8583-7baa327eb625,8,2723,True,20427,20025,176.47936431318885
2724,4704f305-45f3-4d88-8583-7baa327eb625,8,2724,True,20454,20052,250.5709375448605
2725,4704f305-45f3-4d88-8583-7baa327eb625,8,2725,True,20491,20089,169.65383647404087
2726,4704f305-45f3-4d88-8583-7baa327eb625,8,2726,True,20521,20119,161.83737605241186
2727,4704f305-45f3-4d88-8583-7baa327eb625,8,2727,True,20541,20139,235.83570606944704
2728,4704f305-45f3-4d88-8583-7baa327eb625,8,2728,True,20572,20170,170.93633636194136
2729,4704f305-45f3-4d88-8583-7baa327eb625,8,2729,True,20606,20204,190.59734939256305
2730,4704f305-45f3-4d88-8583-7baa327eb625,8,2730,True,20625,20223,221.88715971158672
2731,4704f305-45f3-4d88-8583-7baa327eb625,8,2731,True,20648,20246,219.41454134866945
2732,4704f305-45f3-4d88-8583-7baa327eb625,8,2732,True,20680,20278,210.85341102699385
2733,4704f305-45f3-4d88-8583-7baa327eb625,8,2733,True,20714,20312,176.85341102699385
2734,4704f305-45f3-4d88-8583-7baa327eb625,8,2734,True,20743,20341,147.85341102699385
2735,4704f305-45f3-4d88-8583-7baa327eb625,8,2735,True,20768,20366,201.88628155189144
2736,4704f305-45f3-4d88-8583-7baa327eb625,8,2736,True,20795,20393,157.56375034178927
2737,4704f305-45f3-4d88-8583-7baa327eb625,8,2737,True,20833,20431,164.36664723568538
2738,4704f305-45f3-4d88-8583-7baa327eb625,8,2738,True,20855,20453,163.65334284850906
2739,4704f305-45f3-4d88-8583-7baa327eb625,8,2739,True,20894,20492,211.01230795644733
2740,4704f305-45f3-4d88-8583-7baa327eb625,8,2740,True,20916,20514,169.4531220551362
2741,4704f305-45f3-4d88-8583-7baa327eb625,8,2741,True,20945,20543,184.7374963151051
2742,4704f305-45f3-4d88-8583-7baa327eb625,8,2742,True,20976,20574,171.78170393100663
2743,4704f305-45f3-4d88-8583-7baa327eb625,8,2743,True,21000,20598,181.34638301287487
2744,4704f305-45f3-4d88-8583-7baa327eb625,8,2744,True,21025,20623,178.09103190366295
2745,4704f305-45f3-4d88-8583-7baa327eb625,8,2745,True,21059,20657,168.2442894262349
2746,4704f305-45f3-4d88-8583-7baa327eb625,8,2746,True,21083,20681,162.25955724449886
2747,4704f305-45f3-4d88-8583-7baa327eb625,8,2747,True,21105,20703,180.69932910535863
2748,4704f305-45f3-4d88-8583-7baa327eb625,8,2748,True,21140,20738,171.82721317155665
2749,4704f305-45f3-4d88-8583-7baa327eb625,8,2749,True,21170,20768,162.2609194938268
2750,4704f305-45f3-4d88-8583-7baa327eb625,8,2750,True,21197,20795,157.52395330738364
2751,4704f305-45f3-4d88-8583-7baa327eb625,8,2751,True,21229,20827,140.64204467900345
2752,4704f305-45f3-4d88-8583-7baa327eb625,8,2752,True,21254,20852,133.7553832819649
2753,4704f305-45f3-4d88-8583-7baa327eb625,8,2753,True,21282,20880,141.21062173025348
2754,4704f305-45f3-4d88-8583-7baa327eb625,8,2754,True,21313,20911,159.73959600435046
2755,4704f305-45f3-4d88-8583-7baa327eb625,8,2755,True,21351,20949,170.3986353777509
2756,4704f305-45f3-4d88-8583-7baa327eb625,8,2756,True,21385,20983,157.5222533907072
2757,4704f305-45f3-4d88-8583-7baa327eb625,8,2757,True,21418,21016,143.7616114145494
2758,4704f305-45f3-4d88-8583-7baa327eb625,8,2758,True,21444,21042,172.94420081881617
2759,4704f305-45f3-4d88-8583-7baa327eb625,8,2759,True,21471,21069,166.10881352135038
2760,4704f305-45f3-4d88-8583-7baa327eb625,8,2760,True,21512,21110,196.9244199657769
2761,4704f305-45f3-4d88-8583-7baa327eb625,8,2761,True,21532,21130,203.05641930209822
2762,4704f305-45f3-4d88-8583-7baa327eb625,8,2762,True,21549,21147,232.30556852170412
2763,4704f305-45f3-4d88-8583-7baa327eb625,8,2763,True,21572,21170,189.8752890397991
2764,4704f305-45f3-4d88-8583-7baa327eb625,8,2764,True,21599,21197,234.75291122250928
2765,4704f305-45f3-4d88-8583-7baa327eb625,8,2765,True,21631,21229,182.54940156771045
2766,4704f305-45f3-4d88-8583-7baa327eb625,8,2766,True,21656,21254,198.92160301763943
2767,4704f305-45f3-4d88-8583-7baa327eb625,8,2767,True,21688,21286,187.7267814421357
2768,4704f305-45f3-4d88-8583-7baa327eb625,8,2768,True,21715,21313,191.5910737008271
2769,4704f305-45f3-4d88-8583-7baa327eb625,8,2769,True,21749,21347,178.74300591730207
2770,4704f305-45f3-4d88-8583-7baa327eb625,8,2770,True,21776,21374,151.74300591730207
2771,4704f305-45f3-4d88-8583-7baa327eb625,8,2771,True,21799,21397,151.68909567167066
2772,4704f305-45f3-4d88-8583-7baa327eb625,8,2772,True,21821,21419,213.20484335628862
2773,4704f305-45f3-4d88-8583-7baa327eb625,8,2773,True,21852,21450,131.60960199096007
2774,4704f305-45f3-4d88-8583-7baa327eb625,8,2774,True,21890,21488,121.28472444242288
2775,4704f305-45f3-4d88-8583-7baa327eb625,8,2775,True,21918,21516,156.3499536689087
2776,4704f305-45f3-4d88-8583-7baa327eb625,8,2776,True,21954,21552,142.4564983461787
2777,4704f305-45f3-4d88-8583-7baa327eb625,8,2777,True,21980,21578,131.81806748611052
2778,4704f305-45f3-4d88-8583-7baa327eb625,8,2778,True,22016,21614,156.5989192244997
2779,4704f305-45f3-4d88-8583-7baa327eb625,8,2779,True,22036,21634,151.84408819644887
2780,4704f305-45f3-4d88-8583-7baa327eb625,8,2780,True,22072,21670,161.95906308378835
2781,4704f305-45f3-4d88-8583-7baa327eb625,8,2781,True,22098,21696,157.76579666682665
2782,4704f305-45f3-4d88-8583-7baa327eb625,8,2782,True,22127,21725,150.60111822269755
2783,4704f305-45f3-4d88-8583-7baa327eb625,8,2783,True,22163,21761,165.51773980911094
2784,4704f305-45f3-4d88-8583-7baa327eb625,8,2784,True,22193,21791,206.29220854986488
2785,4704f305-45f3-4d88-8583-7baa327eb625,8,2785,True,22229,21827,196.80039389123704
2786,4704f305-45f3-4d88-8583-7baa327eb625,8,2786,True,22270,21868,155.80039389123704
2787,4704f305-45f3-4d88-8583-7baa327eb625,8,2787,True,22298,21896,149.03099810159983
2788,4704f305-45f3-4d88-8583-7baa327eb625,8,2788,True,22324,21922,154.09854061573424
2789,4704f305-45f3-4d88-8583-7baa327eb625,8,2789,True,22352,21950,162.8110863446709
2790,4704f305-45f3-4d88-8583-7baa327eb625,8,2790,True,22382,21980,150.8677844558515
2791,4704f305-45f3-4d88-8583-7baa327eb625,8,2791,True,22416,22014,153.47196426106893
2792,4704f305-45f3-4d88-8583-7baa327eb625,8,2792,True,22438,22036,181.63462473983236
2793,4704f305-45f3-4d88-8583-7baa327eb625,8,2793,True,22470,22068,130.30301290213902
2794,4704f305-45f3-4d88-8583-7baa327eb625,8,2794,True,22502,22100,157.11257276515607
2795,4704f305-45f3-4d88-8583-7baa327eb625,8,2795,True,22527,22125,161.46328102236293
2796,4704f305-45f3-4d88-8583-7baa327eb625,8,2796,True,22550,22148,160.27456344044185
2797,4704f305-45f3-4d88-8583-7baa327eb625,8,2797,True,22571,22169,170.93352807308838
2798,4704f305-45f3-4d88-8583-7baa327eb625,8,2798,True,22598,22196,168.80675195693038
2799,4704f305-45f3-4d88-8583-7baa327eb625,8,2799,True,22635,22233,152.82043227471513
2800,4704f305-45f3-4d88-8583-7baa327eb625,8,2800,True,22663,22261,171.74266347703087
2801,4704f305-45f3-4d88-8583-7baa327eb625,8,2801,True,22696,22294,188.57386877177123
2802,4704f305-45f3-4d88-8583-7baa327eb625,8,2802,True,22721,22319,237.63698228501016
2803,4704f305-45f3-4d88-8583-7baa327eb625,8,2803,True,22744,22342,192.13785560239194
2804,4704f305-45f3-4d88-8583-7baa327eb625,8,2804,True,22768,22366,190.63698228501016
2805,4704f305-45f3-4d88-8583-7baa327eb625,8,2805,True,22791,22389,184.52778522575682
2806,4704f305-45f3-4d88-8583-7baa327eb625,8,2806,True,22825,22423,207.38668554845572
2807,4704f305-45f3-4d88-8583-7baa327eb625,8,2807,True,22848,22446,205.0871127700848
2808,4704f305-45f3-4d88-8583-7baa327eb625,8,2808,True,22872,22470,264.57360323268585
2809,4704f305-45f3-4d88-8583-7baa327eb625,8,2809,True,22898,22496,219.08736817778845
2810,4704f305-45f3-4d88-8583-7baa327eb625,8,2810,True,22928,22526,208.57360323268585
2811,4704f305-45f3-4d88-8583-7baa327eb625,8,2811,True,22966,22564,188.1537005836799
2812,4704f305-45f3-4d88-8583-7baa327eb625,8,2812,True,22989,22587,221.88354903408617
2813,4704f305-45f3-4d88-8583-7baa327eb625,8,2813,True,23019,22617,167.5148661455096
2814,4704f305-45f3-4d88-8583-7baa327eb625,8,2814,True,23045,22643,261.46753122048176
2815,4704f305-45f3-4d88-8583-7baa327eb625,8,2815,True,23076,22674,275.8800556062015
2816,4704f305-45f3-4d88-8583-7baa327eb625,8,2816,True,23101,22699,185.527173349823
2817,4704f305-45f3-4d88-8583-7baa327eb625,8,2817,True,23128,22726,202.02490925114762
2818,4704f305-45f3-4d88-8583-7baa327eb625,8,2818,True,23167,22765,219.92600290339033
2819,4704f305-45f3-4d88-8583-7baa327eb625,8,2819,True,23192,22790,214.52147319842334
2820,4704f305-45f3-4d88-8583-7baa327eb625,8,2820,True,23220,22818,210.3235635548699
2821,4704f305-45f3-4d88-8583-7baa327eb625,8,2821,True,23250,22848,180.3235635548699
2822,4704f305-45f3-4d88-8583-7baa327eb625,8,2822,True,23279,22877,183.43016937210268
2823,4704f305-45f3-4d88-8583-7baa327eb625,8,2823,True,23300,22898,201.52227117787334
2824,4704f305-45f3-4d88-8583-7baa327eb625,8,2824,True,23335,22933,187.23368609221143
2825,4704f305-45f3-4d88-8583-7baa327eb625,8,2825,True,23367,22965,181.40938638301668
2826,4704f305-45f3-4d88-8583-7baa327eb625,8,2826,True,23394,22992,175.67237872125042
2827,4704f305-45f3-4d88-8583-7baa327eb625,8,2827,True,23427,23025,166.38574052794502
2828,4704f305-45f3-4d88-8583-7baa327eb625,8,2828,True,23455,23053,160.30321739649662
2829,4704f305-45f3-4d88-8583-7baa327eb625,8,2829,True,23483,23081,157.91293981299532
2830,4704f305-45f3-4d88-8583-7baa327eb625,8,2830,True,23523,23121,205.26536445539023
2831,4704f305-45f3-4d88-8583-7baa327eb625,8,2831,True,23547,23145,203.21527351297482
2832,4704f305-45f3-4d88-8583-7baa327eb625,8,2832,True,23581,23179,244.6438372001794
2833,4704f305-45f3-4d88-8583-7baa327eb625,8,2833,True,23611,23209,238.4509387422404
2834,4704f305-45f3-4d88-8583-7baa327eb625,8,2834,True,23634,23232,215.4509387422404
2835,4704f305-45f3-4d88-8583-7baa327eb625,8,2835,True,23651,23249,154.2137124807341
2836,4704f305-45f3-4d88-8583-7baa327eb625,8,2836,True,23679,23277,234.0605044137119
2837,4704f305-45f3-4d88-8583-7baa327eb625,8,2837,True,23711,23309,167.07143868884668
2838,4704f305-45f3-4d88-8583-7baa327eb625,8,2838,True,23733,23331,180.0605044137119
2839,4704f305-45f3-4d88-8583-7baa327eb625,8,2839,True,23767,23365,257.0327862508966
2840,4704f305-45f3-4d88-8583-7baa327eb625,8,2840,True,23794,23392,208.25310724797964
2841,4704f305-45f3-4d88-8583-7baa327eb625,8,2841,True,23816,23414,164.9054353352767
2842,4704f305-45f3-4d88-8583-7baa327eb625,8,2842,True,23855,23453,209.33355544790538
2843,4704f305-45f3-4d88-8583-7baa327eb625,8,2843,True,23878,23476,165.45490216121834
2844,4704f305-45f3-4d88-8583-7baa327eb625,8,2844,True,23915,23513,169.82003348853686
2845,4704f305-45f3-4d88-8583-7baa327eb625,8,2845,True,23945,23543,168.83901306443295
2846,4704f305-45f3-4d88-8583-7baa327eb625,8,2846,True,23970,23568,165.26945397679447
2847,4704f305-45f3-4d88-8583-7baa327eb625,8,2847,True,23984,23582,170.85867024607796
2848,4704f305-45f3-4d88-8583-7baa327eb625,8,2848,True,24009,23607,145.85867024607796
2849,4704f305-45f3-4d88-8583-7baa327eb625,8,2849,True,24037,23635,181.27662960593807
2850,4704f305-45f3-4d88-8583-7baa327eb625,8,2850,True,24060,23658,199.4469383942669
2851,4704f305-45f3-4d88-8583-7baa327eb625,8,2851,True,24084,23682,153.91399582819213
2852,4704f305-45f3-4d88-8583-7baa327eb625,8,2852,True,24108,23706,199.54119404198354
2853,4704f305-45f3-4d88-8583-7baa327eb625,8,2853,True,24136,23734,153.39992320766396
2854,4704f305-45f3-4d88-8583-7baa327eb625,8,2854,True,24159,23757,169.98825129300167
2855,4704f305-45f3-4d88-8583-7baa327eb625,8,2855,True,24184,23782,167.59192275527312
2856,4704f305-45f3-4d88-8583-7baa327eb625,8,2856,True,24212,23810,193.44789095618762
2857,4704f305-45f3-4d88-8583-7baa327eb625,8,2857,True,24241,23839,144.94337483021081
2858,4704f305-45f3-4d88-8583-7baa327eb625,8,2858,True,24267,23865,161.50831445873337
2859,4704f305-45f3-4d88-8583-7baa327eb625,8,2859,True,24297,23895,150.67018340544382
2860,4704f305-45f3-4d88-8583-7baa327eb625,8,2860,True,24326,23924,192.9451996850912
2861,4704f305-45f3-4d88-8583-7baa327eb625,8,2861,True,24353,23951,188.8489231739877
2862,4704f305-45f3-4d88-8583-7baa327eb625,8,2862,True,24377,23975,122.16171964213572
2863,4704f305-45f3-4d88-8583-7baa327eb625,8,2863,True,24405,24003,136.8489231739877
2864,4704f305-45f3-4d88-8583-7baa327eb625,8,2864,True,24438,24036,226.78066791884703
2865,4704f305-45f3-4d88-8583-7baa327eb625,8,2865,True,24468,24066,171.41155070973764
2866,4704f305-45f3-4d88-8583-7baa327eb625,8,2866,True,24506,24104,158.78066791884703
2867,4704f305-45f3-4d88-8583-7baa327eb625,8,2867,True,24537,24135,178.53188180876532
2868,4704f305-45f3-4d88-8583-7baa327eb625,8,2868,True,24560,24158,177.7063181105841
2869,4704f305-45f3-4d88-8583-7baa327eb625,8,2869,True,24595,24193,171.44363631977103
2870,4704f305-45f3-4d88-8583-7baa327eb625,8,2870,True,24632,24230,158.65610415993433
2871,4704f305-45f3-4d88-8583-7baa327eb625,8,2871,True,24660,24258,174.6999098000706
2872,4704f305-45f3-4d88-8583-7baa327eb625,8,2872,True,24693,24291,184.6380188952935
2873,4704f305-45f3-4d88-8583-7baa327eb625,8,2873,True,24732,24330,165.9688092467768
2874,4704f305-45f3-4d88-8583-7baa327eb625,8,2874,True,24763,24361,157.2271142757345
2875,4704f305-45f3-4d88-8583-7baa327eb625,8,2875,True,24784,24382,193.84646123136918
2876,4704f305-45f3-4d88-8583-7baa327eb625,8,2876,True,24805,24403,142.05137053821818
2877,4704f305-45f3-4d88-8583-7baa327eb625,8,2877,True,24831,24429,146.84646123136918
2878,4704f305-45f3-4d88-8583-7baa327eb625,8,2878,True,24861,24459,135.86187747708755
2879,4704f305-45f3-4d88-8583-7baa327eb625,8,2879,True,24889,24487,171.83563760603647
2880,4704f305-45f3-4d88-8583-7baa327eb625,8,2880,True,24918,24516,161.79566054390307
2881,4704f305-45f3-4d88-8583-7baa327eb625,8,2881,True,24947,24545,183.09616760509743
2882,4704f305-45f3-4d88-8583-7baa327eb625,8,2882,True,24972,24570,137.58288795736735
2883,4704f305-45f3-4d88-8583-7baa327eb625,8,2883,True,24999,24597,168.16444395867074
2884,4704f305-45f3-4d88-8583-7baa327eb625,8,2884,True,25029,24627,163.92749633007406
2885,4704f305-45f3-4d88-8583-7baa327eb625,8,2885,True,25059,24657,152.88309654102704
2886,4704f305-45f3-4d88-8583-7baa327eb625,8,2886,True,25084,24682,147.6102298903461
2887,4704f305-45f3-4d88-8583-7baa327eb625,8,2887,True,25115,24713,187.6202190814838
2888,4704f305-45f3-4d88-8583-7baa327eb625,8,2888,True,25140,24738,125.79847708775924
2889,4704f305-45f3-4d88-8583-7baa327eb625,8,2889,True,25174,24772,149.67229707457955
2890,4704f305-45f3-4d88-8583-7baa327eb625,8,2890,True,25215,24813,168.32609673143452
2891,4704f305-45f3-4d88-8583-7baa327eb625,8,2891,True,25239,24837,171.50442491437207
2892,4704f305-45f3-4d88-8583-7baa327eb625,8,2892,True,25274,24872,174.89097425100044
2893,4704f305-45f3-4d88-8583-7baa327eb625,8,2893,True,25300,24898,167.91196695440158
2894,4704f305-45f3-4d88-8583-7baa327eb625,8,2894,True,25328,24926,168.7763820436012
2895,4704f305-45f3-4d88-8583-7baa327eb625,8,2895,True,25361,24959,156.6852296541001
2896,4704f305-45f3-4d88-8583-7baa327eb625,8,2896,True,25392,24990,145.67041840258753
2897,4704f305-45f3-4d88-8583-7baa327eb625,8,2897,True,25428,25026,131.39880991816972
2898,4704f305-45f3-4d88-8583-7baa327eb625,8,2898,True,25456,25054,145.1747519492128
2899,4704f305-45f3-4d88-8583-7baa327eb625,8,2899,True,25482,25080,178.19555223801945
2900,4704f305-45f3-4d88-8583-7baa327eb625,8,2900,True,25500,25098,134.81101733008109
2901,4704f305-45f3-4d88-8583-7baa327eb625,8,2901,True,25525,25123,158.07306387659992
2902,4704f305-45f3-4d88-8583-7baa327eb625,8,2902,True,25549,25147,156.0975279652739
2903,4704f305-45f3-4d88-8583-7baa327eb625,8,2903,True,25579,25177,189.35981182751857
2904,4704f305-45f3-4d88-8583-7baa327eb625,8,2904,True,25606,25204,141.69960013399395
2905,4704f305-45f3-4d88-8583-7baa327eb625,8,2905,True,25641,25239,156.76116881505368
2906,4704f305-45f3-4d88-8583-7baa327eb625,8,2906,True,25671,25269,149.769095513886
2907,4704f305-45f3-4d88-8583-7baa327eb625,8,2907,True,25710,25308,128.6774495251375
2908,4704f305-45f3-4d88-8583-7baa327eb625,8,2908,True,25742,25340,115.6840624130964
2909,4704f305-45f3-4d88-8583-7baa327eb625,8,2909,True,25780,25378,131.6650038717271
2910,4704f305-45f3-4d88-8583-7baa327eb625,8,2910,True,25812,25410,127.48856298260216
2911,4704f305-45f3-4d88-8583-7baa327eb625,8,2911,True,25839,25437,139.9162189772287
2912,4704f305-45f3-4d88-8583-7baa327eb625,8,2912,True,25871,25469,151.57069804642015
2913,4704f305-45f3-4d88-8583-7baa327eb625,8,2913,True,25895,25493,150.12866068205767
2914,4704f305-45f3-4d88-8583-7baa327eb625,8,2914,True,25923,25521,191.10608008586496
2915,4704f305-45f3-4d88-8583-7baa327eb625,8,2915,True,25948,25546,197.0429926858087
2916,4704f305-45f3-4d88-8583-7baa327eb625,8,2916,True,25979,25577,200.6040753969355
2917,4704f305-45f3-4d88-8583-7baa327eb625,8,2917,True,26009,25607,191.81332556371126
2918,4704f305-45f3-4d88-8583-7baa327eb625,8,2918,True,26040,25638,184.6375998407093
2919,4704f305-45f3-4d88-8583-7baa327eb625,8,2919,True,26074,25672,203.99737456900039
2920,4704f305-45f3-4d88-8583-7baa327eb625,8,2920,True,26098,25696,201.1671503078578
2921,4704f305-45f3-4d88-8583-7baa327eb625,8,2921,True,26125,25723,220.1540575245308
2922,4704f305-45f3-4d88-8583-7baa327eb625,8,2922,True,26151,25749,174.46759847583235
2923,4704f305-45f3-4d88-8583-7baa327eb625,8,2923,True,26170,25768,240.75207383605084
2924,4704f305-45f3-4d88-8583-7baa327eb625,8,2924,True,26193,25791,174.58767702170735
2925,4704f305-45f3-4d88-8583-7baa327eb625,8,2925,True,26216,25814,245.1915869064469
2926,4704f305-45f3-4d88-8583-7baa327eb625,8,2926,True,26248,25846,193.861279413195
2927,4704f305-45f3-4d88-8583-7baa327eb625,8,2927,True,26277,25875,281.30580919972635
2928,4704f305-45f3-4d88-8583-7baa327eb625,8,2928,True,26305,25903,177.18574570570127
2929,4704f305-45f3-4d88-8583-7baa327eb625,8,2929,True,26334,25932,224.30580919972635
2930,4704f305-45f3-4d88-8583-7baa327eb625,8,2930,True,26362,25960,175.29537589570464
2931,4704f305-45f3-4d88-8583-7baa327eb625,8,2931,True,26395,25993,198.35667294577797
2932,4704f305-45f3-4d88-8583-7baa327eb625,8,2932,True,26416,26014,201.63533779114732
2933,4704f305-45f3-4d88-8583-7baa327eb625,8,2933,True,26442,26040,201.44414838394732
2934,4704f305-45f3-4d88-8583-7baa327eb625,8,2934,True,26470,26068,194.4109791630326
2935,4704f305-45f3-4d88-8583-7baa327eb625,8,2935,True,26508,26106,206.26341616706486
2936,4704f305-45f3-4d88-8583-7baa327eb625,8,2936,True,26532,26130,201.35057103893269
2937,4704f305-45f3-4d88-8583-7baa327eb625,8,2937,True,26558,26156,217.1483623815875
2938,4704f305-45f3-4d88-8583-7baa327eb625,8,2938,True,26585,26183,168.5747217277676
2939,4704f305-45f3-4d88-8583-7baa327eb625,8,2939,True,26609,26207,189.8316917554912
2940,4704f305-45f3-4d88-8583-7baa327eb625,8,2940,True,26630,26228,168.8316917554912
2941,4704f305-45f3-4d88-8583-7baa327eb625,8,2941,True,26659,26257,180.2611438074855
2942,4704f305-45f3-4d88-8583-7baa327eb625,8,2942,True,26698,26296,201.50675099265572
2943,4704f305-45f3-4d88-8583-7baa327eb625,8,2943,True,26719,26317,202.6193939843979
2944,4704f305-45f3-4d88-8583-7baa327eb625,8,2944,True,26753,26351,189.05941394188994
2945,4704f305-45f3-4d88-8583-7baa327eb625,8,2945,True,26792,26390,177.38172523523826
2946,4704f305-45f3-4d88-8583-7baa327eb625,8,2946,True,26817,26415,170.3579173627295
2947,4704f305-45f3-4d88-8583-7baa327eb625,8,2947,True,26846,26444,161.71511141102746
2948,4704f305-45f3-4d88-8583-7baa327eb625,8,2948,True,26876,26474,152.75714277935913
2949,4704f305-45f3-4d88-8583-7baa327eb625,8,2949,True,26896,26494,173.17026575725686
2950,4704f305-45f3-4d88-8583-7baa327eb625,8,2950,True,26920,26518,234.01235362788793
2951,4704f305-45f3-4d88-8583-7baa327eb625,8,2951,True,26950,26548,178.40379477297756
2952,4704f305-45f3-4d88-8583-7baa327eb625,8,2952,True,26972,26570,182.01235362788793
2953,4704f305-45f3-4d88-8583-7baa327eb625,8,2953,True,26996,26594,263.9556803082778
2954,4704f305-45f3-4d88-8583-7baa327eb625,8,2954,True,27021,26619,238.9556803082778
2955,4704f305-45f3-4d88-8583-7baa327eb625,8,2955,True,27037,26635,198.19310530061557
2956,4704f305-45f3-4d88-8583-7baa327eb625,8,2956,True,27068,26666,191.9556803082778
2957,4704f305-45f3-4d88-8583-7baa327eb625,8,2957,True,27092,26690,186.7095399638638
2958,4704f305-45f3-4d88-8583-7baa327eb625,8,2958,True,27122,26720,177.3232912263411
2959,4704f305-45f3-4d88-8583-7baa327eb625,8,2959,True,27155,26753,244.508382940734
2960,4704f305-45f3-4d88-8583-7baa327eb625,8,2960,True,27177,26775,222.508382940734
2961,4704f305-45f3-4d88-8583-7baa327eb625,8,2961,True,27204,26802,170.49876462595057
2962,4704f305-45f3-4d88-8583-7baa327eb625,8,2962,True,27234,26832,238.66290553735598
2963,4704f305-45f3-4d88-8583-7baa327eb625,8,2963,True,27261,26859,228.97783422927023
2964,4704f305-45f3-4d88-8583-7baa327eb625,8,2964,True,27285,26883,224.04818670054374
2965,4704f305-45f3-4d88-8583-7baa327eb625,8,2965,True,27317,26915,227.83457967306822
2966,4704f305-45f3-4d88-8583-7baa327eb625,8,2966,True,27346,26944,216.88535093991595
2967,4704f305-45f3-4d88-8583-7baa327eb625,8,2967,True,27367,26965,242.1887765525571
2968,4704f305-45f3-4d88-8583-7baa327eb625,8,2968,True,27390,26988,239.50932925612506
2969,4704f305-45f3-4d88-8583-7baa327eb625,8,2969,True,27418,27016,245.78411327654248
2970,4704f305-45f3-4d88-8583-7baa327eb625,8,2970,True,27457,27055,206.78411327654248
2971,4704f305-45f3-4d88-8583-7baa327eb625,8,2971,True,27488,27086,227.68312234731638
2972,4704f305-45f3-4d88-8583-7baa327eb625,8,2972,True,27508,27106,182.72042666818015
2973,4704f305-45f3-4d88-8583-7baa327eb625,8,2973,True,27530,27128,240.92406677350664
2974,4704f305-45f3-4d88-8583-7baa327eb625,8,2974,True,27556,27154,189.20161712596746
2975,4704f305-45f3-4d88-8583-7baa327eb625,8,2975,True,27577,27175,236.8551531558005
2976,4704f305-45f3-4d88-8583-7baa327eb625,8,2976,True,27601,27199,169.92406677350664
2977,4704f305-45f3-4d88-8583-7baa327eb625,8,2977,True,27635,27233,225.9012683712499
2978,4704f305-45f3-4d88-8583-7baa327eb625,8,2978,True,27668,27266,171.83954738157263
2979,4704f305-45f3-4d88-8583-7baa327eb625,8,2979,True,27693,27291,258.85068666189545
2980,4704f305-45f3-4d88-8583-7baa327eb625,8,2980,True,27720,27318,211.72006663220964
2981,4704f305-45f3-4d88-8583-7baa327eb625,8,2981,True,27743,27341,208.85068666189545
2982,4704f305-45f3-4d88-8583-7baa327eb625,8,2982,True,27770,27368,258.06759376434275
2983,4704f305-45f3-4d88-8583-7baa327eb625,8,2983,True,27788,27386,221.66431888790248
2984,4704f305-45f3-4d88-8583-7baa327eb625,8,2984,True,27811,27409,198.66431888790248
2985,4704f305-45f3-4d88-8583-7baa327eb625,8,2985,True,27833,27431,218.89289230265058
2986,4704f305-45f3-4d88-8583-7baa327eb625,8,2986,True,27856,27454,215.72360601622495
2987,4704f305-45f3-4d88-8583-7baa327eb625,8,2987,True,27895,27493,215.93868064125854
2988,4704f305-45f3-4d88-8583-7baa327eb625,8,2988,True,27920,27518,214.44504957352183
2989,4704f305-45f3-4d88-8583-7baa327eb625,8,2989,True,27936,27534,154.4338963002956
2990,4704f305-45f3-4d88-8583-7baa327eb625,8,2990,True,27966,27564,187.51061038402258
2991,4704f305-45f3-4d88-8583-7baa327eb625,8,2991,True,28005,27603,169.92403491094592
2992,4704f305-45f3-4d88-8583-7baa327eb625,8,2992,True,28036,27634,180.34173630403166
2993,4704f305-45f3-4d88-8583-7baa327eb625,8,2993,True,28064,27662,174.3609362916177
2994,4704f305-45f3-4d88-8583-7baa327eb625,8,2994,True,28091,27689,176.18084396643462
2995,4704f305-45f3-4d88-8583-7baa327eb625,8,2995,True,28116,27714,151.18084396643462
2996,4704f305-45f3-4d88-8583-7baa327eb625,8,2996,True,28144,27742,123.18084396643462
2997,4704f305-45f3-4d88-8583-7baa327eb625,8,2997,True,28166,27764,124.17108572861616
2998,4704f305-45f3-4d88-8583-7baa327eb625,8,2998,True,28197,27795,93.17108572861616
2999,4704f305-45f3-4d88-8583-7baa327eb625,8,2999,True,28225,27823,83.63127587773852
