{"clients": [{"6": {"client_id": 0, "slo": 124, "num_jobs": 1000, "throughput_qps": 27.942640297218798, "total_num_complete": 1000, "goodput_qps": 9.827629992815579, "total_num_tardy": 651, "median_tardiness_ms": 58.9653652439938, "mean_tardiness_ms": 88.4192238103603, "std_tardiness_ms": 84.4300121789167, "median_latency_ms": 147.6310431139782, "mean_latency_ms": 171.22320270011417, "std_latency_ms": 89.076876774015, "p99_latency_ms": 451.2059291069426, "total_num_dropped": 0, "drop_rate_qps": 0.0}}, {"7": {"client_id": 1, "slo": 140, "num_jobs": 1000, "throughput_qps": 27.846922437205485, "total_num_complete": 1000, "goodput_qps": 17.283989059808267, "total_num_tardy": 384, "median_tardiness_ms": 55.21658506909125, "mean_tardiness_ms": 87.29611717040082, "std_tardiness_ms": 82.72950893863508, "median_latency_ms": 116.67476044206978, "mean_latency_ms": 146.9058797306232, "std_latency_ms": 83.0063937292448, "p99_latency_ms": 430.24104564246875, "total_num_dropped": 0, "drop_rate_qps": 0.0}}, {"8": {"client_id": 2, "slo": 160, "num_jobs": 1000, "throughput_qps": 27.801008836767178, "total_num_complete": 1000, "goodput_qps": 19.981126544667347, "total_num_tardy": 285, "median_tardiness_ms": 61.31128161402012, "mean_tardiness_ms": 91.44352717697765, "std_tardiness_ms": 85.90171871772161, "median_latency_ms": 113.2579777427718, "mean_latency_ms": 147.02584059355542, "std_latency_ms": 82.4166091767356, "p99_latency_ms": 446.88924711499567, "total_num_dropped": 0, "drop_rate_qps": 0.0}}]}