{"clients": [{"6": {"client_id": 0, "slo": 249, "num_jobs": 5000, "throughput_qps": 30.99779828879847, "total_num_complete": 5000, "goodput_qps": 30.99779828879847, "total_num_tardy": 0, "median_latency_ms": 87.04869685258745, "mean_latency_ms": 88.73257840698749, "std_latency_ms": 9.930378528467212, "p99_latency_ms": 122.1212255247396, "total_num_dropped": 0, "drop_rate_qps": 0.0}}, {"7": {"client_id": 1, "slo": 281, "num_jobs": 5000, "throughput_qps": 30.98531711128585, "total_num_complete": 5000, "goodput_qps": 30.98531711128585, "total_num_tardy": 0, "median_latency_ms": 95.4609117323489, "mean_latency_ms": 97.03628977862358, "std_latency_ms": 9.961051198639899, "p99_latency_ms": 128.9844660931853, "total_num_dropped": 0, "drop_rate_qps": 0.0}}, {"8": {"client_id": 2, "slo": 321, "num_jobs": 5000, "throughput_qps": 31.211654470256544, "total_num_complete": 5000, "goodput_qps": 31.211654470256544, "total_num_tardy": 0, "median_latency_ms": 106.09936010503588, "mean_latency_ms": 107.89318596376422, "std_latency_ms": 10.640073765506957, "p99_latency_ms": 142.3318638270493, "total_num_dropped": 0, "drop_rate_qps": 0.0}}]}