{"clients": [{"6": {"client_id": 0, "slo": 312, "num_jobs": 5000, "throughput_qps": 25.96120739730419, "total_num_complete": 5000, "goodput_qps": 25.96120739730419, "total_num_tardy": 0, "median_latency_ms": 93.97282312697644, "mean_latency_ms": 97.74559107014656, "std_latency_ms": 15.07066046295436, "p99_latency_ms": 159.99557497747728, "total_num_dropped": 0, "drop_rate_qps": 0.0}}, {"7": {"client_id": 1, "slo": 352, "num_jobs": 5000, "throughput_qps": 25.98935219626124, "total_num_complete": 5000, "goodput_qps": 25.98935219626124, "total_num_tardy": 0, "median_latency_ms": 102.67140162266878, "mean_latency_ms": 107.15404052164102, "std_latency_ms": 16.416035667874294, "p99_latency_ms": 169.29635461932267, "total_num_dropped": 0, "drop_rate_qps": 0.0}}, {"8": {"client_id": 2, "slo": 402, "num_jobs": 5000, "throughput_qps": 26.153155441865486, "total_num_complete": 5000, "goodput_qps": 26.153155441865486, "total_num_tardy": 0, "median_latency_ms": 113.54866459628101, "mean_latency_ms": 118.32555602129986, "std_latency_ms": 18.21797640303824, "p99_latency_ms": 189.46700316781332, "total_num_dropped": 0, "drop_rate_qps": 0.0}}]}