{"clients": [{"6": {"client_id": 0, "slo": 249, "num_jobs": 5000, "throughput_qps": 14.797142632957474, "total_num_complete": 2075, "goodput_qps": 13.599108916168628, "total_num_tardy": 168, "median_tardiness_ms": 1.4898650894292587, "mean_tardiness_ms": 1.471112585027513, "std_tardiness_ms": 0.8157606739458494, "median_latency_ms": 227.1885534224857, "mean_latency_ms": 215.98803867183793, "std_latency_ms": 33.36784449799637, "p99_latency_ms": 251.46351198765834, "total_num_dropped": 2925, "drop_rate_qps": 20.858622747662945}}, {"7": {"client_id": 1, "slo": 281, "num_jobs": 5000, "throughput_qps": 15.228913510652939, "total_num_complete": 2140, "goodput_qps": 14.232629449208353, "total_num_tardy": 140, "median_tardiness_ms": 1.3289465136622312, "mean_tardiness_ms": 1.5122036223477184, "std_tardiness_ms": 1.0562600955088568, "median_latency_ms": 256.79005861933547, "mean_latency_ms": 244.10098428503053, "std_latency_ms": 37.37697616362727, "p99_latency_ms": 283.7236289839126, "total_num_dropped": 2860, "drop_rate_qps": 20.352660112367946}}, {"8": {"client_id": 2, "slo": 321, "num_jobs": 5000, "throughput_qps": 16.919696379054976, "total_num_complete": 2361, "goodput_qps": 16.002406613481476, "total_num_tardy": 128, "median_tardiness_ms": 1.785304173853433, "mean_tardiness_ms": 2.1607468690911578, "std_tardiness_ms": 1.5693588940691212, "median_latency_ms": 288.65144322857304, "mean_latency_ms": 277.2152160635684, "std_latency_ms": 40.63396806199093, "p99_latency_ms": 324.7434351747128, "total_num_dropped": 2639, "drop_rate_qps": 18.911935088659924}}]}