{"clients": [{"6": {"client_id": 0, "slo": 124, "num_jobs": 5000, "throughput_qps": 19.810212341229093, "total_num_complete": 2485, "goodput_qps": 14.732101572068961, "total_num_tardy": 637, "median_tardiness_ms": 4.843238138259039, "mean_tardiness_ms": 7.790044071733929, "std_tardiness_ms": 12.364957150606445, "median_latency_ms": 117.13098315622483, "mean_latency_ms": 116.82243280741625, "std_latency_ms": 13.475695653717011, "p99_latency_ms": 159.2632268971809, "total_num_dropped": 2515, "drop_rate_qps": 20.04936983428216}}, {"7": {"client_id": 1, "slo": 140, "num_jobs": 5000, "throughput_qps": 26.425236074788128, "total_num_complete": 3316, "goodput_qps": 22.982623896166757, "total_num_tardy": 432, "median_tardiness_ms": 4.849506626309449, "mean_tardiness_ms": 9.695356242830595, "std_tardiness_ms": 16.113129601573966, "median_latency_ms": 127.40105450441274, "mean_latency_ms": 127.48068152436805, "std_latency_ms": 14.103037140837296, "p99_latency_ms": 163.55263673324976, "total_num_dropped": 1684, "drop_rate_qps": 13.419812288885165}}, {"8": {"client_id": 2, "slo": 160, "num_jobs": 5000, "throughput_qps": 25.09428944338465, "total_num_complete": 3123, "goodput_qps": 24.122016301325882, "total_num_tardy": 121, "median_tardiness_ms": 6.780332757023643, "mean_tardiness_ms": 27.320658153180553, "std_tardiness_ms": 38.264816042770555, "median_latency_ms": 138.82467012936104, "mean_latency_ms": 139.4870672781905, "std_latency_ms": 15.951191154235248, "p99_latency_ms": 202.02065979377457, "total_num_dropped": 1877, "drop_rate_qps": 15.082286674746394}}]}