{"clients": [{"6": {"client_id": 0, "slo": 124, "num_jobs": 5000, "throughput_qps": 26.97378322534812, "total_num_complete": 4351, "goodput_qps": 26.775400999834186, "total_num_tardy": 32, "median_tardiness_ms": 0.32468944836000446, "mean_tardiness_ms": 0.33712661447611936, "std_tardiness_ms": 0.1995294464327362, "median_latency_ms": 90.18590677033353, "mean_latency_ms": 94.29128276942386, "std_latency_ms": 14.289611659353051, "p99_latency_ms": 123.74720160140168, "total_num_dropped": 649, "drop_rate_qps": 4.0234395112045345}}, {"7": {"client_id": 1, "slo": 140, "num_jobs": 5000, "throughput_qps": 27.663003339705767, "total_num_complete": 4464, "goodput_qps": 27.501883696598163, "total_num_tardy": 26, "median_tardiness_ms": 0.6265807529125595, "mean_tardiness_ms": 0.7671375531500906, "std_tardiness_ms": 0.5664747678070018, "median_latency_ms": 99.4505231718449, "mean_latency_ms": 104.41343062523651, "std_latency_ms": 16.61166099176392, "p99_latency_ms": 139.28353816583606, "total_num_dropped": 536, "drop_rate_qps": 3.3215434117567857}}, {"8": {"client_id": 2, "slo": 160, "num_jobs": 5000, "throughput_qps": 28.313835242814452, "total_num_complete": 4536, "goodput_qps": 28.170268617906, "total_num_tardy": 23, "median_tardiness_ms": 0.8669345055823214, "mean_tardiness_ms": 1.0813516108014334, "std_tardiness_ms": 0.7131071951622051, "median_latency_ms": 113.75293670863903, "mean_latency_ms": 118.90576073193104, "std_latency_ms": 19.122133706433967, "p99_latency_ms": 158.95236455753184, "total_num_dropped": 464, "drop_rate_qps": 2.8963006068487447}}]}