{"clients": [{"6": {"client_id": 0, "slo": 249, "num_jobs": 5000, "throughput_qps": 15.04668958576173, "total_num_complete": 2110, "goodput_qps": 13.81300366237937, "total_num_tardy": 173, "median_tardiness_ms": 1.4075915632056422, "mean_tardiness_ms": 1.4155160414930843, "std_tardiness_ms": 0.8389526207598758, "median_latency_ms": 227.72408928137884, "mean_latency_ms": 217.31046372121443, "std_latency_ms": 32.0918287380929, "p99_latency_ms": 251.36084710759312, "total_num_dropped": 2890, "drop_rate_qps": 20.60897293974}}, {"7": {"client_id": 1, "slo": 281, "num_jobs": 5000, "throughput_qps": 15.940828465897942, "total_num_complete": 2240, "goodput_qps": 14.73103344839676, "total_num_tardy": 170, "median_tardiness_ms": 1.4468117692399574, "mean_tardiness_ms": 1.5924352591267774, "std_tardiness_ms": 1.1091287057530783, "median_latency_ms": 256.9917782948396, "mean_latency_ms": 243.76599266391275, "std_latency_ms": 38.88611032366884, "p99_latency_ms": 283.8702679836635, "total_num_dropped": 2760, "drop_rate_qps": 19.64137793119568}}, {"8": {"client_id": 2, "slo": 321, "num_jobs": 5000, "throughput_qps": 17.097622995351397, "total_num_complete": 2387, "goodput_qps": 15.908596846533497, "total_num_tardy": 166, "median_tardiness_ms": 1.6697630991911865, "mean_tardiness_ms": 2.110609786185545, "std_tardiness_ms": 1.6754066730969155, "median_latency_ms": 288.3200301744364, "mean_latency_ms": 277.39852740029335, "std_latency_ms": 40.0815551386017, "p99_latency_ms": 324.85954860952154, "total_num_dropped": 2613, "drop_rate_qps": 18.716417631693847}}]}