,client_id,workflow_id,job_id,was_completed,deadline,create_time,response_time
0,00e6386b-eae7-4281-b4f4-0307d83fbce3,6,0,True,23,23,69.55405666052819
1,00e6386b-eae7-4281-b4f4-0307d83fbce3,6,1,True,52,52,66.88734909556302
2,00e6386b-eae7-4281-b4f4-0307d83fbce3,6,2,True,71,71,83.52139106032698
3,00e6386b-eae7-4281-b4f4-0307d83fbce3,6,3,True,97,97,84.7537974486722
4,00e6386b-eae7-4281-b4f4-0307d83fbce3,6,4,True,128,128,84.14155169772295
5,00e6386b-eae7-4281-b4f4-0307d83fbce3,6,5,True,148,148,126.93348395666749
6,00e6386b-eae7-4281-b4f4-0307d83fbce3,6,6,True,170,170,107.46815445444525
7,00e6386b-eae7-4281-b4f4-0307d83fbce3,6,7,True,194,194,135.1646536092021
8,00e6386b-eae7-4281-b4f4-0307d83fbce3,6,8,True,221,221,110.70316871924285
9,00e6386b-eae7-4281-b4f4-0307d83fbce3,6,9,True,243,243,124.54301745757431
10,00e6386b-eae7-4281-b4f4-0307d83fbce3,6,10,True,267,267,113.57249998635285
11,00e6386b-eae7-4281-b4f4-0307d83fbce3,6,11,True,287,287,117.25370371020455
12,00e6386b-eae7-4281-b4f4-0307d83fbce3,6,12,True,313,313,117.28902447518459
13,00e6386b-eae7-4281-b4f4-0307d83fbce3,6,13,True,340,340,143.08100019655848
14,00e6386b-eae7-4281-b4f4-0307d83fbce3,6,14,True,362,362,166.75222376678528
15,00e6386b-eae7-4281-b4f4-0307d83fbce3,6,15,True,390,390,155.15370829298786
16,00e6386b-eae7-4281-b4f4-0307d83fbce3,6,16,True,408,408,192.57738235432328
17,00e6386b-eae7-4281-b4f4-0307d83fbce3,6,17,True,429,429,169.1862473587222
18,00e6386b-eae7-4281-b4f4-0307d83fbce3,6,18,True,451,451,173.30005163862006
19,00e6386b-eae7-4281-b4f4-0307d83fbce3,6,19,True,477,477,199.70471469180745
20,00e6386b-eae7-4281-b4f4-0307d83fbce3,6,20,True,503,503,177.47513454697378
21,00e6386b-eae7-4281-b4f4-0307d83fbce3,6,21,True,520,520,208.6648917448424
22,00e6386b-eae7-4281-b4f4-0307d83fbce3,6,22,True,533,533,169.1540192520381
23,00e6386b-eae7-4281-b4f4-0307d83fbce3,6,23,True,556,556,247.40494153579334
24,00e6386b-eae7-4281-b4f4-0307d83fbce3,6,24,True,586,586,196.69078341087345
25,00e6386b-eae7-4281-b4f4-0307d83fbce3,6,25,True,608,608,198.12542242641803
26,00e6386b-eae7-4281-b4f4-0307d83fbce3,6,26,True,627,627,207.41863645245223
27,00e6386b-eae7-4281-b4f4-0307d83fbce3,6,27,True,656,656,205.78787243567967
28,00e6386b-eae7-4281-b4f4-0307d83fbce3,6,28,True,684,684,173.6649204845378
29,00e6386b-eae7-4281-b4f4-0307d83fbce3,6,29,True,713,713,188.96307988074636
30,00e6386b-eae7-4281-b4f4-0307d83fbce3,6,30,True,736,736,213.08021253720085
31,00e6386b-eae7-4281-b4f4-0307d83fbce3,6,31,True,767,767,227.45554646799349
32,00e6386b-eae7-4281-b4f4-0307d83fbce3,6,32,True,789,789,212.45743110802186
33,00e6386b-eae7-4281-b4f4-0307d83fbce3,6,33,True,811,811,263.3859319213925
34,00e6386b-eae7-4281-b4f4-0307d83fbce3,6,34,True,840,840,200.43805598240624
35,00e6386b-eae7-4281-b4f4-0307d83fbce3,6,35,True,872,872,199.876963956111
36,00e6386b-eae7-4281-b4f4-0307d83fbce3,6,36,True,890,890,231.2776038582681
37,00e6386b-eae7-4281-b4f4-0307d83fbce3,6,37,True,919,919,256.93989323188475
38,00e6386b-eae7-4281-b4f4-0307d83fbce3,6,38,True,948,948,206.8333578247582
39,00e6386b-eae7-4281-b4f4-0307d83fbce3,6,39,True,973,973,219.11959199039939
40,00e6386b-eae7-4281-b4f4-0307d83fbce3,6,40,True,995,995,284.09412053478763
41,00e6386b-eae7-4281-b4f4-0307d83fbce3,6,41,True,1028,1028,301.9563561710818
42,00e6386b-eae7-4281-b4f4-0307d83fbce3,6,42,True,1052,1052,323.01778777367826
43,00e6386b-eae7-4281-b4f4-0307d83fbce3,6,43,True,1073,1073,230.98763666622585
44,00e6386b-eae7-4281-b4f4-0307d83fbce3,6,44,True,1095,1095,234.95635617108178
45,00e6386b-eae7-4281-b4f4-0307d83fbce3,6,45,True,1129,1129,300.92858499370755
46,00e6386b-eae7-4281-b4f4-0307d83fbce3,6,46,True,1156,1156,244.27038929175865
47,00e6386b-eae7-4281-b4f4-0307d83fbce3,6,47,True,1186,1186,210.12486589008336
48,00e6386b-eae7-4281-b4f4-0307d83fbce3,6,48,True,1218,1218,268.37833182097825
49,00e6386b-eae7-4281-b4f4-0307d83fbce3,6,49,True,1240,1240,261.09382056729896
50,00e6386b-eae7-4281-b4f4-0307d83fbce3,6,50,True,1261,1261,264.40800838884616
51,00e6386b-eae7-4281-b4f4-0307d83fbce3,6,51,True,1285,1285,339.414597909504
52,00e6386b-eae7-4281-b4f4-0307d83fbce3,6,52,True,1303,1303,234.84489493215779
53,00e6386b-eae7-4281-b4f4-0307d83fbce3,6,53,True,1338,1338,263.70951153427404
54,00e6386b-eae7-4281-b4f4-0307d83fbce3,6,54,True,1363,1363,214.13351059470847
55,00e6386b-eae7-4281-b4f4-0307d83fbce3,6,55,True,1401,1401,324.54546918484584
56,00e6386b-eae7-4281-b4f4-0307d83fbce3,6,56,True,1426,1426,292.1411920317396
57,00e6386b-eae7-4281-b4f4-0307d83fbce3,6,57,True,1448,1448,260.89978819208386
58,00e6386b-eae7-4281-b4f4-0307d83fbce3,6,58,True,1475,1475,250.54546918484584
59,00e6386b-eae7-4281-b4f4-0307d83fbce3,6,59,True,1489,1489,269.4427082952118
60,00e6386b-eae7-4281-b4f4-0307d83fbce3,6,60,True,1522,1522,249.45268973284237
61,00e6386b-eae7-4281-b4f4-0307d83fbce3,6,61,True,1541,1541,257.4511409358638
62,00e6386b-eae7-4281-b4f4-0307d83fbce3,6,62,True,1569,1569,293.929124379001
63,00e6386b-eae7-4281-b4f4-0307d83fbce3,6,63,True,1590,1590,270.43694984336435
64,00e6386b-eae7-4281-b4f4-0307d83fbce3,6,64,True,1613,1613,261.8471831685804
65,00e6386b-eae7-4281-b4f4-0307d83fbce3,6,65,True,1640,1640,299.61097523217495
66,00e6386b-eae7-4281-b4f4-0307d83fbce3,6,66,True,1657,1657,285.130963508906
67,00e6386b-eae7-4281-b4f4-0307d83fbce3,6,67,True,1679,1679,272.252145021725
68,00e6386b-eae7-4281-b4f4-0307d83fbce3,6,68,True,1707,1707,232.61097523217495
69,00e6386b-eae7-4281-b4f4-0307d83fbce3,6,69,True,1732,1732,317.79874373146686
70,00e6386b-eae7-4281-b4f4-0307d83fbce3,6,70,True,1759,1759,294.3764577353104
71,00e6386b-eae7-4281-b4f4-0307d83fbce3,6,71,True,1787,1787,346.1230617420897
72,00e6386b-eae7-4281-b4f4-0307d83fbce3,6,72,True,1822,1822,278.19742268631126
73,00e6386b-eae7-4281-b4f4-0307d83fbce3,6,73,True,1845,1845,360.9668965694259
74,00e6386b-eae7-4281-b4f4-0307d83fbce3,6,74,True,1866,1866,267.1230617420897
75,00e6386b-eae7-4281-b4f4-0307d83fbce3,6,75,True,1896,1896,347.82653986521564
76,00e6386b-eae7-4281-b4f4-0307d83fbce3,6,76,True,1921,1921,284.9668965694259
77,00e6386b-eae7-4281-b4f4-0307d83fbce3,6,77,True,1954,1954,262.40920451260445
78,00e6386b-eae7-4281-b4f4-0307d83fbce3,6,78,True,1976,1976,348.179778191301
79,00e6386b-eae7-4281-b4f4-0307d83fbce3,6,79,True,2008,2008,263.829864075396
80,00e6386b-eae7-4281-b4f4-0307d83fbce3,6,80,True,2035,2035,285.97178058622967
81,00e6386b-eae7-4281-b4f4-0307d83fbce3,6,81,True,2062,2062,230.94002477982303
82,00e6386b-eae7-4281-b4f4-0307d83fbce3,6,82,True,2079,2079,241.97178058622967
83,00e6386b-eae7-4281-b4f4-0307d83fbce3,6,83,True,2105,2105,345.11549270762544
84,00e6386b-eae7-4281-b4f4-0307d83fbce3,6,84,True,2132,2132,324.8497308072997
85,00e6386b-eae7-4281-b4f4-0307d83fbce3,6,85,True,2160,2160,282.9029887633378
86,00e6386b-eae7-4281-b4f4-0307d83fbce3,6,86,True,2182,2182,268.11549270762544
87,00e6386b-eae7-4281-b4f4-0307d83fbce3,6,87,True,2209,2209,424.7141199769112
88,00e6386b-eae7-4281-b4f4-0307d83fbce3,6,88,True,2236,2236,381.69618316240576
89,00e6386b-eae7-4281-b4f4-0307d83fbce3,6,89,True,2253,2253,380.7141199769112
90,00e6386b-eae7-4281-b4f4-0307d83fbce3,6,90,True,2274,2274,343.69618316240576
91,00e6386b-eae7-4281-b4f4-0307d83fbce3,6,91,True,2306,2306,329.9510075804701
92,00e6386b-eae7-4281-b4f4-0307d83fbce3,6,92,True,2336,2336,365.8890530663534
93,00e6386b-eae7-4281-b4f4-0307d83fbce3,6,93,True,2362,2362,406.77620772240607
94,00e6386b-eae7-4281-b4f4-0307d83fbce3,6,94,True,2382,2382,382.2425405812992
95,00e6386b-eae7-4281-b4f4-0307d83fbce3,6,95,True,2404,2404,364.77620772240607
96,00e6386b-eae7-4281-b4f4-0307d83fbce3,6,96,True,2431,2431,333.2425405812992
97,00e6386b-eae7-4281-b4f4-0307d83fbce3,6,97,True,2464,2464,308.8225137408981
98,00e6386b-eae7-4281-b4f4-0307d83fbce3,6,98,True,2488,2488,378.69529581011375
99,00e6386b-eae7-4281-b4f4-0307d83fbce3,6,99,True,2510,2510,370.52479576497717
100,00e6386b-eae7-4281-b4f4-0307d83fbce3,6,100,True,2541,2541,345.7892441586082
101,00e6386b-eae7-4281-b4f4-0307d83fbce3,6,101,True,2560,2560,333.5038171700503
102,00e6386b-eae7-4281-b4f4-0307d83fbce3,6,102,True,2595,2595,310.76073874429994
103,00e6386b-eae7-4281-b4f4-0307d83fbce3,6,103,True,2621,2621,427.39839126689094
104,00e6386b-eae7-4281-b4f4-0307d83fbce3,6,104,True,2640,2640,393.32291094053926
105,00e6386b-eae7-4281-b4f4-0307d83fbce3,6,105,True,2672,2672,357.47791818564065
106,00e6386b-eae7-4281-b4f4-0307d83fbce3,6,106,True,2700,2700,278.3222190334559
107,00e6386b-eae7-4281-b4f4-0307d83fbce3,6,107,True,2723,2723,257.93745623336144
108,00e6386b-eae7-4281-b4f4-0307d83fbce3,6,108,True,2748,2748,351.9644061802637
109,00e6386b-eae7-4281-b4f4-0307d83fbce3,6,109,True,2778,2778,352.7042857973438
110,00e6386b-eae7-4281-b4f4-0307d83fbce3,6,110,True,2806,2806,296.45365613831973
111,00e6386b-eae7-4281-b4f4-0307d83fbce3,6,111,True,2838,2838,339.71220499733136
112,00e6386b-eae7-4281-b4f4-0307d83fbce3,6,112,True,2861,2861,326.61080871893546
113,00e6386b-eae7-4281-b4f4-0307d83fbce3,6,113,True,2887,2887,302.9582315481357
114,00e6386b-eae7-4281-b4f4-0307d83fbce3,6,114,True,2911,2911,393.37977622334256
115,00e6386b-eae7-4281-b4f4-0307d83fbce3,6,115,True,2933,2933,381.71790129533747
116,00e6386b-eae7-4281-b4f4-0307d83fbce3,6,116,True,2943,2943,318.3645754322374
117,00e6386b-eae7-4281-b4f4-0307d83fbce3,6,117,True,2973,2973,279.88186473944916
118,00e6386b-eae7-4281-b4f4-0307d83fbce3,6,118,True,2991,2991,270.3645754322374
119,00e6386b-eae7-4281-b4f4-0307d83fbce3,6,119,True,3020,3020,404.2719436222078
120,00e6386b-eae7-4281-b4f4-0307d83fbce3,6,120,True,3047,3047,382.74565176024544
121,00e6386b-eae7-4281-b4f4-0307d83fbce3,6,121,True,3061,3061,413.0922883915832
122,00e6386b-eae7-4281-b4f4-0307d83fbce3,6,122,True,3087,3087,337.2719436222078
123,00e6386b-eae7-4281-b4f4-0307d83fbce3,6,123,True,3112,3112,317.74565176024544
124,00e6386b-eae7-4281-b4f4-0307d83fbce3,6,124,True,3142,3142,357.78179287118564
125,00e6386b-eae7-4281-b4f4-0307d83fbce3,6,125,True,3166,3166,308.0922883915832
126,00e6386b-eae7-4281-b4f4-0307d83fbce3,6,126,True,3197,3197,344.322453595405
127,00e6386b-eae7-4281-b4f4-0307d83fbce3,6,127,True,3221,3221,328.74951549160005
128,00e6386b-eae7-4281-b4f4-0307d83fbce3,6,128,True,3240,3240,298.85274930412834
129,00e6386b-eae7-4281-b4f4-0307d83fbce3,6,129,True,3266,3266,404.5327905124582
130,00e6386b-eae7-4281-b4f4-0307d83fbce3,6,130,True,3293,3293,396.39912751534484
131,00e6386b-eae7-4281-b4f4-0307d83fbce3,6,131,True,3319,3319,377.7863641953654
132,00e6386b-eae7-4281-b4f4-0307d83fbce3,6,132,True,3343,3343,327.5327905124582
133,00e6386b-eae7-4281-b4f4-0307d83fbce3,6,133,True,3366,3366,323.39912751534484
134,00e6386b-eae7-4281-b4f4-0307d83fbce3,6,134,True,3379,3379,427.0674877255865
135,00e6386b-eae7-4281-b4f4-0307d83fbce3,6,135,True,3410,3410,448.1851829468683
136,00e6386b-eae7-4281-b4f4-0307d83fbce3,6,136,True,3435,3435,420.4826339821743
137,00e6386b-eae7-4281-b4f4-0307d83fbce3,6,137,True,3460,3460,346.0674877255865
138,00e6386b-eae7-4281-b4f4-0307d83fbce3,6,138,True,3479,3479,261.03439666445
139,00e6386b-eae7-4281-b4f4-0307d83fbce3,6,139,True,3502,3502,398.8596312627378
140,00e6386b-eae7-4281-b4f4-0307d83fbce3,6,140,True,3529,3529,374.9867765642666
141,00e6386b-eae7-4281-b4f4-0307d83fbce3,6,141,True,3552,3552,369.4174193556155
142,00e6386b-eae7-4281-b4f4-0307d83fbce3,6,142,True,3577,3577,323.8596312627378
143,00e6386b-eae7-4281-b4f4-0307d83fbce3,6,143,True,3604,3604,299.9867765642666
144,00e6386b-eae7-4281-b4f4-0307d83fbce3,6,144,True,3620,3620,397.2892881515336
145,00e6386b-eae7-4281-b4f4-0307d83fbce3,6,145,True,3655,3655,317.00313894874125
146,00e6386b-eae7-4281-b4f4-0307d83fbce3,6,146,True,3678,3678,291.55214428615955
147,00e6386b-eae7-4281-b4f4-0307d83fbce3,6,147,True,3702,3702,418.7682195332618
148,00e6386b-eae7-4281-b4f4-0307d83fbce3,6,148,True,3737,3737,380.5970314646647
149,00e6386b-eae7-4281-b4f4-0307d83fbce3,6,149,True,3757,3757,363.7682195332618
150,00e6386b-eae7-4281-b4f4-0307d83fbce3,6,150,True,3774,3774,289.95926191140234
151,00e6386b-eae7-4281-b4f4-0307d83fbce3,6,151,True,3791,3791,393.0007637839517
152,00e6386b-eae7-4281-b4f4-0307d83fbce3,6,152,True,3807,3807,364.6017876118676
153,00e6386b-eae7-4281-b4f4-0307d83fbce3,6,153,True,3838,3838,329.79292000194346
154,00e6386b-eae7-4281-b4f4-0307d83fbce3,6,154,True,3868,3868,316.0007637839517
155,00e6386b-eae7-4281-b4f4-0307d83fbce3,6,155,True,3886,3886,398.7765314880444
156,00e6386b-eae7-4281-b4f4-0307d83fbce3,6,156,True,3913,3913,418.80593375547596
157,00e6386b-eae7-4281-b4f4-0307d83fbce3,6,157,True,3935,3935,402.0377330317142
158,00e6386b-eae7-4281-b4f4-0307d83fbce3,6,158,True,3958,3958,422.8112870515679
159,00e6386b-eae7-4281-b4f4-0307d83fbce3,6,159,True,3981,3981,408.36731958854307
160,00e6386b-eae7-4281-b4f4-0307d83fbce3,6,160,True,4012,4012,387.5828544921824
161,00e6386b-eae7-4281-b4f4-0307d83fbce3,6,161,True,4041,4041,339.8112870515679
162,00e6386b-eae7-4281-b4f4-0307d83fbce3,6,162,True,4066,4066,323.36731958854307
163,00e6386b-eae7-4281-b4f4-0307d83fbce3,6,163,True,4088,4088,311.5828544921824
164,00e6386b-eae7-4281-b4f4-0307d83fbce3,6,164,True,4111,4111,455.97411160176034
165,00e6386b-eae7-4281-b4f4-0307d83fbce3,6,165,True,4144,4144,396.310650320077
166,00e6386b-eae7-4281-b4f4-0307d83fbce3,6,166,True,4180,4180,469.13889608624777
167,00e6386b-eae7-4281-b4f4-0307d83fbce3,6,167,True,4207,4207,311.96094638440354
168,00e6386b-eae7-4281-b4f4-0307d83fbce3,6,168,True,4229,4229,401.5203782120834
169,00e6386b-eae7-4281-b4f4-0307d83fbce3,6,169,True,4257,4257,309.97411160176034
170,00e6386b-eae7-4281-b4f4-0307d83fbce3,6,170,True,4274,4274,427.5347678024573
171,00e6386b-eae7-4281-b4f4-0307d83fbce3,6,171,True,4289,4289,341.5203782120834
172,00e6386b-eae7-4281-b4f4-0307d83fbce3,6,172,True,4313,4313,336.13889608624777
173,00e6386b-eae7-4281-b4f4-0307d83fbce3,6,173,True,4336,4336,315.923148259817
174,00e6386b-eae7-4281-b4f4-0307d83fbce3,6,174,True,4355,4355,397.23006311098743
175,00e6386b-eae7-4281-b4f4-0307d83fbce3,6,175,True,4382,4382,365.08567076937834
176,00e6386b-eae7-4281-b4f4-0307d83fbce3,6,176,True,4399,4399,450.91953085568184
177,00e6386b-eae7-4281-b4f4-0307d83fbce3,6,177,True,4415,4415,453.8626530777792
178,00e6386b-eae7-4281-b4f4-0307d83fbce3,6,178,True,4443,4443,422.21575842685615
179,00e6386b-eae7-4281-b4f4-0307d83fbce3,6,179,True,4466,4466,383.91953085568184
180,00e6386b-eae7-4281-b4f4-0307d83fbce3,6,180,True,4489,4489,360.91953085568184
181,00e6386b-eae7-4281-b4f4-0307d83fbce3,6,181,True,4518,4518,347.21575842685615
182,00e6386b-eae7-4281-b4f4-0307d83fbce3,6,182,True,4542,4542,490.62548325817716
183,00e6386b-eae7-4281-b4f4-0307d83fbce3,6,183,True,4560,4560,401.9074629611632
184,00e6386b-eae7-4281-b4f4-0307d83fbce3,6,184,True,4575,4575,334.7913387105509
185,00e6386b-eae7-4281-b4f4-0307d83fbce3,6,185,True,4593,4593,332.8539547085502
186,00e6386b-eae7-4281-b4f4-0307d83fbce3,6,186,True,4622,4622,480.233811640961
187,00e6386b-eae7-4281-b4f4-0307d83fbce3,6,187,True,4660,4660,318.43563788213123
188,00e6386b-eae7-4281-b4f4-0307d83fbce3,6,188,True,4682,4682,402.3600324013805
189,00e6386b-eae7-4281-b4f4-0307d83fbce3,6,189,True,4698,4698,334.62548325817716
190,00e6386b-eae7-4281-b4f4-0307d83fbce3,6,190,True,4725,4725,516.3122137404407
191,00e6386b-eae7-4281-b4f4-0307d83fbce3,6,191,True,4749,4749,335.3600324013805
192,00e6386b-eae7-4281-b4f4-0307d83fbce3,6,192,True,4775,4775,468.7144103802766
193,00e6386b-eae7-4281-b4f4-0307d83fbce3,6,193,True,4788,4788,453.3122137404407
194,00e6386b-eae7-4281-b4f4-0307d83fbce3,6,194,True,4812,4812,413.56417063792287
195,00e6386b-eae7-4281-b4f4-0307d83fbce3,6,195,True,4833,4833,319.4213434840349
196,00e6386b-eae7-4281-b4f4-0307d83fbce3,6,196,True,4857,4857,384.3122137404407
197,00e6386b-eae7-4281-b4f4-0307d83fbce3,6,197,True,4883,4883,342.56417063792287
198,00e6386b-eae7-4281-b4f4-0307d83fbce3,6,198,True,4911,4911,426.5351285503384
199,00e6386b-eae7-4281-b4f4-0307d83fbce3,6,199,True,4933,4933,381.1393168166542
200,00e6386b-eae7-4281-b4f4-0307d83fbce3,6,200,True,4961,4961,399.70649412074
201,00e6386b-eae7-4281-b4f4-0307d83fbce3,6,201,True,4994,4994,392.94387514593745
202,00e6386b-eae7-4281-b4f4-0307d83fbce3,6,202,True,5030,5030,307.5351285503384
203,00e6386b-eae7-4281-b4f4-0307d83fbce3,6,203,True,5057,5057,448.88604952668993
204,00e6386b-eae7-4281-b4f4-0307d83fbce3,6,204,True,5091,5091,401.2927432393317
205,00e6386b-eae7-4281-b4f4-0307d83fbce3,6,205,True,5104,5104,407.01406354566916
206,00e6386b-eae7-4281-b4f4-0307d83fbce3,6,206,True,5127,5127,331.50732412634443
207,00e6386b-eae7-4281-b4f4-0307d83fbce3,6,207,True,5153,5153,339.2927432393317
208,00e6386b-eae7-4281-b4f4-0307d83fbce3,6,208,True,5184,5184,327.01406354566916
209,00e6386b-eae7-4281-b4f4-0307d83fbce3,6,209,True,5208,5208,445.7690903293387
210,00e6386b-eae7-4281-b4f4-0307d83fbce3,6,210,True,5239,5239,412.3749734027215
211,00e6386b-eae7-4281-b4f4-0307d83fbce3,6,211,True,5263,5263,369.54415442681966
212,00e6386b-eae7-4281-b4f4-0307d83fbce3,6,212,True,5300,5300,262.21271659014747
213,00e6386b-eae7-4281-b4f4-0307d83fbce3,6,213,True,5321,5321,356.49792830068964
214,00e6386b-eae7-4281-b4f4-0307d83fbce3,6,214,True,5348,5348,477.5464470040479
215,00e6386b-eae7-4281-b4f4-0307d83fbce3,6,215,True,5366,5366,462.17804515325224
216,00e6386b-eae7-4281-b4f4-0307d83fbce3,6,216,True,5391,5391,413.7002990699839
217,00e6386b-eae7-4281-b4f4-0307d83fbce3,6,217,True,5416,5416,409.5464470040479
218,00e6386b-eae7-4281-b4f4-0307d83fbce3,6,218,True,5442,5442,458.7762319287913
219,00e6386b-eae7-4281-b4f4-0307d83fbce3,6,219,True,5474,5474,485.9926267556066
220,00e6386b-eae7-4281-b4f4-0307d83fbce3,6,220,True,5492,5492,460.02457381646036
221,00e6386b-eae7-4281-b4f4-0307d83fbce3,6,221,True,5521,5521,419.79306162998455
222,00e6386b-eae7-4281-b4f4-0307d83fbce3,6,222,True,5549,5549,410.9926267556066
223,00e6386b-eae7-4281-b4f4-0307d83fbce3,6,223,True,5568,5568,500.9362852210943
224,00e6386b-eae7-4281-b4f4-0307d83fbce3,6,224,True,5591,5591,402.857379183406
225,00e6386b-eae7-4281-b4f4-0307d83fbce3,6,225,True,5614,5614,443.2624950303489
226,00e6386b-eae7-4281-b4f4-0307d83fbce3,6,226,True,5647,5647,410.2624950303489
227,00e6386b-eae7-4281-b4f4-0307d83fbce3,6,227,True,5672,5672,396.9362852210943
228,00e6386b-eae7-4281-b4f4-0307d83fbce3,6,228,True,5695,5695,487.40439275509016
229,00e6386b-eae7-4281-b4f4-0307d83fbce3,6,229,True,5720,5720,438.546520909028
230,00e6386b-eae7-4281-b4f4-0307d83fbce3,6,230,True,5745,5745,433.64115132967163
231,00e6386b-eae7-4281-b4f4-0307d83fbce3,6,231,True,5772,5772,469.43235600701064
232,00e6386b-eae7-4281-b4f4-0307d83fbce3,6,232,True,5788,5788,370.546520909028
233,00e6386b-eae7-4281-b4f4-0307d83fbce3,6,233,True,5806,5806,372.64115132967163
234,00e6386b-eae7-4281-b4f4-0307d83fbce3,6,234,True,5825,5825,357.40439275509016
235,00e6386b-eae7-4281-b4f4-0307d83fbce3,6,235,True,5845,5845,441.8010028784165
236,00e6386b-eae7-4281-b4f4-0307d83fbce3,6,236,True,5877,5877,459.8200350862762
237,00e6386b-eae7-4281-b4f4-0307d83fbce3,6,237,True,5904,5904,452.75335949438886
238,00e6386b-eae7-4281-b4f4-0307d83fbce3,6,238,True,5924,5924,362.8010028784165
239,00e6386b-eae7-4281-b4f4-0307d83fbce3,6,239,True,5943,5943,358.9422251363394
240,00e6386b-eae7-4281-b4f4-0307d83fbce3,6,240,True,5963,5963,442.4018622913036
241,00e6386b-eae7-4281-b4f4-0307d83fbce3,6,241,True,5981,5981,375.75335949438886
242,00e6386b-eae7-4281-b4f4-0307d83fbce3,6,242,True,6001,6001,346.80879203772474
243,00e6386b-eae7-4281-b4f4-0307d83fbce3,6,243,True,6026,6026,496.9763192507089
244,00e6386b-eae7-4281-b4f4-0307d83fbce3,6,244,True,6053,6053,496.55283973805126
245,00e6386b-eae7-4281-b4f4-0307d83fbce3,6,245,True,6068,6068,458.32872727028644
246,00e6386b-eae7-4281-b4f4-0307d83fbce3,6,246,True,6098,6098,424.9763192507089
247,00e6386b-eae7-4281-b4f4-0307d83fbce3,6,247,True,6118,6118,431.55283973805126
248,00e6386b-eae7-4281-b4f4-0307d83fbce3,6,248,True,6141,6141,430.3367242890263
249,00e6386b-eae7-4281-b4f4-0307d83fbce3,6,249,True,6168,6168,354.9763192507089
250,00e6386b-eae7-4281-b4f4-0307d83fbce3,6,250,True,6192,6192,403.5354445649782
251,00e6386b-eae7-4281-b4f4-0307d83fbce3,6,251,True,6204,6204,441.85513097103376
252,00e6386b-eae7-4281-b4f4-0307d83fbce3,6,252,True,6229,6229,414.18385983573353
253,00e6386b-eae7-4281-b4f4-0307d83fbce3,6,253,True,6247,6247,401.3789002554249
254,00e6386b-eae7-4281-b4f4-0307d83fbce3,6,254,True,6272,6272,373.85513097103376
255,00e6386b-eae7-4281-b4f4-0307d83fbce3,6,255,True,6293,6293,464.60367394619425
256,00e6386b-eae7-4281-b4f4-0307d83fbce3,6,256,True,6313,6313,451.2111272138218
257,00e6386b-eae7-4281-b4f4-0307d83fbce3,6,257,True,6339,6339,389.26824286711235
258,00e6386b-eae7-4281-b4f4-0307d83fbce3,6,258,True,6369,6369,388.60367394619425
259,00e6386b-eae7-4281-b4f4-0307d83fbce3,6,259,True,6386,6386,378.2111272138218
260,00e6386b-eae7-4281-b4f4-0307d83fbce3,6,260,True,6412,6412,496.65870488462497
261,00e6386b-eae7-4281-b4f4-0307d83fbce3,6,261,True,6436,6436,583.8477324768392
262,00e6386b-eae7-4281-b4f4-0307d83fbce3,6,262,True,6458,6458,568.1431652850151
263,00e6386b-eae7-4281-b4f4-0307d83fbce3,6,263,True,6485,6485,475.3550517083668
264,00e6386b-eae7-4281-b4f4-0307d83fbce3,6,264,True,6512,6512,507.84773247683916
265,00e6386b-eae7-4281-b4f4-0307d83fbce3,6,265,True,6529,6529,486.7919730532485
266,00e6386b-eae7-4281-b4f4-0307d83fbce3,6,266,True,6550,6550,469.84773247683916
267,00e6386b-eae7-4281-b4f4-0307d83fbce3,6,267,True,6570,6570,456.14316528501513
268,00e6386b-eae7-4281-b4f4-0307d83fbce3,6,268,True,6586,6586,598.029772957706
269,00e6386b-eae7-4281-b4f4-0307d83fbce3,6,269,True,6604,6604,576.3754814973963
270,00e6386b-eae7-4281-b4f4-0307d83fbce3,6,270,True,6634,6634,550.029772957706
271,00e6386b-eae7-4281-b4f4-0307d83fbce3,6,271,True,6653,6653,544.717879194006
272,00e6386b-eae7-4281-b4f4-0307d83fbce3,6,272,True,6687,6687,493.3754814973963
273,00e6386b-eae7-4281-b4f4-0307d83fbce3,6,273,True,6713,6713,471.029772957706
274,00e6386b-eae7-4281-b4f4-0307d83fbce3,6,274,True,6742,6742,438.3754814973963
275,00e6386b-eae7-4281-b4f4-0307d83fbce3,6,275,True,6764,6764,522.410735409323
276,00e6386b-eae7-4281-b4f4-0307d83fbce3,6,276,True,6789,6789,583.5532453244332
277,00e6386b-eae7-4281-b4f4-0307d83fbce3,6,277,True,6807,6807,479.410735409323
278,00e6386b-eae7-4281-b4f4-0307d83fbce3,6,278,True,6829,6829,543.5532453244332
279,00e6386b-eae7-4281-b4f4-0307d83fbce3,6,279,True,6848,6848,578.2431167150608
280,00e6386b-eae7-4281-b4f4-0307d83fbce3,6,280,True,6873,6873,499.5532453244332
281,00e6386b-eae7-4281-b4f4-0307d83fbce3,6,281,True,6895,6895,559.256810447293
282,00e6386b-eae7-4281-b4f4-0307d83fbce3,6,282,True,6917,6917,509.24311671506075
283,00e6386b-eae7-4281-b4f4-0307d83fbce3,6,283,True,6938,6938,434.5532453244332
284,00e6386b-eae7-4281-b4f4-0307d83fbce3,6,284,True,6967,6967,550.5721730957066
285,00e6386b-eae7-4281-b4f4-0307d83fbce3,6,285,True,6992,6992,512.5140445398356
286,00e6386b-eae7-4281-b4f4-0307d83fbce3,6,286,True,7015,7015,521.9424833653657
287,00e6386b-eae7-4281-b4f4-0307d83fbce3,6,287,True,7033,7033,471.5140445398356
288,00e6386b-eae7-4281-b4f4-0307d83fbce3,6,288,True,7068,7068,521.1331125692877
289,00e6386b-eae7-4281-b4f4-0307d83fbce3,6,289,True,7094,7094,442.94248336536566
290,00e6386b-eae7-4281-b4f4-0307d83fbce3,6,290,True,7113,7113,546.4139471027684
291,00e6386b-eae7-4281-b4f4-0307d83fbce3,6,291,True,7133,7133,549.9418676309006
292,00e6386b-eae7-4281-b4f4-0307d83fbce3,6,292,True,7160,7160,509.8045210833343
293,00e6386b-eae7-4281-b4f4-0307d83fbce3,6,293,True,7183,7183,476.41394710276836
294,00e6386b-eae7-4281-b4f4-0307d83fbce3,6,294,True,7206,7206,476.94186763090056
295,00e6386b-eae7-4281-b4f4-0307d83fbce3,6,295,True,7230,7230,439.8045210833343
296,00e6386b-eae7-4281-b4f4-0307d83fbce3,6,296,True,7254,7254,499.86515179585604
297,00e6386b-eae7-4281-b4f4-0307d83fbce3,6,297,True,7283,7283,399.94186763090056
298,00e6386b-eae7-4281-b4f4-0307d83fbce3,6,298,True,7304,7304,465.90219837359655
299,00e6386b-eae7-4281-b4f4-0307d83fbce3,6,299,True,7327,7327,426.86515179585604
300,00e6386b-eae7-4281-b4f4-0307d83fbce3,6,300,True,7360,7360,461.87780326476695
301,00e6386b-eae7-4281-b4f4-0307d83fbce3,6,301,True,7387,7387,382.90219837359655
302,00e6386b-eae7-4281-b4f4-0307d83fbce3,6,302,True,7406,7406,378.9477579319064
303,00e6386b-eae7-4281-b4f4-0307d83fbce3,6,303,True,7433,7433,388.87780326476695
304,00e6386b-eae7-4281-b4f4-0307d83fbce3,6,304,True,7465,7465,495.5428628607451
305,00e6386b-eae7-4281-b4f4-0307d83fbce3,6,305,True,7484,7484,466.33161310066134
306,00e6386b-eae7-4281-b4f4-0307d83fbce3,6,306,True,7505,7505,484.7954604037013
307,00e6386b-eae7-4281-b4f4-0307d83fbce3,6,307,True,7528,7528,358.7789195250489
308,00e6386b-eae7-4281-b4f4-0307d83fbce3,6,308,True,7546,7546,404.33161310066134
309,00e6386b-eae7-4281-b4f4-0307d83fbce3,6,309,True,7564,7564,490.8174239864911
310,00e6386b-eae7-4281-b4f4-0307d83fbce3,6,310,True,7594,7594,418.7183434485414
311,00e6386b-eae7-4281-b4f4-0307d83fbce3,6,311,True,7615,7615,400.08127943148156
312,00e6386b-eae7-4281-b4f4-0307d83fbce3,6,312,True,7643,7643,441.4388384106978
313,00e6386b-eae7-4281-b4f4-0307d83fbce3,6,313,True,7671,7671,408.0049547415183
314,00e6386b-eae7-4281-b4f4-0307d83fbce3,6,314,True,7692,7692,392.4388384106978
315,00e6386b-eae7-4281-b4f4-0307d83fbce3,6,315,True,7712,7712,418.83019333575703
316,00e6386b-eae7-4281-b4f4-0307d83fbce3,6,316,True,7738,7738,415.1370515056615
317,00e6386b-eae7-4281-b4f4-0307d83fbce3,6,317,True,7762,7762,373.86179188940423
318,00e6386b-eae7-4281-b4f4-0307d83fbce3,6,318,True,7781,7781,400.7865734094212
319,00e6386b-eae7-4281-b4f4-0307d83fbce3,6,319,True,7806,7806,470.01238196368104
320,00e6386b-eae7-4281-b4f4-0307d83fbce3,6,320,True,7840,7840,339.23367588043857
321,00e6386b-eae7-4281-b4f4-0307d83fbce3,6,321,True,7868,7868,370.47088944489406
322,00e6386b-eae7-4281-b4f4-0307d83fbce3,6,322,True,7894,7894,382.01238196368104
323,00e6386b-eae7-4281-b4f4-0307d83fbce3,6,323,True,7918,7918,360.50548344480194
324,00e6386b-eae7-4281-b4f4-0307d83fbce3,6,324,True,7942,7942,415.2844391439994
325,00e6386b-eae7-4281-b4f4-0307d83fbce3,6,325,True,7974,7974,422.49961704585985
326,00e6386b-eae7-4281-b4f4-0307d83fbce3,6,326,True,8000,8000,393.4138556283833
327,00e6386b-eae7-4281-b4f4-0307d83fbce3,6,327,True,8014,8014,343.2844391439994
328,00e6386b-eae7-4281-b4f4-0307d83fbce3,6,328,True,8044,8044,352.49961704585985
329,00e6386b-eae7-4281-b4f4-0307d83fbce3,6,329,True,8066,8066,327.4138556283833
330,00e6386b-eae7-4281-b4f4-0307d83fbce3,6,330,True,8091,8091,447.26414907486105
331,00e6386b-eae7-4281-b4f4-0307d83fbce3,6,331,True,8114,8114,339.7092186577138
332,00e6386b-eae7-4281-b4f4-0307d83fbce3,6,332,True,8143,8143,395.26414907486105
333,00e6386b-eae7-4281-b4f4-0307d83fbce3,6,333,True,8164,8164,420.0080442275121
334,00e6386b-eae7-4281-b4f4-0307d83fbce3,6,334,True,8183,8183,407.63702026435385
335,00e6386b-eae7-4281-b4f4-0307d83fbce3,6,335,True,8208,8208,396.57952732399826
336,00e6386b-eae7-4281-b4f4-0307d83fbce3,6,336,True,8241,8241,403.84340370271093
337,00e6386b-eae7-4281-b4f4-0307d83fbce3,6,337,True,8267,8267,437.2505964219072
338,00e6386b-eae7-4281-b4f4-0307d83fbce3,6,338,True,8286,8286,381.0915495830832
339,00e6386b-eae7-4281-b4f4-0307d83fbce3,6,339,True,8311,8311,333.84340370271093
340,00e6386b-eae7-4281-b4f4-0307d83fbce3,6,340,True,8331,8331,323.12517395515715
341,00e6386b-eae7-4281-b4f4-0307d83fbce3,6,341,True,8357,8357,310.0915495830832
342,00e6386b-eae7-4281-b4f4-0307d83fbce3,6,342,True,8386,8386,456.6109886725171
343,00e6386b-eae7-4281-b4f4-0307d83fbce3,6,343,True,8411,8411,415.0582303809624
344,00e6386b-eae7-4281-b4f4-0307d83fbce3,6,344,True,8434,8434,467.1674197329812
345,00e6386b-eae7-4281-b4f4-0307d83fbce3,6,345,True,8453,8453,450.51771866817035
346,00e6386b-eae7-4281-b4f4-0307d83fbce3,6,346,True,8476,8476,421.65465535720614
347,00e6386b-eae7-4281-b4f4-0307d83fbce3,6,347,True,8503,8503,466.26126492572985
348,00e6386b-eae7-4281-b4f4-0307d83fbce3,6,348,True,8531,8531,311.6109886725171
349,00e6386b-eae7-4281-b4f4-0307d83fbce3,6,349,True,8552,8552,412.4254562883125
350,00e6386b-eae7-4281-b4f4-0307d83fbce3,6,350,True,8582,8582,382.4254562883125
351,00e6386b-eae7-4281-b4f4-0307d83fbce3,6,351,True,8609,8609,412.47756692641997
352,00e6386b-eae7-4281-b4f4-0307d83fbce3,6,352,True,8626,8626,406.36671627783835
353,00e6386b-eae7-4281-b4f4-0307d83fbce3,6,353,True,8654,8654,431.2737180569475
354,00e6386b-eae7-4281-b4f4-0307d83fbce3,6,354,True,8684,8684,459.13954879644734
355,00e6386b-eae7-4281-b4f4-0307d83fbce3,6,355,True,8711,8711,423.15730248229556
356,00e6386b-eae7-4281-b4f4-0307d83fbce3,6,356,True,8733,8733,410.13954879644734
357,00e6386b-eae7-4281-b4f4-0307d83fbce3,6,357,True,8753,8753,381.15730248229556
358,00e6386b-eae7-4281-b4f4-0307d83fbce3,6,358,True,8773,8773,410.21803889906187
359,00e6386b-eae7-4281-b4f4-0307d83fbce3,6,359,True,8797,8797,346.13954879644734
360,00e6386b-eae7-4281-b4f4-0307d83fbce3,6,360,True,8827,8827,307.15730248229556
361,00e6386b-eae7-4281-b4f4-0307d83fbce3,6,361,True,8848,8848,419.53150852085673
362,00e6386b-eae7-4281-b4f4-0307d83fbce3,6,362,True,8874,8874,346.48579638489355
363,00e6386b-eae7-4281-b4f4-0307d83fbce3,6,363,True,8901,8901,353.830541923855
364,00e6386b-eae7-4281-b4f4-0307d83fbce3,6,364,True,8927,8927,340.53150852085673
365,00e6386b-eae7-4281-b4f4-0307d83fbce3,6,365,True,8949,8949,321.0283917663237
366,00e6386b-eae7-4281-b4f4-0307d83fbce3,6,366,True,8978,8978,341.66399815552904
367,00e6386b-eae7-4281-b4f4-0307d83fbce3,6,367,True,9009,9009,406.92128117426
368,00e6386b-eae7-4281-b4f4-0307d83fbce3,6,368,True,9041,9041,348.52902645968425
369,00e6386b-eae7-4281-b4f4-0307d83fbce3,6,369,True,9065,9065,289.8341188004051
370,00e6386b-eae7-4281-b4f4-0307d83fbce3,6,370,True,9086,9086,329.92128117426
371,00e6386b-eae7-4281-b4f4-0307d83fbce3,6,371,True,9113,9113,446.9908418168761
372,00e6386b-eae7-4281-b4f4-0307d83fbce3,6,372,True,9132,9132,416.00661032732387
373,00e6386b-eae7-4281-b4f4-0307d83fbce3,6,373,True,9151,9151,334.8539997160042
374,00e6386b-eae7-4281-b4f4-0307d83fbce3,6,374,True,9169,9169,379.00661032732387
375,00e6386b-eae7-4281-b4f4-0307d83fbce3,6,375,True,9190,9190,369.9908418168761
376,00e6386b-eae7-4281-b4f4-0307d83fbce3,6,376,True,9217,9217,427.51724320456924
377,00e6386b-eae7-4281-b4f4-0307d83fbce3,6,377,True,9237,9237,404.19372019022194
378,00e6386b-eae7-4281-b4f4-0307d83fbce3,6,378,True,9256,9256,385.19372019022194
379,00e6386b-eae7-4281-b4f4-0307d83fbce3,6,379,True,9288,9288,384.10317556517657
380,00e6386b-eae7-4281-b4f4-0307d83fbce3,6,380,True,9314,9314,407.5932021391527
381,00e6386b-eae7-4281-b4f4-0307d83fbce3,6,381,True,9338,9338,398.9819325139524
382,00e6386b-eae7-4281-b4f4-0307d83fbce3,6,382,True,9363,9363,361.2205493570473
383,00e6386b-eae7-4281-b4f4-0307d83fbce3,6,383,True,9382,9382,446.7157574478224
384,00e6386b-eae7-4281-b4f4-0307d83fbce3,6,384,True,9398,9398,415.10362039500615
385,00e6386b-eae7-4281-b4f4-0307d83fbce3,6,385,True,9419,9419,407.42056240398597
386,00e6386b-eae7-4281-b4f4-0307d83fbce3,6,386,True,9441,9441,460.0473878710727
387,00e6386b-eae7-4281-b4f4-0307d83fbce3,6,387,True,9469,9469,432.0473878710727
388,00e6386b-eae7-4281-b4f4-0307d83fbce3,6,388,True,9495,9495,472.57947515961314
389,00e6386b-eae7-4281-b4f4-0307d83fbce3,6,389,True,9524,9524,443.57947515961314
390,00e6386b-eae7-4281-b4f4-0307d83fbce3,6,390,True,9550,9550,476.9073381340477
391,00e6386b-eae7-4281-b4f4-0307d83fbce3,6,391,True,9575,9575,451.9073381340477
392,00e6386b-eae7-4281-b4f4-0307d83fbce3,6,392,True,9597,9597,424.51969310895765
393,00e6386b-eae7-4281-b4f4-0307d83fbce3,6,393,True,9615,9615,466.9967278962231
394,00e6386b-eae7-4281-b4f4-0307d83fbce3,6,394,True,9643,9643,505.7266938501598
395,00e6386b-eae7-4281-b4f4-0307d83fbce3,6,395,True,9671,9671,487.8113210034462
396,00e6386b-eae7-4281-b4f4-0307d83fbce3,6,396,True,9692,9692,452.6389328948717
397,00e6386b-eae7-4281-b4f4-0307d83fbce3,6,397,True,9722,9722,422.6389328948717
398,00e6386b-eae7-4281-b4f4-0307d83fbce3,6,398,True,9743,9743,415.8113210034462
399,00e6386b-eae7-4281-b4f4-0307d83fbce3,6,399,True,9766,9766,501.56306051505453
400,00e6386b-eae7-4281-b4f4-0307d83fbce3,6,400,True,9799,9799,472.75540007066957
401,00e6386b-eae7-4281-b4f4-0307d83fbce3,6,401,True,9835,9835,366.1928880975029
402,00e6386b-eae7-4281-b4f4-0307d83fbce3,6,402,True,9855,9855,412.56306051505453
403,00e6386b-eae7-4281-b4f4-0307d83fbce3,6,403,True,9885,9885,332.22290845486714
404,00e6386b-eae7-4281-b4f4-0307d83fbce3,6,404,True,9906,9906,390.26896147160187
405,00e6386b-eae7-4281-b4f4-0307d83fbce3,6,405,True,9941,9941,421.16043227809314
406,00e6386b-eae7-4281-b4f4-0307d83fbce3,6,406,True,9961,9961,478.523428303788
407,00e6386b-eae7-4281-b4f4-0307d83fbce3,6,407,True,9994,9994,365.2604455129567
408,00e6386b-eae7-4281-b4f4-0307d83fbce3,6,408,True,10022,10022,399.0601599432757
409,00e6386b-eae7-4281-b4f4-0307d83fbce3,6,409,True,10057,10057,382.523428303788
410,00e6386b-eae7-4281-b4f4-0307d83fbce3,6,410,True,10079,10079,507.82960912345334
411,00e6386b-eae7-4281-b4f4-0307d83fbce3,6,411,True,10100,10100,495.3397909546238
412,00e6386b-eae7-4281-b4f4-0307d83fbce3,6,412,True,10116,10116,470.82960912345334
413,00e6386b-eae7-4281-b4f4-0307d83fbce3,6,413,True,10138,10138,436.05168035946735
414,00e6386b-eae7-4281-b4f4-0307d83fbce3,6,414,True,10153,10153,336.14192976909726
415,00e6386b-eae7-4281-b4f4-0307d83fbce3,6,415,True,10179,10179,307.88240274615964
416,00e6386b-eae7-4281-b4f4-0307d83fbce3,6,416,True,10201,10201,304.7670680516494
417,00e6386b-eae7-4281-b4f4-0307d83fbce3,6,417,True,10233,10233,418.9209289649116
418,00e6386b-eae7-4281-b4f4-0307d83fbce3,6,418,True,10254,10254,455.8736700503796
419,00e6386b-eae7-4281-b4f4-0307d83fbce3,6,419,True,10286,10286,353.9626717616193
420,00e6386b-eae7-4281-b4f4-0307d83fbce3,6,420,True,10318,10318,394.6919459909677
421,00e6386b-eae7-4281-b4f4-0307d83fbce3,6,421,True,10353,10353,419.48730993341815
422,00e6386b-eae7-4281-b4f4-0307d83fbce3,6,422,True,10382,10382,390.48730993341815
423,00e6386b-eae7-4281-b4f4-0307d83fbce3,6,423,True,10407,10407,427.9253722741687
424,00e6386b-eae7-4281-b4f4-0307d83fbce3,6,424,True,10436,10436,402.4309372720054
425,00e6386b-eae7-4281-b4f4-0307d83fbce3,6,425,True,10460,10460,378.4309372720054
426,00e6386b-eae7-4281-b4f4-0307d83fbce3,6,426,True,10481,10481,353.9253722741687
427,00e6386b-eae7-4281-b4f4-0307d83fbce3,6,427,True,10504,10504,481.9129575510724
428,00e6386b-eae7-4281-b4f4-0307d83fbce3,6,428,True,10526,10526,450.8091344057357
429,00e6386b-eae7-4281-b4f4-0307d83fbce3,6,429,True,10539,10539,500.030252262226
430,00e6386b-eae7-4281-b4f4-0307d83fbce3,6,430,True,10562,10562,464.8961370586294
431,00e6386b-eae7-4281-b4f4-0307d83fbce3,6,431,True,10592,10592,554.7557862919039
432,00e6386b-eae7-4281-b4f4-0307d83fbce3,6,432,True,10616,10616,515.5601499941477
433,00e6386b-eae7-4281-b4f4-0307d83fbce3,6,433,True,10651,10651,388.030252262226
434,00e6386b-eae7-4281-b4f4-0307d83fbce3,6,434,True,10678,10678,468.75578629190386
435,00e6386b-eae7-4281-b4f4-0307d83fbce3,6,435,True,10713,10713,418.56014999414765
436,00e6386b-eae7-4281-b4f4-0307d83fbce3,6,436,True,10740,10740,441.66090252383947
437,00e6386b-eae7-4281-b4f4-0307d83fbce3,6,437,True,10761,10761,433.70307947014953
438,00e6386b-eae7-4281-b4f4-0307d83fbce3,6,438,True,10781,10781,428.729098035059
439,00e6386b-eae7-4281-b4f4-0307d83fbce3,6,439,True,10810,10810,371.66090252383947
440,00e6386b-eae7-4281-b4f4-0307d83fbce3,6,440,True,10833,10833,462.8625266427898
441,00e6386b-eae7-4281-b4f4-0307d83fbce3,6,441,True,10861,10861,432.5105294626901
442,00e6386b-eae7-4281-b4f4-0307d83fbce3,6,442,True,10891,10891,402.5105294626901
443,00e6386b-eae7-4281-b4f4-0307d83fbce3,6,443,True,10911,10911,442.4955834265347
444,00e6386b-eae7-4281-b4f4-0307d83fbce3,6,444,True,10937,10937,356.5105294626901
445,00e6386b-eae7-4281-b4f4-0307d83fbce3,6,445,True,10958,10958,418.6800811950634
446,00e6386b-eae7-4281-b4f4-0307d83fbce3,6,446,True,10989,10989,440.670634909784
447,00e6386b-eae7-4281-b4f4-0307d83fbce3,6,447,True,11016,11016,407.61528411184554
448,00e6386b-eae7-4281-b4f4-0307d83fbce3,6,448,True,11033,11033,392.9451414209234
449,00e6386b-eae7-4281-b4f4-0307d83fbce3,6,449,True,11056,11056,473.9692235213115
450,00e6386b-eae7-4281-b4f4-0307d83fbce3,6,450,True,11084,11084,389.93420647252606
451,00e6386b-eae7-4281-b4f4-0307d83fbce3,6,451,True,11100,11100,427.0389481592829
452,00e6386b-eae7-4281-b4f4-0307d83fbce3,6,452,True,11128,11128,401.9692235213115
453,00e6386b-eae7-4281-b4f4-0307d83fbce3,6,453,True,11159,11159,483.7569393054
454,00e6386b-eae7-4281-b4f4-0307d83fbce3,6,454,True,11184,11184,458.7569393054
455,00e6386b-eae7-4281-b4f4-0307d83fbce3,6,455,True,11214,11214,393.53163710009903
456,00e6386b-eae7-4281-b4f4-0307d83fbce3,6,456,True,11242,11242,368.0796299017966
457,00e6386b-eae7-4281-b4f4-0307d83fbce3,6,457,True,11272,11272,370.7569393054
458,00e6386b-eae7-4281-b4f4-0307d83fbce3,6,458,True,11300,11300,460.4308494331308
459,00e6386b-eae7-4281-b4f4-0307d83fbce3,6,459,True,11328,11328,410.90921246178914
460,00e6386b-eae7-4281-b4f4-0307d83fbce3,6,460,True,11355,11355,407.8617696165056
461,00e6386b-eae7-4281-b4f4-0307d83fbce3,6,461,True,11387,11387,487.4814871925082
462,00e6386b-eae7-4281-b4f4-0307d83fbce3,6,462,True,11417,11417,437.00361421316666
463,00e6386b-eae7-4281-b4f4-0307d83fbce3,6,463,True,11439,11439,411.86165040526976
464,00e6386b-eae7-4281-b4f4-0307d83fbce3,6,464,True,11458,11458,416.4814871925082
465,00e6386b-eae7-4281-b4f4-0307d83fbce3,6,465,True,11489,11489,365.00361421316666
466,00e6386b-eae7-4281-b4f4-0307d83fbce3,6,466,True,11516,11516,415.70190188359993
467,00e6386b-eae7-4281-b4f4-0307d83fbce3,6,467,True,11543,11543,331.4814871925082
468,00e6386b-eae7-4281-b4f4-0307d83fbce3,6,468,True,11572,11572,422.5188130011484
469,00e6386b-eae7-4281-b4f4-0307d83fbce3,6,469,True,11601,11601,518.041564907051
470,00e6386b-eae7-4281-b4f4-0307d83fbce3,6,470,True,11639,11639,412.24484807185036
471,00e6386b-eae7-4281-b4f4-0307d83fbce3,6,471,True,11667,11667,374.4728171296956
472,00e6386b-eae7-4281-b4f4-0307d83fbce3,6,472,True,11689,11689,455.1918001589911
473,00e6386b-eae7-4281-b4f4-0307d83fbce3,6,473,True,11704,11704,431.41346714743304
474,00e6386b-eae7-4281-b4f4-0307d83fbce3,6,474,True,11727,11727,392.041564907051
475,00e6386b-eae7-4281-b4f4-0307d83fbce3,6,475,True,11756,11756,426.3383934524718
476,00e6386b-eae7-4281-b4f4-0307d83fbce3,6,476,True,11785,11785,442.7428987246931
477,00e6386b-eae7-4281-b4f4-0307d83fbce3,6,477,True,11810,11810,433.7194617121404
478,00e6386b-eae7-4281-b4f4-0307d83fbce3,6,478,True,11838,11838,405.7194617121404
479,00e6386b-eae7-4281-b4f4-0307d83fbce3,6,479,True,11862,11862,419.79737289275727
480,00e6386b-eae7-4281-b4f4-0307d83fbce3,6,480,True,11881,11881,362.7194617121404
481,00e6386b-eae7-4281-b4f4-0307d83fbce3,6,481,True,11909,11909,413.2379085914399
482,00e6386b-eae7-4281-b4f4-0307d83fbce3,6,482,True,11925,11925,399.6197604074132
483,00e6386b-eae7-4281-b4f4-0307d83fbce3,6,483,True,11952,11952,329.79737289275727
484,00e6386b-eae7-4281-b4f4-0307d83fbce3,6,484,True,11988,11988,421.44301149608145
485,00e6386b-eae7-4281-b4f4-0307d83fbce3,6,485,True,12012,12012,407.28544447502827
486,00e6386b-eae7-4281-b4f4-0307d83fbce3,6,486,True,12036,12036,349.8371253960122
487,00e6386b-eae7-4281-b4f4-0307d83fbce3,6,487,True,12059,12059,464.3656800432218
488,00e6386b-eae7-4281-b4f4-0307d83fbce3,6,488,True,12091,12091,426.32589258057305
489,00e6386b-eae7-4281-b4f4-0307d83fbce3,6,489,True,12111,12111,416.65734152877667
490,00e6386b-eae7-4281-b4f4-0307d83fbce3,6,490,True,12138,12138,385.3656800432218
491,00e6386b-eae7-4281-b4f4-0307d83fbce3,6,491,True,12169,12169,485.76942305822377
492,00e6386b-eae7-4281-b4f4-0307d83fbce3,6,492,True,12208,12208,315.3656800432218
493,00e6386b-eae7-4281-b4f4-0307d83fbce3,6,493,True,12239,12239,415.76942305822377
494,00e6386b-eae7-4281-b4f4-0307d83fbce3,6,494,True,12268,12268,401.9785220527392
495,00e6386b-eae7-4281-b4f4-0307d83fbce3,6,495,True,12286,12286,378.8719568988163
496,00e6386b-eae7-4281-b4f4-0307d83fbce3,6,496,True,12320,12320,334.76942305822377
497,00e6386b-eae7-4281-b4f4-0307d83fbce3,6,497,True,12350,12350,436.2972764464521
498,00e6386b-eae7-4281-b4f4-0307d83fbce3,6,498,True,12368,12368,296.8719568988163
499,00e6386b-eae7-4281-b4f4-0307d83fbce3,6,499,True,12396,12396,337.03968573101156
500,00e6386b-eae7-4281-b4f4-0307d83fbce3,6,500,True,12416,12416,419.7541429046996
501,00e6386b-eae7-4281-b4f4-0307d83fbce3,6,501,True,12431,12431,304.6068440557083
502,00e6386b-eae7-4281-b4f4-0307d83fbce3,6,502,True,12452,12452,281.03968573101156
503,00e6386b-eae7-4281-b4f4-0307d83fbce3,6,503,True,12474,12474,415.7691535860158
504,00e6386b-eae7-4281-b4f4-0307d83fbce3,6,504,True,12497,12497,405.9367415619454
505,00e6386b-eae7-4281-b4f4-0307d83fbce3,6,505,True,12523,12523,431.8464806164993
506,00e6386b-eae7-4281-b4f4-0307d83fbce3,6,506,True,12552,12552,337.7691535860158
507,00e6386b-eae7-4281-b4f4-0307d83fbce3,6,507,True,12577,12577,325.9367415619454
508,00e6386b-eae7-4281-b4f4-0307d83fbce3,6,508,True,12596,12596,310.86865658078386
509,00e6386b-eae7-4281-b4f4-0307d83fbce3,6,509,True,12623,12623,492.9066805936636
510,00e6386b-eae7-4281-b4f4-0307d83fbce3,6,510,True,12649,12649,474.31769400475423
511,00e6386b-eae7-4281-b4f4-0307d83fbce3,6,511,True,12671,12671,444.9066805936636
512,00e6386b-eae7-4281-b4f4-0307d83fbce3,6,512,True,12688,12688,435.31769400475423
513,00e6386b-eae7-4281-b4f4-0307d83fbce3,6,513,True,12699,12699,369.5557296711413
514,00e6386b-eae7-4281-b4f4-0307d83fbce3,6,514,True,12722,12722,548.0658726717502
515,00e6386b-eae7-4281-b4f4-0307d83fbce3,6,515,True,12748,12748,501.44203212553475
516,00e6386b-eae7-4281-b4f4-0307d83fbce3,6,516,True,12778,12778,469.04318548496485
517,00e6386b-eae7-4281-b4f4-0307d83fbce3,6,517,True,12797,12797,473.0658726717502
518,00e6386b-eae7-4281-b4f4-0307d83fbce3,6,518,True,12824,12824,496.9476080593813
519,00e6386b-eae7-4281-b4f4-0307d83fbce3,6,519,True,12838,12838,409.04318548496485
520,00e6386b-eae7-4281-b4f4-0307d83fbce3,6,520,True,12866,12866,404.0658726717502
521,00e6386b-eae7-4281-b4f4-0307d83fbce3,6,521,True,12888,12888,563.8060031418718
522,00e6386b-eae7-4281-b4f4-0307d83fbce3,6,522,True,12914,12914,525.41846287503
523,00e6386b-eae7-4281-b4f4-0307d83fbce3,6,523,True,12938,12938,513.8060031418718
524,00e6386b-eae7-4281-b4f4-0307d83fbce3,6,524,True,12963,12963,451.98347508002917
525,00e6386b-eae7-4281-b4f4-0307d83fbce3,6,525,True,12979,12979,472.80600314187177
526,00e6386b-eae7-4281-b4f4-0307d83fbce3,6,526,True,13000,13000,485.512725380966
527,00e6386b-eae7-4281-b4f4-0307d83fbce3,6,527,True,13032,13032,453.512725380966
528,00e6386b-eae7-4281-b4f4-0307d83fbce3,6,528,True,13052,13052,513.7989924359408
529,00e6386b-eae7-4281-b4f4-0307d83fbce3,6,529,True,13079,13079,406.512725380966
530,00e6386b-eae7-4281-b4f4-0307d83fbce3,6,530,True,13105,13105,429.4414740248012
531,00e6386b-eae7-4281-b4f4-0307d83fbce3,6,531,True,13125,13125,526.5046453468276
532,00e6386b-eae7-4281-b4f4-0307d83fbce3,6,532,True,13141,13141,539.2303678917979
533,00e6386b-eae7-4281-b4f4-0307d83fbce3,6,533,True,13162,13162,512.3702965076027
534,00e6386b-eae7-4281-b4f4-0307d83fbce3,6,534,True,13193,13193,458.5046453468276
535,00e6386b-eae7-4281-b4f4-0307d83fbce3,6,535,True,13222,13222,458.23036789179787
536,00e6386b-eae7-4281-b4f4-0307d83fbce3,6,536,True,13245,13245,429.3702965076027
537,00e6386b-eae7-4281-b4f4-0307d83fbce3,6,537,True,13276,13276,610.639648848568
538,00e6386b-eae7-4281-b4f4-0307d83fbce3,6,538,True,13300,13300,505.2033184855154
539,00e6386b-eae7-4281-b4f4-0307d83fbce3,6,539,True,13325,13325,554.9985972096292
540,00e6386b-eae7-4281-b4f4-0307d83fbce3,6,540,True,13358,13358,407.68642052532596
541,00e6386b-eae7-4281-b4f4-0307d83fbce3,6,541,True,13379,13379,426.2033184855154
542,00e6386b-eae7-4281-b4f4-0307d83fbce3,6,542,True,13412,13412,381.92102078068456
543,00e6386b-eae7-4281-b4f4-0307d83fbce3,6,543,True,13439,13439,549.8070286856928
544,00e6386b-eae7-4281-b4f4-0307d83fbce3,6,544,True,13468,13468,496.0010505610844
545,00e6386b-eae7-4281-b4f4-0307d83fbce3,6,545,True,13488,13488,480.77813114422133
546,00e6386b-eae7-4281-b4f4-0307d83fbce3,6,546,True,13529,13529,459.8070286856928
547,00e6386b-eae7-4281-b4f4-0307d83fbce3,6,547,True,13560,13560,404.0010505610844
548,00e6386b-eae7-4281-b4f4-0307d83fbce3,6,548,True,13581,13581,387.77813114422133
549,00e6386b-eae7-4281-b4f4-0307d83fbce3,6,549,True,13605,13605,414.86863266443106
550,00e6386b-eae7-4281-b4f4-0307d83fbce3,6,550,True,13628,13628,407.044224968713
551,00e6386b-eae7-4281-b4f4-0307d83fbce3,6,551,True,13647,13647,495.2886247792867
552,00e6386b-eae7-4281-b4f4-0307d83fbce3,6,552,True,13687,13687,332.86863266443106
553,00e6386b-eae7-4281-b4f4-0307d83fbce3,6,553,True,13714,13714,321.044224968713
554,00e6386b-eae7-4281-b4f4-0307d83fbce3,6,554,True,13743,13743,482.63366772404515
555,00e6386b-eae7-4281-b4f4-0307d83fbce3,6,555,True,13764,13764,442.1750359038415
556,00e6386b-eae7-4281-b4f4-0307d83fbce3,6,556,True,13783,13783,442.63366772404515
557,00e6386b-eae7-4281-b4f4-0307d83fbce3,6,557,True,13805,13805,401.1750359038415
558,00e6386b-eae7-4281-b4f4-0307d83fbce3,6,558,True,13829,13829,386.4142053971609
559,00e6386b-eae7-4281-b4f4-0307d83fbce3,6,559,True,13856,13856,449.64288729344844
560,00e6386b-eae7-4281-b4f4-0307d83fbce3,6,560,True,13875,13875,430.64288729344844
561,00e6386b-eae7-4281-b4f4-0307d83fbce3,6,561,True,13902,13902,517.793299538771
562,00e6386b-eae7-4281-b4f4-0307d83fbce3,6,562,True,13928,13928,493.9865701013787
563,00e6386b-eae7-4281-b4f4-0307d83fbce3,6,563,True,13948,13948,452.598094656616
564,00e6386b-eae7-4281-b4f4-0307d83fbce3,6,564,True,13969,13969,506.142531067906
565,00e6386b-eae7-4281-b4f4-0307d83fbce3,6,565,True,13994,13994,481.142531067906
566,00e6386b-eae7-4281-b4f4-0307d83fbce3,6,566,True,14006,14006,469.142531067906
567,00e6386b-eae7-4281-b4f4-0307d83fbce3,6,567,True,14030,14030,557.8530975205449
568,00e6386b-eae7-4281-b4f4-0307d83fbce3,6,568,True,14052,14052,535.8530975205449
569,00e6386b-eae7-4281-b4f4-0307d83fbce3,6,569,True,14065,14065,461.51311564442403
570,00e6386b-eae7-4281-b4f4-0307d83fbce3,6,570,True,14092,14092,541.4953494156325
571,00e6386b-eae7-4281-b4f4-0307d83fbce3,6,571,True,14116,14116,517.4953494156325
572,00e6386b-eae7-4281-b4f4-0307d83fbce3,6,572,True,14141,14141,446.8530975205449
573,00e6386b-eae7-4281-b4f4-0307d83fbce3,6,573,True,14160,14160,478.51821598090464
574,00e6386b-eae7-4281-b4f4-0307d83fbce3,6,574,True,14182,14182,578.9068593705179
575,00e6386b-eae7-4281-b4f4-0307d83fbce3,6,575,True,14202,14202,532.1734931695137
576,00e6386b-eae7-4281-b4f4-0307d83fbce3,6,576,True,14242,14242,515.3954740893896
577,00e6386b-eae7-4281-b4f4-0307d83fbce3,6,577,True,14270,14270,490.90685937051785
578,00e6386b-eae7-4281-b4f4-0307d83fbce3,6,578,True,14301,14301,596.7359127960099
579,00e6386b-eae7-4281-b4f4-0307d83fbce3,6,579,True,14329,14329,551.6255592842481
580,00e6386b-eae7-4281-b4f4-0307d83fbce3,6,580,True,14364,14364,533.7359127960099
581,00e6386b-eae7-4281-b4f4-0307d83fbce3,6,581,True,14389,14389,510.92435277300683
582,00e6386b-eae7-4281-b4f4-0307d83fbce3,6,582,True,14421,14421,459.6255592842481
583,00e6386b-eae7-4281-b4f4-0307d83fbce3,6,583,True,14449,14449,448.73591279600987
584,00e6386b-eae7-4281-b4f4-0307d83fbce3,6,584,True,14469,14469,578.3344952152329
585,00e6386b-eae7-4281-b4f4-0307d83fbce3,6,585,True,14492,14492,516.1792803539975
586,00e6386b-eae7-4281-b4f4-0307d83fbce3,6,586,True,14510,14510,513.9032614550906
587,00e6386b-eae7-4281-b4f4-0307d83fbce3,6,587,True,14536,14536,511.3344952152329
588,00e6386b-eae7-4281-b4f4-0307d83fbce3,6,588,True,14568,14568,440.17928035399746
589,00e6386b-eae7-4281-b4f4-0307d83fbce3,6,589,True,14590,14590,433.9032614550906
590,00e6386b-eae7-4281-b4f4-0307d83fbce3,6,590,True,14620,14620,427.3344952152329
591,00e6386b-eae7-4281-b4f4-0307d83fbce3,6,591,True,14650,14650,510.0533620455444
592,00e6386b-eae7-4281-b4f4-0307d83fbce3,6,592,True,14680,14680,475.8068022105872
593,00e6386b-eae7-4281-b4f4-0307d83fbce3,6,593,True,14706,14706,457.7488715165564
594,00e6386b-eae7-4281-b4f4-0307d83fbce3,6,594,True,14728,14728,432.0533620455444
595,00e6386b-eae7-4281-b4f4-0307d83fbce3,6,595,True,14751,14751,553.9167143593004
596,00e6386b-eae7-4281-b4f4-0307d83fbce3,6,596,True,14774,14774,491.78922359675016
597,00e6386b-eae7-4281-b4f4-0307d83fbce3,6,597,True,14795,14795,474.5411865507267
598,00e6386b-eae7-4281-b4f4-0307d83fbce3,6,598,True,14816,14816,453.5411865507267
599,00e6386b-eae7-4281-b4f4-0307d83fbce3,6,599,True,14842,14842,423.78922359675016
600,00e6386b-eae7-4281-b4f4-0307d83fbce3,6,600,True,14869,14869,435.9167143593004
601,00e6386b-eae7-4281-b4f4-0307d83fbce3,6,601,True,14892,14892,377.5411865507267
602,00e6386b-eae7-4281-b4f4-0307d83fbce3,6,602,True,14917,14917,469.4570956534808
603,00e6386b-eae7-4281-b4f4-0307d83fbce3,6,603,True,14940,14940,498.1756726925123
604,00e6386b-eae7-4281-b4f4-0307d83fbce3,6,604,True,14966,14966,472.1756726925123
605,00e6386b-eae7-4281-b4f4-0307d83fbce3,6,605,True,14993,14993,393.4570956534808
606,00e6386b-eae7-4281-b4f4-0307d83fbce3,6,606,True,15023,15023,370.90868451123424
607,00e6386b-eae7-4281-b4f4-0307d83fbce3,6,607,True,15060,15060,505.27728600876617
608,00e6386b-eae7-4281-b4f4-0307d83fbce3,6,608,True,15080,15080,503.68261087067003
609,00e6386b-eae7-4281-b4f4-0307d83fbce3,6,609,True,15107,15107,458.27728600876617
610,00e6386b-eae7-4281-b4f4-0307d83fbce3,6,610,True,15130,15130,453.68261087067003
611,00e6386b-eae7-4281-b4f4-0307d83fbce3,6,611,True,15155,15155,390.690270432804
612,00e6386b-eae7-4281-b4f4-0307d83fbce3,6,612,True,15177,15177,388.27728600876617
613,00e6386b-eae7-4281-b4f4-0307d83fbce3,6,613,True,15207,15207,376.68261087067003
614,00e6386b-eae7-4281-b4f4-0307d83fbce3,6,614,True,15229,15229,508.4402415268323
615,00e6386b-eae7-4281-b4f4-0307d83fbce3,6,615,True,15257,15257,467.2908174679178
616,00e6386b-eae7-4281-b4f4-0307d83fbce3,6,616,True,15281,15281,438.8499625145196
617,00e6386b-eae7-4281-b4f4-0307d83fbce3,6,617,True,15301,15301,366.9150586342803
618,00e6386b-eae7-4281-b4f4-0307d83fbce3,6,618,True,15321,15321,403.2908174679178
619,00e6386b-eae7-4281-b4f4-0307d83fbce3,6,619,True,15349,15349,370.8499625145196
620,00e6386b-eae7-4281-b4f4-0307d83fbce3,6,620,True,15375,15375,362.4402415268323
621,00e6386b-eae7-4281-b4f4-0307d83fbce3,6,621,True,15413,15413,425.4231454057863
622,00e6386b-eae7-4281-b4f4-0307d83fbce3,6,622,True,15443,15443,442.5529162591047
623,00e6386b-eae7-4281-b4f4-0307d83fbce3,6,623,True,15479,15479,424.5828681782277
624,00e6386b-eae7-4281-b4f4-0307d83fbce3,6,624,True,15500,15500,282.83284402009485
625,00e6386b-eae7-4281-b4f4-0307d83fbce3,6,625,True,15527,15527,406.61111283419814
626,00e6386b-eae7-4281-b4f4-0307d83fbce3,6,626,True,15550,15550,426.67498440568124
627,00e6386b-eae7-4281-b4f4-0307d83fbce3,6,627,True,15579,15579,453.2215837673957
628,00e6386b-eae7-4281-b4f4-0307d83fbce3,6,628,True,15609,15609,411.409314299417
629,00e6386b-eae7-4281-b4f4-0307d83fbce3,6,629,True,15636,15636,340.67498440568124
630,00e6386b-eae7-4281-b4f4-0307d83fbce3,6,630,True,15663,15663,369.2215837673957
631,00e6386b-eae7-4281-b4f4-0307d83fbce3,6,631,True,15689,15689,450.11129457640345
632,00e6386b-eae7-4281-b4f4-0307d83fbce3,6,632,True,15709,15709,371.5397862812297
633,00e6386b-eae7-4281-b4f4-0307d83fbce3,6,633,True,15736,15736,453.47097504404155
634,00e6386b-eae7-4281-b4f4-0307d83fbce3,6,634,True,15757,15757,320.2180306401806
635,00e6386b-eae7-4281-b4f4-0307d83fbce3,6,635,True,15783,15783,297.5397862812297
636,00e6386b-eae7-4281-b4f4-0307d83fbce3,6,636,True,15811,15811,422.5603493696708
637,00e6386b-eae7-4281-b4f4-0307d83fbce3,6,637,True,15835,15835,415.33757816965226
638,00e6386b-eae7-4281-b4f4-0307d83fbce3,6,638,True,15853,15853,389.31859724157766
639,00e6386b-eae7-4281-b4f4-0307d83fbce3,6,639,True,15881,15881,352.5603493696708
640,00e6386b-eae7-4281-b4f4-0307d83fbce3,6,640,True,15902,15902,348.33757816965226
641,00e6386b-eae7-4281-b4f4-0307d83fbce3,6,641,True,15919,15919,373.6335852576958
642,00e6386b-eae7-4281-b4f4-0307d83fbce3,6,642,True,15939,15939,365.09406596275585
643,00e6386b-eae7-4281-b4f4-0307d83fbce3,6,643,True,15960,15960,417.52577589788416
644,00e6386b-eae7-4281-b4f4-0307d83fbce3,6,644,True,15976,15976,382.42587348159213
645,00e6386b-eae7-4281-b4f4-0307d83fbce3,6,645,True,15997,15997,461.9677872015236
646,00e6386b-eae7-4281-b4f4-0307d83fbce3,6,646,True,16029,16029,348.52577589788416
647,00e6386b-eae7-4281-b4f4-0307d83fbce3,6,647,True,16054,16054,513.7630280183366
648,00e6386b-eae7-4281-b4f4-0307d83fbce3,6,648,True,16076,16076,382.9677872015236
649,00e6386b-eae7-4281-b4f4-0307d83fbce3,6,649,True,16102,16102,524.5200043477889
650,00e6386b-eae7-4281-b4f4-0307d83fbce3,6,650,True,16126,16126,327.588724583602
651,00e6386b-eae7-4281-b4f4-0307d83fbce3,6,651,True,16145,16145,316.3139007195605
652,00e6386b-eae7-4281-b4f4-0307d83fbce3,6,652,True,16165,16165,373.7043737536369
653,00e6386b-eae7-4281-b4f4-0307d83fbce3,6,653,True,16182,16182,361.7128398502209
654,00e6386b-eae7-4281-b4f4-0307d83fbce3,6,654,True,16211,16211,356.7630280183366
655,00e6386b-eae7-4281-b4f4-0307d83fbce3,6,655,True,16238,16238,486.35953664438784
656,00e6386b-eae7-4281-b4f4-0307d83fbce3,6,656,True,16272,16272,454.5955532870357
657,00e6386b-eae7-4281-b4f4-0307d83fbce3,6,657,True,16295,16295,426.4266571982407
658,00e6386b-eae7-4281-b4f4-0307d83fbce3,6,658,True,16321,16321,400.4266571982407
659,00e6386b-eae7-4281-b4f4-0307d83fbce3,6,659,True,16346,16346,378.35953664438784
660,00e6386b-eae7-4281-b4f4-0307d83fbce3,6,660,True,16363,16363,358.4266571982407
661,00e6386b-eae7-4281-b4f4-0307d83fbce3,6,661,True,16392,16392,415.76365356471797
662,00e6386b-eae7-4281-b4f4-0307d83fbce3,6,662,True,16413,16413,456.91849593523875
663,00e6386b-eae7-4281-b4f4-0307d83fbce3,6,663,True,16439,16439,430.91849593523875
664,00e6386b-eae7-4281-b4f4-0307d83fbce3,6,664,True,16462,16462,345.76365356471797
665,00e6386b-eae7-4281-b4f4-0307d83fbce3,6,665,True,16488,16488,397.8275126007575
666,00e6386b-eae7-4281-b4f4-0307d83fbce3,6,666,True,16522,16522,443.3448164551155
667,00e6386b-eae7-4281-b4f4-0307d83fbce3,6,667,True,16540,16540,477.6146068668422
668,00e6386b-eae7-4281-b4f4-0307d83fbce3,6,668,True,16563,16563,457.2751666787153
669,00e6386b-eae7-4281-b4f4-0307d83fbce3,6,669,True,16594,16594,371.3448164551155
670,00e6386b-eae7-4281-b4f4-0307d83fbce3,6,670,True,16624,16624,460.1094505998444
671,00e6386b-eae7-4281-b4f4-0307d83fbce3,6,671,True,16640,16640,447.0845409540816
672,00e6386b-eae7-4281-b4f4-0307d83fbce3,6,672,True,16659,16659,425.1094505998444
673,00e6386b-eae7-4281-b4f4-0307d83fbce3,6,673,True,16682,16682,405.0845409540816
674,00e6386b-eae7-4281-b4f4-0307d83fbce3,6,674,True,16709,16709,474.6037494944685
675,00e6386b-eae7-4281-b4f4-0307d83fbce3,6,675,True,16743,16743,440.6037494944685
676,00e6386b-eae7-4281-b4f4-0307d83fbce3,6,676,True,16770,16770,413.6037494944685
677,00e6386b-eae7-4281-b4f4-0307d83fbce3,6,677,True,16789,16789,362.2447042741587
678,00e6386b-eae7-4281-b4f4-0307d83fbce3,6,678,True,16812,16812,387.3770758710052
679,00e6386b-eae7-4281-b4f4-0307d83fbce3,6,679,True,16835,16835,348.6037494944685
680,00e6386b-eae7-4281-b4f4-0307d83fbce3,6,680,True,16873,16873,414.8933208188464
681,00e6386b-eae7-4281-b4f4-0307d83fbce3,6,681,True,16912,16912,360.9252855307386
682,00e6386b-eae7-4281-b4f4-0307d83fbce3,6,682,True,16934,16934,472.27812867717876
683,00e6386b-eae7-4281-b4f4-0307d83fbce3,6,683,True,16958,16958,402.4500371622562
684,00e6386b-eae7-4281-b4f4-0307d83fbce3,6,684,True,16985,16985,426.9856428610401
685,00e6386b-eae7-4281-b4f4-0307d83fbce3,6,685,True,17012,17012,394.27812867717876
686,00e6386b-eae7-4281-b4f4-0307d83fbce3,6,686,True,17031,17031,383.38960725048673
687,00e6386b-eae7-4281-b4f4-0307d83fbce3,6,687,True,17060,17060,351.9856428610401
688,00e6386b-eae7-4281-b4f4-0307d83fbce3,6,688,True,17075,17075,456.920909975368
689,00e6386b-eae7-4281-b4f4-0307d83fbce3,6,689,True,17094,17094,409.25814673316927
690,00e6386b-eae7-4281-b4f4-0307d83fbce3,6,690,True,17116,17116,342.4068424224679
691,00e6386b-eae7-4281-b4f4-0307d83fbce3,6,691,True,17144,17144,305.09074059632985
692,00e6386b-eae7-4281-b4f4-0307d83fbce3,6,692,True,17174,17174,463.68611263009007
693,00e6386b-eae7-4281-b4f4-0307d83fbce3,6,693,True,17196,17196,426.9676390403074
694,00e6386b-eae7-4281-b4f4-0307d83fbce3,6,694,True,17221,17221,310.920909975368
695,00e6386b-eae7-4281-b4f4-0307d83fbce3,6,695,True,17245,17245,506.9045235128906
696,00e6386b-eae7-4281-b4f4-0307d83fbce3,6,696,True,17268,17268,481.0141997973915
697,00e6386b-eae7-4281-b4f4-0307d83fbce3,6,697,True,17298,17298,453.9045235128906
698,00e6386b-eae7-4281-b4f4-0307d83fbce3,6,698,True,17327,17327,436.25958388676736
699,00e6386b-eae7-4281-b4f4-0307d83fbce3,6,699,True,17351,17351,398.0141997973915
700,00e6386b-eae7-4281-b4f4-0307d83fbce3,6,700,True,17380,17380,369.0141997973915
701,00e6386b-eae7-4281-b4f4-0307d83fbce3,6,701,True,17405,17405,440.7551519481458
702,00e6386b-eae7-4281-b4f4-0307d83fbce3,6,702,True,17442,17442,531.1213039179238
703,00e6386b-eae7-4281-b4f4-0307d83fbce3,6,703,True,17460,17460,517.968174970807
704,00e6386b-eae7-4281-b4f4-0307d83fbce3,6,704,True,17484,17484,493.968174970807
705,00e6386b-eae7-4281-b4f4-0307d83fbce3,6,705,True,17501,17501,472.1213039179238
706,00e6386b-eae7-4281-b4f4-0307d83fbce3,6,706,True,17520,17520,351.9166981445087
707,00e6386b-eae7-4281-b4f4-0307d83fbce3,6,707,True,17549,17549,428.968174970807
708,00e6386b-eae7-4281-b4f4-0307d83fbce3,6,708,True,17572,17572,401.1213039179238
709,00e6386b-eae7-4281-b4f4-0307d83fbce3,6,709,True,17596,17596,381.968174970807
710,00e6386b-eae7-4281-b4f4-0307d83fbce3,6,710,True,17626,17626,466.1713474383032
711,00e6386b-eae7-4281-b4f4-0307d83fbce3,6,711,True,17654,17654,449.1467823384446
712,00e6386b-eae7-4281-b4f4-0307d83fbce3,6,712,True,17675,17675,422.03322220486007
713,00e6386b-eae7-4281-b4f4-0307d83fbce3,6,713,True,17699,17699,465.55190786509047
714,00e6386b-eae7-4281-b4f4-0307d83fbce3,6,714,True,17726,17726,433.072423643629
715,00e6386b-eae7-4281-b4f4-0307d83fbce3,6,715,True,17753,17753,408.42643549286004
716,00e6386b-eae7-4281-b4f4-0307d83fbce3,6,716,True,17768,17768,391.072423643629
717,00e6386b-eae7-4281-b4f4-0307d83fbce3,6,717,True,17787,17787,488.29685949072154
718,00e6386b-eae7-4281-b4f4-0307d83fbce3,6,718,True,17812,17812,456.8127791603183
719,00e6386b-eae7-4281-b4f4-0307d83fbce3,6,719,True,17825,17825,447.2011151639381
720,00e6386b-eae7-4281-b4f4-0307d83fbce3,6,720,True,17853,17853,415.8127791603183
721,00e6386b-eae7-4281-b4f4-0307d83fbce3,6,721,True,17869,17869,406.29685949072154
722,00e6386b-eae7-4281-b4f4-0307d83fbce3,6,722,True,17892,17892,380.2011151639381
723,00e6386b-eae7-4281-b4f4-0307d83fbce3,6,723,True,17915,17915,353.8127791603183
724,00e6386b-eae7-4281-b4f4-0307d83fbce3,6,724,True,17942,17942,432.41836187185254
725,00e6386b-eae7-4281-b4f4-0307d83fbce3,6,725,True,17961,17961,488.5472296429216
726,00e6386b-eae7-4281-b4f4-0307d83fbce3,6,726,True,17988,17988,439.61277869034893
727,00e6386b-eae7-4281-b4f4-0307d83fbce3,6,727,True,18009,18009,428.77879594273327
728,00e6386b-eae7-4281-b4f4-0307d83fbce3,6,728,True,18031,18031,418.5472296429216
729,00e6386b-eae7-4281-b4f4-0307d83fbce3,6,729,True,18058,18058,369.61277869034893
730,00e6386b-eae7-4281-b4f4-0307d83fbce3,6,730,True,18078,18078,359.77879594273327
731,00e6386b-eae7-4281-b4f4-0307d83fbce3,6,731,True,18105,18105,344.5472296429216
732,00e6386b-eae7-4281-b4f4-0307d83fbce3,6,732,True,18132,18132,473.3768661894901
733,00e6386b-eae7-4281-b4f4-0307d83fbce3,6,733,True,18162,18162,431.59810029814616
734,00e6386b-eae7-4281-b4f4-0307d83fbce3,6,734,True,18188,18188,506.17338496602315
735,00e6386b-eae7-4281-b4f4-0307d83fbce3,6,735,True,18218,18218,476.17338496602315
736,00e6386b-eae7-4281-b4f4-0307d83fbce3,6,736,True,18236,18236,337.8774492251832
737,00e6386b-eae7-4281-b4f4-0307d83fbce3,6,737,True,18270,18270,459.9656672318306
738,00e6386b-eae7-4281-b4f4-0307d83fbce3,6,738,True,18293,18293,414.7295438290348
739,00e6386b-eae7-4281-b4f4-0307d83fbce3,6,739,True,18317,18317,469.6364239735194
740,00e6386b-eae7-4281-b4f4-0307d83fbce3,6,740,True,18352,18352,461.6149951956686
741,00e6386b-eae7-4281-b4f4-0307d83fbce3,6,741,True,18370,18370,337.7295438290348
742,00e6386b-eae7-4281-b4f4-0307d83fbce3,6,742,True,18402,18402,450.97369394371344
743,00e6386b-eae7-4281-b4f4-0307d83fbce3,6,743,True,18424,18424,389.6149951956686
744,00e6386b-eae7-4281-b4f4-0307d83fbce3,6,744,True,18457,18457,469.29913751159984
745,00e6386b-eae7-4281-b4f4-0307d83fbce3,6,745,True,18486,18486,501.9324045654357
746,00e6386b-eae7-4281-b4f4-0307d83fbce3,6,746,True,18517,18517,422.730133574918
747,00e6386b-eae7-4281-b4f4-0307d83fbce3,6,747,True,18546,18546,380.29913751159984
748,00e6386b-eae7-4281-b4f4-0307d83fbce3,6,748,True,18566,18566,421.9324045654357
749,00e6386b-eae7-4281-b4f4-0307d83fbce3,6,749,True,18579,18579,454.64304921708026
750,00e6386b-eae7-4281-b4f4-0307d83fbce3,6,750,True,18597,18597,390.9324045654357
751,00e6386b-eae7-4281-b4f4-0307d83fbce3,6,751,True,18627,18627,478.17560835368204
752,00e6386b-eae7-4281-b4f4-0307d83fbce3,6,752,True,18652,18652,381.64304921708026
753,00e6386b-eae7-4281-b4f4-0307d83fbce3,6,753,True,18681,18681,399.9006237039466
754,00e6386b-eae7-4281-b4f4-0307d83fbce3,6,754,True,18707,18707,398.17560835368204
755,00e6386b-eae7-4281-b4f4-0307d83fbce3,6,755,True,18729,18729,348.65377729219836
756,00e6386b-eae7-4281-b4f4-0307d83fbce3,6,756,True,18756,18756,324.9006237039466
757,00e6386b-eae7-4281-b4f4-0307d83fbce3,6,757,True,18775,18775,358.15133761963807
758,00e6386b-eae7-4281-b4f4-0307d83fbce3,6,758,True,18792,18792,405.13161326272893
759,00e6386b-eae7-4281-b4f4-0307d83fbce3,6,759,True,18822,18822,388.75762080077766
760,00e6386b-eae7-4281-b4f4-0307d83fbce3,6,760,True,18848,18848,374.7796517234128
761,00e6386b-eae7-4281-b4f4-0307d83fbce3,6,761,True,18875,18875,322.13161326272893
762,00e6386b-eae7-4281-b4f4-0307d83fbce3,6,762,True,18898,18898,324.7796517234128
763,00e6386b-eae7-4281-b4f4-0307d83fbce3,6,763,True,18924,18924,385.1767177660913
764,00e6386b-eae7-4281-b4f4-0307d83fbce3,6,764,True,18953,18953,356.1767177660913
765,00e6386b-eae7-4281-b4f4-0307d83fbce3,6,765,True,18982,18982,278.80559272794926
766,00e6386b-eae7-4281-b4f4-0307d83fbce3,6,766,True,19019,19019,334.1471083178549
767,00e6386b-eae7-4281-b4f4-0307d83fbce3,6,767,True,19041,19041,314.8692204608851
768,00e6386b-eae7-4281-b4f4-0307d83fbce3,6,768,True,19063,19063,295.10068864063214
769,00e6386b-eae7-4281-b4f4-0307d83fbce3,6,769,True,19087,19087,378.0278289086564
770,00e6386b-eae7-4281-b4f4-0307d83fbce3,6,770,True,19119,19119,410.8919252310334
771,00e6386b-eae7-4281-b4f4-0307d83fbce3,6,771,True,19142,19142,392.71815202520884
772,00e6386b-eae7-4281-b4f4-0307d83fbce3,6,772,True,19170,19170,373.4494854443474
773,00e6386b-eae7-4281-b4f4-0307d83fbce3,6,773,True,19197,19197,453.9735350731353
774,00e6386b-eae7-4281-b4f4-0307d83fbce3,6,774,True,19227,19227,350.0197575275124
775,00e6386b-eae7-4281-b4f4-0307d83fbce3,6,775,True,19253,19253,328.3665101540646
776,00e6386b-eae7-4281-b4f4-0307d83fbce3,6,776,True,19280,19280,315.3119228013529
777,00e6386b-eae7-4281-b4f4-0307d83fbce3,6,777,True,19306,19306,374.771508909369
778,00e6386b-eae7-4281-b4f4-0307d83fbce3,6,778,True,19332,19332,359.15530512443365
779,00e6386b-eae7-4281-b4f4-0307d83fbce3,6,779,True,19360,19360,343.7701570827485
780,00e6386b-eae7-4281-b4f4-0307d83fbce3,6,780,True,19381,19381,352.15138579259656
781,00e6386b-eae7-4281-b4f4-0307d83fbce3,6,781,True,19406,19406,428.2473114554996
782,00e6386b-eae7-4281-b4f4-0307d83fbce3,6,782,True,19421,19421,282.7701570827485
783,00e6386b-eae7-4281-b4f4-0307d83fbce3,6,783,True,19451,19451,482.84066231757606
784,00e6386b-eae7-4281-b4f4-0307d83fbce3,6,784,True,19481,19481,441.6355735196121
785,00e6386b-eae7-4281-b4f4-0307d83fbce3,6,785,True,19505,19505,353.35490682177624
786,00e6386b-eae7-4281-b4f4-0307d83fbce3,6,786,True,19527,19527,470.33027563098585
787,00e6386b-eae7-4281-b4f4-0307d83fbce3,6,787,True,19544,19544,378.6355735196121
788,00e6386b-eae7-4281-b4f4-0307d83fbce3,6,788,True,19570,19570,369.8650873132756
789,00e6386b-eae7-4281-b4f4-0307d83fbce3,6,789,True,19597,19597,336.84066231757606
790,00e6386b-eae7-4281-b4f4-0307d83fbce3,6,790,True,19624,19624,415.54142150264306
791,00e6386b-eae7-4281-b4f4-0307d83fbce3,6,791,True,19642,19642,297.8650873132756
792,00e6386b-eae7-4281-b4f4-0307d83fbce3,6,792,True,19673,19673,407.4021158673386
793,00e6386b-eae7-4281-b4f4-0307d83fbce3,6,793,True,19699,19699,392.57947010567295
794,00e6386b-eae7-4281-b4f4-0307d83fbce3,6,794,True,19719,19719,367.1124353931591
795,00e6386b-eae7-4281-b4f4-0307d83fbce3,6,795,True,19741,19741,339.4021158673386
796,00e6386b-eae7-4281-b4f4-0307d83fbce3,6,796,True,19762,19762,422.1369995142013
797,00e6386b-eae7-4281-b4f4-0307d83fbce3,6,797,True,19784,19784,419.8413721348479
798,00e6386b-eae7-4281-b4f4-0307d83fbce3,6,798,True,19805,19805,401.53114756162904
799,00e6386b-eae7-4281-b4f4-0307d83fbce3,6,799,True,19825,19825,359.1369995142013
800,00e6386b-eae7-4281-b4f4-0307d83fbce3,6,800,True,19849,19849,354.8413721348479
801,00e6386b-eae7-4281-b4f4-0307d83fbce3,6,801,True,19867,19867,381.4476219968419
802,00e6386b-eae7-4281-b4f4-0307d83fbce3,6,802,True,19895,19895,387.3238271783812
803,00e6386b-eae7-4281-b4f4-0307d83fbce3,6,803,True,19919,19919,380.5027430165319
804,00e6386b-eae7-4281-b4f4-0307d83fbce3,6,804,True,19948,19948,455.78388769496087
805,00e6386b-eae7-4281-b4f4-0307d83fbce3,6,805,True,19975,19975,444.53867436951623
806,00e6386b-eae7-4281-b4f4-0307d83fbce3,6,806,True,20004,20004,510.9771508293634
807,00e6386b-eae7-4281-b4f4-0307d83fbce3,6,807,True,20041,20041,481.14736382646515
808,00e6386b-eae7-4281-b4f4-0307d83fbce3,6,808,True,20056,20056,458.9771508293634
809,00e6386b-eae7-4281-b4f4-0307d83fbce3,6,809,True,20077,20077,417.3127635054334
810,00e6386b-eae7-4281-b4f4-0307d83fbce3,6,810,True,20110,20110,518.3081966403806
811,00e6386b-eae7-4281-b4f4-0307d83fbce3,6,811,True,20131,20131,485.71781246137107
812,00e6386b-eae7-4281-b4f4-0307d83fbce3,6,812,True,20155,20155,504.9435987786783
813,00e6386b-eae7-4281-b4f4-0307d83fbce3,6,813,True,20170,20170,458.30819664038063
814,00e6386b-eae7-4281-b4f4-0307d83fbce3,6,814,True,20181,20181,341.14736382646515
815,00e6386b-eae7-4281-b4f4-0307d83fbce3,6,815,True,20214,20214,445.9435987786783
816,00e6386b-eae7-4281-b4f4-0307d83fbce3,6,816,True,20239,20239,389.30819664038063
817,00e6386b-eae7-4281-b4f4-0307d83fbce3,6,817,True,20262,20262,508.27442640324807
818,00e6386b-eae7-4281-b4f4-0307d83fbce3,6,818,True,20300,20300,542.8717349715807
819,00e6386b-eae7-4281-b4f4-0307d83fbce3,6,819,True,20335,20335,530.2743139968443
820,00e6386b-eae7-4281-b4f4-0307d83fbce3,6,820,True,20359,20359,397.0805805963064
821,00e6386b-eae7-4281-b4f4-0307d83fbce3,6,821,True,20380,20380,462.87173497158074
822,00e6386b-eae7-4281-b4f4-0307d83fbce3,6,822,True,20400,20400,465.2743139968443
823,00e6386b-eae7-4281-b4f4-0307d83fbce3,6,823,True,20427,20427,447.69532329450885
824,00e6386b-eae7-4281-b4f4-0307d83fbce3,6,824,True,20445,20445,397.87173497158074
825,00e6386b-eae7-4281-b4f4-0307d83fbce3,6,825,True,20466,20466,564.7643905442055
826,00e6386b-eae7-4281-b4f4-0307d83fbce3,6,826,True,20497,20497,531.2671571996289
827,00e6386b-eae7-4281-b4f4-0307d83fbce3,6,827,True,20522,20522,436.4150050123426
828,00e6386b-eae7-4281-b4f4-0307d83fbce3,6,828,True,20553,20553,407.72569153335644
829,00e6386b-eae7-4281-b4f4-0307d83fbce3,6,829,True,20569,20569,320.7466494315122
830,00e6386b-eae7-4281-b4f4-0307d83fbce3,6,830,True,20595,20595,423.20844274011324
831,00e6386b-eae7-4281-b4f4-0307d83fbce3,6,831,True,20619,20619,464.53273324050315
832,00e6386b-eae7-4281-b4f4-0307d83fbce3,6,832,True,20650,20650,507.12004660610546
833,00e6386b-eae7-4281-b4f4-0307d83fbce3,6,833,True,20674,20674,492.82876908551407
834,00e6386b-eae7-4281-b4f4-0307d83fbce3,6,834,True,20701,20701,382.53273324050315
835,00e6386b-eae7-4281-b4f4-0307d83fbce3,6,835,True,20716,20716,377.6992346162442
836,00e6386b-eae7-4281-b4f4-0307d83fbce3,6,836,True,20746,20746,481.6478895196851
837,00e6386b-eae7-4281-b4f4-0307d83fbce3,6,837,True,20766,20766,478.84117045816674
838,00e6386b-eae7-4281-b4f4-0307d83fbce3,6,838,True,20785,20785,472.2979712258275
839,00e6386b-eae7-4281-b4f4-0307d83fbce3,6,839,True,20814,20814,352.82876908551407
840,00e6386b-eae7-4281-b4f4-0307d83fbce3,6,840,True,20835,20835,422.2979712258275
841,00e6386b-eae7-4281-b4f4-0307d83fbce3,6,841,True,20859,20859,459.9345654530589
842,00e6386b-eae7-4281-b4f4-0307d83fbce3,6,842,True,20885,20885,433.9345654530589
843,00e6386b-eae7-4281-b4f4-0307d83fbce3,6,843,True,20902,20902,474.05536778815804
844,00e6386b-eae7-4281-b4f4-0307d83fbce3,6,844,True,20932,20932,464.31494084296355
845,00e6386b-eae7-4281-b4f4-0307d83fbce3,6,845,True,20952,20952,424.05536778815804
846,00e6386b-eae7-4281-b4f4-0307d83fbce3,6,846,True,20974,20974,422.31494084296355
847,00e6386b-eae7-4281-b4f4-0307d83fbce3,6,847,True,21000,21000,461.59842654129534
848,00e6386b-eae7-4281-b4f4-0307d83fbce3,6,848,True,21030,21030,346.05536778815804
849,00e6386b-eae7-4281-b4f4-0307d83fbce3,6,849,True,21063,21063,461.70496173859647
850,00e6386b-eae7-4281-b4f4-0307d83fbce3,6,850,True,21082,21082,426.6997704659152
851,00e6386b-eae7-4281-b4f4-0307d83fbce3,6,851,True,21112,21112,339.72898275288753
852,00e6386b-eae7-4281-b4f4-0307d83fbce3,6,852,True,21131,21131,393.70496173859647
853,00e6386b-eae7-4281-b4f4-0307d83fbce3,6,853,True,21151,21151,408.36087587967995
854,00e6386b-eae7-4281-b4f4-0307d83fbce3,6,854,True,21178,21178,373.76768718951644
855,00e6386b-eae7-4281-b4f4-0307d83fbce3,6,855,True,21202,21202,417.33497658228225
856,00e6386b-eae7-4281-b4f4-0307d83fbce3,6,856,True,21232,21232,422.83637904889474
857,00e6386b-eae7-4281-b4f4-0307d83fbce3,6,857,True,21271,21271,442.7605058325353
858,00e6386b-eae7-4281-b4f4-0307d83fbce3,6,858,True,21298,21298,404.46250635467004
859,00e6386b-eae7-4281-b4f4-0307d83fbce3,6,859,True,21330,21330,380.516536958854
860,00e6386b-eae7-4281-b4f4-0307d83fbce3,6,860,True,21349,21349,364.7605058325353
861,00e6386b-eae7-4281-b4f4-0307d83fbce3,6,861,True,21375,21375,494.5896655506549
862,00e6386b-eae7-4281-b4f4-0307d83fbce3,6,862,True,21395,21395,499.93775065164664
863,00e6386b-eae7-4281-b4f4-0307d83fbce3,6,863,True,21425,21425,466.0973411462073
864,00e6386b-eae7-4281-b4f4-0307d83fbce3,6,864,True,21453,21453,342.69413719871227
865,00e6386b-eae7-4281-b4f4-0307d83fbce3,6,865,True,21478,21478,416.93775065164664
866,00e6386b-eae7-4281-b4f4-0307d83fbce3,6,866,True,21502,21502,389.0973411462073
867,00e6386b-eae7-4281-b4f4-0307d83fbce3,6,867,True,21527,21527,342.5896655506549
868,00e6386b-eae7-4281-b4f4-0307d83fbce3,6,868,True,21549,21549,459.10915943928194
869,00e6386b-eae7-4281-b4f4-0307d83fbce3,6,869,True,21577,21577,422.82464289246127
870,00e6386b-eae7-4281-b4f4-0307d83fbce3,6,870,True,21594,21594,411.5002775163157
871,00e6386b-eae7-4281-b4f4-0307d83fbce3,6,871,True,21613,21613,328.97137640777146
872,00e6386b-eae7-4281-b4f4-0307d83fbce3,6,872,True,21637,21637,319.847228989056
873,00e6386b-eae7-4281-b4f4-0307d83fbce3,6,873,True,21664,21664,386.01429057812857
874,00e6386b-eae7-4281-b4f4-0307d83fbce3,6,874,True,21687,21687,410.23636803334375
875,00e6386b-eae7-4281-b4f4-0307d83fbce3,6,875,True,21714,21714,356.8135291648032
876,00e6386b-eae7-4281-b4f4-0307d83fbce3,6,876,True,21742,21742,308.01429057812857
877,00e6386b-eae7-4281-b4f4-0307d83fbce3,6,877,True,21770,21770,324.9319405017013
878,00e6386b-eae7-4281-b4f4-0307d83fbce3,6,878,True,21791,21791,374.3991069509939
879,00e6386b-eae7-4281-b4f4-0307d83fbce3,6,879,True,21812,21812,353.3991069509939
880,00e6386b-eae7-4281-b4f4-0307d83fbce3,6,880,True,21840,21840,322.0646065131441
881,00e6386b-eae7-4281-b4f4-0307d83fbce3,6,881,True,21862,21862,385.8306059757342
882,00e6386b-eae7-4281-b4f4-0307d83fbce3,6,882,True,21892,21892,427.5037835759176
883,00e6386b-eae7-4281-b4f4-0307d83fbce3,6,883,True,21920,21920,394.4939926588995
884,00e6386b-eae7-4281-b4f4-0307d83fbce3,6,884,True,21938,21938,384.1898983337487
885,00e6386b-eae7-4281-b4f4-0307d83fbce3,6,885,True,21962,21962,357.5037835759176
886,00e6386b-eae7-4281-b4f4-0307d83fbce3,6,886,True,21988,21988,502.72405664998223
887,00e6386b-eae7-4281-b4f4-0307d83fbce3,6,887,True,22031,22031,339.54157554613994
888,00e6386b-eae7-4281-b4f4-0307d83fbce3,6,888,True,22055,22055,319.45564947796083
889,00e6386b-eae7-4281-b4f4-0307d83fbce3,6,889,True,22077,22077,297.45564947796083
890,00e6386b-eae7-4281-b4f4-0307d83fbce3,6,890,True,22099,22099,271.54157554613994
891,00e6386b-eae7-4281-b4f4-0307d83fbce3,6,891,True,22127,22127,247.45564947796083
892,00e6386b-eae7-4281-b4f4-0307d83fbce3,6,892,True,22157,22157,460.8036337139856
893,00e6386b-eae7-4281-b4f4-0307d83fbce3,6,893,True,22189,22189,363.67862111802606
894,00e6386b-eae7-4281-b4f4-0307d83fbce3,6,894,True,22217,22217,338.3985170022461
895,00e6386b-eae7-4281-b4f4-0307d83fbce3,6,895,True,22234,22234,273.7568929941335
896,00e6386b-eae7-4281-b4f4-0307d83fbce3,6,896,True,22256,22256,244.00380309636603
897,00e6386b-eae7-4281-b4f4-0307d83fbce3,6,897,True,22278,22278,422.78424118493785
898,00e6386b-eae7-4281-b4f4-0307d83fbce3,6,898,True,22307,22307,372.2875573739948
899,00e6386b-eae7-4281-b4f4-0307d83fbce3,6,899,True,22334,22334,347.6220267998542
900,00e6386b-eae7-4281-b4f4-0307d83fbce3,6,900,True,22366,22366,334.78424118493785
901,00e6386b-eae7-4281-b4f4-0307d83fbce3,6,901,True,22382,22382,297.2875573739948
902,00e6386b-eae7-4281-b4f4-0307d83fbce3,6,902,True,22412,22412,369.65609742314336
903,00e6386b-eae7-4281-b4f4-0307d83fbce3,6,903,True,22443,22443,335.4513812266887
904,00e6386b-eae7-4281-b4f4-0307d83fbce3,6,904,True,22469,22469,344.8112824716045
905,00e6386b-eae7-4281-b4f4-0307d83fbce3,6,905,True,22501,22501,280.65609742314336
906,00e6386b-eae7-4281-b4f4-0307d83fbce3,6,906,True,22526,22526,252.45138122668868
907,00e6386b-eae7-4281-b4f4-0307d83fbce3,6,907,True,22548,22548,359.0865180119945
908,00e6386b-eae7-4281-b4f4-0307d83fbce3,6,908,True,22577,22577,336.0319045725737
909,00e6386b-eae7-4281-b4f4-0307d83fbce3,6,909,True,22609,22609,292.1116964428111
910,00e6386b-eae7-4281-b4f4-0307d83fbce3,6,910,True,22636,22636,302.8895990736273
911,00e6386b-eae7-4281-b4f4-0307d83fbce3,6,911,True,22662,22662,356.313667831746
912,00e6386b-eae7-4281-b4f4-0307d83fbce3,6,912,True,22683,22683,388.9590558590062
913,00e6386b-eae7-4281-b4f4-0307d83fbce3,6,913,True,22700,22700,368.8961380062574
914,00e6386b-eae7-4281-b4f4-0307d83fbce3,6,914,True,22725,22725,315.4645341659525
915,00e6386b-eae7-4281-b4f4-0307d83fbce3,6,915,True,22761,22761,310.9590558590062
916,00e6386b-eae7-4281-b4f4-0307d83fbce3,6,916,True,22790,22790,395.1690941828201
917,00e6386b-eae7-4281-b4f4-0307d83fbce3,6,917,True,22817,22817,418.13124340956347
918,00e6386b-eae7-4281-b4f4-0307d83fbce3,6,918,True,22838,22838,404.29760380414154
919,00e6386b-eae7-4281-b4f4-0307d83fbce3,6,919,True,22863,22863,376.3443911215363
920,00e6386b-eae7-4281-b4f4-0307d83fbce3,6,920,True,22882,22882,413.79179400820794
921,00e6386b-eae7-4281-b4f4-0307d83fbce3,6,921,True,22907,22907,380.76718329649884
922,00e6386b-eae7-4281-b4f4-0307d83fbce3,6,922,True,22934,22934,346.92356888753056
923,00e6386b-eae7-4281-b4f4-0307d83fbce3,6,923,True,22954,22954,341.79179400820794
924,00e6386b-eae7-4281-b4f4-0307d83fbce3,6,924,True,22974,22974,313.76718329649884
925,00e6386b-eae7-4281-b4f4-0307d83fbce3,6,925,True,22992,22992,322.7149830965427
926,00e6386b-eae7-4281-b4f4-0307d83fbce3,6,926,True,23022,23022,310.48854336081786
927,00e6386b-eae7-4281-b4f4-0307d83fbce3,6,927,True,23047,23047,298.9902595526255
928,00e6386b-eae7-4281-b4f4-0307d83fbce3,6,928,True,23081,23081,429.73397234939694
929,00e6386b-eae7-4281-b4f4-0307d83fbce3,6,929,True,23098,23098,401.27544354267957
930,00e6386b-eae7-4281-b4f4-0307d83fbce3,6,930,True,23116,23116,391.16400337141386
931,00e6386b-eae7-4281-b4f4-0307d83fbce3,6,931,True,23141,23141,369.73397234939694
932,00e6386b-eae7-4281-b4f4-0307d83fbce3,6,932,True,23166,23166,333.27544354267957
933,00e6386b-eae7-4281-b4f4-0307d83fbce3,6,933,True,23187,23187,320.16400337141386
934,00e6386b-eae7-4281-b4f4-0307d83fbce3,6,934,True,23211,23211,340.0728527002684
935,00e6386b-eae7-4281-b4f4-0307d83fbce3,6,935,True,23244,23244,312.5930845109433
936,00e6386b-eae7-4281-b4f4-0307d83fbce3,6,936,True,23271,23271,289.27187588650486
937,00e6386b-eae7-4281-b4f4-0307d83fbce3,6,937,True,23301,23301,401.83678620457795
938,00e6386b-eae7-4281-b4f4-0307d83fbce3,6,938,True,23328,23328,451.3239374749901
939,00e6386b-eae7-4281-b4f4-0307d83fbce3,6,939,True,23349,23349,432.7913424291364
940,00e6386b-eae7-4281-b4f4-0307d83fbce3,6,940,True,23375,23375,379.7762683322326
941,00e6386b-eae7-4281-b4f4-0307d83fbce3,6,941,True,23393,23393,316.39970045662267
942,00e6386b-eae7-4281-b4f4-0307d83fbce3,6,942,True,23417,23417,412.8944448154507
943,00e6386b-eae7-4281-b4f4-0307d83fbce3,6,943,True,23435,23435,400.7691575638455
944,00e6386b-eae7-4281-b4f4-0307d83fbce3,6,944,True,23464,23464,363.3834477714918
945,00e6386b-eae7-4281-b4f4-0307d83fbce3,6,945,True,23480,23480,481.0017399976823
946,00e6386b-eae7-4281-b4f4-0307d83fbce3,6,946,True,23515,23515,320.7691575638455
947,00e6386b-eae7-4281-b4f4-0307d83fbce3,6,947,True,23543,23543,284.3834477714918
948,00e6386b-eae7-4281-b4f4-0307d83fbce3,6,948,True,23569,23569,305.02495283304233
949,00e6386b-eae7-4281-b4f4-0307d83fbce3,6,949,True,23596,23596,477.5067860870695
950,00e6386b-eae7-4281-b4f4-0307d83fbce3,6,950,True,23624,23624,337.0017399976823
951,00e6386b-eae7-4281-b4f4-0307d83fbce3,6,951,True,23657,23657,582.2873383710576
952,00e6386b-eae7-4281-b4f4-0307d83fbce3,6,952,True,23682,23682,323.36621076133815
953,00e6386b-eae7-4281-b4f4-0307d83fbce3,6,953,True,23704,23704,318.2033027115358
954,00e6386b-eae7-4281-b4f4-0307d83fbce3,6,954,True,23730,23730,399.51477000711384
955,00e6386b-eae7-4281-b4f4-0307d83fbce3,6,955,True,23748,23748,487.8148966570916
956,00e6386b-eae7-4281-b4f4-0307d83fbce3,6,956,True,23771,23771,468.28733837105756
957,00e6386b-eae7-4281-b4f4-0307d83fbce3,6,957,True,23798,23798,469.1669739416975
958,00e6386b-eae7-4281-b4f4-0307d83fbce3,6,958,True,23826,23826,461.2613297556818
959,00e6386b-eae7-4281-b4f4-0307d83fbce3,6,959,True,23854,23854,558.5120108850206
960,00e6386b-eae7-4281-b4f4-0307d83fbce3,6,960,True,23876,23876,539.2012935727253
961,00e6386b-eae7-4281-b4f4-0307d83fbce3,6,961,True,23900,23900,491.66351870667495
962,00e6386b-eae7-4281-b4f4-0307d83fbce3,6,962,True,23933,23933,409.3063619095701
963,00e6386b-eae7-4281-b4f4-0307d83fbce3,6,963,True,23955,23955,366.2459560629977
964,00e6386b-eae7-4281-b4f4-0307d83fbce3,6,964,True,23978,23978,357.12356788264515
965,00e6386b-eae7-4281-b4f4-0307d83fbce3,6,965,True,24006,24006,336.3063619095701
966,00e6386b-eae7-4281-b4f4-0307d83fbce3,6,966,True,24029,24029,529.3225621603597
967,00e6386b-eae7-4281-b4f4-0307d83fbce3,6,967,True,24053,24053,483.9913548090299
968,00e6386b-eae7-4281-b4f4-0307d83fbce3,6,968,True,24085,24085,473.32256216035967
969,00e6386b-eae7-4281-b4f4-0307d83fbce3,6,969,True,24104,24104,445.2941488738579
970,00e6386b-eae7-4281-b4f4-0307d83fbce3,6,970,True,24131,24131,405.9913548090299
971,00e6386b-eae7-4281-b4f4-0307d83fbce3,6,971,True,24154,24154,404.32256216035967
972,00e6386b-eae7-4281-b4f4-0307d83fbce3,6,972,True,24178,24178,371.2941488738579
973,00e6386b-eae7-4281-b4f4-0307d83fbce3,6,973,True,24206,24206,518.3218373065938
974,00e6386b-eae7-4281-b4f4-0307d83fbce3,6,974,True,24229,24229,387.6085033069394
975,00e6386b-eae7-4281-b4f4-0307d83fbce3,6,975,True,24257,24257,581.1929991110628
976,00e6386b-eae7-4281-b4f4-0307d83fbce3,6,976,True,24282,24282,544.1018686573188
977,00e6386b-eae7-4281-b4f4-0307d83fbce3,6,977,True,24305,24305,510.79345249258404
978,00e6386b-eae7-4281-b4f4-0307d83fbce3,6,978,True,24324,24324,514.1929991110628
979,00e6386b-eae7-4281-b4f4-0307d83fbce3,6,979,True,24353,24353,371.3218373065938
980,00e6386b-eae7-4281-b4f4-0307d83fbce3,6,980,True,24375,24375,513.128219953589
981,00e6386b-eae7-4281-b4f4-0307d83fbce3,6,981,True,24397,24397,493.8428468148668
982,00e6386b-eae7-4281-b4f4-0307d83fbce3,6,982,True,24423,24423,403.10186865731885
983,00e6386b-eae7-4281-b4f4-0307d83fbce3,6,983,True,24461,24461,354.79345249258404
984,00e6386b-eae7-4281-b4f4-0307d83fbce3,6,984,True,24484,24484,354.1929991110628
985,00e6386b-eae7-4281-b4f4-0307d83fbce3,6,985,True,24510,24510,316.10186865731885
986,00e6386b-eae7-4281-b4f4-0307d83fbce3,6,986,True,24536,24536,459.42811571828133
987,00e6386b-eae7-4281-b4f4-0307d83fbce3,6,987,True,24560,24560,442.630400319882
988,00e6386b-eae7-4281-b4f4-0307d83fbce3,6,988,True,24581,24581,417.7927282262608
989,00e6386b-eae7-4281-b4f4-0307d83fbce3,6,989,True,24596,24596,453.1872436354024
990,00e6386b-eae7-4281-b4f4-0307d83fbce3,6,990,True,24622,24622,376.7927282262608
991,00e6386b-eae7-4281-b4f4-0307d83fbce3,6,991,True,24648,24648,559.8824217521978
992,00e6386b-eae7-4281-b4f4-0307d83fbce3,6,992,True,24672,24672,330.630400319882
993,00e6386b-eae7-4281-b4f4-0307d83fbce3,6,993,True,24697,24697,507.7928912938223
994,00e6386b-eae7-4281-b4f4-0307d83fbce3,6,994,True,24724,24724,462.35365852289397
995,00e6386b-eae7-4281-b4f4-0307d83fbce3,6,995,True,24751,24751,456.88242175219784
996,00e6386b-eae7-4281-b4f4-0307d83fbce3,6,996,True,24774,24774,544.1102087113613
997,00e6386b-eae7-4281-b4f4-0307d83fbce3,6,997,True,24799,24799,527.0820949118533
998,00e6386b-eae7-4281-b4f4-0307d83fbce3,6,998,True,24832,24832,475.1691016047662
999,00e6386b-eae7-4281-b4f4-0307d83fbce3,6,999,True,24857,24857,541.809350601703
1000,bc1031fb-8066-49b0-88d5-3ce487b63713,7,1000,True,18,18,76.93469521278882
1001,bc1031fb-8066-49b0-88d5-3ce487b63713,7,1001,True,53,53,67.78972698861593
1002,bc1031fb-8066-49b0-88d5-3ce487b63713,7,1002,True,78,78,74.14762277641245
1003,bc1031fb-8066-49b0-88d5-3ce487b63713,7,1003,True,104,104,77.41413089141253
1004,bc1031fb-8066-49b0-88d5-3ce487b63713,7,1004,True,126,126,102.20851686128677
1005,bc1031fb-8066-49b0-88d5-3ce487b63713,7,1005,True,155,155,109.82035475915359
1006,bc1031fb-8066-49b0-88d5-3ce487b63713,7,1006,True,180,180,112.57231100095368
1007,bc1031fb-8066-49b0-88d5-3ce487b63713,7,1007,True,206,206,165.72122902232746
1008,bc1031fb-8066-49b0-88d5-3ce487b63713,7,1008,True,236,236,125.57034288488552
1009,bc1031fb-8066-49b0-88d5-3ce487b63713,7,1009,True,256,256,156.36709105113482
1010,bc1031fb-8066-49b0-88d5-3ce487b63713,7,1010,True,287,287,139.0480641250914
1011,bc1031fb-8066-49b0-88d5-3ce487b63713,7,1011,True,311,311,175.9390137920774
1012,bc1031fb-8066-49b0-88d5-3ce487b63713,7,1012,True,339,339,139.23269404384592
1013,bc1031fb-8066-49b0-88d5-3ce487b63713,7,1013,True,367,367,134.27534293135534
1014,bc1031fb-8066-49b0-88d5-3ce487b63713,7,1014,True,389,389,147.41456383940294
1015,bc1031fb-8066-49b0-88d5-3ce487b63713,7,1015,True,419,419,142.88368930355557
1016,bc1031fb-8066-49b0-88d5-3ce487b63713,7,1016,True,447,447,219.2109441996164
1017,bc1031fb-8066-49b0-88d5-3ce487b63713,7,1017,True,469,469,159.9077002747391
1018,bc1031fb-8066-49b0-88d5-3ce487b63713,7,1018,True,498,498,158.17582961246683
1019,bc1031fb-8066-49b0-88d5-3ce487b63713,7,1019,True,527,527,159.6289316505878
1020,bc1031fb-8066-49b0-88d5-3ce487b63713,7,1020,True,554,554,207.10699059324713
1021,bc1031fb-8066-49b0-88d5-3ce487b63713,7,1021,True,585,585,204.38103373155081
1022,bc1031fb-8066-49b0-88d5-3ce487b63713,7,1022,True,602,602,207.74935918879453
1023,bc1031fb-8066-49b0-88d5-3ce487b63713,7,1023,True,618,618,204.26209272247888
1024,bc1031fb-8066-49b0-88d5-3ce487b63713,7,1024,True,642,642,180.26209272247888
1025,bc1031fb-8066-49b0-88d5-3ce487b63713,7,1025,True,665,665,249.55306449351417
1026,bc1031fb-8066-49b0-88d5-3ce487b63713,7,1026,True,690,690,215.14396312834162
1027,bc1031fb-8066-49b0-88d5-3ce487b63713,7,1027,True,706,706,279.7289196300542
1028,bc1031fb-8066-49b0-88d5-3ce487b63713,7,1028,True,736,736,293.53046128235746
1029,bc1031fb-8066-49b0-88d5-3ce487b63713,7,1029,True,750,750,186.5205601812579
1030,bc1031fb-8066-49b0-88d5-3ce487b63713,7,1030,True,773,773,276.37346116496906
1031,bc1031fb-8066-49b0-88d5-3ce487b63713,7,1031,True,794,794,283.61966533946907
1032,bc1031fb-8066-49b0-88d5-3ce487b63713,7,1032,True,818,818,269.92483295127704
1033,bc1031fb-8066-49b0-88d5-3ce487b63713,7,1033,True,840,840,228.7656072294269
1034,bc1031fb-8066-49b0-88d5-3ce487b63713,7,1034,True,861,861,238.93809220765684
1035,bc1031fb-8066-49b0-88d5-3ce487b63713,7,1035,True,884,884,224.64590484700034
1036,bc1031fb-8066-49b0-88d5-3ce487b63713,7,1036,True,909,909,219.6829006616947
1037,bc1031fb-8066-49b0-88d5-3ce487b63713,7,1037,True,935,935,299.4736948753889
1038,bc1031fb-8066-49b0-88d5-3ce487b63713,7,1038,True,951,951,238.95633918366843
1039,bc1031fb-8066-49b0-88d5-3ce487b63713,7,1039,True,972,972,203.2737963436898
1040,bc1031fb-8066-49b0-88d5-3ce487b63713,7,1040,True,1002,1002,232.4736948753889
1041,bc1031fb-8066-49b0-88d5-3ce487b63713,7,1041,True,1028,1028,234.18979470980275
1042,bc1031fb-8066-49b0-88d5-3ce487b63713,7,1042,True,1047,1047,268.24538505039413
1043,bc1031fb-8066-49b0-88d5-3ce487b63713,7,1043,True,1068,1068,218.90772652207238
1044,bc1031fb-8066-49b0-88d5-3ce487b63713,7,1044,True,1090,1090,291.0086479453148
1045,bc1031fb-8066-49b0-88d5-3ce487b63713,7,1045,True,1117,1117,275.0905152375144
1046,bc1031fb-8066-49b0-88d5-3ce487b63713,7,1046,True,1146,1146,246.0905152375144
1047,bc1031fb-8066-49b0-88d5-3ce487b63713,7,1047,True,1159,1159,351.9335052669269
1048,bc1031fb-8066-49b0-88d5-3ce487b63713,7,1048,True,1187,1187,337.10801030518564
1049,bc1031fb-8066-49b0-88d5-3ce487b63713,7,1049,True,1218,1218,228.05495023408798
1050,bc1031fb-8066-49b0-88d5-3ce487b63713,7,1050,True,1239,1239,313.3793737941728
1051,bc1031fb-8066-49b0-88d5-3ce487b63713,7,1051,True,1261,1261,263.10801030518564
1052,bc1031fb-8066-49b0-88d5-3ce487b63713,7,1052,True,1284,1284,258.2440792420407
1053,bc1031fb-8066-49b0-88d5-3ce487b63713,7,1053,True,1315,1315,252.1320092386252
1054,bc1031fb-8066-49b0-88d5-3ce487b63713,7,1054,True,1339,1339,238.31460140749255
1055,bc1031fb-8066-49b0-88d5-3ce487b63713,7,1055,True,1356,1356,300.38965078499996
1056,bc1031fb-8066-49b0-88d5-3ce487b63713,7,1056,True,1381,1381,286.5722101571373
1057,bc1031fb-8066-49b0-88d5-3ce487b63713,7,1057,True,1408,1408,357.6521770803479
1058,bc1031fb-8066-49b0-88d5-3ce487b63713,7,1058,True,1436,1436,343.8283795046841
1059,bc1031fb-8066-49b0-88d5-3ce487b63713,7,1059,True,1472,1472,280.116238854976
1060,bc1031fb-8066-49b0-88d5-3ce487b63713,7,1060,True,1494,1494,309.02701915294165
1061,bc1031fb-8066-49b0-88d5-3ce487b63713,7,1061,True,1523,1523,268.0641444704852
1062,bc1031fb-8066-49b0-88d5-3ce487b63713,7,1062,True,1537,1537,347.3472645333768
1063,bc1031fb-8066-49b0-88d5-3ce487b63713,7,1063,True,1574,1574,229.02701915294165
1064,bc1031fb-8066-49b0-88d5-3ce487b63713,7,1064,True,1598,1598,325.69540893347994
1065,bc1031fb-8066-49b0-88d5-3ce487b63713,7,1065,True,1618,1618,318.3797844980829
1066,bc1031fb-8066-49b0-88d5-3ce487b63713,7,1066,True,1641,1641,230.81603291683496
1067,bc1031fb-8066-49b0-88d5-3ce487b63713,7,1067,True,1670,1670,327.1434590237184
1068,bc1031fb-8066-49b0-88d5-3ce487b63713,7,1068,True,1690,1690,318.14256378347613
1069,bc1031fb-8066-49b0-88d5-3ce487b63713,7,1069,True,1715,1715,255.04196884568364
1070,bc1031fb-8066-49b0-88d5-3ce487b63713,7,1070,True,1735,1735,262.1434590237184
1071,bc1031fb-8066-49b0-88d5-3ce487b63713,7,1071,True,1762,1762,246.14256378347613
1072,bc1031fb-8066-49b0-88d5-3ce487b63713,7,1072,True,1781,1781,255.66767055687478
1073,bc1031fb-8066-49b0-88d5-3ce487b63713,7,1073,True,1810,1810,249.88412905381892
1074,bc1031fb-8066-49b0-88d5-3ce487b63713,7,1074,True,1837,1837,233.63320667014432
1075,bc1031fb-8066-49b0-88d5-3ce487b63713,7,1075,True,1865,1865,310.2335654054755
1076,bc1031fb-8066-49b0-88d5-3ce487b63713,7,1076,True,1897,1897,354.81880566458767
1077,bc1031fb-8066-49b0-88d5-3ce487b63713,7,1077,True,1920,1920,340.67993703776983
1078,bc1031fb-8066-49b0-88d5-3ce487b63713,7,1078,True,1938,1938,237.23356540547547
1079,bc1031fb-8066-49b0-88d5-3ce487b63713,7,1079,True,1959,1959,227.08940984605442
1080,bc1031fb-8066-49b0-88d5-3ce487b63713,7,1080,True,1981,1981,318.9774594410587
1081,bc1031fb-8066-49b0-88d5-3ce487b63713,7,1081,True,1999,1999,341.20470824124686
1082,bc1031fb-8066-49b0-88d5-3ce487b63713,7,1082,True,2024,2024,302.9791310214032
1083,bc1031fb-8066-49b0-88d5-3ce487b63713,7,1083,True,2049,2049,291.20470824124686
1084,bc1031fb-8066-49b0-88d5-3ce487b63713,7,1084,True,2087,2087,335.7623585758365
1085,bc1031fb-8066-49b0-88d5-3ce487b63713,7,1085,True,2115,2115,267.7617611654946
1086,bc1031fb-8066-49b0-88d5-3ce487b63713,7,1086,True,2144,2144,413.98101019273145
1087,bc1031fb-8066-49b0-88d5-3ce487b63713,7,1087,True,2162,2162,260.7623585758365
1088,bc1031fb-8066-49b0-88d5-3ce487b63713,7,1088,True,2191,2191,366.98101019273145
1089,bc1031fb-8066-49b0-88d5-3ce487b63713,7,1089,True,2209,2209,348.98101019273145
1090,bc1031fb-8066-49b0-88d5-3ce487b63713,7,1090,True,2238,2238,304.52592428081834
1091,bc1031fb-8066-49b0-88d5-3ce487b63713,7,1091,True,2261,2261,296.98101019273145
1092,bc1031fb-8066-49b0-88d5-3ce487b63713,7,1092,True,2292,2292,408.6076565602116
1093,bc1031fb-8066-49b0-88d5-3ce487b63713,7,1093,True,2321,2321,391.60506556023256
1094,bc1031fb-8066-49b0-88d5-3ce487b63713,7,1094,True,2344,2344,368.60506556023256
1095,bc1031fb-8066-49b0-88d5-3ce487b63713,7,1095,True,2359,2359,411.8218276880684
1096,bc1031fb-8066-49b0-88d5-3ce487b63713,7,1096,True,2380,2380,376.39529705662017
1097,bc1031fb-8066-49b0-88d5-3ce487b63713,7,1097,True,2409,2409,347.39529705662017
1098,bc1031fb-8066-49b0-88d5-3ce487b63713,7,1098,True,2444,2444,456.80868788082444
1099,bc1031fb-8066-49b0-88d5-3ce487b63713,7,1099,True,2482,2482,408.86481694433724
1100,bc1031fb-8066-49b0-88d5-3ce487b63713,7,1100,True,2505,2505,395.80868788082444
1101,bc1031fb-8066-49b0-88d5-3ce487b63713,7,1101,True,2525,2525,350.5216135442388
1102,bc1031fb-8066-49b0-88d5-3ce487b63713,7,1102,True,2552,2552,338.86481694433724
1103,bc1031fb-8066-49b0-88d5-3ce487b63713,7,1103,True,2578,2578,342.68758332067864
1104,bc1031fb-8066-49b0-88d5-3ce487b63713,7,1104,True,2608,2608,441.8511804464497
1105,bc1031fb-8066-49b0-88d5-3ce487b63713,7,1105,True,2631,2631,406.5865880701226
1106,bc1031fb-8066-49b0-88d5-3ce487b63713,7,1106,True,2652,2652,408.2096737381803
1107,bc1031fb-8066-49b0-88d5-3ce487b63713,7,1107,True,2685,2685,364.8511804464497
1108,bc1031fb-8066-49b0-88d5-3ce487b63713,7,1108,True,2709,2709,408.08228003893964
1109,bc1031fb-8066-49b0-88d5-3ce487b63713,7,1109,True,2737,2737,380.08228003893964
1110,bc1031fb-8066-49b0-88d5-3ce487b63713,7,1110,True,2756,2756,428.7738077590775
1111,bc1031fb-8066-49b0-88d5-3ce487b63713,7,1111,True,2783,2783,414.00646732068344
1112,bc1031fb-8066-49b0-88d5-3ce487b63713,7,1112,True,2808,2808,397.47930660794145
1113,bc1031fb-8066-49b0-88d5-3ce487b63713,7,1113,True,2833,2833,272.44967460534554
1114,bc1031fb-8066-49b0-88d5-3ce487b63713,7,1114,True,2849,2849,289.73104330391425
1115,bc1031fb-8066-49b0-88d5-3ce487b63713,7,1115,True,2879,2879,395.651587409282
1116,bc1031fb-8066-49b0-88d5-3ce487b63713,7,1116,True,2905,2905,358.1668181463883
1117,bc1031fb-8066-49b0-88d5-3ce487b63713,7,1117,True,2918,2918,356.651587409282
1118,bc1031fb-8066-49b0-88d5-3ce487b63713,7,1118,True,2942,2942,321.1668181463883
1119,bc1031fb-8066-49b0-88d5-3ce487b63713,7,1119,True,2973,2973,338.8306191563288
1120,bc1031fb-8066-49b0-88d5-3ce487b63713,7,1120,True,3011,3011,322.0430903901074
1121,bc1031fb-8066-49b0-88d5-3ce487b63713,7,1121,True,3037,3037,285.17314531291277
1122,bc1031fb-8066-49b0-88d5-3ce487b63713,7,1122,True,3061,3061,347.369510162242
1123,bc1031fb-8066-49b0-88d5-3ce487b63713,7,1123,True,3077,3077,286.3097257613781
1124,bc1031fb-8066-49b0-88d5-3ce487b63713,7,1124,True,3106,3106,268.51906599719587
1125,bc1031fb-8066-49b0-88d5-3ce487b63713,7,1125,True,3131,3131,357.68053033742444
1126,bc1031fb-8066-49b0-88d5-3ce487b63713,7,1126,True,3152,3152,324.76853436395095
1127,bc1031fb-8066-49b0-88d5-3ce487b63713,7,1127,True,3179,3179,328.79783153405606
1128,bc1031fb-8066-49b0-88d5-3ce487b63713,7,1128,True,3205,3205,340.84679498108153
1129,bc1031fb-8066-49b0-88d5-3ce487b63713,7,1129,True,3230,3230,326.54805782005224
1130,bc1031fb-8066-49b0-88d5-3ce487b63713,7,1130,True,3264,3264,389.6957308521728
1131,bc1031fb-8066-49b0-88d5-3ce487b63713,7,1131,True,3291,3291,335.82461056522334
1132,bc1031fb-8066-49b0-88d5-3ce487b63713,7,1132,True,3313,3313,382.2608470800178
1133,bc1031fb-8066-49b0-88d5-3ce487b63713,7,1133,True,3342,3342,311.6957308521728
1134,bc1031fb-8066-49b0-88d5-3ce487b63713,7,1134,True,3366,3366,467.4334617287145
1135,bc1031fb-8066-49b0-88d5-3ce487b63713,7,1135,True,3391,3391,314.6707667649939
1136,bc1031fb-8066-49b0-88d5-3ce487b63713,7,1136,True,3409,3409,407.60454871983666
1137,bc1031fb-8066-49b0-88d5-3ce487b63713,7,1137,True,3432,3432,401.4334617287145
1138,bc1031fb-8066-49b0-88d5-3ce487b63713,7,1138,True,3461,3461,426.1984044323149
1139,bc1031fb-8066-49b0-88d5-3ce487b63713,7,1139,True,3484,3484,391.4820777840796
1140,bc1031fb-8066-49b0-88d5-3ce487b63713,7,1140,True,3517,3517,347.5110276358587
1141,bc1031fb-8066-49b0-88d5-3ce487b63713,7,1141,True,3543,3543,344.1984044323149
1142,bc1031fb-8066-49b0-88d5-3ce487b63713,7,1142,True,3573,3573,443.08737294010143
1143,bc1031fb-8066-49b0-88d5-3ce487b63713,7,1143,True,3599,3599,437.5781969554905
1144,bc1031fb-8066-49b0-88d5-3ce487b63713,7,1144,True,3626,3626,302.1137680279285
1145,bc1031fb-8066-49b0-88d5-3ce487b63713,7,1145,True,3643,3643,373.08737294010143
1146,bc1031fb-8066-49b0-88d5-3ce487b63713,7,1146,True,3663,3663,373.5781969554905
1147,bc1031fb-8066-49b0-88d5-3ce487b63713,7,1147,True,3694,3694,331.7797339270369
1148,bc1031fb-8066-49b0-88d5-3ce487b63713,7,1148,True,3730,3730,333.44603122576837
1149,bc1031fb-8066-49b0-88d5-3ce487b63713,7,1149,True,3754,3754,323.3296135063961
1150,bc1031fb-8066-49b0-88d5-3ce487b63713,7,1150,True,3779,3779,357.92571738399874
1151,bc1031fb-8066-49b0-88d5-3ce487b63713,7,1151,True,3801,3801,323.94809099634585
1152,bc1031fb-8066-49b0-88d5-3ce487b63713,7,1152,True,3833,3833,303.92571738399874
1153,bc1031fb-8066-49b0-88d5-3ce487b63713,7,1153,True,3862,3862,437.06531908961006
1154,bc1031fb-8066-49b0-88d5-3ce487b63713,7,1154,True,3887,3887,476.5081645166547
1155,bc1031fb-8066-49b0-88d5-3ce487b63713,7,1155,True,3913,3913,330.1301245436207
1156,bc1031fb-8066-49b0-88d5-3ce487b63713,7,1156,True,3935,3935,317.20931014448524
1157,bc1031fb-8066-49b0-88d5-3ce487b63713,7,1157,True,3955,3955,408.5081645166547
1158,bc1031fb-8066-49b0-88d5-3ce487b63713,7,1158,True,3980,3980,359.946927021746
1159,bc1031fb-8066-49b0-88d5-3ce487b63713,7,1159,True,4002,4002,349.24454638101633
1160,bc1031fb-8066-49b0-88d5-3ce487b63713,7,1160,True,4031,4031,332.5081645166547
1161,bc1031fb-8066-49b0-88d5-3ce487b63713,7,1161,True,4057,4057,471.33833427536047
1162,bc1031fb-8066-49b0-88d5-3ce487b63713,7,1162,True,4081,4081,431.0083486348176
1163,bc1031fb-8066-49b0-88d5-3ce487b63713,7,1163,True,4099,4099,357.12936513469685
1164,bc1031fb-8066-49b0-88d5-3ce487b63713,7,1164,True,4124,4124,404.33833427536047
1165,bc1031fb-8066-49b0-88d5-3ce487b63713,7,1165,True,4165,4165,347.0083486348176
1166,bc1031fb-8066-49b0-88d5-3ce487b63713,7,1166,True,4187,4187,313.2762003679918
1167,bc1031fb-8066-49b0-88d5-3ce487b63713,7,1167,True,4208,4208,340.5781793462702
1168,bc1031fb-8066-49b0-88d5-3ce487b63713,7,1168,True,4229,4229,461.3289225943636
1169,bc1031fb-8066-49b0-88d5-3ce487b63713,7,1169,True,4253,4253,452.1318046241986
1170,bc1031fb-8066-49b0-88d5-3ce487b63713,7,1170,True,4275,4275,493.20849732112856
1171,bc1031fb-8066-49b0-88d5-3ce487b63713,7,1171,True,4305,4305,450.7513216233219
1172,bc1031fb-8066-49b0-88d5-3ce487b63713,7,1172,True,4328,4328,440.20849732112856
1173,bc1031fb-8066-49b0-88d5-3ce487b63713,7,1173,True,4357,4357,531.6327727605039
1174,bc1031fb-8066-49b0-88d5-3ce487b63713,7,1174,True,4383,4383,490.2879738094116
1175,bc1031fb-8066-49b0-88d5-3ce487b63713,7,1175,True,4399,4399,369.20849732112856
1176,bc1031fb-8066-49b0-88d5-3ce487b63713,7,1176,True,4427,4427,461.63277276050394
1177,bc1031fb-8066-49b0-88d5-3ce487b63713,7,1177,True,4456,4456,417.2879738094116
1178,bc1031fb-8066-49b0-88d5-3ce487b63713,7,1178,True,4492,4492,396.63277276050394
1179,bc1031fb-8066-49b0-88d5-3ce487b63713,7,1179,True,4513,4513,375.63277276050394
1180,bc1031fb-8066-49b0-88d5-3ce487b63713,7,1180,True,4535,4535,460.9536558189584
1181,bc1031fb-8066-49b0-88d5-3ce487b63713,7,1181,True,4564,4564,472.66333528568975
1182,bc1031fb-8066-49b0-88d5-3ce487b63713,7,1182,True,4589,4589,502.6623136060616
1183,bc1031fb-8066-49b0-88d5-3ce487b63713,7,1183,True,4612,4612,435.3418305692121
1184,bc1031fb-8066-49b0-88d5-3ce487b63713,7,1184,True,4642,4642,394.66333528568975
1185,bc1031fb-8066-49b0-88d5-3ce487b63713,7,1185,True,4670,4670,421.6623136060616
1186,bc1031fb-8066-49b0-88d5-3ce487b63713,7,1186,True,4704,4704,407.89058080836367
1187,bc1031fb-8066-49b0-88d5-3ce487b63713,7,1187,True,4725,4725,366.6623136060616
1188,bc1031fb-8066-49b0-88d5-3ce487b63713,7,1188,True,4745,4745,491.7876614984061
1189,bc1031fb-8066-49b0-88d5-3ce487b63713,7,1189,True,4776,4776,335.89058080836367
1190,bc1031fb-8066-49b0-88d5-3ce487b63713,7,1190,True,4804,4804,432.7876614984061
1191,bc1031fb-8066-49b0-88d5-3ce487b63713,7,1191,True,4840,4840,418.49905671099714
1192,bc1031fb-8066-49b0-88d5-3ce487b63713,7,1192,True,4863,4863,385.5357516666727
1193,bc1031fb-8066-49b0-88d5-3ce487b63713,7,1193,True,4886,4886,512.939244473363
1194,bc1031fb-8066-49b0-88d5-3ce487b63713,7,1194,True,4917,4917,481.93924447336303
1195,bc1031fb-8066-49b0-88d5-3ce487b63713,7,1195,True,4941,4941,403.5406808997568
1196,bc1031fb-8066-49b0-88d5-3ce487b63713,7,1196,True,4969,4969,353.90167804116663
1197,bc1031fb-8066-49b0-88d5-3ce487b63713,7,1197,True,4983,4983,415.93924447336303
1198,bc1031fb-8066-49b0-88d5-3ce487b63713,7,1198,True,5011,5011,399.8005143208511
1199,bc1031fb-8066-49b0-88d5-3ce487b63713,7,1199,True,5031,5031,338.74329047723404
1200,bc1031fb-8066-49b0-88d5-3ce487b63713,7,1200,True,5057,5057,341.93924447336303
1201,bc1031fb-8066-49b0-88d5-3ce487b63713,7,1201,True,5076,5076,391.2708444307009
1202,bc1031fb-8066-49b0-88d5-3ce487b63713,7,1202,True,5098,5098,312.8005143208511
1203,bc1031fb-8066-49b0-88d5-3ce487b63713,7,1203,True,5126,5126,387.9679645135584
1204,bc1031fb-8066-49b0-88d5-3ce487b63713,7,1204,True,5147,5147,351.90267409997887
1205,bc1031fb-8066-49b0-88d5-3ce487b63713,7,1205,True,5173,5173,351.3766811096484
1206,bc1031fb-8066-49b0-88d5-3ce487b63713,7,1206,True,5206,5206,454.6193704003981
1207,bc1031fb-8066-49b0-88d5-3ce487b63713,7,1207,True,5234,5234,405.59468421077054
1208,bc1031fb-8066-49b0-88d5-3ce487b63713,7,1208,True,5260,5260,415.004875705572
1209,bc1031fb-8066-49b0-88d5-3ce487b63713,7,1209,True,5282,5282,378.6193704003981
1210,bc1031fb-8066-49b0-88d5-3ce487b63713,7,1210,True,5309,5309,366.004875705572
1211,bc1031fb-8066-49b0-88d5-3ce487b63713,7,1211,True,5338,5338,350.5483110091709
1212,bc1031fb-8066-49b0-88d5-3ce487b63713,7,1212,True,5354,5354,458.67132881925863
1213,bc1031fb-8066-49b0-88d5-3ce487b63713,7,1213,True,5376,5376,457.21458403411543
1214,bc1031fb-8066-49b0-88d5-3ce487b63713,7,1214,True,5404,5404,440.7524782894843
1215,bc1031fb-8066-49b0-88d5-3ce487b63713,7,1215,True,5419,5419,445.003002379246
1216,bc1031fb-8066-49b0-88d5-3ce487b63713,7,1216,True,5454,5454,281.9829898612288
1217,bc1031fb-8066-49b0-88d5-3ce487b63713,7,1217,True,5482,5482,428.0399386185227
1218,bc1031fb-8066-49b0-88d5-3ce487b63713,7,1218,True,5502,5502,573.610373757042
1219,bc1031fb-8066-49b0-88d5-3ce487b63713,7,1219,True,5531,5531,471.57298742414605
1220,bc1031fb-8066-49b0-88d5-3ce487b63713,7,1220,True,5552,5552,358.0399386185227
1221,bc1031fb-8066-49b0-88d5-3ce487b63713,7,1221,True,5567,5567,394.67692093797996
1222,bc1031fb-8066-49b0-88d5-3ce487b63713,7,1222,True,5585,5585,365.72890541614925
1223,bc1031fb-8066-49b0-88d5-3ce487b63713,7,1223,True,5614,5614,358.41281494701616
1224,bc1031fb-8066-49b0-88d5-3ce487b63713,7,1224,True,5638,5638,479.0210959900387
1225,bc1031fb-8066-49b0-88d5-3ce487b63713,7,1225,True,5661,5661,525.5404309762753
1226,bc1031fb-8066-49b0-88d5-3ce487b63713,7,1226,True,5681,5681,516.7621657423215
1227,bc1031fb-8066-49b0-88d5-3ce487b63713,7,1227,True,5702,5702,415.0210959900387
1228,bc1031fb-8066-49b0-88d5-3ce487b63713,7,1228,True,5728,5728,458.5404309762753
1229,bc1031fb-8066-49b0-88d5-3ce487b63713,7,1229,True,5750,5750,447.7621657423215
1230,bc1031fb-8066-49b0-88d5-3ce487b63713,7,1230,True,5776,5776,341.0210959900387
1231,bc1031fb-8066-49b0-88d5-3ce487b63713,7,1231,True,5803,5803,506.8215122323336
1232,bc1031fb-8066-49b0-88d5-3ce487b63713,7,1232,True,5824,5824,466.31217901124546
1233,bc1031fb-8066-49b0-88d5-3ce487b63713,7,1233,True,5852,5852,506.30349988220223
1234,bc1031fb-8066-49b0-88d5-3ce487b63713,7,1234,True,5874,5874,435.8215122323336
1235,bc1031fb-8066-49b0-88d5-3ce487b63713,7,1235,True,5900,5900,390.31217901124546
1236,bc1031fb-8066-49b0-88d5-3ce487b63713,7,1236,True,5936,5936,422.30349988220223
1237,bc1031fb-8066-49b0-88d5-3ce487b63713,7,1237,True,5956,5956,388.89170619612923
1238,bc1031fb-8066-49b0-88d5-3ce487b63713,7,1238,True,5984,5984,479.1717262852171
1239,bc1031fb-8066-49b0-88d5-3ce487b63713,7,1239,True,6008,6008,401.8493398458759
1240,bc1031fb-8066-49b0-88d5-3ce487b63713,7,1240,True,6034,6034,449.532870428201
1241,bc1031fb-8066-49b0-88d5-3ce487b63713,7,1241,True,6058,6058,362.4726854795308
1242,bc1031fb-8066-49b0-88d5-3ce487b63713,7,1242,True,6081,6081,412.7287760217505
1243,bc1031fb-8066-49b0-88d5-3ce487b63713,7,1243,True,6101,6101,382.532870428201
1244,bc1031fb-8066-49b0-88d5-3ce487b63713,7,1244,True,6144,6144,390.4204025558911
1245,bc1031fb-8066-49b0-88d5-3ce487b63713,7,1245,True,6161,6161,491.314176144484
1246,bc1031fb-8066-49b0-88d5-3ce487b63713,7,1246,True,6194,6194,364.11186013408224
1247,bc1031fb-8066-49b0-88d5-3ce487b63713,7,1247,True,6215,6215,549.2703970898874
1248,bc1031fb-8066-49b0-88d5-3ce487b63713,7,1248,True,6243,6243,532.9808437198062
1249,bc1031fb-8066-49b0-88d5-3ce487b63713,7,1249,True,6269,6269,465.3936901271618
1250,bc1031fb-8066-49b0-88d5-3ce487b63713,7,1250,True,6296,6296,356.314176144484
1251,bc1031fb-8066-49b0-88d5-3ce487b63713,7,1251,True,6324,6324,604.4985767762482
1252,bc1031fb-8066-49b0-88d5-3ce487b63713,7,1252,True,6353,6353,563.2300969522939
1253,bc1031fb-8066-49b0-88d5-3ce487b63713,7,1253,True,6374,6374,401.9808437198062
1254,bc1031fb-8066-49b0-88d5-3ce487b63713,7,1254,True,6395,6395,533.4985767762482
1255,bc1031fb-8066-49b0-88d5-3ce487b63713,7,1255,True,6410,6410,557.9754640109277
1256,bc1031fb-8066-49b0-88d5-3ce487b63713,7,1256,True,6439,6439,462.96502304343085
1257,bc1031fb-8066-49b0-88d5-3ce487b63713,7,1257,True,6467,6467,461.4985767762482
1258,bc1031fb-8066-49b0-88d5-3ce487b63713,7,1258,True,6503,6503,533.3539127491385
1259,bc1031fb-8066-49b0-88d5-3ce487b63713,7,1259,True,6537,6537,499.35391274913854
1260,bc1031fb-8066-49b0-88d5-3ce487b63713,7,1260,True,6557,6557,467.351601431742
1261,bc1031fb-8066-49b0-88d5-3ce487b63713,7,1261,True,6586,6586,602.5096281393799
1262,bc1031fb-8066-49b0-88d5-3ce487b63713,7,1262,True,6611,6611,603.4569174122544
1263,bc1031fb-8066-49b0-88d5-3ce487b63713,7,1263,True,6634,6634,568.6669356936673
1264,bc1031fb-8066-49b0-88d5-3ce487b63713,7,1264,True,6660,6660,528.5096281393799
1265,bc1031fb-8066-49b0-88d5-3ce487b63713,7,1265,True,6681,6681,521.6669356936673
1266,bc1031fb-8066-49b0-88d5-3ce487b63713,7,1266,True,6713,6713,501.45691741225437
1267,bc1031fb-8066-49b0-88d5-3ce487b63713,7,1267,True,6743,6743,471.45691741225437
1268,bc1031fb-8066-49b0-88d5-3ce487b63713,7,1268,True,6770,6770,432.66693569366726
1269,bc1031fb-8066-49b0-88d5-3ce487b63713,7,1269,True,6798,6798,580.5337081034259
1270,bc1031fb-8066-49b0-88d5-3ce487b63713,7,1270,True,6822,6822,642.7907966790217
1271,bc1031fb-8066-49b0-88d5-3ce487b63713,7,1271,True,6857,6857,430.23992061735953
1272,bc1031fb-8066-49b0-88d5-3ce487b63713,7,1272,True,6887,6887,413.01039276680785
1273,bc1031fb-8066-49b0-88d5-3ce487b63713,7,1273,True,6911,6911,553.7907966790217
1274,bc1031fb-8066-49b0-88d5-3ce487b63713,7,1274,True,6933,6933,502.9965880440486
1275,bc1031fb-8066-49b0-88d5-3ce487b63713,7,1275,True,6948,6948,562.5369147894808
1276,bc1031fb-8066-49b0-88d5-3ce487b63713,7,1276,True,6982,6982,482.7907966790217
1277,bc1031fb-8066-49b0-88d5-3ce487b63713,7,1277,True,7011,7011,424.9965880440486
1278,bc1031fb-8066-49b0-88d5-3ce487b63713,7,1278,True,7038,7038,489.9000048211028
1279,bc1031fb-8066-49b0-88d5-3ce487b63713,7,1279,True,7057,7057,470.9000048211028
1280,bc1031fb-8066-49b0-88d5-3ce487b63713,7,1280,True,7073,7073,489.032481608735
1281,bc1031fb-8066-49b0-88d5-3ce487b63713,7,1281,True,7100,7100,444.7656103845284
1282,bc1031fb-8066-49b0-88d5-3ce487b63713,7,1282,True,7130,7130,397.9000048211028
1283,bc1031fb-8066-49b0-88d5-3ce487b63713,7,1283,True,7148,7148,454.6190558751796
1284,bc1031fb-8066-49b0-88d5-3ce487b63713,7,1284,True,7170,7170,496.979533141086
1285,bc1031fb-8066-49b0-88d5-3ce487b63713,7,1285,True,7195,7195,394.82324613449964
1286,bc1031fb-8066-49b0-88d5-3ce487b63713,7,1286,True,7218,7218,384.6190558751796
1287,bc1031fb-8066-49b0-88d5-3ce487b63713,7,1287,True,7248,7248,496.618638326011
1288,bc1031fb-8066-49b0-88d5-3ce487b63713,7,1288,True,7270,7270,492.1552137077906
1289,bc1031fb-8066-49b0-88d5-3ce487b63713,7,1289,True,7306,7306,371.1836961201352
1290,bc1031fb-8066-49b0-88d5-3ce487b63713,7,1290,True,7329,7329,465.5139206467247
1291,bc1031fb-8066-49b0-88d5-3ce487b63713,7,1291,True,7346,7346,416.1552137077906
1292,bc1031fb-8066-49b0-88d5-3ce487b63713,7,1292,True,7372,7372,404.84129534822387
1293,bc1031fb-8066-49b0-88d5-3ce487b63713,7,1293,True,7392,7392,352.618638326011
1294,bc1031fb-8066-49b0-88d5-3ce487b63713,7,1294,True,7423,7423,489.9873432473596
1295,bc1031fb-8066-49b0-88d5-3ce487b63713,7,1295,True,7447,7447,503.1624333835389
1296,bc1031fb-8066-49b0-88d5-3ce487b63713,7,1296,True,7466,7466,430.36482162430457
1297,bc1031fb-8066-49b0-88d5-3ce487b63713,7,1297,True,7486,7486,426.9873432473596
1298,bc1031fb-8066-49b0-88d5-3ce487b63713,7,1298,True,7507,7507,443.1624333835389
1299,bc1031fb-8066-49b0-88d5-3ce487b63713,7,1299,True,7526,7526,443.0042109454607
1300,bc1031fb-8066-49b0-88d5-3ce487b63713,7,1300,True,7554,7554,358.9873432473596
1301,bc1031fb-8066-49b0-88d5-3ce487b63713,7,1301,True,7579,7579,371.1624333835389
1302,bc1031fb-8066-49b0-88d5-3ce487b63713,7,1302,True,7596,7596,373.0042109454607
1303,bc1031fb-8066-49b0-88d5-3ce487b63713,7,1303,True,7617,7617,475.18167377911595
1304,bc1031fb-8066-49b0-88d5-3ce487b63713,7,1304,True,7634,7634,429.20965371503644
1305,bc1031fb-8066-49b0-88d5-3ce487b63713,7,1305,True,7659,7659,361.82011327814325
1306,bc1031fb-8066-49b0-88d5-3ce487b63713,7,1306,True,7680,7680,351.88276154014693
1307,bc1031fb-8066-49b0-88d5-3ce487b63713,7,1307,True,7703,7703,360.20965371503644
1308,bc1031fb-8066-49b0-88d5-3ce487b63713,7,1308,True,7730,7730,420.0111132100683
1309,bc1031fb-8066-49b0-88d5-3ce487b63713,7,1309,True,7754,7754,385.5471514240853
1310,bc1031fb-8066-49b0-88d5-3ce487b63713,7,1310,True,7780,7780,536.9384395414036
1311,bc1031fb-8066-49b0-88d5-3ce487b63713,7,1311,True,7808,7808,438.8154435610122
1312,bc1031fb-8066-49b0-88d5-3ce487b63713,7,1312,True,7833,7833,452.19475727644385
1313,bc1031fb-8066-49b0-88d5-3ce487b63713,7,1313,True,7865,7865,324.48197731307664
1314,bc1031fb-8066-49b0-88d5-3ce487b63713,7,1314,True,7890,7890,513.4758962193027
1315,bc1031fb-8066-49b0-88d5-3ce487b63713,7,1315,True,7917,7917,449.2948296592276
1316,bc1031fb-8066-49b0-88d5-3ce487b63713,7,1316,True,7939,7939,477.1909978813728
1317,bc1031fb-8066-49b0-88d5-3ce487b63713,7,1317,True,7967,7967,436.47589621930274
1318,bc1031fb-8066-49b0-88d5-3ce487b63713,7,1318,True,7990,7990,376.2948296592276
1319,bc1031fb-8066-49b0-88d5-3ce487b63713,7,1319,True,8010,8010,406.1909978813728
1320,bc1031fb-8066-49b0-88d5-3ce487b63713,7,1320,True,8034,8034,369.47589621930274
1321,bc1031fb-8066-49b0-88d5-3ce487b63713,7,1321,True,8064,8064,496.167234561457
1322,bc1031fb-8066-49b0-88d5-3ce487b63713,7,1322,True,8089,8089,363.20597264706703
1323,bc1031fb-8066-49b0-88d5-3ce487b63713,7,1323,True,8116,8116,444.167234561457
1324,bc1031fb-8066-49b0-88d5-3ce487b63713,7,1324,True,8137,8137,477.09533901073155
1325,bc1031fb-8066-49b0-88d5-3ce487b63713,7,1325,True,8165,8165,381.5412790730643
1326,bc1031fb-8066-49b0-88d5-3ce487b63713,7,1326,True,8196,8196,364.167234561457
1327,bc1031fb-8066-49b0-88d5-3ce487b63713,7,1327,True,8218,8218,457.54170739195797
1328,bc1031fb-8066-49b0-88d5-3ce487b63713,7,1328,True,8242,8242,454.237933428165
1329,bc1031fb-8066-49b0-88d5-3ce487b63713,7,1329,True,8266,8266,396.32965006807535
1330,bc1031fb-8066-49b0-88d5-3ce487b63713,7,1330,True,8289,8289,434.7140830726894
1331,bc1031fb-8066-49b0-88d5-3ce487b63713,7,1331,True,8322,8322,453.0958066909443
1332,bc1031fb-8066-49b0-88d5-3ce487b63713,7,1332,True,8345,8345,368.08283352859144
1333,bc1031fb-8066-49b0-88d5-3ce487b63713,7,1333,True,8384,8384,391.0958066909443
1334,bc1031fb-8066-49b0-88d5-3ce487b63713,7,1334,True,8411,8411,364.0958066909443
1335,bc1031fb-8066-49b0-88d5-3ce487b63713,7,1335,True,8434,8434,327.89066144206663
1336,bc1031fb-8066-49b0-88d5-3ce487b63713,7,1336,True,8460,8460,315.0958066909443
1337,bc1031fb-8066-49b0-88d5-3ce487b63713,7,1337,True,8480,8480,492.5378624147688
1338,bc1031fb-8066-49b0-88d5-3ce487b63713,7,1338,True,8503,8503,406.6086066723037
1339,bc1031fb-8066-49b0-88d5-3ce487b63713,7,1339,True,8526,8526,435.4839449935789
1340,bc1031fb-8066-49b0-88d5-3ce487b63713,7,1340,True,8554,8554,432.6832719154336
1341,bc1031fb-8066-49b0-88d5-3ce487b63713,7,1341,True,8582,8582,379.4839449935789
1342,bc1031fb-8066-49b0-88d5-3ce487b63713,7,1342,True,8602,8602,384.6832719154336
1343,bc1031fb-8066-49b0-88d5-3ce487b63713,7,1343,True,8627,8627,396.7649542968611
1344,bc1031fb-8066-49b0-88d5-3ce487b63713,7,1344,True,8653,8653,387.06211250377055
1345,bc1031fb-8066-49b0-88d5-3ce487b63713,7,1345,True,8682,8682,470.6765491621172
1346,bc1031fb-8066-49b0-88d5-3ce487b63713,7,1346,True,8711,8711,480.36560624172307
1347,bc1031fb-8066-49b0-88d5-3ce487b63713,7,1347,True,8741,8741,488.11708330423426
1348,bc1031fb-8066-49b0-88d5-3ce487b63713,7,1348,True,8760,8760,392.6765491621172
1349,bc1031fb-8066-49b0-88d5-3ce487b63713,7,1349,True,8787,8787,355.1124613160264
1350,bc1031fb-8066-49b0-88d5-3ce487b63713,7,1350,True,8806,8806,453.86930210387254
1351,bc1031fb-8066-49b0-88d5-3ce487b63713,7,1351,True,8838,8838,439.7871416139642
1352,bc1031fb-8066-49b0-88d5-3ce487b63713,7,1352,True,8871,8871,444.4037444977239
1353,bc1031fb-8066-49b0-88d5-3ce487b63713,7,1353,True,8897,8897,439.19342240110564
1354,bc1031fb-8066-49b0-88d5-3ce487b63713,7,1354,True,8929,8929,348.7871416139642
1355,bc1031fb-8066-49b0-88d5-3ce487b63713,7,1355,True,8956,8956,273.11708330423426
1356,bc1031fb-8066-49b0-88d5-3ce487b63713,7,1356,True,8981,8981,382.20648680650265
1357,bc1031fb-8066-49b0-88d5-3ce487b63713,7,1357,True,9002,9002,324.309398404228
1358,bc1031fb-8066-49b0-88d5-3ce487b63713,7,1358,True,9024,9024,483.58299673368674
1359,bc1031fb-8066-49b0-88d5-3ce487b63713,7,1359,True,9044,9044,442.84034557677296
1360,bc1031fb-8066-49b0-88d5-3ce487b63713,7,1360,True,9077,9077,420.86188686264904
1361,bc1031fb-8066-49b0-88d5-3ce487b63713,7,1361,True,9097,9097,410.58299673368674
1362,bc1031fb-8066-49b0-88d5-3ce487b63713,7,1362,True,9125,9125,361.84034557677296
1363,bc1031fb-8066-49b0-88d5-3ce487b63713,7,1363,True,9155,9155,412.13735356437974
1364,bc1031fb-8066-49b0-88d5-3ce487b63713,7,1364,True,9185,9185,393.00459807507286
1365,bc1031fb-8066-49b0-88d5-3ce487b63713,7,1365,True,9213,9213,434.0221081472955
1366,bc1031fb-8066-49b0-88d5-3ce487b63713,7,1366,True,9248,9248,380.9645147688316
1367,bc1031fb-8066-49b0-88d5-3ce487b63713,7,1367,True,9270,9270,390.40938476701376
1368,bc1031fb-8066-49b0-88d5-3ce487b63713,7,1368,True,9290,9290,449.064939738877
1369,bc1031fb-8066-49b0-88d5-3ce487b63713,7,1369,True,9310,9310,350.40938476701376
1370,bc1031fb-8066-49b0-88d5-3ce487b63713,7,1370,True,9331,9331,348.8410776418914
1371,bc1031fb-8066-49b0-88d5-3ce487b63713,7,1371,True,9361,9361,473.6189186311658
1372,bc1031fb-8066-49b0-88d5-3ce487b63713,7,1372,True,9390,9390,338.2575877027666
1373,bc1031fb-8066-49b0-88d5-3ce487b63713,7,1373,True,9407,9407,437.2800433253269
1374,bc1031fb-8066-49b0-88d5-3ce487b63713,7,1374,True,9430,9430,497.0916935620662
1375,bc1031fb-8066-49b0-88d5-3ce487b63713,7,1375,True,9451,9451,464.79948264927043
1376,bc1031fb-8066-49b0-88d5-3ce487b63713,7,1376,True,9473,9473,442.79948264927043
1377,bc1031fb-8066-49b0-88d5-3ce487b63713,7,1377,True,9505,9505,463.8274743787879
1378,bc1031fb-8066-49b0-88d5-3ce487b63713,7,1378,True,9526,9526,442.8274743787879
1379,bc1031fb-8066-49b0-88d5-3ce487b63713,7,1379,True,9541,9541,437.5192550712509
1380,bc1031fb-8066-49b0-88d5-3ce487b63713,7,1380,True,9562,9562,468.95491773405047
1381,bc1031fb-8066-49b0-88d5-3ce487b63713,7,1381,True,9586,9586,444.95491773405047
1382,bc1031fb-8066-49b0-88d5-3ce487b63713,7,1382,True,9616,9616,425.4427931939317
1383,bc1031fb-8066-49b0-88d5-3ce487b63713,7,1383,True,9638,9638,461.86696427980314
1384,bc1031fb-8066-49b0-88d5-3ce487b63713,7,1384,True,9659,9659,500.9342015711172
1385,bc1031fb-8066-49b0-88d5-3ce487b63713,7,1385,True,9688,9688,401.55302459645645
1386,bc1031fb-8066-49b0-88d5-3ce487b63713,7,1386,True,9717,9717,453.3785574479916
1387,bc1031fb-8066-49b0-88d5-3ce487b63713,7,1387,True,9748,9748,402.5137062395661
1388,bc1031fb-8066-49b0-88d5-3ce487b63713,7,1388,True,9774,9774,451.6733230177524
1389,bc1031fb-8066-49b0-88d5-3ce487b63713,7,1389,True,9805,9805,420.6733230177524
1390,bc1031fb-8066-49b0-88d5-3ce487b63713,7,1390,True,9834,9834,446.4803202298899
1391,bc1031fb-8066-49b0-88d5-3ce487b63713,7,1391,True,9862,9862,342.7414903652534
1392,bc1031fb-8066-49b0-88d5-3ce487b63713,7,1392,True,9883,9883,397.4803202298899
1393,bc1031fb-8066-49b0-88d5-3ce487b63713,7,1393,True,9906,9906,390.25662738070423
1394,bc1031fb-8066-49b0-88d5-3ce487b63713,7,1394,True,9936,9936,386.4139804095739
1395,bc1031fb-8066-49b0-88d5-3ce487b63713,7,1395,True,9962,9962,408.3684417669374
1396,bc1031fb-8066-49b0-88d5-3ce487b63713,7,1396,True,9986,9986,394.5393156120008
1397,bc1031fb-8066-49b0-88d5-3ce487b63713,7,1397,True,10014,10014,356.3684417669374
1398,bc1031fb-8066-49b0-88d5-3ce487b63713,7,1398,True,10049,10049,390.7955019473211
1399,bc1031fb-8066-49b0-88d5-3ce487b63713,7,1399,True,10074,10074,440.7872909175203
1400,bc1031fb-8066-49b0-88d5-3ce487b63713,7,1400,True,10102,10102,480.4037466162699
1401,bc1031fb-8066-49b0-88d5-3ce487b63713,7,1401,True,10123,10123,483.43951088722497
1402,bc1031fb-8066-49b0-88d5-3ce487b63713,7,1402,True,10150,10150,445.80593643959946
1403,bc1031fb-8066-49b0-88d5-3ce487b63713,7,1403,True,10170,10170,476.7409299997089
1404,bc1031fb-8066-49b0-88d5-3ce487b63713,7,1404,True,10194,10194,463.588513429273
1405,bc1031fb-8066-49b0-88d5-3ce487b63713,7,1405,True,10225,10225,502.6833921837151
1406,bc1031fb-8066-49b0-88d5-3ce487b63713,7,1406,True,10252,10252,463.9007570996073
1407,bc1031fb-8066-49b0-88d5-3ce487b63713,7,1407,True,10290,10290,425.9007570996073
1408,bc1031fb-8066-49b0-88d5-3ce487b63713,7,1408,True,10315,10315,352.9622365061223
1409,bc1031fb-8066-49b0-88d5-3ce487b63713,7,1409,True,10334,10334,434.6036227938439
1410,bc1031fb-8066-49b0-88d5-3ce487b63713,7,1410,True,10360,10360,408.6036227938439
1411,bc1031fb-8066-49b0-88d5-3ce487b63713,7,1411,True,10383,10383,459.3129668148558
1412,bc1031fb-8066-49b0-88d5-3ce487b63713,7,1412,True,10400,10400,508.9714871028773
1413,bc1031fb-8066-49b0-88d5-3ce487b63713,7,1413,True,10427,10427,573.8039663505042
1414,bc1031fb-8066-49b0-88d5-3ce487b63713,7,1414,True,10447,10447,461.9714871028773
1415,bc1031fb-8066-49b0-88d5-3ce487b63713,7,1415,True,10469,10469,531.8039663505042
1416,bc1031fb-8066-49b0-88d5-3ce487b63713,7,1416,True,10501,10501,484.21515575576996
1417,bc1031fb-8066-49b0-88d5-3ce487b63713,7,1417,True,10532,10532,468.8039663505042
1418,bc1031fb-8066-49b0-88d5-3ce487b63713,7,1418,True,10554,10554,446.8039663505042
1419,bc1031fb-8066-49b0-88d5-3ce487b63713,7,1419,True,10571,10571,537.8209682697561
1420,bc1031fb-8066-49b0-88d5-3ce487b63713,7,1420,True,10587,10587,476.61858818705514
1421,bc1031fb-8066-49b0-88d5-3ce487b63713,7,1421,True,10608,10608,438.6297667788949
1422,bc1031fb-8066-49b0-88d5-3ce487b63713,7,1422,True,10629,10629,407.4276422777857
1423,bc1031fb-8066-49b0-88d5-3ce487b63713,7,1423,True,10648,10648,460.8209682697561
1424,bc1031fb-8066-49b0-88d5-3ce487b63713,7,1424,True,10687,10687,359.6297667788949
1425,bc1031fb-8066-49b0-88d5-3ce487b63713,7,1425,True,10708,10708,430.1432689231715
1426,bc1031fb-8066-49b0-88d5-3ce487b63713,7,1426,True,10730,10730,378.8209682697561
1427,bc1031fb-8066-49b0-88d5-3ce487b63713,7,1427,True,10751,10751,550.8071582353386
1428,bc1031fb-8066-49b0-88d5-3ce487b63713,7,1428,True,10772,10772,557.2897229401206
1429,bc1031fb-8066-49b0-88d5-3ce487b63713,7,1429,True,10800,10800,515.8375889765593
1430,bc1031fb-8066-49b0-88d5-3ce487b63713,7,1430,True,10820,10820,481.80715823533865
1431,bc1031fb-8066-49b0-88d5-3ce487b63713,7,1431,True,10839,10839,362.9062071912049
1432,bc1031fb-8066-49b0-88d5-3ce487b63713,7,1432,True,10870,10870,445.83758897655935
1433,bc1031fb-8066-49b0-88d5-3ce487b63713,7,1433,True,10886,10886,443.28972294012055
1434,bc1031fb-8066-49b0-88d5-3ce487b63713,7,1434,True,10908,10908,407.83758897655935
1435,bc1031fb-8066-49b0-88d5-3ce487b63713,7,1435,True,10938,10938,434.14226874694396
1436,bc1031fb-8066-49b0-88d5-3ce487b63713,7,1436,True,10964,10964,471.3625090557707
1437,bc1031fb-8066-49b0-88d5-3ce487b63713,7,1437,True,10983,10983,378.9383880065361
1438,bc1031fb-8066-49b0-88d5-3ce487b63713,7,1438,True,11004,11004,431.3625090557707
1439,bc1031fb-8066-49b0-88d5-3ce487b63713,7,1439,True,11020,11020,425.22053858810796
1440,bc1031fb-8066-49b0-88d5-3ce487b63713,7,1440,True,11042,11042,442.16564070280947
1441,bc1031fb-8066-49b0-88d5-3ce487b63713,7,1441,True,11057,11057,437.35073934986576
1442,bc1031fb-8066-49b0-88d5-3ce487b63713,7,1442,True,11081,11081,464.68406376230814
1443,bc1031fb-8066-49b0-88d5-3ce487b63713,7,1443,True,11107,11107,542.990021255624
1444,bc1031fb-8066-49b0-88d5-3ce487b63713,7,1444,True,11129,11129,500.65897959550966
1445,bc1031fb-8066-49b0-88d5-3ce487b63713,7,1445,True,11161,11161,468.65897959550966
1446,bc1031fb-8066-49b0-88d5-3ce487b63713,7,1446,True,11181,11181,353.6620521313016
1447,bc1031fb-8066-49b0-88d5-3ce487b63713,7,1447,True,11210,11210,419.65897959550966
1448,bc1031fb-8066-49b0-88d5-3ce487b63713,7,1448,True,11235,11235,436.37347014469924
1449,bc1031fb-8066-49b0-88d5-3ce487b63713,7,1449,True,11258,11258,357.2557090915652
1450,bc1031fb-8066-49b0-88d5-3ce487b63713,7,1450,True,11282,11282,404.5476185580319
1451,bc1031fb-8066-49b0-88d5-3ce487b63713,7,1451,True,11306,11306,365.37347014469924
1452,bc1031fb-8066-49b0-88d5-3ce487b63713,7,1452,True,11324,11324,468.95924385700346
1453,bc1031fb-8066-49b0-88d5-3ce487b63713,7,1453,True,11360,11360,326.5476185580319
1454,bc1031fb-8066-49b0-88d5-3ce487b63713,7,1454,True,11386,11386,383.6413414780036
1455,bc1031fb-8066-49b0-88d5-3ce487b63713,7,1455,True,11411,11411,381.95924385700346
1456,bc1031fb-8066-49b0-88d5-3ce487b63713,7,1456,True,11432,11432,347.1990175650935
1457,bc1031fb-8066-49b0-88d5-3ce487b63713,7,1457,True,11455,11455,494.6139915691965
1458,bc1031fb-8066-49b0-88d5-3ce487b63713,7,1458,True,11474,11474,458.6374618745922
1459,bc1031fb-8066-49b0-88d5-3ce487b63713,7,1459,True,11494,11494,455.6139915691965
1460,bc1031fb-8066-49b0-88d5-3ce487b63713,7,1460,True,11514,11514,345.0769196661131
1461,bc1031fb-8066-49b0-88d5-3ce487b63713,7,1461,True,11544,11544,461.5255192622917
1462,bc1031fb-8066-49b0-88d5-3ce487b63713,7,1462,True,11570,11570,490.799438356411
1463,bc1031fb-8066-49b0-88d5-3ce487b63713,7,1463,True,11593,11593,467.799438356411
1464,bc1031fb-8066-49b0-88d5-3ce487b63713,7,1464,True,11616,11616,389.5255192622917
1465,bc1031fb-8066-49b0-88d5-3ce487b63713,7,1465,True,11642,11642,407.2509288800575
1466,bc1031fb-8066-49b0-88d5-3ce487b63713,7,1466,True,11672,11672,455.9372329394082
1467,bc1031fb-8066-49b0-88d5-3ce487b63713,7,1467,True,11700,11700,427.9372329394082
1468,bc1031fb-8066-49b0-88d5-3ce487b63713,7,1468,True,11721,11721,568.6450963406296
1469,bc1031fb-8066-49b0-88d5-3ce487b63713,7,1469,True,11751,11751,393.87023036945175
1470,bc1031fb-8066-49b0-88d5-3ce487b63713,7,1470,True,11780,11780,377.40780437581816
1471,bc1031fb-8066-49b0-88d5-3ce487b63713,7,1471,True,11804,11804,386.4808553746079
1472,bc1031fb-8066-49b0-88d5-3ce487b63713,7,1472,True,11821,11821,323.87023036945175
1473,bc1031fb-8066-49b0-88d5-3ce487b63713,7,1473,True,11855,11855,302.40780437581816
1474,bc1031fb-8066-49b0-88d5-3ce487b63713,7,1474,True,11877,11877,519.439061861689
1475,bc1031fb-8066-49b0-88d5-3ce487b63713,7,1475,True,11898,11898,433.8968416533244
1476,bc1031fb-8066-49b0-88d5-3ce487b63713,7,1476,True,11922,11922,421.9865005087013
1477,bc1031fb-8066-49b0-88d5-3ce487b63713,7,1477,True,11951,11951,445.43906186168897
1478,bc1031fb-8066-49b0-88d5-3ce487b63713,7,1478,True,11976,11976,355.8968416533244
1479,bc1031fb-8066-49b0-88d5-3ce487b63713,7,1479,True,12005,12005,338.9865005087013
1480,bc1031fb-8066-49b0-88d5-3ce487b63713,7,1480,True,12035,12035,432.55931802980194
1481,bc1031fb-8066-49b0-88d5-3ce487b63713,7,1481,True,12058,12058,421.2708336912583
1482,bc1031fb-8066-49b0-88d5-3ce487b63713,7,1482,True,12083,12083,408.87027384356406
1483,bc1031fb-8066-49b0-88d5-3ce487b63713,7,1483,True,12097,12097,319.14288933471107
1484,bc1031fb-8066-49b0-88d5-3ce487b63713,7,1484,True,12123,12123,304.41931418883905
1485,bc1031fb-8066-49b0-88d5-3ce487b63713,7,1485,True,12154,12154,337.87027384356406
1486,bc1031fb-8066-49b0-88d5-3ce487b63713,7,1486,True,12175,12175,399.04255855574957
1487,bc1031fb-8066-49b0-88d5-3ce487b63713,7,1487,True,12203,12203,434.72895936398163
1488,bc1031fb-8066-49b0-88d5-3ce487b63713,7,1488,True,12230,12230,395.6023215092082
1489,bc1031fb-8066-49b0-88d5-3ce487b63713,7,1489,True,12249,12249,411.14509129455655
1490,bc1031fb-8066-49b0-88d5-3ce487b63713,7,1490,True,12279,12279,358.72895936398163
1491,bc1031fb-8066-49b0-88d5-3ce487b63713,7,1491,True,12308,12308,317.6023215092082
1492,bc1031fb-8066-49b0-88d5-3ce487b63713,7,1492,True,12337,12337,408.1122971195964
1493,bc1031fb-8066-49b0-88d5-3ce487b63713,7,1493,True,12365,12365,391.6297622735983
1494,bc1031fb-8066-49b0-88d5-3ce487b63713,7,1494,True,12399,12399,407.014495314339
1495,bc1031fb-8066-49b0-88d5-3ce487b63713,7,1495,True,12414,12414,331.1122971195964
1496,bc1031fb-8066-49b0-88d5-3ce487b63713,7,1496,True,12444,12444,343.7342622255892
1497,bc1031fb-8066-49b0-88d5-3ce487b63713,7,1497,True,12473,12473,333.014495314339
1498,bc1031fb-8066-49b0-88d5-3ce487b63713,7,1498,True,12496,12496,487.4250779191516
1499,bc1031fb-8066-49b0-88d5-3ce487b63713,7,1499,True,12530,12530,334.77210624040526
1500,bc1031fb-8066-49b0-88d5-3ce487b63713,7,1500,True,12557,12557,519.9281775602813
1501,bc1031fb-8066-49b0-88d5-3ce487b63713,7,1501,True,12579,12579,471.18176443100856
1502,bc1031fb-8066-49b0-88d5-3ce487b63713,7,1502,True,12608,12608,453.78041072052474
1503,bc1031fb-8066-49b0-88d5-3ce487b63713,7,1503,True,12630,12630,446.92817756028126
1504,bc1031fb-8066-49b0-88d5-3ce487b63713,7,1504,True,12658,12658,392.18176443100856
1505,bc1031fb-8066-49b0-88d5-3ce487b63713,7,1505,True,12680,12680,381.78041072052474
1506,bc1031fb-8066-49b0-88d5-3ce487b63713,7,1506,True,12704,12704,419.06441426045967
1507,bc1031fb-8066-49b0-88d5-3ce487b63713,7,1507,True,12727,12727,463.319117561221
1508,bc1031fb-8066-49b0-88d5-3ce487b63713,7,1508,True,12762,12762,396.5109797315181
1509,bc1031fb-8066-49b0-88d5-3ce487b63713,7,1509,True,12785,12785,405.319117561221
1510,bc1031fb-8066-49b0-88d5-3ce487b63713,7,1510,True,12800,12800,377.66249855733804
1511,bc1031fb-8066-49b0-88d5-3ce487b63713,7,1511,True,12819,12819,438.2779159136935
1512,bc1031fb-8066-49b0-88d5-3ce487b63713,7,1512,True,12843,12843,496.43346465013747
1513,bc1031fb-8066-49b0-88d5-3ce487b63713,7,1513,True,12864,12864,466.99836661002337
1514,bc1031fb-8066-49b0-88d5-3ce487b63713,7,1514,True,12891,12891,492.4461930606176
1515,bc1031fb-8066-49b0-88d5-3ce487b63713,7,1515,True,12920,12920,474.3763014179385
1516,bc1031fb-8066-49b0-88d5-3ce487b63713,7,1516,True,12949,12949,434.4461930606176
1517,bc1031fb-8066-49b0-88d5-3ce487b63713,7,1517,True,12976,12976,394.4189559765746
1518,bc1031fb-8066-49b0-88d5-3ce487b63713,7,1518,True,12999,12999,581.9079981438208
1519,bc1031fb-8066-49b0-88d5-3ce487b63713,7,1519,True,13021,13021,544.9620921268815
1520,bc1031fb-8066-49b0-88d5-3ce487b63713,7,1520,True,13042,13042,500.91478981325054
1521,bc1031fb-8066-49b0-88d5-3ce487b63713,7,1521,True,13062,13062,518.9079981438208
1522,bc1031fb-8066-49b0-88d5-3ce487b63713,7,1522,True,13086,13086,479.96209212688154
1523,bc1031fb-8066-49b0-88d5-3ce487b63713,7,1523,True,13104,13104,588.6619023360709
1524,bc1031fb-8066-49b0-88d5-3ce487b63713,7,1524,True,13129,13129,451.9079981438208
1525,bc1031fb-8066-49b0-88d5-3ce487b63713,7,1525,True,13154,13154,411.96209212688154
1526,bc1031fb-8066-49b0-88d5-3ce487b63713,7,1526,True,13180,13180,545.4977556744561
1527,bc1031fb-8066-49b0-88d5-3ce487b63713,7,1527,True,13199,13199,482.6720976745182
1528,bc1031fb-8066-49b0-88d5-3ce487b63713,7,1528,True,13225,13225,380.4029321926919
1529,bc1031fb-8066-49b0-88d5-3ce487b63713,7,1529,True,13248,13248,444.66190233607085
1530,bc1031fb-8066-49b0-88d5-3ce487b63713,7,1530,True,13278,13278,497.44432774814777
1531,bc1031fb-8066-49b0-88d5-3ce487b63713,7,1531,True,13305,13305,508.3701498799237
1532,bc1031fb-8066-49b0-88d5-3ce487b63713,7,1532,True,13328,13328,474.3097490797845
1533,bc1031fb-8066-49b0-88d5-3ce487b63713,7,1533,True,13358,13358,545.1472707016019
1534,bc1031fb-8066-49b0-88d5-3ce487b63713,7,1534,True,13384,13384,429.3701498799237
1535,bc1031fb-8066-49b0-88d5-3ce487b63713,7,1535,True,13404,13404,487.62531238124393
1536,bc1031fb-8066-49b0-88d5-3ce487b63713,7,1536,True,13430,13430,473.1472707016019
1537,bc1031fb-8066-49b0-88d5-3ce487b63713,7,1537,True,13455,13455,544.3399955995465
1538,bc1031fb-8066-49b0-88d5-3ce487b63713,7,1538,True,13474,13474,497.8360112265873
1539,bc1031fb-8066-49b0-88d5-3ce487b63713,7,1539,True,13496,13496,395.62531238124393
1540,bc1031fb-8066-49b0-88d5-3ce487b63713,7,1540,True,13520,13520,479.33999559954646
1541,bc1031fb-8066-49b0-88d5-3ce487b63713,7,1541,True,13534,13534,437.8360112265873
1542,bc1031fb-8066-49b0-88d5-3ce487b63713,7,1542,True,13562,13562,422.00801185189994
1543,bc1031fb-8066-49b0-88d5-3ce487b63713,7,1543,True,13583,13583,436.69025573599174
1544,bc1031fb-8066-49b0-88d5-3ce487b63713,7,1544,True,13604,13604,395.33999559954646
1545,bc1031fb-8066-49b0-88d5-3ce487b63713,7,1545,True,13627,13627,545.2814753646289
1546,bc1031fb-8066-49b0-88d5-3ce487b63713,7,1546,True,13657,13657,362.69025573599174
1547,bc1031fb-8066-49b0-88d5-3ce487b63713,7,1547,True,13680,13680,469.1571200620292
1548,bc1031fb-8066-49b0-88d5-3ce487b63713,7,1548,True,13710,13710,462.28147536462893
1549,bc1031fb-8066-49b0-88d5-3ce487b63713,7,1549,True,13730,13730,428.5829287120305
1550,bc1031fb-8066-49b0-88d5-3ce487b63713,7,1550,True,13754,13754,395.1571200620292
1551,bc1031fb-8066-49b0-88d5-3ce487b63713,7,1551,True,13785,13785,387.28147536462893
1552,bc1031fb-8066-49b0-88d5-3ce487b63713,7,1552,True,13808,13808,505.39185188479496
1553,bc1031fb-8066-49b0-88d5-3ce487b63713,7,1553,True,13838,13838,488.7393478489412
1554,bc1031fb-8066-49b0-88d5-3ce487b63713,7,1554,True,13862,13862,464.7393478489412
1555,bc1031fb-8066-49b0-88d5-3ce487b63713,7,1555,True,13896,13896,430.7393478489412
1556,bc1031fb-8066-49b0-88d5-3ce487b63713,7,1556,True,13930,13930,499.25322807161683
1557,bc1031fb-8066-49b0-88d5-3ce487b63713,7,1557,True,13955,13955,474.25322807161683
1558,bc1031fb-8066-49b0-88d5-3ce487b63713,7,1558,True,13980,13980,560.0551381386704
1559,bc1031fb-8066-49b0-88d5-3ce487b63713,7,1559,True,13999,13999,541.0551381386704
1560,bc1031fb-8066-49b0-88d5-3ce487b63713,7,1560,True,14027,14027,513.0551381386704
1561,bc1031fb-8066-49b0-88d5-3ce487b63713,7,1561,True,14051,14051,489.0551381386704
1562,bc1031fb-8066-49b0-88d5-3ce487b63713,7,1562,True,14078,14078,515.7162528959052
1563,bc1031fb-8066-49b0-88d5-3ce487b63713,7,1563,True,14101,14101,492.7162528959052
1564,bc1031fb-8066-49b0-88d5-3ce487b63713,7,1564,True,14124,14124,526.781280193818
1565,bc1031fb-8066-49b0-88d5-3ce487b63713,7,1565,True,14154,14154,486.3493691977201
1566,bc1031fb-8066-49b0-88d5-3ce487b63713,7,1566,True,14177,14177,473.781280193818
1567,bc1031fb-8066-49b0-88d5-3ce487b63713,7,1567,True,14195,14195,582.8901189908975
1568,bc1031fb-8066-49b0-88d5-3ce487b63713,7,1568,True,14219,14219,527.3239133694951
1569,bc1031fb-8066-49b0-88d5-3ce487b63713,7,1569,True,14246,14246,520.155555896552
1570,bc1031fb-8066-49b0-88d5-3ce487b63713,7,1570,True,14269,14269,508.89011899089746
1571,bc1031fb-8066-49b0-88d5-3ce487b63713,7,1571,True,14288,14288,458.32391336949513
1572,bc1031fb-8066-49b0-88d5-3ce487b63713,7,1572,True,14301,14301,445.32391336949513
1573,bc1031fb-8066-49b0-88d5-3ce487b63713,7,1573,True,14327,14327,588.3772792567252
1574,bc1031fb-8066-49b0-88d5-3ce487b63713,7,1574,True,14352,14352,538.1996577983427
1575,bc1031fb-8066-49b0-88d5-3ce487b63713,7,1575,True,14389,14389,514.4361814514778
1576,bc1031fb-8066-49b0-88d5-3ce487b63713,7,1576,True,14422,14422,493.37727925672516
1577,bc1031fb-8066-49b0-88d5-3ce487b63713,7,1577,True,14449,14449,441.19965779834274
1578,bc1031fb-8066-49b0-88d5-3ce487b63713,7,1578,True,14478,14478,425.43618145147775
1579,bc1031fb-8066-49b0-88d5-3ce487b63713,7,1579,True,14506,14506,409.37727925672516
1580,bc1031fb-8066-49b0-88d5-3ce487b63713,7,1580,True,14525,14525,507.48479585738824
1581,bc1031fb-8066-49b0-88d5-3ce487b63713,7,1581,True,14551,14551,505.21474668519113
1582,bc1031fb-8066-49b0-88d5-3ce487b63713,7,1582,True,14575,14575,440.2547609989615
1583,bc1031fb-8066-49b0-88d5-3ce487b63713,7,1583,True,14608,14608,424.48479585738824
1584,bc1031fb-8066-49b0-88d5-3ce487b63713,7,1584,True,14639,14639,417.21474668519113
1585,bc1031fb-8066-49b0-88d5-3ce487b63713,7,1585,True,14664,14664,501.91253599425545
1586,bc1031fb-8066-49b0-88d5-3ce487b63713,7,1586,True,14690,14690,488.5064848664879
1587,bc1031fb-8066-49b0-88d5-3ce487b63713,7,1587,True,14729,14729,449.5064848664879
1588,bc1031fb-8066-49b0-88d5-3ce487b63713,7,1588,True,14757,14757,408.91253599425545
1589,bc1031fb-8066-49b0-88d5-3ce487b63713,7,1589,True,14785,14785,527.3958199168919
1590,bc1031fb-8066-49b0-88d5-3ce487b63713,7,1590,True,14821,14821,491.3958199168919
1591,bc1031fb-8066-49b0-88d5-3ce487b63713,7,1591,True,14851,14851,424.17557451414905
1592,bc1031fb-8066-49b0-88d5-3ce487b63713,7,1592,True,14877,14877,398.17557451414905
1593,bc1031fb-8066-49b0-88d5-3ce487b63713,7,1593,True,14905,14905,407.3958199168919
1594,bc1031fb-8066-49b0-88d5-3ce487b63713,7,1594,True,14940,14940,453.57326237698726
1595,bc1031fb-8066-49b0-88d5-3ce487b63713,7,1595,True,14967,14967,481.42979632230345
1596,bc1031fb-8066-49b0-88d5-3ce487b63713,7,1596,True,14989,14989,335.27063619384535
1597,bc1031fb-8066-49b0-88d5-3ce487b63713,7,1597,True,15013,15013,435.42979632230345
1598,bc1031fb-8066-49b0-88d5-3ce487b63713,7,1598,True,15032,15032,388.66174436201436
1599,bc1031fb-8066-49b0-88d5-3ce487b63713,7,1599,True,15049,15049,434.96527785244143
1600,bc1031fb-8066-49b0-88d5-3ce487b63713,7,1600,True,15066,15066,406.3561517241633
1601,bc1031fb-8066-49b0-88d5-3ce487b63713,7,1601,True,15093,15093,406.9644553637463
1602,bc1031fb-8066-49b0-88d5-3ce487b63713,7,1602,True,15112,15112,371.96527785244143
1603,bc1031fb-8066-49b0-88d5-3ce487b63713,7,1603,True,15154,15154,318.3561517241633
1604,bc1031fb-8066-49b0-88d5-3ce487b63713,7,1604,True,15175,15175,324.9644553637463
1605,bc1031fb-8066-49b0-88d5-3ce487b63713,7,1605,True,15209,15209,518.798824079633
1606,bc1031fb-8066-49b0-88d5-3ce487b63713,7,1606,True,15223,15223,394.12034570059404
1607,bc1031fb-8066-49b0-88d5-3ce487b63713,7,1607,True,15249,15249,427.33116768498985
1608,bc1031fb-8066-49b0-88d5-3ce487b63713,7,1608,True,15271,15271,370.52787245880063
1609,bc1031fb-8066-49b0-88d5-3ce487b63713,7,1609,True,15297,15297,447.4971043815167
1610,bc1031fb-8066-49b0-88d5-3ce487b63713,7,1610,True,15318,15318,358.33116768498985
1611,bc1031fb-8066-49b0-88d5-3ce487b63713,7,1611,True,15341,15341,300.52787245880063
1612,bc1031fb-8066-49b0-88d5-3ce487b63713,7,1612,True,15355,15355,372.79882407963305
1613,bc1031fb-8066-49b0-88d5-3ce487b63713,7,1613,True,15376,15376,473.3510686926966
1614,bc1031fb-8066-49b0-88d5-3ce487b63713,7,1614,True,15393,15393,517.0353400640779
1615,bc1031fb-8066-49b0-88d5-3ce487b63713,7,1615,True,15415,15415,475.68480881496
1616,bc1031fb-8066-49b0-88d5-3ce487b63713,7,1616,True,15431,15431,430.31539202878594
1617,bc1031fb-8066-49b0-88d5-3ce487b63713,7,1617,True,15460,15460,389.3510686926966
1618,bc1031fb-8066-49b0-88d5-3ce487b63713,7,1618,True,15485,15485,376.31539202878594
1619,bc1031fb-8066-49b0-88d5-3ce487b63713,7,1619,True,15507,15507,354.31539202878594
1620,bc1031fb-8066-49b0-88d5-3ce487b63713,7,1620,True,15532,15532,499.1582602413473
1621,bc1031fb-8066-49b0-88d5-3ce487b63713,7,1621,True,15558,15558,427.44615970978157
1622,bc1031fb-8066-49b0-88d5-3ce487b63713,7,1622,True,15587,15587,460.50840290130145
1623,bc1031fb-8066-49b0-88d5-3ce487b63713,7,1623,True,15606,15606,441.50840290130145
1624,bc1031fb-8066-49b0-88d5-3ce487b63713,7,1624,True,15629,15629,356.44615970978157
1625,bc1031fb-8066-49b0-88d5-3ce487b63713,7,1625,True,15657,15657,374.1582602413473
1626,bc1031fb-8066-49b0-88d5-3ce487b63713,7,1626,True,15685,15685,400.39792751850473
1627,bc1031fb-8066-49b0-88d5-3ce487b63713,7,1627,True,15712,15712,335.50840290130145
1628,bc1031fb-8066-49b0-88d5-3ce487b63713,7,1628,True,15734,15734,328.5575117671797
1629,bc1031fb-8066-49b0-88d5-3ce487b63713,7,1629,True,15758,15758,455.1031735919805
1630,bc1031fb-8066-49b0-88d5-3ce487b63713,7,1630,True,15786,15786,427.1031735919805
1631,bc1031fb-8066-49b0-88d5-3ce487b63713,7,1631,True,15814,15814,384.6329275443295
1632,bc1031fb-8066-49b0-88d5-3ce487b63713,7,1632,True,15837,15837,376.1031735919805
1633,bc1031fb-8066-49b0-88d5-3ce487b63713,7,1633,True,15866,15866,456.17945428846906
1634,bc1031fb-8066-49b0-88d5-3ce487b63713,7,1634,True,15894,15894,417.7186194831702
1635,bc1031fb-8066-49b0-88d5-3ce487b63713,7,1635,True,15921,15921,330.2061422877923
1636,bc1031fb-8066-49b0-88d5-3ce487b63713,7,1636,True,15952,15952,462.043530890136
1637,bc1031fb-8066-49b0-88d5-3ce487b63713,7,1637,True,15976,15976,449.8179409628283
1638,bc1031fb-8066-49b0-88d5-3ce487b63713,7,1638,True,16000,16000,365.1492534831541
1639,bc1031fb-8066-49b0-88d5-3ce487b63713,7,1639,True,16022,16022,392.043530890136
1640,bc1031fb-8066-49b0-88d5-3ce487b63713,7,1640,True,16053,16053,372.8179409628283
1641,bc1031fb-8066-49b0-88d5-3ce487b63713,7,1641,True,16088,16088,459.69737277629247
1642,bc1031fb-8066-49b0-88d5-3ce487b63713,7,1642,True,16118,16118,439.05031887034056
1643,bc1031fb-8066-49b0-88d5-3ce487b63713,7,1643,True,16147,16147,582.1325042384997
1644,bc1031fb-8066-49b0-88d5-3ce487b63713,7,1644,True,16177,16177,469.07851416918857
1645,bc1031fb-8066-49b0-88d5-3ce487b63713,7,1645,True,16199,16199,530.1325042384997
1646,bc1031fb-8066-49b0-88d5-3ce487b63713,7,1646,True,16228,16228,407.47322607428214
1647,bc1031fb-8066-49b0-88d5-3ce487b63713,7,1647,True,16259,16259,621.7083031843358
1648,bc1031fb-8066-49b0-88d5-3ce487b63713,7,1648,True,16281,16281,540.807518952708
1649,bc1031fb-8066-49b0-88d5-3ce487b63713,7,1649,True,16307,16307,502.75960542234316
1650,bc1031fb-8066-49b0-88d5-3ce487b63713,7,1650,True,16335,16335,545.7083031843358
1651,bc1031fb-8066-49b0-88d5-3ce487b63713,7,1651,True,16359,16359,462.80751895270805
1652,bc1031fb-8066-49b0-88d5-3ce487b63713,7,1652,True,16388,16388,421.75960542234316
1653,bc1031fb-8066-49b0-88d5-3ce487b63713,7,1653,True,16416,16416,393.75960542234316
1654,bc1031fb-8066-49b0-88d5-3ce487b63713,7,1654,True,16443,16443,296.3420605342217
1655,bc1031fb-8066-49b0-88d5-3ce487b63713,7,1655,True,16463,16463,456.8014171323266
1656,bc1031fb-8066-49b0-88d5-3ce487b63713,7,1656,True,16481,16481,492.154982978871
1657,bc1031fb-8066-49b0-88d5-3ce487b63713,7,1657,True,16512,16512,368.7083031843358
1658,bc1031fb-8066-49b0-88d5-3ce487b63713,7,1658,True,16541,16541,378.8014171323266
1659,bc1031fb-8066-49b0-88d5-3ce487b63713,7,1659,True,16566,16566,326.5450328164334
1660,bc1031fb-8066-49b0-88d5-3ce487b63713,7,1660,True,16588,16588,425.6042032551559
1661,bc1031fb-8066-49b0-88d5-3ce487b63713,7,1661,True,16609,16609,418.69994911150206
1662,bc1031fb-8066-49b0-88d5-3ce487b63713,7,1662,True,16636,16636,402.3465648034871
1663,bc1031fb-8066-49b0-88d5-3ce487b63713,7,1663,True,16662,16662,351.6042032551559
1664,bc1031fb-8066-49b0-88d5-3ce487b63713,7,1664,True,16684,16684,343.69994911150206
1665,bc1031fb-8066-49b0-88d5-3ce487b63713,7,1665,True,16723,16723,435.6735635871446
1666,bc1031fb-8066-49b0-88d5-3ce487b63713,7,1666,True,16755,16755,389.71043547317095
1667,bc1031fb-8066-49b0-88d5-3ce487b63713,7,1667,True,16781,16781,469.0116706184235
1668,bc1031fb-8066-49b0-88d5-3ce487b63713,7,1668,True,16797,16797,411.1238713934399
1669,bc1031fb-8066-49b0-88d5-3ce487b63713,7,1669,True,16823,16823,458.1888163009862
1670,bc1031fb-8066-49b0-88d5-3ce487b63713,7,1670,True,16856,16856,394.0116706184235
1671,bc1031fb-8066-49b0-88d5-3ce487b63713,7,1671,True,16875,16875,333.1238713934399
1672,bc1031fb-8066-49b0-88d5-3ce487b63713,7,1672,True,16897,16897,423.78704584137813
1673,bc1031fb-8066-49b0-88d5-3ce487b63713,7,1673,True,16927,16927,418.2999171671181
1674,bc1031fb-8066-49b0-88d5-3ce487b63713,7,1674,True,16949,16949,345.99325352701635
1675,bc1031fb-8066-49b0-88d5-3ce487b63713,7,1675,True,16970,16970,350.78704584137813
1676,bc1031fb-8066-49b0-88d5-3ce487b63713,7,1676,True,16997,16997,372.56138290484523
1677,bc1031fb-8066-49b0-88d5-3ce487b63713,7,1677,True,17023,17023,356.3764967007155
1678,bc1031fb-8066-49b0-88d5-3ce487b63713,7,1678,True,17052,17052,317.56138290484523
1679,bc1031fb-8066-49b0-88d5-3ce487b63713,7,1679,True,17079,17079,334.6314849394039
1680,bc1031fb-8066-49b0-88d5-3ce487b63713,7,1680,True,17102,17102,555.344594871447
1681,bc1031fb-8066-49b0-88d5-3ce487b63713,7,1681,True,17135,17135,510.6756652810982
1682,bc1031fb-8066-49b0-88d5-3ce487b63713,7,1682,True,17152,17152,480.6146701227626
1683,bc1031fb-8066-49b0-88d5-3ce487b63713,7,1683,True,17170,17170,487.34459487144704
1684,bc1031fb-8066-49b0-88d5-3ce487b63713,7,1684,True,17198,17198,459.34459487144704
1685,bc1031fb-8066-49b0-88d5-3ce487b63713,7,1685,True,17219,17219,426.6756652810982
1686,bc1031fb-8066-49b0-88d5-3ce487b63713,7,1686,True,17245,17245,509.92187683953307
1687,bc1031fb-8066-49b0-88d5-3ce487b63713,7,1687,True,17282,17282,484.4670211645098
1688,bc1031fb-8066-49b0-88d5-3ce487b63713,7,1688,True,17307,17307,591.4789296860145
1689,bc1031fb-8066-49b0-88d5-3ce487b63713,7,1689,True,17333,17333,524.5759908270629
1690,bc1031fb-8066-49b0-88d5-3ce487b63713,7,1690,True,17360,17360,520.0482563822443
1691,bc1031fb-8066-49b0-88d5-3ce487b63713,7,1691,True,17381,17381,517.4789296860145
1692,bc1031fb-8066-49b0-88d5-3ce487b63713,7,1692,True,17403,17403,495.47892968601445
1693,bc1031fb-8066-49b0-88d5-3ce487b63713,7,1693,True,17427,17427,430.5759908270629
1694,bc1031fb-8066-49b0-88d5-3ce487b63713,7,1694,True,17453,17453,427.0482563822443
1695,bc1031fb-8066-49b0-88d5-3ce487b63713,7,1695,True,17475,17475,423.47892968601445
1696,bc1031fb-8066-49b0-88d5-3ce487b63713,7,1696,True,17498,17498,359.5759908270629
1697,bc1031fb-8066-49b0-88d5-3ce487b63713,7,1697,True,17526,17526,454.73871185077223
1698,bc1031fb-8066-49b0-88d5-3ce487b63713,7,1698,True,17544,17544,354.47892968601445
1699,bc1031fb-8066-49b0-88d5-3ce487b63713,7,1699,True,17562,17562,487.56372609611935
1700,bc1031fb-8066-49b0-88d5-3ce487b63713,7,1700,True,17590,17590,436.74123495312597
1701,bc1031fb-8066-49b0-88d5-3ce487b63713,7,1701,True,17615,17615,422.35855578623887
1702,bc1031fb-8066-49b0-88d5-3ce487b63713,7,1702,True,17642,17642,463.46977212420825
1703,bc1031fb-8066-49b0-88d5-3ce487b63713,7,1703,True,17666,17666,360.74123495312597
1704,bc1031fb-8066-49b0-88d5-3ce487b63713,7,1704,True,17697,17697,419.73890759172355
1705,bc1031fb-8066-49b0-88d5-3ce487b63713,7,1705,True,17715,17715,334.56372609611935
1706,bc1031fb-8066-49b0-88d5-3ce487b63713,7,1706,True,17741,17741,548.0058947804573
1707,bc1031fb-8066-49b0-88d5-3ce487b63713,7,1707,True,17758,17758,531.0058947804573
1708,bc1031fb-8066-49b0-88d5-3ce487b63713,7,1708,True,17775,17775,499.85478305591823
1709,bc1031fb-8066-49b0-88d5-3ce487b63713,7,1709,True,17801,17801,488.0058947804573
1710,bc1031fb-8066-49b0-88d5-3ce487b63713,7,1710,True,17828,17828,461.0058947804573
1711,bc1031fb-8066-49b0-88d5-3ce487b63713,7,1711,True,17856,17856,489.5350801055247
1712,bc1031fb-8066-49b0-88d5-3ce487b63713,7,1712,True,17878,17878,446.2666965998942
1713,bc1031fb-8066-49b0-88d5-3ce487b63713,7,1713,True,17904,17904,430.6287850270164
1714,bc1031fb-8066-49b0-88d5-3ce487b63713,7,1714,True,17927,17927,576.4302718863364
1715,bc1031fb-8066-49b0-88d5-3ce487b63713,7,1715,True,17951,17951,564.1229292793978
1716,bc1031fb-8066-49b0-88d5-3ce487b63713,7,1716,True,17979,17979,604.3287334519955
1717,bc1031fb-8066-49b0-88d5-3ce487b63713,7,1717,True,18002,18002,501.4302718863364
1718,bc1031fb-8066-49b0-88d5-3ce487b63713,7,1718,True,18017,18017,365.70951864199014
1719,bc1031fb-8066-49b0-88d5-3ce487b63713,7,1719,True,18045,18045,538.3287334519955
1720,bc1031fb-8066-49b0-88d5-3ce487b63713,7,1720,True,18073,18073,324.64787143194917
1721,bc1031fb-8066-49b0-88d5-3ce487b63713,7,1721,True,18102,18102,481.3287334519955
1722,bc1031fb-8066-49b0-88d5-3ce487b63713,7,1722,True,18126,18126,541.2474033390936
1723,bc1031fb-8066-49b0-88d5-3ce487b63713,7,1723,True,18147,18147,408.9381807638274
1724,bc1031fb-8066-49b0-88d5-3ce487b63713,7,1724,True,18170,18170,413.3287334519955
1725,bc1031fb-8066-49b0-88d5-3ce487b63713,7,1725,True,18192,18192,355.9608350620765
1726,bc1031fb-8066-49b0-88d5-3ce487b63713,7,1726,True,18211,18211,401.7931740277054
1727,bc1031fb-8066-49b0-88d5-3ce487b63713,7,1727,True,18234,18234,367.66945694874084
1728,bc1031fb-8066-49b0-88d5-3ce487b63713,7,1728,True,18252,18252,449.39488220857675
1729,bc1031fb-8066-49b0-88d5-3ce487b63713,7,1729,True,18276,18276,391.2474033390936
1730,bc1031fb-8066-49b0-88d5-3ce487b63713,7,1730,True,18303,18303,485.3765025557077
1731,bc1031fb-8066-49b0-88d5-3ce487b63713,7,1731,True,18330,18330,470.3903187967917
1732,bc1031fb-8066-49b0-88d5-3ce487b63713,7,1732,True,18349,18349,473.7467199440107
1733,bc1031fb-8066-49b0-88d5-3ce487b63713,7,1733,True,18375,18375,468.94313485677776
1734,bc1031fb-8066-49b0-88d5-3ce487b63713,7,1734,True,18398,18398,402.3903187967917
1735,bc1031fb-8066-49b0-88d5-3ce487b63713,7,1735,True,18416,18416,321.88277002695395
1736,bc1031fb-8066-49b0-88d5-3ce487b63713,7,1736,True,18435,18435,387.7467199440107
1737,bc1031fb-8066-49b0-88d5-3ce487b63713,7,1737,True,18455,18455,388.94313485677776
1738,bc1031fb-8066-49b0-88d5-3ce487b63713,7,1738,True,18481,18481,378.2848443626899
1739,bc1031fb-8066-49b0-88d5-3ce487b63713,7,1739,True,18513,18513,482.2891957674983
1740,bc1031fb-8066-49b0-88d5-3ce487b63713,7,1740,True,18536,18536,414.4152674351317
1741,bc1031fb-8066-49b0-88d5-3ce487b63713,7,1741,True,18562,18562,372.1633852427876
1742,bc1031fb-8066-49b0-88d5-3ce487b63713,7,1742,True,18588,18588,362.4152674351317
1743,bc1031fb-8066-49b0-88d5-3ce487b63713,7,1743,True,18611,18611,443.8176970483946
1744,bc1031fb-8066-49b0-88d5-3ce487b63713,7,1744,True,18630,18630,411.28961084364346
1745,bc1031fb-8066-49b0-88d5-3ce487b63713,7,1745,True,18654,18654,433.1342247870598
1746,bc1031fb-8066-49b0-88d5-3ce487b63713,7,1746,True,18683,18683,371.8176970483946
1747,bc1031fb-8066-49b0-88d5-3ce487b63713,7,1747,True,18713,18713,328.28961084364346
1748,bc1031fb-8066-49b0-88d5-3ce487b63713,7,1748,True,18738,18738,316.8176970483946
1749,bc1031fb-8066-49b0-88d5-3ce487b63713,7,1749,True,18768,18768,463.48658591752246
1750,bc1031fb-8066-49b0-88d5-3ce487b63713,7,1750,True,18808,18808,423.48658591752246
1751,bc1031fb-8066-49b0-88d5-3ce487b63713,7,1751,True,18836,18836,315.1113675897541
1752,bc1031fb-8066-49b0-88d5-3ce487b63713,7,1752,True,18860,18860,503.0596739600551
1753,bc1031fb-8066-49b0-88d5-3ce487b63713,7,1753,True,18886,18886,429.92020264306484
1754,bc1031fb-8066-49b0-88d5-3ce487b63713,7,1754,True,18914,18914,415.1884024561623
1755,bc1031fb-8066-49b0-88d5-3ce487b63713,7,1755,True,18931,18931,432.0596739600551
1756,bc1031fb-8066-49b0-88d5-3ce487b63713,7,1756,True,18953,18953,376.1884024561623
1757,bc1031fb-8066-49b0-88d5-3ce487b63713,7,1757,True,18977,18977,396.582061590223
1758,bc1031fb-8066-49b0-88d5-3ce487b63713,7,1758,True,19000,19000,373.582061590223
1759,bc1031fb-8066-49b0-88d5-3ce487b63713,7,1759,True,19026,19026,303.1884024561623
1760,bc1031fb-8066-49b0-88d5-3ce487b63713,7,1760,True,19049,19049,366.5708100664342
1761,bc1031fb-8066-49b0-88d5-3ce487b63713,7,1761,True,19073,19073,354.5982376890679
1762,bc1031fb-8066-49b0-88d5-3ce487b63713,7,1762,True,19099,19099,289.65039864444407
1763,bc1031fb-8066-49b0-88d5-3ce487b63713,7,1763,True,19129,19129,286.5708100664342
1764,bc1031fb-8066-49b0-88d5-3ce487b63713,7,1764,True,19159,19159,268.5982376890679
1765,bc1031fb-8066-49b0-88d5-3ce487b63713,7,1765,True,19189,19189,359.29922230642114
1766,bc1031fb-8066-49b0-88d5-3ce487b63713,7,1766,True,19213,19213,348.7014859618248
1767,bc1031fb-8066-49b0-88d5-3ce487b63713,7,1767,True,19239,19239,298.9351483632454
1768,bc1031fb-8066-49b0-88d5-3ce487b63713,7,1768,True,19259,19259,289.29922230642114
1769,bc1031fb-8066-49b0-88d5-3ce487b63713,7,1769,True,19285,19285,276.7014859618248
1770,bc1031fb-8066-49b0-88d5-3ce487b63713,7,1770,True,19300,19300,285.7915107520821
1771,bc1031fb-8066-49b0-88d5-3ce487b63713,7,1771,True,19329,19329,266.3321663795141
1772,bc1031fb-8066-49b0-88d5-3ce487b63713,7,1772,True,19350,19350,256.0405987526283
1773,bc1031fb-8066-49b0-88d5-3ce487b63713,7,1773,True,19366,19366,501.108427899082
1774,bc1031fb-8066-49b0-88d5-3ce487b63713,7,1774,True,19385,19385,466.7564755283056
1775,bc1031fb-8066-49b0-88d5-3ce487b63713,7,1775,True,19405,19405,347.76491459530735
1776,bc1031fb-8066-49b0-88d5-3ce487b63713,7,1776,True,19419,19419,344.96307081134364
1777,bc1031fb-8066-49b0-88d5-3ce487b63713,7,1777,True,19444,19444,297.0199647278205
1778,bc1031fb-8066-49b0-88d5-3ce487b63713,7,1778,True,19467,19467,285.76491459530735
1779,bc1031fb-8066-49b0-88d5-3ce487b63713,7,1779,True,19486,19486,356.8434880009845
1780,bc1031fb-8066-49b0-88d5-3ce487b63713,7,1780,True,19501,19501,451.76169596303953
1781,bc1031fb-8066-49b0-88d5-3ce487b63713,7,1781,True,19527,19527,415.5946492936491
1782,bc1031fb-8066-49b0-88d5-3ce487b63713,7,1782,True,19559,19559,426.7291738405038
1783,bc1031fb-8066-49b0-88d5-3ce487b63713,7,1783,True,19597,19597,444.2803194136286
1784,bc1031fb-8066-49b0-88d5-3ce487b63713,7,1784,True,19614,19614,394.1668072474713
1785,bc1031fb-8066-49b0-88d5-3ce487b63713,7,1785,True,19634,19634,351.7291738405038
1786,bc1031fb-8066-49b0-88d5-3ce487b63713,7,1786,True,19661,19661,335.10053813095146
1787,bc1031fb-8066-49b0-88d5-3ce487b63713,7,1787,True,19683,19683,358.2803194136286
1788,bc1031fb-8066-49b0-88d5-3ce487b63713,7,1788,True,19702,19702,348.98397698516055
1789,bc1031fb-8066-49b0-88d5-3ce487b63713,7,1789,True,19720,19720,375.1851482257007
1790,bc1031fb-8066-49b0-88d5-3ce487b63713,7,1790,True,19741,19741,399.1157192913888
1791,bc1031fb-8066-49b0-88d5-3ce487b63713,7,1791,True,19777,19777,377.3641972341029
1792,bc1031fb-8066-49b0-88d5-3ce487b63713,7,1792,True,19800,19800,354.3641972341029
1793,bc1031fb-8066-49b0-88d5-3ce487b63713,7,1793,True,19816,19816,424.9841668818517
1794,bc1031fb-8066-49b0-88d5-3ce487b63713,7,1794,True,19844,19844,310.3641972341029
1795,bc1031fb-8066-49b0-88d5-3ce487b63713,7,1795,True,19868,19868,286.3641972341029
1796,bc1031fb-8066-49b0-88d5-3ce487b63713,7,1796,True,19892,19892,348.9841668818517
1797,bc1031fb-8066-49b0-88d5-3ce487b63713,7,1797,True,19914,19914,340.58098340768265
1798,bc1031fb-8066-49b0-88d5-3ce487b63713,7,1798,True,19940,19940,324.27089041
1799,bc1031fb-8066-49b0-88d5-3ce487b63713,7,1799,True,19962,19962,328.2467835119496
1800,bc1031fb-8066-49b0-88d5-3ce487b63713,7,1800,True,19983,19983,517.8098353095666
1801,bc1031fb-8066-49b0-88d5-3ce487b63713,7,1801,True,20003,20003,405.7795997380854
1802,bc1031fb-8066-49b0-88d5-3ce487b63713,7,1802,True,20031,20031,388.8077280521429
1803,bc1031fb-8066-49b0-88d5-3ce487b63713,7,1803,True,20056,20056,375.2222037110623
1804,bc1031fb-8066-49b0-88d5-3ce487b63713,7,1804,True,20072,20072,455.8408930952319
1805,bc1031fb-8066-49b0-88d5-3ce487b63713,7,1805,True,20095,20095,542.8261496885789
1806,bc1031fb-8066-49b0-88d5-3ce487b63713,7,1806,True,20116,20116,411.8408930952319
1807,bc1031fb-8066-49b0-88d5-3ce487b63713,7,1807,True,20140,20140,440.042940843392
1808,bc1031fb-8066-49b0-88d5-3ce487b63713,7,1808,True,20160,20160,477.8261496885789
1809,bc1031fb-8066-49b0-88d5-3ce487b63713,7,1809,True,20182,20182,443.67586920633767
1810,bc1031fb-8066-49b0-88d5-3ce487b63713,7,1810,True,20206,20206,543.7276155212166
1811,bc1031fb-8066-49b0-88d5-3ce487b63713,7,1811,True,20237,20237,512.7276155212166
1812,bc1031fb-8066-49b0-88d5-3ce487b63713,7,1812,True,20265,20265,620.6565406171248
1813,bc1031fb-8066-49b0-88d5-3ce487b63713,7,1813,True,20289,20289,429.36305899019135
1814,bc1031fb-8066-49b0-88d5-3ce487b63713,7,1814,True,20312,20312,356.3253459263251
1815,bc1031fb-8066-49b0-88d5-3ce487b63713,7,1815,True,20340,20340,440.0116877422479
1816,bc1031fb-8066-49b0-88d5-3ce487b63713,7,1816,True,20358,20358,527.6565406171248
1817,bc1031fb-8066-49b0-88d5-3ce487b63713,7,1817,True,20378,20378,472.1846845318105
1818,bc1031fb-8066-49b0-88d5-3ce487b63713,7,1818,True,20406,20406,374.0116877422479
1819,bc1031fb-8066-49b0-88d5-3ce487b63713,7,1819,True,20430,20430,334.4784834633574
1820,bc1031fb-8066-49b0-88d5-3ce487b63713,7,1820,True,20456,20456,394.1846845318105
1821,bc1031fb-8066-49b0-88d5-3ce487b63713,7,1821,True,20475,20475,305.0116877422479
1822,bc1031fb-8066-49b0-88d5-3ce487b63713,7,1822,True,20501,20501,467.999769161539
1823,bc1031fb-8066-49b0-88d5-3ce487b63713,7,1823,True,20521,20521,505.6187840533603
1824,bc1031fb-8066-49b0-88d5-3ce487b63713,7,1824,True,20550,20550,487.7492700586736
1825,bc1031fb-8066-49b0-88d5-3ce487b63713,7,1825,True,20571,20571,397.999769161539
1826,bc1031fb-8066-49b0-88d5-3ce487b63713,7,1826,True,20597,20597,440.7492700586736
1827,bc1031fb-8066-49b0-88d5-3ce487b63713,7,1827,True,20626,20626,356.31109710772216
1828,bc1031fb-8066-49b0-88d5-3ce487b63713,7,1828,True,20651,20651,433.8340344588978
1829,bc1031fb-8066-49b0-88d5-3ce487b63713,7,1829,True,20672,20672,423.4816847876791
1830,bc1031fb-8066-49b0-88d5-3ce487b63713,7,1830,True,20698,20698,386.8340344588978
1831,bc1031fb-8066-49b0-88d5-3ce487b63713,7,1831,True,20720,20720,447.5106107122265
1832,bc1031fb-8066-49b0-88d5-3ce487b63713,7,1832,True,20745,20745,491.8714860637592
1833,bc1031fb-8066-49b0-88d5-3ce487b63713,7,1833,True,20774,20774,403.3602925423111
1834,bc1031fb-8066-49b0-88d5-3ce487b63713,7,1834,True,20793,20793,374.5106107122265
1835,bc1031fb-8066-49b0-88d5-3ce487b63713,7,1835,True,20810,20810,426.8714860637592
1836,bc1031fb-8066-49b0-88d5-3ce487b63713,7,1836,True,20836,20836,466.3368115985577
1837,bc1031fb-8066-49b0-88d5-3ce487b63713,7,1837,True,20861,20861,404.67801209485697
1838,bc1031fb-8066-49b0-88d5-3ce487b63713,7,1838,True,20881,20881,372.1728942517839
1839,bc1031fb-8066-49b0-88d5-3ce487b63713,7,1839,True,20912,20912,390.3368115985577
1840,bc1031fb-8066-49b0-88d5-3ce487b63713,7,1840,True,20944,20944,369.41798891492726
1841,bc1031fb-8066-49b0-88d5-3ce487b63713,7,1841,True,20974,20974,425.7979735015251
1842,bc1031fb-8066-49b0-88d5-3ce487b63713,7,1842,True,21000,21000,382.83077437039174
1843,bc1031fb-8066-49b0-88d5-3ce487b63713,7,1843,True,21021,21021,432.831079836993
1844,bc1031fb-8066-49b0-88d5-3ce487b63713,7,1844,True,21042,21042,423.5812351700006
1845,bc1031fb-8066-49b0-88d5-3ce487b63713,7,1845,True,21068,21068,407.89521004860217
1846,bc1031fb-8066-49b0-88d5-3ce487b63713,7,1846,True,21092,21092,361.831079836993
1847,bc1031fb-8066-49b0-88d5-3ce487b63713,7,1847,True,21108,21108,426.90490946219506
1848,bc1031fb-8066-49b0-88d5-3ce487b63713,7,1848,True,21127,21127,391.08518471843854
1849,bc1031fb-8066-49b0-88d5-3ce487b63713,7,1849,True,21147,21147,387.90490946219506
1850,bc1031fb-8066-49b0-88d5-3ce487b63713,7,1850,True,21170,21170,409.37466567649244
1851,bc1031fb-8066-49b0-88d5-3ce487b63713,7,1851,True,21198,21198,368.8280783978589
1852,bc1031fb-8066-49b0-88d5-3ce487b63713,7,1852,True,21232,21232,374.5467061837153
1853,bc1031fb-8066-49b0-88d5-3ce487b63713,7,1853,True,21256,21256,408.9168968158665
1854,bc1031fb-8066-49b0-88d5-3ce487b63713,7,1854,True,21283,21283,436.8207981225132
1855,bc1031fb-8066-49b0-88d5-3ce487b63713,7,1855,True,21311,21311,523.3473601006444
1856,bc1031fb-8066-49b0-88d5-3ce487b63713,7,1856,True,21343,21343,460.18462225189796
1857,bc1031fb-8066-49b0-88d5-3ce487b63713,7,1857,True,21364,21364,453.17880431312733
1858,bc1031fb-8066-49b0-88d5-3ce487b63713,7,1858,True,21385,21385,449.34736010064444
1859,bc1031fb-8066-49b0-88d5-3ce487b63713,7,1859,True,21404,21404,413.17880431312733
1860,bc1031fb-8066-49b0-88d5-3ce487b63713,7,1860,True,21429,21429,405.34736010064444
1861,bc1031fb-8066-49b0-88d5-3ce487b63713,7,1861,True,21450,21450,427.9516920672213
1862,bc1031fb-8066-49b0-88d5-3ce487b63713,7,1862,True,21479,21479,338.17880431312733
1863,bc1031fb-8066-49b0-88d5-3ce487b63713,7,1863,True,21503,21503,331.34736010064444
1864,bc1031fb-8066-49b0-88d5-3ce487b63713,7,1864,True,21538,21538,411.21153207264797
1865,bc1031fb-8066-49b0-88d5-3ce487b63713,7,1865,True,21567,21567,403.7413984955856
1866,bc1031fb-8066-49b0-88d5-3ce487b63713,7,1866,True,21590,21590,369.3702391771294
1867,bc1031fb-8066-49b0-88d5-3ce487b63713,7,1867,True,21618,21618,402.88790946997324
1868,bc1031fb-8066-49b0-88d5-3ce487b63713,7,1868,True,21644,21644,365.0686074413097
1869,bc1031fb-8066-49b0-88d5-3ce487b63713,7,1869,True,21669,21669,351.88790946997324
1870,bc1031fb-8066-49b0-88d5-3ce487b63713,7,1870,True,21693,21693,409.3234967188255
1871,bc1031fb-8066-49b0-88d5-3ce487b63713,7,1871,True,21722,21722,405.4578749585198
1872,bc1031fb-8066-49b0-88d5-3ce487b63713,7,1872,True,21746,21746,331.13654762456645
1873,bc1031fb-8066-49b0-88d5-3ce487b63713,7,1873,True,21766,21766,349.3877859470049
1874,bc1031fb-8066-49b0-88d5-3ce487b63713,7,1874,True,21799,21799,316.3877859470049
1875,bc1031fb-8066-49b0-88d5-3ce487b63713,7,1875,True,21830,21830,441.3854087936015
1876,bc1031fb-8066-49b0-88d5-3ce487b63713,7,1876,True,21867,21867,454.1943642649276
1877,bc1031fb-8066-49b0-88d5-3ce487b63713,7,1877,True,21889,21889,382.3854087936015
1878,bc1031fb-8066-49b0-88d5-3ce487b63713,7,1878,True,21914,21914,357.3854087936015
1879,bc1031fb-8066-49b0-88d5-3ce487b63713,7,1879,True,21935,21935,321.2489364372377
1880,bc1031fb-8066-49b0-88d5-3ce487b63713,7,1880,True,21957,21957,314.3854087936015
1881,bc1031fb-8066-49b0-88d5-3ce487b63713,7,1881,True,21988,21988,342.9560928193896
1882,bc1031fb-8066-49b0-88d5-3ce487b63713,7,1882,True,22007,22007,463.7247996498372
1883,bc1031fb-8066-49b0-88d5-3ce487b63713,7,1883,True,22042,22042,428.7247996498372
1884,bc1031fb-8066-49b0-88d5-3ce487b63713,7,1884,True,22064,22064,437.50312410884726
1885,bc1031fb-8066-49b0-88d5-3ce487b63713,7,1885,True,22091,22091,410.50312410884726
1886,bc1031fb-8066-49b0-88d5-3ce487b63713,7,1886,True,22109,22109,346.1889118989602
1887,bc1031fb-8066-49b0-88d5-3ce487b63713,7,1887,True,22128,22128,373.50312410884726
1888,bc1031fb-8066-49b0-88d5-3ce487b63713,7,1888,True,22150,22150,372.47301228353535
1889,bc1031fb-8066-49b0-88d5-3ce487b63713,7,1889,True,22186,22186,326.60195405402555
1890,bc1031fb-8066-49b0-88d5-3ce487b63713,7,1890,True,22217,22217,400.5858456427377
1891,bc1031fb-8066-49b0-88d5-3ce487b63713,7,1891,True,22245,22245,337.4543569631387
1892,bc1031fb-8066-49b0-88d5-3ce487b63713,7,1892,True,22273,22273,287.91392514311883
1893,bc1031fb-8066-49b0-88d5-3ce487b63713,7,1893,True,22305,22305,266.12854985243393
1894,bc1031fb-8066-49b0-88d5-3ce487b63713,7,1894,True,22330,22330,368.7318402955643
1895,bc1031fb-8066-49b0-88d5-3ce487b63713,7,1895,True,22353,22353,359.353411283937
1896,bc1031fb-8066-49b0-88d5-3ce487b63713,7,1896,True,22384,22384,302.570198326277
1897,bc1031fb-8066-49b0-88d5-3ce487b63713,7,1897,True,22404,22404,332.6732809715686
1898,bc1031fb-8066-49b0-88d5-3ce487b63713,7,1898,True,22429,22429,283.353411283937
1899,bc1031fb-8066-49b0-88d5-3ce487b63713,7,1899,True,22453,22453,300.3624264333084
1900,bc1031fb-8066-49b0-88d5-3ce487b63713,7,1900,True,22483,22483,384.6190322318507
1901,bc1031fb-8066-49b0-88d5-3ce487b63713,7,1901,True,22511,22511,365.2725266099915
1902,bc1031fb-8066-49b0-88d5-3ce487b63713,7,1902,True,22534,22534,373.367461148493
1903,bc1031fb-8066-49b0-88d5-3ce487b63713,7,1903,True,22562,22562,305.6190322318507
1904,bc1031fb-8066-49b0-88d5-3ce487b63713,7,1904,True,22586,22586,374.6099273062755
1905,bc1031fb-8066-49b0-88d5-3ce487b63713,7,1905,True,22614,22614,361.60201625206537
1906,bc1031fb-8066-49b0-88d5-3ce487b63713,7,1906,True,22635,22635,281.67876164396876
1907,bc1031fb-8066-49b0-88d5-3ce487b63713,7,1907,True,22670,22670,290.6099273062755
1908,bc1031fb-8066-49b0-88d5-3ce487b63713,7,1908,True,22699,22699,276.60201625206537
1909,bc1031fb-8066-49b0-88d5-3ce487b63713,7,1909,True,22718,22718,319.11102258797837
1910,bc1031fb-8066-49b0-88d5-3ce487b63713,7,1910,True,22741,22741,296.11102258797837
1911,bc1031fb-8066-49b0-88d5-3ce487b63713,7,1911,True,22764,22764,261.2977628374392
1912,bc1031fb-8066-49b0-88d5-3ce487b63713,7,1912,True,22788,22788,290.1805118801967
1913,bc1031fb-8066-49b0-88d5-3ce487b63713,7,1913,True,22813,22813,287.8412297785362
1914,bc1031fb-8066-49b0-88d5-3ce487b63713,7,1914,True,22834,22834,291.5373706667924
1915,bc1031fb-8066-49b0-88d5-3ce487b63713,7,1915,True,22861,22861,429.43998215257307
1916,bc1031fb-8066-49b0-88d5-3ce487b63713,7,1916,True,22885,22885,358.81759945761587
1917,bc1031fb-8066-49b0-88d5-3ce487b63713,7,1917,True,22915,22915,341.7425840160395
1918,bc1031fb-8066-49b0-88d5-3ce487b63713,7,1918,True,22945,22945,311.7425840160395
1919,bc1031fb-8066-49b0-88d5-3ce487b63713,7,1919,True,22969,22969,384.26726102541215
1920,bc1031fb-8066-49b0-88d5-3ce487b63713,7,1920,True,22990,22990,428.84626869375643
1921,bc1031fb-8066-49b0-88d5-3ce487b63713,7,1921,True,23015,23015,403.84626869375643
1922,bc1031fb-8066-49b0-88d5-3ce487b63713,7,1922,True,23039,23039,365.4245770480811
1923,bc1031fb-8066-49b0-88d5-3ce487b63713,7,1923,True,23062,23062,356.84626869375643
1924,bc1031fb-8066-49b0-88d5-3ce487b63713,7,1924,True,23082,23082,373.341333734621
1925,bc1031fb-8066-49b0-88d5-3ce487b63713,7,1925,True,23102,23102,362.4519575691702
1926,bc1031fb-8066-49b0-88d5-3ce487b63713,7,1926,True,23135,23135,479.80875266699513
1927,bc1031fb-8066-49b0-88d5-3ce487b63713,7,1927,True,23164,23164,462.4950018710406
1928,bc1031fb-8066-49b0-88d5-3ce487b63713,7,1928,True,23182,23182,456.8129750641165
1929,bc1031fb-8066-49b0-88d5-3ce487b63713,7,1929,True,23206,23206,408.80875266699513
1930,bc1031fb-8066-49b0-88d5-3ce487b63713,7,1930,True,23231,23231,395.4950018710406
1931,bc1031fb-8066-49b0-88d5-3ce487b63713,7,1931,True,23254,23254,384.8129750641165
1932,bc1031fb-8066-49b0-88d5-3ce487b63713,7,1932,True,23282,23282,515.0717507691879
1933,bc1031fb-8066-49b0-88d5-3ce487b63713,7,1933,True,23303,23303,460.2428284991329
1934,bc1031fb-8066-49b0-88d5-3ce487b63713,7,1934,True,23323,23323,397.7839001857319
1935,bc1031fb-8066-49b0-88d5-3ce487b63713,7,1935,True,23346,23346,390.11716600989894
1936,bc1031fb-8066-49b0-88d5-3ce487b63713,7,1936,True,23369,23369,341.531530935652
1937,bc1031fb-8066-49b0-88d5-3ce487b63713,7,1937,True,23397,23397,390.8492473291153
1938,bc1031fb-8066-49b0-88d5-3ce487b63713,7,1938,True,23426,23426,310.11716600989894
1939,bc1031fb-8066-49b0-88d5-3ce487b63713,7,1939,True,23457,23457,490.3909703955469
1940,bc1031fb-8066-49b0-88d5-3ce487b63713,7,1940,True,23485,23485,353.9459975531827
1941,bc1031fb-8066-49b0-88d5-3ce487b63713,7,1941,True,23506,23506,377.5052254192451
1942,bc1031fb-8066-49b0-88d5-3ce487b63713,7,1942,True,23528,23528,366.19205409148344
1943,bc1031fb-8066-49b0-88d5-3ce487b63713,7,1943,True,23549,23549,356.3401535965422
1944,bc1031fb-8066-49b0-88d5-3ce487b63713,7,1944,True,23565,23565,469.0659407648491
1945,bc1031fb-8066-49b0-88d5-3ce487b63713,7,1945,True,23591,23591,417.8219359616778
1946,bc1031fb-8066-49b0-88d5-3ce487b63713,7,1946,True,23615,23615,405.6956370373664
1947,bc1031fb-8066-49b0-88d5-3ce487b63713,7,1947,True,23640,23640,394.0659407648491
1948,bc1031fb-8066-49b0-88d5-3ce487b63713,7,1948,True,23658,23658,350.8219359616778
1949,bc1031fb-8066-49b0-88d5-3ce487b63713,7,1949,True,23673,23673,415.8805620827916
1950,bc1031fb-8066-49b0-88d5-3ce487b63713,7,1950,True,23695,23695,364.39061172505535
1951,bc1031fb-8066-49b0-88d5-3ce487b63713,7,1951,True,23714,23714,362.2617531629221
1952,bc1031fb-8066-49b0-88d5-3ce487b63713,7,1952,True,23732,23732,356.8805620827916
1953,bc1031fb-8066-49b0-88d5-3ce487b63713,7,1953,True,23750,23750,386.89744681724915
1954,bc1031fb-8066-49b0-88d5-3ce487b63713,7,1954,True,23783,23783,365.38751797312216
1955,bc1031fb-8066-49b0-88d5-3ce487b63713,7,1955,True,23813,23813,491.14385780295197
1956,bc1031fb-8066-49b0-88d5-3ce487b63713,7,1956,True,23834,23834,302.89744681724915
1957,bc1031fb-8066-49b0-88d5-3ce487b63713,7,1957,True,23867,23867,437.14385780295197
1958,bc1031fb-8066-49b0-88d5-3ce487b63713,7,1958,True,23899,23899,393.82960511212514
1959,bc1031fb-8066-49b0-88d5-3ce487b63713,7,1959,True,23921,23921,510.4822053307216
1960,bc1031fb-8066-49b0-88d5-3ce487b63713,7,1960,True,23944,23944,477.0180341699888
1961,bc1031fb-8066-49b0-88d5-3ce487b63713,7,1961,True,23970,23970,480.8294777796691
1962,bc1031fb-8066-49b0-88d5-3ce487b63713,7,1962,True,23998,23998,557.8848364391488
1963,bc1031fb-8066-49b0-88d5-3ce487b63713,7,1963,True,24020,24020,430.8294777796691
1964,bc1031fb-8066-49b0-88d5-3ce487b63713,7,1964,True,24050,24050,564.8173530501808
1965,bc1031fb-8066-49b0-88d5-3ce487b63713,7,1965,True,24077,24077,550.4120254840091
1966,bc1031fb-8066-49b0-88d5-3ce487b63713,7,1966,True,24103,24103,524.4120254840091
1967,bc1031fb-8066-49b0-88d5-3ce487b63713,7,1967,True,24126,24126,488.8173530501808
1968,bc1031fb-8066-49b0-88d5-3ce487b63713,7,1968,True,24149,24149,478.41202548400906
1969,bc1031fb-8066-49b0-88d5-3ce487b63713,7,1969,True,24169,24169,376.3462658572789
1970,bc1031fb-8066-49b0-88d5-3ce487b63713,7,1970,True,24205,24205,409.8173530501808
1971,bc1031fb-8066-49b0-88d5-3ce487b63713,7,1971,True,24234,24234,494.78814662890363
1972,bc1031fb-8066-49b0-88d5-3ce487b63713,7,1972,True,24263,24263,408.95413006727904
1973,bc1031fb-8066-49b0-88d5-3ce487b63713,7,1973,True,24290,24290,394.3349083534267
1974,bc1031fb-8066-49b0-88d5-3ce487b63713,7,1974,True,24323,24323,340.328458009084
1975,bc1031fb-8066-49b0-88d5-3ce487b63713,7,1975,True,24350,24350,485.3574975393567
1976,bc1031fb-8066-49b0-88d5-3ce487b63713,7,1976,True,24366,24366,318.3349083534267
1977,bc1031fb-8066-49b0-88d5-3ce487b63713,7,1977,True,24388,24388,435.0905704644283
1978,bc1031fb-8066-49b0-88d5-3ce487b63713,7,1978,True,24411,24411,434.7734054246321
1979,bc1031fb-8066-49b0-88d5-3ce487b63713,7,1979,True,24437,24437,398.3574975393567
1980,bc1031fb-8066-49b0-88d5-3ce487b63713,7,1980,True,24460,24460,438.19068250541386
1981,bc1031fb-8066-49b0-88d5-3ce487b63713,7,1981,True,24480,24480,418.19068250541386
1982,bc1031fb-8066-49b0-88d5-3ce487b63713,7,1982,True,24502,24502,384.3592141705085
1983,bc1031fb-8066-49b0-88d5-3ce487b63713,7,1983,True,24528,24528,370.19068250541386
1984,bc1031fb-8066-49b0-88d5-3ce487b63713,7,1984,True,24551,24551,527.3680146475235
1985,bc1031fb-8066-49b0-88d5-3ce487b63713,7,1985,True,24571,24571,485.81707590856604
1986,bc1031fb-8066-49b0-88d5-3ce487b63713,7,1986,True,24601,24601,407.7506993746574
1987,bc1031fb-8066-49b0-88d5-3ce487b63713,7,1987,True,24619,24619,459.3680146475235
1988,bc1031fb-8066-49b0-88d5-3ce487b63713,7,1988,True,24642,24642,414.81707590856604
1989,bc1031fb-8066-49b0-88d5-3ce487b63713,7,1989,True,24664,24664,401.67148994004674
1990,bc1031fb-8066-49b0-88d5-3ce487b63713,7,1990,True,24691,24691,387.3680146475235
1991,bc1031fb-8066-49b0-88d5-3ce487b63713,7,1991,True,24714,24714,393.0068509006851
1992,bc1031fb-8066-49b0-88d5-3ce487b63713,7,1992,True,24733,24733,480.31237283769224
1993,bc1031fb-8066-49b0-88d5-3ce487b63713,7,1993,True,24751,24751,585.3722791278851
1994,bc1031fb-8066-49b0-88d5-3ce487b63713,7,1994,True,24785,24785,531.3211121706663
1995,bc1031fb-8066-49b0-88d5-3ce487b63713,7,1995,True,24824,24824,292.733597246508
1996,bc1031fb-8066-49b0-88d5-3ce487b63713,7,1996,True,24853,24853,483.3722791278851
1997,bc1031fb-8066-49b0-88d5-3ce487b63713,7,1997,True,24885,24885,486.3534034332806
1998,bc1031fb-8066-49b0-88d5-3ce487b63713,7,1998,True,24910,24910,497.88026938437906
1999,bc1031fb-8066-49b0-88d5-3ce487b63713,7,1999,True,24932,24932,458.1202826430308
2000,ed14037b-c3ba-438a-8a5c-334351b29982,8,2000,True,29,29,94.4552441108359
2001,ed14037b-c3ba-438a-8a5c-334351b29982,8,2001,True,65,65,82.64379667006335
2002,ed14037b-c3ba-438a-8a5c-334351b29982,8,2002,True,91,91,86.92887876034501
2003,ed14037b-c3ba-438a-8a5c-334351b29982,8,2003,True,105,105,95.80880755160632
2004,ed14037b-c3ba-438a-8a5c-334351b29982,8,2004,True,129,129,150.28458557664953
2005,ed14037b-c3ba-438a-8a5c-334351b29982,8,2005,True,153,153,107.97668169123409
2006,ed14037b-c3ba-438a-8a5c-334351b29982,8,2006,True,191,191,130.16901007740012
2007,ed14037b-c3ba-438a-8a5c-334351b29982,8,2007,True,216,216,123.35354991863915
2008,ed14037b-c3ba-438a-8a5c-334351b29982,8,2008,True,249,249,148.5039169463546
2009,ed14037b-c3ba-438a-8a5c-334351b29982,8,2009,True,278,278,139.22291631005453
2010,ed14037b-c3ba-438a-8a5c-334351b29982,8,2010,True,301,301,153.7588183184037
2011,ed14037b-c3ba-438a-8a5c-334351b29982,8,2011,True,332,332,144.08886029642457
2012,ed14037b-c3ba-438a-8a5c-334351b29982,8,2012,True,359,359,157.04990555802908
2013,ed14037b-c3ba-438a-8a5c-334351b29982,8,2013,True,382,382,148.50405827731788
2014,ed14037b-c3ba-438a-8a5c-334351b29982,8,2014,True,405,405,171.4282899636887
2015,ed14037b-c3ba-438a-8a5c-334351b29982,8,2015,True,429,429,166.1413687417113
2016,ed14037b-c3ba-438a-8a5c-334351b29982,8,2016,True,452,452,163.88664086440428
2017,ed14037b-c3ba-438a-8a5c-334351b29982,8,2017,True,472,472,196.04799587862976
2018,ed14037b-c3ba-438a-8a5c-334351b29982,8,2018,True,498,498,223.3083322215673
2019,ed14037b-c3ba-438a-8a5c-334351b29982,8,2019,True,520,520,223.3227977589711
2020,ed14037b-c3ba-438a-8a5c-334351b29982,8,2020,True,545,545,221.63124450678959
2021,ed14037b-c3ba-438a-8a5c-334351b29982,8,2021,True,582,582,184.63124450678959
2022,ed14037b-c3ba-438a-8a5c-334351b29982,8,2022,True,607,607,183.73145835258015
2023,ed14037b-c3ba-438a-8a5c-334351b29982,8,2023,True,632,632,251.48351778095628
2024,ed14037b-c3ba-438a-8a5c-334351b29982,8,2024,True,653,653,212.9157796856848
2025,ed14037b-c3ba-438a-8a5c-334351b29982,8,2025,True,671,671,178.09672580304527
2026,ed14037b-c3ba-438a-8a5c-334351b29982,8,2026,True,698,698,262.32213449333483
2027,ed14037b-c3ba-438a-8a5c-334351b29982,8,2027,True,724,724,216.87948440946116
2028,ed14037b-c3ba-438a-8a5c-334351b29982,8,2028,True,752,752,227.77286623894406
2029,ed14037b-c3ba-438a-8a5c-334351b29982,8,2029,True,775,775,227.72977392615837
2030,ed14037b-c3ba-438a-8a5c-334351b29982,8,2030,True,791,791,297.7757790301373
2031,ed14037b-c3ba-438a-8a5c-334351b29982,8,2031,True,809,809,232.30784385457196
2032,ed14037b-c3ba-438a-8a5c-334351b29982,8,2032,True,839,839,300.4126773840237
2033,ed14037b-c3ba-438a-8a5c-334351b29982,8,2033,True,862,862,297.6040555285549
2034,ed14037b-c3ba-438a-8a5c-334351b29982,8,2034,True,893,893,291.89163903624285
2035,ed14037b-c3ba-438a-8a5c-334351b29982,8,2035,True,925,925,279.5289093208007
2036,ed14037b-c3ba-438a-8a5c-334351b29982,8,2036,True,945,945,214.6040555285549
2037,ed14037b-c3ba-438a-8a5c-334351b29982,8,2037,True,964,964,309.34248428979913
2038,ed14037b-c3ba-438a-8a5c-334351b29982,8,2038,True,989,989,255.27826462045732
2039,ed14037b-c3ba-438a-8a5c-334351b29982,8,2039,True,1009,1009,287.0174361793886
2040,ed14037b-c3ba-438a-8a5c-334351b29982,8,2040,True,1022,1022,274.0174361793886
2041,ed14037b-c3ba-438a-8a5c-334351b29982,8,2041,True,1048,1048,281.967991887361
2042,ed14037b-c3ba-438a-8a5c-334351b29982,8,2042,True,1075,1075,275.63068332955936
2043,ed14037b-c3ba-438a-8a5c-334351b29982,8,2043,True,1111,1111,299.28006357641516
2044,ed14037b-c3ba-438a-8a5c-334351b29982,8,2044,True,1145,1145,265.28006357641516
2045,ed14037b-c3ba-438a-8a5c-334351b29982,8,2045,True,1166,1166,221.9024342941857
2046,ed14037b-c3ba-438a-8a5c-334351b29982,8,2046,True,1194,1194,296.86198445919376
2047,ed14037b-c3ba-438a-8a5c-334351b29982,8,2047,True,1216,1216,230.5270571136125
2048,ed14037b-c3ba-438a-8a5c-334351b29982,8,2048,True,1242,1242,229.52693560497437
2049,ed14037b-c3ba-438a-8a5c-334351b29982,8,2049,True,1261,1261,229.86198445919376
2050,ed14037b-c3ba-438a-8a5c-334351b29982,8,2050,True,1290,1290,308.7329101411997
2051,ed14037b-c3ba-438a-8a5c-334351b29982,8,2051,True,1310,1310,357.93433255827244
2052,ed14037b-c3ba-438a-8a5c-334351b29982,8,2052,True,1337,1337,355.11526677551865
2053,ed14037b-c3ba-438a-8a5c-334351b29982,8,2053,True,1362,1362,280.2065279410749
2054,ed14037b-c3ba-438a-8a5c-334351b29982,8,2054,True,1384,1384,283.93433255827244
2055,ed14037b-c3ba-438a-8a5c-334351b29982,8,2055,True,1404,1404,288.11526677551865
2056,ed14037b-c3ba-438a-8a5c-334351b29982,8,2056,True,1424,1424,329.4150578982719
2057,ed14037b-c3ba-438a-8a5c-334351b29982,8,2057,True,1448,1448,280.3301129920105
2058,ed14037b-c3ba-438a-8a5c-334351b29982,8,2058,True,1472,1472,281.4150578982719
2059,ed14037b-c3ba-438a-8a5c-334351b29982,8,2059,True,1498,1498,255.41505789827193
2060,ed14037b-c3ba-438a-8a5c-334351b29982,8,2060,True,1532,1532,328.12693740509803
2061,ed14037b-c3ba-438a-8a5c-334351b29982,8,2061,True,1557,1557,303.12693740509803
2062,ed14037b-c3ba-438a-8a5c-334351b29982,8,2062,True,1586,1586,247.90296487683645
2063,ed14037b-c3ba-438a-8a5c-334351b29982,8,2063,True,1611,1611,249.12693740509803
2064,ed14037b-c3ba-438a-8a5c-334351b29982,8,2064,True,1645,1645,258.42914582284016
2065,ed14037b-c3ba-438a-8a5c-334351b29982,8,2065,True,1671,1671,262.4680714603603
2066,ed14037b-c3ba-438a-8a5c-334351b29982,8,2066,True,1696,1696,261.59330510433006
2067,ed14037b-c3ba-438a-8a5c-334351b29982,8,2067,True,1723,1723,393.81824332548786
2068,ed14037b-c3ba-438a-8a5c-334351b29982,8,2068,True,1748,1748,389.1792136269237
2069,ed14037b-c3ba-438a-8a5c-334351b29982,8,2069,True,1764,1764,331.387945142053
2070,ed14037b-c3ba-438a-8a5c-334351b29982,8,2070,True,1795,1795,321.81824332548786
2071,ed14037b-c3ba-438a-8a5c-334351b29982,8,2071,True,1815,1815,322.1792136269237
2072,ed14037b-c3ba-438a-8a5c-334351b29982,8,2072,True,1844,1844,315.1970011131539
2073,ed14037b-c3ba-438a-8a5c-334351b29982,8,2073,True,1870,1870,366.2396269958149
2074,ed14037b-c3ba-438a-8a5c-334351b29982,8,2074,True,1882,1882,316.99672729313033
2075,ed14037b-c3ba-438a-8a5c-334351b29982,8,2075,True,1913,1913,266.15523109815103
2076,ed14037b-c3ba-438a-8a5c-334351b29982,8,2076,True,1944,1944,338.19739838200667
2077,ed14037b-c3ba-438a-8a5c-334351b29982,8,2077,True,1968,1968,291.5819114609935
2078,ed14037b-c3ba-438a-8a5c-334351b29982,8,2078,True,1992,1992,290.19739838200667
2079,ed14037b-c3ba-438a-8a5c-334351b29982,8,2079,True,2018,2018,395.5619257242506
2080,ed14037b-c3ba-438a-8a5c-334351b29982,8,2080,True,2040,2040,351.7127410452713
2081,ed14037b-c3ba-438a-8a5c-334351b29982,8,2081,True,2063,2063,298.29743435179716
2082,ed14037b-c3ba-438a-8a5c-334351b29982,8,2082,True,2089,2089,324.5619257242506
2083,ed14037b-c3ba-438a-8a5c-334351b29982,8,2083,True,2111,2111,355.05243437593845
2084,ed14037b-c3ba-438a-8a5c-334351b29982,8,2084,True,2135,2135,299.0791390296022
2085,ed14037b-c3ba-438a-8a5c-334351b29982,8,2085,True,2164,2164,384.80924452189583
2086,ed14037b-c3ba-438a-8a5c-334351b29982,8,2086,True,2186,2186,280.05243437593845
2087,ed14037b-c3ba-438a-8a5c-334351b29982,8,2087,True,2201,2201,283.2438884272783
2088,ed14037b-c3ba-438a-8a5c-334351b29982,8,2088,True,2234,2234,442.89476974916306
2089,ed14037b-c3ba-438a-8a5c-334351b29982,8,2089,True,2260,2260,416.89476974916306
2090,ed14037b-c3ba-438a-8a5c-334351b29982,8,2090,True,2283,2283,368.48331506100385
2091,ed14037b-c3ba-438a-8a5c-334351b29982,8,2091,True,2309,2309,367.89476974916306
2092,ed14037b-c3ba-438a-8a5c-334351b29982,8,2092,True,2326,2326,409.2619581904037
2093,ed14037b-c3ba-438a-8a5c-334351b29982,8,2093,True,2364,2364,349.41974677095504
2094,ed14037b-c3ba-438a-8a5c-334351b29982,8,2094,True,2390,2390,345.2619581904037
2095,ed14037b-c3ba-438a-8a5c-334351b29982,8,2095,True,2416,2416,319.2619581904037
2096,ed14037b-c3ba-438a-8a5c-334351b29982,8,2096,True,2442,2442,343.67540025086055
2097,ed14037b-c3ba-438a-8a5c-334351b29982,8,2097,True,2466,2466,341.4883281710963
2098,ed14037b-c3ba-438a-8a5c-334351b29982,8,2098,True,2493,2493,360.91710260535774
2099,ed14037b-c3ba-438a-8a5c-334351b29982,8,2099,True,2520,2520,333.91710260535774
2100,ed14037b-c3ba-438a-8a5c-334351b29982,8,2100,True,2542,2542,287.0472035349635
2101,ed14037b-c3ba-438a-8a5c-334351b29982,8,2101,True,2575,2575,278.91710260535774
2102,ed14037b-c3ba-438a-8a5c-334351b29982,8,2102,True,2603,2603,250.91710260535774
2103,ed14037b-c3ba-438a-8a5c-334351b29982,8,2103,True,2623,2623,371.1037351190357
2104,ed14037b-c3ba-438a-8a5c-334351b29982,8,2104,True,2648,2648,366.01973372982957
2105,ed14037b-c3ba-438a-8a5c-334351b29982,8,2105,True,2675,2675,295.9637716531861
2106,ed14037b-c3ba-438a-8a5c-334351b29982,8,2106,True,2697,2697,372.76815398029703
2107,ed14037b-c3ba-438a-8a5c-334351b29982,8,2107,True,2717,2717,400.89749810045623
2108,ed14037b-c3ba-438a-8a5c-334351b29982,8,2108,True,2737,2737,410.374334434473
2109,ed14037b-c3ba-438a-8a5c-334351b29982,8,2109,True,2761,2761,447.8871311908142
2110,ed14037b-c3ba-438a-8a5c-334351b29982,8,2110,True,2785,2785,447.7275320666049
2111,ed14037b-c3ba-438a-8a5c-334351b29982,8,2111,True,2817,2817,330.374334434473
2112,ed14037b-c3ba-438a-8a5c-334351b29982,8,2112,True,2842,2842,366.8871311908142
2113,ed14037b-c3ba-438a-8a5c-334351b29982,8,2113,True,2865,2865,367.7275320666049
2114,ed14037b-c3ba-438a-8a5c-334351b29982,8,2114,True,2893,2893,399.3859538320389
2115,ed14037b-c3ba-438a-8a5c-334351b29982,8,2115,True,2928,2928,364.3859538320389
2116,ed14037b-c3ba-438a-8a5c-334351b29982,8,2116,True,2950,2950,376.69008424651884
2117,ed14037b-c3ba-438a-8a5c-334351b29982,8,2117,True,2970,2970,322.3859538320389
2118,ed14037b-c3ba-438a-8a5c-334351b29982,8,2118,True,2999,2999,379.93323948158877
2119,ed14037b-c3ba-438a-8a5c-334351b29982,8,2119,True,3022,3022,380.5035094296986
2120,ed14037b-c3ba-438a-8a5c-334351b29982,8,2120,True,3049,3049,306.4651164004531
2121,ed14037b-c3ba-438a-8a5c-334351b29982,8,2121,True,3079,3079,438.6020075230822
2122,ed14037b-c3ba-438a-8a5c-334351b29982,8,2122,True,3111,3111,377.2186952483021
2123,ed14037b-c3ba-438a-8a5c-334351b29982,8,2123,True,3147,3147,432.5520156392827
2124,ed14037b-c3ba-438a-8a5c-334351b29982,8,2124,True,3169,3169,388.15171295448454
2125,ed14037b-c3ba-438a-8a5c-334351b29982,8,2125,True,3192,3192,387.5520156392827
2126,ed14037b-c3ba-438a-8a5c-334351b29982,8,2126,True,3216,3216,433.7520252614627
2127,ed14037b-c3ba-438a-8a5c-334351b29982,8,2127,True,3237,3237,467.91663620885856
2128,ed14037b-c3ba-438a-8a5c-334351b29982,8,2128,True,3259,3259,367.73368723297835
2129,ed14037b-c3ba-438a-8a5c-334351b29982,8,2129,True,3278,3278,348.73368723297835
2130,ed14037b-c3ba-438a-8a5c-334351b29982,8,2130,True,3301,3301,301.7754668657617
2131,ed14037b-c3ba-438a-8a5c-334351b29982,8,2131,True,3327,3327,299.73368723297835
2132,ed14037b-c3ba-438a-8a5c-334351b29982,8,2132,True,3346,3346,280.73368723297835
2133,ed14037b-c3ba-438a-8a5c-334351b29982,8,2133,True,3373,3373,365.85018149780035
2134,ed14037b-c3ba-438a-8a5c-334351b29982,8,2134,True,3401,3401,363.73166114493506
2135,ed14037b-c3ba-438a-8a5c-334351b29982,8,2135,True,3426,3426,338.73166114493506
2136,ed14037b-c3ba-438a-8a5c-334351b29982,8,2136,True,3454,3454,284.85018149780035
2137,ed14037b-c3ba-438a-8a5c-334351b29982,8,2137,True,3479,3479,347.83286701859697
2138,ed14037b-c3ba-438a-8a5c-334351b29982,8,2138,True,3507,3507,337.72778876275515
2139,ed14037b-c3ba-438a-8a5c-334351b29982,8,2139,True,3531,3531,465.2508321533719
2140,ed14037b-c3ba-438a-8a5c-334351b29982,8,2140,True,3559,3559,416.20937397473654
2141,ed14037b-c3ba-438a-8a5c-334351b29982,8,2141,True,3590,3590,406.2508321533719
2142,ed14037b-c3ba-438a-8a5c-334351b29982,8,2142,True,3606,3606,390.2508321533719
2143,ed14037b-c3ba-438a-8a5c-334351b29982,8,2143,True,3630,3630,345.20937397473654
2144,ed14037b-c3ba-438a-8a5c-334351b29982,8,2144,True,3650,3650,426.11824699856606
2145,ed14037b-c3ba-438a-8a5c-334351b29982,8,2145,True,3676,3676,421.697355362453
2146,ed14037b-c3ba-438a-8a5c-334351b29982,8,2146,True,3698,3698,399.697355362453
2147,ed14037b-c3ba-438a-8a5c-334351b29982,8,2147,True,3729,3729,478.5242543052227
2148,ed14037b-c3ba-438a-8a5c-334351b29982,8,2148,True,3749,3749,458.5242543052227
2149,ed14037b-c3ba-438a-8a5c-334351b29982,8,2149,True,3771,3771,414.17843303863265
2150,ed14037b-c3ba-438a-8a5c-334351b29982,8,2150,True,3796,3796,489.22274188246047
2151,ed14037b-c3ba-438a-8a5c-334351b29982,8,2151,True,3815,3815,422.94996051873204
2152,ed14037b-c3ba-438a-8a5c-334351b29982,8,2152,True,3850,3850,412.6316927105481
2153,ed14037b-c3ba-438a-8a5c-334351b29982,8,2153,True,3870,3870,415.22274188246047
2154,ed14037b-c3ba-438a-8a5c-334351b29982,8,2154,True,3894,3894,343.94996051873204
2155,ed14037b-c3ba-438a-8a5c-334351b29982,8,2155,True,3911,3911,440.46905200089714
2156,ed14037b-c3ba-438a-8a5c-334351b29982,8,2156,True,3933,3933,391.88725189535944
2157,ed14037b-c3ba-438a-8a5c-334351b29982,8,2157,True,3945,3945,358.3924932186201
2158,ed14037b-c3ba-438a-8a5c-334351b29982,8,2158,True,3974,3974,377.46905200089714
2159,ed14037b-c3ba-438a-8a5c-334351b29982,8,2159,True,3998,3998,326.88725189535944
2160,ed14037b-c3ba-438a-8a5c-334351b29982,8,2160,True,4022,4022,468.78319764622574
2161,ed14037b-c3ba-438a-8a5c-334351b29982,8,2161,True,4052,4052,416.1615431554201
2162,ed14037b-c3ba-438a-8a5c-334351b29982,8,2162,True,4076,4076,414.78319764622574
2163,ed14037b-c3ba-438a-8a5c-334351b29982,8,2163,True,4101,4101,415.0868621086447
2164,ed14037b-c3ba-438a-8a5c-334351b29982,8,2164,True,4123,4123,345.1615431554201
2165,ed14037b-c3ba-438a-8a5c-334351b29982,8,2165,True,4148,4148,342.78319764622574
2166,ed14037b-c3ba-438a-8a5c-334351b29982,8,2166,True,4167,4167,416.67751414355007
2167,ed14037b-c3ba-438a-8a5c-334351b29982,8,2167,True,4189,4189,414.3535499562322
2168,ed14037b-c3ba-438a-8a5c-334351b29982,8,2168,True,4205,4205,483.4601941945675
2169,ed14037b-c3ba-438a-8a5c-334351b29982,8,2169,True,4229,4229,354.67751414355007
2170,ed14037b-c3ba-438a-8a5c-334351b29982,8,2170,True,4250,4250,419.2240837066147
2171,ed14037b-c3ba-438a-8a5c-334351b29982,8,2171,True,4267,4267,421.4601941945675
2172,ed14037b-c3ba-438a-8a5c-334351b29982,8,2172,True,4289,4289,418.3611966154622
2173,ed14037b-c3ba-438a-8a5c-334351b29982,8,2173,True,4322,4322,407.8745144321283
2174,ed14037b-c3ba-438a-8a5c-334351b29982,8,2174,True,4339,4339,390.8745144321283
2175,ed14037b-c3ba-438a-8a5c-334351b29982,8,2175,True,4377,4377,511.1145865837452
2176,ed14037b-c3ba-438a-8a5c-334351b29982,8,2176,True,4401,4401,466.08865313696333
2177,ed14037b-c3ba-438a-8a5c-334351b29982,8,2177,True,4423,4423,345.06568000083644
2178,ed14037b-c3ba-438a-8a5c-334351b29982,8,2178,True,4448,4448,510.2383445393307
2179,ed14037b-c3ba-438a-8a5c-334351b29982,8,2179,True,4479,4479,479.2383445393307
2180,ed14037b-c3ba-438a-8a5c-334351b29982,8,2180,True,4505,4505,425.22496038759346
2181,ed14037b-c3ba-438a-8a5c-334351b29982,8,2181,True,4531,4531,427.2383445393307
2182,ed14037b-c3ba-438a-8a5c-334351b29982,8,2182,True,4558,4558,400.2383445393307
2183,ed14037b-c3ba-438a-8a5c-334351b29982,8,2183,True,4587,4587,414.9276043661539
2184,ed14037b-c3ba-438a-8a5c-334351b29982,8,2184,True,4610,4610,414.2822312992612
2185,ed14037b-c3ba-438a-8a5c-334351b29982,8,2185,True,4634,4634,346.57662863568385
2186,ed14037b-c3ba-438a-8a5c-334351b29982,8,2186,True,4659,4659,441.49792508632345
2187,ed14037b-c3ba-438a-8a5c-334351b29982,8,2187,True,4685,4685,339.2822312992612
2188,ed14037b-c3ba-438a-8a5c-334351b29982,8,2188,True,4715,4715,433.8214334000904
2189,ed14037b-c3ba-438a-8a5c-334351b29982,8,2189,True,4736,4736,437.0752702401278
2190,ed14037b-c3ba-438a-8a5c-334351b29982,8,2190,True,4757,4757,437.5884072612844
2191,ed14037b-c3ba-438a-8a5c-334351b29982,8,2191,True,4784,4784,364.8214334000904
2192,ed14037b-c3ba-438a-8a5c-334351b29982,8,2192,True,4810,4810,363.0752702401278
2193,ed14037b-c3ba-438a-8a5c-334351b29982,8,2193,True,4829,4829,454.62294088017916
2194,ed14037b-c3ba-438a-8a5c-334351b29982,8,2194,True,4860,4860,476.93170003008254
2195,ed14037b-c3ba-438a-8a5c-334351b29982,8,2195,True,4888,4888,448.93170003008254
2196,ed14037b-c3ba-438a-8a5c-334351b29982,8,2196,True,4905,4905,378.62294088017916
2197,ed14037b-c3ba-438a-8a5c-334351b29982,8,2197,True,4928,4928,332.6645049834233
2198,ed14037b-c3ba-438a-8a5c-334351b29982,8,2198,True,4965,4965,438.5542914629377
2199,ed14037b-c3ba-438a-8a5c-334351b29982,8,2199,True,4988,4988,369.739841333846
2200,ed14037b-c3ba-438a-8a5c-334351b29982,8,2200,True,5027,5027,396.5176066748545
2201,ed14037b-c3ba-438a-8a5c-334351b29982,8,2201,True,5049,5049,397.7468533652891
2202,ed14037b-c3ba-438a-8a5c-334351b29982,8,2202,True,5077,5077,433.04575580220535
2203,ed14037b-c3ba-438a-8a5c-334351b29982,8,2203,True,5106,5106,426.10295655738173
2204,ed14037b-c3ba-438a-8a5c-334351b29982,8,2204,True,5120,5120,326.7468533652891
2205,ed14037b-c3ba-438a-8a5c-334351b29982,8,2205,True,5143,5143,331.5480298551074
2206,ed14037b-c3ba-438a-8a5c-334351b29982,8,2206,True,5168,5168,442.20179418471616
2207,ed14037b-c3ba-438a-8a5c-334351b29982,8,2207,True,5188,5188,398.1786869130683
2208,ed14037b-c3ba-438a-8a5c-334351b29982,8,2208,True,5212,5212,398.20179418471616
2209,ed14037b-c3ba-438a-8a5c-334351b29982,8,2209,True,5240,5240,370.20179418471616
2210,ed14037b-c3ba-438a-8a5c-334351b29982,8,2210,True,5267,5267,319.1786869130683
2211,ed14037b-c3ba-438a-8a5c-334351b29982,8,2211,True,5295,5295,376.0917777840705
2212,ed14037b-c3ba-438a-8a5c-334351b29982,8,2212,True,5321,5321,524.6517091071955
2213,ed14037b-c3ba-438a-8a5c-334351b29982,8,2213,True,5345,5345,396.29528993275835
2214,ed14037b-c3ba-438a-8a5c-334351b29982,8,2214,True,5361,5361,405.9621692166975
2215,ed14037b-c3ba-438a-8a5c-334351b29982,8,2215,True,5384,5384,382.9621692166975
2216,ed14037b-c3ba-438a-8a5c-334351b29982,8,2216,True,5410,5410,331.29528993275835
2217,ed14037b-c3ba-438a-8a5c-334351b29982,8,2217,True,5432,5432,334.9621692166975
2218,ed14037b-c3ba-438a-8a5c-334351b29982,8,2218,True,5452,5452,470.5588559298858
2219,ed14037b-c3ba-438a-8a5c-334351b29982,8,2219,True,5480,5480,391.7229573512168
2220,ed14037b-c3ba-438a-8a5c-334351b29982,8,2220,True,5503,5503,419.5588559298858
2221,ed14037b-c3ba-438a-8a5c-334351b29982,8,2221,True,5533,5533,431.5781897736124
2222,ed14037b-c3ba-438a-8a5c-334351b29982,8,2222,True,5549,5549,530.5608054469758
2223,ed14037b-c3ba-438a-8a5c-334351b29982,8,2223,True,5570,5570,352.5588559298858
2224,ed14037b-c3ba-438a-8a5c-334351b29982,8,2224,True,5601,5601,363.5781897736124
2225,ed14037b-c3ba-438a-8a5c-334351b29982,8,2225,True,5629,5629,502.91577317133033
2226,ed14037b-c3ba-438a-8a5c-334351b29982,8,2226,True,5644,5644,461.7337540557064
2227,ed14037b-c3ba-438a-8a5c-334351b29982,8,2227,True,5666,5666,529.9301071814125
2228,ed14037b-c3ba-438a-8a5c-334351b29982,8,2228,True,5695,5695,436.91577317133033
2229,ed14037b-c3ba-438a-8a5c-334351b29982,8,2229,True,5725,5725,354.5608054469758
2230,ed14037b-c3ba-438a-8a5c-334351b29982,8,2230,True,5749,5749,356.7337540557064
2231,ed14037b-c3ba-438a-8a5c-334351b29982,8,2231,True,5770,5770,447.89754611535955
2232,ed14037b-c3ba-438a-8a5c-334351b29982,8,2232,True,5789,5789,487.21425177088986
2233,ed14037b-c3ba-438a-8a5c-334351b29982,8,2233,True,5815,5815,436.1057582999283
2234,ed14037b-c3ba-438a-8a5c-334351b29982,8,2234,True,5840,5840,436.21425177088986
2235,ed14037b-c3ba-438a-8a5c-334351b29982,8,2235,True,5866,5866,410.21425177088986
2236,ed14037b-c3ba-438a-8a5c-334351b29982,8,2236,True,5892,5892,359.1057582999283
2237,ed14037b-c3ba-438a-8a5c-334351b29982,8,2237,True,5917,5917,359.21425177088986
2238,ed14037b-c3ba-438a-8a5c-334351b29982,8,2238,True,5938,5938,581.5944797050124
2239,ed14037b-c3ba-438a-8a5c-334351b29982,8,2239,True,5960,5960,532.2749765689414
2240,ed14037b-c3ba-438a-8a5c-334351b29982,8,2240,True,5985,5985,457.83992066444625
2241,ed14037b-c3ba-438a-8a5c-334351b29982,8,2241,True,6006,6006,513.5944797050124
2242,ed14037b-c3ba-438a-8a5c-334351b29982,8,2242,True,6037,6037,405.83992066444625
2243,ed14037b-c3ba-438a-8a5c-334351b29982,8,2243,True,6055,6055,414.78433639700506
2244,ed14037b-c3ba-438a-8a5c-334351b29982,8,2244,True,6085,6085,333.28063019306046
2245,ed14037b-c3ba-438a-8a5c-334351b29982,8,2245,True,6103,6103,339.83992066444625
2246,ed14037b-c3ba-438a-8a5c-334351b29982,8,2246,True,6134,6134,526.5071215865964
2247,ed14037b-c3ba-438a-8a5c-334351b29982,8,2247,True,6161,6161,447.87652323564726
2248,ed14037b-c3ba-438a-8a5c-334351b29982,8,2248,True,6186,6186,497.3077920096148
2249,ed14037b-c3ba-438a-8a5c-334351b29982,8,2249,True,6213,6213,374.15844132115035
2250,ed14037b-c3ba-438a-8a5c-334351b29982,8,2250,True,6237,6237,371.87652323564726
2251,ed14037b-c3ba-438a-8a5c-334351b29982,8,2251,True,6263,6263,367.91059575457984
2252,ed14037b-c3ba-438a-8a5c-334351b29982,8,2252,True,6291,6291,481.8891218178842
2253,ed14037b-c3ba-438a-8a5c-334351b29982,8,2253,True,6310,6310,483.54818490477464
2254,ed14037b-c3ba-438a-8a5c-334351b29982,8,2254,True,6329,6329,419.5499763038879
2255,ed14037b-c3ba-438a-8a5c-334351b29982,8,2255,True,6354,6354,418.8891218178842
2256,ed14037b-c3ba-438a-8a5c-334351b29982,8,2256,True,6372,6372,542.1591205903342
2257,ed14037b-c3ba-438a-8a5c-334351b29982,8,2257,True,6403,6403,345.5499763038879
2258,ed14037b-c3ba-438a-8a5c-334351b29982,8,2258,True,6430,6430,629.4595455632088
2259,ed14037b-c3ba-438a-8a5c-334351b29982,8,2259,True,6448,6448,531.589179868306
2260,ed14037b-c3ba-438a-8a5c-334351b29982,8,2260,True,6469,6469,568.9840593866429
2261,ed14037b-c3ba-438a-8a5c-334351b29982,8,2261,True,6490,6490,445.7809941692258
2262,ed14037b-c3ba-438a-8a5c-334351b29982,8,2262,True,6525,6525,675.3528684902785
2263,ed14037b-c3ba-438a-8a5c-334351b29982,8,2263,True,6543,6543,684.9542189565345
2264,ed14037b-c3ba-438a-8a5c-334351b29982,8,2264,True,6564,6564,663.9542189565345
2265,ed14037b-c3ba-438a-8a5c-334351b29982,8,2265,True,6585,6585,452.9840593866429
2266,ed14037b-c3ba-438a-8a5c-334351b29982,8,2266,True,6619,6619,608.9542189565345
2267,ed14037b-c3ba-438a-8a5c-334351b29982,8,2267,True,6647,6647,553.3528684902785
2268,ed14037b-c3ba-438a-8a5c-334351b29982,8,2268,True,6689,6689,538.9542189565345
2269,ed14037b-c3ba-438a-8a5c-334351b29982,8,2269,True,6719,6719,611.8854198462641
2270,ed14037b-c3ba-438a-8a5c-334351b29982,8,2270,True,6746,6746,644.2239008952247
2271,ed14037b-c3ba-438a-8a5c-334351b29982,8,2271,True,6779,6779,525.6129192470189
2272,ed14037b-c3ba-438a-8a5c-334351b29982,8,2272,True,6809,6809,495.6129192470189
2273,ed14037b-c3ba-438a-8a5c-334351b29982,8,2273,True,6833,6833,497.8854198462641
2274,ed14037b-c3ba-438a-8a5c-334351b29982,8,2274,True,6857,6857,533.2239008952247
2275,ed14037b-c3ba-438a-8a5c-334351b29982,8,2275,True,6891,6891,413.6129192470189
2276,ed14037b-c3ba-438a-8a5c-334351b29982,8,2276,True,6913,6913,565.2983146028128
2277,ed14037b-c3ba-438a-8a5c-334351b29982,8,2277,True,6936,6936,510.7350627536862
2278,ed14037b-c3ba-438a-8a5c-334351b29982,8,2278,True,6959,6959,565.0071353895264
2279,ed14037b-c3ba-438a-8a5c-334351b29982,8,2279,True,6986,6986,492.29831460281275
2280,ed14037b-c3ba-438a-8a5c-334351b29982,8,2280,True,7007,7007,439.7350627536862
2281,ed14037b-c3ba-438a-8a5c-334351b29982,8,2281,True,7025,7025,499.0071353895264
2282,ed14037b-c3ba-438a-8a5c-334351b29982,8,2282,True,7049,7049,429.29831460281275
2283,ed14037b-c3ba-438a-8a5c-334351b29982,8,2283,True,7065,7065,459.0071353895264
2284,ed14037b-c3ba-438a-8a5c-334351b29982,8,2284,True,7095,7095,584.9519731404325
2285,ed14037b-c3ba-438a-8a5c-334351b29982,8,2285,True,7119,7119,483.26788037790357
2286,ed14037b-c3ba-438a-8a5c-334351b29982,8,2286,True,7151,7151,420.65452999465924
2287,ed14037b-c3ba-438a-8a5c-334351b29982,8,2287,True,7177,7177,374.6929760055582
2288,ed14037b-c3ba-438a-8a5c-334351b29982,8,2288,True,7207,7207,498.8819101662775
2289,ed14037b-c3ba-438a-8a5c-334351b29982,8,2289,True,7231,7231,474.8819101662775
2290,ed14037b-c3ba-438a-8a5c-334351b29982,8,2290,True,7257,7257,422.95197314043253
2291,ed14037b-c3ba-438a-8a5c-334351b29982,8,2291,True,7286,7286,552.3094949342185
2292,ed14037b-c3ba-438a-8a5c-334351b29982,8,2292,True,7306,7306,481.8567341329572
2293,ed14037b-c3ba-438a-8a5c-334351b29982,8,2293,True,7326,7326,432.47772060565785
2294,ed14037b-c3ba-438a-8a5c-334351b29982,8,2294,True,7352,7352,353.8819101662775
2295,ed14037b-c3ba-438a-8a5c-334351b29982,8,2295,True,7378,7378,492.1446982470379
2296,ed14037b-c3ba-438a-8a5c-334351b29982,8,2296,True,7400,7400,470.1446982470379
2297,ed14037b-c3ba-438a-8a5c-334351b29982,8,2297,True,7426,7426,466.5455406038518
2298,ed14037b-c3ba-438a-8a5c-334351b29982,8,2298,True,7453,7453,417.1446982470379
2299,ed14037b-c3ba-438a-8a5c-334351b29982,8,2299,True,7482,7482,388.1446982470379
2300,ed14037b-c3ba-438a-8a5c-334351b29982,8,2300,True,7502,7502,390.5455406038518
2301,ed14037b-c3ba-438a-8a5c-334351b29982,8,2301,True,7520,7520,350.1446982470379
2302,ed14037b-c3ba-438a-8a5c-334351b29982,8,2302,True,7540,7540,491.5659893899365
2303,ed14037b-c3ba-438a-8a5c-334351b29982,8,2303,True,7570,7570,432.23933799442693
2304,ed14037b-c3ba-438a-8a5c-334351b29982,8,2304,True,7597,7597,502.1653957248109
2305,ed14037b-c3ba-438a-8a5c-334351b29982,8,2305,True,7625,7625,549.6770098210682
2306,ed14037b-c3ba-438a-8a5c-334351b29982,8,2306,True,7640,7640,459.1653957248109
2307,ed14037b-c3ba-438a-8a5c-334351b29982,8,2307,True,7671,7671,503.67700982106817
2308,ed14037b-c3ba-438a-8a5c-334351b29982,8,2308,True,7698,7698,476.67700982106817
2309,ed14037b-c3ba-438a-8a5c-334351b29982,8,2309,True,7735,7735,529.6978248184223
2310,ed14037b-c3ba-438a-8a5c-334351b29982,8,2310,True,7761,7761,433.7553025105026
2311,ed14037b-c3ba-438a-8a5c-334351b29982,8,2311,True,7789,7789,475.6978248184223
2312,ed14037b-c3ba-438a-8a5c-334351b29982,8,2312,True,7810,7810,483.0284663823004
2313,ed14037b-c3ba-438a-8a5c-334351b29982,8,2313,True,7843,7843,473.0746064476916
2314,ed14037b-c3ba-438a-8a5c-334351b29982,8,2314,True,7862,7862,475.19185983688294
2315,ed14037b-c3ba-438a-8a5c-334351b29982,8,2315,True,7887,7887,406.0284663823004
2316,ed14037b-c3ba-438a-8a5c-334351b29982,8,2316,True,7906,7906,410.0746064476916
2317,ed14037b-c3ba-438a-8a5c-334351b29982,8,2317,True,7927,7927,410.19185983688294
2318,ed14037b-c3ba-438a-8a5c-334351b29982,8,2318,True,7955,7955,541.5981273232337
2319,ed14037b-c3ba-438a-8a5c-334351b29982,8,2319,True,7984,7984,512.5981273232337
2320,ed14037b-c3ba-438a-8a5c-334351b29982,8,2320,True,8008,8008,453.99216529708065
2321,ed14037b-c3ba-438a-8a5c-334351b29982,8,2321,True,8030,8030,466.5981273232337
2322,ed14037b-c3ba-438a-8a5c-334351b29982,8,2322,True,8056,8056,440.5981273232337
2323,ed14037b-c3ba-438a-8a5c-334351b29982,8,2323,True,8089,8089,470.8187886557953
2324,ed14037b-c3ba-438a-8a5c-334351b29982,8,2324,True,8121,8121,438.8187886557953
2325,ed14037b-c3ba-438a-8a5c-334351b29982,8,2325,True,8148,8148,437.0603399180618
2326,ed14037b-c3ba-438a-8a5c-334351b29982,8,2326,True,8172,8172,413.0603399180618
2327,ed14037b-c3ba-438a-8a5c-334351b29982,8,2327,True,8200,8200,359.8187886557953
2328,ed14037b-c3ba-438a-8a5c-334351b29982,8,2328,True,8220,8220,365.0603399180618
2329,ed14037b-c3ba-438a-8a5c-334351b29982,8,2329,True,8237,8237,366.5137821828648
2330,ed14037b-c3ba-438a-8a5c-334351b29982,8,2330,True,8254,8254,370.4228825505452
2331,ed14037b-c3ba-438a-8a5c-334351b29982,8,2331,True,8284,8284,340.4228825505452
2332,ed14037b-c3ba-438a-8a5c-334351b29982,8,2332,True,8302,8302,490.08577294759925
2333,ed14037b-c3ba-438a-8a5c-334351b29982,8,2333,True,8322,8322,386.76302826327446
2334,ed14037b-c3ba-438a-8a5c-334351b29982,8,2334,True,8352,8352,419.84516344515214
2335,ed14037b-c3ba-438a-8a5c-334351b29982,8,2335,True,8379,8379,349.96131176206836
2336,ed14037b-c3ba-438a-8a5c-334351b29982,8,2336,True,8407,8407,507.90241139897626
2337,ed14037b-c3ba-438a-8a5c-334351b29982,8,2337,True,8434,8434,405.8004099718546
2338,ed14037b-c3ba-438a-8a5c-334351b29982,8,2338,True,8466,8466,393.98746092404326
2339,ed14037b-c3ba-438a-8a5c-334351b29982,8,2339,True,8485,8485,374.98746092404326
2340,ed14037b-c3ba-438a-8a5c-334351b29982,8,2340,True,8506,8506,333.8004099718546
2341,ed14037b-c3ba-438a-8a5c-334351b29982,8,2341,True,8524,8524,410.61330515322334
2342,ed14037b-c3ba-438a-8a5c-334351b29982,8,2342,True,8557,8557,500.02291157005857
2343,ed14037b-c3ba-438a-8a5c-334351b29982,8,2343,True,8584,8584,473.02291157005857
2344,ed14037b-c3ba-438a-8a5c-334351b29982,8,2344,True,8608,8608,424.7533955721392
2345,ed14037b-c3ba-438a-8a5c-334351b29982,8,2345,True,8643,8643,414.02291157005857
2346,ed14037b-c3ba-438a-8a5c-334351b29982,8,2346,True,8664,8664,441.3427905468325
2347,ed14037b-c3ba-438a-8a5c-334351b29982,8,2347,True,8691,8691,462.06460865900954
2348,ed14037b-c3ba-438a-8a5c-334351b29982,8,2348,True,8712,8712,494.434256389417
2349,ed14037b-c3ba-438a-8a5c-334351b29982,8,2349,True,8739,8739,366.3427905468325
2350,ed14037b-c3ba-438a-8a5c-334351b29982,8,2350,True,8769,8769,463.16213603237156
2351,ed14037b-c3ba-438a-8a5c-334351b29982,8,2351,True,8796,8796,410.434256389417
2352,ed14037b-c3ba-438a-8a5c-334351b29982,8,2352,True,8822,8822,428.4927825282866
2353,ed14037b-c3ba-438a-8a5c-334351b29982,8,2353,True,8843,8843,389.16213603237156
2354,ed14037b-c3ba-438a-8a5c-334351b29982,8,2354,True,8864,8864,431.58094198264916
2355,ed14037b-c3ba-438a-8a5c-334351b29982,8,2355,True,8889,8889,384.58446445782283
2356,ed14037b-c3ba-438a-8a5c-334351b29982,8,2356,True,8927,8927,417.0969072295611
2357,ed14037b-c3ba-438a-8a5c-334351b29982,8,2357,True,8949,8949,373.9191224491169
2358,ed14037b-c3ba-438a-8a5c-334351b29982,8,2358,True,8970,8970,441.3127725495324
2359,ed14037b-c3ba-438a-8a5c-334351b29982,8,2359,True,8993,8993,439.1064905783114
2360,ed14037b-c3ba-438a-8a5c-334351b29982,8,2360,True,9016,9016,439.7331982178657
2361,ed14037b-c3ba-438a-8a5c-334351b29982,8,2361,True,9043,9043,368.3127725495324
2362,ed14037b-c3ba-438a-8a5c-334351b29982,8,2362,True,9073,9073,359.1064905783114
2363,ed14037b-c3ba-438a-8a5c-334351b29982,8,2363,True,9089,9089,366.7331982178657
2364,ed14037b-c3ba-438a-8a5c-334351b29982,8,2364,True,9107,9107,469.18635095437094
2365,ed14037b-c3ba-438a-8a5c-334351b29982,8,2365,True,9141,9141,435.18635095437094
2366,ed14037b-c3ba-438a-8a5c-334351b29982,8,2366,True,9172,9172,339.86260446263987
2367,ed14037b-c3ba-438a-8a5c-334351b29982,8,2367,True,9200,9200,440.4840897096965
2368,ed14037b-c3ba-438a-8a5c-334351b29982,8,2368,True,9219,9219,421.4840897096965
2369,ed14037b-c3ba-438a-8a5c-334351b29982,8,2369,True,9246,9246,437.3739005451898
2370,ed14037b-c3ba-438a-8a5c-334351b29982,8,2370,True,9269,9269,489.5058451637724
2371,ed14037b-c3ba-438a-8a5c-334351b29982,8,2371,True,9299,9299,363.62035106132316
2372,ed14037b-c3ba-438a-8a5c-334351b29982,8,2372,True,9329,9329,525.6494322080653
2373,ed14037b-c3ba-438a-8a5c-334351b29982,8,2373,True,9361,9361,471.7006310624074
2374,ed14037b-c3ba-438a-8a5c-334351b29982,8,2374,True,9387,9387,467.64943220806526
2375,ed14037b-c3ba-438a-8a5c-334351b29982,8,2375,True,9411,9411,347.5058451637724
2376,ed14037b-c3ba-438a-8a5c-334351b29982,8,2376,True,9428,9428,496.5867587018438
2377,ed14037b-c3ba-438a-8a5c-334351b29982,8,2377,True,9460,9460,486.15201704475476
2378,ed14037b-c3ba-438a-8a5c-334351b29982,8,2378,True,9480,9480,466.15201704475476
2379,ed14037b-c3ba-438a-8a5c-334351b29982,8,2379,True,9502,9502,488.3612580631616
2380,ed14037b-c3ba-438a-8a5c-334351b29982,8,2380,True,9526,9526,464.3612580631616
2381,ed14037b-c3ba-438a-8a5c-334351b29982,8,2381,True,9545,9545,445.3612580631616
2382,ed14037b-c3ba-438a-8a5c-334351b29982,8,2382,True,9569,9569,471.695974663
2383,ed14037b-c3ba-438a-8a5c-334351b29982,8,2383,True,9597,9597,528.9966361069619
2384,ed14037b-c3ba-438a-8a5c-334351b29982,8,2384,True,9626,9626,546.5777003109561
2385,ed14037b-c3ba-438a-8a5c-334351b29982,8,2385,True,9656,9656,443.90336141907574
2386,ed14037b-c3ba-438a-8a5c-334351b29982,8,2386,True,9676,9676,449.9966361069619
2387,ed14037b-c3ba-438a-8a5c-334351b29982,8,2387,True,9703,9703,469.57770031095606
2388,ed14037b-c3ba-438a-8a5c-334351b29982,8,2388,True,9727,9727,445.57770031095606
2389,ed14037b-c3ba-438a-8a5c-334351b29982,8,2389,True,9758,9758,476.9746882111922
2390,ed14037b-c3ba-438a-8a5c-334351b29982,8,2390,True,9782,9782,435.7131431949274
2391,ed14037b-c3ba-438a-8a5c-334351b29982,8,2391,True,9802,9802,487.55359221867
2392,ed14037b-c3ba-438a-8a5c-334351b29982,8,2392,True,9827,9827,484.0523635464051
2393,ed14037b-c3ba-438a-8a5c-334351b29982,8,2393,True,9853,9853,436.55359221867
2394,ed14037b-c3ba-438a-8a5c-334351b29982,8,2394,True,9883,9883,446.25098095456633
2395,ed14037b-c3ba-438a-8a5c-334351b29982,8,2395,True,9911,9911,468.38777204085636
2396,ed14037b-c3ba-438a-8a5c-334351b29982,8,2396,True,9936,9936,461.31322632150113
2397,ed14037b-c3ba-438a-8a5c-334351b29982,8,2397,True,9960,9960,419.38777204085636
2398,ed14037b-c3ba-438a-8a5c-334351b29982,8,2398,True,9993,9993,473.3796044501869
2399,ed14037b-c3ba-438a-8a5c-334351b29982,8,2399,True,10029,10029,437.3796044501869
2400,ed14037b-c3ba-438a-8a5c-334351b29982,8,2400,True,10056,10056,384.94816859797174
2401,ed14037b-c3ba-438a-8a5c-334351b29982,8,2401,True,10074,10074,392.3796044501869
2402,ed14037b-c3ba-438a-8a5c-334351b29982,8,2402,True,10091,10091,441.43806044148005
2403,ed14037b-c3ba-438a-8a5c-334351b29982,8,2403,True,10115,10115,391.812853801066
2404,ed14037b-c3ba-438a-8a5c-334351b29982,8,2404,True,10135,10135,397.43806044148005
2405,ed14037b-c3ba-438a-8a5c-334351b29982,8,2405,True,10159,10159,451.6006469621552
2406,ed14037b-c3ba-438a-8a5c-334351b29982,8,2406,True,10187,10187,489.97573227780595
2407,ed14037b-c3ba-438a-8a5c-334351b29982,8,2407,True,10212,10212,443.2427736346235
2408,ed14037b-c3ba-438a-8a5c-334351b29982,8,2408,True,10234,10234,517.5479620654951
2409,ed14037b-c3ba-438a-8a5c-334351b29982,8,2409,True,10253,10253,423.97573227780595
2410,ed14037b-c3ba-438a-8a5c-334351b29982,8,2410,True,10274,10274,477.5479620654951
2411,ed14037b-c3ba-438a-8a5c-334351b29982,8,2411,True,10303,10303,425.8048272404758
2412,ed14037b-c3ba-438a-8a5c-334351b29982,8,2412,True,10319,10319,490.634651028402
2413,ed14037b-c3ba-438a-8a5c-334351b29982,8,2413,True,10342,10342,445.42429867676765
2414,ed14037b-c3ba-438a-8a5c-334351b29982,8,2414,True,10370,10370,417.42429867676765
2415,ed14037b-c3ba-438a-8a5c-334351b29982,8,2415,True,10391,10391,628.1073723855552
2416,ed14037b-c3ba-438a-8a5c-334351b29982,8,2416,True,10415,10415,489.51623661099256
2417,ed14037b-c3ba-438a-8a5c-334351b29982,8,2417,True,10454,10454,450.51623661099256
2418,ed14037b-c3ba-438a-8a5c-334351b29982,8,2418,True,10476,10476,445.4336462055908
2419,ed14037b-c3ba-438a-8a5c-334351b29982,8,2419,True,10504,10504,350.2151402464988
2420,ed14037b-c3ba-438a-8a5c-334351b29982,8,2420,True,10523,10523,537.0069203991807
2421,ed14037b-c3ba-438a-8a5c-334351b29982,8,2421,True,10553,10553,443.3362371100702
2422,ed14037b-c3ba-438a-8a5c-334351b29982,8,2422,True,10575,10575,485.0069203991807
2423,ed14037b-c3ba-438a-8a5c-334351b29982,8,2423,True,10604,10604,392.3362371100702
2424,ed14037b-c3ba-438a-8a5c-334351b29982,8,2424,True,10628,10628,455.6044600473415
2425,ed14037b-c3ba-438a-8a5c-334351b29982,8,2425,True,10653,10653,430.6044600473415
2426,ed14037b-c3ba-438a-8a5c-334351b29982,8,2426,True,10686,10686,481.4814883979907
2427,ed14037b-c3ba-438a-8a5c-334351b29982,8,2427,True,10716,10716,520.5690208826072
2428,ed14037b-c3ba-438a-8a5c-334351b29982,8,2428,True,10738,10738,476.1017839607048
2429,ed14037b-c3ba-438a-8a5c-334351b29982,8,2429,True,10752,10752,415.4814883979907
2430,ed14037b-c3ba-438a-8a5c-334351b29982,8,2430,True,10777,10777,369.1307038420582
2431,ed14037b-c3ba-438a-8a5c-334351b29982,8,2431,True,10804,10804,410.1017839607048
2432,ed14037b-c3ba-438a-8a5c-334351b29982,8,2432,True,10842,10842,492.3839999966931
2433,ed14037b-c3ba-438a-8a5c-334351b29982,8,2433,True,10861,10861,375.5690208826072
2434,ed14037b-c3ba-438a-8a5c-334351b29982,8,2434,True,10887,10887,513.2758064115169
2435,ed14037b-c3ba-438a-8a5c-334351b29982,8,2435,True,10914,10914,420.3839999966931
2436,ed14037b-c3ba-438a-8a5c-334351b29982,8,2436,True,10938,10938,522.8250666624099
2437,ed14037b-c3ba-438a-8a5c-334351b29982,8,2437,True,10954,10954,380.3839999966931
2438,ed14037b-c3ba-438a-8a5c-334351b29982,8,2438,True,10979,10979,460.9784191355193
2439,ed14037b-c3ba-438a-8a5c-334351b29982,8,2439,True,11004,11004,374.10955631042816
2440,ed14037b-c3ba-438a-8a5c-334351b29982,8,2440,True,11031,11031,369.2758064115169
2441,ed14037b-c3ba-438a-8a5c-334351b29982,8,2441,True,11063,11063,436.35166212433614
2442,ed14037b-c3ba-438a-8a5c-334351b29982,8,2442,True,11088,11088,431.56506760771845
2443,ed14037b-c3ba-438a-8a5c-334351b29982,8,2443,True,11115,11115,384.35166212433614
2444,ed14037b-c3ba-438a-8a5c-334351b29982,8,2444,True,11139,11139,487.3901862784842
2445,ed14037b-c3ba-438a-8a5c-334351b29982,8,2445,True,11157,11157,394.7738138896657
2446,ed14037b-c3ba-438a-8a5c-334351b29982,8,2446,True,11183,11183,443.3901862784842
2447,ed14037b-c3ba-438a-8a5c-334351b29982,8,2447,True,11207,11207,493.6926801096197
2448,ed14037b-c3ba-438a-8a5c-334351b29982,8,2448,True,11238,11238,419.3803856225386
2449,ed14037b-c3ba-438a-8a5c-334351b29982,8,2449,True,11255,11255,505.5928739258088
2450,ed14037b-c3ba-438a-8a5c-334351b29982,8,2450,True,11287,11287,447.73939005145803
2451,ed14037b-c3ba-438a-8a5c-334351b29982,8,2451,True,11315,11315,445.5928739258088
2452,ed14037b-c3ba-438a-8a5c-334351b29982,8,2452,True,11342,11342,440.84591696700954
2453,ed14037b-c3ba-438a-8a5c-334351b29982,8,2453,True,11372,11372,362.73939005145803
2454,ed14037b-c3ba-438a-8a5c-334351b29982,8,2454,True,11399,11399,361.5928739258088
2455,ed14037b-c3ba-438a-8a5c-334351b29982,8,2455,True,11425,11425,357.84591696700954
2456,ed14037b-c3ba-438a-8a5c-334351b29982,8,2456,True,11449,11449,514.6751623561013
2457,ed14037b-c3ba-438a-8a5c-334351b29982,8,2457,True,11477,11477,486.6751623561013
2458,ed14037b-c3ba-438a-8a5c-334351b29982,8,2458,True,11495,11495,445.3141720303847
2459,ed14037b-c3ba-438a-8a5c-334351b29982,8,2459,True,11520,11520,443.6751623561013
2460,ed14037b-c3ba-438a-8a5c-334351b29982,8,2460,True,11551,11551,510.8455502888828
2461,ed14037b-c3ba-438a-8a5c-334351b29982,8,2461,True,11576,11576,485.8455502888828
2462,ed14037b-c3ba-438a-8a5c-334351b29982,8,2462,True,11599,11599,489.27876150282646
2463,ed14037b-c3ba-438a-8a5c-334351b29982,8,2463,True,11624,11624,437.8455502888828
2464,ed14037b-c3ba-438a-8a5c-334351b29982,8,2464,True,11645,11645,493.1721023582231
2465,ed14037b-c3ba-438a-8a5c-334351b29982,8,2465,True,11670,11670,418.27876150282646
2466,ed14037b-c3ba-438a-8a5c-334351b29982,8,2466,True,11688,11688,467.46399765675596
2467,ed14037b-c3ba-438a-8a5c-334351b29982,8,2467,True,11724,11724,454.82387232177643
2468,ed14037b-c3ba-438a-8a5c-334351b29982,8,2468,True,11743,11743,507.8952585276493
2469,ed14037b-c3ba-438a-8a5c-334351b29982,8,2469,True,11765,11765,508.017524188057
2470,ed14037b-c3ba-438a-8a5c-334351b29982,8,2470,True,11787,11787,512.2905001277632
2471,ed14037b-c3ba-438a-8a5c-334351b29982,8,2471,True,11813,11813,437.8952585276493
2472,ed14037b-c3ba-438a-8a5c-334351b29982,8,2472,True,11836,11836,364.4711606408382
2473,ed14037b-c3ba-438a-8a5c-334351b29982,8,2473,True,11857,11857,393.8952585276493
2474,ed14037b-c3ba-438a-8a5c-334351b29982,8,2474,True,11886,11886,516.9288942274543
2475,ed14037b-c3ba-438a-8a5c-334351b29982,8,2475,True,11914,11914,516.7593911563727
2476,ed14037b-c3ba-438a-8a5c-334351b29982,8,2476,True,11938,11938,516.6130308694192
2477,ed14037b-c3ba-438a-8a5c-334351b29982,8,2477,True,11960,11960,442.9288942274543
2478,ed14037b-c3ba-438a-8a5c-334351b29982,8,2478,True,11980,11980,357.1606871532131
2479,ed14037b-c3ba-438a-8a5c-334351b29982,8,2479,True,12003,12003,357.6292344582016
2480,ed14037b-c3ba-438a-8a5c-334351b29982,8,2480,True,12025,12025,405.75939115637266
2481,ed14037b-c3ba-438a-8a5c-334351b29982,8,2481,True,12043,12043,411.61303086941916
2482,ed14037b-c3ba-438a-8a5c-334351b29982,8,2482,True,12068,12068,434.1399131285634
2483,ed14037b-c3ba-438a-8a5c-334351b29982,8,2483,True,12102,12102,374.12405642779595
2484,ed14037b-c3ba-438a-8a5c-334351b29982,8,2484,True,12123,12123,379.1399131285634
2485,ed14037b-c3ba-438a-8a5c-334351b29982,8,2485,True,12144,12144,358.1399131285634
2486,ed14037b-c3ba-438a-8a5c-334351b29982,8,2486,True,12158,12158,377.4866492367364
2487,ed14037b-c3ba-438a-8a5c-334351b29982,8,2487,True,12183,12183,369.0783513119113
2488,ed14037b-c3ba-438a-8a5c-334351b29982,8,2488,True,12202,12202,458.9850983299002
2489,ed14037b-c3ba-438a-8a5c-334351b29982,8,2489,True,12225,12225,414.075800791843
2490,ed14037b-c3ba-438a-8a5c-334351b29982,8,2490,True,12251,12251,332.52106713701505
2491,ed14037b-c3ba-438a-8a5c-334351b29982,8,2491,True,12275,12275,385.9850983299002
2492,ed14037b-c3ba-438a-8a5c-334351b29982,8,2492,True,12302,12302,337.075800791843
2493,ed14037b-c3ba-438a-8a5c-334351b29982,8,2493,True,12326,12326,497.4009044443592
2494,ed14037b-c3ba-438a-8a5c-334351b29982,8,2494,True,12344,12344,342.3120136676098
2495,ed14037b-c3ba-438a-8a5c-334351b29982,8,2495,True,12374,12374,425.4274184201495
2496,ed14037b-c3ba-438a-8a5c-334351b29982,8,2496,True,12399,12399,504.0143310154963
2497,ed14037b-c3ba-438a-8a5c-334351b29982,8,2497,True,12425,12425,398.4009044443592
2498,ed14037b-c3ba-438a-8a5c-334351b29982,8,2498,True,12439,12439,441.21578701922954
2499,ed14037b-c3ba-438a-8a5c-334351b29982,8,2499,True,12459,12459,444.0143310154963
2500,ed14037b-c3ba-438a-8a5c-334351b29982,8,2500,True,12488,12488,366.33920632688387
2501,ed14037b-c3ba-438a-8a5c-334351b29982,8,2501,True,12507,12507,373.21578701922954
2502,ed14037b-c3ba-438a-8a5c-334351b29982,8,2502,True,12528,12528,397.91666081954827
2503,ed14037b-c3ba-438a-8a5c-334351b29982,8,2503,True,12549,12549,438.991611444575
2504,ed14037b-c3ba-438a-8a5c-334351b29982,8,2504,True,12563,12563,447.0910159895193
2505,ed14037b-c3ba-438a-8a5c-334351b29982,8,2505,True,12588,12588,381.40928089952286
2506,ed14037b-c3ba-438a-8a5c-334351b29982,8,2506,True,12614,12614,373.991611444575
2507,ed14037b-c3ba-438a-8a5c-334351b29982,8,2507,True,12634,12634,376.0910159895193
2508,ed14037b-c3ba-438a-8a5c-334351b29982,8,2508,True,12660,12660,482.10892262498055
2509,ed14037b-c3ba-438a-8a5c-334351b29982,8,2509,True,12690,12690,452.10892262498055
2510,ed14037b-c3ba-438a-8a5c-334351b29982,8,2510,True,12708,12708,455.6431776918598
2511,ed14037b-c3ba-438a-8a5c-334351b29982,8,2511,True,12736,12736,453.2353257122577
2512,ed14037b-c3ba-438a-8a5c-334351b29982,8,2512,True,12764,12764,595.5410390406068
2513,ed14037b-c3ba-438a-8a5c-334351b29982,8,2513,True,12785,12785,551.7418521730579
2514,ed14037b-c3ba-438a-8a5c-334351b29982,8,2514,True,12805,12805,554.5410390406068
2515,ed14037b-c3ba-438a-8a5c-334351b29982,8,2515,True,12833,12833,503.74185217305785
2516,ed14037b-c3ba-438a-8a5c-334351b29982,8,2516,True,12867,12867,469.74185217305785
2517,ed14037b-c3ba-438a-8a5c-334351b29982,8,2517,True,12888,12888,506.775027715179
2518,ed14037b-c3ba-438a-8a5c-334351b29982,8,2518,True,12911,12911,465.12417563318195
2519,ed14037b-c3ba-438a-8a5c-334351b29982,8,2519,True,12936,12936,494.06399110440725
2520,ed14037b-c3ba-438a-8a5c-334351b29982,8,2520,True,12959,12959,504.30335780353744
2521,ed14037b-c3ba-438a-8a5c-334351b29982,8,2521,True,12988,12988,475.30335780353744
2522,ed14037b-c3ba-438a-8a5c-334351b29982,8,2522,True,13007,13007,586.5736430049856
2523,ed14037b-c3ba-438a-8a5c-334351b29982,8,2523,True,13030,13030,544.5779782108966
2524,ed14037b-c3ba-438a-8a5c-334351b29982,8,2524,True,13060,13060,514.5779782108966
2525,ed14037b-c3ba-438a-8a5c-334351b29982,8,2525,True,13080,13080,540.5078668010974
2526,ed14037b-c3ba-438a-8a5c-334351b29982,8,2526,True,13098,13098,599.7797263573793
2527,ed14037b-c3ba-438a-8a5c-334351b29982,8,2527,True,13127,13127,570.7797263573793
2528,ed14037b-c3ba-438a-8a5c-334351b29982,8,2528,True,13153,13153,467.5078668010974
2529,ed14037b-c3ba-438a-8a5c-334351b29982,8,2529,True,13179,13179,539.4101331579659
2530,ed14037b-c3ba-438a-8a5c-334351b29982,8,2530,True,13202,13202,613.4507329602911
2531,ed14037b-c3ba-438a-8a5c-334351b29982,8,2531,True,13229,13229,560.1009893196715
2532,ed14037b-c3ba-438a-8a5c-334351b29982,8,2532,True,13263,13263,476.2884910971916
2533,ed14037b-c3ba-438a-8a5c-334351b29982,8,2533,True,13289,13289,526.4507329602911
2534,ed14037b-c3ba-438a-8a5c-334351b29982,8,2534,True,13318,13318,471.1009893196715
2535,ed14037b-c3ba-438a-8a5c-334351b29982,8,2535,True,13346,13346,393.2884910971916
2536,ed14037b-c3ba-438a-8a5c-334351b29982,8,2536,True,13370,13370,445.45073296029113
2537,ed14037b-c3ba-438a-8a5c-334351b29982,8,2537,True,13392,13392,510.98906333764353
2538,ed14037b-c3ba-438a-8a5c-334351b29982,8,2538,True,13415,13415,513.8716999359767
2539,ed14037b-c3ba-438a-8a5c-334351b29982,8,2539,True,13442,13442,486.8716999359767
2540,ed14037b-c3ba-438a-8a5c-334351b29982,8,2540,True,13473,13473,429.98906333764353
2541,ed14037b-c3ba-438a-8a5c-334351b29982,8,2541,True,13504,13504,480.1424139096016
2542,ed14037b-c3ba-438a-8a5c-334351b29982,8,2542,True,13526,13526,402.8716999359767
2543,ed14037b-c3ba-438a-8a5c-334351b29982,8,2543,True,13549,13549,353.98906333764353
2544,ed14037b-c3ba-438a-8a5c-334351b29982,8,2544,True,13564,13564,554.0683831590504
2545,ed14037b-c3ba-438a-8a5c-334351b29982,8,2545,True,13590,13590,500.3192218249442
2546,ed14037b-c3ba-438a-8a5c-334351b29982,8,2546,True,13611,13611,507.0683831590504
2547,ed14037b-c3ba-438a-8a5c-334351b29982,8,2547,True,13642,13642,476.0683831590504
2548,ed14037b-c3ba-438a-8a5c-334351b29982,8,2548,True,13672,13672,418.3192218249442
2549,ed14037b-c3ba-438a-8a5c-334351b29982,8,2549,True,13701,13701,417.0683831590504
2550,ed14037b-c3ba-438a-8a5c-334351b29982,8,2550,True,13721,13721,397.0683831590504
2551,ed14037b-c3ba-438a-8a5c-334351b29982,8,2551,True,13752,13752,485.50695305653244
2552,ed14037b-c3ba-438a-8a5c-334351b29982,8,2552,True,13791,13791,446.50695305653244
2553,ed14037b-c3ba-438a-8a5c-334351b29982,8,2553,True,13810,13810,446.5906188971712
2554,ed14037b-c3ba-438a-8a5c-334351b29982,8,2554,True,13846,13846,464.79185509303534
2555,ed14037b-c3ba-438a-8a5c-334351b29982,8,2555,True,13869,13869,441.79185509303534
2556,ed14037b-c3ba-438a-8a5c-334351b29982,8,2556,True,13897,13897,544.3906502939099
2557,ed14037b-c3ba-438a-8a5c-334351b29982,8,2557,True,13926,13926,492.00186577289423
2558,ed14037b-c3ba-438a-8a5c-334351b29982,8,2558,True,13951,13951,490.39065029390986
2559,ed14037b-c3ba-438a-8a5c-334351b29982,8,2559,True,13974,13974,578.2993758038883
2560,ed14037b-c3ba-438a-8a5c-334351b29982,8,2560,True,13997,13997,555.2993758038883
2561,ed14037b-c3ba-438a-8a5c-334351b29982,8,2561,True,14022,14022,530.2993758038883
2562,ed14037b-c3ba-438a-8a5c-334351b29982,8,2562,True,14045,14045,507.2993758038883
2563,ed14037b-c3ba-438a-8a5c-334351b29982,8,2563,True,14073,14073,498.71335063128026
2564,ed14037b-c3ba-438a-8a5c-334351b29982,8,2564,True,14101,14101,570.0526746245359
2565,ed14037b-c3ba-438a-8a5c-334351b29982,8,2565,True,14128,14128,656.1584761875474
2566,ed14037b-c3ba-438a-8a5c-334351b29982,8,2566,True,14155,14155,495.5269488083268
2567,ed14037b-c3ba-438a-8a5c-334351b29982,8,2567,True,14181,14181,603.1584761875474
2568,ed14037b-c3ba-438a-8a5c-334351b29982,8,2568,True,14197,14197,453.5269488083268
2569,ed14037b-c3ba-438a-8a5c-334351b29982,8,2569,True,14233,14233,438.05267462453594
2570,ed14037b-c3ba-438a-8a5c-334351b29982,8,2570,True,14257,14257,527.1584761875474
2571,ed14037b-c3ba-438a-8a5c-334351b29982,8,2571,True,14282,14282,620.8179873133922
2572,ed14037b-c3ba-438a-8a5c-334351b29982,8,2572,True,14303,14303,481.1584761875474
2573,ed14037b-c3ba-438a-8a5c-334351b29982,8,2573,True,14322,14322,462.1584761875474
2574,ed14037b-c3ba-438a-8a5c-334351b29982,8,2574,True,14346,14346,458.12890443423566
2575,ed14037b-c3ba-438a-8a5c-334351b29982,8,2575,True,14367,14367,535.8179873133922
2576,ed14037b-c3ba-438a-8a5c-334351b29982,8,2576,True,14394,14394,535.8322029646715
2577,ed14037b-c3ba-438a-8a5c-334351b29982,8,2577,True,14418,14418,511.8322029646715
2578,ed14037b-c3ba-438a-8a5c-334351b29982,8,2578,True,14444,14444,607.8746603474792
2579,ed14037b-c3ba-438a-8a5c-334351b29982,8,2579,True,14470,14470,459.8322029646715
2580,ed14037b-c3ba-438a-8a5c-334351b29982,8,2580,True,14505,14505,520.217662361827
2581,ed14037b-c3ba-438a-8a5c-334351b29982,8,2581,True,14520,14520,531.8746603474792
2582,ed14037b-c3ba-438a-8a5c-334351b29982,8,2582,True,14541,14541,533.4198250639747
2583,ed14037b-c3ba-438a-8a5c-334351b29982,8,2583,True,14565,14565,460.217662361827
2584,ed14037b-c3ba-438a-8a5c-334351b29982,8,2584,True,14588,14588,592.7390757494613
2585,ed14037b-c3ba-438a-8a5c-334351b29982,8,2585,True,14613,14613,599.8972353034933
2586,ed14037b-c3ba-438a-8a5c-334351b29982,8,2586,True,14640,14640,572.8972353034933
2587,ed14037b-c3ba-438a-8a5c-334351b29982,8,2587,True,14660,14660,520.7390757494613
2588,ed14037b-c3ba-438a-8a5c-334351b29982,8,2588,True,14686,14686,526.8972353034933
2589,ed14037b-c3ba-438a-8a5c-334351b29982,8,2589,True,14710,14710,502.8972353034933
2590,ed14037b-c3ba-438a-8a5c-334351b29982,8,2590,True,14736,14736,444.73907574946134
2591,ed14037b-c3ba-438a-8a5c-334351b29982,8,2591,True,14758,14758,454.8972353034933
2592,ed14037b-c3ba-438a-8a5c-334351b29982,8,2592,True,14775,14775,437.8972353034933
2593,ed14037b-c3ba-438a-8a5c-334351b29982,8,2593,True,14804,14804,480.7032084274124
2594,ed14037b-c3ba-438a-8a5c-334351b29982,8,2594,True,14829,14829,501.0932159198419
2595,ed14037b-c3ba-438a-8a5c-334351b29982,8,2595,True,14853,14853,457.5365836446326
2596,ed14037b-c3ba-438a-8a5c-334351b29982,8,2596,True,14875,14875,435.5365836446326
2597,ed14037b-c3ba-438a-8a5c-334351b29982,8,2597,True,14900,14900,536.5485009307449
2598,ed14037b-c3ba-438a-8a5c-334351b29982,8,2598,True,14914,14914,435.3763968545809
2599,ed14037b-c3ba-438a-8a5c-334351b29982,8,2599,True,14945,14945,491.5485009307449
2600,ed14037b-c3ba-438a-8a5c-334351b29982,8,2600,True,14965,14965,443.9973989828268
2601,ed14037b-c3ba-438a-8a5c-334351b29982,8,2601,True,14988,14988,448.5485009307449
2602,ed14037b-c3ba-438a-8a5c-334351b29982,8,2602,True,15017,15017,391.9973989828268
2603,ed14037b-c3ba-438a-8a5c-334351b29982,8,2603,True,15032,15032,426.7238965487013
2604,ed14037b-c3ba-438a-8a5c-334351b29982,8,2604,True,15056,15056,402.7238965487013
2605,ed14037b-c3ba-438a-8a5c-334351b29982,8,2605,True,15077,15077,490.763790205172
2606,ed14037b-c3ba-438a-8a5c-334351b29982,8,2606,True,15109,15109,458.763790205172
2607,ed14037b-c3ba-438a-8a5c-334351b29982,8,2607,True,15138,15138,448.2938136372268
2608,ed14037b-c3ba-438a-8a5c-334351b29982,8,2608,True,15164,15164,442.5967873088375
2609,ed14037b-c3ba-438a-8a5c-334351b29982,8,2609,True,15182,15182,385.763790205172
2610,ed14037b-c3ba-438a-8a5c-334351b29982,8,2610,True,15203,15203,444.69853318087917
2611,ed14037b-c3ba-438a-8a5c-334351b29982,8,2611,True,15231,15231,452.50509539184895
2612,ed14037b-c3ba-438a-8a5c-334351b29982,8,2612,True,15257,15257,504.5743378480238
2613,ed14037b-c3ba-438a-8a5c-334351b29982,8,2613,True,15272,15272,466.2055341071973
2614,ed14037b-c3ba-438a-8a5c-334351b29982,8,2614,True,15296,15296,332.4939068868807
2615,ed14037b-c3ba-438a-8a5c-334351b29982,8,2615,True,15329,15329,432.5743378480238
2616,ed14037b-c3ba-438a-8a5c-334351b29982,8,2616,True,15356,15356,454.9611017168809
2617,ed14037b-c3ba-438a-8a5c-334351b29982,8,2617,True,15377,15377,407.2843744518832
2618,ed14037b-c3ba-438a-8a5c-334351b29982,8,2618,True,15413,15413,397.9611017168809
2619,ed14037b-c3ba-438a-8a5c-334351b29982,8,2619,True,15443,15443,367.9611017168809
2620,ed14037b-c3ba-438a-8a5c-334351b29982,8,2620,True,15468,15468,316.2843744518832
2621,ed14037b-c3ba-438a-8a5c-334351b29982,8,2621,True,15502,15502,399.32749474060984
2622,ed14037b-c3ba-438a-8a5c-334351b29982,8,2622,True,15529,15529,391.5065385142716
2623,ed14037b-c3ba-438a-8a5c-334351b29982,8,2623,True,15554,15554,385.45476486050393
2624,ed14037b-c3ba-438a-8a5c-334351b29982,8,2624,True,15579,15579,457.61545896935604
2625,ed14037b-c3ba-438a-8a5c-334351b29982,8,2625,True,15605,15605,353.8677348683923
2626,ed14037b-c3ba-438a-8a5c-334351b29982,8,2626,True,15632,15632,427.09709298832604
2627,ed14037b-c3ba-438a-8a5c-334351b29982,8,2627,True,15652,15652,407.09709298832604
2628,ed14037b-c3ba-438a-8a5c-334351b29982,8,2628,True,15688,15688,371.09709298832604
2629,ed14037b-c3ba-438a-8a5c-334351b29982,8,2629,True,15712,15712,434.915375858649
2630,ed14037b-c3ba-438a-8a5c-334351b29982,8,2630,True,15738,15738,440.38385208616455
2631,ed14037b-c3ba-438a-8a5c-334351b29982,8,2631,True,15762,15762,416.38385208616455
2632,ed14037b-c3ba-438a-8a5c-334351b29982,8,2632,True,15801,15801,345.915375858649
2633,ed14037b-c3ba-438a-8a5c-334351b29982,8,2633,True,15824,15824,354.38385208616455
2634,ed14037b-c3ba-438a-8a5c-334351b29982,8,2634,True,15844,15844,334.38385208616455
2635,ed14037b-c3ba-438a-8a5c-334351b29982,8,2635,True,15864,15864,353.48788123276427
2636,ed14037b-c3ba-438a-8a5c-334351b29982,8,2636,True,15889,15889,509.2500968142158
2637,ed14037b-c3ba-438a-8a5c-334351b29982,8,2637,True,15906,15906,492.2500968142158
2638,ed14037b-c3ba-438a-8a5c-334351b29982,8,2638,True,15937,15937,437.17912088356934
2639,ed14037b-c3ba-438a-8a5c-334351b29982,8,2639,True,15962,15962,374.53364893694925
2640,ed14037b-c3ba-438a-8a5c-334351b29982,8,2640,True,15993,15993,318.2244517096133
2641,ed14037b-c3ba-438a-8a5c-334351b29982,8,2641,True,16014,16014,322.53364893694925
2642,ed14037b-c3ba-438a-8a5c-334351b29982,8,2642,True,16044,16044,430.11918922786936
2643,ed14037b-c3ba-438a-8a5c-334351b29982,8,2643,True,16067,16067,434.6877666739383
2644,ed14037b-c3ba-438a-8a5c-334351b29982,8,2644,True,16093,16093,408.6877666739383
2645,ed14037b-c3ba-438a-8a5c-334351b29982,8,2645,True,16127,16127,522.043285516007
2646,ed14037b-c3ba-438a-8a5c-334351b29982,8,2646,True,16143,16143,444.0519224046657
2647,ed14037b-c3ba-438a-8a5c-334351b29982,8,2647,True,16167,16167,334.6877666739383
2648,ed14037b-c3ba-438a-8a5c-334351b29982,8,2648,True,16187,16187,462.043285516007
2649,ed14037b-c3ba-438a-8a5c-334351b29982,8,2649,True,16226,16226,448.5725136016117
2650,ed14037b-c3ba-438a-8a5c-334351b29982,8,2650,True,16251,16251,486.47307053873374
2651,ed14037b-c3ba-438a-8a5c-334351b29982,8,2651,True,16277,16277,397.5725136016117
2652,ed14037b-c3ba-438a-8a5c-334351b29982,8,2652,True,16296,16296,353.043285516007
2653,ed14037b-c3ba-438a-8a5c-334351b29982,8,2653,True,16318,16318,445.7676925591477
2654,ed14037b-c3ba-438a-8a5c-334351b29982,8,2654,True,16344,16344,419.7676925591477
2655,ed14037b-c3ba-438a-8a5c-334351b29982,8,2655,True,16373,16373,390.7676925591477
2656,ed14037b-c3ba-438a-8a5c-334351b29982,8,2656,True,16396,16396,493.46349989398004
2657,ed14037b-c3ba-438a-8a5c-334351b29982,8,2657,True,16417,16417,346.7676925591477
2658,ed14037b-c3ba-438a-8a5c-334351b29982,8,2658,True,16437,16437,497.50526336397525
2659,ed14037b-c3ba-438a-8a5c-334351b29982,8,2659,True,16456,16456,456.8591065345281
2660,ed14037b-c3ba-438a-8a5c-334351b29982,8,2660,True,16484,16484,336.496053746072
2661,ed14037b-c3ba-438a-8a5c-334351b29982,8,2661,True,16507,16507,427.50526336397525
2662,ed14037b-c3ba-438a-8a5c-334351b29982,8,2662,True,16533,16533,379.8591065345281
2663,ed14037b-c3ba-438a-8a5c-334351b29982,8,2663,True,16549,16549,434.1281206969725
2664,ed14037b-c3ba-438a-8a5c-334351b29982,8,2664,True,16583,16583,351.50526336397525
2665,ed14037b-c3ba-438a-8a5c-334351b29982,8,2665,True,16606,16606,505.2975492328951
2666,ed14037b-c3ba-438a-8a5c-334351b29982,8,2666,True,16635,16635,453.0641749897186
2667,ed14037b-c3ba-438a-8a5c-334351b29982,8,2667,True,16663,16663,425.0641749897186
2668,ed14037b-c3ba-438a-8a5c-334351b29982,8,2668,True,16687,16687,424.2975492328951
2669,ed14037b-c3ba-438a-8a5c-334351b29982,8,2669,True,16707,16707,448.64530214626575
2670,ed14037b-c3ba-438a-8a5c-334351b29982,8,2670,True,16731,16731,424.64530214626575
2671,ed14037b-c3ba-438a-8a5c-334351b29982,8,2671,True,16754,16754,420.348023284645
2672,ed14037b-c3ba-438a-8a5c-334351b29982,8,2672,True,16783,16783,479.9944078207336
2673,ed14037b-c3ba-438a-8a5c-334351b29982,8,2673,True,16801,16801,484.8143443965091
2674,ed14037b-c3ba-438a-8a5c-334351b29982,8,2674,True,16835,16835,478.827577315511
2675,ed14037b-c3ba-438a-8a5c-334351b29982,8,2675,True,16860,16860,402.9944078207336
2676,ed14037b-c3ba-438a-8a5c-334351b29982,8,2676,True,16883,16883,402.8143443965091
2677,ed14037b-c3ba-438a-8a5c-334351b29982,8,2677,True,16908,16908,405.827577315511
2678,ed14037b-c3ba-438a-8a5c-334351b29982,8,2678,True,16926,16926,452.5791173867183
2679,ed14037b-c3ba-438a-8a5c-334351b29982,8,2679,True,16961,16961,469.1180361354527
2680,ed14037b-c3ba-438a-8a5c-334351b29982,8,2680,True,16982,16982,396.5791173867183
2681,ed14037b-c3ba-438a-8a5c-334351b29982,8,2681,True,16999,16999,352.7199207031408
2682,ed14037b-c3ba-438a-8a5c-334351b29982,8,2682,True,17019,17019,474.7321583794983
2683,ed14037b-c3ba-438a-8a5c-334351b29982,8,2683,True,17044,17044,449.7321583794983
2684,ed14037b-c3ba-438a-8a5c-334351b29982,8,2684,True,17062,17062,407.7868048455457
2685,ed14037b-c3ba-438a-8a5c-334351b29982,8,2685,True,17087,17087,406.7321583794983
2686,ed14037b-c3ba-438a-8a5c-334351b29982,8,2686,True,17117,17117,424.8393211046714
2687,ed14037b-c3ba-438a-8a5c-334351b29982,8,2687,True,17147,17147,413.8682753726134
2688,ed14037b-c3ba-438a-8a5c-334351b29982,8,2688,True,17173,17173,345.23284874469755
2689,ed14037b-c3ba-438a-8a5c-334351b29982,8,2689,True,17197,17197,344.8393211046714
2690,ed14037b-c3ba-438a-8a5c-334351b29982,8,2690,True,17224,17224,575.4609939309594
2691,ed14037b-c3ba-438a-8a5c-334351b29982,8,2691,True,17251,17251,548.4609939309594
2692,ed14037b-c3ba-438a-8a5c-334351b29982,8,2692,True,17284,17284,607.5753246427994
2693,ed14037b-c3ba-438a-8a5c-334351b29982,8,2693,True,17301,17301,498.4609939309594
2694,ed14037b-c3ba-438a-8a5c-334351b29982,8,2694,True,17330,17330,436.84119541815016
2695,ed14037b-c3ba-438a-8a5c-334351b29982,8,2695,True,17355,17355,444.4609939309594
2696,ed14037b-c3ba-438a-8a5c-334351b29982,8,2696,True,17376,17376,423.4609939309594
2697,ed14037b-c3ba-438a-8a5c-334351b29982,8,2697,True,17393,17393,406.4609939309594
2698,ed14037b-c3ba-438a-8a5c-334351b29982,8,2698,True,17415,17415,384.4609939309594
2699,ed14037b-c3ba-438a-8a5c-334351b29982,8,2699,True,17436,17436,455.5753246427994
2700,ed14037b-c3ba-438a-8a5c-334351b29982,8,2700,True,17457,17457,558.7722893224309
2701,ed14037b-c3ba-438a-8a5c-334351b29982,8,2701,True,17475,17475,540.7722893224309
2702,ed14037b-c3ba-438a-8a5c-334351b29982,8,2702,True,17501,17501,486.2841452917455
2703,ed14037b-c3ba-438a-8a5c-334351b29982,8,2703,True,17524,17524,491.7722893224309
2704,ed14037b-c3ba-438a-8a5c-334351b29982,8,2704,True,17556,17556,459.7722893224309
2705,ed14037b-c3ba-438a-8a5c-334351b29982,8,2705,True,17578,17578,409.2841452917455
2706,ed14037b-c3ba-438a-8a5c-334351b29982,8,2706,True,17597,17597,540.2334474650597
2707,ed14037b-c3ba-438a-8a5c-334351b29982,8,2707,True,17620,17620,517.2334474650597
2708,ed14037b-c3ba-438a-8a5c-334351b29982,8,2708,True,17641,17641,426.58753522713596
2709,ed14037b-c3ba-438a-8a5c-334351b29982,8,2709,True,17668,17668,441.45300316519206
2710,ed14037b-c3ba-438a-8a5c-334351b29982,8,2710,True,17694,17694,352.1441537331084
2711,ed14037b-c3ba-438a-8a5c-334351b29982,8,2711,True,17721,17721,460.39953836737914
2712,ed14037b-c3ba-438a-8a5c-334351b29982,8,2712,True,17752,17752,448.5517511397338
2713,ed14037b-c3ba-438a-8a5c-334351b29982,8,2713,True,17780,17780,503.17518954325715
2714,ed14037b-c3ba-438a-8a5c-334351b29982,8,2714,True,17803,17803,499.7941098506344
2715,ed14037b-c3ba-438a-8a5c-334351b29982,8,2715,True,17829,17829,473.7941098506344
2716,ed14037b-c3ba-438a-8a5c-334351b29982,8,2716,True,17859,17859,496.7317986413218
2717,ed14037b-c3ba-438a-8a5c-334351b29982,8,2717,True,17887,17887,493.7779151319264
2718,ed14037b-c3ba-438a-8a5c-334351b29982,8,2718,True,17913,17913,421.2966529026453
2719,ed14037b-c3ba-438a-8a5c-334351b29982,8,2719,True,17940,17940,440.7779151319264
2720,ed14037b-c3ba-438a-8a5c-334351b29982,8,2720,True,17970,17970,432.3904638961103
2721,ed14037b-c3ba-438a-8a5c-334351b29982,8,2721,True,17996,17996,430.6684276351225
2722,ed14037b-c3ba-438a-8a5c-334351b29982,8,2722,True,18019,18019,517.9744517069703
2723,ed14037b-c3ba-438a-8a5c-334351b29982,8,2723,True,18043,18043,359.3904638961103
2724,ed14037b-c3ba-438a-8a5c-334351b29982,8,2724,True,18077,18077,433.2783840524571
2725,ed14037b-c3ba-438a-8a5c-334351b29982,8,2725,True,18104,18104,432.9744517069703
2726,ed14037b-c3ba-438a-8a5c-334351b29982,8,2726,True,18121,18121,438.6009734004583
2727,ed14037b-c3ba-438a-8a5c-334351b29982,8,2727,True,18149,18149,572.8241630019002
2728,ed14037b-c3ba-438a-8a5c-334351b29982,8,2728,True,18180,18180,522.2015194883534
2729,ed14037b-c3ba-438a-8a5c-334351b29982,8,2729,True,18197,18197,480.13239802468524
2730,ed14037b-c3ba-438a-8a5c-334351b29982,8,2730,True,18218,18218,367.94598689880877
2731,ed14037b-c3ba-438a-8a5c-334351b29982,8,2731,True,18247,18247,455.20151948835337
2732,ed14037b-c3ba-438a-8a5c-334351b29982,8,2732,True,18277,18277,348.01360272282545
2733,ed14037b-c3ba-438a-8a5c-334351b29982,8,2733,True,18303,18303,418.82416300190016
2734,ed14037b-c3ba-438a-8a5c-334351b29982,8,2734,True,18325,18325,544.1529370288627
2735,ed14037b-c3ba-438a-8a5c-334351b29982,8,2735,True,18349,18349,395.59150020786547
2736,ed14037b-c3ba-438a-8a5c-334351b29982,8,2736,True,18383,18383,417.0888781141766
2737,ed14037b-c3ba-438a-8a5c-334351b29982,8,2737,True,18402,18402,418.2339520030655
2738,ed14037b-c3ba-438a-8a5c-334351b29982,8,2738,True,18437,18437,526.1252491100386
2739,ed14037b-c3ba-438a-8a5c-334351b29982,8,2739,True,18456,18456,344.0888781141766
2740,ed14037b-c3ba-438a-8a5c-334351b29982,8,2740,True,18482,18482,460.588745993231
2741,ed14037b-c3ba-438a-8a5c-334351b29982,8,2741,True,18510,18510,571.3609987057353
2742,ed14037b-c3ba-438a-8a5c-334351b29982,8,2742,True,18532,18532,477.60569149952426
2743,ed14037b-c3ba-438a-8a5c-334351b29982,8,2743,True,18554,18554,501.3723146494267
2744,ed14037b-c3ba-438a-8a5c-334351b29982,8,2744,True,18585,18585,424.60569149952426
2745,ed14037b-c3ba-438a-8a5c-334351b29982,8,2745,True,18607,18607,356.12524911003857
2746,ed14037b-c3ba-438a-8a5c-334351b29982,8,2746,True,18626,18626,429.3723146494267
2747,ed14037b-c3ba-438a-8a5c-334351b29982,8,2747,True,18658,18658,423.36099870573526
2748,ed14037b-c3ba-438a-8a5c-334351b29982,8,2748,True,18676,18676,500.0729664600185
2749,ed14037b-c3ba-438a-8a5c-334351b29982,8,2749,True,18703,18703,447.40090802929626
2750,ed14037b-c3ba-438a-8a5c-334351b29982,8,2750,True,18727,18727,490.525708980982
2751,ed14037b-c3ba-438a-8a5c-334351b29982,8,2751,True,18756,18756,420.0729664600185
2752,ed14037b-c3ba-438a-8a5c-334351b29982,8,2752,True,18779,18779,343.1524487306415
2753,ed14037b-c3ba-438a-8a5c-334351b29982,8,2753,True,18804,18804,413.525708980982
2754,ed14037b-c3ba-438a-8a5c-334351b29982,8,2754,True,18839,18839,444.271276262185
2755,ed14037b-c3ba-438a-8a5c-334351b29982,8,2755,True,18870,18870,368.9428774809712
2756,ed14037b-c3ba-438a-8a5c-334351b29982,8,2756,True,18900,18900,338.9428774809712
2757,ed14037b-c3ba-438a-8a5c-334351b29982,8,2757,True,18923,18923,360.271276262185
2758,ed14037b-c3ba-438a-8a5c-334351b29982,8,2758,True,18947,18947,422.84621226050876
2759,ed14037b-c3ba-438a-8a5c-334351b29982,8,2759,True,18985,18985,361.22868651090903
2760,ed14037b-c3ba-438a-8a5c-334351b29982,8,2760,True,19002,19002,325.1985328399787
2761,ed14037b-c3ba-438a-8a5c-334351b29982,8,2761,True,19017,19017,489.9998874890771
2762,ed14037b-c3ba-438a-8a5c-334351b29982,8,2762,True,19037,19037,438.2222644661779
2763,ed14037b-c3ba-438a-8a5c-334351b29982,8,2763,True,19061,19061,445.9998874890771
2764,ed14037b-c3ba-438a-8a5c-334351b29982,8,2764,True,19090,19090,476.6688107886512
2765,ed14037b-c3ba-438a-8a5c-334351b29982,8,2765,True,19112,19112,363.2222644661779
2766,ed14037b-c3ba-438a-8a5c-334351b29982,8,2766,True,19141,19141,365.9998874890771
2767,ed14037b-c3ba-438a-8a5c-334351b29982,8,2767,True,19166,19166,340.9998874890771
2768,ed14037b-c3ba-438a-8a5c-334351b29982,8,2768,True,19197,19197,348.88112781074597
2769,ed14037b-c3ba-438a-8a5c-334351b29982,8,2769,True,19222,19222,428.41097206658014
2770,ed14037b-c3ba-438a-8a5c-334351b29982,8,2770,True,19242,19242,435.4019670653797
2771,ed14037b-c3ba-438a-8a5c-334351b29982,8,2771,True,19262,19262,415.4019670653797
2772,ed14037b-c3ba-438a-8a5c-334351b29982,8,2772,True,19290,19290,360.41097206658014
2773,ed14037b-c3ba-438a-8a5c-334351b29982,8,2773,True,19324,19324,353.4019670653797
2774,ed14037b-c3ba-438a-8a5c-334351b29982,8,2774,True,19349,19349,328.4019670653797
2775,ed14037b-c3ba-438a-8a5c-334351b29982,8,2775,True,19382,19382,315.8956798767249
2776,ed14037b-c3ba-438a-8a5c-334351b29982,8,2776,True,19405,19405,312.97560066058577
2777,ed14037b-c3ba-438a-8a5c-334351b29982,8,2777,True,19438,19438,440.80153163257637
2778,ed14037b-c3ba-438a-8a5c-334351b29982,8,2778,True,19456,19456,403.232118058575
2779,ed14037b-c3ba-438a-8a5c-334351b29982,8,2779,True,19489,19489,286.9399820074723
2780,ed14037b-c3ba-438a-8a5c-334351b29982,8,2780,True,19513,19513,453.6437946398946
2781,ed14037b-c3ba-438a-8a5c-334351b29982,8,2781,True,19539,19539,407.3646703130944
2782,ed14037b-c3ba-438a-8a5c-334351b29982,8,2782,True,19560,19560,406.6437946398946
2783,ed14037b-c3ba-438a-8a5c-334351b29982,8,2783,True,19593,19593,411.83772903387944
2784,ed14037b-c3ba-438a-8a5c-334351b29982,8,2784,True,19620,19620,326.3646703130944
2785,ed14037b-c3ba-438a-8a5c-334351b29982,8,2785,True,19653,19653,454.4233001639259
2786,ed14037b-c3ba-438a-8a5c-334351b29982,8,2786,True,19690,19690,332.56352225026785
2787,ed14037b-c3ba-438a-8a5c-334351b29982,8,2787,True,19715,19715,508.7049525382936
2788,ed14037b-c3ba-438a-8a5c-334351b29982,8,2788,True,19738,19738,510.63050002730233
2789,ed14037b-c3ba-438a-8a5c-334351b29982,8,2789,True,19763,19763,364.58041879278244
2790,ed14037b-c3ba-438a-8a5c-334351b29982,8,2790,True,19790,19790,317.4233001639259
2791,ed14037b-c3ba-438a-8a5c-334351b29982,8,2791,True,19821,19821,330.69273556417465
2792,ed14037b-c3ba-438a-8a5c-334351b29982,8,2792,True,19841,19841,428.14726768943365
2793,ed14037b-c3ba-438a-8a5c-334351b29982,8,2793,True,19870,19870,378.63050002730233
2794,ed14037b-c3ba-438a-8a5c-334351b29982,8,2794,True,19899,19899,537.1448352396546
2795,ed14037b-c3ba-438a-8a5c-334351b29982,8,2795,True,19921,19921,495.17979170426406
2796,ed14037b-c3ba-438a-8a5c-334351b29982,8,2796,True,19941,19941,400.267210237751
2797,ed14037b-c3ba-438a-8a5c-334351b29982,8,2797,True,19960,19960,598.9383195442933
2798,ed14037b-c3ba-438a-8a5c-334351b29982,8,2798,True,19984,19984,335.21501027610066
2799,ed14037b-c3ba-438a-8a5c-334351b29982,8,2799,True,20018,20018,323.267210237751
2800,ed14037b-c3ba-438a-8a5c-334351b29982,8,2800,True,20043,20043,473.31263449802645
2801,ed14037b-c3ba-438a-8a5c-334351b29982,8,2801,True,20073,20073,522.4480361332207
2802,ed14037b-c3ba-438a-8a5c-334351b29982,8,2802,True,20095,20095,447.3857108179873
2803,ed14037b-c3ba-438a-8a5c-334351b29982,8,2803,True,20116,20116,520.9289931106177
2804,ed14037b-c3ba-438a-8a5c-334351b29982,8,2804,True,20137,20137,379.31263449802645
2805,ed14037b-c3ba-438a-8a5c-334351b29982,8,2805,True,20158,20158,384.3857108179873
2806,ed14037b-c3ba-438a-8a5c-334351b29982,8,2806,True,20189,20189,447.92899311061774
2807,ed14037b-c3ba-438a-8a5c-334351b29982,8,2807,True,20209,20209,386.44803613322074
2808,ed14037b-c3ba-438a-8a5c-334351b29982,8,2808,True,20231,20231,450.2111352205284
2809,ed14037b-c3ba-438a-8a5c-334351b29982,8,2809,True,20254,20254,478.12029353864637
2810,ed14037b-c3ba-438a-8a5c-334351b29982,8,2810,True,20281,20281,483.08638375053124
2811,ed14037b-c3ba-438a-8a5c-334351b29982,8,2811,True,20316,20316,448.08638375053124
2812,ed14037b-c3ba-438a-8a5c-334351b29982,8,2812,True,20336,20336,396.12029353864637
2813,ed14037b-c3ba-438a-8a5c-334351b29982,8,2813,True,20363,20363,369.12029353864637
2814,ed14037b-c3ba-438a-8a5c-334351b29982,8,2814,True,20386,20386,378.08638375053124
2815,ed14037b-c3ba-438a-8a5c-334351b29982,8,2815,True,20414,20414,373.82707705315624
2816,ed14037b-c3ba-438a-8a5c-334351b29982,8,2816,True,20436,20436,448.2388520266795
2817,ed14037b-c3ba-438a-8a5c-334351b29982,8,2817,True,20460,20460,446.6714700787488
2818,ed14037b-c3ba-438a-8a5c-334351b29982,8,2818,True,20496,20496,429.94784451589294
2819,ed14037b-c3ba-438a-8a5c-334351b29982,8,2819,True,20518,20518,366.2388520266795
2820,ed14037b-c3ba-438a-8a5c-334351b29982,8,2820,True,20543,20543,363.6714700787488
2821,ed14037b-c3ba-438a-8a5c-334351b29982,8,2821,True,20571,20571,480.31345796397363
2822,ed14037b-c3ba-438a-8a5c-334351b29982,8,2822,True,20597,20597,383.0415840733658
2823,ed14037b-c3ba-438a-8a5c-334351b29982,8,2823,True,20616,20616,435.31345796397363
2824,ed14037b-c3ba-438a-8a5c-334351b29982,8,2824,True,20648,20648,467.3220496887734
2825,ed14037b-c3ba-438a-8a5c-334351b29982,8,2825,True,20677,20677,438.3220496887734
2826,ed14037b-c3ba-438a-8a5c-334351b29982,8,2826,True,20701,20701,550.0350854895223
2827,ed14037b-c3ba-438a-8a5c-334351b29982,8,2827,True,20731,20731,456.38818339502905
2828,ed14037b-c3ba-438a-8a5c-334351b29982,8,2828,True,20757,20757,415.7014836883427
2829,ed14037b-c3ba-438a-8a5c-334351b29982,8,2829,True,20782,20782,469.0350854895223
2830,ed14037b-c3ba-438a-8a5c-334351b29982,8,2830,True,20804,20804,470.1811548992482
2831,ed14037b-c3ba-438a-8a5c-334351b29982,8,2831,True,20835,20835,439.1811548992482
2832,ed14037b-c3ba-438a-8a5c-334351b29982,8,2832,True,20862,20862,464.2038544420866
2833,ed14037b-c3ba-438a-8a5c-334351b29982,8,2833,True,20882,20882,369.0350854895223
2834,ed14037b-c3ba-438a-8a5c-334351b29982,8,2834,True,20897,20897,399.061983557589
2835,ed14037b-c3ba-438a-8a5c-334351b29982,8,2835,True,20923,20923,426.5540130345362
2836,ed14037b-c3ba-438a-8a5c-334351b29982,8,2836,True,20952,20952,460.0054273520291
2837,ed14037b-c3ba-438a-8a5c-334351b29982,8,2837,True,20972,20972,377.5540130345362
2838,ed14037b-c3ba-438a-8a5c-334351b29982,8,2838,True,21003,21003,432.91217063121803
2839,ed14037b-c3ba-438a-8a5c-334351b29982,8,2839,True,21027,21027,385.0054273520291
2840,ed14037b-c3ba-438a-8a5c-334351b29982,8,2840,True,21046,21046,389.91217063121803
2841,ed14037b-c3ba-438a-8a5c-334351b29982,8,2841,True,21082,21082,480.6011255081539
2842,ed14037b-c3ba-438a-8a5c-334351b29982,8,2842,True,21103,21103,439.94910751282805
2843,ed14037b-c3ba-438a-8a5c-334351b29982,8,2843,True,21137,21137,341.71131400839295
2844,ed14037b-c3ba-438a-8a5c-334351b29982,8,2844,True,21164,21164,455.690397732822
2845,ed14037b-c3ba-438a-8a5c-334351b29982,8,2845,True,21187,21187,458.2805885261041
2846,ed14037b-c3ba-438a-8a5c-334351b29982,8,2846,True,21199,21199,390.67115600260877
2847,ed14037b-c3ba-438a-8a5c-334351b29982,8,2847,True,21222,21222,502.1396388594403
2848,ed14037b-c3ba-438a-8a5c-334351b29982,8,2848,True,21247,21247,503.3866365841932
2849,ed14037b-c3ba-438a-8a5c-334351b29982,8,2849,True,21268,21268,377.2805885261041
2850,ed14037b-c3ba-438a-8a5c-334351b29982,8,2850,True,21289,21289,356.2805885261041
2851,ed14037b-c3ba-438a-8a5c-334351b29982,8,2851,True,21310,21310,362.7826059175204
2852,ed14037b-c3ba-438a-8a5c-334351b29982,8,2852,True,21335,21335,358.5146406505519
2853,ed14037b-c3ba-438a-8a5c-334351b29982,8,2853,True,21356,21356,394.3866365841932
2854,ed14037b-c3ba-438a-8a5c-334351b29982,8,2854,True,21379,21379,437.451936673242
2855,ed14037b-c3ba-438a-8a5c-334351b29982,8,2855,True,21405,21405,411.451936673242
2856,ed14037b-c3ba-438a-8a5c-334351b29982,8,2856,True,21431,21431,407.42964822221256
2857,ed14037b-c3ba-438a-8a5c-334351b29982,8,2857,True,21454,21454,384.42964822221256
2858,ed14037b-c3ba-438a-8a5c-334351b29982,8,2858,True,21481,21481,503.374003470919
2859,ed14037b-c3ba-438a-8a5c-334351b29982,8,2859,True,21507,21507,452.1626861625482
2860,ed14037b-c3ba-438a-8a5c-334351b29982,8,2860,True,21531,21531,405.71950996309533
2861,ed14037b-c3ba-438a-8a5c-334351b29982,8,2861,True,21552,21552,359.29515317805635
2862,ed14037b-c3ba-438a-8a5c-334351b29982,8,2862,True,21577,21577,407.374003470919
2863,ed14037b-c3ba-438a-8a5c-334351b29982,8,2863,True,21607,21607,329.71950996309533
2864,ed14037b-c3ba-438a-8a5c-334351b29982,8,2864,True,21634,21634,277.29515317805635
2865,ed14037b-c3ba-438a-8a5c-334351b29982,8,2865,True,21668,21668,421.06787840410834
2866,ed14037b-c3ba-438a-8a5c-334351b29982,8,2866,True,21697,21697,326.7588579618605
2867,ed14037b-c3ba-438a-8a5c-334351b29982,8,2867,True,21717,21717,398.10187168196353
2868,ed14037b-c3ba-438a-8a5c-334351b29982,8,2868,True,21749,21749,435.45535024495985
2869,ed14037b-c3ba-438a-8a5c-334351b29982,8,2869,True,21783,21783,425.74778378367046
2870,ed14037b-c3ba-438a-8a5c-334351b29982,8,2870,True,21808,21808,325.91735947181587
2871,ed14037b-c3ba-438a-8a5c-334351b29982,8,2871,True,21838,21838,346.45535024495985
2872,ed14037b-c3ba-438a-8a5c-334351b29982,8,2872,True,21873,21873,335.74778378367046
2873,ed14037b-c3ba-438a-8a5c-334351b29982,8,2873,True,21901,21901,307.74778378367046
2874,ed14037b-c3ba-438a-8a5c-334351b29982,8,2874,True,21919,21919,435.4398156290845
2875,ed14037b-c3ba-438a-8a5c-334351b29982,8,2875,True,21938,21938,416.4398156290845
2876,ed14037b-c3ba-438a-8a5c-334351b29982,8,2876,True,21961,21961,369.9367820212865
2877,ed14037b-c3ba-438a-8a5c-334351b29982,8,2877,True,21988,21988,401.87695627059657
2878,ed14037b-c3ba-438a-8a5c-334351b29982,8,2878,True,22013,22013,498.83484008712185
2879,ed14037b-c3ba-438a-8a5c-334351b29982,8,2879,True,22039,22039,429.3791197890023
2880,ed14037b-c3ba-438a-8a5c-334351b29982,8,2880,True,22065,22065,403.3791197890023
2881,ed14037b-c3ba-438a-8a5c-334351b29982,8,2881,True,22087,22087,402.6931861559169
2882,ed14037b-c3ba-438a-8a5c-334351b29982,8,2882,True,22111,22111,378.6931861559169
2883,ed14037b-c3ba-438a-8a5c-334351b29982,8,2883,True,22138,22138,330.3791197890023
2884,ed14037b-c3ba-438a-8a5c-334351b29982,8,2884,True,22165,22165,419.88856351227514
2885,ed14037b-c3ba-438a-8a5c-334351b29982,8,2885,True,22187,22187,437.2987570679252
2886,ed14037b-c3ba-438a-8a5c-334351b29982,8,2886,True,22215,22215,316.0160917317371
2887,ed14037b-c3ba-438a-8a5c-334351b29982,8,2887,True,22238,22238,407.5421298238871
2888,ed14037b-c3ba-438a-8a5c-334351b29982,8,2888,True,22269,22269,355.2987570679252
2889,ed14037b-c3ba-438a-8a5c-334351b29982,8,2889,True,22290,22290,355.5421298238871
2890,ed14037b-c3ba-438a-8a5c-334351b29982,8,2890,True,22327,22327,418.74354224847775
2891,ed14037b-c3ba-438a-8a5c-334351b29982,8,2891,True,22348,22348,426.8987144953571
2892,ed14037b-c3ba-438a-8a5c-334351b29982,8,2892,True,22380,22380,394.8987144953571
2893,ed14037b-c3ba-438a-8a5c-334351b29982,8,2893,True,22404,22404,294.295487197076
2894,ed14037b-c3ba-438a-8a5c-334351b29982,8,2894,True,22429,22429,345.8987144953571
2895,ed14037b-c3ba-438a-8a5c-334351b29982,8,2895,True,22459,22459,382.9630063684235
2896,ed14037b-c3ba-438a-8a5c-334351b29982,8,2896,True,22487,22487,378.24908739188686
2897,ed14037b-c3ba-438a-8a5c-334351b29982,8,2897,True,22520,22520,299.6769834756378
2898,ed14037b-c3ba-438a-8a5c-334351b29982,8,2898,True,22545,22545,296.9630063684235
2899,ed14037b-c3ba-438a-8a5c-334351b29982,8,2899,True,22569,22569,296.24908739188686
2900,ed14037b-c3ba-438a-8a5c-334351b29982,8,2900,True,22585,22585,296.529850601386
2901,ed14037b-c3ba-438a-8a5c-334351b29982,8,2901,True,22607,22607,311.6473589674388
2902,ed14037b-c3ba-438a-8a5c-334351b29982,8,2902,True,22635,22635,419.60871642491475
2903,ed14037b-c3ba-438a-8a5c-334351b29982,8,2903,True,22660,22660,280.49223066535706
2904,ed14037b-c3ba-438a-8a5c-334351b29982,8,2904,True,22691,22691,340.6060015307994
2905,ed14037b-c3ba-438a-8a5c-334351b29982,8,2905,True,22719,22719,394.3680102505423
2906,ed14037b-c3ba-438a-8a5c-334351b29982,8,2906,True,22755,22755,399.0603228355685
2907,ed14037b-c3ba-438a-8a5c-334351b29982,8,2907,True,22784,22784,351.49561773766254
2908,ed14037b-c3ba-438a-8a5c-334351b29982,8,2908,True,22818,22818,408.22174678450756
2909,ed14037b-c3ba-438a-8a5c-334351b29982,8,2909,True,22847,22847,379.22174678450756
2910,ed14037b-c3ba-438a-8a5c-334351b29982,8,2910,True,22871,22871,330.40103032606567
2911,ed14037b-c3ba-438a-8a5c-334351b29982,8,2911,True,22900,22900,326.22174678450756
2912,ed14037b-c3ba-438a-8a5c-334351b29982,8,2912,True,22921,22921,305.22174678450756
2913,ed14037b-c3ba-438a-8a5c-334351b29982,8,2913,True,22946,22946,403.178526113461
2914,ed14037b-c3ba-438a-8a5c-334351b29982,8,2914,True,22968,22968,448.70449612879383
2915,ed14037b-c3ba-438a-8a5c-334351b29982,8,2915,True,22997,22997,468.1781277354967
2916,ed14037b-c3ba-438a-8a5c-334351b29982,8,2916,True,23024,23024,464.9252649701848
2917,ed14037b-c3ba-438a-8a5c-334351b29982,8,2917,True,23052,23052,436.9252649701848
2918,ed14037b-c3ba-438a-8a5c-334351b29982,8,2918,True,23083,23083,356.5320937234792
2919,ed14037b-c3ba-438a-8a5c-334351b29982,8,2919,True,23104,23104,542.0654887578166
2920,ed14037b-c3ba-438a-8a5c-334351b29982,8,2920,True,23129,23129,359.9252649701848
2921,ed14037b-c3ba-438a-8a5c-334351b29982,8,2921,True,23152,23152,412.45907577694743
2922,ed14037b-c3ba-438a-8a5c-334351b29982,8,2922,True,23169,23169,415.85714907861257
2923,ed14037b-c3ba-438a-8a5c-334351b29982,8,2923,True,23189,23189,395.85714907861257
2924,ed14037b-c3ba-438a-8a5c-334351b29982,8,2924,True,23210,23210,318.2218451904628
2925,ed14037b-c3ba-438a-8a5c-334351b29982,8,2925,True,23239,23239,433.26282236511906
2926,ed14037b-c3ba-438a-8a5c-334351b29982,8,2926,True,23260,23260,439.8156532978501
2927,ed14037b-c3ba-438a-8a5c-334351b29982,8,2927,True,23286,23286,413.8156532978501
2928,ed14037b-c3ba-438a-8a5c-334351b29982,8,2928,True,23311,23311,361.26282236511906
2929,ed14037b-c3ba-438a-8a5c-334351b29982,8,2929,True,23337,23337,362.8156532978501
2930,ed14037b-c3ba-438a-8a5c-334351b29982,8,2930,True,23362,23362,337.8156532978501
2931,ed14037b-c3ba-438a-8a5c-334351b29982,8,2931,True,23392,23392,453.49185236524863
2932,ed14037b-c3ba-438a-8a5c-334351b29982,8,2932,True,23426,23426,372.212240547673
2933,ed14037b-c3ba-438a-8a5c-334351b29982,8,2933,True,23449,23449,448.94325124517127
2934,ed14037b-c3ba-438a-8a5c-334351b29982,8,2934,True,23474,23474,446.14448009886837
2935,ed14037b-c3ba-438a-8a5c-334351b29982,8,2935,True,23508,23508,432.9628265829306
2936,ed14037b-c3ba-438a-8a5c-334351b29982,8,2936,True,23529,23529,432.9588846167717
2937,ed14037b-c3ba-438a-8a5c-334351b29982,8,2937,True,23552,23552,431.0347716373835
2938,ed14037b-c3ba-438a-8a5c-334351b29982,8,2938,True,23576,23576,364.9628265829306
2939,ed14037b-c3ba-438a-8a5c-334351b29982,8,2939,True,23597,23597,364.9588846167717
2940,ed14037b-c3ba-438a-8a5c-334351b29982,8,2940,True,23616,23616,450.8256624551068
2941,ed14037b-c3ba-438a-8a5c-334351b29982,8,2941,True,23642,23642,448.3148187787774
2942,ed14037b-c3ba-438a-8a5c-334351b29982,8,2942,True,23678,23678,588.0082013771753
2943,ed14037b-c3ba-438a-8a5c-334351b29982,8,2943,True,23696,23696,544.0717593851841
2944,ed14037b-c3ba-438a-8a5c-334351b29982,8,2944,True,23727,23727,539.0082013771753
2945,ed14037b-c3ba-438a-8a5c-334351b29982,8,2945,True,23763,23763,477.0717593851841
2946,ed14037b-c3ba-438a-8a5c-334351b29982,8,2946,True,23785,23785,481.0082013771753
2947,ed14037b-c3ba-438a-8a5c-334351b29982,8,2947,True,23812,23812,330.9684561311951
2948,ed14037b-c3ba-438a-8a5c-334351b29982,8,2948,True,23839,23839,446.23945257878586
2949,ed14037b-c3ba-438a-8a5c-334351b29982,8,2949,True,23857,23857,305.31494841712265
2950,ed14037b-c3ba-438a-8a5c-334351b29982,8,2950,True,23879,23879,459.38394991179666
2951,ed14037b-c3ba-438a-8a5c-334351b29982,8,2951,True,23901,23901,456.4865029345601
2952,ed14037b-c3ba-438a-8a5c-334351b29982,8,2952,True,23915,23915,516.3600005079352
2953,ed14037b-c3ba-438a-8a5c-334351b29982,8,2953,True,23943,23943,466.1107729805299
2954,ed14037b-c3ba-438a-8a5c-334351b29982,8,2954,True,23964,23964,492.1680975009913
2955,ed14037b-c3ba-438a-8a5c-334351b29982,8,2955,True,23992,23992,567.7500582327157
2956,ed14037b-c3ba-438a-8a5c-334351b29982,8,2956,True,24022,24022,537.7500582327157
2957,ed14037b-c3ba-438a-8a5c-334351b29982,8,2957,True,24042,24042,547.5096107711615
2958,ed14037b-c3ba-438a-8a5c-334351b29982,8,2958,True,24067,24067,522.5096107711615
2959,ed14037b-c3ba-438a-8a5c-334351b29982,8,2959,True,24094,24094,465.7500582327157
2960,ed14037b-c3ba-438a-8a5c-334351b29982,8,2960,True,24118,24118,471.50961077116153
2961,ed14037b-c3ba-438a-8a5c-334351b29982,8,2961,True,24140,24140,449.50961077116153
2962,ed14037b-c3ba-438a-8a5c-334351b29982,8,2962,True,24169,24169,454.7686413353258
2963,ed14037b-c3ba-438a-8a5c-334351b29982,8,2963,True,24195,24195,394.50961077116153
2964,ed14037b-c3ba-438a-8a5c-334351b29982,8,2964,True,24214,24214,484.05295028459295
2965,ed14037b-c3ba-438a-8a5c-334351b29982,8,2965,True,24234,24234,440.0935542252955
2966,ed14037b-c3ba-438a-8a5c-334351b29982,8,2966,True,24260,24260,503.9026596413132
2967,ed14037b-c3ba-438a-8a5c-334351b29982,8,2967,True,24288,24288,475.9026596413132
2968,ed14037b-c3ba-438a-8a5c-334351b29982,8,2968,True,24306,24306,432.32540219293514
2969,ed14037b-c3ba-438a-8a5c-334351b29982,8,2969,True,24325,24325,438.9026596413132
2970,ed14037b-c3ba-438a-8a5c-334351b29982,8,2970,True,24348,24348,350.05295028459295
2971,ed14037b-c3ba-438a-8a5c-334351b29982,8,2971,True,24366,24366,468.7102422182397
2972,ed14037b-c3ba-438a-8a5c-334351b29982,8,2972,True,24397,24397,458.17639063240495
2973,ed14037b-c3ba-438a-8a5c-334351b29982,8,2973,True,24427,24427,471.1883356546932
2974,ed14037b-c3ba-438a-8a5c-334351b29982,8,2974,True,24449,24449,600.1724971787844
2975,ed14037b-c3ba-438a-8a5c-334351b29982,8,2975,True,24473,24473,543.8194600926472
2976,ed14037b-c3ba-438a-8a5c-334351b29982,8,2976,True,24494,24494,555.1724971787844
2977,ed14037b-c3ba-438a-8a5c-334351b29982,8,2977,True,24519,24519,530.1724971787844
2978,ed14037b-c3ba-438a-8a5c-334351b29982,8,2978,True,24535,24535,514.1724971787844
2979,ed14037b-c3ba-438a-8a5c-334351b29982,8,2979,True,24555,24555,494.1724971787844
2980,ed14037b-c3ba-438a-8a5c-334351b29982,8,2980,True,24575,24575,441.8194600926472
2981,ed14037b-c3ba-438a-8a5c-334351b29982,8,2981,True,24610,24610,406.8194600926472
2982,ed14037b-c3ba-438a-8a5c-334351b29982,8,2982,True,24633,24633,586.0785716560422
2983,ed14037b-c3ba-438a-8a5c-334351b29982,8,2983,True,24647,24647,369.8194600926472
2984,ed14037b-c3ba-438a-8a5c-334351b29982,8,2984,True,24674,24674,530.4432790368337
2985,ed14037b-c3ba-438a-8a5c-334351b29982,8,2985,True,24709,24709,528.0174829297102
2986,ed14037b-c3ba-438a-8a5c-334351b29982,8,2986,True,24737,24737,399.756150160596
2987,ed14037b-c3ba-438a-8a5c-334351b29982,8,2987,True,24762,24762,397.82521727308267
2988,ed14037b-c3ba-438a-8a5c-334351b29982,8,2988,True,24786,24786,331.62142693989153
2989,ed14037b-c3ba-438a-8a5c-334351b29982,8,2989,True,24808,24808,532.2517665536652
2990,ed14037b-c3ba-438a-8a5c-334351b29982,8,2990,True,24833,24833,571.585240295688
2991,ed14037b-c3ba-438a-8a5c-334351b29982,8,2991,True,24852,24852,307.82521727308267
2992,ed14037b-c3ba-438a-8a5c-334351b29982,8,2992,True,24880,24880,460.2517665536652
2993,ed14037b-c3ba-438a-8a5c-334351b29982,8,2993,True,24906,24906,498.585240295688
2994,ed14037b-c3ba-438a-8a5c-334351b29982,8,2994,True,24931,24931,453.4706753680184
2995,ed14037b-c3ba-438a-8a5c-334351b29982,8,2995,True,24956,24956,470.8785583119352
2996,ed14037b-c3ba-438a-8a5c-334351b29982,8,2996,True,24984,24984,474.28665010486293
2997,ed14037b-c3ba-438a-8a5c-334351b29982,8,2997,True,25001,25001,457.28665010486293
2998,ed14037b-c3ba-438a-8a5c-334351b29982,8,2998,True,25019,25019,439.28665010486293
2999,ed14037b-c3ba-438a-8a5c-334351b29982,8,2999,True,25044,25044,414.28665010486293
