{"clients": [{"6": {"client_id": 0, "slo": 312, "num_jobs": 5000, "throughput_qps": 33.59298005576918, "total_num_complete": 4710, "goodput_qps": 33.50026057790824, "total_num_tardy": 13, "median_tardiness_ms": 0.3102917748810796, "mean_tardiness_ms": 0.37835049157764356, "std_tardiness_ms": 0.24705667154380112, "median_latency_ms": 208.07270696439082, "mean_latency_ms": 208.92141480041704, "std_latency_ms": 54.39924634359669, "p99_latency_ms": 309.8838057612933, "total_num_dropped": 290, "drop_rate_qps": 2.0683575830516054}}, {"7": {"client_id": 1, "slo": 352, "num_jobs": 5000, "throughput_qps": 34.49651362324262, "total_num_complete": 4847, "goodput_qps": 34.46804528107366, "total_num_tardy": 4, "median_tardiness_ms": 0.596133929773714, "mean_tardiness_ms": 0.4792942367157593, "std_tardiness_ms": 0.25878887801872813, "median_latency_ms": 231.18296100004227, "mean_latency_ms": 231.3266466699562, "std_latency_ms": 56.934790090519236, "p99_latency_ms": 345.5036112829676, "total_num_dropped": 153, "drop_rate_qps": 1.0889140879628885}}, {"8": {"client_id": 2, "slo": 402, "num_jobs": 5000, "throughput_qps": 35.10363553751404, "total_num_complete": 4901, "goodput_qps": 35.07498535547975, "total_num_tardy": 4, "median_tardiness_ms": 0.8447048668713251, "mean_tardiness_ms": 0.9997446566758299, "std_tardiness_ms": 0.7527857641545525, "median_latency_ms": 255.58710364009312, "mean_latency_ms": 258.33789501719986, "std_latency_ms": 60.938529290028754, "p99_latency_ms": 392.3805302618057, "total_num_dropped": 99, "drop_rate_qps": 0.7090920053486818}}]}