,client_id,job_id,workflow_id,task_id,drop_time,create_time,arrival_time,slo,deadline
0,0,412,6,4,13335.70878471302,13082.40000000008,0,249,13331.40000000008
1,1,9042,7,4,130600.51267321272,130319.39999999173,0,281,130600.39999999173
