{"clients": [{"6": {"client_id": 0, "slo": 249, "num_jobs": 5000, "throughput_qps": 30.991226734479437, "total_num_complete": 4999, "goodput_qps": 30.991226734479437, "total_num_tardy": 0, "median_latency_ms": 96.03419028120697, "mean_latency_ms": 104.61320245671799, "std_latency_ms": 26.32838138389964, "p99_latency_ms": 185.39384795451443, "total_num_dropped": 1, "drop_rate_qps": 0.006199485243944676}}, {"7": {"client_id": 1, "slo": 281, "num_jobs": 5000, "throughput_qps": 30.979431933906067, "total_num_complete": 4999, "goodput_qps": 30.979431933906067, "total_num_tardy": 0, "median_latency_ms": 105.41795921318408, "mean_latency_ms": 114.99687931964753, "std_latency_ms": 28.423652562120335, "p99_latency_ms": 199.7773378011558, "total_num_dropped": 1, "drop_rate_qps": 0.006197125811943602}}, {"8": {"client_id": 2, "slo": 321, "num_jobs": 5000, "throughput_qps": 31.206526658588388, "total_num_complete": 5000, "goodput_qps": 31.206526658588388, "total_num_tardy": 0, "median_latency_ms": 121.35586339360452, "mean_latency_ms": 131.2082558510263, "std_latency_ms": 32.16534783702854, "p99_latency_ms": 225.5188330488167, "total_num_dropped": 0, "drop_rate_qps": 0.0}}]}