{"clients": [{"6": {"client_id": 0, "slo": 0, "num_jobs": 5000, "throughput_qps": 39.85418555808616, "total_num_complete": 5000, "goodput_qps": 0, "total_num_tardy": 5000, "median_tardiness_ms": 416.5647644282617, "mean_tardiness_ms": 416.3437373856452, "std_tardiness_ms": 70.77198566598221, "median_latency_ms": 416.5647644282617, "mean_latency_ms": 416.3437373856452, "std_latency_ms": 70.77198566598221, "p99_latency_ms": 583.4116756329873, "total_num_dropped": 0, "drop_rate_qps": 0.0}}, {"7": {"client_id": 1, "slo": 0, "num_jobs": 5000, "throughput_qps": 39.84824918842311, "total_num_complete": 5000, "goodput_qps": 0, "total_num_tardy": 5000, "median_tardiness_ms": 427.8685186225848, "mean_tardiness_ms": 428.4847413944534, "std_tardiness_ms": 71.10273745202447, "median_latency_ms": 427.8685186225848, "mean_latency_ms": 428.4847413944534, "std_latency_ms": 71.10273745202447, "p99_latency_ms": 594.7925179714011, "total_num_dropped": 0, "drop_rate_qps": 0.0}}, {"8": {"client_id": 2, "slo": 0, "num_jobs": 5000, "throughput_qps": 40.06829816606796, "total_num_complete": 5000, "goodput_qps": 0, "total_num_tardy": 5000, "median_tardiness_ms": 445.22216111636226, "mean_tardiness_ms": 447.3347153742585, "std_tardiness_ms": 69.67879208633518, "median_latency_ms": 445.22216111636226, "mean_latency_ms": 447.3347153742585, "std_latency_ms": 69.67879208633518, "p99_latency_ms": 616.1379505037091, "total_num_dropped": 0, "drop_rate_qps": 0.0}}]}