{"clients": [{"6": {"client_id": 0, "slo": 312, "num_jobs": 5000, "throughput_qps": 14.562395565112073, "total_num_complete": 1827, "goodput_qps": 14.40298236790231, "total_num_tardy": 20, "median_tardiness_ms": 0.3048440721577208, "mean_tardiness_ms": 0.2974645378678133, "std_tardiness_ms": 0.18179599799870044, "median_latency_ms": 274.79810485123016, "mean_latency_ms": 258.9353137938925, "std_latency_ms": 50.76403125984933, "p99_latency_ms": 312.0383233527147, "total_num_dropped": 3173, "drop_rate_qps": 25.29090373732929}}, {"7": {"client_id": 1, "slo": 352, "num_jobs": 5000, "throughput_qps": 16.65519856215137, "total_num_complete": 2090, "goodput_qps": 16.272686824838804, "total_num_tardy": 48, "median_tardiness_ms": 0.6098676714900648, "mean_tardiness_ms": 0.6148792287355226, "std_tardiness_ms": 0.46991477776798973, "median_latency_ms": 312.01113371169413, "mean_latency_ms": 292.63332275567126, "std_latency_ms": 56.46410186565702, "p99_latency_ms": 352.61751203089204, "total_num_dropped": 2910, "drop_rate_qps": 23.189774074574395}}, {"8": {"client_id": 2, "slo": 402, "num_jobs": 5000, "throughput_qps": 20.748591572114172, "total_num_complete": 2587, "goodput_qps": 20.307473467565938, "total_num_tardy": 55, "median_tardiness_ms": 1.3227611735637765, "mean_tardiness_ms": 1.5091896028248233, "std_tardiness_ms": 1.3013716472607708, "median_latency_ms": 354.75998276463906, "mean_latency_ms": 335.9007627832625, "std_latency_ms": 60.436244971037894, "p99_latency_ms": 403.340607984697, "total_num_dropped": 2413, "drop_rate_qps": 19.353054295907032}}]}