{"clients": [{"6": {"client_id": 0, "slo": 124, "num_jobs": 5000, "throughput_qps": 30.99779828879847, "total_num_complete": 5000, "goodput_qps": 30.706418984883765, "total_num_tardy": 47, "median_tardiness_ms": 8.26686980289719, "mean_tardiness_ms": 10.435217283221812, "std_tardiness_ms": 9.115342316296113, "median_latency_ms": 87.32639058602854, "mean_latency_ms": 88.99361634229543, "std_latency_ms": 10.296586832442651, "p99_latency_ms": 123.62672650224958, "total_num_dropped": 0, "drop_rate_qps": 0.0}}, {"7": {"client_id": 1, "slo": 140, "num_jobs": 5000, "throughput_qps": 30.98531711128585, "total_num_complete": 5000, "goodput_qps": 30.861375842840705, "total_num_tardy": 20, "median_tardiness_ms": 8.544708499627177, "mean_tardiness_ms": 8.83886647493705, "std_tardiness_ms": 7.54884670929422, "median_latency_ms": 95.57974999793805, "mean_latency_ms": 97.09150786779102, "std_latency_ms": 9.795482553967096, "p99_latency_ms": 127.46777558587104, "total_num_dropped": 0, "drop_rate_qps": 0.0}}, {"8": {"client_id": 2, "slo": 160, "num_jobs": 5000, "throughput_qps": 31.211654470256544, "total_num_complete": 5000, "goodput_qps": 31.118019506845773, "total_num_tardy": 15, "median_tardiness_ms": 10.764452611627348, "mean_tardiness_ms": 10.82569584674389, "std_tardiness_ms": 8.872821675411009, "median_latency_ms": 106.21950186309914, "mean_latency_ms": 107.91451547679245, "std_latency_ms": 10.826112145537051, "p99_latency_ms": 144.28652942488173, "total_num_dropped": 0, "drop_rate_qps": 0.0}}]}