{"clients": [{"6": {"client_id": 0, "slo": 124, "num_jobs": 5000, "throughput_qps": 22.488229687986877, "total_num_complete": 3153, "goodput_qps": 18.287288588645215, "total_num_tardy": 589, "median_tardiness_ms": 4.072961911151651, "mean_tardiness_ms": 6.369848025348117, "std_tardiness_ms": 10.475861365673914, "median_latency_ms": 113.91714279609732, "mean_latency_ms": 113.08536923602854, "std_latency_ms": 13.235797793479852, "p99_latency_ms": 139.05903515694578, "total_num_dropped": 1847, "drop_rate_qps": 13.173409525439824}}, {"7": {"client_id": 1, "slo": 140, "num_jobs": 5000, "throughput_qps": 26.639422723961566, "total_num_complete": 3743, "goodput_qps": 25.016716771232943, "total_num_tardy": 228, "median_tardiness_ms": 3.34138450359751, "mean_tardiness_ms": 7.881631516152008, "std_tardiness_ms": 13.826855217396945, "median_latency_ms": 122.16793749017233, "mean_latency_ms": 121.95135092191173, "std_latency_ms": 13.284713431021455, "p99_latency_ms": 151.05494267719914, "total_num_dropped": 1257, "drop_rate_qps": 8.946234134122278}}, {"8": {"client_id": 2, "slo": 160, "num_jobs": 5000, "throughput_qps": 26.5212422979351, "total_num_complete": 3698, "goodput_qps": 26.11245084012485, "total_num_tardy": 57, "median_tardiness_ms": 7.197738966420729, "mean_tardiness_ms": 20.704810009024975, "std_tardiness_ms": 26.296235881630498, "median_latency_ms": 133.71590502462095, "mean_latency_ms": 133.40953059620406, "std_latency_ms": 13.490694105897395, "p99_latency_ms": 163.46885361540822, "total_num_dropped": 1302, "drop_rate_qps": 9.337657509981476}}]}