{"clients": [{"6": {"client_id": 0, "slo": 124, "num_jobs": 1000, "throughput_qps": 24.039393782656642, "total_num_complete": 1000, "goodput_qps": 13.927100207593721, "total_num_tardy": 422, "median_tardiness_ms": 32.696947645788896, "mean_tardiness_ms": 46.38826215395419, "std_tardiness_ms": 42.681470292904244, "median_latency_ms": 115.8302723474917, "mean_latency_ms": 124.90324437429862, "std_latency_ms": 49.820608648848044, "p99_latency_ms": 286.0918628989652, "total_num_dropped": 0, "drop_rate_qps": 0.0}}, {"7": {"client_id": 1, "slo": 140, "num_jobs": 1000, "throughput_qps": 24.008721288289383, "total_num_complete": 1000, "goodput_qps": 20.62349158664058, "total_num_tardy": 141, "median_tardiness_ms": 31.489686099819664, "mean_tardiness_ms": 45.130649287232984, "std_tardiness_ms": 38.711611630891056, "median_latency_ms": 90.67819639365734, "mean_latency_ms": 104.71756343992556, "std_latency_ms": 39.647451351436445, "p99_latency_ms": 250.29997071071588, "total_num_dropped": 0, "drop_rate_qps": 0.0}}, {"8": {"client_id": 2, "slo": 160, "num_jobs": 1000, "throughput_qps": 23.881735164658366, "total_num_complete": 1000, "goodput_qps": 21.89955114599172, "total_num_tardy": 83, "median_tardiness_ms": 37.355879496250054, "mean_tardiness_ms": 46.09146229297829, "std_tardiness_ms": 40.921031577739, "median_latency_ms": 97.76237419902827, "mean_latency_ms": 109.8196753231505, "std_latency_ms": 36.12725732379393, "p99_latency_ms": 257.1806278113469, "total_num_dropped": 0, "drop_rate_qps": 0.0}}]}