{"clients": [{"6": {"client_id": 0, "slo": 0, "num_jobs": 5000, "throughput_qps": 33.413157689452305, "total_num_complete": 4685, "goodput_qps": 0, "total_num_tardy": 4685, "median_tardiness_ms": 141.9158155087789, "mean_tardiness_ms": 143.30147216042008, "std_tardiness_ms": 20.551600048540497, "median_latency_ms": 141.9158155087789, "mean_latency_ms": 143.30147216042008, "std_latency_ms": 20.551600048540497, "p99_latency_ms": 198.45182711025114, "total_num_dropped": 315, "drop_rate_qps": 2.2465623633249683}}, {"7": {"client_id": 1, "slo": 0, "num_jobs": 5000, "throughput_qps": 33.25060260662601, "total_num_complete": 4672, "goodput_qps": 0, "total_num_tardy": 4672, "median_tardiness_ms": 151.67193164707896, "mean_tardiness_ms": 153.13032502236652, "std_tardiness_ms": 21.24528614006819, "median_latency_ms": 151.67193164707896, "mean_latency_ms": 153.13032502236652, "std_latency_ms": 21.24528614006819, "p99_latency_ms": 208.98424458983132, "total_num_dropped": 328, "drop_rate_qps": 2.334374498067922}}, {"8": {"client_id": 2, "slo": 0, "num_jobs": 5000, "throughput_qps": 33.47030514393004, "total_num_complete": 4669, "goodput_qps": 0, "total_num_tardy": 4669, "median_tardiness_ms": 165.53941963303078, "mean_tardiness_ms": 167.33351030651932, "std_tardiness_ms": 21.4434067651027, "median_latency_ms": 165.53941963303078, "mean_latency_ms": 167.33351030651932, "std_latency_ms": 21.4434067651027, "p99_latency_ms": 224.1029683267392, "total_num_dropped": 331, "drop_rate_qps": 2.3728145218763856}}]}