{"clients": [{"6": {"client_id": 0, "slo": 124, "num_jobs": 5000, "throughput_qps": 32.19722922979613, "total_num_complete": 5000, "goodput_qps": 24.2636151313, "total_num_tardy": 4994, "median_tardiness_ms": 15456.252954763739, "mean_tardiness_ms": 15300.54031555846, "std_tardiness_ms": 8721.551453686294, "median_latency_ms": 15561.230347196164, "mean_latency_ms": 15406.142454124885, "std_latency_ms": 8732.463055293623, "p99_latency_ms": 30029.2617959274, "total_num_dropped": 0, "drop_rate_qps": 0.0}}, {"7": {"client_id": 1, "slo": 140, "num_jobs": 5000, "throughput_qps": 32.168919711792384, "total_num_complete": 5000, "goodput_qps": 26.005435998512038, "total_num_tardy": 4991, "median_tardiness_ms": 15419.68162963941, "mean_tardiness_ms": 15321.16336769219, "std_tardiness_ms": 8728.929443153798, "median_latency_ms": 15499.545131721046, "mean_latency_ms": 15433.524046567183, "std_latency_ms": 8745.324672110604, "p99_latency_ms": 30006.440545290912, "total_num_dropped": 0, "drop_rate_qps": 0.0}}, {"8": {"client_id": 2, "slo": 160, "num_jobs": 5000, "throughput_qps": 32.3953174159813, "total_num_complete": 5000, "goodput_qps": 27.94943462664685, "total_num_tardy": 4990, "median_tardiness_ms": 15323.7369313464, "mean_tardiness_ms": 15214.583565282206, "std_tardiness_ms": 8655.782494456886, "median_latency_ms": 15451.85953027274, "mean_latency_ms": 15344.087931322936, "std_latency_ms": 8673.914256858368, "p99_latency_ms": 29863.602993144294, "total_num_dropped": 0, "drop_rate_qps": 0.0}}]}