{"clients": [{"6": {"client_id": 0, "slo": 124, "num_jobs": 5000, "throughput_qps": 32.179244417644384, "total_num_complete": 5000, "goodput_qps": 22.268019746669587, "total_num_tardy": 4995, "median_tardiness_ms": 15478.787749398907, "mean_tardiness_ms": 15348.024612784702, "std_tardiness_ms": 8738.698241891329, "median_latency_ms": 15596.288523793723, "mean_latency_ms": 15456.641490174457, "std_latency_ms": 8747.850379386578, "p99_latency_ms": 30124.51067641944, "total_num_dropped": 0, "drop_rate_qps": 0.0}}, {"7": {"client_id": 1, "slo": 140, "num_jobs": 5000, "throughput_qps": 32.152424202957164, "total_num_complete": 5000, "goodput_qps": 27.061855341459683, "total_num_tardy": 4992, "median_tardiness_ms": 15516.847498621697, "mean_tardiness_ms": 15368.37021141191, "std_tardiness_ms": 8747.554418669493, "median_latency_ms": 15639.75901574162, "mean_latency_ms": 15483.736835521122, "std_latency_ms": 8762.187093822751, "p99_latency_ms": 30107.999040736035, "total_num_dropped": 0, "drop_rate_qps": 0.0}}, {"8": {"client_id": 2, "slo": 160, "num_jobs": 5000, "throughput_qps": 32.377229166216104, "total_num_complete": 5000, "goodput_qps": 23.539532461105484, "total_num_tardy": 4991, "median_tardiness_ms": 15437.971187786898, "mean_tardiness_ms": 15265.223278029567, "std_tardiness_ms": 8675.189404750854, "median_latency_ms": 15582.608602559107, "mean_latency_ms": 15397.696298451192, "std_latency_ms": 8691.58513219216, "p99_latency_ms": 29929.18654978676, "total_num_dropped": 0, "drop_rate_qps": 0.0}}]}