{"clients": [{"6": {"client_id": 0, "slo": 312, "num_jobs": 5000, "throughput_qps": 39.85243284210509, "total_num_complete": 5000, "goodput_qps": 2.3991164570947263, "total_num_tardy": 4699, "median_tardiness_ms": 103.04523224240256, "mean_tardiness_ms": 109.75098979250198, "std_tardiness_ms": 62.25763624156931, "median_latency_ms": 410.9645279034553, "mean_latency_ms": 412.2447076982027, "std_latency_ms": 72.55521749513142, "p99_latency_ms": 588.4783937659047, "total_num_dropped": 0, "drop_rate_qps": 0.0}}, {"7": {"client_id": 1, "slo": 352, "num_jobs": 5000, "throughput_qps": 39.847850238884746, "total_num_complete": 5000, "goodput_qps": 5.339611932010555, "total_num_tardy": 4330, "median_tardiness_ms": 87.71698664575524, "mean_tardiness_ms": 96.68114606267665, "std_tardiness_ms": 63.04767397846933, "median_latency_ms": 426.5586660233239, "mean_latency_ms": 430.27239678525217, "std_latency_ms": 77.4732471381801, "p99_latency_ms": 626.8951119933188, "total_num_dropped": 0, "drop_rate_qps": 0.0}}, {"8": {"client_id": 2, "slo": 402, "num_jobs": 5000, "throughput_qps": 40.067405362713465, "total_num_complete": 5000, "goodput_qps": 9.07680359645935, "total_num_tardy": 3872, "median_tardiness_ms": 75.54830255173874, "mean_tardiness_ms": 87.02627729214531, "std_tardiness_ms": 62.092087681207694, "median_latency_ms": 456.8369730989725, "mean_latency_ms": 460.25236728323836, "std_latency_ms": 78.53324539484275, "p99_latency_ms": 677.5038691281452, "total_num_dropped": 0, "drop_rate_qps": 0.0}}]}