{"clients": [{"6": {"client_id": 0, "slo": 124, "num_jobs": 5000, "throughput_qps": 0.8129905496862749, "total_num_complete": 102, "goodput_qps": 0.7173446026643601, "total_num_tardy": 12, "median_tardiness_ms": 2.305085447987949, "mean_tardiness_ms": 1.9446441543858934, "std_tardiness_ms": 0.7856439390201118, "median_latency_ms": 112.60222912242898, "mean_latency_ms": 109.63628441746286, "std_latency_ms": 13.582359720746563, "p99_latency_ms": 126.73224689412169, "total_num_dropped": 4898, "drop_rate_qps": 39.039487376111516}}, {"7": {"client_id": 1, "slo": 140, "num_jobs": 5000, "throughput_qps": 1.3944833497039026, "total_num_complete": 175, "goodput_qps": 1.1952714426033453, "total_num_tardy": 25, "median_tardiness_ms": 1.7420541218816652, "mean_tardiness_ms": 1.7535119456396024, "std_tardiness_ms": 0.8970625235800951, "median_latency_ms": 130.95624320203206, "mean_latency_ms": 126.61511014124395, "std_latency_ms": 14.336903387123982, "p99_latency_ms": 143.06075541255908, "total_num_dropped": 4825, "drop_rate_qps": 38.447898070407604}}, {"8": {"client_id": 2, "slo": 160, "num_jobs": 5000, "throughput_qps": 1.4477806181947224, "total_num_complete": 179, "goodput_qps": 1.2470735091596197, "total_num_tardy": 26, "median_tardiness_ms": 1.7126831773712183, "mean_tardiness_ms": 1.9986603805602778, "std_tardiness_ms": 1.523499791159497, "median_latency_ms": 153.14602869049395, "mean_latency_ms": 149.60657281426438, "std_latency_ms": 10.846847075219475, "p99_latency_ms": 164.4644199618588, "total_num_dropped": 4821, "drop_rate_qps": 38.99301877271931}}]}