{"clients": [{"6": {"client_id": 0, "slo": 0, "num_jobs": 5000, "throughput_qps": 39.85193775584265, "total_num_complete": 5000, "goodput_qps": 0, "total_num_tardy": 5000, "median_tardiness_ms": 419.65243057096086, "mean_tardiness_ms": 420.16699974718273, "std_tardiness_ms": 71.4300265349505, "median_latency_ms": 419.65243057096086, "mean_latency_ms": 420.16699974718273, "std_latency_ms": 71.4300265349505, "p99_latency_ms": 595.2241450709345, "total_num_dropped": 0, "drop_rate_qps": 0.0}}, {"7": {"client_id": 1, "slo": 0, "num_jobs": 5000, "throughput_qps": 39.8486558442514, "total_num_complete": 5000, "goodput_qps": 0, "total_num_tardy": 5000, "median_tardiness_ms": 431.46644990789355, "mean_tardiness_ms": 432.1900013525612, "std_tardiness_ms": 72.01930572201753, "median_latency_ms": 431.46644990789355, "mean_latency_ms": 432.1900013525612, "std_latency_ms": 72.01930572201753, "p99_latency_ms": 600.37776305501, "total_num_dropped": 0, "drop_rate_qps": 0.0}}, {"8": {"client_id": 2, "slo": 0, "num_jobs": 5000, "throughput_qps": 40.051656465015036, "total_num_complete": 5000, "goodput_qps": 0, "total_num_tardy": 5000, "median_tardiness_ms": 446.47750279407774, "mean_tardiness_ms": 447.7244247974878, "std_tardiness_ms": 68.46860037121014, "median_latency_ms": 446.47750279407774, "mean_latency_ms": 447.7244247974878, "std_latency_ms": 68.46860037121014, "p99_latency_ms": 617.2046567043101, "total_num_dropped": 0, "drop_rate_qps": 0.0}}]}