{"clients": [{"6": {"client_id": 0, "slo": 124, "num_jobs": 5000, "throughput_qps": 30.99649260760655, "total_num_complete": 5000, "goodput_qps": 23.52013859065185, "total_num_tardy": 1206, "median_tardiness_ms": 16.368014156275876, "mean_tardiness_ms": 22.106552800389448, "std_tardiness_ms": 22.4489932180597, "median_latency_ms": 96.89994904328341, "mean_latency_ms": 106.11286148667489, "std_latency_ms": 28.025196314577727, "p99_latency_ms": 194.45879540899554, "total_num_dropped": 0, "drop_rate_qps": 0.0}}, {"7": {"client_id": 1, "slo": 140, "num_jobs": 5000, "throughput_qps": 30.984096974406157, "total_num_complete": 5000, "goodput_qps": 25.543289545700432, "total_num_tardy": 878, "median_tardiness_ms": 16.588810773100704, "mean_tardiness_ms": 22.23299129900633, "std_tardiness_ms": 22.366237535880586, "median_latency_ms": 105.15345068747047, "mean_latency_ms": 114.5730490329367, "std_latency_ms": 28.240126128714067, "p99_latency_ms": 203.06792909775774, "total_num_dropped": 0, "drop_rate_qps": 0.0}}, {"8": {"client_id": 2, "slo": 160, "num_jobs": 5000, "throughput_qps": 31.197942868777677, "total_num_complete": 5000, "goodput_qps": 26.980335716431412, "total_num_tardy": 678, "median_tardiness_ms": 17.097212636086624, "mean_tardiness_ms": 23.275164978327858, "std_tardiness_ms": 23.129045075947307, "median_latency_ms": 119.9517334958291, "mean_latency_ms": 127.94841189881075, "std_latency_ms": 29.404127336005025, "p99_latency_ms": 218.90060077218664, "total_num_dropped": 0, "drop_rate_qps": 0.0}}]}